DateTime,Open,High,Low,Close,Tick_Volume,Spread,Real_Volume
2025-10-09 14:00:00,222.8,223.32,221.73,222.54,5229.0,5,0.0
2025-10-09 15:00:00,222.53,224.32,222.45,223.93,3876.0,5,0.0
2025-10-09 16:00:00,223.94,224.47,223.55,223.86,3413.0,5,0.0
2025-10-09 17:00:00,223.84,225.15,223.44,225.12,3283.0,5,0.0
2025-10-09 18:00:00,225.11,226.82,224.82,226.81,4069.0,5,0.0
2025-10-09 19:00:00,226.81,227.27,226.36,227.25,2875.0,5,0.0
2025-10-10 10:00:00,226.21,226.8,226.17,226.78,227.0,34,0.0
2025-10-10 11:00:00,226.8,227.05,226.77,226.8,254.0,34,0.0
2025-10-10 12:00:00,226.8,227.11,226.71,226.82,302.0,22,0.0
2025-10-10 13:00:00,226.82,228.22,225.59,227.0,3668.0,5,0.0
2025-10-10 14:00:00,227.01,227.34,224.76,225.24,6671.0,5,0.0
2025-10-10 15:00:00,225.22,225.22,218.94,221.05,23794.0,5,0.0
2025-10-10 16:00:00,221.04,221.04,218.13,218.24,11577.0,5,0.0
2025-10-10 17:00:00,218.23,219.63,217.59,218.89,8377.0,5,0.0
2025-10-10 18:00:00,218.91,219.6,217.89,218.24,6269.0,5,0.0
2025-10-10 19:00:00,218.22,218.65,217.0,217.78,4701.0,5,0.0
2025-10-13 10:00:00,220.51,220.85,220.2,220.71,310.0,34,0.0
2025-10-13 11:00:00,220.69,220.69,218.43,219.06,810.0,34,0.0
2025-10-13 12:00:00,219.03,219.14,217.46,217.83,744.0,34,0.0
2025-10-13 13:00:00,217.83,219.98,216.93,219.89,3641.0,5,0.0
2025-10-13 14:00:00,219.88,220.52,218.64,219.06,7136.0,5,0.0
2025-10-13 15:00:00,219.07,220.5,218.76,220.38,4068.0,5,0.0
2025-10-13 16:00:00,220.38,220.64,219.85,220.5,3286.0,5,0.0
2025-10-13 17:00:00,220.5,220.56,219.67,219.99,2310.0,5,0.0
2025-10-13 18:00:00,219.99,220.6,219.95,220.13,2107.0,5,0.0
2025-10-13 19:00:00,220.14,220.54,219.77,220.27,2016.0,5,0.0
2025-10-14 10:00:00,217.38,217.41,215.29,215.87,512.0,34,0.0
2025-10-14 11:00:00,215.89,217.3,215.89,217.2,562.0,34,0.0
2025-10-14 12:00:00,217.19,217.24,216.41,216.8,482.0,34,0.0
2025-10-14 13:00:00,216.78,217.05,212.56,214.96,4443.0,11,0.0
2025-10-14 14:00:00,214.98,216.89,214.81,216.11,4903.0,5,0.0
2025-10-14 15:00:00,216.11,218.19,216.11,217.76,5146.0,5,0.0
2025-10-14 16:00:00,217.77,219.29,217.01,218.64,3807.0,5,0.0
2025-10-14 17:00:00,218.62,219.03,217.23,217.29,3812.0,5,0.0
2025-10-14 18:00:00,217.29,217.6,216.8,217.37,2988.0,5,0.0
2025-10-14 19:00:00,217.38,217.71,215.54,215.72,2829.0,5,0.0
2025-10-15 10:00:00,217.7,217.9,217.56,217.83,202.0,34,0.0
2025-10-15 11:00:00,217.78,217.84,217.46,217.66,294.0,34,0.0
2025-10-15 12:00:00,217.66,218.1,217.5,217.8,357.0,34,0.0
2025-10-15 13:00:00,217.79,218.04,215.85,216.9,3283.0,5,0.0
2025-10-15 14:00:00,216.9,217.25,215.13,216.6,5917.0,5,0.0
2025-10-15 15:00:00,216.62,216.68,214.13,214.8,4803.0,5,0.0
2025-10-15 16:00:00,214.8,215.68,214.68,214.96,3731.0,5,0.0
2025-10-15 17:00:00,214.96,215.0,212.63,214.7,5561.0,5,0.0
2025-10-15 18:00:00,214.71,215.24,214.36,215.05,3082.0,5,0.0
2025-10-15 19:00:00,215.06,215.33,214.58,215.24,2090.0,5,0.0
2025-10-16 10:00:00,216.06,216.32,215.87,215.97,235.0,34,0.0
2025-10-16 11:00:00,215.97,216.22,215.88,216.11,258.0,34,0.0
2025-10-16 12:00:00,216.09,216.29,215.81,216.2,296.0,22,0.0
2025-10-16 13:00:00,216.2,218.54,215.13,218.11,3259.0,5,0.0
2025-10-16 14:00:00,218.12,218.5,217.06,217.5,5422.0,5,0.0
2025-10-16 15:00:00,217.52,217.85,216.17,216.56,6037.0,5,0.0
2025-10-16 16:00:00,216.56,216.7,213.84,215.54,7716.0,5,0.0
2025-10-16 17:00:00,215.55,215.83,214.25,214.61,7474.0,5,0.0
2025-10-16 18:00:00,214.6,214.72,212.8,214.51,7592.0,5,0.0
2025-10-16 19:00:00,214.5,214.85,213.6,213.97,4600.0,5,0.0
2025-10-17 10:00:00,212.6,213.09,211.63,212.53,610.0,34,0.0
2025-10-17 11:00:00,212.59,214.22,212.42,213.56,730.0,34,0.0
2025-10-17 12:00:00,213.49,214.6,213.21,214.0,634.0,34,0.0
2025-10-17 13:00:00,214.06,214.61,212.59,213.55,3343.0,5,0.0
2025-10-17 14:00:00,213.54,214.6,211.6,211.69,6429.0,5,0.0
2025-10-17 15:00:00,211.68,212.63,210.98,212.09,5014.0,5,0.0
2025-10-17 16:00:00,212.1,213.25,212.06,212.71,4244.0,5,0.0
2025-10-17 17:00:00,212.71,213.01,212.04,212.86,3822.0,5,0.0
2025-10-17 18:00:00,212.86,213.76,212.86,213.15,2929.0,5,0.0
2025-10-17 19:00:00,213.14,213.58,212.85,212.96,2159.0,5,0.0
2025-10-20 10:00:00,212.6,213.43,212.17,212.46,617.0,34,0.0
2025-10-20 11:00:00,212.44,213.4,212.44,212.94,458.0,34,0.0
2025-10-20 12:00:00,212.92,213.66,212.82,213.52,379.0,34,0.0
2025-10-20 13:00:00,213.52,214.99,213.47,214.59,3188.0,5,0.0
2025-10-20 14:00:00,214.62,215.63,214.52,215.46,4859.0,5,0.0
2025-10-20 15:00:00,215.47,215.55,214.47,214.59,3858.0,5,0.0
2025-10-20 16:00:00,214.58,215.01,214.5,214.79,2365.0,5,0.0
2025-10-20 17:00:00,214.79,216.01,214.75,215.64,2104.0,5,0.0
2025-10-20 18:00:00,215.66,216.32,215.63,216.18,1956.0,5,0.0
2025-10-20 19:00:00,216.18,216.58,215.95,216.28,1873.0,5,0.0
2025-10-21 10:00:00,217.14,217.34,216.96,217.29,184.0,34,0.0
2025-10-21 11:00:00,217.29,217.29,216.75,217.24,293.0,34,0.0
2025-10-21 12:00:00,217.24,218.28,217.23,217.79,518.0,22,0.0
2025-10-21 13:00:00,217.8,220.77,217.78,220.77,3489.0,5,0.0
2025-10-21 14:00:00,220.8,222.21,220.34,221.18,6408.0,5,0.0
2025-10-21 15:00:00,221.21,222.57,220.9,222.34,4620.0,5,0.0
2025-10-21 16:00:00,222.33,223.29,222.05,222.18,4223.0,5,0.0
2025-10-21 17:00:00,222.17,222.27,221.13,222.15,3862.0,5,0.0
2025-10-21 18:00:00,222.14,223.11,221.97,222.89,2167.0,5,0.0
2025-10-21 19:00:00,222.89,222.99,222.01,222.27,1893.0,5,0.0
2025-10-22 10:00:00,219.56,220.23,219.43,220.03,334.0,34,0.0
2025-10-22 11:00:00,220.08,220.77,218.9,218.96,665.0,34,0.0
2025-10-22 12:00:00,218.94,219.43,218.76,219.12,440.0,34,0.0
2025-10-22 13:00:00,219.12,219.8,218.01,218.75,2902.0,5,0.0
2025-10-22 14:00:00,218.71,218.83,216.9,218.49,6191.0,5,0.0
2025-10-22 15:00:00,218.49,219.73,217.77,219.4,4147.0,5,0.0
2025-10-22 16:00:00,219.4,219.46,217.45,218.32,4014.0,5,0.0
2025-10-22 17:00:00,218.33,218.44,216.5,216.96,4243.0,5,0.0
2025-10-22 18:00:00,216.96,217.58,216.6,217.36,4052.0,5,0.0
2025-10-22 19:00:00,217.35,218.35,217.01,217.89,2782.0,5,0.0
2025-10-23 10:00:00,219.02,219.23,218.42,218.65,216.0,34,0.0
2025-10-23 11:00:00,218.63,218.76,218.2,218.61,357.0,34,0.0
2025-10-23 12:00:00,218.6,219.0,218.07,219.0,335.0,34,0.0
2025-10-23 13:00:00,218.98,220.73,218.03,220.51,2724.0,5,0.0
2025-10-23 14:00:00,220.52,220.62,219.1,220.4,4556.0,5,0.0
2025-10-23 15:00:00,220.4,220.42,219.38,219.94,3546.0,5,0.0
2025-10-23 16:00:00,219.94,220.53,219.91,220.23,2156.0,5,0.0
2025-10-23 17:00:00,220.23,220.68,219.68,220.68,2685.0,5,0.0
2025-10-23 18:00:00,220.67,220.68,220.14,220.51,1904.0,5,0.0
2025-10-23 19:00:00,220.52,221.24,220.35,221.05,1796.0,5,0.0
2025-10-24 10:00:00,220.98,220.99,220.19,220.21,414.0,22,0.0
2025-10-24 11:00:00,220.23,220.61,220.23,220.44,275.0,34,0.0
2025-10-24 12:00:00,220.46,221.97,220.16,221.5,931.0,22,0.0
2025-10-24 13:00:00,221.47,224.04,221.32,223.6,2787.0,5,0.0
2025-10-24 14:00:00,223.59,224.61,222.84,223.12,5136.0,5,0.0
2025-10-24 15:00:00,223.13,224.55,222.92,224.36,3687.0,5,0.0
2025-10-24 16:00:00,224.36,225.24,224.19,224.99,3172.0,5,0.0
2025-10-24 17:00:00,224.99,225.37,224.66,224.86,2237.0,5,0.0
2025-10-24 18:00:00,224.84,225.05,224.46,224.63,2005.0,5,0.0
2025-10-24 19:00:00,224.64,224.65,224.06,224.28,2052.0,5,0.0
2025-10-27 10:00:00,228.52,228.82,228.32,228.49,354.0,22,0.0
2025-10-27 11:00:00,228.5,228.69,227.89,228.08,429.0,22,0.0
2025-10-27 12:00:00,228.07,228.33,227.95,228.18,423.0,22,0.0
2025-10-27 13:00:00,228.14,228.22,226.44,227.77,2436.0,11,0.0
2025-10-27 14:00:00,227.77,228.32,226.72,226.82,3003.0,5,0.0
2025-10-27 15:00:00,226.81,227.17,226.6,227.06,2312.0,5,0.0
2025-10-27 16:00:00,227.06,227.9,226.98,227.69,2202.0,5,0.0
2025-10-27 17:00:00,227.68,227.89,227.28,227.66,1675.0,5,0.0
2025-10-27 18:00:00,227.65,227.93,225.51,226.65,3335.0,5,0.0
2025-10-27 19:00:00,226.65,227.02,226.39,226.7,2289.0,5,0.0
2025-10-28 10:00:00,228.35,228.57,227.93,228.05,473.0,34,0.0
2025-10-28 11:00:00,228.08,228.99,227.78,228.53,562.0,34,0.0
2025-10-28 12:00:00,228.53,228.7,228.04,228.26,414.0,22,0.0
2025-10-28 13:00:00,228.27,228.41,226.8,227.5,2976.0,11,0.0
2025-10-28 14:00:00,227.53,227.85,226.2,227.16,4347.0,5,0.0
2025-10-28 15:00:00,227.17,228.08,227.02,228.08,3564.0,5,0.0
2025-10-28 16:00:00,228.08,229.47,228.08,229.12,4187.0,5,0.0
2025-10-28 17:00:00,229.12,231.46,229.03,230.71,4387.0,5,0.0
2025-10-28 18:00:00,230.71,230.75,229.37,230.34,3134.0,5,0.0
2025-10-28 19:00:00,230.33,230.5,229.02,229.18,2422.0,5,0.0
2025-10-29 10:00:00,229.04,229.39,228.66,228.69,348.0,22,0.0
2025-10-29 11:00:00,228.79,229.55,228.73,229.24,512.0,34,0.0
2025-10-29 12:00:00,229.26,233.77,228.68,232.41,1578.0,34,0.0
2025-10-29 13:00:00,232.38,232.61,228.9,229.07,3809.0,11,0.0
2025-10-29 14:00:00,229.05,230.4,227.72,230.31,5730.0,5,0.0
2025-10-29 15:00:00,230.31,231.56,229.66,231.42,4905.0,5,0.0
2025-10-29 16:00:00,231.4,231.57,230.82,230.91,3236.0,5,0.0
2025-10-29 17:00:00,230.91,231.04,229.68,229.91,3208.0,5,0.0
2025-10-29 18:00:00,229.92,230.12,228.07,229.47,7070.0,5,0.0
2025-10-29 19:00:00,229.48,229.61,228.3,229.32,7593.0,5,0.0
2025-10-30 10:00:00,228.19,228.77,227.98,228.57,384.0,34,0.0
2025-10-30 11:00:00,228.59,229.4,228.38,228.57,552.0,34,0.0
2025-10-30 12:00:00,228.57,228.57,226.41,226.95,928.0,34,0.0
2025-10-30 13:00:00,226.95,227.68,223.84,226.76,5136.0,5,0.0
2025-10-30 14:00:00,226.79,227.93,226.38,227.38,7594.0,5,0.0
2025-10-30 15:00:00,227.39,228.37,226.28,226.33,5708.0,5,0.0
2025-10-30 16:00:00,226.33,227.03,225.26,225.97,6174.0,5,0.0
2025-10-30 17:00:00,225.97,226.04,224.5,225.29,5059.0,5,0.0
2025-10-30 18:00:00,225.3,225.9,224.48,225.05,4702.0,5,0.0
2025-10-30 19:00:00,225.05,225.42,223.05,223.05,5585.0,5,0.0
2025-10-31 10:00:00,250.86,251.73,250.78,251.06,921.0,34,0.0
2025-10-31 11:00:00,251.06,251.43,249.47,250.18,1513.0,34,0.0
2025-10-31 12:00:00,250.22,253.25,249.45,252.07,2949.0,34,0.0
2025-10-31 13:00:00,252.09,253.72,246.81,248.57,13968.0,11,0.0
2025-10-31 14:00:00,248.59,248.84,245.09,246.56,13031.0,11,0.0
2025-10-31 15:00:00,246.54,248.77,245.56,246.93,7836.0,11,0.0
2025-10-31 16:00:00,246.92,247.0,244.89,245.86,5749.0,11,0.0
2025-10-31 17:00:00,245.84,246.9,244.93,246.44,4054.0,5,0.0
2025-10-31 18:00:00,246.44,247.88,246.33,246.89,4276.0,5,0.0
2025-10-31 19:00:00,246.89,247.47,245.97,246.8,4328.0,5,0.0
2025-11-03 11:00:00,244.73,245.26,244.73,244.98,272.0,34,0.0
2025-11-03 12:00:00,244.93,245.24,244.66,245.08,377.0,34,0.0
2025-11-03 13:00:00,245.01,249.05,244.79,248.32,788.0,22,0.0
2025-11-03 14:00:00,248.34,258.77,248.2,255.34,12958.0,11,0.0
2025-11-03 15:00:00,255.36,257.38,254.57,255.06,7806.0,11,0.0
2025-11-03 16:00:00,255.08,256.46,253.88,255.95,5443.0,11,0.0
2025-11-03 17:00:00,255.97,256.62,255.12,255.94,3588.0,5,0.0
2025-11-03 18:00:00,255.96,257.1,255.44,255.44,2994.0,5,0.0
2025-11-03 19:00:00,255.46,255.97,254.68,255.6,3469.0,5,0.0
2025-11-03 20:00:00,255.63,255.96,254.02,254.77,2763.0,5,0.0
2025-11-04 11:00:00,250.13,250.82,249.98,250.6,403.0,34,0.0
2025-11-04 12:00:00,250.66,250.78,248.87,249.42,705.0,34,0.0
2025-11-04 13:00:00,249.41,249.67,248.63,248.8,673.0,34,0.0
2025-11-04 14:00:00,248.79,255.07,248.4,254.98,5136.0,11,0.0
2025-11-04 15:00:00,255.04,255.37,251.83,252.57,5661.0,5,0.0
2025-11-04 16:00:00,252.56,253.08,251.3,251.66,4166.0,5,0.0
2025-11-04 17:00:00,251.66,251.79,250.11,250.4,4449.0,5,0.0
2025-11-04 18:00:00,250.4,250.64,249.32,250.0,4672.0,5,0.0
2025-11-04 19:00:00,249.99,250.28,249.0,249.28,5139.0,5,0.0
2025-11-04 20:00:00,249.28,250.04,248.81,249.96,4178.0,5,0.0
2025-11-05 11:00:00,247.96,248.39,247.83,248.05,362.0,34,0.0
2025-11-05 12:00:00,247.98,248.79,247.91,248.76,316.0,34,0.0
2025-11-05 13:00:00,248.8,249.27,248.41,248.88,538.0,34,0.0
2025-11-05 14:00:00,248.88,249.06,245.99,248.07,3610.0,11,0.0
2025-11-05 15:00:00,248.11,249.18,247.34,248.23,5452.0,5,0.0
2025-11-05 16:00:00,248.24,249.58,247.66,249.3,4617.0,5,0.0
2025-11-05 17:00:00,249.31,250.93,248.78,250.53,3392.0,5,0.0
2025-11-05 18:00:00,250.53,250.7,249.57,249.77,2903.0,5,0.0
2025-11-05 19:00:00,249.75,249.75,248.75,249.05,3036.0,5,0.0
2025-11-05 20:00:00,249.04,249.5,248.37,248.71,2806.0,5,0.0
2025-11-06 11:00:00,249.99,250.19,249.4,249.68,270.0,34,0.0
2025-11-06 12:00:00,249.7,250.21,249.53,250.05,268.0,34,0.0
2025-11-06 13:00:00,250.01,250.67,249.88,250.06,341.0,34,0.0
2025-11-06 14:00:00,249.96,250.19,247.86,247.9,3801.0,11,0.0
2025-11-06 15:00:00,247.89,248.11,243.36,244.05,7272.0,5,0.0
2025-11-06 16:00:00,244.06,244.43,242.13,242.34,6867.0,5,0.0
2025-11-06 17:00:00,242.36,244.69,242.35,244.47,5858.0,5,0.0
2025-11-06 18:00:00,244.47,244.75,243.36,244.22,5341.0,5,0.0
2025-11-06 19:00:00,244.23,245.51,244.09,245.22,4526.0,5,0.0
2025-11-06 20:00:00,245.23,245.29,243.9,244.18,4451.0,5,0.0
2025-11-07 11:00:00,242.41,242.41,240.94,242.14,607.0,34,0.0
2025-11-07 12:00:00,242.19,242.42,240.88,241.09,471.0,34,0.0
2025-11-07 13:00:00,241.06,241.5,240.26,241.06,643.0,34,0.0
2025-11-07 14:00:00,241.13,243.08,239.26,240.58,4391.0,11,0.0
2025-11-07 15:00:00,240.6,241.25,239.09,239.75,6884.0,5,0.0
2025-11-07 16:00:00,239.73,240.21,238.71,238.88,7214.0,5,0.0
2025-11-07 17:00:00,238.86,240.22,238.47,240.09,5436.0,5,0.0
2025-11-07 18:00:00,240.1,241.02,239.91,240.71,4467.0,5,0.0
2025-11-07 19:00:00,240.69,243.59,240.57,243.54,4644.0,5,0.0
2025-11-07 20:00:00,243.53,244.84,242.82,244.75,5173.0,5,0.0
2025-11-10 11:00:00,247.19,247.8,246.95,247.78,219.0,34,0.0
2025-11-10 12:00:00,247.74,247.78,246.7,247.77,418.0,34,0.0
2025-11-10 13:00:00,247.77,248.11,247.66,248.04,385.0,34,0.0
2025-11-10 14:00:00,248.04,251.68,247.72,249.79,3476.0,11,0.0
2025-11-10 15:00:00,249.77,249.9,246.21,246.44,4389.0,5,0.0
2025-11-10 16:00:00,246.42,246.93,245.56,246.88,5349.0,5,0.0
2025-11-10 17:00:00,246.88,248.39,246.36,248.34,3692.0,5,0.0
2025-11-10 18:00:00,248.35,248.92,248.33,248.56,2928.0,5,0.0
2025-11-10 19:00:00,248.55,248.89,248.42,248.55,2541.0,5,0.0
2025-11-10 20:00:00,248.54,249.1,247.87,248.8,2747.0,5,0.0
2025-11-11 11:00:00,247.77,248.05,247.59,247.73,195.0,34,0.0
2025-11-11 12:00:00,247.77,248.29,247.41,247.55,286.0,34,0.0
2025-11-11 13:00:00,247.55,247.84,247.29,247.35,227.0,34,0.0
2025-11-11 14:00:00,247.35,249.27,247.27,249.25,2419.0,11,0.0
2025-11-11 15:00:00,249.24,249.54,247.55,248.03,3812.0,11,0.0
2025-11-11 16:00:00,248.04,248.88,247.18,247.73,2999.0,5,0.0
2025-11-11 17:00:00,247.72,248.73,247.65,248.59,2528.0,5,0.0
2025-11-11 18:00:00,248.57,249.7,248.57,249.57,2385.0,5,0.0
2025-11-11 19:00:00,249.56,249.58,248.97,249.05,1929.0,5,0.0
2025-11-11 20:00:00,249.04,249.4,248.77,249.02,1784.0,5,0.0
2025-11-12 11:00:00,249.94,250.01,249.36,249.81,139.0,34,0.0
2025-11-12 12:00:00,249.72,250.57,249.68,250.34,287.0,34,0.0
2025-11-12 13:00:00,250.4,252.28,250.31,251.13,591.0,34,0.0
2025-11-12 14:00:00,251.11,251.24,247.46,247.84,2724.0,11,0.0
2025-11-12 15:00:00,247.82,248.31,244.44,244.78,5073.0,5,0.0
2025-11-12 16:00:00,244.77,245.66,243.89,244.74,3479.0,5,0.0
2025-11-12 17:00:00,244.77,246.09,244.57,246.06,2576.0,5,0.0
2025-11-12 18:00:00,246.08,246.25,245.06,245.56,2286.0,5,0.0
2025-11-12 19:00:00,245.56,245.82,244.74,245.05,2827.0,5,0.0
2025-11-12 20:00:00,245.02,245.3,244.41,244.95,2761.0,5,0.0
2025-11-13 11:00:00,244.05,244.38,243.6,244.05,179.0,34,0.0
2025-11-13 12:00:00,244.11,244.61,243.48,243.82,342.0,34,0.0
2025-11-13 13:00:00,243.77,243.86,242.86,242.98,412.0,34,0.0
2025-11-13 14:00:00,242.89,243.55,240.68,242.12,3251.0,11,0.0
2025-11-13 15:00:00,242.12,243.2,240.12,240.89,5378.0,5,0.0
2025-11-13 16:00:00,240.87,241.21,238.93,239.5,5241.0,5,0.0
2025-11-13 17:00:00,239.45,239.96,238.21,238.39,6544.0,5,0.0
2025-11-13 18:00:00,238.42,239.14,237.76,238.72,6145.0,5,0.0
2025-11-13 19:00:00,238.74,239.16,237.41,237.89,6217.0,5,0.0
2025-11-13 20:00:00,237.87,238.88,237.61,238.83,5901.0,5,0.0
2025-11-14 11:00:00,236.27,236.27,233.99,234.75,622.0,34,0.0
2025-11-14 12:00:00,234.72,234.94,232.51,233.11,1118.0,34,0.0
2025-11-14 13:00:00,233.13,233.8,232.61,232.95,888.0,34,0.0
2025-11-14 14:00:00,232.95,236.02,232.76,235.36,4443.0,11,0.0
2025-11-14 15:00:00,235.35,238.4,234.82,237.81,5689.0,5,0.0
2025-11-14 16:00:00,237.79,238.67,237.1,237.81,4042.0,5,0.0
2025-11-14 17:00:00,237.81,238.22,236.32,236.55,3909.0,5,0.0
2025-11-14 18:00:00,236.55,236.72,235.15,236.21,4133.0,5,0.0
2025-11-14 19:00:00,236.22,236.47,235.32,235.55,4486.0,5,0.0
2025-11-14 20:00:00,235.55,235.87,234.63,234.63,4190.0,5,0.0
2025-11-17 11:00:00,236.56,236.72,236.16,236.45,296.0,34,0.0
2025-11-17 12:00:00,236.53,236.85,235.82,236.22,510.0,34,0.0
2025-11-17 13:00:00,236.3,236.55,234.78,235.52,553.0,34,0.0
2025-11-17 14:00:00,235.52,235.76,230.82,230.96,5493.0,11,0.0
2025-11-17 15:00:00,231.07,231.47,229.18,229.61,9501.0,5,0.0
2025-11-17 16:00:00,229.64,233.67,229.19,233.11,7413.0,5,0.0
2025-11-17 17:00:00,233.12,233.96,232.29,232.33,6234.0,5,0.0
2025-11-17 18:00:00,232.32,232.78,230.5,230.73,5526.0,5,0.0
2025-11-17 19:00:00,230.72,231.49,230.56,230.59,6888.0,5,0.0
2025-11-17 20:00:00,230.58,232.02,230.36,232.02,6506.0,5,0.0
2025-11-18 11:00:00,230.14,230.21,228.7,229.28,352.0,34,0.0
2025-11-18 12:00:00,229.32,229.38,227.18,227.51,751.0,34,0.0
2025-11-18 13:00:00,227.59,228.27,226.64,227.53,747.0,34,0.0
2025-11-18 14:00:00,227.51,230.09,225.15,225.31,5901.0,5,0.0
2025-11-18 15:00:00,225.29,226.77,222.56,224.63,12254.0,5,0.0
2025-11-18 16:00:00,224.61,226.56,223.56,224.89,9649.0,5,0.0
2025-11-18 17:00:00,224.88,225.02,222.41,224.26,9337.0,5,0.0
2025-11-18 18:00:00,224.27,224.95,223.6,223.81,8361.0,5,0.0
2025-11-18 19:00:00,223.83,226.47,223.76,225.76,8019.0,5,0.0
2025-11-18 20:00:00,225.77,225.94,223.37,223.44,6564.0,5,0.0
2025-11-19 11:00:00,223.89,224.12,223.49,223.64,322.0,34,0.0
2025-11-19 12:00:00,223.61,223.85,222.52,223.27,485.0,34,0.0
2025-11-19 13:00:00,223.24,223.51,222.71,223.25,461.0,34,0.0
2025-11-19 14:00:00,223.25,223.81,218.49,220.33,5553.0,5,0.0
2025-11-19 15:00:00,220.3,222.04,219.69,221.42,8694.0,5,0.0
2025-11-19 16:00:00,221.4,222.78,220.85,222.72,7491.0,5,0.0
2025-11-19 17:00:00,222.69,222.89,219.77,219.89,8664.0,5,0.0
2025-11-19 18:00:00,219.88,222.01,219.75,221.79,6895.0,5,0.0
2025-11-19 19:00:00,221.81,221.94,220.51,221.48,6391.0,5,0.0
2025-11-19 20:00:00,221.47,223.22,221.35,222.56,6420.0,5,0.0
2025-11-20 11:00:00,226.49,226.71,226.06,226.33,491.0,34,0.0
2025-11-20 12:00:00,226.42,226.59,225.46,226.59,512.0,34,0.0
2025-11-20 13:00:00,226.56,227.8,226.17,227.52,1163.0,34,0.0
2025-11-20 14:00:00,227.5,227.81,224.8,226.1,4436.0,5,0.0
2025-11-20 15:00:00,226.12,227.38,224.74,225.95,9725.0,5,0.0
2025-11-20 16:00:00,225.95,225.98,220.29,220.73,16876.0,5,0.0
2025-11-20 17:00:00,220.72,221.0,218.18,219.05,14906.0,5,0.0
2025-11-20 18:00:00,219.05,220.66,218.18,218.74,12878.0,5,0.0
2025-11-20 19:00:00,218.73,219.96,218.18,219.92,10522.0,5,0.0
2025-11-20 20:00:00,219.91,219.91,217.2,217.35,9679.0,5,0.0
2025-11-21 11:00:00,217.68,218.08,216.63,216.98,443.0,34,0.0
2025-11-21 12:00:00,217.14,218.6,216.3,218.21,1027.0,34,0.0
2025-11-21 13:00:00,218.27,218.8,217.86,218.36,736.0,34,0.0
2025-11-21 14:00:00,218.32,218.68,215.24,217.01,5242.0,5,0.0
2025-11-21 15:00:00,217.03,217.89,215.26,215.67,20069.0,5,0.0
2025-11-21 16:00:00,215.66,219.81,215.17,219.77,15723.0,5,0.0
2025-11-21 17:00:00,219.78,220.68,219.16,219.39,10294.0,5,0.0
2025-11-21 18:00:00,219.39,220.41,217.99,219.37,8304.0,5,0.0
2025-11-21 19:00:00,219.37,222.18,219.23,220.9,9318.0,5,0.0
2025-11-21 20:00:00,220.89,221.42,219.87,220.63,6721.0,5,0.0
2025-11-24 11:00:00,221.69,222.19,221.21,222.18,370.0,34,0.0
2025-11-24 12:00:00,222.2,222.43,221.62,222.27,349.0,34,0.0
2025-11-24 13:00:00,222.22,223.65,222.22,222.5,610.0,34,0.0
2025-11-24 14:00:00,222.51,225.77,222.15,225.76,5181.0,5,0.0
2025-11-24 15:00:00,225.72,226.76,225.31,225.37,9053.0,5,0.0
2025-11-24 16:00:00,225.36,226.12,224.43,224.61,5787.0,5,0.0
2025-11-24 17:00:00,224.62,225.57,224.03,224.98,4435.0,5,0.0
2025-11-24 18:00:00,224.99,225.36,224.73,225.16,3096.0,5,0.0
2025-11-24 19:00:00,225.16,226.26,225.16,226.08,3605.0,5,0.0
2025-11-24 20:00:00,226.09,226.84,225.95,226.3,3272.0,5,0.0
2025-11-25 11:00:00,226.2,227.07,225.91,226.64,415.0,22,0.0
2025-11-25 12:00:00,226.67,227.04,226.23,226.88,466.0,34,0.0
2025-11-25 13:00:00,226.88,227.06,225.07,225.15,604.0,34,0.0
2025-11-25 14:00:00,225.16,227.84,223.76,227.67,4494.0,5,0.0
2025-11-25 15:00:00,227.64,227.84,226.16,227.57,9761.0,5,0.0
2025-11-25 16:00:00,227.61,229.24,227.29,229.13,5898.0,5,0.0
2025-11-25 17:00:00,229.13,230.05,229.08,229.57,5142.0,5,0.0
2025-11-25 18:00:00,229.57,230.24,229.02,230.09,3357.0,5,0.0
2025-11-25 19:00:00,230.1,230.49,228.77,229.74,3801.0,5,0.0
2025-11-25 20:00:00,229.76,229.93,229.12,229.35,2574.0,5,0.0
2025-11-26 11:00:00,231.04,231.24,230.94,231.06,224.0,34,0.0
2025-11-26 12:00:00,230.95,231.2,230.16,231.05,403.0,34,0.0
2025-11-26 13:00:00,231.09,231.79,230.88,231.7,436.0,34,0.0
2025-11-26 14:00:00,231.7,231.7,228.69,229.73,3308.0,5,0.0
2025-11-26 15:00:00,229.67,230.71,229.0,230.59,5516.0,5,0.0
2025-11-26 16:00:00,230.59,231.72,230.54,231.38,3222.0,5,0.0
2025-11-26 17:00:00,231.41,231.53,230.37,230.52,3285.0,5,0.0
2025-11-26 18:00:00,230.52,230.81,229.26,229.52,3833.0,5,0.0
2025-11-26 19:00:00,229.52,229.87,229.11,229.23,2763.0,5,0.0
2025-11-26 20:00:00,229.23,229.55,229.03,229.49,2092.0,5,0.0
2025-11-28 11:00:00,230.76,231.38,230.76,230.95,137.0,34,0.0
2025-11-28 12:00:00,230.95,231.24,230.41,230.84,278.0,34,0.0
2025-11-28 13:00:00,230.84,231.35,230.16,231.08,373.0,34,0.0
2025-11-28 14:00:00,231.08,232.54,230.09,231.42,2180.0,5,0.0
2025-11-28 15:00:00,231.45,232.0,231.09,231.94,2495.0,5,0.0
2025-11-28 16:00:00,231.94,232.84,231.69,232.65,3607.0,5,0.0
2025-11-28 17:00:00,232.65,233.23,231.8,233.17,3521.0,5,0.0
2025-12-01 11:00:00,231.46,231.51,231.18,231.46,131.0,34,0.0
2025-12-01 12:00:00,231.48,232.42,230.79,231.43,454.0,34,0.0
2025-12-01 13:00:00,231.48,233.42,231.01,233.19,532.0,34,0.0
2025-12-01 14:00:00,233.17,235.68,232.41,234.39,4199.0,11,0.0
2025-12-01 15:00:00,234.41,234.89,232.21,234.25,6366.0,5,0.0
2025-12-01 16:00:00,234.25,234.34,233.26,234.13,3982.0,5,0.0
2025-12-01 17:00:00,234.14,234.57,233.95,234.21,2777.0,5,0.0
2025-12-01 18:00:00,234.22,235.46,234.19,234.98,2518.0,5,0.0
2025-12-01 19:00:00,234.98,234.98,233.49,233.68,3250.0,5,0.0
2025-12-01 20:00:00,233.67,234.53,233.6,234.37,2630.0,5,0.0
2025-12-02 11:00:00,234.97,236.29,234.9,235.47,340.0,34,0.0
2025-12-02 12:00:00,235.46,236.15,234.9,235.92,357.0,34,0.0
2025-12-02 13:00:00,235.9,236.08,235.62,236.03,315.0,34,0.0
2025-12-02 14:00:00,236.04,236.76,233.95,234.49,2960.0,5,0.0
2025-12-02 15:00:00,234.5,236.64,234.37,236.39,5350.0,5,0.0
2025-12-02 16:00:00,236.39,238.9,233.51,234.99,7883.0,5,0.0
2025-12-02 17:00:00,234.98,236.36,234.71,234.72,4238.0,5,0.0
2025-12-02 18:00:00,234.72,235.69,234.52,234.7,3787.0,5,0.0
2025-12-02 19:00:00,234.69,235.33,234.64,235.22,2798.0,5,0.0
2025-12-02 20:00:00,235.24,235.62,234.63,234.64,2021.0,5,0.0
2025-12-03 11:00:00,234.99,235.31,234.94,235.24,171.0,34,0.0
2025-12-03 12:00:00,235.22,235.47,234.86,235.32,301.0,34,0.0
2025-12-03 13:00:00,235.29,235.44,234.97,235.02,344.0,34,0.0
2025-12-03 14:00:00,235.04,235.04,230.59,232.03,3919.0,11,0.0
2025-12-03 15:00:00,232.0,233.15,230.67,232.36,6308.0,5,0.0
2025-12-03 16:00:00,232.36,232.77,231.78,232.11,4391.0,5,0.0
2025-12-03 17:00:00,232.1,232.68,231.89,232.19,3127.0,5,0.0
2025-12-03 18:00:00,232.18,232.61,231.78,231.98,2128.0,5,0.0
2025-12-03 19:00:00,231.98,232.56,231.7,232.51,1779.0,5,0.0
2025-12-03 20:00:00,232.52,232.73,232.27,232.71,1521.0,5,0.0
2025-12-04 11:00:00,232.52,232.65,232.27,232.45,212.0,22,0.0
2025-12-04 12:00:00,232.53,232.71,232.4,232.63,164.0,34,0.0
2025-12-04 13:00:00,232.63,232.63,232.21,232.3,210.0,34,0.0
2025-12-04 14:00:00,232.3,233.26,228.56,228.88,3164.0,11,0.0
2025-12-04 15:00:00,228.87,229.06,227.51,227.55,4949.0,5,0.0
2025-12-04 16:00:00,227.54,227.93,226.76,227.43,4811.0,5,0.0
2025-12-04 17:00:00,227.42,228.16,227.09,227.92,3239.0,5,0.0
2025-12-04 18:00:00,227.91,228.78,227.77,228.7,2432.0,5,0.0
2025-12-04 19:00:00,228.7,229.42,227.88,229.11,3708.0,5,0.0
2025-12-04 20:00:00,229.09,229.11,228.5,228.57,2273.0,5,0.0
2025-12-05 11:00:00,229.93,230.26,229.8,230.14,128.0,34,0.0
2025-12-05 12:00:00,230.1,230.13,229.27,229.99,270.0,34,0.0
2025-12-05 13:00:00,229.94,230.0,228.74,229.21,326.0,34,0.0
2025-12-05 14:00:00,229.21,231.03,229.21,230.27,2353.0,5,0.0
2025-12-05 15:00:00,230.27,231.21,229.76,230.27,4430.0,5,0.0
2025-12-05 16:00:00,230.27,230.5,229.2,229.38,4202.0,5,0.0
2025-12-05 17:00:00,229.38,229.79,228.71,229.62,2923.0,5,0.0
2025-12-05 18:00:00,229.62,229.94,229.39,229.77,2207.0,5,0.0
2025-12-05 19:00:00,229.78,229.85,229.42,229.68,1780.0,5,0.0
2025-12-05 20:00:00,229.67,229.71,229.1,229.28,1655.0,5,0.0
2025-12-08 11:00:00,230.16,230.85,229.95,230.53,203.0,34,0.0
2025-12-08 12:00:00,230.49,230.51,229.96,230.16,204.0,34,0.0
2025-12-08 13:00:00,230.16,230.26,229.52,229.6,286.0,34,0.0
2025-12-08 14:00:00,229.61,230.77,228.81,229.62,2523.0,5,0.0
2025-12-08 15:00:00,229.63,230.03,227.78,227.95,4156.0,5,0.0
2025-12-08 16:00:00,227.96,228.37,227.53,227.86,3334.0,5,0.0
2025-12-08 17:00:00,227.86,227.88,227.19,227.69,2898.0,5,0.0
2025-12-08 18:00:00,227.69,227.75,226.68,226.95,2697.0,5,0.0
2025-12-08 19:00:00,226.94,227.16,226.69,226.84,2255.0,5,0.0
2025-12-08 20:00:00,226.84,227.12,226.65,226.76,1669.0,5,0.0
2025-12-09 11:00:00,227.0,227.1,226.85,226.99,148.0,34,0.0
2025-12-09 12:00:00,226.92,227.06,226.67,226.81,234.0,34,0.0
2025-12-09 13:00:00,226.79,226.79,226.37,226.47,214.0,34,0.0
2025-12-09 14:00:00,226.47,227.29,224.97,227.18,2576.0,5,0.0
2025-12-09 15:00:00,227.18,228.41,226.77,228.21,4509.0,5,0.0
2025-12-09 16:00:00,228.21,228.54,227.77,228.21,2798.0,5,0.0
2025-12-09 17:00:00,228.21,228.32,227.41,227.54,2180.0,5,0.0
2025-12-09 18:00:00,227.54,228.38,227.4,228.15,2223.0,5,0.0
2025-12-09 19:00:00,228.15,228.27,227.64,227.88,1839.0,5,0.0
2025-12-09 20:00:00,227.88,228.26,227.63,227.95,1487.0,5,0.0
2025-12-10 11:00:00,228.04,228.6,227.68,228.48,277.0,22,0.0
2025-12-10 12:00:00,228.45,228.55,227.31,228.52,267.0,34,0.0
2025-12-10 13:00:00,228.5,229.61,228.31,229.34,430.0,34,0.0
2025-12-10 14:00:00,229.33,232.35,228.31,231.25,3451.0,5,0.0
2025-12-10 15:00:00,231.23,231.93,230.48,230.55,3800.0,5,0.0
2025-12-10 16:00:00,230.55,231.99,229.96,231.85,3716.0,5,0.0
2025-12-10 17:00:00,231.84,232.07,230.6,231.45,2723.0,5,0.0
2025-12-10 18:00:00,231.44,231.46,229.82,229.93,2964.0,5,0.0
2025-12-10 19:00:00,229.93,231.7,229.75,231.59,8519.0,5,0.0
2025-12-10 20:00:00,231.58,232.36,231.31,232.14,4944.0,5,0.0
2025-12-11 11:00:00,229.99,230.06,229.56,230.06,203.0,34,0.0
2025-12-11 12:00:00,230.03,230.47,229.76,230.39,294.0,34,0.0
2025-12-11 13:00:00,230.43,230.43,229.73,230.24,499.0,34,0.0
2025-12-11 14:00:00,230.21,231.98,229.26,229.83,3157.0,5,0.0
2025-12-11 15:00:00,229.86,231.33,229.56,229.85,6181.0,5,0.0
2025-12-11 16:00:00,229.87,230.12,228.68,229.09,5242.0,5,0.0
2025-12-11 17:00:00,229.08,230.37,229.04,229.29,3193.0,5,0.0
2025-12-11 18:00:00,229.28,230.01,229.22,229.68,2703.0,5,0.0
2025-12-11 19:00:00,229.68,230.06,229.51,229.63,2668.0,5,0.0
2025-12-11 20:00:00,229.61,229.85,229.28,229.43,1948.0,5,0.0
2025-12-12 11:00:00,229.99,230.36,229.72,229.92,127.0,34,0.0
2025-12-12 12:00:00,230.0,230.26,229.74,230.1,234.0,34,0.0
2025-12-12 13:00:00,230.05,230.72,229.89,230.56,217.0,34,0.0
2025-12-12 14:00:00,230.59,230.89,227.51,228.35,2934.0,11,0.0
2025-12-12 15:00:00,228.33,228.36,226.14,226.53,9734.0,5,0.0
2025-12-12 16:00:00,226.52,226.64,225.11,226.28,11188.0,5,0.0
2025-12-12 17:00:00,226.28,226.81,226.09,226.48,4512.0,5,0.0
2025-12-12 18:00:00,226.48,227.34,226.23,227.07,4134.0,5,0.0
2025-12-12 19:00:00,227.08,227.22,226.58,226.86,3741.0,5,0.0
2025-12-12 20:00:00,226.87,227.13,225.75,225.87,2976.0,5,0.0
2025-12-15 11:00:00,227.17,227.23,227.1,227.18,58.0,34,0.0
2025-12-15 12:00:00,227.19,227.27,226.96,227.27,199.0,34,0.0
2025-12-15 13:00:00,227.27,227.5,226.95,227.42,315.0,34,0.0
2025-12-15 14:00:00,227.4,227.7,224.08,224.27,3945.0,5,0.0
2025-12-15 15:00:00,224.25,224.61,222.88,223.55,9189.0,5,0.0
2025-12-15 16:00:00,223.56,224.46,222.81,222.9,6112.0,5,0.0
2025-12-15 17:00:00,222.89,223.33,222.09,222.6,4657.0,5,0.0
2025-12-15 18:00:00,222.59,222.89,222.16,222.77,3890.0,5,0.0
2025-12-15 19:00:00,222.76,223.41,222.74,223.22,4186.0,5,0.0
2025-12-15 20:00:00,223.22,223.39,222.22,222.28,2679.0,5,0.0
2025-12-16 11:00:00,221.98,222.67,221.94,222.37,182.0,22,0.0
2025-12-16 12:00:00,222.35,223.04,222.11,222.94,274.0,34,0.0
2025-12-16 13:00:00,222.94,223.49,222.26,222.73,578.0,34,0.0
2025-12-16 14:00:00,222.75,223.59,221.88,223.23,3437.0,5,0.0
2025-12-16 15:00:00,223.25,223.51,221.92,223.32,6999.0,5,0.0
2025-12-16 16:00:00,223.33,223.45,222.29,223.14,5551.0,5,0.0
2025-12-16 17:00:00,223.16,223.24,221.88,222.0,4030.0,5,0.0
2025-12-16 18:00:00,221.99,222.62,221.12,222.52,4902.0,5,0.0
2025-12-16 19:00:00,222.51,222.82,221.68,222.36,4546.0,5,0.0
2025-12-16 20:00:00,222.35,223.28,222.22,223.02,2821.0,5,0.0
2025-12-17 11:00:00,226.08,226.92,225.63,226.16,375.0,34,0.0
2025-12-17 12:00:00,226.27,226.32,225.34,225.48,431.0,34,0.0
2025-12-17 13:00:00,225.47,225.57,223.97,224.78,590.0,34,0.0
2025-12-17 14:00:00,224.78,225.43,222.81,224.16,3469.0,11,0.0
2025-12-17 15:00:00,224.07,225.0,222.95,223.62,7917.0,5,0.0
2025-12-17 16:00:00,223.61,224.17,223.09,223.59,6924.0,5,0.0
2025-12-17 17:00:00,223.59,224.01,222.93,223.64,5186.0,5,0.0
2025-12-17 18:00:00,223.65,224.51,222.68,223.13,4704.0,5,0.0
2025-12-17 19:00:00,223.13,223.21,222.55,222.61,3994.0,5,0.0
2025-12-17 20:00:00,222.62,222.67,221.62,222.08,2725.0,5,0.0
2025-12-18 11:00:00,222.62,223.45,222.62,222.92,235.0,34,0.0
2025-12-18 12:00:00,222.87,223.1,222.43,222.92,332.0,34,0.0
2025-12-18 13:00:00,222.91,225.36,222.76,224.61,783.0,34,0.0
2025-12-18 14:00:00,224.52,227.01,224.19,226.76,3941.0,11,0.0
2025-12-18 15:00:00,226.74,228.43,225.68,228.02,6540.0,5,0.0
2025-12-18 16:00:00,228.01,229.2,227.49,227.53,4947.0,5,0.0
2025-12-18 17:00:00,227.52,227.52,225.4,226.85,6548.0,5,0.0
2025-12-18 18:00:00,226.86,227.42,226.42,226.92,3760.0,5,0.0
2025-12-18 19:00:00,226.91,226.93,225.81,225.88,4282.0,5,0.0
2025-12-18 20:00:00,225.88,227.13,225.75,227.09,3292.0,5,0.0
2025-12-19 11:00:00,227.53,227.64,227.05,227.4,150.0,34,0.0
2025-12-19 12:00:00,227.41,227.67,227.03,227.15,249.0,34,0.0
2025-12-19 13:00:00,227.18,227.65,227.18,227.4,247.0,34,0.0
2025-12-19 14:00:00,227.4,227.73,225.48,226.93,3416.0,5,0.0
2025-12-19 15:00:00,226.91,227.41,226.45,227.01,4955.0,5,0.0
2025-12-19 16:00:00,227.01,228.34,226.9,227.77,3698.0,5,0.0
2025-12-19 17:00:00,227.76,229.09,227.68,228.89,3199.0,5,0.0
2025-12-19 18:00:00,228.89,228.99,228.46,228.65,2184.0,5,0.0
2025-12-19 19:00:00,228.64,228.95,228.63,228.89,1667.0,5,0.0
2025-12-19 20:00:00,228.92,229.04,228.06,228.95,2173.0,5,0.0
2025-12-22 11:00:00,228.67,228.86,228.34,228.45,164.0,22,0.0
2025-12-22 12:00:00,228.38,228.6,228.2,228.38,273.0,34,0.0
2025-12-22 13:00:00,228.39,228.7,228.33,228.64,266.0,34,0.0
2025-12-22 14:00:00,228.64,229.3,226.86,228.08,2952.0,5,0.0
2025-12-22 15:00:00,228.04,228.25,226.79,226.79,4589.0,5,0.0
2025-12-22 16:00:00,226.8,227.71,226.69,227.53,2842.0,5,0.0
2025-12-22 17:00:00,227.53,228.24,227.52,228.19,1987.0,5,0.0
2025-12-22 18:00:00,228.18,228.44,227.65,228.16,1734.0,5,0.0
2025-12-22 19:00:00,228.17,228.59,228.06,228.44,1594.0,5,0.0
2025-12-22 20:00:00,228.44,229.44,228.34,229.38,1585.0,5,0.0
2025-12-23 11:00:00,228.21,228.29,227.98,228.21,119.0,34,0.0
2025-12-23 12:00:00,228.21,228.36,227.92,228.25,174.0,34,0.0
2025-12-23 13:00:00,228.28,228.32,227.65,227.7,271.0,34,0.0
2025-12-23 14:00:00,227.69,232.1,227.56,231.15,3320.0,11,0.0
2025-12-23 15:00:00,231.16,231.23,229.86,230.9,4815.0,5,0.0
2025-12-23 16:00:00,230.9,231.5,230.3,231.42,2906.0,5,0.0
2025-12-23 17:00:00,231.42,231.67,231.09,231.41,1992.0,5,0.0
2025-12-23 18:00:00,231.41,231.84,231.2,231.75,1643.0,5,0.0
2025-12-23 19:00:00,231.75,232.27,231.63,232.26,1424.0,5,0.0
2025-12-23 20:00:00,232.26,232.42,231.78,232.11,1519.0,5,0.0
2025-12-24 11:00:00,232.33,232.34,232.15,232.3,102.0,22,0.0
2025-12-24 12:00:00,232.3,232.35,232.15,232.3,166.0,22,0.0
2025-12-24 13:00:00,232.3,232.53,232.28,232.52,191.0,22,0.0
2025-12-24 14:00:00,232.52,232.52,231.52,231.74,1520.0,5,0.0
2025-12-24 15:00:00,231.76,232.68,231.28,232.46,2202.0,5,0.0
2025-12-24 16:00:00,232.46,232.92,232.27,232.69,1731.0,5,0.0
2025-12-24 17:00:00,232.69,232.87,232.14,232.35,2105.0,5,0.0
2025-12-26 11:00:00,232.16,232.18,231.93,232.0,68.0,22,0.0
2025-12-26 12:00:00,232.0,232.58,231.93,232.44,154.0,34,0.0
2025-12-26 13:00:00,232.43,232.76,232.32,232.62,225.0,34,0.0
2025-12-26 14:00:00,232.63,232.78,231.06,231.97,2215.0,5,0.0
2025-12-26 15:00:00,231.97,232.54,231.58,232.45,2950.0,5,0.0
2025-12-26 16:00:00,232.45,232.64,232.05,232.43,1764.0,5,0.0
2025-12-26 17:00:00,232.43,232.95,232.22,232.81,1391.0,5,0.0
2025-12-26 18:00:00,232.81,232.91,232.36,232.72,1037.0,5,0.0
2025-12-26 19:00:00,232.72,232.87,232.66,232.84,885.0,5,0.0
2025-12-26 20:00:00,232.83,232.89,232.67,232.82,859.0,5,0.0
2025-12-29 11:00:00,232.01,232.28,231.99,232.22,108.0,34,0.0
2025-12-29 12:00:00,232.23,232.66,232.08,232.09,213.0,34,0.0
2025-12-29 13:00:00,232.11,232.27,231.19,231.59,329.0,34,0.0
2025-12-29 14:00:00,231.58,232.32,230.68,232.27,2263.0,5,0.0
2025-12-29 15:00:00,232.27,232.53,231.4,231.66,3278.0,5,0.0
2025-12-29 16:00:00,231.65,231.73,231.24,231.37,2304.0,5,0.0
2025-12-29 17:00:00,231.36,231.58,231.01,231.54,1562.0,5,0.0
2025-12-29 18:00:00,231.53,231.81,231.18,231.32,1726.0,5,0.0
2025-12-29 19:00:00,231.32,232.3,231.09,232.22,1694.0,5,0.0
2025-12-29 20:00:00,232.23,232.42,232.03,232.24,1239.0,5,0.0
2025-12-30 11:00:00,231.68,231.8,231.36,231.8,92.0,34,0.0
2025-12-30 12:00:00,231.7,231.82,231.39,231.45,161.0,34,0.0
2025-12-30 13:00:00,231.46,231.64,231.37,231.56,205.0,34,0.0
2025-12-30 14:00:00,231.56,232.32,230.04,232.08,2100.0,5,0.0
2025-12-30 15:00:00,232.06,232.06,230.9,231.29,3017.0,5,0.0
2025-12-30 16:00:00,231.28,232.01,231.19,231.26,1995.0,5,0.0
2025-12-30 17:00:00,231.24,231.43,231.09,231.36,1477.0,5,0.0
2025-12-30 18:00:00,231.36,231.37,231.03,231.23,1269.0,5,0.0
2025-12-30 19:00:00,231.22,231.83,231.11,231.48,1678.0,5,0.0
2025-12-30 20:00:00,231.48,232.02,231.22,232.0,1238.0,5,0.0
2025-12-31 11:00:00,232.02,232.15,231.87,231.96,88.0,22,0.0
2025-12-31 12:00:00,231.93,232.18,231.92,232.16,116.0,34,0.0
2025-12-31 13:00:00,232.17,232.67,232.12,232.51,199.0,22,0.0
2025-12-31 14:00:00,232.52,232.91,231.63,231.89,2337.0,5,0.0
2025-12-31 15:00:00,231.89,232.35,230.87,230.98,3501.0,5,0.0
2025-12-31 16:00:00,230.97,231.5,230.71,231.45,1981.0,5,0.0
2025-12-31 17:00:00,231.45,231.52,231.14,231.44,1499.0,5,0.0
2025-12-31 18:00:00,231.43,232.16,231.32,232.03,1471.0,5,0.0
2025-12-31 19:00:00,232.02,232.18,231.04,231.2,2037.0,5,0.0
2025-12-31 20:00:00,231.21,231.21,230.66,231.03,2227.0,5,0.0
2026-01-02 11:00:00,233.16,233.16,232.57,232.64,172.0,34,0.0
2026-01-02 12:00:00,232.65,232.73,232.26,232.62,248.0,34,0.0
2026-01-02 13:00:00,232.65,232.76,232.3,232.57,301.0,34,0.0
2026-01-02 14:00:00,232.53,235.39,230.6,232.78,3875.0,11,0.0
2026-01-02 15:00:00,232.78,232.96,225.46,225.68,7981.0,5,0.0
2026-01-02 16:00:00,225.68,226.63,224.77,225.69,7388.0,5,0.0
2026-01-02 17:00:00,225.68,226.84,225.59,225.96,4920.0,5,0.0
2026-01-02 18:00:00,225.95,226.38,224.68,225.11,3583.0,5,0.0
2026-01-02 19:00:00,225.11,226.74,225.11,226.29,3907.0,5,0.0
2026-01-02 20:00:00,226.29,226.7,226.12,226.13,2527.0,5,0.0
2026-01-05 11:00:00,227.22,227.32,226.76,227.25,236.0,34,0.0
2026-01-05 12:00:00,227.25,227.38,226.98,227.09,315.0,34,0.0
2026-01-05 13:00:00,227.14,227.5,226.88,227.39,393.0,34,0.0
2026-01-05 14:00:00,227.39,231.9,227.02,230.88,4522.0,5,0.0
2026-01-05 15:00:00,231.05,233.52,230.77,231.81,8369.0,5,0.0
2026-01-05 16:00:00,231.81,232.97,231.33,232.73,4461.0,5,0.0
2026-01-05 17:00:00,232.74,233.97,232.73,233.41,3887.0,5,0.0
2026-01-05 18:00:00,233.44,233.67,232.38,232.68,2846.0,5,0.0
2026-01-05 19:00:00,232.68,233.43,232.36,232.72,2546.0,5,0.0
2026-01-05 20:00:00,232.72,233.08,232.53,232.68,2007.0,5,0.0
2026-01-06 11:00:00,232.51,232.7,232.5,232.67,78.0,22,0.0
2026-01-06 12:00:00,232.67,233.14,232.54,233.06,293.0,22,0.0
2026-01-06 13:00:00,233.06,233.09,232.38,233.08,318.0,34,0.0
2026-01-06 14:00:00,233.08,236.9,231.59,236.84,3515.0,11,0.0
2026-01-06 15:00:00,236.85,238.56,235.59,238.06,5272.0,5,0.0
2026-01-06 16:00:00,238.03,238.93,237.45,238.65,4380.0,5,0.0
2026-01-06 17:00:00,238.64,243.09,238.59,241.81,4891.0,5,0.0
2026-01-06 18:00:00,241.82,242.58,241.32,241.93,2948.0,5,0.0
2026-01-06 19:00:00,241.94,242.05,240.46,241.56,3270.0,5,0.0
2026-01-06 20:00:00,241.57,241.78,240.55,241.58,2773.0,5,0.0
2026-01-07 11:00:00,239.91,240.1,239.82,240.06,139.0,34,0.0
2026-01-07 12:00:00,240.06,240.61,239.93,240.38,306.0,34,0.0
2026-01-07 13:00:00,240.38,240.75,240.2,240.61,346.0,34,0.0
2026-01-07 14:00:00,240.61,243.68,239.35,243.55,4233.0,11,0.0
2026-01-07 15:00:00,243.53,244.25,242.17,244.25,5441.0,5,0.0
2026-01-07 16:00:00,244.24,244.76,242.91,244.08,3929.0,5,0.0
2026-01-07 17:00:00,244.09,245.25,243.67,245.04,3983.0,5,0.0
2026-01-07 18:00:00,245.05,245.23,244.24,244.28,3150.0,5,0.0
2026-01-07 19:00:00,244.28,244.28,242.45,242.45,3440.0,5,0.0
2026-01-07 20:00:00,242.45,242.72,241.7,242.09,3266.0,5,0.0
2026-01-08 11:00:00,242.36,243.2,242.08,242.08,356.0,34,0.0
2026-01-08 12:00:00,241.95,242.38,241.74,241.95,279.0,34,0.0
2026-01-08 13:00:00,241.93,243.74,241.86,243.33,563.0,34,0.0
2026-01-08 14:00:00,243.37,244.9,241.77,244.07,4777.0,11,0.0
2026-01-08 15:00:00,244.05,245.17,242.83,245.17,7673.0,5,0.0
2026-01-08 16:00:00,245.18,245.23,244.04,245.14,6366.0,5,0.0
2026-01-08 17:00:00,245.14,246.26,244.4,245.79,4779.0,5,0.0
2026-01-08 18:00:00,245.79,246.15,245.33,245.71,3974.0,5,0.0
2026-01-08 19:00:00,245.71,246.21,245.33,245.97,3331.0,5,0.0
2026-01-08 20:00:00,245.97,246.07,245.34,245.75,2638.0,5,0.0
2026-01-09 11:00:00,245.49,245.57,244.92,245.05,225.0,22,0.0
2026-01-09 12:00:00,245.11,245.72,245.06,245.51,269.0,34,0.0
2026-01-09 13:00:00,245.51,246.11,245.18,245.82,422.0,34,0.0
2026-01-09 14:00:00,245.81,245.91,242.97,244.13,4329.0,11,0.0
2026-01-09 15:00:00,244.17,245.94,242.2,245.77,7448.0,5,0.0
2026-01-09 16:00:00,245.77,246.87,245.39,246.25,4488.0,5,0.0
2026-01-09 17:00:00,246.26,246.33,245.4,245.8,2647.0,5,0.0
2026-01-09 18:00:00,245.79,246.78,245.49,246.58,2546.0,5,0.0
2026-01-09 19:00:00,246.58,247.03,246.14,246.98,2288.0,5,0.0
2026-01-09 20:00:00,246.97,247.24,246.75,247.21,1776.0,5,0.0
2026-01-12 11:00:00,245.03,245.67,244.87,245.35,207.0,34,0.0
2026-01-12 12:00:00,245.45,245.88,245.26,245.75,292.0,34,0.0
2026-01-12 13:00:00,245.75,245.99,245.19,245.52,428.0,34,0.0
2026-01-12 14:00:00,245.43,248.41,245.08,247.92,3708.0,11,0.0
2026-01-12 15:00:00,247.91,248.3,247.01,247.53,5266.0,5,0.0
2026-01-12 16:00:00,247.54,248.23,247.37,248.06,3546.0,5,0.0
2026-01-12 17:00:00,248.06,248.42,247.71,248.07,2574.0,5,0.0
2026-01-12 18:00:00,248.07,248.24,247.75,248.01,2173.0,5,0.0
2026-01-12 19:00:00,248.0,248.91,247.35,248.29,3078.0,5,0.0
2026-01-12 20:00:00,248.29,248.35,246.71,247.15,2755.0,5,0.0
2026-01-13 11:00:00,245.54,245.97,245.54,245.75,189.0,34,0.0
2026-01-13 12:00:00,245.75,246.59,245.61,246.2,231.0,34,0.0
2026-01-13 13:00:00,246.12,247.46,245.73,246.0,715.0,34,0.0
2026-01-13 14:00:00,245.94,247.59,244.38,245.85,3521.0,11,0.0
2026-01-13 15:00:00,245.83,246.02,242.68,244.23,5789.0,5,0.0
2026-01-13 16:00:00,244.22,245.25,243.62,245.25,5529.0,5,0.0
2026-01-13 17:00:00,245.24,245.49,242.94,243.1,4657.0,5,0.0
2026-01-13 18:00:00,243.09,243.34,241.57,241.57,4296.0,5,0.0
2026-01-13 19:00:00,241.57,242.47,240.23,242.2,5945.0,5,0.0
2026-01-13 20:00:00,242.19,242.44,241.43,242.13,3197.0,5,0.0
2026-01-14 11:00:00,240.64,240.79,240.51,240.63,193.0,34,0.0
2026-01-14 12:00:00,240.68,241.04,240.07,240.9,375.0,34,0.0
2026-01-14 13:00:00,240.88,241.14,240.5,240.8,323.0,34,0.0
2026-01-14 14:00:00,240.78,242.67,238.12,238.63,4326.0,11,0.0
2026-01-14 15:00:00,238.61,239.96,237.19,237.59,9488.0,5,0.0
2026-01-14 16:00:00,237.6,238.7,236.43,236.52,6991.0,5,0.0
2026-01-14 17:00:00,236.52,237.48,236.35,236.86,5294.0,5,0.0
2026-01-14 18:00:00,236.86,237.46,236.21,237.36,4574.0,5,0.0
2026-01-14 19:00:00,237.35,237.86,236.69,236.83,3904.0,5,0.0
2026-01-14 20:00:00,236.82,238.05,236.62,237.08,5511.0,5,0.0
2026-01-15 11:00:00,238.03,238.18,237.38,237.99,197.0,34,0.0
2026-01-15 12:00:00,237.95,238.45,237.53,237.95,338.0,34,0.0
2026-01-15 13:00:00,237.91,240.07,237.63,239.24,575.0,34,0.0
2026-01-15 14:00:00,239.24,240.29,236.69,236.88,4025.0,11,0.0
2026-01-15 15:00:00,236.85,238.86,236.61,238.54,8344.0,5,0.0
2026-01-15 16:00:00,238.53,240.2,238.4,240.19,5372.0,5,0.0
2026-01-15 17:00:00,240.18,240.63,238.21,238.47,4693.0,5,0.0
2026-01-15 18:00:00,238.46,239.36,238.43,239.06,3307.0,5,0.0
2026-01-15 19:00:00,239.06,239.14,237.1,237.28,4652.0,5,0.0
2026-01-15 20:00:00,237.27,237.75,236.97,237.27,3751.0,5,0.0
2026-01-16 11:00:00,238.87,240.6,238.71,238.94,350.0,34,0.0
2026-01-16 12:00:00,238.85,239.49,238.72,239.11,295.0,34,0.0
2026-01-16 13:00:00,239.09,239.24,238.71,238.91,264.0,34,0.0
2026-01-16 14:00:00,238.91,239.39,237.04,237.69,3365.0,5,0.0
2026-01-16 15:00:00,237.68,238.14,236.39,237.32,7573.0,5,0.0
2026-01-16 16:00:00,237.32,238.29,237.24,237.81,4805.0,5,0.0
2026-01-16 17:00:00,237.8,238.43,237.36,238.19,3241.0,5,0.0
2026-01-16 18:00:00,238.18,239.0,238.06,238.07,2598.0,5,0.0
2026-01-16 19:00:00,238.06,238.42,237.4,238.07,2985.0,5,0.0
2026-01-16 20:00:00,238.07,238.57,237.82,238.5,2296.0,5,0.0
2026-01-20 11:00:00,231.64,232.36,231.6,232.3,455.0,34,0.0
2026-01-20 12:00:00,232.41,233.34,232.23,233.11,566.0,34,0.0
2026-01-20 13:00:00,233.13,233.57,232.18,232.71,693.0,34,0.0
2026-01-20 14:00:00,232.66,234.25,231.43,233.41,5707.0,11,0.0
2026-01-20 15:00:00,233.35,234.93,232.33,234.36,9649.0,5,0.0
2026-01-20 16:00:00,234.36,235.05,233.5,234.5,7193.0,5,0.0
2026-01-20 17:00:00,234.49,234.49,232.23,232.33,5293.0,5,0.0
2026-01-20 18:00:00,232.32,232.49,230.9,230.95,4467.0,5,0.0
2026-01-20 19:00:00,230.96,231.22,229.52,229.73,4965.0,5,0.0
2026-01-20 20:00:00,229.73,230.92,229.32,230.57,4933.0,5,0.0
2026-01-21 11:00:00,230.9,231.53,229.9,229.99,342.0,34,0.0
2026-01-21 12:00:00,230.05,230.31,229.59,229.91,406.0,34,0.0
2026-01-21 13:00:00,229.93,230.48,229.57,230.07,451.0,34,0.0
2026-01-21 14:00:00,230.07,231.94,228.64,231.61,4660.0,5,0.0
2026-01-21 15:00:00,231.6,232.06,230.14,231.78,8455.0,5,0.0
2026-01-21 16:00:00,231.77,231.9,227.59,227.95,8924.0,5,0.0
2026-01-21 17:00:00,227.94,228.59,227.29,228.05,8495.0,5,0.0
2026-01-21 18:00:00,228.04,228.41,226.87,228.08,7249.0,5,0.0
2026-01-21 19:00:00,228.07,232.2,227.24,232.14,10619.0,5,0.0
2026-01-21 20:00:00,232.15,232.24,230.17,230.85,6558.0,5,0.0
2026-01-22 11:00:00,233.84,233.84,232.95,233.05,250.0,34,0.0
2026-01-22 12:00:00,233.11,233.69,232.85,233.62,271.0,34,0.0
2026-01-22 13:00:00,233.65,234.54,233.6,234.36,439.0,34,0.0
2026-01-22 14:00:00,234.35,234.48,231.1,231.38,3513.0,5,0.0
2026-01-22 15:00:00,231.4,234.46,230.86,234.19,7317.0,5,0.0
2026-01-22 16:00:00,234.18,235.19,234.17,234.95,4579.0,5,0.0
2026-01-22 17:00:00,234.94,235.34,234.74,235.22,3094.0,5,0.0
2026-01-22 18:00:00,235.2,235.68,234.76,234.86,2773.0,5,0.0
2026-01-22 19:00:00,234.86,235.18,234.21,234.23,2617.0,5,0.0
2026-01-22 20:00:00,234.22,234.7,233.62,233.88,2404.0,5,0.0
2026-01-23 11:00:00,234.64,235.23,234.03,234.46,326.0,34,0.0
2026-01-23 12:00:00,234.46,234.67,233.16,234.13,384.0,34,0.0
2026-01-23 13:00:00,234.13,235.62,234.04,234.31,559.0,34,0.0
2026-01-23 14:00:00,234.33,236.5,233.9,236.32,3367.0,11,0.0
2026-01-23 15:00:00,236.36,240.01,236.14,239.87,5613.0,5,0.0
2026-01-23 16:00:00,239.88,240.38,238.84,240.02,4906.0,5,0.0
2026-01-23 17:00:00,240.03,240.08,238.8,239.16,4231.0,5,0.0
2026-01-23 18:00:00,239.16,239.75,238.89,239.07,3484.0,5,0.0
2026-01-23 19:00:00,239.07,239.96,239.03,239.87,2690.0,5,0.0
2026-01-23 20:00:00,239.88,239.94,238.94,239.17,2422.0,5,0.0
2026-01-26 11:00:00,237.92,238.35,237.9,238.35,112.0,34,0.0
2026-01-26 12:00:00,238.36,238.71,238.19,238.49,273.0,34,0.0
2026-01-26 13:00:00,238.5,239.49,238.16,239.49,379.0,34,0.0
2026-01-26 14:00:00,239.47,240.72,237.5,238.27,3379.0,11,0.0
2026-01-26 15:00:00,238.24,239.89,238.1,239.4,4748.0,5,0.0
2026-01-26 16:00:00,239.39,239.97,238.95,239.68,4120.0,5,0.0
2026-01-26 17:00:00,239.67,240.11,238.84,238.98,2851.0,5,0.0
2026-01-26 18:00:00,238.99,239.38,238.84,239.14,2344.0,5,0.0
2026-01-26 19:00:00,239.14,239.52,238.91,239.29,2210.0,5,0.0
2026-01-26 20:00:00,239.29,239.86,239.16,239.4,2129.0,5,0.0
2026-01-27 11:00:00,239.53,239.61,239.08,239.43,198.0,22,0.0
2026-01-27 12:00:00,239.49,239.96,239.21,239.96,265.0,34,0.0
2026-01-27 13:00:00,239.94,240.63,239.39,239.67,348.0,34,0.0
2026-01-27 14:00:00,239.67,240.04,237.97,238.71,2764.0,11,0.0
2026-01-27 15:00:00,238.7,242.85,238.67,240.97,4756.0,5,0.0
2026-01-27 16:00:00,240.97,242.87,240.96,242.42,3706.0,5,0.0
2026-01-27 17:00:00,242.42,242.5,241.67,242.24,3072.0,5,0.0
2026-01-27 18:00:00,242.25,243.75,241.69,243.47,3394.0,5,0.0
2026-01-27 19:00:00,243.47,244.85,243.11,244.08,2973.0,5,0.0
2026-01-27 20:00:00,244.06,244.75,243.8,244.55,2587.0,5,0.0
2026-01-28 11:00:00,245.53,245.56,245.17,245.32,200.0,34,0.0
2026-01-28 12:00:00,245.29,245.97,245.11,245.69,398.0,34,0.0
2026-01-28 13:00:00,245.72,246.54,245.55,245.84,448.0,34,0.0
2026-01-28 14:00:00,245.83,247.49,244.95,247.21,3479.0,11,0.0
2026-01-28 15:00:00,247.23,247.71,242.8,243.06,4561.0,11,0.0
2026-01-28 16:00:00,243.08,243.38,241.48,241.75,3482.0,5,0.0
2026-01-28 17:00:00,241.76,243.24,241.75,242.98,2858.0,5,0.0
2026-01-28 18:00:00,242.97,243.33,242.57,242.99,2685.0,5,0.0
2026-01-28 19:00:00,242.99,243.26,242.0,242.84,5371.0,5,0.0
2026-01-28 20:00:00,242.83,243.62,242.74,243.25,3465.0,5,0.0
2026-01-29 11:00:00,241.14,242.5,240.59,241.43,282.0,34,0.0
2026-01-29 12:00:00,241.28,242.27,241.28,241.57,382.0,34,0.0
2026-01-29 13:00:00,241.53,242.16,241.18,241.57,364.0,34,0.0
2026-01-29 14:00:00,241.57,242.95,238.53,239.04,5561.0,11,0.0
2026-01-29 15:00:00,239.07,239.79,236.74,237.11,10350.0,5,0.0
2026-01-29 16:00:00,237.09,239.25,236.73,238.96,9783.0,5,0.0
2026-01-29 17:00:00,238.95,240.53,238.24,238.45,6386.0,5,0.0
2026-01-29 18:00:00,238.46,240.21,238.33,239.09,6292.0,5,0.0
2026-01-29 19:00:00,239.1,239.78,238.88,239.14,4597.0,5,0.0
2026-01-29 20:00:00,239.15,241.38,239.07,241.29,3618.0,5,0.0
2026-01-30 11:00:00,238.99,240.16,238.99,240.04,246.0,34,0.0
2026-01-30 12:00:00,240.12,240.54,239.16,239.27,344.0,34,0.0
2026-01-30 13:00:00,239.23,239.56,238.43,238.59,542.0,34,0.0
2026-01-30 14:00:00,238.56,242.41,238.39,241.36,4374.0,11,0.0
2026-01-30 15:00:00,241.34,243.25,240.96,241.9,7386.0,5,0.0
2026-01-30 16:00:00,241.89,242.11,239.74,240.88,8010.0,5,0.0
2026-01-30 17:00:00,240.89,241.1,239.29,239.39,9220.0,5,0.0
2026-01-30 18:00:00,239.37,240.73,237.75,240.53,8556.0,5,0.0
2026-01-30 19:00:00,240.54,241.29,239.67,239.72,7716.0,5,0.0
2026-01-30 20:00:00,239.73,240.25,239.22,239.76,5918.0,5,0.0
2026-02-02 11:00:00,237.16,237.93,237.11,237.54,189.0,34,0.0
2026-02-02 12:00:00,237.53,237.99,237.47,237.62,439.0,34,0.0
2026-02-02 13:00:00,237.62,238.24,237.18,238.15,392.0,34,0.0
2026-02-02 14:00:00,238.11,243.41,237.83,243.29,3768.0,11,0.0
2026-02-02 15:00:00,243.27,245.56,242.74,243.85,5684.0,5,0.0
2026-02-02 16:00:00,243.84,244.96,243.23,244.89,3977.0,5,0.0
2026-02-02 17:00:00,244.88,245.36,244.55,244.7,2882.0,5,0.0
2026-02-02 18:00:00,244.7,244.82,243.46,243.73,3279.0,5,0.0
2026-02-02 19:00:00,243.71,244.01,242.89,242.93,3886.0,5,0.0
2026-02-02 20:00:00,242.91,243.5,242.55,243.25,4431.0,5,0.0
2026-02-03 11:00:00,244.38,245.06,244.21,244.34,195.0,34,0.0
2026-02-03 12:00:00,244.4,245.01,244.06,244.64,358.0,34,0.0
2026-02-03 13:00:00,244.68,244.78,243.69,243.81,372.0,34,0.0
2026-02-03 14:00:00,243.84,246.13,240.8,241.03,5673.0,11,0.0
2026-02-03 15:00:00,241.0,241.19,237.5,237.85,9597.0,5,0.0
2026-02-03 16:00:00,237.85,238.53,236.34,237.16,8449.0,5,0.0
2026-02-03 17:00:00,237.15,238.21,236.58,237.67,9331.0,5,0.0
2026-02-03 18:00:00,237.65,237.88,235.64,235.95,7492.0,5,0.0
2026-02-03 19:00:00,235.95,237.46,235.41,237.11,10151.0,5,0.0
2026-02-03 20:00:00,237.1,238.18,236.56,238.03,5364.0,5,0.0
2026-02-04 11:00:00,239.57,239.75,239.22,239.65,174.0,34,0.0
2026-02-04 12:00:00,239.62,239.72,238.92,239.13,322.0,34,0.0
2026-02-04 13:00:00,239.13,239.43,238.78,238.78,340.0,34,0.0
2026-02-04 14:00:00,238.84,240.14,235.06,235.25,6011.0,11,0.0
2026-02-04 15:00:00,235.23,238.23,234.31,237.95,16493.0,5,0.0
2026-02-04 16:00:00,237.99,238.17,233.81,234.98,11465.0,5,0.0
2026-02-04 17:00:00,234.96,235.13,231.96,233.65,13202.0,5,0.0
2026-02-04 18:00:00,233.66,233.8,231.79,232.9,11844.0,5,0.0
2026-02-04 19:00:00,232.9,234.79,232.11,234.78,11988.0,5,0.0
2026-02-04 20:00:00,234.77,234.87,233.29,233.91,6569.0,5,0.0
2026-02-05 11:00:00,232.82,233.12,232.03,232.25,381.0,34,0.0
2026-02-05 12:00:00,232.31,232.71,228.15,228.61,1214.0,34,0.0
2026-02-05 13:00:00,228.56,229.83,227.82,228.64,1078.0,34,0.0
2026-02-05 14:00:00,228.64,229.45,221.41,223.9,9207.0,5,0.0
2026-02-05 15:00:00,223.91,224.2,220.34,222.99,13471.0,5,0.0
2026-02-05 16:00:00,223.01,224.99,222.1,224.88,13720.0,5,0.0
2026-02-05 17:00:00,224.84,225.52,223.76,224.98,11442.0,5,0.0
2026-02-05 18:00:00,224.99,225.41,222.78,223.15,9447.0,5,0.0
2026-02-05 19:00:00,223.14,224.48,221.97,222.63,8715.0,5,0.0
2026-02-05 20:00:00,222.62,223.55,222.11,222.36,8539.0,5,0.0
2026-02-06 11:00:00,206.85,207.7,204.01,206.42,1981.0,34,0.0
2026-02-06 12:00:00,206.41,207.58,202.71,204.73,1977.0,34,0.0
2026-02-06 13:00:00,204.7,205.81,202.58,203.97,2308.0,34,0.0
2026-02-06 14:00:00,203.92,205.78,200.21,202.18,17703.0,5,0.0
2026-02-06 15:00:00,202.27,206.55,201.32,204.12,23140.0,5,0.0
2026-02-06 16:00:00,204.13,206.36,203.99,205.18,16365.0,5,0.0
2026-02-06 17:00:00,205.17,210.83,204.51,210.52,13767.0,5,0.0
2026-02-06 18:00:00,210.53,211.2,206.4,206.41,10436.0,5,0.0
2026-02-06 19:00:00,206.41,207.7,205.55,205.58,10527.0,5,0.0
2026-02-06 20:00:00,205.59,208.99,205.3,208.84,8643.0,5,0.0
2026-02-09 11:00:00,209.58,210.67,209.33,210.35,2251.0,11,0.0
2026-02-09 12:00:00,210.41,210.46,209.49,210.15,524.0,34,0.0
2026-02-09 13:00:00,210.15,210.68,208.55,208.94,924.0,22,0.0
2026-02-09 14:00:00,208.94,209.51,203.25,204.76,8946.0,5,0.0
2026-02-09 15:00:00,204.75,209.44,204.64,208.97,13221.0,5,0.0
2026-02-09 16:00:00,208.97,212.06,208.68,211.8,7310.0,5,0.0
2026-02-09 17:00:00,211.77,212.76,209.34,209.97,7661.0,5,0.0
2026-02-09 18:00:00,209.98,211.47,209.57,209.78,5806.0,5,0.0
2026-02-09 19:00:00,209.77,210.06,208.44,209.06,4697.0,5,0.0
2026-02-09 20:00:00,209.06,209.58,208.47,209.42,3869.0,5,0.0
2026-02-10 11:00:00,209.76,210.27,209.56,210.06,280.0,34,0.0
2026-02-10 12:00:00,210.04,210.31,209.3,209.42,552.0,34,0.0
2026-02-10 13:00:00,209.42,210.22,209.07,209.99,545.0,34,0.0
2026-02-10 14:00:00,209.98,210.43,206.37,209.83,6693.0,5,0.0
2026-02-10 15:00:00,209.82,212.62,209.73,210.82,13832.0,5,0.0
2026-02-10 16:00:00,210.81,211.14,209.64,209.66,8564.0,5,0.0
2026-02-10 17:00:00,209.65,210.42,209.01,209.15,4930.0,5,0.0
2026-02-10 18:00:00,209.14,209.44,207.41,208.63,6614.0,5,0.0
2026-02-10 19:00:00,208.62,208.75,207.45,207.9,4256.0,5,0.0
2026-02-10 20:00:00,207.89,208.12,206.95,207.05,3266.0,5,0.0
2026-02-11 11:00:00,207.26,207.5,207.08,207.25,253.0,22,0.0
2026-02-11 12:00:00,207.3,207.67,206.88,207.4,363.0,34,0.0
2026-02-11 13:00:00,207.36,208.96,207.26,208.74,671.0,34,0.0
2026-02-11 14:00:00,208.73,208.99,204.56,205.58,9448.0,5,0.0
2026-02-11 15:00:00,205.58,206.45,204.16,205.53,13637.0,5,0.0
2026-02-11 16:00:00,205.55,205.6,202.47,202.59,9369.0,5,0.0
2026-02-11 17:00:00,202.59,204.12,202.51,203.65,6671.0,5,0.0
2026-02-11 18:00:00,203.66,205.13,203.23,204.73,5512.0,5,0.0
2026-02-11 19:00:00,204.72,205.26,204.15,204.76,5329.0,5,0.0
2026-02-11 20:00:00,204.75,204.86,203.71,204.36,3345.0,5,0.0
2026-02-12 11:00:00,205.07,205.08,204.22,204.73,257.0,34,0.0
2026-02-12 12:00:00,204.68,204.75,204.11,204.38,401.0,34,0.0
2026-02-12 13:00:00,204.38,204.64,204.06,204.38,473.0,22,0.0
2026-02-12 14:00:00,204.37,204.38,201.51,201.73,5874.0,5,0.0
2026-02-12 15:00:00,201.74,202.53,198.28,198.31,13638.0,5,0.0
2026-02-12 16:00:00,198.32,198.75,197.53,198.65,15899.0,5,0.0
2026-02-12 17:00:00,198.66,200.06,198.39,199.37,8927.0,5,0.0
2026-02-12 18:00:00,199.38,200.02,199.02,199.82,8143.0,5,0.0
2026-02-12 19:00:00,199.83,199.94,198.6,198.88,6756.0,5,0.0
2026-02-12 20:00:00,198.89,199.01,198.2,198.83,4126.0,5,0.0
2026-02-13 11:00:00,198.86,198.87,197.4,198.12,729.0,22,0.0
2026-02-13 12:00:00,198.15,198.61,197.47,198.12,614.0,34,0.0
2026-02-13 13:00:00,198.12,199.2,197.26,198.87,956.0,34,0.0
2026-02-13 14:00:00,198.87,199.41,197.26,197.85,10154.0,5,0.0
2026-02-13 15:00:00,197.85,199.27,197.27,198.78,16124.0,5,0.0
2026-02-13 16:00:00,198.79,201.13,198.41,200.38,10244.0,5,0.0
2026-02-13 17:00:00,200.39,201.11,200.03,200.21,6282.0,5,0.0
2026-02-13 18:00:00,200.21,200.33,199.57,199.66,6192.0,5,0.0
2026-02-13 19:00:00,199.67,200.09,198.78,198.85,5058.0,5,0.0
2026-02-13 20:00:00,198.86,199.05,197.87,198.25,4340.0,5,0.0
2026-02-17 11:00:00,198.4,198.53,197.8,198.28,294.0,22,0.0
2026-02-17 12:00:00,198.33,198.8,197.77,197.98,548.0,34,0.0
2026-02-17 13:00:00,197.98,199.26,197.52,198.85,716.0,34,0.0
2026-02-17 14:00:00,198.84,200.25,196.09,197.8,8291.0,5,0.0
2026-02-17 15:00:00,197.79,200.5,197.54,200.13,17795.0,5,0.0
2026-02-17 16:00:00,200.12,201.7,200.0,201.31,11800.0,5,0.0
2026-02-17 17:00:00,201.3,201.3,198.91,199.61,9249.0,5,0.0
2026-02-17 18:00:00,199.62,201.34,199.03,200.94,8157.0,5,0.0
2026-02-17 19:00:00,200.93,201.51,200.71,200.89,5651.0,5,0.0
2026-02-17 20:00:00,200.88,201.24,200.28,200.76,3776.0,5,0.0
2026-02-18 11:00:00,204.2,204.31,203.93,204.05,278.0,34,0.0
2026-02-18 12:00:00,204.05,204.72,203.3,203.75,709.0,34,0.0
2026-02-18 13:00:00,203.77,203.89,202.62,202.72,562.0,34,0.0
2026-02-18 14:00:00,202.76,205.42,201.58,204.74,6134.0,5,0.0
2026-02-18 15:00:00,204.72,206.83,204.44,206.5,9325.0,5,0.0
2026-02-18 16:00:00,206.5,206.83,205.49,205.53,5554.0,5,0.0
2026-02-18 17:00:00,205.52,206.24,205.5,205.96,3971.0,5,0.0
2026-02-18 18:00:00,205.95,206.36,205.0,205.57,4321.0,5,0.0
2026-02-18 19:00:00,205.58,205.93,204.22,204.35,5787.0,5,0.0
2026-02-18 20:00:00,204.34,205.35,204.15,205.28,3594.0,5,0.0
2026-02-19 11:00:00,204.07,204.41,203.61,204.17,230.0,34,0.0
2026-02-19 12:00:00,204.2,204.37,203.68,204.02,375.0,34,0.0
2026-02-19 13:00:00,204.02,204.13,203.22,203.73,529.0,34,0.0
2026-02-19 14:00:00,203.73,205.15,202.78,204.17,6190.0,5,0.0
2026-02-19 15:00:00,204.16,205.3,203.63,204.5,9786.0,5,0.0
2026-02-19 16:00:00,204.5,205.61,204.43,205.07,6799.0,5,0.0
2026-02-19 17:00:00,205.07,205.18,203.81,203.89,5551.0,5,0.0
2026-02-19 18:00:00,203.88,205.03,203.72,204.96,4259.0,5,0.0
2026-02-19 19:00:00,204.95,205.1,203.83,204.04,3690.0,5,0.0
2026-02-19 20:00:00,204.03,204.48,203.94,204.43,2481.0,5,0.0
2026-02-20 11:00:00,205.01,205.11,204.6,204.8,316.0,34,0.0
2026-02-20 12:00:00,204.78,205.27,204.41,205.24,421.0,34,0.0
2026-02-20 13:00:00,205.28,206.41,204.75,205.21,879.0,34,0.0
2026-02-20 14:00:00,205.22,207.58,203.61,206.2,5812.0,5,0.0
2026-02-20 15:00:00,206.18,210.97,206.09,210.88,21740.0,5,0.0
2026-02-20 16:00:00,210.86,211.05,207.93,209.19,10505.0,5,0.0
2026-02-20 17:00:00,209.18,209.74,206.83,209.59,10858.0,5,0.0
2026-02-20 18:00:00,209.58,211.14,208.73,210.3,13100.0,5,0.0
2026-02-20 19:00:00,210.3,210.48,209.22,209.29,6210.0,5,0.0
2026-02-20 20:00:00,209.29,210.02,209.24,209.78,3291.0,5,0.0
2026-02-23 11:00:00,208.51,208.57,207.94,208.3,241.0,34,0.0
2026-02-23 12:00:00,208.36,208.5,207.5,207.6,436.0,34,0.0
2026-02-23 13:00:00,207.59,208.4,207.4,207.96,525.0,34,0.0
2026-02-23 14:00:00,207.96,208.24,205.49,205.57,6935.0,5,0.0
2026-02-23 15:00:00,205.56,206.05,203.9,204.52,10538.0,5,0.0
2026-02-23 16:00:00,204.51,204.6,203.48,204.08,7407.0,5,0.0
2026-02-23 17:00:00,204.07,204.25,203.09,204.02,4687.0,5,0.0
2026-02-23 18:00:00,204.01,204.69,203.78,203.87,4023.0,5,0.0
2026-02-23 19:00:00,203.88,204.82,203.84,204.22,3825.0,5,0.0
2026-02-23 20:00:00,204.23,205.1,203.99,204.99,2776.0,5,0.0
2026-02-24 11:00:00,205.49,205.52,205.09,205.41,135.0,34,0.0
2026-02-24 12:00:00,205.4,205.87,204.99,205.06,352.0,34,0.0
2026-02-24 13:00:00,205.06,205.83,205.02,205.63,326.0,34,0.0
2026-02-24 14:00:00,205.64,206.74,203.15,205.46,4876.0,5,0.0
2026-02-24 15:00:00,205.45,207.92,204.73,207.78,9844.0,5,0.0
2026-02-24 16:00:00,207.78,209.42,207.61,209.13,5826.0,5,0.0
2026-02-24 17:00:00,209.14,209.93,209.02,209.34,3455.0,5,0.0
2026-02-24 18:00:00,209.33,210.33,208.95,209.9,3345.0,5,0.0
2026-02-24 19:00:00,209.9,209.99,208.67,209.32,3546.0,5,0.0
2026-02-24 20:00:00,209.33,209.5,208.14,208.43,2512.0,5,0.0
2026-02-25 11:00:00,209.14,209.67,209.05,209.36,211.0,34,0.0
2026-02-25 12:00:00,209.39,209.78,209.16,209.7,356.0,34,0.0
2026-02-25 13:00:00,209.69,209.91,209.47,209.7,355.0,34,0.0
2026-02-25 14:00:00,209.7,211.2,209.4,210.8,4542.0,5,0.0
2026-02-25 15:00:00,210.81,211.56,209.84,210.37,7765.0,5,0.0
2026-02-25 16:00:00,210.36,210.41,209.45,209.47,3796.0,5,0.0
2026-02-25 17:00:00,209.48,209.81,209.05,209.3,3135.0,5,0.0
2026-02-25 18:00:00,209.3,209.71,208.91,209.61,2387.0,5,0.0
2026-02-25 19:00:00,209.61,210.52,209.61,210.38,2554.0,5,0.0
2026-02-25 20:00:00,210.38,210.58,210.0,210.36,2112.0,5,0.0
2026-02-26 11:00:00,210.68,210.68,210.2,210.25,120.0,34,0.0
2026-02-26 12:00:00,210.29,210.3,209.71,210.13,219.0,34,0.0
2026-02-26 13:00:00,210.04,210.85,210.04,210.58,330.0,34,0.0
2026-02-26 14:00:00,210.56,210.93,208.71,209.3,6323.0,5,0.0
2026-02-26 15:00:00,209.29,209.84,206.92,208.1,16026.0,5,0.0
2026-02-26 16:00:00,208.12,209.11,206.98,207.01,7811.0,5,0.0
2026-02-26 17:00:00,207.01,207.44,205.72,205.73,5164.0,5,0.0
2026-02-26 18:00:00,205.74,207.24,205.32,207.21,5348.0,5,0.0
2026-02-26 19:00:00,207.2,208.35,207.09,208.09,4064.0,5,0.0
2026-02-26 20:00:00,208.08,208.3,207.42,207.84,3319.0,5,0.0
2026-02-27 11:00:00,206.96,206.98,206.13,206.51,193.0,34,0.0
2026-02-27 12:00:00,206.52,206.62,205.97,206.14,314.0,34,0.0
2026-02-27 13:00:00,206.14,208.67,204.72,207.11,1585.0,34,0.0
2026-02-27 14:00:00,207.16,207.46,205.15,206.1,6801.0,5,0.0
2026-02-27 15:00:00,206.12,209.2,205.64,208.57,12389.0,5,0.0
2026-02-27 16:00:00,208.56,209.01,207.61,208.23,7106.0,5,0.0
2026-02-27 17:00:00,208.23,209.6,207.36,207.98,6763.0,5,0.0
2026-02-27 18:00:00,208.0,209.17,207.68,208.72,5104.0,5,0.0
2026-02-27 19:00:00,208.71,209.33,208.41,209.01,4100.0,5,0.0
2026-02-27 20:00:00,209.02,209.86,208.34,208.54,4281.0,5,0.0
2026-03-02 11:00:00,205.01,205.73,204.64,205.36,316.0,34,0.0
2026-03-02 12:00:00,205.36,205.42,204.53,204.71,454.0,34,0.0
2026-03-02 13:00:00,204.73,206.17,204.51,204.97,799.0,34,0.0
2026-03-02 14:00:00,204.98,207.87,203.34,207.0,5787.0,5,0.0
2026-03-02 15:00:00,206.98,208.79,206.75,207.85,13139.0,5,0.0
2026-03-02 16:00:00,207.84,209.4,206.24,208.97,9045.0,5,0.0
2026-03-02 17:00:00,208.98,209.37,208.03,208.41,5398.0,5,0.0
2026-03-02 18:00:00,208.42,208.92,208.12,208.27,4527.0,5,0.0
2026-03-02 19:00:00,208.28,209.68,208.15,208.34,4237.0,5,0.0
2026-03-02 20:00:00,208.34,208.56,207.28,208.05,6781.0,5,0.0
2026-03-03 11:00:00,202.3,203.48,201.96,203.41,520.0,34,0.0
2026-03-03 12:00:00,203.41,204.39,203.36,204.15,550.0,34,0.0
2026-03-03 13:00:00,204.11,204.11,203.0,203.51,688.0,34,0.0
2026-03-03 14:00:00,203.52,205.26,202.72,203.71,10953.0,5,0.0
2026-03-03 15:00:00,203.7,204.4,202.47,203.65,23341.0,5,0.0
2026-03-03 16:00:00,203.66,207.34,203.62,206.48,15692.0,5,0.0
2026-03-03 17:00:00,206.48,207.09,205.77,206.21,10180.0,5,0.0
2026-03-03 18:00:00,206.2,208.58,206.18,208.25,7610.0,5,0.0
2026-03-03 19:00:00,208.25,208.88,207.17,208.56,8980.0,5,0.0
2026-03-03 20:00:00,208.56,209.14,208.17,208.69,5822.0,5,0.0
2026-03-04 11:00:00,208.83,209.31,208.09,208.11,409.0,22,0.0
2026-03-04 12:00:00,208.05,208.52,207.37,208.52,442.0,34,0.0
2026-03-04 13:00:00,208.53,210.0,208.53,209.75,677.0,34,0.0
2026-03-04 14:00:00,209.75,214.87,209.38,214.83,7068.0,5,0.0
2026-03-04 15:00:00,214.85,217.51,213.99,215.35,16123.0,5,0.0
2026-03-04 16:00:00,215.35,216.39,214.94,215.05,9215.0,5,0.0
2026-03-04 17:00:00,215.05,215.72,214.45,215.55,5550.0,5,0.0
2026-03-04 18:00:00,215.56,216.87,215.34,216.79,5877.0,5,0.0
2026-03-04 19:00:00,216.79,217.05,216.29,216.81,4290.0,5,0.0
2026-03-04 20:00:00,216.83,217.38,216.17,217.37,3968.0,5,0.0
2026-03-05 11:00:00,215.91,216.17,215.43,215.49,315.0,34,0.0
2026-03-05 12:00:00,215.49,216.08,215.11,215.43,495.0,34,0.0
2026-03-05 13:00:00,215.41,215.69,214.66,215.07,517.0,34,0.0
2026-03-05 14:00:00,215.17,220.39,215.05,219.27,6088.0,5,0.0
2026-03-05 15:00:00,219.25,219.65,215.69,217.06,14728.0,5,0.0
2026-03-05 16:00:00,217.05,218.17,215.9,217.96,11614.0,5,0.0
2026-03-05 17:00:00,217.98,218.8,216.94,217.82,11417.0,5,0.0
2026-03-05 18:00:00,217.82,218.29,216.82,217.36,10024.0,5,0.0
2026-03-05 19:00:00,217.36,218.16,217.07,218.09,7460.0,5,0.0
2026-03-05 20:00:00,218.1,219.28,217.58,218.95,5056.0,5,0.0
2025-10-06 11:00:00,221.06,221.06,220.7,221.03,348.0,34,0.0
2025-10-06 12:00:00,221.04,221.06,220.32,220.36,464.0,22,0.0
2025-10-06 13:00:00,220.35,221.12,216.02,218.26,4760.0,5,0.0
2025-10-06 14:00:00,218.24,219.04,217.94,218.96,4936.0,5,0.0
2025-10-06 15:00:00,218.96,220.33,218.5,220.15,3125.0,5,0.0
2025-10-06 16:00:00,220.13,220.41,219.32,219.98,2346.0,5,0.0
2025-10-06 17:00:00,219.98,220.96,219.87,220.93,2516.0,5,0.0
2025-10-06 18:00:00,220.93,221.68,220.57,221.33,2511.0,5,0.0
2025-10-06 19:00:00,221.34,221.69,220.59,221.05,1927.0,5,0.0
2025-10-07 10:00:00,220.94,221.32,220.88,221.2,202.0,22,0.0
2025-10-07 11:00:00,221.19,221.22,220.94,221.19,256.0,22,0.0
2025-10-07 12:00:00,221.2,221.54,221.17,221.51,265.0,22,0.0
2025-10-07 13:00:00,221.51,222.78,220.05,221.04,2938.0,5,0.0
2025-10-07 14:00:00,221.05,222.33,220.65,221.84,4712.0,5,0.0
2025-10-07 15:00:00,221.85,221.96,220.39,220.66,5969.0,5,0.0
2025-10-07 16:00:00,220.66,221.5,220.43,220.54,3391.0,5,0.0
2025-10-07 17:00:00,220.56,221.19,220.49,220.7,2346.0,5,0.0
2025-10-07 18:00:00,220.7,221.31,220.52,221.21,2134.0,5,0.0
2025-10-07 19:00:00,221.21,221.7,220.97,221.67,1375.0,5,0.0
2025-10-08 10:00:00,222.52,223.39,222.32,222.98,418.0,34,0.0
2025-10-08 11:00:00,222.93,223.63,222.54,223.47,497.0,34,0.0
2025-10-08 12:00:00,223.46,223.51,222.89,223.06,431.0,34,0.0
2025-10-08 13:00:00,223.08,223.28,221.17,222.19,3897.0,5,0.0
2025-10-08 14:00:00,222.2,224.33,221.88,223.55,5672.0,5,0.0
2025-10-08 15:00:00,223.54,224.35,223.53,224.23,3187.0,5,0.0
2025-10-08 16:00:00,224.23,225.12,224.22,224.62,3213.0,5,0.0
2025-10-08 17:00:00,224.61,226.41,224.57,226.41,3563.0,5,0.0
2025-10-08 18:00:00,226.41,226.7,225.04,225.11,3128.0,5,0.0
2025-10-08 19:00:00,225.1,225.59,224.52,225.48,2560.0,5,0.0
2025-10-09 10:00:00,224.12,224.26,223.71,224.26,305.0,34,0.0
2025-10-09 11:00:00,224.25,224.79,224.25,224.58,356.0,34,0.0
2025-10-09 12:00:00,224.58,224.74,224.34,224.61,354.0,22,0.0
2025-10-09 13:00:00,224.61,225.13,221.84,222.8,4723.0,5,0.0
2025-10-03 14:00:00,223.75,223.79,222.39,222.76,5923.0,5,0.0
2025-10-03 15:00:00,222.77,223.02,222.41,222.66,2940.0,5,0.0
2025-10-03 16:00:00,222.68,222.97,221.93,222.03,2631.0,5,0.0
2025-10-03 17:00:00,222.03,222.04,219.76,220.25,5786.0,5,0.0
2025-10-03 18:00:00,220.26,220.4,219.46,219.7,3977.0,5,0.0
2025-10-03 19:00:00,219.7,219.9,219.47,219.73,2016.0,5,0.0
2025-10-06 10:00:00,220.97,221.18,220.79,221.12,202.0,34,0.0
2025-10-02 14:00:00,219.66,220.85,219.09,220.17,5671.0,5,0.0
2025-10-02 15:00:00,220.16,221.58,219.96,221.41,4200.0,5,0.0
2025-10-02 16:00:00,221.4,222.37,221.09,221.98,3364.0,5,0.0
2025-10-02 17:00:00,221.98,222.78,221.74,222.23,2543.0,5,0.0
2025-10-02 18:00:00,222.23,222.44,221.81,222.25,2172.0,5,0.0
2025-10-02 19:00:00,222.26,222.27,221.51,221.65,1586.0,5,0.0
2025-10-03 10:00:00,223.77,224.16,223.62,223.7,310.0,34,0.0
2025-10-03 11:00:00,223.68,223.68,223.12,223.2,414.0,34,0.0
2025-10-03 12:00:00,223.21,223.29,222.98,223.14,315.0,22,0.0
2025-10-03 13:00:00,223.14,224.06,222.35,223.76,3550.0,5,0.0
2025-10-01 19:00:00,221.9,221.99,220.33,220.41,1860.0,5,0.0
2025-10-02 10:00:00,221.15,221.41,220.85,221.03,358.0,34,0.0
2025-10-02 11:00:00,221.01,221.41,220.9,221.41,271.0,22,0.0
2025-10-02 12:00:00,221.41,221.84,221.4,221.67,409.0,22,0.0
2025-10-02 13:00:00,221.68,221.71,218.84,219.65,4269.0,5,0.0
2025-10-01 18:00:00,221.41,222.12,221.29,221.9,2095.0,5,0.0
2025-10-01 14:00:00,218.79,220.17,218.62,219.66,5192.0,5,0.0
2025-10-01 15:00:00,219.65,221.03,219.1,220.69,3849.0,5,0.0
2025-10-01 16:00:00,220.7,221.45,220.58,220.93,3034.0,5,0.0
2025-10-01 17:00:00,220.94,222.02,220.91,221.4,2446.0,5,0.0
2025-10-01 11:00:00,217.89,218.2,217.7,218.18,306.0,34,0.0
2025-10-01 12:00:00,218.18,218.53,217.99,218.19,388.0,34,0.0
2025-10-01 13:00:00,218.19,219.69,216.47,218.8,4273.0,5,0.0
2025-09-30 18:00:00,218.71,219.42,218.66,219.12,2029.0,5,0.0
2025-09-30 19:00:00,219.11,219.84,219.05,219.4,1641.0,5,0.0
2025-10-01 10:00:00,218.1,218.15,217.64,217.84,212.0,34,0.0
2025-09-30 14:00:00,218.41,219.61,217.85,219.57,5792.0,5,0.0
2025-09-30 15:00:00,219.56,219.72,218.61,218.86,3491.0,5,0.0
2025-09-30 16:00:00,218.86,219.52,218.71,218.79,2542.0,5,0.0
2025-09-30 17:00:00,218.8,219.29,218.66,218.71,2393.0,5,0.0
2025-09-29 15:00:00,221.1,221.49,220.53,221.0,2859.0,5,0.0
2025-09-29 16:00:00,220.99,221.7,220.93,221.15,2276.0,5,0.0
2025-09-29 17:00:00,221.15,221.8,220.61,221.09,3197.0,5,0.0
2025-09-29 18:00:00,221.11,222.0,220.89,221.72,1967.0,5,0.0
2025-09-29 19:00:00,221.72,222.0,221.28,221.91,1767.0,5,0.0
2025-09-30 10:00:00,222.07,222.27,221.75,222.02,231.0,34,0.0
2025-09-30 11:00:00,222.01,222.07,221.84,221.99,226.0,34,0.0
2025-09-30 12:00:00,222.02,222.3,221.95,222.15,243.0,22,0.0
2025-09-30 13:00:00,222.19,222.19,218.34,218.42,4126.0,5,0.0
2025-09-29 10:00:00,222.18,222.63,222.18,222.38,230.0,34,0.0
2025-09-29 11:00:00,222.3,222.33,221.46,221.77,484.0,34,0.0
2025-09-29 12:00:00,221.77,221.8,221.52,221.58,312.0,22,0.0
2025-09-29 13:00:00,221.58,221.78,219.13,221.46,3830.0,5,0.0
2025-09-29 14:00:00,221.48,222.06,220.95,221.1,4084.0,5,0.0
2025-09-25 10:00:00,221.19,221.27,220.44,220.7,283.0,34,0.0
2025-09-25 11:00:00,220.7,220.7,219.37,219.62,567.0,34,0.0
2025-09-25 12:00:00,219.6,220.68,219.2,219.89,700.0,34,0.0
2025-09-25 13:00:00,219.88,220.56,218.16,218.69,3780.0,5,0.0
2025-09-25 14:00:00,218.69,220.6,218.5,219.77,6060.0,5,0.0
2025-09-25 15:00:00,219.77,220.48,219.04,220.24,4374.0,5,0.0
2025-09-25 16:00:00,220.24,220.63,219.04,219.07,3192.0,5,0.0
2025-09-25 17:00:00,219.1,219.18,217.89,218.0,3009.0,5,0.0
2025-09-25 18:00:00,218.01,218.11,216.46,217.22,4956.0,5,0.0
2025-09-25 19:00:00,217.21,217.58,216.91,217.3,2254.0,5,0.0
2025-09-26 10:00:00,218.79,219.15,218.54,218.75,235.0,34,0.0
2025-09-26 11:00:00,218.69,218.87,218.46,218.83,252.0,34,0.0
2025-09-26 12:00:00,218.81,221.4,218.66,220.45,744.0,22,0.0
2025-09-26 13:00:00,220.45,220.93,217.92,220.77,3435.0,5,0.0
2025-09-26 14:00:00,220.76,220.98,218.2,219.1,6286.0,5,0.0
2025-09-26 15:00:00,219.1,219.62,218.63,219.29,3662.0,5,0.0
2025-09-26 16:00:00,219.3,220.24,219.14,220.04,2981.0,5,0.0
2025-09-26 17:00:00,220.03,220.46,219.92,220.27,2192.0,5,0.0
2025-09-26 18:00:00,220.27,220.48,219.94,220.45,2103.0,5,0.0
2025-09-26 19:00:00,220.45,220.59,220.0,220.05,1689.0,5,0.0
2025-09-22 14:00:00,229.55,230.49,229.45,229.97,4316.0,5,0.0
2025-09-22 15:00:00,229.96,230.06,228.75,228.93,3563.0,5,0.0
2025-09-22 16:00:00,228.93,229.05,228.11,228.36,3635.0,5,0.0
2025-09-22 17:00:00,228.36,229.05,228.03,228.18,2847.0,5,0.0
2025-09-22 18:00:00,228.18,228.43,227.88,228.03,2021.0,5,0.0
2025-09-22 19:00:00,228.04,228.08,227.75,227.81,1519.0,5,0.0
2025-09-23 10:00:00,228.33,228.34,227.93,228.19,174.0,34,0.0
2025-09-23 11:00:00,228.2,228.25,227.86,228.24,254.0,34,0.0
2025-09-23 12:00:00,228.23,228.3,228.1,228.26,231.0,22,0.0
2025-09-23 13:00:00,228.26,228.53,221.2,221.48,4923.0,5,0.0
2025-09-23 14:00:00,221.47,223.41,221.31,223.39,7361.0,5,0.0
2025-09-23 15:00:00,223.39,224.1,222.23,222.3,3963.0,5,0.0
2025-09-23 16:00:00,222.31,222.79,222.01,222.57,2665.0,5,0.0
2025-09-23 17:00:00,222.57,222.57,221.11,221.8,3910.0,5,0.0
2025-09-23 18:00:00,221.8,221.8,220.69,220.89,2836.0,5,0.0
2025-09-23 19:00:00,220.9,221.15,220.05,221.04,2687.0,5,0.0
2025-09-24 10:00:00,224.19,224.6,223.95,224.28,356.0,34,0.0
2025-09-24 11:00:00,224.18,224.19,223.26,223.68,512.0,34,0.0
2025-09-24 12:00:00,223.66,224.1,223.15,223.72,485.0,22,0.0
2025-09-24 13:00:00,223.72,224.33,221.31,221.66,3699.0,5,0.0
2025-09-24 14:00:00,221.64,222.56,220.74,221.17,4982.0,5,0.0
2025-09-24 15:00:00,221.17,221.8,219.79,219.83,4038.0,5,0.0
2025-09-24 16:00:00,219.84,221.01,219.53,220.23,3572.0,5,0.0
2025-09-24 17:00:00,220.23,221.16,220.07,220.39,2702.0,5,0.0
2025-09-24 18:00:00,220.4,220.66,219.89,220.41,2059.0,5,0.0
2025-09-24 19:00:00,220.41,220.41,219.43,219.61,1716.0,5,0.0
2025-09-22 11:00:00,230.72,230.73,230.38,230.51,221.0,34,0.0
2025-09-22 12:00:00,230.55,230.8,230.36,230.68,253.0,34,0.0
2025-09-22 13:00:00,230.64,230.78,227.76,229.56,3066.0,5,0.0
2025-09-19 19:00:00,232.17,232.41,231.57,232.0,2660.0,5,0.0
2025-09-22 10:00:00,230.94,230.94,230.54,230.68,147.0,34,0.0
2025-09-19 11:00:00,231.9,232.11,231.59,231.92,134.0,34,0.0
2025-09-19 12:00:00,231.91,232.41,231.91,232.14,295.0,22,0.0
2025-09-19 13:00:00,232.13,233.14,231.74,233.1,2926.0,11,0.0
2025-09-19 14:00:00,233.09,233.86,232.5,233.61,3430.0,5,0.0
2025-09-19 15:00:00,233.61,234.12,232.91,233.02,2988.0,5,0.0
2025-09-19 16:00:00,233.02,234.13,232.9,233.22,3226.0,5,0.0
2025-09-19 17:00:00,233.21,233.39,232.56,232.72,2448.0,5,0.0
2025-09-19 18:00:00,232.72,232.93,231.8,232.16,2518.0,5,0.0
2025-09-18 11:00:00,232.8,233.06,232.53,232.79,337.0,34,0.0
2025-09-18 12:00:00,232.82,233.01,232.21,232.25,417.0,22,0.0
2025-09-18 13:00:00,232.25,232.47,228.74,230.07,3451.0,5,0.0
2025-09-18 14:00:00,230.06,232.07,230.06,231.82,4052.0,5,0.0
2025-09-18 15:00:00,231.82,233.04,231.79,232.16,3087.0,5,0.0
2025-09-18 16:00:00,232.14,233.44,231.93,233.06,2641.0,5,0.0
2025-09-18 17:00:00,233.07,233.26,232.0,232.12,2183.0,5,0.0
2025-09-18 18:00:00,232.12,232.55,231.54,231.99,2442.0,5,0.0
2025-09-18 19:00:00,231.99,232.04,230.81,231.03,2377.0,5,0.0
2025-09-19 10:00:00,232.04,232.04,231.78,231.9,102.0,34,0.0
2025-09-16 12:00:00,232.8,233.38,232.61,233.24,331.0,34,0.0
2025-09-16 13:00:00,233.24,234.05,232.19,232.73,3770.0,11,0.0
2025-09-16 14:00:00,232.75,235.54,232.63,234.73,4483.0,5,0.0
2025-09-16 15:00:00,234.73,235.87,234.47,235.2,2873.0,5,0.0
2025-09-16 16:00:00,235.21,235.47,234.57,234.66,2241.0,5,0.0
2025-09-16 17:00:00,234.67,235.42,234.61,235.24,1905.0,5,0.0
2025-09-16 18:00:00,235.25,235.3,234.66,234.84,1849.0,5,0.0
2025-09-16 19:00:00,234.84,234.94,234.23,234.38,1900.0,5,0.0
2025-09-17 10:00:00,234.28,234.28,232.23,232.37,356.0,22,0.0
2025-09-17 11:00:00,232.37,233.61,232.37,233.58,406.0,34,0.0
2025-09-17 12:00:00,233.62,233.96,233.02,233.06,248.0,34,0.0
2025-09-17 13:00:00,233.06,234.08,231.22,231.43,3357.0,5,0.0
2025-09-17 14:00:00,231.44,231.5,229.68,230.45,4786.0,5,0.0
2025-09-17 15:00:00,230.45,231.06,230.02,230.85,3120.0,5,0.0
2025-09-17 16:00:00,230.85,231.06,230.24,230.46,2342.0,5,0.0
2025-09-17 17:00:00,230.46,231.66,230.44,231.65,2178.0,5,0.0
2025-09-17 18:00:00,231.63,232.35,228.66,229.99,6961.0,5,0.0
2025-09-17 19:00:00,229.97,231.59,229.9,230.85,8203.0,5,0.0
2025-09-18 10:00:00,232.99,233.11,232.44,232.83,253.0,34,0.0
2025-09-15 10:00:00,230.46,232.57,230.33,231.9,567.0,34,0.0
2025-09-15 11:00:00,231.89,231.89,230.37,230.41,477.0,34,0.0
2025-09-15 12:00:00,230.41,230.84,229.87,230.28,396.0,34,0.0
2025-09-15 13:00:00,230.28,232.02,229.87,231.67,2819.0,5,0.0
2025-09-15 14:00:00,231.72,233.35,230.88,233.32,4653.0,5,0.0
2025-09-15 15:00:00,233.3,233.68,232.4,232.58,4089.0,5,0.0
2025-09-15 16:00:00,232.58,233.23,231.71,231.81,3126.0,5,0.0
2025-09-15 17:00:00,231.8,231.84,231.01,231.76,2183.0,5,0.0
2025-09-15 18:00:00,231.76,232.18,231.06,231.47,2266.0,5,0.0
2025-09-15 19:00:00,231.47,231.93,230.83,230.94,2241.0,5,0.0
2025-09-16 10:00:00,232.38,233.39,232.38,232.99,231.0,34,0.0
2025-09-16 11:00:00,232.99,232.99,232.22,232.81,372.0,34,0.0
2025-08-29 14:00:00,229.81,230.32,228.47,228.7,4490.0,5,0.0
2025-08-29 15:00:00,228.7,229.16,228.43,228.47,3475.0,5,0.0
2025-08-29 16:00:00,228.45,229.01,228.41,228.77,1998.0,5,0.0
2025-08-29 17:00:00,228.77,228.91,228.14,228.79,2529.0,5,0.0
2025-08-29 18:00:00,228.79,228.94,228.51,228.85,2160.0,5,0.0
2025-08-29 19:00:00,228.83,229.13,228.68,228.95,1601.0,5,0.0
2025-09-02 10:00:00,226.21,226.71,225.9,225.99,261.0,34,0.0
2025-09-02 11:00:00,225.99,225.99,225.42,225.47,311.0,34,0.0
2025-09-02 12:00:00,225.51,225.52,223.74,223.74,602.0,34,0.0
2025-09-02 13:00:00,223.75,225.27,222.55,224.62,3170.0,11,0.0
2025-09-02 14:00:00,224.64,225.01,223.44,223.97,4455.0,5,0.0
2025-09-02 15:00:00,223.97,224.01,221.81,222.02,4316.0,5,0.0
2025-09-02 16:00:00,222.02,224.47,222.02,224.35,3251.0,5,0.0
2025-09-02 17:00:00,224.35,225.94,224.33,225.24,2883.0,5,0.0
2025-09-02 18:00:00,225.25,225.63,224.88,225.22,2503.0,5,0.0
2025-09-02 19:00:00,225.21,225.77,225.21,225.64,1940.0,5,0.0
2025-09-03 10:00:00,225.81,225.86,225.66,225.79,225.0,22,0.0
2025-09-03 11:00:00,225.76,225.83,225.0,225.18,268.0,22,0.0
2025-09-03 12:00:00,225.18,225.57,225.04,225.25,265.0,34,0.0
2025-09-03 13:00:00,225.22,227.04,224.73,226.24,2622.0,11,0.0
2025-09-03 14:00:00,226.23,227.08,225.82,226.43,4173.0,5,0.0
2025-09-03 15:00:00,226.43,226.54,225.28,225.86,3413.0,5,0.0
2025-09-03 16:00:00,225.84,225.92,224.87,225.12,2582.0,5,0.0
2025-09-03 17:00:00,225.11,226.06,224.75,225.01,2596.0,5,0.0
2025-09-03 18:00:00,225.02,225.02,224.33,224.57,2860.0,5,0.0
2025-09-03 19:00:00,224.57,225.53,224.49,225.49,1748.0,5,0.0
2025-09-04 10:00:00,228.88,229.69,228.88,229.31,217.0,34,0.0
2025-09-04 11:00:00,229.31,230.29,229.29,229.92,377.0,34,0.0
2025-09-04 12:00:00,229.92,231.52,229.92,230.91,720.0,34,0.0
2025-09-04 13:00:00,230.91,234.75,230.46,233.91,5299.0,11,0.0
2025-09-04 14:00:00,233.89,234.1,232.02,232.36,5208.0,5,0.0
2025-09-04 15:00:00,232.34,233.65,232.09,233.48,4152.0,5,0.0
2025-09-04 16:00:00,233.49,234.53,233.29,233.78,3877.0,5,0.0
2025-09-04 17:00:00,233.78,234.78,233.75,234.74,3204.0,5,0.0
2025-09-04 18:00:00,234.75,235.66,234.75,235.12,4395.0,5,0.0
2025-09-04 19:00:00,235.11,235.5,234.77,235.49,2796.0,5,0.0
2025-09-05 10:00:00,234.76,234.89,234.36,234.55,173.0,34,0.0
2025-09-05 11:00:00,234.56,235.07,234.47,234.61,289.0,34,0.0
2025-09-05 12:00:00,234.64,235.38,234.0,235.31,685.0,34,0.0
2025-09-05 13:00:00,235.35,236.05,233.91,235.26,3314.0,11,0.0
2025-09-05 14:00:00,235.24,235.93,232.61,232.84,5145.0,11,0.0
2025-09-05 15:00:00,232.83,233.81,231.89,233.59,4402.0,5,0.0
2025-09-05 16:00:00,233.61,234.27,233.2,233.61,3471.0,5,0.0
2025-09-05 17:00:00,233.61,233.62,232.71,233.03,3146.0,5,0.0
2025-09-05 18:00:00,233.02,233.25,232.7,232.96,2352.0,5,0.0
2025-09-05 19:00:00,232.95,233.06,232.18,232.35,2572.0,5,0.0
2025-09-08 10:00:00,233.19,233.19,232.74,232.77,111.0,34,0.0
2025-09-08 11:00:00,232.76,233.48,232.72,233.37,191.0,34,0.0
2025-09-08 12:00:00,233.41,234.03,233.34,233.87,283.0,34,0.0
2025-09-08 13:00:00,233.88,235.36,233.53,234.13,3358.0,11,0.0
2025-09-08 14:00:00,234.16,237.15,233.71,236.86,4231.0,5,0.0
2025-09-08 15:00:00,236.84,237.57,236.63,237.03,3282.0,5,0.0
2025-09-08 16:00:00,237.03,237.08,235.46,235.73,2703.0,5,0.0
2025-09-08 17:00:00,235.75,236.24,235.67,235.9,2421.0,5,0.0
2025-09-08 18:00:00,235.9,236.64,235.72,236.45,2135.0,5,0.0
2025-09-08 19:00:00,236.45,236.46,235.9,236.36,1987.0,5,0.0
2025-09-09 10:00:00,235.88,236.01,235.67,235.89,74.0,34,0.0
2025-09-09 11:00:00,235.88,235.95,235.34,235.86,153.0,34,0.0
2025-09-09 12:00:00,235.86,236.0,235.54,235.67,202.0,34,0.0
2025-09-09 13:00:00,235.67,236.73,234.92,236.29,2003.0,11,0.0
2025-09-09 14:00:00,236.31,236.65,235.05,236.56,3287.0,5,0.0
2025-09-09 15:00:00,236.54,236.7,235.69,236.08,2223.0,5,0.0
2025-09-09 16:00:00,236.1,237.81,236.02,237.49,2218.0,5,0.0
2025-09-09 17:00:00,237.49,237.87,237.33,237.73,1874.0,5,0.0
2025-09-09 18:00:00,237.73,238.7,237.47,238.33,2976.0,5,0.0
2025-09-09 19:00:00,238.32,238.79,238.09,238.37,2134.0,5,0.0
2025-09-10 10:00:00,236.81,237.73,236.46,236.65,324.0,34,0.0
2025-09-10 11:00:00,236.6,237.75,236.59,236.81,432.0,34,0.0
2025-09-10 12:00:00,236.79,237.74,236.11,236.87,623.0,34,0.0
2025-09-10 13:00:00,236.91,237.71,230.56,232.61,5471.0,5,0.0
2025-09-10 14:00:00,232.63,234.34,232.15,232.8,5044.0,5,0.0
2025-09-10 15:00:00,232.81,233.58,231.89,232.62,3830.0,5,0.0
2025-09-10 16:00:00,232.62,232.65,231.14,231.69,3224.0,5,0.0
2025-09-10 17:00:00,231.69,232.11,230.63,231.1,3487.0,5,0.0
2025-09-10 18:00:00,231.09,231.47,229.61,230.37,3772.0,5,0.0
2025-09-10 19:00:00,230.38,230.56,229.28,229.58,3475.0,5,0.0
2025-09-11 10:00:00,231.49,232.01,231.49,231.93,148.0,34,0.0
2025-09-11 11:00:00,231.88,231.91,231.47,231.7,236.0,34,0.0
2025-09-11 12:00:00,231.71,232.04,231.08,231.96,499.0,34,0.0
2025-09-11 13:00:00,232.0,232.39,229.47,230.96,3405.0,11,0.0
2025-09-11 14:00:00,230.98,231.0,229.28,230.97,4571.0,5,0.0
2025-09-11 15:00:00,230.98,231.44,230.54,231.01,3020.0,5,0.0
2025-09-11 16:00:00,231.0,231.4,230.73,231.13,2650.0,5,0.0
2025-09-11 17:00:00,231.14,231.49,230.87,231.12,2200.0,5,0.0
2025-09-11 18:00:00,231.12,231.29,230.43,230.48,2020.0,5,0.0
2025-09-11 19:00:00,230.47,230.48,229.7,230.08,1921.0,5,0.0
2025-09-12 10:00:00,230.26,230.27,229.88,229.98,118.0,34,0.0
2025-09-12 11:00:00,229.91,230.1,229.46,230.03,238.0,34,0.0
2025-09-12 12:00:00,230.05,230.07,229.85,230.03,197.0,34,0.0
2025-09-12 13:00:00,230.03,231.25,228.31,229.01,3374.0,5,0.0
2025-09-12 14:00:00,228.9,230.17,228.36,230.1,3925.0,5,0.0
2025-09-12 15:00:00,230.1,230.31,228.69,229.06,2437.0,5,0.0
2025-09-12 16:00:00,229.05,229.05,228.11,228.52,2393.0,5,0.0
2025-09-12 17:00:00,228.52,228.58,226.27,227.31,3868.0,5,0.0
2025-09-12 18:00:00,227.31,228.0,227.15,227.86,2506.0,5,0.0
2025-09-12 19:00:00,227.87,228.1,227.49,227.88,2047.0,5,0.0
2025-08-29 12:00:00,230.53,231.29,230.3,231.17,283.0,34,0.0
2025-08-29 13:00:00,231.17,231.65,229.54,229.83,2154.0,5,0.0
2025-08-28 19:00:00,231.83,231.89,231.46,231.63,1295.0,5,0.0
2025-08-29 10:00:00,230.52,230.75,230.45,230.49,120.0,34,0.0
2025-08-29 11:00:00,230.62,230.79,230.45,230.53,141.0,34,0.0
2025-08-28 18:00:00,232.04,232.21,231.82,231.83,1591.0,5,0.0
2025-08-28 16:00:00,231.58,232.62,231.43,231.82,2406.0,5,0.0
2025-08-28 17:00:00,231.82,232.11,231.54,232.04,1818.0,5,0.0
2025-08-28 14:00:00,229.09,231.48,228.95,231.39,3496.0,5,0.0
2025-08-28 15:00:00,231.38,232.65,231.25,231.57,3401.0,5,0.0
2025-08-28 13:00:00,229.09,230.73,227.97,229.08,2748.0,11,0.0
2025-08-27 19:00:00,228.84,229.06,228.26,229.04,1713.0,5,0.0
2025-08-28 10:00:00,229.3,229.36,229.12,229.17,40.0,34,0.0
2025-08-28 11:00:00,229.15,229.34,228.74,228.97,143.0,34,0.0
2025-08-28 12:00:00,229.0,229.12,228.76,229.11,255.0,34,0.0
2025-08-27 18:00:00,228.83,229.24,228.73,228.84,1350.0,5,0.0
2025-08-27 17:00:00,228.8,228.94,228.39,228.83,1338.0,5,0.0
2025-08-27 14:00:00,229.12,229.67,228.89,228.94,2818.0,5,0.0
2025-08-27 15:00:00,228.95,229.33,228.56,229.22,1985.0,5,0.0
2025-08-27 16:00:00,229.23,229.31,228.27,228.8,1822.0,5,0.0
2025-08-27 10:00:00,228.36,229.18,228.36,228.67,308.0,34,0.0
2025-08-27 11:00:00,228.71,229.07,228.38,228.6,171.0,34,0.0
2025-08-27 12:00:00,228.51,228.71,228.13,228.57,573.0,22,0.0
2025-08-27 13:00:00,228.59,229.74,227.68,229.13,2834.0,5,0.0
2025-08-26 17:00:00,227.95,227.96,227.3,227.45,1368.0,5,0.0
2025-08-26 18:00:00,227.45,228.07,227.42,227.99,1195.0,5,0.0
2025-08-26 19:00:00,227.99,228.39,227.81,227.92,1407.0,5,0.0
2025-08-26 10:00:00,227.32,227.46,227.27,227.32,105.0,34,0.0
2025-08-26 11:00:00,227.3,227.31,226.89,226.94,158.0,34,0.0
2025-08-26 12:00:00,226.88,227.03,226.49,227.02,241.0,34,0.0
2025-08-26 13:00:00,227.01,227.97,225.97,226.85,2053.0,11,0.0
2025-08-26 14:00:00,226.86,228.56,226.68,228.33,3236.0,5,0.0
2025-08-26 15:00:00,228.33,228.49,227.8,228.14,2267.0,5,0.0
2025-08-26 16:00:00,228.14,228.42,227.75,227.95,1562.0,5,0.0
2025-08-25 19:00:00,228.44,228.83,228.36,228.75,1196.0,5,0.0
2025-08-25 17:00:00,228.38,228.64,228.1,228.52,1663.0,5,0.0
2025-08-25 18:00:00,228.52,228.62,228.27,228.43,1348.0,5,0.0
2025-08-25 16:00:00,228.75,228.84,228.13,228.38,1840.0,5,0.0
2025-08-25 14:00:00,228.34,229.31,227.91,229.22,3335.0,5,0.0
2025-08-25 15:00:00,229.22,229.57,228.68,228.74,2526.0,5,0.0
2025-08-21 14:00:00,220.9,222.54,220.53,221.52,3927.0,5,0.0
2025-08-21 15:00:00,221.53,222.37,220.99,221.08,4006.0,5,0.0
2025-08-21 16:00:00,221.08,221.71,220.79,221.12,2839.0,5,0.0
2025-08-21 17:00:00,221.13,221.63,220.69,221.49,2534.0,5,0.0
2025-08-21 18:00:00,221.48,221.97,221.3,221.79,1965.0,5,0.0
2025-08-21 19:00:00,221.76,222.1,221.69,222.07,1653.0,5,0.0
2025-08-22 10:00:00,222.41,222.75,222.41,222.7,120.0,34,0.0
2025-08-22 11:00:00,222.69,222.81,222.49,222.52,169.0,34,0.0
2025-08-22 12:00:00,222.56,222.93,222.53,222.77,217.0,22,0.0
2025-08-22 13:00:00,222.77,222.86,220.77,221.09,2450.0,5,0.0
2025-08-22 14:00:00,221.16,226.84,221.16,226.41,6358.0,5,0.0
2025-08-22 15:00:00,226.42,227.77,226.42,226.78,3530.0,5,0.0
2025-08-22 16:00:00,226.79,227.3,226.42,226.87,2252.0,5,0.0
2025-08-22 17:00:00,226.87,228.26,226.87,228.09,2430.0,5,0.0
2025-08-22 18:00:00,228.09,228.98,227.96,228.88,2031.0,5,0.0
2025-08-22 19:00:00,228.88,228.97,228.2,228.61,2201.0,5,0.0
2025-08-25 10:00:00,227.4,227.43,226.9,226.98,184.0,34,0.0
2025-08-25 11:00:00,226.96,227.38,226.89,227.35,213.0,34,0.0
2025-08-25 12:00:00,227.35,227.35,226.96,227.19,184.0,34,0.0
2025-08-25 13:00:00,227.17,229.0,226.99,228.33,2540.0,5,0.0
2025-08-18 14:00:00,228.66,230.49,228.66,230.48,2912.0,5,0.0
2025-08-18 15:00:00,230.45,230.72,230.02,230.34,2170.0,5,0.0
2025-08-18 16:00:00,230.34,230.55,229.7,230.06,1927.0,5,0.0
2025-08-18 17:00:00,230.06,231.13,230.05,230.44,1842.0,5,0.0
2025-08-18 18:00:00,230.45,231.15,230.38,231.11,1854.0,5,0.0
2025-08-18 19:00:00,231.11,231.69,231.04,231.59,1693.0,5,0.0
2025-08-19 10:00:00,230.57,230.73,230.4,230.46,176.0,34,0.0
2025-08-19 11:00:00,230.43,230.96,230.43,230.92,272.0,22,0.0
2025-08-19 12:00:00,230.93,230.93,230.47,230.47,252.0,22,0.0
2025-08-19 13:00:00,230.47,230.52,228.55,229.06,2558.0,5,0.0
2025-08-19 14:00:00,229.05,229.52,227.64,228.37,4183.0,5,0.0
2025-08-19 15:00:00,228.36,229.08,228.09,228.99,2877.0,5,0.0
2025-08-19 16:00:00,228.99,229.32,228.0,228.25,3180.0,5,0.0
2025-08-19 17:00:00,228.25,228.45,227.86,228.15,2278.0,5,0.0
2025-08-19 18:00:00,228.16,228.16,227.23,227.46,2379.0,5,0.0
2025-08-19 19:00:00,227.45,227.72,227.1,227.66,1720.0,5,0.0
2025-08-20 10:00:00,226.66,226.95,226.57,226.62,130.0,34,0.0
2025-08-20 11:00:00,226.67,227.18,226.48,226.68,276.0,34,0.0
2025-08-20 12:00:00,226.68,226.78,226.46,226.56,349.0,22,0.0
2025-08-20 13:00:00,226.5,227.08,222.92,223.68,3527.0,5,0.0
2025-08-20 14:00:00,223.68,223.94,220.87,221.24,5837.0,5,0.0
2025-08-20 15:00:00,221.23,224.21,221.1,222.82,4353.0,5,0.0
2025-08-20 16:00:00,222.83,224.28,222.78,223.38,3055.0,5,0.0
2025-08-20 17:00:00,223.36,224.73,223.31,223.78,2998.0,5,0.0
2025-08-20 18:00:00,223.78,223.83,223.15,223.36,3026.0,5,0.0
2025-08-20 19:00:00,223.36,224.34,223.35,224.29,2463.0,5,0.0
2025-08-21 10:00:00,223.04,223.18,222.63,222.74,291.0,34,0.0
2025-08-21 11:00:00,222.73,223.21,222.4,222.49,295.0,34,0.0
2025-08-21 12:00:00,222.49,222.78,222.07,222.42,385.0,34,0.0
2025-08-21 13:00:00,222.31,222.7,220.5,220.89,2921.0,5,0.0
2025-08-14 17:00:00,231.57,232.99,231.08,232.93,3256.0,5,0.0
2025-08-14 18:00:00,232.93,233.08,231.53,231.61,3800.0,5,0.0
2025-08-14 19:00:00,231.61,232.04,231.03,231.45,3153.0,5,0.0
2025-08-15 10:00:00,231.17,231.67,231.14,231.51,155.0,22,0.0
2025-08-15 11:00:00,231.48,231.94,231.41,231.9,249.0,34,0.0
2025-08-15 12:00:00,231.92,232.38,231.83,232.29,438.0,34,0.0
2025-08-15 13:00:00,232.29,233.93,231.17,231.61,3286.0,11,0.0
2025-08-15 14:00:00,231.57,232.65,231.24,231.36,3789.0,5,0.0
2025-08-15 15:00:00,231.37,231.94,230.33,230.63,3126.0,5,0.0
2025-08-15 16:00:00,230.61,230.64,229.78,230.48,2667.0,5,0.0
2025-08-15 17:00:00,230.48,230.81,229.94,230.81,1913.0,5,0.0
2025-08-15 18:00:00,230.8,230.99,230.07,230.47,2468.0,5,0.0
2025-08-15 19:00:00,230.46,231.08,230.07,231.04,1768.0,5,0.0
2025-08-18 10:00:00,229.6,230.2,229.6,230.1,203.0,34,0.0
2025-08-18 11:00:00,230.15,230.35,229.92,230.35,214.0,34,0.0
2025-08-18 12:00:00,230.33,230.49,230.06,230.44,207.0,34,0.0
2025-08-18 13:00:00,230.44,230.72,228.28,228.65,2473.0,5,0.0
2025-08-14 16:00:00,229.76,231.69,229.54,231.56,4278.0,5,0.0
2025-08-12 14:00:00,219.79,221.16,219.29,220.8,4899.0,5,0.0
2025-08-12 15:00:00,220.79,222.04,220.77,221.99,3262.0,5,0.0
2025-08-12 16:00:00,221.99,222.14,221.36,221.99,2041.0,5,0.0
2025-08-12 17:00:00,221.99,222.4,221.65,222.07,1787.0,5,0.0
2025-08-12 18:00:00,222.07,222.17,221.72,221.93,1409.0,5,0.0
2025-08-12 19:00:00,221.93,221.93,221.52,221.74,1426.0,5,0.0
2025-08-13 10:00:00,221.88,222.03,221.85,221.96,131.0,22,0.0
2025-08-13 11:00:00,221.96,221.97,221.49,221.53,191.0,22,0.0
2025-08-13 12:00:00,221.54,221.74,221.28,221.59,257.0,22,0.0
2025-08-13 13:00:00,221.58,224.85,221.58,224.27,3003.0,5,0.0
2025-08-13 14:00:00,224.29,224.29,222.46,223.17,5330.0,5,0.0
2025-08-13 15:00:00,223.18,224.85,222.8,223.37,4120.0,5,0.0
2025-08-13 16:00:00,223.38,224.55,223.17,224.35,2925.0,5,0.0
2025-08-13 17:00:00,224.35,224.69,224.15,224.52,2168.0,5,0.0
2025-08-13 18:00:00,224.51,224.51,223.88,224.23,2342.0,5,0.0
2025-08-13 19:00:00,224.23,224.56,224.05,224.07,1623.0,5,0.0
2025-08-14 10:00:00,224.67,224.97,224.62,224.95,159.0,34,0.0
2025-08-14 11:00:00,224.92,225.3,224.65,225.28,219.0,34,0.0
2025-08-14 12:00:00,225.26,226.34,223.92,225.69,976.0,34,0.0
2025-08-14 13:00:00,225.72,230.42,225.5,230.16,4410.0,5,0.0
2025-08-14 14:00:00,230.17,230.46,228.47,229.87,5221.0,5,0.0
2025-08-14 15:00:00,229.87,230.07,228.24,229.77,4390.0,5,0.0
2025-08-08 16:00:00,222.83,223.12,222.2,222.46,2086.0,5,0.0
2025-08-08 17:00:00,222.46,222.65,222.21,222.54,1745.0,5,0.0
2025-08-08 18:00:00,222.55,222.66,221.87,222.27,1599.0,5,0.0
2025-08-08 19:00:00,222.27,222.68,222.12,222.44,1506.0,5,0.0
2025-08-11 10:00:00,222.96,223.16,222.86,223.07,146.0,34,0.0
2025-08-11 11:00:00,223.0,223.09,222.87,223.05,156.0,34,0.0
2025-08-11 12:00:00,223.04,223.73,223.03,223.07,360.0,34,0.0
2025-08-11 13:00:00,223.07,223.15,220.38,220.98,2463.0,5,0.0
2025-08-11 14:00:00,220.97,222.01,220.79,221.46,3733.0,5,0.0
2025-08-11 15:00:00,221.45,221.84,221.03,221.49,2773.0,5,0.0
2025-08-11 16:00:00,221.48,222.2,221.3,221.79,2019.0,5,0.0
2025-08-11 17:00:00,221.78,221.86,220.81,220.99,2145.0,5,0.0
2025-08-11 18:00:00,221.01,221.07,220.59,220.98,2039.0,5,0.0
2025-08-11 19:00:00,220.97,221.29,220.65,220.71,1491.0,5,0.0
2025-08-12 10:00:00,221.22,221.22,221.03,221.08,113.0,34,0.0
2025-08-12 11:00:00,221.08,221.15,220.85,220.9,207.0,34,0.0
2025-08-12 12:00:00,220.91,222.77,220.84,222.46,721.0,22,0.0
2025-08-12 13:00:00,222.46,223.37,219.01,219.8,3738.0,5,0.0
2025-08-08 14:00:00,222.92,223.26,221.96,222.79,4074.0,5,0.0
2025-08-08 15:00:00,222.8,223.43,222.19,222.84,3000.0,5,0.0
2025-08-07 15:00:00,223.4,223.71,222.74,222.83,4128.0,5,0.0
2025-08-07 16:00:00,222.81,223.19,221.76,222.9,4099.0,5,0.0
2025-08-07 17:00:00,222.91,223.12,221.42,221.98,3850.0,5,0.0
2025-08-07 18:00:00,221.98,222.07,220.8,221.41,3138.0,5,0.0
2025-08-07 19:00:00,221.4,221.74,221.07,221.56,2231.0,5,0.0
2025-08-08 10:00:00,223.9,223.96,223.76,223.79,135.0,33,0.0
2025-08-08 11:00:00,223.78,223.81,223.65,223.75,203.0,33,0.0
2025-08-08 12:00:00,223.75,223.76,223.08,223.39,277.0,33,0.0
2025-08-08 13:00:00,223.39,223.81,222.41,222.93,2357.0,5,0.0
2025-08-07 14:00:00,225.5,226.14,223.02,223.4,5869.0,5,0.0
2025-08-06 19:00:00,220.79,221.85,220.76,221.65,2344.0,5,0.0
2025-08-07 10:00:00,222.39,222.49,221.92,222.06,306.0,33,0.0
2025-08-07 11:00:00,222.02,222.57,221.54,221.67,524.0,33,0.0
2025-08-07 12:00:00,221.72,221.76,220.97,221.15,544.0,22,0.0
2025-08-07 13:00:00,221.15,225.76,220.61,225.48,3507.0,5,0.0
2025-08-06 14:00:00,213.81,217.75,213.73,217.61,5931.0,5,0.0
2025-08-06 15:00:00,217.61,218.54,217.13,218.47,4710.0,5,0.0
2025-08-06 16:00:00,218.46,219.88,218.27,219.79,3521.0,5,0.0
2025-08-06 17:00:00,219.8,221.64,219.52,221.08,3793.0,5,0.0
2025-08-06 18:00:00,221.08,221.9,220.78,220.81,2907.0,5,0.0
2025-07-31 17:00:00,234.93,235.44,233.06,233.27,4434.0,5,0.0
2025-07-31 18:00:00,233.25,234.98,233.2,234.13,5428.0,5,0.0
2025-07-31 19:00:00,234.14,234.81,233.36,234.71,4967.0,5,0.0
2025-08-01 10:00:00,216.21,216.35,214.43,215.39,956.0,33,0.0
2025-08-01 11:00:00,215.44,216.31,214.47,215.71,1423.0,33,0.0
2025-08-01 12:00:00,215.69,217.12,214.55,215.91,1955.0,33,0.0
2025-08-01 13:00:00,215.84,220.36,215.07,218.39,7644.0,11,0.0
2025-08-01 14:00:00,218.36,220.21,216.06,216.31,7458.0,5,0.0
2025-08-01 15:00:00,216.29,216.51,215.08,215.89,6791.0,5,0.0
2025-08-01 16:00:00,215.88,216.45,214.8,214.86,5748.0,5,0.0
2025-08-01 17:00:00,214.85,215.17,213.44,213.6,5451.0,5,0.0
2025-08-01 18:00:00,213.6,215.14,212.79,214.51,5767.0,5,0.0
2025-08-01 19:00:00,214.5,215.38,214.46,214.92,4366.0,5,0.0
2025-08-04 10:00:00,217.98,218.63,217.94,217.98,518.0,33,0.0
2025-08-04 11:00:00,217.96,218.0,216.95,217.1,647.0,33,0.0
2025-08-04 12:00:00,217.11,217.54,216.9,217.13,469.0,22,0.0
2025-08-04 13:00:00,217.14,217.81,214.35,215.57,5061.0,5,0.0
2025-08-04 14:00:00,215.56,215.65,212.06,212.71,9683.0,5,0.0
2025-08-04 15:00:00,212.71,213.05,211.4,212.77,6355.0,5,0.0
2025-08-04 16:00:00,212.77,213.59,212.43,212.81,4243.0,5,0.0
2025-08-04 17:00:00,212.8,213.26,212.42,212.64,3129.0,5,0.0
2025-08-04 18:00:00,212.64,213.11,212.03,212.2,3230.0,5,0.0
2025-08-04 19:00:00,212.2,212.67,211.63,211.64,2488.0,5,0.0
2025-08-05 10:00:00,213.0,213.13,212.9,213.04,245.0,33,0.0
2025-08-05 11:00:00,213.03,213.03,212.54,212.87,338.0,33,0.0
2025-08-05 12:00:00,212.89,213.36,212.68,212.73,585.0,22,0.0
2025-08-05 13:00:00,212.73,216.24,212.47,215.65,3710.0,5,0.0
2025-08-05 14:00:00,215.19,215.94,213.47,214.33,6828.0,5,0.0
2025-08-05 15:00:00,214.32,215.34,213.94,214.33,4366.0,5,0.0
2025-08-05 16:00:00,214.33,215.66,214.28,214.92,3263.0,5,0.0
2025-08-05 17:00:00,214.92,215.64,214.32,215.4,2366.0,5,0.0
2025-08-05 18:00:00,215.4,215.44,213.59,213.79,2878.0,5,0.0
2025-08-05 19:00:00,213.79,214.18,213.51,213.89,2425.0,5,0.0
2025-08-06 10:00:00,215.02,215.09,214.41,214.96,438.0,33,0.0
2025-08-06 11:00:00,214.91,215.58,214.82,215.28,436.0,33,0.0
2025-08-06 12:00:00,215.29,215.29,214.52,214.85,435.0,22,0.0
2025-08-06 13:00:00,214.85,215.11,213.73,213.8,3229.0,5,0.0
2025-07-31 16:00:00,234.72,236.5,234.43,234.92,4711.0,5,0.0
2025-07-31 15:00:00,232.17,234.75,231.91,234.73,5404.0,5,0.0
2025-07-30 15:00:00,229.84,230.33,229.51,230.26,2507.0,5,0.0
2025-07-30 16:00:00,230.26,230.63,230.06,230.44,1556.0,5,0.0
2025-07-30 17:00:00,230.44,230.93,230.14,230.66,1495.0,5,0.0
2025-07-30 18:00:00,230.67,230.96,229.63,229.78,3895.0,5,0.0
2025-07-30 19:00:00,229.77,230.22,229.26,229.56,5236.0,5,0.0
2025-07-31 10:00:00,237.72,238.04,237.43,237.57,358.0,33,0.0
2025-07-31 11:00:00,237.63,237.72,236.64,236.84,683.0,33,0.0
2025-07-31 12:00:00,236.85,237.49,236.41,236.9,803.0,33,0.0
2025-07-31 13:00:00,236.92,237.42,231.31,233.5,4993.0,11,0.0
2025-07-31 14:00:00,233.48,234.3,231.46,232.18,5951.0,5,0.0
2025-07-30 14:00:00,230.69,230.69,229.72,229.84,2965.0,5,0.0
2021-10-27 17:00:00,171.39,171.81,171.28,171.5,957.0,5,0.0
2021-10-28 10:00:00,170.43,170.65,170.43,170.65,88.0,10,0.0
2021-10-28 11:00:00,170.67,170.92,170.32,170.35,532.0,10,0.0
2021-10-28 12:00:00,170.35,170.63,170.1,170.33,372.0,10,0.0
2021-10-28 13:00:00,170.32,170.43,169.28,169.9,2705.0,5,0.0
2021-10-28 14:00:00,169.91,172.25,169.8,171.69,4036.0,5,0.0
2021-10-28 15:00:00,171.69,172.86,171.42,172.51,2765.0,5,0.0
2021-10-28 16:00:00,172.52,173.92,172.52,172.92,3008.0,5,0.0
2021-10-28 17:00:00,172.92,173.87,172.92,173.56,2148.0,5,0.0
2021-10-28 18:00:00,173.57,173.85,173.37,173.54,1819.0,5,0.0
2021-10-28 19:00:00,173.54,173.54,171.71,171.73,2212.0,5,0.0
2021-10-29 10:00:00,163.95,164.18,163.62,164.18,324.0,30,0.0
2021-10-29 11:00:00,164.1,165.33,164.03,165.12,580.0,20,0.0
2021-10-29 12:00:00,165.09,165.3,164.28,164.57,728.0,10,0.0
2021-10-29 13:00:00,164.57,166.69,163.66,165.93,6106.0,5,0.0
2021-10-29 14:00:00,165.92,166.6,165.09,165.87,5187.0,5,0.0
2021-10-29 15:00:00,165.88,167.66,165.52,167.0,4423.0,5,0.0
2021-10-29 16:00:00,167.01,167.76,166.9,167.28,2720.0,5,0.0
2021-10-29 17:00:00,167.28,167.95,167.28,167.61,2138.0,5,0.0
2021-10-29 18:00:00,167.62,167.69,167.03,167.35,2293.0,5,0.0
2021-10-29 19:00:00,167.35,167.62,166.87,167.35,1942.0,5,0.0
2021-11-01 10:00:00,168.91,169.08,168.88,168.95,208.0,20,0.0
2021-11-01 11:00:00,168.95,169.21,168.84,169.07,245.0,10,0.0
2021-11-01 12:00:00,169.08,169.13,168.8,168.86,194.0,10,0.0
2021-11-01 13:00:00,168.83,168.86,166.21,166.53,2976.0,5,0.0
2021-11-01 14:00:00,166.51,167.45,166.45,166.93,3395.0,5,0.0
2021-11-01 15:00:00,166.93,167.18,166.64,166.84,2163.0,5,0.0
2021-11-01 16:00:00,166.84,166.84,165.95,166.02,1681.0,5,0.0
2021-11-01 17:00:00,166.02,166.34,164.59,164.91,2571.0,5,0.0
2021-11-01 18:00:00,164.9,165.3,164.84,164.94,2082.0,5,0.0
2021-11-01 19:00:00,164.93,165.73,164.93,165.45,1535.0,5,0.0
2021-11-02 10:00:00,165.85,165.88,165.81,165.85,27.0,10,0.0
2021-11-02 11:00:00,165.84,165.89,165.77,165.85,133.0,10,0.0
2021-11-02 12:00:00,165.83,165.93,165.75,165.83,128.0,10,0.0
2021-11-02 13:00:00,165.84,166.53,164.99,166.0,2073.0,5,0.0
2021-11-02 14:00:00,166.01,166.25,164.79,164.89,3198.0,5,0.0
2021-11-02 15:00:00,164.89,164.93,164.15,164.53,2552.0,5,0.0
2021-11-02 16:00:00,164.53,164.86,164.39,164.49,1906.0,5,0.0
2021-11-02 17:00:00,164.49,165.11,164.48,164.89,1803.0,5,0.0
2021-11-02 18:00:00,164.91,165.3,164.62,165.23,1652.0,5,0.0
2021-11-02 19:00:00,165.23,165.41,164.94,165.34,1245.0,5,0.0
2021-11-03 10:00:00,165.78,165.88,165.75,165.82,52.0,10,0.0
2021-11-03 11:00:00,165.81,165.82,165.33,165.43,174.0,10,0.0
2021-11-03 12:00:00,165.45,165.73,165.39,165.64,146.0,10,0.0
2021-11-03 13:00:00,165.66,166.31,164.84,166.08,1901.0,5,0.0
2021-11-03 14:00:00,166.08,166.17,165.55,165.75,2552.0,5,0.0
2021-11-03 15:00:00,165.75,166.49,165.46,166.4,2014.0,5,0.0
2021-11-03 16:00:00,166.4,166.97,166.22,166.27,2627.0,5,0.0
2021-11-03 17:00:00,166.27,167.79,166.12,167.4,2904.0,5,0.0
2021-11-03 18:00:00,167.41,168.68,166.94,168.57,4497.0,5,0.0
2021-11-03 19:00:00,168.58,169.71,168.47,169.3,2833.0,5,0.0
2021-11-04 10:00:00,169.51,169.53,169.42,169.51,33.0,10,0.0
2021-11-04 11:00:00,169.51,169.51,169.21,169.33,102.0,10,0.0
2021-11-04 12:00:00,169.34,169.36,168.99,169.05,169.0,10,0.0
2021-11-04 13:00:00,169.02,172.14,168.24,171.92,3318.0,5,0.0
2021-11-04 14:00:00,171.96,173.26,171.27,173.07,5020.0,5,0.0
2021-11-04 15:00:00,173.06,173.08,171.73,172.95,3881.0,5,0.0
2021-11-04 16:00:00,172.92,173.38,172.66,173.22,3181.0,5,0.0
2021-11-04 17:00:00,173.24,174.88,173.1,174.63,3331.0,5,0.0
2021-11-04 18:00:00,174.62,174.9,173.81,173.82,3209.0,5,0.0
2021-11-04 19:00:00,173.81,174.89,173.49,173.95,2673.0,5,0.0
2021-11-05 10:00:00,173.95,174.38,173.82,174.14,328.0,5,0.0
2021-11-05 11:00:00,174.14,174.15,173.18,173.25,508.0,10,0.0
2021-11-05 12:00:00,173.26,174.28,173.2,173.68,341.0,10,0.0
2021-11-05 13:00:00,173.73,176.33,173.58,176.33,3131.0,5,0.0
2021-11-05 14:00:00,176.3,177.27,176.19,176.92,4271.0,5,0.0
2021-11-05 15:00:00,176.92,177.41,176.45,177.31,2391.0,5,0.0
2021-11-05 16:00:00,177.31,178.29,177.22,177.4,3034.0,5,0.0
2021-11-05 17:00:00,177.41,177.51,176.45,177.31,3738.0,5,0.0
2021-11-05 18:00:00,177.31,177.56,176.93,177.27,2407.0,5,0.0
2021-11-05 19:00:00,177.28,177.3,175.39,176.13,3046.0,5,0.0
2021-11-08 11:00:00,175.72,175.92,175.64,175.91,90.0,10,0.0
2021-11-08 12:00:00,175.91,175.93,175.72,175.73,60.0,10,0.0
2021-11-08 13:00:00,175.73,176.06,175.73,176.06,131.0,10,0.0
2021-11-08 14:00:00,175.98,178.91,175.85,177.52,3054.0,5,0.0
2021-11-08 15:00:00,177.53,177.56,175.76,176.15,4587.0,5,0.0
2021-11-08 16:00:00,176.15,176.53,175.45,175.67,3208.0,5,0.0
2021-11-08 17:00:00,175.66,175.87,175.35,175.78,2530.0,5,0.0
2021-11-08 18:00:00,175.78,176.05,175.35,175.35,2281.0,5,0.0
2021-11-08 19:00:00,175.36,175.6,174.49,175.14,2850.0,5,0.0
2021-11-08 20:00:00,175.13,175.36,174.57,174.6,1728.0,5,0.0
2021-11-09 11:00:00,174.69,174.88,174.57,174.6,589.0,5,0.0
2021-11-09 12:00:00,174.55,175.64,174.55,175.48,474.0,10,0.0
2021-11-09 13:00:00,175.48,176.03,175.33,175.8,299.0,10,0.0
2021-11-09 14:00:00,175.8,176.85,175.25,175.81,2755.0,5,0.0
2021-11-09 15:00:00,175.86,177.34,175.04,176.87,5312.0,5,0.0
2021-11-09 16:00:00,176.86,178.74,176.63,178.23,4733.0,5,0.0
2021-11-09 17:00:00,178.23,179.55,177.64,179.42,4370.0,5,0.0
2021-11-09 18:00:00,179.44,179.66,178.76,179.09,3899.0,5,0.0
2021-11-09 19:00:00,179.09,179.43,178.17,178.62,3022.0,5,0.0
2021-11-09 20:00:00,178.62,178.87,178.16,178.75,2498.0,5,0.0
2021-11-10 11:00:00,178.39,178.59,178.08,178.26,190.0,10,0.0
2021-11-10 12:00:00,178.23,179.07,178.15,178.98,255.0,10,0.0
2021-11-10 13:00:00,178.97,179.14,177.98,178.3,421.0,10,0.0
2021-11-10 14:00:00,178.34,179.82,177.04,179.61,3555.0,5,0.0
2021-11-10 15:00:00,179.62,180.23,179.15,179.86,3822.0,5,0.0
2021-11-10 16:00:00,179.86,180.18,179.21,179.65,3156.0,5,0.0
2021-11-10 17:00:00,179.65,179.83,177.94,178.37,2875.0,5,0.0
2021-11-10 18:00:00,178.36,178.56,175.99,176.34,4421.0,5,0.0
2021-11-10 19:00:00,176.34,176.34,173.61,174.05,5011.0,5,0.0
2021-11-10 20:00:00,174.07,174.88,173.2,173.22,3532.0,5,0.0
2021-11-11 11:00:00,175.45,175.5,175.32,175.39,88.0,30,0.0
2021-11-11 12:00:00,175.33,175.7,175.33,175.7,135.0,20,0.0
2021-11-11 13:00:00,175.69,175.8,175.53,175.68,215.0,20,0.0
2021-11-11 14:00:00,175.67,177.08,175.08,177.01,2608.0,5,0.0
2021-11-11 15:00:00,177.02,177.13,175.23,175.53,3561.0,5,0.0
2021-11-11 16:00:00,175.53,176.08,175.08,175.67,2643.0,5,0.0
2021-11-11 17:00:00,175.66,175.73,174.45,174.82,2647.0,5,0.0
2021-11-11 18:00:00,174.82,174.89,174.45,174.58,2028.0,5,0.0
2021-11-11 19:00:00,174.58,174.64,173.91,173.92,2203.0,5,0.0
2021-11-11 20:00:00,173.9,173.99,173.35,173.65,2058.0,5,0.0
2021-11-12 11:00:00,173.98,174.03,173.85,173.98,227.0,10,0.0
2021-11-12 12:00:00,173.98,174.12,173.93,174.06,82.0,10,0.0
2021-11-12 13:00:00,174.06,174.33,174.03,174.3,183.0,10,0.0
2021-11-12 14:00:00,174.28,174.6,172.34,173.75,2651.0,5,0.0
2021-11-12 15:00:00,173.71,174.83,173.69,174.76,3123.0,5,0.0
2021-11-12 16:00:00,174.76,176.11,174.75,175.91,3566.0,5,0.0
2021-11-12 17:00:00,175.93,177.0,175.91,176.41,3326.0,5,0.0
2021-11-12 18:00:00,176.41,176.41,175.78,176.0,1926.0,5,0.0
2021-11-12 19:00:00,176.0,176.01,175.27,175.75,1952.0,5,0.0
2021-11-12 20:00:00,175.77,176.45,175.39,176.25,1865.0,5,0.0
2021-11-15 11:00:00,176.55,176.55,176.29,176.48,125.0,10,0.0
2021-11-15 12:00:00,176.43,176.74,176.43,176.67,124.0,10,0.0
2021-11-15 13:00:00,176.67,177.15,176.61,176.9,223.0,10,0.0
2021-11-15 14:00:00,176.93,179.6,176.5,179.2,2447.0,5,0.0
2021-11-15 15:00:00,179.19,179.32,176.77,177.22,3149.0,5,0.0
2021-11-15 16:00:00,177.23,177.65,176.27,176.64,2717.0,5,0.0
2021-11-15 17:00:00,176.64,177.27,176.54,176.96,2319.0,5,0.0
2021-11-15 18:00:00,176.96,177.75,176.93,177.38,1877.0,5,0.0
2021-11-15 19:00:00,177.38,178.34,177.18,177.64,2340.0,5,0.0
2021-11-15 20:00:00,177.6,177.79,176.99,177.26,1908.0,5,0.0
2021-11-16 11:00:00,176.74,177.0,176.68,176.86,140.0,10,0.0
2021-11-16 12:00:00,176.91,177.13,176.61,177.05,296.0,10,0.0
2021-11-16 13:00:00,177.05,177.4,177.03,177.05,181.0,10,0.0
2021-11-16 14:00:00,177.05,178.68,176.78,176.91,2008.0,5,0.0
2021-11-16 15:00:00,176.94,177.54,176.24,177.24,2991.0,5,0.0
2021-11-16 16:00:00,177.24,178.25,177.17,177.84,2435.0,5,0.0
2021-11-16 17:00:00,177.83,178.13,177.69,177.89,1542.0,5,0.0
2021-11-16 18:00:00,177.89,177.89,177.12,177.34,1613.0,5,0.0
2021-11-16 19:00:00,177.33,177.36,176.95,177.13,1582.0,5,0.0
2021-11-16 20:00:00,177.12,177.51,176.92,177.28,1456.0,5,0.0
2021-11-17 11:00:00,177.29,177.7,177.29,177.47,268.0,5,0.0
2021-11-17 12:00:00,177.46,178.27,177.31,177.85,299.0,10,0.0
2021-11-17 13:00:00,177.85,177.95,177.53,177.75,308.0,10,0.0
2021-11-17 14:00:00,177.71,179.07,177.68,178.34,2314.0,5,0.0
2021-11-17 15:00:00,178.32,179.07,177.42,177.68,3371.0,5,0.0
2021-11-17 16:00:00,177.67,178.93,177.54,178.89,2241.0,5,0.0
2021-11-17 17:00:00,178.88,179.33,178.51,178.58,2880.0,5,0.0
2021-11-17 18:00:00,178.59,178.64,177.89,178.57,2097.0,5,0.0
2021-11-17 19:00:00,178.56,178.56,177.68,178.09,1765.0,5,0.0
2021-11-17 20:00:00,178.08,178.09,177.35,177.75,1663.0,5,0.0
2021-11-18 11:00:00,178.35,178.36,178.18,178.2,47.0,10,0.0
2021-11-18 12:00:00,178.22,178.56,178.16,178.56,85.0,10,0.0
2021-11-18 13:00:00,178.54,178.57,178.32,178.35,184.0,10,0.0
2021-11-18 14:00:00,178.35,179.29,177.98,179.09,2411.0,5,0.0
2021-11-18 15:00:00,179.09,181.87,179.09,181.81,5393.0,5,0.0
2021-11-18 16:00:00,181.82,183.61,181.1,183.19,5250.0,5,0.0
2021-11-18 17:00:00,183.22,183.94,182.53,183.15,3819.0,5,0.0
2021-11-18 18:00:00,183.14,184.1,183.1,183.99,2853.0,5,0.0
2021-11-18 19:00:00,183.99,184.17,183.17,183.36,2846.0,5,0.0
2021-11-18 20:00:00,183.36,184.68,183.25,184.62,2562.0,5,0.0
2021-11-19 11:00:00,185.29,185.37,184.93,185.01,489.0,10,0.0
2021-11-19 12:00:00,185.06,185.52,184.97,185.47,556.0,10,0.0
2021-11-19 13:00:00,185.45,185.72,185.36,185.44,310.0,10,0.0
2021-11-19 14:00:00,185.43,187.82,185.24,187.7,3236.0,5,0.0
2021-11-19 15:00:00,187.72,187.79,185.9,187.05,4511.0,5,0.0
2021-11-19 16:00:00,187.04,188.09,187.0,187.64,3331.0,5,0.0
2021-11-19 17:00:00,187.64,187.76,185.78,186.17,2948.0,5,0.0
2021-11-19 18:00:00,186.17,186.37,184.11,185.62,3839.0,5,0.0
2021-11-19 19:00:00,185.62,186.01,184.91,185.07,2705.0,5,0.0
2021-11-19 20:00:00,185.06,185.16,183.83,184.33,2339.0,5,0.0
2021-11-22 11:00:00,184.64,184.87,184.64,184.77,114.0,10,0.0
2021-11-22 12:00:00,184.75,184.75,184.25,184.3,179.0,10,0.0
2021-11-22 13:00:00,184.31,184.46,184.01,184.2,238.0,10,0.0
2021-11-22 14:00:00,184.14,185.59,183.42,183.43,2769.0,5,0.0
2021-11-22 15:00:00,183.42,183.65,179.9,180.02,5433.0,5,0.0
2021-11-22 16:00:00,180.03,180.98,178.85,179.37,4635.0,5,0.0
2021-11-22 17:00:00,179.37,180.19,178.36,179.33,3886.0,5,0.0
2021-11-22 18:00:00,179.33,180.23,178.87,179.05,3198.0,5,0.0
2021-11-22 19:00:00,179.05,180.82,179.05,180.62,2706.0,5,0.0
2021-11-22 20:00:00,180.63,181.12,179.54,179.55,2483.0,5,0.0
2021-11-23 11:00:00,177.62,177.77,176.94,177.63,563.0,20,0.0
2021-11-23 12:00:00,177.69,178.43,177.65,178.11,527.0,10,0.0
2021-11-23 13:00:00,178.13,179.25,178.1,178.87,277.0,10,0.0
2021-11-23 14:00:00,178.85,180.99,178.06,179.67,2718.0,5,0.0
2021-11-23 15:00:00,179.61,179.65,177.24,177.38,3600.0,5,0.0
2021-11-23 16:00:00,177.38,178.38,176.69,177.7,3129.0,5,0.0
2021-11-23 17:00:00,177.7,178.01,176.86,177.12,2969.0,5,0.0
2021-11-23 18:00:00,177.12,177.87,176.37,177.76,3014.0,5,0.0
2021-11-23 19:00:00,177.78,178.97,177.34,178.89,3297.0,5,0.0
2021-11-23 20:00:00,178.89,179.45,178.36,178.97,2752.0,5,0.0
2021-11-24 11:00:00,178.61,178.87,178.51,178.62,493.0,10,0.0
2021-11-24 12:00:00,178.63,178.76,178.2,178.36,526.0,10,0.0
2021-11-24 13:00:00,178.35,178.93,177.92,178.03,417.0,10,0.0
2021-11-24 14:00:00,178.04,178.32,176.81,177.69,2083.0,10,0.0
2021-11-24 15:00:00,177.66,178.91,177.03,178.62,3341.0,5,0.0
2021-11-24 16:00:00,178.61,180.65,178.16,180.1,3340.0,5,0.0
2021-11-24 17:00:00,180.09,180.22,179.35,179.82,2206.0,5,0.0
2021-11-24 18:00:00,179.83,179.95,178.66,178.72,2137.0,5,0.0
2021-11-24 19:00:00,178.72,179.21,178.01,178.68,3049.0,5,0.0
2021-11-24 20:00:00,178.69,179.3,178.36,179.04,2121.0,5,0.0
2021-11-26 11:00:00,177.79,178.86,177.75,178.56,1041.0,10,0.0
2021-11-26 12:00:00,178.61,179.55,178.07,178.37,1178.0,10,0.0
2021-11-26 13:00:00,178.36,179.64,178.34,179.45,413.0,10,0.0
2021-11-26 14:00:00,179.5,181.51,177.73,179.39,3231.0,5,0.0
2021-11-26 15:00:00,179.4,179.59,176.38,176.57,5137.0,5,0.0
2021-11-26 16:00:00,176.55,176.97,175.78,176.5,4384.0,5,0.0
2021-11-26 17:00:00,176.53,177.06,175.98,176.13,3095.0,5,0.0
2021-11-29 11:00:00,176.96,177.11,176.55,176.63,262.0,10,0.0
2021-11-29 12:00:00,176.6,176.66,176.08,176.44,516.0,10,0.0
2021-11-29 13:00:00,176.44,176.88,176.31,176.82,251.0,10,0.0
2021-11-29 14:00:00,176.78,178.2,176.55,178.08,2281.0,10,0.0
2021-11-29 15:00:00,178.14,179.02,177.75,178.19,3467.0,5,0.0
2021-11-29 16:00:00,178.18,179.1,177.99,178.79,2760.0,5,0.0
2021-11-29 17:00:00,178.8,179.6,178.55,179.32,2265.0,5,0.0
2021-11-29 18:00:00,179.32,179.78,179.15,179.41,1930.0,5,0.0
2021-11-29 19:00:00,179.43,179.51,178.31,179.01,2106.0,5,0.0
2021-11-29 20:00:00,179.02,179.3,178.47,178.75,1944.0,5,0.0
2021-11-30 11:00:00,177.67,177.8,177.5,177.59,397.0,10,0.0
2021-11-30 12:00:00,177.63,178.47,177.63,178.05,761.0,10,0.0
2021-11-30 13:00:00,178.07,178.6,177.8,178.6,337.0,10,0.0
2021-11-30 14:00:00,178.57,179.1,177.85,178.49,2498.0,5,0.0
2021-11-30 15:00:00,178.49,179.24,175.44,175.48,5236.0,5,0.0
2021-11-30 16:00:00,175.53,176.65,175.3,175.78,4003.0,5,0.0
2021-11-30 17:00:00,175.78,175.78,174.6,175.23,4070.0,5,0.0
2021-11-30 18:00:00,175.25,176.0,174.93,176.0,3100.0,5,0.0
2021-11-30 19:00:00,176.0,176.19,174.96,175.29,3056.0,5,0.0
2021-11-30 20:00:00,175.25,175.43,174.88,175.39,2436.0,5,0.0
2021-12-01 11:00:00,177.26,177.64,177.25,177.62,419.0,20,0.0
2021-12-01 12:00:00,177.55,177.59,177.18,177.43,544.0,10,0.0
2021-12-01 13:00:00,177.44,177.54,177.35,177.37,229.0,10,0.0
2021-12-01 14:00:00,177.41,178.43,176.04,176.68,2508.0,5,0.0
2021-12-01 15:00:00,176.7,177.39,176.28,177.04,3372.0,5,0.0
2021-12-01 16:00:00,177.05,177.95,176.59,176.79,3719.0,5,0.0
2021-12-01 17:00:00,176.79,177.08,175.14,175.23,3149.0,5,0.0
2021-12-01 18:00:00,175.2,175.59,174.35,174.73,4214.0,5,0.0
2021-12-01 19:00:00,174.71,174.71,173.56,174.04,3949.0,5,0.0
2021-12-01 20:00:00,174.06,174.1,172.53,173.5,3872.0,5,0.0
2021-12-02 11:00:00,173.19,173.45,173.19,173.31,691.0,10,0.0
2021-12-02 12:00:00,173.3,173.45,172.23,172.85,1063.0,10,0.0
2021-12-02 13:00:00,172.91,173.12,172.51,172.99,475.0,10,0.0
2021-12-02 14:00:00,173.07,174.54,172.08,173.63,2589.0,10,0.0
2021-12-02 15:00:00,173.63,174.3,171.23,172.25,3483.0,10,0.0
2021-12-02 16:00:00,172.19,172.84,171.32,172.04,2989.0,5,0.0
2021-12-02 17:00:00,172.06,173.76,171.84,172.62,3095.0,5,0.0
2021-12-02 18:00:00,172.62,172.83,171.64,172.55,2961.0,5,0.0
2021-12-02 19:00:00,172.54,172.6,171.41,171.65,2909.0,5,0.0
2021-12-02 20:00:00,171.65,172.67,171.16,172.56,2738.0,5,0.0
2021-12-03 11:00:00,171.35,171.77,171.31,171.7,364.0,10,0.0
2021-12-03 12:00:00,171.71,172.35,171.71,172.25,944.0,10,0.0
2021-12-03 13:00:00,172.23,173.25,171.98,172.41,400.0,10,0.0
2021-12-03 14:00:00,172.29,173.34,170.54,170.65,2347.0,10,0.0
2021-12-03 15:00:00,170.58,170.93,168.93,169.19,4153.0,5,0.0
2021-12-03 16:00:00,169.14,169.88,168.26,168.3,4289.0,5,0.0
2021-12-03 17:00:00,168.31,169.09,168.18,168.81,3518.0,5,0.0
2021-12-03 18:00:00,168.8,169.69,168.0,168.02,3661.0,5,0.0
2021-12-03 19:00:00,168.0,168.35,167.65,167.66,3571.0,5,0.0
2021-12-03 20:00:00,167.65,167.85,166.94,167.52,3741.0,5,0.0
2021-12-06 11:00:00,167.84,168.81,167.75,168.78,515.0,10,0.0
2021-12-06 12:00:00,168.76,169.27,168.73,168.88,766.0,10,0.0
2021-12-06 13:00:00,168.88,169.59,168.78,169.21,247.0,10,0.0
2021-12-06 14:00:00,169.25,170.08,166.9,168.25,3101.0,10,0.0
2021-12-06 15:00:00,168.25,171.15,167.7,169.96,4333.0,5,0.0
2021-12-06 16:00:00,169.98,171.34,169.75,170.73,2841.0,5,0.0
2021-12-06 17:00:00,170.74,173.03,170.73,172.96,3015.0,5,0.0
2021-12-06 18:00:00,172.97,173.28,172.53,172.84,2638.0,5,0.0
2021-12-06 19:00:00,172.84,173.66,172.24,172.37,2734.0,5,0.0
2021-12-06 20:00:00,172.37,172.51,171.08,171.42,2346.0,5,0.0
2021-12-07 11:00:00,174.85,175.18,174.47,174.91,353.0,20,0.0
2021-12-07 12:00:00,174.9,174.93,174.09,174.43,1059.0,10,0.0
2021-12-07 13:00:00,174.45,174.49,174.26,174.35,242.0,10,0.0
2021-12-07 14:00:00,174.31,175.1,173.29,174.88,2391.0,5,0.0
2021-12-07 15:00:00,174.92,175.76,174.81,175.69,3343.0,5,0.0
2021-12-07 16:00:00,175.68,177.0,175.67,176.68,3064.0,5,0.0
2021-12-07 17:00:00,176.66,176.98,175.7,176.82,2336.0,5,0.0
2021-12-07 18:00:00,176.81,177.47,176.33,177.24,2391.0,5,0.0
2021-12-07 19:00:00,177.25,177.25,176.43,176.49,2100.0,5,0.0
2021-12-07 20:00:00,176.46,176.68,175.77,176.02,2065.0,5,0.0
2021-12-08 11:00:00,176.44,177.27,176.29,176.61,875.0,10,0.0
2021-12-08 12:00:00,176.67,176.75,176.23,176.49,1191.0,10,0.0
2021-12-08 13:00:00,176.5,176.56,175.83,175.98,373.0,10,0.0
2021-12-08 14:00:00,175.98,176.6,174.89,175.72,2079.0,5,0.0
2021-12-08 15:00:00,175.69,176.3,175.08,175.18,3572.0,5,0.0
2021-12-08 16:00:00,175.17,175.7,174.73,175.31,2466.0,5,0.0
2021-12-08 17:00:00,175.31,176.01,175.14,175.84,1786.0,5,0.0
2021-12-08 18:00:00,175.86,177.15,175.77,176.43,1972.0,5,0.0
2021-12-08 19:00:00,176.45,176.5,176.03,176.31,1744.0,5,0.0
2021-12-08 20:00:00,176.31,176.48,176.08,176.1,1434.0,5,0.0
2021-12-09 11:00:00,175.39,175.4,175.02,175.19,181.0,10,0.0
2021-12-09 12:00:00,175.19,175.71,175.13,175.6,436.0,10,0.0
2021-12-09 13:00:00,175.62,175.72,175.48,175.53,201.0,10,0.0
2021-12-09 14:00:00,175.53,176.9,175.13,175.46,1971.0,5,0.0
2021-12-09 15:00:00,175.45,175.94,174.46,175.1,3481.0,5,0.0
2021-12-09 16:00:00,175.11,175.99,174.96,175.58,2254.0,5,0.0
2021-12-09 17:00:00,175.57,176.05,175.46,176.02,1920.0,5,0.0
2021-12-09 18:00:00,176.03,176.05,174.73,175.07,2301.0,5,0.0
2021-12-09 19:00:00,175.06,175.44,174.72,174.8,2370.0,5,0.0
2021-12-09 20:00:00,174.78,175.03,174.27,174.55,2295.0,5,0.0
2021-12-10 11:00:00,174.61,174.88,174.6,174.85,69.0,5,0.0
2021-12-10 12:00:00,174.85,174.86,174.52,174.79,417.0,5,0.0
2021-12-10 13:00:00,174.79,176.09,174.63,175.39,480.0,10,0.0
2021-12-10 14:00:00,175.46,175.87,173.34,173.4,2579.0,5,0.0
2021-12-10 15:00:00,173.39,173.6,171.04,171.15,4719.0,5,0.0
2021-12-10 16:00:00,171.15,172.02,170.49,172.01,4239.0,5,0.0
2021-12-10 17:00:00,172.02,172.12,170.76,171.52,2766.0,5,0.0
2021-12-10 18:00:00,171.52,171.61,170.69,171.08,2617.0,5,0.0
2021-12-10 19:00:00,171.06,171.62,170.84,170.9,2285.0,5,0.0
2021-12-10 20:00:00,170.89,171.78,170.79,171.66,1705.0,5,0.0
2021-12-13 11:00:00,172.87,173.23,172.85,172.87,501.0,10,0.0
2021-12-13 12:00:00,172.87,172.87,172.57,172.71,326.0,10,0.0
2021-12-13 13:00:00,172.73,172.88,172.64,172.64,276.0,10,0.0
2021-12-13 14:00:00,172.63,172.74,170.36,170.49,3300.0,5,0.0
2021-12-13 15:00:00,170.48,171.19,169.66,170.29,4599.0,5,0.0
2021-12-13 16:00:00,170.28,170.36,169.42,169.54,3913.0,5,0.0
2021-12-13 17:00:00,169.53,169.81,169.11,169.67,2739.0,5,0.0
2021-12-13 18:00:00,169.66,170.32,169.38,170.0,2848.0,5,0.0
2021-12-13 19:00:00,170.0,170.75,169.83,170.39,2517.0,5,0.0
2021-12-13 20:00:00,170.4,170.56,170.01,170.02,1999.0,5,0.0
2021-12-14 11:00:00,168.23,168.51,168.18,168.39,301.0,20,0.0
2021-12-14 12:00:00,168.44,168.92,168.36,168.49,549.0,10,0.0
2021-12-14 13:00:00,168.51,168.6,167.29,167.59,468.0,10,0.0
2021-12-14 14:00:00,167.58,168.83,167.1,168.03,3750.0,5,0.0
2021-12-14 15:00:00,168.01,168.73,167.21,167.45,4292.0,5,0.0
2021-12-14 16:00:00,167.45,167.7,166.52,167.07,3897.0,5,0.0
2021-12-14 17:00:00,167.08,167.2,166.41,166.93,2467.0,5,0.0
2021-12-14 18:00:00,166.92,167.28,166.86,166.95,1893.0,5,0.0
2021-12-14 19:00:00,166.93,168.27,166.88,168.08,2450.0,5,0.0
2021-12-14 20:00:00,168.09,169.46,168.06,168.76,2170.0,5,0.0
2021-12-15 11:00:00,168.57,168.79,168.22,168.71,420.0,10,0.0
2021-12-15 12:00:00,168.71,169.13,168.71,168.99,735.0,10,0.0
2021-12-15 13:00:00,168.96,169.88,168.9,169.15,451.0,10,0.0
2021-12-15 14:00:00,169.12,169.33,166.97,167.09,2835.0,5,0.0
2021-12-15 15:00:00,167.09,167.12,166.09,166.1,3890.0,5,0.0
2021-12-15 16:00:00,166.1,166.24,165.44,165.72,3362.0,5,0.0
2021-12-15 17:00:00,165.72,165.94,165.18,165.6,2782.0,5,0.0
2021-12-15 18:00:00,165.6,167.24,165.43,167.12,2629.0,5,0.0
2021-12-15 19:00:00,167.12,169.16,166.13,168.69,6648.0,5,0.0
2021-12-15 20:00:00,168.69,173.23,168.65,172.03,5488.0,5,0.0
2021-12-16 11:00:00,174.27,174.58,174.1,174.49,442.0,20,0.0
2021-12-16 12:00:00,174.49,174.49,173.91,173.97,243.0,10,0.0
2021-12-16 13:00:00,173.98,174.02,173.35,173.5,306.0,10,0.0
2021-12-16 14:00:00,173.41,174.08,171.14,171.21,3131.0,5,0.0
2021-12-16 15:00:00,171.22,172.5,170.29,171.69,4537.0,5,0.0
2021-12-16 16:00:00,171.65,171.7,169.41,169.49,3981.0,5,0.0
2021-12-16 17:00:00,169.48,169.95,168.99,169.02,3387.0,5,0.0
2021-12-16 18:00:00,169.02,169.95,169.02,169.47,2779.0,5,0.0
2021-12-16 19:00:00,169.47,169.67,168.35,168.78,3536.0,5,0.0
2021-12-16 20:00:00,168.78,169.86,168.56,168.73,3405.0,5,0.0
2021-12-17 11:00:00,166.94,167.57,166.87,167.54,681.0,10,0.0
2021-12-17 12:00:00,167.53,167.73,167.13,167.45,823.0,10,0.0
2021-12-17 13:00:00,167.44,167.82,167.19,167.56,367.0,10,0.0
2021-12-17 14:00:00,167.61,167.94,165.61,166.98,2795.0,5,0.0
2021-12-17 15:00:00,166.97,170.1,166.17,169.42,4808.0,5,0.0
2021-12-17 16:00:00,169.39,170.4,168.14,169.19,3352.0,5,0.0
2021-12-17 17:00:00,169.18,169.9,168.25,169.62,3636.0,5,0.0
2021-12-17 18:00:00,169.61,170.89,169.32,170.79,2981.0,5,0.0
2021-12-17 19:00:00,170.8,170.83,169.52,169.71,3047.0,5,0.0
2021-12-17 20:00:00,169.72,170.29,168.72,169.33,2584.0,5,0.0
2021-12-20 11:00:00,167.76,168.12,167.48,167.75,600.0,10,0.0
2021-12-20 12:00:00,167.77,168.03,167.61,167.64,854.0,10,0.0
2021-12-20 13:00:00,167.66,167.8,167.53,167.69,439.0,10,0.0
2021-12-20 14:00:00,167.69,168.12,166.03,167.31,2490.0,10,0.0
2021-12-20 15:00:00,167.27,167.84,166.13,166.26,4027.0,5,0.0
2021-12-20 16:00:00,166.26,166.51,165.58,166.37,3510.0,5,0.0
2021-12-20 17:00:00,166.37,166.67,165.78,166.21,2355.0,5,0.0
2021-12-20 18:00:00,166.21,167.26,166.13,166.68,2297.0,5,0.0
2021-12-20 19:00:00,166.68,167.33,166.63,167.09,2507.0,5,0.0
2021-12-20 20:00:00,167.09,167.64,166.22,166.33,2190.0,5,0.0
2021-12-21 11:00:00,168.27,168.69,168.27,168.53,183.0,20,0.0
2021-12-21 12:00:00,168.56,168.82,168.29,168.8,339.0,10,0.0
2021-12-21 13:00:00,168.8,168.8,168.48,168.7,265.0,10,0.0
2021-12-21 14:00:00,168.7,168.7,166.19,166.42,2942.0,5,0.0
2021-12-21 15:00:00,166.45,166.79,165.61,166.49,3627.0,5,0.0
2021-12-21 16:00:00,166.49,168.15,166.36,167.59,2868.0,5,0.0
2021-12-21 17:00:00,167.59,169.6,167.59,169.5,3241.0,5,0.0
2021-12-21 18:00:00,169.5,170.05,168.81,169.85,2479.0,5,0.0
2021-12-21 19:00:00,169.85,170.61,169.58,170.6,2767.0,5,0.0
2021-12-21 20:00:00,170.59,170.68,169.65,169.71,2003.0,5,0.0
2021-12-22 11:00:00,169.85,170.22,169.7,170.17,476.0,5,0.0
2021-12-22 12:00:00,170.14,170.56,169.68,169.77,645.0,10,0.0
2021-12-22 13:00:00,169.78,169.85,169.27,169.45,400.0,10,0.0
2021-12-22 14:00:00,169.53,171.24,168.55,170.6,2624.0,5,0.0
2021-12-22 15:00:00,170.58,170.69,169.5,170.51,3893.0,5,0.0
2021-12-22 16:00:00,170.52,172.03,170.5,171.73,3257.0,5,0.0
2021-12-22 17:00:00,171.74,171.98,170.69,171.07,2564.0,5,0.0
2021-12-22 18:00:00,171.07,171.07,169.03,169.52,3211.0,5,0.0
2021-12-22 19:00:00,169.52,170.18,169.32,170.15,2752.0,5,0.0
2021-12-22 20:00:00,170.16,170.48,169.87,170.16,1835.0,5,0.0
2021-12-23 11:00:00,171.1,171.17,171.09,171.14,100.0,20,0.0
2021-12-23 12:00:00,171.09,171.29,171.07,171.26,264.0,10,0.0
2021-12-23 13:00:00,171.25,171.31,170.84,170.88,262.0,10,0.0
2021-12-23 14:00:00,170.88,171.28,170.11,171.13,2946.0,5,0.0
2021-12-23 15:00:00,171.13,171.33,170.46,171.16,3241.0,5,0.0
2021-12-23 16:00:00,171.17,171.95,171.13,171.4,3118.0,5,0.0
2021-12-23 17:00:00,171.41,171.7,171.18,171.31,2511.0,3,0.0
2021-12-23 18:00:00,171.33,171.84,171.26,171.5,2107.0,3,0.0
2021-12-23 19:00:00,171.5,171.62,170.94,171.24,2131.0,5,0.0
2021-12-23 20:00:00,171.23,171.32,171.01,171.32,1761.0,5,0.0
2021-12-27 11:00:00,171.45,171.45,171.14,171.32,66.0,5,0.0
2021-12-27 12:00:00,171.3,171.59,171.17,171.49,125.0,10,0.0
2021-12-27 13:00:00,171.47,171.85,171.32,171.76,229.0,10,0.0
2021-12-27 14:00:00,171.74,172.9,170.65,171.08,2960.0,5,0.0
2021-12-27 15:00:00,171.08,171.58,170.07,170.92,4228.0,5,0.0
2021-12-27 16:00:00,170.92,171.23,170.18,170.22,2859.0,5,0.0
2021-12-27 17:00:00,170.21,170.46,169.4,170.13,2686.0,5,0.0
2021-12-27 18:00:00,170.14,170.33,169.84,170.05,2072.0,5,0.0
2021-12-27 19:00:00,170.05,170.05,169.6,169.87,2253.0,5,0.0
2021-12-27 20:00:00,169.86,169.94,169.23,169.37,1824.0,5,0.0
2021-12-28 11:00:00,170.23,170.28,169.98,170.09,91.0,20,0.0
2021-12-28 12:00:00,170.06,170.11,169.79,169.92,264.0,10,0.0
2021-12-28 13:00:00,169.92,169.97,169.75,169.75,165.0,10,0.0
2021-12-28 14:00:00,169.73,170.41,169.11,169.86,2949.0,5,0.0
2021-12-28 15:00:00,169.88,171.99,169.49,171.51,5387.0,5,0.0
2021-12-28 16:00:00,171.5,172.17,170.6,171.31,4449.0,5,0.0
2021-12-28 17:00:00,171.32,171.59,170.53,170.96,3738.0,5,0.0
2021-12-28 18:00:00,170.96,170.99,170.37,170.75,3276.0,5,0.0
2021-12-28 19:00:00,170.74,170.74,170.18,170.54,3097.0,5,0.0
2021-12-29 11:00:00,170.82,170.93,170.79,170.87,35.0,5,0.0
2021-12-29 12:00:00,170.89,170.96,170.8,170.84,113.0,5,0.0
2021-12-29 13:00:00,170.84,170.85,170.39,170.64,128.0,5,0.0
2021-12-29 14:00:00,170.64,171.13,169.9,170.17,2364.0,5,0.0
2021-12-29 15:00:00,170.17,170.29,168.65,169.26,4141.0,5,0.0
2021-12-29 16:00:00,169.26,169.46,168.89,168.92,2685.0,5,0.0
2021-12-29 17:00:00,168.92,169.33,168.7,168.77,2676.0,5,0.0
2021-12-29 18:00:00,168.76,169.17,168.72,169.09,1977.0,5,0.0
2021-12-29 19:00:00,169.09,169.45,169.01,169.39,2180.0,5,0.0
2021-12-30 11:00:00,169.57,170.26,169.57,170.13,129.0,10,0.0
2021-12-30 12:00:00,170.1,170.1,169.44,169.54,224.0,10,0.0
2021-12-30 13:00:00,169.54,169.62,169.43,169.57,134.0,10,0.0
2021-12-30 14:00:00,169.55,169.73,168.53,169.2,2305.0,5,0.0
2021-12-30 15:00:00,169.2,170.84,169.2,170.13,3825.0,5,0.0
2021-12-30 16:00:00,170.13,170.38,169.82,170.11,2520.0,5,0.0
2021-12-30 17:00:00,170.11,170.32,169.65,169.86,2036.0,3,0.0
2021-12-30 18:00:00,169.86,170.46,169.77,170.11,2044.0,5,0.0
2021-12-30 19:00:00,170.11,170.11,169.58,169.75,2421.0,5,0.0
2021-12-30 20:00:00,169.75,169.75,168.89,168.89,1905.0,5,0.0
2021-12-31 11:00:00,168.8,168.86,168.57,168.61,49.0,5,0.0
2021-12-31 12:00:00,168.69,168.8,168.47,168.74,165.0,5,0.0
2021-12-31 13:00:00,168.74,169.05,168.72,168.96,113.0,10,0.0
2021-12-31 14:00:00,168.96,169.29,168.3,168.32,1888.0,5,0.0
2021-12-31 15:00:00,168.32,168.32,167.65,167.79,2933.0,5,0.0
2021-12-31 16:00:00,167.79,168.21,167.49,167.89,2277.0,5,0.0
2021-12-31 17:00:00,167.89,167.91,167.49,167.74,2220.0,5,0.0
2021-12-31 18:00:00,167.74,167.93,167.34,167.38,2142.0,5,0.0
2021-12-31 19:00:00,167.39,167.51,167.1,167.1,2124.0,5,0.0
2022-01-03 11:00:00,167.96,168.37,167.89,168.24,248.0,10,0.0
2022-01-03 12:00:00,168.21,168.21,167.4,167.57,255.0,10,0.0
2022-01-03 13:00:00,167.56,168.05,167.56,167.7,321.0,10,0.0
2022-01-03 14:00:00,167.67,167.99,166.13,166.8,3964.0,5,0.0
2022-01-03 15:00:00,166.79,170.15,166.68,170.08,6121.0,5,0.0
2022-01-03 16:00:00,170.09,170.65,169.86,170.23,4599.0,5,0.0
2022-01-03 17:00:00,170.23,170.42,169.55,170.17,3015.0,5,0.0
2022-01-03 18:00:00,170.17,170.46,169.66,170.36,2363.0,5,0.0
2022-01-03 19:00:00,170.36,170.54,170.2,170.33,2206.0,5,0.0
2022-01-03 20:00:00,170.32,170.4,169.8,170.03,2045.0,5,0.0
2022-01-04 11:00:00,170.77,170.94,170.74,170.78,92.0,20,0.0
2022-01-04 12:00:00,170.75,170.79,170.05,170.29,206.0,10,0.0
2022-01-04 13:00:00,170.29,170.54,170.23,170.39,175.0,10,0.0
2022-01-04 14:00:00,170.39,171.37,169.5,170.08,3677.0,5,0.0
2022-01-04 15:00:00,170.12,170.12,167.28,167.29,6170.0,5,0.0
2022-01-04 16:00:00,167.27,167.71,166.31,167.0,4928.0,5,0.0
2022-01-04 17:00:00,167.0,167.33,166.83,166.98,3221.0,5,0.0
2022-01-04 18:00:00,166.98,167.14,166.47,166.58,3481.0,5,0.0
2022-01-04 19:00:00,166.57,167.18,166.56,166.88,3078.0,5,0.0
2022-01-04 20:00:00,166.88,167.85,166.88,167.56,2777.0,5,0.0
2022-01-05 11:00:00,167.36,167.37,166.61,166.89,212.0,10,0.0
2022-01-05 12:00:00,166.91,167.24,166.83,167.01,247.0,10,0.0
2022-01-05 13:00:00,167.03,167.1,166.83,167.04,248.0,10,0.0
2022-01-05 14:00:00,167.02,167.02,164.61,166.38,3898.0,5,0.0
2022-01-05 15:00:00,166.4,167.02,166.05,166.69,4260.0,5,0.0
2022-01-05 16:00:00,166.68,166.85,166.26,166.52,2903.0,5,0.0
2022-01-05 17:00:00,166.52,166.69,165.79,165.92,3357.0,5,0.0
2022-01-05 18:00:00,165.92,166.64,165.78,166.28,3355.0,5,0.0
2022-01-05 19:00:00,166.27,167.11,164.98,165.48,6341.0,5,0.0
2022-01-05 20:00:00,165.48,165.55,164.74,165.16,3951.0,5,0.0
2022-01-06 11:00:00,164.03,164.16,163.48,163.6,430.0,10,0.0
2022-01-06 12:00:00,163.6,164.08,163.43,163.62,524.0,10,0.0
2022-01-06 13:00:00,163.6,163.96,163.47,163.56,515.0,10,0.0
2022-01-06 14:00:00,163.56,164.75,162.65,162.83,3496.0,5,0.0
2022-01-06 15:00:00,162.83,164.05,161.93,163.73,6158.0,5,0.0
2022-01-06 16:00:00,163.73,164.39,163.15,163.72,4658.0,5,0.0
2022-01-06 17:00:00,163.72,164.08,163.18,163.54,4092.0,5,0.0
2022-01-06 18:00:00,163.56,163.99,163.35,163.67,3583.0,5,0.0
2022-01-06 19:00:00,163.66,163.9,163.07,163.55,3671.0,5,0.0
2022-01-06 20:00:00,163.54,164.02,162.9,163.13,2907.0,5,0.0
2022-01-07 11:00:00,164.05,164.26,163.85,164.06,352.0,10,0.0
2022-01-07 12:00:00,163.92,164.09,163.65,163.65,542.0,10,0.0
2022-01-07 13:00:00,163.64,164.05,162.26,162.83,835.0,10,0.0
2022-01-07 14:00:00,162.89,165.16,162.85,164.11,4232.0,5,0.0
2022-01-07 15:00:00,164.13,164.21,162.05,162.19,5540.0,5,0.0
2022-01-07 16:00:00,162.17,163.17,162.08,163.04,5128.0,5,0.0
2022-01-07 17:00:00,163.04,163.06,162.26,162.77,3395.0,5,0.0
2022-01-07 18:00:00,162.77,162.95,162.21,162.3,3209.0,5,0.0
2022-01-07 19:00:00,162.31,162.86,162.02,162.63,3309.0,5,0.0
2022-01-07 20:00:00,162.63,163.18,162.41,162.75,2793.0,5,0.0
2022-01-10 11:00:00,162.34,162.4,161.98,162.32,388.0,10,0.0
2022-01-10 12:00:00,162.26,162.38,160.23,160.3,789.0,10,0.0
2022-01-10 13:00:00,160.3,160.9,160.21,160.54,608.0,10,0.0
2022-01-10 14:00:00,160.54,160.77,157.27,157.68,5663.0,5,0.0
2022-01-10 15:00:00,157.65,157.72,156.28,157.16,7705.0,5,0.0
2022-01-10 16:00:00,157.15,158.66,156.94,158.42,5512.0,5,0.0
2022-01-10 17:00:00,158.41,158.51,157.24,158.34,4263.0,5,0.0
2022-01-10 18:00:00,158.34,159.61,158.17,159.42,4633.0,5,0.0
2022-01-10 19:00:00,159.42,160.88,159.34,160.42,5246.0,5,0.0
2022-01-10 20:00:00,160.42,161.44,160.02,161.18,3535.0,5,0.0
2022-01-11 11:00:00,162.21,162.55,161.97,162.33,295.0,10,0.0
2022-01-11 12:00:00,162.28,162.32,161.89,161.9,272.0,10,0.0
2022-01-11 13:00:00,161.89,162.1,161.48,161.67,364.0,10,0.0
2022-01-11 14:00:00,161.65,162.6,160.66,161.98,4219.0,5,0.0
2022-01-11 15:00:00,161.99,163.34,161.83,162.96,6062.0,5,0.0
2022-01-11 16:00:00,162.96,165.55,162.88,165.45,6692.0,5,0.0
2022-01-11 17:00:00,165.48,166.33,165.17,165.38,4632.0,5,0.0
2022-01-11 18:00:00,165.38,165.65,164.82,165.33,3836.0,5,0.0
2022-01-11 19:00:00,165.33,165.58,164.58,165.25,3485.0,5,0.0
2022-01-11 20:00:00,165.28,165.6,164.86,165.3,2994.0,5,0.0
2022-01-12 11:00:00,165.58,165.79,165.32,165.42,192.0,10,0.0
2022-01-12 12:00:00,165.42,165.72,165.3,165.61,348.0,10,0.0
2022-01-12 13:00:00,165.62,166.57,165.46,166.54,686.0,10,0.0
2022-01-12 14:00:00,166.53,166.76,165.27,165.94,3957.0,5,0.0
2022-01-12 15:00:00,165.94,166.81,164.83,165.03,5539.0,5,0.0
2022-01-12 16:00:00,165.03,165.8,164.48,165.57,4625.0,5,0.0
2022-01-12 17:00:00,165.6,165.99,165.24,165.81,2871.0,5,0.0
2022-01-12 18:00:00,165.81,165.9,165.32,165.58,3507.0,5,0.0
2022-01-12 19:00:00,165.57,165.59,165.06,165.5,2786.0,5,0.0
2022-01-12 20:00:00,165.49,165.57,164.86,165.21,2482.0,5,0.0
2022-01-13 11:00:00,165.37,165.37,164.9,164.95,506.0,5,0.0
2022-01-13 12:00:00,164.96,165.23,164.82,165.07,568.0,10,0.0
2022-01-13 13:00:00,165.11,165.5,165.0,165.33,331.0,10,0.0
2022-01-13 14:00:00,165.38,166.19,164.42,165.34,3097.0,5,0.0
2022-01-13 15:00:00,165.36,165.39,163.68,163.91,5907.0,5,0.0
2022-01-13 16:00:00,163.9,164.38,163.55,163.82,4161.0,5,0.0
2022-01-13 17:00:00,163.8,163.8,161.56,162.38,6095.0,5,0.0
2022-01-13 18:00:00,162.36,162.84,161.91,162.42,4349.0,5,0.0
2022-01-13 19:00:00,162.41,162.7,161.8,162.11,4011.0,5,0.0
2022-01-13 20:00:00,162.11,162.14,161.56,161.76,3663.0,5,0.0
2022-01-14 11:00:00,161.33,161.36,161.1,161.11,179.0,10,0.0
2022-01-14 12:00:00,161.11,161.21,159.82,159.82,849.0,10,0.0
2022-01-14 13:00:00,159.82,160.83,159.69,160.05,738.0,10,0.0
2022-01-14 14:00:00,160.06,162.23,159.82,161.69,4947.0,5,0.0
2022-01-14 15:00:00,161.67,161.85,160.25,160.51,6237.0,5,0.0
2022-01-14 16:00:00,160.51,161.54,159.85,161.4,5643.0,5,0.0
2022-01-14 17:00:00,161.4,161.53,160.25,160.26,3967.0,5,0.0
2022-01-14 18:00:00,160.27,161.07,160.04,160.76,4133.0,5,0.0
2022-01-14 19:00:00,160.73,161.4,160.49,160.98,4594.0,5,0.0
2022-01-14 20:00:00,160.97,162.09,160.87,161.94,3708.0,5,0.0
2022-01-18 11:00:00,158.65,158.73,158.47,158.65,144.0,30,0.0
2022-01-18 12:00:00,158.69,160.19,158.69,160.12,713.0,20,0.0
2022-01-18 13:00:00,160.18,160.18,159.76,160.02,256.0,10,0.0
2022-01-18 14:00:00,160.05,160.11,157.86,159.05,4744.0,5,0.0
2022-01-18 15:00:00,159.07,159.68,158.06,158.19,6286.0,5,0.0
2022-01-18 16:00:00,158.19,158.55,157.78,158.31,4286.0,5,0.0
2022-01-18 17:00:00,158.31,158.89,157.72,157.83,3748.0,5,0.0
2022-01-18 18:00:00,157.83,158.14,157.65,157.95,4034.0,5,0.0
2022-01-18 19:00:00,157.94,159.23,157.94,159.09,3765.0,5,0.0
2022-01-18 20:00:00,159.1,159.25,158.43,158.93,3495.0,5,0.0
2022-01-19 11:00:00,159.06,159.2,158.77,159.09,489.0,5,0.0
2022-01-19 12:00:00,159.07,159.18,158.98,159.07,227.0,10,0.0
2022-01-19 13:00:00,159.09,159.85,159.08,159.5,426.0,10,0.0
2022-01-19 14:00:00,159.52,159.52,157.9,158.5,4626.0,5,0.0
2022-01-19 15:00:00,158.5,158.72,156.91,157.19,6644.0,5,0.0
2022-01-19 16:00:00,157.18,158.03,156.79,158.02,5474.0,5,0.0
2022-01-19 17:00:00,158.02,158.97,157.97,158.87,4909.0,5,0.0
2022-01-19 18:00:00,158.88,158.91,157.73,158.06,3848.0,5,0.0
2022-01-19 19:00:00,158.04,158.11,157.07,157.38,4439.0,5,0.0
2022-01-19 20:00:00,157.38,157.47,156.81,157.03,3198.0,5,0.0
2022-01-20 11:00:00,156.86,157.44,156.84,157.2,890.0,10,0.0
2022-01-20 12:00:00,157.15,157.18,156.55,156.87,631.0,10,0.0
2022-01-20 13:00:00,156.86,157.31,156.79,157.08,221.0,10,0.0
2022-01-20 14:00:00,157.08,157.92,156.66,157.51,3580.0,5,0.0
2022-01-20 15:00:00,157.51,157.79,156.75,157.16,5253.0,5,0.0
2022-01-20 16:00:00,157.16,157.52,156.19,156.85,4470.0,5,0.0
2022-01-20 17:00:00,156.85,156.91,155.98,156.16,3775.0,5,0.0
2022-01-20 18:00:00,156.16,156.21,155.63,155.65,4117.0,3,0.0
2022-01-20 19:00:00,155.65,156.48,154.7,154.72,5516.0,5,0.0
2022-01-20 20:00:00,154.72,154.93,152.18,152.41,5541.0,5,0.0
2022-01-21 11:00:00,150.62,150.65,150.01,150.4,394.0,20,0.0
2022-01-21 12:00:00,150.38,150.38,149.87,149.91,354.0,10,0.0
2022-01-21 13:00:00,149.91,150.39,149.87,150.11,313.0,10,0.0
2022-01-21 14:00:00,150.15,150.83,147.54,147.6,7002.0,5,0.0
2022-01-21 15:00:00,147.6,148.54,145.02,147.6,12785.0,5,0.0
2022-01-21 16:00:00,147.6,148.73,146.31,146.84,8642.0,5,0.0
2022-01-21 17:00:00,146.83,147.13,145.54,145.86,7550.0,5,0.0
2022-01-21 18:00:00,145.86,146.25,145.21,145.63,6131.0,5,0.0
2022-01-21 19:00:00,145.64,145.9,144.16,144.21,5879.0,5,0.0
2022-01-21 20:00:00,144.21,144.38,142.07,143.47,7910.0,5,0.0
2022-01-24 11:00:00,141.25,142.28,141.19,141.88,784.0,10,0.0
2022-01-24 12:00:00,141.89,142.05,140.3,140.42,932.0,10,0.0
2022-01-24 13:00:00,140.4,140.4,138.29,138.59,1793.0,10,0.0
2022-01-24 14:00:00,138.59,142.09,138.09,140.33,7167.0,10,0.0
2022-01-24 15:00:00,140.35,141.4,139.02,140.52,7802.0,10,0.0
2022-01-24 16:00:00,140.52,140.64,137.09,138.32,7501.0,5,0.0
2022-01-24 17:00:00,138.34,138.43,135.34,137.38,7463.0,5,0.0
2022-01-24 18:00:00,137.38,141.55,137.15,141.54,7311.0,5,0.0
2022-01-24 19:00:00,141.55,142.07,138.37,140.41,4328.0,5,0.0
2022-01-24 20:00:00,140.41,144.82,139.79,143.6,4835.0,5,0.0
2022-01-25 11:00:00,142.4,142.72,141.58,141.75,885.0,10,0.0
2022-01-25 12:00:00,141.77,142.26,141.24,141.78,824.0,10,0.0
2022-01-25 13:00:00,141.81,141.83,140.55,141.72,840.0,10,0.0
2022-01-25 14:00:00,141.68,143.5,139.82,140.3,5474.0,5,0.0
2022-01-25 15:00:00,140.31,141.29,139.38,140.29,6807.0,5,0.0
2022-01-25 16:00:00,140.29,140.73,138.42,138.81,6363.0,5,0.0
2022-01-25 17:00:00,138.81,140.02,138.17,139.08,5903.0,5,0.0
2022-01-25 18:00:00,139.08,140.98,138.36,140.98,5055.0,5,0.0
2022-01-25 19:00:00,140.98,142.0,140.29,141.92,4738.0,5,0.0
2022-01-25 20:00:00,141.93,141.94,139.61,140.11,4511.0,5,0.0
2022-01-26 11:00:00,143.44,143.69,143.27,143.64,356.0,20,0.0
2022-01-26 12:00:00,143.65,143.65,142.47,142.99,565.0,10,0.0
2022-01-26 13:00:00,143.01,143.79,142.94,143.49,494.0,10,0.0
2022-01-26 14:00:00,143.46,145.11,141.62,142.13,5882.0,5,0.0
2022-01-26 15:00:00,142.13,143.2,139.94,140.52,8369.0,3,0.0
2022-01-26 16:00:00,140.51,141.93,140.27,141.13,6159.0,3,0.0
2022-01-26 17:00:00,141.15,143.14,140.99,142.9,4612.0,3,0.0
2022-01-26 18:00:00,142.9,142.93,141.82,141.95,4532.0,3,0.0
2022-01-26 19:00:00,141.98,143.82,139.29,139.88,12972.0,5,0.0
2022-01-26 20:00:00,139.87,139.87,137.31,138.3,8768.0,5,0.0
2022-01-27 11:00:00,138.67,140.09,138.55,140.02,1670.0,10,0.0
2022-01-27 12:00:00,139.99,140.22,139.34,139.82,1360.0,10,0.0
2022-01-27 13:00:00,139.82,140.29,139.55,140.2,959.0,10,0.0
2022-01-27 14:00:00,140.2,142.43,139.59,142.07,6056.0,5,0.0
2022-01-27 15:00:00,142.05,143.15,141.12,142.45,9198.0,5,0.0
2022-01-27 16:00:00,142.45,144.19,142.45,143.04,7729.0,5,0.0
2022-01-27 17:00:00,143.05,143.09,140.69,141.36,7049.0,5,0.0
2022-01-27 18:00:00,141.34,141.66,139.65,140.85,7462.0,5,0.0
2022-01-27 19:00:00,140.81,141.68,139.41,139.81,6857.0,5,0.0
2022-01-27 20:00:00,139.82,140.67,139.34,140.52,4958.0,3,0.0
2022-01-28 11:00:00,139.81,140.06,139.33,139.51,1424.0,10,0.0
2022-01-28 12:00:00,139.63,140.07,138.25,138.85,1391.0,10,0.0
2022-01-28 13:00:00,138.86,140.66,138.57,140.36,1195.0,10,0.0
2022-01-28 14:00:00,140.36,141.26,138.57,139.03,5378.0,5,0.0
2022-01-28 15:00:00,139.04,140.19,137.93,140.19,8488.0,5,0.0
2022-01-28 16:00:00,140.2,141.6,139.61,141.52,6577.0,5,0.0
2022-01-28 17:00:00,141.52,142.09,140.75,140.76,5338.0,5,0.0
2022-01-28 18:00:00,140.76,142.05,140.76,141.87,5145.0,5,0.0
2022-01-28 19:00:00,141.87,142.17,140.17,141.36,5768.0,3,0.0
2022-01-28 20:00:00,141.36,142.85,141.24,142.84,4488.0,3,0.0
2022-01-31 11:00:00,145.02,145.12,144.84,145.0,728.0,10,0.0
2022-01-31 12:00:00,145.05,145.05,143.84,144.35,964.0,10,0.0
2022-01-31 13:00:00,144.38,144.65,144.1,144.59,698.0,10,0.0
2022-01-31 14:00:00,144.6,147.06,144.33,145.94,4344.0,5,0.0
2022-01-31 15:00:00,145.97,147.77,145.63,147.74,6152.0,5,0.0
2022-01-31 16:00:00,147.74,148.96,146.95,148.68,4648.0,5,0.0
2022-01-31 17:00:00,148.69,148.88,147.93,148.49,3448.0,5,0.0
2022-01-31 18:00:00,148.5,148.59,147.63,148.11,3026.0,5,0.0
2022-01-31 19:00:00,148.11,149.21,148.01,148.86,3194.0,5,0.0
2022-01-31 20:00:00,148.87,149.3,147.87,148.99,3259.0,5,0.0
2022-02-01 11:00:00,149.87,150.21,149.6,149.89,356.0,10,0.0
2022-02-01 12:00:00,149.86,150.3,149.68,150.16,689.0,10,0.0
2022-02-01 13:00:00,150.15,150.48,150.03,150.3,354.0,10,0.0
2022-02-01 14:00:00,150.3,150.42,148.62,149.25,5589.0,5,0.0
2022-02-01 15:00:00,149.31,149.99,147.67,149.15,8161.0,5,0.0
2022-02-01 16:00:00,149.11,150.13,148.92,149.88,5384.0,5,0.0
2022-02-01 17:00:00,149.88,150.12,149.23,150.05,4348.0,5,0.0
2022-02-01 18:00:00,150.05,150.22,149.55,149.88,3359.0,5,0.0
2022-02-01 19:00:00,149.88,150.2,149.35,149.87,3936.0,5,0.0
2022-02-01 20:00:00,149.86,151.04,149.77,150.65,3484.0,5,0.0
2022-02-02 11:00:00,155.03,155.08,154.65,154.73,250.0,30,0.0
2022-02-02 12:00:00,154.73,155.71,154.7,155.31,595.0,10,0.0
2022-02-02 13:00:00,155.31,155.53,154.4,154.48,577.0,10,0.0
2022-02-02 14:00:00,154.48,155.28,151.29,152.56,6129.0,5,0.0
2022-02-02 15:00:00,152.57,153.05,151.14,151.51,8214.0,5,0.0
2022-02-02 16:00:00,151.49,151.6,149.25,150.46,6819.0,5,0.0
2022-02-02 17:00:00,150.48,150.99,149.54,150.97,4177.0,5,0.0
2022-02-02 18:00:00,150.97,151.08,149.55,149.63,4337.0,3,0.0
2022-02-02 19:00:00,149.63,150.34,148.86,149.83,4356.0,5,0.0
2022-02-02 20:00:00,149.84,150.41,149.57,150.2,3837.0,5,0.0
2022-02-03 11:00:00,145.37,145.67,144.95,145.56,323.0,30,0.0
2022-02-03 12:00:00,145.52,145.81,145.09,145.28,645.0,10,0.0
2022-02-03 13:00:00,145.26,145.26,143.81,144.0,1456.0,10,0.0
2022-02-03 14:00:00,143.98,144.18,140.35,140.96,9811.0,5,0.0
2022-02-03 15:00:00,140.98,142.68,139.82,140.35,12054.0,5,0.0
2022-02-03 16:00:00,140.34,141.93,139.71,139.71,7093.0,5,0.0
2022-02-03 17:00:00,139.73,141.09,139.49,140.33,6799.0,3,0.0
2022-02-03 18:00:00,140.33,141.1,140.1,140.2,5428.0,3,0.0
2022-02-03 19:00:00,140.2,140.8,138.32,138.85,6413.0,3,0.0
2022-02-03 20:00:00,138.86,140.01,138.61,139.86,5431.0,3,0.0
2022-02-04 11:00:00,155.5,155.54,153.23,153.78,1413.0,20,0.0
2022-02-04 12:00:00,153.73,156.41,153.23,155.65,2018.0,10,0.0
2022-02-04 13:00:00,155.64,156.18,153.29,153.7,2906.0,10,0.0
2022-02-04 14:00:00,153.65,156.83,150.57,153.69,12403.0,5,0.0
2022-02-04 15:00:00,153.72,157.03,153.68,155.65,14386.0,5,0.0
2022-02-04 16:00:00,155.63,157.62,154.15,157.17,10395.0,5,0.0
2022-02-04 17:00:00,157.18,158.97,156.78,158.93,8288.0,5,0.0
2022-02-04 18:00:00,158.93,160.81,158.84,160.71,9049.0,5,0.0
2022-02-04 19:00:00,160.68,161.2,159.7,160.55,8586.0,5,0.0
2022-02-04 20:00:00,160.56,161.09,159.43,159.54,5523.0,5,0.0
2022-02-07 11:00:00,157.45,157.54,157.23,157.29,287.0,20,0.0
2022-02-07 12:00:00,157.28,158.25,157.27,158.22,528.0,10,0.0
2022-02-07 13:00:00,158.22,158.44,157.75,157.9,621.0,10,0.0
2022-02-07 14:00:00,157.92,162.45,157.48,162.33,6401.0,5,0.0
2022-02-07 15:00:00,162.38,162.59,160.35,160.57,8444.0,5,0.0
2022-02-07 16:00:00,160.54,161.0,158.52,159.28,6389.0,5,0.0
2022-02-07 17:00:00,159.27,160.62,158.87,159.01,5785.0,5,0.0
2022-02-07 18:00:00,159.02,160.03,158.41,159.04,4588.0,5,0.0
2022-02-07 19:00:00,159.04,160.48,158.9,159.48,3795.0,5,0.0
2022-02-07 20:00:00,159.49,160.44,158.7,158.83,4364.0,5,0.0
2022-02-08 11:00:00,157.59,157.73,156.81,157.31,437.0,10,0.0
2022-02-08 12:00:00,157.31,157.7,156.99,157.48,1202.0,10,0.0
2022-02-08 13:00:00,157.47,157.85,157.11,157.5,406.0,10,0.0
2022-02-08 14:00:00,157.5,157.88,156.31,156.41,4673.0,5,0.0
2022-02-08 15:00:00,156.41,158.66,155.55,158.11,6636.0,5,0.0
2022-02-08 16:00:00,158.12,159.26,158.01,158.98,4471.0,5,0.0
2022-02-08 17:00:00,158.97,160.99,158.73,160.42,4149.0,5,0.0
2022-02-08 18:00:00,160.42,160.55,159.49,160.3,4111.0,5,0.0
2022-02-08 19:00:00,160.3,160.77,159.73,160.35,4005.0,5,0.0
2022-02-08 20:00:00,160.36,161.56,160.01,161.34,3959.0,5,0.0
2022-02-09 11:00:00,162.16,163.2,162.15,163.07,353.0,10,0.0
2022-02-09 12:00:00,163.06,163.16,162.72,162.96,531.0,10,0.0
2022-02-09 13:00:00,162.96,163.14,162.73,162.75,321.0,10,0.0
2022-02-09 14:00:00,162.75,163.79,161.65,161.97,4710.0,5,0.0
2022-02-09 15:00:00,161.98,162.55,160.82,161.95,5542.0,5,0.0
2022-02-09 16:00:00,161.95,162.51,161.39,161.67,4239.0,5,0.0
2022-02-09 17:00:00,161.67,162.09,160.95,162.01,3732.0,5,0.0
2022-02-09 18:00:00,162.0,162.17,160.96,161.59,3495.0,5,0.0
2022-02-09 19:00:00,161.6,161.95,160.87,160.9,3005.0,5,0.0
2022-02-09 20:00:00,160.89,161.28,160.22,160.85,3971.0,5,0.0
2022-02-10 11:00:00,160.8,161.08,160.76,160.84,474.0,5,0.0
2022-02-10 12:00:00,160.84,161.15,160.84,161.02,343.0,10,0.0
2022-02-10 13:00:00,161.07,161.15,158.91,159.27,1986.0,10,0.0
2022-02-10 14:00:00,159.26,159.49,157.73,159.08,5373.0,5,0.0
2022-02-10 15:00:00,159.13,160.7,158.81,159.66,6707.0,5,0.0
2022-02-10 16:00:00,159.66,160.51,159.42,160.45,4878.0,5,0.0
2022-02-10 17:00:00,160.45,160.52,158.35,159.52,5243.0,5,0.0
2022-02-10 18:00:00,159.52,159.69,158.12,159.21,5966.0,5,0.0
2022-02-10 19:00:00,159.23,159.73,158.43,158.87,5258.0,5,0.0
2022-02-10 20:00:00,158.9,159.48,158.21,158.38,5340.0,5,0.0
2022-02-11 11:00:00,157.72,157.78,157.41,157.7,229.0,10,0.0
2022-02-11 12:00:00,157.75,159.13,157.75,158.69,557.0,10,0.0
2022-02-11 13:00:00,158.7,159.18,158.52,158.96,556.0,10,0.0
2022-02-11 14:00:00,158.92,159.07,157.04,157.2,4248.0,5,0.0
2022-02-11 15:00:00,157.23,158.13,156.26,156.81,6531.0,5,0.0
2022-02-11 16:00:00,156.8,157.37,156.06,156.41,4945.0,5,0.0
2022-02-11 17:00:00,156.4,156.51,155.32,155.48,4130.0,5,0.0
2022-02-11 18:00:00,155.49,155.81,153.92,154.05,6587.0,5,0.0
2022-02-11 19:00:00,154.04,154.68,153.12,153.56,7169.0,5,0.0
2022-02-11 20:00:00,153.55,154.31,152.71,153.0,4512.0,5,0.0
2022-02-14 11:00:00,151.33,151.59,150.88,151.42,782.0,10,0.0
2022-02-14 12:00:00,151.3,153.01,150.89,152.42,1322.0,10,0.0
2022-02-14 13:00:00,152.45,153.02,151.89,152.26,1266.0,10,0.0
2022-02-14 14:00:00,152.23,154.46,151.47,153.99,5247.0,5,0.0
2022-02-14 15:00:00,153.99,156.74,153.08,155.84,10817.0,5,0.0
2022-02-14 16:00:00,155.87,158.23,155.72,157.92,7708.0,5,0.0
2022-02-14 17:00:00,157.93,158.42,157.32,157.47,5130.0,5,0.0
2022-02-14 18:00:00,157.48,158.36,154.78,154.94,5587.0,3,0.0
2022-02-14 19:00:00,154.93,156.05,154.53,155.47,6989.0,5,0.0
2022-02-14 20:00:00,155.46,156.28,154.58,155.47,5177.0,5,0.0
2022-02-15 11:00:00,158.02,158.92,157.97,158.51,477.0,20,0.0
2022-02-15 12:00:00,158.53,158.69,158.18,158.55,564.0,10,0.0
2022-02-15 13:00:00,158.59,158.67,157.63,157.73,554.0,10,0.0
2022-02-15 14:00:00,157.73,158.1,156.76,157.59,4242.0,5,0.0
2022-02-15 15:00:00,157.58,157.8,155.46,155.81,5577.0,3,0.0
2022-02-15 16:00:00,155.82,156.48,155.66,156.13,3504.0,3,0.0
2022-02-15 17:00:00,156.13,156.24,154.64,154.98,4675.0,3,0.0
2022-02-15 18:00:00,154.98,156.02,154.74,156.01,3182.0,3,0.0
2022-02-15 19:00:00,156.02,156.33,155.58,156.19,3576.0,3,0.0
2022-02-15 20:00:00,156.19,156.49,155.44,156.07,3361.0,3,0.0
2022-02-16 11:00:00,156.73,156.95,156.7,156.75,429.0,10,0.0
2022-02-16 12:00:00,156.76,157.16,155.95,156.23,751.0,10,0.0
2022-02-16 13:00:00,156.23,156.87,155.75,155.81,642.0,10,0.0
2022-02-16 14:00:00,155.79,156.0,154.68,155.59,3568.0,5,0.0
2022-02-16 15:00:00,155.59,156.73,155.36,156.39,5438.0,5,0.0
2022-02-16 16:00:00,156.39,157.88,156.22,157.88,4369.0,5,0.0
2022-02-16 17:00:00,157.88,158.07,156.24,156.52,3989.0,3,0.0
2022-02-16 18:00:00,156.52,156.97,156.22,156.48,2550.0,3,0.0
2022-02-16 19:00:00,156.47,158.2,156.05,157.98,5371.0,5,0.0
2022-02-16 20:00:00,157.99,158.77,157.99,158.4,3290.0,5,0.0
2022-02-17 11:00:00,158.09,158.44,157.65,158.36,842.0,10,0.0
2022-02-17 12:00:00,158.36,159.27,158.33,158.98,741.0,10,0.0
2022-02-17 13:00:00,158.98,159.05,157.71,157.83,1056.0,10,0.0
2022-02-17 14:00:00,157.81,160.27,157.8,159.17,4396.0,5,0.0
2022-02-17 15:00:00,159.18,160.15,157.55,158.08,6687.0,5,0.0
2022-02-17 16:00:00,158.09,158.66,157.5,157.6,4121.0,3,0.0
2022-02-17 17:00:00,157.6,157.62,156.7,157.07,3728.0,3,0.0
2022-02-17 18:00:00,157.06,157.1,156.07,156.46,3612.0,3,0.0
2022-02-17 19:00:00,156.46,156.58,155.62,155.67,3484.0,3,0.0
2022-02-17 20:00:00,155.67,155.86,154.85,155.4,3167.0,5,0.0
2022-02-18 11:00:00,155.97,156.0,155.49,155.56,202.0,10,0.0
2022-02-18 12:00:00,155.54,155.78,155.5,155.63,323.0,10,0.0
2022-02-18 13:00:00,155.63,155.7,154.48,155.2,898.0,10,0.0
2022-02-18 14:00:00,155.2,155.57,153.04,154.5,5300.0,5,0.0
2022-02-18 15:00:00,154.52,154.69,152.43,152.6,6228.0,5,0.0
2022-02-18 16:00:00,152.58,152.64,151.34,151.49,5360.0,3,0.0
2022-02-18 17:00:00,151.49,152.56,151.13,151.34,5100.0,5,0.0
2022-02-18 18:00:00,151.35,152.12,150.88,151.99,4078.0,3,0.0
2022-02-18 19:00:00,151.99,153.64,151.83,153.47,5324.0,3,0.0
2022-02-18 20:00:00,153.47,154.25,151.73,152.83,5182.0,5,0.0
2022-02-22 11:00:00,150.91,151.24,150.26,151.1,357.0,20,0.0
2022-02-22 12:00:00,151.07,151.42,150.58,151.23,832.0,10,0.0
2022-02-22 13:00:00,151.17,151.47,150.56,151.33,881.0,10,0.0
2022-02-22 14:00:00,151.31,152.36,150.3,151.58,4544.0,5,0.0
2022-02-22 15:00:00,151.57,152.99,150.88,150.93,6731.0,3,0.0
2022-02-22 16:00:00,150.93,151.09,149.34,149.8,6550.0,3,0.0
2022-02-22 17:00:00,149.8,150.28,149.73,150.0,4498.0,3,0.0
2022-02-22 18:00:00,150.01,150.28,148.85,148.95,4331.0,3,0.0
2022-02-22 19:00:00,148.93,151.39,148.44,150.99,6910.0,3,0.0
2022-02-22 20:00:00,151.01,151.93,150.23,150.5,5677.0,3,0.0
2022-02-23 11:00:00,151.85,151.94,151.5,151.51,1673.0,10,0.0
2022-02-23 12:00:00,151.56,151.92,151.43,151.83,547.0,10,0.0
2022-02-23 13:00:00,151.82,151.88,151.54,151.73,245.0,10,0.0
2022-02-23 14:00:00,151.78,152.32,149.95,150.18,4333.0,5,0.0
2022-02-23 15:00:00,150.21,150.22,147.69,148.11,6643.0,5,0.0
2022-02-23 16:00:00,148.1,148.79,147.5,148.52,5045.0,5,0.0
2022-02-23 17:00:00,148.52,149.05,147.6,147.74,4190.0,5,0.0
2022-02-23 18:00:00,147.74,147.74,146.61,146.97,4438.0,3,0.0
2022-02-23 19:00:00,146.94,147.27,145.88,145.93,4974.0,3,0.0
2022-02-23 20:00:00,145.93,146.13,145.19,145.25,4544.0,5,0.0
2022-02-24 11:00:00,140.45,140.49,139.59,140.49,1231.0,10,0.0
2022-02-24 12:00:00,140.44,140.8,138.76,139.57,1782.0,10,0.0
2022-02-24 13:00:00,139.59,141.19,138.78,140.18,1408.0,10,0.0
2022-02-24 14:00:00,140.18,143.62,139.23,142.58,9036.0,5,0.0
2022-02-24 15:00:00,142.58,146.84,141.05,146.25,12329.0,5,0.0
2022-02-24 16:00:00,146.27,146.95,144.74,146.46,8049.0,5,0.0
2022-02-24 17:00:00,146.45,146.6,144.98,146.07,5875.0,5,0.0
2022-02-24 18:00:00,146.07,149.65,145.94,148.32,7527.0,5,0.0
2022-02-24 19:00:00,148.31,150.14,147.79,149.39,7642.0,5,0.0
2022-02-24 20:00:00,149.39,151.51,149.16,150.81,6203.0,5,0.0
2022-02-25 11:00:00,150.51,150.74,150.0,150.69,1352.0,10,0.0
2022-02-25 12:00:00,150.79,152.25,150.49,151.75,1437.0,10,0.0
2022-02-25 13:00:00,151.77,152.35,151.37,151.64,520.0,20,0.0
2022-02-25 14:00:00,151.69,151.69,149.35,149.84,6162.0,5,0.0
2022-02-25 15:00:00,149.85,152.59,149.14,152.21,7579.0,5,0.0
2022-02-25 16:00:00,152.21,153.82,151.69,153.61,5555.0,5,0.0
2022-02-25 17:00:00,153.61,153.67,152.17,152.43,4405.0,5,0.0
2022-02-25 18:00:00,152.44,153.54,152.0,152.92,4546.0,3,0.0
2022-02-25 19:00:00,152.92,153.95,152.56,153.26,5394.0,5,0.0
2022-02-25 20:00:00,153.26,153.77,152.72,153.26,3711.0,5,0.0
2022-02-28 11:00:00,151.56,151.91,151.5,151.75,935.0,10,0.0
2022-02-28 12:00:00,151.83,152.83,151.68,152.33,1146.0,10,0.0
2022-02-28 13:00:00,152.32,152.63,151.73,152.13,746.0,10,0.0
2022-02-28 14:00:00,152.11,153.3,151.41,152.8,4328.0,5,0.0
2022-02-28 15:00:00,152.75,154.04,150.95,153.59,6456.0,5,0.0
2022-02-28 16:00:00,153.6,154.41,153.06,153.87,4818.0,3,0.0
2022-02-28 17:00:00,153.87,154.08,151.82,152.42,4682.0,5,0.0
2022-02-28 18:00:00,152.41,153.07,151.78,152.39,4479.0,3,0.0
2022-02-28 19:00:00,152.39,152.39,150.78,151.63,5075.0,5,0.0
2022-02-28 20:00:00,151.63,152.24,151.08,152.15,3467.0,5,0.0
2022-03-01 11:00:00,152.63,152.67,151.64,151.71,1717.0,10,0.0
2022-03-01 12:00:00,151.75,152.72,151.75,152.42,1115.0,10,0.0
2022-03-01 13:00:00,152.42,153.25,152.19,152.97,709.0,10,0.0
2022-03-01 14:00:00,152.9,153.33,152.04,153.15,3530.0,5,0.0
2022-03-01 15:00:00,153.15,154.02,152.56,152.93,6034.0,5,0.0
2022-03-01 16:00:00,152.93,153.45,151.67,151.87,5161.0,5,0.0
2022-03-01 17:00:00,151.87,152.64,151.52,152.45,4339.0,5,0.0
2022-03-01 18:00:00,152.44,152.7,151.27,151.63,4680.0,3,0.0
2022-03-01 19:00:00,151.62,152.03,150.92,151.1,4620.0,3,0.0
2022-03-01 20:00:00,151.11,152.21,150.55,150.61,4206.0,5,0.0
2022-03-02 11:00:00,151.77,152.26,151.73,151.84,1006.0,10,0.0
2022-03-02 12:00:00,152.05,152.05,151.3,151.52,1392.0,10,0.0
2022-03-02 13:00:00,151.48,151.5,150.66,150.81,524.0,10,0.0
2022-03-02 14:00:00,150.79,151.39,149.88,150.5,3834.0,5,0.0
2022-03-02 15:00:00,150.48,151.49,148.76,149.99,7875.0,5,0.0
2022-03-02 16:00:00,150.0,152.24,149.57,151.56,6540.0,3,0.0
2022-03-02 17:00:00,151.58,151.92,151.25,151.37,3947.0,3,0.0
2022-03-02 18:00:00,151.4,152.45,151.31,151.81,3943.0,3,0.0
2022-03-02 19:00:00,151.83,152.51,151.69,152.22,3931.0,3,0.0
2022-03-02 20:00:00,152.21,152.95,152.19,152.67,3438.0,3,0.0
2022-03-03 11:00:00,151.33,151.33,151.22,151.24,139.0,20,0.0
2022-03-03 12:00:00,151.24,151.75,151.24,151.68,674.0,10,0.0
2022-03-03 13:00:00,151.68,152.6,151.68,152.6,440.0,10,0.0
2022-03-03 14:00:00,152.6,153.79,151.53,151.85,4290.0,5,0.0
2022-03-03 15:00:00,151.85,152.05,149.41,149.43,6517.0,3,0.0
2022-03-03 16:00:00,149.42,150.0,149.0,149.55,5282.0,3,0.0
2022-03-03 17:00:00,149.55,151.15,149.05,150.2,5603.0,3,0.0
2022-03-03 18:00:00,150.19,150.86,149.65,149.91,4129.0,5,0.0
2022-03-03 19:00:00,149.91,150.34,147.4,147.61,5352.0,5,0.0
2022-03-03 20:00:00,147.58,147.7,146.84,147.11,4713.0,5,0.0
2022-03-04 11:00:00,146.58,147.22,146.26,146.55,2420.0,10,0.0
2022-03-04 12:00:00,146.54,147.01,146.23,146.62,1317.0,20,0.0
2022-03-04 13:00:00,146.62,147.54,146.62,146.88,1671.0,10,0.0
2022-03-04 14:00:00,146.91,147.85,144.99,145.78,5066.0,5,0.0
2022-03-04 15:00:00,145.76,145.87,143.83,144.56,7467.0,5,0.0
2022-03-04 16:00:00,144.56,145.06,144.15,144.55,5561.0,5,0.0
2022-03-04 17:00:00,144.55,145.74,144.32,145.45,5027.0,3,0.0
2022-03-04 18:00:00,145.45,146.29,144.95,145.01,4620.0,5,0.0
2022-03-04 19:00:00,145.02,145.46,144.61,144.68,4736.0,5,0.0
2022-03-04 20:00:00,144.69,145.47,144.62,145.16,4666.0,5,0.0
2022-03-07 11:00:00,143.13,143.54,142.92,143.28,1251.0,10,0.0
2022-03-07 12:00:00,143.29,144.79,143.27,144.06,1011.0,10,0.0
2022-03-07 13:00:00,144.06,144.72,144.03,144.45,468.0,10,0.0
2022-03-07 14:00:00,144.46,146.13,142.79,142.79,4768.0,5,0.0
2022-03-07 15:00:00,142.78,142.94,139.99,140.46,8427.0,5,0.0
2022-03-07 16:00:00,140.42,141.25,139.77,140.06,6133.0,5,0.0
2022-03-07 17:00:00,140.05,140.56,139.25,139.29,5695.0,3,0.0
2022-03-07 18:00:00,139.27,139.72,138.13,138.32,5304.0,3,0.0
2022-03-07 19:00:00,138.32,138.98,137.63,137.88,4798.0,5,0.0
2022-03-07 20:00:00,137.88,138.3,137.6,138.18,4413.0,5,0.0
2022-03-08 11:00:00,137.65,137.81,137.24,137.73,691.0,10,0.0
2022-03-08 12:00:00,137.66,138.35,136.78,136.87,829.0,10,0.0
2022-03-08 13:00:00,136.83,137.27,136.47,137.13,997.0,10,0.0
2022-03-08 14:00:00,137.12,138.6,135.13,136.62,4892.0,5,0.0
2022-03-08 15:00:00,136.62,136.81,133.57,136.3,6416.0,5,0.0
2022-03-08 16:00:00,136.33,137.14,134.69,135.19,3845.0,5,0.0
2022-03-08 17:00:00,135.19,140.08,135.11,139.92,4939.0,5,0.0
2022-03-08 18:00:00,139.92,140.67,136.97,136.99,4000.0,5,0.0
2022-03-08 19:00:00,136.98,137.64,136.18,137.04,3760.0,5,0.0
2022-03-08 20:00:00,137.03,138.02,135.56,135.98,3234.0,5,0.0
2022-03-09 11:00:00,138.69,139.22,138.31,138.48,347.0,20,0.0
2022-03-09 12:00:00,138.54,139.14,137.78,139.03,665.0,10,0.0
2022-03-09 13:00:00,138.99,139.35,138.31,138.31,599.0,10,0.0
2022-03-09 14:00:00,138.3,140.1,136.82,137.6,5682.0,5,0.0
2022-03-09 15:00:00,137.61,139.61,137.26,139.51,6468.0,5,0.0
2022-03-09 16:00:00,139.52,139.59,137.69,138.48,4866.0,3,0.0
2022-03-09 17:00:00,138.48,139.33,137.53,138.59,4134.0,3,0.0
2022-03-09 18:00:00,138.59,139.36,138.12,138.54,3665.0,3,0.0
2022-03-09 19:00:00,138.54,139.69,138.46,139.37,3644.0,3,0.0
2022-03-09 20:00:00,139.37,140.23,139.08,139.14,3020.0,3,0.0
2022-03-10 11:00:00,147.71,148.3,146.15,146.51,550.0,30,0.0
2022-03-10 12:00:00,146.56,147.05,145.23,145.78,765.0,20,0.0
2022-03-10 13:00:00,145.79,146.23,144.26,144.54,1501.0,10,0.0
2022-03-10 14:00:00,144.53,147.15,143.95,147.1,10013.0,5,0.0
2022-03-10 15:00:00,147.13,147.7,145.52,145.71,8964.0,5,0.0
2022-03-10 16:00:00,145.71,146.84,145.42,146.63,6226.0,5,0.0
2022-03-10 17:00:00,146.62,146.87,145.25,145.41,5348.0,3,0.0
2022-03-10 18:00:00,145.41,147.66,145.28,147.29,5301.0,3,0.0
2022-03-10 19:00:00,147.29,148.6,147.12,148.13,6524.0,5,0.0
2022-03-10 20:00:00,148.14,148.33,147.7,147.79,4501.0,5,0.0
2022-03-11 11:00:00,148.0,149.62,147.68,149.03,723.0,10,0.0
2022-03-11 12:00:00,149.0,149.67,148.58,148.6,694.0,10,0.0
2022-03-11 13:00:00,148.6,149.08,148.58,148.65,480.0,10,0.0
2022-03-11 14:00:00,148.65,149.59,147.42,147.66,6377.0,5,0.0
2022-03-11 15:00:00,147.63,148.6,146.82,148.55,7282.0,5,0.0
2022-03-11 16:00:00,148.55,148.58,146.92,147.44,5662.0,3,0.0
2022-03-11 17:00:00,147.44,147.83,147.0,147.44,4301.0,5,0.0
2022-03-11 18:00:00,147.44,148.15,147.25,147.42,4339.0,3,0.0
2022-03-11 19:00:00,147.42,148.41,147.2,147.74,4494.0,3,0.0
2022-03-11 20:00:00,147.75,147.76,146.2,146.3,3794.0,3,0.0
2022-03-14 10:00:00,146.79,146.87,146.14,146.38,360.0,10,0.0
2022-03-14 11:00:00,146.38,146.52,144.73,145.08,608.0,10,0.0
2022-03-14 12:00:00,145.06,146.17,144.84,145.93,554.0,10,0.0
2022-03-14 13:00:00,146.03,147.44,145.47,145.9,5677.0,5,0.0
2022-03-14 14:00:00,145.89,146.68,145.1,145.98,6651.0,3,0.0
2022-03-14 15:00:00,145.99,146.12,142.58,142.7,6308.0,3,0.0
2022-03-14 16:00:00,142.69,143.35,141.19,141.22,5744.0,3,0.0
2022-03-14 17:00:00,141.21,142.81,140.85,142.28,5058.0,5,0.0
2022-03-14 18:00:00,142.28,142.56,141.71,142.17,4289.0,5,0.0
2022-03-14 19:00:00,142.17,142.65,141.65,142.08,3689.0,3,0.0
2022-03-15 10:00:00,141.38,143.06,141.32,142.73,141.0,10,0.0
2022-03-15 11:00:00,142.62,143.02,142.22,142.72,320.0,20,0.0
2022-03-15 12:00:00,142.63,143.72,142.58,143.3,520.0,10,0.0
2022-03-15 13:00:00,143.3,144.38,142.01,144.18,4679.0,5,0.0
2022-03-15 14:00:00,144.18,146.87,144.0,146.5,7385.0,5,0.0
2022-03-15 15:00:00,146.51,147.5,145.59,146.3,5862.0,5,0.0
2022-03-15 16:00:00,146.31,146.68,145.67,146.3,4952.0,3,0.0
2022-03-15 17:00:00,146.31,146.49,145.46,145.97,4227.0,5,0.0
2022-03-15 18:00:00,145.97,146.75,145.32,146.53,4207.0,3,0.0
2022-03-15 19:00:00,146.53,147.9,146.21,147.58,3797.0,5,0.0
2022-03-16 10:00:00,149.59,150.04,149.55,149.55,234.0,20,0.0
2022-03-16 11:00:00,149.63,149.73,149.09,149.57,353.0,10,0.0
2022-03-16 12:00:00,149.57,149.61,148.55,148.58,377.0,10,0.0
2022-03-16 13:00:00,148.58,149.09,147.77,148.81,4451.0,5,0.0
2022-03-16 14:00:00,148.82,150.7,148.34,150.17,7137.0,5,0.0
2022-03-16 15:00:00,150.2,151.11,149.8,150.78,4926.0,5,0.0
2022-03-16 16:00:00,150.78,150.94,149.12,149.43,4219.0,5,0.0
2022-03-16 17:00:00,149.43,150.69,148.86,150.6,4418.0,3,0.0
2022-03-16 18:00:00,150.55,150.58,147.34,150.0,8135.0,5,0.0
2022-03-16 19:00:00,150.0,151.95,149.63,151.78,4359.0,5,0.0
2022-03-17 10:00:00,152.35,152.45,151.5,152.38,525.0,10,0.0
2022-03-17 11:00:00,152.33,152.57,151.95,152.18,228.0,10,0.0
2022-03-17 12:00:00,152.22,152.36,151.88,151.95,236.0,10,0.0
2022-03-17 13:00:00,151.97,154.7,151.81,154.48,4914.0,5,0.0
2022-03-17 14:00:00,154.48,155.29,153.02,153.37,7446.0,5,0.0
2022-03-17 15:00:00,153.37,154.74,152.82,154.46,5568.0,5,0.0
2022-03-17 16:00:00,154.49,155.47,154.36,155.24,5257.0,5,0.0
2022-03-17 17:00:00,155.24,157.04,154.74,156.78,5108.0,5,0.0
2022-03-17 18:00:00,156.78,157.47,156.21,157.12,5103.0,5,0.0
2022-03-17 19:00:00,157.12,157.27,156.06,157.07,3898.0,5,0.0
2022-03-18 10:00:00,156.48,156.62,156.07,156.1,278.0,10,0.0
2022-03-18 11:00:00,156.15,156.35,156.1,156.23,273.0,10,0.0
2022-03-18 12:00:00,156.3,156.5,156.0,156.31,240.0,10,0.0
2022-03-18 13:00:00,156.28,157.64,155.99,157.59,4698.0,5,0.0
2022-03-18 14:00:00,157.59,157.92,156.34,157.37,6668.0,5,0.0
2022-03-18 15:00:00,157.39,159.18,157.29,158.88,6305.0,5,0.0
2022-03-18 16:00:00,158.88,159.69,158.65,159.37,4425.0,5,0.0
2022-03-18 17:00:00,159.37,159.83,159.18,159.62,4036.0,5,0.0
2022-03-18 18:00:00,159.62,159.97,158.92,159.91,3994.0,5,0.0
2022-03-18 19:00:00,159.91,160.88,159.81,160.75,3462.0,5,0.0
2022-03-21 10:00:00,160.53,160.55,160.21,160.42,218.0,10,0.0
2022-03-21 11:00:00,160.42,161.46,160.42,161.22,495.0,10,0.0
2022-03-21 12:00:00,161.23,161.27,160.72,160.78,317.0,10,0.0
2022-03-21 13:00:00,160.8,161.91,160.0,160.02,4827.0,5,0.0
2022-03-21 14:00:00,160.06,161.23,159.55,160.93,8350.0,5,0.0
2022-03-21 15:00:00,160.95,163.05,160.83,162.64,8124.0,5,0.0
2022-03-21 16:00:00,162.65,162.84,160.21,160.22,8920.0,5,0.0
2022-03-21 17:00:00,160.22,160.96,159.53,160.83,7436.0,3,0.0
2022-03-21 18:00:00,160.83,161.87,160.39,160.79,6774.0,5,0.0
2022-03-21 19:00:00,160.75,161.57,160.55,161.27,3825.0,3,0.0
2022-03-22 10:00:00,162.0,162.15,161.74,162.07,292.0,10,0.0
2022-03-22 11:00:00,162.06,162.06,161.51,161.6,691.0,10,0.0
2022-03-22 12:00:00,161.55,161.64,161.3,161.61,237.0,10,0.0
2022-03-22 13:00:00,161.63,163.3,161.46,162.78,3877.0,5,0.0
2022-03-22 14:00:00,162.78,165.52,162.78,164.94,8042.0,5,0.0
2022-03-22 15:00:00,164.97,166.14,164.77,164.85,7460.0,5,0.0
2022-03-22 16:00:00,164.85,165.22,164.14,165.01,5001.0,5,0.0
2022-03-22 17:00:00,165.02,165.55,164.72,165.36,4209.0,3,0.0
2022-03-22 18:00:00,165.38,165.62,164.91,165.16,4271.0,5,0.0
2022-03-22 19:00:00,165.16,165.56,164.92,165.4,3189.0,5,0.0
2022-03-23 10:00:00,164.26,164.32,163.86,164.01,408.0,10,0.0
2022-03-23 11:00:00,164.01,164.43,163.63,163.9,595.0,10,0.0
2022-03-23 12:00:00,163.9,164.13,163.75,163.81,341.0,10,0.0
2022-03-23 13:00:00,163.84,164.27,162.65,163.34,5204.0,5,0.0
2022-03-23 14:00:00,163.33,165.54,162.95,165.18,8913.0,5,0.0
2022-03-23 15:00:00,165.18,166.06,164.87,165.88,5863.0,5,0.0
2022-03-23 16:00:00,165.88,166.35,164.99,165.47,5523.0,5,0.0
2022-03-23 17:00:00,165.47,165.53,164.11,164.98,5785.0,5,0.0
2022-03-23 18:00:00,164.98,165.1,163.99,164.55,4348.0,5,0.0
2022-03-23 19:00:00,164.55,164.9,163.84,164.15,4781.0,5,0.0
2022-03-24 10:00:00,164.11,164.13,163.52,163.88,595.0,5,0.0
2022-03-24 11:00:00,163.88,164.34,163.5,163.57,862.0,10,0.0
2022-03-24 12:00:00,163.57,164.13,163.57,163.99,376.0,10,0.0
2022-03-24 13:00:00,164.01,164.09,160.76,160.82,5121.0,3,0.0
2022-03-24 14:00:00,160.83,162.06,160.02,161.08,8653.0,5,0.0
2022-03-24 15:00:00,161.08,162.59,160.95,162.27,6066.0,5,0.0
2022-03-24 16:00:00,162.27,163.07,161.63,163.0,5943.0,5,0.0
2022-03-24 17:00:00,163.0,163.44,162.63,163.07,4692.0,5,0.0
2022-03-24 18:00:00,163.07,163.6,162.16,162.65,5879.0,5,0.0
2022-03-24 19:00:00,162.65,163.52,162.46,163.16,2973.0,5,0.0
2022-03-25 10:00:00,163.43,163.78,163.2,163.74,153.0,10,0.0
2022-03-25 11:00:00,163.79,164.17,163.53,164.14,279.0,10,0.0
2022-03-25 12:00:00,164.1,164.36,164.03,164.03,263.0,10,0.0
2022-03-25 13:00:00,164.01,164.93,163.49,164.33,6579.0,5,0.0
2022-03-25 14:00:00,164.32,165.35,163.36,164.72,6831.0,5,0.0
2022-03-25 15:00:00,164.74,164.8,162.36,162.58,7102.0,5,0.0
2022-03-25 16:00:00,162.58,163.71,162.36,163.37,4969.0,5,0.0
2022-03-25 17:00:00,163.37,164.27,163.25,164.22,4201.0,5,0.0
2022-03-25 18:00:00,164.21,164.91,163.86,164.76,3757.0,5,0.0
2022-03-25 19:00:00,164.75,164.84,163.49,164.12,3879.0,5,0.0
2022-03-28 10:00:00,164.5,164.71,164.24,164.39,1096.0,5,0.0
2022-03-28 11:00:00,164.42,165.08,164.4,165.02,482.0,10,0.0
2022-03-28 12:00:00,165.02,165.18,164.82,164.88,349.0,10,0.0
2022-03-28 13:00:00,164.88,168.22,164.73,166.83,5687.0,5,0.0
2022-03-28 14:00:00,166.84,167.67,165.71,167.57,7537.0,5,0.0
2022-03-28 15:00:00,167.59,167.73,165.7,165.91,6649.0,5,0.0
2022-03-28 16:00:00,165.9,166.61,165.34,166.45,4496.0,5,0.0
2022-03-28 17:00:00,166.46,167.54,166.33,167.05,3869.0,5,0.0
2022-03-28 18:00:00,167.05,168.61,166.94,168.61,4164.0,5,0.0
2022-03-28 19:00:00,168.61,168.93,168.24,168.71,3441.0,5,0.0
2022-03-29 10:00:00,169.38,169.38,168.6,168.6,308.0,10,0.0
2022-03-29 11:00:00,168.6,169.86,168.56,169.82,586.0,10,0.0
2022-03-29 12:00:00,169.83,170.61,169.74,170.44,664.0,10,0.0
2022-03-29 13:00:00,170.44,170.79,168.34,169.28,6224.0,5,0.0
2022-03-29 14:00:00,169.29,169.93,167.87,169.11,8189.0,5,0.0
2022-03-29 15:00:00,169.11,169.68,168.57,169.18,4938.0,5,0.0
2022-03-29 16:00:00,169.19,169.55,168.57,168.87,4352.0,5,0.0
2022-03-29 17:00:00,168.86,169.52,168.4,169.47,3966.0,5,0.0
2022-03-29 18:00:00,169.47,169.94,169.19,169.85,3413.0,5,0.0
2022-03-29 19:00:00,169.85,170.29,169.64,169.99,2814.0,5,0.0
2022-03-30 10:00:00,168.08,168.35,168.0,168.31,355.0,10,0.0
2022-03-30 11:00:00,168.28,168.85,168.28,168.77,436.0,10,0.0
2022-03-30 12:00:00,168.77,168.77,168.13,168.27,449.0,10,0.0
2022-03-30 13:00:00,168.25,168.88,167.3,167.63,3652.0,5,0.0
2022-03-30 14:00:00,167.62,168.34,166.85,166.94,5976.0,5,0.0
2022-03-30 15:00:00,166.93,167.05,166.05,167.04,6237.0,5,0.0
2022-03-30 16:00:00,167.05,167.62,166.72,167.59,4158.0,5,0.0
2022-03-30 17:00:00,167.58,167.74,166.84,166.91,3968.0,5,0.0
2022-03-30 18:00:00,166.91,167.26,166.5,166.67,3473.0,5,0.0
2022-03-30 19:00:00,166.67,166.73,165.47,165.78,4261.0,5,0.0
2022-03-31 10:00:00,166.97,167.13,166.89,167.03,343.0,10,0.0
2022-03-31 11:00:00,167.02,167.07,166.58,166.85,573.0,5,0.0
2022-03-31 12:00:00,166.86,167.04,166.67,166.82,450.0,5,0.0
2022-03-31 13:00:00,166.82,166.83,165.53,165.91,3986.0,5,0.0
2022-03-31 14:00:00,165.91,165.96,164.86,165.73,6211.0,5,0.0
2022-03-31 15:00:00,165.73,165.79,164.87,165.22,4868.0,5,0.0
2022-03-31 16:00:00,165.22,165.34,164.5,164.66,4147.0,5,0.0
2022-03-31 17:00:00,164.67,165.61,164.62,165.27,3363.0,5,0.0
2022-03-31 18:00:00,165.27,165.57,164.81,165.56,3862.0,5,0.0
2022-03-31 19:00:00,165.57,166.05,164.6,164.64,4021.0,5,0.0
2022-04-01 10:00:00,164.51,164.58,164.06,164.26,464.0,10,0.0
2022-04-01 11:00:00,164.18,164.3,163.88,164.13,215.0,10,0.0
2022-04-01 12:00:00,164.13,164.21,163.66,163.83,544.0,10,0.0
2022-04-01 13:00:00,163.84,164.27,162.31,163.3,4758.0,5,0.0
2022-04-01 14:00:00,163.27,165.81,163.11,165.58,7078.0,5,0.0
2022-04-01 15:00:00,165.58,165.79,163.79,163.92,5260.0,5,0.0
2022-04-01 16:00:00,163.92,164.39,163.33,163.51,4082.0,5,0.0
2022-04-01 17:00:00,163.51,163.75,162.92,163.3,4711.0,5,0.0
2022-04-01 18:00:00,163.3,164.49,163.22,163.72,5412.0,5,0.0
2022-04-01 19:00:00,163.69,163.85,162.44,162.63,3930.0,5,0.0
2022-04-04 10:00:00,164.12,164.33,164.01,164.32,353.0,10,0.0
2022-04-04 11:00:00,164.33,164.33,163.82,163.92,488.0,10,0.0
2022-04-04 12:00:00,163.92,164.04,163.74,163.76,279.0,10,0.0
2022-04-04 13:00:00,163.76,166.44,163.2,166.42,4324.0,5,0.0
2022-04-04 14:00:00,166.42,166.77,165.79,166.64,6022.0,5,0.0
2022-04-04 15:00:00,166.64,166.97,166.24,166.79,3804.0,5,0.0
2022-04-04 16:00:00,166.79,167.32,166.69,166.85,3148.0,5,0.0
2022-04-04 17:00:00,166.85,167.14,166.69,167.08,2750.0,5,0.0
2022-04-04 18:00:00,167.07,167.43,166.42,167.09,3373.0,5,0.0
2022-04-04 19:00:00,167.09,167.84,166.9,167.74,2561.0,5,0.0
2022-04-05 10:00:00,168.1,168.16,167.47,167.76,297.0,10,0.0
2022-04-05 11:00:00,167.76,168.0,167.64,167.95,373.0,10,0.0
2022-04-05 12:00:00,167.95,168.05,167.77,167.86,451.0,10,0.0
2022-04-05 13:00:00,167.86,168.06,166.43,167.12,5611.0,5,0.0
2022-04-05 14:00:00,167.12,167.48,164.81,165.6,9036.0,5,0.0
2022-04-05 15:00:00,165.62,165.64,164.74,165.18,4735.0,5,0.0
2022-04-05 16:00:00,165.18,165.36,164.48,164.99,3853.0,5,0.0
2022-04-05 17:00:00,164.99,165.41,164.28,164.58,3608.0,5,0.0
2022-04-05 18:00:00,164.58,164.84,164.09,164.19,3553.0,5,0.0
2022-04-05 19:00:00,164.19,164.36,163.25,163.63,3683.0,5,0.0
2022-04-06 10:00:00,162.57,162.59,162.4,162.43,137.0,20,0.0
2022-04-06 11:00:00,162.45,162.7,161.28,161.33,519.0,10,0.0
2022-04-06 12:00:00,161.31,161.92,161.27,161.81,518.0,10,0.0
2022-04-06 13:00:00,161.82,162.23,158.97,159.27,6772.0,5,0.0
2022-04-06 14:00:00,159.27,159.36,158.15,158.81,9257.0,5,0.0
2022-04-06 15:00:00,158.8,159.34,158.23,159.08,6119.0,5,0.0
2022-04-06 16:00:00,159.08,159.21,158.26,158.84,5322.0,5,0.0
2022-04-06 17:00:00,158.82,160.06,158.73,159.39,4430.0,5,0.0
2022-04-06 18:00:00,159.39,160.62,157.25,159.96,11107.0,5,0.0
2022-04-06 19:00:00,159.96,160.69,158.27,159.2,7412.0,5,0.0
2022-04-07 10:00:00,159.5,159.65,159.38,159.4,412.0,5,0.0
2022-04-07 11:00:00,159.38,159.66,159.05,159.2,598.0,5,0.0
2022-04-07 12:00:00,159.19,159.19,158.58,158.66,276.0,10,0.0
2022-04-07 13:00:00,158.69,160.03,158.24,159.42,4766.0,5,0.0
2022-04-07 14:00:00,159.41,159.74,157.56,158.03,6941.0,5,0.0
2022-04-07 15:00:00,158.02,158.49,155.82,156.07,6951.0,5,0.0
2022-04-07 16:00:00,156.07,156.53,154.51,155.14,7006.0,5,0.0
2022-04-07 17:00:00,155.13,156.56,155.08,156.28,5876.0,5,0.0
2022-04-07 18:00:00,156.28,157.76,155.82,157.64,6981.0,5,0.0
2022-04-07 19:00:00,157.6,158.72,157.57,158.47,5591.0,5,0.0
2022-04-08 10:00:00,158.01,158.09,157.58,158.09,354.0,10,0.0
2022-04-08 11:00:00,158.1,158.64,158.01,158.36,534.0,10,0.0
2022-04-08 12:00:00,158.35,158.42,157.33,157.41,405.0,10,0.0
2022-04-08 13:00:00,157.38,157.4,154.9,155.13,4345.0,5,0.0
2022-04-08 14:00:00,155.13,156.46,155.07,156.38,6234.0,5,0.0
2022-04-08 15:00:00,156.4,156.79,155.57,156.09,4383.0,5,0.0
2022-04-08 16:00:00,156.07,156.83,155.86,156.65,3973.0,3,0.0
2022-04-08 17:00:00,156.65,156.65,155.3,155.79,3846.0,3,0.0
2022-04-08 18:00:00,155.79,156.24,155.17,155.22,4093.0,5,0.0
2022-04-08 19:00:00,155.22,155.37,154.62,154.8,3522.0,5,0.0
2022-04-11 10:00:00,153.03,153.22,152.85,153.22,103.0,20,0.0
2022-04-11 11:00:00,153.22,153.32,152.28,152.36,276.0,20,0.0
2022-04-11 12:00:00,152.35,152.62,151.88,152.49,314.0,10,0.0
2022-04-11 13:00:00,152.49,154.0,151.99,153.4,5120.0,5,0.0
2022-04-11 14:00:00,153.35,154.04,150.91,151.24,6827.0,5,0.0
2022-04-11 15:00:00,151.21,152.2,151.05,151.67,4625.0,5,0.0
2022-04-11 16:00:00,151.67,152.02,151.0,151.91,3767.0,5,0.0
2022-04-11 17:00:00,151.91,152.81,151.48,151.75,4416.0,5,0.0
2022-04-11 18:00:00,151.75,152.48,151.33,152.0,3778.0,5,0.0
2022-04-11 19:00:00,152.0,152.46,150.52,150.75,3320.0,3,0.0
2022-04-12 10:00:00,151.79,151.89,151.4,151.67,464.0,10,0.0
2022-04-12 11:00:00,151.71,151.71,150.77,151.16,470.0,10,0.0
2022-04-12 12:00:00,151.16,154.71,151.01,154.35,1387.0,10,0.0
2022-04-12 13:00:00,154.35,154.45,151.92,153.98,4901.0,5,0.0
2022-04-12 14:00:00,153.98,155.03,153.01,153.64,6701.0,5,0.0
2022-04-12 15:00:00,153.61,154.7,153.06,154.35,4749.0,5,0.0
2022-04-12 16:00:00,154.35,154.45,153.2,153.71,4538.0,5,0.0
2022-04-12 17:00:00,153.7,153.94,152.06,152.2,4290.0,5,0.0
2022-04-12 18:00:00,152.19,152.51,150.55,151.27,5439.0,5,0.0
2022-04-12 19:00:00,151.28,151.5,150.38,151.04,3802.0,5,0.0
2022-04-13 10:00:00,151.53,152.05,151.49,151.79,517.0,10,0.0
2022-04-13 11:00:00,151.66,152.1,151.0,151.11,538.0,10,0.0
2022-04-13 12:00:00,151.12,151.4,150.6,150.85,646.0,10,0.0
2022-04-13 13:00:00,150.85,151.51,149.62,150.57,4697.0,5,0.0
2022-04-13 14:00:00,150.58,151.89,150.18,151.69,5755.0,5,0.0
2022-04-13 15:00:00,151.68,153.71,151.68,153.37,4648.0,5,0.0
2022-04-13 16:00:00,153.38,154.51,153.16,154.09,4016.0,5,0.0
2022-04-13 17:00:00,154.09,155.04,153.91,154.43,4214.0,3,0.0
2022-04-13 18:00:00,154.43,155.51,154.2,155.39,3786.0,5,0.0
2022-04-13 19:00:00,155.39,155.98,155.08,155.83,3305.0,5,0.0
2022-04-14 10:00:00,155.67,155.88,155.32,155.7,722.0,5,0.0
2022-04-14 11:00:00,155.68,155.84,155.4,155.4,545.0,10,0.0
2022-04-14 12:00:00,155.43,155.61,155.09,155.2,423.0,10,0.0
2022-04-14 13:00:00,155.18,155.84,153.77,153.88,4571.0,5,0.0
2022-04-14 14:00:00,153.88,154.18,152.62,153.34,6610.0,5,0.0
2022-04-14 15:00:00,153.33,153.71,152.95,153.03,4412.0,5,0.0
2022-04-14 16:00:00,153.0,153.29,152.03,152.34,3556.0,5,0.0
2022-04-14 17:00:00,152.33,152.89,152.18,152.71,3351.0,5,0.0
2022-04-14 18:00:00,152.71,153.28,151.81,151.82,4126.0,5,0.0
2022-04-14 19:00:00,151.82,152.29,151.45,151.74,3470.0,5,0.0
2022-04-18 10:00:00,150.47,150.67,150.44,150.67,24.0,20,0.0
2022-04-18 11:00:00,150.67,151.55,150.67,151.35,92.0,20,0.0
2022-04-18 12:00:00,151.33,151.45,150.98,151.33,106.0,20,0.0
2022-04-18 13:00:00,151.3,153.42,151.2,152.3,4376.0,5,0.0
2022-04-18 14:00:00,152.29,154.04,151.94,152.82,5316.0,5,0.0
2022-04-18 15:00:00,152.82,153.02,151.03,151.53,4570.0,5,0.0
2022-04-18 16:00:00,151.53,151.54,150.25,150.52,4019.0,5,0.0
2022-04-18 17:00:00,150.53,153.11,150.5,152.72,4242.0,5,0.0
2022-04-18 18:00:00,152.72,153.65,152.47,152.83,4435.0,5,0.0
2022-04-18 19:00:00,152.83,153.05,151.76,152.11,3150.0,5,0.0
2022-04-19 10:00:00,152.09,152.23,151.8,152.21,551.0,5,0.0
2022-04-19 11:00:00,152.21,152.84,152.12,152.82,862.0,5,0.0
2022-04-19 12:00:00,152.82,153.05,152.4,152.58,693.0,10,0.0
2022-04-19 13:00:00,152.58,154.34,151.54,154.3,3964.0,5,0.0
2022-04-19 14:00:00,154.3,156.05,153.9,155.87,5833.0,3,0.0
2022-04-19 15:00:00,155.87,157.84,155.63,157.56,4840.0,5,0.0
2022-04-19 16:00:00,157.56,157.56,156.77,156.92,3463.0,3,0.0
2022-04-19 17:00:00,156.92,157.48,156.56,157.37,3392.0,3,0.0
2022-04-19 18:00:00,157.37,157.37,156.61,157.21,3774.0,3,0.0
2022-04-19 19:00:00,157.21,158.53,157.13,158.0,3130.0,5,0.0
2022-04-20 10:00:00,157.13,157.22,156.78,156.88,447.0,10,0.0
2022-04-20 11:00:00,156.88,157.9,156.77,157.82,555.0,10,0.0
2022-04-20 12:00:00,157.82,158.11,157.58,157.93,524.0,10,0.0
2022-04-20 13:00:00,157.93,157.94,154.16,154.64,5341.0,5,0.0
2022-04-20 14:00:00,154.63,155.3,153.81,155.2,6940.0,5,0.0
2022-04-20 15:00:00,155.21,155.23,153.91,154.25,4493.0,5,0.0
2022-04-20 16:00:00,154.25,155.27,153.6,154.92,4121.0,5,0.0
2022-04-20 17:00:00,154.92,155.59,154.67,154.98,3729.0,5,0.0
2022-04-20 18:00:00,154.98,155.1,153.61,154.06,3782.0,5,0.0
2022-04-20 19:00:00,154.06,154.65,154.02,154.56,3277.0,5,0.0
2022-04-21 10:00:00,155.21,155.8,155.16,155.56,435.0,10,0.0
2022-04-21 11:00:00,155.56,155.87,155.1,155.42,507.0,10,0.0
2022-04-21 12:00:00,155.42,155.55,154.89,155.31,502.0,10,0.0
2022-04-21 13:00:00,155.32,156.72,154.38,154.67,4317.0,5,0.0
2022-04-21 14:00:00,154.7,154.96,152.56,153.07,6496.0,5,0.0
2022-04-21 15:00:00,153.07,153.9,151.41,151.55,5562.0,5,0.0
2022-04-21 16:00:00,151.56,151.84,150.41,150.45,4770.0,5,0.0
2022-04-21 17:00:00,150.47,151.28,149.68,150.08,5831.0,5,0.0
2022-04-21 18:00:00,150.08,150.08,148.5,148.85,6456.0,5,0.0
2022-04-21 19:00:00,148.85,148.96,147.91,148.08,4719.0,3,0.0
2022-04-22 10:00:00,148.21,148.53,148.03,148.37,874.0,5,0.0
2022-04-22 11:00:00,148.37,149.03,148.26,148.75,765.0,10,0.0
2022-04-22 12:00:00,148.75,149.57,148.51,148.78,502.0,10,0.0
2022-04-22 13:00:00,148.78,149.35,147.66,148.24,5697.0,5,0.0
2022-04-22 14:00:00,148.27,149.52,147.38,147.44,7948.0,5,0.0
2022-04-22 15:00:00,147.41,148.11,146.02,146.04,6093.0,5,0.0
2022-04-22 16:00:00,146.03,146.11,145.25,145.38,5700.0,3,0.0
2022-04-22 17:00:00,145.38,145.45,143.84,143.88,4710.0,3,0.0
2022-04-22 18:00:00,143.88,144.93,143.68,144.09,5222.0,3,0.0
2022-04-22 19:00:00,144.09,145.73,143.96,145.08,5581.0,3,0.0
2022-04-25 10:00:00,143.39,143.64,143.17,143.38,746.0,10,0.0
2022-04-25 11:00:00,143.41,143.61,142.56,143.31,1440.0,10,0.0
2022-04-25 12:00:00,143.31,144.45,143.13,144.41,603.0,10,0.0
2022-04-25 13:00:00,144.42,144.67,142.35,143.42,6058.0,5,0.0
2022-04-25 14:00:00,143.41,145.54,143.11,143.89,7359.0,5,0.0
2022-04-25 15:00:00,143.89,144.09,142.57,142.77,5929.0,5,0.0
2022-04-25 16:00:00,142.76,144.08,142.42,143.58,5713.0,5,0.0
2022-04-25 17:00:00,143.58,144.44,143.17,143.92,4929.0,3,0.0
2022-04-25 18:00:00,143.92,145.6,143.64,144.99,5377.0,5,0.0
2022-04-25 19:00:00,144.99,145.79,143.93,145.7,4238.0,5,0.0
2022-04-26 10:00:00,145.86,145.93,145.64,145.64,376.0,5,0.0
2022-04-26 11:00:00,145.62,145.83,145.31,145.77,718.0,5,0.0
2022-04-26 12:00:00,145.77,145.78,145.12,145.39,704.0,10,0.0
2022-04-26 13:00:00,145.39,145.44,141.45,141.71,5190.0,5,0.0
2022-04-26 14:00:00,141.69,141.74,140.04,140.24,8741.0,5,0.0
2022-04-26 15:00:00,140.19,140.22,138.93,139.27,7175.0,5,0.0
2022-04-26 16:00:00,139.27,141.45,139.27,141.29,5536.0,5,0.0
2022-04-26 17:00:00,141.32,141.32,139.98,140.73,4216.0,3,0.0
2022-04-26 18:00:00,140.71,141.56,140.44,141.32,4851.0,5,0.0
2022-04-26 19:00:00,141.32,141.48,139.73,139.97,4435.0,3,0.0
2022-04-27 10:00:00,141.53,141.73,141.08,141.72,798.0,10,0.0
2022-04-27 11:00:00,141.69,141.74,140.21,140.61,1337.0,10,0.0
2022-04-27 12:00:00,140.63,141.18,140.5,140.84,1115.0,10,0.0
2022-04-27 13:00:00,140.77,141.87,139.61,139.9,5736.0,5,0.0
2022-04-27 14:00:00,139.92,140.73,135.83,138.55,10033.0,5,0.0
2022-04-27 15:00:00,138.52,139.77,138.37,138.7,6631.0,5,0.0
2022-04-27 16:00:00,138.74,140.48,138.28,139.87,5528.0,5,0.0
2022-04-27 17:00:00,139.87,140.08,138.38,139.84,5687.0,5,0.0
2022-04-27 18:00:00,139.83,139.91,137.99,138.18,5135.0,3,0.0
2022-04-27 19:00:00,138.18,138.51,137.4,138.16,5242.0,5,0.0
2022-04-28 10:00:00,141.71,141.87,141.47,141.84,303.0,20,0.0
2022-04-28 11:00:00,141.89,142.26,141.73,141.78,728.0,10,0.0
2022-04-28 12:00:00,141.79,142.08,140.72,141.12,805.0,10,0.0
2022-04-28 13:00:00,141.1,142.73,140.33,141.61,3922.0,5,0.0
2022-04-28 14:00:00,141.57,142.04,140.26,141.61,4929.0,5,0.0
2022-04-28 15:00:00,141.61,142.4,140.83,141.19,4774.0,5,0.0
2022-04-28 16:00:00,141.16,143.92,140.69,143.53,5582.0,5,0.0
2022-04-28 17:00:00,143.53,144.83,143.39,144.8,6047.0,5,0.0
2022-04-28 18:00:00,144.8,145.87,144.55,145.31,5078.0,5,0.0
2022-04-28 19:00:00,145.3,145.74,144.52,144.67,4391.0,5,0.0
2022-04-29 10:00:00,131.92,132.2,131.27,131.52,430.0,30,0.0
2022-04-29 11:00:00,131.53,131.57,130.15,130.55,874.0,10,0.0
2022-04-29 12:00:00,130.57,130.62,129.59,129.62,1316.0,10,0.0
2022-04-29 13:00:00,129.61,130.71,126.03,127.2,12693.0,5,0.0
2022-04-29 14:00:00,127.15,127.97,126.23,127.07,12744.0,3,0.0
2022-04-29 15:00:00,127.07,127.9,126.25,126.43,8224.0,3,0.0
2022-04-29 16:00:00,126.42,126.56,124.7,125.34,6415.0,3,0.0
2022-04-29 17:00:00,125.34,125.9,124.5,124.52,5899.0,3,0.0
2022-04-29 18:00:00,124.52,124.58,121.58,122.61,8204.0,3,0.0
2022-04-29 19:00:00,122.6,124.47,122.22,123.19,6410.0,3,0.0
2022-05-02 10:00:00,124.35,124.59,124.09,124.09,241.0,20,0.0
2022-05-02 11:00:00,124.12,124.13,121.8,122.09,1032.0,10,0.0
2022-05-02 12:00:00,122.09,122.42,121.88,122.11,928.0,10,0.0
2022-05-02 13:00:00,122.13,122.92,118.35,121.94,9927.0,5,0.0
2022-05-02 14:00:00,121.92,123.22,120.11,121.43,9757.0,5,0.0
2022-05-02 15:00:00,121.44,121.88,119.98,120.79,7659.0,3,0.0
2022-05-02 16:00:00,120.8,121.8,119.89,119.92,6158.0,5,0.0
2022-05-02 17:00:00,119.92,121.46,119.75,121.29,5371.0,3,0.0
2022-05-02 18:00:00,121.29,121.9,120.09,120.2,5947.0,3,0.0
2022-05-02 19:00:00,120.22,123.43,120.21,122.55,6505.0,5,0.0
2022-05-03 10:00:00,124.19,124.24,122.9,123.31,804.0,10,0.0
2022-05-03 11:00:00,123.31,123.8,123.23,123.75,600.0,5,0.0
2022-05-03 12:00:00,123.73,124.34,123.63,124.19,407.0,5,0.0
2022-05-03 13:00:00,124.19,125.86,123.05,125.86,4144.0,5,0.0
2022-05-03 14:00:00,125.88,126.2,123.66,124.44,7354.0,5,0.0
2022-05-03 15:00:00,124.44,125.54,124.12,124.48,4880.0,5,0.0
2022-05-03 16:00:00,124.47,124.65,123.18,124.05,5916.0,3,0.0
2022-05-03 17:00:00,124.05,125.08,123.96,124.48,4817.0,3,0.0
2022-05-03 18:00:00,124.47,124.52,122.8,124.04,6034.0,3,0.0
2022-05-03 19:00:00,124.06,124.19,123.3,123.56,4698.0,3,0.0
2022-05-04 10:00:00,124.15,124.42,124.15,124.35,255.0,10,0.0
2022-05-04 11:00:00,124.36,124.65,124.35,124.51,471.0,5,0.0
2022-05-04 12:00:00,124.51,124.56,124.24,124.28,173.0,5,0.0
2022-05-04 13:00:00,124.28,124.33,121.15,121.22,4521.0,5,0.0
2022-05-04 14:00:00,121.2,121.39,119.17,119.76,8170.0,3,0.0
2022-05-04 15:00:00,119.77,120.25,119.36,119.96,5247.0,3,0.0
2022-05-04 16:00:00,119.96,122.43,119.95,122.08,5706.0,3,0.0
2022-05-04 17:00:00,122.09,122.64,121.41,122.54,4582.0,3,0.0
2022-05-04 18:00:00,122.56,124.07,119.62,123.82,9454.0,3,0.0
2022-05-04 19:00:00,123.8,125.55,123.79,125.37,3642.0,3,0.0
2022-05-05 10:00:00,124.65,124.96,124.06,124.57,559.0,10,0.0
2022-05-05 11:00:00,124.64,124.88,123.96,124.2,956.0,10,0.0
2022-05-05 12:00:00,124.2,124.67,124.02,124.02,840.0,5,0.0
2022-05-05 13:00:00,124.02,124.22,120.0,120.09,6512.0,5,0.0
2022-05-05 14:00:00,120.13,120.28,116.85,117.66,11589.0,3,0.0
2022-05-05 15:00:00,117.66,117.73,115.74,116.71,8515.0,3,0.0
2022-05-05 16:00:00,116.69,117.56,116.33,117.29,7277.0,3,0.0
2022-05-05 17:00:00,117.31,117.75,116.49,116.6,6552.0,3,0.0
2022-05-05 18:00:00,116.6,117.07,115.69,116.33,6593.0,3,0.0
2022-05-05 19:00:00,116.33,116.52,115.07,115.89,6138.0,3,0.0
2022-05-06 10:00:00,116.07,116.25,115.55,116.03,1316.0,5,0.0
2022-05-06 11:00:00,115.98,116.02,114.99,115.62,1196.0,10,0.0
2022-05-06 12:00:00,115.61,116.57,115.07,115.07,1092.0,10,0.0
2022-05-06 13:00:00,115.06,115.74,113.18,113.69,5987.0,5,0.0
2022-05-06 14:00:00,113.61,117.64,113.51,117.4,9838.0,5,0.0
2022-05-06 15:00:00,117.39,119.0,115.67,115.69,10481.0,5,0.0
2022-05-06 16:00:00,115.68,117.13,115.43,116.77,7365.0,5,0.0
2022-05-06 17:00:00,116.78,116.84,113.98,114.33,6808.0,3,0.0
2022-05-06 18:00:00,114.33,114.78,113.74,114.15,6943.0,3,0.0
2022-05-06 19:00:00,114.14,115.05,113.06,114.8,5669.0,3,0.0
2022-05-09 10:00:00,112.55,112.68,111.28,111.54,1064.0,10,0.0
2022-05-09 11:00:00,111.58,111.78,110.28,111.1,1220.0,10,0.0
2022-05-09 12:00:00,111.1,111.64,110.92,111.12,774.0,10,0.0
2022-05-09 13:00:00,111.08,114.0,110.9,112.4,7175.0,5,0.0
2022-05-09 14:00:00,112.4,112.62,110.69,110.73,9538.0,5,0.0
2022-05-09 15:00:00,110.72,111.69,110.4,111.41,8346.0,3,0.0
2022-05-09 16:00:00,111.41,112.6,110.5,110.54,6867.0,3,0.0
2022-05-09 17:00:00,110.54,110.91,109.38,109.47,7253.0,3,0.0
2022-05-09 18:00:00,109.45,110.2,108.95,109.93,7050.0,3,0.0
2022-05-09 19:00:00,109.95,110.22,108.63,108.76,3922.0,3,0.0
2022-05-10 10:00:00,110.42,110.52,110.0,110.25,406.0,10,0.0
2022-05-10 11:00:00,110.25,110.25,109.25,109.84,971.0,10,0.0
2022-05-10 12:00:00,109.85,111.08,109.85,110.86,747.0,10,0.0
2022-05-10 13:00:00,110.8,112.6,109.03,110.87,7344.0,5,0.0
2022-05-10 14:00:00,110.83,112.24,108.81,108.84,8922.0,3,0.0
2022-05-10 15:00:00,108.84,109.03,107.19,108.46,8395.0,3,0.0
2022-05-10 16:00:00,108.46,109.01,107.36,107.46,6609.0,3,0.0
2022-05-10 17:00:00,107.46,110.32,107.34,110.28,6530.0,3,0.0
2022-05-10 18:00:00,110.3,110.38,108.82,109.45,5690.0,3,0.0
2022-05-10 19:00:00,109.45,110.18,108.28,108.35,4761.0,3,0.0
2022-05-11 10:00:00,110.66,110.82,110.32,110.63,913.0,10,0.0
2022-05-11 11:00:00,110.61,110.81,110.1,110.25,1274.0,5,0.0
2022-05-11 12:00:00,110.27,110.77,106.54,106.86,1822.0,10,0.0
2022-05-11 13:00:00,106.83,110.08,106.62,108.98,5395.0,5,0.0
2022-05-11 14:00:00,108.91,109.7,107.83,108.3,8143.0,5,0.0
2022-05-11 15:00:00,108.3,109.16,107.4,107.61,6230.0,3,0.0
2022-05-11 16:00:00,107.6,107.79,105.76,105.81,6039.0,3,0.0
2022-05-11 17:00:00,105.79,105.89,104.43,104.51,6733.0,3,0.0
2022-05-11 18:00:00,104.53,106.79,104.48,105.64,6619.0,3,0.0
2022-05-11 19:00:00,105.63,105.98,105.06,105.79,4989.0,3,0.0
2022-05-12 10:00:00,103.65,104.25,103.48,104.07,710.0,10,0.0
2022-05-12 11:00:00,104.1,104.35,103.03,103.08,1092.0,10,0.0
2022-05-12 12:00:00,103.06,103.68,103.02,103.43,1028.0,10,0.0
2022-05-12 13:00:00,103.43,106.3,102.39,104.64,7689.0,5,0.0
2022-05-12 14:00:00,104.61,110.2,104.02,110.04,11268.0,3,0.0
2022-05-12 15:00:00,110.05,110.73,107.34,107.34,8675.0,5,0.0
2022-05-12 16:00:00,107.35,108.56,106.35,107.27,7398.0,3,0.0
2022-05-12 17:00:00,107.29,107.41,104.51,105.09,7218.0,3,0.0
2022-05-12 18:00:00,105.09,105.76,104.5,104.63,5959.0,3,0.0
2022-05-12 19:00:00,104.64,106.69,104.53,106.29,6196.0,3,0.0
2022-05-13 10:00:00,109.07,109.14,108.75,109.12,683.0,10,0.0
2022-05-13 11:00:00,109.13,109.48,108.76,109.36,812.0,10,0.0
2022-05-13 12:00:00,109.34,109.53,109.11,109.28,725.0,5,0.0
2022-05-13 13:00:00,109.37,111.47,107.75,110.61,6891.0,5,0.0
2022-05-13 14:00:00,110.67,111.61,110.44,110.92,7256.0,3,0.0
2022-05-13 15:00:00,110.92,111.89,110.57,111.67,5629.0,3,0.0
2022-05-13 16:00:00,111.68,112.54,111.02,111.53,4508.0,3,0.0
2022-05-13 17:00:00,111.53,111.86,110.96,111.15,4452.0,3,0.0
2022-05-13 18:00:00,111.15,111.95,110.33,111.82,5435.0,3,0.0
2022-05-13 19:00:00,111.82,113.13,111.61,112.63,4400.0,3,0.0
2022-05-16 10:00:00,112.42,112.65,111.75,112.38,764.0,5,0.0
2022-05-16 11:00:00,112.41,112.83,112.37,112.83,929.0,5,0.0
2022-05-16 12:00:00,112.82,113.58,112.69,113.16,617.0,5,0.0
2022-05-16 13:00:00,113.21,113.93,111.6,111.72,5980.0,5,0.0
2022-05-16 14:00:00,111.7,112.93,110.65,110.78,7302.0,3,0.0
2022-05-16 15:00:00,110.77,111.83,110.39,111.74,6001.0,3,0.0
2022-05-16 16:00:00,111.78,112.03,110.5,110.65,4252.0,3,0.0
2022-05-16 17:00:00,110.65,111.53,110.36,111.33,4635.0,3,0.0
2022-05-16 18:00:00,111.34,112.55,111.07,112.14,4469.0,3,0.0
2022-05-16 19:00:00,112.14,112.2,110.57,110.59,3726.0,3,0.0
2022-05-17 10:00:00,113.72,113.83,113.02,113.16,884.0,10,0.0
2022-05-17 11:00:00,113.11,113.32,112.17,112.74,1632.0,10,0.0
2022-05-17 12:00:00,112.72,112.95,112.27,112.73,1006.0,10,0.0
2022-05-17 13:00:00,112.68,114.1,112.11,112.17,5467.0,5,0.0
2022-05-17 14:00:00,112.17,112.92,111.33,111.63,6118.0,3,0.0
2022-05-17 15:00:00,111.62,112.5,111.44,112.17,4626.0,3,0.0
2022-05-17 16:00:00,112.17,112.91,111.87,112.42,4005.0,3,0.0
2022-05-17 17:00:00,112.42,113.49,112.0,113.13,4013.0,3,0.0
2022-05-17 18:00:00,113.15,114.89,112.0,114.47,6960.0,3,0.0
2022-05-17 19:00:00,114.47,115.79,114.42,115.0,4552.0,3,0.0
2022-05-18 10:00:00,114.88,114.88,113.59,113.78,554.0,5,0.0
2022-05-18 11:00:00,113.78,113.92,112.6,112.65,1368.0,10,0.0
2022-05-18 12:00:00,112.63,112.82,111.48,111.76,890.0,10,0.0
2022-05-18 13:00:00,111.76,112.8,109.86,110.18,6011.0,5,0.0
2022-05-18 14:00:00,110.18,111.3,110.07,110.62,7293.0,3,0.0
2022-05-18 15:00:00,110.6,110.6,108.68,108.99,4800.0,3,0.0
2022-05-18 16:00:00,108.97,109.65,108.34,109.63,4321.0,5,0.0
2022-05-18 17:00:00,109.62,109.65,107.37,107.7,4378.0,5,0.0
2022-05-18 18:00:00,107.7,108.01,106.74,106.89,4669.0,5,0.0
2022-05-18 19:00:00,106.89,107.33,106.21,106.81,4641.0,3,0.0
2022-05-19 10:00:00,105.03,106.22,105.03,106.2,1220.0,10,0.0
2022-05-19 11:00:00,106.19,106.4,105.54,106.38,1438.0,5,0.0
2022-05-19 12:00:00,106.38,106.4,105.68,106.02,889.0,5,0.0
2022-05-19 13:00:00,106.03,108.7,105.95,108.63,6294.0,5,0.0
2022-05-19 14:00:00,108.61,109.6,107.88,108.86,9368.0,5,0.0
2022-05-19 15:00:00,108.87,110.03,108.17,109.35,6416.0,3,0.0
2022-05-19 16:00:00,109.35,109.6,107.5,107.98,5616.0,3,0.0
2022-05-19 17:00:00,107.98,108.81,107.09,108.63,6034.0,3,0.0
2022-05-19 18:00:00,108.65,109.23,107.83,108.89,5496.0,3,0.0
2022-05-19 19:00:00,108.9,109.25,107.31,107.85,5011.0,3,0.0
2022-05-20 10:00:00,109.12,109.4,108.82,109.16,754.0,10,0.0
2022-05-20 11:00:00,109.22,109.22,108.91,109.0,796.0,5,0.0
2022-05-20 12:00:00,109.0,109.17,108.59,108.7,587.0,5,0.0
2022-05-20 13:00:00,108.78,109.76,108.24,109.41,5528.0,5,0.0
2022-05-20 14:00:00,109.39,109.86,108.1,108.18,7832.0,3,0.0
2022-05-20 15:00:00,108.19,108.36,107.12,107.55,6294.0,3,0.0
2022-05-20 16:00:00,107.55,107.69,105.55,105.98,6202.0,3,0.0
2022-05-20 17:00:00,105.98,106.39,105.13,106.02,6239.0,3,0.0
2022-05-20 18:00:00,106.02,106.19,105.0,105.6,6105.0,3,0.0
2022-05-20 19:00:00,105.6,107.92,105.3,107.44,5433.0,3,0.0
2022-05-23 10:00:00,108.29,109.32,108.24,109.27,829.0,10,0.0
2022-05-23 11:00:00,109.21,109.22,108.03,108.12,1317.0,5,0.0
2022-05-23 12:00:00,108.13,108.83,107.88,107.93,842.0,5,0.0
2022-05-23 13:00:00,107.97,108.78,105.24,105.36,5868.0,5,0.0
2022-05-23 14:00:00,105.36,105.95,103.96,104.65,10591.0,5,0.0
2022-05-23 15:00:00,104.65,106.13,104.57,105.57,6085.0,3,0.0
2022-05-23 16:00:00,105.58,106.52,105.5,105.81,5012.0,3,0.0
2022-05-23 17:00:00,105.81,106.24,104.86,106.12,4450.0,3,0.0
2022-05-23 18:00:00,106.12,108.2,106.11,107.17,5496.0,3,0.0
2022-05-23 19:00:00,107.17,107.45,106.7,106.96,3543.0,3,0.0
2022-05-24 10:00:00,105.0,105.39,104.73,105.15,1163.0,10,0.0
2022-05-24 11:00:00,105.15,105.87,105.15,105.36,1086.0,5,0.0
2022-05-24 12:00:00,105.34,105.37,104.68,105.15,478.0,5,0.0
2022-05-24 13:00:00,105.13,105.39,102.87,103.33,6388.0,5,0.0
2022-05-24 14:00:00,103.36,103.44,101.27,103.3,9767.0,3,0.0
2022-05-24 15:00:00,103.27,104.22,102.96,103.88,5833.0,3,0.0
2022-05-24 16:00:00,103.88,104.84,102.84,103.5,5572.0,3,0.0
2022-05-24 17:00:00,103.5,104.87,102.77,104.21,5050.0,3,0.0
2022-05-24 18:00:00,104.2,105.18,103.03,103.49,5388.0,3,0.0
2022-05-24 19:00:00,103.5,104.89,103.25,104.35,4288.0,3,0.0
2022-05-25 10:00:00,104.16,104.41,103.61,103.88,1405.0,5,0.0
2022-05-25 11:00:00,103.88,104.33,102.85,103.36,1700.0,10,0.0
2022-05-25 12:00:00,103.38,103.73,103.13,103.52,1049.0,10,0.0
2022-05-25 13:00:00,103.52,105.68,103.4,105.48,4616.0,3,0.0
2022-05-25 14:00:00,105.48,108.04,104.56,107.21,7657.0,3,0.0
2022-05-25 15:00:00,107.21,107.48,106.0,106.47,5264.0,3,0.0
2022-05-25 16:00:00,106.47,106.71,105.75,106.58,3529.0,3,0.0
2022-05-25 17:00:00,106.58,106.81,106.04,106.35,3529.0,3,0.0
2022-05-25 18:00:00,106.35,107.39,105.34,107.23,6556.0,3,0.0
2022-05-25 19:00:00,107.23,108.17,106.98,107.26,4161.0,3,0.0
2022-05-26 10:00:00,107.28,107.46,107.0,107.29,1441.0,5,0.0
2022-05-26 11:00:00,107.28,108.49,107.21,108.38,1514.0,10,0.0
2022-05-26 12:00:00,108.36,108.43,107.53,108.2,780.0,5,0.0
2022-05-26 13:00:00,108.18,110.45,107.38,109.79,5096.0,5,0.0
2022-05-26 14:00:00,109.82,110.97,109.67,110.91,5784.0,3,0.0
2022-05-26 15:00:00,110.9,111.17,110.45,111.01,4026.0,3,0.0
2022-05-26 16:00:00,111.0,112.46,110.84,112.26,4580.0,3,0.0
2022-05-26 17:00:00,112.27,112.63,111.83,112.5,3972.0,3,0.0
2022-05-26 18:00:00,112.5,112.5,111.41,111.6,3472.0,3,0.0
2022-05-26 19:00:00,111.6,111.6,110.32,111.43,3411.0,3,0.0
2022-05-27 10:00:00,111.95,111.95,111.72,111.9,271.0,10,0.0
2022-05-27 11:00:00,111.9,111.9,111.47,111.5,616.0,5,0.0
2022-05-27 12:00:00,111.5,113.05,111.47,112.81,732.0,5,0.0
2022-05-27 13:00:00,112.82,114.53,112.48,114.28,6426.0,5,0.0
2022-05-27 14:00:00,114.28,114.62,113.34,113.4,6468.0,3,0.0
2022-05-27 15:00:00,113.4,113.65,112.63,113.46,5949.0,3,0.0
2022-05-27 16:00:00,113.48,113.78,112.66,113.09,4225.0,3,0.0
2022-05-27 17:00:00,113.09,113.45,112.82,113.19,3701.0,3,0.0
2022-05-27 18:00:00,113.2,114.11,113.06,113.9,3782.0,3,0.0
2022-05-27 19:00:00,113.9,114.58,113.77,114.51,3364.0,3,0.0
2022-05-31 10:00:00,114.9,115.58,114.53,115.01,1318.0,10,0.0
2022-05-31 11:00:00,115.01,115.73,115.01,115.56,1460.0,5,0.0
2022-05-31 12:00:00,115.55,115.55,114.67,115.0,481.0,5,0.0
2022-05-31 13:00:00,115.0,118.48,114.98,116.78,6687.0,5,0.0
2022-05-31 14:00:00,116.71,117.9,115.68,117.58,8688.0,5,0.0
2022-05-31 15:00:00,117.58,119.02,117.06,118.8,6326.0,3,0.0
2022-05-31 16:00:00,118.79,120.1,118.45,119.62,5706.0,3,0.0
2022-05-31 17:00:00,119.61,121.58,119.18,121.39,6283.0,3,0.0
2022-05-31 18:00:00,121.38,121.96,119.41,120.11,6813.0,3,0.0
2022-05-31 19:00:00,120.11,121.89,120.02,121.27,4870.0,3,0.0
2022-06-01 10:00:00,120.92,121.53,120.68,121.04,1087.0,10,0.0
2022-06-01 11:00:00,121.1,121.68,121.1,121.51,604.0,10,0.0
2022-06-01 12:00:00,121.51,122.23,121.46,121.98,469.0,10,0.0
2022-06-01 13:00:00,122.0,125.13,121.77,124.48,9051.0,5,0.0
2022-06-01 14:00:00,124.48,124.64,120.66,122.57,10752.0,5,0.0
2022-06-01 15:00:00,122.56,122.78,120.79,121.34,6281.0,5,0.0
2022-06-01 16:00:00,121.34,121.88,120.6,121.3,5263.0,3,0.0
2022-06-01 17:00:00,121.3,122.93,121.22,122.71,5956.0,3,0.0
2022-06-01 18:00:00,122.7,123.76,122.62,122.86,5828.0,5,0.0
2022-06-01 19:00:00,122.86,123.78,122.66,123.13,4406.0,5,0.0
2022-06-02 10:00:00,122.81,122.97,122.65,122.94,259.0,5,0.0
2022-06-02 11:00:00,122.92,123.0,122.35,122.97,1021.0,5,0.0
2022-06-02 12:00:00,122.95,123.0,122.41,122.84,468.0,10,0.0
2022-06-02 13:00:00,122.82,122.89,120.03,120.77,6115.0,5,0.0
2022-06-02 14:00:00,120.74,122.38,120.59,121.58,7675.0,3,0.0
2022-06-02 15:00:00,121.58,122.84,121.47,122.4,5484.0,3,0.0
2022-06-02 16:00:00,122.41,124.67,122.33,124.35,5706.0,3,0.0
2022-06-02 17:00:00,124.37,125.04,124.15,124.88,4485.0,3,0.0
2022-06-02 18:00:00,124.88,125.0,124.07,124.09,4168.0,3,0.0
2022-06-02 19:00:00,124.07,125.03,123.94,125.02,3831.0,3,0.0
2022-06-03 10:00:00,125.17,125.2,124.63,124.8,981.0,5,0.0
2022-06-03 11:00:00,124.8,125.18,124.61,124.63,678.0,10,0.0
2022-06-03 12:00:00,124.63,125.83,124.22,124.53,961.0,10,0.0
2022-06-03 13:00:00,124.49,124.92,123.12,123.92,6472.0,5,0.0
2022-06-03 14:00:00,123.92,124.03,121.37,121.62,8796.0,5,0.0
2022-06-03 15:00:00,121.58,122.29,121.02,122.22,5625.0,3,0.0
2022-06-03 16:00:00,122.19,122.44,121.43,122.17,4885.0,3,0.0
2022-06-03 17:00:00,122.17,122.76,121.53,121.84,4353.0,3,0.0
2022-06-03 18:00:00,121.84,123.16,121.68,123.03,4691.0,3,0.0
2022-06-03 19:00:00,123.03,123.04,121.76,122.1,4097.0,3,0.0
2022-06-06 10:00:00,122.43,123.37,122.34,123.25,348.0,4,0.0
2022-06-06 11:00:00,123.26,124.33,123.13,124.22,997.0,10,0.0
2022-06-06 12:00:00,124.22,124.92,124.13,124.74,2139.0,4,0.0
2022-06-06 13:00:00,124.74,126.82,123.97,126.77,23776.0,4,0.0
2022-06-06 14:00:00,126.77,128.97,126.32,128.09,37043.0,4,0.0
2022-06-06 15:00:00,128.1,128.25,125.68,126.09,17140.0,4,0.0
2022-06-06 16:00:00,126.1,126.16,123.99,125.25,14526.0,4,0.0
2022-06-06 17:00:00,125.25,126.55,124.64,126.2,10921.0,4,0.0
2022-06-06 18:00:00,126.19,126.24,124.83,125.27,9810.0,4,0.0
2022-06-06 19:00:00,125.29,125.57,123.8,124.42,5485.0,4,0.0
2022-06-07 10:00:00,124.23,124.56,123.73,123.91,265.0,20,0.0
2022-06-07 11:00:00,124.08,124.27,121.34,121.96,1236.0,10,0.0
2022-06-07 12:00:00,121.96,122.02,121.24,121.7,1197.0,10,0.0
2022-06-07 13:00:00,121.69,122.79,120.62,122.42,14782.0,4,0.0
2022-06-07 14:00:00,122.43,124.07,121.53,123.34,9872.0,4,0.0
2022-06-07 15:00:00,123.35,123.35,121.52,122.41,6561.0,4,0.0
2022-06-07 16:00:00,122.43,122.47,121.01,121.65,5154.0,4,0.0
2022-06-07 17:00:00,121.64,122.45,121.37,122.05,4351.0,4,0.0
2022-06-07 18:00:00,122.06,122.78,121.93,122.16,3864.0,3,0.0
2022-06-07 19:00:00,122.16,123.2,122.14,122.82,2734.0,4,0.0
2022-06-08 10:00:00,122.6,122.89,122.44,122.8,193.0,4,0.0
2022-06-08 11:00:00,122.79,123.38,122.52,122.72,346.0,10,0.0
2022-06-08 12:00:00,122.77,122.83,122.32,122.41,452.0,10,0.0
2022-06-08 13:00:00,122.41,123.73,121.84,123.24,9521.0,4,0.0
2022-06-08 14:00:00,123.25,123.68,122.23,122.54,8287.0,4,0.0
2022-06-08 15:00:00,122.55,123.24,122.05,122.62,6215.0,4,0.0
2022-06-08 16:00:00,122.61,122.83,120.99,121.54,6162.0,4,0.0
2022-06-08 17:00:00,121.53,121.55,120.75,121.44,5489.0,4,0.0
2022-06-08 18:00:00,121.45,121.64,120.74,121.12,5024.0,4,0.0
2022-06-08 19:00:00,121.12,121.55,120.75,121.28,3689.0,3,0.0
2022-06-09 10:00:00,121.33,121.92,121.14,121.54,157.0,4,0.0
2022-06-09 11:00:00,121.53,121.56,121.02,121.14,246.0,10,0.0
2022-06-09 12:00:00,121.14,121.19,119.5,119.74,867.0,10,0.0
2022-06-09 13:00:00,119.79,121.26,119.33,120.84,12565.0,4,0.0
2022-06-09 14:00:00,120.84,121.11,119.71,120.28,9318.0,4,0.0
2022-06-09 15:00:00,120.27,120.68,119.63,120.04,6061.0,4,0.0
2022-06-09 16:00:00,120.04,120.18,119.46,120.05,4508.0,3,0.0
2022-06-09 17:00:00,120.05,120.53,118.67,119.22,5338.0,4,0.0
2022-06-09 18:00:00,119.23,119.26,117.74,117.75,5815.0,3,0.0
2022-06-09 19:00:00,117.74,117.81,116.51,116.6,4879.0,3,0.0
2022-06-10 10:00:00,116.57,116.64,116.06,116.16,152.0,4,0.0
2022-06-10 11:00:00,116.23,116.4,115.99,116.18,286.0,10,0.0
2022-06-10 12:00:00,116.17,116.63,113.77,113.82,1559.0,10,0.0
2022-06-10 13:00:00,113.82,114.42,110.92,111.11,15768.0,4,0.0
2022-06-10 14:00:00,111.1,111.1,109.79,109.79,15385.0,3,0.0
2022-06-10 15:00:00,109.8,110.33,109.04,109.48,7043.0,3,0.0
2022-06-10 16:00:00,109.49,109.83,109.13,109.58,5655.0,3,0.0
2022-06-10 17:00:00,109.58,110.21,109.29,109.77,6634.0,3,0.0
2022-06-10 18:00:00,109.78,110.51,109.61,110.23,6918.0,3,0.0
2022-06-10 19:00:00,110.22,110.71,109.79,109.94,5807.0,3,0.0
2022-06-13 10:00:00,105.8,106.26,105.75,106.0,256.0,20,0.0
2022-06-13 11:00:00,105.95,106.19,103.95,104.4,1065.0,10,0.0
2022-06-13 12:00:00,104.38,105.2,104.36,104.97,1160.0,10,0.0
2022-06-13 13:00:00,104.97,106.5,103.82,105.6,16517.0,4,0.0
2022-06-13 14:00:00,105.64,106.4,101.86,102.64,15599.0,3,0.0
2022-06-13 15:00:00,102.63,103.69,102.12,103.56,11413.0,3,0.0
2022-06-13 16:00:00,103.57,105.16,103.47,103.92,9689.0,3,0.0
2022-06-13 17:00:00,103.93,104.61,103.38,104.51,7087.0,3,0.0
2022-06-13 18:00:00,104.52,104.85,103.81,104.22,7797.0,3,0.0
2022-06-13 19:00:00,104.23,104.71,103.34,103.64,9319.0,3,0.0
2022-06-14 10:00:00,104.48,105.37,103.93,104.97,609.0,10,0.0
2022-06-14 11:00:00,104.96,104.96,104.2,104.27,237.0,20,0.0
2022-06-14 12:00:00,104.27,105.59,104.21,105.26,762.0,10,0.0
2022-06-14 13:00:00,105.25,105.44,102.56,103.64,14020.0,4,0.0
2022-06-14 14:00:00,103.65,104.35,102.43,103.22,12102.0,3,0.0
2022-06-14 15:00:00,103.23,104.07,102.76,103.94,8998.0,3,0.0
2022-06-14 16:00:00,103.95,103.95,102.94,103.44,7242.0,3,0.0
2022-06-14 17:00:00,103.44,104.33,102.62,102.74,7416.0,3,0.0
2022-06-14 18:00:00,102.73,103.22,102.34,102.41,5759.0,3,0.0
2022-06-14 19:00:00,102.4,102.91,101.43,102.42,6198.0,3,0.0
2022-06-15 10:00:00,103.02,103.27,102.98,103.1,273.0,10,0.0
2022-06-15 11:00:00,103.1,103.64,102.93,103.52,414.0,10,0.0
2022-06-15 12:00:00,103.5,103.57,103.03,103.31,909.0,10,0.0
2022-06-15 13:00:00,103.3,105.06,103.0,104.33,10132.0,4,0.0
2022-06-15 14:00:00,104.31,105.42,104.06,105.26,9601.0,3,0.0
2022-06-15 15:00:00,105.25,106.46,105.24,106.34,6389.0,3,0.0
2022-06-15 16:00:00,106.33,107.02,105.35,105.47,5797.0,3,0.0
2022-06-15 17:00:00,105.48,106.86,105.44,106.62,4969.0,3,0.0
2022-06-15 18:00:00,106.64,108.82,104.35,106.63,38350.0,4,0.0
2022-06-15 19:00:00,106.62,109.04,106.51,107.55,15447.0,3,0.0
2022-06-16 10:00:00,104.22,104.8,104.09,104.19,294.0,20,0.0
2022-06-16 11:00:00,104.25,104.84,104.08,104.59,957.0,10,0.0
2022-06-16 12:00:00,104.57,105.34,104.29,104.72,1155.0,10,0.0
2022-06-16 13:00:00,104.78,104.78,103.33,104.07,18362.0,3,0.0
2022-06-16 14:00:00,104.06,104.22,102.36,102.5,14660.0,3,0.0
2022-06-16 15:00:00,102.51,103.74,102.49,103.22,8613.0,3,0.0
2022-06-16 16:00:00,103.23,103.96,102.76,103.66,6906.0,3,0.0
2022-06-16 17:00:00,103.67,104.33,102.72,102.77,8357.0,3,0.0
2022-06-16 18:00:00,102.77,103.0,102.0,102.41,7563.0,3,0.0
2022-06-16 19:00:00,102.41,103.65,102.33,103.08,7766.0,3,0.0
2022-06-17 10:00:00,104.81,105.39,104.8,104.99,140.0,20,0.0
2022-06-17 11:00:00,104.92,105.19,104.5,104.67,352.0,10,0.0
2022-06-17 12:00:00,104.68,104.87,104.0,104.1,455.0,10,0.0
2022-06-17 13:00:00,104.03,106.04,102.19,105.43,13762.0,3,0.0
2022-06-17 14:00:00,105.44,106.16,104.3,104.46,14322.0,3,0.0
2022-06-17 15:00:00,104.46,105.77,104.01,105.11,11628.0,3,0.0
2022-06-17 16:00:00,105.12,106.1,104.86,105.79,8137.0,3,0.0
2022-06-17 17:00:00,105.79,106.96,105.72,106.3,8959.0,3,0.0
2022-06-17 18:00:00,106.31,106.53,105.81,105.86,7762.0,3,0.0
2022-06-17 19:00:00,105.87,106.09,105.01,105.53,7152.0,3,0.0
2022-06-21 10:00:00,108.23,108.43,108.11,108.37,119.0,20,0.0
2022-06-21 11:00:00,108.34,108.42,107.58,107.66,275.0,20,0.0
2022-06-21 12:00:00,107.72,108.06,107.5,107.81,263.0,20,0.0
2022-06-21 13:00:00,107.8,110.28,107.7,109.92,11928.0,3,0.0
2022-06-21 14:00:00,109.91,111.6,109.8,110.26,11127.0,3,0.0
2022-06-21 15:00:00,110.27,110.39,108.77,108.89,6503.0,3,0.0
2022-06-21 16:00:00,108.89,109.13,108.33,108.68,5736.0,3,0.0
2022-06-21 17:00:00,108.68,109.22,108.09,108.88,4897.0,3,0.0
2022-06-21 18:00:00,108.88,108.89,108.36,108.85,5349.0,3,0.0
2022-06-21 19:00:00,108.85,109.25,108.78,108.97,3692.0,3,0.0
2022-06-22 10:00:00,106.34,106.7,106.17,106.49,211.0,20,0.0
2022-06-22 11:00:00,106.52,106.65,106.33,106.35,410.0,20,0.0
2022-06-22 12:00:00,106.35,106.61,105.81,106.51,728.0,10,0.0
2022-06-22 13:00:00,106.52,109.86,106.11,109.52,16899.0,3,0.0
2022-06-22 14:00:00,109.51,112.1,108.81,110.72,15928.0,3,0.0
2022-06-22 15:00:00,110.73,110.78,109.08,109.1,9561.0,3,0.0
2022-06-22 16:00:00,109.09,109.63,108.83,109.59,6956.0,3,0.0
2022-06-22 17:00:00,109.59,110.29,109.29,110.02,5628.0,3,0.0
2022-06-22 18:00:00,110.02,110.87,110.02,110.46,6160.0,3,0.0
2022-06-22 19:00:00,110.47,110.51,108.73,109.03,6175.0,3,0.0
2022-06-23 10:00:00,109.88,110.78,109.77,110.41,456.0,10,0.0
2022-06-23 11:00:00,110.41,110.62,110.07,110.15,323.0,10,0.0
2022-06-23 12:00:00,110.15,110.2,109.53,110.09,348.0,10,0.0
2022-06-23 13:00:00,110.08,111.18,107.91,109.11,13601.0,4,0.0
2022-06-23 14:00:00,109.1,111.5,109.01,111.43,16514.0,3,0.0
2022-06-23 15:00:00,111.42,111.81,110.45,110.55,9981.0,3,0.0
2022-06-23 16:00:00,110.55,110.9,109.82,109.92,12318.0,3,0.0
2022-06-23 17:00:00,109.91,110.97,109.5,110.87,10307.0,3,0.0
2022-06-23 18:00:00,110.88,111.71,110.6,111.52,7259.0,3,0.0
2022-06-23 19:00:00,111.52,112.85,111.33,112.56,4972.0,3,0.0
2022-06-24 10:00:00,113.24,113.3,113.1,113.11,73.0,10,0.0
2022-06-24 11:00:00,113.2,113.44,113.02,113.13,398.0,10,0.0
2022-06-24 12:00:00,113.1,113.37,113.04,113.1,307.0,10,0.0
2022-06-24 13:00:00,113.06,114.65,111.4,113.88,14057.0,3,0.0
2022-06-24 14:00:00,113.89,115.55,113.87,114.53,22387.0,3,0.0
2022-06-24 15:00:00,114.52,114.93,113.86,114.71,11482.0,3,0.0
2022-06-24 16:00:00,114.72,115.04,114.3,114.8,9073.0,3,0.0
2022-06-24 17:00:00,114.81,114.95,114.54,114.71,4713.0,3,0.0
2022-06-24 18:00:00,114.71,115.58,114.59,115.51,4480.0,3,0.0
2022-06-24 19:00:00,115.52,115.53,115.05,115.39,3124.0,3,0.0
2022-06-27 10:00:00,117.47,117.5,117.01,117.25,221.0,20,0.0
2022-06-27 11:00:00,117.19,117.39,117.06,117.29,305.0,20,0.0
2022-06-27 12:00:00,117.3,117.31,116.22,116.43,581.0,10,0.0
2022-06-27 13:00:00,116.44,117.96,113.53,114.37,14947.0,3,0.0
2022-06-27 14:00:00,114.38,115.45,113.5,115.24,19627.0,3,0.0
2022-06-27 15:00:00,115.25,115.38,114.41,114.54,8517.0,3,0.0
2022-06-27 16:00:00,114.55,114.75,113.76,114.39,6738.0,3,0.0
2022-06-27 17:00:00,114.4,114.46,113.71,113.79,5516.0,3,0.0
2022-06-27 18:00:00,113.79,114.01,113.26,113.53,5922.0,3,0.0
2022-06-27 19:00:00,113.53,113.66,112.99,113.41,4612.0,3,0.0
2022-06-28 10:00:00,113.97,114.02,113.7,113.94,135.0,10,0.0
2022-06-28 11:00:00,113.96,114.12,113.88,113.89,188.0,10,0.0
2022-06-28 12:00:00,113.91,113.93,113.5,113.79,588.0,10,0.0
2022-06-28 13:00:00,113.78,114.83,112.84,113.67,13471.0,3,0.0
2022-06-28 14:00:00,113.66,113.76,110.23,110.81,13333.0,3,0.0
2022-06-28 15:00:00,110.82,111.15,108.34,108.35,12145.0,3,0.0
2022-06-28 16:00:00,108.36,109.2,107.87,109.13,10466.0,3,0.0
2022-06-28 17:00:00,109.13,109.15,107.79,107.95,8160.0,3,0.0
2022-06-28 18:00:00,107.96,108.12,107.12,107.53,6129.0,3,0.0
2022-06-28 19:00:00,107.53,108.11,107.27,107.53,4770.0,3,0.0
2022-06-29 10:00:00,106.85,107.15,106.78,107.08,221.0,10,0.0
2022-06-29 11:00:00,107.08,107.58,106.59,107.43,407.0,10,0.0
2022-06-29 12:00:00,107.47,107.86,106.83,107.2,844.0,10,0.0
2022-06-29 13:00:00,107.2,109.96,106.88,109.55,15925.0,3,0.0
2022-06-29 14:00:00,109.54,110.97,109.31,109.74,26731.0,3,0.0
2022-06-29 15:00:00,109.73,109.97,108.85,109.62,13622.0,3,0.0
2022-06-29 16:00:00,109.61,109.72,108.13,108.75,10523.0,3,0.0
2022-06-29 17:00:00,108.75,109.41,108.4,109.28,7414.0,3,0.0
2022-06-29 18:00:00,109.28,109.69,108.42,108.64,6787.0,3,0.0
2022-06-29 19:00:00,108.65,109.48,108.55,109.12,6210.0,3,0.0
2022-06-30 10:00:00,106.83,106.93,106.46,106.68,223.0,20,0.0
2022-06-30 11:00:00,106.68,107.15,106.65,106.86,291.0,20,0.0
2022-06-30 12:00:00,106.92,107.84,106.79,107.27,1037.0,10,0.0
2022-06-30 13:00:00,107.27,108.37,103.44,103.51,15334.0,3,0.0
2022-06-30 14:00:00,103.51,104.87,102.5,104.7,16673.0,3,0.0
2022-06-30 15:00:00,104.69,106.77,104.22,106.69,12866.0,3,0.0
2022-06-30 16:00:00,106.7,107.27,105.6,106.67,9624.0,3,0.0
2022-06-30 17:00:00,106.67,107.39,106.07,107.31,7520.0,3,0.0
2022-06-30 18:00:00,107.3,107.63,106.02,106.25,10575.0,3,0.0
2022-06-30 19:00:00,106.25,107.48,105.47,106.51,8532.0,3,0.0
2022-07-01 10:00:00,106.48,106.57,105.99,106.07,431.0,3,0.0
2022-07-01 11:00:00,106.05,106.42,105.15,105.46,566.0,10,0.0
2022-07-01 12:00:00,105.42,106.34,105.42,105.83,524.0,20,0.0
2022-07-01 13:00:00,105.83,108.74,105.7,108.32,17794.0,3,0.0
2022-07-01 14:00:00,108.3,108.77,106.65,107.24,31506.0,3,0.0
2022-07-01 15:00:00,107.22,108.53,106.89,107.84,18947.0,3,0.0
2022-07-01 16:00:00,107.83,108.24,107.47,107.8,10959.0,3,0.0
2022-07-01 17:00:00,107.79,108.72,107.61,108.62,9533.0,3,0.0
2022-07-01 18:00:00,108.63,109.36,108.13,109.15,9671.0,3,0.0
2022-07-01 19:00:00,109.16,109.73,108.73,109.53,8138.0,3,0.0
2022-07-05 10:00:00,108.64,108.74,108.35,108.65,190.0,10,0.0
2022-07-05 11:00:00,108.71,108.71,108.03,108.08,298.0,10,0.0
2022-07-05 12:00:00,108.06,108.15,107.59,107.64,431.0,10,0.0
2022-07-05 13:00:00,107.64,109.09,106.32,108.91,14278.0,3,0.0
2022-07-05 14:00:00,108.9,111.34,108.3,110.36,20157.0,3,0.0
2022-07-05 15:00:00,110.36,111.95,109.54,111.49,11553.0,3,0.0
2022-07-05 16:00:00,111.5,112.68,111.2,111.69,9292.0,3,0.0
2022-07-05 17:00:00,111.7,113.19,111.65,112.89,7356.0,3,0.0
2022-07-05 18:00:00,112.9,114.06,112.6,113.54,6221.0,3,0.0
2022-07-05 19:00:00,113.55,114.01,112.84,113.64,4489.0,3,0.0
2022-07-06 10:00:00,113.24,113.52,113.06,113.2,120.0,10,0.0
2022-07-06 11:00:00,113.21,113.3,112.52,112.8,283.0,10,0.0
2022-07-06 12:00:00,112.71,113.79,112.62,113.69,586.0,10,0.0
2022-07-06 13:00:00,113.71,114.31,111.98,113.81,16054.0,4,0.0
2022-07-06 14:00:00,113.78,114.24,112.31,113.73,23237.0,3,0.0
2022-07-06 15:00:00,113.72,113.97,112.66,112.99,11294.0,3,0.0
2022-07-06 16:00:00,113.0,113.76,112.77,113.72,6633.0,3,0.0
2022-07-06 17:00:00,113.74,114.47,113.72,114.32,4869.0,3,0.0
2022-07-06 18:00:00,114.31,115.2,113.45,115.18,15308.0,3,0.0
2022-07-06 19:00:00,115.18,115.46,114.46,114.55,4562.0,3,0.0
2022-07-07 10:00:00,114.62,114.66,114.22,114.45,185.0,4,0.0
2022-07-07 11:00:00,114.46,114.92,114.45,114.91,179.0,10,0.0
2022-07-07 12:00:00,114.91,115.0,114.32,114.63,404.0,10,0.0
2022-07-07 13:00:00,114.63,115.45,113.46,114.49,11005.0,3,0.0
2022-07-07 14:00:00,114.49,115.03,113.7,114.82,13838.0,3,0.0
2022-07-07 15:00:00,114.81,116.2,114.7,116.2,6784.0,3,0.0
2022-07-07 16:00:00,116.2,116.43,115.77,116.27,3428.0,3,0.0
2022-07-07 17:00:00,116.27,116.51,115.97,116.42,3900.0,3,0.0
2022-07-07 18:00:00,116.42,116.72,116.33,116.69,2748.0,3,0.0
2022-07-07 19:00:00,116.69,116.97,116.34,116.4,2578.0,3,0.0
2022-07-08 10:00:00,115.55,115.89,115.31,115.54,217.0,10,0.0
2022-07-08 11:00:00,115.64,115.73,115.37,115.56,171.0,10,0.0
2022-07-08 12:00:00,115.56,115.63,114.03,114.7,1126.0,10,0.0
2022-07-08 13:00:00,114.66,115.63,113.81,113.92,11694.0,4,0.0
2022-07-08 14:00:00,113.91,116.3,113.68,115.79,8998.0,3,0.0
2022-07-08 15:00:00,115.8,116.56,115.67,116.24,5570.0,3,0.0
2022-07-08 16:00:00,116.24,116.26,114.48,114.89,5837.0,3,0.0
2022-07-08 17:00:00,114.89,115.74,114.66,115.46,4128.0,3,0.0
2022-07-08 18:00:00,115.46,116.04,115.18,115.86,3508.0,3,0.0
2022-07-08 19:00:00,115.85,115.97,115.32,115.48,3553.0,3,0.0
2022-07-11 10:00:00,114.48,114.67,114.39,114.43,75.0,20,0.0
2022-07-11 11:00:00,114.4,114.75,114.26,114.38,172.0,10,0.0
2022-07-11 12:00:00,114.47,114.73,114.32,114.66,231.0,10,0.0
2022-07-11 13:00:00,114.66,114.84,110.86,111.38,15336.0,3,0.0
2022-07-11 14:00:00,111.38,113.28,110.99,112.32,13678.0,3,0.0
2022-07-11 15:00:00,112.33,113.02,111.83,112.77,6714.0,3,0.0
2022-07-11 16:00:00,112.77,112.95,112.41,112.79,3594.0,3,0.0
2022-07-11 17:00:00,112.79,113.37,112.69,113.04,3348.0,3,0.0
2022-07-11 18:00:00,113.03,113.04,112.0,112.01,3308.0,3,0.0
2022-07-11 19:00:00,112.0,112.08,111.6,111.69,2675.0,3,0.0
2022-07-12 10:00:00,111.08,111.72,110.68,110.79,426.0,10,0.0
2022-07-12 11:00:00,110.79,112.03,110.79,111.66,475.0,20,0.0
2022-07-12 12:00:00,111.66,112.29,111.57,112.14,481.0,10,0.0
2022-07-12 13:00:00,112.07,113.22,110.53,110.54,15051.0,3,0.0
2022-07-12 14:00:00,110.52,111.14,109.6,110.1,20994.0,3,0.0
2022-07-12 15:00:00,110.11,111.0,109.97,110.5,9012.0,3,0.0
2022-07-12 16:00:00,110.5,110.92,110.28,110.53,6429.0,3,0.0
2022-07-12 17:00:00,110.53,110.89,109.81,110.41,4849.0,3,0.0
2022-07-12 18:00:00,110.4,110.44,109.47,109.54,4679.0,3,0.0
2022-07-12 19:00:00,109.54,109.54,108.33,108.7,5795.0,3,0.0
2022-07-13 10:00:00,109.57,109.68,109.53,109.56,56.0,20,0.0
2022-07-13 11:00:00,109.55,109.65,109.27,109.54,145.0,10,0.0
2022-07-13 12:00:00,109.52,110.41,106.22,107.13,2443.0,10,0.0
2022-07-13 13:00:00,107.13,109.06,105.99,108.77,19628.0,3,0.0
2022-07-13 14:00:00,108.78,111.28,107.89,111.04,27249.0,3,0.0
2022-07-13 15:00:00,111.05,111.69,110.11,110.7,14553.0,3,0.0
2022-07-13 16:00:00,110.69,111.34,110.27,111.31,8199.0,3,0.0
2022-07-13 17:00:00,111.32,111.76,110.82,111.57,7953.0,3,0.0
2022-07-13 18:00:00,111.58,111.58,110.35,111.3,12035.0,3,0.0
2022-07-13 19:00:00,111.3,111.32,110.22,110.39,5949.0,3,0.0
2022-07-14 10:00:00,109.3,109.6,109.17,109.37,186.0,10,0.0
2022-07-14 11:00:00,109.44,109.66,109.04,109.19,585.0,10,0.0
2022-07-14 12:00:00,109.21,110.21,109.03,110.1,951.0,10,0.0
2022-07-14 13:00:00,110.13,111.16,108.09,108.45,17806.0,3,0.0
2022-07-14 14:00:00,108.44,108.87,107.56,108.53,14112.0,3,0.0
2022-07-14 15:00:00,108.52,109.75,108.46,109.39,12474.0,3,0.0
2022-07-14 16:00:00,109.39,109.52,108.5,108.81,6712.0,3,0.0
2022-07-14 17:00:00,108.81,110.03,108.64,109.82,7034.0,3,0.0
2022-07-14 18:00:00,109.83,110.66,109.55,110.16,6451.0,3,0.0
2022-07-14 19:00:00,110.15,110.71,109.83,110.02,5368.0,3,0.0
2022-07-15 10:00:00,110.93,111.05,110.69,111.03,133.0,10,0.0
2022-07-15 11:00:00,111.07,111.5,111.0,111.07,283.0,10,0.0
2022-07-15 12:00:00,111.05,112.22,110.56,111.89,1209.0,10,0.0
2022-07-15 13:00:00,111.89,113.81,111.56,112.42,15233.0,3,0.0
2022-07-15 14:00:00,112.44,113.65,112.06,113.45,15436.0,3,0.0
2022-07-15 15:00:00,113.46,114.79,113.33,114.49,4779.0,3,0.0
2022-07-15 16:00:00,114.5,114.57,113.91,114.39,3286.0,3,0.0
2022-07-15 17:00:00,114.4,115.3,114.4,115.29,2645.0,3,0.0
2022-07-15 18:00:00,115.29,115.57,114.73,114.73,2811.0,3,0.0
2022-07-15 19:00:00,114.73,114.74,113.87,113.96,2025.0,3,0.0
2022-07-18 10:00:00,114.91,115.09,114.9,114.91,90.0,4,0.0
2022-07-18 11:00:00,114.96,115.09,114.66,115.08,259.0,4,0.0
2022-07-18 12:00:00,115.08,115.14,114.6,115.0,405.0,10,0.0
2022-07-18 13:00:00,115.0,116.43,114.55,116.11,12681.0,3,0.0
2022-07-18 14:00:00,116.12,116.53,114.88,115.58,12497.0,3,0.0
2022-07-18 15:00:00,115.59,117.14,115.56,116.88,5184.0,3,0.0
2022-07-18 16:00:00,116.89,117.21,116.6,116.68,3512.0,3,0.0
2022-07-18 17:00:00,116.68,116.9,114.63,114.93,4869.0,3,0.0
2022-07-18 18:00:00,114.93,115.35,113.77,113.88,7246.0,3,0.0
2022-07-18 19:00:00,113.87,114.49,113.32,113.46,4544.0,3,0.0
2022-07-19 10:00:00,114.45,114.92,114.31,114.78,499.0,10,0.0
2022-07-19 11:00:00,114.7,114.89,114.55,114.83,337.0,10,0.0
2022-07-19 12:00:00,114.83,115.14,114.59,114.94,333.0,10,0.0
2022-07-19 13:00:00,114.94,115.82,114.02,115.1,12910.0,3,0.0
2022-07-19 14:00:00,115.11,115.83,114.17,115.8,9617.0,3,0.0
2022-07-19 15:00:00,115.8,116.61,115.73,116.58,4055.0,3,0.0
2022-07-19 16:00:00,116.58,117.54,116.24,117.34,3982.0,3,0.0
2022-07-19 17:00:00,117.34,118.56,117.24,118.48,3388.0,3,0.0
2022-07-19 18:00:00,118.49,118.93,117.64,118.05,4084.0,3,0.0
2022-07-19 19:00:00,118.06,118.31,117.58,118.0,2569.0,3,0.0
2022-07-20 10:00:00,118.73,118.8,117.87,118.21,469.0,10,0.0
2022-07-20 11:00:00,118.25,118.56,117.99,118.12,464.0,10,0.0
2022-07-20 12:00:00,118.12,118.44,117.94,118.24,487.0,10,0.0
2022-07-20 13:00:00,118.24,120.41,118.2,119.56,9744.0,4,0.0
2022-07-20 14:00:00,119.56,123.09,119.31,123.09,9803.0,3,0.0
2022-07-20 15:00:00,123.09,123.1,121.54,122.74,5189.0,3,0.0
2022-07-20 16:00:00,122.74,123.45,121.72,122.77,5806.0,3,0.0
2022-07-20 17:00:00,122.76,122.85,121.31,121.51,9295.0,3,0.0
2022-07-20 18:00:00,121.52,122.85,121.41,122.78,5975.0,3,0.0
2022-07-20 19:00:00,122.78,123.3,122.62,122.88,3541.0,3,0.0
2022-07-21 10:00:00,122.48,122.97,122.27,122.35,406.0,10,0.0
2022-07-21 11:00:00,122.39,122.71,122.25,122.43,245.0,10,0.0
2022-07-21 12:00:00,122.43,124.42,122.19,123.87,1549.0,10,0.0
2022-07-21 13:00:00,123.88,124.06,121.39,122.52,15206.0,4,0.0
2022-07-21 14:00:00,122.54,123.21,121.25,123.1,12051.0,3,0.0
2022-07-21 15:00:00,123.1,123.72,122.71,122.87,6890.0,3,0.0
2022-07-21 16:00:00,122.86,124.26,122.79,124.05,4459.0,3,0.0
2022-07-21 17:00:00,124.06,124.29,123.08,123.49,5017.0,3,0.0
2022-07-21 18:00:00,123.5,124.52,123.43,124.4,4636.0,3,0.0
2022-07-21 19:00:00,124.41,124.82,124.16,124.65,3730.0,3,0.0
2022-07-22 10:00:00,124.03,124.33,123.76,124.21,258.0,10,0.0
2022-07-22 11:00:00,124.14,124.51,123.88,124.44,266.0,10,0.0
2022-07-22 12:00:00,124.46,124.68,124.03,124.48,496.0,10,0.0
2022-07-22 13:00:00,124.46,125.46,124.01,124.12,12628.0,4,0.0
2022-07-22 14:00:00,124.13,125.38,123.75,124.08,10584.0,4,0.0
2022-07-22 15:00:00,124.08,124.16,122.0,122.63,8258.0,4,0.0
2022-07-22 16:00:00,122.61,122.78,121.75,122.13,7129.0,4,0.0
2022-07-22 17:00:00,122.14,122.2,121.34,121.78,5207.0,3,0.0
2022-07-22 18:00:00,121.78,122.16,121.33,121.98,4880.0,3,0.0
2022-07-22 19:00:00,121.97,122.58,121.77,122.26,5072.0,3,0.0
2022-07-25 10:00:00,123.12,123.34,123.06,123.25,161.0,20,0.0
2022-07-25 11:00:00,123.29,123.7,123.12,123.17,433.0,10,0.0
2022-07-25 12:00:00,123.23,123.32,122.87,123.08,446.0,10,0.0
2022-07-25 13:00:00,123.08,123.62,121.85,122.79,9439.0,4,0.0
2022-07-25 14:00:00,122.81,123.05,121.47,122.09,11053.0,3,0.0
2022-07-25 15:00:00,122.08,122.09,120.88,121.48,5588.0,3,0.0
2022-07-25 16:00:00,121.47,121.97,121.01,121.71,3738.0,3,0.0
2022-07-25 17:00:00,121.71,121.86,120.61,120.68,3035.0,3,0.0
2022-07-25 18:00:00,120.68,120.76,120.2,120.29,3321.0,3,0.0
2022-07-25 19:00:00,120.3,120.67,120.02,120.63,3245.0,3,0.0
2022-07-26 10:00:00,117.22,117.22,116.54,116.93,180.0,30,0.0
2022-07-26 11:00:00,116.93,117.14,116.47,117.06,376.0,20,0.0
2022-07-26 12:00:00,116.96,117.19,115.45,116.06,1459.0,10,0.0
2022-07-26 13:00:00,116.05,118.12,114.84,117.57,13640.0,4,0.0
2022-07-26 14:00:00,117.55,118.07,115.99,116.81,8924.0,3,0.0
2022-07-26 15:00:00,116.8,116.89,115.68,115.85,5632.0,3,0.0
2022-07-26 16:00:00,115.85,116.06,115.31,115.71,4418.0,3,0.0
2022-07-26 17:00:00,115.71,115.93,114.84,114.94,3500.0,3,0.0
2022-07-26 18:00:00,114.95,115.35,114.53,114.88,3319.0,3,0.0
2022-07-26 19:00:00,114.88,115.18,114.64,114.78,2919.0,3,0.0
2022-07-27 10:00:00,116.72,116.99,116.68,116.95,83.0,30,0.0
2022-07-27 11:00:00,116.94,116.95,116.18,116.26,553.0,20,0.0
2022-07-27 12:00:00,116.32,117.21,116.26,116.81,459.0,10,0.0
2022-07-27 13:00:00,116.81,118.82,116.54,118.26,10264.0,3,0.0
2022-07-27 14:00:00,118.26,119.26,118.11,118.8,7705.0,3,0.0
2022-07-27 15:00:00,118.81,119.95,118.71,119.79,5596.0,3,0.0
2022-07-27 16:00:00,119.8,120.19,118.87,118.93,4523.0,3,0.0
2022-07-27 17:00:00,118.93,119.15,118.25,118.44,4311.0,3,0.0
2022-07-27 18:00:00,118.47,121.03,117.93,120.2,15117.0,4,0.0
2022-07-27 19:00:00,120.21,121.88,119.88,121.28,5871.0,3,0.0
2022-07-28 10:00:00,119.59,119.79,119.58,119.66,94.0,20,0.0
2022-07-28 11:00:00,119.66,120.36,119.66,120.06,281.0,20,0.0
2022-07-28 12:00:00,120.06,121.51,119.23,120.98,972.0,10,0.0
2022-07-28 13:00:00,120.98,121.74,118.5,118.9,9669.0,4,0.0
2022-07-28 14:00:00,118.91,120.12,118.07,120.12,9696.0,3,0.0
2022-07-28 15:00:00,120.11,121.54,120.05,120.97,6052.0,3,0.0
2022-07-28 16:00:00,120.97,121.72,120.97,121.14,4259.0,3,0.0
2022-07-28 17:00:00,121.14,122.24,120.85,121.94,3782.0,3,0.0
2022-07-28 18:00:00,121.94,122.44,121.49,122.4,3493.0,3,0.0
2022-07-28 19:00:00,122.4,122.81,121.52,121.61,3424.0,3,0.0
2022-07-29 10:00:00,136.87,137.36,136.6,137.14,468.0,30,0.0
2022-07-29 11:00:00,137.19,138.11,135.25,135.69,2708.0,10,0.0
2022-07-29 12:00:00,135.69,136.61,135.08,135.4,2577.0,10,0.0
2022-07-29 13:00:00,135.43,137.51,132.41,136.96,27142.0,4,0.0
2022-07-29 14:00:00,136.94,137.61,136.19,136.26,13897.0,4,0.0
2022-07-29 15:00:00,136.27,136.49,134.6,136.44,10251.0,4,0.0
2022-07-29 16:00:00,136.44,136.67,135.37,136.32,5701.0,4,0.0
2022-07-29 17:00:00,136.32,137.02,135.64,136.65,4319.0,4,0.0
2022-07-29 18:00:00,136.66,137.16,136.46,136.8,4024.0,4,0.0
2022-07-29 19:00:00,136.81,136.84,136.1,136.29,3045.0,4,0.0
2022-08-01 10:00:00,134.72,134.82,134.65,134.72,101.0,20,0.0
2022-08-01 11:00:00,134.72,135.33,134.62,135.25,300.0,10,0.0
2022-08-01 12:00:00,135.26,135.26,134.4,134.58,690.0,10,0.0
2022-08-01 13:00:00,134.51,136.97,133.51,136.06,16206.0,4,0.0
2022-08-01 14:00:00,136.11,138.82,135.8,138.25,14369.0,4,0.0
2022-08-01 15:00:00,138.26,138.77,137.38,138.3,9246.0,4,0.0
2022-08-01 16:00:00,138.31,138.44,136.31,136.46,6542.0,4,0.0
2022-08-01 17:00:00,136.46,136.51,134.54,135.43,7482.0,4,0.0
2022-08-01 18:00:00,135.42,136.23,135.01,136.05,6238.0,4,0.0
2022-08-01 19:00:00,136.05,136.08,135.19,135.48,4152.0,4,0.0
2022-08-02 10:00:00,133.62,133.99,133.42,133.99,224.0,20,0.0
2022-08-02 11:00:00,134.0,134.11,133.47,133.99,310.0,10,0.0
2022-08-02 12:00:00,134.02,134.2,133.67,134.18,286.0,10,0.0
2022-08-02 13:00:00,134.17,136.64,134.0,136.32,13518.0,4,0.0
2022-08-02 14:00:00,136.34,136.62,134.65,136.27,13514.0,4,0.0
2022-08-02 15:00:00,136.28,136.6,135.15,136.35,6887.0,4,0.0
2022-08-02 16:00:00,136.35,137.41,136.2,136.61,6139.0,4,0.0
2022-08-02 17:00:00,136.61,136.63,134.32,134.94,7813.0,4,0.0
2022-08-02 18:00:00,134.95,135.34,134.53,134.68,5923.0,4,0.0
2022-08-02 19:00:00,134.69,135.05,134.37,134.58,4981.0,4,0.0
2022-08-03 10:00:00,135.11,135.13,134.74,134.88,119.0,10,0.0
2022-08-03 11:00:00,134.88,135.29,134.79,135.15,220.0,10,0.0
2022-08-03 12:00:00,135.15,136.17,135.05,136.0,609.0,10,0.0
2022-08-03 13:00:00,136.03,138.08,135.9,137.99,10301.0,4,0.0
2022-08-03 14:00:00,137.98,138.39,136.68,137.87,10116.0,4,0.0
2022-08-03 15:00:00,137.88,139.45,137.56,139.44,6131.0,4,0.0
2022-08-03 16:00:00,139.45,139.86,138.84,139.43,5146.0,4,0.0
2022-08-03 17:00:00,139.43,139.97,139.19,139.9,4535.0,4,0.0
2022-08-03 18:00:00,139.91,140.46,139.8,140.28,4345.0,4,0.0
2022-08-03 19:00:00,140.28,140.43,139.57,140.32,3504.0,4,0.0
2022-08-04 10:00:00,139.9,140.7,139.9,140.37,301.0,10,0.0
2022-08-04 11:00:00,140.38,140.47,139.91,139.94,604.0,10,0.0
2022-08-04 12:00:00,139.94,140.73,139.84,140.56,517.0,10,0.0
2022-08-04 13:00:00,140.56,141.76,139.57,141.01,12775.0,4,0.0
2022-08-04 14:00:00,141.03,141.05,139.55,140.91,13183.0,4,0.0
2022-08-04 15:00:00,140.9,142.06,140.24,141.99,8024.0,4,0.0
2022-08-04 16:00:00,141.98,143.38,141.89,142.2,7038.0,4,0.0
2022-08-04 17:00:00,142.2,143.54,142.2,142.71,4275.0,4,0.0
2022-08-04 18:00:00,142.71,143.11,142.07,142.83,4276.0,4,0.0
2022-08-04 19:00:00,142.82,143.22,142.45,142.47,3973.0,4,0.0
2022-08-05 10:00:00,142.64,142.65,142.03,142.17,278.0,4,0.0
2022-08-05 11:00:00,142.18,142.93,142.08,142.9,242.0,10,0.0
2022-08-05 12:00:00,142.87,143.21,140.45,140.77,1900.0,10,0.0
2022-08-05 13:00:00,140.72,141.56,139.59,140.73,13685.0,4,0.0
2022-08-05 14:00:00,140.73,142.83,140.51,142.0,10473.0,4,0.0
2022-08-05 15:00:00,141.99,141.99,139.6,140.29,7920.0,4,0.0
2022-08-05 16:00:00,140.3,141.31,140.2,141.19,5500.0,4,0.0
2022-08-05 17:00:00,141.19,141.59,140.27,140.45,4853.0,4,0.0
2022-08-05 18:00:00,140.45,140.61,139.85,140.12,4500.0,4,0.0
2022-08-05 19:00:00,140.12,140.46,139.99,140.26,3682.0,4,0.0
2022-08-08 10:00:00,141.5,142.1,141.44,141.93,85.0,20,0.0
2022-08-08 11:00:00,141.87,141.95,141.48,141.86,247.0,10,0.0
2022-08-08 12:00:00,141.86,142.43,141.85,142.39,565.0,10,0.0
2022-08-08 13:00:00,142.33,144.2,140.73,143.66,12762.0,4,0.0
2022-08-08 14:00:00,143.65,143.86,141.17,141.45,10800.0,4,0.0
2022-08-08 15:00:00,141.46,141.95,139.69,140.2,7512.0,4,0.0
2022-08-08 16:00:00,140.19,140.31,138.99,139.49,6711.0,4,0.0
2022-08-08 17:00:00,139.49,139.92,139.12,139.64,4788.0,4,0.0
2022-08-08 18:00:00,139.65,139.67,138.27,138.74,6267.0,4,0.0
2022-08-08 19:00:00,138.74,139.35,138.49,139.21,3787.0,4,0.0
2022-08-09 10:00:00,139.53,139.56,138.33,138.56,363.0,10,0.0
2022-08-09 11:00:00,138.62,138.92,138.16,138.2,362.0,10,0.0
2022-08-09 12:00:00,138.21,138.55,138.0,138.18,399.0,10,0.0
2022-08-09 13:00:00,138.18,138.91,136.67,136.89,12209.0,4,0.0
2022-08-09 14:00:00,136.89,138.01,136.19,137.38,12512.0,3,0.0
2022-08-09 15:00:00,137.39,138.02,136.87,137.55,8363.0,3,0.0
2022-08-09 16:00:00,137.56,137.65,137.14,137.45,5208.0,3,0.0
2022-08-09 17:00:00,137.45,137.74,137.22,137.54,4117.0,3,0.0
2022-08-09 18:00:00,137.54,137.96,137.26,137.7,4385.0,3,0.0
2022-08-09 19:00:00,137.7,137.92,137.48,137.54,3540.0,3,0.0
2022-08-10 10:00:00,138.04,138.21,137.97,138.08,74.0,10,0.0
2022-08-10 11:00:00,138.07,138.63,137.82,138.57,275.0,10,0.0
2022-08-10 12:00:00,138.57,142.34,138.5,141.93,1645.0,10,0.0
2022-08-10 13:00:00,141.92,144.18,141.32,141.63,14487.0,4,0.0
2022-08-10 14:00:00,141.64,142.61,140.99,142.43,13110.0,3,0.0
2022-08-10 15:00:00,142.45,143.23,141.98,142.46,6079.0,3,0.0
2022-08-10 16:00:00,142.45,142.78,141.83,142.46,4760.0,3,0.0
2022-08-10 17:00:00,142.45,142.9,142.1,142.6,2709.0,3,0.0
2022-08-10 18:00:00,142.59,142.71,141.99,142.05,2675.0,4,0.0
2022-08-10 19:00:00,142.05,142.81,141.98,142.75,2159.0,4,0.0
2022-08-11 10:00:00,143.02,143.02,142.76,142.84,128.0,10,0.0
2022-08-11 11:00:00,142.84,143.28,142.74,143.27,153.0,10,0.0
2022-08-11 12:00:00,143.28,144.14,143.28,144.05,605.0,10,0.0
2022-08-11 13:00:00,144.05,144.26,143.0,143.1,6377.0,4,0.0
2022-08-11 14:00:00,143.1,144.46,142.59,142.98,7335.0,4,0.0
2022-08-11 15:00:00,142.97,143.06,141.07,141.61,7151.0,4,0.0
2022-08-11 16:00:00,141.6,142.25,141.4,142.0,4813.0,4,0.0
2022-08-11 17:00:00,142.0,142.24,141.04,141.24,3759.0,4,0.0
2022-08-11 18:00:00,141.24,141.24,139.74,140.23,4554.0,4,0.0
2022-08-11 19:00:00,140.22,140.72,139.83,140.36,3686.0,4,0.0
2022-08-12 10:00:00,141.63,141.63,141.44,141.48,82.0,20,0.0
2022-08-12 11:00:00,141.48,141.58,141.19,141.46,232.0,4,0.0
2022-08-12 12:00:00,141.5,142.03,141.46,141.98,228.0,4,0.0
2022-08-12 13:00:00,141.98,142.12,140.28,140.98,8962.0,4,0.0
2022-08-12 14:00:00,140.95,141.52,140.11,140.76,11425.0,4,0.0
2022-08-12 15:00:00,140.77,141.55,140.48,140.8,5631.0,4,0.0
2022-08-12 16:00:00,140.81,141.51,140.81,141.04,2941.0,4,0.0
2022-08-12 17:00:00,141.05,141.76,141.03,141.63,2960.0,3,0.0
2022-08-12 18:00:00,141.64,142.46,141.52,142.46,2369.0,4,0.0
2022-08-12 19:00:00,142.46,142.97,142.23,142.94,1939.0,4,0.0
2022-08-15 10:00:00,142.5,142.81,142.48,142.66,126.0,10,0.0
2022-08-15 11:00:00,142.66,142.88,142.44,142.53,190.0,10,0.0
2022-08-15 12:00:00,142.53,142.91,142.3,142.39,313.0,10,0.0
2022-08-15 13:00:00,142.36,143.73,142.11,143.0,10339.0,3,0.0
2022-08-15 14:00:00,142.99,143.0,141.47,141.79,6135.0,4,0.0
2022-08-15 15:00:00,141.79,143.0,141.64,142.92,3681.0,4,0.0
2022-08-15 16:00:00,142.93,143.06,142.41,142.76,2725.0,4,0.0
2022-08-15 17:00:00,142.77,143.1,142.66,142.93,2568.0,4,0.0
2022-08-15 18:00:00,142.93,143.24,142.54,143.18,2521.0,4,0.0
2022-08-15 19:00:00,143.18,143.57,143.12,143.16,2064.0,4,0.0
2022-08-16 10:00:00,142.5,142.51,142.36,142.41,92.0,10,0.0
2022-08-16 11:00:00,142.41,143.66,142.41,143.45,447.0,10,0.0
2022-08-16 12:00:00,143.42,144.42,143.25,144.13,818.0,10,0.0
2022-08-16 13:00:00,144.13,144.26,142.85,143.3,12424.0,4,0.0
2022-08-16 14:00:00,143.28,143.3,142.17,142.42,10180.0,3,0.0
2022-08-16 15:00:00,142.41,144.46,142.0,144.44,5816.0,3,0.0
2022-08-16 16:00:00,144.44,144.97,144.04,144.96,5359.0,3,0.0
2022-08-16 17:00:00,144.96,145.92,144.82,145.75,4348.0,3,0.0
2022-08-16 18:00:00,145.76,146.54,143.55,144.34,6175.0,4,0.0
2022-08-16 19:00:00,144.33,144.98,143.86,144.77,3692.0,4,0.0
2022-08-17 10:00:00,143.72,143.72,143.03,143.13,193.0,10,0.0
2022-08-17 11:00:00,143.16,143.51,142.9,143.21,404.0,10,0.0
2022-08-17 12:00:00,143.21,143.52,143.03,143.13,448.0,10,0.0
2022-08-17 13:00:00,143.18,143.3,141.59,142.27,12878.0,4,0.0
2022-08-17 14:00:00,142.28,142.64,140.81,141.16,9379.0,3,0.0
2022-08-17 15:00:00,141.15,141.76,140.77,140.96,5803.0,3,0.0
2022-08-17 16:00:00,140.97,141.83,140.86,141.12,4060.0,3,0.0
2022-08-17 17:00:00,141.13,141.93,141.04,141.52,3998.0,3,0.0
2022-08-17 18:00:00,141.51,143.35,141.41,142.51,12101.0,4,0.0
2022-08-17 19:00:00,142.5,143.0,141.9,142.12,5162.0,4,0.0
2022-08-18 10:00:00,142.23,142.46,141.99,142.14,436.0,4,0.0
2022-08-18 11:00:00,142.14,142.55,142.06,142.53,230.0,4,0.0
2022-08-18 12:00:00,142.55,142.87,142.32,142.46,520.0,10,0.0
2022-08-18 13:00:00,142.54,142.59,140.71,140.93,8555.0,4,0.0
2022-08-18 14:00:00,140.91,142.04,140.37,141.39,9911.0,3,0.0
2022-08-18 15:00:00,141.39,142.74,141.31,142.45,5988.0,3,0.0
2022-08-18 16:00:00,142.46,142.49,141.73,142.18,4913.0,3,0.0
2022-08-18 17:00:00,142.18,142.62,141.96,142.15,4236.0,3,0.0
2022-08-18 18:00:00,142.15,142.37,141.75,142.18,4902.0,3,0.0
2022-08-18 19:00:00,142.19,142.55,142.05,142.48,3874.0,3,0.0
2022-08-19 10:00:00,140.63,140.74,140.04,140.15,442.0,10,0.0
2022-08-19 11:00:00,140.17,140.61,140.17,140.52,525.0,10,0.0
2022-08-19 12:00:00,140.54,140.63,140.16,140.27,258.0,10,0.0
2022-08-19 13:00:00,140.29,141.08,139.03,139.21,7782.0,4,0.0
2022-08-19 14:00:00,139.21,139.76,138.68,138.8,6700.0,4,0.0
2022-08-19 15:00:00,138.8,139.0,138.27,138.41,4089.0,4,0.0
2022-08-19 16:00:00,138.41,138.84,138.32,138.63,2780.0,4,0.0
2022-08-19 17:00:00,138.63,138.75,137.9,138.37,2501.0,3,0.0
2022-08-19 18:00:00,138.37,138.4,137.94,138.07,2589.0,4,0.0
2022-08-19 19:00:00,138.08,138.62,137.9,138.33,2579.0,4,0.0
2022-08-22 10:00:00,135.29,135.55,135.13,135.35,172.0,30,0.0
2022-08-22 11:00:00,135.35,135.68,135.06,135.24,514.0,20,0.0
2022-08-22 12:00:00,135.24,135.36,135.01,135.25,472.0,10,0.0
2022-08-22 13:00:00,135.23,136.25,133.79,134.23,9338.0,4,0.0
2022-08-22 14:00:00,134.24,134.24,133.18,133.39,7921.0,3,0.0
2022-08-22 15:00:00,133.39,134.28,133.15,134.17,4406.0,3,0.0
2022-08-22 16:00:00,134.18,134.22,133.75,133.96,3048.0,3,0.0
2022-08-22 17:00:00,133.96,134.04,133.2,133.25,3026.0,3,0.0
2022-08-22 18:00:00,133.26,133.53,132.88,133.23,2490.0,3,0.0
2022-08-22 19:00:00,133.24,133.59,132.87,132.89,1990.0,3,0.0
2022-08-23 10:00:00,133.78,133.8,133.29,133.49,456.0,10,0.0
2022-08-23 11:00:00,133.48,133.91,133.48,133.84,615.0,10,0.0
2022-08-23 12:00:00,133.84,133.91,133.32,133.33,307.0,10,0.0
2022-08-23 13:00:00,133.35,134.75,132.93,133.96,10221.0,4,0.0
2022-08-23 14:00:00,133.97,134.98,133.24,133.31,12165.0,3,0.0
2022-08-23 15:00:00,133.3,133.99,133.05,133.62,5940.0,3,0.0
2022-08-23 16:00:00,133.63,134.31,133.36,134.26,4070.0,3,0.0
2022-08-23 17:00:00,134.27,134.77,134.05,134.24,4139.0,3,0.0
2022-08-23 18:00:00,134.24,134.61,134.0,134.12,3153.0,3,0.0
2022-08-23 19:00:00,134.11,134.3,133.67,133.75,2401.0,3,0.0
2022-08-24 10:00:00,133.23,133.37,133.02,133.09,218.0,4,0.0
2022-08-24 11:00:00,133.08,133.86,133.05,133.69,359.0,10,0.0
2022-08-24 12:00:00,133.75,134.0,133.41,133.9,521.0,10,0.0
2022-08-24 13:00:00,133.89,134.0,132.1,133.82,9677.0,4,0.0
2022-08-24 14:00:00,133.82,134.21,133.21,133.95,8795.0,3,0.0
2022-08-24 15:00:00,133.95,135.2,133.95,135.0,4645.0,3,0.0
2022-08-24 16:00:00,135.0,135.44,134.21,134.42,3368.0,3,0.0
2022-08-24 17:00:00,134.42,134.75,133.99,134.42,2819.0,3,0.0
2022-08-24 18:00:00,134.43,134.66,133.91,134.33,2248.0,3,0.0
2022-08-24 19:00:00,134.33,134.56,134.19,134.5,1570.0,4,0.0
2022-08-25 10:00:00,135.22,135.86,135.11,135.67,533.0,10,0.0
2022-08-25 11:00:00,135.61,135.82,135.17,135.38,416.0,10,0.0
2022-08-25 12:00:00,135.39,135.69,134.97,135.27,653.0,10,0.0
2022-08-25 13:00:00,135.28,135.91,134.26,135.84,8568.0,3,0.0
2022-08-25 14:00:00,135.84,137.16,135.71,136.59,8810.0,3,0.0
2022-08-25 15:00:00,136.6,136.66,135.46,136.26,5323.0,3,0.0
2022-08-25 16:00:00,136.26,136.29,135.43,135.73,3773.0,3,0.0
2022-08-25 17:00:00,135.73,136.54,135.6,136.48,2928.0,3,0.0
2022-08-25 18:00:00,136.48,136.95,136.18,136.43,2319.0,3,0.0
2022-08-25 19:00:00,136.43,136.86,135.97,136.83,2030.0,3,0.0
2022-08-26 10:00:00,136.56,136.71,136.47,136.56,209.0,10,0.0
2022-08-26 11:00:00,136.58,136.6,136.08,136.45,891.0,10,0.0
2022-08-26 12:00:00,136.48,136.97,136.19,136.93,949.0,10,0.0
2022-08-26 13:00:00,136.91,138.03,136.37,137.06,7540.0,4,0.0
2022-08-26 14:00:00,137.07,137.81,133.53,134.15,19872.0,4,0.0
2022-08-26 15:00:00,134.13,134.24,132.61,133.06,10402.0,3,0.0
2022-08-26 16:00:00,133.06,133.16,132.39,133.09,4696.0,3,0.0
2022-08-26 17:00:00,133.08,133.26,131.75,132.18,4029.0,3,0.0
2022-08-26 18:00:00,132.17,132.25,131.09,131.18,3845.0,3,0.0
2022-08-26 19:00:00,131.19,131.5,130.49,130.55,2680.0,3,0.0
2022-08-29 10:00:00,128.92,129.67,128.85,129.31,511.0,20,0.0
2022-08-29 11:00:00,129.3,129.58,128.55,128.89,883.0,10,0.0
2022-08-29 12:00:00,128.9,129.63,128.65,129.24,568.0,10,0.0
2022-08-29 13:00:00,129.29,131.91,128.97,130.29,11736.0,3,0.0
2022-08-29 14:00:00,130.28,131.4,129.1,129.12,14311.0,3,0.0
2022-08-29 15:00:00,129.13,129.72,128.75,129.59,7752.0,3,0.0
2022-08-29 16:00:00,129.59,130.74,129.59,130.38,6961.0,3,0.0
2022-08-29 17:00:00,130.39,130.75,129.98,130.59,4472.0,3,0.0
2022-08-29 18:00:00,130.6,130.67,130.02,130.47,4315.0,3,0.0
2022-08-29 19:00:00,130.48,131.2,130.43,130.68,3922.0,3,0.0
2022-08-30 10:00:00,131.73,131.98,131.57,131.76,741.0,10,0.0
2022-08-30 11:00:00,131.74,132.01,131.41,131.57,796.0,10,0.0
2022-08-30 12:00:00,131.53,131.65,130.89,131.03,632.0,10,0.0
2022-08-30 13:00:00,131.03,132.05,130.14,130.36,10979.0,3,0.0
2022-08-30 14:00:00,130.35,130.58,126.85,127.83,14314.0,3,0.0
2022-08-30 15:00:00,127.81,128.31,127.02,127.76,10580.0,3,0.0
2022-08-30 16:00:00,127.76,128.57,127.07,127.47,5627.0,3,0.0
2022-08-30 17:00:00,127.46,127.82,126.96,127.64,4664.0,3,0.0
2022-08-30 18:00:00,127.64,128.22,127.47,127.92,5874.0,3,0.0
2022-08-30 19:00:00,127.91,129.08,127.8,128.56,5290.0,3,0.0
2022-08-31 10:00:00,128.74,129.89,128.73,129.53,1514.0,4,0.0
2022-08-31 11:00:00,129.53,129.73,129.19,129.38,942.0,10,0.0
2022-08-31 12:00:00,129.38,130.05,129.2,129.59,1085.0,10,0.0
2022-08-31 13:00:00,129.59,130.57,128.14,129.83,12590.0,4,0.0
2022-08-31 14:00:00,129.83,129.9,127.85,128.06,20057.0,3,0.0
2022-08-31 15:00:00,128.05,128.82,127.4,128.65,9262.0,3,0.0
2022-08-31 16:00:00,128.66,128.79,127.92,128.09,5497.0,3,0.0
2022-08-31 17:00:00,128.08,128.33,127.2,127.54,4785.0,3,0.0
2022-08-31 18:00:00,127.54,127.98,126.81,127.05,4988.0,3,0.0
2022-08-31 19:00:00,127.06,128.03,126.95,127.93,4773.0,3,0.0
2022-09-01 10:00:00,125.43,125.57,125.24,125.55,241.0,20,0.0
2022-09-01 11:00:00,125.53,126.38,125.4,126.13,717.0,10,0.0
2022-09-01 12:00:00,126.09,126.3,125.37,125.82,653.0,10,0.0
2022-09-01 13:00:00,125.76,127.64,125.47,126.73,11814.0,3,0.0
2022-09-01 14:00:00,126.7,126.79,124.38,124.47,12309.0,3,0.0
2022-09-01 15:00:00,124.46,124.98,123.64,123.96,7867.0,3,0.0
2022-09-01 16:00:00,123.96,124.53,123.86,124.11,5085.0,3,0.0
2022-09-01 17:00:00,124.12,125.28,123.97,124.82,4601.0,3,0.0
2022-09-01 18:00:00,124.83,127.0,124.65,126.34,6282.0,3,0.0
2022-09-01 19:00:00,126.33,127.16,126.22,126.65,5180.0,3,0.0
2022-09-02 10:00:00,127.67,127.67,127.08,127.35,256.0,10,0.0
2022-09-02 11:00:00,127.41,127.76,127.26,127.7,322.0,10,0.0
2022-09-02 12:00:00,127.7,129.73,127.36,128.8,1258.0,10,0.0
2022-09-02 13:00:00,128.8,129.96,128.19,128.69,10642.0,3,0.0
2022-09-02 14:00:00,128.7,131.37,128.14,130.31,10885.0,3,0.0
2022-09-02 15:00:00,130.32,131.14,130.19,130.72,6534.0,3,0.0
2022-09-02 16:00:00,130.72,130.8,127.91,128.54,10262.0,3,0.0
2022-09-02 17:00:00,128.53,128.53,126.71,126.73,12123.0,3,0.0
2022-09-02 18:00:00,126.74,127.99,126.71,127.31,7802.0,3,0.0
2022-09-02 19:00:00,127.32,128.04,126.38,126.38,5987.0,3,0.0
2022-09-06 10:00:00,128.49,128.84,128.47,128.68,669.0,10,0.0
2022-09-06 11:00:00,128.65,128.81,128.17,128.44,887.0,10,0.0
2022-09-06 12:00:00,128.45,128.77,128.3,128.5,592.0,10,0.0
2022-09-06 13:00:00,128.5,128.67,125.54,125.91,12930.0,3,0.0
2022-09-06 14:00:00,125.83,127.22,124.8,126.9,17203.0,3,0.0
2022-09-06 15:00:00,126.9,127.32,126.32,127.05,15246.0,3,0.0
2022-09-06 16:00:00,127.06,127.31,125.79,126.42,8888.0,3,0.0
2022-09-06 17:00:00,126.4,126.47,125.32,125.83,8152.0,3,0.0
2022-09-06 18:00:00,125.84,126.48,125.66,126.02,8551.0,3,0.0
2022-09-06 19:00:00,126.01,126.68,125.77,126.36,7085.0,3,0.0
2022-09-07 10:00:00,126.33,126.47,126.19,126.19,420.0,4,0.0
2022-09-07 11:00:00,126.24,126.39,125.62,125.8,1803.0,4,0.0
2022-09-07 12:00:00,125.8,126.11,125.63,125.79,311.0,10,0.0
2022-09-07 13:00:00,125.8,127.11,125.77,126.21,12033.0,3,0.0
2022-09-07 14:00:00,126.22,126.61,125.39,126.39,13545.0,3,0.0
2022-09-07 15:00:00,126.38,127.89,126.17,127.61,5261.0,3,0.0
2022-09-07 16:00:00,127.62,128.37,127.23,127.96,4905.0,3,0.0
2022-09-07 17:00:00,127.96,128.72,127.78,128.56,4880.0,3,0.0
2022-09-07 18:00:00,128.57,129.41,128.5,129.18,4748.0,3,0.0
2022-09-07 19:00:00,129.18,129.73,129.02,129.29,3022.0,3,0.0
2022-09-08 10:00:00,129.13,129.42,129.1,129.3,190.0,4,0.0
2022-09-08 11:00:00,129.32,129.59,129.17,129.37,943.0,4,0.0
2022-09-08 12:00:00,129.38,129.68,128.46,128.7,1228.0,4,0.0
2022-09-08 13:00:00,128.7,129.5,127.14,128.99,13367.0,3,0.0
2022-09-08 14:00:00,129.0,129.89,127.82,129.85,13041.0,4,0.0
2022-09-08 15:00:00,129.85,130.24,129.06,129.2,6274.0,3,0.0
2022-09-08 16:00:00,129.2,129.3,127.11,128.27,12070.0,4,0.0
2022-09-08 17:00:00,128.29,129.31,127.94,128.76,8374.0,3,0.0
2022-09-08 18:00:00,128.76,129.33,128.55,128.94,7599.0,3,0.0
2022-09-08 19:00:00,128.95,129.55,128.53,129.01,5512.0,3,0.0
2022-09-09 10:00:00,131.09,131.54,130.93,131.32,345.0,20,0.0
2022-09-09 11:00:00,131.28,131.41,131.2,131.38,391.0,10,0.0
2022-09-09 12:00:00,131.39,131.81,131.22,131.53,373.0,10,0.0
2022-09-09 13:00:00,131.53,132.35,130.71,131.99,11600.0,4,0.0
2022-09-09 14:00:00,132.0,132.56,131.55,132.2,8814.0,4,0.0
2022-09-09 15:00:00,132.2,132.41,131.52,132.16,5391.0,3,0.0
2022-09-09 16:00:00,132.16,132.66,131.5,132.64,4450.0,3,0.0
2022-09-09 17:00:00,132.65,133.28,132.42,133.28,2603.0,3,0.0
2022-09-09 18:00:00,133.28,133.32,132.49,132.81,3183.0,3,0.0
2022-09-09 19:00:00,132.81,133.61,132.8,133.52,2443.0,3,0.0
2022-09-12 10:00:00,133.88,133.97,133.77,133.8,708.0,4,0.0
2022-09-12 11:00:00,133.8,134.54,133.78,134.46,382.0,4,0.0
2022-09-12 12:00:00,134.45,134.46,133.66,134.08,484.0,10,0.0
2022-09-12 13:00:00,134.07,135.44,133.92,135.36,8354.0,3,0.0
2022-09-12 14:00:00,135.37,136.34,135.03,135.11,7467.0,3,0.0
2022-09-12 15:00:00,135.12,136.0,134.83,135.24,5978.0,3,0.0
2022-09-12 16:00:00,135.25,135.57,134.84,135.33,5552.0,3,0.0
2022-09-12 17:00:00,135.33,136.16,134.88,136.14,3709.0,3,0.0
2022-09-12 18:00:00,136.14,136.31,135.33,135.85,4268.0,3,0.0
2022-09-12 19:00:00,135.84,136.34,135.61,136.26,2172.0,4,0.0
2022-09-13 10:00:00,136.65,137.14,136.57,136.99,509.0,4,0.0
2022-09-13 11:00:00,137.03,137.51,137.0,137.44,404.0,4,0.0
2022-09-13 12:00:00,137.46,137.73,130.92,131.03,2228.0,4,0.0
2022-09-13 13:00:00,131.01,131.38,129.42,129.55,14411.0,3,0.0
2022-09-13 14:00:00,129.54,130.1,128.5,128.75,11168.0,3,0.0
2022-09-13 15:00:00,128.74,128.83,128.21,128.39,5830.0,3,0.0
2022-09-13 16:00:00,128.37,129.52,128.28,129.22,4416.0,3,0.0
2022-09-13 17:00:00,129.21,130.12,128.99,129.15,4421.0,3,0.0
2022-09-13 18:00:00,129.15,129.25,127.99,128.12,4207.0,3,0.0
2022-09-13 19:00:00,128.13,128.23,126.58,126.71,4289.0,3,0.0
2022-09-14 10:00:00,127.6,127.88,127.4,127.43,530.0,10,0.0
2022-09-14 11:00:00,127.43,127.67,126.53,126.65,626.0,10,0.0
2022-09-14 12:00:00,126.64,127.72,126.58,127.45,907.0,10,0.0
2022-09-14 13:00:00,127.45,128.17,126.5,127.68,12494.0,3,0.0
2022-09-14 14:00:00,127.69,127.75,126.31,127.54,15790.0,3,0.0
2022-09-14 15:00:00,127.53,128.24,127.36,127.95,8322.0,3,0.0
2022-09-14 16:00:00,127.96,128.55,127.49,128.26,5803.0,3,0.0
2022-09-14 17:00:00,128.27,128.64,127.46,127.85,5476.0,4,0.0
2022-09-14 18:00:00,127.85,128.11,126.88,127.67,8011.0,4,0.0
2022-09-14 19:00:00,127.67,128.09,127.02,127.87,6374.0,3,0.0
2022-09-15 10:00:00,128.44,128.44,127.57,127.83,499.0,10,0.0
2022-09-15 11:00:00,127.87,128.39,127.86,128.12,991.0,10,0.0
2022-09-15 12:00:00,128.11,128.31,127.64,128.03,907.0,10,0.0
2022-09-15 13:00:00,128.02,129.95,127.08,129.73,10681.0,3,0.0
2022-09-15 14:00:00,129.74,130.34,126.8,126.89,11814.0,3,0.0
2022-09-15 15:00:00,126.91,127.55,126.59,126.92,7035.0,3,0.0
2022-09-15 16:00:00,126.91,127.21,126.46,127.2,4834.0,3,0.0
2022-09-15 17:00:00,127.2,128.11,127.08,127.34,5743.0,3,0.0
2022-09-15 18:00:00,127.35,127.38,126.48,126.62,5026.0,3,0.0
2022-09-15 19:00:00,126.62,126.73,125.47,125.96,5605.0,3,0.0
2022-09-16 10:00:00,122.72,123.24,122.61,123.24,171.0,30,0.0
2022-09-16 11:00:00,123.19,123.31,122.89,123.08,457.0,10,0.0
2022-09-16 12:00:00,123.1,123.14,122.04,122.04,835.0,10,0.0
2022-09-16 13:00:00,122.03,123.05,120.68,120.91,11273.0,3,0.0
2022-09-16 14:00:00,120.92,123.2,120.88,122.0,19387.0,3,0.0
2022-09-16 15:00:00,122.01,123.01,121.38,122.89,10492.0,3,0.0
2022-09-16 16:00:00,122.9,122.95,121.78,122.77,5635.0,3,0.0
2022-09-16 17:00:00,122.76,123.08,122.21,122.52,5337.0,3,0.0
2022-09-16 18:00:00,122.53,123.32,122.3,123.07,5606.0,3,0.0
2022-09-16 19:00:00,123.07,123.85,122.87,123.39,7001.0,3,0.0
2022-09-19 10:00:00,122.11,122.37,121.93,122.27,412.0,10,0.0
2022-09-19 11:00:00,122.24,122.41,122.06,122.12,629.0,10,0.0
2022-09-19 12:00:00,122.16,122.74,122.13,122.53,310.0,10,0.0
2022-09-19 13:00:00,122.56,124.41,121.77,123.88,8964.0,3,0.0
2022-09-19 14:00:00,123.89,124.36,123.12,123.85,10345.0,4,0.0
2022-09-19 15:00:00,123.86,124.44,123.14,123.38,6962.0,3,0.0
2022-09-19 16:00:00,123.37,123.94,122.95,123.85,5620.0,3,0.0
2022-09-19 17:00:00,123.86,123.95,123.09,123.22,4018.0,3,0.0
2022-09-19 18:00:00,123.22,123.58,123.05,123.51,4611.0,3,0.0
2022-09-19 19:00:00,123.51,124.67,123.51,124.39,4943.0,3,0.0
2022-09-20 10:00:00,123.96,124.24,123.9,124.19,642.0,4,0.0
2022-09-20 11:00:00,124.22,124.92,124.19,124.41,1391.0,4,0.0
2022-09-20 12:00:00,124.37,124.6,123.89,124.1,779.0,10,0.0
2022-09-20 13:00:00,124.15,124.23,122.69,123.57,7569.0,3,0.0
2022-09-20 14:00:00,123.58,124.16,123.0,123.92,8208.0,3,0.0
2022-09-20 15:00:00,123.92,124.37,123.43,123.98,4862.0,3,0.0
2022-09-20 16:00:00,123.99,124.19,122.77,122.89,3656.0,3,0.0
2022-09-20 17:00:00,122.89,122.91,121.13,121.2,4593.0,3,0.0
2022-09-20 18:00:00,121.19,122.19,121.17,121.97,4907.0,3,0.0
2022-09-20 19:00:00,121.97,122.55,121.82,122.47,4660.0,3,0.0
2022-09-21 10:00:00,122.3,122.38,121.82,122.08,911.0,4,0.0
2022-09-21 11:00:00,122.08,122.25,121.8,122.11,648.0,4,0.0
2022-09-21 12:00:00,122.11,122.75,122.11,122.47,653.0,4,0.0
2022-09-21 13:00:00,122.48,122.79,121.81,122.04,6354.0,3,0.0
2022-09-21 14:00:00,122.03,122.57,121.77,122.0,6617.0,3,0.0
2022-09-21 15:00:00,122.0,122.63,121.84,122.22,3179.0,3,0.0
2022-09-21 16:00:00,122.22,122.76,122.1,122.31,2135.0,3,0.0
2022-09-21 17:00:00,122.31,122.52,121.96,122.39,2251.0,3,0.0
2022-09-21 18:00:00,122.43,123.72,119.17,122.87,33255.0,4,0.0
2022-09-21 19:00:00,122.87,123.16,119.13,119.13,18921.0,3,0.0
2022-09-22 10:00:00,118.18,118.68,118.03,118.54,624.0,10,0.0
2022-09-22 11:00:00,118.56,118.63,117.54,118.23,977.0,10,0.0
2022-09-22 12:00:00,118.23,118.81,117.83,118.36,1091.0,10,0.0
2022-09-22 13:00:00,118.36,118.53,116.74,117.28,10945.0,3,0.0
2022-09-22 14:00:00,117.28,118.2,116.76,116.91,13855.0,3,0.0
2022-09-22 15:00:00,116.9,117.44,116.4,116.74,6527.0,3,0.0
2022-09-22 16:00:00,116.74,117.23,116.33,116.8,6595.0,3,0.0
2022-09-22 17:00:00,116.8,117.26,116.25,117.17,4450.0,3,0.0
2022-09-22 18:00:00,117.17,117.4,116.32,117.25,5221.0,3,0.0
2022-09-22 19:00:00,117.27,118.24,117.24,117.95,7617.0,3,0.0
2022-09-23 10:00:00,115.53,115.64,114.81,114.94,512.0,10,0.0
2022-09-23 11:00:00,115.0,115.33,114.79,115.23,719.0,10,0.0
2022-09-23 12:00:00,115.23,115.49,114.87,115.27,754.0,10,0.0
2022-09-23 13:00:00,115.25,116.32,113.47,113.53,13674.0,3,0.0
2022-09-23 14:00:00,113.52,114.76,113.22,114.21,13933.0,3,0.0
2022-09-23 15:00:00,114.22,114.98,114.02,114.26,8258.0,3,0.0
2022-09-23 16:00:00,114.26,114.35,113.56,113.99,5803.0,3,0.0
2022-09-23 17:00:00,114.0,114.14,113.43,113.51,4483.0,3,0.0
2022-09-23 18:00:00,113.5,113.65,112.05,112.08,5832.0,3,0.0
2022-09-23 19:00:00,112.08,113.9,112.05,113.8,6634.0,3,0.0
2022-09-26 10:00:00,113.16,113.43,113.01,113.31,1053.0,10,0.0
2022-09-26 11:00:00,113.34,113.37,112.87,113.09,1011.0,10,0.0
2022-09-26 12:00:00,113.06,114.11,112.81,114.08,659.0,10,0.0
2022-09-26 13:00:00,114.04,116.65,113.12,116.54,12339.0,3,0.0
2022-09-26 14:00:00,116.52,117.32,115.65,116.1,14233.0,3,0.0
2022-09-26 15:00:00,116.11,116.37,115.14,116.13,12466.0,3,0.0
2022-09-26 16:00:00,116.14,116.15,114.77,115.6,9524.0,3,0.0
2022-09-26 17:00:00,115.6,115.77,114.9,114.98,7843.0,3,0.0
2022-09-26 18:00:00,114.98,116.21,114.91,115.96,8826.0,3,0.0
2022-09-26 19:00:00,115.97,116.21,115.15,115.43,9078.0,3,0.0
2022-09-27 10:00:00,116.47,117.13,116.42,117.0,1077.0,10,0.0
2022-09-27 11:00:00,116.99,117.82,116.87,117.45,820.0,10,0.0
2022-09-27 12:00:00,117.45,117.96,117.31,117.4,645.0,10,0.0
2022-09-27 13:00:00,117.32,118.3,116.55,116.7,11363.0,3,0.0
2022-09-27 14:00:00,116.71,116.79,115.4,116.01,17418.0,3,0.0
2022-09-27 15:00:00,116.01,116.26,114.39,114.52,9198.0,3,0.0
2022-09-27 16:00:00,114.53,114.55,113.04,114.04,9328.0,3,0.0
2022-09-27 17:00:00,114.03,114.03,113.29,113.8,9457.0,3,0.0
2022-09-27 18:00:00,113.81,114.97,113.56,114.64,7207.0,3,0.0
2022-09-27 19:00:00,114.64,114.65,113.87,114.44,6637.0,3,0.0
2022-09-28 10:00:00,112.19,114.45,112.19,113.63,2514.0,10,0.0
2022-09-28 11:00:00,113.63,113.69,112.31,112.92,1190.0,10,0.0
2022-09-28 12:00:00,112.9,114.6,112.9,114.15,1603.0,10,0.0
2022-09-28 13:00:00,114.1,115.63,113.64,115.04,16490.0,3,0.0
2022-09-28 14:00:00,115.05,116.55,114.25,116.05,16603.0,3,0.0
2022-09-28 15:00:00,116.06,117.02,115.92,116.96,10035.0,3,0.0
2022-09-28 16:00:00,116.97,117.6,116.69,116.98,5220.0,3,0.0
2022-09-28 17:00:00,116.98,117.56,116.72,117.23,4990.0,3,0.0
2022-09-28 18:00:00,117.24,117.75,117.07,117.52,4254.0,3,0.0
2022-09-28 19:00:00,117.52,118.34,117.46,118.32,4890.0,3,0.0
2022-09-29 10:00:00,116.42,116.63,116.12,116.3,1084.0,10,0.0
2022-09-29 11:00:00,116.3,117.22,116.3,116.59,1218.0,10,0.0
2022-09-29 12:00:00,116.59,116.74,115.62,115.78,1480.0,10,0.0
2022-09-29 13:00:00,115.78,116.33,114.46,114.98,11790.0,3,0.0
2022-09-29 14:00:00,114.97,115.35,113.41,114.4,15350.0,3,0.0
2022-09-29 15:00:00,114.4,115.05,113.84,114.93,10537.0,3,0.0
2022-09-29 16:00:00,114.94,115.32,114.26,114.52,5843.0,3,0.0
2022-09-29 17:00:00,114.52,114.61,113.33,113.37,5092.0,3,0.0
2022-09-29 18:00:00,113.36,113.9,113.05,113.22,5288.0,3,0.0
2022-09-29 19:00:00,113.22,114.81,113.21,114.54,6295.0,3,0.0
2022-09-30 10:00:00,115.29,115.8,114.86,114.96,2049.0,10,0.0
2022-09-30 11:00:00,114.98,115.11,114.42,114.76,1171.0,10,0.0
2022-09-30 12:00:00,114.76,115.63,113.73,114.66,994.0,10,0.0
2022-09-30 13:00:00,114.65,115.04,113.09,114.41,14640.0,3,0.0
2022-09-30 14:00:00,114.45,115.96,114.1,115.95,17933.0,3,0.0
2022-09-30 15:00:00,115.95,116.9,115.53,115.64,8705.0,3,0.0
2022-09-30 16:00:00,115.65,116.28,115.29,115.57,6502.0,3,0.0
2022-09-30 17:00:00,115.57,115.93,114.85,114.89,6006.0,3,0.0
2022-09-30 18:00:00,114.88,115.2,114.11,114.19,6003.0,3,0.0
2022-09-30 19:00:00,114.19,114.77,113.6,114.02,6780.0,3,0.0
2022-10-03 10:00:00,112.2,112.9,112.13,112.82,752.0,10,0.0
2022-10-03 11:00:00,112.8,113.71,112.8,113.71,329.0,10,0.0
2022-10-03 12:00:00,113.74,114.26,113.35,113.84,535.0,10,0.0
2022-10-03 13:00:00,113.84,114.58,112.44,112.62,8768.0,3,0.0
2022-10-03 14:00:00,112.63,114.96,112.63,114.62,13393.0,3,0.0
2022-10-03 15:00:00,114.62,115.25,114.22,114.77,5667.0,3,0.0
2022-10-03 16:00:00,114.77,115.33,114.46,114.87,4906.0,3,0.0
2022-10-03 17:00:00,114.87,115.61,114.74,115.46,4025.0,3,0.0
2022-10-03 18:00:00,115.46,116.89,115.41,116.66,4308.0,3,0.0
2022-10-03 19:00:00,116.66,116.8,116.1,116.26,3266.0,3,0.0
2022-10-04 10:00:00,118.15,119.28,118.14,119.02,493.0,10,0.0
2022-10-04 11:00:00,119.01,119.19,118.58,119.02,931.0,10,0.0
2022-10-04 12:00:00,119.03,119.59,118.75,119.46,1151.0,4,0.0
2022-10-04 13:00:00,119.49,121.93,119.28,121.88,10325.0,3,0.0
2022-10-04 14:00:00,121.88,122.98,121.75,122.97,11139.0,3,0.0
2022-10-04 15:00:00,122.96,122.98,121.97,122.53,5416.0,3,0.0
2022-10-04 16:00:00,122.54,122.73,121.35,121.53,5127.0,3,0.0
2022-10-04 17:00:00,121.52,121.59,120.38,121.3,5168.0,3,0.0
2022-10-04 18:00:00,121.3,121.52,120.84,121.28,4559.0,3,0.0
2022-10-04 19:00:00,121.28,121.39,120.53,120.65,4799.0,3,0.0
2022-10-05 10:00:00,119.63,120.15,119.6,120.13,786.0,4,0.0
2022-10-05 11:00:00,120.13,120.19,119.65,119.84,392.0,4,0.0
2022-10-05 12:00:00,119.84,119.93,119.11,119.3,522.0,4,0.0
2022-10-05 13:00:00,119.3,120.22,118.05,119.74,12305.0,3,0.0
2022-10-05 14:00:00,119.73,119.73,117.67,118.1,11834.0,3,0.0
2022-10-05 15:00:00,118.09,119.17,118.03,119.07,6676.0,3,0.0
2022-10-05 16:00:00,119.07,120.04,118.71,119.63,5732.0,3,0.0
2022-10-05 17:00:00,119.63,120.76,119.58,120.02,5128.0,3,0.0
2022-10-05 18:00:00,120.02,121.06,119.89,121.05,5229.0,3,0.0
2022-10-05 19:00:00,121.05,121.73,121.05,121.39,4670.0,3,0.0
2022-10-06 10:00:00,119.66,119.86,119.5,119.8,475.0,10,0.0
2022-10-06 11:00:00,119.83,120.61,119.82,120.48,1173.0,4,0.0
2022-10-06 12:00:00,120.48,121.51,120.03,120.8,1520.0,10,0.0
2022-10-06 13:00:00,120.76,121.49,119.93,120.55,9427.0,3,0.0
2022-10-06 14:00:00,120.56,121.03,119.51,120.97,14288.0,3,0.0
2022-10-06 15:00:00,120.97,121.35,120.16,120.24,9368.0,3,0.0
2022-10-06 16:00:00,120.24,121.22,119.99,120.64,5886.0,3,0.0
2022-10-06 17:00:00,120.65,121.06,120.36,120.85,4921.0,3,0.0
2022-10-06 18:00:00,120.85,120.88,119.93,120.29,5083.0,3,0.0
2022-10-06 19:00:00,120.29,120.81,119.99,120.55,4801.0,3,0.0
2022-10-07 10:00:00,120.0,120.01,119.47,119.67,695.0,4,0.0
2022-10-07 11:00:00,119.67,119.98,119.61,119.79,600.0,4,0.0
2022-10-07 12:00:00,119.81,120.32,117.41,118.33,1413.0,10,0.0
2022-10-07 13:00:00,118.32,118.52,115.79,116.0,13179.0,3,0.0
2022-10-07 14:00:00,115.99,116.74,115.7,116.19,11575.0,3,0.0
2022-10-07 15:00:00,116.19,116.36,115.09,115.46,7261.0,3,0.0
2022-10-07 16:00:00,115.45,115.62,114.43,114.5,4496.0,3,0.0
2022-10-07 17:00:00,114.5,114.7,114.1,114.46,3998.0,3,0.0
2022-10-07 18:00:00,114.46,115.03,114.39,114.76,4415.0,3,0.0
2022-10-07 19:00:00,114.76,115.02,113.87,114.41,4269.0,3,0.0
2022-10-10 10:00:00,114.48,114.48,114.02,114.08,1225.0,4,0.0
2022-10-10 11:00:00,114.08,114.88,114.08,114.62,811.0,4,0.0
2022-10-10 12:00:00,114.6,115.5,114.27,115.35,439.0,10,0.0
2022-10-10 13:00:00,115.35,116.22,114.52,115.06,11323.0,3,0.0
2022-10-10 14:00:00,115.07,115.4,113.95,114.27,12766.0,3,0.0
2022-10-10 15:00:00,114.27,114.42,113.56,114.01,7640.0,3,0.0
2022-10-10 16:00:00,114.02,114.02,112.64,112.65,5276.0,3,0.0
2022-10-10 17:00:00,112.64,114.64,112.43,114.05,7933.0,3,0.0
2022-10-10 18:00:00,114.06,114.18,113.37,113.7,6835.0,3,0.0
2022-10-10 19:00:00,113.71,114.33,113.46,113.84,6185.0,3,0.0
2022-10-11 10:00:00,112.6,113.02,112.33,113.0,956.0,4,0.0
2022-10-11 11:00:00,113.02,113.11,112.77,113.01,687.0,4,0.0
2022-10-11 12:00:00,113.07,113.86,112.9,113.21,667.0,10,0.0
2022-10-11 13:00:00,113.18,113.25,110.64,110.7,13109.0,3,0.0
2022-10-11 14:00:00,110.69,112.42,110.38,111.44,14496.0,3,0.0
2022-10-11 15:00:00,111.44,113.87,111.4,113.2,10999.0,3,0.0
2022-10-11 16:00:00,113.21,114.98,112.59,114.86,7275.0,3,0.0
2022-10-11 17:00:00,114.86,115.46,114.22,114.49,7889.0,3,0.0
2022-10-11 18:00:00,114.49,114.67,112.18,112.26,9006.0,3,0.0
2022-10-11 19:00:00,112.26,112.44,111.45,111.91,10160.0,3,0.0
2022-10-12 10:00:00,113.43,113.46,112.99,113.21,575.0,10,0.0
2022-10-12 11:00:00,113.2,113.46,113.04,113.22,899.0,4,0.0
2022-10-12 12:00:00,113.25,113.74,112.05,112.85,1318.0,4,0.0
2022-10-12 13:00:00,112.75,113.44,111.45,112.88,13446.0,3,0.0
2022-10-12 14:00:00,112.89,113.07,111.38,111.8,13530.0,3,0.0
2022-10-12 15:00:00,111.81,113.1,111.76,113.04,7201.0,3,0.0
2022-10-12 16:00:00,113.05,113.37,112.32,112.79,4898.0,3,0.0
2022-10-12 17:00:00,112.78,113.1,112.42,112.55,4075.0,3,0.0
2022-10-12 18:00:00,112.54,113.81,112.14,112.88,13737.0,3,0.0
2022-10-12 19:00:00,112.88,113.56,112.61,113.24,4418.0,3,0.0
2022-10-13 10:00:00,113.24,113.52,113.12,113.25,947.0,4,0.0
2022-10-13 11:00:00,113.32,113.84,113.13,113.59,618.0,4,0.0
2022-10-13 12:00:00,113.62,114.37,108.01,108.78,3454.0,10,0.0
2022-10-13 13:00:00,108.77,108.91,105.33,108.0,20920.0,3,0.0
2022-10-13 14:00:00,107.99,109.67,107.92,108.36,23958.0,3,0.0
2022-10-13 15:00:00,108.36,113.4,108.13,111.71,34256.0,3,0.0
2022-10-13 16:00:00,111.72,112.09,110.33,110.93,13762.0,3,0.0
2022-10-13 17:00:00,110.94,112.86,110.86,112.11,8021.0,3,0.0
2022-10-13 18:00:00,112.11,112.47,111.23,112.33,7353.0,3,0.0
2022-10-13 19:00:00,112.34,112.96,111.94,112.71,5888.0,3,0.0
2022-10-14 10:00:00,112.04,112.76,111.87,112.61,1110.0,10,0.0
2022-10-14 11:00:00,112.62,112.81,111.83,111.92,677.0,10,0.0
2022-10-14 12:00:00,111.92,114.7,111.89,113.98,1043.0,10,0.0
2022-10-14 13:00:00,114.02,114.94,112.14,112.27,21551.0,3,0.0
2022-10-14 14:00:00,112.27,112.28,109.8,110.61,31131.0,3,0.0
2022-10-14 15:00:00,110.62,111.27,109.12,109.31,10770.0,3,0.0
2022-10-14 16:00:00,109.31,109.79,108.55,108.87,9027.0,3,0.0
2022-10-14 17:00:00,108.87,109.18,108.2,108.86,6065.0,3,0.0
2022-10-14 18:00:00,108.87,108.87,107.37,107.86,5675.0,3,0.0
2022-10-14 19:00:00,107.87,108.01,107.2,107.38,4965.0,3,0.0
2022-10-17 10:00:00,108.36,109.11,108.34,108.91,409.0,10,0.0
2022-10-17 11:00:00,108.9,108.9,108.38,108.69,728.0,10,0.0
2022-10-17 12:00:00,108.71,109.05,108.28,108.96,691.0,10,0.0
2022-10-17 13:00:00,108.96,112.07,108.96,111.84,15960.0,3,0.0
2022-10-17 14:00:00,111.84,113.4,111.66,112.27,12678.0,3,0.0
2022-10-17 15:00:00,112.28,113.74,112.0,113.38,5989.0,3,0.0
2022-10-17 16:00:00,113.38,113.6,112.63,112.98,5131.0,3,0.0
2022-10-17 17:00:00,112.98,113.35,112.76,113.29,4028.0,3,0.0
2022-10-17 18:00:00,113.29,113.98,113.05,113.6,3801.0,3,0.0
2022-10-17 19:00:00,113.6,114.12,113.24,113.93,4092.0,3,0.0
2022-10-18 10:00:00,116.02,116.35,115.75,115.99,234.0,20,0.0
2022-10-18 11:00:00,115.97,117.02,115.95,116.98,729.0,10,0.0
2022-10-18 12:00:00,116.97,118.3,116.85,118.26,842.0,10,0.0
2022-10-18 13:00:00,118.28,119.44,116.14,116.68,16147.0,3,0.0
2022-10-18 14:00:00,116.69,117.51,115.77,116.5,12977.0,3,0.0
2022-10-18 15:00:00,116.49,116.56,114.77,115.84,11536.0,3,0.0
2022-10-18 16:00:00,115.84,116.93,115.42,116.33,8209.0,3,0.0
2022-10-18 17:00:00,116.32,116.93,115.6,116.81,8258.0,3,0.0
2022-10-18 18:00:00,116.8,116.94,115.18,115.7,9649.0,3,0.0
2022-10-18 19:00:00,115.7,116.53,115.01,116.4,7499.0,3,0.0
2022-10-19 10:00:00,117.65,117.71,116.62,116.84,952.0,10,0.0
2022-10-19 11:00:00,116.84,117.47,116.04,116.56,1470.0,10,0.0
2022-10-19 12:00:00,116.55,116.71,115.26,115.5,940.0,10,0.0
2022-10-19 13:00:00,115.48,115.81,113.21,113.72,13266.0,3,0.0
2022-10-19 14:00:00,113.71,116.57,113.52,115.32,12335.0,3,0.0
2022-10-19 15:00:00,115.31,116.11,114.74,115.25,8216.0,3,0.0
2022-10-19 16:00:00,115.24,115.38,114.41,114.54,6000.0,3,0.0
2022-10-19 17:00:00,114.53,114.6,113.71,114.23,6473.0,3,0.0
2022-10-19 18:00:00,114.22,115.07,114.08,114.38,4881.0,3,0.0
2022-10-19 19:00:00,114.38,114.86,113.91,114.61,4587.0,3,0.0
2022-10-20 10:00:00,114.24,115.31,114.12,114.86,899.0,4,0.0
2022-10-20 11:00:00,114.88,115.56,114.65,115.25,1140.0,10,0.0
2022-10-20 12:00:00,115.23,115.98,114.15,114.24,1472.0,10,0.0
2022-10-20 13:00:00,114.25,116.83,113.5,116.07,13936.0,3,0.0
2022-10-20 14:00:00,116.09,118.12,115.94,118.09,10406.0,3,0.0
2022-10-20 15:00:00,118.09,118.22,116.97,117.66,6654.0,3,0.0
2022-10-20 16:00:00,117.67,117.71,116.16,116.66,7209.0,3,0.0
2022-10-20 17:00:00,116.66,116.7,115.71,116.0,7504.0,3,0.0
2022-10-20 18:00:00,115.99,116.11,114.74,115.3,6175.0,3,0.0
2022-10-20 19:00:00,115.29,115.7,114.88,115.4,4687.0,3,0.0
2022-10-21 10:00:00,114.02,114.28,113.75,114.23,309.0,10,0.0
2022-10-21 11:00:00,114.23,114.33,113.78,113.85,698.0,10,0.0
2022-10-21 12:00:00,113.84,113.93,113.12,113.77,540.0,10,0.0
2022-10-21 13:00:00,113.77,116.56,113.77,116.41,21440.0,3,0.0
2022-10-21 14:00:00,116.42,116.99,115.51,115.64,21421.0,3,0.0
2022-10-21 15:00:00,115.65,117.21,115.34,117.2,17115.0,3,0.0
2022-10-21 16:00:00,117.21,118.08,116.83,117.78,10211.0,3,0.0
2022-10-21 17:00:00,117.79,118.46,117.57,118.45,5213.0,3,0.0
2022-10-21 18:00:00,118.46,118.88,118.3,118.71,5250.0,3,0.0
2022-10-21 19:00:00,118.71,119.52,118.61,119.36,3582.0,3,0.0
2022-10-24 10:00:00,119.55,120.1,119.19,120.07,1018.0,4,0.0
2022-10-24 11:00:00,120.05,121.06,119.85,120.82,848.0,10,0.0
2022-10-24 12:00:00,120.77,120.79,119.97,120.35,582.0,10,0.0
2022-10-24 13:00:00,120.33,120.39,118.68,119.07,15019.0,3,0.0
2022-10-24 14:00:00,119.06,119.14,116.56,118.63,17514.0,3,0.0
2022-10-24 15:00:00,118.64,119.35,118.01,119.23,10065.0,3,0.0
2022-10-24 16:00:00,119.23,119.76,118.85,119.32,5233.0,3,0.0
2022-10-24 17:00:00,119.33,119.35,118.39,118.56,4223.0,3,0.0
2022-10-24 18:00:00,118.57,119.7,118.5,119.7,3639.0,3,0.0
2022-10-24 19:00:00,119.7,120.31,119.61,120.02,3463.0,3,0.0
2022-10-25 10:00:00,118.98,119.46,118.89,119.44,785.0,10,0.0
2022-10-25 11:00:00,119.44,119.66,119.1,119.28,335.0,10,0.0
2022-10-25 12:00:00,119.28,119.38,119.03,119.21,349.0,10,0.0
2022-10-25 13:00:00,119.22,121.3,118.94,120.87,11098.0,3,0.0
2022-10-25 14:00:00,120.88,121.11,119.34,119.84,9800.0,3,0.0
2022-10-25 15:00:00,119.85,120.86,119.74,120.58,4492.0,3,0.0
2022-10-25 16:00:00,120.59,120.91,119.85,119.95,3268.0,3,0.0
2022-10-25 17:00:00,119.95,120.19,119.36,119.98,4490.0,3,0.0
2022-10-25 18:00:00,119.97,120.56,119.94,120.25,2680.0,3,0.0
2022-10-25 19:00:00,120.24,120.97,120.19,120.82,3050.0,3,0.0
2022-10-26 10:00:00,115.94,116.18,115.78,116.03,435.0,20,0.0
2022-10-26 11:00:00,116.04,116.73,115.67,116.39,834.0,10,0.0
2022-10-26 12:00:00,116.43,116.9,115.99,116.58,1222.0,10,0.0
2022-10-26 13:00:00,116.55,116.85,114.8,115.15,14387.0,3,0.0
2022-10-26 14:00:00,115.16,117.55,114.75,116.7,11416.0,3,0.0
2022-10-26 15:00:00,116.7,119.32,116.7,118.62,5566.0,3,0.0
2022-10-26 16:00:00,118.62,118.78,116.34,116.53,5234.0,3,0.0
2022-10-26 17:00:00,116.52,116.64,115.49,116.21,6114.0,3,0.0
2022-10-26 18:00:00,116.2,116.5,115.5,116.11,4595.0,3,0.0
2022-10-26 19:00:00,116.11,116.32,115.54,115.92,3955.0,3,0.0
2022-10-27 10:00:00,114.37,114.62,114.02,114.26,906.0,10,0.0
2022-10-27 11:00:00,114.25,115.12,114.04,114.09,824.0,10,0.0
2022-10-27 12:00:00,114.09,115.03,113.13,113.74,1697.0,10,0.0
2022-10-27 13:00:00,113.79,115.99,111.25,111.8,13509.0,3,0.0
2022-10-27 14:00:00,111.81,114.09,111.62,112.54,10910.0,3,0.0
2022-10-27 15:00:00,112.54,113.37,112.22,112.25,7633.0,3,0.0
2022-10-27 16:00:00,112.24,112.25,110.46,111.31,5577.0,3,0.0
2022-10-27 17:00:00,111.32,111.96,111.0,111.11,4207.0,3,0.0
2022-10-27 18:00:00,111.11,111.24,109.76,110.8,4482.0,3,0.0
2022-10-27 19:00:00,110.79,111.48,110.49,110.98,4337.0,3,0.0
2022-10-28 10:00:00,96.34,97.56,96.29,96.53,1040.0,10,0.0
2022-10-28 11:00:00,96.54,98.22,96.17,96.91,2242.0,10,0.0
2022-10-28 12:00:00,96.91,96.92,94.85,95.81,4556.0,4,0.0
2022-10-28 13:00:00,95.8,100.79,95.45,99.38,28492.0,3,0.0
2022-10-28 14:00:00,99.38,102.44,98.52,101.35,18248.0,3,0.0
2022-10-28 15:00:00,101.36,101.73,99.79,100.05,8141.0,3,0.0
2022-10-28 16:00:00,100.05,101.27,99.5,101.14,5252.0,3,0.0
2022-10-28 17:00:00,101.14,101.99,101.05,101.83,5028.0,3,0.0
2022-10-28 18:00:00,101.82,103.24,101.38,102.96,5212.0,3,0.0
2022-10-28 19:00:00,102.97,103.38,102.18,102.78,3470.0,3,0.0
2022-10-31 10:00:00,102.65,103.03,102.37,102.95,521.0,4,0.0
2022-10-31 11:00:00,103.06,103.65,102.96,103.55,676.0,4,0.0
2022-10-31 12:00:00,103.54,103.8,102.89,103.2,963.0,4,0.0
2022-10-31 13:00:00,103.19,104.84,102.32,102.38,12029.0,3,0.0
2022-10-31 14:00:00,102.37,102.76,100.73,101.8,6742.0,3,0.0
2022-10-31 15:00:00,101.81,102.31,101.34,101.68,5482.0,3,0.0
2022-10-31 16:00:00,101.67,102.78,101.23,101.29,5065.0,3,0.0
2022-10-31 17:00:00,101.29,102.27,101.15,102.16,4851.0,3,0.0
2022-10-31 18:00:00,102.16,103.02,102.11,102.39,4023.0,3,0.0
2022-10-31 19:00:00,102.4,102.46,101.72,102.37,3716.0,3,0.0
2022-11-01 10:00:00,103.37,103.72,103.3,103.66,306.0,10,0.0
2022-11-01 11:00:00,103.68,103.79,103.42,103.66,519.0,10,0.0
2022-11-01 12:00:00,103.72,104.29,103.61,104.11,568.0,4,0.0
2022-11-01 13:00:00,104.1,104.53,101.86,102.15,17055.0,3,0.0
2022-11-01 14:00:00,102.16,102.29,98.84,99.06,17213.0,3,0.0
2022-11-01 15:00:00,99.05,99.37,97.45,97.53,8988.0,3,0.0
2022-11-01 16:00:00,97.53,97.96,96.5,97.41,7142.0,3,0.0
2022-11-01 17:00:00,97.41,97.88,97.0,97.3,4857.0,3,0.0
2022-11-01 18:00:00,97.3,97.47,96.06,96.72,3854.0,3,0.0
2022-11-01 19:00:00,96.72,96.74,96.05,96.62,3614.0,3,0.0
2022-11-02 10:00:00,97.08,97.27,96.99,97.18,277.0,10,0.0
2022-11-02 11:00:00,97.14,97.26,96.98,97.04,298.0,4,0.0
2022-11-02 12:00:00,97.04,97.13,96.49,97.08,748.0,4,0.0
2022-11-02 13:00:00,97.09,97.7,96.43,96.44,11374.0,3,0.0
2022-11-02 14:00:00,96.45,97.01,95.71,95.76,6738.0,3,0.0
2022-11-02 15:00:00,95.76,95.86,94.53,94.66,5413.0,3,0.0
2022-11-02 16:00:00,94.67,94.74,94.06,94.36,3585.0,3,0.0
2022-11-02 17:00:00,94.36,94.86,94.0,94.61,3478.0,3,0.0
2022-11-02 18:00:00,94.61,97.19,93.72,93.99,50615.0,3,0.0
2022-11-02 19:00:00,94.0,95.08,92.5,92.95,17477.0,3,0.0
2022-11-03 10:00:00,92.92,92.92,92.23,92.55,542.0,4,0.0
2022-11-03 11:00:00,92.59,92.87,92.16,92.25,734.0,4,0.0
2022-11-03 12:00:00,92.25,92.71,92.11,92.53,926.0,4,0.0
2022-11-03 13:00:00,92.54,93.48,90.6,90.62,17753.0,3,0.0
2022-11-03 14:00:00,90.65,91.13,90.03,90.79,13622.0,3,0.0
2022-11-03 15:00:00,90.78,91.12,89.14,89.32,9008.0,3,0.0
2022-11-03 16:00:00,89.33,91.06,89.0,90.93,7732.0,3,0.0
2022-11-03 17:00:00,90.93,91.08,89.76,89.85,4927.0,3,0.0
2022-11-03 18:00:00,89.86,89.99,89.34,89.83,4084.0,3,0.0
2022-11-03 19:00:00,89.83,90.21,89.54,89.92,3857.0,3,0.0
2022-11-04 10:00:00,90.41,90.67,90.12,90.64,547.0,4,0.0
2022-11-04 11:00:00,90.66,90.66,90.22,90.42,670.0,4,0.0
2022-11-04 12:00:00,90.43,91.08,89.31,91.04,2200.0,4,0.0
2022-11-04 13:00:00,91.04,92.0,88.58,90.32,16309.0,3,0.0
2022-11-04 14:00:00,90.33,92.41,89.14,90.79,15927.0,3,0.0
2022-11-04 15:00:00,90.79,90.97,88.94,89.02,9679.0,3,0.0
2022-11-04 16:00:00,89.02,90.13,88.8,89.21,8597.0,3,0.0
2022-11-04 17:00:00,89.21,89.33,88.03,88.54,7013.0,3,0.0
2022-11-04 18:00:00,88.53,89.84,88.24,89.72,6392.0,3,0.0
2022-11-04 19:00:00,89.73,90.87,89.46,90.86,4989.0,3,0.0
2022-11-07 11:00:00,91.88,92.27,91.87,92.0,300.0,10,0.0
2022-11-07 12:00:00,91.99,92.2,91.65,91.75,564.0,4,0.0
2022-11-07 13:00:00,91.76,91.96,91.52,91.88,719.0,4,0.0
2022-11-07 14:00:00,91.86,92.27,90.0,90.34,11902.0,3,0.0
2022-11-07 15:00:00,90.34,91.02,89.14,90.02,10672.0,3,0.0
2022-11-07 16:00:00,90.03,90.46,89.29,89.32,6735.0,3,0.0
2022-11-07 17:00:00,89.32,89.57,89.03,89.24,4313.0,3,0.0
2022-11-07 18:00:00,89.24,89.81,89.21,89.79,3410.0,3,0.0
2022-11-07 19:00:00,89.8,90.83,89.71,90.45,3677.0,3,0.0
2022-11-07 20:00:00,90.44,90.78,90.36,90.5,2991.0,3,0.0
2022-11-08 11:00:00,90.71,91.14,90.7,91.09,376.0,4,0.0
2022-11-08 12:00:00,91.07,91.12,90.81,90.94,374.0,4,0.0
2022-11-08 13:00:00,90.95,91.13,90.69,90.98,438.0,4,0.0
2022-11-08 14:00:00,90.98,91.12,89.09,89.67,9281.0,3,0.0
2022-11-08 15:00:00,89.66,90.94,89.46,90.69,8076.0,3,0.0
2022-11-08 16:00:00,90.69,91.7,90.43,91.07,5450.0,3,0.0
2022-11-08 17:00:00,91.08,91.58,90.83,91.14,3996.0,3,0.0
2022-11-08 18:00:00,91.14,91.53,89.5,89.63,5909.0,3,0.0
2022-11-08 19:00:00,89.63,89.86,88.23,89.01,8038.0,3,0.0
2022-11-08 20:00:00,89.01,90.88,88.93,90.42,5401.0,3,0.0
2022-11-09 11:00:00,89.87,90.32,89.81,89.95,438.0,4,0.0
2022-11-09 12:00:00,89.97,90.6,89.6,90.29,683.0,4,0.0
2022-11-09 13:00:00,90.29,90.41,89.38,89.65,652.0,10,0.0
2022-11-09 14:00:00,89.65,90.16,87.5,87.61,10021.0,3,0.0
2022-11-09 15:00:00,87.62,88.48,87.11,87.33,9771.0,3,0.0
2022-11-09 16:00:00,87.34,88.0,87.11,87.51,5694.0,3,0.0
2022-11-09 17:00:00,87.52,87.63,86.74,86.81,3955.0,3,0.0
2022-11-09 18:00:00,86.81,86.94,85.86,86.35,5223.0,3,0.0
2022-11-09 19:00:00,86.36,86.8,86.06,86.23,4160.0,3,0.0
2022-11-09 20:00:00,86.22,86.89,86.16,86.46,3685.0,3,0.0
2022-11-10 11:00:00,86.54,86.66,86.37,86.52,351.0,4,0.0
2022-11-10 12:00:00,86.49,86.76,86.29,86.64,619.0,4,0.0
2022-11-10 13:00:00,86.64,91.54,86.57,91.5,5896.0,4,0.0
2022-11-10 14:00:00,91.5,95.18,91.41,95.01,20911.0,3,0.0
2022-11-10 15:00:00,95.02,98.56,93.8,97.42,23233.0,3,0.0
2022-11-10 16:00:00,97.43,98.22,96.62,97.65,12377.0,3,0.0
2022-11-10 17:00:00,97.65,97.86,95.56,95.67,8854.0,3,0.0
2022-11-10 18:00:00,95.67,96.46,95.43,95.84,6913.0,3,0.0
2022-11-10 19:00:00,95.84,96.41,95.64,96.04,5178.0,3,0.0
2022-11-10 20:00:00,96.03,96.73,95.57,96.27,3821.0,3,0.0
2022-11-11 11:00:00,97.7,98.01,97.58,97.86,393.0,10,0.0
2022-11-11 12:00:00,97.86,98.65,97.65,98.65,1065.0,4,0.0
2022-11-11 13:00:00,98.65,99.17,98.3,98.46,1302.0,4,0.0
2022-11-11 14:00:00,98.45,99.56,96.65,98.67,18429.0,3,0.0
2022-11-11 15:00:00,98.65,100.76,98.16,100.1,15800.0,3,0.0
2022-11-11 16:00:00,100.1,100.38,98.65,99.08,8087.0,3,0.0
2022-11-11 17:00:00,99.07,100.38,98.8,100.24,5089.0,3,0.0
2022-11-11 18:00:00,100.24,101.0,100.21,100.96,4187.0,3,0.0
2022-11-11 19:00:00,100.96,101.17,100.53,100.89,4480.0,3,0.0
2022-11-11 20:00:00,100.9,100.9,99.87,100.68,4651.0,3,0.0
2022-11-14 11:00:00,99.67,99.81,99.56,99.69,263.0,10,0.0
2022-11-14 12:00:00,99.71,99.82,98.75,99.36,697.0,10,0.0
2022-11-14 13:00:00,99.36,99.61,99.12,99.21,498.0,4,0.0
2022-11-14 14:00:00,99.22,99.46,97.31,97.81,13236.0,3,0.0
2022-11-14 15:00:00,97.8,100.09,97.71,98.95,11935.0,3,0.0
2022-11-14 16:00:00,98.94,99.14,97.83,98.74,8316.0,3,0.0
2022-11-14 17:00:00,98.74,99.46,98.42,99.15,5159.0,3,0.0
2022-11-14 18:00:00,99.15,100.09,99.0,99.91,3758.0,3,0.0
2022-11-14 19:00:00,99.92,100.07,99.19,99.53,3928.0,3,0.0
2022-11-14 20:00:00,99.53,99.96,98.7,98.85,3981.0,3,0.0
2022-11-15 11:00:00,99.65,100.33,99.65,100.27,570.0,4,0.0
2022-11-15 12:00:00,100.25,102.06,99.78,101.02,1391.0,4,0.0
2022-11-15 13:00:00,101.02,103.43,100.87,103.06,2380.0,4,0.0
2022-11-15 14:00:00,103.07,103.76,101.2,102.06,12086.0,3,0.0
2022-11-15 15:00:00,102.05,102.44,100.03,100.31,9544.0,3,0.0
2022-11-15 16:00:00,100.3,100.89,99.99,100.79,7244.0,3,0.0
2022-11-15 17:00:00,100.79,100.84,99.23,99.64,5563.0,3,0.0
2022-11-15 18:00:00,99.65,100.12,97.33,98.32,13054.0,3,0.0
2022-11-15 19:00:00,98.33,99.57,97.71,99.16,12764.0,3,0.0
2022-11-15 20:00:00,99.15,99.43,98.72,99.03,5134.0,3,0.0
2022-11-16 11:00:00,99.19,99.27,96.99,97.44,1576.0,4,0.0
2022-11-16 12:00:00,97.47,98.22,97.38,98.11,716.0,10,0.0
2022-11-16 13:00:00,98.13,98.32,97.09,97.11,1301.0,10,0.0
2022-11-16 14:00:00,97.09,97.19,95.69,96.45,11354.0,3,0.0
2022-11-16 15:00:00,96.46,96.67,95.53,96.23,8297.0,3,0.0
2022-11-16 16:00:00,96.23,98.46,96.19,97.93,5644.0,3,0.0
2022-11-16 17:00:00,97.94,98.45,97.54,98.15,5506.0,3,0.0
2022-11-16 18:00:00,98.15,98.36,97.3,97.41,4307.0,3,0.0
2022-11-16 19:00:00,97.4,97.6,96.91,97.22,5215.0,3,0.0
2022-11-16 20:00:00,97.21,97.24,96.39,96.93,3472.0,3,0.0
2022-11-17 11:00:00,96.29,96.84,96.0,96.63,933.0,10,0.0
2022-11-17 12:00:00,96.57,96.79,95.94,95.97,587.0,10,0.0
2022-11-17 13:00:00,95.98,96.01,95.19,95.19,685.0,4,0.0
2022-11-17 14:00:00,95.19,96.94,94.72,95.06,11490.0,3,0.0
2022-11-17 15:00:00,95.06,96.04,94.9,95.35,8899.0,3,0.0
2022-11-17 16:00:00,95.34,96.29,95.26,96.25,6215.0,3,0.0
2022-11-17 17:00:00,96.25,96.44,95.62,96.24,5111.0,3,0.0
2022-11-17 18:00:00,96.25,96.46,95.73,95.94,4486.0,3,0.0
2022-11-17 19:00:00,95.94,96.01,94.72,94.72,4293.0,3,0.0
2022-11-17 20:00:00,94.72,94.79,94.01,94.52,4016.0,3,0.0
2022-11-18 11:00:00,96.02,96.04,95.7,95.98,261.0,10,0.0
2022-11-18 12:00:00,95.98,96.1,95.82,95.97,343.0,10,0.0
2022-11-18 13:00:00,95.98,96.23,95.94,96.23,303.0,4,0.0
2022-11-18 14:00:00,96.22,96.5,94.54,94.66,9008.0,3,0.0
2022-11-18 15:00:00,94.66,94.67,93.7,93.87,8322.0,3,0.0
2022-11-18 16:00:00,93.88,94.28,93.38,93.49,5332.0,3,0.0
2022-11-18 17:00:00,93.49,93.66,92.47,92.75,5183.0,3,0.0
2022-11-18 18:00:00,92.75,93.42,92.69,93.1,3547.0,3,0.0
2022-11-18 19:00:00,93.09,93.62,93.03,93.46,3269.0,3,0.0
2022-11-18 20:00:00,93.45,94.28,93.43,94.22,2822.0,3,0.0
2022-11-21 11:00:00,93.05,93.06,92.96,93.01,56.0,20,0.0
2022-11-21 12:00:00,93.03,93.18,92.76,93.14,309.0,10,0.0
2022-11-21 13:00:00,93.14,93.63,93.12,93.49,389.0,10,0.0
2022-11-21 14:00:00,93.5,95.0,92.93,92.96,7988.0,3,0.0
2022-11-21 15:00:00,92.96,93.03,90.57,90.91,7100.0,3,0.0
2022-11-21 16:00:00,90.91,91.8,90.81,91.32,5825.0,3,0.0
2022-11-21 17:00:00,91.32,91.6,90.91,91.1,4029.0,3,0.0
2022-11-21 18:00:00,91.09,92.28,90.93,91.77,4275.0,3,0.0
2022-11-21 19:00:00,91.76,92.09,91.59,91.99,3664.0,3,0.0
2022-11-21 20:00:00,91.98,92.37,91.94,92.2,2988.0,3,0.0
2022-11-22 11:00:00,92.69,92.73,92.12,92.52,298.0,10,0.0
2022-11-22 12:00:00,92.52,92.97,92.49,92.75,338.0,10,0.0
2022-11-22 13:00:00,92.73,93.23,92.73,93.19,348.0,4,0.0
2022-11-22 14:00:00,93.21,93.21,90.87,91.29,7643.0,3,0.0
2022-11-22 15:00:00,91.28,93.04,91.15,92.92,7429.0,3,0.0
2022-11-22 16:00:00,92.92,93.1,92.2,92.5,4328.0,3,0.0
2022-11-22 17:00:00,92.5,93.01,92.47,92.72,3067.0,3,0.0
2022-11-22 18:00:00,92.73,93.33,92.6,93.09,2836.0,3,0.0
2022-11-22 19:00:00,93.09,93.31,92.41,92.69,2977.0,3,0.0
2022-11-22 20:00:00,92.69,93.04,92.65,92.92,1835.0,3,0.0
2022-11-23 11:00:00,93.52,93.6,93.41,93.59,168.0,10,0.0
2022-11-23 12:00:00,93.59,93.93,93.49,93.88,374.0,10,0.0
2022-11-23 13:00:00,93.85,93.88,93.26,93.51,513.0,4,0.0
2022-11-23 14:00:00,93.55,93.8,92.82,93.29,6996.0,3,0.0
2022-11-23 15:00:00,93.3,94.15,93.0,94.08,6142.0,3,0.0
2022-11-23 16:00:00,94.08,94.52,93.44,93.6,3609.0,3,0.0
2022-11-23 17:00:00,93.6,93.9,92.83,93.03,3245.0,3,0.0
2022-11-23 18:00:00,93.02,93.72,92.93,93.59,2463.0,3,0.0
2022-11-23 19:00:00,93.6,94.41,93.24,94.22,7241.0,3,0.0
2022-11-23 20:00:00,94.22,94.56,94.01,94.15,2115.0,3,0.0
2022-11-25 11:00:00,94.48,94.53,94.2,94.23,243.0,10,0.0
2022-11-25 12:00:00,94.24,94.28,93.99,94.11,289.0,4,0.0
2022-11-25 13:00:00,94.11,94.2,93.8,93.93,311.0,4,0.0
2022-11-25 14:00:00,93.93,93.98,93.05,93.43,6053.0,3,0.0
2022-11-25 15:00:00,93.44,94.28,93.34,93.81,4370.0,3,0.0
2022-11-25 16:00:00,93.81,94.41,93.36,93.66,3016.0,3,0.0
2022-11-25 17:00:00,93.66,94.11,93.42,93.43,2978.0,3,0.0
2022-11-28 11:00:00,92.43,93.55,92.41,93.49,448.0,10,0.0
2022-11-28 12:00:00,93.4,94.33,93.18,93.74,792.0,10,0.0
2022-11-28 13:00:00,93.76,94.38,93.59,94.32,664.0,4,0.0
2022-11-28 14:00:00,94.33,96.03,93.53,95.0,8489.0,3,0.0
2022-11-28 15:00:00,95.0,95.5,93.8,94.1,5953.0,3,0.0
2022-11-28 16:00:00,94.09,95.22,94.07,95.19,3663.0,3,0.0
2022-11-28 17:00:00,95.19,95.24,94.3,94.42,4835.0,3,0.0
2022-11-28 18:00:00,94.42,94.56,93.84,93.85,2433.0,3,0.0
2022-11-28 19:00:00,93.86,94.2,93.67,93.98,2696.0,3,0.0
2022-11-28 20:00:00,93.98,94.09,93.42,93.75,2049.0,3,0.0
2022-11-29 11:00:00,94.7,94.8,94.58,94.71,133.0,10,0.0
2022-11-29 12:00:00,94.71,94.75,94.45,94.72,344.0,10,0.0
2022-11-29 13:00:00,94.72,94.72,94.16,94.37,498.0,10,0.0
2022-11-29 14:00:00,94.37,94.61,92.95,93.19,7444.0,3,0.0
2022-11-29 15:00:00,93.2,93.57,92.46,92.5,6371.0,3,0.0
2022-11-29 16:00:00,92.51,92.59,91.43,92.39,5387.0,3,0.0
2022-11-29 17:00:00,92.39,92.58,91.99,92.35,2614.0,3,0.0
2022-11-29 18:00:00,92.34,92.38,91.68,92.23,2696.0,3,0.0
2022-11-29 19:00:00,92.23,92.56,91.96,92.36,2631.0,3,0.0
2022-11-29 20:00:00,92.36,92.59,92.2,92.38,1995.0,3,0.0
2022-11-30 11:00:00,92.72,92.87,92.64,92.87,159.0,10,0.0
2022-11-30 12:00:00,92.84,92.86,92.61,92.61,227.0,4,0.0
2022-11-30 13:00:00,92.61,92.78,92.07,92.11,658.0,4,0.0
2022-11-30 14:00:00,92.12,93.21,91.55,92.6,10081.0,3,0.0
2022-11-30 15:00:00,92.61,93.12,91.97,92.09,5303.0,3,0.0
2022-11-30 16:00:00,92.09,92.45,91.94,92.09,3121.0,3,0.0
2022-11-30 17:00:00,92.1,92.17,91.51,91.79,2230.0,3,0.0
2022-11-30 18:00:00,91.79,93.75,91.64,93.64,11673.0,3,0.0
2022-11-30 19:00:00,93.63,95.43,93.62,94.56,11333.0,3,0.0
2022-11-30 20:00:00,94.56,95.98,94.43,95.89,3382.0,3,0.0
2022-12-01 11:00:00,96.15,96.19,96.01,96.07,267.0,4,0.0
2022-12-01 12:00:00,96.08,96.23,95.83,96.17,637.0,4,0.0
2022-12-01 13:00:00,96.17,97.26,96.12,96.94,1302.0,4,0.0
2022-12-01 14:00:00,96.94,97.21,95.95,96.78,8761.0,3,0.0
2022-12-01 15:00:00,96.78,97.1,94.91,96.6,10105.0,3,0.0
2022-12-01 16:00:00,96.61,96.65,95.9,96.18,5288.0,3,0.0
2022-12-01 17:00:00,96.19,96.33,95.74,95.94,4051.0,3,0.0
2022-12-01 18:00:00,95.93,96.11,95.47,95.74,3462.0,3,0.0
2022-12-01 19:00:00,95.74,95.76,95.21,95.5,3088.0,3,0.0
2022-12-01 20:00:00,95.51,95.63,95.12,95.58,1933.0,3,0.0
2022-12-02 11:00:00,95.83,95.83,95.56,95.71,160.0,4,0.0
2022-12-02 12:00:00,95.71,96.2,95.58,96.18,606.0,4,0.0
2022-12-02 13:00:00,96.17,96.42,92.88,94.1,2518.0,4,0.0
2022-12-02 14:00:00,94.08,95.34,93.67,94.31,10509.0,3,0.0
2022-12-02 15:00:00,94.32,94.84,93.76,94.05,7308.0,3,0.0
2022-12-02 16:00:00,94.05,94.88,93.84,94.49,3657.0,3,0.0
2022-12-02 17:00:00,94.49,94.84,94.21,94.41,2683.0,3,0.0
2022-12-02 18:00:00,94.4,94.58,94.12,94.45,2065.0,3,0.0
2022-12-02 19:00:00,94.45,94.53,93.94,94.18,1920.0,3,0.0
2022-12-02 20:00:00,94.18,94.53,94.02,94.07,2272.0,3,0.0
2022-12-05 11:00:00,94.34,94.52,94.22,94.46,301.0,4,0.0
2022-12-05 12:00:00,94.46,94.5,93.81,94.0,2196.0,3,0.0
2022-12-05 13:00:00,94.0,94.23,93.5,93.59,666.0,4,0.0
2022-12-05 14:00:00,93.6,94.04,92.65,93.47,7615.0,3,0.0
2022-12-05 15:00:00,93.45,93.45,92.44,92.95,7076.0,3,0.0
2022-12-05 16:00:00,92.96,93.31,91.91,92.02,3510.0,3,0.0
2022-12-05 17:00:00,92.01,92.05,91.19,91.35,3369.0,3,0.0
2022-12-05 18:00:00,91.35,91.93,91.13,91.18,2612.0,3,0.0
2022-12-05 19:00:00,91.18,91.45,90.99,91.14,2326.0,3,0.0
2022-12-05 20:00:00,91.13,91.21,90.81,90.94,1871.0,3,0.0
2022-12-06 11:00:00,91.35,91.44,91.26,91.36,225.0,4,0.0
2022-12-06 12:00:00,91.38,91.53,91.31,91.37,204.0,4,0.0
2022-12-06 13:00:00,91.37,91.4,90.92,91.09,593.0,4,0.0
2022-12-06 14:00:00,91.1,91.28,89.24,89.25,9836.0,3,0.0
2022-12-06 15:00:00,89.24,89.57,88.64,88.9,6648.0,3,0.0
2022-12-06 16:00:00,88.91,89.59,88.66,89.02,4365.0,3,0.0
2022-12-06 17:00:00,89.02,89.17,88.52,88.89,3615.0,3,0.0
2022-12-06 18:00:00,88.89,89.07,88.4,88.61,3079.0,3,0.0
2022-12-06 19:00:00,88.61,88.63,87.92,88.43,2526.0,3,0.0
2022-12-06 20:00:00,88.44,88.71,88.1,88.35,2309.0,3,0.0
2022-12-07 11:00:00,88.42,88.51,87.66,88.03,618.0,3,0.0
2022-12-07 12:00:00,88.04,88.22,87.45,87.72,628.0,4,0.0
2022-12-07 13:00:00,87.72,88.45,87.58,88.35,878.0,4,0.0
2022-12-07 14:00:00,88.36,89.87,87.59,87.81,10123.0,3,0.0
2022-12-07 15:00:00,87.81,89.11,87.48,88.88,12140.0,3,0.0
2022-12-07 16:00:00,88.88,89.04,87.59,87.91,5648.0,3,0.0
2022-12-07 17:00:00,87.91,88.59,87.69,88.44,3630.0,3,0.0
2022-12-07 18:00:00,88.44,88.8,88.31,88.42,3454.0,3,0.0
2022-12-07 19:00:00,88.41,88.57,88.16,88.37,2853.0,3,0.0
2022-12-07 20:00:00,88.36,88.59,88.1,88.35,2238.0,3,0.0
2022-12-08 11:00:00,89.07,89.17,88.91,89.07,164.0,10,0.0
2022-12-08 12:00:00,89.1,89.18,88.99,89.13,188.0,10,0.0
2022-12-08 13:00:00,89.15,89.74,89.07,89.43,665.0,4,0.0
2022-12-08 14:00:00,89.44,90.13,87.87,90.1,9260.0,3,0.0
2022-12-08 15:00:00,90.09,90.84,89.91,90.08,6923.0,3,0.0
2022-12-08 16:00:00,90.09,90.39,89.27,89.94,4928.0,3,0.0
2022-12-08 17:00:00,89.94,90.08,89.43,89.73,3955.0,3,0.0
2022-12-08 18:00:00,89.74,90.52,89.61,89.99,3090.0,3,0.0
2022-12-08 19:00:00,90.0,90.52,89.35,90.34,3518.0,3,0.0
2022-12-08 20:00:00,90.34,90.84,90.13,90.39,2112.0,3,0.0
2022-12-09 11:00:00,91.18,91.36,90.61,90.68,354.0,10,0.0
2022-12-09 12:00:00,90.68,90.82,90.26,90.71,621.0,10,0.0
2022-12-09 13:00:00,90.7,90.78,88.05,89.17,1425.0,10,0.0
2022-12-09 14:00:00,89.16,90.19,88.58,89.55,10148.0,3,0.0
2022-12-09 15:00:00,89.56,89.9,88.95,89.88,9404.0,3,0.0
2022-12-09 16:00:00,89.88,89.95,89.33,89.64,4012.0,3,0.0
2022-12-09 17:00:00,89.65,89.83,89.33,89.52,2856.0,3,0.0
2022-12-09 18:00:00,89.52,89.59,88.93,89.55,2668.0,3,0.0
2022-12-09 19:00:00,89.55,89.66,89.36,89.52,1904.0,3,0.0
2022-12-09 20:00:00,89.52,89.73,89.14,89.17,1690.0,3,0.0
2022-12-12 13:00:00,89.29,89.31,88.91,88.93,359.0,4,0.0
2022-12-12 14:00:00,88.96,89.46,88.4,89.15,7229.0,3,0.0
2022-12-12 15:00:00,89.14,89.2,87.86,88.24,5787.0,3,0.0
2022-12-12 16:00:00,88.24,88.88,88.15,88.66,3207.0,3,0.0
2022-12-12 17:00:00,88.66,89.07,88.61,88.92,2147.0,3,0.0
2022-12-12 18:00:00,88.92,89.26,88.72,89.23,2989.0,3,0.0
2022-12-12 19:00:00,89.23,89.59,88.9,89.55,2183.0,3,0.0
2022-12-12 20:00:00,89.56,90.34,89.5,90.08,2230.0,3,0.0
2022-12-13 11:00:00,90.87,91.0,90.82,90.9,154.0,10,0.0
2022-12-13 12:00:00,90.9,91.32,90.81,91.22,220.0,10,0.0
2022-12-13 13:00:00,91.2,95.11,90.95,94.51,3408.0,4,0.0
2022-12-13 14:00:00,94.51,96.22,94.35,95.03,17943.0,3,0.0
2022-12-13 15:00:00,95.03,95.07,92.74,93.43,14806.0,3,0.0
2022-12-13 16:00:00,93.43,93.99,92.15,92.31,8103.0,3,0.0
2022-12-13 17:00:00,92.32,92.38,90.51,91.54,9324.0,3,0.0
2022-12-13 18:00:00,91.56,92.12,91.08,92.07,5828.0,3,0.0
2022-12-13 19:00:00,92.07,93.13,91.92,92.86,5265.0,3,0.0
2022-12-13 20:00:00,92.85,92.89,92.11,92.75,4660.0,3,0.0
2022-12-14 11:00:00,92.38,92.6,92.2,92.49,568.0,4,0.0
2022-12-14 12:00:00,92.45,92.89,92.45,92.74,623.0,4,0.0
2022-12-14 13:00:00,92.75,92.81,92.38,92.55,370.0,4,0.0
2022-12-14 14:00:00,92.56,93.35,92.27,92.59,5879.0,3,0.0
2022-12-14 15:00:00,92.6,93.22,92.57,93.05,5334.0,3,0.0
2022-12-14 16:00:00,93.04,93.44,92.86,92.96,3499.0,3,0.0
2022-12-14 17:00:00,92.96,93.02,92.08,92.11,2530.0,3,0.0
2022-12-14 18:00:00,92.11,93.02,91.87,92.87,3435.0,3,0.0
2022-12-14 19:00:00,92.88,92.9,90.17,91.13,29652.0,3,0.0
2022-12-14 20:00:00,91.13,92.62,90.8,91.33,12911.0,3,0.0
2022-12-15 11:00:00,89.94,90.26,89.94,90.24,176.0,20,0.0
2022-12-15 12:00:00,90.24,90.43,90.16,90.39,298.0,10,0.0
2022-12-15 13:00:00,90.4,90.42,89.61,89.93,719.0,4,0.0
2022-12-15 14:00:00,89.91,90.19,88.68,89.29,9158.0,3,0.0
2022-12-15 15:00:00,89.3,89.47,88.31,88.37,7011.0,3,0.0
2022-12-15 16:00:00,88.37,88.51,87.45,87.62,4429.0,3,0.0
2022-12-15 17:00:00,87.62,88.3,87.62,88.0,3645.0,3,0.0
2022-12-15 18:00:00,88.01,88.18,87.71,87.99,3110.0,3,0.0
2022-12-15 19:00:00,87.99,88.29,87.75,88.23,3227.0,3,0.0
2022-12-15 20:00:00,88.22,88.49,87.95,87.99,3460.0,3,0.0
2022-12-16 11:00:00,87.49,87.8,87.38,87.73,393.0,10,0.0
2022-12-16 12:00:00,87.73,88.29,87.72,88.18,468.0,4,0.0
2022-12-16 13:00:00,88.17,88.17,87.89,88.0,455.0,4,0.0
2022-12-16 14:00:00,88.05,89.33,87.52,88.88,9026.0,3,0.0
2022-12-16 15:00:00,88.87,88.87,87.51,87.92,6091.0,3,0.0
2022-12-16 16:00:00,87.93,87.98,86.99,87.06,4660.0,3,0.0
2022-12-16 17:00:00,87.06,87.52,86.95,87.17,2864.0,3,0.0
2022-12-16 18:00:00,87.17,87.56,87.16,87.24,2432.0,3,0.0
2022-12-16 19:00:00,87.25,87.5,86.72,87.04,2667.0,3,0.0
2022-12-16 20:00:00,87.04,87.73,86.84,87.61,3057.0,3,0.0
2022-12-19 11:00:00,88.14,88.27,88.02,88.04,187.0,10,0.0
2022-12-19 12:00:00,88.04,88.39,88.02,88.31,221.0,10,0.0
2022-12-19 13:00:00,88.31,88.34,87.84,87.94,268.0,4,0.0
2022-12-19 14:00:00,87.91,88.11,86.64,86.84,7019.0,3,0.0
2022-12-19 15:00:00,86.84,87.03,85.91,85.93,5222.0,3,0.0
2022-12-19 16:00:00,85.94,85.94,85.02,85.3,3893.0,3,0.0
2022-12-19 17:00:00,85.3,85.5,85.13,85.26,2294.0,3,0.0
2022-12-19 18:00:00,85.26,85.85,85.12,85.16,2368.0,3,0.0
2022-12-19 19:00:00,85.16,85.18,84.58,84.63,2900.0,3,0.0
2022-12-19 20:00:00,84.63,84.89,84.5,84.59,2367.0,3,0.0
2022-12-20 11:00:00,84.61,84.91,84.59,84.76,367.0,4,0.0
2022-12-20 12:00:00,84.81,85.44,84.66,84.67,555.0,4,0.0
2022-12-20 13:00:00,84.69,85.38,84.66,85.02,610.0,4,0.0
2022-12-20 14:00:00,85.02,85.66,84.31,85.62,9122.0,3,0.0
2022-12-20 15:00:00,85.63,86.59,85.4,85.64,7515.0,3,0.0
2022-12-20 16:00:00,85.63,85.91,84.48,85.27,5712.0,3,0.0
2022-12-20 17:00:00,85.28,85.68,84.99,85.47,3587.0,3,0.0
2022-12-20 18:00:00,85.47,85.95,85.07,85.52,3744.0,3,0.0
2022-12-20 19:00:00,85.53,85.77,85.12,85.23,3260.0,3,0.0
2022-12-20 20:00:00,85.23,85.33,84.99,85.19,2249.0,3,0.0
2022-12-21 11:00:00,86.07,86.18,85.99,86.15,301.0,3,0.0
2022-12-21 12:00:00,86.16,86.45,86.04,86.41,576.0,4,0.0
2022-12-21 13:00:00,86.41,86.62,86.14,86.26,463.0,4,0.0
2022-12-21 14:00:00,86.26,86.38,85.2,85.78,7709.0,3,0.0
2022-12-21 15:00:00,85.79,86.9,85.7,86.78,6205.0,3,0.0
2022-12-21 16:00:00,86.78,86.89,86.3,86.64,3199.0,3,0.0
2022-12-21 17:00:00,86.65,87.0,86.44,86.97,2101.0,3,0.0
2022-12-21 18:00:00,86.98,87.06,86.55,86.76,2146.0,3,0.0
2022-12-21 19:00:00,86.76,87.21,86.6,86.78,2257.0,3,0.0
2022-12-21 20:00:00,86.79,86.99,86.67,86.8,1986.0,3,0.0
2022-12-22 11:00:00,86.89,86.89,86.55,86.62,178.0,3,0.0
2022-12-22 12:00:00,86.61,86.68,86.27,86.41,350.0,4,0.0
2022-12-22 13:00:00,86.44,86.45,85.5,85.62,725.0,4,0.0
2022-12-22 14:00:00,85.58,85.62,84.54,85.29,6056.0,3,0.0
2022-12-22 15:00:00,85.28,85.28,83.71,83.92,5830.0,3,0.0
2022-12-22 16:00:00,83.92,84.36,83.41,83.52,3225.0,3,0.0
2022-12-22 17:00:00,83.52,83.56,82.54,82.76,3121.0,3,0.0
2022-12-22 18:00:00,82.76,82.76,82.23,82.45,2946.0,3,0.0
2022-12-22 19:00:00,82.45,83.13,82.42,83.08,3248.0,3,0.0
2022-12-22 20:00:00,83.09,83.55,82.91,83.16,3736.0,3,0.0
2022-12-23 11:00:00,84.04,84.15,83.83,83.94,239.0,10,0.0
2022-12-23 12:00:00,83.89,84.01,83.78,83.89,367.0,10,0.0
2022-12-23 13:00:00,83.89,84.56,83.09,83.84,1362.0,4,0.0
2022-12-23 14:00:00,83.84,84.17,82.92,83.52,8251.0,3,0.0
2022-12-23 15:00:00,83.53,85.27,83.19,84.41,11380.0,3,0.0
2022-12-23 16:00:00,84.41,84.51,83.75,84.38,6430.0,3,0.0
2022-12-23 17:00:00,84.39,84.9,84.29,84.55,4626.0,3,0.0
2022-12-23 18:00:00,84.55,84.78,84.34,84.53,3592.0,3,0.0
2022-12-23 19:00:00,84.54,85.23,84.48,85.2,2675.0,3,0.0
2022-12-23 20:00:00,85.21,85.76,85.07,85.28,3389.0,3,0.0
2022-12-27 11:00:00,85.66,85.72,85.56,85.61,85.0,10,0.0
2022-12-27 12:00:00,85.6,85.6,85.13,85.21,438.0,4,0.0
2022-12-27 13:00:00,85.22,85.44,84.87,85.0,524.0,4,0.0
2022-12-27 14:00:00,84.94,85.33,83.25,83.66,7532.0,3,0.0
2022-12-27 15:00:00,83.67,84.96,83.28,84.47,7421.0,3,0.0
2022-12-27 16:00:00,84.47,84.58,84.05,84.24,4709.0,3,0.0
2022-12-27 17:00:00,84.24,84.48,83.71,83.83,2895.0,3,0.0
2022-12-27 18:00:00,83.83,83.99,83.27,83.31,2174.0,3,0.0
2022-12-27 19:00:00,83.31,83.59,83.2,83.35,2040.0,3,0.0
2022-12-27 20:00:00,83.36,83.53,83.23,83.38,1660.0,3,0.0
2022-12-28 11:00:00,83.13,83.25,83.0,83.19,227.0,4,0.0
2022-12-28 12:00:00,83.16,83.34,83.02,83.31,481.0,4,0.0
2022-12-28 13:00:00,83.3,83.42,82.79,82.89,410.0,4,0.0
2022-12-28 14:00:00,82.89,83.44,82.02,83.2,8293.0,3,0.0
2022-12-28 15:00:00,83.2,83.46,82.05,82.08,6836.0,3,0.0
2022-12-28 16:00:00,82.07,82.42,81.86,81.89,3389.0,3,0.0
2022-12-28 17:00:00,81.89,82.37,81.68,82.31,2463.0,3,0.0
2022-12-28 18:00:00,82.32,82.67,82.06,82.2,2931.0,3,0.0
2022-12-28 19:00:00,82.21,82.46,81.98,82.07,2755.0,3,0.0
2022-12-28 20:00:00,82.07,82.13,81.82,81.95,1915.0,3,0.0
2022-12-29 11:00:00,82.64,82.77,82.53,82.64,183.0,10,0.0
2022-12-29 12:00:00,82.59,82.69,82.32,82.46,351.0,4,0.0
2022-12-29 13:00:00,82.48,83.18,82.46,83.04,511.0,4,0.0
2022-12-29 14:00:00,83.03,83.57,82.53,83.38,6706.0,3,0.0
2022-12-29 15:00:00,83.38,83.85,83.18,83.69,4843.0,3,0.0
2022-12-29 16:00:00,83.7,84.09,83.35,83.87,2384.0,3,0.0
2022-12-29 17:00:00,83.87,84.05,83.55,83.56,1851.0,3,0.0
2022-12-29 18:00:00,83.56,83.9,83.42,83.88,1887.0,3,0.0
2022-12-29 19:00:00,83.88,84.17,83.88,84.03,1376.0,3,0.0
2022-12-29 20:00:00,84.03,84.53,84.02,84.31,1086.0,3,0.0
2022-12-30 11:00:00,83.87,83.96,83.8,83.85,157.0,4,0.0
2022-12-30 12:00:00,83.85,83.87,83.17,83.31,296.0,4,0.0
2022-12-30 13:00:00,83.32,83.38,83.07,83.2,353.0,4,0.0
2022-12-30 14:00:00,83.19,83.38,82.46,82.97,8796.0,3,0.0
2022-12-30 15:00:00,82.96,83.41,82.51,83.06,4891.0,3,0.0
2022-12-30 16:00:00,83.07,83.21,82.68,82.99,2399.0,3,0.0
2022-12-30 17:00:00,82.99,83.15,82.81,83.03,1270.0,3,0.0
2022-12-30 18:00:00,83.04,83.04,82.47,82.86,2278.0,3,0.0
2022-12-30 19:00:00,82.87,82.89,82.61,82.62,1684.0,3,0.0
2022-12-30 20:00:00,82.63,83.18,82.61,83.17,2021.0,3,0.0
2023-01-03 11:00:00,85.31,85.34,84.52,84.74,324.0,20,0.0
2023-01-03 12:00:00,84.67,85.13,84.01,84.88,542.0,10,0.0
2023-01-03 13:00:00,84.92,85.31,84.48,85.1,962.0,4,0.0
2023-01-03 14:00:00,85.08,86.95,84.97,85.45,12328.0,3,0.0
2023-01-03 15:00:00,85.46,85.53,84.47,85.29,8421.0,3,0.0
2023-01-03 16:00:00,85.29,85.48,84.24,84.42,5493.0,3,0.0
2023-01-03 17:00:00,84.42,84.8,84.19,84.43,3600.0,3,0.0
2023-01-03 18:00:00,84.43,85.27,84.25,85.23,3304.0,3,0.0
2023-01-03 19:00:00,85.23,85.89,85.08,85.86,4350.0,3,0.0
2023-01-03 20:00:00,85.86,86.47,85.84,86.08,4008.0,3,0.0
2023-01-04 11:00:00,86.64,86.8,86.62,86.74,244.0,10,0.0
2023-01-04 12:00:00,86.73,86.79,86.11,86.54,726.0,4,0.0
2023-01-04 13:00:00,86.54,86.91,85.91,86.15,927.0,4,0.0
2023-01-04 14:00:00,86.15,86.91,84.19,84.64,12142.0,3,0.0
2023-01-04 15:00:00,84.66,84.95,83.35,84.82,11987.0,3,0.0
2023-01-04 16:00:00,84.83,86.08,84.74,85.81,5687.0,3,0.0
2023-01-04 17:00:00,85.82,86.08,85.38,85.38,3063.0,3,0.0
2023-01-04 18:00:00,85.38,86.27,85.11,85.81,2597.0,3,0.0
2023-01-04 19:00:00,85.82,86.26,84.45,85.39,13095.0,3,0.0
2023-01-04 20:00:00,85.4,85.68,84.52,84.57,4511.0,3,0.0
2023-01-05 11:00:00,87.28,87.53,87.21,87.35,253.0,20,0.0
2023-01-05 12:00:00,87.3,87.3,86.38,86.43,571.0,10,0.0
2023-01-05 13:00:00,86.43,86.5,85.36,85.57,1375.0,10,0.0
2023-01-05 14:00:00,85.55,85.77,83.86,84.01,9797.0,3,0.0
2023-01-05 15:00:00,84.0,84.43,83.21,83.31,7185.0,3,0.0
2023-01-05 16:00:00,83.3,84.08,83.1,83.83,3718.0,3,0.0
2023-01-05 17:00:00,83.82,84.24,83.63,83.66,2384.0,3,0.0
2023-01-05 18:00:00,83.66,84.25,83.46,83.9,3955.0,3,0.0
2023-01-05 19:00:00,83.91,84.19,83.74,83.84,2573.0,3,0.0
2023-01-05 20:00:00,83.84,83.85,83.32,83.37,1470.0,3,0.0
2023-01-06 11:00:00,82.91,83.02,82.89,83.0,133.0,4,0.0
2023-01-06 12:00:00,83.02,83.05,82.7,82.8,449.0,4,0.0
2023-01-06 13:00:00,82.79,84.17,82.5,83.93,1577.0,4,0.0
2023-01-06 14:00:00,83.88,83.96,81.42,81.93,9031.0,3,0.0
2023-01-06 15:00:00,81.94,84.07,81.94,84.04,9957.0,3,0.0
2023-01-06 16:00:00,84.04,84.85,83.8,84.62,4188.0,3,0.0
2023-01-06 17:00:00,84.62,85.13,84.61,84.86,2837.0,3,0.0
2023-01-06 18:00:00,84.87,85.62,84.82,85.37,2092.0,3,0.0
2023-01-06 19:00:00,85.38,86.14,85.24,86.08,2527.0,3,0.0
2023-01-06 20:00:00,86.08,86.38,85.94,86.23,1805.0,3,0.0
2023-01-09 11:00:00,86.59,86.67,86.5,86.55,190.0,4,0.0
2023-01-09 12:00:00,86.55,87.03,86.42,86.84,360.0,4,0.0
2023-01-09 13:00:00,86.83,87.35,86.55,87.17,673.0,4,0.0
2023-01-09 14:00:00,87.15,89.14,86.9,89.09,11690.0,3,0.0
2023-01-09 15:00:00,89.1,89.25,88.34,88.83,5518.0,3,0.0
2023-01-09 16:00:00,88.83,89.46,88.76,89.1,2752.0,3,0.0
2023-01-09 17:00:00,89.1,89.2,88.49,88.87,2679.0,3,0.0
2023-01-09 18:00:00,88.87,89.35,88.24,88.43,3103.0,3,0.0
2023-01-09 19:00:00,88.43,88.68,87.61,87.64,3671.0,3,0.0
2023-01-09 20:00:00,87.65,87.88,87.34,87.49,3390.0,3,0.0
2023-01-10 11:00:00,87.63,87.65,87.14,87.24,324.0,4,0.0
2023-01-10 12:00:00,87.26,87.28,86.68,86.95,522.0,4,0.0
2023-01-10 13:00:00,86.95,87.15,86.79,87.03,411.0,4,0.0
2023-01-10 14:00:00,87.01,89.03,86.96,88.71,11716.0,3,0.0
2023-01-10 15:00:00,88.72,90.17,88.24,89.36,11262.0,3,0.0
2023-01-10 16:00:00,89.37,89.81,89.09,89.2,6271.0,3,0.0
2023-01-10 17:00:00,89.2,89.79,88.91,89.72,4295.0,3,0.0
2023-01-10 18:00:00,89.72,89.98,89.57,89.76,2631.0,3,0.0
2023-01-10 19:00:00,89.77,90.06,89.54,89.69,2369.0,3,0.0
2023-01-10 20:00:00,89.69,89.7,89.13,89.22,2030.0,3,0.0
2023-01-11 11:00:00,90.25,90.5,90.12,90.32,208.0,10,0.0
2023-01-11 12:00:00,90.32,90.49,90.17,90.41,335.0,10,0.0
2023-01-11 13:00:00,90.44,90.87,90.38,90.85,495.0,4,0.0
2023-01-11 14:00:00,90.85,93.18,90.6,93.07,10900.0,3,0.0
2023-01-11 15:00:00,93.06,93.72,92.42,92.65,8058.0,3,0.0
2023-01-11 16:00:00,92.65,93.98,92.52,93.74,4098.0,3,0.0
2023-01-11 17:00:00,93.74,94.26,93.7,93.92,3147.0,3,0.0
2023-01-11 18:00:00,93.92,94.23,93.73,93.92,2506.0,3,0.0
2023-01-11 19:00:00,93.93,94.31,93.89,94.16,2216.0,3,0.0
2023-01-11 20:00:00,94.16,94.92,94.09,94.92,2015.0,3,0.0
2023-01-12 11:00:00,95.19,95.2,94.99,95.15,136.0,4,0.0
2023-01-12 12:00:00,95.16,95.87,95.12,95.84,554.0,4,0.0
2023-01-12 13:00:00,95.85,96.82,94.04,96.29,3376.0,4,0.0
2023-01-12 14:00:00,96.31,97.16,93.51,94.21,16294.0,3,0.0
2023-01-12 15:00:00,94.22,96.24,94.22,94.55,13861.0,3,0.0
2023-01-12 16:00:00,94.56,95.13,94.08,95.04,8272.0,3,0.0
2023-01-12 17:00:00,95.04,95.67,94.85,95.36,3743.0,3,0.0
2023-01-12 18:00:00,95.36,95.85,94.56,95.67,5492.0,3,0.0
2023-01-12 19:00:00,95.68,95.69,95.05,95.28,5076.0,3,0.0
2023-01-12 20:00:00,95.28,95.32,94.89,95.15,3462.0,3,0.0
2023-01-13 11:00:00,95.22,95.29,94.63,94.77,661.0,4,0.0
2023-01-13 12:00:00,94.78,94.81,93.73,93.77,521.0,10,0.0
2023-01-13 13:00:00,93.76,93.76,93.06,93.17,784.0,4,0.0
2023-01-13 14:00:00,93.18,95.98,93.0,95.54,10408.0,3,0.0
2023-01-13 15:00:00,95.51,97.04,95.43,96.57,8375.0,3,0.0
2023-01-13 16:00:00,96.57,96.81,95.64,96.81,5373.0,3,0.0
2023-01-13 17:00:00,96.81,97.21,96.7,97.16,3551.0,3,0.0
2023-01-13 18:00:00,97.16,98.18,97.16,97.91,3336.0,3,0.0
2023-01-13 19:00:00,97.92,98.34,97.79,98.01,2800.0,3,0.0
2023-01-13 20:00:00,98.02,98.36,97.75,98.0,2155.0,3,0.0
2023-01-17 11:00:00,98.01,98.06,97.84,97.95,276.0,3,0.0
2023-01-17 12:00:00,97.95,98.73,97.85,98.4,841.0,4,0.0
2023-01-17 13:00:00,98.4,98.74,98.13,98.51,662.0,4,0.0
2023-01-17 14:00:00,98.52,98.87,96.92,97.06,11238.0,3,0.0
2023-01-17 15:00:00,97.06,97.74,96.2,96.49,7151.0,3,0.0
2023-01-17 16:00:00,96.49,97.1,95.72,96.87,4243.0,3,0.0
2023-01-17 17:00:00,96.87,97.21,96.67,96.86,2366.0,3,0.0
2023-01-17 18:00:00,96.86,96.9,96.41,96.42,2052.0,3,0.0
2023-01-17 19:00:00,96.42,96.65,95.99,96.41,2315.0,3,0.0
2023-01-17 20:00:00,96.41,96.58,96.11,96.13,1627.0,3,0.0
2023-01-18 11:00:00,96.43,96.45,96.27,96.42,146.0,4,0.0
2023-01-18 12:00:00,96.4,96.63,96.26,96.51,385.0,4,0.0
2023-01-18 13:00:00,96.51,97.1,96.29,96.86,1108.0,4,0.0
2023-01-18 14:00:00,96.86,98.05,96.76,97.85,9723.0,3,0.0
2023-01-18 15:00:00,97.85,99.3,96.76,97.12,9498.0,3,0.0
2023-01-18 16:00:00,97.11,97.49,95.9,96.41,6352.0,3,0.0
2023-01-18 17:00:00,96.4,96.85,95.83,95.98,3956.0,3,0.0
2023-01-18 18:00:00,95.99,96.33,95.41,96.19,3594.0,3,0.0
2023-01-18 19:00:00,96.2,96.39,95.84,96.09,2650.0,3,0.0
2023-01-18 20:00:00,96.08,96.21,95.69,95.74,2180.0,3,0.0
2023-01-19 11:00:00,94.36,94.44,93.87,94.07,295.0,10,0.0
2023-01-19 12:00:00,94.05,94.38,93.58,93.59,469.0,10,0.0
2023-01-19 13:00:00,93.58,94.1,93.4,94.01,749.0,4,0.0
2023-01-19 14:00:00,94.0,95.41,93.84,94.63,8393.0,3,0.0
2023-01-19 15:00:00,94.63,94.65,93.42,93.56,6957.0,3,0.0
2023-01-19 16:00:00,93.56,93.92,92.85,93.19,4135.0,3,0.0
2023-01-19 17:00:00,93.2,93.66,93.12,93.33,3362.0,3,0.0
2023-01-19 18:00:00,93.34,94.24,93.27,93.75,4394.0,3,0.0
2023-01-19 19:00:00,93.74,94.47,93.62,94.11,4416.0,3,0.0
2023-01-19 20:00:00,94.12,94.3,93.61,93.8,3015.0,3,0.0
2023-01-20 11:00:00,93.94,94.06,93.79,94.06,258.0,4,0.0
2023-01-20 12:00:00,94.02,94.46,93.94,94.41,621.0,4,0.0
2023-01-20 13:00:00,94.43,94.68,94.27,94.32,537.0,4,0.0
2023-01-20 14:00:00,94.33,94.86,93.19,94.67,9963.0,3,0.0
2023-01-20 15:00:00,94.68,95.38,94.32,94.83,6276.0,3,0.0
2023-01-20 16:00:00,94.84,95.92,94.8,95.63,2604.0,3,0.0
2023-01-20 17:00:00,95.63,95.82,95.38,95.53,2032.0,3,0.0
2023-01-20 18:00:00,95.53,96.48,95.18,96.44,2776.0,3,0.0
2023-01-20 19:00:00,96.45,96.74,96.26,96.59,1994.0,3,0.0
2023-01-20 20:00:00,96.58,97.34,96.58,97.0,1987.0,3,0.0
2023-01-23 11:00:00,97.12,97.21,97.11,97.12,66.0,4,0.0
2023-01-23 12:00:00,97.15,98.07,97.15,98.0,507.0,4,0.0
2023-01-23 13:00:00,98.0,98.37,97.61,97.78,692.0,4,0.0
2023-01-23 14:00:00,97.82,97.84,95.85,96.96,9785.0,3,0.0
2023-01-23 15:00:00,96.96,97.73,96.44,97.06,6740.0,3,0.0
2023-01-23 16:00:00,97.06,97.71,97.06,97.5,4167.0,3,0.0
2023-01-23 17:00:00,97.5,97.51,96.8,97.2,3169.0,3,0.0
2023-01-23 18:00:00,97.2,97.73,97.14,97.32,2357.0,3,0.0
2023-01-23 19:00:00,97.32,97.45,96.7,96.93,4611.0,3,0.0
2023-01-23 20:00:00,96.92,97.23,96.69,97.08,3525.0,3,0.0
2023-01-24 11:00:00,97.14,97.21,97.01,97.13,114.0,3,0.0
2023-01-24 12:00:00,97.18,97.26,97.13,97.18,270.0,4,0.0
2023-01-24 13:00:00,97.21,97.29,96.69,96.85,529.0,4,0.0
2023-01-24 14:00:00,96.84,98.07,96.67,97.05,9628.0,3,0.0
2023-01-24 15:00:00,97.06,97.18,95.99,96.94,7877.0,3,0.0
2023-01-24 16:00:00,96.94,97.43,96.72,97.25,4015.0,3,0.0
2023-01-24 17:00:00,97.24,97.54,96.91,97.17,3134.0,3,0.0
2023-01-24 18:00:00,97.16,97.36,96.91,97.16,2637.0,3,0.0
2023-01-24 19:00:00,97.17,97.18,96.68,96.93,1985.0,3,0.0
2023-01-24 20:00:00,96.92,96.96,96.24,96.31,1484.0,3,0.0
2023-01-25 11:00:00,94.41,94.58,94.06,94.17,283.0,20,0.0
2023-01-25 12:00:00,94.18,94.29,93.56,93.58,766.0,4,0.0
2023-01-25 13:00:00,93.58,93.7,92.84,92.95,1231.0,4,0.0
2023-01-25 14:00:00,92.95,93.55,91.94,91.99,11167.0,3,0.0
2023-01-25 15:00:00,91.98,93.87,91.51,93.87,7945.0,3,0.0
2023-01-25 16:00:00,93.87,95.06,93.76,94.76,6391.0,3,0.0
2023-01-25 17:00:00,94.76,95.17,94.59,94.94,3506.0,3,0.0
2023-01-25 18:00:00,94.94,96.18,94.92,96.01,3487.0,3,0.0
2023-01-25 19:00:00,96.01,96.63,95.78,96.35,3891.0,3,0.0
2023-01-25 20:00:00,96.36,97.08,96.36,96.8,2814.0,3,0.0
2023-01-26 11:00:00,97.54,97.68,97.32,97.36,222.0,10,0.0
2023-01-26 12:00:00,97.39,98.15,97.37,98.14,342.0,10,0.0
2023-01-26 13:00:00,98.14,98.41,97.48,98.28,905.0,4,0.0
2023-01-26 14:00:00,98.31,99.47,98.05,98.5,10182.0,3,0.0
2023-01-26 15:00:00,98.52,99.33,97.4,97.59,9467.0,3,0.0
2023-01-26 16:00:00,97.59,97.83,96.91,97.71,6276.0,3,0.0
2023-01-26 17:00:00,97.71,98.24,97.52,97.75,3918.0,3,0.0
2023-01-26 18:00:00,97.75,98.42,97.59,98.28,3282.0,3,0.0
2023-01-26 19:00:00,98.27,98.7,98.12,98.56,2663.0,3,0.0
2023-01-26 20:00:00,98.57,98.84,98.33,98.69,1587.0,3,0.0
2023-01-27 11:00:00,98.76,98.84,98.63,98.82,162.0,4,0.0
2023-01-27 12:00:00,98.77,99.54,98.64,99.1,726.0,4,0.0
2023-01-27 13:00:00,99.08,99.6,98.76,99.34,802.0,4,0.0
2023-01-27 14:00:00,99.37,101.28,99.01,100.59,8963.0,3,0.0
2023-01-27 15:00:00,100.58,102.66,100.42,101.8,9406.0,3,0.0
2023-01-27 16:00:00,101.81,102.33,101.23,102.03,5383.0,3,0.0
2023-01-27 17:00:00,102.04,102.41,101.9,102.05,3684.0,3,0.0
2023-01-27 18:00:00,102.05,102.43,101.45,102.38,2834.0,3,0.0
2023-01-27 19:00:00,102.38,102.72,102.2,102.54,2469.0,3,0.0
2023-01-27 20:00:00,102.54,103.47,102.53,103.01,2334.0,3,0.0
2023-01-30 11:00:00,100.68,100.76,100.43,100.54,160.0,20,0.0
2023-01-30 12:00:00,100.55,101.38,100.55,101.26,506.0,10,0.0
2023-01-30 13:00:00,101.26,101.71,101.02,101.49,569.0,10,0.0
2023-01-30 14:00:00,101.47,101.62,100.22,101.31,9394.0,3,0.0
2023-01-30 15:00:00,101.29,101.73,99.0,99.59,9314.0,3,0.0
2023-01-30 16:00:00,99.58,100.8,99.46,100.75,5442.0,3,0.0
2023-01-30 17:00:00,100.74,101.05,100.58,100.79,4402.0,3,0.0
2023-01-30 18:00:00,100.79,101.38,100.66,101.19,4014.0,3,0.0
2023-01-30 19:00:00,101.2,101.35,100.57,100.75,3003.0,3,0.0
2023-01-30 20:00:00,100.75,101.16,100.52,100.65,2168.0,3,0.0
2023-01-31 11:00:00,99.32,99.73,99.31,99.71,231.0,10,0.0
2023-01-31 12:00:00,99.73,100.15,99.66,100.02,264.0,10,0.0
2023-01-31 13:00:00,100.04,101.37,99.99,101.09,850.0,10,0.0
2023-01-31 14:00:00,101.14,103.05,100.99,102.42,10868.0,3,0.0
2023-01-31 15:00:00,102.43,103.33,101.78,102.96,9305.0,3,0.0
2023-01-31 16:00:00,102.97,103.19,102.48,102.5,4408.0,3,0.0
2023-01-31 17:00:00,102.51,102.69,101.95,102.46,3448.0,3,0.0
2023-01-31 18:00:00,102.45,102.53,101.85,102.29,2522.0,3,0.0
2023-01-31 19:00:00,102.29,103.0,102.25,102.96,1675.0,3,0.0
2023-01-31 20:00:00,102.96,103.08,102.28,102.73,2012.0,3,0.0
2023-02-01 11:00:00,102.49,102.93,102.49,102.87,105.0,4,0.0
2023-02-01 12:00:00,102.87,103.66,102.74,103.41,467.0,4,0.0
2023-02-01 13:00:00,103.41,103.44,102.39,102.49,801.0,4,0.0
2023-02-01 14:00:00,102.5,102.72,101.56,101.95,7856.0,3,0.0
2023-02-01 15:00:00,101.97,102.34,101.36,101.44,7002.0,3,0.0
2023-02-01 16:00:00,101.44,102.26,101.23,102.15,3581.0,3,0.0
2023-02-01 17:00:00,102.15,102.44,101.82,102.31,2752.0,3,0.0
2023-02-01 18:00:00,102.31,102.84,102.19,102.45,3043.0,3,0.0
2023-02-01 19:00:00,102.45,105.19,101.65,104.44,28385.0,3,0.0
2023-02-01 20:00:00,104.45,106.22,104.44,105.75,9270.0,3,0.0
2023-02-02 11:00:00,109.35,109.57,109.06,109.12,380.0,20,0.0
2023-02-02 12:00:00,109.16,110.0,109.16,109.48,1058.0,10,0.0
2023-02-02 13:00:00,109.49,109.78,109.15,109.65,1440.0,4,0.0
2023-02-02 14:00:00,109.66,112.15,109.2,109.78,15799.0,3,0.0
2023-02-02 15:00:00,109.79,111.83,108.87,111.78,11324.0,3,0.0
2023-02-02 16:00:00,111.79,112.32,111.02,111.34,6197.0,3,0.0
2023-02-02 17:00:00,111.34,112.54,111.34,112.35,4932.0,3,0.0
2023-02-02 18:00:00,112.36,113.73,112.18,113.73,4451.0,3,0.0
2023-02-02 19:00:00,113.73,113.98,110.6,110.6,7702.0,3,0.0
2023-02-02 20:00:00,110.6,112.45,110.16,111.91,7164.0,3,0.0
2023-02-03 11:00:00,106.54,107.34,106.31,107.33,360.0,20,0.0
2023-02-03 12:00:00,107.3,109.07,107.08,108.94,1188.0,10,0.0
2023-02-03 13:00:00,108.99,109.21,105.67,105.99,2964.0,4,0.0
2023-02-03 14:00:00,106.0,108.74,104.69,107.26,19295.0,3,0.0
2023-02-03 15:00:00,107.24,108.56,105.75,108.41,23392.0,3,0.0
2023-02-03 16:00:00,108.42,108.61,107.01,107.21,10724.0,3,0.0
2023-02-03 17:00:00,107.22,108.1,106.21,106.3,5894.0,3,0.0
2023-02-03 18:00:00,106.3,106.49,103.57,104.52,10349.0,0,0.0
2023-02-03 19:00:00,104.53,104.7,103.51,103.52,8638.0,0,0.0
2023-02-03 20:00:00,103.52,103.84,102.67,103.26,5033.0,0,0.0
2023-02-06 11:00:00,102.18,102.28,101.87,102.24,321.0,4,0.0
2023-02-06 12:00:00,102.31,102.6,102.21,102.45,463.0,4,0.0
2023-02-06 13:00:00,102.46,102.73,101.95,102.19,586.0,10,0.0
2023-02-06 14:00:00,102.17,103.87,101.98,102.51,3879.0,4,0.0
2023-02-06 15:00:00,102.52,103.16,100.64,101.92,5354.0,4,0.0
2023-02-06 16:00:00,101.93,102.48,101.21,102.34,3656.0,4,0.0
2023-02-06 17:00:00,102.34,102.91,101.74,102.72,3116.0,4,0.0
2023-02-06 18:00:00,102.72,102.76,101.97,102.58,2680.0,4,0.0
2023-02-06 19:00:00,102.58,103.09,102.24,102.41,2447.0,4,0.0
2023-02-06 20:00:00,102.41,102.47,101.72,102.02,1910.0,4,0.0
2023-02-07 11:00:00,102.24,102.4,102.15,102.26,352.0,4,0.0
2023-02-07 12:00:00,102.27,102.71,102.21,102.47,593.0,4,0.0
2023-02-07 13:00:00,102.46,102.48,101.84,102.03,511.0,4,0.0
2023-02-07 14:00:00,102.02,102.03,99.19,99.22,10824.0,3,0.0
2023-02-07 15:00:00,99.23,99.86,98.25,99.6,10478.0,3,0.0
2023-02-07 16:00:00,99.61,100.05,99.26,99.69,5371.0,3,0.0
2023-02-07 17:00:00,99.69,101.43,99.04,101.02,12226.0,3,0.0
2023-02-07 18:00:00,101.02,101.26,98.07,98.78,18989.0,3,0.0
2023-02-07 19:00:00,98.78,100.67,98.75,100.5,8862.0,3,0.0
2023-02-07 20:00:00,100.51,101.96,100.31,101.9,5567.0,3,0.0
2023-02-08 11:00:00,101.51,101.55,101.33,101.41,319.0,4,0.0
2023-02-08 12:00:00,101.45,102.02,101.41,101.91,664.0,4,0.0
2023-02-08 13:00:00,101.92,101.98,101.49,101.82,1041.0,4,0.0
2023-02-08 14:00:00,101.82,102.63,100.07,100.77,11251.0,3,0.0
2023-02-08 15:00:00,100.77,101.25,99.74,99.77,9702.0,3,0.0
2023-02-08 16:00:00,99.76,99.94,98.76,99.54,6401.0,3,0.0
2023-02-08 17:00:00,99.54,100.44,99.27,100.4,5135.0,3,0.0
2023-02-08 18:00:00,100.41,100.67,99.4,99.8,5635.0,3,0.0
2023-02-08 19:00:00,99.8,100.4,99.61,100.35,4348.0,3,0.0
2023-02-08 20:00:00,100.34,100.59,99.98,100.38,3636.0,3,0.0
2023-02-09 11:00:00,101.19,101.2,100.76,100.87,293.0,10,0.0
2023-02-09 12:00:00,100.87,101.05,100.82,100.86,501.0,10,0.0
2023-02-09 13:00:00,100.89,101.84,100.86,101.84,650.0,4,0.0
2023-02-09 14:00:00,101.84,101.86,100.38,101.07,8718.0,3,0.0
2023-02-09 15:00:00,101.08,101.29,100.05,100.31,8392.0,3,0.0
2023-02-09 16:00:00,100.32,100.32,99.12,99.27,5929.0,3,0.0
2023-02-09 17:00:00,99.27,99.78,98.56,99.09,4047.0,3,0.0
2023-02-09 18:00:00,99.08,99.28,98.49,98.61,4791.0,3,0.0
2023-02-09 19:00:00,98.62,98.93,98.21,98.44,3956.0,3,0.0
2023-02-09 20:00:00,98.44,98.57,97.56,97.98,3353.0,3,0.0
2023-02-10 11:00:00,97.53,97.53,97.07,97.2,397.0,10,0.0
2023-02-10 12:00:00,97.22,97.5,97.02,97.18,489.0,4,0.0
2023-02-10 13:00:00,97.2,97.74,97.19,97.38,487.0,4,0.0
2023-02-10 14:00:00,97.41,98.46,97.1,97.56,11142.0,3,0.0
2023-02-10 15:00:00,97.53,98.79,97.08,97.79,10904.0,3,0.0
2023-02-10 16:00:00,97.77,98.04,96.79,96.9,5842.0,3,0.0
2023-02-10 17:00:00,96.89,97.0,96.22,96.97,4716.0,3,0.0
2023-02-10 18:00:00,96.97,97.68,96.89,97.03,3671.0,3,0.0
2023-02-10 19:00:00,97.04,97.5,96.78,97.41,3722.0,3,0.0
2023-02-10 20:00:00,97.42,97.61,97.1,97.45,3140.0,3,0.0
2023-02-13 11:00:00,97.85,97.94,97.75,97.88,216.0,4,0.0
2023-02-13 12:00:00,97.88,98.2,97.76,98.09,404.0,4,0.0
2023-02-13 13:00:00,98.08,98.12,97.75,97.77,263.0,4,0.0
2023-02-13 14:00:00,97.77,98.27,96.91,98.27,8117.0,3,0.0
2023-02-13 15:00:00,98.27,98.81,97.52,98.61,6404.0,3,0.0
2023-02-13 16:00:00,98.62,99.5,98.62,99.37,4674.0,3,0.0
2023-02-13 17:00:00,99.36,99.43,99.0,99.06,3128.0,3,0.0
2023-02-13 18:00:00,99.06,99.5,98.76,99.43,2507.0,3,0.0
2023-02-13 19:00:00,99.43,99.66,98.6,98.8,3683.0,3,0.0
2023-02-13 20:00:00,98.81,99.26,98.55,99.07,2484.0,3,0.0
2023-02-14 11:00:00,99.82,99.87,99.63,99.69,169.0,10,0.0
2023-02-14 12:00:00,99.66,99.76,99.53,99.63,273.0,10,0.0
2023-02-14 13:00:00,99.63,100.4,98.11,98.68,2017.0,4,0.0
2023-02-14 14:00:00,98.68,100.27,97.56,100.05,12236.0,3,0.0
2023-02-14 15:00:00,100.05,100.9,97.95,98.46,11675.0,3,0.0
2023-02-14 16:00:00,98.45,98.84,97.51,97.95,8822.0,3,0.0
2023-02-14 17:00:00,97.95,98.62,97.83,98.45,5239.0,3,0.0
2023-02-14 18:00:00,98.45,99.43,98.42,98.74,6133.0,3,0.0
2023-02-14 19:00:00,98.75,99.22,98.24,99.01,5173.0,3,0.0
2023-02-14 20:00:00,99.03,99.67,98.81,99.66,3514.0,3,0.0
2023-02-15 11:00:00,99.06,99.13,98.83,99.03,182.0,10,0.0
2023-02-15 12:00:00,99.03,99.46,98.95,99.11,626.0,4,0.0
2023-02-15 13:00:00,99.11,99.5,98.53,99.26,1045.0,4,0.0
2023-02-15 14:00:00,99.26,99.82,98.62,98.98,8584.0,3,0.0
2023-02-15 15:00:00,98.99,99.45,98.44,98.87,7567.0,3,0.0
2023-02-15 16:00:00,98.87,100.2,98.83,99.88,4618.0,3,0.0
2023-02-15 17:00:00,99.89,99.97,99.42,99.63,4252.0,3,0.0
2023-02-15 18:00:00,99.64,100.4,99.57,100.33,2646.0,3,0.0
2023-02-15 19:00:00,100.33,101.05,100.31,100.58,2889.0,3,0.0
2023-02-15 20:00:00,100.59,100.96,100.35,100.76,2339.0,3,0.0
2023-02-16 11:00:00,100.95,101.11,100.88,101.09,193.0,4,0.0
2023-02-16 12:00:00,101.09,101.09,100.53,100.75,424.0,4,0.0
2023-02-16 13:00:00,100.75,100.75,99.46,99.68,789.0,4,0.0
2023-02-16 14:00:00,99.68,99.68,98.31,99.13,8874.0,3,0.0
2023-02-16 15:00:00,99.12,100.15,98.74,100.12,7761.0,3,0.0
2023-02-16 16:00:00,100.12,100.61,99.82,99.97,5857.0,3,0.0
2023-02-16 17:00:00,99.96,100.25,99.43,99.81,4811.0,3,0.0
2023-02-16 18:00:00,99.82,100.04,99.4,99.87,4615.0,3,0.0
2023-02-16 19:00:00,99.88,100.15,99.58,99.87,3915.0,3,0.0
2023-02-16 20:00:00,99.88,99.93,98.41,98.61,4841.0,3,0.0
2023-02-17 11:00:00,97.19,97.42,97.07,97.29,216.0,10,0.0
2023-02-17 12:00:00,97.29,97.88,97.27,97.63,342.0,10,0.0
2023-02-17 13:00:00,97.64,97.8,97.37,97.6,409.0,10,0.0
2023-02-17 14:00:00,97.59,98.38,95.63,96.24,8567.0,3,0.0
2023-02-17 15:00:00,96.23,97.01,95.91,96.06,8098.0,3,0.0
2023-02-17 16:00:00,96.06,96.32,95.68,95.94,4613.0,3,0.0
2023-02-17 17:00:00,95.93,96.32,95.65,95.82,3745.0,3,0.0
2023-02-17 18:00:00,95.83,96.24,95.75,95.91,3152.0,3,0.0
2023-02-17 19:00:00,95.91,97.17,95.77,96.99,3532.0,3,0.0
2023-02-17 20:00:00,97.0,97.22,96.76,96.84,3147.0,3,0.0
2023-02-21 11:00:00,95.95,96.14,95.89,95.9,308.0,10,0.0
2023-02-21 12:00:00,95.9,96.06,95.62,95.8,740.0,10,0.0
2023-02-21 13:00:00,95.8,95.86,95.46,95.5,334.0,10,0.0
2023-02-21 14:00:00,95.49,95.74,94.85,95.08,8307.0,3,0.0
2023-02-21 15:00:00,95.06,95.21,94.34,94.5,6204.0,3,0.0
2023-02-21 16:00:00,94.5,94.73,94.35,94.41,3821.0,3,0.0
2023-02-21 17:00:00,94.4,94.73,94.26,94.58,3340.0,3,0.0
2023-02-21 18:00:00,94.57,94.62,94.35,94.51,2512.0,3,0.0
2023-02-21 19:00:00,94.52,94.93,94.28,94.85,2556.0,3,0.0
2023-02-21 20:00:00,94.85,95.11,94.65,94.83,2424.0,3,0.0
2023-02-22 11:00:00,94.64,94.81,94.4,94.81,402.0,4,0.0
2023-02-22 12:00:00,94.81,95.2,94.67,95.11,534.0,4,0.0
2023-02-22 13:00:00,95.09,95.12,94.84,94.99,404.0,4,0.0
2023-02-22 14:00:00,95.01,96.99,94.78,96.5,8636.0,3,0.0
2023-02-22 15:00:00,96.5,96.73,95.29,96.52,7826.0,3,0.0
2023-02-22 16:00:00,96.53,96.96,95.94,96.2,4550.0,3,0.0
2023-02-22 17:00:00,96.2,96.28,95.7,95.97,3449.0,3,0.0
2023-02-22 18:00:00,95.97,96.2,95.75,95.86,2452.0,3,0.0
2023-02-22 19:00:00,95.86,96.29,95.11,95.15,12349.0,3,0.0
2023-02-22 20:00:00,95.15,95.88,95.12,95.28,4630.0,3,0.0
2023-02-23 11:00:00,96.19,96.23,95.98,96.21,219.0,10,0.0
2023-02-23 12:00:00,96.21,96.49,96.2,96.34,277.0,4,0.0
2023-02-23 13:00:00,96.34,96.7,96.12,96.27,615.0,4,0.0
2023-02-23 14:00:00,96.27,96.7,95.7,95.9,8901.0,3,0.0
2023-02-23 15:00:00,95.91,96.06,94.23,94.57,8152.0,3,0.0
2023-02-23 16:00:00,94.56,94.82,93.82,93.84,5504.0,3,0.0
2023-02-23 17:00:00,93.85,94.7,93.66,94.65,3976.0,3,0.0
2023-02-23 18:00:00,94.65,95.04,94.38,94.83,3831.0,3,0.0
2023-02-23 19:00:00,94.84,95.88,94.71,95.6,4493.0,3,0.0
2023-02-23 20:00:00,95.61,96.22,95.61,95.96,3309.0,3,0.0
2023-02-24 11:00:00,94.79,94.95,94.58,94.77,254.0,10,0.0
2023-02-24 12:00:00,94.92,95.05,94.7,94.87,260.0,10,0.0
2023-02-24 13:00:00,94.87,94.95,93.4,93.53,1047.0,4,0.0
2023-02-24 14:00:00,93.53,94.13,93.21,93.65,8513.0,3,0.0
2023-02-24 15:00:00,93.63,93.85,92.3,92.77,8349.0,3,0.0
2023-02-24 16:00:00,92.78,93.36,92.63,93.08,5177.0,3,0.0
2023-02-24 17:00:00,93.09,93.21,92.69,92.72,3300.0,3,0.0
2023-02-24 18:00:00,92.72,93.04,92.6,92.83,2439.0,3,0.0
2023-02-24 19:00:00,92.83,93.16,92.65,93.07,2699.0,3,0.0
2023-02-24 20:00:00,93.07,93.22,92.53,92.64,2422.0,3,0.0
2023-02-27 11:00:00,93.77,93.99,93.76,93.86,188.0,10,0.0
2023-02-27 12:00:00,93.86,94.19,93.79,94.01,293.0,10,0.0
2023-02-27 13:00:00,94.01,94.75,93.9,94.5,547.0,4,0.0
2023-02-27 14:00:00,94.51,94.71,93.6,94.29,6879.0,3,0.0
2023-02-27 15:00:00,94.28,94.77,93.22,93.67,6715.0,3,0.0
2023-02-27 16:00:00,93.68,93.84,93.42,93.68,3888.0,3,0.0
2023-02-27 17:00:00,93.69,94.18,93.37,94.08,2588.0,3,0.0
2023-02-27 18:00:00,94.08,94.09,93.44,93.73,1824.0,3,0.0
2023-02-27 19:00:00,93.74,93.96,93.33,93.39,2277.0,3,0.0
2023-02-27 20:00:00,93.38,93.49,93.12,93.34,2137.0,3,0.0
2023-02-28 11:00:00,93.61,94.25,93.32,94.08,553.0,4,0.0
2023-02-28 12:00:00,94.08,94.17,93.91,94.11,347.0,4,0.0
2023-02-28 13:00:00,94.09,94.1,93.54,93.64,363.0,4,0.0
2023-02-28 14:00:00,93.64,93.73,93.03,93.38,5645.0,3,0.0
2023-02-28 15:00:00,93.38,93.66,92.91,93.22,6042.0,3,0.0
2023-02-28 16:00:00,93.23,93.59,93.15,93.33,2844.0,3,0.0
2023-02-28 17:00:00,93.33,94.0,93.33,93.92,2083.0,3,0.0
2023-02-28 18:00:00,93.92,94.59,93.91,94.43,2594.0,3,0.0
2023-02-28 19:00:00,94.43,94.67,94.26,94.38,2572.0,3,0.0
2023-02-28 20:00:00,94.37,94.37,93.94,94.22,1898.0,3,0.0
2023-03-01 11:00:00,94.85,94.92,94.77,94.81,138.0,10,0.0
2023-03-01 12:00:00,94.81,94.81,94.51,94.55,324.0,4,0.0
2023-03-01 13:00:00,94.54,94.54,93.87,93.9,518.0,4,0.0
2023-03-01 14:00:00,93.9,94.66,93.5,93.81,6397.0,3,0.0
2023-03-01 15:00:00,93.81,93.96,92.7,92.86,8123.0,3,0.0
2023-03-01 16:00:00,92.86,93.06,91.92,92.89,5358.0,3,0.0
2023-03-01 17:00:00,92.89,93.18,92.58,92.65,3440.0,3,0.0
2023-03-01 18:00:00,92.66,92.66,92.04,92.2,2500.0,3,0.0
2023-03-01 19:00:00,92.2,92.21,91.58,91.96,2363.0,3,0.0
2023-03-01 20:00:00,91.96,92.18,91.79,92.17,1972.0,3,0.0
2023-03-02 11:00:00,91.43,91.71,91.41,91.62,361.0,10,0.0
2023-03-02 12:00:00,91.61,91.81,91.51,91.59,278.0,10,0.0
2023-03-02 13:00:00,91.58,91.82,91.13,91.16,664.0,4,0.0
2023-03-02 14:00:00,91.15,91.82,90.98,91.52,5806.0,3,0.0
2023-03-02 15:00:00,91.54,91.79,91.03,91.2,5458.0,3,0.0
2023-03-02 16:00:00,91.21,91.34,90.38,90.65,2752.0,3,0.0
2023-03-02 17:00:00,90.65,90.8,90.46,90.7,1708.0,3,0.0
2023-03-02 18:00:00,90.7,91.36,90.67,91.26,2966.0,3,0.0
2023-03-02 19:00:00,91.25,91.66,90.71,91.25,3691.0,3,0.0
2023-03-02 20:00:00,91.25,92.03,91.08,91.87,2493.0,3,0.0
2023-03-03 11:00:00,92.46,92.6,92.36,92.49,230.0,10,0.0
2023-03-03 12:00:00,92.48,92.7,92.05,92.14,440.0,4,0.0
2023-03-03 13:00:00,92.15,92.82,92.13,92.8,555.0,4,0.0
2023-03-03 14:00:00,92.8,94.1,92.6,93.78,6267.0,3,0.0
2023-03-03 15:00:00,93.77,94.73,93.24,94.03,6079.0,3,0.0
2023-03-03 16:00:00,94.03,94.26,93.75,94.16,3188.0,3,0.0
2023-03-03 17:00:00,94.17,94.38,93.96,94.36,1756.0,3,0.0
2023-03-03 18:00:00,94.36,94.38,94.03,94.24,1547.0,3,0.0
2023-03-03 19:00:00,94.25,94.76,94.15,94.72,1143.0,3,0.0
2023-03-03 20:00:00,94.73,94.88,94.57,94.76,1104.0,3,0.0
2023-03-06 11:00:00,94.48,94.75,94.32,94.49,610.0,4,0.0
2023-03-06 12:00:00,94.5,94.87,94.48,94.84,406.0,4,0.0
2023-03-06 13:00:00,94.83,95.18,94.78,95.07,497.0,4,0.0
2023-03-06 14:00:00,95.07,95.71,94.67,94.99,5110.0,3,0.0
2023-03-06 15:00:00,95.0,96.27,94.66,96.1,4417.0,3,0.0
2023-03-06 16:00:00,96.09,96.53,95.96,96.42,2070.0,3,0.0
2023-03-06 17:00:00,96.42,96.52,95.29,95.43,1988.0,3,0.0
2023-03-06 18:00:00,95.43,95.47,94.53,94.53,2374.0,3,0.0
2023-03-06 19:00:00,94.53,94.91,94.1,94.23,2349.0,3,0.0
2023-03-06 20:00:00,94.23,94.39,93.94,94.05,2233.0,3,0.0
2023-03-07 11:00:00,94.14,94.31,94.03,94.05,249.0,4,0.0
2023-03-07 12:00:00,94.08,94.24,94.04,94.13,400.0,4,0.0
2023-03-07 13:00:00,94.11,94.3,94.0,94.03,332.0,4,0.0
2023-03-07 14:00:00,94.03,94.99,93.81,94.31,4438.0,3,0.0
2023-03-07 15:00:00,94.3,94.41,92.76,93.29,9106.0,3,0.0
2023-03-07 16:00:00,93.3,94.09,93.2,93.9,5686.0,3,0.0
2023-03-07 17:00:00,93.91,95.07,93.81,94.59,5525.0,3,0.0
2023-03-07 18:00:00,94.59,94.67,93.41,93.68,3601.0,3,0.0
2023-03-07 19:00:00,93.69,94.02,93.38,93.4,2002.0,3,0.0
2023-03-07 20:00:00,93.4,93.7,93.31,93.48,1522.0,3,0.0
2023-03-08 11:00:00,93.77,93.92,93.73,93.77,269.0,4,0.0
2023-03-08 12:00:00,93.77,93.88,93.44,93.61,372.0,4,0.0
2023-03-08 13:00:00,93.61,93.93,93.41,93.71,603.0,4,0.0
2023-03-08 14:00:00,93.71,93.93,92.61,92.82,4587.0,3,0.0
2023-03-08 15:00:00,92.84,93.33,92.17,93.16,8524.0,3,0.0
2023-03-08 16:00:00,93.17,94.15,92.82,93.95,4451.0,3,0.0
2023-03-08 17:00:00,93.95,94.07,93.03,93.22,3014.0,3,0.0
2023-03-08 18:00:00,93.23,93.28,92.75,92.98,3099.0,3,0.0
2023-03-08 19:00:00,92.98,93.63,92.9,93.45,1844.0,3,0.0
2023-03-08 20:00:00,93.45,93.84,93.2,93.84,1321.0,3,0.0
2023-03-09 11:00:00,93.16,93.39,93.16,93.39,170.0,10,0.0
2023-03-09 12:00:00,93.39,93.39,93.2,93.3,308.0,4,0.0
2023-03-09 13:00:00,93.3,93.91,93.11,93.91,741.0,4,0.0
2023-03-09 14:00:00,93.92,95.62,93.51,95.41,6421.0,3,0.0
2023-03-09 15:00:00,95.42,96.19,95.05,95.54,5133.0,3,0.0
2023-03-09 16:00:00,95.53,95.81,95.13,95.45,3688.0,3,0.0
2023-03-09 17:00:00,95.47,95.51,94.65,94.83,3124.0,3,0.0
2023-03-09 18:00:00,94.82,94.97,93.17,93.4,4319.0,3,0.0
2023-03-09 19:00:00,93.4,93.52,92.94,93.18,4266.0,3,0.0
2023-03-09 20:00:00,93.21,93.26,92.18,92.5,4073.0,3,0.0
2023-03-10 11:00:00,92.25,93.22,92.18,92.73,715.0,4,0.0
2023-03-10 12:00:00,92.72,92.83,92.36,92.6,431.0,10,0.0
2023-03-10 13:00:00,92.6,93.53,92.0,93.14,1662.0,10,0.0
2023-03-10 14:00:00,93.14,93.19,90.79,91.4,9799.0,3,0.0
2023-03-10 15:00:00,91.41,93.08,91.38,93.02,13089.0,3,0.0
2023-03-10 16:00:00,93.01,93.55,92.36,92.37,8474.0,3,0.0
2023-03-10 17:00:00,92.38,92.52,91.13,91.2,6122.0,3,0.0
2023-03-10 18:00:00,91.21,91.35,90.73,90.91,5203.0,3,0.0
2023-03-10 19:00:00,90.9,91.68,90.8,91.32,8555.0,3,0.0
2023-03-10 20:00:00,91.31,91.47,90.42,90.55,5622.0,3,0.0
2023-03-13 10:00:00,90.95,91.78,90.78,91.65,804.0,4,0.0
2023-03-13 11:00:00,91.65,91.69,91.0,91.21,847.0,10,0.0
2023-03-13 12:00:00,91.21,91.39,88.33,89.22,1524.0,4,0.0
2023-03-13 13:00:00,89.22,90.64,88.1,90.17,17921.0,3,0.0
2023-03-13 14:00:00,90.16,91.73,89.89,91.59,19056.0,3,0.0
2023-03-13 15:00:00,91.6,93.25,91.44,93.0,13146.0,3,0.0
2023-03-13 16:00:00,93.0,93.65,92.7,92.79,9591.0,3,0.0
2023-03-13 17:00:00,92.8,93.07,92.28,92.96,7341.0,3,0.0
2023-03-13 18:00:00,92.96,94.01,92.95,93.75,6993.0,3,0.0
2023-03-13 19:00:00,93.75,93.85,92.63,93.23,5765.0,3,0.0
2023-03-14 11:00:00,92.94,93.54,92.93,93.26,687.0,4,0.0
2023-03-14 12:00:00,93.25,93.9,92.23,93.75,1410.0,4,0.0
2023-03-14 13:00:00,93.77,93.93,92.7,93.25,9895.0,3,0.0
2023-03-14 14:00:00,93.24,94.59,93.02,94.05,8392.0,3,0.0
2023-03-14 15:00:00,94.05,95.05,94.02,94.55,4480.0,3,0.0
2023-03-14 16:00:00,94.55,94.63,93.79,94.03,4435.0,3,0.0
2023-03-14 17:00:00,94.03,94.14,93.35,93.71,6523.0,3,0.0
2023-03-14 18:00:00,93.71,94.24,93.3,94.0,5905.0,3,0.0
2023-03-14 19:00:00,94.0,94.21,93.38,94.13,5412.0,3,0.0
2023-03-15 10:00:00,94.09,94.23,92.56,92.74,1578.0,4,0.0
2023-03-15 11:00:00,92.72,93.55,92.72,93.22,766.0,10,0.0
2023-03-15 12:00:00,93.22,93.81,92.9,93.19,984.0,10,0.0
2023-03-15 13:00:00,93.19,94.7,92.92,93.95,10283.0,3,0.0
2023-03-15 14:00:00,93.93,94.52,93.06,93.99,10874.0,3,0.0
2023-03-15 15:00:00,94.0,95.23,93.81,94.7,7667.0,3,0.0
2023-03-15 16:00:00,94.7,95.17,94.25,94.46,5731.0,3,0.0
2023-03-15 17:00:00,94.46,95.73,94.3,95.55,6468.0,3,0.0
2023-03-15 18:00:00,95.55,96.65,95.33,95.99,9975.0,3,0.0
2023-03-15 19:00:00,95.98,96.33,95.35,95.8,7135.0,3,0.0
2023-03-16 10:00:00,96.06,96.18,95.9,96.12,440.0,4,0.0
2023-03-16 11:00:00,96.12,96.35,95.79,96.32,724.0,4,0.0
2023-03-16 12:00:00,96.32,96.67,95.98,96.08,899.0,4,0.0
2023-03-16 13:00:00,96.07,97.55,94.98,97.51,9337.0,3,0.0
2023-03-16 14:00:00,97.51,99.67,96.95,99.43,11631.0,3,0.0
2023-03-16 15:00:00,99.44,100.45,99.02,100.2,8551.0,3,0.0
2023-03-16 16:00:00,100.2,100.38,99.65,99.93,4120.0,3,0.0
2023-03-16 17:00:00,100.31,100.45,99.74,100.12,2390.0,3,0.0
2023-03-16 18:00:00,100.13,100.36,99.86,100.24,4297.0,3,0.0
2023-03-16 19:00:00,100.25,100.32,99.77,99.92,2820.0,3,0.0
2023-03-17 10:00:00,100.01,100.06,99.68,99.88,555.0,4,0.0
2023-03-17 11:00:00,99.91,100.34,99.91,100.11,646.0,4,0.0
2023-03-17 12:00:00,100.13,100.19,99.17,99.3,569.0,4,0.0
2023-03-17 13:00:00,99.3,100.63,99.15,100.2,9164.0,3,0.0
2023-03-17 14:00:00,100.19,100.53,97.83,98.1,9376.0,3,0.0
2023-03-17 15:00:00,98.09,98.52,97.44,97.89,6835.0,3,0.0
2023-03-17 16:00:00,97.89,98.73,97.83,98.55,5531.0,3,0.0
2023-03-17 17:00:00,98.56,99.05,98.29,99.05,4829.0,3,0.0
2023-03-17 18:00:00,99.05,99.27,98.26,98.53,5074.0,3,0.0
2023-03-17 19:00:00,98.53,99.01,98.3,98.97,4245.0,3,0.0
2023-03-20 10:00:00,98.39,98.88,98.21,98.33,851.0,10,0.0
2023-03-20 11:00:00,98.36,98.68,98.18,98.54,596.0,10,0.0
2023-03-20 12:00:00,98.54,98.92,98.22,98.69,683.0,4,0.0
2023-03-20 13:00:00,98.68,98.72,95.81,96.02,9322.0,3,0.0
2023-03-20 14:00:00,96.03,97.55,95.69,97.52,11658.0,3,0.0
2023-03-20 15:00:00,97.51,97.85,96.72,96.77,5256.0,3,0.0
2023-03-20 16:00:00,96.76,97.07,96.19,96.63,4875.0,3,0.0
2023-03-20 17:00:00,96.64,97.02,96.43,96.7,3443.0,3,0.0
2023-03-20 18:00:00,96.71,97.36,96.53,97.06,4114.0,3,0.0
2023-03-20 19:00:00,97.06,97.36,96.92,97.28,2836.0,3,0.0
2023-03-21 10:00:00,97.82,98.31,97.78,98.27,401.0,4,0.0
2023-03-21 11:00:00,98.27,98.72,98.13,98.55,582.0,4,0.0
2023-03-21 12:00:00,98.55,98.63,97.75,97.99,507.0,4,0.0
2023-03-21 13:00:00,97.99,99.17,97.98,98.98,5950.0,3,0.0
2023-03-21 14:00:00,98.97,99.25,98.26,98.56,6805.0,3,0.0
2023-03-21 15:00:00,98.57,99.44,98.48,99.26,4677.0,3,0.0
2023-03-21 16:00:00,99.25,99.79,99.12,99.47,3512.0,3,0.0
2023-03-21 17:00:00,99.48,100.04,99.24,99.78,2567.0,3,0.0
2023-03-21 18:00:00,99.79,100.4,99.77,100.25,2972.0,3,0.0
2023-03-21 19:00:00,100.25,100.77,100.21,100.77,2098.0,3,0.0
2023-03-22 10:00:00,99.88,100.22,99.86,100.17,301.0,10,0.0
2023-03-22 11:00:00,100.17,100.34,100.0,100.09,302.0,10,0.0
2023-03-22 12:00:00,100.12,100.26,99.98,100.13,241.0,10,0.0
2023-03-22 13:00:00,100.14,100.52,99.33,99.68,5497.0,3,0.0
2023-03-22 14:00:00,99.68,100.41,99.41,100.05,4912.0,3,0.0
2023-03-22 15:00:00,100.05,100.72,99.86,100.27,3210.0,3,0.0
2023-03-22 16:00:00,100.27,100.36,99.77,100.02,2638.0,3,0.0
2023-03-22 17:00:00,100.02,100.85,99.88,100.66,2006.0,3,0.0
2023-03-22 18:00:00,100.66,102.08,100.07,100.33,21287.0,3,0.0
2023-03-22 19:00:00,100.33,101.41,99.75,100.05,12018.0,3,0.0
2023-03-23 10:00:00,99.97,100.21,99.59,99.81,427.0,4,0.0
2023-03-23 11:00:00,99.8,100.59,99.7,100.13,647.0,4,0.0
2023-03-23 12:00:00,100.14,100.24,99.67,99.78,398.0,10,0.0
2023-03-23 13:00:00,99.78,100.72,99.28,99.91,6944.0,3,0.0
2023-03-23 14:00:00,99.9,101.0,99.71,100.81,7205.0,3,0.0
2023-03-23 15:00:00,100.84,101.04,100.22,100.43,4588.0,3,0.0
2023-03-23 16:00:00,100.42,100.68,99.91,100.17,3935.0,3,0.0
2023-03-23 17:00:00,100.17,100.4,99.29,99.35,4964.0,3,0.0
2023-03-23 18:00:00,99.35,99.52,97.65,98.33,7185.0,3,0.0
2023-03-23 19:00:00,98.33,99.03,97.6,98.47,9831.0,3,0.0
2023-03-24 10:00:00,98.54,98.86,98.21,98.47,935.0,4,0.0
2023-03-24 11:00:00,98.47,98.64,98.16,98.21,387.0,10,0.0
2023-03-24 12:00:00,98.21,98.65,98.1,98.5,416.0,4,0.0
2023-03-24 13:00:00,98.5,98.55,96.38,97.1,8667.0,3,0.0
2023-03-24 14:00:00,97.09,97.68,96.88,97.36,9273.0,3,0.0
2023-03-24 15:00:00,97.36,97.84,96.64,97.69,6281.0,3,0.0
2023-03-24 16:00:00,97.69,97.88,96.95,97.21,5004.0,3,0.0
2023-03-24 17:00:00,97.21,97.86,97.08,97.52,4405.0,3,0.0
2023-03-24 18:00:00,97.52,98.15,97.49,97.88,3631.0,3,0.0
2023-03-24 19:00:00,97.89,98.28,97.67,98.06,3397.0,3,0.0
2023-03-27 10:00:00,98.19,98.41,98.12,98.41,193.0,4,0.0
2023-03-27 11:00:00,98.41,99.07,98.41,99.0,586.0,4,0.0
2023-03-27 12:00:00,99.0,99.07,98.7,98.82,467.0,4,0.0
2023-03-27 13:00:00,98.82,99.25,98.32,98.83,6483.0,3,0.0
2023-03-27 14:00:00,98.85,99.32,98.35,98.39,5657.0,3,0.0
2023-03-27 15:00:00,98.4,98.43,97.09,97.1,4287.0,3,0.0
2023-03-27 16:00:00,97.11,97.68,97.07,97.31,3754.0,3,0.0
2023-03-27 17:00:00,97.32,98.06,97.08,97.85,3383.0,3,0.0
2023-03-27 18:00:00,97.86,98.68,97.62,98.56,2868.0,3,0.0
2023-03-27 19:00:00,98.57,98.76,98.14,98.33,2822.0,3,0.0
2023-03-28 10:00:00,97.57,97.7,97.39,97.7,148.0,10,0.0
2023-03-28 11:00:00,97.7,98.28,97.7,98.18,172.0,10,0.0
2023-03-28 12:00:00,98.18,98.3,97.91,98.12,326.0,10,0.0
2023-03-28 13:00:00,98.03,98.42,97.45,97.86,5672.0,3,0.0
2023-03-28 14:00:00,97.86,98.01,97.15,97.22,5290.0,3,0.0
2023-03-28 15:00:00,97.23,97.78,97.15,97.59,2909.0,3,0.0
2023-03-28 16:00:00,97.59,97.69,97.09,97.19,2161.0,3,0.0
2023-03-28 17:00:00,97.19,97.48,96.27,96.34,2105.0,3,0.0
2023-03-28 18:00:00,96.34,96.91,96.31,96.84,2004.0,3,0.0
2023-03-28 19:00:00,96.84,97.08,96.72,97.04,1865.0,3,0.0
2023-03-29 10:00:00,98.01,98.11,97.87,97.94,181.0,4,0.0
2023-03-29 11:00:00,97.93,98.18,97.85,98.09,228.0,4,0.0
2023-03-29 12:00:00,98.11,98.29,97.98,98.19,299.0,4,0.0
2023-03-29 13:00:00,98.19,100.27,98.13,99.55,6297.0,3,0.0
2023-03-29 14:00:00,99.56,100.07,98.95,99.1,5243.0,3,0.0
2023-03-29 15:00:00,99.09,99.98,99.09,99.76,2741.0,3,0.0
2023-03-29 16:00:00,99.76,99.88,99.21,99.25,2376.0,3,0.0
2023-03-29 17:00:00,99.25,99.81,99.14,99.52,2332.0,3,0.0
2023-03-29 18:00:00,99.52,100.23,99.48,100.17,2084.0,3,0.0
2023-03-29 19:00:00,100.17,100.33,99.96,100.23,2131.0,3,0.0
2023-03-30 10:00:00,100.6,100.82,100.58,100.79,173.0,10,0.0
2023-03-30 11:00:00,100.77,101.06,100.65,101.04,280.0,4,0.0
2023-03-30 12:00:00,101.04,101.35,100.91,101.12,494.0,4,0.0
2023-03-30 13:00:00,101.14,102.05,100.97,102.05,6580.0,3,0.0
2023-03-30 14:00:00,102.06,103.03,101.38,102.25,6422.0,3,0.0
2023-03-30 15:00:00,102.26,102.55,102.0,102.42,3432.0,3,0.0
2023-03-30 16:00:00,102.42,102.67,101.63,101.9,3019.0,3,0.0
2023-03-30 17:00:00,101.9,102.08,101.0,101.27,3041.0,3,0.0
2023-03-30 18:00:00,101.27,101.86,101.22,101.78,1933.0,3,0.0
2023-03-30 19:00:00,101.78,102.06,101.67,101.95,1274.0,3,0.0
2023-03-31 10:00:00,101.79,101.85,101.68,101.78,179.0,4,0.0
2023-03-31 11:00:00,101.79,102.09,101.79,101.9,302.0,4,0.0
2023-03-31 12:00:00,101.92,102.44,101.69,102.1,559.0,4,0.0
2023-03-31 13:00:00,102.11,102.94,101.92,102.52,4540.0,3,0.0
2023-03-31 14:00:00,102.53,103.07,102.13,102.9,4316.0,3,0.0
2023-03-31 15:00:00,102.9,103.27,102.69,103.23,2477.0,3,0.0
2023-03-31 16:00:00,103.23,103.25,102.79,102.81,2141.0,3,0.0
2023-03-31 17:00:00,102.81,103.12,102.62,102.96,1821.0,3,0.0
2023-03-31 18:00:00,102.97,103.18,102.7,102.84,1721.0,3,0.0
2023-03-31 19:00:00,102.83,103.26,102.82,102.95,2143.0,3,0.0
2023-04-03 10:00:00,102.37,102.43,102.01,102.02,342.0,10,0.0
2023-04-03 11:00:00,102.03,102.58,102.03,102.31,415.0,10,0.0
2023-04-03 12:00:00,102.31,102.49,101.98,102.45,335.0,4,0.0
2023-04-03 13:00:00,102.46,102.98,101.69,102.56,6597.0,3,0.0
2023-04-03 14:00:00,102.6,103.27,101.86,101.92,6087.0,3,0.0
2023-04-03 15:00:00,101.93,102.32,101.82,102.2,3012.0,3,0.0
2023-04-03 16:00:00,102.2,102.33,101.87,101.88,1734.0,3,0.0
2023-04-03 17:00:00,101.88,101.95,101.57,101.71,1751.0,3,0.0
2023-04-03 18:00:00,101.72,101.99,101.41,101.93,1566.0,3,0.0
2023-04-03 19:00:00,101.94,102.43,101.88,102.42,1378.0,3,0.0
2023-04-04 10:00:00,102.72,103.0,102.15,102.78,234.0,10,0.0
2023-04-04 11:00:00,102.78,103.55,102.78,103.49,361.0,10,0.0
2023-04-04 12:00:00,103.48,103.54,103.08,103.13,279.0,10,0.0
2023-04-04 13:00:00,103.13,103.21,102.39,102.65,5903.0,3,0.0
2023-04-04 14:00:00,102.66,103.75,102.65,102.97,8061.0,3,0.0
2023-04-04 15:00:00,102.97,102.99,102.16,102.74,5608.0,3,0.0
2023-04-04 16:00:00,102.74,102.86,102.1,102.79,4285.0,3,0.0
2023-04-04 17:00:00,102.8,103.4,102.69,103.24,3007.0,3,0.0
2023-04-04 18:00:00,103.24,103.87,102.99,103.66,3212.0,3,0.0
2023-04-04 19:00:00,103.66,104.18,103.5,103.74,3055.0,3,0.0
2023-04-05 10:00:00,103.72,103.87,103.66,103.85,161.0,3,0.0
2023-04-05 11:00:00,103.87,103.9,103.62,103.75,253.0,4,0.0
2023-04-05 12:00:00,103.76,104.23,103.71,104.0,507.0,4,0.0
2023-04-05 13:00:00,104.01,104.15,102.43,102.71,6646.0,3,0.0
2023-04-05 14:00:00,102.74,102.89,100.93,100.95,6810.0,3,0.0
2023-04-05 15:00:00,100.95,101.6,100.74,101.25,3206.0,3,0.0
2023-04-05 16:00:00,101.25,101.28,100.93,101.17,2360.0,3,0.0
2023-04-05 17:00:00,101.17,101.58,101.05,101.53,2274.0,3,0.0
2023-04-05 18:00:00,101.53,101.73,101.36,101.42,2113.0,3,0.0
2023-04-05 19:00:00,101.42,101.49,101.0,101.48,2062.0,3,0.0
2023-04-06 10:00:00,100.73,100.84,100.51,100.77,180.0,10,0.0
2023-04-06 11:00:00,100.77,101.24,100.76,101.16,214.0,10,0.0
2023-04-06 12:00:00,101.15,101.15,100.36,100.43,377.0,10,0.0
2023-04-06 13:00:00,100.42,100.98,99.79,100.27,5865.0,3,0.0
2023-04-06 14:00:00,100.28,101.17,100.24,100.58,5200.0,3,0.0
2023-04-06 15:00:00,100.59,101.61,100.52,101.38,3155.0,3,0.0
2023-04-06 16:00:00,101.39,101.75,101.14,101.29,2767.0,3,0.0
2023-04-06 17:00:00,101.3,101.72,101.16,101.7,2326.0,3,0.0
2023-04-06 18:00:00,101.7,102.17,101.6,101.94,2025.0,3,0.0
2023-04-06 19:00:00,101.94,102.16,101.71,102.13,2051.0,3,0.0
2023-04-10 10:00:00,101.9,101.92,101.88,101.92,17.0,4,0.0
2023-04-10 11:00:00,101.92,101.92,101.39,101.58,221.0,4,0.0
2023-04-10 12:00:00,101.58,101.66,101.07,101.09,291.0,10,0.0
2023-04-10 13:00:00,101.08,101.31,99.56,100.32,6090.0,3,0.0
2023-04-10 14:00:00,100.3,100.98,99.95,100.8,4559.0,3,0.0
2023-04-10 15:00:00,100.81,101.38,100.76,100.79,2880.0,3,0.0
2023-04-10 16:00:00,100.79,101.58,100.44,101.42,3157.0,3,0.0
2023-04-10 17:00:00,101.42,101.84,101.4,101.56,2337.0,3,0.0
2023-04-10 18:00:00,101.57,102.0,101.51,101.91,1871.0,3,0.0
2023-04-10 19:00:00,101.91,101.97,101.62,101.75,1663.0,3,0.0
2023-04-11 10:00:00,102.34,102.53,101.55,101.77,271.0,10,0.0
2023-04-11 11:00:00,101.78,101.93,101.16,101.43,508.0,10,0.0
2023-04-11 12:00:00,101.42,101.46,100.95,100.99,552.0,10,0.0
2023-04-11 13:00:00,101.01,101.01,99.69,99.72,6356.0,3,0.0
2023-04-11 14:00:00,99.73,99.89,99.31,99.36,4978.0,3,0.0
2023-04-11 15:00:00,99.36,99.6,99.0,99.15,2907.0,3,0.0
2023-04-11 16:00:00,99.14,99.68,99.13,99.61,1935.0,3,0.0
2023-04-11 17:00:00,99.62,100.14,99.53,100.12,1853.0,3,0.0
2023-04-11 18:00:00,100.13,100.48,99.93,100.37,1266.0,3,0.0
2023-04-11 19:00:00,100.37,100.59,100.03,100.06,1574.0,3,0.0
2023-04-12 10:00:00,100.02,100.2,99.83,99.83,167.0,3,0.0
2023-04-12 11:00:00,99.83,100.1,99.79,100.08,288.0,4,0.0
2023-04-12 12:00:00,100.1,101.84,99.79,101.03,1178.0,4,0.0
2023-04-12 13:00:00,101.03,101.1,99.19,99.44,7193.0,3,0.0
2023-04-12 14:00:00,99.43,100.08,98.71,98.76,6214.0,3,0.0
2023-04-12 15:00:00,98.76,99.13,98.4,99.12,3775.0,3,0.0
2023-04-12 16:00:00,99.13,99.29,98.85,99.11,2652.0,3,0.0
2023-04-12 17:00:00,99.11,99.39,98.92,99.0,2270.0,3,0.0
2023-04-12 18:00:00,99.0,99.18,98.26,98.47,5170.0,3,0.0
2023-04-12 19:00:00,98.46,98.64,97.87,98.16,3045.0,3,0.0
2023-04-13 10:00:00,98.45,98.45,97.94,98.33,683.0,4,0.0
2023-04-13 11:00:00,98.31,98.36,97.74,97.82,385.0,4,0.0
2023-04-13 12:00:00,97.85,98.37,97.53,98.31,1346.0,4,0.0
2023-04-13 13:00:00,98.3,100.02,98.22,99.86,6948.0,3,0.0
2023-04-13 14:00:00,99.87,100.88,99.67,100.58,5902.0,3,0.0
2023-04-13 15:00:00,100.59,100.99,100.5,100.76,2909.0,3,0.0
2023-04-13 16:00:00,100.76,101.29,100.65,101.13,1892.0,3,0.0
2023-04-13 17:00:00,101.14,101.95,100.93,101.87,2089.0,3,0.0
2023-04-13 18:00:00,101.87,102.55,101.87,101.99,2389.0,3,0.0
2023-04-13 19:00:00,101.99,102.39,101.89,102.36,1449.0,3,0.0
2023-04-14 10:00:00,101.78,101.95,101.42,101.54,305.0,10,0.0
2023-04-14 11:00:00,101.62,101.92,101.37,101.85,378.0,10,0.0
2023-04-14 12:00:00,101.86,102.51,101.66,101.81,649.0,10,0.0
2023-04-14 13:00:00,101.84,102.97,101.76,102.81,5741.0,3,0.0
2023-04-14 14:00:00,102.76,103.19,101.17,101.57,8269.0,3,0.0
2023-04-14 15:00:00,101.57,102.04,101.27,101.63,4865.0,3,0.0
2023-04-14 16:00:00,101.64,101.73,101.1,101.25,3647.0,3,0.0
2023-04-14 17:00:00,101.24,101.91,101.19,101.82,2800.0,3,0.0
2023-04-14 18:00:00,101.82,102.73,101.67,102.67,2505.0,3,0.0
2023-04-14 19:00:00,102.67,102.67,102.11,102.64,2417.0,3,0.0
2023-04-17 10:00:00,102.58,102.74,102.54,102.71,230.0,4,0.0
2023-04-17 11:00:00,102.72,102.75,102.33,102.51,244.0,4,0.0
2023-04-17 12:00:00,102.5,102.91,102.39,102.64,458.0,4,0.0
2023-04-17 13:00:00,102.65,103.7,102.64,103.28,7000.0,3,0.0
2023-04-17 14:00:00,103.29,103.55,102.16,102.56,6036.0,3,0.0
2023-04-17 15:00:00,102.57,102.66,101.97,101.99,3158.0,3,0.0
2023-04-17 16:00:00,101.98,102.08,101.59,101.91,2535.0,3,0.0
2023-04-17 17:00:00,101.91,102.45,101.89,101.93,2171.0,3,0.0
2023-04-17 18:00:00,101.93,102.36,101.88,102.34,1827.0,3,0.0
2023-04-17 19:00:00,102.35,102.52,102.25,102.46,1355.0,3,0.0
2023-04-18 10:00:00,103.23,103.37,103.11,103.18,326.0,10,0.0
2023-04-18 11:00:00,103.18,103.42,103.02,103.29,258.0,10,0.0
2023-04-18 12:00:00,103.28,103.61,103.21,103.59,368.0,4,0.0
2023-04-18 13:00:00,103.58,104.17,103.14,103.3,5912.0,3,0.0
2023-04-18 14:00:00,103.31,103.38,101.76,101.81,5670.0,3,0.0
2023-04-18 15:00:00,101.8,102.32,101.77,102.02,3548.0,3,0.0
2023-04-18 16:00:00,102.01,102.49,101.95,102.13,2363.0,3,0.0
2023-04-18 17:00:00,102.13,102.41,101.93,101.99,2338.0,3,0.0
2023-04-18 18:00:00,101.98,102.15,101.51,101.7,2642.0,3,0.0
2023-04-18 19:00:00,101.72,102.16,101.68,102.15,1551.0,3,0.0
2023-04-19 10:00:00,101.11,101.18,100.89,101.13,391.0,10,0.0
2023-04-19 11:00:00,101.17,101.86,101.17,101.69,328.0,10,0.0
2023-04-19 12:00:00,101.68,101.82,101.53,101.69,209.0,10,0.0
2023-04-19 13:00:00,101.69,103.48,101.37,102.86,6177.0,3,0.0
2023-04-19 14:00:00,102.87,103.25,102.14,102.82,5484.0,3,0.0
2023-04-19 15:00:00,102.83,104.18,102.83,104.06,4430.0,3,0.0
2023-04-19 16:00:00,104.06,104.86,103.83,104.33,3634.0,3,0.0
2023-04-19 17:00:00,104.33,105.07,104.24,104.94,2847.0,3,0.0
2023-04-19 18:00:00,104.95,105.1,104.56,104.83,2566.0,3,0.0
2023-04-19 19:00:00,104.83,105.04,104.4,104.45,1708.0,3,0.0
2023-04-20 10:00:00,103.03,103.14,102.71,103.06,359.0,10,0.0
2023-04-20 11:00:00,103.08,103.43,103.08,103.29,234.0,10,0.0
2023-04-20 12:00:00,103.3,103.81,103.22,103.72,373.0,10,0.0
2023-04-20 13:00:00,103.72,105.18,103.34,105.09,4338.0,3,0.0
2023-04-20 14:00:00,105.08,105.22,103.99,104.04,5702.0,3,0.0
2023-04-20 15:00:00,104.05,104.35,103.64,104.17,4153.0,3,0.0
2023-04-20 16:00:00,104.19,104.39,103.86,104.2,3041.0,3,0.0
2023-04-20 17:00:00,104.21,104.69,104.15,104.31,2641.0,3,0.0
2023-04-20 18:00:00,104.3,104.38,103.44,103.72,3693.0,3,0.0
2023-04-20 19:00:00,103.73,103.99,103.2,103.47,3627.0,3,0.0
2023-04-21 10:00:00,103.86,104.14,103.73,104.06,509.0,10,0.0
2023-04-21 11:00:00,104.07,104.82,104.03,104.8,501.0,10,0.0
2023-04-21 12:00:00,104.8,105.86,104.7,105.85,965.0,4,0.0
2023-04-21 13:00:00,105.85,106.69,105.28,105.32,10126.0,3,0.0
2023-04-21 14:00:00,105.31,106.3,105.07,106.28,7973.0,3,0.0
2023-04-21 15:00:00,106.3,107.45,106.23,107.19,5963.0,3,0.0
2023-04-21 16:00:00,107.19,107.51,106.82,107.29,5434.0,3,0.0
2023-04-21 17:00:00,107.29,107.97,107.21,107.73,4364.0,3,0.0
2023-04-21 18:00:00,107.75,108.13,107.51,107.54,3854.0,3,0.0
2023-04-21 19:00:00,107.54,107.65,106.74,107.14,3362.0,3,0.0
2023-04-24 10:00:00,106.99,107.08,106.86,107.06,220.0,4,0.0
2023-04-24 11:00:00,107.1,107.77,107.01,107.6,560.0,4,0.0
2023-04-24 12:00:00,107.6,107.91,107.37,107.84,380.0,4,0.0
2023-04-24 13:00:00,107.85,109.22,107.46,108.22,7421.0,3,0.0
2023-04-24 14:00:00,108.21,108.25,105.93,106.14,7328.0,3,0.0
2023-04-24 15:00:00,106.14,106.24,105.06,105.46,4464.0,3,0.0
2023-04-24 16:00:00,105.45,106.18,105.43,105.99,3217.0,3,0.0
2023-04-24 17:00:00,105.99,106.39,105.78,106.26,2379.0,3,0.0
2023-04-24 18:00:00,106.27,106.52,105.66,106.06,2587.0,3,0.0
2023-04-24 19:00:00,106.06,106.3,106.01,106.07,1861.0,3,0.0
2023-04-25 10:00:00,105.62,105.68,105.23,105.42,384.0,10,0.0
2023-04-25 11:00:00,105.44,105.62,105.28,105.34,266.0,10,0.0
2023-04-25 12:00:00,105.34,105.67,105.27,105.35,248.0,10,0.0
2023-04-25 13:00:00,105.33,105.42,104.43,104.56,5747.0,3,0.0
2023-04-25 14:00:00,104.55,104.94,103.83,103.94,5204.0,3,0.0
2023-04-25 15:00:00,103.95,104.4,103.7,103.77,3265.0,3,0.0
2023-04-25 16:00:00,103.77,104.26,103.77,104.17,2641.0,3,0.0
2023-04-25 17:00:00,104.18,104.4,103.29,103.29,3916.0,3,0.0
2023-04-25 18:00:00,103.3,103.43,102.49,102.85,3876.0,3,0.0
2023-04-25 19:00:00,102.84,103.24,102.74,102.86,2451.0,3,0.0
2023-04-26 10:00:00,106.15,106.37,105.43,105.53,337.0,20,0.0
2023-04-26 11:00:00,105.57,105.74,105.07,105.34,723.0,10,0.0
2023-04-26 12:00:00,105.34,105.63,104.89,105.29,847.0,10,0.0
2023-04-26 13:00:00,105.28,106.45,104.1,105.97,8657.0,3,0.0
2023-04-26 14:00:00,105.93,106.42,104.89,105.21,8975.0,3,0.0
2023-04-26 15:00:00,105.21,106.53,105.17,106.49,4852.0,3,0.0
2023-04-26 16:00:00,106.5,106.6,105.64,105.78,4142.0,3,0.0
2023-04-26 17:00:00,105.79,106.01,105.53,105.97,3898.0,3,0.0
2023-04-26 18:00:00,105.98,106.04,105.25,105.29,3974.0,3,0.0
2023-04-26 19:00:00,105.31,105.32,104.93,105.12,2658.0,3,0.0
2023-04-27 10:00:00,107.62,107.65,107.33,107.65,239.0,20,0.0
2023-04-27 11:00:00,107.58,108.14,107.42,107.74,507.0,10,0.0
2023-04-27 12:00:00,107.76,108.3,107.25,108.3,1062.0,10,0.0
2023-04-27 13:00:00,108.28,108.82,106.79,107.57,8157.0,3,0.0
2023-04-27 14:00:00,107.58,109.63,107.29,108.81,8416.0,3,0.0
2023-04-27 15:00:00,108.8,109.58,108.68,109.02,5055.0,3,0.0
2023-04-27 16:00:00,109.02,110.19,109.02,109.96,3522.0,3,0.0
2023-04-27 17:00:00,109.96,110.82,109.8,110.16,3090.0,3,0.0
2023-04-27 18:00:00,110.17,110.61,109.51,110.02,4385.0,3,0.0
2023-04-27 19:00:00,110.01,110.17,109.44,109.57,2681.0,3,0.0
2023-04-28 10:00:00,108.59,108.87,107.62,107.76,573.0,10,0.0
2023-04-28 11:00:00,107.76,108.11,106.74,106.79,978.0,10,0.0
2023-04-28 12:00:00,106.79,107.34,105.73,107.16,3076.0,4,0.0
2023-04-28 13:00:00,107.2,109.45,104.32,105.36,20512.0,3,0.0
2023-04-28 14:00:00,105.36,106.85,104.83,105.03,16971.0,3,0.0
2023-04-28 15:00:00,105.03,105.65,104.8,105.51,6317.0,3,0.0
2023-04-28 16:00:00,105.52,106.24,105.29,106.22,4171.0,3,0.0
2023-04-28 17:00:00,106.21,106.4,105.49,105.8,3683.0,3,0.0
2023-04-28 18:00:00,105.79,106.15,105.67,106.06,3088.0,3,0.0
2023-04-28 19:00:00,106.05,106.27,105.73,105.83,2658.0,3,0.0
2023-05-01 10:00:00,105.36,105.36,105.08,105.16,45.0,10,0.0
2023-05-01 11:00:00,105.1,105.21,104.97,104.97,148.0,10,0.0
2023-05-01 12:00:00,104.96,105.08,104.46,105.0,435.0,10,0.0
2023-05-01 13:00:00,104.96,105.16,103.45,104.53,6699.0,3,0.0
2023-05-01 14:00:00,104.47,104.47,103.0,103.52,6661.0,3,0.0
2023-05-01 15:00:00,103.52,103.59,102.19,102.76,4482.0,3,0.0
2023-05-01 16:00:00,102.76,103.22,102.68,102.96,3007.0,3,0.0
2023-05-01 17:00:00,102.96,103.03,102.67,102.76,2372.0,3,0.0
2023-05-01 18:00:00,102.76,102.83,102.15,102.49,2317.0,3,0.0
2023-05-01 19:00:00,102.49,102.52,101.81,102.15,1762.0,3,0.0
2023-05-02 10:00:00,101.69,101.77,101.57,101.76,210.0,4,0.0
2023-05-02 11:00:00,101.72,101.73,101.59,101.62,319.0,4,0.0
2023-05-02 12:00:00,101.62,101.73,101.39,101.66,295.0,4,0.0
2023-05-02 13:00:00,101.68,103.21,101.14,103.09,8293.0,3,0.0
2023-05-02 14:00:00,103.12,103.77,102.49,102.57,9001.0,3,0.0
2023-05-02 15:00:00,102.57,103.08,102.1,102.49,5239.0,3,0.0
2023-05-02 16:00:00,102.48,103.04,102.36,102.76,3508.0,3,0.0
2023-05-02 17:00:00,102.76,103.82,102.75,103.53,3006.0,3,0.0
2023-05-02 18:00:00,103.52,103.8,103.07,103.79,3404.0,3,0.0
2023-05-02 19:00:00,103.78,103.88,103.49,103.64,2021.0,3,0.0
2023-05-03 10:00:00,103.79,103.9,103.72,103.87,320.0,4,0.0
2023-05-03 11:00:00,103.86,104.24,103.83,104.14,346.0,4,0.0
2023-05-03 12:00:00,104.15,104.22,103.83,103.9,259.0,4,0.0
2023-05-03 13:00:00,103.91,105.85,103.52,105.67,5887.0,3,0.0
2023-05-03 14:00:00,105.66,105.95,104.56,104.56,5822.0,3,0.0
2023-05-03 15:00:00,104.56,105.08,104.36,104.98,3979.0,3,0.0
2023-05-03 16:00:00,104.98,105.3,104.77,105.14,2491.0,3,0.0
2023-05-03 17:00:00,105.15,105.15,104.65,104.76,2654.0,3,0.0
2023-05-03 18:00:00,104.76,105.7,104.36,104.99,15074.0,3,0.0
2023-05-03 19:00:00,104.99,105.22,103.38,103.54,11265.0,3,0.0
2023-05-04 10:00:00,104.11,104.24,104.0,104.11,209.0,10,0.0
2023-05-04 11:00:00,104.12,104.64,103.93,104.31,376.0,10,0.0
2023-05-04 12:00:00,104.31,104.32,103.76,103.99,510.0,10,0.0
2023-05-04 13:00:00,104.0,105.36,103.81,104.36,6580.0,3,0.0
2023-05-04 14:00:00,104.36,104.66,103.3,104.07,7720.0,3,0.0
2023-05-04 15:00:00,104.06,104.93,104.0,104.29,5366.0,3,0.0
2023-05-04 16:00:00,104.28,104.62,104.06,104.42,3345.0,3,0.0
2023-05-04 17:00:00,104.42,104.81,104.27,104.52,3694.0,3,0.0
2023-05-04 18:00:00,104.52,104.57,103.96,104.14,3335.0,3,0.0
2023-05-04 19:00:00,104.14,104.37,103.95,104.08,2769.0,3,0.0
2023-05-05 10:00:00,104.45,104.66,104.42,104.48,152.0,10,0.0
2023-05-05 11:00:00,104.48,105.14,104.47,105.05,345.0,10,0.0
2023-05-05 12:00:00,105.05,105.31,104.7,104.7,968.0,10,0.0
2023-05-05 13:00:00,104.82,105.05,103.53,103.87,5817.0,3,0.0
2023-05-05 14:00:00,103.88,105.36,103.86,105.14,5192.0,3,0.0
2023-05-05 15:00:00,105.15,105.33,104.76,104.8,2875.0,3,0.0
2023-05-05 16:00:00,104.81,105.21,104.68,105.21,2185.0,3,0.0
2023-05-05 17:00:00,105.21,105.74,105.09,105.49,2242.0,3,0.0
2023-05-05 18:00:00,105.49,105.73,105.14,105.59,1902.0,3,0.0
2023-05-05 19:00:00,105.59,105.7,105.3,105.4,1385.0,3,0.0
2023-05-08 10:00:00,105.45,105.45,105.37,105.42,65.0,3,0.0
2023-05-08 11:00:00,105.4,105.75,105.39,105.71,359.0,4,0.0
2023-05-08 12:00:00,105.68,105.7,105.22,105.28,419.0,4,0.0
2023-05-08 13:00:00,105.27,105.52,104.69,105.17,5326.0,3,0.0
2023-05-08 14:00:00,105.18,105.96,104.99,105.79,5259.0,3,0.0
2023-05-08 15:00:00,105.8,105.86,104.97,105.38,2732.0,3,0.0
2023-05-08 16:00:00,105.38,105.43,105.11,105.34,1745.0,3,0.0
2023-05-08 17:00:00,105.35,106.08,105.14,105.99,2518.0,3,0.0
2023-05-08 18:00:00,105.99,106.08,105.37,105.99,2711.0,3,0.0
2023-05-08 19:00:00,106.0,106.02,105.59,105.81,1379.0,3,0.0
2023-05-09 10:00:00,105.61,105.95,105.49,105.71,441.0,4,0.0
2023-05-09 11:00:00,105.7,105.88,105.53,105.74,513.0,4,0.0
2023-05-09 12:00:00,105.74,105.75,105.3,105.32,264.0,4,0.0
2023-05-09 13:00:00,105.32,105.71,105.13,105.68,4287.0,3,0.0
2023-05-09 14:00:00,105.69,106.77,105.45,106.47,4614.0,3,0.0
2023-05-09 15:00:00,106.46,106.73,105.91,106.01,2776.0,3,0.0
2023-05-09 16:00:00,106.0,106.41,105.9,106.35,1702.0,3,0.0
2023-05-09 17:00:00,106.36,106.7,106.32,106.56,1246.0,3,0.0
2023-05-09 18:00:00,106.57,106.66,106.27,106.42,1162.0,3,0.0
2023-05-09 19:00:00,106.42,106.61,106.31,106.47,1028.0,3,0.0
2023-05-10 10:00:00,106.24,106.25,106.1,106.13,62.0,4,0.0
2023-05-10 11:00:00,106.13,106.63,106.13,106.52,272.0,4,0.0
2023-05-10 12:00:00,106.55,108.57,106.51,108.23,1114.0,4,0.0
2023-05-10 13:00:00,108.23,109.69,107.99,109.39,8417.0,3,0.0
2023-05-10 14:00:00,109.41,110.17,108.44,108.76,8958.0,3,0.0
2023-05-10 15:00:00,108.76,110.03,108.51,109.5,4802.0,3,0.0
2023-05-10 16:00:00,109.49,109.86,109.03,109.38,3978.0,3,0.0
2023-05-10 17:00:00,109.38,109.72,108.73,109.33,4554.0,3,0.0
2023-05-10 18:00:00,109.32,109.93,109.32,109.85,3247.0,3,0.0
2023-05-10 19:00:00,109.86,110.64,109.78,110.59,2172.0,3,0.0
2023-05-11 10:00:00,110.64,110.69,110.44,110.53,237.0,4,0.0
2023-05-11 11:00:00,110.55,110.64,110.31,110.36,395.0,4,0.0
2023-05-11 12:00:00,110.37,111.27,110.31,111.04,753.0,10,0.0
2023-05-11 13:00:00,111.04,112.06,110.47,111.74,8707.0,3,0.0
2023-05-11 14:00:00,111.74,112.31,111.16,112.13,6914.0,3,0.0
2023-05-11 15:00:00,112.14,112.94,111.9,112.54,4798.0,3,0.0
2023-05-11 16:00:00,112.54,112.73,112.15,112.72,3111.0,3,0.0
2023-05-11 17:00:00,112.73,113.26,112.47,112.76,3507.0,3,0.0
2023-05-11 18:00:00,112.77,112.95,112.44,112.89,2657.0,3,0.0
2023-05-11 19:00:00,112.89,112.98,112.38,112.52,1595.0,3,0.0
2023-05-12 10:00:00,112.03,112.19,112.02,112.17,58.0,10,0.0
2023-05-12 11:00:00,112.17,112.28,112.01,112.04,170.0,4,0.0
2023-05-12 12:00:00,112.04,112.22,111.91,111.95,254.0,4,0.0
2023-05-12 13:00:00,111.95,112.6,111.37,111.59,4966.0,3,0.0
2023-05-12 14:00:00,111.59,111.66,110.7,110.94,4775.0,3,0.0
2023-05-12 15:00:00,110.93,111.26,110.46,110.73,3733.0,3,0.0
2023-05-12 16:00:00,110.74,110.76,109.3,109.67,4141.0,3,0.0
2023-05-12 17:00:00,109.66,110.24,109.45,109.52,3173.0,3,0.0
2023-05-12 18:00:00,109.51,110.0,109.46,109.97,3103.0,3,0.0
2023-05-12 19:00:00,109.97,110.02,109.56,109.85,2102.0,3,0.0
2023-05-15 10:00:00,110.59,110.66,110.51,110.62,163.0,10,0.0
2023-05-15 11:00:00,110.63,110.64,110.53,110.63,169.0,10,0.0
2023-05-15 12:00:00,110.62,110.81,110.55,110.64,337.0,10,0.0
2023-05-15 13:00:00,110.66,112.27,109.96,110.0,6276.0,3,0.0
2023-05-15 14:00:00,110.01,110.21,109.23,109.85,4819.0,3,0.0
2023-05-15 15:00:00,109.85,110.7,109.83,110.47,3060.0,3,0.0
2023-05-15 16:00:00,110.48,110.61,109.98,110.22,2479.0,3,0.0
2023-05-15 17:00:00,110.22,111.21,110.21,111.17,2709.0,3,0.0
2023-05-15 18:00:00,111.18,111.43,110.99,111.21,2637.0,3,0.0
2023-05-15 19:00:00,111.22,111.29,110.9,110.9,1430.0,3,0.0
2023-05-16 10:00:00,110.76,111.01,110.71,111.0,410.0,4,0.0
2023-05-16 11:00:00,111.02,111.07,110.88,110.99,170.0,10,0.0
2023-05-16 12:00:00,110.99,111.13,110.49,110.65,281.0,10,0.0
2023-05-16 13:00:00,110.63,112.98,110.63,112.32,5538.0,3,0.0
2023-05-16 14:00:00,112.33,113.93,112.3,113.87,5561.0,3,0.0
2023-05-16 15:00:00,113.87,114.06,113.2,114.03,3358.0,3,0.0
2023-05-16 16:00:00,114.04,114.74,113.77,114.56,2711.0,3,0.0
2023-05-16 17:00:00,114.57,114.76,113.95,114.22,2253.0,3,0.0
2023-05-16 18:00:00,114.23,114.28,113.63,114.19,2481.0,3,0.0
2023-05-16 19:00:00,114.19,114.3,113.69,113.72,1791.0,3,0.0
2023-05-17 10:00:00,113.4,113.41,113.03,113.1,475.0,4,0.0
2023-05-17 11:00:00,113.11,113.86,113.11,113.85,339.0,10,0.0
2023-05-17 12:00:00,113.83,114.48,113.66,114.41,418.0,10,0.0
2023-05-17 13:00:00,114.39,115.8,114.11,115.03,7215.0,3,0.0
2023-05-17 14:00:00,115.04,115.43,114.53,115.12,5299.0,3,0.0
2023-05-17 15:00:00,115.13,115.36,114.51,114.86,3742.0,3,0.0
2023-05-17 16:00:00,114.85,115.12,114.21,115.0,2999.0,3,0.0
2023-05-17 17:00:00,115.01,115.47,115.0,115.16,2491.0,3,0.0
2023-05-17 18:00:00,115.16,115.58,115.0,115.22,2717.0,3,0.0
2023-05-17 19:00:00,115.21,115.68,115.11,115.5,1794.0,3,0.0
2023-05-18 10:00:00,115.81,115.95,115.73,115.84,146.0,4,0.0
2023-05-18 11:00:00,115.82,116.51,115.82,116.39,434.0,4,0.0
2023-05-18 12:00:00,116.43,116.59,116.14,116.22,563.0,10,0.0
2023-05-18 13:00:00,116.22,117.93,116.16,117.49,6144.0,3,0.0
2023-05-18 14:00:00,117.49,118.58,117.28,117.52,5176.0,3,0.0
2023-05-18 15:00:00,117.52,118.12,117.45,117.57,3307.0,3,0.0
2023-05-18 16:00:00,117.58,117.6,116.77,117.11,4044.0,3,0.0
2023-05-18 17:00:00,117.12,117.73,116.58,116.63,3160.0,3,0.0
2023-05-18 18:00:00,116.62,117.16,116.32,117.02,2649.0,3,0.0
2023-05-18 19:00:00,117.03,117.9,116.92,117.86,2010.0,3,0.0
2023-05-19 10:00:00,118.01,118.09,117.18,117.37,329.0,4,0.0
2023-05-19 11:00:00,117.49,118.55,117.41,118.4,725.0,10,0.0
2023-05-19 12:00:00,118.36,118.66,118.04,118.53,490.0,10,0.0
2023-05-19 13:00:00,118.52,118.7,117.18,117.32,5294.0,3,0.0
2023-05-19 14:00:00,117.32,117.42,116.66,116.93,4567.0,3,0.0
2023-05-19 15:00:00,116.92,117.0,116.18,116.52,6605.0,3,0.0
2023-05-19 16:00:00,116.51,117.04,116.23,116.46,3720.0,3,0.0
2023-05-19 17:00:00,116.46,116.84,116.17,116.25,2934.0,3,0.0
2023-05-19 18:00:00,116.25,116.31,115.69,116.06,3227.0,3,0.0
2023-05-19 19:00:00,116.06,116.23,115.86,116.17,1880.0,3,0.0
2023-05-22 10:00:00,116.8,117.19,116.69,116.79,336.0,10,0.0
2023-05-22 11:00:00,116.82,117.12,116.71,117.08,347.0,10,0.0
2023-05-22 12:00:00,117.05,117.05,116.49,116.65,270.0,10,0.0
2023-05-22 13:00:00,116.6,116.73,115.14,115.99,5319.0,3,0.0
2023-05-22 14:00:00,115.98,116.18,114.24,114.7,6707.0,3,0.0
2023-05-22 15:00:00,114.71,115.32,114.23,114.47,3444.0,3,0.0
2023-05-22 16:00:00,114.47,115.07,114.26,114.9,3757.0,3,0.0
2023-05-22 17:00:00,114.89,115.32,114.88,115.16,2240.0,3,0.0
2023-05-22 18:00:00,115.16,115.68,115.14,115.44,2002.0,3,0.0
2023-05-22 19:00:00,115.44,115.63,114.95,115.0,1827.0,3,0.0
2023-05-23 10:00:00,114.59,114.89,114.59,114.87,305.0,10,0.0
2023-05-23 11:00:00,114.87,115.05,114.27,114.35,519.0,10,0.0
2023-05-23 12:00:00,114.37,114.73,114.34,114.35,386.0,4,0.0
2023-05-23 13:00:00,114.34,115.69,113.78,115.38,7332.0,3,0.0
2023-05-23 14:00:00,115.39,116.06,115.25,115.68,5319.0,3,0.0
2023-05-23 15:00:00,115.67,117.12,115.64,116.86,3784.0,3,0.0
2023-05-23 16:00:00,116.87,117.08,115.65,116.12,3552.0,3,0.0
2023-05-23 17:00:00,116.13,116.54,115.65,115.69,3509.0,3,0.0
2023-05-23 18:00:00,115.7,115.85,114.9,115.04,4155.0,3,0.0
2023-05-23 19:00:00,115.04,115.2,114.79,115.14,2781.0,3,0.0
2023-05-24 10:00:00,115.82,115.82,115.27,115.52,344.0,10,0.0
2023-05-24 11:00:00,115.52,116.18,115.29,116.08,725.0,10,0.0
2023-05-24 12:00:00,116.13,116.39,115.75,115.79,668.0,10,0.0
2023-05-24 13:00:00,115.78,116.86,114.88,116.55,7546.0,3,0.0
2023-05-24 14:00:00,116.54,116.73,115.2,115.57,6357.0,3,0.0
2023-05-24 15:00:00,115.58,116.44,115.3,115.91,3918.0,3,0.0
2023-05-24 16:00:00,115.9,116.27,115.71,116.01,2724.0,3,0.0
2023-05-24 17:00:00,116.01,116.46,115.71,116.26,2519.0,3,0.0
2023-05-24 18:00:00,116.26,116.78,116.04,116.61,3894.0,3,0.0
2023-05-24 19:00:00,116.62,117.32,116.45,116.78,3054.0,3,0.0
2023-05-25 10:00:00,117.07,117.32,115.86,116.22,530.0,4,0.0
2023-05-25 11:00:00,116.22,116.79,116.21,116.7,824.0,10,0.0
2023-05-25 12:00:00,116.7,116.73,115.91,116.36,1214.0,10,0.0
2023-05-25 13:00:00,116.36,117.2,115.46,115.57,10347.0,3,0.0
2023-05-25 14:00:00,115.56,115.96,114.3,115.02,7379.0,3,0.0
2023-05-25 15:00:00,115.02,115.26,114.43,115.14,4543.0,3,0.0
2023-05-25 16:00:00,115.15,115.38,114.66,114.67,3265.0,3,0.0
2023-05-25 17:00:00,114.68,114.75,114.36,114.49,2591.0,3,0.0
2023-05-25 18:00:00,114.49,115.01,114.39,114.52,3830.0,3,0.0
2023-05-25 19:00:00,114.52,115.31,114.49,115.18,2540.0,3,0.0
2023-05-26 10:00:00,115.12,115.45,115.02,115.45,286.0,3,0.0
2023-05-26 11:00:00,115.48,116.25,115.42,115.95,616.0,4,0.0
2023-05-26 12:00:00,115.97,116.11,115.38,116.01,722.0,10,0.0
2023-05-26 13:00:00,116.01,117.77,115.97,117.62,7646.0,3,0.0
2023-05-26 14:00:00,117.63,119.79,117.63,119.64,6509.0,3,0.0
2023-05-26 15:00:00,119.65,121.17,119.64,120.17,8720.0,3,0.0
2023-05-26 16:00:00,120.16,121.11,119.95,121.06,3909.0,3,0.0
2023-05-26 17:00:00,121.06,121.48,120.65,120.75,3203.0,3,0.0
2023-05-26 18:00:00,120.75,121.14,120.51,120.89,2546.0,3,0.0
2023-05-26 19:00:00,120.89,121.02,119.72,119.94,2297.0,3,0.0
2023-05-30 10:00:00,122.13,122.14,121.8,121.83,283.0,20,0.0
2023-05-30 11:00:00,121.86,122.21,121.64,121.81,650.0,10,0.0
2023-05-30 12:00:00,121.82,122.12,121.52,121.84,559.0,10,0.0
2023-05-30 13:00:00,121.86,122.88,119.83,120.78,12262.0,3,0.0
2023-05-30 14:00:00,120.77,122.55,120.33,121.55,9376.0,3,0.0
2023-05-30 15:00:00,121.54,122.13,121.12,121.35,5058.0,3,0.0
2023-05-30 16:00:00,121.34,122.04,120.84,122.03,4089.0,3,0.0
2023-05-30 17:00:00,122.02,122.2,120.85,121.12,3438.0,3,0.0
2023-05-30 18:00:00,121.11,122.13,120.89,121.94,3666.0,3,0.0
2023-05-30 19:00:00,121.94,122.18,121.68,121.7,2360.0,3,0.0
2023-05-31 10:00:00,121.54,121.6,121.29,121.52,674.0,4,0.0
2023-05-31 11:00:00,121.54,121.8,121.37,121.7,543.0,10,0.0
2023-05-31 12:00:00,121.7,121.79,121.36,121.42,319.0,10,0.0
2023-05-31 13:00:00,121.42,122.01,120.37,121.79,8866.0,3,0.0
2023-05-31 14:00:00,121.81,121.86,119.93,120.19,7432.0,3,0.0
2023-05-31 15:00:00,120.19,120.35,119.15,119.46,4170.0,3,0.0
2023-05-31 16:00:00,119.46,119.74,119.16,119.52,3310.0,3,0.0
2023-05-31 17:00:00,119.51,120.48,119.4,119.99,3054.0,3,0.0
2023-05-31 18:00:00,120.0,120.44,119.98,120.25,3248.0,3,0.0
2023-05-31 19:00:00,120.25,120.46,119.74,120.4,2358.0,3,0.0
2023-06-01 10:00:00,120.57,121.13,120.51,120.79,291.0,4,0.0
2023-06-01 11:00:00,120.83,121.13,120.73,121.06,437.0,4,0.0
2023-06-01 12:00:00,121.03,121.1,120.61,120.92,589.0,10,0.0
2023-06-01 13:00:00,120.88,121.55,119.92,121.07,8258.0,3,0.0
2023-06-01 14:00:00,121.11,122.07,120.29,121.63,7464.0,3,0.0
2023-06-01 15:00:00,121.64,122.41,121.55,122.36,4345.0,3,0.0
2023-06-01 16:00:00,122.37,123.39,122.37,123.27,3761.0,3,0.0
2023-06-01 17:00:00,123.27,123.34,122.74,123.26,2532.0,3,0.0
2023-06-01 18:00:00,123.26,123.36,122.81,123.17,1843.0,3,0.0
2023-06-01 19:00:00,123.18,123.46,122.36,122.58,1948.0,3,0.0
2023-06-02 10:00:00,123.66,123.81,123.43,123.52,224.0,10,0.0
2023-06-02 11:00:00,123.54,124.41,123.54,123.85,583.0,10,0.0
2023-06-02 12:00:00,123.87,124.66,123.4,124.49,1314.0,10,0.0
2023-06-02 13:00:00,124.48,126.36,124.3,124.32,12132.0,4,0.0
2023-06-02 14:00:00,124.34,126.01,124.0,125.97,9279.0,3,0.0
2023-06-02 15:00:00,125.98,126.0,124.56,124.96,4872.0,3,0.0
2023-06-02 16:00:00,124.96,125.04,124.22,124.75,3315.0,3,0.0
2023-06-02 17:00:00,124.76,125.09,124.51,124.77,2351.0,3,0.0
2023-06-02 18:00:00,124.77,124.94,124.46,124.76,2184.0,3,0.0
2023-06-02 19:00:00,124.76,124.89,124.1,124.14,1849.0,3,0.0
2023-06-05 10:00:00,123.56,123.72,123.49,123.61,177.0,10,0.0
2023-06-05 11:00:00,123.68,124.06,123.57,124.0,314.0,10,0.0
2023-06-05 12:00:00,124.0,124.48,123.88,124.14,295.0,10,0.0
2023-06-05 13:00:00,124.17,124.82,123.01,124.3,6872.0,3,0.0
2023-06-05 14:00:00,124.36,125.51,124.18,125.45,8126.0,3,0.0
2023-06-05 15:00:00,125.45,125.78,125.18,125.44,3886.0,3,0.0
2023-06-05 16:00:00,125.44,125.52,124.77,125.11,2863.0,3,0.0
2023-06-05 17:00:00,125.11,125.16,124.52,124.81,3187.0,3,0.0
2023-06-05 18:00:00,124.82,125.01,124.27,124.98,4692.0,3,0.0
2023-06-05 19:00:00,124.97,125.11,124.58,124.99,3216.0,3,0.0
2023-06-06 10:00:00,125.51,125.68,125.32,125.65,210.0,10,0.0
2023-06-06 11:00:00,125.61,125.73,125.49,125.53,225.0,10,0.0
2023-06-06 12:00:00,125.54,125.74,125.43,125.44,273.0,10,0.0
2023-06-06 13:00:00,125.43,126.22,124.88,125.92,6416.0,3,0.0
2023-06-06 14:00:00,125.93,126.75,125.45,126.58,5645.0,3,0.0
2023-06-06 15:00:00,126.59,127.03,126.04,126.91,3800.0,3,0.0
2023-06-06 16:00:00,126.91,127.37,126.43,126.54,4061.0,3,0.0
2023-06-06 17:00:00,126.55,127.03,126.35,126.41,2831.0,3,0.0
2023-06-06 18:00:00,126.42,126.67,126.17,126.61,2211.0,3,0.0
2023-06-06 19:00:00,126.62,127.09,126.15,126.44,1964.0,3,0.0
2023-06-07 10:00:00,126.05,127.33,125.97,126.61,729.0,10,0.0
2023-06-07 11:00:00,126.62,126.89,126.2,126.71,777.0,10,0.0
2023-06-07 12:00:00,126.71,126.8,125.68,126.31,855.0,10,0.0
2023-06-07 13:00:00,126.35,127.35,125.76,126.16,7594.0,3,0.0
2023-06-07 14:00:00,126.17,126.29,123.14,123.64,9696.0,3,0.0
2023-06-07 15:00:00,123.63,124.04,122.35,122.62,7367.0,3,0.0
2023-06-07 16:00:00,122.62,123.0,121.69,122.24,6706.0,3,0.0
2023-06-07 17:00:00,122.25,122.56,121.57,122.26,4668.0,3,0.0
2023-06-07 18:00:00,122.26,122.68,121.5,121.85,3460.0,3,0.0
2023-06-07 19:00:00,121.85,122.0,120.62,120.92,3729.0,3,0.0
2023-06-08 10:00:00,121.82,122.31,121.64,122.04,595.0,10,0.0
2023-06-08 11:00:00,122.04,122.71,121.84,122.33,652.0,10,0.0
2023-06-08 12:00:00,122.34,123.28,121.9,123.27,1114.0,10,0.0
2023-06-08 13:00:00,123.26,124.05,122.24,123.34,11383.0,3,0.0
2023-06-08 14:00:00,123.35,125.21,123.23,125.0,7792.0,3,0.0
2023-06-08 15:00:00,125.0,125.59,124.46,124.91,5319.0,3,0.0
2023-06-08 16:00:00,124.92,124.99,124.23,124.52,3457.0,3,0.0
2023-06-08 17:00:00,124.52,124.79,123.62,123.72,2771.0,3,0.0
2023-06-08 18:00:00,123.74,124.25,123.45,123.87,2426.0,3,0.0
2023-06-08 19:00:00,123.88,124.23,123.74,124.13,1764.0,3,0.0
2023-06-09 10:00:00,123.99,124.15,121.81,122.65,767.0,4,0.0
2023-06-09 11:00:00,122.69,123.8,122.52,123.49,722.0,10,0.0
2023-06-09 12:00:00,123.5,124.13,123.48,123.58,569.0,10,0.0
2023-06-09 13:00:00,123.58,125.72,123.29,125.14,8788.0,3,0.0
2023-06-09 14:00:00,125.15,125.77,123.47,123.59,7862.0,3,0.0
2023-06-09 15:00:00,123.59,124.5,123.36,123.58,5793.0,3,0.0
2023-06-09 16:00:00,123.58,123.9,123.17,123.74,4335.0,3,0.0
2023-06-09 17:00:00,123.74,124.6,123.66,124.44,2325.0,3,0.0
2023-06-09 18:00:00,124.45,124.51,123.88,124.09,2886.0,3,0.0
2023-06-09 19:00:00,124.09,124.14,123.53,123.6,2167.0,3,0.0
2023-06-12 10:00:00,124.14,124.16,123.84,124.15,225.0,10,0.0
2023-06-12 11:00:00,124.12,124.43,124.05,124.27,395.0,10,0.0
2023-06-12 12:00:00,124.28,124.46,124.02,124.35,427.0,4,0.0
2023-06-12 13:00:00,124.34,124.91,123.5,124.71,6957.0,3,0.0
2023-06-12 14:00:00,124.7,125.26,124.29,124.93,6859.0,3,0.0
2023-06-12 15:00:00,124.92,125.6,124.54,125.59,4013.0,4,0.0
2023-06-12 16:00:00,125.6,125.67,125.26,125.55,2114.0,4,0.0
2023-06-12 17:00:00,125.55,126.15,125.51,126.09,2012.0,3,0.0
2023-06-12 18:00:00,126.09,126.46,125.88,126.46,2026.0,3,0.0
2023-06-12 19:00:00,126.46,126.76,126.18,126.2,2484.0,3,0.0
2023-06-13 10:00:00,127.88,127.93,127.62,127.66,261.0,4,0.0
2023-06-13 11:00:00,127.59,127.82,127.29,127.41,490.0,10,0.0
2023-06-13 12:00:00,127.44,128.68,127.04,128.45,1225.0,10,0.0
2023-06-13 13:00:00,128.45,128.76,126.33,126.51,8794.0,3,0.0
2023-06-13 14:00:00,126.53,126.84,125.16,126.41,7823.0,3,0.0
2023-06-13 15:00:00,126.41,127.24,126.35,126.52,4925.0,3,0.0
2023-06-13 16:00:00,126.52,126.77,125.85,126.55,3911.0,3,0.0
2023-06-13 17:00:00,126.56,126.81,126.31,126.54,2819.0,3,0.0
2023-06-13 18:00:00,126.53,126.64,125.92,126.36,3555.0,3,0.0
2023-06-13 19:00:00,126.37,126.61,126.27,126.44,2090.0,3,0.0
2023-06-14 10:00:00,126.82,127.0,126.73,126.8,130.0,10,0.0
2023-06-14 11:00:00,126.8,127.22,126.8,127.17,377.0,10,0.0
2023-06-14 12:00:00,127.17,127.22,126.69,126.98,440.0,10,0.0
2023-06-14 13:00:00,126.99,127.0,125.41,126.32,6097.0,3,0.0
2023-06-14 14:00:00,126.32,126.92,125.95,126.06,4620.0,3,0.0
2023-06-14 15:00:00,126.07,126.82,125.98,126.42,3300.0,3,0.0
2023-06-14 16:00:00,126.43,126.43,126.04,126.28,2113.0,3,0.0
2023-06-14 17:00:00,126.28,126.31,125.69,125.81,2265.0,3,0.0
2023-06-14 18:00:00,125.81,126.22,124.1,125.61,14579.0,3,0.0
2023-06-14 19:00:00,125.62,126.42,125.33,125.79,5932.0,3,0.0
2023-06-15 10:00:00,124.97,125.08,124.79,125.01,594.0,10,0.0
2023-06-15 11:00:00,125.08,125.14,124.77,124.97,380.0,10,0.0
2023-06-15 12:00:00,124.97,125.44,124.88,125.35,630.0,10,0.0
2023-06-15 13:00:00,125.36,126.07,124.29,125.94,7977.0,3,0.0
2023-06-15 14:00:00,125.92,126.66,125.4,125.52,7299.0,3,0.0
2023-06-15 15:00:00,125.51,126.53,125.32,126.25,4741.0,3,0.0
2023-06-15 16:00:00,126.25,126.46,125.76,126.04,3231.0,3,0.0
2023-06-15 17:00:00,126.04,126.72,125.78,126.64,3104.0,3,0.0
2023-06-15 18:00:00,126.65,127.67,126.18,127.57,4812.0,3,0.0
2023-06-15 19:00:00,127.58,127.64,126.85,127.17,4489.0,3,0.0
2023-06-16 10:00:00,126.76,126.88,126.49,126.74,319.0,10,0.0
2023-06-16 11:00:00,126.78,127.13,126.7,126.84,342.0,10,0.0
2023-06-16 12:00:00,126.87,127.57,126.83,127.31,534.0,10,0.0
2023-06-16 13:00:00,127.31,128.08,125.41,125.88,11145.0,3,0.0
2023-06-16 14:00:00,125.97,126.89,125.64,126.5,7269.0,3,0.0
2023-06-16 15:00:00,126.51,127.03,126.21,126.58,5085.0,3,0.0
2023-06-16 16:00:00,126.58,126.86,126.21,126.71,3113.0,3,0.0
2023-06-16 17:00:00,126.71,126.72,126.09,126.26,2889.0,3,0.0
2023-06-16 18:00:00,126.25,126.28,125.87,126.02,2966.0,3,0.0
2023-06-16 19:00:00,126.03,126.47,125.72,126.34,2692.0,3,0.0
2023-06-20 10:00:00,124.53,125.63,124.45,125.17,358.0,20,0.0
2023-06-20 11:00:00,125.24,125.39,125.1,125.3,483.0,10,0.0
2023-06-20 12:00:00,125.3,126.28,125.26,126.11,517.0,10,0.0
2023-06-20 13:00:00,126.08,127.23,124.47,125.76,9216.0,3,0.0
2023-06-20 14:00:00,125.76,126.43,124.67,125.38,7471.0,3,0.0
2023-06-20 15:00:00,125.37,125.96,125.34,125.4,4196.0,3,0.0
2023-06-20 16:00:00,125.41,126.61,125.4,126.24,3522.0,3,0.0
2023-06-20 17:00:00,126.24,126.27,125.76,125.78,2885.0,3,0.0
2023-06-20 18:00:00,125.78,126.04,125.58,125.82,2591.0,3,0.0
2023-06-20 19:00:00,125.83,125.88,125.5,125.87,1905.0,3,0.0
2023-06-21 10:00:00,125.7,126.21,125.66,125.99,242.0,4,0.0
2023-06-21 11:00:00,125.95,126.38,125.88,126.14,395.0,10,0.0
2023-06-21 12:00:00,126.14,126.22,125.75,125.87,381.0,10,0.0
2023-06-21 13:00:00,125.89,126.7,125.09,125.59,8098.0,3,0.0
2023-06-21 14:00:00,125.57,125.79,123.86,124.46,10197.0,3,0.0
2023-06-21 15:00:00,124.47,124.89,123.84,124.52,5939.0,3,0.0
2023-06-21 16:00:00,124.52,125.21,124.45,124.89,4004.0,3,0.0
2023-06-21 17:00:00,124.88,125.61,124.6,125.58,3257.0,3,0.0
2023-06-21 18:00:00,125.58,126.18,125.07,125.4,3836.0,3,0.0
2023-06-21 19:00:00,125.4,125.41,124.69,124.79,2804.0,3,0.0
2023-06-22 10:00:00,124.34,124.38,124.09,124.15,478.0,4,0.0
2023-06-22 11:00:00,124.15,125.13,124.13,125.01,514.0,4,0.0
2023-06-22 12:00:00,125.0,125.41,124.84,124.97,647.0,10,0.0
2023-06-22 13:00:00,124.95,128.25,124.69,127.88,8792.0,3,0.0
2023-06-22 14:00:00,127.89,129.26,127.34,129.25,7689.0,3,0.0
2023-06-22 15:00:00,129.26,129.96,129.05,129.23,5559.0,3,0.0
2023-06-22 16:00:00,129.23,129.71,128.53,128.96,4965.0,3,0.0
2023-06-22 17:00:00,128.95,129.51,128.69,129.22,2961.0,4,0.0
2023-06-22 18:00:00,129.23,129.6,128.53,129.58,2687.0,3,0.0
2023-06-22 19:00:00,129.59,130.3,129.3,130.06,2726.0,3,0.0
2023-06-23 10:00:00,129.5,129.66,129.2,129.61,427.0,10,0.0
2023-06-23 11:00:00,129.64,130.62,129.56,130.47,812.0,10,0.0
2023-06-23 12:00:00,130.43,130.51,129.04,129.52,954.0,10,0.0
2023-06-23 13:00:00,129.5,130.82,128.26,128.99,11186.0,4,0.0
2023-06-23 14:00:00,128.97,130.54,128.55,129.77,9746.0,4,0.0
2023-06-23 15:00:00,129.78,130.07,129.17,129.64,4833.0,3,0.0
2023-06-23 16:00:00,129.64,130.58,129.64,130.36,3508.0,4,0.0
2023-06-23 17:00:00,130.36,130.77,130.19,130.31,3195.0,3,0.0
2023-06-23 18:00:00,130.3,130.4,129.27,129.43,3344.0,3,0.0
2023-06-23 19:00:00,129.42,129.95,129.11,129.48,2825.0,3,0.0
2023-06-26 10:00:00,129.43,129.76,129.36,129.58,250.0,4,0.0
2023-06-26 11:00:00,129.58,129.86,129.48,129.64,520.0,4,0.0
2023-06-26 12:00:00,129.63,129.9,129.45,129.6,295.0,10,0.0
2023-06-26 13:00:00,129.6,131.47,129.03,131.18,6539.0,4,0.0
2023-06-26 14:00:00,131.18,131.4,129.68,130.73,7241.0,3,0.0
2023-06-26 15:00:00,130.73,130.73,129.35,129.44,4732.0,3,0.0
2023-06-26 16:00:00,129.44,129.44,127.36,127.68,5886.0,3,0.0
2023-06-26 17:00:00,127.68,128.12,127.09,127.94,3733.0,3,0.0
2023-06-26 18:00:00,127.94,128.63,127.81,128.37,3112.0,3,0.0
2023-06-26 19:00:00,128.38,128.5,127.57,127.86,2191.0,3,0.0
2023-06-27 10:00:00,128.05,128.42,128.01,128.26,425.0,4,0.0
2023-06-27 11:00:00,128.22,128.77,128.2,128.34,1268.0,8,0.0
2023-06-27 12:00:00,128.36,128.82,128.19,128.47,1229.0,8,0.0
2023-06-27 13:00:00,128.49,128.92,127.73,128.56,6659.0,4,0.0
2023-06-27 14:00:00,128.53,128.78,127.53,128.05,8108.0,4,0.0
2023-06-27 15:00:00,128.05,128.96,127.6,128.71,4680.0,3,0.0
2023-06-27 16:00:00,128.71,129.52,128.61,129.04,3680.0,3,0.0
2023-06-27 17:00:00,129.03,129.93,128.68,129.9,3222.0,3,0.0
2023-06-27 18:00:00,129.91,130.06,129.42,129.48,2761.0,3,0.0
2023-06-27 19:00:00,129.49,129.8,129.2,129.32,2160.0,3,0.0
2023-06-28 10:00:00,129.54,129.81,129.49,129.78,663.0,4,0.0
2023-06-28 11:00:00,129.76,129.89,129.06,129.09,1113.0,8,0.0
2023-06-28 12:00:00,129.1,129.43,129.02,129.16,605.0,8,0.0
2023-06-28 13:00:00,129.16,131.17,128.7,130.7,9814.0,3,0.0
2023-06-28 14:00:00,130.69,131.46,129.81,130.81,7785.0,4,0.0
2023-06-28 15:00:00,130.8,131.06,129.93,130.78,4332.0,3,0.0
2023-06-28 16:00:00,130.77,130.78,128.54,128.71,5392.0,3,0.0
2023-06-28 17:00:00,128.7,129.28,128.43,128.89,3980.0,3,0.0
2023-06-28 18:00:00,128.9,129.46,128.76,129.03,2896.0,3,0.0
2023-06-28 19:00:00,129.05,129.15,128.56,128.9,2408.0,3,0.0
2023-06-29 10:00:00,129.52,129.61,129.27,129.47,529.0,8,0.0
2023-06-29 11:00:00,129.51,129.63,129.35,129.53,663.0,8,0.0
2023-06-29 12:00:00,129.52,129.63,128.97,129.09,1108.0,8,0.0
2023-06-29 13:00:00,129.1,129.24,128.16,128.52,9015.0,3,0.0
2023-06-29 14:00:00,128.53,128.61,127.23,127.63,9679.0,3,0.0
2023-06-29 15:00:00,127.64,128.15,127.43,127.91,4024.0,3,0.0
2023-06-29 16:00:00,127.91,128.26,127.74,127.94,2437.0,3,0.0
2023-06-29 17:00:00,127.94,128.2,127.7,127.74,2315.0,3,0.0
2023-06-29 18:00:00,127.73,127.89,127.49,127.79,2300.0,3,0.0
2023-06-29 19:00:00,127.8,127.91,127.5,127.56,1934.0,3,0.0
2023-06-30 10:00:00,128.67,128.73,128.28,128.6,431.0,8,0.0
2023-06-30 11:00:00,128.55,128.72,128.33,128.44,370.0,8,0.0
2023-06-30 12:00:00,128.46,129.27,128.45,128.95,1234.0,8,0.0
2023-06-30 13:00:00,128.95,130.25,128.86,130.05,7643.0,4,0.0
2023-06-30 14:00:00,130.06,131.22,129.93,130.51,6866.0,3,0.0
2023-06-30 15:00:00,130.51,130.72,129.65,130.0,3901.0,3,0.0
2023-06-30 16:00:00,130.0,130.46,129.93,130.42,2372.0,3,0.0
2023-06-30 17:00:00,130.42,130.42,130.09,130.2,2223.0,3,0.0
2023-06-30 18:00:00,130.2,130.33,129.92,130.27,1975.0,3,0.0
2023-06-30 19:00:00,130.28,130.59,130.04,130.33,1780.0,3,0.0
2023-07-03 10:00:00,130.57,130.64,130.08,130.15,291.0,4,0.0
2023-07-03 11:00:00,130.18,130.46,130.1,130.18,336.0,10,0.0
2023-07-03 12:00:00,130.19,130.47,130.12,130.35,216.0,10,0.0
2023-07-03 13:00:00,130.36,131.39,130.02,131.19,6219.0,3,0.0
2023-07-03 14:00:00,131.25,131.82,130.51,131.0,5353.0,4,0.0
2023-07-03 15:00:00,131.01,131.38,130.6,130.72,2434.0,3,0.0
2023-07-03 16:00:00,130.71,130.9,130.05,130.18,1898.0,3,0.0
2023-07-05 10:00:00,129.23,129.6,129.17,129.57,138.0,20,0.0
2023-07-05 11:00:00,129.63,129.97,129.47,129.53,272.0,10,0.0
2023-07-05 12:00:00,129.55,129.93,129.3,129.77,370.0,10,0.0
2023-07-05 13:00:00,129.78,131.37,129.56,130.38,6348.0,3,0.0
2023-07-05 14:00:00,130.37,130.62,129.77,130.15,4475.0,3,0.0
2023-07-05 15:00:00,130.14,130.3,129.65,129.72,2901.0,3,0.0
2023-07-05 16:00:00,129.72,130.16,129.62,130.09,1872.0,3,0.0
2023-07-05 17:00:00,130.09,130.41,130.08,130.41,1190.0,4,0.0
2023-07-05 18:00:00,130.41,130.58,130.0,130.16,2449.0,3,0.0
2023-07-05 19:00:00,130.16,130.55,130.12,130.45,1163.0,4,0.0
2023-07-06 10:00:00,129.65,129.7,129.51,129.58,206.0,4,0.0
2023-07-06 11:00:00,129.6,129.84,129.32,129.4,460.0,4,0.0
2023-07-06 12:00:00,129.42,129.49,128.11,128.51,1039.0,10,0.0
2023-07-06 13:00:00,128.49,128.75,127.54,127.85,8006.0,3,0.0
2023-07-06 14:00:00,127.86,128.64,127.35,128.03,5433.0,3,0.0
2023-07-06 15:00:00,128.03,128.35,127.7,127.86,3670.0,3,0.0
2023-07-06 16:00:00,127.87,128.56,127.85,128.48,2019.0,3,0.0
2023-07-06 17:00:00,128.47,128.69,128.29,128.69,1898.0,3,0.0
2023-07-06 18:00:00,128.69,128.7,128.43,128.57,1088.0,3,0.0
2023-07-06 19:00:00,128.57,128.63,128.2,128.33,797.0,4,0.0
2023-07-07 10:00:00,127.99,128.07,127.79,127.99,189.0,10,0.0
2023-07-07 11:00:00,128.09,128.25,127.91,128.04,223.0,10,0.0
2023-07-07 12:00:00,128.06,129.81,128.04,128.68,1501.0,10,0.0
2023-07-07 13:00:00,128.7,129.61,128.11,129.47,6655.0,4,0.0
2023-07-07 14:00:00,129.46,129.55,128.56,129.31,4948.0,4,0.0
2023-07-07 15:00:00,129.3,130.28,129.19,130.25,2720.0,4,0.0
2023-07-07 16:00:00,130.26,130.85,130.0,130.74,2853.0,3,0.0
2023-07-07 17:00:00,130.75,130.95,130.35,130.45,2084.0,3,0.0
2023-07-07 18:00:00,130.44,130.67,130.29,130.47,1448.0,3,0.0
2023-07-07 19:00:00,130.46,130.64,130.03,130.05,1511.0,3,0.0
2023-07-10 10:00:00,128.97,129.1,128.84,129.03,203.0,10,0.0
2023-07-10 11:00:00,129.03,129.88,129.02,129.72,418.0,10,0.0
2023-07-10 12:00:00,129.68,130.08,129.46,129.59,554.0,10,0.0
2023-07-10 13:00:00,129.59,129.77,125.9,126.44,10529.0,3,0.0
2023-07-10 14:00:00,126.45,127.32,126.21,127.09,7841.0,3,0.0
2023-07-10 15:00:00,127.08,127.55,126.48,126.68,4377.0,4,0.0
2023-07-10 16:00:00,126.67,126.78,125.92,126.5,3345.0,3,0.0
2023-07-10 17:00:00,126.5,127.02,126.46,126.73,2491.0,3,0.0
2023-07-10 18:00:00,126.74,127.19,126.46,127.11,1967.0,3,0.0
2023-07-10 19:00:00,127.13,127.14,126.7,126.83,1391.0,4,0.0
2023-07-11 10:00:00,127.65,128.41,127.5,128.24,234.0,10,0.0
2023-07-11 11:00:00,128.24,128.33,127.96,128.14,362.0,10,0.0
2023-07-11 12:00:00,128.14,128.4,127.77,128.04,615.0,10,0.0
2023-07-11 13:00:00,128.03,129.74,127.34,128.93,7352.0,4,0.0
2023-07-11 14:00:00,128.93,129.28,127.99,128.6,7126.0,3,0.0
2023-07-11 15:00:00,128.6,129.02,128.07,128.8,4089.0,3,0.0
2023-07-11 16:00:00,128.81,129.07,128.48,128.8,3101.0,3,0.0
2023-07-11 17:00:00,128.79,128.97,128.24,128.33,2818.0,3,0.0
2023-07-11 18:00:00,128.32,128.54,127.97,128.44,2494.0,3,0.0
2023-07-11 19:00:00,128.44,128.56,128.23,128.44,1884.0,3,0.0
2023-07-12 10:00:00,129.34,129.34,129.12,129.19,123.0,10,0.0
2023-07-12 11:00:00,129.17,129.41,129.13,129.32,166.0,10,0.0
2023-07-12 12:00:00,129.31,130.58,129.17,130.18,1218.0,10,0.0
2023-07-12 13:00:00,130.18,131.23,129.82,130.78,7739.0,3,0.0
2023-07-12 14:00:00,130.78,130.9,129.38,129.62,6607.0,3,0.0
2023-07-12 15:00:00,129.63,130.13,128.97,129.14,5418.0,3,0.0
2023-07-12 16:00:00,129.14,129.79,128.81,129.56,3808.0,3,0.0
2023-07-12 17:00:00,129.56,130.45,129.49,130.26,2650.0,3,0.0
2023-07-12 18:00:00,130.27,130.72,130.09,130.54,2141.0,3,0.0
2023-07-12 19:00:00,130.54,130.93,130.3,130.82,2065.0,3,0.0
2023-07-13 10:00:00,132.0,132.28,131.93,132.14,221.0,20,0.0
2023-07-13 11:00:00,132.12,132.27,131.81,132.07,298.0,10,0.0
2023-07-13 12:00:00,132.06,132.73,131.92,132.24,713.0,10,0.0
2023-07-13 13:00:00,132.25,134.64,132.23,133.59,12424.0,4,0.0
2023-07-13 14:00:00,133.6,133.84,132.87,133.26,6577.0,3,0.0
2023-07-13 15:00:00,133.27,133.77,132.7,133.73,3447.0,4,0.0
2023-07-13 16:00:00,133.73,134.23,133.43,134.1,2792.0,3,0.0
2023-07-13 17:00:00,134.1,134.47,133.92,134.19,1706.0,4,0.0
2023-07-13 18:00:00,134.19,134.56,133.84,134.01,1733.0,4,0.0
2023-07-13 19:00:00,134.0,134.52,133.93,134.52,1818.0,4,0.0
2023-07-14 10:00:00,133.86,134.1,133.7,133.82,306.0,10,0.0
2023-07-14 11:00:00,133.84,134.28,133.83,134.03,560.0,10,0.0
2023-07-14 12:00:00,134.04,134.26,133.74,134.03,348.0,10,0.0
2023-07-14 13:00:00,134.03,135.35,133.74,134.97,6768.0,4,0.0
2023-07-14 14:00:00,134.87,136.17,134.69,136.16,6674.0,3,0.0
2023-07-14 15:00:00,136.17,136.62,135.84,136.02,3803.0,3,0.0
2023-07-14 16:00:00,136.02,136.06,135.48,135.93,3034.0,3,0.0
2023-07-14 17:00:00,135.93,135.93,135.29,135.46,3162.0,3,0.0
2023-07-14 18:00:00,135.46,135.63,134.74,134.93,2946.0,3,0.0
2023-07-14 19:00:00,134.93,134.93,134.42,134.48,2363.0,3,0.0
2023-07-17 10:00:00,134.43,134.59,134.3,134.3,159.0,4,0.0
2023-07-17 11:00:00,134.34,134.61,134.19,134.19,346.0,4,0.0
2023-07-17 12:00:00,134.24,134.58,133.96,134.52,332.0,10,0.0
2023-07-17 13:00:00,134.55,135.58,133.36,134.06,8589.0,3,0.0
2023-07-17 14:00:00,134.06,134.69,133.6,134.04,5270.0,3,0.0
2023-07-17 15:00:00,134.05,134.19,133.59,133.86,2469.0,3,0.0
2023-07-17 16:00:00,133.86,133.87,133.19,133.4,1852.0,4,0.0
2023-07-17 17:00:00,133.4,133.8,133.24,133.75,1553.0,4,0.0
2023-07-17 18:00:00,133.75,133.86,133.32,133.51,1380.0,4,0.0
2023-07-17 19:00:00,133.51,133.83,133.35,133.51,1386.0,4,0.0
2023-07-18 10:00:00,133.46,133.46,132.55,132.89,594.0,4,0.0
2023-07-18 11:00:00,132.9,133.24,132.82,132.93,313.0,10,0.0
2023-07-18 12:00:00,132.93,133.1,132.58,132.89,522.0,10,0.0
2023-07-18 13:00:00,132.91,133.03,131.34,131.94,8302.0,4,0.0
2023-07-18 14:00:00,131.92,132.41,131.52,132.29,5370.0,3,0.0
2023-07-18 15:00:00,132.31,132.71,131.73,132.48,4012.0,3,0.0
2023-07-18 16:00:00,132.49,132.87,132.27,132.78,3849.0,3,0.0
2023-07-18 17:00:00,132.79,133.37,132.76,133.17,2973.0,3,0.0
2023-07-18 18:00:00,133.17,133.84,133.09,133.46,2594.0,3,0.0
2023-07-18 19:00:00,133.46,133.7,133.33,133.5,1944.0,3,0.0
2023-07-19 10:00:00,133.58,133.72,133.18,133.62,372.0,4,0.0
2023-07-19 11:00:00,133.62,133.79,133.5,133.68,438.0,10,0.0
2023-07-19 12:00:00,133.67,134.06,133.53,133.81,422.0,10,0.0
2023-07-19 13:00:00,133.85,135.29,132.51,134.72,8861.0,4,0.0
2023-07-19 14:00:00,134.71,135.37,134.48,134.59,6028.0,4,0.0
2023-07-19 15:00:00,134.59,135.41,134.45,135.17,3241.0,3,0.0
2023-07-19 16:00:00,135.16,135.46,134.63,135.16,4307.0,3,0.0
2023-07-19 17:00:00,135.16,135.59,134.95,135.3,3398.0,4,0.0
2023-07-19 18:00:00,135.29,135.4,134.97,135.3,1992.0,3,0.0
2023-07-19 19:00:00,135.3,135.96,135.3,135.68,2052.0,4,0.0
2023-07-20 10:00:00,134.24,134.68,134.24,134.39,180.0,20,0.0
2023-07-20 11:00:00,134.44,134.66,134.16,134.61,237.0,10,0.0
2023-07-20 12:00:00,134.61,134.68,133.78,133.98,602.0,10,0.0
2023-07-20 13:00:00,133.98,134.77,133.72,133.89,6728.0,4,0.0
2023-07-20 14:00:00,133.9,133.95,131.87,132.27,6936.0,3,0.0
2023-07-20 15:00:00,132.27,132.69,131.9,132.0,2776.0,3,0.0
2023-07-20 16:00:00,132.0,132.39,131.32,131.44,2572.0,3,0.0
2023-07-20 17:00:00,131.43,131.63,131.16,131.43,2190.0,3,0.0
2023-07-20 18:00:00,131.42,131.49,130.24,130.3,2517.0,3,0.0
2023-07-20 19:00:00,130.3,130.74,129.31,130.73,3588.0,4,0.0
2023-07-21 10:00:00,131.44,131.7,131.26,131.56,475.0,10,0.0
2023-07-21 11:00:00,131.55,131.75,131.38,131.5,353.0,10,0.0
2023-07-21 12:00:00,131.51,131.9,131.49,131.78,306.0,10,0.0
2023-07-21 13:00:00,131.81,131.83,129.74,129.79,7873.0,3,0.0
2023-07-21 14:00:00,129.79,130.16,128.4,129.48,7748.0,3,0.0
2023-07-21 15:00:00,129.49,130.43,129.39,130.17,5112.0,3,0.0
2023-07-21 16:00:00,130.17,130.26,129.47,129.81,3908.0,3,0.0
2023-07-21 17:00:00,129.81,130.58,129.78,130.4,2790.0,3,0.0
2023-07-21 18:00:00,130.4,130.54,129.99,130.04,2783.0,3,0.0
2023-07-21 19:00:00,130.04,130.11,129.23,129.41,2768.0,3,0.0
2023-07-24 10:00:00,130.36,130.36,130.15,130.16,98.0,20,0.0
2023-07-24 11:00:00,130.15,130.3,130.06,130.15,233.0,10,0.0
2023-07-24 12:00:00,130.15,130.8,130.1,130.59,412.0,10,0.0
2023-07-24 13:00:00,130.58,131.62,128.93,128.98,8569.0,4,0.0
2023-07-24 14:00:00,128.97,129.8,128.33,129.44,6637.0,3,0.0
2023-07-24 15:00:00,129.44,129.8,129.09,129.63,3339.0,3,0.0
2023-07-24 16:00:00,129.63,129.75,128.73,128.87,2409.0,3,0.0
2023-07-24 17:00:00,128.88,129.39,128.84,129.23,1953.0,3,0.0
2023-07-24 18:00:00,129.23,129.41,128.81,129.01,1508.0,3,0.0
2023-07-24 19:00:00,129.01,129.09,128.73,128.88,1199.0,3,0.0
2023-07-25 10:00:00,129.46,129.49,129.11,129.29,157.0,10,0.0
2023-07-25 11:00:00,129.23,129.39,128.85,129.07,263.0,10,0.0
2023-07-25 12:00:00,129.08,129.21,128.98,129.13,212.0,10,0.0
2023-07-25 13:00:00,129.13,129.56,128.66,129.13,6160.0,4,0.0
2023-07-25 14:00:00,129.14,129.36,128.52,128.55,4557.0,3,0.0
2023-07-25 15:00:00,128.56,129.03,128.51,128.81,2145.0,3,0.0
2023-07-25 16:00:00,128.82,129.19,128.71,129.15,1914.0,3,0.0
2023-07-25 17:00:00,129.16,129.3,128.98,129.08,1201.0,3,0.0
2023-07-25 18:00:00,129.08,129.4,128.88,129.13,1458.0,3,0.0
2023-07-25 19:00:00,129.14,129.35,128.94,129.29,1154.0,3,0.0
2023-07-26 10:00:00,126.77,126.84,126.46,126.64,160.0,20,0.0
2023-07-26 11:00:00,126.67,127.15,126.64,126.95,345.0,10,0.0
2023-07-26 12:00:00,126.97,127.15,126.54,126.59,659.0,4,0.0
2023-07-26 13:00:00,126.59,128.65,126.07,128.55,7940.0,3,0.0
2023-07-26 14:00:00,128.57,128.79,126.16,126.4,6001.0,4,0.0
2023-07-26 15:00:00,126.4,128.55,126.2,128.29,4031.0,3,0.0
2023-07-26 16:00:00,128.3,128.44,127.24,127.57,2759.0,3,0.0
2023-07-26 17:00:00,127.56,127.65,127.27,127.4,1817.0,4,0.0
2023-07-26 18:00:00,127.4,129.05,127.2,128.6,8942.0,3,0.0
2023-07-26 19:00:00,128.61,128.75,127.46,128.33,5804.0,3,0.0
2023-07-27 10:00:00,129.87,130.27,129.79,130.17,184.0,20,0.0
2023-07-27 11:00:00,130.15,130.28,129.83,130.22,383.0,10,0.0
2023-07-27 12:00:00,130.22,130.9,130.17,130.72,663.0,10,0.0
2023-07-27 13:00:00,130.73,132.0,130.53,131.76,7455.0,4,0.0
2023-07-27 14:00:00,131.77,132.61,131.22,131.65,6838.0,4,0.0
2023-07-27 15:00:00,131.66,132.42,131.35,131.41,3254.0,4,0.0
2023-07-27 16:00:00,131.4,131.96,131.34,131.61,1852.0,3,0.0
2023-07-27 17:00:00,131.61,131.63,129.78,129.93,5026.0,3,0.0
2023-07-27 18:00:00,129.93,130.11,128.05,128.08,5869.0,3,0.0
2023-07-27 19:00:00,128.07,128.79,128.04,128.18,3554.0,3,0.0
2023-07-28 10:00:00,129.97,130.02,129.8,129.99,129.0,20,0.0
2023-07-28 11:00:00,129.94,129.99,129.54,129.86,229.0,20,0.0
2023-07-28 12:00:00,129.86,130.33,129.83,130.28,472.0,10,0.0
2023-07-28 13:00:00,130.28,131.32,129.33,130.75,7688.0,4,0.0
2023-07-28 14:00:00,130.77,132.06,130.65,131.97,6219.0,3,0.0
2023-07-28 15:00:00,131.98,132.49,131.91,132.37,3405.0,4,0.0
2023-07-28 16:00:00,132.36,132.98,132.0,132.09,3604.0,4,0.0
2023-07-28 17:00:00,132.09,132.34,131.79,132.3,3161.0,4,0.0
2023-07-28 18:00:00,132.29,132.69,132.24,132.61,2577.0,4,0.0
2023-07-28 19:00:00,132.61,132.66,131.99,132.09,2129.0,3,0.0
2023-07-31 10:00:00,132.95,133.11,132.74,133.1,163.0,10,0.0
2023-07-31 11:00:00,133.08,133.69,133.05,133.66,515.0,10,0.0
2023-07-31 12:00:00,133.66,133.85,133.53,133.82,326.0,4,0.0
2023-07-31 13:00:00,133.8,133.85,132.47,132.65,7765.0,3,0.0
2023-07-31 14:00:00,132.66,133.65,132.36,133.35,5585.0,3,0.0
2023-07-31 15:00:00,133.35,133.67,132.88,133.06,3337.0,3,0.0
2023-07-31 16:00:00,133.07,133.62,132.96,133.21,2357.0,4,0.0
2023-07-31 17:00:00,133.19,133.51,133.05,133.25,2141.0,3,0.0
2023-07-31 18:00:00,133.26,133.52,133.1,133.4,2128.0,3,0.0
2023-07-31 19:00:00,133.41,133.47,133.1,133.34,1843.0,3,0.0
2023-08-01 10:00:00,133.17,133.58,133.17,133.52,212.0,4,0.0
2023-08-01 11:00:00,133.53,133.74,133.03,133.06,450.0,4,0.0
2023-08-01 12:00:00,133.05,133.36,133.03,133.35,395.0,10,0.0
2023-08-01 13:00:00,133.34,133.66,132.31,132.4,5881.0,4,0.0
2023-08-01 14:00:00,132.4,132.81,131.6,132.28,5981.0,3,0.0
2023-08-01 15:00:00,132.29,132.93,131.96,132.6,3755.0,3,0.0
2023-08-01 16:00:00,132.6,132.65,132.04,132.38,2016.0,3,0.0
2023-08-01 17:00:00,132.38,132.63,131.87,132.07,1700.0,3,0.0
2023-08-01 18:00:00,132.07,132.11,131.65,131.7,2259.0,3,0.0
2023-08-01 19:00:00,131.7,132.06,131.7,131.79,1175.0,4,0.0
2023-08-02 10:00:00,130.28,130.66,130.24,130.62,427.0,10,0.0
2023-08-02 11:00:00,130.62,130.93,130.58,130.62,501.0,10,0.0
2023-08-02 12:00:00,130.65,130.82,130.27,130.47,499.0,10,0.0
2023-08-02 13:00:00,130.48,130.8,128.78,128.8,6417.0,3,0.0
2023-08-02 14:00:00,128.81,129.14,128.01,128.09,5119.0,3,0.0
2023-08-02 15:00:00,128.1,128.68,127.86,127.86,3618.0,3,0.0
2023-08-02 16:00:00,127.87,127.92,126.81,127.88,4333.0,3,0.0
2023-08-02 17:00:00,127.87,128.51,127.78,128.23,3117.0,3,0.0
2023-08-02 18:00:00,128.24,128.8,128.24,128.46,2554.0,3,0.0
2023-08-02 19:00:00,128.46,128.48,127.83,128.16,1970.0,3,0.0
2023-08-03 10:00:00,128.54,128.96,128.39,128.53,370.0,10,0.0
2023-08-03 11:00:00,128.61,128.98,128.49,128.6,590.0,10,0.0
2023-08-03 12:00:00,128.6,128.87,128.12,128.34,769.0,10,0.0
2023-08-03 13:00:00,128.35,128.71,126.4,128.48,9419.0,3,0.0
2023-08-03 14:00:00,128.47,128.82,127.37,128.25,7672.0,4,0.0
2023-08-03 15:00:00,128.26,129.23,128.21,128.54,4956.0,4,0.0
2023-08-03 16:00:00,128.53,129.81,128.4,129.62,3669.0,3,0.0
2023-08-03 17:00:00,129.62,129.68,128.84,128.89,3423.0,3,0.0
2023-08-03 18:00:00,128.88,129.32,128.74,129.31,3214.0,3,0.0
2023-08-03 19:00:00,129.32,129.36,128.37,128.85,3451.0,3,0.0
2023-08-04 10:00:00,140.32,140.6,139.98,140.08,472.0,30,0.0
2023-08-04 11:00:00,140.04,140.72,139.48,140.12,1938.0,10,0.0
2023-08-04 12:00:00,140.1,141.51,139.65,141.19,4570.0,4,0.0
2023-08-04 13:00:00,141.17,141.99,139.67,140.58,28268.0,4,0.0
2023-08-04 14:00:00,140.6,143.14,140.25,142.94,19186.0,4,0.0
2023-08-04 15:00:00,142.95,143.6,142.54,143.06,10418.0,4,0.0
2023-08-04 16:00:00,143.07,143.29,142.2,142.84,5477.0,4,0.0
2023-08-04 17:00:00,142.84,142.87,141.91,141.97,4231.0,4,0.0
2023-08-04 18:00:00,141.97,142.01,140.2,140.54,8876.0,4,0.0
2023-08-04 19:00:00,140.55,141.4,139.77,139.91,5729.0,4,0.0
2023-08-07 10:00:00,140.59,140.6,140.07,140.47,380.0,10,0.0
2023-08-07 11:00:00,140.47,140.62,140.23,140.44,388.0,10,0.0
2023-08-07 12:00:00,140.43,141.15,140.26,140.96,884.0,10,0.0
2023-08-07 13:00:00,140.95,141.3,139.17,139.33,11421.0,4,0.0
2023-08-07 14:00:00,139.33,140.78,138.94,140.09,10728.0,4,0.0
2023-08-07 15:00:00,140.1,140.51,139.15,140.18,6458.0,4,0.0
2023-08-07 16:00:00,140.18,141.84,140.13,141.75,5239.0,4,0.0
2023-08-07 17:00:00,141.76,142.51,141.61,142.01,4840.0,4,0.0
2023-08-07 18:00:00,142.02,142.32,141.6,142.13,3406.0,4,0.0
2023-08-07 19:00:00,142.14,142.36,141.33,141.75,2884.0,4,0.0
2023-08-08 10:00:00,141.13,141.19,140.87,140.97,286.0,10,0.0
2023-08-08 11:00:00,140.98,141.1,140.27,140.42,557.0,10,0.0
2023-08-08 12:00:00,140.47,140.91,140.08,140.69,727.0,10,0.0
2023-08-08 13:00:00,140.65,140.83,138.78,139.44,8306.0,4,0.0
2023-08-08 14:00:00,139.45,140.09,138.73,138.82,7570.0,4,0.0
2023-08-08 15:00:00,138.81,139.48,138.4,138.98,4929.0,4,0.0
2023-08-08 16:00:00,138.97,140.3,138.91,139.79,3579.0,4,0.0
2023-08-08 17:00:00,139.8,140.09,139.38,139.81,3177.0,4,0.0
2023-08-08 18:00:00,139.81,140.0,139.37,139.72,3309.0,4,0.0
2023-08-08 19:00:00,139.71,139.77,139.35,139.59,2424.0,3,0.0
2023-08-09 10:00:00,140.37,140.4,140.26,140.33,79.0,10,0.0
2023-08-09 11:00:00,140.33,140.44,140.15,140.36,236.0,10,0.0
2023-08-09 12:00:00,140.36,140.44,139.6,140.03,440.0,10,0.0
2023-08-09 13:00:00,140.03,140.25,138.34,138.78,6840.0,4,0.0
2023-08-09 14:00:00,138.78,139.5,137.91,137.91,6548.0,4,0.0
2023-08-09 15:00:00,137.9,138.24,137.09,137.68,5427.0,4,0.0
2023-08-09 16:00:00,137.67,138.3,137.66,138.1,2994.0,3,0.0
2023-08-09 17:00:00,138.1,138.68,137.99,138.37,3002.0,3,0.0
2023-08-09 18:00:00,138.36,139.16,138.23,138.8,2036.0,4,0.0
2023-08-09 19:00:00,138.81,138.97,138.24,138.24,2526.0,3,0.0
2023-08-10 10:00:00,138.93,138.98,138.83,138.88,145.0,10,0.0
2023-08-10 11:00:00,138.86,139.03,138.71,138.88,596.0,10,0.0
2023-08-10 12:00:00,138.89,139.79,138.65,139.47,1314.0,10,0.0
2023-08-10 13:00:00,139.5,140.07,138.86,140.05,8225.0,4,0.0
2023-08-10 14:00:00,140.06,140.38,139.25,139.65,8305.0,4,0.0
2023-08-10 15:00:00,139.64,139.74,138.54,138.82,6959.0,4,0.0
2023-08-10 16:00:00,138.83,139.05,137.91,138.06,5625.0,4,0.0
2023-08-10 17:00:00,138.06,138.4,137.47,137.64,5452.0,4,0.0
2023-08-10 18:00:00,137.65,138.75,137.61,138.65,6297.0,4,0.0
2023-08-10 19:00:00,138.66,138.7,137.98,138.13,4898.0,3,0.0
2023-08-11 10:00:00,137.94,138.09,137.87,137.92,415.0,4,0.0
2023-08-11 11:00:00,137.93,138.31,137.9,138.08,281.0,4,0.0
2023-08-11 12:00:00,138.08,138.32,137.26,137.43,875.0,10,0.0
2023-08-11 13:00:00,137.39,138.77,137.13,137.17,8967.0,4,0.0
2023-08-11 14:00:00,137.16,139.29,137.16,138.3,9749.0,3,0.0
2023-08-11 15:00:00,138.31,138.59,137.85,138.54,5561.0,3,0.0
2023-08-11 16:00:00,138.55,138.8,138.11,138.31,3825.0,3,0.0
2023-08-11 17:00:00,138.32,138.79,138.14,138.51,2887.0,3,0.0
2023-08-11 18:00:00,138.52,138.84,138.46,138.67,3189.0,3,0.0
2023-08-11 19:00:00,138.66,138.7,138.04,138.4,2794.0,3,0.0
2023-08-14 10:00:00,138.86,139.26,138.82,139.08,312.0,10,0.0
2023-08-14 11:00:00,139.01,139.1,138.76,138.84,330.0,10,0.0
2023-08-14 12:00:00,138.84,138.9,138.26,138.55,519.0,4,0.0
2023-08-14 13:00:00,138.55,139.51,137.74,139.08,7779.0,4,0.0
2023-08-14 14:00:00,139.08,140.51,138.87,140.27,6938.0,4,0.0
2023-08-14 15:00:00,140.28,140.4,139.41,139.43,4200.0,3,0.0
2023-08-14 16:00:00,139.43,139.46,138.52,139.07,3610.0,3,0.0
2023-08-14 17:00:00,139.06,139.67,138.94,139.58,2451.0,3,0.0
2023-08-14 18:00:00,139.59,139.77,139.2,139.59,2890.0,3,0.0
2023-08-14 19:00:00,139.59,140.0,139.5,139.96,1889.0,4,0.0
2023-08-15 10:00:00,139.95,140.01,139.54,139.64,302.0,4,0.0
2023-08-15 11:00:00,139.67,139.87,139.47,139.67,396.0,4,0.0
2023-08-15 12:00:00,139.67,139.84,139.2,139.62,964.0,10,0.0
2023-08-15 13:00:00,139.6,141.25,139.1,139.24,7910.0,4,0.0
2023-08-15 14:00:00,139.23,139.23,137.69,138.07,6367.0,4,0.0
2023-08-15 15:00:00,138.07,138.53,137.87,138.21,3658.0,3,0.0
2023-08-15 16:00:00,138.22,138.42,137.79,137.93,2747.0,3,0.0
2023-08-15 17:00:00,137.94,138.32,137.69,137.88,2475.0,3,0.0
2023-08-15 18:00:00,137.89,138.21,137.81,137.9,2301.0,3,0.0
2023-08-15 19:00:00,137.9,138.07,137.21,137.42,2204.0,3,0.0
2023-08-16 10:00:00,137.82,138.04,137.72,137.98,235.0,10,0.0
2023-08-16 11:00:00,137.96,138.0,137.48,137.77,288.0,10,0.0
2023-08-16 12:00:00,137.76,137.91,137.19,137.19,465.0,10,0.0
2023-08-16 13:00:00,137.19,137.32,135.83,136.72,7123.0,4,0.0
2023-08-16 14:00:00,136.72,137.24,136.26,136.71,6690.0,3,0.0
2023-08-16 15:00:00,136.7,136.99,135.5,135.63,4300.0,3,0.0
2023-08-16 16:00:00,135.62,135.9,135.4,135.58,2952.0,4,0.0
2023-08-16 17:00:00,135.58,136.54,135.27,136.37,2566.0,3,0.0
2023-08-16 18:00:00,136.38,136.9,135.69,136.15,6020.0,3,0.0
2023-08-16 19:00:00,136.15,136.24,135.28,135.53,3886.0,4,0.0
2023-08-17 10:00:00,134.82,134.97,134.63,134.68,290.0,10,0.0
2023-08-17 11:00:00,134.69,135.57,134.66,135.45,645.0,10,0.0
2023-08-17 12:00:00,135.5,136.77,135.45,136.55,1225.0,10,0.0
2023-08-17 13:00:00,136.51,136.52,134.58,135.05,8389.0,4,0.0
2023-08-17 14:00:00,135.04,135.15,133.54,134.57,6917.0,3,0.0
2023-08-17 15:00:00,134.58,135.49,134.47,135.18,5706.0,4,0.0
2023-08-17 16:00:00,135.17,135.8,134.83,135.52,4293.0,3,0.0
2023-08-17 17:00:00,135.53,135.59,134.35,134.74,3767.0,3,0.0
2023-08-17 18:00:00,134.73,134.76,133.96,134.0,3581.0,3,0.0
2023-08-17 19:00:00,134.0,134.31,133.52,133.86,3459.0,4,0.0
2023-08-18 10:00:00,132.8,132.89,132.59,132.71,241.0,10,0.0
2023-08-18 11:00:00,132.71,132.78,131.58,131.82,659.0,10,0.0
2023-08-18 12:00:00,131.83,132.1,131.47,131.88,776.0,10,0.0
2023-08-18 13:00:00,131.88,132.71,131.13,131.89,9652.0,3,0.0
2023-08-18 14:00:00,131.9,133.0,131.54,132.69,7713.0,3,0.0
2023-08-18 15:00:00,132.7,133.57,132.14,133.53,5183.0,3,0.0
2023-08-18 16:00:00,133.54,133.58,132.82,132.84,3695.0,3,0.0
2023-08-18 17:00:00,132.84,133.13,132.34,133.03,4181.0,3,0.0
2023-08-18 18:00:00,133.04,133.64,132.91,133.26,3708.0,3,0.0
2023-08-18 19:00:00,133.25,133.52,133.03,133.4,2907.0,3,0.0
2023-08-21 10:00:00,134.1,134.18,133.91,134.04,218.0,10,0.0
2023-08-21 11:00:00,134.03,134.27,133.93,134.23,397.0,10,0.0
2023-08-21 12:00:00,134.23,134.5,134.01,134.05,526.0,10,0.0
2023-08-21 13:00:00,134.04,134.85,133.27,134.83,6270.0,4,0.0
2023-08-21 14:00:00,134.84,135.16,133.4,133.46,6463.0,3,0.0
2023-08-21 15:00:00,133.46,133.77,132.69,133.07,4425.0,3,0.0
2023-08-21 16:00:00,133.05,134.04,132.94,133.98,2870.0,3,0.0
2023-08-21 17:00:00,133.98,134.47,133.56,134.13,3008.0,3,0.0
2023-08-21 18:00:00,134.13,134.79,134.13,134.46,2464.0,3,0.0
2023-08-21 19:00:00,134.47,134.72,134.36,134.59,1803.0,3,0.0
2023-08-22 10:00:00,135.32,135.52,135.3,135.42,179.0,10,0.0
2023-08-22 11:00:00,135.42,135.76,135.25,135.65,572.0,10,0.0
2023-08-22 12:00:00,135.66,135.86,135.25,135.25,415.0,10,0.0
2023-08-22 13:00:00,135.23,135.62,134.4,134.49,6211.0,3,0.0
2023-08-22 14:00:00,134.5,135.25,134.25,135.08,5338.0,3,0.0
2023-08-22 15:00:00,135.09,135.56,134.77,134.87,4135.0,3,0.0
2023-08-22 16:00:00,134.86,134.95,134.32,134.61,3175.0,3,0.0
2023-08-22 17:00:00,134.61,134.69,133.9,134.23,3011.0,4,0.0
2023-08-22 18:00:00,134.22,134.47,133.72,134.19,2610.0,4,0.0
2023-08-22 19:00:00,134.19,134.59,133.81,133.83,2011.0,4,0.0
2023-08-23 10:00:00,135.08,135.12,134.64,134.73,164.0,20,0.0
2023-08-23 11:00:00,134.73,134.73,134.18,134.53,806.0,10,0.0
2023-08-23 12:00:00,134.52,134.76,134.16,134.53,789.0,10,0.0
2023-08-23 13:00:00,134.53,135.06,133.2,133.91,7306.0,4,0.0
2023-08-23 14:00:00,133.92,135.02,133.6,134.92,5603.0,4,0.0
2023-08-23 15:00:00,134.92,135.22,134.64,135.21,3095.0,4,0.0
2023-08-23 16:00:00,135.21,135.51,134.85,135.31,2024.0,4,0.0
2023-08-23 17:00:00,135.32,135.92,135.23,135.67,1831.0,4,0.0
2023-08-23 18:00:00,135.68,135.68,134.78,134.96,1997.0,4,0.0
2023-08-23 19:00:00,134.95,135.35,134.84,135.15,1827.0,4,0.0
2023-08-24 10:00:00,137.14,137.4,137.11,137.33,276.0,20,0.0
2023-08-24 11:00:00,137.28,137.36,137.0,137.16,156.0,10,0.0
2023-08-24 12:00:00,137.23,137.25,136.6,136.87,940.0,10,0.0
2023-08-24 13:00:00,136.86,137.1,134.61,135.13,7940.0,3,0.0
2023-08-24 14:00:00,135.13,135.37,132.88,133.61,6371.0,4,0.0
2023-08-24 15:00:00,133.62,133.62,132.02,132.02,4650.0,4,0.0
2023-08-24 16:00:00,132.02,133.26,132.01,132.82,3344.0,4,0.0
2023-08-24 17:00:00,132.82,133.02,132.54,132.83,2660.0,4,0.0
2023-08-24 18:00:00,132.84,133.12,132.47,132.92,2860.0,4,0.0
2023-08-24 19:00:00,132.91,132.99,132.25,132.41,2800.0,4,0.0
2023-08-25 10:00:00,132.12,132.27,132.05,132.1,274.0,4,0.0
2023-08-25 11:00:00,132.1,132.23,131.88,132.19,591.0,4,0.0
2023-08-25 12:00:00,132.19,132.82,132.17,132.53,440.0,10,0.0
2023-08-25 13:00:00,132.53,133.16,132.22,132.92,6543.0,3,0.0
2023-08-25 14:00:00,132.9,133.84,130.7,130.77,15391.0,3,0.0
2023-08-25 15:00:00,130.79,132.07,130.56,131.21,7363.0,4,0.0
2023-08-25 16:00:00,131.2,132.2,131.17,132.1,4998.0,3,0.0
2023-08-25 17:00:00,132.1,132.37,131.81,132.22,4251.0,3,0.0
2023-08-25 18:00:00,132.21,133.27,132.17,133.23,4424.0,3,0.0
2023-08-25 19:00:00,133.24,133.61,133.0,133.5,2869.0,3,0.0
2023-08-28 10:00:00,133.43,133.51,133.41,133.48,62.0,4,0.0
2023-08-28 11:00:00,133.48,133.79,133.45,133.74,223.0,4,0.0
2023-08-28 12:00:00,133.69,134.3,133.68,134.3,381.0,4,0.0
2023-08-28 13:00:00,134.32,134.32,131.88,132.45,6596.0,4,0.0
2023-08-28 14:00:00,132.46,133.09,131.94,132.17,4960.0,4,0.0
2023-08-28 15:00:00,132.17,132.52,131.84,132.24,3242.0,4,0.0
2023-08-28 16:00:00,132.23,132.83,132.02,132.8,2436.0,3,0.0
2023-08-28 17:00:00,132.8,133.06,132.01,132.1,2177.0,4,0.0
2023-08-28 18:00:00,132.09,132.69,132.07,132.62,1873.0,4,0.0
2023-08-28 19:00:00,132.62,132.92,132.47,132.91,1616.0,4,0.0
2023-08-29 10:00:00,133.34,133.48,133.29,133.39,121.0,10,0.0
2023-08-29 11:00:00,133.38,133.39,133.0,133.07,235.0,10,0.0
2023-08-29 12:00:00,133.1,133.11,132.68,132.88,202.0,10,0.0
2023-08-29 13:00:00,132.85,134.33,132.72,133.69,5024.0,4,0.0
2023-08-29 14:00:00,133.7,134.79,133.67,134.14,6440.0,4,0.0
2023-08-29 15:00:00,134.15,134.96,134.1,134.49,2803.0,4,0.0
2023-08-29 16:00:00,134.5,134.58,134.07,134.12,2080.0,4,0.0
2023-08-29 17:00:00,134.11,134.59,134.0,134.22,1741.0,4,0.0
2023-08-29 18:00:00,134.22,134.76,134.21,134.65,1616.0,3,0.0
2023-08-29 19:00:00,134.65,135.11,134.52,135.1,1380.0,4,0.0
2023-08-30 10:00:00,134.64,134.81,134.64,134.79,129.0,10,0.0
2023-08-30 11:00:00,134.79,134.83,134.68,134.82,140.0,4,0.0
2023-08-30 12:00:00,134.78,135.23,134.73,134.99,362.0,4,0.0
2023-08-30 13:00:00,135.02,135.59,134.17,135.38,4962.0,4,0.0
2023-08-30 14:00:00,135.4,135.65,133.9,134.9,4641.0,3,0.0
2023-08-30 15:00:00,134.91,135.26,134.59,135.23,2529.0,3,0.0
2023-08-30 16:00:00,135.23,135.58,134.99,135.22,2094.0,3,0.0
2023-08-30 17:00:00,135.23,135.34,134.7,134.91,1957.0,3,0.0
2023-08-30 18:00:00,134.91,135.18,134.53,135.14,2484.0,3,0.0
2023-08-30 19:00:00,135.15,135.27,134.76,134.92,1555.0,3,0.0
2023-08-31 10:00:00,134.89,135.02,134.86,135.02,137.0,4,0.0
2023-08-31 11:00:00,135.01,135.28,134.95,135.22,243.0,4,0.0
2023-08-31 12:00:00,135.22,135.75,135.02,135.56,432.0,4,0.0
2023-08-31 13:00:00,135.56,137.77,134.81,137.74,7800.0,4,0.0
2023-08-31 14:00:00,137.75,138.76,137.66,138.18,6075.0,4,0.0
2023-08-31 15:00:00,138.19,138.49,137.54,137.55,3271.0,4,0.0
2023-08-31 16:00:00,137.55,137.81,136.91,137.2,3260.0,4,0.0
2023-08-31 17:00:00,137.2,138.02,137.16,137.69,2354.0,4,0.0
2023-08-31 18:00:00,137.71,138.36,137.67,138.07,2108.0,4,0.0
2023-08-31 19:00:00,138.07,138.54,138.05,138.36,1714.0,4,0.0
2023-09-01 10:00:00,138.37,138.59,138.37,138.57,219.0,4,0.0
2023-09-01 11:00:00,138.57,138.89,138.57,138.81,386.0,4,0.0
2023-09-01 12:00:00,138.78,139.61,138.72,139.6,810.0,10,0.0
2023-09-01 13:00:00,139.6,139.93,137.92,138.48,7609.0,4,0.0
2023-09-01 14:00:00,138.44,139.06,137.28,137.41,8007.0,3,0.0
2023-09-01 15:00:00,137.41,137.97,136.91,136.94,4502.0,3,0.0
2023-09-01 16:00:00,136.95,137.44,136.86,137.4,2655.0,3,0.0
2023-09-01 17:00:00,137.4,137.52,136.94,137.4,2023.0,3,0.0
2023-09-01 18:00:00,137.4,137.53,137.05,137.32,1877.0,3,0.0
2023-09-01 19:00:00,137.32,137.72,137.29,137.68,1691.0,4,0.0
2023-09-05 10:00:00,137.39,137.59,137.39,137.53,555.0,4,0.0
2023-09-05 11:00:00,137.57,137.69,137.34,137.57,274.0,10,0.0
2023-09-05 12:00:00,137.57,137.82,137.29,137.73,406.0,10,0.0
2023-09-05 13:00:00,137.67,137.75,135.97,136.05,6040.0,4,0.0
2023-09-05 14:00:00,136.06,136.82,135.81,136.43,4878.0,4,0.0
2023-09-05 15:00:00,136.44,137.01,136.27,136.36,2759.0,4,0.0
2023-09-05 16:00:00,136.37,136.88,136.35,136.74,1733.0,3,0.0
2023-09-05 17:00:00,136.74,136.92,136.52,136.76,1681.0,3,0.0
2023-09-05 18:00:00,136.77,137.23,136.75,137.22,1372.0,4,0.0
2023-09-05 19:00:00,137.22,137.22,136.71,137.2,1361.0,4,0.0
2023-09-06 10:00:00,136.49,136.65,136.31,136.4,106.0,10,0.0
2023-09-06 11:00:00,136.42,136.58,136.15,136.57,252.0,10,0.0
2023-09-06 12:00:00,136.57,136.77,136.31,136.64,241.0,10,0.0
2023-09-06 13:00:00,136.65,137.42,135.81,137.23,6599.0,4,0.0
2023-09-06 14:00:00,137.17,137.17,135.66,135.97,7036.0,4,0.0
2023-09-06 15:00:00,135.96,136.15,135.55,135.87,3359.0,3,0.0
2023-09-06 16:00:00,135.88,135.89,134.67,134.79,2873.0,3,0.0
2023-09-06 17:00:00,134.79,135.31,134.6,135.13,2258.0,3,0.0
2023-09-06 18:00:00,135.13,135.34,134.89,134.95,1774.0,3,0.0
2023-09-06 19:00:00,134.95,135.46,134.69,135.35,1598.0,3,0.0
2023-09-07 10:00:00,135.32,135.43,135.13,135.28,283.0,4,0.0
2023-09-07 11:00:00,135.29,135.34,134.86,134.89,354.0,4,0.0
2023-09-07 12:00:00,134.87,135.08,133.83,134.01,725.0,10,0.0
2023-09-07 13:00:00,134.01,135.3,133.16,135.27,7101.0,4,0.0
2023-09-07 14:00:00,135.27,136.69,134.9,135.96,5999.0,4,0.0
2023-09-07 15:00:00,135.97,136.32,135.45,135.76,3552.0,3,0.0
2023-09-07 16:00:00,135.77,136.53,135.74,136.26,2864.0,4,0.0
2023-09-07 17:00:00,136.25,137.48,136.23,137.44,2552.0,4,0.0
2023-09-07 18:00:00,137.45,137.69,137.05,137.48,2177.0,4,0.0
2023-09-07 19:00:00,137.49,137.83,137.3,137.82,1528.0,4,0.0
2023-09-08 10:00:00,137.27,137.49,137.22,137.31,423.0,4,0.0
2023-09-08 11:00:00,137.3,137.44,136.58,136.86,669.0,4,0.0
2023-09-08 12:00:00,136.86,137.43,136.86,137.04,459.0,5,0.0
2023-09-08 13:00:00,137.03,137.71,136.63,136.95,5415.0,4,0.0
2023-09-08 14:00:00,136.96,138.52,136.76,137.88,5492.0,4,0.0
2023-09-08 15:00:00,137.87,138.83,137.65,138.32,3325.0,4,0.0
2023-09-08 16:00:00,138.33,138.65,138.09,138.45,2522.0,4,0.0
2023-09-08 17:00:00,138.45,138.72,138.27,138.62,2131.0,4,0.0
2023-09-08 18:00:00,138.62,138.77,137.79,137.85,2759.0,4,0.0
2023-09-08 19:00:00,137.84,138.05,137.63,137.99,1908.0,4,0.0
2023-09-11 10:00:00,138.64,138.71,138.47,138.66,152.0,10,0.0
2023-09-11 11:00:00,138.66,138.85,138.56,138.63,310.0,10,0.0
2023-09-11 12:00:00,138.64,138.86,138.63,138.72,253.0,10,0.0
2023-09-11 13:00:00,138.71,140.52,138.46,140.14,6761.0,4,0.0
2023-09-11 14:00:00,140.15,141.37,140.0,141.13,5070.0,4,0.0
2023-09-11 15:00:00,141.13,141.96,140.94,141.2,2792.0,4,0.0
2023-09-11 16:00:00,141.2,141.92,141.15,141.5,2633.0,4,0.0
2023-09-11 17:00:00,141.5,142.42,141.29,142.29,2685.0,4,0.0
2023-09-11 18:00:00,142.29,142.91,142.18,142.91,1853.0,4,0.0
2023-09-11 19:00:00,142.91,143.59,142.89,143.53,1750.0,4,0.0
2023-09-12 10:00:00,142.11,142.15,142.02,142.04,76.0,20,0.0
2023-09-12 11:00:00,142.07,142.3,141.99,142.08,193.0,10,0.0
2023-09-12 12:00:00,142.09,142.21,141.81,141.84,219.0,10,0.0
2023-09-12 13:00:00,141.84,142.42,141.41,142.16,6106.0,4,0.0
2023-09-12 14:00:00,142.17,142.42,140.86,140.86,5042.0,4,0.0
2023-09-12 15:00:00,140.86,141.3,140.6,141.06,2991.0,4,0.0
2023-09-12 16:00:00,141.06,142.09,141.06,141.88,2038.0,4,0.0
2023-09-12 17:00:00,141.88,142.97,141.55,141.68,3279.0,4,0.0
2023-09-12 18:00:00,141.67,141.99,141.06,141.2,2849.0,4,0.0
2023-09-12 19:00:00,141.21,141.48,141.08,141.35,1860.0,4,0.0
2023-09-13 10:00:00,141.09,141.1,140.81,140.86,193.0,4,0.0
2023-09-13 11:00:00,140.86,141.01,140.76,140.99,242.0,4,0.0
2023-09-13 12:00:00,140.99,141.15,139.95,140.92,1290.0,4,0.0
2023-09-13 13:00:00,140.92,143.19,140.59,142.94,7426.0,4,0.0
2023-09-13 14:00:00,142.95,144.03,141.61,143.94,6985.0,4,0.0
2023-09-13 15:00:00,143.96,144.36,143.32,143.8,4471.0,4,0.0
2023-09-13 16:00:00,143.8,144.44,143.5,144.15,3617.0,4,0.0
2023-09-13 17:00:00,144.15,144.49,144.04,144.21,2404.0,4,0.0
2023-09-13 18:00:00,144.21,144.46,143.54,144.04,3142.0,4,0.0
2023-09-13 19:00:00,144.05,144.36,143.65,144.22,3285.0,4,0.0
2023-09-14 10:00:00,145.6,145.87,145.58,145.76,199.0,20,0.0
2023-09-14 11:00:00,145.74,145.88,145.48,145.62,277.0,10,0.0
2023-09-14 12:00:00,145.62,145.79,145.01,145.23,1191.0,10,0.0
2023-09-14 13:00:00,145.23,145.53,142.94,143.78,9133.0,4,0.0
2023-09-14 14:00:00,143.79,145.51,143.21,144.87,7296.0,4,0.0
2023-09-14 15:00:00,144.88,145.71,144.39,145.14,3869.0,4,0.0
2023-09-14 16:00:00,145.15,145.33,144.47,145.25,3096.0,4,0.0
2023-09-14 17:00:00,145.25,145.54,145.02,145.28,2114.0,4,0.0
2023-09-14 18:00:00,145.28,145.62,145.19,145.54,2006.0,4,0.0
2023-09-14 19:00:00,145.54,145.83,144.94,145.03,1638.0,4,0.0
2023-09-15 10:00:00,144.06,144.08,143.86,143.99,320.0,10,0.0
2023-09-15 11:00:00,143.96,144.09,143.25,143.37,452.0,10,0.0
2023-09-15 12:00:00,143.37,143.56,143.05,143.12,781.0,10,0.0
2023-09-15 13:00:00,143.11,143.55,141.51,142.02,10392.0,4,0.0
2023-09-15 14:00:00,142.01,142.16,140.07,140.46,7276.0,4,0.0
2023-09-15 15:00:00,140.45,141.31,140.35,140.99,4483.0,4,0.0
2023-09-15 16:00:00,141.0,141.34,140.63,141.29,3300.0,4,0.0
2023-09-15 17:00:00,141.3,141.34,140.4,140.91,3123.0,4,0.0
2023-09-15 18:00:00,140.92,140.92,140.38,140.63,2383.0,4,0.0
2023-09-15 19:00:00,140.63,141.02,140.41,140.48,2135.0,4,0.0
2023-09-18 10:00:00,140.75,140.82,140.55,140.76,332.0,4,0.0
2023-09-18 11:00:00,140.74,140.77,139.63,139.86,692.0,4,0.0
2023-09-18 12:00:00,139.86,140.23,139.64,139.92,523.0,10,0.0
2023-09-18 13:00:00,139.92,141.69,139.63,140.64,7669.0,4,0.0
2023-09-18 14:00:00,140.63,141.46,139.51,139.61,6234.0,4,0.0
2023-09-18 15:00:00,139.61,140.06,139.31,139.92,3000.0,4,0.0
2023-09-18 16:00:00,139.92,140.03,139.46,139.51,1778.0,4,0.0
2023-09-18 17:00:00,139.51,139.68,139.28,139.58,1623.0,4,0.0
2023-09-18 18:00:00,139.58,139.95,139.2,139.35,1571.0,4,0.0
2023-09-18 19:00:00,139.34,139.66,139.31,139.41,1290.0,4,0.0
2023-09-19 10:00:00,140.04,140.13,140.03,140.05,35.0,10,0.0
2023-09-19 11:00:00,140.06,140.23,140.01,140.06,295.0,10,0.0
2023-09-19 12:00:00,140.08,140.12,139.6,139.69,313.0,10,0.0
2023-09-19 13:00:00,139.7,139.71,136.71,136.77,7081.0,4,0.0
2023-09-19 14:00:00,136.76,136.99,135.64,135.71,4699.0,4,0.0
2023-09-19 15:00:00,135.71,136.13,135.55,136.04,2727.0,4,0.0
2023-09-19 16:00:00,136.04,136.57,135.89,136.53,2128.0,4,0.0
2023-09-19 17:00:00,136.53,137.24,136.39,137.16,2302.0,4,0.0
2023-09-19 18:00:00,137.16,137.56,136.96,136.98,2087.0,4,0.0
2023-09-19 19:00:00,136.97,137.66,136.89,137.63,1340.0,4,0.0
2023-09-20 10:00:00,138.05,138.13,137.79,137.93,151.0,10,0.0
2023-09-20 11:00:00,137.93,138.12,137.78,138.05,186.0,10,0.0
2023-09-20 12:00:00,138.04,138.53,137.98,138.48,463.0,4,0.0
2023-09-20 13:00:00,138.51,139.34,137.89,138.66,6246.0,4,0.0
2023-09-20 14:00:00,138.66,138.81,137.21,137.29,4185.0,4,0.0
2023-09-20 15:00:00,137.29,137.61,136.84,137.49,3005.0,4,0.0
2023-09-20 16:00:00,137.47,137.48,137.06,137.41,1327.0,4,0.0
2023-09-20 17:00:00,137.42,137.57,136.88,137.2,1548.0,4,0.0
2023-09-20 18:00:00,137.2,137.62,136.38,136.79,10265.0,4,0.0
2023-09-20 19:00:00,136.79,136.93,135.39,135.52,5000.0,4,0.0
2023-09-21 10:00:00,134.3,134.3,134.09,134.18,372.0,10,0.0
2023-09-21 11:00:00,134.21,134.31,132.56,132.67,1035.0,10,0.0
2023-09-21 12:00:00,132.67,132.74,131.22,131.65,2130.0,10,0.0
2023-09-21 13:00:00,131.65,132.22,130.52,130.88,10842.0,4,0.0
2023-09-21 14:00:00,130.87,131.79,130.64,131.06,6801.0,4,0.0
2023-09-21 15:00:00,131.07,131.22,130.43,130.88,3864.0,3,0.0
2023-09-21 16:00:00,130.88,130.93,130.4,130.63,3051.0,3,0.0
2023-09-21 17:00:00,130.62,131.15,130.58,130.89,2703.0,3,0.0
2023-09-21 18:00:00,130.88,130.92,129.82,129.94,3090.0,3,0.0
2023-09-21 19:00:00,129.93,130.06,129.37,129.56,2812.0,3,0.0
2023-09-22 10:00:00,130.66,131.1,130.49,131.0,335.0,10,0.0
2023-09-22 11:00:00,130.94,131.0,130.38,130.7,426.0,10,0.0
2023-09-22 12:00:00,130.7,131.26,130.7,131.21,694.0,4,0.0
2023-09-22 13:00:00,131.21,131.77,130.62,131.3,9023.0,3,0.0
2023-09-22 14:00:00,131.3,131.55,130.22,131.35,5093.0,3,0.0
2023-09-22 15:00:00,131.37,132.0,130.8,130.8,3772.0,4,0.0
2023-09-22 16:00:00,130.79,131.22,130.71,131.01,2358.0,3,0.0
2023-09-22 17:00:00,131.01,131.02,129.16,129.47,3584.0,3,0.0
2023-09-22 18:00:00,129.46,129.58,128.49,129.13,3656.0,3,0.0
2023-09-22 19:00:00,129.13,130.01,129.06,129.25,3285.0,3,0.0
2023-09-25 10:00:00,129.9,130.56,129.84,130.55,557.0,10,0.0
2023-09-25 11:00:00,130.52,130.54,129.77,129.94,498.0,10,0.0
2023-09-25 12:00:00,129.94,130.12,129.56,129.73,731.0,10,0.0
2023-09-25 13:00:00,129.71,131.06,128.75,131.05,7276.0,3,0.0
2023-09-25 14:00:00,131.06,131.16,130.02,130.34,6226.0,4,0.0
2023-09-25 15:00:00,130.34,131.34,130.32,131.16,3702.0,4,0.0
2023-09-25 16:00:00,131.16,131.76,130.86,131.26,2964.0,3,0.0
2023-09-25 17:00:00,131.27,131.59,131.05,131.5,2688.0,3,0.0
2023-09-25 18:00:00,131.51,131.74,131.18,131.27,2605.0,3,0.0
2023-09-25 19:00:00,131.27,131.38,130.77,130.89,2413.0,4,0.0
2023-09-26 10:00:00,130.6,130.86,130.58,130.83,153.0,4,0.0
2023-09-26 11:00:00,130.82,131.03,130.58,130.85,493.0,4,0.0
2023-09-26 12:00:00,130.84,131.07,130.49,130.59,463.0,4,0.0
2023-09-26 13:00:00,130.59,130.6,127.98,128.18,5578.0,4,0.0
2023-09-26 14:00:00,128.17,128.29,126.74,127.02,4948.0,4,0.0
2023-09-26 15:00:00,127.01,127.42,126.71,127.07,2472.0,3,0.0
2023-09-26 16:00:00,127.07,128.13,126.89,127.59,2835.0,3,0.0
2023-09-26 17:00:00,127.59,127.7,126.75,127.01,2640.0,3,0.0
2023-09-26 18:00:00,127.02,127.02,125.71,125.96,2498.0,3,0.0
2023-09-26 19:00:00,125.95,125.97,125.27,125.63,2283.0,3,0.0
2023-09-27 10:00:00,126.18,126.18,125.97,126.16,247.0,10,0.0
2023-09-27 11:00:00,126.18,126.41,125.8,126.12,261.0,10,0.0
2023-09-27 12:00:00,126.09,126.27,125.53,126.17,638.0,10,0.0
2023-09-27 13:00:00,126.2,127.45,125.35,126.1,7433.0,3,0.0
2023-09-27 14:00:00,126.11,126.14,124.11,124.25,6286.0,4,0.0
2023-09-27 15:00:00,124.26,125.14,124.14,124.54,3754.0,3,0.0
2023-09-27 16:00:00,124.54,124.91,124.13,124.45,2781.0,4,0.0
2023-09-27 17:00:00,124.44,125.56,124.43,125.19,3297.0,3,0.0
2023-09-27 18:00:00,125.2,126.28,124.82,126.04,3885.0,3,0.0
2023-09-27 19:00:00,126.04,126.78,125.82,126.01,3147.0,3,0.0
2023-09-28 10:00:00,126.05,126.09,125.09,125.28,537.0,4,0.0
2023-09-28 11:00:00,125.3,125.53,124.29,124.53,1306.0,10,0.0
2023-09-28 12:00:00,124.53,125.2,124.3,124.55,1336.0,10,0.0
2023-09-28 13:00:00,124.55,124.78,123.03,123.62,9000.0,3,0.0
2023-09-28 14:00:00,123.63,124.87,123.4,124.72,7989.0,3,0.0
2023-09-28 15:00:00,124.72,126.09,124.49,125.89,4759.0,3,0.0
2023-09-28 16:00:00,125.9,126.56,125.7,125.91,3164.0,3,0.0
2023-09-28 17:00:00,125.92,126.34,125.53,125.77,3431.0,3,0.0
2023-09-28 18:00:00,125.77,126.28,125.38,125.92,3648.0,3,0.0
2023-09-28 19:00:00,125.92,126.34,125.72,126.12,2766.0,3,0.0
2023-09-29 10:00:00,127.25,127.41,127.03,127.4,331.0,10,0.0
2023-09-29 11:00:00,127.32,127.38,126.86,127.15,521.0,10,0.0
2023-09-29 12:00:00,127.15,128.43,126.91,128.15,1023.0,10,0.0
2023-09-29 13:00:00,128.15,129.13,127.6,128.38,7619.0,3,0.0
2023-09-29 14:00:00,128.41,128.72,127.72,128.29,6399.0,3,0.0
2023-09-29 15:00:00,128.28,128.62,127.34,127.7,5291.0,3,0.0
2023-09-29 16:00:00,127.7,128.04,127.05,127.35,3830.0,3,0.0
2023-09-29 17:00:00,127.35,127.35,126.31,126.76,3615.0,3,0.0
2023-09-29 18:00:00,126.75,127.39,126.51,127.35,3836.0,3,0.0
2023-09-29 19:00:00,127.35,127.56,126.95,127.21,4142.0,3,0.0
2023-10-02 10:00:00,127.59,127.63,127.23,127.3,719.0,10,0.0
2023-10-02 11:00:00,127.31,127.78,127.01,127.11,815.0,10,0.0
2023-10-02 12:00:00,127.14,127.38,126.84,127.07,555.0,10,0.0
2023-10-02 13:00:00,127.03,128.67,126.52,128.17,7981.0,3,0.0
2023-10-02 14:00:00,128.11,129.55,128.06,129.1,11730.0,3,0.0
2023-10-02 15:00:00,129.11,130.44,128.78,129.06,7082.0,3,0.0
2023-10-02 16:00:00,129.07,129.32,128.55,128.69,5235.0,3,0.0
2023-10-02 17:00:00,128.7,128.97,128.25,128.81,3880.0,3,0.0
2023-10-02 18:00:00,128.81,129.52,128.54,128.95,5307.0,3,0.0
2023-10-02 19:00:00,128.94,129.23,128.61,128.91,4064.0,3,0.0
2023-10-03 10:00:00,129.39,129.57,129.15,129.34,613.0,10,0.0
2023-10-03 11:00:00,129.34,129.42,128.36,128.54,520.0,10,0.0
2023-10-03 12:00:00,128.53,129.02,127.98,128.09,1004.0,10,0.0
2023-10-03 13:00:00,128.07,128.55,126.79,127.42,7488.0,3,0.0
2023-10-03 14:00:00,127.42,127.43,125.3,125.3,11370.0,3,0.0
2023-10-03 15:00:00,125.29,125.38,124.79,125.11,4088.0,3,0.0
2023-10-03 16:00:00,125.11,125.67,125.08,125.45,3762.0,3,0.0
2023-10-03 17:00:00,125.44,125.7,124.57,124.6,2818.0,3,0.0
2023-10-03 18:00:00,124.61,124.82,124.4,124.59,2902.0,3,0.0
2023-10-03 19:00:00,124.59,124.76,124.24,124.58,2804.0,3,0.0
2023-10-04 10:00:00,124.88,125.17,124.7,124.94,512.0,4,0.0
2023-10-04 11:00:00,124.94,125.7,124.8,125.37,616.0,10,0.0
2023-10-04 12:00:00,125.33,126.4,125.07,125.9,1176.0,10,0.0
2023-10-04 13:00:00,125.89,127.25,125.64,126.59,9944.0,3,0.0
2023-10-04 14:00:00,126.55,127.35,125.79,126.32,12159.0,3,0.0
2023-10-04 15:00:00,126.31,126.65,125.88,126.5,6443.0,3,0.0
2023-10-04 16:00:00,126.49,126.9,125.84,126.56,4505.0,3,0.0
2023-10-04 17:00:00,126.57,126.82,126.2,126.23,4264.0,3,0.0
2023-10-04 18:00:00,126.23,126.51,125.81,126.36,4069.0,3,0.0
2023-10-04 19:00:00,126.37,127.25,126.34,127.09,2962.0,3,0.0
2023-10-05 10:00:00,126.53,126.88,126.47,126.72,232.0,10,0.0
2023-10-05 11:00:00,126.7,127.68,126.7,127.52,567.0,10,0.0
2023-10-05 12:00:00,127.52,127.68,126.58,126.8,671.0,10,0.0
2023-10-05 13:00:00,126.8,126.98,125.44,125.76,8134.0,3,0.0
2023-10-05 14:00:00,125.77,125.78,124.35,124.49,7290.0,3,0.0
2023-10-05 15:00:00,124.48,125.2,124.33,125.03,4941.0,3,0.0
2023-10-05 16:00:00,125.03,125.82,124.93,125.65,3611.0,3,0.0
2023-10-05 17:00:00,125.65,125.95,125.26,125.83,3488.0,3,0.0
2023-10-05 18:00:00,125.82,126.43,125.81,126.25,3547.0,3,0.0
2023-10-05 19:00:00,126.26,126.32,125.82,125.98,2977.0,3,0.0
2023-10-06 10:00:00,126.29,126.68,126.28,126.39,269.0,4,0.0
2023-10-06 11:00:00,126.34,126.38,126.04,126.16,484.0,4,0.0
2023-10-06 12:00:00,126.15,126.34,123.14,123.53,2293.0,4,0.0
2023-10-06 13:00:00,123.47,125.37,123.38,125.01,13298.0,3,0.0
2023-10-06 14:00:00,125.0,125.97,124.34,125.93,8893.0,3,0.0
2023-10-06 15:00:00,125.94,127.18,125.79,127.14,5415.0,3,0.0
2023-10-06 16:00:00,127.14,127.39,126.8,127.03,4191.0,3,0.0
2023-10-06 17:00:00,127.02,127.64,127.02,127.53,2816.0,3,0.0
2023-10-06 18:00:00,127.53,128.22,127.46,128.04,2813.0,3,0.0
2023-10-06 19:00:00,128.03,128.36,127.73,128.22,2091.0,3,0.0
2023-10-09 10:00:00,126.41,126.65,126.23,126.24,249.0,20,0.0
2023-10-09 11:00:00,126.26,126.45,126.11,126.34,559.0,10,0.0
2023-10-09 12:00:00,126.35,126.76,126.21,126.52,490.0,10,0.0
2023-10-09 13:00:00,126.52,127.05,124.74,126.21,9590.0,4,0.0
2023-10-09 14:00:00,126.22,126.43,125.29,125.51,7123.0,3,0.0
2023-10-09 15:00:00,125.5,126.4,125.33,126.39,3856.0,3,0.0
2023-10-09 16:00:00,126.39,126.99,126.28,126.73,3250.0,3,0.0
2023-10-09 17:00:00,126.73,128.35,126.72,128.32,3093.0,3,0.0
2023-10-09 18:00:00,128.33,128.76,127.97,128.5,3620.0,3,0.0
2023-10-09 19:00:00,128.49,128.74,128.06,128.13,2544.0,3,0.0
2023-10-10 10:00:00,128.62,128.74,128.59,128.6,73.0,10,0.0
2023-10-10 11:00:00,128.65,128.65,128.07,128.22,525.0,4,0.0
2023-10-10 12:00:00,128.22,128.38,127.99,128.19,551.0,4,0.0
2023-10-10 13:00:00,128.19,129.55,128.04,129.4,6409.0,4,0.0
2023-10-10 14:00:00,129.4,129.94,129.17,129.72,4783.0,3,0.0
2023-10-10 15:00:00,129.72,130.69,129.65,130.48,3221.0,3,0.0
2023-10-10 16:00:00,130.48,130.72,130.19,130.23,2235.0,3,0.0
2023-10-10 17:00:00,130.23,130.23,129.08,129.79,4497.0,3,0.0
2023-10-10 18:00:00,129.8,129.89,129.25,129.46,3272.0,3,0.0
2023-10-10 19:00:00,129.46,129.67,129.31,129.5,2282.0,3,0.0
2023-10-11 10:00:00,129.92,130.06,129.79,130.04,125.0,10,0.0
2023-10-11 11:00:00,130.04,130.35,130.01,130.21,353.0,10,0.0
2023-10-11 12:00:00,130.21,130.28,129.79,130.17,495.0,10,0.0
2023-10-11 13:00:00,130.17,130.92,129.49,130.35,5528.0,3,0.0
2023-10-11 14:00:00,130.35,130.43,129.59,130.31,5516.0,4,0.0
2023-10-11 15:00:00,130.32,130.77,129.71,130.15,3346.0,3,0.0
2023-10-11 16:00:00,130.14,130.51,129.95,130.44,3279.0,3,0.0
2023-10-11 17:00:00,130.44,130.49,129.94,130.42,2322.0,3,0.0
2023-10-11 18:00:00,130.41,131.12,130.31,130.91,3434.0,3,0.0
2023-10-11 19:00:00,130.92,131.71,130.72,131.66,2752.0,3,0.0
2023-10-12 10:00:00,132.56,132.73,132.46,132.67,164.0,10,0.0
2023-10-12 11:00:00,132.65,132.85,132.5,132.62,205.0,10,0.0
2023-10-12 12:00:00,132.62,132.72,131.8,132.1,1223.0,10,0.0
2023-10-12 13:00:00,132.08,133.12,131.38,132.15,8496.0,3,0.0
2023-10-12 14:00:00,132.14,134.4,131.69,134.34,8055.0,3,0.0
2023-10-12 15:00:00,134.34,134.42,133.53,133.95,4855.0,3,0.0
2023-10-12 16:00:00,133.96,134.45,133.5,133.66,3401.0,3,0.0
2023-10-12 17:00:00,133.66,133.8,131.64,131.87,6436.0,3,0.0
2023-10-12 18:00:00,131.88,132.12,131.21,131.93,5137.0,3,0.0
2023-10-12 19:00:00,131.93,132.43,131.85,132.2,3419.0,3,0.0
2023-10-13 10:00:00,131.29,131.45,131.03,131.16,392.0,10,0.0
2023-10-13 11:00:00,131.17,131.68,131.13,131.64,358.0,10,0.0
2023-10-13 12:00:00,131.64,132.52,131.48,132.4,481.0,10,0.0
2023-10-13 13:00:00,132.4,133.29,131.39,132.24,9964.0,3,0.0
2023-10-13 14:00:00,132.11,132.71,131.09,131.4,9925.0,3,0.0
2023-10-13 15:00:00,131.38,131.42,129.8,129.88,6049.0,3,0.0
2023-10-13 16:00:00,129.87,130.87,129.8,130.18,4098.0,3,0.0
2023-10-13 17:00:00,130.18,130.2,128.94,129.53,5440.0,3,0.0
2023-10-13 18:00:00,129.53,130.0,129.3,129.86,5560.0,3,0.0
2023-10-13 19:00:00,129.85,130.22,129.34,129.43,3879.0,3,0.0
2023-10-16 10:00:00,129.79,129.99,129.67,129.96,284.0,10,0.0
2023-10-16 11:00:00,129.96,130.39,129.91,130.2,331.0,10,0.0
2023-10-16 12:00:00,130.21,130.59,130.11,130.45,407.0,10,0.0
2023-10-16 13:00:00,130.46,132.23,130.36,132.15,10360.0,3,0.0
2023-10-16 14:00:00,132.15,132.26,131.46,131.83,7800.0,3,0.0
2023-10-16 15:00:00,131.84,132.09,131.46,131.77,4437.0,3,0.0
2023-10-16 16:00:00,131.78,132.01,131.57,131.92,2678.0,3,0.0
2023-10-16 17:00:00,131.92,132.79,131.41,132.74,4441.0,3,0.0
2023-10-16 18:00:00,132.74,133.05,132.59,132.98,3184.0,3,0.0
2023-10-16 19:00:00,132.97,133.05,132.59,132.67,1951.0,3,0.0
2023-10-17 10:00:00,131.59,131.81,131.28,131.45,327.0,10,0.0
2023-10-17 11:00:00,131.46,131.93,131.41,131.69,454.0,10,0.0
2023-10-17 12:00:00,131.78,131.79,130.83,131.05,763.0,10,0.0
2023-10-17 13:00:00,131.01,131.13,128.69,129.16,10092.0,3,0.0
2023-10-17 14:00:00,129.15,131.43,129.06,131.01,7640.0,3,0.0
2023-10-17 15:00:00,131.0,132.08,131.0,131.78,5804.0,3,0.0
2023-10-17 16:00:00,131.78,132.56,131.73,132.06,4135.0,3,0.0
2023-10-17 17:00:00,132.07,132.21,130.99,131.11,3717.0,3,0.0
2023-10-17 18:00:00,131.12,131.51,130.71,130.94,4706.0,3,0.0
2023-10-17 19:00:00,130.93,131.33,130.7,131.31,3572.0,3,0.0
2023-10-18 10:00:00,130.82,131.01,130.37,130.46,449.0,10,0.0
2023-10-18 11:00:00,130.44,130.82,130.37,130.61,710.0,10,0.0
2023-10-18 12:00:00,130.61,130.85,130.36,130.38,462.0,10,0.0
2023-10-18 13:00:00,130.4,130.62,129.16,130.05,10328.0,3,0.0
2023-10-18 14:00:00,130.06,130.64,129.14,129.18,8082.0,3,0.0
2023-10-18 15:00:00,129.19,129.63,128.95,129.36,5313.0,3,0.0
2023-10-18 16:00:00,129.36,129.81,128.82,128.85,4634.0,3,0.0
2023-10-18 17:00:00,128.85,129.65,128.47,128.69,5789.0,3,0.0
2023-10-18 18:00:00,128.69,129.0,128.12,128.27,4533.0,3,0.0
2023-10-18 19:00:00,128.27,128.32,127.85,127.93,2609.0,3,0.0
2023-10-19 10:00:00,128.67,129.21,128.65,128.93,635.0,4,0.0
2023-10-19 11:00:00,128.95,129.28,128.49,129.11,657.0,4,0.0
2023-10-19 12:00:00,129.11,130.32,129.0,130.27,783.0,10,0.0
2023-10-19 13:00:00,130.21,132.11,130.19,130.6,10271.0,4,0.0
2023-10-19 14:00:00,130.61,132.21,130.54,131.25,8797.0,4,0.0
2023-10-19 15:00:00,131.26,131.41,129.79,130.27,6878.0,3,0.0
2023-10-19 16:00:00,130.27,131.02,128.7,129.61,15261.0,3,0.0
2023-10-19 17:00:00,129.63,130.09,128.6,128.85,9352.0,3,0.0
2023-10-19 18:00:00,128.85,129.26,127.87,128.0,6402.0,3,0.0
2023-10-19 19:00:00,128.01,128.59,127.46,127.57,4733.0,3,0.0
2023-10-20 10:00:00,128.1,128.19,127.94,128.01,157.0,10,0.0
2023-10-20 11:00:00,127.98,128.48,127.88,128.34,469.0,10,0.0
2023-10-20 12:00:00,128.34,128.34,127.59,127.79,515.0,10,0.0
2023-10-20 13:00:00,127.78,128.4,126.03,126.42,9531.0,4,0.0
2023-10-20 14:00:00,126.42,126.69,125.0,125.03,8221.0,3,0.0
2023-10-20 15:00:00,125.02,126.02,124.95,125.78,5212.0,3,0.0
2023-10-20 16:00:00,125.78,126.48,125.29,126.41,4401.0,3,0.0
2023-10-20 17:00:00,126.41,126.62,125.89,126.22,5623.0,3,0.0
2023-10-20 18:00:00,126.22,126.34,125.55,125.84,4784.0,3,0.0
2023-10-20 19:00:00,125.85,126.1,125.36,125.43,3365.0,3,0.0
2023-10-23 10:00:00,124.2,124.23,123.8,124.11,543.0,4,0.0
2023-10-23 11:00:00,124.11,124.68,124.04,124.27,521.0,4,0.0
2023-10-23 12:00:00,124.24,124.54,124.05,124.32,683.0,10,0.0
2023-10-23 13:00:00,124.32,125.15,123.86,124.45,10638.0,4,0.0
2023-10-23 14:00:00,124.46,125.77,124.36,125.76,7559.0,3,0.0
2023-10-23 15:00:00,125.76,126.55,125.6,126.48,5230.0,3,0.0
2023-10-23 16:00:00,126.48,127.85,126.4,127.85,3744.0,3,0.0
2023-10-23 17:00:00,127.85,127.86,127.14,127.51,3751.0,3,0.0
2023-10-23 18:00:00,127.49,127.76,127.13,127.59,3762.0,3,0.0
2023-10-23 19:00:00,127.6,127.67,126.7,126.74,4316.0,3,0.0
2023-10-24 10:00:00,127.68,127.89,127.58,127.85,225.0,10,0.0
2023-10-24 11:00:00,127.84,128.3,127.72,128.11,359.0,10,0.0
2023-10-24 12:00:00,128.09,128.33,127.92,128.18,412.0,10,0.0
2023-10-24 13:00:00,128.18,128.44,126.88,128.34,11876.0,3,0.0
2023-10-24 14:00:00,128.33,128.78,127.53,128.34,9191.0,3,0.0
2023-10-24 15:00:00,128.34,128.6,127.01,127.6,5532.0,3,0.0
2023-10-24 16:00:00,127.59,127.7,126.32,126.63,4270.0,3,0.0
2023-10-24 17:00:00,126.63,127.52,126.52,127.28,3423.0,3,0.0
2023-10-24 18:00:00,127.27,127.87,127.12,127.74,2806.0,3,0.0
2023-10-24 19:00:00,127.74,128.35,127.59,128.34,1995.0,3,0.0
2023-10-25 10:00:00,126.82,126.82,126.2,126.75,331.0,10,0.0
2023-10-25 11:00:00,126.78,127.28,126.7,127.12,722.0,10,0.0
2023-10-25 12:00:00,127.11,127.46,126.71,126.85,1003.0,10,0.0
2023-10-25 13:00:00,126.8,126.9,124.22,124.81,14642.0,3,0.0
2023-10-25 14:00:00,124.79,124.99,123.1,123.21,12824.0,3,0.0
2023-10-25 15:00:00,123.22,124.36,122.22,122.34,10164.0,3,0.0
2023-10-25 16:00:00,122.34,122.76,121.81,122.09,5297.0,3,0.0
2023-10-25 17:00:00,122.09,122.31,120.77,121.3,5890.0,3,0.0
2023-10-25 18:00:00,121.3,121.67,120.98,121.56,4813.0,3,0.0
2023-10-25 19:00:00,121.56,121.66,121.06,121.31,3182.0,3,0.0
2023-10-26 10:00:00,119.53,119.82,119.16,119.41,485.0,10,0.0
2023-10-26 11:00:00,119.48,119.86,119.2,119.38,1015.0,10,0.0
2023-10-26 12:00:00,119.41,120.37,119.2,120.21,1595.0,10,0.0
2023-10-26 13:00:00,120.22,121.6,118.35,118.51,13223.0,3,0.0
2023-10-26 14:00:00,118.46,120.84,118.34,120.74,10819.0,4,0.0
2023-10-26 15:00:00,120.74,120.97,119.5,119.91,6753.0,3,0.0
2023-10-26 16:00:00,119.9,119.9,118.39,118.52,5699.0,3,0.0
2023-10-26 17:00:00,118.51,119.75,118.44,119.58,5070.0,3,0.0
2023-10-26 18:00:00,119.58,120.49,119.47,120.44,4776.0,3,0.0
2023-10-26 19:00:00,120.43,120.67,119.33,119.4,3838.0,3,0.0
2023-10-27 10:00:00,126.49,127.18,126.44,127.08,279.0,30,0.0
2023-10-27 11:00:00,127.08,128.2,126.44,126.67,2007.0,10,0.0
2023-10-27 12:00:00,126.6,126.63,125.22,126.22,3184.0,4,0.0
2023-10-27 13:00:00,126.21,129.02,125.5,127.93,37290.0,4,0.0
2023-10-27 14:00:00,127.92,129.46,127.76,129.43,20629.0,4,0.0
2023-10-27 15:00:00,129.44,129.99,129.08,129.57,9405.0,4,0.0
2023-10-27 16:00:00,129.57,129.73,128.57,128.65,5998.0,3,0.0
2023-10-27 17:00:00,128.66,128.77,126.8,127.18,8573.0,3,0.0
2023-10-27 18:00:00,127.19,128.22,126.9,127.97,8192.0,4,0.0
2023-10-27 19:00:00,127.99,128.32,127.12,127.15,5140.0,3,0.0
2023-10-30 10:00:00,128.93,128.95,128.75,128.8,189.0,20,0.0
2023-10-30 11:00:00,128.8,129.31,128.76,129.22,424.0,10,0.0
2023-10-30 12:00:00,129.22,129.28,128.93,129.1,396.0,10,0.0
2023-10-30 13:00:00,129.05,132.4,128.8,131.87,13776.0,4,0.0
2023-10-30 14:00:00,131.86,131.9,130.03,130.62,11936.0,4,0.0
2023-10-30 15:00:00,130.63,131.96,130.5,131.9,6879.0,3,0.0
2023-10-30 16:00:00,131.89,132.35,131.14,131.44,5773.0,3,0.0
2023-10-30 17:00:00,131.44,132.69,131.1,132.62,5061.0,3,0.0
2023-10-30 18:00:00,132.61,132.85,132.33,132.62,3301.0,4,0.0
2023-10-30 19:00:00,132.63,132.97,132.44,132.78,3832.0,4,0.0
2023-10-31 10:00:00,132.33,132.59,132.24,132.38,263.0,10,0.0
2023-10-31 11:00:00,132.38,132.83,132.38,132.6,888.0,4,0.0
2023-10-31 12:00:00,132.59,132.87,132.26,132.47,728.0,4,0.0
2023-10-31 13:00:00,132.5,133.29,131.81,132.5,9046.0,4,0.0
2023-10-31 14:00:00,132.49,133.54,132.35,132.62,10308.0,4,0.0
2023-10-31 15:00:00,132.63,132.92,131.85,132.31,5910.0,4,0.0
2023-10-31 16:00:00,132.3,132.67,131.69,132.64,4859.0,3,0.0
2023-10-31 17:00:00,132.65,132.99,132.27,132.87,3705.0,3,0.0
2023-10-31 18:00:00,132.87,133.15,132.59,133.07,3161.0,3,0.0
2023-10-31 19:00:00,133.07,133.32,132.71,132.9,2190.0,3,0.0
2023-11-01 10:00:00,132.74,132.95,132.59,132.87,872.0,4,0.0
2023-11-01 11:00:00,132.9,132.94,132.5,132.58,575.0,4,0.0
2023-11-01 12:00:00,132.58,133.63,132.52,133.34,814.0,10,0.0
2023-11-01 13:00:00,133.34,135.7,133.2,134.74,11403.0,4,0.0
2023-11-01 14:00:00,134.79,135.81,134.15,135.38,11253.0,4,0.0
2023-11-01 15:00:00,135.38,135.73,134.69,135.43,4424.0,3,0.0
2023-11-01 16:00:00,135.43,136.01,135.2,135.93,3769.0,3,0.0
2023-11-01 17:00:00,135.93,136.0,135.54,135.78,3322.0,4,0.0
2023-11-01 18:00:00,135.78,136.13,134.97,135.91,17668.0,4,0.0
2023-11-01 19:00:00,135.91,137.07,135.91,136.79,6922.0,3,0.0
2023-11-02 10:00:00,137.72,137.79,137.41,137.71,436.0,10,0.0
2023-11-02 11:00:00,137.71,138.14,137.65,138.09,492.0,10,0.0
2023-11-02 12:00:00,138.09,138.88,137.97,138.72,1198.0,4,0.0
2023-11-02 13:00:00,138.72,138.8,137.16,137.76,9789.0,4,0.0
2023-11-02 14:00:00,137.75,137.82,136.46,137.19,7808.0,4,0.0
2023-11-02 15:00:00,137.2,137.8,136.59,137.15,4359.0,4,0.0
2023-11-02 16:00:00,137.15,137.48,136.76,137.26,3350.0,4,0.0
2023-11-02 17:00:00,137.25,137.75,137.09,137.73,2319.0,4,0.0
2023-11-02 18:00:00,137.73,137.98,137.46,137.71,2421.0,4,0.0
2023-11-02 19:00:00,137.7,138.18,137.5,137.82,1922.0,3,0.0
2023-11-03 10:00:00,138.07,138.17,137.83,137.84,510.0,4,0.0
2023-11-03 11:00:00,137.85,138.13,137.71,138.1,599.0,4,0.0
2023-11-03 12:00:00,138.1,139.23,137.52,139.13,1430.0,4,0.0
2023-11-03 13:00:00,139.11,139.47,138.38,138.59,9418.0,4,0.0
2023-11-03 14:00:00,138.59,139.04,137.44,138.21,9516.0,4,0.0
2023-11-03 15:00:00,138.22,138.6,137.93,138.41,4755.0,4,0.0
2023-11-03 16:00:00,138.42,138.99,138.25,138.82,3143.0,4,0.0
2023-11-03 17:00:00,138.81,139.08,138.59,138.97,2509.0,4,0.0
2023-11-03 18:00:00,138.96,139.15,138.79,138.86,2454.0,4,0.0
2023-11-03 19:00:00,138.85,138.89,138.24,138.44,1804.0,3,0.0
2023-11-06 13:00:00,138.9,139.13,138.78,138.84,252.0,10,0.0
2023-11-06 14:00:00,138.83,140.6,138.33,140.17,9626.0,4,0.0
2023-11-06 15:00:00,140.19,140.71,139.79,140.04,6413.0,4,0.0
2023-11-06 16:00:00,140.03,140.34,139.51,139.93,3345.0,4,0.0
2023-11-06 17:00:00,139.93,140.07,139.46,139.71,2684.0,4,0.0
2023-11-06 18:00:00,139.7,139.7,139.09,139.23,3080.0,4,0.0
2023-11-06 19:00:00,139.24,139.51,138.95,139.5,3010.0,3,0.0
2023-11-06 20:00:00,139.5,139.55,139.07,139.24,2056.0,3,0.0
2023-11-07 11:00:00,139.22,139.28,138.97,139.06,562.0,4,0.0
2023-11-07 12:00:00,139.05,140.14,139.05,139.77,659.0,4,0.0
2023-11-07 13:00:00,139.76,140.74,139.69,140.49,699.0,10,0.0
2023-11-07 14:00:00,140.53,142.22,140.34,142.22,10047.0,4,0.0
2023-11-07 15:00:00,142.21,143.1,141.4,142.72,6051.0,4,0.0
2023-11-07 16:00:00,142.73,143.3,142.51,142.78,3920.0,4,0.0
2023-11-07 17:00:00,142.79,143.01,142.35,142.96,3625.0,3,0.0
2023-11-07 18:00:00,142.97,143.27,142.89,142.97,2721.0,3,0.0
2023-11-07 19:00:00,142.97,143.34,142.93,143.02,2256.0,4,0.0
2023-11-07 20:00:00,143.03,143.17,142.67,142.96,1905.0,4,0.0
2023-11-08 11:00:00,142.61,142.77,142.51,142.74,212.0,4,0.0
2023-11-08 12:00:00,142.77,142.89,142.59,142.76,284.0,10,0.0
2023-11-08 13:00:00,142.78,143.21,142.74,143.21,369.0,4,0.0
2023-11-08 14:00:00,143.2,143.41,141.82,142.29,7538.0,4,0.0
2023-11-08 15:00:00,142.29,142.47,141.28,141.74,6556.0,4,0.0
2023-11-08 16:00:00,141.74,142.23,141.52,141.53,3730.0,4,0.0
2023-11-08 17:00:00,141.53,141.69,141.24,141.35,2994.0,4,0.0
2023-11-08 18:00:00,141.35,142.13,141.2,142.12,2649.0,4,0.0
2023-11-08 19:00:00,142.12,142.52,141.88,141.97,2017.0,4,0.0
2023-11-08 20:00:00,141.98,142.13,141.64,141.93,1946.0,4,0.0
2023-11-09 11:00:00,142.19,142.2,141.82,141.92,353.0,4,0.0
2023-11-09 12:00:00,141.87,142.19,141.84,142.19,230.0,4,0.0
2023-11-09 13:00:00,142.15,142.2,141.83,141.91,379.0,4,0.0
2023-11-09 14:00:00,141.91,142.62,141.74,142.43,6367.0,4,0.0
2023-11-09 15:00:00,142.44,142.5,141.43,141.94,5708.0,4,0.0
2023-11-09 16:00:00,141.93,142.32,141.65,142.06,3129.0,4,0.0
2023-11-09 17:00:00,142.07,142.3,141.64,142.07,2416.0,4,0.0
2023-11-09 18:00:00,142.07,142.15,140.91,141.13,5813.0,4,0.0
2023-11-09 19:00:00,141.12,141.12,140.0,140.15,5565.0,4,0.0
2023-11-09 20:00:00,140.14,140.55,139.82,140.07,3196.0,4,0.0
2023-11-10 11:00:00,139.88,139.88,139.54,139.73,397.0,4,0.0
2023-11-10 12:00:00,139.67,140.7,139.61,140.51,396.0,10,0.0
2023-11-10 13:00:00,140.51,141.05,140.39,141.02,401.0,10,0.0
2023-11-10 14:00:00,141.01,141.69,139.89,141.53,9291.0,4,0.0
2023-11-10 15:00:00,141.35,141.45,140.15,140.8,9648.0,4,0.0
2023-11-10 16:00:00,140.81,142.32,140.76,141.99,4444.0,4,0.0
2023-11-10 17:00:00,141.98,142.96,141.93,142.82,3129.0,4,0.0
2023-11-10 18:00:00,142.82,143.2,142.58,142.96,2225.0,3,0.0
2023-11-10 19:00:00,142.97,143.31,142.88,143.13,1827.0,4,0.0
2023-11-10 20:00:00,143.13,143.4,142.94,143.34,1437.0,4,0.0
2023-11-13 11:00:00,142.95,143.01,142.58,142.89,206.0,10,0.0
2023-11-13 12:00:00,142.89,143.12,142.77,142.87,377.0,4,0.0
2023-11-13 13:00:00,142.89,142.94,142.49,142.58,421.0,4,0.0
2023-11-13 14:00:00,142.61,142.62,140.65,141.51,6042.0,4,0.0
2023-11-13 15:00:00,141.51,142.84,141.49,142.61,4306.0,4,0.0
2023-11-13 16:00:00,142.62,143.2,142.28,142.94,3049.0,4,0.0
2023-11-13 17:00:00,142.94,143.0,142.53,142.76,2079.0,4,0.0
2023-11-13 18:00:00,142.76,143.06,142.58,142.94,1754.0,4,0.0
2023-11-13 19:00:00,142.94,143.16,142.81,142.89,1199.0,4,0.0
2023-11-13 20:00:00,142.89,143.02,142.52,142.72,1001.0,4,0.0
2023-11-14 11:00:00,143.25,143.29,143.11,143.25,101.0,10,0.0
2023-11-14 12:00:00,143.24,143.42,143.07,143.16,216.0,10,0.0
2023-11-14 13:00:00,143.16,145.45,142.92,145.19,1076.0,10,0.0
2023-11-14 14:00:00,145.17,147.18,144.54,146.33,8999.0,4,0.0
2023-11-14 15:00:00,146.35,147.23,146.21,146.22,5651.0,4,0.0
2023-11-14 16:00:00,146.22,146.8,145.69,145.75,3239.0,4,0.0
2023-11-14 17:00:00,145.76,146.21,145.45,146.18,2705.0,4,0.0
2023-11-14 18:00:00,146.18,146.58,145.77,145.83,1865.0,4,0.0
2023-11-14 19:00:00,145.83,146.21,145.48,146.15,2179.0,4,0.0
2023-11-14 20:00:00,146.14,146.47,146.13,146.36,1290.0,4,0.0
2023-11-15 11:00:00,146.77,147.33,146.77,147.2,198.0,10,0.0
2023-11-15 12:00:00,147.2,147.52,146.97,147.28,382.0,10,0.0
2023-11-15 13:00:00,147.27,148.01,146.88,147.22,1026.0,10,0.0
2023-11-15 14:00:00,147.15,147.25,144.67,145.24,6435.0,4,0.0
2023-11-15 15:00:00,145.22,145.58,143.86,143.89,5635.0,4,0.0
2023-11-15 16:00:00,143.89,144.21,143.07,143.14,6437.0,4,0.0
2023-11-15 17:00:00,143.15,143.83,142.7,143.63,3872.0,4,0.0
2023-11-15 18:00:00,143.62,143.63,142.57,143.28,3411.0,4,0.0
2023-11-15 19:00:00,143.28,143.86,142.93,143.77,2646.0,4,0.0
2023-11-15 20:00:00,143.77,143.79,143.23,143.33,2111.0,4,0.0
2023-11-16 11:00:00,143.39,143.51,143.06,143.28,342.0,4,0.0
2023-11-16 12:00:00,143.3,143.31,141.41,141.53,912.0,10,0.0
2023-11-16 13:00:00,141.53,141.53,140.7,141.14,1150.0,10,0.0
2023-11-16 14:00:00,141.14,142.26,139.51,142.22,8798.0,4,0.0
2023-11-16 15:00:00,142.22,143.11,141.99,142.33,6756.0,4,0.0
2023-11-16 16:00:00,142.33,143.01,141.77,142.63,4366.0,4,0.0
2023-11-16 17:00:00,142.64,143.29,142.54,142.91,2690.0,3,0.0
2023-11-16 18:00:00,142.91,142.94,142.13,142.24,2698.0,4,0.0
2023-11-16 19:00:00,142.24,142.61,141.81,142.47,2446.0,4,0.0
2023-11-16 20:00:00,142.46,142.72,142.26,142.68,1813.0,4,0.0
2023-11-17 11:00:00,143.66,143.72,143.4,143.6,277.0,10,0.0
2023-11-17 12:00:00,143.6,143.64,143.29,143.35,356.0,10,0.0
2023-11-17 13:00:00,143.35,143.68,142.82,142.98,483.0,10,0.0
2023-11-17 14:00:00,143.02,144.05,142.12,143.95,7606.0,4,0.0
2023-11-17 15:00:00,143.95,144.62,143.55,144.35,5466.0,4,0.0
2023-11-17 16:00:00,144.35,144.51,143.96,144.08,3268.0,4,0.0
2023-11-17 17:00:00,144.08,144.67,144.04,144.57,1980.0,3,0.0
2023-11-17 18:00:00,144.57,144.87,144.38,144.65,1800.0,4,0.0
2023-11-17 19:00:00,144.65,145.02,144.35,144.41,1870.0,4,0.0
2023-11-17 20:00:00,144.41,144.82,144.24,144.73,1729.0,4,0.0
2023-11-20 11:00:00,145.02,145.37,144.88,145.29,343.0,4,0.0
2023-11-20 12:00:00,145.27,145.4,145.02,145.2,334.0,10,0.0
2023-11-20 13:00:00,145.2,145.76,145.1,145.6,412.0,10,0.0
2023-11-20 14:00:00,145.61,146.6,144.87,145.98,7514.0,4,0.0
2023-11-20 15:00:00,145.99,146.05,144.7,145.91,5269.0,4,0.0
2023-11-20 16:00:00,145.9,146.15,145.81,146.09,2658.0,4,0.0
2023-11-20 17:00:00,146.1,146.45,145.98,146.08,1866.0,4,0.0
2023-11-20 18:00:00,146.08,146.56,145.91,146.06,2474.0,4,0.0
2023-11-20 19:00:00,146.06,146.13,145.43,145.98,1728.0,4,0.0
2023-11-20 20:00:00,145.98,146.24,145.89,146.17,1168.0,4,0.0
2023-11-21 11:00:00,146.05,146.1,145.96,146.0,468.0,4,0.0
2023-11-21 12:00:00,146.01,146.42,145.92,145.92,341.0,4,0.0
2023-11-21 13:00:00,145.9,145.95,145.28,145.36,402.0,5,0.0
2023-11-21 14:00:00,145.35,145.46,142.46,142.73,10704.0,4,0.0
2023-11-21 15:00:00,142.73,143.47,141.49,142.12,7820.0,4,0.0
2023-11-21 16:00:00,142.11,142.87,141.89,142.78,3962.0,4,0.0
2023-11-21 17:00:00,142.79,143.62,142.69,143.58,3094.0,4,0.0
2023-11-21 18:00:00,143.58,143.79,142.79,143.65,2736.0,4,0.0
2023-11-21 19:00:00,143.65,143.74,143.04,143.42,2773.0,4,0.0
2023-11-21 20:00:00,143.41,143.8,143.34,143.53,1740.0,4,0.0
2023-11-22 11:00:00,143.81,143.91,143.6,143.69,183.0,4,0.0
2023-11-22 12:00:00,143.67,144.06,143.67,143.85,294.0,10,0.0
2023-11-22 13:00:00,143.87,144.11,143.57,143.71,469.0,4,0.0
2023-11-22 14:00:00,143.74,147.72,143.38,146.76,11828.0,4,0.0
2023-11-22 15:00:00,146.77,147.23,146.33,146.5,8535.0,4,0.0
2023-11-22 16:00:00,146.51,147.25,146.48,147.19,3452.0,4,0.0
2023-11-22 17:00:00,147.18,147.32,146.76,146.91,2650.0,4,0.0
2023-11-22 18:00:00,146.91,147.22,146.8,147.08,1612.0,4,0.0
2023-11-22 19:00:00,147.07,147.19,146.38,146.74,2253.0,4,0.0
2023-11-22 20:00:00,146.74,146.81,146.52,146.54,1364.0,4,0.0
2023-11-24 11:00:00,146.88,146.89,146.76,146.85,178.0,4,0.0
2023-11-24 12:00:00,146.82,146.9,146.55,146.73,618.0,4,0.0
2023-11-24 13:00:00,146.74,146.95,146.57,146.91,398.0,4,0.0
2023-11-24 14:00:00,146.91,147.24,145.81,146.24,6987.0,4,0.0
2023-11-24 15:00:00,146.25,146.34,145.31,145.82,5333.0,4,0.0
2023-11-24 16:00:00,145.84,147.06,145.75,146.7,3935.0,4,0.0
2023-11-24 17:00:00,146.69,146.89,146.49,146.71,2335.0,4,0.0
2023-11-27 11:00:00,147.48,147.74,147.2,147.38,211.0,20,0.0
2023-11-27 12:00:00,147.34,147.9,147.28,147.86,513.0,10,0.0
2023-11-27 13:00:00,147.86,148.43,147.78,148.09,571.0,10,0.0
2023-11-27 14:00:00,148.1,148.94,146.86,148.88,8691.0,4,0.0
2023-11-27 15:00:00,148.89,149.24,148.4,148.71,5485.0,4,0.0
2023-11-27 16:00:00,148.71,148.85,147.78,148.78,3455.0,4,0.0
2023-11-27 17:00:00,148.78,148.97,148.58,148.87,1823.0,4,0.0
2023-11-27 18:00:00,148.87,148.99,148.66,148.73,1559.0,3,0.0
2023-11-27 19:00:00,148.74,148.84,147.94,148.32,2109.0,4,0.0
2023-11-27 20:00:00,148.32,148.47,148.18,148.27,1423.0,4,0.0
2023-11-28 11:00:00,147.84,147.89,147.59,147.59,118.0,10,0.0
2023-11-28 12:00:00,147.59,147.75,146.86,146.88,1567.0,4,0.0
2023-11-28 13:00:00,146.88,147.21,146.64,147.17,1242.0,4,0.0
2023-11-28 14:00:00,147.16,147.35,145.51,146.07,6383.0,4,0.0
2023-11-28 15:00:00,146.06,147.06,146.01,146.59,5606.0,4,0.0
2023-11-28 16:00:00,146.58,147.57,146.46,147.24,3300.0,4,0.0
2023-11-28 17:00:00,147.25,147.42,146.72,147.03,2942.0,4,0.0
2023-11-28 18:00:00,147.03,147.12,146.63,147.0,3280.0,4,0.0
2023-11-28 19:00:00,147.01,147.1,146.61,146.9,2210.0,4,0.0
2023-11-28 20:00:00,146.9,146.91,146.5,146.72,1889.0,4,0.0
2023-11-29 11:00:00,147.54,147.92,147.54,147.9,130.0,10,0.0
2023-11-29 12:00:00,147.9,147.9,147.49,147.74,301.0,10,0.0
2023-11-29 13:00:00,147.75,148.28,147.72,147.94,559.0,10,0.0
2023-11-29 14:00:00,147.95,148.51,147.55,148.31,5138.0,4,0.0
2023-11-29 15:00:00,148.32,148.4,146.37,147.41,4929.0,4,0.0
2023-11-29 16:00:00,147.4,147.42,145.94,146.4,3038.0,4,0.0
2023-11-29 17:00:00,146.4,146.74,146.24,146.74,1651.0,4,0.0
2023-11-29 18:00:00,146.75,146.96,146.44,146.66,1995.0,4,0.0
2023-11-29 19:00:00,146.66,147.01,146.55,146.84,2017.0,4,0.0
2023-11-29 20:00:00,146.84,146.91,146.23,146.27,1722.0,4,0.0
2023-11-30 11:00:00,146.36,146.43,146.08,146.14,221.0,4,0.0
2023-11-30 12:00:00,146.14,146.21,145.51,145.71,891.0,4,0.0
2023-11-30 13:00:00,145.71,146.13,145.56,145.59,422.0,10,0.0
2023-11-30 14:00:00,145.6,146.91,144.42,146.0,9311.0,4,0.0
2023-11-30 15:00:00,146.0,146.51,145.26,145.92,7657.0,4,0.0
2023-11-30 16:00:00,145.93,146.03,144.77,144.83,4444.0,4,0.0
2023-11-30 17:00:00,144.83,145.44,144.58,145.34,3380.0,4,0.0
2023-11-30 18:00:00,145.34,145.37,144.31,144.34,2051.0,4,0.0
2023-11-30 19:00:00,144.34,145.15,144.33,145.06,1867.0,4,0.0
2023-11-30 20:00:00,145.06,145.12,144.54,145.12,1586.0,4,0.0
2023-12-01 11:00:00,145.96,146.16,145.73,146.15,382.0,10,0.0
2023-12-01 12:00:00,146.14,146.14,145.64,145.75,288.0,10,0.0
2023-12-01 13:00:00,145.76,145.91,145.6,145.73,276.0,10,0.0
2023-12-01 14:00:00,145.66,146.87,145.49,146.26,5605.0,4,0.0
2023-12-01 15:00:00,146.27,146.84,145.91,146.06,6971.0,4,0.0
2023-12-01 16:00:00,146.04,146.84,145.71,146.5,7051.0,4,0.0
2023-12-01 17:00:00,146.51,147.08,146.4,146.86,3124.0,4,0.0
2023-12-01 18:00:00,146.86,146.97,146.22,146.58,2509.0,4,0.0
2023-12-01 19:00:00,146.58,147.17,146.5,147.16,2262.0,4,0.0
2023-12-01 20:00:00,147.16,147.22,146.79,146.82,1727.0,4,0.0
2023-12-04 11:00:00,146.25,146.26,146.02,146.05,384.0,4,0.0
2023-12-04 12:00:00,146.08,146.24,145.76,146.18,388.0,4,0.0
2023-12-04 13:00:00,146.16,146.39,145.66,145.75,503.0,4,0.0
2023-12-04 14:00:00,145.74,145.74,143.51,144.41,7959.0,4,0.0
2023-12-04 15:00:00,144.41,144.85,142.79,143.4,6561.0,4,0.0
2023-12-04 16:00:00,143.4,144.94,143.35,144.86,2903.0,4,0.0
2023-12-04 17:00:00,144.87,145.25,144.71,145.16,2040.0,4,0.0
2023-12-04 18:00:00,145.16,145.2,144.43,144.59,1800.0,4,0.0
2023-12-04 19:00:00,144.58,144.7,144.14,144.24,2228.0,4,0.0
2023-12-04 20:00:00,144.23,144.92,143.97,144.84,2097.0,4,0.0
2023-12-05 11:00:00,143.44,143.61,143.16,143.48,249.0,10,0.0
2023-12-05 12:00:00,143.43,143.93,143.39,143.51,1178.0,4,0.0
2023-12-05 13:00:00,143.48,144.15,143.48,143.64,646.0,4,0.0
2023-12-05 14:00:00,143.64,145.98,143.09,145.79,7884.0,4,0.0
2023-12-05 15:00:00,145.77,148.54,145.69,147.39,10774.0,4,0.0
2023-12-05 16:00:00,147.4,147.86,145.77,146.15,5293.0,4,0.0
2023-12-05 17:00:00,146.16,146.34,145.66,146.15,4093.0,4,0.0
2023-12-05 18:00:00,146.15,146.85,146.03,146.82,3052.0,4,0.0
2023-12-05 19:00:00,146.82,147.11,146.6,147.09,2236.0,4,0.0
2023-12-05 20:00:00,147.09,147.22,146.77,146.78,1929.0,4,0.0
2023-12-06 11:00:00,147.31,147.31,146.77,146.87,359.0,10,0.0
2023-12-06 12:00:00,146.88,147.09,146.79,147.02,265.0,10,0.0
2023-12-06 13:00:00,147.02,147.61,146.96,147.55,412.0,10,0.0
2023-12-06 14:00:00,147.56,147.98,145.82,145.84,9205.0,4,0.0
2023-12-06 15:00:00,145.83,146.21,145.07,145.93,6950.0,4,0.0
2023-12-06 16:00:00,145.93,146.17,145.0,145.64,4116.0,4,0.0
2023-12-06 17:00:00,145.65,146.16,145.46,145.5,2722.0,4,0.0
2023-12-06 18:00:00,145.5,145.72,145.26,145.64,2662.0,4,0.0
2023-12-06 19:00:00,145.65,145.93,145.41,145.63,2397.0,4,0.0
2023-12-06 20:00:00,145.64,145.64,144.49,144.67,2842.0,4,0.0
2023-12-07 11:00:00,144.95,145.0,144.82,144.9,223.0,4,0.0
2023-12-07 12:00:00,144.89,145.78,144.83,145.67,1214.0,4,0.0
2023-12-07 13:00:00,145.65,146.17,145.32,145.96,566.0,10,0.0
2023-12-07 14:00:00,145.99,146.89,145.32,145.41,10154.0,4,0.0
2023-12-07 15:00:00,145.42,147.26,145.38,146.8,9896.0,4,0.0
2023-12-07 16:00:00,146.8,147.17,146.23,147.05,4997.0,4,0.0
2023-12-07 17:00:00,147.06,147.89,146.87,147.43,3732.0,4,0.0
2023-12-07 18:00:00,147.44,147.73,146.84,146.95,3444.0,4,0.0
2023-12-07 19:00:00,146.95,147.21,146.43,146.47,3103.0,3,0.0
2023-12-07 20:00:00,146.48,146.87,145.96,146.61,2902.0,4,0.0
2023-12-08 11:00:00,146.47,146.51,146.02,146.07,153.0,4,0.0
2023-12-08 12:00:00,146.07,146.35,146.01,146.27,1057.0,4,0.0
2023-12-08 13:00:00,146.27,146.49,145.14,145.91,1690.0,4,0.0
2023-12-08 14:00:00,145.87,146.69,145.13,145.92,10071.0,4,0.0
2023-12-08 15:00:00,146.03,147.21,145.95,146.95,10742.0,4,0.0
2023-12-08 16:00:00,146.96,147.03,146.35,146.72,5862.0,4,0.0
2023-12-08 17:00:00,146.72,147.29,146.46,147.08,4274.0,4,0.0
2023-12-08 18:00:00,147.08,147.39,146.93,147.38,2377.0,3,0.0
2023-12-08 19:00:00,147.38,147.81,147.33,147.71,2019.0,4,0.0
2023-12-08 20:00:00,147.71,147.72,147.24,147.24,1666.0,4,0.0
2023-12-11 11:00:00,146.05,146.39,146.05,146.29,293.0,10,0.0
2023-12-11 12:00:00,146.29,146.85,146.29,146.53,957.0,4,0.0
2023-12-11 13:00:00,146.58,146.58,146.13,146.13,512.0,4,0.0
2023-12-11 14:00:00,146.13,146.18,143.63,144.57,10923.0,4,0.0
2023-12-11 15:00:00,144.58,145.04,143.92,144.65,6868.0,4,0.0
2023-12-11 16:00:00,144.66,145.19,144.22,145.15,4250.0,4,0.0
2023-12-11 17:00:00,145.15,145.57,144.98,145.48,2269.0,4,0.0
2023-12-11 18:00:00,145.48,146.16,145.46,145.9,1953.0,4,0.0
2023-12-11 19:00:00,145.9,145.96,145.49,145.51,1587.0,4,0.0
2023-12-11 20:00:00,145.51,145.65,145.2,145.65,1271.0,4,0.0
2023-12-12 11:00:00,146.15,146.19,146.01,146.03,168.0,10,0.0
2023-12-12 12:00:00,146.03,146.46,146.0,146.3,676.0,4,0.0
2023-12-12 13:00:00,146.3,146.8,145.74,145.87,1947.0,4,0.0
2023-12-12 14:00:00,145.87,147.08,145.06,146.14,9973.0,4,0.0
2023-12-12 15:00:00,146.14,146.46,145.76,146.07,4363.0,4,0.0
2023-12-12 16:00:00,146.08,146.6,146.07,146.53,2389.0,4,0.0
2023-12-12 17:00:00,146.54,146.62,146.19,146.57,1929.0,4,0.0
2023-12-12 18:00:00,146.57,146.93,146.51,146.89,2100.0,4,0.0
2023-12-12 19:00:00,146.88,147.0,146.79,146.99,1159.0,4,0.0
2023-12-12 20:00:00,147.0,147.32,147.0,147.19,911.0,4,0.0
2023-12-13 11:00:00,147.42,147.59,147.36,147.49,403.0,4,0.0
2023-12-13 12:00:00,147.49,148.08,147.49,147.82,389.0,4,0.0
2023-12-13 13:00:00,147.8,148.49,147.7,148.29,507.0,4,0.0
2023-12-13 14:00:00,148.31,149.42,147.55,147.62,7079.0,4,0.0
2023-12-13 15:00:00,147.62,148.34,147.43,147.67,4322.0,4,0.0
2023-12-13 16:00:00,147.68,148.0,147.25,147.34,2494.0,4,0.0
2023-12-13 17:00:00,147.34,147.74,147.21,147.53,1708.0,4,0.0
2023-12-13 18:00:00,147.54,147.6,146.8,146.89,1905.0,4,0.0
2023-12-13 19:00:00,146.9,148.8,146.89,148.48,8207.0,4,0.0
2023-12-13 20:00:00,148.5,149.02,147.77,148.43,5610.0,4,0.0
2023-12-14 11:00:00,149.53,149.63,149.37,149.38,211.0,10,0.0
2023-12-14 12:00:00,149.43,149.82,149.39,149.75,519.0,4,0.0
2023-12-14 13:00:00,149.76,149.93,149.41,149.87,579.0,4,0.0
2023-12-14 14:00:00,149.86,150.51,148.33,148.44,7206.0,4,0.0
2023-12-14 15:00:00,148.45,148.96,147.5,148.22,7461.0,4,0.0
2023-12-14 16:00:00,148.22,148.37,147.79,148.17,5446.0,4,0.0
2023-12-14 17:00:00,148.16,148.3,146.94,146.96,3021.0,4,0.0
2023-12-14 18:00:00,146.96,146.99,145.5,145.97,5431.0,4,0.0
2023-12-14 19:00:00,145.96,147.16,145.95,147.07,2494.0,4,0.0
2023-12-14 20:00:00,147.07,147.58,147.0,147.13,2143.0,4,0.0
2023-12-15 11:00:00,147.82,148.28,147.79,148.2,784.0,4,0.0
2023-12-15 12:00:00,148.22,148.3,147.85,147.92,460.0,4,0.0
2023-12-15 13:00:00,147.92,148.13,147.72,147.92,427.0,10,0.0
2023-12-15 14:00:00,147.91,149.96,147.47,149.3,9281.0,4,0.0
2023-12-15 15:00:00,149.31,149.99,148.79,149.51,5266.0,4,0.0
2023-12-15 16:00:00,149.52,149.56,148.77,148.91,2889.0,4,0.0
2023-12-15 17:00:00,148.92,149.42,148.8,149.02,2380.0,4,0.0
2023-12-15 18:00:00,149.03,149.4,148.96,149.11,3156.0,4,0.0
2023-12-15 19:00:00,149.1,149.58,149.01,149.34,2091.0,4,0.0
2023-12-15 20:00:00,149.35,150.05,149.34,150.04,1281.0,4,0.0
2023-12-18 11:00:00,149.9,149.9,149.61,149.7,129.0,4,0.0
2023-12-18 12:00:00,149.71,150.46,149.71,150.4,707.0,4,0.0
2023-12-18 13:00:00,150.4,150.85,150.34,150.75,621.0,4,0.0
2023-12-18 14:00:00,150.75,152.48,150.0,152.26,8296.0,4,0.0
2023-12-18 15:00:00,152.27,153.27,152.05,152.12,5328.0,4,0.0
2023-12-18 16:00:00,152.12,153.31,152.12,153.12,3081.0,4,0.0
2023-12-18 17:00:00,153.13,153.76,153.01,153.75,2184.0,4,0.0
2023-12-18 18:00:00,153.76,154.41,153.54,154.03,2661.0,4,0.0
2023-12-18 19:00:00,154.03,154.74,153.86,154.63,2302.0,4,0.0
2023-12-18 20:00:00,154.64,154.83,154.37,154.4,1224.0,4,0.0
2023-12-19 11:00:00,153.93,154.12,153.77,154.05,135.0,10,0.0
2023-12-19 12:00:00,154.05,154.54,154.04,154.5,383.0,10,0.0
2023-12-19 13:00:00,154.47,154.57,154.26,154.39,328.0,4,0.0
2023-12-19 14:00:00,154.4,155.09,153.17,153.18,7034.0,4,0.0
2023-12-19 15:00:00,153.18,153.97,152.66,153.91,5101.0,4,0.0
2023-12-19 16:00:00,153.91,154.34,153.52,153.74,3070.0,4,0.0
2023-12-19 17:00:00,153.74,153.79,153.48,153.6,1991.0,4,0.0
2023-12-19 18:00:00,153.6,153.7,153.22,153.53,1776.0,4,0.0
2023-12-19 19:00:00,153.54,153.69,153.28,153.51,1634.0,4,0.0
2023-12-19 20:00:00,153.51,153.58,153.33,153.41,1342.0,4,0.0
2023-12-20 11:00:00,153.12,153.21,152.98,153.11,226.0,4,0.0
2023-12-20 12:00:00,153.1,153.2,153.0,153.0,257.0,4,0.0
2023-12-20 13:00:00,153.03,153.03,152.67,152.87,434.0,4,0.0
2023-12-20 14:00:00,152.87,154.95,152.7,154.46,7327.0,4,0.0
2023-12-20 15:00:00,154.47,155.6,154.32,154.96,5352.0,4,0.0
2023-12-20 16:00:00,154.95,155.09,154.22,154.37,3080.0,4,0.0
2023-12-20 17:00:00,154.38,154.89,153.97,154.89,2923.0,4,0.0
2023-12-20 18:00:00,154.89,155.34,154.72,155.03,2247.0,4,0.0
2023-12-20 19:00:00,155.02,155.14,152.43,152.44,5244.0,4,0.0
2023-12-20 20:00:00,152.45,152.67,151.54,152.45,6676.0,4,0.0
2023-12-21 11:00:00,152.91,152.93,152.74,152.9,91.0,10,0.0
2023-12-21 12:00:00,152.93,153.46,152.9,153.42,302.0,10,0.0
2023-12-21 13:00:00,153.42,153.93,153.27,153.65,533.0,10,0.0
2023-12-21 14:00:00,153.66,153.7,152.08,152.69,7129.0,4,0.0
2023-12-21 15:00:00,152.7,153.62,152.52,152.68,6636.0,4,0.0
2023-12-21 16:00:00,152.67,153.08,152.53,152.89,3812.0,4,0.0
2023-12-21 17:00:00,152.9,152.91,152.19,152.34,3243.0,4,0.0
2023-12-21 18:00:00,152.34,153.19,152.2,153.19,3722.0,4,0.0
2023-12-21 19:00:00,153.18,153.34,152.92,153.08,2563.0,4,0.0
2023-12-21 20:00:00,153.07,153.67,152.88,153.51,1904.0,4,0.0
2023-12-22 11:00:00,153.27,153.33,153.16,153.19,207.0,4,0.0
2023-12-22 12:00:00,153.18,153.54,153.18,153.45,156.0,4,0.0
2023-12-22 13:00:00,153.46,154.19,153.46,154.06,504.0,4,0.0
2023-12-22 14:00:00,154.1,154.31,153.55,153.72,4631.0,4,0.0
2023-12-22 15:00:00,153.73,154.05,153.4,153.44,4295.0,4,0.0
2023-12-22 16:00:00,153.45,153.62,153.19,153.4,3161.0,4,0.0
2023-12-22 17:00:00,153.41,153.78,153.3,153.63,2052.0,4,0.0
2023-12-22 18:00:00,153.63,153.86,153.55,153.61,1252.0,4,0.0
2023-12-22 19:00:00,153.61,153.67,152.7,153.56,4425.0,4,0.0
2023-12-22 20:00:00,153.57,153.64,153.18,153.27,2635.0,4,0.0
2023-12-26 11:00:00,153.7,153.78,153.69,153.74,36.0,10,0.0
2023-12-26 12:00:00,153.72,154.02,153.6,154.0,181.0,10,0.0
2023-12-26 13:00:00,153.99,153.99,153.57,153.67,136.0,10,0.0
2023-12-26 14:00:00,153.67,153.95,153.14,153.65,3639.0,4,0.0
2023-12-26 15:00:00,153.64,153.75,153.25,153.66,2402.0,4,0.0
2023-12-26 16:00:00,153.66,153.74,153.29,153.33,1102.0,4,0.0
2023-12-26 17:00:00,153.33,153.36,153.19,153.23,581.0,4,0.0
2023-12-26 18:00:00,153.23,153.29,153.01,153.12,553.0,4,0.0
2023-12-26 19:00:00,153.13,153.38,153.11,153.26,826.0,4,0.0
2023-12-26 20:00:00,153.27,153.58,153.22,153.33,754.0,4,0.0
2023-12-27 11:00:00,153.46,153.53,153.44,153.49,68.0,4,0.0
2023-12-27 12:00:00,153.5,153.54,153.4,153.49,166.0,4,0.0
2023-12-27 13:00:00,153.49,153.79,153.49,153.69,168.0,4,0.0
2023-12-27 14:00:00,153.7,154.76,153.34,154.4,4599.0,4,0.0
2023-12-27 15:00:00,154.4,154.51,153.56,153.66,3320.0,4,0.0
2023-12-27 16:00:00,153.67,153.71,153.31,153.37,1447.0,4,0.0
2023-12-27 17:00:00,153.37,153.69,153.23,153.54,1055.0,4,0.0
2023-12-27 18:00:00,153.54,153.94,153.53,153.63,1702.0,4,0.0
2023-12-27 19:00:00,153.62,153.63,153.15,153.5,2648.0,4,0.0
2023-12-27 20:00:00,153.51,153.67,153.23,153.24,1156.0,4,0.0
2023-12-28 11:00:00,153.79,153.84,153.69,153.74,100.0,10,0.0
2023-12-28 12:00:00,153.74,153.8,153.64,153.78,92.0,10,0.0
2023-12-28 13:00:00,153.79,153.88,153.7,153.71,191.0,10,0.0
2023-12-28 14:00:00,153.7,154.04,152.93,153.28,3343.0,4,0.0
2023-12-28 15:00:00,153.26,153.89,153.03,153.69,2378.0,4,0.0
2023-12-28 16:00:00,153.7,153.7,153.15,153.38,2030.0,4,0.0
2023-12-28 17:00:00,153.37,153.78,153.25,153.77,1135.0,4,0.0
2023-12-28 18:00:00,153.76,153.98,153.52,153.91,1628.0,4,0.0
2023-12-28 19:00:00,153.91,153.99,153.75,153.82,1107.0,4,0.0
2023-12-28 20:00:00,153.82,153.85,153.52,153.63,1077.0,4,0.0
2023-12-29 11:00:00,153.44,153.45,153.37,153.44,101.0,4,0.0
2023-12-29 12:00:00,153.44,153.51,153.2,153.23,218.0,4,0.0
2023-12-29 13:00:00,153.24,153.34,153.08,153.26,111.0,4,0.0
2023-12-29 14:00:00,153.25,153.57,152.64,153.47,3075.0,4,0.0
2023-12-29 15:00:00,153.46,153.86,152.55,152.83,3466.0,4,0.0
2023-12-29 16:00:00,152.83,152.97,151.0,151.89,3603.0,4,0.0
2023-12-29 17:00:00,151.89,152.14,151.41,152.12,2288.0,4,0.0
2023-12-29 18:00:00,152.11,152.57,152.07,152.44,1688.0,4,0.0
2023-12-29 19:00:00,152.44,152.48,152.27,152.37,1235.0,4,0.0
2023-12-29 20:00:00,152.36,152.36,151.91,152.15,1010.0,4,0.0
2024-01-02 11:00:00,151.87,151.89,150.79,151.03,323.0,4,0.0
2024-01-02 12:00:00,151.05,151.15,150.1,150.21,476.0,4,0.0
2024-01-02 13:00:00,150.19,150.63,150.06,150.58,501.0,10,0.0
2024-01-02 14:00:00,150.56,152.36,148.84,149.28,9653.0,4,0.0
2024-01-02 15:00:00,149.27,149.79,148.37,148.97,5782.0,4,0.0
2024-01-02 16:00:00,148.96,150.47,148.7,150.28,3558.0,4,0.0
2024-01-02 17:00:00,150.27,150.93,149.69,149.71,2897.0,4,0.0
2024-01-02 18:00:00,149.71,150.08,149.45,149.53,1901.0,4,0.0
2024-01-02 19:00:00,149.52,149.8,149.14,149.31,1824.0,4,0.0
2024-01-02 20:00:00,149.31,149.51,148.95,149.35,1927.0,4,0.0
2024-01-03 11:00:00,149.71,149.89,149.44,149.77,288.0,10,0.0
2024-01-03 12:00:00,149.7,149.76,148.99,149.06,339.0,10,0.0
2024-01-03 13:00:00,149.06,149.49,148.78,148.96,460.0,10,0.0
2024-01-03 14:00:00,148.97,151.02,148.61,150.32,8330.0,4,0.0
2024-01-03 15:00:00,150.31,150.96,149.86,150.5,7046.0,4,0.0
2024-01-03 16:00:00,150.51,150.9,149.35,149.36,4102.0,4,0.0
2024-01-03 17:00:00,149.38,149.98,149.18,149.95,2589.0,4,0.0
2024-01-03 18:00:00,149.96,150.09,149.29,149.46,1930.0,4,0.0
2024-01-03 19:00:00,149.47,149.77,148.81,149.2,4651.0,4,0.0
2024-01-03 20:00:00,149.2,149.3,148.81,148.83,1971.0,4,0.0
2024-01-04 11:00:00,149.01,149.15,148.77,148.83,336.0,4,0.0
2024-01-04 12:00:00,148.83,148.92,147.1,147.13,956.0,4,0.0
2024-01-04 13:00:00,147.1,147.12,144.83,145.85,1594.0,10,0.0
2024-01-04 14:00:00,145.84,145.91,144.03,145.4,11674.0,4,0.0
2024-01-04 15:00:00,145.39,146.77,145.25,146.5,5719.0,4,0.0
2024-01-04 16:00:00,146.51,147.35,146.32,146.36,3024.0,4,0.0
2024-01-04 17:00:00,146.35,146.43,145.3,145.7,2361.0,4,0.0
2024-01-04 18:00:00,145.69,145.89,145.36,145.51,2194.0,4,0.0
2024-01-04 19:00:00,145.52,145.59,145.13,145.28,2359.0,4,0.0
2024-01-04 20:00:00,145.27,145.61,145.23,145.3,1864.0,4,0.0
2024-01-05 11:00:00,143.93,144.16,143.83,144.16,105.0,20,0.0
2024-01-05 12:00:00,144.2,144.37,144.07,144.25,205.0,10,0.0
2024-01-05 13:00:00,144.26,144.52,143.36,144.17,1146.0,10,0.0
2024-01-05 14:00:00,144.21,146.08,144.15,145.82,6504.0,4,0.0
2024-01-05 15:00:00,145.87,146.57,145.87,146.28,5189.0,4,0.0
2024-01-05 16:00:00,146.28,146.38,145.47,145.69,2975.0,4,0.0
2024-01-05 17:00:00,145.69,145.72,145.0,145.1,2519.0,4,0.0
2024-01-05 18:00:00,145.1,145.66,144.84,145.57,2405.0,4,0.0
2024-01-05 19:00:00,145.58,145.72,144.7,144.85,2545.0,4,0.0
2024-01-05 20:00:00,144.84,145.16,144.68,145.01,1753.0,4,0.0
2024-01-08 11:00:00,144.79,145.19,144.77,145.1,340.0,4,0.0
2024-01-08 12:00:00,145.07,145.5,145.06,145.49,254.0,4,0.0
2024-01-08 13:00:00,145.49,146.07,145.38,145.62,468.0,4,0.0
2024-01-08 14:00:00,145.6,147.74,145.47,147.61,6052.0,4,0.0
2024-01-08 15:00:00,147.62,148.35,147.38,147.79,4587.0,4,0.0
2024-01-08 16:00:00,147.79,147.97,147.34,147.56,2840.0,4,0.0
2024-01-08 17:00:00,147.55,148.03,147.26,147.74,1746.0,4,0.0
2024-01-08 18:00:00,147.74,148.25,147.55,148.19,1273.0,4,0.0
2024-01-08 19:00:00,148.19,149.17,148.12,149.1,1723.0,4,0.0
2024-01-08 20:00:00,149.1,149.37,148.87,149.02,1713.0,4,0.0
2024-01-09 11:00:00,148.7,148.7,148.19,148.2,178.0,10,0.0
2024-01-09 12:00:00,148.2,148.61,148.16,148.6,324.0,10,0.0
2024-01-09 13:00:00,148.6,148.6,147.61,147.71,458.0,4,0.0
2024-01-09 14:00:00,147.71,149.59,147.71,149.37,6001.0,4,0.0
2024-01-09 15:00:00,149.38,150.41,148.98,150.11,4740.0,4,0.0
2024-01-09 16:00:00,150.1,150.93,150.0,150.93,3099.0,4,0.0
2024-01-09 17:00:00,150.93,151.5,150.81,151.44,2171.0,4,0.0
2024-01-09 18:00:00,151.44,151.68,150.75,150.91,3331.0,4,0.0
2024-01-09 19:00:00,150.92,151.3,150.92,151.13,2609.0,4,0.0
2024-01-09 20:00:00,151.13,151.21,150.78,150.94,1964.0,4,0.0
2024-01-10 11:00:00,151.89,151.99,151.53,151.79,171.0,10,0.0
2024-01-10 12:00:00,151.81,152.12,151.69,151.95,353.0,10,0.0
2024-01-10 13:00:00,151.93,152.04,151.55,151.6,364.0,10,0.0
2024-01-10 14:00:00,151.57,153.86,151.54,153.13,7494.0,4,0.0
2024-01-10 15:00:00,153.12,153.57,152.51,153.54,5116.0,4,0.0
2024-01-10 16:00:00,153.55,153.73,152.94,153.34,2506.0,4,0.0
2024-01-10 17:00:00,153.34,153.96,153.24,153.9,1482.0,4,0.0
2024-01-10 18:00:00,153.9,154.2,153.79,153.92,1957.0,4,0.0
2024-01-10 19:00:00,153.92,154.39,153.87,154.32,1346.0,4,0.0
2024-01-10 20:00:00,154.32,154.34,153.21,153.39,1871.0,4,0.0
2024-01-11 11:00:00,154.74,154.87,154.7,154.81,117.0,20,0.0
2024-01-11 12:00:00,154.81,155.2,154.58,154.97,255.0,10,0.0
2024-01-11 13:00:00,154.97,155.37,154.15,154.35,1372.0,10,0.0
2024-01-11 14:00:00,154.33,157.14,154.26,155.62,9745.0,4,0.0
2024-01-11 15:00:00,155.62,155.71,154.17,154.84,8384.0,4,0.0
2024-01-11 16:00:00,154.85,154.96,153.1,153.19,5027.0,4,0.0
2024-01-11 17:00:00,153.2,154.72,153.12,154.31,3307.0,4,0.0
2024-01-11 18:00:00,154.31,155.52,154.3,155.51,2753.0,4,0.0
2024-01-11 19:00:00,155.51,155.68,154.94,155.52,2352.0,4,0.0
2024-01-11 20:00:00,155.53,155.55,154.77,154.89,2270.0,4,0.0
2024-01-12 11:00:00,154.59,154.66,153.9,154.32,277.0,10,0.0
2024-01-12 12:00:00,154.34,154.54,154.13,154.43,357.0,10,0.0
2024-01-12 13:00:00,154.43,155.27,154.07,154.97,725.0,10,0.0
2024-01-12 14:00:00,155.04,156.18,154.43,155.1,6198.0,4,0.0
2024-01-12 15:00:00,155.11,155.37,153.99,154.65,7259.0,4,0.0
2024-01-12 16:00:00,154.64,155.31,154.28,154.35,3858.0,4,0.0
2024-01-12 17:00:00,154.36,154.69,154.22,154.57,2660.0,4,0.0
2024-01-12 18:00:00,154.58,155.07,154.58,155.03,1526.0,4,0.0
2024-01-12 19:00:00,155.03,155.11,154.59,154.62,1578.0,4,0.0
2024-01-12 20:00:00,154.62,154.62,154.21,154.53,1302.0,4,0.0
2024-01-16 11:00:00,152.76,153.18,152.76,153.16,208.0,20,0.0
2024-01-16 12:00:00,153.18,153.88,152.93,153.76,415.0,10,0.0
2024-01-16 13:00:00,153.75,153.9,153.22,153.62,531.0,10,0.0
2024-01-16 14:00:00,153.63,154.97,153.18,153.65,6746.0,4,0.0
2024-01-16 15:00:00,153.64,154.35,152.88,153.47,6215.0,4,0.0
2024-01-16 16:00:00,153.48,153.59,152.46,153.0,6763.0,4,0.0
2024-01-16 17:00:00,152.99,153.11,152.22,152.25,3954.0,4,0.0
2024-01-16 18:00:00,152.26,152.77,152.16,152.36,3212.0,4,0.0
2024-01-16 19:00:00,152.36,152.85,152.13,152.83,2610.0,4,0.0
2024-01-16 20:00:00,152.83,153.06,152.71,152.97,1766.0,4,0.0
2024-01-17 11:00:00,151.94,152.39,151.83,152.39,180.0,10,0.0
2024-01-17 12:00:00,152.36,152.42,152.08,152.26,284.0,10,0.0
2024-01-17 13:00:00,152.26,152.26,151.58,151.78,537.0,10,0.0
2024-01-17 14:00:00,151.79,151.97,150.06,150.31,6683.0,4,0.0
2024-01-17 15:00:00,150.32,151.66,149.89,151.5,6150.0,4,0.0
2024-01-17 16:00:00,151.5,152.12,151.49,151.77,3278.0,4,0.0
2024-01-17 17:00:00,151.78,151.9,150.89,151.11,2635.0,4,0.0
2024-01-17 18:00:00,151.11,151.23,150.24,150.48,2663.0,4,0.0
2024-01-17 19:00:00,150.48,151.17,150.37,151.09,2008.0,4,0.0
2024-01-17 20:00:00,151.09,151.53,150.92,151.4,1227.0,4,0.0
2024-01-18 11:00:00,152.43,152.8,152.09,152.78,464.0,10,0.0
2024-01-18 12:00:00,152.75,153.46,152.72,152.96,737.0,10,0.0
2024-01-18 13:00:00,152.97,153.25,152.54,152.82,810.0,10,0.0
2024-01-18 14:00:00,152.83,153.51,152.32,152.49,6873.0,4,0.0
2024-01-18 15:00:00,152.5,153.58,151.81,153.36,5848.0,4,0.0
2024-01-18 16:00:00,153.37,153.75,153.07,153.51,4195.0,4,0.0
2024-01-18 17:00:00,153.52,153.56,152.59,152.67,3498.0,4,0.0
2024-01-18 18:00:00,152.68,152.73,152.3,152.6,2991.0,4,0.0
2024-01-18 19:00:00,152.61,153.46,152.51,153.43,2422.0,4,0.0
2024-01-18 20:00:00,153.44,153.66,153.3,153.49,1547.0,4,0.0
2024-01-19 11:00:00,154.4,154.54,154.34,154.49,98.0,20,0.0
2024-01-19 12:00:00,154.47,154.72,154.27,154.69,279.0,10,0.0
2024-01-19 13:00:00,154.69,154.72,154.45,154.52,278.0,10,0.0
2024-01-19 14:00:00,154.52,154.53,152.95,153.39,6867.0,4,0.0
2024-01-19 15:00:00,153.4,153.59,152.72,153.4,6101.0,4,0.0
2024-01-19 16:00:00,153.4,153.96,153.28,153.95,2816.0,4,0.0
2024-01-19 17:00:00,153.96,154.77,153.73,154.72,2891.0,4,0.0
2024-01-19 18:00:00,154.72,155.23,154.49,155.22,1882.0,4,0.0
2024-01-19 19:00:00,155.22,155.63,154.96,155.47,2523.0,4,0.0
2024-01-19 20:00:00,155.46,155.73,155.24,155.25,1665.0,4,0.0
2024-01-22 11:00:00,156.11,156.34,156.04,156.27,110.0,20,0.0
2024-01-22 12:00:00,156.27,156.94,156.12,156.74,525.0,10,0.0
2024-01-22 13:00:00,156.72,156.72,156.06,156.22,507.0,10,0.0
2024-01-22 14:00:00,156.22,157.19,154.89,155.62,7483.0,4,0.0
2024-01-22 15:00:00,155.63,155.69,153.88,154.22,5743.0,4,0.0
2024-01-22 16:00:00,154.22,155.13,154.11,155.07,3291.0,4,0.0
2024-01-22 17:00:00,155.08,155.23,154.73,154.95,2198.0,4,0.0
2024-01-22 18:00:00,154.95,154.96,154.58,154.82,1913.0,4,0.0
2024-01-22 19:00:00,154.82,154.86,154.3,154.46,1533.0,4,0.0
2024-01-22 20:00:00,154.47,154.9,154.41,154.63,1049.0,4,0.0
2024-01-23 11:00:00,154.52,154.75,154.44,154.44,252.0,4,0.0
2024-01-23 12:00:00,154.44,154.85,154.35,154.85,227.0,10,0.0
2024-01-23 13:00:00,154.86,155.13,154.72,154.98,208.0,10,0.0
2024-01-23 14:00:00,154.97,155.12,153.91,154.92,5176.0,4,0.0
2024-01-23 15:00:00,154.92,155.22,154.52,154.95,4213.0,4,0.0
2024-01-23 16:00:00,154.95,155.24,154.41,154.5,2555.0,4,0.0
2024-01-23 17:00:00,154.5,155.14,154.12,155.12,1147.0,4,0.0
2024-01-23 18:00:00,155.13,155.71,154.94,155.32,1982.0,4,0.0
2024-01-23 19:00:00,155.32,155.68,155.07,155.56,1263.0,4,0.0
2024-01-23 20:00:00,155.56,156.06,155.51,156.06,869.0,4,0.0
2024-01-24 11:00:00,157.65,157.82,157.54,157.55,133.0,20,0.0
2024-01-24 12:00:00,157.52,157.52,157.0,157.08,252.0,20,0.0
2024-01-24 13:00:00,157.09,157.64,157.05,157.24,363.0,10,0.0
2024-01-24 14:00:00,157.23,158.4,156.52,156.55,7658.0,4,0.0
2024-01-24 15:00:00,156.57,157.91,156.47,157.73,4915.0,4,0.0
2024-01-24 16:00:00,157.74,158.07,157.14,157.62,3253.0,4,0.0
2024-01-24 17:00:00,157.63,158.49,157.58,158.3,2420.0,4,0.0
2024-01-24 18:00:00,158.29,158.32,157.32,157.46,2855.0,4,0.0
2024-01-24 19:00:00,157.46,157.68,156.65,157.07,2881.0,4,0.0
2024-01-24 20:00:00,157.08,157.36,156.91,157.14,2118.0,4,0.0
2024-01-25 11:00:00,156.96,157.0,156.33,156.53,330.0,4,0.0
2024-01-25 12:00:00,156.59,156.86,155.23,155.38,686.0,10,0.0
2024-01-25 13:00:00,155.42,156.59,155.32,156.44,1297.0,10,0.0
2024-01-25 14:00:00,156.44,157.15,154.55,156.04,9735.0,4,0.0
2024-01-25 15:00:00,156.05,157.79,155.78,157.73,6717.0,4,0.0
2024-01-25 16:00:00,157.73,158.48,157.36,158.19,3722.0,4,0.0
2024-01-25 17:00:00,158.19,158.31,157.46,157.61,3859.0,4,0.0
2024-01-25 18:00:00,157.62,157.98,156.85,156.88,3229.0,4,0.0
2024-01-25 19:00:00,156.88,157.15,156.18,157.14,3698.0,4,0.0
2024-01-25 20:00:00,157.13,157.46,157.04,157.16,2074.0,4,0.0
2024-01-26 11:00:00,157.15,157.7,157.05,157.51,287.0,4,0.0
2024-01-26 12:00:00,157.5,158.69,157.5,158.28,521.0,10,0.0
2024-01-26 13:00:00,158.28,159.1,158.23,159.1,708.0,10,0.0
2024-01-26 14:00:00,159.09,159.58,157.99,158.56,7373.0,4,0.0
2024-01-26 15:00:00,158.57,159.03,157.9,159.0,5203.0,4,0.0
2024-01-26 16:00:00,159.01,160.17,158.64,160.04,3357.0,4,0.0
2024-01-26 17:00:00,160.04,160.7,159.11,159.21,3959.0,4,0.0
2024-01-26 18:00:00,159.2,159.52,158.99,159.17,2584.0,4,0.0
2024-01-26 19:00:00,159.16,159.5,158.68,159.07,2185.0,4,0.0
2024-01-26 20:00:00,159.07,159.39,158.88,159.08,1469.0,4,0.0
2024-01-29 11:00:00,159.91,159.99,159.82,159.87,236.0,4,0.0
2024-01-29 12:00:00,159.87,159.97,159.6,159.71,258.0,10,0.0
2024-01-29 13:00:00,159.72,159.83,159.61,159.7,298.0,10,0.0
2024-01-29 14:00:00,159.7,159.82,158.97,159.49,5542.0,4,0.0
2024-01-29 15:00:00,159.5,159.8,159.11,159.2,4632.0,4,0.0
2024-01-29 16:00:00,159.2,160.09,158.88,160.04,2638.0,4,0.0
2024-01-29 17:00:00,160.05,160.83,159.75,160.65,2929.0,4,0.0
2024-01-29 18:00:00,160.66,160.96,160.0,160.04,1895.0,4,0.0
2024-01-29 19:00:00,160.05,160.44,159.9,160.39,1173.0,4,0.0
2024-01-29 20:00:00,160.39,161.09,160.39,160.89,2343.0,4,0.0
2024-01-30 11:00:00,161.34,161.36,160.65,161.16,347.0,10,0.0
2024-01-30 12:00:00,161.18,161.58,161.18,161.32,364.0,10,0.0
2024-01-30 13:00:00,161.31,161.41,160.76,160.91,499.0,4,0.0
2024-01-30 14:00:00,160.91,161.7,160.03,160.82,6412.0,4,0.0
2024-01-30 15:00:00,160.81,161.14,160.25,160.46,5289.0,4,0.0
2024-01-30 16:00:00,160.46,160.56,159.72,159.77,2727.0,4,0.0
2024-01-30 17:00:00,159.77,159.8,158.49,158.81,2951.0,4,0.0
2024-01-30 18:00:00,158.81,159.06,158.59,158.96,2011.0,4,0.0
2024-01-30 19:00:00,158.95,159.23,158.69,158.7,1402.0,4,0.0
2024-01-30 20:00:00,158.7,159.23,158.67,159.18,1356.0,4,0.0
2024-01-31 11:00:00,154.53,155.65,154.41,155.36,345.0,20,0.0
2024-01-31 12:00:00,155.39,156.28,155.36,156.23,599.0,10,0.0
2024-01-31 13:00:00,156.23,156.72,155.85,156.28,1265.0,10,0.0
2024-01-31 14:00:00,156.28,158.99,155.89,157.16,10482.0,4,0.0
2024-01-31 15:00:00,157.17,157.35,155.32,155.66,6870.0,4,0.0
2024-01-31 16:00:00,155.67,156.67,155.6,156.14,3420.0,4,0.0
2024-01-31 17:00:00,156.15,156.8,156.14,156.61,2149.0,4,0.0
2024-01-31 18:00:00,156.61,157.22,156.48,157.01,2143.0,4,0.0
2024-01-31 19:00:00,157.01,157.73,156.11,156.78,12027.0,4,0.0
2024-01-31 20:00:00,156.79,156.91,155.21,155.29,8262.0,4,0.0
2024-02-01 11:00:00,156.64,156.66,156.41,156.45,196.0,20,0.0
2024-02-01 12:00:00,156.42,157.39,156.41,157.1,680.0,10,0.0
2024-02-01 13:00:00,157.08,157.17,156.6,157.04,718.0,10,0.0
2024-02-01 14:00:00,157.01,158.48,155.47,158.36,10697.0,4,0.0
2024-02-01 15:00:00,158.38,159.13,157.05,157.06,8516.0,4,0.0
2024-02-01 16:00:00,157.05,157.63,156.67,157.17,4730.0,4,0.0
2024-02-01 17:00:00,157.18,157.98,156.98,157.75,4176.0,4,0.0
2024-02-01 18:00:00,157.75,157.83,157.05,157.08,3844.0,4,0.0
2024-02-01 19:00:00,157.09,158.77,157.08,158.68,3329.0,4,0.0
2024-02-01 20:00:00,158.69,159.3,158.45,158.91,2992.0,4,0.0
2024-02-02 11:00:00,169.25,169.99,168.64,169.74,394.0,30,0.0
2024-02-02 12:00:00,169.74,171.07,169.11,170.45,1443.0,10,0.0
2024-02-02 13:00:00,170.44,171.31,168.95,169.04,4080.0,10,0.0
2024-02-02 14:00:00,169.04,171.31,167.33,170.73,26692.0,4,0.0
2024-02-02 15:00:00,170.76,171.18,169.24,170.88,18374.0,4,0.0
2024-02-02 16:00:00,170.87,172.46,170.17,172.15,9662.0,4,0.0
2024-02-02 17:00:00,172.16,172.45,171.17,172.22,6663.0,4,0.0
2024-02-02 18:00:00,172.24,172.47,171.31,171.92,6317.0,4,0.0
2024-02-02 19:00:00,171.92,172.34,171.34,171.95,3815.0,4,0.0
2024-02-02 20:00:00,171.96,172.32,170.9,171.26,3575.0,4,0.0
2024-02-05 11:00:00,170.97,171.17,170.58,170.77,352.0,4,0.0
2024-02-05 12:00:00,170.81,170.9,170.09,170.34,830.0,10,0.0
2024-02-05 13:00:00,170.35,170.76,170.2,170.39,660.0,4,0.0
2024-02-05 14:00:00,170.39,170.7,167.69,168.59,11067.0,4,0.0
2024-02-05 15:00:00,168.58,169.1,168.2,168.89,7587.0,4,0.0
2024-02-05 16:00:00,168.88,169.39,168.3,169.27,3213.0,4,0.0
2024-02-05 17:00:00,169.26,170.28,169.2,169.62,3191.0,4,0.0
2024-02-05 18:00:00,169.63,169.82,169.09,169.43,2688.0,4,0.0
2024-02-05 19:00:00,169.44,170.34,169.19,170.17,2668.0,4,0.0
2024-02-05 20:00:00,170.16,170.25,169.7,169.87,2709.0,4,0.0
2024-02-06 11:00:00,169.3,169.38,168.75,168.94,286.0,10,0.0
2024-02-06 12:00:00,168.96,169.44,168.93,169.38,376.0,4,0.0
2024-02-06 13:00:00,169.39,169.68,169.28,169.4,377.0,4,0.0
2024-02-06 14:00:00,169.4,170.69,169.04,169.31,7311.0,4,0.0
2024-02-06 15:00:00,169.3,169.3,168.18,168.72,6629.0,4,0.0
2024-02-06 16:00:00,168.71,168.92,167.97,167.99,3894.0,4,0.0
2024-02-06 17:00:00,168.0,168.15,167.63,167.76,3484.0,4,0.0
2024-02-06 18:00:00,167.76,168.54,167.69,168.47,2149.0,4,0.0
2024-02-06 19:00:00,168.47,168.97,168.0,168.91,2387.0,4,0.0
2024-02-06 20:00:00,168.92,169.44,168.54,168.68,1907.0,4,0.0
2024-02-07 11:00:00,168.71,169.48,168.68,169.32,516.0,4,0.0
2024-02-07 12:00:00,169.31,169.57,169.08,169.45,456.0,4,0.0
2024-02-07 13:00:00,169.45,169.83,169.38,169.43,524.0,4,0.0
2024-02-07 14:00:00,169.44,170.46,169.25,170.07,8691.0,4,0.0
2024-02-07 15:00:00,170.06,170.25,169.16,169.74,7485.0,4,0.0
2024-02-07 16:00:00,169.74,170.2,169.67,169.87,3955.0,4,0.0
2024-02-07 17:00:00,169.87,170.07,169.67,169.92,3114.0,4,0.0
2024-02-07 18:00:00,169.93,170.6,169.68,170.59,2876.0,4,0.0
2024-02-07 19:00:00,170.59,170.85,170.24,170.28,2313.0,4,0.0
2024-02-07 20:00:00,170.28,170.72,170.27,170.51,1713.0,4,0.0
2024-02-08 11:00:00,170.79,170.81,170.38,170.44,248.0,4,0.0
2024-02-08 12:00:00,170.44,170.45,169.95,170.09,364.0,4,0.0
2024-02-08 13:00:00,170.09,170.23,170.0,170.19,430.0,4,0.0
2024-02-08 14:00:00,170.18,170.8,168.87,170.35,6671.0,4,0.0
2024-02-08 15:00:00,170.35,171.4,170.05,171.04,5820.0,4,0.0
2024-02-08 16:00:00,171.05,171.17,170.63,170.78,2495.0,4,0.0
2024-02-08 17:00:00,170.77,171.05,169.97,170.02,1852.0,4,0.0
2024-02-08 18:00:00,170.05,170.44,169.69,169.76,2060.0,4,0.0
2024-02-08 19:00:00,169.78,170.07,169.34,170.0,1524.0,4,0.0
2024-02-08 20:00:00,170.0,170.37,169.92,169.92,1065.0,4,0.0
2024-02-09 11:00:00,170.18,170.43,170.12,170.3,122.0,10,0.0
2024-02-09 12:00:00,170.3,170.76,170.28,170.6,402.0,4,0.0
2024-02-09 13:00:00,170.61,171.34,170.59,171.24,722.0,10,0.0
2024-02-09 14:00:00,171.24,171.67,170.65,170.76,6029.0,4,0.0
2024-02-09 15:00:00,170.78,173.44,170.56,173.33,5926.0,4,0.0
2024-02-09 16:00:00,173.34,173.96,172.54,173.31,4073.0,4,0.0
2024-02-09 17:00:00,173.31,174.33,173.03,174.28,3359.0,4,0.0
2024-02-09 18:00:00,174.28,174.66,174.11,174.49,2225.0,4,0.0
2024-02-09 19:00:00,174.49,174.97,174.37,174.84,1254.0,4,0.0
2024-02-09 20:00:00,174.84,174.95,174.59,174.73,1439.0,4,0.0
2024-02-12 11:00:00,174.8,174.93,174.71,174.71,303.0,4,0.0
2024-02-12 12:00:00,174.71,174.77,174.11,174.32,656.0,4,0.0
2024-02-12 13:00:00,174.33,174.88,174.16,174.67,450.0,10,0.0
2024-02-12 14:00:00,174.67,175.35,173.83,174.56,8600.0,4,0.0
2024-02-12 15:00:00,174.56,174.77,173.54,173.98,4287.0,4,0.0
2024-02-12 16:00:00,173.98,174.06,173.23,173.91,3122.0,4,0.0
2024-02-12 17:00:00,173.9,173.98,173.1,173.51,2530.0,4,0.0
2024-02-12 18:00:00,173.52,173.58,172.49,172.73,2946.0,4,0.0
2024-02-12 19:00:00,172.73,172.85,171.69,171.8,4215.0,4,0.0
2024-02-12 20:00:00,171.79,172.69,171.52,172.51,2542.0,4,0.0
2024-02-13 11:00:00,171.25,171.28,170.66,170.88,281.0,10,0.0
2024-02-13 12:00:00,170.91,171.1,169.7,170.27,915.0,10,0.0
2024-02-13 13:00:00,170.27,170.92,168.29,168.33,1439.0,10,0.0
2024-02-13 14:00:00,168.34,170.49,165.74,170.39,15961.0,4,0.0
2024-02-13 15:00:00,170.38,170.92,168.96,169.87,8935.0,4,0.0
2024-02-13 16:00:00,169.88,170.33,169.31,169.31,4547.0,4,0.0
2024-02-13 17:00:00,169.31,169.53,168.69,169.2,3471.0,4,0.0
2024-02-13 18:00:00,169.19,169.66,168.58,168.72,3180.0,4,0.0
2024-02-13 19:00:00,168.73,168.94,167.81,167.92,3520.0,4,0.0
2024-02-13 20:00:00,167.92,168.59,167.91,168.55,2437.0,4,0.0
2024-02-14 11:00:00,169.99,170.21,169.85,170.15,172.0,20,0.0
2024-02-14 12:00:00,170.14,170.41,169.83,170.24,348.0,10,0.0
2024-02-14 13:00:00,170.23,170.46,169.53,169.72,459.0,10,0.0
2024-02-14 14:00:00,169.69,170.01,168.26,169.54,7184.0,4,0.0
2024-02-14 15:00:00,169.55,170.87,169.33,169.34,6536.0,4,0.0
2024-02-14 16:00:00,169.33,169.76,168.93,169.13,4393.0,4,0.0
2024-02-14 17:00:00,169.16,170.23,169.03,169.98,3292.0,4,0.0
2024-02-14 18:00:00,169.98,170.3,169.29,170.02,3512.0,4,0.0
2024-02-14 19:00:00,170.01,170.1,169.39,170.1,3176.0,4,0.0
2024-02-14 20:00:00,170.11,170.87,170.1,170.85,2669.0,4,0.0
2024-02-15 11:00:00,171.49,171.6,171.0,171.39,286.0,10,0.0
2024-02-15 12:00:00,171.37,171.78,171.36,171.55,252.0,10,0.0
2024-02-15 13:00:00,171.55,171.55,170.48,170.78,757.0,10,0.0
2024-02-15 14:00:00,170.78,171.15,169.32,169.5,6289.0,4,0.0
2024-02-15 15:00:00,169.52,169.76,168.41,168.46,6026.0,4,0.0
2024-02-15 16:00:00,168.47,168.76,167.57,168.75,4415.0,4,0.0
2024-02-15 17:00:00,168.75,169.17,168.51,168.78,3388.0,4,0.0
2024-02-15 18:00:00,168.77,170.28,168.74,169.89,3287.0,4,0.0
2024-02-15 19:00:00,169.89,170.21,169.28,169.89,2867.0,4,0.0
2024-02-15 20:00:00,169.89,169.94,169.36,169.69,1932.0,4,0.0
2024-02-16 11:00:00,170.38,170.67,170.29,170.44,123.0,10,0.0
2024-02-16 12:00:00,170.43,170.43,169.79,169.9,258.0,10,0.0
2024-02-16 13:00:00,169.9,169.94,168.82,169.4,772.0,10,0.0
2024-02-16 14:00:00,169.4,169.44,167.16,167.66,6739.0,4,0.0
2024-02-16 15:00:00,167.61,169.02,167.22,169.01,7562.0,4,0.0
2024-02-16 16:00:00,169.02,170.4,168.91,169.98,4468.0,4,0.0
2024-02-16 17:00:00,169.99,170.11,169.38,169.65,3013.0,4,0.0
2024-02-16 18:00:00,169.65,170.13,169.4,170.11,3125.0,4,0.0
2024-02-16 19:00:00,170.12,170.36,169.12,169.39,3433.0,4,0.0
2024-02-16 20:00:00,169.4,170.01,169.2,169.74,2767.0,4,0.0
2024-02-20 11:00:00,167.5,168.03,167.4,167.96,202.0,20,0.0
2024-02-20 12:00:00,167.96,168.36,167.7,168.25,383.0,10,0.0
2024-02-20 13:00:00,168.25,169.02,168.12,168.53,517.0,10,0.0
2024-02-20 14:00:00,168.53,168.69,166.61,166.94,8493.0,4,0.0
2024-02-20 15:00:00,166.92,167.57,166.37,167.56,7974.0,4,0.0
2024-02-20 16:00:00,167.57,167.95,166.38,166.4,4284.0,4,0.0
2024-02-20 17:00:00,166.42,166.52,165.73,166.27,3740.0,4,0.0
2024-02-20 18:00:00,166.27,166.59,165.98,166.34,3466.0,4,0.0
2024-02-20 19:00:00,166.34,166.85,165.99,166.67,3825.0,4,0.0
2024-02-20 20:00:00,166.67,166.92,166.08,166.67,3405.0,4,0.0
2024-02-21 11:00:00,169.08,169.16,168.7,168.95,211.0,20,0.0
2024-02-21 12:00:00,168.95,169.01,168.03,168.29,544.0,10,0.0
2024-02-21 13:00:00,168.32,168.59,167.99,168.43,864.0,10,0.0
2024-02-21 14:00:00,168.43,170.2,168.21,169.46,11015.0,4,0.0
2024-02-21 15:00:00,169.45,169.87,167.58,167.99,8169.0,4,0.0
2024-02-21 16:00:00,168.0,168.68,168.0,168.42,3528.0,4,0.0
2024-02-21 17:00:00,168.43,168.44,167.51,167.93,3175.0,4,0.0
2024-02-21 18:00:00,167.93,168.41,167.4,168.15,3259.0,4,0.0
2024-02-21 19:00:00,168.15,168.63,167.12,167.62,4976.0,4,0.0
2024-02-21 20:00:00,167.61,168.51,167.5,168.39,2721.0,4,0.0
2024-02-22 11:00:00,171.25,171.69,171.19,171.6,185.0,30,0.0
2024-02-22 12:00:00,171.58,172.04,171.09,171.74,415.0,30,0.0
2024-02-22 13:00:00,171.72,172.82,171.72,172.56,737.0,20,0.0
2024-02-22 14:00:00,172.53,173.47,171.92,172.52,7412.0,4,0.0
2024-02-22 15:00:00,172.52,172.97,171.75,172.62,7248.0,4,0.0
2024-02-22 16:00:00,172.63,172.67,171.91,172.02,3804.0,4,0.0
2024-02-22 17:00:00,172.01,173.87,171.93,173.7,3850.0,4,0.0
2024-02-22 18:00:00,173.69,174.52,173.54,174.51,2815.0,4,0.0
2024-02-22 19:00:00,174.52,174.77,173.79,174.11,2765.0,4,0.0
2024-02-22 20:00:00,174.1,174.65,174.06,174.6,1986.0,4,0.0
2024-02-23 11:00:00,173.52,173.52,172.52,172.78,391.0,20,0.0
2024-02-23 12:00:00,172.79,173.61,172.79,173.55,388.0,20,0.0
2024-02-23 13:00:00,173.55,174.07,173.53,173.85,366.0,20,0.0
2024-02-23 14:00:00,173.87,175.24,173.81,174.4,5277.0,4,0.0
2024-02-23 15:00:00,174.41,175.73,174.06,174.38,8184.0,4,0.0
2024-02-23 16:00:00,174.38,174.6,173.7,174.58,5279.0,4,0.0
2024-02-23 17:00:00,174.58,174.82,174.33,174.65,3647.0,4,0.0
2024-02-23 18:00:00,174.64,174.8,174.08,174.28,1942.0,4,0.0
2024-02-23 19:00:00,174.29,174.49,174.02,174.26,2596.0,4,0.0
2024-02-23 20:00:00,174.27,174.67,174.0,174.56,1664.0,4,0.0
2024-02-26 11:00:00,175.3,175.56,175.25,175.34,195.0,30,0.0
2024-02-26 12:00:00,175.33,175.5,175.15,175.44,260.0,20,0.0
2024-02-26 13:00:00,175.45,176.27,175.45,176.01,442.0,20,0.0
2024-02-26 14:00:00,176.02,176.24,174.6,174.66,5501.0,4,0.0
2024-02-26 15:00:00,174.66,175.82,174.56,175.2,6033.0,4,0.0
2024-02-26 16:00:00,175.21,175.3,174.78,175.05,3713.0,4,0.0
2024-02-26 17:00:00,175.04,175.15,174.59,174.6,2302.0,4,0.0
2024-02-26 18:00:00,174.61,175.09,174.46,175.09,3290.0,4,0.0
2024-02-26 19:00:00,175.08,175.45,174.85,174.87,2315.0,4,0.0
2024-02-26 20:00:00,174.87,174.98,174.34,174.41,1750.0,4,0.0
2024-02-27 11:00:00,174.26,174.46,174.22,174.36,129.0,20,0.0
2024-02-27 12:00:00,174.34,174.72,174.33,174.57,233.0,20,0.0
2024-02-27 13:00:00,174.54,174.66,174.03,174.49,308.0,20,0.0
2024-02-27 14:00:00,174.49,174.51,173.26,174.27,3845.0,4,0.0
2024-02-27 15:00:00,174.25,174.52,173.87,174.18,5642.0,4,0.0
2024-02-27 16:00:00,174.19,174.3,173.89,174.26,2961.0,4,0.0
2024-02-27 17:00:00,174.26,174.36,172.92,173.08,2753.0,4,0.0
2024-02-27 18:00:00,173.08,173.42,172.84,173.1,2672.0,4,0.0
2024-02-27 19:00:00,173.1,173.87,173.1,173.84,1946.0,4,0.0
2024-02-27 20:00:00,173.84,173.87,173.27,173.28,1569.0,4,0.0
2024-02-28 11:00:00,172.19,172.5,172.12,172.41,135.0,30,0.0
2024-02-28 12:00:00,172.4,172.82,172.4,172.52,253.0,20,0.0
2024-02-28 13:00:00,172.52,172.6,172.26,172.42,350.0,20,0.0
2024-02-28 14:00:00,172.43,173.75,172.11,173.51,4077.0,4,0.0
2024-02-28 15:00:00,173.52,173.7,172.96,173.3,4695.0,4,0.0
2024-02-28 16:00:00,173.31,173.92,173.28,173.63,2618.0,4,0.0
2024-02-28 17:00:00,173.62,173.94,173.41,173.7,2675.0,4,0.0
2024-02-28 18:00:00,173.7,173.95,173.34,173.87,2154.0,4,0.0
2024-02-28 19:00:00,173.88,174.02,173.08,173.33,2368.0,4,0.0
2024-02-28 20:00:00,173.33,173.41,172.94,173.14,1442.0,4,0.0
2024-02-29 11:00:00,171.51,171.75,171.48,171.69,191.0,30,0.0
2024-02-29 12:00:00,171.68,171.75,171.27,171.38,215.0,30,0.0
2024-02-29 13:00:00,171.38,173.05,171.34,172.75,817.0,20,0.0
2024-02-29 14:00:00,172.74,175.11,172.46,174.92,3934.0,4,0.0
2024-02-29 15:00:00,174.93,175.22,174.14,174.71,5600.0,4,0.0
2024-02-29 16:00:00,174.7,174.97,173.83,174.64,4558.0,4,0.0
2024-02-29 17:00:00,174.63,174.87,174.57,174.68,2987.0,4,0.0
2024-02-29 18:00:00,174.69,175.15,174.67,175.07,1831.0,4,0.0
2024-02-29 19:00:00,175.07,175.28,174.79,175.13,1603.0,4,0.0
2024-02-29 20:00:00,175.14,175.35,174.91,175.21,1090.0,4,0.0
2024-03-01 11:00:00,176.46,176.65,176.28,176.65,202.0,30,0.0
2024-03-01 12:00:00,176.67,177.07,176.58,177.01,280.0,20,0.0
2024-03-01 13:00:00,176.98,177.14,176.4,176.64,421.0,20,0.0
2024-03-01 14:00:00,176.64,177.05,175.97,176.88,4187.0,4,0.0
2024-03-01 15:00:00,176.93,177.84,176.7,177.52,6985.0,4,0.0
2024-03-01 16:00:00,177.54,178.17,177.45,177.85,3825.0,4,0.0
2024-03-01 17:00:00,177.85,178.14,177.59,177.88,2227.0,4,0.0
2024-03-01 18:00:00,177.9,178.62,177.81,178.49,2094.0,4,0.0
2024-03-01 19:00:00,178.5,178.67,178.26,178.66,2278.0,4,0.0
2024-03-01 20:00:00,178.67,178.7,178.22,178.5,1812.0,4,0.0
2024-03-04 11:00:00,178.18,178.19,177.92,177.98,158.0,20,0.0
2024-03-04 12:00:00,177.96,178.41,177.61,178.2,361.0,20,0.0
2024-03-04 13:00:00,178.21,178.31,177.73,177.74,255.0,20,0.0
2024-03-04 14:00:00,177.74,179.89,177.13,179.67,5198.0,4,0.0
2024-03-04 15:00:00,179.66,180.11,179.4,179.9,4892.0,4,0.0
2024-03-04 16:00:00,179.9,180.08,178.54,178.89,3648.0,4,0.0
2024-03-04 17:00:00,178.88,178.89,178.16,178.24,2724.0,4,0.0
2024-03-04 18:00:00,178.24,178.36,177.83,178.1,2282.0,4,0.0
2024-03-04 19:00:00,178.09,178.42,177.94,178.29,2442.0,4,0.0
2024-03-04 20:00:00,178.29,178.35,177.81,177.96,1443.0,4,0.0
2024-03-05 11:00:00,176.01,176.72,175.97,176.7,258.0,30,0.0
2024-03-05 12:00:00,176.69,176.93,176.27,176.43,205.0,30,0.0
2024-03-05 13:00:00,176.4,176.79,176.36,176.36,280.0,20,0.0
2024-03-05 14:00:00,176.34,176.77,175.04,175.79,5045.0,4,0.0
2024-03-05 15:00:00,175.83,176.14,174.12,174.33,7425.0,4,0.0
2024-03-05 16:00:00,174.33,174.86,173.88,174.33,3586.0,4,0.0
2024-03-05 17:00:00,174.34,174.71,174.03,174.1,2490.0,4,0.0
2024-03-05 18:00:00,174.09,174.21,173.28,173.64,2333.0,4,0.0
2024-03-05 19:00:00,173.64,174.12,173.43,173.5,2361.0,4,0.0
2024-03-05 20:00:00,173.49,173.72,173.3,173.7,1989.0,4,0.0
2024-03-06 11:00:00,175.27,175.53,175.23,175.24,219.0,30,0.0
2024-03-06 12:00:00,175.22,175.33,174.95,175.27,286.0,20,0.0
2024-03-06 13:00:00,175.28,175.43,175.08,175.4,338.0,20,0.0
2024-03-06 14:00:00,175.39,176.35,174.17,174.25,4051.0,4,0.0
2024-03-06 15:00:00,174.26,174.7,173.44,174.56,7201.0,4,0.0
2024-03-06 16:00:00,174.57,175.02,174.31,174.77,3845.0,4,0.0
2024-03-06 17:00:00,174.76,175.41,174.73,175.03,2708.0,4,0.0
2024-03-06 18:00:00,175.04,175.17,173.85,174.16,4776.0,4,0.0
2024-03-06 19:00:00,174.16,174.21,173.25,173.69,6549.0,4,0.0
2024-03-06 20:00:00,173.68,174.08,173.51,173.85,3377.0,4,0.0
2024-03-07 11:00:00,174.13,174.13,173.6,173.64,208.0,20,0.0
2024-03-07 12:00:00,173.72,174.36,173.63,174.02,295.0,20,0.0
2024-03-07 13:00:00,174.09,174.6,173.95,174.3,383.0,20,0.0
2024-03-07 14:00:00,174.29,175.16,173.7,174.75,3975.0,4,0.0
2024-03-07 15:00:00,174.74,176.64,174.52,175.87,6454.0,4,0.0
2024-03-07 16:00:00,175.88,176.39,175.63,176.35,3681.0,4,0.0
2024-03-07 17:00:00,176.34,177.22,176.23,177.21,2842.0,4,0.0
2024-03-07 18:00:00,177.21,177.91,176.87,177.87,2588.0,4,0.0
2024-03-07 19:00:00,177.88,177.96,177.12,177.12,2188.0,4,0.0
2024-03-07 20:00:00,177.12,177.12,176.64,176.92,2264.0,4,0.0
2024-03-08 11:00:00,177.13,177.15,176.19,176.31,226.0,20,0.0
2024-03-08 12:00:00,176.31,176.51,176.01,176.24,373.0,20,0.0
2024-03-08 13:00:00,176.24,177.1,176.06,176.71,897.0,20,0.0
2024-03-08 14:00:00,176.72,177.63,175.97,177.56,4614.0,4,0.0
2024-03-08 15:00:00,177.56,178.76,177.56,178.2,7139.0,4,0.0
2024-03-08 16:00:00,178.19,178.29,176.42,176.71,10145.0,4,0.0
2024-03-08 17:00:00,176.7,177.1,175.39,175.41,7465.0,4,0.0
2024-03-08 18:00:00,175.41,175.41,174.31,174.86,6111.0,4,0.0
2024-03-08 19:00:00,174.86,175.9,174.82,175.61,4083.0,4,0.0
2024-03-08 20:00:00,175.61,175.84,174.86,175.27,3777.0,4,0.0
2024-03-11 10:00:00,174.58,174.61,174.55,174.55,7.0,10,0.0
2024-03-11 11:00:00,174.51,174.74,174.49,174.52,217.0,20,0.0
2024-03-11 12:00:00,174.5,174.5,174.1,174.22,281.0,20,0.0
2024-03-11 13:00:00,174.22,174.63,172.27,172.27,4837.0,4,0.0
2024-03-11 14:00:00,172.28,173.11,171.45,172.85,8111.0,4,0.0
2024-03-11 15:00:00,172.84,173.2,172.17,172.51,4726.0,4,0.0
2024-03-11 16:00:00,172.5,172.64,172.18,172.61,2970.0,4,0.0
2024-03-11 17:00:00,172.62,172.64,171.89,172.21,3210.0,4,0.0
2024-03-11 18:00:00,172.21,172.85,172.06,172.57,2442.0,4,0.0
2024-03-11 19:00:00,172.56,172.72,171.95,172.13,1976.0,4,0.0
2024-03-12 10:00:00,172.7,173.16,172.69,173.14,171.0,20,0.0
2024-03-12 11:00:00,173.1,173.11,172.73,172.99,245.0,20,0.0
2024-03-12 12:00:00,173.0,173.81,171.93,173.48,957.0,20,0.0
2024-03-12 13:00:00,173.47,173.83,171.96,173.1,4546.0,4,0.0
2024-03-12 14:00:00,173.09,176.71,173.0,176.37,8500.0,4,0.0
2024-03-12 15:00:00,176.36,176.73,175.86,175.88,4689.0,4,0.0
2024-03-12 16:00:00,175.88,175.93,175.15,175.6,3784.0,4,0.0
2024-03-12 17:00:00,175.6,176.26,175.38,175.77,3556.0,4,0.0
2024-03-12 18:00:00,175.78,175.9,175.33,175.67,2291.0,4,0.0
2024-03-12 19:00:00,175.68,175.9,175.5,175.88,1410.0,4,0.0
2024-03-13 10:00:00,174.96,175.34,174.94,175.31,176.0,30,0.0
2024-03-13 11:00:00,175.3,175.38,174.97,175.21,271.0,20,0.0
2024-03-13 12:00:00,175.21,175.31,174.79,175.11,302.0,20,0.0
2024-03-13 13:00:00,175.12,176.53,175.08,175.94,4319.0,4,0.0
2024-03-13 14:00:00,175.95,177.12,175.6,176.63,5287.0,4,0.0
2024-03-13 15:00:00,176.64,177.06,176.54,176.99,3144.0,4,0.0
2024-03-13 16:00:00,176.99,177.33,176.65,177.16,2245.0,4,0.0
2024-03-13 17:00:00,177.16,177.59,176.97,177.31,2426.0,4,0.0
2024-03-13 18:00:00,177.31,177.54,177.2,177.27,1502.0,4,0.0
2024-03-13 19:00:00,177.27,177.33,176.24,176.78,2801.0,4,0.0
2024-03-14 10:00:00,177.46,177.56,177.42,177.56,97.0,30,0.0
2024-03-14 11:00:00,177.53,177.79,177.52,177.58,238.0,20,0.0
2024-03-14 12:00:00,177.59,177.61,176.77,176.92,539.0,20,0.0
2024-03-14 13:00:00,176.92,177.9,176.37,176.93,5126.0,4,0.0
2024-03-14 14:00:00,176.92,179.44,176.6,179.01,8821.0,4,0.0
2024-03-14 15:00:00,179.02,179.5,178.16,178.34,5443.0,4,0.0
2024-03-14 16:00:00,178.34,178.37,177.25,177.93,3662.0,4,0.0
2024-03-14 17:00:00,177.95,178.68,177.57,178.68,3066.0,4,0.0
2024-03-14 18:00:00,178.69,179.36,178.69,178.96,3330.0,4,0.0
2024-03-14 19:00:00,178.96,179.1,178.13,178.21,3287.0,4,0.0
2024-03-15 10:00:00,178.06,179.2,178.06,178.99,221.0,20,0.0
2024-03-15 11:00:00,178.99,179.24,178.59,178.67,260.0,20,0.0
2024-03-15 12:00:00,178.65,178.83,178.49,178.67,258.0,20,0.0
2024-03-15 13:00:00,178.67,178.73,175.39,175.74,6410.0,4,0.0
2024-03-15 14:00:00,175.71,176.14,174.91,175.38,7978.0,4,0.0
2024-03-15 15:00:00,175.4,175.59,174.31,174.53,4625.0,4,0.0
2024-03-15 16:00:00,174.52,174.63,173.87,174.05,3584.0,4,0.0
2024-03-15 17:00:00,174.05,174.98,173.97,174.96,3498.0,4,0.0
2024-03-15 18:00:00,174.97,175.47,174.77,174.9,3090.0,4,0.0
2024-03-15 19:00:00,174.89,175.32,174.82,174.83,2316.0,4,0.0
2024-03-18 11:00:00,174.9,176.13,174.79,175.54,304.0,30,0.0
2024-03-18 12:00:00,175.53,175.83,175.49,175.7,234.0,30,0.0
2024-03-18 13:00:00,175.71,176.37,174.67,174.92,4037.0,4,0.0
2024-03-18 14:00:00,174.93,176.67,174.83,176.36,5199.0,4,0.0
2024-03-18 15:00:00,176.36,176.44,174.86,175.02,4121.0,4,0.0
2024-03-18 16:00:00,175.03,175.15,174.33,174.36,2251.0,4,0.0
2024-03-18 17:00:00,174.35,174.91,174.27,174.68,1861.0,4,0.0
2024-03-18 18:00:00,174.68,174.92,174.45,174.73,1774.0,4,0.0
2024-03-18 19:00:00,174.73,175.04,174.64,174.77,994.0,4,0.0
2024-03-19 10:00:00,173.91,174.01,173.85,173.93,172.0,30,0.0
2024-03-19 11:00:00,173.93,173.94,173.01,173.32,383.0,20,0.0
2024-03-19 12:00:00,173.33,173.45,172.95,173.18,489.0,20,0.0
2024-03-19 13:00:00,173.18,175.18,173.15,175.07,4822.0,4,0.0
2024-03-19 14:00:00,175.08,175.62,174.86,175.07,6263.0,4,0.0
2024-03-19 15:00:00,175.06,175.45,174.98,175.39,2952.0,4,0.0
2024-03-19 16:00:00,175.39,175.76,175.13,175.67,2816.0,4,0.0
2024-03-19 17:00:00,175.69,175.97,175.3,175.53,2638.0,4,0.0
2024-03-19 18:00:00,175.54,175.54,174.96,175.25,1851.0,4,0.0
2024-03-19 19:00:00,175.25,175.59,175.13,175.44,1843.0,4,0.0
2024-03-20 10:00:00,175.52,175.65,175.48,175.53,104.0,20,0.0
2024-03-20 11:00:00,175.46,175.99,175.44,175.96,219.0,20,0.0
2024-03-20 12:00:00,175.96,175.96,175.69,175.78,206.0,20,0.0
2024-03-20 13:00:00,175.78,176.42,174.99,175.09,3043.0,4,0.0
2024-03-20 14:00:00,175.1,175.75,175.04,175.1,4081.0,4,0.0
2024-03-20 15:00:00,175.11,175.29,174.61,175.0,2379.0,4,0.0
2024-03-20 16:00:00,175.0,175.42,174.7,175.41,2417.0,4,0.0
2024-03-20 17:00:00,175.42,175.43,175.08,175.24,1787.0,4,0.0
2024-03-20 18:00:00,175.25,178.18,175.25,177.82,13469.0,4,0.0
2024-03-20 19:00:00,177.84,178.51,177.69,177.83,5016.0,4,0.0
2024-03-21 10:00:00,178.81,178.86,178.73,178.77,49.0,30,0.0
2024-03-21 11:00:00,178.6,179.27,178.54,179.14,298.0,30,0.0
2024-03-21 12:00:00,179.16,179.85,179.16,179.72,481.0,20,0.0
2024-03-21 13:00:00,179.73,181.3,179.25,179.86,6246.0,4,0.0
2024-03-21 14:00:00,179.83,180.72,179.45,179.46,6107.0,4,0.0
2024-03-21 15:00:00,179.47,179.77,179.04,179.33,4164.0,4,0.0
2024-03-21 16:00:00,179.33,180.05,179.32,179.7,2319.0,4,0.0
2024-03-21 17:00:00,179.7,179.7,179.1,179.17,2703.0,4,0.0
2024-03-21 18:00:00,179.16,179.38,178.76,178.86,3575.0,4,0.0
2024-03-21 19:00:00,178.87,178.89,178.46,178.69,2629.0,4,0.0
2024-03-22 11:00:00,178.43,178.48,177.82,177.82,164.0,20,0.0
2024-03-22 12:00:00,177.84,177.93,177.43,177.86,250.0,20,0.0
2024-03-22 13:00:00,177.85,178.18,176.74,177.65,2863.0,4,0.0
2024-03-22 14:00:00,177.66,178.43,177.65,178.02,4764.0,4,0.0
2024-03-22 15:00:00,178.03,178.65,177.99,178.56,2915.0,4,0.0
2024-03-22 16:00:00,178.57,178.95,178.43,178.61,2425.0,4,0.0
2024-03-22 17:00:00,178.61,179.13,178.61,179.03,1373.0,4,0.0
2024-03-22 18:00:00,179.02,179.23,178.92,179.03,1425.0,4,0.0
2024-03-22 19:00:00,179.03,179.17,178.68,178.87,1457.0,4,0.0
2024-03-25 10:00:00,178.54,178.64,178.33,178.36,131.0,20,0.0
2024-03-25 11:00:00,178.46,178.54,178.0,178.04,219.0,20,0.0
2024-03-25 12:00:00,178.06,178.57,178.04,178.42,295.0,20,0.0
2024-03-25 13:00:00,178.42,179.31,177.15,179.25,3611.0,4,0.0
2024-03-25 14:00:00,179.24,180.97,179.24,179.6,7145.0,4,0.0
2024-03-25 15:00:00,179.59,179.99,179.32,179.88,3776.0,4,0.0
2024-03-25 16:00:00,179.88,180.08,179.23,179.51,2334.0,4,0.0
2024-03-25 17:00:00,179.52,180.28,179.41,179.95,1847.0,4,0.0
2024-03-25 18:00:00,179.96,180.22,179.88,180.06,1300.0,4,0.0
2024-03-25 19:00:00,180.06,180.07,179.66,179.91,1481.0,4,0.0
2024-03-26 10:00:00,180.26,180.5,180.26,180.44,188.0,20,0.0
2024-03-26 11:00:00,180.37,181.1,180.34,180.96,344.0,20,0.0
2024-03-26 12:00:00,180.96,180.98,180.61,180.77,350.0,20,0.0
2024-03-26 13:00:00,180.77,180.8,178.8,179.09,3616.0,4,0.0
2024-03-26 14:00:00,179.1,179.82,179.03,179.54,5206.0,4,0.0
2024-03-26 15:00:00,179.54,180.33,179.43,180.08,2976.0,4,0.0
2024-03-26 16:00:00,180.07,180.15,179.49,179.6,2122.0,4,0.0
2024-03-26 17:00:00,179.6,179.92,179.36,179.46,1459.0,4,0.0
2024-03-26 18:00:00,179.45,179.97,179.45,179.69,1042.0,4,0.0
2024-03-26 19:00:00,179.7,179.74,178.54,178.76,1872.0,4,0.0
2024-03-27 10:00:00,178.85,179.01,178.79,178.99,143.0,20,0.0
2024-03-27 11:00:00,178.99,179.27,178.99,179.09,187.0,20,0.0
2024-03-27 12:00:00,179.08,179.28,179.0,179.28,197.0,20,0.0
2024-03-27 13:00:00,179.3,179.89,177.21,178.71,4263.0,4,0.0
2024-03-27 14:00:00,178.73,178.82,177.94,178.5,6060.0,4,0.0
2024-03-27 15:00:00,178.51,178.66,178.02,178.24,3624.0,4,0.0
2024-03-27 16:00:00,178.25,179.06,178.24,178.97,3282.0,4,0.0
2024-03-27 17:00:00,178.98,179.54,178.81,178.83,3003.0,4,0.0
2024-03-27 18:00:00,178.84,179.08,178.47,178.58,1981.0,4,0.0
2024-03-27 19:00:00,178.58,179.73,178.35,179.71,2586.0,4,0.0
2024-03-28 10:00:00,179.32,179.65,179.32,179.55,126.0,20,0.0
2024-03-28 11:00:00,179.55,180.05,179.55,179.89,169.0,20,0.0
2024-03-28 12:00:00,179.87,180.46,179.79,180.34,428.0,20,0.0
2024-03-28 13:00:00,180.34,181.67,179.18,181.18,3704.0,4,0.0
2024-03-28 14:00:00,181.2,181.44,180.45,180.89,4740.0,4,0.0
2024-03-28 15:00:00,180.88,181.22,180.19,180.61,3296.0,4,0.0
2024-03-28 16:00:00,180.6,180.63,179.74,180.21,2795.0,4,0.0
2024-03-28 17:00:00,180.2,180.57,179.88,180.39,1795.0,4,0.0
2024-03-28 18:00:00,180.38,180.63,179.95,180.58,2170.0,4,0.0
2024-03-28 19:00:00,180.58,180.74,180.31,180.49,1721.0,4,0.0
2024-04-01 10:00:00,181.53,181.67,181.45,181.66,81.0,30,0.0
2024-04-01 11:00:00,181.64,181.64,181.07,181.3,215.0,30,0.0
2024-04-01 12:00:00,181.28,181.56,180.99,181.53,232.0,30,0.0
2024-04-01 13:00:00,181.5,182.89,180.16,180.73,5214.0,4,0.0
2024-04-01 14:00:00,180.68,181.22,180.23,180.54,5957.0,4,0.0
2024-04-01 15:00:00,180.55,180.82,179.94,180.38,3388.0,4,0.0
2024-04-01 16:00:00,180.39,181.02,180.31,180.57,2455.0,4,0.0
2024-04-01 17:00:00,180.57,180.79,179.96,180.27,1689.0,4,0.0
2024-04-01 18:00:00,180.26,180.82,180.25,180.57,1355.0,4,0.0
2024-04-01 19:00:00,180.56,180.86,180.26,180.42,1456.0,4,0.0
2024-04-02 10:00:00,180.69,180.88,180.49,180.56,190.0,30,0.0
2024-04-02 11:00:00,180.58,180.71,180.22,180.25,227.0,20,0.0
2024-04-02 12:00:00,180.25,180.32,179.66,179.74,327.0,20,0.0
2024-04-02 13:00:00,179.71,179.77,178.32,179.05,4126.0,4,0.0
2024-04-02 14:00:00,179.06,180.12,178.62,179.46,6463.0,4,0.0
2024-04-02 15:00:00,179.46,180.04,179.44,179.6,3053.0,4,0.0
2024-04-02 16:00:00,179.6,180.38,179.56,180.34,2312.0,4,0.0
2024-04-02 17:00:00,180.34,180.67,180.25,180.52,2211.0,4,0.0
2024-04-02 18:00:00,180.53,180.76,180.25,180.31,1574.0,4,0.0
2024-04-02 19:00:00,180.3,180.63,180.05,180.55,1942.0,4,0.0
2024-04-03 10:00:00,180.29,180.43,180.26,180.33,127.0,20,0.0
2024-04-03 11:00:00,180.35,180.54,180.31,180.45,175.0,20,0.0
2024-04-03 12:00:00,180.46,180.67,179.92,180.08,335.0,20,0.0
2024-04-03 13:00:00,180.09,181.35,179.73,180.67,4002.0,4,0.0
2024-04-03 14:00:00,180.73,182.33,180.73,182.25,5113.0,4,0.0
2024-04-03 15:00:00,182.25,182.85,182.13,182.32,2673.0,4,0.0
2024-04-03 16:00:00,182.33,182.77,182.03,182.26,3828.0,4,0.0
2024-04-03 17:00:00,182.27,182.8,182.27,182.62,1898.0,4,0.0
2024-04-03 18:00:00,182.63,182.76,182.4,182.46,1406.0,4,0.0
2024-04-03 19:00:00,182.45,182.47,181.56,182.17,3155.0,4,0.0
2024-04-04 10:00:00,183.04,183.24,182.93,183.24,159.0,30,0.0
2024-04-04 11:00:00,183.24,183.73,183.15,183.73,276.0,30,0.0
2024-04-04 12:00:00,183.74,184.33,183.67,184.24,444.0,20,0.0
2024-04-04 13:00:00,184.24,184.78,183.29,183.7,3916.0,4,0.0
2024-04-04 14:00:00,183.7,184.4,183.63,184.08,3914.0,4,0.0
2024-04-04 15:00:00,184.08,184.77,184.01,184.6,2302.0,4,0.0
2024-04-04 16:00:00,184.61,185.07,184.59,184.88,1775.0,4,0.0
2024-04-04 17:00:00,184.87,184.88,184.26,184.35,1631.0,4,0.0
2024-04-04 18:00:00,184.34,184.35,181.29,181.51,9793.0,4,0.0
2024-04-04 19:00:00,181.51,181.89,180.57,180.61,7524.0,4,0.0
2024-04-05 10:00:00,181.13,181.24,181.0,181.22,139.0,20,0.0
2024-04-05 11:00:00,181.22,181.23,180.96,181.04,274.0,20,0.0
2024-04-05 12:00:00,181.06,181.96,180.46,181.52,795.0,20,0.0
2024-04-05 13:00:00,181.51,184.9,181.3,184.54,5116.0,4,0.0
2024-04-05 14:00:00,184.55,185.58,184.2,185.48,7691.0,4,0.0
2024-04-05 15:00:00,185.48,185.68,184.34,185.58,5237.0,4,0.0
2024-04-05 16:00:00,185.59,186.19,185.44,186.18,3056.0,4,0.0
2024-04-05 17:00:00,186.18,186.24,184.31,184.38,3321.0,4,0.0
2024-04-05 18:00:00,184.37,184.94,184.07,184.54,6059.0,4,0.0
2024-04-05 19:00:00,184.55,184.92,184.28,184.74,2693.0,4,0.0
2024-04-08 10:00:00,187.36,187.36,186.61,187.28,221.0,30,0.0
2024-04-08 11:00:00,187.26,187.26,186.4,186.87,333.0,30,0.0
2024-04-08 12:00:00,186.87,187.77,186.72,187.68,357.0,20,0.0
2024-04-08 13:00:00,187.68,187.77,185.3,186.01,4541.0,4,0.0
2024-04-08 14:00:00,186.02,187.08,185.85,187.03,6239.0,4,0.0
2024-04-08 15:00:00,187.04,187.12,185.55,185.71,4173.0,4,0.0
2024-04-08 16:00:00,185.7,185.78,184.79,185.64,3341.0,4,0.0
2024-04-08 17:00:00,185.63,185.72,184.84,185.35,1879.0,4,0.0
2024-04-08 18:00:00,185.36,185.77,185.2,185.77,1515.0,4,0.0
2024-04-08 19:00:00,185.78,185.95,185.44,185.65,1473.0,4,0.0
2024-04-09 10:00:00,185.46,185.48,185.15,185.32,136.0,20,0.0
2024-04-09 11:00:00,185.32,185.88,185.32,185.83,250.0,20,0.0
2024-04-09 12:00:00,185.85,186.39,185.83,186.15,329.0,20,0.0
2024-04-09 13:00:00,186.15,187.28,185.22,185.58,4447.0,4,0.0
2024-04-09 14:00:00,185.57,186.7,184.89,185.63,9321.0,4,0.0
2024-04-09 15:00:00,185.62,185.85,184.88,185.18,4592.0,4,0.0
2024-04-09 16:00:00,185.18,185.8,184.98,185.03,2658.0,4,0.0
2024-04-09 17:00:00,185.03,185.29,184.39,184.39,2500.0,4,0.0
2024-04-09 18:00:00,184.39,184.95,184.33,184.62,2766.0,4,0.0
2024-04-09 19:00:00,184.62,185.71,184.18,185.15,3593.0,4,0.0
2024-04-10 10:00:00,185.23,185.53,185.19,185.49,195.0,20,0.0
2024-04-10 11:00:00,185.49,185.78,185.45,185.66,147.0,20,0.0
2024-04-10 12:00:00,185.67,186.33,181.77,182.55,1126.0,20,0.0
2024-04-10 13:00:00,182.57,184.76,181.88,184.36,6536.0,4,0.0
2024-04-10 14:00:00,184.35,185.36,184.1,184.6,9046.0,4,0.0
2024-04-10 15:00:00,184.61,185.23,184.48,184.78,4144.0,4,0.0
2024-04-10 16:00:00,184.78,185.81,184.69,185.77,2856.0,4,0.0
2024-04-10 17:00:00,185.78,186.24,184.88,185.49,7909.0,4,0.0
2024-04-10 18:00:00,185.49,185.83,185.02,185.03,7038.0,4,0.0
2024-04-10 19:00:00,185.04,185.71,184.89,185.66,3773.0,4,0.0
2024-04-11 10:00:00,185.14,185.14,182.3,184.74,331.0,30,0.0
2024-04-11 11:00:00,184.73,185.51,184.73,185.09,408.0,30,0.0
2024-04-11 12:00:00,185.08,187.0,184.97,186.92,991.0,20,0.0
2024-04-11 13:00:00,186.92,187.27,185.49,186.62,4246.0,4,0.0
2024-04-11 14:00:00,186.63,186.85,185.76,186.35,6456.0,4,0.0
2024-04-11 15:00:00,186.36,187.84,186.34,187.77,3629.0,4,0.0
2024-04-11 16:00:00,187.77,188.12,187.4,187.76,3236.0,4,0.0
2024-04-11 17:00:00,187.77,189.38,187.63,188.73,4286.0,4,0.0
2024-04-11 18:00:00,188.74,189.54,188.69,189.33,3058.0,4,0.0
2024-04-11 19:00:00,189.34,189.47,189.17,189.44,1559.0,4,0.0
2024-04-12 10:00:00,188.63,188.93,188.4,188.69,221.0,20,0.0
2024-04-12 11:00:00,188.67,189.53,188.33,189.37,396.0,20,0.0
2024-04-12 12:00:00,189.39,189.5,187.92,188.02,597.0,20,0.0
2024-04-12 13:00:00,188.01,188.35,187.18,188.13,4220.0,4,0.0
2024-04-12 14:00:00,188.09,188.19,186.21,186.36,6049.0,4,0.0
2024-04-12 15:00:00,186.4,187.74,186.29,187.28,3909.0,4,0.0
2024-04-12 16:00:00,187.28,187.41,185.34,185.69,4570.0,4,0.0
2024-04-12 17:00:00,185.7,185.91,185.13,185.68,4599.0,4,0.0
2024-04-12 18:00:00,185.68,185.94,185.33,185.35,4670.0,4,0.0
2024-04-12 19:00:00,185.35,185.7,185.06,185.66,2557.0,4,0.0
2024-04-15 10:00:00,186.91,187.26,186.9,187.21,126.0,30,0.0
2024-04-15 11:00:00,187.15,187.64,186.9,187.38,335.0,30,0.0
2024-04-15 12:00:00,187.36,187.83,187.18,187.67,558.0,20,0.0
2024-04-15 13:00:00,187.67,188.67,186.09,187.95,3932.0,4,0.0
2024-04-15 14:00:00,187.94,188.34,186.78,186.78,7456.0,4,0.0
2024-04-15 15:00:00,186.79,187.07,186.27,186.97,4326.0,4,0.0
2024-04-15 16:00:00,186.97,186.99,185.57,185.76,3472.0,4,0.0
2024-04-15 17:00:00,185.76,186.13,183.04,183.67,7942.0,4,0.0
2024-04-15 18:00:00,183.68,184.35,183.37,183.87,6060.0,4,0.0
2024-04-15 19:00:00,183.86,184.15,183.51,183.62,3556.0,4,0.0
2024-04-16 10:00:00,182.71,182.79,182.15,182.74,325.0,30,0.0
2024-04-16 11:00:00,182.76,184.09,182.73,184.05,482.0,20,0.0
2024-04-16 12:00:00,184.07,184.17,183.71,183.79,515.0,20,0.0
2024-04-16 13:00:00,183.8,184.24,182.16,183.86,5988.0,4,0.0
2024-04-16 14:00:00,183.87,184.67,183.09,183.91,7747.0,4,0.0
2024-04-16 15:00:00,183.89,184.63,183.78,183.97,4201.0,4,0.0
2024-04-16 16:00:00,183.97,184.26,183.59,183.82,3845.0,4,0.0
2024-04-16 17:00:00,183.82,184.11,182.87,183.72,8533.0,4,0.0
2024-04-16 18:00:00,183.73,184.8,183.03,184.1,7933.0,4,0.0
2024-04-16 19:00:00,184.09,184.25,183.47,183.64,3594.0,4,0.0
2024-04-17 10:00:00,184.42,184.44,184.06,184.25,220.0,30,0.0
2024-04-17 11:00:00,184.25,184.36,183.89,184.06,334.0,20,0.0
2024-04-17 12:00:00,184.1,184.48,184.0,184.32,365.0,20,0.0
2024-04-17 13:00:00,184.31,184.72,183.42,183.66,3690.0,4,0.0
2024-04-17 14:00:00,183.66,184.11,183.03,183.17,6154.0,4,0.0
2024-04-17 15:00:00,183.16,183.56,181.52,181.9,6038.0,4,0.0
2024-04-17 16:00:00,181.89,181.93,179.81,180.4,6060.0,4,0.0
2024-04-17 17:00:00,180.41,181.77,180.35,181.69,4437.0,4,0.0
2024-04-17 18:00:00,181.69,182.21,181.11,181.41,4906.0,4,0.0
2024-04-17 19:00:00,181.4,181.46,180.88,181.05,4104.0,4,0.0
2024-04-18 10:00:00,181.74,181.79,181.67,181.67,92.0,30,0.0
2024-04-18 11:00:00,181.68,181.74,181.45,181.63,224.0,30,0.0
2024-04-18 12:00:00,181.63,181.78,181.42,181.67,462.0,20,0.0
2024-04-18 13:00:00,181.68,181.86,179.79,180.4,4814.0,4,0.0
2024-04-18 14:00:00,180.39,182.33,180.14,182.16,6902.0,4,0.0
2024-04-18 15:00:00,182.17,182.36,181.76,181.82,4086.0,4,0.0
2024-04-18 16:00:00,181.81,181.93,180.74,180.82,4397.0,4,0.0
2024-04-18 17:00:00,180.83,180.85,178.88,179.15,5881.0,4,0.0
2024-04-18 18:00:00,179.14,179.79,178.63,178.85,5127.0,4,0.0
2024-04-18 19:00:00,178.84,179.6,178.84,179.6,3449.0,4,0.0
2024-04-19 10:00:00,178.0,178.06,176.94,177.52,210.0,30,0.0
2024-04-19 11:00:00,177.51,178.49,177.31,178.18,398.0,30,0.0
2024-04-19 12:00:00,178.18,179.04,177.94,178.87,482.0,20,0.0
2024-04-19 13:00:00,178.79,178.86,176.23,177.76,6128.0,4,0.0
2024-04-19 14:00:00,177.76,178.01,175.43,176.28,12307.0,4,0.0
2024-04-19 15:00:00,176.27,176.56,175.64,175.76,6662.0,4,0.0
2024-04-19 16:00:00,175.76,175.92,173.9,174.75,6883.0,4,0.0
2024-04-19 17:00:00,174.74,175.89,174.58,175.46,5676.0,4,0.0
2024-04-19 18:00:00,175.45,175.51,173.66,173.96,8111.0,4,0.0
2024-04-19 19:00:00,173.95,174.53,173.49,173.49,6262.0,4,0.0
2024-04-22 10:00:00,175.66,175.89,175.54,175.56,175.0,20,0.0
2024-04-22 11:00:00,175.56,176.34,175.41,176.23,368.0,20,0.0
2024-04-22 12:00:00,176.25,176.8,175.92,176.57,690.0,20,0.0
2024-04-22 13:00:00,176.57,178.77,175.9,177.01,4896.0,4,0.0
2024-04-22 14:00:00,177.02,177.42,174.7,174.98,8372.0,4,0.0
2024-04-22 15:00:00,174.97,175.57,174.54,175.21,4759.0,4,0.0
2024-04-22 16:00:00,175.21,175.85,175.13,175.72,3266.0,4,0.0
2024-04-22 17:00:00,175.73,177.49,175.62,177.16,3581.0,4,0.0
2024-04-22 18:00:00,177.18,178.22,177.05,177.74,3522.0,4,0.0
2024-04-22 19:00:00,177.74,177.74,176.78,177.07,2483.0,4,0.0
2024-04-23 10:00:00,177.6,177.84,177.46,177.77,174.0,30,0.0
2024-04-23 11:00:00,177.75,178.36,177.73,178.05,370.0,20,0.0
2024-04-23 12:00:00,178.05,178.78,177.93,178.6,532.0,20,0.0
2024-04-23 13:00:00,178.61,178.83,175.96,176.86,5869.0,4,0.0
2024-04-23 14:00:00,176.88,178.17,176.66,178.08,7808.0,4,0.0
2024-04-23 15:00:00,178.08,178.7,177.3,178.18,4532.0,4,0.0
2024-04-23 16:00:00,178.19,179.02,178.01,178.62,3497.0,4,0.0
2024-04-23 17:00:00,178.63,179.26,178.35,179.26,2731.0,4,0.0
2024-04-23 18:00:00,179.26,179.91,179.12,179.89,2508.0,4,0.0
2024-04-23 19:00:00,179.88,179.89,179.46,179.56,2123.0,4,0.0
2024-04-24 10:00:00,179.99,180.46,179.99,180.39,400.0,30,0.0
2024-04-24 11:00:00,180.39,180.45,179.9,180.31,318.0,30,0.0
2024-04-24 12:00:00,180.28,180.61,179.99,180.05,361.0,20,0.0
2024-04-24 13:00:00,180.05,180.3,178.48,178.88,4470.0,4,0.0
2024-04-24 14:00:00,178.89,178.97,177.46,177.54,7091.0,4,0.0
2024-04-24 15:00:00,177.53,177.62,176.35,176.46,4297.0,4,0.0
2024-04-24 16:00:00,176.46,176.81,176.16,176.79,3702.0,4,0.0
2024-04-24 17:00:00,176.79,177.5,176.52,177.42,2883.0,4,0.0
2024-04-24 18:00:00,177.42,177.48,176.36,176.42,3647.0,4,0.0
2024-04-24 19:00:00,176.41,177.24,176.32,176.99,2508.0,4,0.0
2024-04-25 10:00:00,173.03,173.03,172.19,172.22,236.0,30,0.0
2024-04-25 11:00:00,172.27,172.53,171.93,172.36,354.0,30,0.0
2024-04-25 12:00:00,172.35,172.35,170.59,171.03,1110.0,30,0.0
2024-04-25 13:00:00,171.05,171.43,166.25,170.38,11103.0,4,0.0
2024-04-25 14:00:00,170.37,171.89,170.02,171.39,11837.0,4,0.0
2024-04-25 15:00:00,171.38,172.35,170.83,172.3,5063.0,4,0.0
2024-04-25 16:00:00,172.29,172.67,171.76,172.49,4539.0,4,0.0
2024-04-25 17:00:00,172.5,173.2,171.77,173.06,3853.0,4,0.0
2024-04-25 18:00:00,173.06,173.11,172.17,172.68,4192.0,4,0.0
2024-04-25 19:00:00,172.69,173.89,172.67,173.45,3311.0,4,0.0
2024-04-26 10:00:00,179.07,179.27,178.58,178.67,178.0,30,0.0
2024-04-26 11:00:00,178.67,179.2,178.38,179.15,461.0,30,0.0
2024-04-26 12:00:00,179.18,180.07,177.54,177.88,1178.0,30,0.0
2024-04-26 13:00:00,177.88,178.47,176.1,176.99,5775.0,4,0.0
2024-04-26 14:00:00,177.02,178.89,176.97,178.69,8767.0,4,0.0
2024-04-26 15:00:00,178.7,179.82,178.04,179.21,5757.0,4,0.0
2024-04-26 16:00:00,179.22,180.66,178.97,180.59,4781.0,4,0.0
2024-04-26 17:00:00,180.58,180.79,179.5,180.02,3799.0,4,0.0
2024-04-26 18:00:00,180.03,180.08,178.96,179.34,2837.0,4,0.0
2024-04-26 19:00:00,179.33,179.93,179.18,179.47,2077.0,4,0.0
2024-04-29 10:00:00,181.45,183.0,181.39,182.71,567.0,30,0.0
2024-04-29 11:00:00,182.73,183.56,182.65,183.28,638.0,20,0.0
2024-04-29 12:00:00,183.26,183.29,181.91,182.08,603.0,20,0.0
2024-04-29 13:00:00,182.09,183.42,179.37,180.07,8769.0,4,0.0
2024-04-29 14:00:00,180.06,181.14,179.74,180.43,8421.0,4,0.0
2024-04-29 15:00:00,180.41,180.61,179.41,179.8,4226.0,4,0.0
2024-04-29 16:00:00,179.8,180.82,179.76,180.37,3186.0,4,0.0
2024-04-29 17:00:00,180.38,181.47,180.15,181.19,3488.0,4,0.0
2024-04-29 18:00:00,181.19,181.19,179.95,180.39,3369.0,4,0.0
2024-04-29 19:00:00,180.38,180.38,179.48,180.19,4278.0,4,0.0
2024-04-30 10:00:00,182.09,182.65,181.85,182.42,321.0,30,0.0
2024-04-30 11:00:00,182.4,182.65,181.75,182.54,512.0,30,0.0
2024-04-30 12:00:00,182.52,182.99,181.68,182.06,1019.0,20,0.0
2024-04-30 13:00:00,182.06,182.06,180.5,181.58,5633.0,4,0.0
2024-04-30 14:00:00,181.57,182.0,180.5,180.71,7188.0,4,0.0
2024-04-30 15:00:00,180.7,180.72,178.47,179.08,5293.0,4,0.0
2024-04-30 16:00:00,179.09,179.74,178.48,178.78,5318.0,4,0.0
2024-04-30 17:00:00,178.79,179.94,178.63,179.68,4440.0,4,0.0
2024-04-30 18:00:00,179.68,180.05,178.9,179.01,3771.0,4,0.0
2024-04-30 19:00:00,179.0,179.89,178.93,179.17,3998.0,4,0.0
2024-05-01 10:00:00,178.97,179.12,177.14,179.01,297.0,20,0.0
2024-05-01 11:00:00,179.01,179.01,177.23,177.66,383.0,30,0.0
2024-05-01 12:00:00,177.53,180.61,177.25,179.67,1304.0,30,0.0
2024-05-01 13:00:00,179.68,182.21,178.19,181.41,14810.0,4,0.0
2024-05-01 14:00:00,181.44,181.74,178.91,179.02,15513.0,4,0.0
2024-05-01 15:00:00,179.01,179.33,177.11,177.12,8905.0,4,0.0
2024-05-01 16:00:00,177.11,178.03,176.55,177.95,5927.0,4,0.0
2024-05-01 17:00:00,177.95,178.84,177.6,178.36,4333.0,4,0.0
2024-05-01 18:00:00,178.37,183.91,178.16,183.9,21177.0,4,0.0
2024-05-01 19:00:00,183.91,185.12,180.65,181.19,19368.0,4,0.0
2024-05-02 10:00:00,181.43,181.86,181.35,181.81,297.0,20,0.0
2024-05-02 11:00:00,181.76,181.8,180.88,181.02,452.0,20,0.0
2024-05-02 12:00:00,181.03,181.7,180.83,181.28,701.0,20,0.0
2024-05-02 13:00:00,181.27,183.16,179.84,182.77,8028.0,4,0.0
2024-05-02 14:00:00,182.75,182.78,180.54,181.96,13183.0,4,0.0
2024-05-02 15:00:00,181.97,182.57,181.1,182.15,6667.0,4,0.0
2024-05-02 16:00:00,182.17,182.54,181.64,182.24,5526.0,4,0.0
2024-05-02 17:00:00,182.25,185.06,182.19,184.39,5557.0,4,0.0
2024-05-02 18:00:00,184.4,185.03,183.9,184.69,5127.0,4,0.0
2024-05-02 19:00:00,184.7,184.92,183.62,184.07,4964.0,4,0.0
2024-05-03 10:00:00,184.32,184.44,184.03,184.12,253.0,20,0.0
2024-05-03 11:00:00,184.07,184.37,183.94,184.11,315.0,20,0.0
2024-05-03 12:00:00,184.12,187.05,183.52,187.01,1274.0,20,0.0
2024-05-03 13:00:00,187.01,187.6,185.33,186.37,5792.0,4,0.0
2024-05-03 14:00:00,186.38,187.84,185.82,187.01,10459.0,4,0.0
2024-05-03 15:00:00,187.01,187.07,185.71,186.64,5232.0,4,0.0
2024-05-03 16:00:00,186.64,186.77,185.94,186.06,3160.0,4,0.0
2024-05-03 17:00:00,186.06,186.55,186.04,186.15,2550.0,4,0.0
2024-05-03 18:00:00,186.16,186.64,186.16,186.33,2226.0,4,0.0
2024-05-03 19:00:00,186.32,186.38,185.81,186.17,2154.0,4,0.0
2024-05-06 10:00:00,186.14,186.19,185.86,185.98,163.0,20,0.0
2024-05-06 11:00:00,185.98,186.09,185.85,186.06,144.0,20,0.0
2024-05-06 12:00:00,186.05,186.4,186.04,186.24,248.0,20,0.0
2024-05-06 13:00:00,186.24,186.39,184.74,185.61,4457.0,4,0.0
2024-05-06 14:00:00,185.62,186.57,185.24,186.54,5453.0,4,0.0
2024-05-06 15:00:00,186.53,187.15,186.53,186.72,3226.0,4,0.0
2024-05-06 16:00:00,186.72,186.95,186.35,186.74,2583.0,4,0.0
2024-05-06 17:00:00,186.75,186.85,186.39,186.71,2091.0,4,0.0
2024-05-06 18:00:00,186.71,187.72,186.67,187.66,2063.0,4,0.0
2024-05-06 19:00:00,187.65,187.9,187.43,187.86,1870.0,4,0.0
2024-05-07 10:00:00,188.03,188.08,187.71,187.81,276.0,20,0.0
2024-05-07 11:00:00,187.83,187.86,187.56,187.68,291.0,20,0.0
2024-05-07 12:00:00,187.68,188.32,187.68,188.2,208.0,20,0.0
2024-05-07 13:00:00,188.2,189.43,188.17,188.96,5006.0,4,0.0
2024-05-07 14:00:00,188.99,189.37,188.1,189.03,5630.0,4,0.0
2024-05-07 15:00:00,189.03,189.91,188.81,189.44,3454.0,4,0.0
2024-05-07 16:00:00,189.44,189.49,188.65,188.85,2730.0,4,0.0
2024-05-07 17:00:00,188.86,189.2,188.23,188.37,2989.0,4,0.0
2024-05-07 18:00:00,188.37,188.54,187.29,187.89,3181.0,4,0.0
2024-05-07 19:00:00,187.89,188.33,187.77,188.16,2328.0,4,0.0
2024-05-08 10:00:00,188.61,188.7,188.28,188.48,158.0,30,0.0
2024-05-08 11:00:00,188.48,188.58,186.95,187.34,616.0,30,0.0
2024-05-08 12:00:00,187.34,187.42,186.81,187.04,370.0,20,0.0
2024-05-08 13:00:00,187.05,188.13,186.37,187.01,4048.0,4,0.0
2024-05-08 14:00:00,187.01,188.4,186.79,188.02,4472.0,4,0.0
2024-05-08 15:00:00,188.03,188.21,187.44,187.48,2557.0,4,0.0
2024-05-08 16:00:00,187.48,187.65,187.06,187.11,2027.0,4,0.0
2024-05-08 17:00:00,187.11,187.35,186.84,187.28,2489.0,4,0.0
2024-05-08 18:00:00,187.29,188.12,187.25,187.98,2013.0,4,0.0
2024-05-08 19:00:00,187.99,188.05,187.71,187.85,1549.0,4,0.0
2024-05-09 10:00:00,187.41,187.71,187.41,187.56,128.0,20,0.0
2024-05-09 11:00:00,187.57,187.83,187.56,187.76,193.0,20,0.0
2024-05-09 12:00:00,187.77,188.46,187.63,188.46,387.0,20,0.0
2024-05-09 13:00:00,188.46,190.27,187.43,188.06,5416.0,4,0.0
2024-05-09 14:00:00,188.07,190.16,188.06,189.91,5943.0,4,0.0
2024-05-09 15:00:00,189.9,191.26,189.68,190.32,4369.0,4,0.0
2024-05-09 16:00:00,190.34,191.21,190.16,191.19,3787.0,4,0.0
2024-05-09 17:00:00,191.19,191.66,190.34,190.46,4298.0,4,0.0
2024-05-09 18:00:00,190.45,191.03,190.22,190.82,2978.0,4,0.0
2024-05-09 19:00:00,190.82,190.86,189.59,189.61,3173.0,4,0.0
2024-05-10 10:00:00,190.14,190.15,189.52,189.72,187.0,30,0.0
2024-05-10 11:00:00,189.72,189.97,189.64,189.89,201.0,30,0.0
2024-05-10 12:00:00,189.89,189.91,189.04,189.13,363.0,20,0.0
2024-05-10 13:00:00,189.14,189.86,188.53,189.73,4040.0,4,0.0
2024-05-10 14:00:00,189.68,189.69,187.7,187.75,7902.0,4,0.0
2024-05-10 15:00:00,187.75,187.9,186.93,187.42,3936.0,4,0.0
2024-05-10 16:00:00,187.42,187.53,186.92,187.37,2649.0,4,0.0
2024-05-10 17:00:00,187.37,187.93,187.14,187.88,2557.0,4,0.0
2024-05-10 18:00:00,187.89,188.14,187.49,187.75,2309.0,4,0.0
2024-05-10 19:00:00,187.75,187.94,187.51,187.54,2096.0,4,0.0
2024-05-13 10:00:00,187.65,188.08,187.61,188.01,170.0,20,0.0
2024-05-13 11:00:00,188.01,188.01,187.64,187.84,175.0,20,0.0
2024-05-13 12:00:00,187.85,187.98,187.58,187.83,231.0,20,0.0
2024-05-13 13:00:00,187.84,188.19,186.61,187.13,4101.0,4,0.0
2024-05-13 14:00:00,187.14,187.25,186.24,186.32,4703.0,4,0.0
2024-05-13 15:00:00,186.32,186.41,185.41,185.9,3888.0,4,0.0
2024-05-13 16:00:00,185.9,186.36,185.81,185.93,1817.0,4,0.0
2024-05-13 17:00:00,185.93,186.4,185.33,186.35,2789.0,4,0.0
2024-05-13 18:00:00,186.36,186.4,185.94,186.1,1737.0,4,0.0
2024-05-13 19:00:00,186.09,186.35,185.88,186.33,1856.0,4,0.0
2024-05-14 10:00:00,185.64,185.78,185.25,185.63,275.0,30,0.0
2024-05-14 11:00:00,185.67,185.81,185.16,185.34,228.0,30,0.0
2024-05-14 12:00:00,185.36,185.86,184.25,185.0,774.0,20,0.0
2024-05-14 13:00:00,184.99,185.58,183.12,184.03,5312.0,4,0.0
2024-05-14 14:00:00,184.04,185.56,183.93,185.25,8384.0,4,0.0
2024-05-14 15:00:00,185.23,185.93,184.62,185.03,4399.0,4,0.0
2024-05-14 16:00:00,185.02,185.91,184.91,185.79,2964.0,4,0.0
2024-05-14 17:00:00,185.79,186.66,185.61,186.45,2730.0,4,0.0
2024-05-14 18:00:00,186.46,187.6,186.39,187.49,3278.0,4,0.0
2024-05-14 19:00:00,187.49,187.7,187.04,187.22,2347.0,4,0.0
2024-05-15 10:00:00,186.69,186.75,186.68,186.75,54.0,20,0.0
2024-05-15 11:00:00,186.78,187.05,186.71,186.72,203.0,20,0.0
2024-05-15 12:00:00,186.73,187.92,186.25,187.43,901.0,20,0.0
2024-05-15 13:00:00,187.42,187.42,182.71,184.09,9651.0,4,0.0
2024-05-15 14:00:00,184.1,184.66,183.33,184.02,11796.0,4,0.0
2024-05-15 15:00:00,184.03,186.32,183.83,185.5,6247.0,4,0.0
2024-05-15 16:00:00,185.5,185.51,184.03,184.49,4078.0,4,0.0
2024-05-15 17:00:00,184.49,185.38,182.92,185.07,5988.0,4,0.0
2024-05-15 18:00:00,185.07,185.19,183.94,184.79,3822.0,4,0.0
2024-05-15 19:00:00,184.78,186.03,184.58,185.91,2523.0,4,0.0
2024-05-16 10:00:00,186.25,186.37,186.0,186.25,142.0,30,0.0
2024-05-16 11:00:00,186.25,186.37,186.1,186.25,298.0,20,0.0
2024-05-16 12:00:00,186.25,186.33,185.43,185.52,462.0,20,0.0
2024-05-16 13:00:00,185.51,187.18,185.06,186.76,3877.0,4,0.0
2024-05-16 14:00:00,186.76,186.89,185.89,186.65,4190.0,4,0.0
2024-05-16 15:00:00,186.66,186.82,185.56,185.57,3046.0,4,0.0
2024-05-16 16:00:00,185.57,185.89,185.18,185.88,2172.0,4,0.0
2024-05-16 17:00:00,185.88,185.88,184.56,184.92,3052.0,4,0.0
2024-05-16 18:00:00,184.92,184.93,184.09,184.4,3221.0,4,0.0
2024-05-16 19:00:00,184.4,184.43,183.5,183.62,2269.0,4,0.0
2024-05-17 10:00:00,183.95,184.44,183.91,184.25,143.0,30,0.0
2024-05-17 11:00:00,184.26,184.26,183.92,184.17,207.0,20,0.0
2024-05-17 12:00:00,184.17,184.25,183.98,184.04,248.0,20,0.0
2024-05-17 13:00:00,184.07,185.02,183.24,184.84,3496.0,4,0.0
2024-05-17 14:00:00,184.83,185.26,184.32,184.48,3973.0,4,0.0
2024-05-17 15:00:00,184.48,184.85,184.28,184.45,2634.0,4,0.0
2024-05-17 16:00:00,184.44,184.67,183.92,184.34,2100.0,4,0.0
2024-05-17 17:00:00,184.34,185.16,184.17,185.05,1958.0,4,0.0
2024-05-17 18:00:00,185.05,185.05,184.02,184.62,2813.0,4,0.0
2024-05-17 19:00:00,184.62,184.63,184.21,184.27,1573.0,4,0.0
2024-05-20 10:00:00,185.13,185.25,185.12,185.21,149.0,30,0.0
2024-05-20 11:00:00,185.16,185.38,185.1,185.33,179.0,30,0.0
2024-05-20 12:00:00,185.34,185.49,184.7,184.87,343.0,20,0.0
2024-05-20 13:00:00,184.87,186.56,183.95,185.78,3954.0,4,0.0
2024-05-20 14:00:00,185.78,186.11,184.76,184.87,4543.0,4,0.0
2024-05-20 15:00:00,184.88,185.23,184.64,184.72,2506.0,4,0.0
2024-05-20 16:00:00,184.71,184.93,184.29,184.51,1994.0,4,0.0
2024-05-20 17:00:00,184.51,184.59,183.35,183.64,3253.0,4,0.0
2024-05-20 18:00:00,183.63,183.96,183.26,183.71,2658.0,4,0.0
2024-05-20 19:00:00,183.71,183.85,183.46,183.61,1691.0,4,0.0
2024-05-21 10:00:00,183.5,183.73,183.5,183.7,62.0,20,0.0
2024-05-21 11:00:00,183.7,183.73,183.29,183.29,212.0,20,0.0
2024-05-21 12:00:00,183.29,183.52,182.73,182.99,309.0,20,0.0
2024-05-21 13:00:00,182.89,182.93,180.73,181.78,5524.0,4,0.0
2024-05-21 14:00:00,181.78,182.03,180.82,181.52,5562.0,4,0.0
2024-05-21 15:00:00,181.51,181.99,181.21,181.8,3402.0,4,0.0
2024-05-21 16:00:00,181.8,182.37,181.46,181.77,2400.0,4,0.0
2024-05-21 17:00:00,181.77,182.2,181.44,182.09,3214.0,4,0.0
2024-05-21 18:00:00,182.09,182.26,181.53,182.1,1912.0,4,0.0
2024-05-21 19:00:00,182.1,182.89,182.04,182.55,1943.0,4,0.0
2024-05-22 10:00:00,182.92,182.98,182.45,182.49,166.0,30,0.0
2024-05-22 11:00:00,182.53,183.08,182.5,182.96,246.0,20,0.0
2024-05-22 12:00:00,182.96,184.13,182.74,183.81,491.0,20,0.0
2024-05-22 13:00:00,183.82,185.11,183.18,183.98,3270.0,4,0.0
2024-05-22 14:00:00,183.98,184.17,183.51,183.89,3172.0,4,0.0
2024-05-22 15:00:00,183.89,184.83,183.6,183.84,2232.0,4,0.0
2024-05-22 16:00:00,183.85,183.94,183.0,183.02,1643.0,4,0.0
2024-05-22 17:00:00,183.02,183.36,182.48,182.83,2240.0,4,0.0
2024-05-22 18:00:00,182.83,182.86,181.96,182.36,4812.0,4,0.0
2024-05-22 19:00:00,182.35,183.11,182.09,182.5,2213.0,4,0.0
2024-05-23 10:00:00,183.63,184.08,183.6,184.07,129.0,30,0.0
2024-05-23 11:00:00,184.06,184.45,183.8,184.31,255.0,30,0.0
2024-05-23 12:00:00,184.32,184.56,184.19,184.24,353.0,30,0.0
2024-05-23 13:00:00,184.22,184.66,182.4,183.07,4206.0,4,0.0
2024-05-23 14:00:00,183.06,183.36,182.2,182.68,5507.0,4,0.0
2024-05-23 15:00:00,182.69,184.09,182.68,184.02,3200.0,4,0.0
2024-05-23 16:00:00,184.03,184.28,182.51,182.57,2919.0,4,0.0
2024-05-23 17:00:00,182.57,182.67,181.02,181.03,4166.0,4,0.0
2024-05-23 18:00:00,181.04,181.2,180.13,180.18,4726.0,4,0.0
2024-05-23 19:00:00,180.17,180.59,180.06,180.51,3114.0,4,0.0
2024-05-24 10:00:00,181.54,181.83,181.1,181.67,209.0,30,0.0
2024-05-24 11:00:00,181.67,181.72,181.17,181.43,225.0,30,0.0
2024-05-24 12:00:00,181.43,181.83,181.19,181.47,329.0,20,0.0
2024-05-24 13:00:00,181.48,182.31,181.03,181.51,2870.0,4,0.0
2024-05-24 14:00:00,181.58,182.15,181.03,181.33,4281.0,4,0.0
2024-05-24 15:00:00,181.34,182.33,181.29,182.3,2904.0,4,0.0
2024-05-24 16:00:00,182.3,182.33,181.81,181.91,1932.0,4,0.0
2024-05-24 17:00:00,181.92,182.28,181.81,182.04,1632.0,4,0.0
2024-05-24 18:00:00,182.03,182.22,180.99,181.03,1919.0,4,0.0
2024-05-24 19:00:00,181.02,181.1,180.28,180.38,2567.0,4,0.0
2024-05-28 10:00:00,181.24,181.26,180.68,180.71,208.0,30,0.0
2024-05-28 11:00:00,180.72,180.8,180.42,180.57,212.0,30,0.0
2024-05-28 12:00:00,180.57,180.57,180.12,180.28,196.0,30,0.0
2024-05-28 13:00:00,180.28,181.33,179.37,179.97,3932.0,4,0.0
2024-05-28 14:00:00,179.96,181.83,179.82,181.67,4805.0,4,0.0
2024-05-28 15:00:00,181.67,181.78,180.75,181.12,2670.0,4,0.0
2024-05-28 16:00:00,181.11,181.15,180.51,180.58,1795.0,4,0.0
2024-05-28 17:00:00,180.58,181.65,180.3,181.48,3019.0,4,0.0
2024-05-28 18:00:00,181.47,181.74,180.64,181.26,2906.0,4,0.0
2024-05-28 19:00:00,181.25,181.81,181.21,181.68,2027.0,4,0.0
2024-05-29 10:00:00,181.08,181.08,180.91,180.92,89.0,30,0.0
2024-05-29 11:00:00,180.92,181.02,180.42,180.68,175.0,30,0.0
2024-05-29 12:00:00,180.68,180.79,180.52,180.6,177.0,30,0.0
2024-05-29 13:00:00,180.56,183.06,180.05,182.56,4660.0,4,0.0
2024-05-29 14:00:00,182.57,184.05,182.41,183.27,5356.0,4,0.0
2024-05-29 15:00:00,183.26,183.72,182.92,183.09,2814.0,4,0.0
2024-05-29 16:00:00,183.08,183.25,182.6,183.1,2047.0,4,0.0
2024-05-29 17:00:00,183.1,183.22,182.52,183.13,2520.0,4,0.0
2024-05-29 18:00:00,183.13,183.32,182.51,182.63,1992.0,4,0.0
2024-05-29 19:00:00,182.62,182.71,182.25,182.3,1681.0,4,0.0
2024-05-30 10:00:00,181.22,181.62,181.09,181.2,80.0,30,0.0
2024-05-30 11:00:00,181.16,181.39,180.95,181.28,186.0,30,0.0
2024-05-30 12:00:00,181.27,181.82,181.22,181.46,221.0,30,0.0
2024-05-30 13:00:00,181.49,181.54,180.05,180.62,2964.0,4,0.0
2024-05-30 14:00:00,180.62,180.63,179.42,179.72,5690.0,4,0.0
2024-05-30 15:00:00,179.72,180.44,179.5,180.12,3144.0,4,0.0
2024-05-30 16:00:00,180.12,180.23,179.64,179.88,2174.0,4,0.0
2024-05-30 17:00:00,179.89,180.24,179.81,179.89,2181.0,4,0.0
2024-05-30 18:00:00,179.89,179.97,179.13,179.35,2626.0,4,0.0
2024-05-30 19:00:00,179.36,179.37,178.34,178.87,3281.0,4,0.0
2024-05-31 10:00:00,177.94,178.03,177.5,177.69,218.0,30,0.0
2024-05-31 11:00:00,177.7,177.88,177.53,177.8,274.0,20,0.0
2024-05-31 12:00:00,177.79,179.13,177.66,178.73,618.0,20,0.0
2024-05-31 13:00:00,178.74,179.26,176.62,176.82,4452.0,4,0.0
2024-05-31 14:00:00,176.83,176.86,173.9,175.38,11852.0,4,0.0
2024-05-31 15:00:00,175.38,175.38,174.25,174.54,5109.0,4,0.0
2024-05-31 16:00:00,174.55,174.87,173.86,174.53,3528.0,4,0.0
2024-05-31 17:00:00,174.53,175.16,174.52,174.97,2769.0,4,0.0
2024-05-31 18:00:00,174.98,175.0,173.94,174.71,2962.0,4,0.0
2024-05-31 19:00:00,174.71,175.23,174.49,175.12,2618.0,4,0.0
2024-06-03 10:00:00,176.84,177.04,176.8,176.88,86.0,20,0.0
2024-06-03 11:00:00,176.86,176.86,175.71,176.48,431.0,20,0.0
2024-06-03 12:00:00,176.49,176.64,176.2,176.64,356.0,20,0.0
2024-06-03 13:00:00,176.65,178.67,176.45,177.52,5413.0,4,0.0
2024-06-03 14:00:00,177.69,177.88,175.95,176.73,7195.0,4,0.0
2024-06-03 15:00:00,176.74,177.95,176.41,177.56,4289.0,4,0.0
2024-06-03 16:00:00,177.56,177.61,175.99,176.45,4599.0,4,0.0
2024-06-03 17:00:00,176.45,177.46,175.91,177.2,3117.0,4,0.0
2024-06-03 18:00:00,177.21,177.42,176.99,177.21,2896.0,4,0.0
2024-06-03 19:00:00,177.22,177.54,177.1,177.43,1924.0,4,0.0
2024-06-04 10:00:00,177.41,177.54,177.23,177.33,212.0,20,0.0
2024-06-04 11:00:00,177.31,177.85,177.31,177.81,216.0,20,0.0
2024-06-04 12:00:00,177.84,178.01,177.39,177.98,275.0,20,0.0
2024-06-04 13:00:00,177.98,178.35,176.36,177.65,3442.0,4,0.0
2024-06-04 14:00:00,177.66,178.61,176.87,177.98,6887.0,4,0.0
2024-06-04 15:00:00,177.99,178.49,177.71,178.1,3209.0,4,0.0
2024-06-04 16:00:00,178.1,178.88,177.84,178.84,3208.0,4,0.0
2024-06-04 17:00:00,178.84,179.05,178.46,178.54,2540.0,4,0.0
2024-06-04 18:00:00,178.54,179.79,178.5,179.37,2971.0,4,0.0
2024-06-04 19:00:00,179.36,179.5,178.52,179.48,3134.0,4,0.0
2024-06-05 10:00:00,179.92,180.11,179.61,179.61,89.0,30,0.0
2024-06-05 11:00:00,179.61,180.13,179.61,180.13,189.0,30,0.0
2024-06-05 12:00:00,180.18,180.28,179.62,180.02,313.0,20,0.0
2024-06-05 13:00:00,180.02,180.34,178.67,179.79,3683.0,4,0.0
2024-06-05 14:00:00,179.78,180.28,178.83,180.13,5170.0,4,0.0
2024-06-05 15:00:00,180.14,181.15,179.97,180.72,2846.0,4,0.0
2024-06-05 16:00:00,180.72,181.4,180.69,181.25,1706.0,4,0.0
2024-06-05 17:00:00,181.26,181.47,180.78,181.19,1748.0,4,0.0
2024-06-05 18:00:00,181.19,181.46,180.8,180.86,1466.0,4,0.0
2024-06-05 19:00:00,180.86,181.31,180.79,181.08,1381.0,4,0.0
2024-06-06 10:00:00,181.14,181.17,180.97,180.98,157.0,20,0.0
2024-06-06 11:00:00,180.97,181.35,180.93,181.32,186.0,20,0.0
2024-06-06 12:00:00,181.3,181.6,180.92,181.23,525.0,20,0.0
2024-06-06 13:00:00,181.24,182.72,180.94,182.17,3805.0,4,0.0
2024-06-06 14:00:00,182.18,183.78,182.04,183.25,4907.0,4,0.0
2024-06-06 15:00:00,183.23,184.05,182.92,183.02,3586.0,4,0.0
2024-06-06 16:00:00,183.03,183.45,183.02,183.33,2132.0,4,0.0
2024-06-06 17:00:00,183.33,183.66,183.24,183.56,1400.0,4,0.0
2024-06-06 18:00:00,183.56,183.84,183.14,183.76,2243.0,4,0.0
2024-06-06 19:00:00,183.75,184.53,183.5,184.38,1635.0,4,0.0
2024-06-07 10:00:00,184.81,184.95,184.72,184.76,95.0,30,0.0
2024-06-07 11:00:00,184.74,185.08,184.67,185.03,126.0,30,0.0
2024-06-07 12:00:00,185.04,186.0,183.78,184.23,925.0,20,0.0
2024-06-07 13:00:00,184.23,185.27,183.28,184.22,3961.0,4,0.0
2024-06-07 14:00:00,184.23,185.48,184.15,185.28,4477.0,4,0.0
2024-06-07 15:00:00,185.28,185.89,184.62,185.75,3371.0,4,0.0
2024-06-07 16:00:00,185.77,186.26,185.47,186.19,2600.0,4,0.0
2024-06-07 17:00:00,186.19,186.2,185.54,185.83,2287.0,4,0.0
2024-06-07 18:00:00,185.81,185.86,184.62,185.12,4077.0,4,0.0
2024-06-07 19:00:00,185.11,185.23,184.4,184.52,3187.0,4,0.0
2024-06-10 10:00:00,183.7,183.92,183.69,183.89,108.0,30,0.0
2024-06-10 11:00:00,183.9,184.19,183.88,184.01,147.0,30,0.0
2024-06-10 12:00:00,184.02,184.12,183.67,183.74,237.0,20,0.0
2024-06-10 13:00:00,183.72,185.39,183.53,185.18,3484.0,4,0.0
2024-06-10 14:00:00,185.19,186.52,185.17,186.45,4041.0,4,0.0
2024-06-10 15:00:00,186.46,186.94,186.15,186.33,2581.0,4,0.0
2024-06-10 16:00:00,186.33,186.83,185.63,186.03,2098.0,4,0.0
2024-06-10 17:00:00,186.02,186.72,185.93,186.59,2108.0,4,0.0
2024-06-10 18:00:00,186.59,186.72,186.16,186.7,2672.0,4,0.0
2024-06-10 19:00:00,186.7,187.16,186.66,186.84,1497.0,4,0.0
2024-06-11 10:00:00,186.2,186.61,186.19,186.61,217.0,20,0.0
2024-06-11 11:00:00,186.6,186.74,186.52,186.63,179.0,20,0.0
2024-06-11 12:00:00,186.67,186.9,186.62,186.76,113.0,20,0.0
2024-06-11 13:00:00,186.78,187.66,185.38,185.98,4190.0,4,0.0
2024-06-11 14:00:00,185.96,186.5,185.8,186.33,4293.0,4,0.0
2024-06-11 15:00:00,186.34,186.37,185.1,185.25,2799.0,4,0.0
2024-06-11 16:00:00,185.25,185.32,184.51,184.59,2002.0,4,0.0
2024-06-11 17:00:00,184.6,185.73,184.55,185.73,2202.0,4,0.0
2024-06-11 18:00:00,185.73,186.41,185.6,186.11,2365.0,4,0.0
2024-06-11 19:00:00,186.12,186.55,186.06,186.55,1918.0,4,0.0
2024-06-12 10:00:00,187.02,187.13,186.95,187.03,113.0,30,0.0
2024-06-12 11:00:00,187.05,187.16,186.92,186.96,101.0,20,0.0
2024-06-12 12:00:00,186.96,188.56,186.96,188.49,634.0,20,0.0
2024-06-12 13:00:00,188.51,188.51,185.85,187.11,4726.0,4,0.0
2024-06-12 14:00:00,187.12,188.28,186.5,187.74,5539.0,4,0.0
2024-06-12 15:00:00,187.75,188.32,187.44,187.49,2881.0,4,0.0
2024-06-12 16:00:00,187.48,187.48,186.69,186.9,2561.0,4,0.0
2024-06-12 17:00:00,186.91,187.21,186.51,186.78,1639.0,4,0.0
2024-06-12 18:00:00,186.78,186.92,185.42,186.01,10449.0,4,0.0
2024-06-12 19:00:00,186.0,187.54,185.99,186.77,6354.0,4,0.0
2024-06-13 10:00:00,186.0,186.19,185.95,186.12,137.0,30,0.0
2024-06-13 11:00:00,186.15,186.45,185.98,186.06,146.0,30,0.0
2024-06-13 12:00:00,186.12,187.09,185.98,186.41,444.0,30,0.0
2024-06-13 13:00:00,186.37,187.59,185.16,187.44,3335.0,4,0.0
2024-06-13 14:00:00,187.45,187.64,184.99,185.0,5567.0,4,0.0
2024-06-13 15:00:00,184.99,185.2,183.7,184.06,4851.0,4,0.0
2024-06-13 16:00:00,184.06,184.06,182.64,183.77,4167.0,4,0.0
2024-06-13 17:00:00,183.76,184.15,183.55,183.81,2314.0,4,0.0
2024-06-13 18:00:00,183.82,184.26,183.64,184.18,1599.0,4,0.0
2024-06-13 19:00:00,184.18,184.45,183.31,183.87,1817.0,4,0.0
2024-06-14 10:00:00,182.71,183.23,182.46,182.77,415.0,30,0.0
2024-06-14 11:00:00,182.75,182.84,182.41,182.7,192.0,30,0.0
2024-06-14 12:00:00,182.69,183.2,182.57,182.95,226.0,30,0.0
2024-06-14 13:00:00,182.94,183.35,182.25,183.22,2687.0,4,0.0
2024-06-14 14:00:00,183.2,183.52,182.64,182.92,4825.0,4,0.0
2024-06-14 15:00:00,182.92,183.27,182.22,182.76,2578.0,4,0.0
2024-06-14 16:00:00,182.76,183.4,182.66,182.84,1847.0,4,0.0
2024-06-14 17:00:00,182.85,183.43,182.65,183.03,1657.0,4,0.0
2024-06-14 18:00:00,183.02,183.35,182.74,183.08,1891.0,4,0.0
2024-06-14 19:00:00,183.07,183.17,182.93,182.96,1132.0,4,0.0
2024-06-17 10:00:00,182.78,182.91,182.7,182.91,105.0,20,0.0
2024-06-17 11:00:00,182.94,183.24,182.91,182.94,159.0,20,0.0
2024-06-17 12:00:00,182.94,183.04,182.75,182.79,209.0,20,0.0
2024-06-17 13:00:00,182.79,182.85,181.25,182.35,3608.0,4,0.0
2024-06-17 14:00:00,182.36,183.21,181.96,182.02,4541.0,4,0.0
2024-06-17 15:00:00,182.02,182.34,181.36,181.48,2494.0,4,0.0
2024-06-17 16:00:00,181.47,182.61,181.2,182.34,2374.0,4,0.0
2024-06-17 17:00:00,182.35,184.39,182.35,184.39,2675.0,4,0.0
2024-06-17 18:00:00,184.39,184.96,183.54,184.36,3961.0,4,0.0
2024-06-17 19:00:00,184.36,184.98,184.2,184.73,2020.0,4,0.0
2024-06-18 10:00:00,183.75,183.79,183.54,183.6,153.0,30,0.0
2024-06-18 11:00:00,183.61,183.78,183.52,183.74,225.0,30,0.0
2024-06-18 12:00:00,183.75,184.11,183.58,183.67,278.0,30,0.0
2024-06-18 13:00:00,183.69,183.83,182.31,182.87,2942.0,4,0.0
2024-06-18 14:00:00,182.88,184.26,182.43,182.62,4997.0,4,0.0
2024-06-18 15:00:00,182.62,182.7,181.4,182.39,3375.0,4,0.0
2024-06-18 16:00:00,182.39,182.82,181.88,182.39,2061.0,4,0.0
2024-06-18 17:00:00,182.38,182.85,182.22,182.43,1720.0,4,0.0
2024-06-18 18:00:00,182.43,182.47,181.95,182.36,1860.0,4,0.0
2024-06-18 19:00:00,182.36,183.06,182.31,182.36,1541.0,4,0.0
2024-06-20 10:00:00,183.24,183.27,183.18,183.23,89.0,30,0.0
2024-06-20 11:00:00,183.2,183.43,183.07,183.2,163.0,30,0.0
2024-06-20 12:00:00,183.17,183.25,182.72,182.73,230.0,30,0.0
2024-06-20 13:00:00,182.77,185.51,182.62,184.83,3971.0,4,0.0
2024-06-20 14:00:00,184.82,186.05,183.44,185.93,6614.0,4,0.0
2024-06-20 15:00:00,185.92,186.48,184.65,184.68,3642.0,4,0.0
2024-06-20 16:00:00,184.67,185.34,183.79,185.09,4507.0,4,0.0
2024-06-20 17:00:00,185.09,185.09,183.84,184.64,4501.0,4,0.0
2024-06-20 18:00:00,184.65,185.32,184.6,185.11,3089.0,4,0.0
2024-06-20 19:00:00,185.12,185.65,184.62,185.59,3119.0,4,0.0
2024-06-21 10:00:00,186.21,187.06,185.99,186.32,406.0,30,0.0
2024-06-21 11:00:00,186.37,186.6,185.88,186.04,207.0,20,0.0
2024-06-21 12:00:00,186.03,186.64,185.69,186.27,386.0,20,0.0
2024-06-21 13:00:00,186.24,188.16,186.19,186.64,6266.0,4,0.0
2024-06-21 14:00:00,186.63,187.67,186.5,187.05,6297.0,4,0.0
2024-06-21 15:00:00,187.04,188.27,186.91,188.08,3869.0,4,0.0
2024-06-21 16:00:00,188.09,188.28,187.2,187.25,3111.0,4,0.0
2024-06-21 17:00:00,187.25,187.35,186.15,186.2,3300.0,4,0.0
2024-06-21 18:00:00,186.19,187.0,185.85,186.96,3211.0,4,0.0
2024-06-21 19:00:00,186.97,187.61,186.87,187.58,1866.0,4,0.0
2024-06-24 10:00:00,188.31,188.77,188.31,188.72,152.0,30,0.0
2024-06-24 11:00:00,188.71,189.5,188.6,188.79,349.0,30,0.0
2024-06-24 12:00:00,188.8,189.31,188.7,189.01,282.0,20,0.0
2024-06-24 13:00:00,189.03,190.34,188.07,189.1,5000.0,4,0.0
2024-06-24 14:00:00,189.09,190.96,186.89,187.41,11094.0,4,0.0
2024-06-24 15:00:00,187.42,188.49,187.3,187.8,5465.0,4,0.0
2024-06-24 16:00:00,187.79,187.94,187.12,187.26,3391.0,4,0.0
2024-06-24 17:00:00,187.24,187.43,186.06,186.16,5132.0,4,0.0
2024-06-24 18:00:00,186.17,186.43,185.43,186.41,4539.0,4,0.0
2024-06-24 19:00:00,186.41,186.68,186.21,186.39,2389.0,4,0.0
2024-06-25 10:00:00,186.11,186.34,186.01,186.28,216.0,20,0.0
2024-06-25 11:00:00,186.22,186.22,185.85,185.99,181.0,20,0.0
2024-06-25 12:00:00,186.02,186.34,185.91,186.22,281.0,20,0.0
2024-06-25 13:00:00,186.19,187.18,185.81,187.09,3355.0,4,0.0
2024-06-25 14:00:00,187.1,188.24,186.98,187.93,5531.0,4,0.0
2024-06-25 15:00:00,187.94,188.81,187.92,188.48,3483.0,4,0.0
2024-06-25 16:00:00,188.47,188.52,187.16,187.32,2917.0,4,0.0
2024-06-25 17:00:00,187.31,187.84,187.01,187.69,2256.0,4,0.0
2024-06-25 18:00:00,187.69,187.96,187.18,187.55,2668.0,4,0.0
2024-06-25 19:00:00,187.55,187.66,187.02,187.02,1689.0,4,0.0
2024-06-26 10:00:00,187.41,187.45,186.5,186.72,153.0,30,0.0
2024-06-26 11:00:00,186.68,186.71,185.63,186.7,228.0,30,0.0
2024-06-26 12:00:00,186.68,186.82,186.03,186.11,274.0,30,0.0
2024-06-26 13:00:00,186.07,187.76,186.07,187.22,3804.0,4,0.0
2024-06-26 14:00:00,187.21,191.67,187.2,190.57,9747.0,4,0.0
2024-06-26 15:00:00,190.58,191.55,190.32,191.46,5726.0,4,0.0
2024-06-26 16:00:00,191.45,193.02,191.25,192.72,5735.0,4,0.0
2024-06-26 17:00:00,192.71,194.78,192.67,194.52,6014.0,4,0.0
2024-06-26 18:00:00,194.5,194.59,193.28,193.31,4038.0,4,0.0
2024-06-26 19:00:00,193.32,194.39,192.81,193.85,2904.0,4,0.0
2024-06-27 10:00:00,193.36,193.81,193.22,193.74,207.0,20,0.0
2024-06-27 11:00:00,193.74,194.61,193.54,194.59,392.0,20,0.0
2024-06-27 12:00:00,194.61,194.96,194.15,194.89,525.0,20,0.0
2024-06-27 13:00:00,194.91,196.04,194.16,195.45,7080.0,4,0.0
2024-06-27 14:00:00,195.44,197.04,195.17,195.8,10920.0,4,0.0
2024-06-27 15:00:00,195.8,196.27,194.98,196.26,6691.0,4,0.0
2024-06-27 16:00:00,196.25,199.81,196.21,198.12,13059.0,4,0.0
2024-06-27 17:00:00,198.11,198.89,197.47,198.22,5828.0,4,0.0
2024-06-27 18:00:00,198.2,198.66,197.61,198.08,5099.0,4,0.0
2024-06-27 19:00:00,198.09,198.52,197.41,197.42,3082.0,4,0.0
2024-06-28 10:00:00,198.47,198.59,198.26,198.52,206.0,30,0.0
2024-06-28 11:00:00,198.56,199.15,198.41,199.07,319.0,30,0.0
2024-06-28 12:00:00,199.11,199.32,198.25,198.38,524.0,20,0.0
2024-06-28 13:00:00,198.36,198.47,195.83,197.58,4598.0,4,0.0
2024-06-28 14:00:00,197.62,198.81,196.13,196.19,7585.0,4,0.0
2024-06-28 15:00:00,196.18,196.49,195.29,195.4,5166.0,4,0.0
2024-06-28 16:00:00,195.39,195.56,193.88,194.8,5556.0,4,0.0
2024-06-28 17:00:00,194.79,195.18,194.57,195.04,3507.0,4,0.0
2024-06-28 18:00:00,195.03,195.54,194.7,194.86,2830.0,4,0.0
2024-06-28 19:00:00,194.86,195.07,192.85,193.69,3765.0,4,0.0
2024-07-01 10:00:00,194.38,195.07,194.33,195.05,220.0,30,0.0
2024-07-01 11:00:00,195.05,195.18,194.43,195.17,317.0,30,0.0
2024-07-01 12:00:00,195.14,195.47,194.62,194.69,392.0,30,0.0
2024-07-01 13:00:00,194.63,194.99,192.73,194.49,7117.0,4,0.0
2024-07-01 14:00:00,194.55,195.93,193.95,195.77,11039.0,4,0.0
2024-07-01 15:00:00,195.77,196.43,195.36,196.39,6856.0,4,0.0
2024-07-01 16:00:00,196.39,197.36,195.95,197.31,3860.0,4,0.0
2024-07-01 17:00:00,197.31,197.75,196.91,197.48,3744.0,4,0.0
2024-07-01 18:00:00,197.48,198.27,197.06,197.25,3406.0,4,0.0
2024-07-01 19:00:00,197.25,197.5,196.4,196.77,2679.0,4,0.0
2024-07-02 10:00:00,196.56,196.79,196.44,196.59,221.0,20,0.0
2024-07-02 11:00:00,196.58,196.97,196.2,196.8,241.0,20,0.0
2024-07-02 12:00:00,196.78,198.48,196.78,198.05,647.0,30,0.0
2024-07-02 13:00:00,198.07,198.1,195.85,196.56,5370.0,4,0.0
2024-07-02 14:00:00,196.57,197.36,195.98,196.96,6536.0,4,0.0
2024-07-02 15:00:00,196.97,198.18,196.95,197.69,4018.0,4,0.0
2024-07-02 16:00:00,197.69,198.54,196.98,198.52,2797.0,4,0.0
2024-07-02 17:00:00,198.53,200.4,198.47,200.17,4976.0,4,0.0
2024-07-02 18:00:00,200.18,200.38,199.71,199.98,2467.0,4,0.0
2024-07-02 19:00:00,199.98,200.05,199.77,199.89,1167.0,4,0.0
2024-07-03 10:00:00,200.61,200.67,200.31,200.43,199.0,30,0.0
2024-07-03 11:00:00,200.41,200.58,199.57,200.06,288.0,30,0.0
2024-07-03 12:00:00,200.06,200.14,199.45,199.7,342.0,30,0.0
2024-07-03 13:00:00,199.71,200.0,198.57,198.69,4666.0,4,0.0
2024-07-03 14:00:00,198.84,198.96,197.31,197.34,9254.0,4,0.0
2024-07-03 15:00:00,197.35,197.97,196.74,197.76,4271.0,4,0.0
2024-07-03 16:00:00,197.74,198.05,196.93,197.49,4060.0,4,0.0
2024-07-05 10:00:00,197.97,198.17,197.88,198.14,114.0,30,0.0
2024-07-05 11:00:00,198.11,198.42,197.93,198.25,195.0,30,0.0
2024-07-05 12:00:00,198.18,198.4,197.52,197.95,582.0,30,0.0
2024-07-05 13:00:00,197.95,200.51,197.75,200.18,4644.0,4,0.0
2024-07-05 14:00:00,200.2,200.26,198.8,199.78,5929.0,4,0.0
2024-07-05 15:00:00,199.79,200.38,199.24,200.28,3440.0,4,0.0
2024-07-05 16:00:00,200.29,200.4,199.55,199.9,2418.0,4,0.0
2024-07-05 17:00:00,199.9,200.1,199.75,199.79,1632.0,4,0.0
2024-07-05 18:00:00,199.8,200.07,199.31,199.98,1469.0,4,0.0
2024-07-05 19:00:00,199.98,200.14,199.74,200.03,788.0,4,0.0
2024-07-08 10:00:00,199.88,200.19,199.88,199.95,206.0,20,0.0
2024-07-08 11:00:00,199.94,200.02,199.63,200.01,179.0,20,0.0
2024-07-08 12:00:00,199.99,200.13,199.29,199.46,278.0,20,0.0
2024-07-08 13:00:00,199.47,201.16,198.87,199.96,4933.0,4,0.0
2024-07-08 14:00:00,199.95,200.51,199.32,199.73,5687.0,4,0.0
2024-07-08 15:00:00,199.74,199.99,199.38,199.89,2657.0,4,0.0
2024-07-08 16:00:00,199.9,199.91,198.3,198.9,3081.0,4,0.0
2024-07-08 17:00:00,198.91,199.09,198.52,198.71,2159.0,4,0.0
2024-07-08 18:00:00,198.7,198.93,197.94,198.81,2069.0,4,0.0
2024-07-08 19:00:00,198.81,199.04,198.64,199.04,1055.0,4,0.0
2024-07-09 10:00:00,199.65,199.69,199.48,199.6,95.0,30,0.0
2024-07-09 11:00:00,199.61,199.68,199.52,199.57,132.0,30,0.0
2024-07-09 12:00:00,199.57,199.62,199.27,199.45,149.0,30,0.0
2024-07-09 13:00:00,199.44,200.09,199.18,200.04,3146.0,4,0.0
2024-07-09 14:00:00,200.03,200.4,199.5,199.62,5240.0,4,0.0
2024-07-09 15:00:00,199.61,200.2,199.46,199.95,2765.0,4,0.0
2024-07-09 16:00:00,199.95,199.98,199.59,199.81,1835.0,4,0.0
2024-07-09 17:00:00,199.81,200.06,199.02,200.04,2273.0,4,0.0
2024-07-09 18:00:00,200.03,200.55,199.84,200.25,1941.0,4,0.0
2024-07-09 19:00:00,200.25,200.35,199.7,199.8,1292.0,4,0.0
2024-07-10 10:00:00,200.03,200.15,199.88,199.92,89.0,30,0.0
2024-07-10 11:00:00,199.91,200.05,199.7,199.84,157.0,30,0.0
2024-07-10 12:00:00,199.84,200.05,199.79,200.02,235.0,20,0.0
2024-07-10 13:00:00,200.04,200.05,199.42,199.93,2860.0,4,0.0
2024-07-10 14:00:00,199.94,199.99,197.68,198.26,5255.0,4,0.0
2024-07-10 15:00:00,198.25,198.82,197.67,198.4,3093.0,4,0.0
2024-07-10 16:00:00,198.4,199.1,197.9,199.06,2072.0,4,0.0
2024-07-10 17:00:00,199.06,199.64,198.94,199.56,1994.0,4,0.0
2024-07-10 18:00:00,199.57,200.0,199.33,199.54,1556.0,4,0.0
2024-07-10 19:00:00,199.53,199.81,199.35,199.75,1194.0,4,0.0
2024-07-11 10:00:00,199.76,199.85,199.74,199.83,58.0,20,0.0
2024-07-11 11:00:00,199.85,199.95,199.59,199.94,125.0,20,0.0
2024-07-11 12:00:00,199.93,201.11,199.37,199.88,851.0,20,0.0
2024-07-11 13:00:00,199.86,200.16,198.67,198.91,3938.0,4,0.0
2024-07-11 14:00:00,198.9,199.4,196.06,196.19,9183.0,4,0.0
2024-07-11 15:00:00,196.2,196.22,193.83,194.67,7888.0,4,0.0
2024-07-11 16:00:00,194.67,195.15,193.97,194.14,4381.0,4,0.0
2024-07-11 17:00:00,194.14,194.84,192.91,193.11,3603.0,4,0.0
2024-07-11 18:00:00,193.11,194.29,192.84,194.14,3635.0,4,0.0
2024-07-11 19:00:00,194.15,194.85,193.92,194.37,2269.0,4,0.0
2024-07-12 10:00:00,195.48,195.63,195.26,195.3,143.0,30,0.0
2024-07-12 11:00:00,195.36,195.37,194.6,194.73,277.0,30,0.0
2024-07-12 12:00:00,194.71,194.9,193.92,194.67,406.0,30,0.0
2024-07-12 13:00:00,194.67,195.27,193.99,195.17,3903.0,4,0.0
2024-07-12 14:00:00,195.16,195.78,193.81,194.83,6930.0,4,0.0
2024-07-12 15:00:00,194.84,195.49,194.44,194.44,3734.0,4,0.0
2024-07-12 16:00:00,194.43,194.93,194.06,194.93,3272.0,4,0.0
2024-07-12 17:00:00,194.93,196.44,194.74,195.96,2692.0,4,0.0
2024-07-12 18:00:00,195.97,196.22,195.48,195.68,1806.0,4,0.0
2024-07-12 19:00:00,195.68,195.93,194.67,194.83,2664.0,4,0.0
2024-07-15 10:00:00,195.01,195.23,194.93,195.03,240.0,20,0.0
2024-07-15 11:00:00,195.06,195.11,193.85,193.85,382.0,20,0.0
2024-07-15 12:00:00,193.8,194.2,193.23,194.0,418.0,30,0.0
2024-07-15 13:00:00,193.97,195.12,193.57,194.82,4969.0,4,0.0
2024-07-15 14:00:00,194.81,196.16,194.67,195.17,5942.0,4,0.0
2024-07-15 15:00:00,195.18,195.48,193.39,193.74,4442.0,4,0.0
2024-07-15 16:00:00,193.75,193.78,190.81,191.58,8359.0,4,0.0
2024-07-15 17:00:00,191.58,192.11,190.86,191.67,6055.0,4,0.0
2024-07-15 18:00:00,191.67,192.74,191.59,192.49,3820.0,4,0.0
2024-07-15 19:00:00,192.47,193.0,192.07,192.12,2270.0,4,0.0
2024-07-16 10:00:00,193.05,193.64,193.04,193.43,168.0,30,0.0
2024-07-16 11:00:00,193.44,193.81,193.44,193.62,217.0,30,0.0
2024-07-16 12:00:00,193.65,195.43,193.54,194.71,513.0,30,0.0
2024-07-16 13:00:00,194.74,196.51,193.96,194.33,5937.0,4,0.0
2024-07-16 14:00:00,194.34,194.53,192.94,194.28,10524.0,4,0.0
2024-07-16 15:00:00,194.28,194.41,193.38,193.95,5277.0,4,0.0
2024-07-16 16:00:00,193.94,194.19,192.56,193.49,5321.0,4,0.0
2024-07-16 17:00:00,193.49,193.52,192.77,192.91,3293.0,4,0.0
2024-07-16 18:00:00,192.9,193.17,192.22,193.08,3564.0,4,0.0
2024-07-16 19:00:00,193.07,193.34,192.8,192.99,2858.0,4,0.0
2024-07-17 10:00:00,191.1,191.62,190.97,191.11,323.0,30,0.0
2024-07-17 11:00:00,191.13,191.57,190.51,191.15,522.0,30,0.0
2024-07-17 12:00:00,191.13,191.52,190.95,191.18,432.0,20,0.0
2024-07-17 13:00:00,191.18,191.67,188.65,188.74,7108.0,4,0.0
2024-07-17 14:00:00,188.76,188.77,185.96,186.85,14148.0,4,0.0
2024-07-17 15:00:00,186.85,187.82,186.29,187.38,6649.0,4,0.0
2024-07-17 16:00:00,187.39,187.6,186.27,187.09,5787.0,4,0.0
2024-07-17 17:00:00,187.08,187.41,186.15,186.72,4484.0,4,0.0
2024-07-17 18:00:00,186.73,187.42,186.48,186.74,3855.0,4,0.0
2024-07-17 19:00:00,186.75,188.03,186.4,187.41,4042.0,4,0.0
2024-07-18 10:00:00,188.59,188.6,188.37,188.48,199.0,30,0.0
2024-07-18 11:00:00,188.48,189.28,188.4,189.15,211.0,30,0.0
2024-07-18 12:00:00,189.19,190.0,189.08,189.55,350.0,30,0.0
2024-07-18 13:00:00,189.55,190.62,187.14,187.82,6194.0,4,0.0
2024-07-18 14:00:00,187.81,187.94,184.08,185.68,14957.0,4,0.0
2024-07-18 15:00:00,185.69,185.93,181.77,182.36,14381.0,4,0.0
2024-07-18 16:00:00,182.35,183.47,181.43,183.44,8072.0,4,0.0
2024-07-18 17:00:00,183.43,184.72,182.97,183.73,7092.0,4,0.0
2024-07-18 18:00:00,183.74,184.33,183.31,183.99,5914.0,4,0.0
2024-07-18 19:00:00,183.99,184.19,182.99,183.83,5243.0,4,0.0
2024-07-19 10:00:00,184.16,184.76,179.24,179.29,1015.0,30,0.0
2024-07-19 11:00:00,179.32,181.34,178.95,181.22,933.0,20,0.0
2024-07-19 12:00:00,181.24,181.43,180.9,181.43,455.0,20,0.0
2024-07-19 13:00:00,181.43,184.06,179.99,183.33,6943.0,4,0.0
2024-07-19 14:00:00,183.34,184.91,183.23,183.82,10792.0,4,0.0
2024-07-19 15:00:00,183.83,184.55,182.63,183.8,7298.0,4,0.0
2024-07-19 16:00:00,183.79,183.89,182.52,183.29,4916.0,4,0.0
2024-07-19 17:00:00,183.28,183.32,182.38,182.82,4201.0,4,0.0
2024-07-19 18:00:00,182.81,183.07,182.02,182.81,3838.0,4,0.0
2024-07-19 19:00:00,182.81,183.4,182.32,182.47,3353.0,4,0.0
2024-07-22 10:00:00,184.67,184.71,184.03,184.41,429.0,30,0.0
2024-07-22 11:00:00,184.35,185.07,184.19,185.0,308.0,30,0.0
2024-07-22 12:00:00,185.0,185.31,184.92,184.95,308.0,30,0.0
2024-07-22 13:00:00,184.98,185.0,182.68,184.53,5532.0,4,0.0
2024-07-22 14:00:00,184.54,184.74,183.05,183.8,9121.0,4,0.0
2024-07-22 15:00:00,183.81,184.18,182.49,182.71,6925.0,4,0.0
2024-07-22 16:00:00,182.7,184.0,182.63,183.78,3479.0,4,0.0
2024-07-22 17:00:00,183.79,184.4,183.76,184.05,2356.0,4,0.0
2024-07-22 18:00:00,184.06,184.62,184.0,184.26,2245.0,4,0.0
2024-07-22 19:00:00,184.27,184.28,183.52,183.68,2382.0,4,0.0
2024-07-23 10:00:00,183.05,183.27,182.62,182.99,242.0,30,0.0
2024-07-23 11:00:00,182.98,183.3,182.89,183.3,215.0,20,0.0
2024-07-23 12:00:00,183.3,183.33,182.72,183.03,340.0,20,0.0
2024-07-23 13:00:00,183.04,188.4,182.88,187.63,7348.0,4,0.0
2024-07-23 14:00:00,187.64,189.25,187.19,188.13,12187.0,4,0.0
2024-07-23 15:00:00,188.14,189.35,187.95,188.0,5620.0,4,0.0
2024-07-23 16:00:00,188.0,188.55,187.34,187.51,5894.0,4,0.0
2024-07-23 17:00:00,187.5,187.66,186.76,187.03,3676.0,4,0.0
2024-07-23 18:00:00,187.03,187.58,186.64,187.29,2608.0,4,0.0
2024-07-23 19:00:00,187.28,187.3,186.25,186.71,2156.0,4,0.0
2024-07-24 10:00:00,185.63,186.05,185.56,185.75,196.0,30,0.0
2024-07-24 11:00:00,185.76,185.92,185.11,185.41,415.0,20,0.0
2024-07-24 12:00:00,185.42,185.47,183.81,184.01,598.0,30,0.0
2024-07-24 13:00:00,183.98,185.42,182.94,184.62,5841.0,4,0.0
2024-07-24 14:00:00,184.61,185.29,182.75,183.27,8503.0,4,0.0
2024-07-24 15:00:00,183.26,183.46,181.87,181.94,5203.0,4,0.0
2024-07-24 16:00:00,181.95,182.11,181.39,181.82,5011.0,4,0.0
2024-07-24 17:00:00,181.82,182.46,181.63,181.63,3733.0,4,0.0
2024-07-24 18:00:00,181.64,182.04,180.78,181.06,3475.0,4,0.0
2024-07-24 19:00:00,181.06,181.39,180.78,181.02,2737.0,4,0.0
2024-07-25 10:00:00,180.71,180.8,179.31,180.53,509.0,20,0.0
2024-07-25 11:00:00,180.55,181.61,180.55,181.37,629.0,20,0.0
2024-07-25 12:00:00,181.35,183.68,180.54,183.51,973.0,20,0.0
2024-07-25 13:00:00,183.46,183.49,178.81,179.18,9047.0,4,0.0
2024-07-25 14:00:00,179.17,181.19,176.78,180.92,20755.0,4,0.0
2024-07-25 15:00:00,180.93,182.32,180.54,181.91,10769.0,4,0.0
2024-07-25 16:00:00,181.9,183.63,181.75,183.24,8158.0,4,0.0
2024-07-25 17:00:00,183.25,183.87,182.53,183.15,6044.0,4,0.0
2024-07-25 18:00:00,183.15,183.2,181.5,181.72,6213.0,4,0.0
2024-07-25 19:00:00,181.72,182.95,181.27,181.4,4958.0,4,0.0
2024-07-26 10:00:00,181.94,182.25,181.87,181.99,329.0,20,0.0
2024-07-26 11:00:00,181.99,182.46,181.81,182.41,413.0,20,0.0
2024-07-26 12:00:00,182.4,182.64,181.11,181.84,736.0,20,0.0
2024-07-26 13:00:00,181.88,182.03,180.01,181.39,5848.0,4,0.0
2024-07-26 14:00:00,181.38,182.49,180.47,181.77,11816.0,4,0.0
2024-07-26 15:00:00,181.76,182.34,181.21,181.94,6772.0,4,0.0
2024-07-26 16:00:00,181.94,183.16,181.93,182.6,4679.0,4,0.0
2024-07-26 17:00:00,182.6,183.0,181.55,182.07,6132.0,4,0.0
2024-07-26 18:00:00,182.07,182.48,181.73,181.92,5045.0,4,0.0
2024-07-26 19:00:00,181.91,182.7,181.69,182.55,4046.0,4,0.0
2024-07-29 10:00:00,183.41,183.99,183.29,183.6,226.0,30,0.0
2024-07-29 11:00:00,183.53,183.97,183.32,183.79,381.0,20,0.0
2024-07-29 12:00:00,183.8,184.15,183.73,183.82,428.0,20,0.0
2024-07-29 13:00:00,183.82,184.64,182.79,183.85,5900.0,4,0.0
2024-07-29 14:00:00,183.87,184.21,182.7,182.93,9637.0,4,0.0
2024-07-29 15:00:00,182.91,183.69,182.37,183.49,6106.0,4,0.0
2024-07-29 16:00:00,183.5,184.46,183.5,184.05,4617.0,4,0.0
2024-07-29 17:00:00,184.05,184.55,183.46,183.5,4096.0,4,0.0
2024-07-29 18:00:00,183.51,183.56,182.69,183.15,3591.0,4,0.0
2024-07-29 19:00:00,183.16,183.87,182.97,183.68,2671.0,4,0.0
2024-07-30 10:00:00,183.89,183.99,183.76,183.85,130.0,20,0.0
2024-07-30 11:00:00,183.82,184.2,183.72,183.94,226.0,20,0.0
2024-07-30 12:00:00,183.94,184.37,183.71,184.27,282.0,20,0.0
2024-07-30 13:00:00,184.27,185.76,182.83,183.7,4526.0,4,0.0
2024-07-30 14:00:00,183.69,184.48,183.04,183.21,7471.0,4,0.0
2024-07-30 15:00:00,183.21,183.3,180.76,180.81,7292.0,4,0.0
2024-07-30 16:00:00,180.81,181.59,179.66,179.76,5676.0,4,0.0
2024-07-30 17:00:00,179.77,181.15,179.37,180.97,4874.0,4,0.0
2024-07-30 18:00:00,180.97,181.76,180.88,181.3,3636.0,4,0.0
2024-07-30 19:00:00,181.3,181.65,180.85,181.65,3033.0,4,0.0
2024-07-31 10:00:00,181.71,182.74,181.69,182.64,511.0,20,0.0
2024-07-31 11:00:00,182.58,182.61,181.16,181.88,762.0,20,0.0
2024-07-31 12:00:00,181.87,183.81,181.73,183.56,990.0,30,0.0
2024-07-31 13:00:00,183.57,186.31,183.51,185.49,5324.0,4,0.0
2024-07-31 14:00:00,185.49,187.78,185.15,187.06,8509.0,4,0.0
2024-07-31 15:00:00,187.07,187.4,186.43,186.61,4241.0,4,0.0
2024-07-31 16:00:00,186.62,186.82,186.15,186.36,3426.0,4,0.0
2024-07-31 17:00:00,186.37,187.0,185.47,186.34,3567.0,4,0.0
2024-07-31 18:00:00,186.33,187.4,185.94,187.26,6202.0,4,0.0
2024-07-31 19:00:00,187.27,187.91,186.31,187.45,7048.0,4,0.0
2024-08-01 10:00:00,189.09,189.19,188.63,189.12,236.0,30,0.0
2024-08-01 11:00:00,189.14,191.29,189.13,190.44,668.0,30,0.0
2024-08-01 12:00:00,190.4,190.7,189.22,189.94,667.0,30,0.0
2024-08-01 13:00:00,189.93,190.57,187.67,190.36,6980.0,4,0.0
2024-08-01 14:00:00,190.36,190.46,187.09,187.61,13456.0,4,0.0
2024-08-01 15:00:00,187.63,187.72,184.61,184.66,9131.0,4,0.0
2024-08-01 16:00:00,184.67,185.93,183.97,184.84,7551.0,4,0.0
2024-08-01 17:00:00,184.85,185.33,182.99,184.19,6560.0,4,0.0
2024-08-01 18:00:00,184.17,184.32,181.85,182.42,6743.0,4,0.0
2024-08-01 19:00:00,182.43,184.89,182.17,183.85,7172.0,4,0.0
2024-08-02 10:00:00,168.33,169.21,167.9,168.93,608.0,30,0.0
2024-08-02 11:00:00,168.95,170.1,167.84,168.76,1137.0,30,0.0
2024-08-02 12:00:00,168.79,169.32,165.2,165.83,2387.0,20,0.0
2024-08-02 13:00:00,165.81,168.08,160.5,161.32,17291.0,4,0.0
2024-08-02 14:00:00,161.36,164.64,160.83,163.29,23607.0,4,0.0
2024-08-02 15:00:00,163.28,168.26,163.24,168.08,16692.0,4,0.0
2024-08-02 16:00:00,168.08,168.75,165.84,166.1,10407.0,4,0.0
2024-08-02 17:00:00,166.09,166.81,165.0,165.52,8111.0,4,0.0
2024-08-02 18:00:00,165.52,168.63,165.05,166.57,6905.0,4,0.0
2024-08-02 19:00:00,166.59,167.53,165.67,166.61,5390.0,4,0.0
2024-08-05 10:00:00,160.6,160.6,158.02,159.25,1199.0,30,0.0
2024-08-05 11:00:00,159.64,161.71,156.51,156.8,1785.0,20,0.0
2024-08-05 12:00:00,156.73,157.76,151.48,153.62,3099.0,30,0.0
2024-08-05 13:00:00,153.57,160.12,151.52,159.26,17579.0,4,0.0
2024-08-05 14:00:00,159.25,162.66,157.89,161.17,26490.0,4,0.0
2024-08-05 15:00:00,161.18,162.93,160.14,160.33,18475.0,4,0.0
2024-08-05 16:00:00,160.34,162.05,159.44,159.58,12012.0,4,0.0
2024-08-05 17:00:00,159.57,161.29,159.53,160.95,10310.0,4,0.0
2024-08-05 18:00:00,160.94,161.28,159.98,160.33,9395.0,4,0.0
2024-08-05 19:00:00,160.4,161.32,160.4,160.41,6705.0,4,0.0
2024-08-06 10:00:00,161.08,161.93,160.73,161.48,711.0,20,0.0
2024-08-06 11:00:00,161.51,162.44,161.14,162.18,879.0,20,0.0
2024-08-06 12:00:00,162.21,162.32,160.7,161.33,880.0,20,0.0
2024-08-06 13:00:00,161.32,161.83,158.52,160.26,9021.0,4,0.0
2024-08-06 14:00:00,160.24,162.74,159.75,162.56,16955.0,4,0.0
2024-08-06 15:00:00,162.55,163.19,161.5,163.16,11683.0,4,0.0
2024-08-06 16:00:00,163.17,163.68,162.19,163.42,6627.0,4,0.0
2024-08-06 17:00:00,163.43,164.27,163.07,163.97,6057.0,4,0.0
2024-08-06 18:00:00,163.98,165.04,163.6,163.97,5460.0,4,0.0
2024-08-06 19:00:00,163.96,164.32,163.08,163.1,8959.0,4,0.0
2024-08-07 10:00:00,164.79,165.49,164.74,165.35,473.0,20,0.0
2024-08-07 11:00:00,165.32,165.32,164.48,164.72,650.0,20,0.0
2024-08-07 12:00:00,164.7,165.18,164.55,165.07,430.0,20,0.0
2024-08-07 13:00:00,165.07,166.82,164.87,165.68,7224.0,4,0.0
2024-08-07 14:00:00,165.69,167.55,165.12,166.95,15013.0,4,0.0
2024-08-07 15:00:00,166.96,167.39,165.41,165.59,9477.0,4,0.0
2024-08-07 16:00:00,165.59,165.59,164.37,164.67,9000.0,4,0.0
2024-08-07 17:00:00,164.67,164.76,162.07,162.53,9316.0,4,0.0
2024-08-07 18:00:00,162.52,162.79,161.41,161.95,9195.0,4,0.0
2024-08-07 19:00:00,161.94,163.02,161.89,162.27,6717.0,4,0.0
2024-08-08 10:00:00,162.76,163.14,162.4,162.85,476.0,20,0.0
2024-08-08 11:00:00,162.79,163.04,162.3,162.91,558.0,20,0.0
2024-08-08 12:00:00,162.9,165.02,162.48,164.71,953.0,20,0.0
2024-08-08 13:00:00,164.79,165.82,162.55,164.11,7323.0,4,0.0
2024-08-08 14:00:00,164.12,165.71,163.91,165.42,10839.0,4,0.0
2024-08-08 15:00:00,165.42,165.46,163.99,164.03,7083.0,4,0.0
2024-08-08 16:00:00,164.02,165.75,164.02,164.85,6589.0,4,0.0
2024-08-08 17:00:00,164.86,166.17,164.46,165.91,5089.0,4,0.0
2024-08-08 18:00:00,165.9,166.62,165.75,166.25,5102.0,4,0.0
2024-08-08 19:00:00,166.24,166.66,165.17,166.14,5390.0,4,0.0
2024-08-09 10:00:00,167.24,167.27,166.64,166.64,383.0,20,0.0
2024-08-09 11:00:00,166.7,166.98,165.74,166.34,591.0,20,0.0
2024-08-09 12:00:00,166.32,166.32,164.78,165.43,473.0,30,0.0
2024-08-09 13:00:00,165.37,167.44,165.24,166.73,5507.0,4,0.0
2024-08-09 14:00:00,166.74,168.52,166.41,167.11,10850.0,4,0.0
2024-08-09 15:00:00,167.11,167.87,166.74,166.85,6325.0,4,0.0
2024-08-09 16:00:00,166.87,167.05,166.2,166.79,4244.0,4,0.0
2024-08-09 17:00:00,166.8,167.9,166.61,167.33,4178.0,4,0.0
2024-08-09 18:00:00,167.34,167.55,166.35,166.74,3963.0,4,0.0
2024-08-09 19:00:00,166.73,166.84,166.14,166.62,2989.0,4,0.0
2024-08-12 10:00:00,167.92,168.21,167.75,168.03,206.0,30,0.0
2024-08-12 11:00:00,168.01,168.12,167.66,168.11,258.0,30,0.0
2024-08-12 12:00:00,168.11,168.25,167.92,168.22,262.0,20,0.0
2024-08-12 13:00:00,168.22,168.66,166.1,166.6,4135.0,4,0.0
2024-08-12 14:00:00,166.61,168.52,166.5,168.04,6246.0,4,0.0
2024-08-12 15:00:00,168.04,168.49,166.34,167.94,6317.0,4,0.0
2024-08-12 16:00:00,167.94,168.21,166.86,166.86,4010.0,4,0.0
2024-08-12 17:00:00,166.86,167.61,166.54,166.95,4070.0,4,0.0
2024-08-12 18:00:00,166.95,167.17,166.73,167.07,2981.0,4,0.0
2024-08-12 19:00:00,167.07,167.1,166.34,166.42,2121.0,4,0.0
2024-08-13 10:00:00,167.65,167.65,166.89,166.97,311.0,30,0.0
2024-08-13 11:00:00,167.03,167.2,166.49,166.95,318.0,30,0.0
2024-08-13 12:00:00,166.95,168.41,166.9,168.03,616.0,20,0.0
2024-08-13 13:00:00,168.03,169.06,167.09,167.38,4174.0,4,0.0
2024-08-13 14:00:00,167.4,168.35,167.25,167.71,5427.0,4,0.0
2024-08-13 15:00:00,167.72,168.25,167.54,168.21,3012.0,4,0.0
2024-08-13 16:00:00,168.22,169.97,168.02,169.88,2851.0,4,0.0
2024-08-13 17:00:00,169.88,171.02,169.53,170.3,3725.0,4,0.0
2024-08-13 18:00:00,170.29,170.41,169.7,170.29,2491.0,4,0.0
2024-08-13 19:00:00,170.28,170.31,169.66,169.81,1948.0,4,0.0
2024-08-14 10:00:00,170.42,170.64,170.42,170.49,161.0,30,0.0
2024-08-14 11:00:00,170.5,170.73,170.26,170.55,251.0,20,0.0
2024-08-14 12:00:00,170.56,171.31,169.98,171.3,757.0,20,0.0
2024-08-14 13:00:00,171.31,172.2,170.17,170.64,4964.0,4,0.0
2024-08-14 14:00:00,170.64,171.2,169.11,170.07,7262.0,4,0.0
2024-08-14 15:00:00,170.07,170.67,169.84,170.5,3363.0,4,0.0
2024-08-14 16:00:00,170.5,170.51,168.84,169.77,4386.0,4,0.0
2024-08-14 17:00:00,169.75,169.99,169.45,169.74,2770.0,4,0.0
2024-08-14 18:00:00,169.73,170.15,169.47,170.05,2477.0,4,0.0
2024-08-14 19:00:00,170.05,170.07,169.19,169.77,2196.0,4,0.0
2024-08-15 10:00:00,170.4,170.45,169.99,170.06,293.0,20,0.0
2024-08-15 11:00:00,169.99,172.01,169.52,171.87,714.0,20,0.0
2024-08-15 12:00:00,171.91,175.03,171.91,174.82,1146.0,20,0.0
2024-08-15 13:00:00,174.82,176.64,173.93,176.08,5501.0,4,0.0
2024-08-15 14:00:00,176.08,176.33,174.9,176.02,6687.0,4,0.0
2024-08-15 15:00:00,176.03,177.23,176.0,176.6,4444.0,4,0.0
2024-08-15 16:00:00,176.59,176.82,176.04,176.45,3404.0,4,0.0
2024-08-15 17:00:00,176.45,176.87,175.94,176.87,2858.0,4,0.0
2024-08-15 18:00:00,176.87,177.62,176.8,177.18,2592.0,4,0.0
2024-08-15 19:00:00,177.17,177.88,176.95,177.69,2184.0,4,0.0
2024-08-16 10:00:00,178.32,178.33,177.76,178.04,428.0,20,0.0
2024-08-16 11:00:00,178.02,178.03,177.65,177.68,266.0,20,0.0
2024-08-16 12:00:00,177.65,177.71,175.65,176.11,596.0,20,0.0
2024-08-16 13:00:00,176.12,177.45,175.64,177.23,4262.0,4,0.0
2024-08-16 14:00:00,177.21,178.31,177.18,177.75,6523.0,4,0.0
2024-08-16 15:00:00,177.74,178.22,177.25,177.93,3583.0,4,0.0
2024-08-16 16:00:00,177.92,178.25,177.53,178.17,2625.0,4,0.0
2024-08-16 17:00:00,178.17,178.23,177.29,177.47,1969.0,4,0.0
2024-08-16 18:00:00,177.48,177.58,177.12,177.47,1772.0,4,0.0
2024-08-16 19:00:00,177.47,177.49,176.91,176.91,1412.0,4,0.0
2024-08-19 10:00:00,177.74,178.02,177.46,177.76,272.0,20,0.0
2024-08-19 11:00:00,177.75,178.01,177.53,177.69,261.0,20,0.0
2024-08-19 12:00:00,177.72,178.07,177.66,177.81,283.0,20,0.0
2024-08-19 13:00:00,177.81,177.98,176.79,177.46,3018.0,4,0.0
2024-08-19 14:00:00,177.46,177.82,176.16,177.16,5199.0,4,0.0
2024-08-19 15:00:00,177.15,177.47,176.34,176.47,2927.0,4,0.0
2024-08-19 16:00:00,176.48,177.47,176.36,177.4,2084.0,4,0.0
2024-08-19 17:00:00,177.4,177.46,177.02,177.39,1417.0,4,0.0
2024-08-19 18:00:00,177.4,177.93,177.35,177.67,1457.0,4,0.0
2024-08-19 19:00:00,177.67,177.69,177.27,177.48,1013.0,4,0.0
2024-08-20 10:00:00,178.67,178.71,178.42,178.65,151.0,30,0.0
2024-08-20 11:00:00,178.67,178.69,178.21,178.35,208.0,30,0.0
2024-08-20 12:00:00,178.37,178.41,177.98,178.16,255.0,20,0.0
2024-08-20 13:00:00,178.16,178.92,177.62,178.86,2805.0,4,0.0
2024-08-20 14:00:00,178.86,178.98,177.56,178.08,5269.0,4,0.0
2024-08-20 15:00:00,178.09,178.64,177.51,178.24,3135.0,4,0.0
2024-08-20 16:00:00,178.25,178.3,177.68,177.69,2116.0,4,0.0
2024-08-20 17:00:00,177.69,178.16,177.42,178.11,1751.0,4,0.0
2024-08-20 18:00:00,178.11,178.58,178.05,178.34,1550.0,4,0.0
2024-08-20 19:00:00,178.33,178.47,178.21,178.43,1011.0,4,0.0
2024-08-21 10:00:00,178.58,180.23,178.55,179.73,412.0,20,0.0
2024-08-21 11:00:00,179.68,180.16,179.51,179.96,387.0,20,0.0
2024-08-21 12:00:00,179.96,180.32,179.74,180.09,345.0,20,0.0
2024-08-21 13:00:00,180.07,181.49,179.55,181.45,3674.0,4,0.0
2024-08-21 14:00:00,181.46,182.36,179.83,180.14,8155.0,4,0.0
2024-08-21 15:00:00,180.13,180.42,178.93,179.29,4403.0,4,0.0
2024-08-21 16:00:00,179.29,179.82,178.88,179.71,3058.0,4,0.0
2024-08-21 17:00:00,179.71,180.43,179.69,180.36,2229.0,4,0.0
2024-08-21 18:00:00,180.37,180.75,179.95,180.4,3312.0,4,0.0
2024-08-21 19:00:00,180.39,180.43,179.72,179.8,2353.0,4,0.0
2024-08-22 10:00:00,180.15,180.84,180.14,180.66,226.0,20,0.0
2024-08-22 11:00:00,180.66,180.74,179.81,180.66,323.0,20,0.0
2024-08-22 12:00:00,180.66,180.96,180.26,180.86,444.0,30,0.0
2024-08-22 13:00:00,180.87,181.42,179.97,179.99,4173.0,4,0.0
2024-08-22 14:00:00,180.0,180.58,178.95,179.22,5771.0,4,0.0
2024-08-22 15:00:00,179.23,179.67,176.79,177.45,5677.0,4,0.0
2024-08-22 16:00:00,177.44,178.47,177.41,177.65,4276.0,4,0.0
2024-08-22 17:00:00,177.64,178.02,176.63,176.85,4691.0,4,0.0
2024-08-22 18:00:00,176.86,177.56,176.47,176.55,3709.0,4,0.0
2024-08-22 19:00:00,176.56,177.12,175.66,175.76,3818.0,4,0.0
2024-08-23 10:00:00,177.39,177.97,177.39,177.89,169.0,30,0.0
2024-08-23 11:00:00,177.88,177.95,177.57,177.92,218.0,30,0.0
2024-08-23 12:00:00,177.92,177.95,177.65,177.94,217.0,30,0.0
2024-08-23 13:00:00,177.92,177.94,176.44,176.97,2779.0,4,0.0
2024-08-23 14:00:00,176.99,178.94,176.34,176.85,12680.0,4,0.0
2024-08-23 15:00:00,176.83,177.97,176.18,176.65,7791.0,4,0.0
2024-08-23 16:00:00,176.66,176.72,175.23,176.19,5964.0,4,0.0
2024-08-23 17:00:00,176.19,176.88,175.81,176.57,3262.0,4,0.0
2024-08-23 18:00:00,176.58,177.07,176.47,176.82,2281.0,4,0.0
2024-08-23 19:00:00,176.82,177.32,176.52,176.84,2260.0,4,0.0
2024-08-26 10:00:00,177.43,177.56,176.97,177.06,240.0,29,0.0
2024-08-26 11:00:00,177.07,177.08,175.99,176.4,250.0,19,0.0
2024-08-26 12:00:00,176.4,176.5,175.76,176.05,274.0,29,0.0
2024-08-26 13:00:00,176.05,177.35,175.93,176.71,3170.0,4,0.0
2024-08-26 14:00:00,176.73,176.8,174.3,175.52,6223.0,4,0.0
2024-08-26 15:00:00,175.53,176.22,175.41,175.61,3445.0,4,0.0
2024-08-26 16:00:00,175.6,176.17,175.3,175.94,2207.0,4,0.0
2024-08-26 17:00:00,175.93,176.04,174.75,174.93,2903.0,4,0.0
2024-08-26 18:00:00,174.95,175.85,174.8,175.63,2529.0,4,0.0
2024-08-26 19:00:00,175.62,175.66,175.18,175.23,1718.0,4,0.0
2024-08-27 10:00:00,175.77,175.77,175.38,175.4,150.0,29,0.0
2024-08-27 11:00:00,175.37,175.51,175.13,175.46,198.0,19,0.0
2024-08-27 12:00:00,175.45,175.45,174.79,174.82,251.0,19,0.0
2024-08-27 13:00:00,174.82,174.83,172.32,172.83,4040.0,4,0.0
2024-08-27 14:00:00,172.84,173.97,172.41,173.0,5367.0,4,0.0
2024-08-27 15:00:00,173.0,173.33,172.23,172.65,3501.0,4,0.0
2024-08-27 16:00:00,172.65,173.41,172.59,172.8,2405.0,4,0.0
2024-08-27 17:00:00,172.8,173.78,172.76,173.76,1945.0,4,0.0
2024-08-27 18:00:00,173.76,174.02,173.61,173.77,1621.0,4,0.0
2024-08-27 19:00:00,173.78,173.83,173.43,173.56,1191.0,4,0.0
2024-08-28 10:00:00,173.3,173.4,173.25,173.4,138.0,19,0.0
2024-08-28 11:00:00,173.4,173.4,172.65,172.65,203.0,19,0.0
2024-08-28 12:00:00,172.65,173.0,172.65,172.94,141.0,19,0.0
2024-08-28 13:00:00,172.94,173.55,171.63,171.76,2742.0,4,0.0
2024-08-28 14:00:00,171.75,172.05,171.06,171.22,4964.0,4,0.0
2024-08-28 15:00:00,171.2,171.2,170.19,170.68,4726.0,4,0.0
2024-08-28 16:00:00,170.67,170.83,170.02,170.64,3268.0,4,0.0
2024-08-28 17:00:00,170.64,170.81,169.02,169.06,3213.0,4,0.0
2024-08-28 18:00:00,169.07,170.62,168.9,170.59,3446.0,4,0.0
2024-08-28 19:00:00,170.58,170.82,170.1,170.81,2845.0,4,0.0
2024-08-29 10:00:00,172.33,172.52,171.94,172.12,612.0,19,0.0
2024-08-29 11:00:00,172.07,172.26,171.4,172.09,544.0,19,0.0
2024-08-29 12:00:00,172.08,172.63,172.04,172.34,528.0,19,0.0
2024-08-29 13:00:00,172.34,173.43,172.0,173.33,4878.0,4,0.0
2024-08-29 14:00:00,173.34,174.24,171.9,173.55,7833.0,4,0.0
2024-08-29 15:00:00,173.55,174.16,173.35,173.91,4263.0,4,0.0
2024-08-29 16:00:00,173.91,174.26,173.59,173.81,2755.0,4,0.0
2024-08-29 17:00:00,173.8,173.8,173.05,173.65,2766.0,4,0.0
2024-08-29 18:00:00,173.64,173.64,171.25,171.53,5998.0,4,0.0
2024-08-29 19:00:00,171.54,171.97,170.81,171.57,5028.0,4,0.0
2024-08-30 10:00:00,173.37,173.37,172.96,173.12,258.0,29,0.0
2024-08-30 11:00:00,173.06,173.4,173.05,173.23,271.0,19,0.0
2024-08-30 12:00:00,173.23,173.33,172.86,173.15,501.0,19,0.0
2024-08-30 13:00:00,173.14,175.52,172.36,175.29,4262.0,4,0.0
2024-08-30 14:00:00,175.3,175.62,173.85,173.9,7223.0,4,0.0
2024-08-30 15:00:00,173.89,175.66,173.72,175.42,5010.0,4,0.0
2024-08-30 16:00:00,175.43,175.43,174.38,175.1,3356.0,4,0.0
2024-08-30 17:00:00,175.09,175.82,174.99,175.73,2199.0,4,0.0
2024-08-30 18:00:00,175.74,176.68,175.57,176.62,1629.0,4,0.0
2024-08-30 19:00:00,176.62,177.68,176.58,177.48,2078.0,4,0.0
2024-09-03 10:00:00,177.23,178.22,177.18,178.18,487.0,21,0.0
2024-09-03 11:00:00,178.33,178.36,177.67,178.03,447.0,21,0.0
2024-09-03 12:00:00,178.05,178.09,177.34,177.35,381.0,21,0.0
2024-09-03 13:00:00,177.34,178.23,176.09,177.65,5393.0,4,0.0
2024-09-03 14:00:00,177.66,177.66,175.55,175.98,9955.0,4,0.0
2024-09-03 15:00:00,175.99,176.9,175.24,175.47,4794.0,4,0.0
2024-09-03 16:00:00,175.49,176.38,175.42,176.24,3746.0,4,0.0
2024-09-03 17:00:00,176.24,176.85,176.15,176.17,2847.0,4,0.0
2024-09-03 18:00:00,176.18,176.67,175.92,176.57,3640.0,4,0.0
2024-09-03 19:00:00,176.57,176.74,175.83,176.24,3318.0,4,0.0
2024-09-04 10:00:00,175.17,175.35,174.7,174.7,292.0,31,0.0
2024-09-04 11:00:00,174.71,174.92,174.41,174.92,267.0,21,0.0
2024-09-04 12:00:00,174.92,175.26,174.62,175.0,334.0,21,0.0
2024-09-04 13:00:00,175.0,175.01,173.18,174.22,4073.0,4,0.0
2024-09-04 14:00:00,174.21,175.95,173.01,175.95,9936.0,4,0.0
2024-09-04 15:00:00,175.95,175.96,174.39,174.86,4500.0,4,0.0
2024-09-04 16:00:00,174.85,175.18,174.49,174.62,3496.0,4,0.0
2024-09-04 17:00:00,174.62,174.62,172.7,173.04,3519.0,4,0.0
2024-09-04 18:00:00,173.04,173.4,172.83,172.94,3062.0,4,0.0
2024-09-04 19:00:00,172.94,173.35,172.52,173.3,2906.0,4,0.0
2024-09-05 10:00:00,172.82,174.17,172.81,174.17,615.0,21,0.0
2024-09-05 11:00:00,174.12,175.06,173.79,174.95,618.0,31,0.0
2024-09-05 12:00:00,174.94,175.23,174.39,174.8,1005.0,21,0.0
2024-09-05 13:00:00,174.83,178.45,174.66,178.27,5003.0,4,0.0
2024-09-05 14:00:00,178.31,179.85,177.65,177.71,9821.0,4,0.0
2024-09-05 15:00:00,177.73,177.96,176.41,176.82,7517.0,4,0.0
2024-09-05 16:00:00,176.82,177.25,176.57,176.85,4113.0,4,0.0
2024-09-05 17:00:00,176.86,177.72,176.3,177.7,4023.0,4,0.0
2024-09-05 18:00:00,177.71,178.45,177.42,177.86,3629.0,4,0.0
2024-09-05 19:00:00,177.87,178.1,176.95,177.27,2988.0,4,0.0
2024-09-06 10:00:00,175.09,175.3,174.75,175.07,241.0,31,0.0
2024-09-06 11:00:00,175.08,176.03,175.08,176.0,277.0,31,0.0
2024-09-06 12:00:00,176.0,177.91,175.72,177.87,1306.0,21,0.0
2024-09-06 13:00:00,177.88,178.25,175.68,175.69,6262.0,4,0.0
2024-09-06 14:00:00,175.7,175.92,173.06,173.47,10845.0,4,0.0
2024-09-06 15:00:00,173.46,174.28,171.99,172.01,10653.0,4,0.0
2024-09-06 16:00:00,172.0,172.41,171.65,171.88,4566.0,4,0.0
2024-09-06 17:00:00,171.89,173.03,171.8,172.3,4196.0,4,0.0
2024-09-06 18:00:00,172.3,172.42,171.74,171.76,3590.0,4,0.0
2024-09-06 19:00:00,171.77,172.72,171.76,172.01,3271.0,4,0.0
2024-09-09 10:00:00,173.32,173.75,173.28,173.55,305.0,33,0.0
2024-09-09 11:00:00,173.52,173.79,173.45,173.59,335.0,22,0.0
2024-09-09 12:00:00,173.59,173.65,172.81,173.57,488.0,22,0.0
2024-09-09 13:00:00,173.55,175.31,173.43,175.12,4108.0,5,0.0
2024-09-09 14:00:00,175.13,175.21,173.65,173.78,6807.0,5,0.0
2024-09-09 15:00:00,173.77,175.26,173.49,175.26,4138.0,5,0.0
2024-09-09 16:00:00,175.25,175.74,175.07,175.59,2696.0,5,0.0
2024-09-09 17:00:00,175.59,175.82,174.54,174.61,2851.0,5,0.0
2024-09-09 18:00:00,174.6,174.77,173.83,173.99,3219.0,5,0.0
2024-09-09 19:00:00,173.99,174.57,173.65,174.34,2353.0,5,0.0
2024-09-10 10:00:00,175.43,176.53,175.22,175.82,461.0,33,0.0
2024-09-10 11:00:00,175.87,177.11,175.82,176.99,487.0,22,0.0
2024-09-10 12:00:00,177.02,177.76,176.93,177.56,527.0,22,0.0
2024-09-10 13:00:00,177.55,179.87,176.9,179.48,5728.0,5,0.0
2024-09-10 14:00:00,179.49,179.83,176.77,177.32,8944.0,5,0.0
2024-09-10 15:00:00,177.31,178.92,177.17,177.79,5152.0,5,0.0
2024-09-10 16:00:00,177.78,179.05,177.37,178.8,4183.0,5,0.0
2024-09-10 17:00:00,178.79,180.47,178.74,179.98,3801.0,5,0.0
2024-09-10 18:00:00,179.99,180.35,179.34,179.62,3021.0,5,0.0
2024-09-10 19:00:00,179.61,180.31,179.23,179.9,1991.0,5,0.0
2024-09-11 10:00:00,179.3,179.52,179.28,179.52,251.0,22,0.0
2024-09-11 11:00:00,179.51,180.16,179.46,180.04,310.0,22,0.0
2024-09-11 12:00:00,180.03,180.59,179.08,180.51,1088.0,22,0.0
2024-09-11 13:00:00,180.51,181.29,177.55,178.09,5818.0,5,0.0
2024-09-11 14:00:00,178.07,178.28,175.71,176.4,9857.0,5,0.0
2024-09-11 15:00:00,176.41,178.04,175.8,177.91,5726.0,5,0.0
2024-09-11 16:00:00,177.91,179.08,177.83,178.71,4912.0,5,0.0
2024-09-11 17:00:00,178.71,181.68,178.69,181.3,4563.0,5,0.0
2024-09-11 18:00:00,181.29,182.54,181.06,182.3,4299.0,5,0.0
2024-09-11 19:00:00,182.29,183.66,182.24,183.19,3261.0,5,0.0
2024-09-12 10:00:00,184.2,184.63,184.09,184.58,341.0,22,0.0
2024-09-12 11:00:00,184.56,185.0,184.28,184.86,462.0,22,0.0
2024-09-12 12:00:00,184.86,185.19,184.01,184.12,582.0,22,0.0
2024-09-12 13:00:00,184.12,186.05,183.44,185.01,6184.0,5,0.0
2024-09-12 14:00:00,185.01,185.64,183.54,183.95,8629.0,5,0.0
2024-09-12 15:00:00,183.96,185.07,183.73,184.28,5729.0,5,0.0
2024-09-12 16:00:00,184.28,185.85,184.23,185.79,3153.0,5,0.0
2024-09-12 17:00:00,185.8,186.3,185.36,186.3,3146.0,5,0.0
2024-09-12 18:00:00,186.3,187.38,186.05,187.18,4519.0,5,0.0
2024-09-12 19:00:00,187.17,187.17,186.7,186.8,2710.0,5,0.0
2024-09-13 10:00:00,186.49,186.65,186.45,186.56,146.0,22,0.0
2024-09-13 11:00:00,186.59,188.0,186.55,187.86,557.0,22,0.0
2024-09-13 12:00:00,187.85,188.25,186.9,187.22,503.0,33,0.0
2024-09-13 13:00:00,187.21,188.45,185.81,187.64,3811.0,5,0.0
2024-09-13 14:00:00,187.71,188.47,187.11,187.19,6630.0,5,0.0
2024-09-13 15:00:00,187.19,187.76,186.88,187.57,3171.0,5,0.0
2024-09-13 16:00:00,187.56,187.91,186.18,186.84,2687.0,5,0.0
2024-09-13 17:00:00,186.84,187.53,186.76,187.34,1895.0,5,0.0
2024-09-13 18:00:00,187.33,187.61,186.75,186.88,2589.0,5,0.0
2024-09-13 19:00:00,186.88,187.09,186.57,186.77,1568.0,5,0.0
2024-09-16 10:00:00,186.95,187.08,186.53,186.71,220.0,22,0.0
2024-09-16 11:00:00,186.64,186.76,186.45,186.53,262.0,22,0.0
2024-09-16 12:00:00,186.53,186.56,186.03,186.23,317.0,22,0.0
2024-09-16 13:00:00,186.22,186.26,183.46,185.45,4185.0,5,0.0
2024-09-16 14:00:00,185.47,185.6,183.5,183.83,7204.0,5,0.0
2024-09-16 15:00:00,183.83,184.78,183.35,184.27,4174.0,5,0.0
2024-09-16 16:00:00,184.27,184.33,183.66,184.27,2997.0,5,0.0
2024-09-16 17:00:00,184.27,185.13,183.94,185.08,3068.0,5,0.0
2024-09-16 18:00:00,185.08,185.5,184.73,185.29,2506.0,5,0.0
2024-09-16 19:00:00,185.29,185.31,184.89,185.27,1762.0,5,0.0
2024-09-17 10:00:00,186.08,186.08,185.78,185.8,71.0,33,0.0
2024-09-17 11:00:00,185.68,186.29,185.51,186.26,266.0,33,0.0
2024-09-17 12:00:00,186.26,186.5,186.03,186.41,270.0,22,0.0
2024-09-17 13:00:00,186.41,188.85,186.22,188.27,4890.0,5,0.0
2024-09-17 14:00:00,188.29,189.42,188.02,188.34,7267.0,5,0.0
2024-09-17 15:00:00,188.35,188.5,187.78,188.41,3834.0,5,0.0
2024-09-17 16:00:00,188.41,188.52,186.17,186.92,6138.0,5,0.0
2024-09-17 17:00:00,186.93,187.13,186.12,186.81,4630.0,5,0.0
2024-09-17 18:00:00,186.82,187.27,186.5,186.88,3770.0,5,0.0
2024-09-17 19:00:00,186.87,187.17,186.59,186.73,2769.0,5,0.0
2024-09-18 10:00:00,186.92,187.49,186.77,186.89,208.0,22,0.0
2024-09-18 11:00:00,186.88,187.24,186.81,186.97,248.0,33,0.0
2024-09-18 12:00:00,186.98,187.36,186.91,187.28,301.0,22,0.0
2024-09-18 13:00:00,187.3,187.39,184.96,186.54,3310.0,5,0.0
2024-09-18 14:00:00,186.55,187.37,186.14,187.07,5461.0,5,0.0
2024-09-18 15:00:00,187.07,187.22,185.64,185.74,3269.0,5,0.0
2024-09-18 16:00:00,185.73,186.73,185.62,186.64,2835.0,5,0.0
2024-09-18 17:00:00,186.65,187.14,186.45,186.79,3079.0,5,0.0
2024-09-18 18:00:00,186.8,188.77,186.21,187.32,22456.0,5,0.0
2024-09-18 19:00:00,187.33,188.05,186.13,186.51,21467.0,5,0.0
2024-09-19 10:00:00,189.54,190.0,189.48,189.94,152.0,33,0.0
2024-09-19 11:00:00,189.88,190.02,189.41,189.98,398.0,33,0.0
2024-09-19 12:00:00,189.99,190.12,189.77,189.85,307.0,33,0.0
2024-09-19 13:00:00,189.85,190.35,188.33,188.8,4814.0,5,0.0
2024-09-19 14:00:00,188.82,190.95,188.77,189.19,7772.0,5,0.0
2024-09-19 15:00:00,189.2,189.49,188.46,188.76,4943.0,5,0.0
2024-09-19 16:00:00,188.76,189.82,188.68,189.22,3431.0,5,0.0
2024-09-19 17:00:00,189.23,189.78,188.93,189.59,3329.0,5,0.0
2024-09-19 18:00:00,189.59,189.86,189.0,189.84,3724.0,5,0.0
2024-09-19 19:00:00,189.83,189.87,189.19,189.22,3369.0,5,0.0
2024-09-20 10:00:00,189.11,189.16,188.91,189.04,178.0,22,0.0
2024-09-20 11:00:00,189.06,189.58,188.96,189.5,248.0,22,0.0
2024-09-20 12:00:00,189.47,190.81,189.46,190.54,494.0,22,0.0
2024-09-20 13:00:00,190.54,190.84,189.33,189.43,4129.0,5,0.0
2024-09-20 14:00:00,189.44,189.76,188.13,188.24,7059.0,5,0.0
2024-09-20 15:00:00,188.23,189.35,187.39,189.33,5696.0,5,0.0
2024-09-20 16:00:00,189.33,190.51,189.28,190.35,3493.0,5,0.0
2024-09-20 17:00:00,190.34,190.72,189.64,189.64,2999.0,5,0.0
2024-09-20 18:00:00,189.64,190.05,189.13,189.99,4226.0,5,0.0
2024-09-20 19:00:00,189.99,190.45,189.44,190.09,3182.0,5,0.0
2024-09-23 10:00:00,191.23,191.75,191.21,191.52,256.0,33,0.0
2024-09-23 11:00:00,191.59,191.69,191.29,191.39,334.0,33,0.0
2024-09-23 12:00:00,191.38,191.96,191.31,191.96,267.0,22,0.0
2024-09-23 13:00:00,191.95,192.36,190.48,191.82,4812.0,5,0.0
2024-09-23 14:00:00,191.82,192.24,191.21,191.69,6901.0,5,0.0
2024-09-23 15:00:00,191.7,191.87,191.04,191.7,4417.0,5,0.0
2024-09-23 16:00:00,191.7,193.29,191.6,193.23,5232.0,5,0.0
2024-09-23 17:00:00,193.23,193.29,192.59,192.91,2908.0,5,0.0
2024-09-23 18:00:00,192.92,194.25,192.9,194.01,3931.0,5,0.0
2024-09-23 19:00:00,194.0,194.25,193.5,193.53,3205.0,5,0.0
2024-09-24 10:00:00,192.24,192.68,192.05,192.43,500.0,22,0.0
2024-09-24 11:00:00,192.44,193.36,192.13,193.16,495.0,22,0.0
2024-09-24 12:00:00,193.19,193.47,192.85,193.4,299.0,33,0.0
2024-09-24 13:00:00,193.41,195.22,191.95,192.01,4433.0,5,0.0
2024-09-24 14:00:00,192.02,192.04,190.11,191.46,10079.0,5,0.0
2024-09-24 15:00:00,191.47,192.87,191.44,192.83,4366.0,5,0.0
2024-09-24 16:00:00,192.84,192.9,192.31,192.33,3048.0,5,0.0
2024-09-24 17:00:00,192.32,193.34,192.26,193.3,2696.0,5,0.0
2024-09-24 18:00:00,193.31,193.42,192.47,192.62,2899.0,5,0.0
2024-09-24 19:00:00,192.62,193.26,192.54,193.08,1835.0,5,0.0
2024-09-25 10:00:00,192.98,193.25,192.96,193.25,285.0,22,0.0
2024-09-25 11:00:00,193.25,193.59,193.24,193.53,242.0,22,0.0
2024-09-25 12:00:00,193.53,194.07,193.44,193.84,289.0,22,0.0
2024-09-25 13:00:00,193.83,193.91,192.45,192.9,3464.0,5,0.0
2024-09-25 14:00:00,192.91,193.5,192.66,193.26,4943.0,5,0.0
2024-09-25 15:00:00,193.25,193.27,192.39,192.62,3062.0,5,0.0
2024-09-25 16:00:00,192.62,192.73,192.34,192.5,2418.0,5,0.0
2024-09-25 17:00:00,192.49,192.96,192.14,192.92,3052.0,5,0.0
2024-09-25 18:00:00,192.91,193.05,192.33,193.04,2151.0,5,0.0
2024-09-25 19:00:00,193.04,193.26,192.65,192.7,1647.0,5,0.0
2024-09-26 10:00:00,194.02,194.58,193.95,194.55,185.0,33,0.0
2024-09-26 11:00:00,194.52,194.58,194.12,194.41,221.0,33,0.0
2024-09-26 12:00:00,194.4,194.64,194.01,194.41,471.0,22,0.0
2024-09-26 13:00:00,194.42,194.74,191.7,192.15,3888.0,5,0.0
2024-09-26 14:00:00,192.14,192.25,189.8,189.88,9825.0,5,0.0
2024-09-26 15:00:00,189.87,191.62,189.5,191.6,5813.0,5,0.0
2024-09-26 16:00:00,191.6,191.64,190.52,190.66,3902.0,5,0.0
2024-09-26 17:00:00,190.66,191.23,190.01,191.16,3409.0,5,0.0
2024-09-26 18:00:00,191.17,191.8,190.92,191.75,2411.0,5,0.0
2024-09-26 19:00:00,191.75,191.77,191.29,191.3,2075.0,5,0.0
2024-09-27 10:00:00,190.9,191.09,190.76,190.79,404.0,22,0.0
2024-09-27 11:00:00,190.79,191.16,190.74,191.13,235.0,22,0.0
2024-09-27 12:00:00,191.12,191.37,190.72,190.79,428.0,22,0.0
2024-09-27 13:00:00,190.75,191.11,189.74,190.06,3318.0,5,0.0
2024-09-27 14:00:00,190.08,190.78,189.54,189.61,6755.0,5,0.0
2024-09-27 15:00:00,189.6,189.6,187.91,187.95,4662.0,5,0.0
2024-09-27 16:00:00,187.95,188.1,187.31,187.81,3368.0,5,0.0
2024-09-27 17:00:00,187.81,188.21,187.48,188.18,2401.0,5,0.0
2024-09-27 18:00:00,188.18,188.47,187.47,188.41,3203.0,5,0.0
2024-09-27 19:00:00,188.4,188.58,188.07,188.12,2167.0,5,0.0
2024-09-30 10:00:00,187.47,187.62,187.16,187.43,379.0,22,0.0
2024-09-30 11:00:00,187.41,187.8,185.94,186.24,532.0,22,0.0
2024-09-30 12:00:00,186.19,186.96,186.01,186.73,439.0,33,0.0
2024-09-30 13:00:00,186.71,188.37,186.41,187.14,3694.0,5,0.0
2024-09-30 14:00:00,187.15,187.2,184.89,184.92,5757.0,5,0.0
2024-09-30 15:00:00,184.91,185.94,184.64,185.69,4279.0,5,0.0
2024-09-30 16:00:00,185.7,186.31,185.61,186.13,3179.0,5,0.0
2024-09-30 17:00:00,186.13,186.4,185.5,186.34,2876.0,5,0.0
2024-09-30 18:00:00,186.33,186.46,184.9,185.78,4977.0,5,0.0
2024-09-30 19:00:00,185.77,186.2,185.36,186.19,2510.0,5,0.0
2024-10-01 10:00:00,185.58,185.99,185.51,185.98,253.0,22,0.0
2024-10-01 11:00:00,185.96,186.13,185.4,185.67,479.0,22,0.0
2024-10-01 12:00:00,185.65,185.84,185.2,185.75,423.0,22,0.0
2024-10-01 13:00:00,185.75,185.79,183.44,184.27,5451.0,5,0.0
2024-10-01 14:00:00,184.26,184.7,183.5,183.65,11177.0,5,0.0
2024-10-01 15:00:00,183.65,185.01,183.48,184.5,5682.0,5,0.0
2024-10-01 16:00:00,184.49,185.15,183.9,184.69,6975.0,5,0.0
2024-10-01 17:00:00,184.69,185.67,183.89,185.64,6605.0,5,0.0
2024-10-01 18:00:00,185.63,186.17,185.51,185.77,4697.0,5,0.0
2024-10-01 19:00:00,185.76,185.95,185.47,185.62,2989.0,5,0.0
2024-10-02 10:00:00,184.19,185.02,183.97,184.51,540.0,33,0.0
2024-10-02 11:00:00,184.51,184.66,183.93,184.44,312.0,33,0.0
2024-10-02 12:00:00,184.39,185.29,184.26,184.91,421.0,22,0.0
2024-10-02 13:00:00,184.9,185.58,183.9,184.52,4348.0,5,0.0
2024-10-02 14:00:00,184.54,185.36,184.23,185.04,6008.0,5,0.0
2024-10-02 15:00:00,185.03,186.57,184.94,186.15,3938.0,5,0.0
2024-10-02 16:00:00,186.15,186.48,185.3,185.32,2569.0,5,0.0
2024-10-02 17:00:00,185.32,185.54,184.68,185.37,2662.0,5,0.0
2024-10-02 18:00:00,185.37,185.72,185.15,185.43,2070.0,5,0.0
2024-10-02 19:00:00,185.43,185.57,185.29,185.4,1175.0,5,0.0
2024-10-03 10:00:00,183.51,183.68,183.4,183.46,158.0,33,0.0
2024-10-03 11:00:00,183.45,184.15,183.45,184.1,324.0,33,0.0
2024-10-03 12:00:00,184.13,184.24,183.0,183.03,460.0,33,0.0
2024-10-03 13:00:00,183.03,183.39,180.79,182.62,4014.0,5,0.0
2024-10-03 14:00:00,182.68,183.41,180.91,181.35,10795.0,5,0.0
2024-10-03 15:00:00,181.34,182.89,181.3,182.64,4661.0,5,0.0
2024-10-03 16:00:00,182.63,183.12,181.86,182.13,3716.0,5,0.0
2024-10-03 17:00:00,182.13,182.57,181.79,182.51,3670.0,5,0.0
2024-10-03 18:00:00,182.52,182.55,181.94,181.96,1972.0,5,0.0
2024-10-03 19:00:00,181.95,182.32,181.76,181.8,1720.0,5,0.0
2024-10-04 10:00:00,184.71,185.38,184.64,185.07,259.0,33,0.0
2024-10-04 11:00:00,185.14,185.21,184.36,184.47,276.0,33,0.0
2024-10-04 12:00:00,184.43,186.45,184.18,186.31,964.0,22,0.0
2024-10-04 13:00:00,186.32,187.57,185.47,185.82,5188.0,5,0.0
2024-10-04 14:00:00,185.81,185.84,184.08,184.93,9151.0,5,0.0
2024-10-04 15:00:00,184.92,185.3,183.57,184.79,5895.0,5,0.0
2024-10-04 16:00:00,184.8,185.96,184.33,185.57,4061.0,5,0.0
2024-10-04 17:00:00,185.56,185.77,184.75,184.85,3398.0,5,0.0
2024-10-04 18:00:00,184.85,185.21,184.5,185.09,2533.0,5,0.0
2024-10-04 19:00:00,185.08,186.06,185.03,186.03,1856.0,5,0.0
2024-10-07 10:00:00,183.23,183.3,182.9,183.14,310.0,33,0.0
2024-10-07 11:00:00,183.15,183.51,182.64,183.31,516.0,33,0.0
2024-10-07 12:00:00,183.28,183.93,182.85,183.63,458.0,22,0.0
2024-10-07 13:00:00,183.58,184.33,180.55,180.7,5701.0,5,0.0
2024-10-07 14:00:00,180.67,181.96,180.63,181.69,6128.0,5,0.0
2024-10-07 15:00:00,181.68,181.94,181.22,181.53,3111.0,5,0.0
2024-10-07 16:00:00,181.53,181.6,180.92,181.34,2241.0,5,0.0
2024-10-07 17:00:00,181.33,181.65,181.03,181.46,1845.0,5,0.0
2024-10-07 18:00:00,181.46,181.5,180.23,180.29,4211.0,5,0.0
2024-10-07 19:00:00,180.3,180.98,180.26,180.4,2709.0,5,0.0
2024-10-08 10:00:00,181.64,182.01,181.54,181.91,264.0,33,0.0
2024-10-08 11:00:00,181.92,181.96,181.57,181.79,263.0,33,0.0
2024-10-08 12:00:00,181.79,181.84,181.32,181.36,277.0,22,0.0
2024-10-08 13:00:00,181.38,182.68,180.83,182.43,3044.0,5,0.0
2024-10-08 14:00:00,182.44,183.07,181.68,182.69,5629.0,5,0.0
2024-10-08 15:00:00,182.71,183.01,182.24,182.51,2837.0,5,0.0
2024-10-08 16:00:00,182.51,182.51,181.6,181.99,2512.0,5,0.0
2024-10-08 17:00:00,181.99,182.05,181.26,181.96,2618.0,5,0.0
2024-10-08 18:00:00,181.96,182.41,181.78,182.37,1782.0,5,0.0
2024-10-08 19:00:00,182.36,182.57,182.08,182.51,1528.0,5,0.0
2024-10-09 10:00:00,182.94,183.14,182.88,182.95,214.0,22,0.0
2024-10-09 11:00:00,182.94,183.71,182.82,183.05,336.0,22,0.0
2024-10-09 12:00:00,183.04,183.22,182.79,182.93,180.0,33,0.0
2024-10-09 13:00:00,182.91,183.49,181.95,182.63,3192.0,5,0.0
2024-10-09 14:00:00,182.61,184.04,182.5,183.92,4441.0,5,0.0
2024-10-09 15:00:00,183.93,184.93,183.81,184.89,3049.0,5,0.0
2024-10-09 16:00:00,184.89,184.89,184.11,184.41,2513.0,5,0.0
2024-10-09 17:00:00,184.41,185.46,184.21,185.05,2548.0,5,0.0
2024-10-09 18:00:00,185.05,185.48,184.9,185.35,2351.0,5,0.0
2024-10-09 19:00:00,185.35,185.82,184.95,185.14,2301.0,5,0.0
2024-10-10 10:00:00,185.03,185.2,184.96,185.16,154.0,22,0.0
2024-10-10 11:00:00,185.11,186.73,185.11,186.06,423.0,22,0.0
2024-10-10 12:00:00,186.16,187.86,186.02,187.48,1213.0,33,0.0
2024-10-10 13:00:00,187.54,187.95,186.24,187.49,5314.0,5,0.0
2024-10-10 14:00:00,187.5,188.1,186.01,186.13,6247.0,5,0.0
2024-10-10 15:00:00,186.15,186.81,185.8,186.78,3469.0,5,0.0
2024-10-10 16:00:00,186.77,187.38,186.52,187.13,3126.0,5,0.0
2024-10-10 17:00:00,187.14,187.72,186.57,187.3,3038.0,5,0.0
2024-10-10 18:00:00,187.31,187.31,186.27,186.7,2527.0,5,0.0
2024-10-10 19:00:00,186.68,186.8,186.25,186.35,1689.0,5,0.0
2024-10-11 10:00:00,186.49,186.74,186.47,186.61,138.0,22,0.0
2024-10-11 11:00:00,186.6,187.03,186.6,186.95,197.0,22,0.0
2024-10-11 12:00:00,186.93,187.37,186.6,186.72,515.0,22,0.0
2024-10-11 13:00:00,186.75,188.2,186.16,188.06,2838.0,5,0.0
2024-10-11 14:00:00,188.04,189.9,187.86,189.52,4804.0,5,0.0
2024-10-11 15:00:00,189.53,189.69,188.43,189.07,2748.0,5,0.0
2024-10-11 16:00:00,189.08,189.12,188.54,188.95,2034.0,5,0.0
2024-10-11 17:00:00,188.95,189.32,188.81,188.95,1549.0,5,0.0
2024-10-11 18:00:00,188.95,189.36,188.91,189.33,1511.0,5,0.0
2024-10-11 19:00:00,189.32,189.6,189.19,189.36,1795.0,5,0.0
2024-10-14 10:00:00,189.27,189.62,189.07,189.31,212.0,22,0.0
2024-10-14 11:00:00,189.31,189.61,189.05,189.31,230.0,22,0.0
2024-10-14 12:00:00,189.31,189.95,189.23,189.82,205.0,22,0.0
2024-10-14 13:00:00,189.82,190.09,188.49,189.25,2837.0,5,0.0
2024-10-14 14:00:00,189.26,189.68,188.07,188.23,4184.0,5,0.0
2024-10-14 15:00:00,188.24,188.69,187.91,188.42,2786.0,5,0.0
2024-10-14 16:00:00,188.42,188.63,188.07,188.08,1662.0,5,0.0
2024-10-14 17:00:00,188.08,188.26,187.77,187.82,1340.0,5,0.0
2024-10-14 18:00:00,187.82,188.11,187.55,187.97,1406.0,5,0.0
2024-10-14 19:00:00,187.97,188.05,187.34,188.03,1476.0,5,0.0
2024-10-15 10:00:00,187.23,188.08,187.11,187.82,295.0,33,0.0
2024-10-15 11:00:00,187.82,187.82,187.59,187.77,267.0,22,0.0
2024-10-15 12:00:00,187.79,188.41,187.73,188.15,220.0,22,0.0
2024-10-15 13:00:00,188.1,188.52,186.69,187.98,3260.0,5,0.0
2024-10-15 14:00:00,187.99,188.1,184.56,185.14,8479.0,5,0.0
2024-10-15 15:00:00,185.15,186.07,184.86,185.17,4955.0,5,0.0
2024-10-15 16:00:00,185.18,186.22,185.18,186.03,3079.0,5,0.0
2024-10-15 17:00:00,186.03,186.97,185.69,186.66,2768.0,5,0.0
2024-10-15 18:00:00,186.66,187.1,186.29,186.91,1957.0,5,0.0
2024-10-15 19:00:00,186.92,187.44,186.38,187.3,3658.0,5,0.0
2024-10-16 10:00:00,187.95,188.06,187.66,187.9,304.0,22,0.0
2024-10-16 11:00:00,187.98,188.36,187.88,188.24,239.0,22,0.0
2024-10-16 12:00:00,188.26,188.26,187.71,187.72,224.0,22,0.0
2024-10-16 13:00:00,187.72,187.98,186.03,186.78,3424.0,5,0.0
2024-10-16 14:00:00,186.76,187.74,186.06,186.09,4910.0,5,0.0
2024-10-16 15:00:00,186.08,186.39,185.59,185.73,2777.0,5,0.0
2024-10-16 16:00:00,185.73,186.35,185.7,186.29,1908.0,5,0.0
2024-10-16 17:00:00,186.3,186.38,185.87,186.23,1293.0,5,0.0
2024-10-16 18:00:00,186.23,186.93,186.09,186.8,1602.0,5,0.0
2024-10-16 19:00:00,186.8,187.18,186.75,187.12,1165.0,5,0.0
2024-10-17 10:00:00,187.71,187.98,187.71,187.85,136.0,33,0.0
2024-10-17 11:00:00,187.81,187.87,187.41,187.65,286.0,33,0.0
2024-10-17 12:00:00,187.7,187.9,187.44,187.88,448.0,22,0.0
2024-10-17 13:00:00,187.9,188.55,186.36,186.57,3436.0,5,0.0
2024-10-17 14:00:00,186.58,187.15,185.98,186.72,5086.0,5,0.0
2024-10-17 15:00:00,186.72,188.71,186.54,188.69,2757.0,5,0.0
2024-10-17 16:00:00,188.7,188.92,187.78,187.88,2273.0,5,0.0
2024-10-17 17:00:00,187.89,188.83,187.85,188.61,1892.0,5,0.0
2024-10-17 18:00:00,188.61,188.68,187.16,187.87,2945.0,5,0.0
2024-10-17 19:00:00,187.87,187.91,187.2,187.62,1486.0,5,0.0
2024-10-18 10:00:00,187.62,187.99,187.57,187.94,135.0,22,0.0
2024-10-18 11:00:00,187.83,188.08,187.63,187.89,283.0,22,0.0
2024-10-18 12:00:00,187.89,187.98,187.67,187.9,238.0,22,0.0
2024-10-18 13:00:00,187.9,188.25,186.16,187.59,3372.0,5,0.0
2024-10-18 14:00:00,187.64,188.83,187.6,188.34,4686.0,5,0.0
2024-10-18 15:00:00,188.34,189.9,188.33,189.14,4064.0,5,0.0
2024-10-18 16:00:00,189.14,190.71,188.87,190.47,2911.0,5,0.0
2024-10-18 17:00:00,190.48,190.71,189.57,189.66,2274.0,5,0.0
2024-10-18 18:00:00,189.65,190.6,189.27,190.17,2046.0,5,0.0
2024-10-18 19:00:00,190.16,190.26,189.36,189.53,1881.0,5,0.0
2024-10-21 10:00:00,188.18,188.39,187.55,187.6,213.0,33,0.0
2024-10-21 11:00:00,187.64,188.07,187.56,187.99,268.0,33,0.0
2024-10-21 12:00:00,188.0,188.37,187.82,188.33,307.0,22,0.0
2024-10-21 13:00:00,188.35,188.64,186.38,187.63,2747.0,5,0.0
2024-10-21 14:00:00,187.63,188.95,187.05,187.43,4682.0,5,0.0
2024-10-21 15:00:00,187.42,188.13,186.8,188.03,3598.0,5,0.0
2024-10-21 16:00:00,188.04,188.8,188.01,188.68,2081.0,5,0.0
2024-10-21 17:00:00,188.67,189.0,188.41,188.77,1772.0,5,0.0
2024-10-21 18:00:00,188.77,188.88,188.34,188.4,1664.0,5,0.0
2024-10-21 19:00:00,188.41,189.43,188.36,188.88,1543.0,5,0.0
2024-10-22 10:00:00,187.79,188.0,187.58,187.79,408.0,22,0.0
2024-10-22 11:00:00,187.8,188.31,187.8,187.98,300.0,22,0.0
2024-10-22 12:00:00,187.98,188.57,187.66,187.9,433.0,22,0.0
2024-10-22 13:00:00,187.94,189.0,186.89,188.75,2848.0,5,0.0
2024-10-22 14:00:00,188.77,190.59,188.57,190.02,5442.0,5,0.0
2024-10-22 15:00:00,190.01,190.27,189.37,189.81,2515.0,5,0.0
2024-10-22 16:00:00,189.81,190.12,189.28,190.01,2217.0,5,0.0
2024-10-22 17:00:00,190.01,191.12,189.53,191.12,2012.0,5,0.0
2024-10-22 18:00:00,191.12,191.5,189.6,189.68,2316.0,5,0.0
2024-10-22 19:00:00,189.67,189.97,189.34,189.68,1659.0,5,0.0
2024-10-23 10:00:00,189.38,189.75,188.5,188.55,255.0,22,0.0
2024-10-23 11:00:00,188.56,189.16,188.56,188.99,263.0,22,0.0
2024-10-23 12:00:00,188.99,189.25,188.72,189.22,360.0,22,0.0
2024-10-23 13:00:00,189.2,189.2,187.59,188.28,2761.0,5,0.0
2024-10-23 14:00:00,188.28,188.35,187.03,187.5,5078.0,5,0.0
2024-10-23 15:00:00,187.51,187.86,186.15,186.88,3735.0,5,0.0
2024-10-23 16:00:00,186.86,186.86,185.1,185.39,3450.0,5,0.0
2024-10-23 17:00:00,185.39,185.39,184.0,184.11,3307.0,5,0.0
2024-10-23 18:00:00,184.11,184.85,183.67,184.84,2998.0,5,0.0
2024-10-23 19:00:00,184.81,184.96,184.46,184.95,1898.0,5,0.0
2024-10-24 10:00:00,186.21,186.35,186.06,186.09,149.0,33,0.0
2024-10-24 11:00:00,186.04,186.08,185.36,185.95,368.0,33,0.0
2024-10-24 12:00:00,185.95,185.95,185.49,185.49,322.0,22,0.0
2024-10-24 13:00:00,185.49,185.77,183.77,185.34,3025.0,5,0.0
2024-10-24 14:00:00,185.35,186.42,185.08,185.84,4698.0,5,0.0
2024-10-24 15:00:00,185.86,186.59,185.69,186.25,3509.0,5,0.0
2024-10-24 16:00:00,186.25,187.08,185.58,186.69,3524.0,5,0.0
2024-10-24 17:00:00,186.69,187.07,186.29,186.31,2342.0,5,0.0
2024-10-24 18:00:00,186.32,186.92,186.12,186.45,2075.0,5,0.0
2024-10-24 19:00:00,186.44,186.87,185.99,186.25,1656.0,5,0.0
2024-10-25 10:00:00,187.59,187.78,187.49,187.51,235.0,33,0.0
2024-10-25 11:00:00,187.56,187.62,186.71,187.38,516.0,33,0.0
2024-10-25 12:00:00,187.38,188.01,187.26,187.91,563.0,22,0.0
2024-10-25 13:00:00,187.91,189.61,187.39,189.5,3282.0,5,0.0
2024-10-25 14:00:00,189.53,190.42,189.06,189.65,4977.0,5,0.0
2024-10-25 15:00:00,189.67,190.18,188.86,189.06,3221.0,5,0.0
2024-10-25 16:00:00,189.04,190.01,188.9,189.7,2094.0,5,0.0
2024-10-25 17:00:00,189.7,189.72,187.99,188.13,3057.0,5,0.0
2024-10-25 18:00:00,188.13,188.67,187.73,188.38,3027.0,5,0.0
2024-10-25 19:00:00,188.38,188.38,187.73,187.88,1731.0,5,0.0
2024-10-28 10:00:00,189.45,189.52,188.88,188.92,133.0,33,0.0
2024-10-28 11:00:00,188.93,189.39,188.81,189.39,247.0,33,0.0
2024-10-28 12:00:00,189.31,189.68,189.01,189.63,311.0,33,0.0
2024-10-28 13:00:00,189.6,190.08,188.89,189.24,3157.0,5,0.0
2024-10-28 14:00:00,189.22,189.89,189.14,189.31,3752.0,5,0.0
2024-10-28 15:00:00,189.32,189.72,188.81,189.34,3033.0,5,0.0
2024-10-28 16:00:00,189.34,189.62,189.01,189.27,2192.0,5,0.0
2024-10-28 17:00:00,189.26,189.44,188.89,189.33,1765.0,5,0.0
2024-10-28 18:00:00,189.33,189.37,188.91,189.05,1581.0,5,0.0
2024-10-28 19:00:00,189.01,189.18,188.82,188.88,1114.0,5,0.0
2024-10-29 10:00:00,188.52,188.63,188.38,188.63,224.0,22,0.0
2024-10-29 11:00:00,188.56,188.58,187.78,188.1,341.0,22,0.0
2024-10-29 12:00:00,188.1,188.27,187.8,188.2,283.0,22,0.0
2024-10-29 13:00:00,188.21,188.78,187.72,188.57,3173.0,5,0.0
2024-10-29 14:00:00,188.59,189.32,188.31,189.31,4551.0,5,0.0
2024-10-29 15:00:00,189.33,189.75,189.03,189.62,2725.0,5,0.0
2024-10-29 16:00:00,189.63,190.37,189.19,190.01,2520.0,5,0.0
2024-10-29 17:00:00,190.02,190.85,189.99,190.67,1989.0,5,0.0
2024-10-29 18:00:00,190.68,191.27,190.56,191.26,1637.0,5,0.0
2024-10-29 19:00:00,191.26,191.43,190.97,191.11,1490.0,5,0.0
2024-10-30 10:00:00,194.31,194.77,194.27,194.41,395.0,33,0.0
2024-10-30 11:00:00,194.54,194.99,194.11,194.64,483.0,33,0.0
2024-10-30 12:00:00,194.67,195.13,194.51,194.53,503.0,22,0.0
2024-10-30 13:00:00,194.52,195.5,192.85,193.08,3797.0,5,0.0
2024-10-30 14:00:00,193.05,194.17,192.66,193.45,5576.0,5,0.0
2024-10-30 15:00:00,193.44,194.32,193.03,194.17,3373.0,5,0.0
2024-10-30 16:00:00,194.16,194.33,193.75,193.83,2459.0,5,0.0
2024-10-30 17:00:00,193.82,194.25,193.18,193.24,3023.0,5,0.0
2024-10-30 18:00:00,193.24,193.84,193.22,193.59,2424.0,5,0.0
2024-10-30 19:00:00,193.58,193.75,193.12,193.34,2443.0,5,0.0
2024-10-31 10:00:00,190.29,190.54,190.1,190.3,322.0,33,0.0
2024-10-31 11:00:00,190.29,191.19,190.27,191.19,438.0,33,0.0
2024-10-31 12:00:00,191.15,191.18,189.95,190.12,497.0,33,0.0
2024-10-31 13:00:00,190.08,190.93,188.02,188.28,5096.0,5,0.0
2024-10-31 14:00:00,188.28,188.69,186.75,187.1,8760.0,5,0.0
2024-10-31 15:00:00,187.08,187.47,186.01,186.16,5616.0,5,0.0
2024-10-31 16:00:00,186.16,186.82,185.55,186.35,4899.0,5,0.0
2024-10-31 17:00:00,186.36,186.84,185.54,185.84,3536.0,5,0.0
2024-10-31 18:00:00,185.84,186.05,185.21,185.68,3840.0,5,0.0
2024-10-31 19:00:00,185.68,186.89,185.67,186.25,3745.0,5,0.0
2024-11-01 10:00:00,197.72,199.1,197.57,198.69,687.0,33,0.0
2024-11-01 11:00:00,198.61,200.07,198.06,199.84,1053.0,22,0.0
2024-11-01 12:00:00,199.94,200.04,198.84,198.84,1184.0,22,0.0
2024-11-01 13:00:00,198.88,199.88,196.93,199.32,6171.0,5,0.0
2024-11-01 14:00:00,199.36,200.46,197.58,199.92,10170.0,5,0.0
2024-11-01 15:00:00,199.92,200.22,198.99,199.29,6094.0,5,0.0
2024-11-01 16:00:00,199.28,199.83,198.22,198.37,4875.0,5,0.0
2024-11-01 17:00:00,198.37,198.83,197.4,197.68,5517.0,5,0.0
2024-11-01 18:00:00,197.67,198.48,197.56,198.31,3878.0,5,0.0
2024-11-01 19:00:00,198.32,198.72,197.68,198.17,2842.0,5,0.0
2024-11-04 11:00:00,196.48,196.51,196.18,196.2,171.0,33,0.0
2024-11-04 12:00:00,196.23,196.55,195.64,196.18,381.0,33,0.0
2024-11-04 13:00:00,196.19,196.29,195.73,196.07,454.0,22,0.0
2024-11-04 14:00:00,196.16,197.3,195.33,196.1,5565.0,5,0.0
2024-11-04 15:00:00,196.09,197.25,195.93,197.02,6168.0,5,0.0
2024-11-04 16:00:00,197.02,197.11,194.39,194.81,5603.0,5,0.0
2024-11-04 17:00:00,194.82,195.64,194.3,195.4,4221.0,5,0.0
2024-11-04 18:00:00,195.39,196.0,194.94,195.78,3348.0,5,0.0
2024-11-04 19:00:00,195.79,196.17,195.61,195.8,2256.0,5,0.0
2024-11-04 20:00:00,195.79,195.87,195.23,195.56,2867.0,5,0.0
2024-11-05 11:00:00,195.8,196.38,195.77,196.27,213.0,22,0.0
2024-11-05 12:00:00,196.19,196.21,195.56,195.85,229.0,22,0.0
2024-11-05 13:00:00,195.87,196.11,195.75,195.93,245.0,22,0.0
2024-11-05 14:00:00,195.87,197.31,195.29,197.03,4188.0,5,0.0
2024-11-05 15:00:00,197.02,197.39,196.44,197.16,5088.0,5,0.0
2024-11-05 16:00:00,197.15,198.68,196.93,198.53,3282.0,5,0.0
2024-11-05 17:00:00,198.54,199.76,198.49,199.72,2778.0,5,0.0
2024-11-05 18:00:00,199.72,199.8,198.59,199.13,2882.0,5,0.0
2024-11-05 19:00:00,199.13,199.42,198.75,198.91,2673.0,5,0.0
2024-11-05 20:00:00,198.9,199.3,198.85,198.99,1755.0,5,0.0
2024-11-06 11:00:00,199.89,200.05,197.42,198.1,691.0,33,0.0
2024-11-06 12:00:00,198.17,199.76,198.12,199.73,894.0,22,0.0
2024-11-06 13:00:00,199.73,200.62,199.62,200.4,738.0,22,0.0
2024-11-06 14:00:00,200.4,201.32,199.05,200.91,7782.0,5,0.0
2024-11-06 15:00:00,200.93,206.04,200.49,203.83,17714.0,5,0.0
2024-11-06 16:00:00,203.82,205.73,203.31,205.54,8118.0,5,0.0
2024-11-06 17:00:00,205.53,206.23,205.03,205.92,6039.0,5,0.0
2024-11-06 18:00:00,205.91,206.04,205.14,205.34,4794.0,5,0.0
2024-11-06 19:00:00,205.35,205.82,204.43,205.08,4010.0,5,0.0
2024-11-06 20:00:00,205.07,205.61,204.88,205.47,3334.0,5,0.0
2024-11-07 11:00:00,205.89,206.22,205.83,205.97,182.0,33,0.0
2024-11-07 12:00:00,205.94,207.47,205.94,207.36,547.0,33,0.0
2024-11-07 13:00:00,207.36,208.15,207.17,207.66,611.0,22,0.0
2024-11-07 14:00:00,207.71,210.69,206.94,210.68,5101.0,5,0.0
2024-11-07 15:00:00,210.69,212.22,210.24,211.19,10628.0,5,0.0
2024-11-07 16:00:00,211.2,211.34,210.5,211.0,4657.0,5,0.0
2024-11-07 17:00:00,211.0,211.0,209.4,210.14,3523.0,5,0.0
2024-11-07 18:00:00,210.15,210.24,209.29,209.74,2651.0,5,0.0
2024-11-07 19:00:00,209.73,210.04,209.19,209.95,4125.0,5,0.0
2024-11-07 20:00:00,209.94,210.32,209.78,210.1,3144.0,5,0.0
2024-11-08 11:00:00,209.06,209.18,208.51,209.0,320.0,33,0.0
2024-11-08 12:00:00,208.99,209.58,208.98,209.43,438.0,33,0.0
2024-11-08 13:00:00,209.41,209.72,208.34,208.86,452.0,33,0.0
2024-11-08 14:00:00,208.86,210.11,208.36,209.45,3232.0,5,0.0
2024-11-08 15:00:00,209.45,209.75,208.01,208.61,5086.0,5,0.0
2024-11-08 16:00:00,208.61,209.51,208.19,209.13,3314.0,5,0.0
2024-11-08 17:00:00,209.14,209.41,208.86,209.15,2379.0,5,0.0
2024-11-08 18:00:00,209.16,209.28,208.65,208.89,2091.0,5,0.0
2024-11-08 19:00:00,208.88,209.11,208.36,208.54,1726.0,5,0.0
2024-11-08 20:00:00,208.55,208.74,207.88,208.2,2483.0,5,0.0
2024-11-11 11:00:00,208.29,208.64,208.28,208.47,269.0,22,0.0
2024-11-11 12:00:00,208.54,210.6,208.47,210.25,546.0,22,0.0
2024-11-11 13:00:00,210.25,210.52,208.96,209.31,628.0,22,0.0
2024-11-11 14:00:00,209.32,209.53,206.2,206.65,5440.0,5,0.0
2024-11-11 15:00:00,206.67,207.25,205.89,206.75,6424.0,5,0.0
2024-11-11 16:00:00,206.75,207.2,206.06,206.07,3768.0,5,0.0
2024-11-11 17:00:00,206.06,206.51,205.79,206.11,3086.0,5,0.0
2024-11-11 18:00:00,206.1,206.66,205.57,206.41,3061.0,5,0.0
2024-11-11 19:00:00,206.4,206.46,205.98,206.3,2126.0,5,0.0
2024-11-11 20:00:00,206.3,206.79,206.08,206.67,2000.0,5,0.0
2024-11-12 11:00:00,206.52,206.7,206.27,206.61,344.0,22,0.0
2024-11-12 12:00:00,206.54,207.38,206.49,206.99,613.0,33,0.0
2024-11-12 13:00:00,206.99,208.12,206.93,207.81,507.0,22,0.0
2024-11-12 14:00:00,207.83,209.24,206.87,207.84,3975.0,5,0.0
2024-11-12 15:00:00,207.87,207.96,206.15,206.35,5727.0,5,0.0
2024-11-12 16:00:00,206.37,206.74,205.99,206.49,3941.0,5,0.0
2024-11-12 17:00:00,206.48,208.89,206.44,207.55,4912.0,5,0.0
2024-11-12 18:00:00,207.56,208.97,207.24,208.67,4236.0,5,0.0
2024-11-12 19:00:00,208.65,209.51,208.36,208.65,3412.0,5,0.0
2024-11-12 20:00:00,208.64,208.89,208.43,208.79,2604.0,5,0.0
2024-11-13 11:00:00,208.56,208.84,208.28,208.67,327.0,22,0.0
2024-11-13 12:00:00,208.67,209.14,208.52,209.06,521.0,22,0.0
2024-11-13 13:00:00,209.06,210.43,208.8,209.6,972.0,22,0.0
2024-11-13 14:00:00,209.63,211.57,208.9,211.13,4807.0,5,0.0
2024-11-13 15:00:00,211.1,211.96,209.63,211.94,7294.0,5,0.0
2024-11-13 16:00:00,211.96,213.07,211.7,212.63,5654.0,5,0.0
2024-11-13 17:00:00,212.62,214.46,212.44,214.46,4774.0,5,0.0
2024-11-13 18:00:00,214.45,215.05,213.89,214.62,3802.0,5,0.0
2024-11-13 19:00:00,214.63,214.66,212.86,213.63,4847.0,5,0.0
2024-11-13 20:00:00,213.62,214.2,213.11,214.14,3758.0,5,0.0
2024-11-14 11:00:00,215.03,215.77,215.02,215.56,496.0,33,0.0
2024-11-14 12:00:00,215.5,215.5,214.96,214.97,410.0,22,0.0
2024-11-14 13:00:00,214.96,215.16,214.04,214.5,748.0,22,0.0
2024-11-14 14:00:00,214.52,215.77,212.25,212.45,4667.0,5,0.0
2024-11-14 15:00:00,212.44,213.2,211.89,212.21,9722.0,5,0.0
2024-11-14 16:00:00,212.2,212.85,211.66,212.28,5204.0,5,0.0
2024-11-14 17:00:00,212.28,213.18,211.92,212.52,7075.0,5,0.0
2024-11-14 18:00:00,212.51,213.33,211.6,211.81,4346.0,5,0.0
2024-11-14 19:00:00,211.82,212.66,211.79,212.15,3811.0,5,0.0
2024-11-14 20:00:00,212.16,212.17,210.88,211.15,6681.0,5,0.0
2024-11-15 11:00:00,209.92,211.1,209.91,211.1,377.0,33,0.0
2024-11-15 12:00:00,211.09,211.09,210.28,210.58,409.0,33,0.0
2024-11-15 13:00:00,210.59,210.59,209.19,209.23,361.0,33,0.0
2024-11-15 14:00:00,209.23,209.3,204.46,205.05,7494.0,5,0.0
2024-11-15 15:00:00,205.04,205.91,204.02,204.79,12305.0,5,0.0
2024-11-15 16:00:00,204.8,204.93,202.22,202.52,6810.0,5,0.0
2024-11-15 17:00:00,202.54,203.72,202.38,203.22,6647.0,5,0.0
2024-11-15 18:00:00,203.22,203.31,199.58,201.32,9968.0,5,0.0
2024-11-15 19:00:00,201.32,201.72,200.35,200.71,5825.0,5,0.0
2024-11-15 20:00:00,200.7,202.76,200.59,202.14,4653.0,5,0.0
2024-11-18 11:00:00,203.87,204.02,203.37,203.7,407.0,33,0.0
2024-11-18 12:00:00,203.63,204.04,202.9,203.67,616.0,33,0.0
2024-11-18 13:00:00,203.66,203.79,202.78,203.54,575.0,33,0.0
2024-11-18 14:00:00,203.52,204.48,202.65,203.23,3748.0,5,0.0
2024-11-18 15:00:00,203.22,204.6,202.81,203.35,5632.0,5,0.0
2024-11-18 16:00:00,203.36,203.44,202.23,202.6,3579.0,5,0.0
2024-11-18 17:00:00,202.61,202.83,201.56,202.23,3624.0,5,0.0
2024-11-18 18:00:00,202.23,202.26,201.28,201.81,3222.0,5,0.0
2024-11-18 19:00:00,201.8,202.16,200.95,202.11,2498.0,5,0.0
2024-11-18 20:00:00,202.1,202.44,202.03,202.11,1932.0,5,0.0
2024-11-19 11:00:00,201.49,201.51,200.89,201.14,342.0,33,0.0
2024-11-19 12:00:00,201.18,201.38,200.95,201.37,332.0,22,0.0
2024-11-19 13:00:00,201.36,201.36,199.06,199.82,895.0,22,0.0
2024-11-19 14:00:00,199.83,201.47,198.69,201.07,3677.0,5,0.0
2024-11-19 15:00:00,201.08,202.53,200.33,202.33,5465.0,5,0.0
2024-11-19 16:00:00,202.33,204.53,202.31,203.82,4080.0,5,0.0
2024-11-19 17:00:00,203.84,204.2,203.14,204.06,2897.0,5,0.0
2024-11-19 18:00:00,204.06,205.27,203.84,204.97,2433.0,5,0.0
2024-11-19 19:00:00,204.99,205.1,203.46,203.98,2770.0,5,0.0
2024-11-19 20:00:00,203.98,204.33,203.73,204.09,2032.0,5,0.0
2024-11-20 11:00:00,204.35,204.53,203.25,203.73,537.0,22,0.0
2024-11-20 12:00:00,203.74,204.3,203.56,204.21,502.0,33,0.0
2024-11-20 13:00:00,204.24,204.99,203.39,203.78,816.0,33,0.0
2024-11-20 14:00:00,203.73,203.73,200.87,200.94,4111.0,5,0.0
2024-11-20 15:00:00,200.95,201.45,199.44,201.13,7778.0,5,0.0
2024-11-20 16:00:00,201.12,202.22,200.58,201.92,4672.0,5,0.0
2024-11-20 17:00:00,201.91,202.23,200.71,201.12,3859.0,5,0.0
2024-11-20 18:00:00,201.13,201.41,200.69,201.24,3241.0,5,0.0
2024-11-20 19:00:00,201.23,201.6,200.95,201.21,2466.0,5,0.0
2024-11-20 20:00:00,201.2,202.47,201.02,202.11,3148.0,5,0.0
2024-11-21 11:00:00,202.8,203.01,202.65,202.91,347.0,22,0.0
2024-11-21 12:00:00,202.91,203.79,202.84,203.76,479.0,22,0.0
2024-11-21 13:00:00,203.78,205.19,203.71,204.22,614.0,22,0.0
2024-11-21 14:00:00,204.23,204.27,200.14,200.23,5719.0,5,0.0
2024-11-21 15:00:00,200.22,201.37,198.03,198.47,13909.0,5,0.0
2024-11-21 16:00:00,198.47,198.71,195.76,197.43,11080.0,5,0.0
2024-11-21 17:00:00,197.43,199.59,195.72,199.13,8245.0,5,0.0
2024-11-21 18:00:00,199.14,199.56,197.85,198.35,5339.0,5,0.0
2024-11-21 19:00:00,198.35,198.46,197.0,198.1,4092.0,5,0.0
2024-11-21 20:00:00,198.09,198.85,197.9,198.35,2890.0,5,0.0
2024-11-22 11:00:00,198.14,198.3,197.8,198.24,592.0,22,0.0
2024-11-22 12:00:00,198.29,198.46,198.11,198.37,476.0,22,0.0
2024-11-22 13:00:00,198.37,198.85,198.28,198.83,602.0,22,0.0
2024-11-22 14:00:00,198.82,200.09,197.25,197.8,4016.0,5,0.0
2024-11-22 15:00:00,197.73,198.92,196.72,198.72,8385.0,5,0.0
2024-11-22 16:00:00,198.73,198.74,197.1,197.8,4970.0,5,0.0
2024-11-22 17:00:00,197.81,198.29,197.52,197.72,2776.0,5,0.0
2024-11-22 18:00:00,197.71,198.22,197.09,197.45,2817.0,5,0.0
2024-11-22 19:00:00,197.46,197.53,197.01,197.5,2796.0,5,0.0
2024-11-22 20:00:00,197.5,197.59,196.83,197.3,2555.0,5,0.0
2024-11-25 11:00:00,198.66,199.24,198.58,198.82,207.0,33,0.0
2024-11-25 12:00:00,198.78,198.91,198.44,198.83,416.0,22,0.0
2024-11-25 13:00:00,198.81,199.68,198.47,199.28,495.0,22,0.0
2024-11-25 14:00:00,199.27,201.91,199.05,200.19,5236.0,5,0.0
2024-11-25 15:00:00,200.16,200.48,199.23,199.82,6657.0,5,0.0
2024-11-25 16:00:00,199.81,200.91,199.59,200.86,3467.0,5,0.0
2024-11-25 17:00:00,200.85,200.94,198.97,200.27,3928.0,5,0.0
2024-11-25 18:00:00,200.27,200.91,200.21,200.74,2572.0,5,0.0
2024-11-25 19:00:00,200.74,201.65,200.55,201.19,2681.0,5,0.0
2024-11-25 20:00:00,201.19,201.22,200.82,201.09,2077.0,5,0.0
2024-11-26 11:00:00,200.81,202.02,200.79,201.9,497.0,22,0.0
2024-11-26 12:00:00,201.87,202.07,201.44,201.94,524.0,22,0.0
2024-11-26 13:00:00,201.91,202.24,201.59,202.17,521.0,22,0.0
2024-11-26 14:00:00,202.17,205.86,201.25,205.69,5955.0,5,0.0
2024-11-26 15:00:00,205.68,207.22,205.36,207.13,9298.0,5,0.0
2024-11-26 16:00:00,207.11,207.75,205.71,206.19,5003.0,5,0.0
2024-11-26 17:00:00,206.19,206.26,205.24,206.1,3107.0,5,0.0
2024-11-26 18:00:00,206.1,207.09,205.87,206.91,2601.0,5,0.0
2024-11-26 19:00:00,206.9,207.1,205.84,206.8,3240.0,5,0.0
2024-11-26 20:00:00,206.81,207.51,206.71,207.33,2469.0,5,0.0
2024-11-27 11:00:00,207.68,207.7,207.2,207.25,400.0,22,0.0
2024-11-27 12:00:00,207.25,208.04,207.16,207.95,448.0,22,0.0
2024-11-27 13:00:00,207.93,208.65,207.93,208.17,904.0,22,0.0
2024-11-27 14:00:00,208.18,208.2,205.64,206.28,3515.0,5,0.0
2024-11-27 15:00:00,206.29,206.73,205.39,206.37,6084.0,5,0.0
2024-11-27 16:00:00,206.37,206.37,205.04,205.56,4118.0,5,0.0
2024-11-27 17:00:00,205.55,205.79,205.1,205.68,2398.0,5,0.0
2024-11-27 18:00:00,205.68,207.14,205.66,206.97,2253.0,5,0.0
2024-11-27 19:00:00,206.98,207.12,206.32,206.41,1940.0,5,0.0
2024-11-27 20:00:00,206.41,206.67,205.68,205.91,1617.0,5,0.0
2024-11-29 11:00:00,206.83,207.09,206.77,207.04,222.0,33,0.0
2024-11-29 12:00:00,206.98,206.98,206.37,206.67,512.0,22,0.0
2024-11-29 13:00:00,206.66,206.75,206.21,206.63,761.0,22,0.0
2024-11-29 14:00:00,206.63,207.08,204.49,205.99,3720.0,5,0.0
2024-11-29 15:00:00,206.0,206.32,205.47,205.87,4539.0,5,0.0
2024-11-29 16:00:00,205.88,206.71,205.54,206.44,3164.0,5,0.0
2024-11-29 17:00:00,206.44,208.08,206.27,207.88,3504.0,5,0.0
2024-12-02 11:00:00,208.65,209.29,208.61,208.98,374.0,33,0.0
2024-12-02 12:00:00,209.06,210.11,208.85,209.88,585.0,22,0.0
2024-12-02 13:00:00,209.92,210.34,209.62,209.8,592.0,22,0.0
2024-12-02 14:00:00,209.81,212.05,209.36,211.44,4770.0,5,0.0
2024-12-02 15:00:00,211.44,212.95,211.24,211.42,7293.0,5,0.0
2024-12-02 16:00:00,211.42,212.05,210.89,211.22,4018.0,5,0.0
2024-12-02 17:00:00,211.22,211.3,210.24,210.33,3098.0,5,0.0
2024-12-02 18:00:00,210.33,210.36,209.76,210.14,2818.0,5,0.0
2024-12-02 19:00:00,210.14,210.57,209.94,210.5,2186.0,5,0.0
2024-12-02 20:00:00,210.5,211.06,210.31,210.49,2284.0,5,0.0
2024-12-03 11:00:00,210.69,211.33,210.65,211.33,301.0,22,0.0
2024-12-03 12:00:00,211.31,211.34,210.78,210.97,383.0,22,0.0
2024-12-03 13:00:00,210.97,211.24,210.6,210.7,386.0,22,0.0
2024-12-03 14:00:00,210.68,211.41,209.57,211.25,3148.0,5,0.0
2024-12-03 15:00:00,211.24,212.28,211.14,212.25,4827.0,5,0.0
2024-12-03 16:00:00,212.25,213.28,211.81,212.1,4472.0,5,0.0
2024-12-03 17:00:00,212.11,213.71,211.46,213.68,3448.0,5,0.0
2024-12-03 18:00:00,213.67,213.99,212.66,212.82,3226.0,5,0.0
2024-12-03 19:00:00,212.82,213.15,212.62,212.87,2310.0,5,0.0
2024-12-03 20:00:00,212.87,212.96,212.32,212.55,1807.0,5,0.0
2024-12-04 11:00:00,214.69,214.83,214.63,214.76,167.0,33,0.0
2024-12-04 12:00:00,214.74,215.52,214.52,215.43,592.0,33,0.0
2024-12-04 13:00:00,215.4,216.25,215.4,215.72,855.0,22,0.0
2024-12-04 14:00:00,215.77,218.7,215.05,218.31,4313.0,5,0.0
2024-12-04 15:00:00,218.28,219.96,217.93,219.67,8379.0,5,0.0
2024-12-04 16:00:00,219.68,219.9,217.56,218.16,4901.0,5,0.0
2024-12-04 17:00:00,218.16,218.83,217.8,217.89,3275.0,5,0.0
2024-12-04 18:00:00,217.89,217.89,217.25,217.33,2901.0,5,0.0
2024-12-04 19:00:00,217.32,218.07,217.23,217.66,2475.0,5,0.0
2024-12-04 20:00:00,217.67,218.86,217.58,218.75,1957.0,5,0.0
2024-12-05 11:00:00,217.87,218.07,217.6,218.07,233.0,33,0.0
2024-12-05 12:00:00,218.0,218.78,217.86,218.78,397.0,22,0.0
2024-12-05 13:00:00,218.76,218.76,218.1,218.32,481.0,22,0.0
2024-12-05 14:00:00,218.32,218.64,217.22,218.25,3695.0,5,0.0
2024-12-05 15:00:00,218.24,219.8,217.86,218.87,5886.0,5,0.0
2024-12-05 16:00:00,218.86,220.16,218.45,220.06,3641.0,5,0.0
2024-12-05 17:00:00,220.06,221.86,219.77,221.5,3833.0,5,0.0
2024-12-05 18:00:00,221.5,222.12,220.45,220.5,4080.0,5,0.0
2024-12-05 19:00:00,220.51,221.25,220.25,220.99,2550.0,5,0.0
2024-12-05 20:00:00,220.98,221.61,220.55,221.08,2450.0,5,0.0
2024-12-06 11:00:00,220.66,220.92,220.44,220.89,304.0,22,0.0
2024-12-06 12:00:00,220.91,221.48,220.76,221.39,325.0,22,0.0
2024-12-06 13:00:00,221.42,222.24,221.37,221.53,981.0,22,0.0
2024-12-06 14:00:00,221.55,224.3,220.48,223.65,5010.0,5,0.0
2024-12-06 15:00:00,223.69,224.91,223.41,224.56,6794.0,5,0.0
2024-12-06 16:00:00,224.57,225.51,224.29,225.12,5065.0,5,0.0
2024-12-06 17:00:00,225.12,225.15,224.4,224.68,3517.0,5,0.0
2024-12-06 18:00:00,224.68,225.17,224.52,225.09,3116.0,5,0.0
2024-12-06 19:00:00,225.07,225.78,224.32,225.75,3025.0,5,0.0
2024-12-06 20:00:00,225.76,226.61,225.51,226.43,2443.0,5,0.0
2024-12-09 11:00:00,227.24,227.43,226.43,227.23,489.0,22,0.0
2024-12-09 12:00:00,227.18,227.49,226.61,227.42,433.0,22,0.0
2024-12-09 13:00:00,227.42,227.53,226.26,226.26,444.0,22,0.0
2024-12-09 14:00:00,226.28,229.71,225.86,228.51,3883.0,5,0.0
2024-12-09 15:00:00,228.49,229.98,226.08,227.07,6990.0,5,0.0
2024-12-09 16:00:00,227.07,229.5,226.7,229.28,5426.0,5,0.0
2024-12-09 17:00:00,229.27,230.04,228.53,229.21,4113.0,5,0.0
2024-12-09 18:00:00,229.23,229.59,228.66,229.36,3195.0,5,0.0
2024-12-09 19:00:00,229.36,229.38,227.68,227.99,3687.0,5,0.0
2024-12-09 20:00:00,227.98,228.02,226.1,226.17,3620.0,5,0.0
2024-12-10 11:00:00,226.64,226.64,225.94,226.05,353.0,33,0.0
2024-12-10 12:00:00,226.11,226.32,225.94,226.06,331.0,22,0.0
2024-12-10 13:00:00,226.07,226.26,225.5,225.58,581.0,22,0.0
2024-12-10 14:00:00,225.57,227.95,225.33,227.43,3743.0,5,0.0
2024-12-10 15:00:00,227.41,229.0,227.21,227.92,5105.0,5,0.0
2024-12-10 16:00:00,227.92,228.06,226.65,227.74,5355.0,5,0.0
2024-12-10 17:00:00,227.73,227.96,226.5,226.76,2641.0,5,0.0
2024-12-10 18:00:00,226.75,227.12,226.03,226.06,2581.0,5,0.0
2024-12-10 19:00:00,226.07,226.11,224.48,224.8,3689.0,5,0.0
2024-12-10 20:00:00,224.8,225.04,224.18,224.95,2692.0,5,0.0
2024-12-11 11:00:00,225.28,225.41,225.22,225.22,166.0,33,0.0
2024-12-11 12:00:00,225.25,225.36,225.02,225.27,321.0,22,0.0
2024-12-11 13:00:00,225.28,226.53,225.23,226.51,600.0,22,0.0
2024-12-11 14:00:00,226.51,229.65,226.11,229.18,3644.0,5,0.0
2024-12-11 15:00:00,229.2,231.16,229.11,230.32,6746.0,5,0.0
2024-12-11 16:00:00,230.32,230.6,229.33,230.22,4109.0,5,0.0
2024-12-11 17:00:00,230.22,230.92,229.89,230.62,3013.0,5,0.0
2024-12-11 18:00:00,230.62,230.64,229.82,230.1,2353.0,5,0.0
2024-12-11 19:00:00,230.1,230.39,229.41,229.51,2157.0,5,0.0
2024-12-11 20:00:00,229.51,230.04,229.45,229.8,1693.0,5,0.0
2024-12-12 11:00:00,229.48,229.75,229.17,229.26,406.0,22,0.0
2024-12-12 12:00:00,229.27,230.39,229.27,230.38,462.0,22,0.0
2024-12-12 13:00:00,230.38,230.61,229.13,229.25,798.0,22,0.0
2024-12-12 14:00:00,229.27,230.13,227.58,228.69,3316.0,5,0.0
2024-12-12 15:00:00,228.67,230.8,228.06,230.37,5756.0,5,0.0
2024-12-12 16:00:00,230.36,231.05,229.28,229.8,3272.0,5,0.0
2024-12-12 17:00:00,229.78,230.45,229.5,230.21,2713.0,5,0.0
2024-12-12 18:00:00,230.21,230.32,229.51,229.53,2042.0,5,0.0
2024-12-12 19:00:00,229.54,229.72,228.56,228.72,2291.0,5,0.0
2024-12-12 20:00:00,228.7,229.03,228.45,228.64,1951.0,5,0.0
2024-12-13 11:00:00,228.67,228.9,228.46,228.63,298.0,22,0.0
2024-12-13 12:00:00,228.67,228.87,228.2,228.69,405.0,33,0.0
2024-12-13 13:00:00,228.69,228.79,228.42,228.48,414.0,22,0.0
2024-12-13 14:00:00,228.48,230.11,228.0,229.42,2655.0,5,0.0
2024-12-13 15:00:00,229.42,229.57,226.11,226.22,5357.0,5,0.0
2024-12-13 16:00:00,226.23,227.7,225.83,227.18,4106.0,5,0.0
2024-12-13 17:00:00,227.17,227.94,226.96,227.33,2774.0,5,0.0
2024-12-13 18:00:00,227.33,228.37,227.16,228.05,2132.0,5,0.0
2024-12-13 19:00:00,228.06,228.62,227.66,228.42,1942.0,5,0.0
2024-12-13 20:00:00,228.42,228.51,226.97,227.71,1766.0,5,0.0
2024-12-16 11:00:00,228.73,229.05,228.55,228.87,259.0,33,0.0
2024-12-16 12:00:00,228.89,228.94,228.13,228.68,388.0,33,0.0
2024-12-16 13:00:00,228.68,229.83,228.58,229.65,501.0,22,0.0
2024-12-16 14:00:00,229.66,231.94,228.91,229.36,3792.0,5,0.0
2024-12-16 15:00:00,229.3,230.42,227.98,229.72,6117.0,5,0.0
2024-12-16 16:00:00,229.71,230.94,229.69,230.69,4149.0,5,0.0
2024-12-16 17:00:00,230.68,231.43,230.17,231.33,3447.0,5,0.0
2024-12-16 18:00:00,231.33,231.98,230.94,231.92,2727.0,5,0.0
2024-12-16 19:00:00,231.91,232.14,231.38,232.01,2369.0,5,0.0
2024-12-16 20:00:00,232.02,232.9,231.75,232.61,2333.0,5,0.0
2024-12-17 11:00:00,232.31,232.34,232.0,232.16,353.0,22,0.0
2024-12-17 12:00:00,232.17,232.33,231.64,231.98,476.0,22,0.0
2024-12-17 13:00:00,231.98,232.3,231.49,232.21,631.0,33,0.0
2024-12-17 14:00:00,232.24,232.61,228.16,228.21,4516.0,5,0.0
2024-12-17 15:00:00,228.19,230.35,227.81,230.04,8845.0,5,0.0
2024-12-17 16:00:00,230.03,231.79,230.0,231.26,6059.0,5,0.0
2024-12-17 17:00:00,231.26,231.75,230.49,231.64,4136.0,5,0.0
2024-12-17 18:00:00,231.63,232.47,231.17,232.1,3510.0,5,0.0
2024-12-17 19:00:00,232.1,232.32,230.95,231.01,2485.0,5,0.0
2024-12-17 20:00:00,231.01,231.4,230.85,231.26,2316.0,5,0.0
2024-12-18 11:00:00,231.65,233.1,231.44,232.83,509.0,22,0.0
2024-12-18 12:00:00,232.82,233.14,232.42,232.48,336.0,33,0.0
2024-12-18 13:00:00,232.48,232.74,231.08,231.23,478.0,33,0.0
2024-12-18 14:00:00,231.23,231.6,229.14,230.21,3338.0,5,0.0
2024-12-18 15:00:00,230.19,231.35,229.8,230.6,3762.0,5,0.0
2024-12-18 16:00:00,230.59,230.92,229.59,229.89,3629.0,5,0.0
2024-12-18 17:00:00,229.9,230.49,229.65,229.84,2495.0,5,0.0
2024-12-18 18:00:00,229.84,230.42,229.74,230.23,1969.0,5,0.0
2024-12-18 19:00:00,230.23,230.23,226.19,226.3,7591.0,5,0.0
2024-12-18 20:00:00,226.32,226.46,220.29,220.42,10397.0,5,0.0
2024-12-19 11:00:00,221.74,222.77,221.74,222.58,507.0,33,0.0
2024-12-19 12:00:00,222.55,224.1,222.55,223.73,654.0,33,0.0
2024-12-19 13:00:00,223.73,224.12,222.89,222.89,838.0,33,0.0
2024-12-19 14:00:00,222.86,225.66,222.47,224.47,4983.0,11,0.0
2024-12-19 15:00:00,224.44,225.35,223.18,224.72,6506.0,5,0.0
2024-12-19 16:00:00,224.7,226.05,223.67,225.8,5590.0,5,0.0
2024-12-19 17:00:00,225.78,225.96,223.95,224.96,5664.0,5,0.0
2024-12-19 18:00:00,224.96,225.16,223.97,225.16,4381.0,5,0.0
2024-12-19 19:00:00,225.16,225.22,224.21,224.47,3922.0,5,0.0
2024-12-19 20:00:00,224.48,224.9,223.4,224.47,4079.0,5,0.0
2024-12-20 11:00:00,218.51,218.91,216.99,217.75,940.0,33,0.0
2024-12-20 12:00:00,217.9,217.93,216.33,217.92,956.0,33,0.0
2024-12-20 13:00:00,217.92,220.02,217.19,219.63,1245.0,33,0.0
2024-12-20 14:00:00,219.73,220.89,218.18,219.7,4336.0,5,0.0
2024-12-20 15:00:00,219.76,223.8,219.76,222.48,8012.0,5,0.0
2024-12-20 16:00:00,222.48,225.82,222.38,225.67,7302.0,5,0.0
2024-12-20 17:00:00,225.68,226.18,224.59,224.64,4904.0,5,0.0
2024-12-20 18:00:00,224.63,225.29,223.66,224.7,5064.0,5,0.0
2024-12-20 19:00:00,224.73,225.54,224.35,225.02,3824.0,5,0.0
2024-12-20 20:00:00,225.02,225.13,223.53,224.18,3636.0,5,0.0
2024-12-23 11:00:00,225.05,225.1,224.38,224.67,352.0,33,0.0
2024-12-23 12:00:00,224.71,226.22,224.71,226.0,642.0,33,0.0
2024-12-23 13:00:00,225.99,226.26,224.42,224.73,732.0,33,0.0
2024-12-23 14:00:00,224.73,225.45,223.8,224.9,3435.0,11,0.0
2024-12-23 15:00:00,224.92,225.88,223.96,225.3,4569.0,5,0.0
2024-12-23 16:00:00,225.3,226.45,225.22,226.36,2813.0,5,0.0
2024-12-23 17:00:00,226.35,226.85,225.71,225.93,2807.0,5,0.0
2024-12-23 18:00:00,225.93,226.22,225.38,226.15,2429.0,5,0.0
2024-12-23 19:00:00,226.14,226.31,225.15,225.46,2238.0,5,0.0
2024-12-23 20:00:00,225.45,225.64,224.81,225.42,2683.0,5,0.0
2024-12-24 11:00:00,225.38,225.4,225.05,225.08,69.0,22,0.0
2024-12-24 12:00:00,225.04,225.53,225.0,225.46,171.0,22,0.0
2024-12-24 13:00:00,225.48,225.52,225.16,225.5,224.0,33,0.0
2024-12-24 14:00:00,225.51,228.55,225.39,228.33,3004.0,5,0.0
2024-12-24 15:00:00,228.35,229.1,227.25,228.49,4995.0,5,0.0
2024-12-24 16:00:00,228.49,228.89,228.09,228.55,2963.0,5,0.0
2024-12-24 17:00:00,228.55,228.98,228.15,228.93,3446.0,5,0.0
2024-12-26 11:00:00,228.49,228.62,228.29,228.54,93.0,33,0.0
2024-12-26 12:00:00,228.6,228.65,227.96,228.26,290.0,33,0.0
2024-12-26 13:00:00,228.26,228.53,228.08,228.23,238.0,33,0.0
2024-12-26 14:00:00,228.22,228.38,226.63,227.75,2258.0,5,0.0
2024-12-26 15:00:00,227.75,228.14,227.02,227.49,3612.0,5,0.0
2024-12-26 16:00:00,227.48,227.66,227.0,227.45,2215.0,5,0.0
2024-12-26 17:00:00,227.44,228.26,227.21,227.54,2906.0,5,0.0
2024-12-26 18:00:00,227.55,228.05,227.55,227.77,2494.0,5,0.0
2024-12-26 19:00:00,227.76,228.32,227.45,228.24,2061.0,5,0.0
2024-12-26 20:00:00,228.24,228.38,227.73,227.81,1918.0,5,0.0
2024-12-27 11:00:00,225.78,225.79,225.6,225.73,77.0,33,0.0
2024-12-27 12:00:00,225.77,226.11,225.77,225.96,107.0,33,0.0
2024-12-27 13:00:00,225.96,225.96,225.23,225.42,292.0,33,0.0
2024-12-27 14:00:00,225.42,226.17,222.52,222.74,3706.0,5,0.0
2024-12-27 15:00:00,222.79,222.93,220.89,221.89,7662.0,5,0.0
2024-12-27 16:00:00,221.88,222.73,221.27,221.86,4925.0,5,0.0
2024-12-27 17:00:00,221.86,222.5,221.38,222.18,4041.0,5,0.0
2024-12-27 18:00:00,222.16,223.4,222.05,223.17,3412.0,5,0.0
2024-12-27 19:00:00,223.17,223.77,222.63,223.64,3521.0,5,0.0
2024-12-27 20:00:00,223.63,223.68,222.89,222.99,2871.0,5,0.0
2024-12-30 11:00:00,223.28,223.29,222.92,223.07,159.0,33,0.0
2024-12-30 12:00:00,223.11,223.26,221.18,221.26,519.0,33,0.0
2024-12-30 13:00:00,221.23,221.51,220.18,220.18,617.0,33,0.0
2024-12-30 14:00:00,220.18,220.47,218.82,218.9,4251.0,5,0.0
2024-12-30 15:00:00,218.89,220.13,218.39,219.64,9011.0,5,0.0
2024-12-30 16:00:00,219.64,221.21,219.39,221.14,4936.0,5,0.0
2024-12-30 17:00:00,221.13,222.19,220.69,222.11,3789.0,5,0.0
2024-12-30 18:00:00,222.12,222.3,221.24,222.09,3683.0,5,0.0
2024-12-30 19:00:00,222.09,222.62,221.47,222.49,3208.0,5,0.0
2024-12-30 20:00:00,222.49,222.95,222.01,222.27,3450.0,5,0.0
2024-12-31 11:00:00,222.64,222.99,222.3,222.7,142.0,33,0.0
2024-12-31 12:00:00,222.68,223.04,222.52,222.68,216.0,33,0.0
2024-12-31 13:00:00,222.7,223.16,222.55,222.63,322.0,33,0.0
2024-12-31 14:00:00,222.61,223.04,221.07,222.23,3794.0,5,0.0
2024-12-31 15:00:00,222.22,222.35,221.14,221.42,6498.0,5,0.0
2024-12-31 16:00:00,221.41,221.45,220.33,220.99,4314.0,5,0.0
2024-12-31 17:00:00,221.0,221.21,219.69,220.76,3662.0,5,0.0
2024-12-31 18:00:00,220.75,221.1,219.7,220.19,4060.0,5,0.0
2024-12-31 19:00:00,220.18,220.77,219.85,220.74,3839.0,5,0.0
2024-12-31 20:00:00,220.73,221.3,220.16,220.79,3413.0,5,0.0
2025-01-02 11:00:00,221.37,222.54,221.14,222.42,504.0,33,0.0
2025-01-02 12:00:00,222.37,222.85,222.08,222.34,751.0,33,0.0
2025-01-02 13:00:00,222.31,222.69,222.03,222.18,662.0,33,0.0
2025-01-02 14:00:00,222.19,224.03,220.53,223.94,4876.0,5,0.0
2025-01-02 15:00:00,223.96,225.06,221.71,222.65,8474.0,5,0.0
2025-01-02 16:00:00,222.66,223.9,221.71,223.01,6930.0,5,0.0
2025-01-02 17:00:00,223.02,223.62,218.17,219.28,9160.0,5,0.0
2025-01-02 18:00:00,219.29,219.86,218.55,219.17,7445.0,5,0.0
2025-01-02 19:00:00,219.17,220.38,218.99,219.63,5755.0,5,0.0
2025-01-02 20:00:00,219.64,220.73,219.64,219.8,4463.0,5,0.0
2025-01-03 11:00:00,221.51,221.53,221.24,221.39,215.0,33,0.0
2025-01-03 12:00:00,221.13,221.6,221.07,221.47,187.0,22,0.0
2025-01-03 13:00:00,221.47,221.89,221.21,221.22,400.0,22,0.0
2025-01-03 14:00:00,221.24,225.34,221.02,224.14,3914.0,5,0.0
2025-01-03 15:00:00,224.12,224.3,221.57,222.7,8353.0,5,0.0
2025-01-03 16:00:00,222.72,224.7,222.2,224.34,4930.0,5,0.0
2025-01-03 17:00:00,224.35,224.72,223.39,223.42,3168.0,5,0.0
2025-01-03 18:00:00,223.41,224.27,223.09,223.51,2348.0,5,0.0
2025-01-03 19:00:00,223.48,224.47,223.39,223.97,2137.0,5,0.0
2025-01-03 20:00:00,223.96,223.96,223.43,223.56,2081.0,5,0.0
2025-01-06 11:00:00,226.08,226.77,225.82,226.66,341.0,33,0.0
2025-01-06 12:00:00,226.63,226.79,225.97,226.73,612.0,33,0.0
2025-01-06 13:00:00,226.74,227.09,226.41,226.88,412.0,33,0.0
2025-01-06 14:00:00,226.88,227.66,224.81,226.01,4477.0,5,0.0
2025-01-06 15:00:00,226.03,228.81,225.4,228.2,7062.0,5,0.0
2025-01-06 16:00:00,228.21,228.66,227.66,228.37,4087.0,5,0.0
2025-01-06 17:00:00,228.39,228.39,226.75,227.19,3951.0,5,0.0
2025-01-06 18:00:00,227.19,227.19,226.14,226.16,3609.0,5,0.0
2025-01-06 19:00:00,226.17,226.48,225.82,225.85,3359.0,5,0.0
2025-01-06 20:00:00,225.84,227.31,225.72,227.26,2490.0,5,0.0
2025-01-07 11:00:00,227.25,227.32,226.97,227.1,307.0,22,0.0
2025-01-07 12:00:00,227.15,227.8,226.96,227.72,208.0,22,0.0
2025-01-07 13:00:00,227.66,227.8,227.53,227.64,303.0,33,0.0
2025-01-07 14:00:00,227.64,228.55,225.72,225.91,3036.0,5,0.0
2025-01-07 15:00:00,225.8,225.8,222.13,223.89,9403.0,5,0.0
2025-01-07 16:00:00,223.88,224.25,222.82,222.9,6269.0,5,0.0
2025-01-07 17:00:00,222.91,223.3,222.42,222.94,3860.0,5,0.0
2025-01-07 18:00:00,222.95,223.73,222.89,223.04,2907.0,5,0.0
2025-01-07 19:00:00,223.03,223.4,222.52,222.6,2576.0,5,0.0
2025-01-07 20:00:00,222.61,222.65,221.43,221.84,3381.0,5,0.0
2025-01-08 11:00:00,223.0,223.12,221.29,222.34,659.0,33,0.0
2025-01-08 12:00:00,222.38,222.55,220.17,220.58,829.0,33,0.0
2025-01-08 13:00:00,220.59,222.36,220.59,222.34,1008.0,33,0.0
2025-01-08 14:00:00,222.34,223.52,221.73,222.57,4227.0,5,0.0
2025-01-08 15:00:00,222.57,222.8,220.19,221.52,8990.0,5,0.0
2025-01-08 16:00:00,221.54,222.7,220.89,222.32,4412.0,5,0.0
2025-01-08 17:00:00,222.32,222.36,220.29,221.54,4923.0,5,0.0
2025-01-08 18:00:00,221.53,223.13,221.47,222.17,4771.0,5,0.0
2025-01-08 19:00:00,222.19,223.48,221.78,221.91,5265.0,5,0.0
2025-01-08 20:00:00,221.92,222.01,221.26,221.72,2664.0,5,0.0
2025-01-10 11:00:00,221.48,221.96,221.33,221.37,263.0,22,0.0
2025-01-10 12:00:00,221.28,221.61,220.92,221.55,416.0,33,0.0
2025-01-10 13:00:00,221.51,221.51,218.93,220.29,1377.0,33,0.0
2025-01-10 14:00:00,220.25,221.52,217.49,218.17,5793.0,5,0.0
2025-01-10 15:00:00,218.16,219.65,216.49,218.28,11688.0,5,0.0
2025-01-10 16:00:00,218.3,218.46,217.14,217.16,6999.0,5,0.0
2025-01-10 17:00:00,217.16,218.91,216.94,218.78,4601.0,5,0.0
2025-01-10 18:00:00,218.76,220.76,218.52,220.72,4500.0,5,0.0
2025-01-10 19:00:00,220.74,220.8,219.11,219.65,4814.0,5,0.0
2025-01-10 20:00:00,219.64,219.9,218.52,219.0,3949.0,5,0.0
2025-01-13 11:00:00,216.06,216.46,215.98,216.34,375.0,22,0.0
2025-01-13 12:00:00,216.35,217.47,216.31,217.06,481.0,22,0.0
2025-01-13 13:00:00,217.06,217.94,216.86,217.47,618.0,33,0.0
2025-01-13 14:00:00,217.43,219.36,216.42,218.34,5039.0,5,0.0
2025-01-13 15:00:00,218.33,219.16,217.35,217.62,8002.0,5,0.0
2025-01-13 16:00:00,217.63,217.92,216.81,216.84,5717.0,5,0.0
2025-01-13 17:00:00,216.83,218.46,216.6,218.35,4612.0,5,0.0
2025-01-13 18:00:00,218.34,219.19,218.31,218.65,3695.0,5,0.0
2025-01-13 19:00:00,218.65,218.77,217.64,218.71,3266.0,5,0.0
2025-01-13 20:00:00,218.71,218.98,218.23,218.29,2809.0,5,0.0
2025-01-14 11:00:00,219.7,219.74,219.33,219.38,281.0,33,0.0
2025-01-14 12:00:00,219.38,219.44,218.45,218.89,356.0,33,0.0
2025-01-14 13:00:00,218.88,221.49,218.76,220.0,1047.0,33,0.0
2025-01-14 14:00:00,220.0,221.76,219.51,220.3,3432.0,5,0.0
2025-01-14 15:00:00,220.3,221.32,218.84,218.95,6159.0,5,0.0
2025-01-14 16:00:00,218.96,219.14,217.37,217.42,5862.0,5,0.0
2025-01-14 17:00:00,217.41,217.89,216.55,217.56,3923.0,5,0.0
2025-01-14 18:00:00,217.54,219.36,217.45,219.11,3241.0,5,0.0
2025-01-14 19:00:00,219.12,219.42,217.2,217.26,3346.0,5,0.0
2025-01-14 20:00:00,217.26,217.4,216.19,216.83,5133.0,5,0.0
2025-01-15 11:00:00,218.18,218.55,218.14,218.39,230.0,33,0.0
2025-01-15 12:00:00,218.42,219.11,218.28,218.94,344.0,33,0.0
2025-01-15 13:00:00,218.92,222.9,218.73,222.11,1563.0,33,0.0
2025-01-15 14:00:00,222.11,223.35,221.64,222.66,4151.0,5,0.0
2025-01-15 15:00:00,222.65,223.41,221.46,221.51,5922.0,5,0.0
2025-01-15 16:00:00,221.52,222.3,220.74,220.87,4807.0,5,0.0
2025-01-15 17:00:00,220.87,222.16,220.77,221.54,3518.0,5,0.0
2025-01-15 18:00:00,221.55,222.57,221.52,222.34,2666.0,5,0.0
2025-01-15 19:00:00,222.34,222.82,222.19,222.65,2454.0,5,0.0
2025-01-15 20:00:00,222.65,223.28,222.64,223.14,2026.0,5,0.0
2025-01-16 11:00:00,224.12,224.21,224.0,224.19,141.0,33,0.0
2025-01-16 12:00:00,224.15,224.15,223.71,223.84,385.0,33,0.0
2025-01-16 13:00:00,223.81,224.52,223.48,224.25,667.0,22,0.0
2025-01-16 14:00:00,224.25,224.44,222.58,223.35,3374.0,5,0.0
2025-01-16 15:00:00,223.34,223.56,222.51,223.53,6344.0,5,0.0
2025-01-16 16:00:00,223.52,224.49,222.51,222.81,5008.0,5,0.0
2025-01-16 17:00:00,222.79,222.84,222.03,222.09,2965.0,5,0.0
2025-01-16 18:00:00,222.09,222.29,220.3,220.51,3861.0,5,0.0
2025-01-16 19:00:00,220.5,221.83,220.35,221.68,2707.0,5,0.0
2025-01-16 20:00:00,221.68,221.99,221.16,221.28,2496.0,5,0.0
2025-01-17 11:00:00,221.77,221.83,221.48,221.5,151.0,33,0.0
2025-01-17 12:00:00,221.5,221.81,221.33,221.67,241.0,33,0.0
2025-01-17 13:00:00,221.67,224.08,221.67,224.0,805.0,22,0.0
2025-01-17 14:00:00,224.0,226.53,223.67,223.77,4998.0,5,0.0
2025-01-17 15:00:00,223.79,224.57,223.06,223.9,7098.0,5,0.0
2025-01-17 16:00:00,223.89,225.55,223.44,224.65,4959.0,5,0.0
2025-01-17 17:00:00,224.63,224.98,224.26,224.89,2454.0,5,0.0
2025-01-17 18:00:00,224.89,225.83,224.72,225.19,2915.0,5,0.0
2025-01-17 19:00:00,225.19,226.43,225.16,226.23,3029.0,5,0.0
2025-01-17 20:00:00,226.22,226.38,225.5,225.73,2532.0,5,0.0
2025-01-21 11:00:00,228.43,228.62,228.25,228.38,369.0,33,0.0
2025-01-21 12:00:00,228.36,228.6,227.72,228.56,381.0,33,0.0
2025-01-21 13:00:00,228.56,228.86,228.19,228.84,476.0,22,0.0
2025-01-21 14:00:00,228.87,230.87,227.59,228.19,4731.0,11,0.0
2025-01-21 15:00:00,228.12,228.96,226.9,228.85,5116.0,5,0.0
2025-01-21 16:00:00,228.86,231.45,228.29,231.14,4358.0,5,0.0
2025-01-21 17:00:00,231.13,231.75,230.83,231.29,3308.0,5,0.0
2025-01-21 18:00:00,231.28,231.7,230.92,231.56,3107.0,5,0.0
2025-01-21 19:00:00,231.56,231.63,230.39,230.87,2522.0,5,0.0
2025-01-21 20:00:00,230.87,231.04,230.12,230.76,2099.0,5,0.0
2025-01-22 11:00:00,232.07,232.2,231.88,231.95,294.0,33,0.0
2025-01-22 12:00:00,231.93,232.32,231.87,232.23,342.0,33,0.0
2025-01-22 13:00:00,232.27,232.77,232.2,232.44,451.0,22,0.0
2025-01-22 14:00:00,232.44,233.96,231.16,233.89,4162.0,5,0.0
2025-01-22 15:00:00,233.87,235.35,233.54,234.32,5554.0,5,0.0
2025-01-22 16:00:00,234.34,235.21,233.77,235.02,3715.0,5,0.0
2025-01-22 17:00:00,235.03,235.11,233.92,234.3,3199.0,5,0.0
2025-01-22 18:00:00,234.31,234.39,232.59,232.69,2869.0,5,0.0
2025-01-22 19:00:00,232.69,233.67,232.63,233.41,2657.0,5,0.0
2025-01-22 20:00:00,233.39,233.98,233.27,233.92,2213.0,5,0.0
2025-01-23 11:00:00,233.94,234.21,233.72,234.09,314.0,22,0.0
2025-01-23 12:00:00,234.13,234.72,233.67,234.72,484.0,22,0.0
2025-01-23 13:00:00,234.66,234.78,234.19,234.66,371.0,33,0.0
2025-01-23 14:00:00,234.7,234.75,231.44,233.14,3309.0,5,0.0
2025-01-23 15:00:00,233.16,235.04,233.06,234.23,4458.0,5,0.0
2025-01-23 16:00:00,234.22,234.64,233.61,233.92,3087.0,5,0.0
2025-01-23 17:00:00,233.92,233.92,233.1,233.51,2231.0,5,0.0
2025-01-23 18:00:00,233.51,233.99,233.3,233.72,1697.0,5,0.0
2025-01-23 19:00:00,233.71,233.9,233.22,233.87,1804.0,5,0.0
2025-01-23 20:00:00,233.87,234.53,233.71,234.37,1672.0,5,0.0
2025-01-24 11:00:00,235.37,235.79,235.36,235.76,197.0,33,0.0
2025-01-24 12:00:00,235.74,235.82,235.27,235.71,361.0,33,0.0
2025-01-24 13:00:00,235.71,235.87,235.4,235.43,354.0,22,0.0
2025-01-24 14:00:00,235.46,236.32,234.34,235.93,2855.0,5,0.0
2025-01-24 15:00:00,236.02,236.32,234.04,234.2,5240.0,5,0.0
2025-01-24 16:00:00,234.19,234.77,233.68,233.77,3223.0,5,0.0
2025-01-24 17:00:00,233.77,234.06,233.64,233.78,2732.0,5,0.0
2025-01-24 18:00:00,233.77,234.08,233.31,233.46,2826.0,5,0.0
2025-01-24 19:00:00,233.45,233.72,232.92,233.08,2617.0,5,0.0
2025-01-24 20:00:00,233.08,233.94,233.07,233.91,1991.0,5,0.0
2025-01-27 11:00:00,219.07,223.97,218.86,223.5,1790.0,33,0.0
2025-01-27 12:00:00,223.57,225.46,223.38,224.6,1358.0,33,0.0
2025-01-27 13:00:00,224.6,227.87,223.93,226.66,1479.0,33,0.0
2025-01-27 14:00:00,226.64,229.67,225.28,229.58,6768.0,5,0.0
2025-01-27 15:00:00,229.55,233.83,228.9,232.35,8754.0,5,0.0
2025-01-27 16:00:00,232.37,233.86,231.88,232.72,7894.0,5,0.0
2025-01-27 17:00:00,232.73,233.46,231.0,231.69,6719.0,5,0.0
2025-01-27 18:00:00,231.7,233.25,231.47,233.09,6838.0,5,0.0
2025-01-27 19:00:00,233.1,234.51,232.15,232.33,7156.0,5,0.0
2025-01-27 20:00:00,232.34,233.42,231.44,233.41,5460.0,5,0.0
2025-01-28 11:00:00,234.34,234.64,233.94,234.21,462.0,33,0.0
2025-01-28 12:00:00,234.22,234.36,233.41,234.2,667.0,33,0.0
2025-01-28 13:00:00,234.2,234.98,234.0,234.29,490.0,33,0.0
2025-01-28 14:00:00,234.25,237.28,233.86,236.95,4765.0,11,0.0
2025-01-28 15:00:00,236.93,240.8,236.9,240.78,6987.0,5,0.0
2025-01-28 16:00:00,240.79,241.1,238.95,240.03,5639.0,5,0.0
2025-01-28 17:00:00,240.04,241.74,239.87,240.56,4205.0,5,0.0
2025-01-28 18:00:00,240.55,240.59,238.77,239.22,3575.0,5,0.0
2025-01-28 19:00:00,239.22,240.1,238.68,239.54,3449.0,5,0.0
2025-01-28 20:00:00,239.54,239.57,238.25,238.96,2917.0,5,0.0
2025-01-29 11:00:00,239.35,240.06,239.35,239.97,312.0,33,0.0
2025-01-29 12:00:00,239.92,240.49,239.69,239.94,371.0,33,0.0
2025-01-29 13:00:00,239.93,239.93,239.05,239.6,631.0,33,0.0
2025-01-29 14:00:00,239.62,240.2,236.74,237.06,3434.0,11,0.0
2025-01-29 15:00:00,237.08,238.89,236.5,238.38,5032.0,5,0.0
2025-01-29 16:00:00,238.39,238.48,237.16,237.51,4007.0,5,0.0
2025-01-29 17:00:00,237.5,238.62,237.35,237.55,3273.0,5,0.0
2025-01-29 18:00:00,237.56,237.99,236.54,237.59,5382.0,5,0.0
2025-01-29 19:00:00,237.57,238.23,236.12,237.76,6735.0,5,0.0
2025-01-29 20:00:00,237.75,238.23,236.73,237.53,6227.0,5,0.0
2025-01-30 11:00:00,236.88,236.97,236.01,236.88,416.0,33,0.0
2025-01-30 12:00:00,236.87,237.32,236.36,237.17,534.0,33,0.0
2025-01-30 13:00:00,237.17,237.95,235.88,236.64,836.0,33,0.0
2025-01-30 14:00:00,236.63,237.87,234.51,236.95,4723.0,5,0.0
2025-01-30 15:00:00,236.95,236.95,233.2,233.22,8322.0,5,0.0
2025-01-30 16:00:00,233.21,235.35,232.17,235.11,7178.0,5,0.0
2025-01-30 17:00:00,235.12,235.68,234.02,234.39,4593.0,5,0.0
2025-01-30 18:00:00,234.39,235.72,234.3,235.62,3260.0,5,0.0
2025-01-30 19:00:00,235.62,235.93,234.85,235.93,2617.0,5,0.0
2025-01-30 20:00:00,235.92,236.17,234.54,234.76,3819.0,5,0.0
2025-01-31 11:00:00,236.38,236.55,236.38,236.54,200.0,33,0.0
2025-01-31 12:00:00,236.52,236.88,236.46,236.48,336.0,33,0.0
2025-01-31 13:00:00,236.48,236.85,236.36,236.71,456.0,22,0.0
2025-01-31 14:00:00,236.71,239.67,236.09,239.18,3491.0,5,0.0
2025-01-31 15:00:00,239.16,239.57,237.74,239.26,5083.0,5,0.0
2025-01-31 16:00:00,239.24,239.8,238.45,239.55,4159.0,5,0.0
2025-01-31 17:00:00,239.55,239.85,238.54,239.39,3447.0,5,0.0
2025-01-31 18:00:00,239.4,240.26,238.13,238.63,6857.0,5,0.0
2025-01-31 19:00:00,238.63,238.91,236.91,238.15,7205.0,5,0.0
2025-01-31 20:00:00,238.13,238.13,236.94,237.56,6471.0,5,0.0
2025-02-03 11:00:00,233.37,234.02,232.86,233.19,504.0,33,0.0
2025-02-03 12:00:00,233.19,234.04,232.22,233.19,1125.0,33,0.0
2025-02-03 13:00:00,233.19,234.59,233.19,234.23,1143.0,33,0.0
2025-02-03 14:00:00,234.16,238.15,232.4,235.45,5308.0,11,0.0
2025-02-03 15:00:00,235.36,236.55,232.87,236.35,9455.0,5,0.0
2025-02-03 16:00:00,236.33,238.39,235.77,237.84,6377.0,5,0.0
2025-02-03 17:00:00,237.85,239.21,237.27,238.01,6301.0,5,0.0
2025-02-03 18:00:00,238.0,238.49,237.43,238.04,4199.0,5,0.0
2025-02-03 19:00:00,238.02,238.25,237.46,237.55,3317.0,5,0.0
2025-02-03 20:00:00,237.58,238.12,237.42,237.56,2572.0,5,0.0
2025-02-04 11:00:00,237.08,238.83,236.84,238.23,792.0,22,0.0
2025-02-04 12:00:00,238.22,238.83,238.08,238.63,492.0,33,0.0
2025-02-04 13:00:00,238.63,238.81,238.04,238.3,508.0,33,0.0
2025-02-04 14:00:00,238.3,240.0,237.89,239.76,3430.0,5,0.0
2025-02-04 15:00:00,239.78,242.29,239.58,241.44,6225.0,5,0.0
2025-02-04 16:00:00,241.45,242.48,241.45,242.3,3899.0,5,0.0
2025-02-04 17:00:00,242.31,242.31,241.02,241.7,4111.0,5,0.0
2025-02-04 18:00:00,241.7,242.03,240.72,241.65,2660.0,5,0.0
2025-02-04 19:00:00,241.65,242.48,241.49,241.86,2363.0,5,0.0
2025-02-04 20:00:00,241.86,242.01,241.65,241.74,2095.0,5,0.0
2025-02-05 11:00:00,238.29,238.79,238.24,238.62,337.0,33,0.0
2025-02-05 12:00:00,238.68,239.06,238.25,239.01,440.0,33,0.0
2025-02-05 13:00:00,238.98,239.38,238.29,238.53,782.0,33,0.0
2025-02-05 14:00:00,238.53,238.61,235.41,236.96,5429.0,5,0.0
2025-02-05 15:00:00,237.07,237.87,235.74,236.44,6215.0,5,0.0
2025-02-05 16:00:00,236.42,236.81,235.17,236.59,4884.0,5,0.0
2025-02-05 17:00:00,236.58,237.27,236.5,237.07,3446.0,5,0.0
2025-02-05 18:00:00,237.08,238.19,236.62,236.72,2923.0,5,0.0
2025-02-05 19:00:00,236.71,237.04,235.94,236.12,2911.0,5,0.0
2025-02-05 20:00:00,236.12,236.47,235.57,235.67,2216.0,5,0.0
2025-02-06 11:00:00,237.38,237.49,236.69,237.13,520.0,33,0.0
2025-02-06 12:00:00,237.15,237.5,236.88,237.5,364.0,33,0.0
2025-02-06 13:00:00,237.49,238.18,237.48,237.8,596.0,22,0.0
2025-02-06 14:00:00,237.85,239.36,237.17,237.43,3442.0,5,0.0
2025-02-06 15:00:00,237.41,237.98,236.62,237.37,4591.0,5,0.0
2025-02-06 16:00:00,237.38,237.97,235.99,236.18,3833.0,5,0.0
2025-02-06 17:00:00,236.16,237.69,236.06,237.41,3545.0,5,0.0
2025-02-06 18:00:00,237.42,238.64,237.31,238.52,2639.0,5,0.0
2025-02-06 19:00:00,238.52,239.25,237.11,237.39,3896.0,5,0.0
2025-02-06 20:00:00,237.38,238.55,237.21,238.48,2610.0,5,0.0
2025-02-07 11:00:00,231.9,232.01,230.66,231.29,572.0,33,0.0
2025-02-07 12:00:00,231.3,232.81,230.91,232.52,977.0,33,0.0
2025-02-07 13:00:00,232.57,232.71,230.58,232.6,1354.0,33,0.0
2025-02-07 14:00:00,232.6,234.74,231.23,232.73,6946.0,11,0.0
2025-02-07 15:00:00,232.63,232.63,228.46,230.23,11065.0,5,0.0
2025-02-07 16:00:00,230.25,230.69,228.64,228.97,7145.0,5,0.0
2025-02-07 17:00:00,228.95,230.14,228.04,229.8,7215.0,5,0.0
2025-02-07 18:00:00,229.8,230.96,229.48,229.52,4563.0,5,0.0
2025-02-07 19:00:00,229.52,229.67,228.6,229.1,4003.0,5,0.0
2025-02-07 20:00:00,229.08,229.71,228.71,229.63,3251.0,5,0.0
2025-02-10 11:00:00,230.19,230.66,229.99,230.51,200.0,33,0.0
2025-02-10 12:00:00,230.47,230.47,229.79,230.12,372.0,33,0.0
2025-02-10 13:00:00,230.14,230.52,229.96,230.05,390.0,22,0.0
2025-02-10 14:00:00,230.06,231.4,229.1,231.21,3671.0,5,0.0
2025-02-10 15:00:00,231.22,233.81,231.1,232.88,5777.0,5,0.0
2025-02-10 16:00:00,232.89,233.25,232.32,232.77,3671.0,5,0.0
2025-02-10 17:00:00,232.76,232.76,231.35,232.51,3099.0,5,0.0
2025-02-10 18:00:00,232.51,232.99,232.22,232.97,2147.0,5,0.0
2025-02-10 19:00:00,232.96,233.47,232.6,233.41,2065.0,5,0.0
2025-02-10 20:00:00,233.41,233.86,232.93,233.81,1793.0,5,0.0
2025-02-11 11:00:00,231.72,232.05,231.69,232.01,183.0,33,0.0
2025-02-11 12:00:00,232.01,232.38,230.99,231.51,482.0,33,0.0
2025-02-11 13:00:00,231.51,231.69,230.92,231.1,380.0,33,0.0
2025-02-11 14:00:00,231.06,233.29,230.47,232.71,2603.0,5,0.0
2025-02-11 15:00:00,232.71,233.38,231.54,231.6,4925.0,5,0.0
2025-02-11 16:00:00,231.61,231.69,230.61,230.83,3765.0,5,0.0
2025-02-11 17:00:00,230.82,231.39,230.1,231.23,2946.0,5,0.0
2025-02-11 18:00:00,231.22,232.31,231.15,231.93,2070.0,5,0.0
2025-02-11 19:00:00,231.93,232.48,231.42,232.41,2310.0,5,0.0
2025-02-11 20:00:00,232.42,232.62,231.99,232.37,1873.0,5,0.0
2025-02-12 11:00:00,232.51,232.55,231.81,231.98,211.0,22,0.0
2025-02-12 12:00:00,231.99,232.23,231.82,232.19,164.0,33,0.0
2025-02-12 13:00:00,232.17,232.35,229.11,229.56,1233.0,33,0.0
2025-02-12 14:00:00,229.54,230.92,228.06,229.68,3999.0,5,0.0
2025-02-12 15:00:00,229.67,230.65,228.17,230.33,7522.0,5,0.0
2025-02-12 16:00:00,230.33,230.38,229.27,230.16,3972.0,5,0.0
2025-02-12 17:00:00,230.15,231.09,230.07,231.03,3893.0,5,0.0
2025-02-12 18:00:00,231.02,231.16,230.53,230.65,2618.0,5,0.0
2025-02-12 19:00:00,230.66,230.94,230.27,230.73,2995.0,5,0.0
2025-02-12 20:00:00,230.74,230.76,229.14,229.16,1739.0,5,0.0
2025-02-13 11:00:00,228.94,229.28,228.66,228.78,430.0,22,0.0
2025-02-13 12:00:00,228.85,228.93,227.89,227.94,314.0,22,0.0
2025-02-13 13:00:00,227.98,229.3,227.94,228.91,552.0,33,0.0
2025-02-13 14:00:00,228.87,229.21,227.42,228.53,3652.0,5,0.0
2025-02-13 15:00:00,228.52,230.3,228.31,229.95,5680.0,5,0.0
2025-02-13 16:00:00,229.96,230.01,227.95,228.25,3165.0,5,0.0
2025-02-13 17:00:00,228.25,228.83,227.79,227.86,2270.0,5,0.0
2025-02-13 18:00:00,227.85,228.69,227.61,228.67,4988.0,5,0.0
2025-02-13 19:00:00,228.67,229.92,228.47,229.79,2463.0,5,0.0
2025-02-13 20:00:00,229.79,230.09,228.89,228.92,1654.0,5,0.0
2025-02-14 11:00:00,230.21,230.24,229.89,230.03,363.0,33,0.0
2025-02-14 12:00:00,230.01,230.26,229.37,229.4,223.0,33,0.0
2025-02-14 13:00:00,229.4,229.51,229.22,229.38,170.0,22,0.0
2025-02-14 14:00:00,229.38,229.66,227.97,228.99,2577.0,5,0.0
2025-02-14 15:00:00,229.0,229.25,227.21,228.24,4895.0,5,0.0
2025-02-14 16:00:00,228.23,228.84,228.03,228.51,2979.0,5,0.0
2025-02-14 17:00:00,228.5,229.26,228.11,229.15,2162.0,5,0.0
2025-02-14 18:00:00,229.16,229.3,228.55,228.61,1824.0,5,0.0
2025-02-14 19:00:00,228.6,229.13,228.58,228.91,1471.0,5,0.0
2025-02-14 20:00:00,228.9,229.14,228.47,228.61,1579.0,5,0.0
2025-02-18 11:00:00,229.78,229.8,229.35,229.56,183.0,33,0.0
2025-02-18 12:00:00,229.5,229.52,229.25,229.26,208.0,33,0.0
2025-02-18 13:00:00,229.26,229.6,228.92,229.59,320.0,22,0.0
2025-02-18 14:00:00,229.59,229.63,227.52,227.67,3482.0,5,0.0
2025-02-18 15:00:00,227.69,227.78,225.0,225.53,5790.0,5,0.0
2025-02-18 16:00:00,225.53,225.58,224.25,224.33,4854.0,5,0.0
2025-02-18 17:00:00,224.34,225.03,223.83,224.99,2998.0,5,0.0
2025-02-18 18:00:00,224.98,225.22,223.71,224.25,3148.0,5,0.0
2025-02-18 19:00:00,224.25,224.66,223.77,224.49,3097.0,5,0.0
2025-02-18 20:00:00,224.5,224.82,224.25,224.46,1782.0,5,0.0
2025-02-19 11:00:00,225.81,225.87,225.44,225.69,267.0,33,0.0
2025-02-19 12:00:00,225.69,226.25,225.69,226.07,315.0,33,0.0
2025-02-19 13:00:00,226.03,226.07,225.45,225.62,424.0,22,0.0
2025-02-19 14:00:00,225.62,226.09,224.09,224.92,2991.0,5,0.0
2025-02-19 15:00:00,224.92,224.99,223.7,224.38,5510.0,5,0.0
2025-02-19 16:00:00,224.38,224.97,224.2,224.93,2661.0,5,0.0
2025-02-19 17:00:00,224.93,225.31,224.26,224.42,2360.0,5,0.0
2025-02-19 18:00:00,224.43,225.05,224.01,224.77,2093.0,5,0.0
2025-02-19 19:00:00,224.78,226.21,224.72,226.18,2148.0,5,0.0
2025-02-19 20:00:00,226.17,226.67,225.83,226.41,2522.0,5,0.0
2025-02-20 11:00:00,225.74,226.02,224.79,224.82,284.0,33,0.0
2025-02-20 12:00:00,225.1,225.51,224.79,224.94,375.0,33,0.0
2025-02-20 13:00:00,224.92,224.95,224.31,224.61,507.0,33,0.0
2025-02-20 14:00:00,224.66,225.14,222.63,222.75,4520.0,5,0.0
2025-02-20 15:00:00,222.74,223.75,221.87,222.06,8037.0,5,0.0
2025-02-20 16:00:00,222.06,223.03,221.79,222.35,4632.0,5,0.0
2025-02-20 17:00:00,222.34,223.0,222.09,222.55,2439.0,5,0.0
2025-02-20 18:00:00,222.54,222.55,222.16,222.24,1837.0,5,0.0
2025-02-20 19:00:00,222.25,222.81,222.03,222.47,2114.0,5,0.0
2025-02-20 20:00:00,222.48,222.86,222.4,222.86,1551.0,5,0.0
2025-02-21 11:00:00,223.37,223.37,223.13,223.28,154.0,33,0.0
2025-02-21 12:00:00,223.23,223.68,223.17,223.59,282.0,22,0.0
2025-02-21 13:00:00,223.61,223.93,223.56,223.65,358.0,22,0.0
2025-02-21 14:00:00,223.61,223.95,220.86,221.06,3822.0,5,0.0
2025-02-21 15:00:00,221.05,221.11,218.07,219.37,8894.0,5,0.0
2025-02-21 16:00:00,219.38,219.73,218.54,218.86,4910.0,5,0.0
2025-02-21 17:00:00,218.85,218.87,216.53,216.92,5389.0,5,0.0
2025-02-21 18:00:00,216.93,217.01,215.51,215.75,6509.0,5,0.0
2025-02-21 19:00:00,215.76,216.12,214.71,215.43,6051.0,5,0.0
2025-02-21 20:00:00,215.44,216.56,215.33,215.79,4446.0,5,0.0
2025-02-24 11:00:00,217.64,218.16,217.59,217.93,272.0,33,0.0
2025-02-24 12:00:00,217.94,217.94,217.1,217.4,419.0,33,0.0
2025-02-24 13:00:00,217.38,217.86,216.95,217.84,455.0,22,0.0
2025-02-24 14:00:00,217.81,217.98,214.45,214.51,6837.0,5,0.0
2025-02-24 15:00:00,214.52,214.65,212.7,213.29,12819.0,5,0.0
2025-02-24 16:00:00,213.3,214.53,213.08,214.04,5884.0,5,0.0
2025-02-24 17:00:00,214.03,215.23,213.91,214.71,3578.0,5,0.0
2025-02-24 18:00:00,214.69,215.11,214.35,214.57,2893.0,5,0.0
2025-02-24 19:00:00,214.56,214.84,213.94,214.02,3416.0,5,0.0
2025-02-24 20:00:00,214.04,214.57,213.78,214.02,3420.0,5,0.0
2025-02-25 11:00:00,211.07,212.26,211.03,212.08,430.0,33,0.0
2025-02-25 12:00:00,212.1,212.97,212.02,212.97,472.0,33,0.0
2025-02-25 13:00:00,212.92,212.94,212.21,212.33,528.0,33,0.0
2025-02-25 14:00:00,212.34,212.8,209.44,210.59,6601.0,5,0.0
2025-02-25 15:00:00,210.53,210.53,206.15,206.88,16447.0,5,0.0
2025-02-25 16:00:00,206.89,207.97,204.12,207.93,10983.0,5,0.0
2025-02-25 17:00:00,207.93,209.41,207.18,209.38,6000.0,5,0.0
2025-02-25 18:00:00,209.37,211.04,209.35,210.76,5917.0,5,0.0
2025-02-25 19:00:00,210.75,211.92,210.18,211.47,6140.0,5,0.0
2025-02-25 20:00:00,211.48,213.05,211.38,212.97,5534.0,5,0.0
2025-02-26 11:00:00,214.71,215.23,214.66,214.87,442.0,33,0.0
2025-02-26 12:00:00,214.84,214.92,214.09,214.64,514.0,33,0.0
2025-02-26 13:00:00,214.66,215.15,214.06,214.19,496.0,33,0.0
2025-02-26 14:00:00,214.21,216.85,213.98,216.83,5120.0,5,0.0
2025-02-26 15:00:00,216.82,218.11,215.85,217.1,10506.0,5,0.0
2025-02-26 16:00:00,217.13,217.32,216.44,216.63,5857.0,5,0.0
2025-02-26 17:00:00,216.65,217.5,215.24,215.51,6068.0,5,0.0
2025-02-26 18:00:00,215.49,215.58,213.63,213.76,6406.0,5,0.0
2025-02-26 19:00:00,213.75,214.28,213.07,213.46,5529.0,5,0.0
2025-02-26 20:00:00,213.48,214.1,213.14,214.06,3439.0,5,0.0
2025-02-27 11:00:00,217.12,217.96,217.12,217.67,503.0,33,0.0
2025-02-27 12:00:00,217.59,218.42,217.25,217.73,693.0,33,0.0
2025-02-27 13:00:00,217.73,218.27,216.66,217.21,864.0,33,0.0
2025-02-27 14:00:00,217.21,219.82,212.15,212.63,5680.0,11,0.0
2025-02-27 15:00:00,212.61,215.13,211.58,213.82,12965.0,5,0.0
2025-02-27 16:00:00,213.84,215.48,213.09,213.26,7057.0,5,0.0
2025-02-27 17:00:00,213.27,213.94,212.7,213.26,5217.0,5,0.0
2025-02-27 18:00:00,213.26,213.99,213.06,213.27,4412.0,5,0.0
2025-02-27 19:00:00,213.27,213.33,210.16,210.9,7367.0,5,0.0
2025-02-27 20:00:00,210.89,210.9,209.05,209.12,6711.0,5,0.0
2025-02-28 11:00:00,209.12,209.26,208.81,208.97,293.0,22,0.0
2025-02-28 12:00:00,208.97,208.98,208.32,208.93,719.0,22,0.0
2025-02-28 13:00:00,208.93,209.77,208.34,208.9,817.0,22,0.0
2025-02-28 14:00:00,208.91,209.41,206.91,208.39,5847.0,5,0.0
2025-02-28 15:00:00,208.4,210.6,208.26,210.35,11582.0,5,0.0
2025-02-28 16:00:00,210.35,210.84,209.2,209.27,6829.0,5,0.0
2025-02-28 17:00:00,209.27,210.09,207.81,207.89,6633.0,5,0.0
2025-02-28 18:00:00,207.88,208.96,207.34,207.59,7570.0,5,0.0
2025-02-28 19:00:00,207.58,209.41,207.55,209.29,6099.0,5,0.0
2025-02-28 20:00:00,209.28,209.81,208.73,209.4,5006.0,5,0.0
2025-03-03 11:00:00,213.68,213.99,213.6,213.79,352.0,33,0.0
2025-03-03 12:00:00,213.79,214.25,213.47,214.17,523.0,22,0.0
2025-03-03 13:00:00,214.18,214.19,213.62,213.82,445.0,22,0.0
2025-03-03 14:00:00,213.79,213.96,209.43,209.9,5588.0,5,0.0
2025-03-03 15:00:00,209.91,210.93,208.87,209.03,12076.0,5,0.0
2025-03-03 16:00:00,209.06,209.96,207.77,208.82,8092.0,5,0.0
2025-03-03 17:00:00,208.78,209.51,208.55,209.1,4623.0,5,0.0
2025-03-03 18:00:00,209.1,209.21,206.63,207.86,9305.0,5,0.0
2025-03-03 19:00:00,207.85,208.29,206.07,206.13,7660.0,5,0.0
2025-03-03 20:00:00,206.13,206.14,202.52,202.9,11344.0,5,0.0
2025-03-04 11:00:00,205.05,205.5,204.75,205.44,704.0,22,0.0
2025-03-04 12:00:00,205.37,205.42,202.16,202.84,1110.0,22,0.0
2025-03-04 13:00:00,202.85,203.13,201.55,202.05,1075.0,33,0.0
2025-03-04 14:00:00,202.04,203.36,198.94,199.88,9697.0,5,0.0
2025-03-04 15:00:00,199.87,199.95,197.42,199.33,24865.0,5,0.0
2025-03-04 16:00:00,199.32,202.12,198.53,201.44,13276.0,5,0.0
2025-03-04 17:00:00,201.43,203.43,201.06,202.33,10577.0,5,0.0
2025-03-04 18:00:00,202.33,204.53,202.01,204.3,9082.0,5,0.0
2025-03-04 19:00:00,204.29,205.83,204.28,205.5,8221.0,5,0.0
2025-03-04 20:00:00,205.49,206.78,204.5,205.02,8913.0,5,0.0
2025-03-05 11:00:00,205.69,205.84,204.92,205.54,483.0,33,0.0
2025-03-05 12:00:00,205.61,205.67,204.9,204.99,598.0,33,0.0
2025-03-05 13:00:00,205.01,205.13,204.12,204.67,1311.0,33,0.0
2025-03-05 14:00:00,204.67,205.19,203.24,203.81,6464.0,5,0.0
2025-03-05 15:00:00,203.78,206.51,203.78,205.99,12690.0,5,0.0
2025-03-05 16:00:00,205.97,205.97,204.06,205.04,10193.0,5,0.0
2025-03-05 17:00:00,205.03,208.15,204.92,208.15,9088.0,5,0.0
2025-03-05 18:00:00,208.15,208.63,206.88,208.59,9840.0,5,0.0
2025-03-05 19:00:00,208.6,209.93,208.21,208.56,7988.0,5,0.0
2025-03-05 20:00:00,208.55,209.6,208.13,208.79,6463.0,5,0.0
2025-03-06 11:00:00,204.62,205.4,204.39,205.16,721.0,33,0.0
2025-03-06 12:00:00,205.22,205.39,204.75,204.75,728.0,22,0.0
2025-03-06 13:00:00,204.74,204.96,203.85,203.98,808.0,22,0.0
2025-03-06 14:00:00,203.98,204.51,202.07,203.54,6665.0,5,0.0
2025-03-06 15:00:00,203.52,205.74,203.27,204.63,11273.0,5,0.0
2025-03-06 16:00:00,204.65,205.43,202.29,202.32,9780.0,5,0.0
2025-03-06 17:00:00,202.31,202.68,200.54,201.51,9783.0,5,0.0
2025-03-06 18:00:00,201.5,201.72,199.85,200.8,7376.0,5,0.0
2025-03-06 19:00:00,200.8,200.89,198.32,199.06,10322.0,5,0.0
2025-03-06 20:00:00,199.08,200.11,198.62,199.06,8365.0,5,0.0
2025-03-07 11:00:00,199.96,200.58,199.89,200.42,453.0,33,0.0
2025-03-07 12:00:00,200.41,200.8,199.87,200.04,470.0,22,0.0
2025-03-07 13:00:00,200.05,201.31,199.23,199.6,1233.0,22,0.0
2025-03-07 14:00:00,199.56,202.24,198.82,200.61,7690.0,5,0.0
2025-03-07 15:00:00,200.59,201.82,196.5,197.18,15908.0,5,0.0
2025-03-07 16:00:00,197.17,197.23,192.52,193.61,13929.0,5,0.0
2025-03-07 17:00:00,193.63,196.71,192.66,195.24,10629.0,5,0.0
2025-03-07 18:00:00,195.25,198.51,195.2,198.47,8814.0,5,0.0
2025-03-07 19:00:00,198.48,200.46,198.06,199.01,7003.0,5,0.0
2025-03-07 20:00:00,199.01,200.21,198.14,198.82,5440.0,5,0.0
2025-03-10 10:00:00,196.37,196.56,195.46,195.69,718.0,33,0.0
2025-03-10 11:00:00,195.7,196.71,195.64,195.8,833.0,22,0.0
2025-03-10 12:00:00,195.8,195.85,193.87,194.79,881.0,33,0.0
2025-03-10 13:00:00,194.81,196.61,194.47,195.1,7416.0,5,0.0
2025-03-10 14:00:00,195.07,195.07,190.88,191.07,19609.0,5,0.0
2025-03-10 15:00:00,191.06,195.54,191.06,193.46,14428.0,5,0.0
2025-03-10 16:00:00,193.46,194.37,192.67,193.2,9998.0,5,0.0
2025-03-10 17:00:00,193.2,193.38,192.08,192.46,10605.0,5,0.0
2025-03-10 18:00:00,192.45,193.04,191.65,191.82,9322.0,5,0.0
2025-03-10 19:00:00,191.81,194.66,190.84,193.13,9412.0,5,0.0
2025-03-11 10:00:00,195.16,195.41,194.85,195.15,380.0,33,0.0
2025-03-11 11:00:00,195.13,195.73,194.48,195.69,518.0,33,0.0
2025-03-11 12:00:00,195.71,195.73,193.7,194.08,835.0,22,0.0
2025-03-11 13:00:00,194.11,199.77,191.56,198.87,8143.0,5,0.0
2025-03-11 14:00:00,198.86,200.1,195.05,195.75,21101.0,5,0.0
2025-03-11 15:00:00,195.75,198.24,195.34,196.48,13290.0,5,0.0
2025-03-11 16:00:00,196.47,196.83,194.85,195.24,10470.0,5,0.0
2025-03-11 17:00:00,195.24,195.76,193.39,195.24,9568.0,5,0.0
2025-03-11 18:00:00,195.23,199.55,195.12,198.86,14308.0,5,0.0
2025-03-11 19:00:00,198.85,199.91,197.49,198.01,10882.0,5,0.0
2025-03-12 10:00:00,198.63,198.72,197.95,198.07,435.0,33,0.0
2025-03-12 11:00:00,198.01,198.77,197.97,198.4,551.0,22,0.0
2025-03-12 12:00:00,198.38,201.46,197.67,200.77,1576.0,33,0.0
2025-03-12 13:00:00,200.78,202.25,197.96,198.72,7631.0,5,0.0
2025-03-12 14:00:00,198.69,199.96,196.44,196.49,10698.0,5,0.0
2025-03-12 15:00:00,196.48,198.51,195.27,198.49,9490.0,5,0.0
2025-03-12 16:00:00,198.49,199.97,197.91,198.79,8498.0,5,0.0
2025-03-12 17:00:00,198.81,199.6,197.57,197.61,7305.0,5,0.0
2025-03-12 18:00:00,197.62,199.75,197.55,199.4,5954.0,5,0.0
2025-03-12 19:00:00,199.39,199.55,198.23,198.62,5684.0,5,0.0
2025-03-13 10:00:00,198.77,198.78,197.81,197.94,517.0,22,0.0
2025-03-13 11:00:00,198.03,198.93,197.91,198.48,779.0,33,0.0
2025-03-13 12:00:00,198.44,198.52,196.83,197.75,1396.0,33,0.0
2025-03-13 13:00:00,197.75,198.75,194.3,194.4,6370.0,5,0.0
2025-03-13 14:00:00,194.39,196.59,193.84,195.58,12339.0,5,0.0
2025-03-13 15:00:00,195.61,196.65,193.99,194.2,9083.0,5,0.0
2025-03-13 16:00:00,194.22,194.81,192.73,193.14,8371.0,5,0.0
2025-03-13 17:00:00,193.13,193.23,191.8,192.3,6635.0,5,0.0
2025-03-13 18:00:00,192.27,194.49,192.23,194.21,5679.0,5,0.0
2025-03-13 19:00:00,194.2,194.53,192.84,193.27,5250.0,5,0.0
2025-03-14 10:00:00,195.96,196.33,195.27,196.24,540.0,33,0.0
2025-03-14 11:00:00,196.19,197.2,196.06,197.01,618.0,22,0.0
2025-03-14 12:00:00,196.98,197.54,196.92,196.95,413.0,33,0.0
2025-03-14 13:00:00,196.96,198.43,196.32,196.63,4526.0,5,0.0
2025-03-14 14:00:00,196.64,197.57,195.3,197.54,9429.0,5,0.0
2025-03-14 15:00:00,197.56,198.21,197.0,197.71,6282.0,5,0.0
2025-03-14 16:00:00,197.71,198.42,196.74,198.22,4270.0,5,0.0
2025-03-14 17:00:00,198.21,198.45,197.0,197.15,3944.0,5,0.0
2025-03-14 18:00:00,197.16,197.99,196.93,197.61,3602.0,5,0.0
2025-03-14 19:00:00,197.59,198.11,197.35,197.86,2626.0,5,0.0
2025-03-17 10:00:00,197.32,198.5,197.22,198.41,466.0,22,0.0
2025-03-17 11:00:00,198.3,198.93,198.22,198.56,568.0,22,0.0
2025-03-17 12:00:00,198.6,199.72,198.36,199.12,712.0,22,0.0
2025-03-17 13:00:00,199.04,199.25,196.63,197.65,5532.0,5,0.0
2025-03-17 14:00:00,197.61,197.61,195.25,195.34,10246.0,5,0.0
2025-03-17 15:00:00,195.39,196.04,194.31,194.7,6161.0,5,0.0
2025-03-17 16:00:00,194.7,195.57,194.39,195.48,4967.0,5,0.0
2025-03-17 17:00:00,195.47,197.29,195.3,196.92,4386.0,5,0.0
2025-03-17 18:00:00,196.92,198.44,196.74,197.84,3848.0,5,0.0
2025-03-17 19:00:00,197.84,198.03,196.88,197.26,3821.0,5,0.0
2025-03-18 10:00:00,196.14,196.15,193.05,194.01,1032.0,22,0.0
2025-03-18 11:00:00,194.02,194.35,192.87,193.43,745.0,33,0.0
2025-03-18 12:00:00,193.39,193.66,192.51,193.12,819.0,33,0.0
2025-03-18 13:00:00,193.1,193.64,189.38,190.65,7787.0,5,0.0
2025-03-18 14:00:00,190.64,191.89,190.36,191.27,9096.0,5,0.0
2025-03-18 15:00:00,191.28,192.36,190.32,192.19,5857.0,5,0.0
2025-03-18 16:00:00,192.2,192.65,191.35,192.19,4463.0,5,0.0
2025-03-18 17:00:00,192.18,192.9,191.28,192.46,5072.0,5,0.0
2025-03-18 18:00:00,192.47,193.9,191.91,193.62,4201.0,5,0.0
2025-03-18 19:00:00,193.6,193.7,192.63,192.64,3317.0,5,0.0
2025-03-19 10:00:00,193.07,193.35,193.01,193.16,450.0,22,0.0
2025-03-19 11:00:00,193.16,193.59,193.04,193.48,431.0,22,0.0
2025-03-19 12:00:00,193.48,193.83,193.3,193.63,440.0,22,0.0
2025-03-19 13:00:00,193.64,194.09,191.86,193.6,4002.0,5,0.0
2025-03-19 14:00:00,193.61,194.26,192.75,192.92,5841.0,5,0.0
2025-03-19 15:00:00,192.92,194.15,192.83,193.96,3583.0,5,0.0
2025-03-19 16:00:00,193.94,194.1,192.64,192.7,2701.0,5,0.0
2025-03-19 17:00:00,192.7,192.81,191.95,192.75,3038.0,5,0.0
2025-03-19 18:00:00,192.76,194.63,192.25,194.59,7496.0,5,0.0
2025-03-19 19:00:00,194.58,195.94,194.13,195.86,6911.0,5,0.0
2025-03-20 10:00:00,195.54,195.7,193.47,194.43,1540.0,22,0.0
2025-03-20 11:00:00,194.4,195.22,194.11,195.03,663.0,22,0.0
2025-03-20 12:00:00,195.03,195.29,194.36,194.46,552.0,22,0.0
2025-03-20 13:00:00,194.42,196.31,192.15,196.18,4790.0,5,0.0
2025-03-20 14:00:00,196.19,199.28,196.13,198.29,8188.0,5,0.0
2025-03-20 15:00:00,198.31,198.39,196.45,196.55,5328.0,5,0.0
2025-03-20 16:00:00,196.52,197.15,194.5,194.64,5260.0,5,0.0
2025-03-20 17:00:00,194.63,195.38,194.19,194.61,4042.0,5,0.0
2025-03-20 18:00:00,194.63,195.13,193.04,193.97,4106.0,5,0.0
2025-03-20 19:00:00,193.96,194.86,193.92,194.74,3293.0,5,0.0
2025-03-21 10:00:00,194.05,194.56,193.74,194.18,552.0,22,0.0
2025-03-21 11:00:00,194.19,194.7,194.17,194.43,459.0,22,0.0
2025-03-21 12:00:00,194.43,194.8,192.81,193.04,818.0,22,0.0
2025-03-21 13:00:00,193.07,194.93,191.62,194.52,5251.0,5,0.0
2025-03-21 14:00:00,194.56,195.71,193.92,194.74,8442.0,5,0.0
2025-03-21 15:00:00,194.75,195.31,193.54,194.07,5153.0,5,0.0
2025-03-21 16:00:00,194.05,195.94,193.76,195.79,5422.0,5,0.0
2025-03-21 17:00:00,195.78,196.38,195.03,195.81,3740.0,5,0.0
2025-03-21 18:00:00,195.81,196.11,195.19,195.8,3126.0,5,0.0
2025-03-21 19:00:00,195.81,195.89,195.24,195.79,2833.0,5,0.0
2025-03-24 10:00:00,198.91,199.3,198.77,199.16,300.0,33,0.0
2025-03-24 11:00:00,199.11,199.81,198.93,199.75,466.0,33,0.0
2025-03-24 12:00:00,199.75,200.29,199.52,200.0,592.0,22,0.0
2025-03-24 13:00:00,200.02,203.25,199.85,202.86,5524.0,5,0.0
2025-03-24 14:00:00,202.89,203.11,201.77,201.9,5926.0,5,0.0
2025-03-24 15:00:00,201.9,202.25,201.3,201.74,3353.0,5,0.0
2025-03-24 16:00:00,201.74,202.67,201.65,202.29,3328.0,5,0.0
2025-03-24 17:00:00,202.29,202.46,201.74,202.19,2811.0,5,0.0
2025-03-24 18:00:00,202.19,202.8,201.9,202.79,3026.0,5,0.0
2025-03-24 19:00:00,202.79,203.29,202.68,203.19,1887.0,5,0.0
2025-03-25 10:00:00,202.77,203.12,202.51,202.6,328.0,22,0.0
2025-03-25 11:00:00,202.7,204.08,202.6,203.77,617.0,22,0.0
2025-03-25 12:00:00,203.79,204.26,203.42,203.68,545.0,22,0.0
2025-03-25 13:00:00,203.67,205.51,203.07,205.46,3952.0,5,0.0
2025-03-25 14:00:00,205.5,206.17,203.93,205.27,5415.0,5,0.0
2025-03-25 15:00:00,205.27,205.96,204.91,205.07,3282.0,5,0.0
2025-03-25 16:00:00,205.07,205.33,204.45,205.09,2668.0,5,0.0
2025-03-25 17:00:00,205.09,205.85,204.73,205.04,2241.0,5,0.0
2025-03-25 18:00:00,205.03,205.68,204.89,205.17,1997.0,5,0.0
2025-03-25 19:00:00,205.16,205.45,204.97,205.25,1807.0,5,0.0
2025-03-26 10:00:00,205.26,206.08,205.22,206.07,472.0,22,0.0
2025-03-26 11:00:00,206.05,206.85,205.93,206.63,465.0,22,0.0
2025-03-26 12:00:00,206.63,206.63,205.91,206.15,444.0,22,0.0
2025-03-26 13:00:00,206.16,206.19,202.3,202.43,4560.0,5,0.0
2025-03-26 14:00:00,202.42,203.28,201.67,202.71,6295.0,5,0.0
2025-03-26 15:00:00,202.72,203.87,202.47,202.64,4347.0,5,0.0
2025-03-26 16:00:00,202.63,203.14,201.86,201.97,3530.0,5,0.0
2025-03-26 17:00:00,201.97,202.26,200.87,201.09,3919.0,5,0.0
2025-03-26 18:00:00,201.1,201.43,200.01,200.06,2932.0,5,0.0
2025-03-26 19:00:00,200.07,200.82,199.9,200.51,2866.0,5,0.0
2025-03-27 10:00:00,200.78,201.26,200.45,200.5,589.0,22,0.0
2025-03-27 11:00:00,200.5,201.02,200.19,200.96,781.0,22,0.0
2025-03-27 12:00:00,201.0,201.28,200.2,200.31,661.0,22,0.0
2025-03-27 13:00:00,200.31,201.86,199.21,201.8,5283.0,5,0.0
2025-03-27 14:00:00,201.8,203.58,201.21,203.3,6467.0,5,0.0
2025-03-27 15:00:00,203.31,203.74,202.08,202.26,4388.0,5,0.0
2025-03-27 16:00:00,202.25,203.47,201.49,201.52,3616.0,5,0.0
2025-03-27 17:00:00,201.52,202.31,201.45,201.65,3622.0,5,0.0
2025-03-27 18:00:00,201.64,202.98,201.62,202.32,3411.0,5,0.0
2025-03-27 19:00:00,202.33,202.8,201.79,201.94,2763.0,5,0.0
2025-03-28 10:00:00,199.94,200.43,199.92,200.12,416.0,33,0.0
2025-03-28 11:00:00,200.12,200.75,199.85,200.72,492.0,22,0.0
2025-03-28 12:00:00,200.72,200.75,198.92,198.99,728.0,23,0.0
2025-03-28 13:00:00,198.99,200.08,196.99,197.43,5251.0,5,0.0
2025-03-28 14:00:00,197.23,197.76,193.9,194.39,9405.0,5,0.0
2025-03-28 15:00:00,194.4,195.11,193.5,193.51,5075.0,5,0.0
2025-03-28 16:00:00,193.51,193.96,192.76,192.77,3917.0,5,0.0
2025-03-28 17:00:00,192.76,192.99,191.89,191.97,3845.0,5,0.0
2025-03-28 18:00:00,191.97,193.18,191.87,192.52,3357.0,5,0.0
2025-03-28 19:00:00,192.52,192.71,192.07,192.29,2730.0,5,0.0
2025-03-31 10:00:00,189.07,189.29,188.69,189.22,391.0,33,0.0
2025-03-31 11:00:00,189.28,189.66,187.88,188.06,978.0,33,0.0
2025-03-31 12:00:00,188.0,189.18,187.93,189.12,726.0,22,0.0
2025-03-31 13:00:00,189.15,189.31,184.66,185.24,8084.0,5,0.0
2025-03-31 14:00:00,185.19,186.92,184.62,185.89,11252.0,5,0.0
2025-03-31 15:00:00,185.91,188.77,185.28,188.06,7833.0,5,0.0
2025-03-31 16:00:00,188.07,189.28,187.24,188.42,5097.0,5,0.0
2025-03-31 17:00:00,188.41,189.34,188.14,188.53,4272.0,5,0.0
2025-03-31 18:00:00,188.53,190.16,188.48,189.34,5207.0,5,0.0
2025-03-31 19:00:00,189.33,190.45,189.27,190.06,4387.0,5,0.0
2025-04-01 10:00:00,190.35,190.36,188.75,189.41,1050.0,22,0.0
2025-04-01 11:00:00,189.45,189.59,187.87,188.57,978.0,22,0.0
2025-04-01 12:00:00,188.56,188.75,188.0,188.28,1013.0,22,0.0
2025-04-01 13:00:00,188.28,190.94,187.09,189.96,5596.0,5,0.0
2025-04-01 14:00:00,189.95,191.09,188.37,191.06,10487.0,5,0.0
2025-04-01 15:00:00,191.05,193.36,190.89,192.66,6603.0,5,0.0
2025-04-01 16:00:00,192.66,193.9,192.5,192.82,5526.0,5,0.0
2025-04-01 17:00:00,192.82,192.91,191.65,191.71,4549.0,5,0.0
2025-04-01 18:00:00,191.72,191.78,190.73,191.4,4975.0,5,0.0
2025-04-01 19:00:00,191.4,192.11,191.12,191.74,3204.0,5,0.0
2025-04-02 10:00:00,190.96,190.99,189.46,190.01,858.0,22,0.0
2025-04-02 11:00:00,190.0,190.28,189.09,189.12,684.0,22,0.0
2025-04-02 12:00:00,189.15,189.4,188.46,188.9,781.0,22,0.0
2025-04-02 13:00:00,188.88,192.21,187.24,191.7,5699.0,5,0.0
2025-04-02 14:00:00,191.68,192.96,190.6,192.35,7902.0,5,0.0
2025-04-02 15:00:00,192.33,194.89,191.71,194.21,7875.0,5,0.0
2025-04-02 16:00:00,194.19,197.25,193.85,197.08,9381.0,5,0.0
2025-04-02 17:00:00,197.09,198.31,196.06,196.45,8240.0,5,0.0
2025-04-02 18:00:00,196.43,196.48,194.51,194.64,6285.0,5,0.0
2025-04-02 19:00:00,194.65,196.85,194.65,196.68,5349.0,5,0.0
2025-04-03 10:00:00,184.59,185.18,183.48,183.7,1748.0,22,0.0
2025-04-03 11:00:00,183.67,184.5,182.79,183.49,1544.0,22,0.0
2025-04-03 12:00:00,183.47,185.38,180.91,181.19,1997.0,22,0.0
2025-04-03 13:00:00,181.23,184.01,180.5,182.39,12440.0,5,0.0
2025-04-03 14:00:00,182.38,182.4,176.91,178.48,17782.0,5,0.0
2025-04-03 15:00:00,178.46,182.35,178.44,181.84,14153.0,5,0.0
2025-04-03 16:00:00,181.83,182.92,181.31,181.97,10501.0,5,0.0
2025-04-03 17:00:00,181.98,182.51,180.46,180.47,7194.0,5,0.0
2025-04-03 18:00:00,180.46,180.78,179.17,179.99,7089.0,5,0.0
2025-04-03 19:00:00,179.98,180.04,177.86,178.6,7326.0,5,0.0
2025-04-04 10:00:00,175.86,176.13,166.7,166.81,3741.0,33,0.0
2025-04-04 11:00:00,166.92,169.37,163.19,167.04,4150.0,33,0.0
2025-04-04 12:00:00,166.88,168.41,165.53,168.38,3513.0,33,0.0
2025-04-04 13:00:00,168.43,174.81,165.89,174.61,12126.0,5,0.0
2025-04-04 14:00:00,174.6,176.75,170.02,172.73,22742.0,5,0.0
2025-04-04 15:00:00,172.71,178.1,172.32,175.69,30293.0,5,0.0
2025-04-04 16:00:00,175.7,177.41,173.44,174.73,18310.0,5,0.0
2025-04-04 17:00:00,174.75,176.08,173.71,176.04,14942.0,5,0.0
2025-04-04 18:00:00,176.05,176.71,172.72,173.42,13663.0,5,0.0
2025-04-04 19:00:00,173.43,176.69,172.5,176.11,14957.0,5,0.0
2025-04-07 10:00:00,164.25,169.3,163.86,167.28,2819.0,33,0.0
2025-04-07 11:00:00,167.26,167.74,164.95,166.22,2309.0,33,0.0
2025-04-07 12:00:00,166.28,168.64,164.95,168.08,2902.0,33,0.0
2025-04-07 13:00:00,168.01,171.54,161.03,171.15,18393.0,5,0.0
2025-04-07 14:00:00,171.15,183.34,169.59,175.67,29595.0,5,0.0
2025-04-07 15:00:00,175.72,176.6,169.67,172.76,24336.0,5,0.0
2025-04-07 16:00:00,172.75,173.31,170.55,170.95,18396.0,5,0.0
2025-04-07 17:00:00,170.94,176.79,170.84,176.64,16246.0,5,0.0
2025-04-07 18:00:00,176.64,177.13,174.42,174.83,15252.0,5,0.0
2025-04-07 19:00:00,174.84,176.33,173.44,173.65,11272.0,5,0.0
2025-04-08 10:00:00,178.02,179.16,177.75,178.68,1287.0,22,0.0
2025-04-08 11:00:00,178.73,181.87,178.67,181.73,1614.0,22,0.0
2025-04-08 12:00:00,181.7,182.82,180.79,182.7,1546.0,33,0.0
2025-04-08 13:00:00,182.64,186.18,180.16,182.16,13213.0,5,0.0
2025-04-08 14:00:00,182.12,183.74,180.55,180.61,18587.0,5,0.0
2025-04-08 15:00:00,180.62,180.94,177.58,178.32,13733.0,5,0.0
2025-04-08 16:00:00,178.31,178.75,175.01,175.42,17379.0,5,0.0
2025-04-08 17:00:00,175.43,176.28,173.39,175.13,21402.0,5,0.0
2025-04-08 18:00:00,175.1,175.52,172.68,172.72,17076.0,5,0.0
2025-04-08 19:00:00,172.72,172.94,169.13,169.32,14572.0,5,0.0
2025-04-09 10:00:00,171.07,172.78,169.69,172.33,2609.0,33,0.0
2025-04-09 11:00:00,172.05,172.76,166.66,167.61,3091.0,33,0.0
2025-04-09 12:00:00,167.59,171.62,167.16,170.23,1483.0,33,0.0
2025-04-09 13:00:00,170.31,174.3,169.94,173.74,9667.0,5,0.0
2025-04-09 14:00:00,173.72,175.45,171.01,171.01,20347.0,5,0.0
2025-04-09 15:00:00,171.03,172.99,170.11,170.48,14961.0,5,0.0
2025-04-09 16:00:00,170.5,172.47,169.92,171.94,9278.0,5,0.0
2025-04-09 17:00:00,171.94,186.28,170.17,186.03,22293.0,5,0.0
2025-04-09 18:00:00,186.08,189.07,185.25,186.05,13493.0,11,0.0
2025-04-09 19:00:00,186.02,190.53,185.42,189.61,9440.0,5,0.0
2025-04-10 10:00:00,186.36,187.52,185.69,186.15,1176.0,33,0.0
2025-04-10 11:00:00,186.14,187.15,185.98,186.94,909.0,33,0.0
2025-04-10 12:00:00,186.94,187.79,184.94,186.24,2491.0,33,0.0
2025-04-10 13:00:00,186.21,186.35,183.72,184.38,7893.0,5,0.0
2025-04-10 14:00:00,184.38,186.84,182.74,182.8,12280.0,5,0.0
2025-04-10 15:00:00,182.78,184.12,179.43,179.48,12978.0,5,0.0
2025-04-10 16:00:00,179.47,179.89,175.83,179.55,26195.0,5,0.0
2025-04-10 17:00:00,179.53,182.31,176.97,181.77,14415.0,5,0.0
2025-04-10 18:00:00,181.75,183.16,179.8,181.74,14910.0,5,0.0
2025-04-10 19:00:00,181.76,182.94,178.75,178.95,13935.0,5,0.0
2025-04-11 10:00:00,182.47,183.1,181.99,182.53,878.0,33,0.0
2025-04-11 11:00:00,182.54,182.78,179.98,181.02,1088.0,22,0.0
2025-04-11 12:00:00,181.02,182.39,179.83,179.87,1782.0,33,0.0
2025-04-11 13:00:00,179.87,182.5,178.44,181.33,6499.0,5,0.0
2025-04-11 14:00:00,181.09,181.96,177.98,179.34,15596.0,5,0.0
2025-04-11 15:00:00,179.33,181.09,178.18,181.0,11822.0,5,0.0
2025-04-11 16:00:00,181.01,184.0,180.52,183.33,8839.0,5,0.0
2025-04-11 17:00:00,183.35,184.71,181.99,183.98,11817.0,5,0.0
2025-04-11 18:00:00,183.98,184.29,183.05,183.44,9637.0,5,0.0
2025-04-11 19:00:00,183.45,184.88,183.4,184.85,6266.0,5,0.0
2025-04-14 10:00:00,186.94,187.79,186.93,187.74,461.0,33,0.0
2025-04-14 11:00:00,187.74,188.27,186.36,186.44,605.0,22,0.0
2025-04-14 12:00:00,186.46,187.41,186.36,187.31,619.0,22,0.0
2025-04-14 13:00:00,187.3,188.2,182.61,183.27,7940.0,5,0.0
2025-04-14 14:00:00,183.35,185.9,183.07,185.0,4930.0,5,0.0
2025-04-14 15:00:00,185.01,185.26,180.91,181.14,8404.0,5,0.0
2025-04-14 16:00:00,181.15,181.52,179.3,179.31,9490.0,5,0.0
2025-04-14 17:00:00,179.33,181.89,179.21,181.79,8359.0,5,0.0
2025-04-14 18:00:00,181.79,182.24,181.5,182.04,3950.0,5,0.0
2025-04-14 19:00:00,182.03,183.13,182.01,182.89,3726.0,5,0.0
2025-04-15 10:00:00,182.45,182.71,182.0,182.22,427.0,33,0.0
2025-04-15 11:00:00,182.21,182.47,181.4,181.56,751.0,22,0.0
2025-04-15 12:00:00,181.56,182.12,181.08,181.47,750.0,22,0.0
2025-04-15 13:00:00,181.52,182.31,179.42,181.37,5254.0,5,0.0
2025-04-15 14:00:00,181.37,182.02,179.43,180.54,12333.0,5,0.0
2025-04-15 15:00:00,180.54,181.5,179.97,180.7,7317.0,5,0.0
2025-04-15 16:00:00,180.69,181.02,179.49,179.72,4599.0,5,0.0
2025-04-15 17:00:00,179.71,180.06,178.28,178.84,5983.0,5,0.0
2025-04-15 18:00:00,178.83,179.51,177.93,179.4,5265.0,5,0.0
2025-04-15 19:00:00,179.39,179.55,178.73,179.14,3536.0,5,0.0
2025-04-16 10:00:00,177.82,178.2,177.16,177.55,620.0,22,0.0
2025-04-16 11:00:00,177.54,177.87,176.87,177.8,620.0,22,0.0
2025-04-16 12:00:00,177.8,178.02,176.62,177.04,442.0,22,0.0
2025-04-16 13:00:00,176.99,178.05,175.81,175.81,5232.0,5,0.0
2025-04-16 14:00:00,175.82,177.84,175.58,177.55,7256.0,5,0.0
2025-04-16 15:00:00,177.55,179.07,176.72,176.88,5207.0,5,0.0
2025-04-16 16:00:00,176.89,177.24,176.29,176.61,4162.0,5,0.0
2025-04-16 17:00:00,176.59,176.83,173.0,173.09,8597.0,5,0.0
2025-04-16 18:00:00,173.08,173.68,172.02,172.1,9419.0,5,0.0
2025-04-16 19:00:00,172.11,172.78,171.39,172.57,5223.0,5,0.0
2025-04-17 10:00:00,176.28,176.6,175.63,175.75,730.0,33,0.0
2025-04-17 11:00:00,175.69,175.9,174.63,175.75,506.0,22,0.0
2025-04-17 12:00:00,175.72,176.73,175.71,176.04,1084.0,22,0.0
2025-04-17 13:00:00,176.04,176.35,172.87,174.8,5737.0,5,0.0
2025-04-17 14:00:00,174.79,175.39,172.59,172.9,8814.0,5,0.0
2025-04-17 15:00:00,172.89,174.36,172.81,173.41,5936.0,5,0.0
2025-04-17 16:00:00,173.42,174.29,172.32,173.43,8633.0,5,0.0
2025-04-17 17:00:00,173.41,173.93,172.86,173.43,4803.0,5,0.0
2025-04-17 18:00:00,173.42,174.52,173.12,173.23,5157.0,5,0.0
2025-04-17 19:00:00,173.24,173.45,172.45,172.71,4315.0,5,0.0
2025-04-21 10:00:00,170.73,170.79,169.51,169.73,477.0,33,0.0
2025-04-21 11:00:00,169.81,170.23,168.92,169.14,560.0,33,0.0
2025-04-21 12:00:00,168.81,169.61,168.81,169.18,373.0,33,0.0
2025-04-21 13:00:00,169.18,169.53,166.93,167.07,4758.0,5,0.0
2025-04-21 14:00:00,167.06,167.31,165.84,167.23,7437.0,5,0.0
2025-04-21 15:00:00,167.25,167.56,166.09,166.44,4862.0,5,0.0
2025-04-21 16:00:00,166.44,167.22,166.3,166.33,3448.0,5,0.0
2025-04-21 17:00:00,166.33,166.34,165.41,165.5,3472.0,5,0.0
2025-04-21 18:00:00,165.51,166.11,165.26,165.37,2865.0,5,0.0
2025-04-21 19:00:00,165.36,166.64,165.3,166.58,3458.0,5,0.0
2025-04-22 10:00:00,169.13,169.43,168.93,169.12,501.0,33,0.0
2025-04-22 11:00:00,169.13,169.24,168.39,168.49,628.0,22,0.0
2025-04-22 12:00:00,168.39,170.36,168.37,170.27,739.0,22,0.0
2025-04-22 13:00:00,170.3,171.05,169.24,170.92,4832.0,5,0.0
2025-04-22 14:00:00,170.93,172.99,170.81,172.84,5725.0,5,0.0
2025-04-22 15:00:00,172.84,174.22,171.9,172.99,5270.0,5,0.0
2025-04-22 16:00:00,173.0,176.74,173.0,175.3,8281.0,5,0.0
2025-04-22 17:00:00,175.3,175.48,172.63,172.8,8444.0,5,0.0
2025-04-22 18:00:00,172.81,173.56,172.66,173.25,4281.0,5,0.0
2025-04-22 19:00:00,173.26,173.33,171.92,172.95,3509.0,5,0.0
2025-04-23 10:00:00,180.34,181.96,180.32,181.91,616.0,33,0.0
2025-04-23 11:00:00,181.86,182.1,181.16,181.22,925.0,33,0.0
2025-04-23 12:00:00,181.22,182.67,180.92,182.51,915.0,33,0.0
2025-04-23 13:00:00,182.51,186.71,182.19,185.77,9046.0,5,0.0
2025-04-23 14:00:00,185.79,187.34,184.38,185.21,12086.0,5,0.0
2025-04-23 15:00:00,185.22,185.49,181.63,182.42,10658.0,5,0.0
2025-04-23 16:00:00,182.43,182.49,180.91,182.17,7754.0,5,0.0
2025-04-23 17:00:00,182.18,182.54,181.08,182.25,5286.0,5,0.0
2025-04-23 18:00:00,182.25,182.63,181.49,181.78,5367.0,5,0.0
2025-04-23 19:00:00,181.77,182.05,180.17,180.53,5266.0,5,0.0
2025-04-24 10:00:00,179.37,180.69,179.15,180.25,825.0,33,0.0
2025-04-24 11:00:00,180.32,180.46,179.29,179.93,850.0,33,0.0
2025-04-24 12:00:00,179.95,181.84,179.95,181.32,1137.0,33,0.0
2025-04-24 13:00:00,181.32,182.52,180.0,182.48,4974.0,5,0.0
2025-04-24 14:00:00,182.47,184.49,182.01,184.18,7848.0,5,0.0
2025-04-24 15:00:00,184.18,185.14,184.06,184.45,5608.0,5,0.0
2025-04-24 16:00:00,184.46,185.62,184.04,185.44,4263.0,5,0.0
2025-04-24 17:00:00,185.44,185.55,184.65,185.34,3894.0,5,0.0
2025-04-24 18:00:00,185.33,186.55,185.16,185.95,3209.0,5,0.0
2025-04-24 19:00:00,185.95,186.23,185.44,186.17,2770.0,5,0.0
2025-04-25 10:00:00,189.56,189.56,187.0,187.34,1313.0,33,0.0
2025-04-25 11:00:00,187.44,188.1,186.54,187.16,930.0,33,0.0
2025-04-25 12:00:00,187.17,187.87,186.38,186.56,915.0,33,0.0
2025-04-25 13:00:00,186.53,187.87,185.48,186.22,4768.0,5,0.0
2025-04-25 14:00:00,186.37,187.9,185.5,186.58,8824.0,5,0.0
2025-04-25 15:00:00,186.57,187.64,186.17,186.74,4979.0,5,0.0
2025-04-25 16:00:00,186.75,187.96,186.57,187.83,3620.0,5,0.0
2025-04-25 17:00:00,187.82,188.76,186.99,187.56,5790.0,5,0.0
2025-04-25 18:00:00,187.56,189.66,187.43,189.46,4213.0,5,0.0
2025-04-25 19:00:00,189.46,189.9,188.67,188.89,3102.0,5,0.0
2025-04-28 10:00:00,189.08,189.28,188.55,188.85,541.0,33,0.0
2025-04-28 11:00:00,188.88,189.91,188.86,189.71,400.0,33,0.0
2025-04-28 12:00:00,189.83,190.3,189.23,189.87,538.0,33,0.0
2025-04-28 13:00:00,189.86,190.18,187.77,187.82,3872.0,5,0.0
2025-04-28 14:00:00,187.82,188.94,187.51,188.11,6097.0,5,0.0
2025-04-28 15:00:00,188.1,188.43,185.65,186.03,5215.0,5,0.0
2025-04-28 16:00:00,186.0,186.05,184.85,185.56,3822.0,5,0.0
2025-04-28 17:00:00,185.56,186.1,184.98,186.04,3080.0,5,0.0
2025-04-28 18:00:00,186.04,186.61,185.61,186.53,2474.0,5,0.0
2025-04-28 19:00:00,186.53,187.75,186.46,187.66,2261.0,5,0.0
2025-04-29 10:00:00,188.15,188.36,186.72,187.4,607.0,33,0.0
2025-04-29 11:00:00,187.43,188.26,187.25,187.99,474.0,33,0.0
2025-04-29 12:00:00,187.88,188.32,183.58,184.3,1752.0,33,0.0
2025-04-29 13:00:00,184.36,185.69,182.71,184.98,5134.0,5,0.0
2025-04-29 14:00:00,184.98,186.97,184.61,186.74,7186.0,5,0.0
2025-04-29 15:00:00,186.73,187.09,185.77,186.59,4785.0,5,0.0
2025-04-29 16:00:00,186.59,187.4,185.58,185.85,3555.0,5,0.0
2025-04-29 17:00:00,185.85,187.58,185.74,187.57,3301.0,5,0.0
2025-04-29 18:00:00,187.56,187.99,187.21,187.45,3354.0,5,0.0
2025-04-29 19:00:00,187.44,187.86,187.11,187.22,2578.0,5,0.0
2025-04-30 10:00:00,186.78,186.85,185.19,186.0,716.0,22,0.0
2025-04-30 11:00:00,186.06,186.73,185.46,185.63,735.0,22,0.0
2025-04-30 12:00:00,185.58,185.77,182.08,182.74,1347.0,33,0.0
2025-04-30 13:00:00,182.72,182.72,179.06,179.3,5866.0,5,0.0
2025-04-30 14:00:00,179.29,181.45,178.81,180.89,8839.0,5,0.0
2025-04-30 15:00:00,180.89,182.12,180.84,181.82,5075.0,5,0.0
2025-04-30 16:00:00,181.8,181.97,180.6,181.41,3944.0,5,0.0
2025-04-30 17:00:00,181.41,182.21,180.47,181.87,3849.0,5,0.0
2025-04-30 18:00:00,181.9,183.02,181.62,181.66,6343.0,5,0.0
2025-04-30 19:00:00,181.65,182.52,181.65,182.46,3191.0,5,0.0
2025-05-01 10:00:00,191.51,191.56,190.87,191.11,304.0,33,0.0
2025-05-01 11:00:00,191.12,191.68,190.98,191.03,467.0,33,0.0
2025-05-01 12:00:00,191.03,191.59,189.62,189.74,901.0,33,0.0
2025-05-01 13:00:00,189.73,190.98,187.48,187.5,5462.0,5,0.0
2025-05-01 14:00:00,187.89,190.29,187.58,190.23,7744.0,5,0.0
2025-05-01 15:00:00,190.24,190.91,188.88,189.17,5283.0,5,0.0
2025-05-01 16:00:00,189.18,189.79,188.62,188.96,4884.0,5,0.0
2025-05-01 17:00:00,188.95,190.47,188.89,189.63,4057.0,5,0.0
2025-05-01 18:00:00,189.63,190.52,189.54,190.21,3426.0,5,0.0
2025-05-01 19:00:00,190.22,191.76,189.96,191.3,4101.0,5,0.0
2025-05-02 10:00:00,187.29,188.62,186.73,188.19,796.0,33,0.0
2025-05-02 11:00:00,188.2,189.19,187.94,188.37,815.0,33,0.0
2025-05-02 12:00:00,188.37,193.0,188.36,192.34,1974.0,33,0.0
2025-05-02 13:00:00,192.36,193.1,186.36,187.42,7027.0,5,0.0
2025-05-02 14:00:00,187.45,189.92,187.22,189.12,9502.0,5,0.0
2025-05-02 15:00:00,189.14,191.18,188.77,189.97,6633.0,5,0.0
2025-05-02 16:00:00,189.98,192.84,189.83,191.36,7713.0,5,0.0
2025-05-02 17:00:00,191.36,191.63,190.12,190.36,4301.0,5,0.0
2025-05-02 18:00:00,190.37,191.39,189.94,190.15,3857.0,5,0.0
2025-05-02 19:00:00,190.14,190.55,189.64,190.35,3416.0,5,0.0
2025-05-05 10:00:00,186.98,187.1,186.51,186.88,285.0,33,0.0
2025-05-05 11:00:00,186.88,187.2,186.76,186.82,392.0,33,0.0
2025-05-05 12:00:00,186.83,187.2,186.56,187.01,458.0,33,0.0
2025-05-05 13:00:00,187.0,187.64,185.53,186.16,4588.0,5,0.0
2025-05-05 14:00:00,186.25,187.86,186.12,187.5,5992.0,5,0.0
2025-05-05 15:00:00,187.51,188.15,186.81,187.07,3768.0,5,0.0
2025-05-05 16:00:00,187.07,187.75,186.89,187.7,2692.0,5,0.0
2025-05-05 17:00:00,187.7,187.96,187.16,187.22,2380.0,5,0.0
2025-05-05 18:00:00,187.22,187.69,187.05,187.1,1919.0,5,0.0
2025-05-05 19:00:00,187.1,187.22,186.61,186.78,1929.0,5,0.0
2025-05-06 10:00:00,184.46,184.85,184.39,184.72,384.0,33,0.0
2025-05-06 11:00:00,184.77,185.12,183.96,184.28,660.0,22,0.0
2025-05-06 12:00:00,184.28,184.37,183.96,184.24,355.0,22,0.0
2025-05-06 13:00:00,184.2,186.27,183.73,184.96,3406.0,5,0.0
2025-05-06 14:00:00,184.97,187.1,184.62,186.41,5215.0,5,0.0
2025-05-06 15:00:00,186.41,186.86,186.12,186.14,3066.0,5,0.0
2025-05-06 16:00:00,186.15,187.91,185.51,185.55,4629.0,5,0.0
2025-05-06 17:00:00,185.56,185.94,184.98,185.3,3099.0,5,0.0
2025-05-06 18:00:00,185.3,185.95,185.27,185.84,2423.0,5,0.0
2025-05-06 19:00:00,185.81,185.89,185.32,185.49,1835.0,5,0.0
2025-05-07 10:00:00,186.53,187.16,186.49,187.14,438.0,33,0.0
2025-05-07 11:00:00,187.11,187.2,186.79,186.96,325.0,22,0.0
2025-05-07 12:00:00,186.96,186.99,185.89,186.04,710.0,22,0.0
2025-05-07 13:00:00,186.02,188.12,184.88,187.78,3948.0,5,0.0
2025-05-07 14:00:00,187.79,190.96,187.46,188.89,7186.0,5,0.0
2025-05-07 15:00:00,188.9,189.24,187.31,188.19,6362.0,5,0.0
2025-05-07 16:00:00,188.18,188.84,187.75,188.81,4111.0,5,0.0
2025-05-07 17:00:00,188.81,189.18,187.92,188.28,3366.0,5,0.0
2025-05-07 18:00:00,188.29,189.01,186.55,188.74,8170.0,5,0.0
2025-05-07 19:00:00,188.74,190.07,187.5,189.24,6425.0,5,0.0
2025-05-08 10:00:00,192.07,192.62,191.99,192.6,302.0,33,0.0
2025-05-08 11:00:00,192.55,192.55,191.39,191.39,660.0,33,0.0
2025-05-08 12:00:00,191.37,191.95,191.14,191.37,763.0,22,0.0
2025-05-08 13:00:00,191.37,191.98,189.66,190.14,3604.0,5,0.0
2025-05-08 14:00:00,190.15,190.63,188.81,189.14,7463.0,5,0.0
2025-05-08 15:00:00,189.12,193.04,188.94,192.31,8028.0,5,0.0
2025-05-08 16:00:00,192.32,194.3,192.1,194.23,4669.0,5,0.0
2025-05-08 17:00:00,194.22,194.3,192.91,192.91,3593.0,5,0.0
2025-05-08 18:00:00,192.92,193.87,192.77,193.41,2933.0,5,0.0
2025-05-08 19:00:00,193.4,194.2,192.95,193.0,3331.0,5,0.0
2025-05-09 10:00:00,192.77,193.26,192.74,193.23,411.0,22,0.0
2025-05-09 11:00:00,193.2,193.69,191.46,192.43,1036.0,22,0.0
2025-05-09 12:00:00,192.43,192.79,192.15,192.67,365.0,33,0.0
2025-05-09 13:00:00,192.68,194.56,192.68,193.66,3269.0,5,0.0
2025-05-09 14:00:00,193.65,193.76,191.14,192.11,6685.0,5,0.0
2025-05-09 15:00:00,192.09,193.02,191.67,193.0,4430.0,5,0.0
2025-05-09 16:00:00,193.0,193.11,191.75,192.04,3460.0,5,0.0
2025-05-09 17:00:00,192.04,192.86,191.64,192.79,3454.0,5,0.0
2025-05-09 18:00:00,192.78,192.82,191.99,192.54,2478.0,5,0.0
2025-05-09 19:00:00,192.54,193.5,192.5,193.44,2678.0,5,0.0
2025-05-12 10:00:00,207.86,209.13,207.4,208.68,1298.0,33,0.0
2025-05-12 11:00:00,208.64,208.85,207.36,208.05,1453.0,33,0.0
2025-05-12 12:00:00,208.05,210.35,207.9,209.84,1548.0,33,0.0
2025-05-12 13:00:00,209.85,211.46,205.69,207.83,6224.0,5,0.0
2025-05-12 14:00:00,207.84,208.82,206.5,207.19,8981.0,5,0.0
2025-05-12 15:00:00,207.19,207.89,206.43,206.5,5342.0,5,0.0
2025-05-12 16:00:00,206.49,208.04,206.3,207.94,4078.0,5,0.0
2025-05-12 17:00:00,207.95,208.84,207.9,208.38,3599.0,5,0.0
2025-05-12 18:00:00,208.39,209.14,207.93,208.43,2969.0,5,0.0
2025-05-12 19:00:00,208.43,208.44,207.66,208.06,2912.0,5,0.0
2025-05-13 10:00:00,207.74,208.01,207.44,207.8,509.0,22,0.0
2025-05-13 11:00:00,207.83,209.39,207.82,209.37,429.0,22,0.0
2025-05-13 12:00:00,209.38,212.0,209.3,211.26,1408.0,33,0.0
2025-05-13 13:00:00,211.28,214.56,209.96,213.72,4871.0,5,0.0
2025-05-13 14:00:00,213.71,214.8,213.24,213.34,7165.0,5,0.0
2025-05-13 15:00:00,213.34,214.43,212.9,214.17,4812.0,5,0.0
2025-05-13 16:00:00,214.17,214.3,213.1,213.17,4086.0,5,0.0
2025-05-13 17:00:00,213.17,213.25,212.02,212.04,3651.0,5,0.0
2025-05-13 18:00:00,212.05,212.41,211.85,212.39,3360.0,5,0.0
2025-05-13 19:00:00,212.38,212.56,211.54,211.72,2334.0,5,0.0
2025-05-14 10:00:00,210.22,211.16,210.18,210.97,439.0,33,0.0
2025-05-14 11:00:00,210.96,211.96,210.95,211.25,558.0,33,0.0
2025-05-14 12:00:00,211.24,211.66,210.79,211.26,730.0,33,0.0
2025-05-14 13:00:00,211.28,211.74,209.76,210.49,4659.0,5,0.0
2025-05-14 14:00:00,210.51,211.3,210.08,211.22,6278.0,5,0.0
2025-05-14 15:00:00,211.23,211.79,210.47,210.86,4732.0,5,0.0
2025-05-14 16:00:00,210.87,211.14,210.22,210.27,2945.0,5,0.0
2025-05-14 17:00:00,210.29,210.33,209.2,210.18,3915.0,5,0.0
2025-05-14 18:00:00,210.18,210.47,209.8,210.02,3289.0,5,0.0
2025-05-14 19:00:00,210.03,210.03,209.26,209.48,2428.0,5,0.0
2025-05-15 10:00:00,207.5,207.62,207.01,207.47,381.0,33,0.0
2025-05-15 11:00:00,207.5,208.66,207.44,208.17,701.0,22,0.0
2025-05-15 12:00:00,208.2,208.4,207.37,207.78,867.0,22,0.0
2025-05-15 13:00:00,207.78,208.0,203.44,205.19,4947.0,5,0.0
2025-05-15 14:00:00,205.22,205.97,203.17,203.97,9219.0,5,0.0
2025-05-15 15:00:00,203.98,205.9,202.64,205.19,9037.0,5,0.0
2025-05-15 16:00:00,205.19,205.85,204.27,205.15,5438.0,5,0.0
2025-05-15 17:00:00,205.15,205.64,204.9,205.19,3257.0,5,0.0
2025-05-15 18:00:00,205.19,205.43,204.5,205.23,4264.0,5,0.0
2025-05-15 19:00:00,205.24,205.5,203.92,204.71,4301.0,5,0.0
2025-05-16 10:00:00,205.55,205.96,205.44,205.83,355.0,33,0.0
2025-05-16 11:00:00,205.84,205.91,205.26,205.86,478.0,22,0.0
2025-05-16 12:00:00,205.87,206.47,205.66,205.72,643.0,22,0.0
2025-05-16 13:00:00,205.73,206.78,204.43,205.75,3884.0,5,0.0
2025-05-16 14:00:00,205.52,206.01,204.61,205.25,5827.0,5,0.0
2025-05-16 15:00:00,205.26,205.36,204.61,204.96,3927.0,5,0.0
2025-05-16 16:00:00,204.96,205.65,204.89,205.14,2696.0,5,0.0
2025-05-16 17:00:00,205.14,205.24,204.36,204.56,2576.0,5,0.0
2025-05-16 18:00:00,204.56,205.25,204.51,204.99,2601.0,5,0.0
2025-05-16 19:00:00,204.98,205.43,204.92,205.18,2220.0,5,0.0
2025-05-19 10:00:00,201.41,201.71,201.06,201.44,477.0,33,0.0
2025-05-19 11:00:00,201.47,201.77,201.0,201.44,551.0,33,0.0
2025-05-19 12:00:00,201.44,201.7,201.12,201.6,497.0,33,0.0
2025-05-19 13:00:00,201.59,205.69,200.64,205.11,3696.0,5,0.0
2025-05-19 14:00:00,205.09,206.58,204.51,205.03,5636.0,5,0.0
2025-05-19 15:00:00,205.03,205.86,204.76,205.4,3538.0,5,0.0
2025-05-19 16:00:00,205.41,206.27,205.19,206.2,2686.0,5,0.0
2025-05-19 17:00:00,206.19,206.56,205.69,205.74,2726.0,5,0.0
2025-05-19 18:00:00,205.75,206.21,205.2,206.01,2691.0,5,0.0
2025-05-19 19:00:00,206.03,206.12,205.33,205.43,2211.0,5,0.0
2025-05-20 10:00:00,205.0,205.64,204.93,205.44,394.0,22,0.0
2025-05-20 11:00:00,205.44,205.74,205.24,205.41,316.0,22,0.0
2025-05-20 12:00:00,205.41,205.57,204.53,204.71,488.0,22,0.0
2025-05-20 13:00:00,204.72,205.44,203.94,204.97,3026.0,5,0.0
2025-05-20 14:00:00,204.96,205.06,203.7,204.04,4497.0,5,0.0
2025-05-20 15:00:00,204.04,204.17,203.2,203.5,3320.0,5,0.0
2025-05-20 16:00:00,203.5,204.16,203.29,203.92,2476.0,5,0.0
2025-05-20 17:00:00,203.92,204.19,203.62,203.85,2841.0,5,0.0
2025-05-20 18:00:00,203.84,204.11,203.18,203.21,3997.0,5,0.0
2025-05-20 19:00:00,203.2,203.92,202.63,203.68,3062.0,5,0.0
2025-05-21 10:00:00,202.13,202.32,201.3,202.19,656.0,22,0.0
2025-05-21 11:00:00,202.15,202.43,201.85,202.36,651.0,22,0.0
2025-05-21 12:00:00,202.38,202.38,201.55,201.73,506.0,22,0.0
2025-05-21 13:00:00,201.75,201.81,199.97,200.42,4200.0,5,0.0
2025-05-21 14:00:00,200.44,202.33,200.25,202.31,7851.0,5,0.0
2025-05-21 15:00:00,202.29,203.27,202.12,202.46,5870.0,5,0.0
2025-05-21 16:00:00,202.44,203.43,202.35,203.22,3646.0,5,0.0
2025-05-21 17:00:00,203.22,203.34,200.4,201.75,12328.0,5,0.0
2025-05-21 18:00:00,201.73,201.97,200.89,200.97,6653.0,5,0.0
2025-05-21 19:00:00,200.98,201.46,200.3,201.36,5627.0,5,0.0
2025-05-22 10:00:00,201.8,201.8,201.5,201.57,154.0,33,0.0
2025-05-22 11:00:00,201.55,202.58,201.01,201.04,519.0,33,0.0
2025-05-22 12:00:00,201.34,201.87,200.25,201.85,1023.0,33,0.0
2025-05-22 13:00:00,201.85,202.8,200.07,202.69,4088.0,5,0.0
2025-05-22 14:00:00,202.7,203.49,201.64,202.36,7642.0,5,0.0
2025-05-22 15:00:00,202.35,203.46,202.34,203.31,5662.0,5,0.0
2025-05-22 16:00:00,203.32,204.1,202.86,202.98,4197.0,5,0.0
2025-05-22 17:00:00,202.98,205.66,202.43,204.96,4936.0,5,0.0
2025-05-22 18:00:00,204.97,205.47,203.88,204.24,5892.0,5,0.0
2025-05-22 19:00:00,204.23,204.61,203.84,203.98,3314.0,5,0.0
2025-05-23 10:00:00,202.93,203.09,202.39,202.69,499.0,33,0.0
2025-05-23 11:00:00,202.71,202.78,197.51,197.61,1766.0,33,0.0
2025-05-23 12:00:00,197.62,197.67,196.2,196.6,2079.0,33,0.0
2025-05-23 13:00:00,196.62,200.83,195.86,200.04,5755.0,5,0.0
2025-05-23 14:00:00,200.07,201.52,199.91,200.3,8198.0,5,0.0
2025-05-23 15:00:00,200.31,201.81,200.08,200.87,5536.0,5,0.0
2025-05-23 16:00:00,200.87,201.53,200.66,201.15,4276.0,5,0.0
2025-05-23 17:00:00,201.15,202.3,201.04,202.12,3780.0,5,0.0
2025-05-23 18:00:00,202.11,202.34,201.59,201.73,4136.0,5,0.0
2025-05-23 19:00:00,201.72,202.01,201.09,201.68,3273.0,5,0.0
2025-05-27 10:00:00,204.96,204.98,204.61,204.68,501.0,33,0.0
2025-05-27 11:00:00,204.66,204.66,203.64,203.96,487.0,33,0.0
2025-05-27 12:00:00,203.97,204.48,203.45,203.62,518.0,33,0.0
2025-05-27 13:00:00,203.62,204.44,202.17,203.37,4422.0,5,0.0
2025-05-27 14:00:00,203.37,205.33,203.37,204.49,6107.0,5,0.0
2025-05-27 15:00:00,204.52,206.16,204.46,206.13,3615.0,5,0.0
2025-05-27 16:00:00,206.13,206.66,205.71,206.07,3700.0,5,0.0
2025-05-27 17:00:00,206.07,206.41,205.91,206.11,2736.0,5,0.0
2025-05-27 18:00:00,206.11,206.3,205.19,205.24,2537.0,5,0.0
2025-05-27 19:00:00,205.23,205.6,205.03,205.51,2616.0,5,0.0
2025-05-28 10:00:00,205.37,206.17,205.31,206.12,407.0,22,0.0
2025-05-28 11:00:00,206.07,206.31,205.54,205.99,477.0,22,0.0
2025-05-28 12:00:00,206.02,206.29,205.95,206.09,448.0,22,0.0
2025-05-28 13:00:00,206.03,207.62,205.01,205.85,3808.0,5,0.0
2025-05-28 14:00:00,205.84,206.25,205.15,205.24,5263.0,5,0.0
2025-05-28 15:00:00,205.24,205.78,205.19,205.31,2886.0,5,0.0
2025-05-28 16:00:00,205.3,205.94,205.3,205.66,2172.0,5,0.0
2025-05-28 17:00:00,205.67,205.79,205.17,205.31,1904.0,5,0.0
2025-05-28 18:00:00,205.31,206.05,205.0,205.67,3098.0,5,0.0
2025-05-28 19:00:00,205.66,205.96,205.2,205.39,4184.0,5,0.0
2025-05-29 10:00:00,210.33,210.51,209.6,209.98,657.0,33,0.0
2025-05-29 11:00:00,210.03,210.23,207.76,208.23,857.0,33,0.0
2025-05-29 12:00:00,208.12,208.57,207.37,207.65,1102.0,33,0.0
2025-05-29 13:00:00,207.65,208.68,206.27,207.01,5606.0,5,0.0
2025-05-29 14:00:00,206.98,207.46,205.75,207.27,8122.0,5,0.0
2025-05-29 15:00:00,207.26,207.35,204.48,204.64,5901.0,5,0.0
2025-05-29 16:00:00,204.62,206.67,204.21,206.56,4916.0,5,0.0
2025-05-29 17:00:00,206.55,206.93,205.27,205.3,4258.0,5,0.0
2025-05-29 18:00:00,205.31,205.64,204.36,204.98,4377.0,5,0.0
2025-05-29 19:00:00,204.98,205.61,204.8,205.53,3496.0,5,0.0
2025-05-30 10:00:00,205.07,205.41,204.98,205.19,647.0,22,0.0
2025-05-30 11:00:00,205.14,206.54,205.13,205.37,674.0,33,0.0
2025-05-30 12:00:00,205.42,205.71,202.41,203.73,2116.0,33,0.0
2025-05-30 13:00:00,203.74,205.06,203.46,203.8,3524.0,5,0.0
2025-05-30 14:00:00,203.97,205.26,203.78,204.33,5555.0,5,0.0
2025-05-30 15:00:00,204.33,204.82,203.82,204.22,4030.0,5,0.0
2025-05-30 16:00:00,204.23,204.56,201.67,202.22,6816.0,5,0.0
2025-05-30 17:00:00,202.2,203.16,202.05,202.72,4813.0,5,0.0
2025-05-30 18:00:00,202.73,204.4,202.72,204.33,4464.0,5,0.0
2025-05-30 19:00:00,204.31,205.04,204.3,204.61,3578.0,5,0.0
2025-06-02 10:00:00,203.35,204.1,203.15,203.96,502.0,33,0.0
2025-06-02 11:00:00,203.95,204.48,203.63,203.7,653.0,33,0.0
2025-06-02 12:00:00,203.69,204.23,203.66,204.09,643.0,33,0.0
2025-06-02 13:00:00,204.1,206.15,203.38,203.66,5229.0,5,0.0
2025-06-02 14:00:00,203.55,205.18,202.64,205.14,6918.0,5,0.0
2025-06-02 15:00:00,205.13,205.51,204.75,205.32,4311.0,5,0.0
2025-06-02 16:00:00,205.31,205.95,204.93,205.86,3053.0,5,0.0
2025-06-02 17:00:00,205.87,206.16,205.43,205.58,2917.0,5,0.0
2025-06-02 18:00:00,205.57,206.65,205.44,206.41,3034.0,5,0.0
2025-06-02 19:00:00,206.41,206.9,206.3,206.79,2610.0,5,0.0
2025-06-03 10:00:00,205.85,206.13,205.61,206.13,500.0,33,0.0
2025-06-03 11:00:00,206.07,206.43,205.85,206.22,591.0,22,0.0
2025-06-03 12:00:00,206.22,206.56,205.77,206.49,536.0,33,0.0
2025-06-03 13:00:00,206.49,208.81,206.27,207.52,3484.0,5,0.0
2025-06-03 14:00:00,207.54,208.25,206.52,206.8,5547.0,5,0.0
2025-06-03 15:00:00,206.81,207.59,206.56,206.8,3141.0,5,0.0
2025-06-03 16:00:00,206.79,207.9,206.75,207.79,2167.0,5,0.0
2025-06-03 17:00:00,207.8,207.86,206.9,206.94,2217.0,5,0.0
2025-06-03 18:00:00,206.94,207.01,205.69,205.78,2986.0,5,0.0
2025-06-03 19:00:00,205.79,205.9,205.2,205.36,2433.0,5,0.0
2025-06-04 10:00:00,206.67,206.81,206.24,206.77,208.0,33,0.0
2025-06-04 11:00:00,206.71,206.8,206.38,206.8,292.0,33,0.0
2025-06-04 12:00:00,206.8,207.06,204.71,205.71,862.0,33,0.0
2025-06-04 13:00:00,205.71,207.12,205.47,206.53,3310.0,5,0.0
2025-06-04 14:00:00,206.42,206.42,205.16,205.97,5342.0,5,0.0
2025-06-04 15:00:00,205.98,206.48,205.67,206.46,3709.0,5,0.0
2025-06-04 16:00:00,206.45,206.72,206.11,206.65,2660.0,5,0.0
2025-06-04 17:00:00,206.67,207.83,206.65,207.53,2431.0,5,0.0
2025-06-04 18:00:00,207.54,208.15,207.34,207.86,2309.0,5,0.0
2025-06-04 19:00:00,207.85,207.97,207.3,207.39,2178.0,5,0.0
2025-06-05 10:00:00,208.57,209.0,208.14,208.86,533.0,33,0.0
2025-06-05 11:00:00,208.82,208.82,208.3,208.45,510.0,33,0.0
2025-06-05 12:00:00,208.46,210.35,208.14,209.76,1163.0,22,0.0
2025-06-05 13:00:00,209.76,211.28,207.97,208.9,5152.0,5,0.0
2025-06-05 14:00:00,208.89,211.42,208.15,211.06,7569.0,5,0.0
2025-06-05 15:00:00,211.08,212.78,211.08,211.66,6152.0,5,0.0
2025-06-05 16:00:00,211.65,212.26,209.06,209.45,5527.0,5,0.0
2025-06-05 17:00:00,209.44,211.41,209.2,210.06,4094.0,5,0.0
2025-06-05 18:00:00,210.06,210.06,208.31,209.76,5291.0,5,0.0
2025-06-05 19:00:00,209.75,209.86,207.77,208.9,7356.0,5,0.0
2025-06-06 10:00:00,209.63,209.86,209.48,209.58,229.0,33,0.0
2025-06-06 11:00:00,209.56,210.19,209.17,210.09,461.0,22,0.0
2025-06-06 12:00:00,210.09,212.29,209.91,211.97,896.0,22,0.0
2025-06-06 13:00:00,211.97,213.66,210.43,212.78,4714.0,5,0.0
2025-06-06 14:00:00,212.8,213.25,210.75,211.89,5924.0,5,0.0
2025-06-06 15:00:00,211.9,212.39,210.81,211.71,4852.0,5,0.0
2025-06-06 16:00:00,211.71,212.19,211.21,211.69,3267.0,5,0.0
2025-06-06 17:00:00,211.7,212.96,211.5,212.54,2948.0,5,0.0
2025-06-06 18:00:00,212.54,213.73,212.54,213.5,3006.0,5,0.0
2025-06-06 19:00:00,213.49,213.5,212.74,213.21,2422.0,5,0.0
2025-06-09 10:00:00,214.02,214.08,213.98,214.06,198.0,33,0.0
2025-06-09 11:00:00,214.02,214.81,214.02,214.74,388.0,33,0.0
2025-06-09 12:00:00,214.77,214.87,214.56,214.61,396.0,22,0.0
2025-06-09 13:00:00,214.6,214.94,212.8,213.84,4642.0,5,0.0
2025-06-09 14:00:00,213.86,215.22,213.45,214.42,6660.0,5,0.0
2025-06-09 15:00:00,214.43,215.87,214.31,215.85,4199.0,5,0.0
2025-06-09 16:00:00,215.86,216.83,215.54,216.62,3772.0,5,0.0
2025-06-09 17:00:00,216.63,217.66,216.05,217.5,3640.0,5,0.0
2025-06-09 18:00:00,217.49,217.81,216.65,217.52,2609.0,5,0.0
2025-06-09 19:00:00,217.52,217.82,216.98,217.32,2516.0,5,0.0
2025-06-10 10:00:00,216.98,217.23,216.23,216.61,409.0,22,0.0
2025-06-10 11:00:00,216.92,216.92,216.02,216.78,538.0,33,0.0
2025-06-10 12:00:00,216.89,217.25,216.76,217.08,281.0,22,0.0
2025-06-10 13:00:00,217.07,217.46,215.74,216.21,2872.0,5,0.0
2025-06-10 14:00:00,216.22,216.86,215.5,215.74,5355.0,5,0.0
2025-06-10 15:00:00,215.76,215.96,214.14,215.83,4165.0,5,0.0
2025-06-10 16:00:00,215.83,216.44,215.74,216.35,2679.0,5,0.0
2025-06-10 17:00:00,216.35,216.84,215.83,215.93,2394.0,5,0.0
2025-06-10 18:00:00,215.93,216.67,215.42,216.56,2866.0,5,0.0
2025-06-10 19:00:00,216.57,217.08,216.44,217.02,2820.0,5,0.0
2025-06-11 10:00:00,216.68,217.04,216.39,216.5,331.0,22,0.0
2025-06-11 11:00:00,216.56,216.7,216.19,216.7,258.0,33,0.0
2025-06-11 12:00:00,216.67,218.82,216.43,217.83,1220.0,33,0.0
2025-06-11 13:00:00,217.75,218.21,216.17,217.38,3604.0,5,0.0
2025-06-11 14:00:00,217.37,217.64,216.44,216.85,4760.0,5,0.0
2025-06-11 15:00:00,216.85,217.11,216.24,216.48,3107.0,5,0.0
2025-06-11 16:00:00,216.48,216.56,214.98,215.35,4050.0,5,0.0
2025-06-11 17:00:00,215.34,215.95,214.07,214.23,3246.0,5,0.0
2025-06-11 18:00:00,214.22,214.27,212.88,213.4,6481.0,5,0.0
2025-06-11 19:00:00,213.41,213.56,212.9,213.39,4105.0,5,0.0
2025-06-12 10:00:00,212.48,212.81,211.97,212.73,996.0,22,0.0
2025-06-12 11:00:00,212.82,212.82,211.36,211.59,599.0,22,0.0
2025-06-12 12:00:00,211.63,212.3,211.14,212.13,812.0,33,0.0
2025-06-12 13:00:00,212.12,213.1,211.26,212.51,3868.0,5,0.0
2025-06-12 14:00:00,212.5,213.36,212.31,212.84,4819.0,5,0.0
2025-06-12 15:00:00,212.85,213.54,212.19,212.47,3713.0,5,0.0
2025-06-12 16:00:00,212.48,213.41,212.11,212.57,3349.0,5,0.0
2025-06-12 17:00:00,212.58,212.95,212.4,212.71,2061.0,5,0.0
2025-06-12 18:00:00,212.72,213.36,212.59,213.31,2093.0,5,0.0
2025-06-12 19:00:00,213.29,213.43,212.65,212.68,1759.0,5,0.0
2025-06-13 10:00:00,209.09,209.78,208.58,209.03,528.0,33,0.0
2025-06-13 11:00:00,209.08,209.93,208.3,209.41,908.0,33,0.0
2025-06-13 12:00:00,209.4,210.45,209.09,209.15,974.0,33,0.0
2025-06-13 13:00:00,209.15,212.07,208.85,211.07,3183.0,5,0.0
2025-06-13 14:00:00,211.22,211.78,209.8,211.71,6677.0,5,0.0
2025-06-13 15:00:00,211.71,213.28,211.58,213.18,3769.0,5,0.0
2025-06-13 16:00:00,213.17,214.01,212.99,213.94,3014.0,5,0.0
2025-06-13 17:00:00,213.93,214.0,212.91,213.23,3176.0,5,0.0
2025-06-13 18:00:00,213.22,213.38,211.65,211.94,4912.0,5,0.0
2025-06-13 19:00:00,211.95,212.2,211.27,211.68,4738.0,5,0.0
2025-06-16 10:00:00,213.07,213.35,212.9,213.35,117.0,33,0.0
2025-06-16 11:00:00,213.05,213.35,212.77,213.34,361.0,33,0.0
2025-06-16 12:00:00,213.35,213.8,213.17,213.22,399.0,33,0.0
2025-06-16 13:00:00,213.23,213.93,211.52,213.75,3875.0,5,0.0
2025-06-16 14:00:00,213.76,214.83,213.39,214.6,5032.0,5,0.0
2025-06-16 15:00:00,214.61,216.51,214.55,215.38,4718.0,5,0.0
2025-06-16 16:00:00,215.38,215.75,214.85,215.12,2386.0,5,0.0
2025-06-16 17:00:00,215.11,215.91,215.02,215.21,2346.0,5,0.0
2025-06-16 18:00:00,215.21,216.4,215.2,216.32,1917.0,5,0.0
2025-06-16 19:00:00,216.32,216.64,216.12,216.54,2464.0,5,0.0
2025-06-17 10:00:00,214.38,214.52,213.54,213.93,737.0,33,0.0
2025-06-17 11:00:00,213.87,214.46,213.87,214.01,366.0,33,0.0
2025-06-17 12:00:00,214.01,215.25,213.96,214.47,759.0,33,0.0
2025-06-17 13:00:00,214.45,217.33,214.12,217.23,4103.0,5,0.0
2025-06-17 14:00:00,217.24,217.39,215.52,216.02,4897.0,5,0.0
2025-06-17 15:00:00,216.02,217.05,215.89,216.66,3639.0,5,0.0
2025-06-17 16:00:00,216.67,217.02,215.38,215.46,3562.0,5,0.0
2025-06-17 17:00:00,215.46,216.64,215.22,215.58,4599.0,5,0.0
2025-06-17 18:00:00,215.56,215.56,214.55,215.3,4115.0,5,0.0
2025-06-17 19:00:00,215.3,215.35,214.8,215.05,2418.0,5,0.0
2025-06-18 10:00:00,215.83,216.15,215.2,215.29,398.0,33,0.0
2025-06-18 11:00:00,215.29,215.67,214.91,215.41,567.0,33,0.0
2025-06-18 12:00:00,215.4,215.62,214.99,215.0,287.0,33,0.0
2025-06-18 13:00:00,215.03,216.59,214.87,216.32,2501.0,5,0.0
2025-06-18 14:00:00,216.31,217.93,216.12,217.41,5731.0,5,0.0
2025-06-18 15:00:00,217.41,217.55,215.88,215.93,3270.0,5,0.0
2025-06-18 16:00:00,215.93,216.22,215.25,215.57,2624.0,5,0.0
2025-06-18 17:00:00,215.57,215.82,214.49,215.47,3081.0,5,0.0
2025-06-18 18:00:00,215.49,216.09,213.86,214.18,5547.0,5,0.0
2025-06-18 19:00:00,214.19,215.46,213.82,215.3,5970.0,5,0.0
2025-06-20 10:00:00,212.22,212.52,211.97,212.37,393.0,33,0.0
2025-06-20 11:00:00,212.43,213.63,212.12,213.2,663.0,33,0.0
2025-06-20 12:00:00,213.2,214.02,213.13,213.87,483.0,33,0.0
2025-06-20 13:00:00,213.9,215.09,212.04,212.07,4032.0,5,0.0
2025-06-20 14:00:00,212.07,212.08,210.06,210.45,8282.0,5,0.0
2025-06-20 15:00:00,210.44,210.99,209.57,209.86,4341.0,5,0.0
2025-06-20 16:00:00,209.86,210.17,209.6,209.88,3008.0,5,0.0
2025-06-20 17:00:00,209.85,210.83,208.86,209.74,3801.0,5,0.0
2025-06-20 18:00:00,209.73,210.33,208.77,208.97,2839.0,5,0.0
2025-06-20 19:00:00,208.97,209.49,208.25,209.46,3222.0,5,0.0
2025-06-23 10:00:00,209.99,210.2,209.67,209.72,500.0,33,0.0
2025-06-23 11:00:00,209.72,209.72,208.4,208.97,573.0,33,0.0
2025-06-23 12:00:00,208.97,209.78,208.96,209.69,516.0,33,0.0
2025-06-23 13:00:00,209.67,209.97,207.28,209.39,3554.0,5,0.0
2025-06-23 14:00:00,209.4,210.35,208.48,208.75,4860.0,5,0.0
2025-06-23 15:00:00,208.76,209.55,208.54,209.23,3521.0,5,0.0
2025-06-23 16:00:00,209.24,209.45,207.3,207.89,6701.0,5,0.0
2025-06-23 17:00:00,207.91,210.28,207.72,209.61,5372.0,5,0.0
2025-06-23 18:00:00,209.61,210.02,209.02,209.18,2683.0,5,0.0
2025-06-23 19:00:00,209.18,209.53,208.53,208.61,2320.0,5,0.0
2025-06-24 10:00:00,211.73,212.06,211.31,211.92,508.0,33,0.0
2025-06-24 11:00:00,211.98,212.0,211.01,211.78,539.0,33,0.0
2025-06-24 12:00:00,211.79,212.31,210.89,211.7,570.0,33,0.0
2025-06-24 13:00:00,211.68,213.92,210.93,213.21,3713.0,5,0.0
2025-06-24 14:00:00,213.22,213.4,211.97,212.25,4713.0,5,0.0
2025-06-24 15:00:00,212.26,213.76,212.26,213.08,3281.0,5,0.0
2025-06-24 16:00:00,213.08,213.87,212.98,213.78,2309.0,5,0.0
2025-06-24 17:00:00,213.77,214.31,213.5,214.11,2274.0,5,0.0
2025-06-24 18:00:00,214.12,214.27,213.45,213.95,2037.0,5,0.0
2025-06-24 19:00:00,213.95,214.06,213.34,213.77,2335.0,5,0.0
2025-06-25 10:00:00,214.1,214.15,212.98,213.22,434.0,33,0.0
2025-06-25 11:00:00,213.17,213.75,213.08,213.68,390.0,33,0.0
2025-06-25 12:00:00,213.68,214.17,213.62,214.14,284.0,33,0.0
2025-06-25 13:00:00,214.15,215.89,213.35,214.24,3457.0,5,0.0
2025-06-25 14:00:00,214.27,214.7,213.65,213.71,4464.0,5,0.0
2025-06-25 15:00:00,213.71,213.9,213.0,213.19,3091.0,5,0.0
2025-06-25 16:00:00,213.19,213.31,212.61,212.72,2514.0,5,0.0
2025-06-25 17:00:00,212.72,212.8,211.15,211.16,3101.0,5,0.0
2025-06-25 18:00:00,211.16,211.72,211.11,211.51,2356.0,5,0.0
2025-06-25 19:00:00,211.51,211.95,211.31,211.9,2003.0,5,0.0
2025-06-26 10:00:00,213.14,213.54,213.13,213.22,209.0,33,0.0
2025-06-26 11:00:00,213.14,213.31,212.77,213.14,443.0,33,0.0
2025-06-26 12:00:00,213.15,213.23,212.48,213.06,506.0,22,0.0
2025-06-26 13:00:00,213.01,213.57,212.0,212.92,3284.0,5,0.0
2025-06-26 14:00:00,212.93,214.21,212.62,213.99,4289.0,5,0.0
2025-06-26 15:00:00,213.99,216.81,213.97,215.86,5428.0,5,0.0
2025-06-26 16:00:00,215.84,216.42,215.28,215.71,3284.0,5,0.0
2025-06-26 17:00:00,215.7,216.76,215.69,216.59,2725.0,5,0.0
2025-06-26 18:00:00,216.59,218.01,216.53,217.05,3428.0,5,0.0
2025-06-26 19:00:00,217.06,217.49,216.75,216.94,2367.0,5,0.0
2025-06-27 10:00:00,218.97,219.08,218.79,219.04,170.0,33,0.0
2025-06-27 11:00:00,218.96,219.81,218.68,219.81,391.0,33,0.0
2025-06-27 12:00:00,219.81,220.06,219.5,219.95,611.0,33,0.0
2025-06-27 13:00:00,219.93,221.53,219.14,220.7,3844.0,5,0.0
2025-06-27 14:00:00,220.74,221.3,218.78,218.86,5725.0,5,0.0
2025-06-27 15:00:00,218.87,219.98,218.56,219.71,3646.0,5,0.0
2025-06-27 16:00:00,219.71,220.01,219.29,219.81,3078.0,5,0.0
2025-06-27 17:00:00,219.82,219.82,218.2,218.36,4015.0,5,0.0
2025-06-27 18:00:00,218.37,218.42,216.73,217.01,4852.0,5,0.0
2025-06-27 19:00:00,217.03,220.66,217.01,219.73,4611.0,5,0.0
2025-06-30 10:00:00,224.33,224.4,223.71,224.12,551.0,33,0.0
2025-06-30 11:00:00,224.1,224.58,223.77,224.32,475.0,33,0.0
2025-06-30 12:00:00,224.32,224.4,223.09,223.39,614.0,33,0.0
2025-06-30 13:00:00,223.38,223.69,221.24,222.25,3482.0,5,0.0
2025-06-30 14:00:00,222.22,222.76,220.72,221.19,6474.0,5,0.0
2025-06-30 15:00:00,221.2,221.83,220.3,220.38,4424.0,5,0.0
2025-06-30 16:00:00,220.38,220.8,219.2,219.57,3510.0,5,0.0
2025-06-30 17:00:00,219.57,220.43,219.11,219.95,2863.0,5,0.0
2025-06-30 18:00:00,219.94,220.18,219.16,219.73,2978.0,5,0.0
2025-06-30 19:00:00,219.74,219.91,219.45,219.74,2474.0,5,0.0
2025-07-01 10:00:00,219.14,219.24,219.02,219.15,157.0,33,0.0
2025-07-01 11:00:00,219.18,219.55,219.05,219.33,379.0,33,0.0
2025-07-01 12:00:00,219.38,219.48,218.37,218.69,535.0,33,0.0
2025-07-01 13:00:00,218.74,220.15,218.59,219.56,2966.0,5,0.0
2025-07-01 14:00:00,219.51,220.65,218.69,219.06,6912.0,5,0.0
2025-07-01 15:00:00,219.06,219.93,217.92,219.15,5630.0,5,0.0
2025-07-01 16:00:00,219.16,220.16,218.49,219.88,3304.0,5,0.0
2025-07-01 17:00:00,219.87,221.02,219.87,220.96,3507.0,5,0.0
2025-07-01 18:00:00,220.97,221.47,220.64,221.26,2871.0,5,0.0
2025-07-01 19:00:00,221.26,221.85,220.46,221.28,4001.0,5,0.0
2025-07-02 10:00:00,220.96,220.97,220.01,220.21,474.0,22,0.0
2025-07-02 11:00:00,220.28,220.38,219.08,219.33,397.0,33,0.0
2025-07-02 12:00:00,219.33,219.86,218.65,218.93,628.0,33,0.0
2025-07-02 13:00:00,218.93,220.23,218.76,219.33,2975.0,5,0.0
2025-07-02 14:00:00,219.31,220.7,219.21,219.83,5169.0,5,0.0
2025-07-02 15:00:00,219.86,221.58,219.86,221.16,3671.0,5,0.0
2025-07-02 16:00:00,221.17,221.5,220.54,220.71,2262.0,5,0.0
2025-07-02 17:00:00,220.71,220.94,219.79,219.85,2083.0,5,0.0
2025-07-02 18:00:00,219.85,220.6,219.8,220.06,2012.0,5,0.0
2025-07-02 19:00:00,220.05,220.32,219.68,219.78,2093.0,5,0.0
2025-07-03 10:00:00,220.41,220.41,220.2,220.36,282.0,33,0.0
2025-07-03 11:00:00,220.34,220.37,220.12,220.32,279.0,22,0.0
2025-07-03 12:00:00,220.33,221.25,220.14,220.86,649.0,22,0.0
2025-07-03 13:00:00,220.87,223.89,220.85,222.6,3885.0,5,0.0
2025-07-03 14:00:00,222.64,223.38,221.35,222.0,5308.0,5,0.0
2025-07-03 15:00:00,222.0,223.53,222.0,223.28,3429.0,5,0.0
2025-07-03 16:00:00,223.29,223.52,222.75,223.29,3766.0,5,0.0
2025-07-07 10:00:00,222.78,223.06,222.77,222.98,213.0,33,0.0
2025-07-07 11:00:00,222.94,223.97,222.93,223.94,322.0,33,0.0
2025-07-07 12:00:00,223.89,224.51,223.62,223.76,449.0,22,0.0
2025-07-07 13:00:00,223.8,223.97,222.29,223.36,3251.0,5,0.0
2025-07-07 14:00:00,223.35,224.25,222.63,223.05,5109.0,5,0.0
2025-07-07 15:00:00,223.04,224.22,223.04,223.95,3704.0,5,0.0
2025-07-07 16:00:00,223.95,224.23,222.43,222.52,4704.0,5,0.0
2025-07-07 17:00:00,222.52,223.47,222.51,223.29,3185.0,5,0.0
2025-07-07 18:00:00,223.29,223.61,222.38,223.47,3427.0,5,0.0
2025-07-07 19:00:00,223.45,223.58,222.96,223.08,2222.0,5,0.0
2025-07-08 10:00:00,224.29,224.32,224.08,224.17,189.0,33,0.0
2025-07-08 11:00:00,224.12,224.22,223.92,224.01,259.0,33,0.0
2025-07-08 12:00:00,223.99,224.1,223.62,223.79,249.0,33,0.0
2025-07-08 13:00:00,223.82,224.08,221.95,221.99,2935.0,5,0.0
2025-07-08 14:00:00,221.99,222.12,218.38,219.75,7837.0,5,0.0
2025-07-08 15:00:00,219.75,220.89,219.39,220.28,4655.0,5,0.0
2025-07-08 16:00:00,220.28,221.04,220.11,220.58,3194.0,5,0.0
2025-07-08 17:00:00,220.59,220.97,220.15,220.69,2684.0,5,0.0
2025-07-08 18:00:00,220.67,220.99,219.64,219.76,2398.0,5,0.0
2025-07-08 19:00:00,219.76,220.2,219.31,219.47,2265.0,5,0.0
2025-07-09 10:00:00,220.08,220.1,219.69,219.86,415.0,33,0.0
2025-07-09 11:00:00,219.89,220.28,219.73,220.13,259.0,33,0.0
2025-07-09 12:00:00,220.15,221.32,220.03,221.13,451.0,33,0.0
2025-07-09 13:00:00,221.07,223.64,220.44,223.34,3620.0,5,0.0
2025-07-09 14:00:00,223.35,224.26,221.4,221.73,7116.0,5,0.0
2025-07-09 15:00:00,221.72,223.08,221.44,222.25,4149.0,5,0.0
2025-07-09 16:00:00,222.24,223.0,222.05,222.78,2696.0,5,0.0
2025-07-09 17:00:00,222.77,222.81,220.44,222.17,4109.0,5,0.0
2025-07-09 18:00:00,222.15,222.75,222.14,222.48,2646.0,5,0.0
2025-07-09 19:00:00,222.5,222.77,222.28,222.44,1929.0,5,0.0
2025-07-10 10:00:00,221.6,221.64,221.51,221.58,83.0,33,0.0
2025-07-10 11:00:00,221.56,221.75,221.48,221.7,190.0,33,0.0
2025-07-10 12:00:00,221.68,221.8,221.46,221.6,294.0,22,0.0
2025-07-10 13:00:00,221.61,222.15,220.19,220.54,3791.0,5,0.0
2025-07-10 14:00:00,220.55,221.31,219.67,221.26,5977.0,5,0.0
2025-07-10 15:00:00,221.25,222.09,220.76,222.08,3751.0,5,0.0
2025-07-10 16:00:00,222.07,222.2,221.51,222.0,2695.0,5,0.0
2025-07-10 17:00:00,222.0,222.75,221.99,222.64,2505.0,5,0.0
2025-07-10 18:00:00,222.64,222.74,222.05,222.12,1887.0,5,0.0
2025-07-10 19:00:00,222.11,222.43,221.89,222.33,1422.0,5,0.0
2025-07-11 10:00:00,221.86,222.75,221.76,222.48,576.0,22,0.0
2025-07-11 11:00:00,222.55,223.63,222.4,223.3,567.0,33,0.0
2025-07-11 12:00:00,223.33,223.86,222.64,223.2,633.0,33,0.0
2025-07-11 13:00:00,223.17,224.58,222.32,224.29,5259.0,5,0.0
2025-07-11 14:00:00,224.28,224.85,223.71,224.8,6558.0,5,0.0
2025-07-11 15:00:00,224.8,225.82,224.16,225.73,6200.0,5,0.0
2025-07-11 16:00:00,225.72,225.73,224.82,225.43,3798.0,5,0.0
2025-07-11 17:00:00,225.43,225.87,224.93,225.77,3028.0,5,0.0
2025-07-11 18:00:00,225.75,226.65,225.66,225.67,2744.0,5,0.0
2025-07-11 19:00:00,225.66,226.07,225.03,225.07,2919.0,5,0.0
2025-07-14 10:00:00,223.94,224.07,223.54,224.03,295.0,33,0.0
2025-07-14 11:00:00,224.02,225.06,224.01,224.95,380.0,33,0.0
2025-07-14 12:00:00,224.95,225.02,224.52,224.92,315.0,33,0.0
2025-07-14 13:00:00,224.92,226.21,224.22,225.97,5367.0,5,0.0
2025-07-14 14:00:00,225.98,226.29,225.03,226.25,6155.0,5,0.0
2025-07-14 15:00:00,226.2,226.63,225.4,225.71,3613.0,5,0.0
2025-07-14 16:00:00,225.71,226.13,225.45,225.86,2685.0,5,0.0
2025-07-14 17:00:00,225.86,226.14,225.44,225.53,2153.0,5,0.0
2025-07-14 18:00:00,225.53,225.6,225.04,225.28,1931.0,5,0.0
2025-07-14 19:00:00,225.29,225.61,224.89,225.01,1787.0,5,0.0
2025-07-15 10:00:00,225.86,226.16,225.72,225.93,202.0,33,0.0
2025-07-15 11:00:00,225.99,226.27,225.87,226.2,319.0,33,0.0
2025-07-15 12:00:00,226.2,226.43,225.54,226.26,544.0,33,0.0
2025-07-15 13:00:00,226.26,227.03,225.43,226.8,4443.0,5,0.0
2025-07-15 14:00:00,226.82,227.17,225.54,225.64,6743.0,5,0.0
2025-07-15 15:00:00,225.66,227.0,225.61,226.95,4308.0,5,0.0
2025-07-15 16:00:00,226.96,227.24,225.84,225.89,4080.0,5,0.0
2025-07-15 17:00:00,225.88,226.8,225.73,226.76,3107.0,5,0.0
2025-07-15 18:00:00,226.76,227.01,226.17,226.19,2885.0,5,0.0
2025-07-15 19:00:00,226.18,227.05,226.08,226.92,2525.0,5,0.0
2025-07-16 10:00:00,224.93,225.23,224.44,225.0,364.0,33,0.0
2025-07-16 11:00:00,225.03,225.45,224.84,225.02,256.0,33,0.0
2025-07-16 12:00:00,225.1,225.96,224.85,225.78,636.0,33,0.0
2025-07-16 13:00:00,225.78,225.96,223.67,223.96,3858.0,5,0.0
2025-07-16 14:00:00,223.97,225.69,223.85,224.69,6646.0,5,0.0
2025-07-16 15:00:00,224.7,225.41,222.17,223.47,9195.0,5,0.0
2025-07-16 16:00:00,223.47,223.79,223.0,223.65,3862.0,5,0.0
2025-07-16 17:00:00,223.66,223.7,222.67,222.96,2885.0,5,0.0
2025-07-16 18:00:00,222.96,223.42,222.64,223.38,2752.0,5,0.0
2025-07-16 19:00:00,223.38,223.51,222.9,223.39,2271.0,5,0.0
2025-07-17 10:00:00,223.77,223.85,223.19,223.22,193.0,33,0.0
2025-07-17 11:00:00,223.25,223.52,223.16,223.44,183.0,33,0.0
2025-07-17 12:00:00,223.41,223.62,223.18,223.62,340.0,22,0.0
2025-07-17 13:00:00,223.58,224.21,222.55,223.51,2936.0,5,0.0
2025-07-17 14:00:00,223.52,223.93,222.49,223.25,4919.0,5,0.0
2025-07-17 15:00:00,223.24,223.98,222.52,223.7,4494.0,5,0.0
2025-07-17 16:00:00,223.69,223.95,223.48,223.89,2779.0,5,0.0
2025-07-17 17:00:00,223.89,224.07,223.49,223.85,2017.0,5,0.0
2025-07-17 18:00:00,223.86,223.96,223.39,223.47,2131.0,5,0.0
2025-07-17 19:00:00,223.47,224.42,223.46,224.14,1937.0,5,0.0
2025-07-18 10:00:00,224.23,224.24,223.94,224.13,185.0,22,0.0
2025-07-18 11:00:00,224.17,224.21,223.92,224.11,246.0,22,0.0
2025-07-18 12:00:00,224.1,224.23,223.93,224.23,182.0,22,0.0
2025-07-18 13:00:00,224.23,225.73,223.95,224.27,3654.0,5,0.0
2025-07-18 14:00:00,224.34,224.59,222.96,223.45,5966.0,5,0.0
2025-07-18 15:00:00,223.45,225.19,223.31,225.12,4107.0,5,0.0
2025-07-18 16:00:00,225.13,225.97,224.54,225.78,3840.0,5,0.0
2025-07-18 17:00:00,225.78,225.98,225.27,225.29,3051.0,5,0.0
2025-07-18 18:00:00,225.3,225.99,225.28,225.82,2330.0,5,0.0
2025-07-18 19:00:00,225.83,225.98,225.7,225.96,1544.0,5,0.0
2025-07-21 10:00:00,226.93,226.98,226.81,226.87,95.0,33,0.0
2025-07-21 11:00:00,226.86,226.86,226.57,226.63,290.0,33,0.0
2025-07-21 12:00:00,226.62,226.76,226.05,226.13,325.0,22,0.0
2025-07-21 13:00:00,226.13,227.96,225.32,227.38,3325.0,5,0.0
2025-07-21 14:00:00,227.38,228.17,226.99,228.07,4920.0,5,0.0
2025-07-21 15:00:00,228.08,228.45,227.52,228.0,2915.0,5,0.0
2025-07-21 16:00:00,228.01,229.04,227.89,228.59,2662.0,5,0.0
2025-07-21 17:00:00,228.59,229.43,228.57,229.23,2095.0,5,0.0
2025-07-21 18:00:00,229.23,229.57,228.91,229.12,1962.0,5,0.0
2025-07-21 19:00:00,229.12,229.64,228.77,229.26,2244.0,5,0.0
2025-07-22 10:00:00,229.41,229.52,229.24,229.33,128.0,22,0.0
2025-07-22 11:00:00,229.34,230.15,229.25,230.11,378.0,22,0.0
2025-07-22 12:00:00,230.15,230.21,229.75,229.84,282.0,22,0.0
2025-07-22 13:00:00,229.84,230.01,227.35,227.64,4693.0,5,0.0
2025-07-22 14:00:00,227.61,227.97,226.52,227.51,5211.0,5,0.0
2025-07-22 15:00:00,227.5,227.59,226.57,226.68,3185.0,5,0.0
2025-07-22 16:00:00,226.69,227.17,226.33,227.13,2414.0,5,0.0
2025-07-22 17:00:00,227.11,227.72,226.99,227.0,1955.0,5,0.0
2025-07-22 18:00:00,226.99,227.84,226.75,227.75,2217.0,5,0.0
2025-07-22 19:00:00,227.75,227.97,227.51,227.81,1438.0,5,0.0
2025-07-23 10:00:00,227.92,228.54,227.91,228.18,357.0,22,0.0
2025-07-23 11:00:00,228.34,228.57,228.2,228.39,373.0,33,0.0
2025-07-23 12:00:00,228.4,228.57,227.88,228.28,365.0,22,0.0
2025-07-23 13:00:00,228.28,228.68,227.56,228.19,2600.0,5,0.0
2025-07-23 14:00:00,228.2,228.49,227.59,227.8,3194.0,5,0.0
2025-07-23 15:00:00,227.8,228.35,227.06,227.9,3146.0,5,0.0
2025-07-23 16:00:00,227.89,228.15,227.36,228.04,2446.0,5,0.0
2025-07-23 17:00:00,228.04,228.45,227.81,228.33,2002.0,5,0.0
2025-07-23 18:00:00,228.33,228.46,228.26,228.34,1475.0,5,0.0
2025-07-23 19:00:00,228.34,228.39,227.83,227.87,1171.0,5,0.0
2025-07-24 10:00:00,229.58,229.68,229.16,229.52,292.0,33,0.0
2025-07-24 11:00:00,229.5,229.77,229.36,229.38,247.0,33,0.0
2025-07-24 12:00:00,229.4,229.61,228.91,229.46,346.0,33,0.0
2025-07-24 13:00:00,229.47,234.02,228.51,233.92,4319.0,5,0.0
2025-07-24 14:00:00,233.91,233.91,230.3,231.1,5414.0,5,0.0
2025-07-24 15:00:00,231.1,233.0,230.98,232.42,4362.0,5,0.0
2025-07-24 16:00:00,232.41,232.55,231.73,232.18,2891.0,5,0.0
2025-07-24 17:00:00,232.19,232.44,231.83,231.85,2032.0,5,0.0
2025-07-24 18:00:00,231.85,232.26,231.59,231.92,2026.0,5,0.0
2025-07-24 19:00:00,231.92,232.24,231.74,232.24,1708.0,5,0.0
2025-07-25 10:00:00,232.19,233.17,232.17,233.0,364.0,22,0.0
2025-07-25 11:00:00,232.97,233.17,232.8,232.86,305.0,33,0.0
2025-07-25 12:00:00,232.88,232.92,232.67,232.9,194.0,22,0.0
2025-07-25 13:00:00,232.91,232.94,231.19,231.74,2638.0,5,0.0
2025-07-25 14:00:00,231.74,232.27,231.16,231.82,3473.0,5,0.0
2025-07-25 15:00:00,231.82,232.37,231.49,232.3,2172.0,5,0.0
2025-07-25 16:00:00,232.3,232.45,231.99,232.08,2009.0,5,0.0
2025-07-25 17:00:00,232.08,232.11,231.64,231.79,1521.0,5,0.0
2025-07-25 18:00:00,231.79,231.93,231.41,231.74,1454.0,5,0.0
2025-07-25 19:00:00,231.73,231.97,231.64,231.77,1213.0,5,0.0
2025-07-28 10:00:00,232.57,232.7,232.28,232.45,306.0,33,0.0
2025-07-28 11:00:00,232.39,233.13,232.37,233.11,224.0,33,0.0
2025-07-28 12:00:00,233.08,233.65,232.86,233.39,382.0,22,0.0
2025-07-28 13:00:00,233.34,234.07,232.16,233.36,2853.0,5,0.0
2025-07-28 14:00:00,233.38,234.18,233.04,233.64,4528.0,5,0.0
2025-07-28 15:00:00,233.64,234.01,232.83,232.93,3125.0,5,0.0
2025-07-28 16:00:00,232.93,233.26,232.59,233.1,2108.0,5,0.0
2025-07-28 17:00:00,233.11,233.24,232.79,232.87,1704.0,5,0.0
2025-07-28 18:00:00,232.87,233.01,232.61,232.75,1515.0,5,0.0
2025-07-28 19:00:00,232.75,232.84,232.47,232.78,1175.0,5,0.0
2025-07-29 10:00:00,233.51,233.74,233.39,233.73,154.0,33,0.0
2025-07-29 11:00:00,233.7,233.75,233.18,233.28,291.0,33,0.0
2025-07-29 12:00:00,233.23,233.6,233.22,233.3,217.0,33,0.0
2025-07-29 13:00:00,233.32,234.54,231.38,231.83,2740.0,5,0.0
2025-07-29 14:00:00,231.84,231.95,230.3,230.69,4312.0,5,0.0
2025-07-29 15:00:00,230.68,231.37,230.5,231.33,4040.0,5,0.0
2025-07-29 16:00:00,231.32,231.66,230.56,231.62,2718.0,5,0.0
2025-07-29 17:00:00,231.62,231.88,231.02,231.37,2183.0,5,0.0
2025-07-29 18:00:00,231.37,231.82,231.02,231.54,1774.0,5,0.0
2025-07-29 19:00:00,231.53,231.73,230.91,231.22,1517.0,5,0.0
2025-07-30 10:00:00,230.98,231.55,230.91,231.39,202.0,22,0.0
2025-07-30 11:00:00,231.43,231.5,231.22,231.29,215.0,22,0.0
2025-07-30 12:00:00,231.26,231.4,231.03,231.21,338.0,22,0.0
2025-07-30 13:00:00,231.21,231.73,230.53,230.71,1897.0,5,0.0
