DateTime,Open,High,Low,Close,Tick_Volume,Spread,Real_Volume
2021-10-27 17:00:00,147.94,148.17,147.58,147.79,457,13,0
2021-10-28 13:00:00,146.33,146.83,145.22,145.25,953,13,0
2021-10-28 14:00:00,145.23,145.66,144.59,145.25,1622,13,0
2021-10-28 15:00:00,145.27,146.56,145.12,145.94,1297,7,0
2021-10-28 16:00:00,145.95,146.38,145.66,145.84,1172,7,0
2021-10-28 17:00:00,145.84,146.16,145.63,145.79,972,7,0
2021-10-28 18:00:00,145.8,146.02,145.33,145.5,1106,7,0
2021-10-28 19:00:00,145.5,145.79,145.14,145.15,1016,7,0
2021-10-29 13:00:00,145.76,146.14,145.19,145.29,736,13,0
2021-10-29 14:00:00,145.29,146.33,145.01,146.14,1700,7,0
2021-10-29 15:00:00,146.14,147.8,146.14,147.57,1552,7,0
2021-10-29 16:00:00,147.56,148.06,147.38,147.41,1124,7,0
2021-10-29 17:00:00,147.39,147.65,146.99,147.18,967,7,0
2021-10-29 18:00:00,147.18,147.48,146.63,147.36,1161,7,0
2021-10-29 19:00:00,147.36,147.75,147.34,147.52,997,7,0
2021-11-01 13:00:00,146.56,146.64,145.38,145.66,816,13,0
2021-11-01 14:00:00,145.61,145.86,145.03,145.34,1922,13,0
2021-11-01 15:00:00,145.34,145.61,145.09,145.48,1094,13,0
2021-11-01 16:00:00,145.47,145.56,144.68,144.8,1159,7,0
2021-11-01 17:00:00,144.79,145.15,144.07,144.32,1244,13,0
2021-11-01 18:00:00,144.31,144.38,143.66,143.67,1245,13,0
2021-11-01 19:00:00,143.66,143.97,143.49,143.8,961,7,0
2021-11-02 13:00:00,145.88,146.25,145.41,146.08,722,13,0
2021-11-02 14:00:00,146.09,146.54,145.61,146.33,1511,13,0
2021-11-02 15:00:00,146.33,146.49,145.34,145.46,1105,13,0
2021-11-02 16:00:00,145.46,145.7,144.89,145.5,922,13,0
2021-11-02 17:00:00,145.5,145.8,144.98,144.98,942,7,0
2021-11-02 18:00:00,145.01,145.04,144.31,144.74,1029,7,0
2021-11-02 19:00:00,144.75,145.36,144.47,145.33,822,7,0
2021-11-03 13:00:00,145.41,145.67,145.02,145.5,587,13,0
2021-11-03 14:00:00,145.52,145.62,144.68,145.12,1428,13,0
2021-11-03 15:00:00,145.11,145.58,144.84,145.57,1002,7,0
2021-11-03 16:00:00,145.57,145.88,145.22,145.3,817,7,0
2021-11-03 17:00:00,145.3,145.3,144.56,144.69,846,7,0
2021-11-03 18:00:00,144.71,145.92,144.62,145.83,1442,13,0
2021-11-03 19:00:00,145.82,146.48,145.74,146.41,933,13,0
2021-11-04 13:00:00,146.92,147.91,146.84,147.61,707,13,0
2021-11-04 14:00:00,147.62,149.67,147.21,149.46,1719,13,0
2021-11-04 15:00:00,149.46,149.5,147.76,148.49,1499,13,0
2021-11-04 16:00:00,148.5,148.68,148.04,148.25,1050,13,0
2021-11-04 17:00:00,148.25,148.94,147.94,148.9,1052,13,0
2021-11-04 18:00:00,148.89,149.01,148.2,148.22,1020,13,0
2021-11-04 19:00:00,148.23,148.48,147.91,148.0,880,7,0
2021-11-05 13:00:00,149.56,149.84,149.04,149.72,733,13,0
2021-11-05 14:00:00,149.71,150.26,149.67,149.92,1556,13,0
2021-11-05 15:00:00,149.92,149.96,149.37,149.66,1102,13,0
2021-11-05 16:00:00,149.65,149.89,149.24,149.32,1075,13,0
2021-11-05 17:00:00,149.33,149.42,148.19,148.95,1257,13,0
2021-11-05 18:00:00,148.94,149.29,148.77,149.03,941,13,0
2021-11-05 19:00:00,149.02,149.26,148.48,148.91,891,13,0
2021-11-08 14:00:00,149.89,150.55,149.54,149.8,708,13,0
2021-11-08 15:00:00,149.79,150.13,148.55,149.03,1447,7,0
2021-11-08 16:00:00,149.01,149.67,148.8,149.19,871,13,0
2021-11-08 17:00:00,149.21,149.38,148.97,149.18,681,13,0
2021-11-08 18:00:00,149.18,149.42,149.05,149.05,621,13,0
2021-11-08 19:00:00,149.05,149.36,149.02,149.2,598,13,0
2021-11-08 20:00:00,149.2,149.32,148.67,148.67,631,13,0
2021-11-09 14:00:00,149.12,149.42,148.02,148.31,794,13,0
2021-11-09 15:00:00,148.3,148.48,147.14,148.18,1756,13,0
2021-11-09 16:00:00,148.18,148.43,147.76,148.22,1257,13,0
2021-11-09 17:00:00,148.23,148.71,148.0,148.48,1219,13,0
2021-11-09 18:00:00,148.49,148.66,147.92,148.07,1142,7,0
2021-11-09 19:00:00,148.08,148.38,147.92,148.25,1014,13,0
2021-11-09 20:00:00,148.24,148.73,148.07,148.68,789,13,0
2021-11-10 14:00:00,146.61,146.93,145.89,146.9,924,13,0
2021-11-10 15:00:00,146.88,147.78,146.52,146.77,1559,13,0
2021-11-10 16:00:00,146.77,147.41,146.77,147.18,1208,7,0
2021-11-10 17:00:00,147.16,147.32,146.75,146.99,942,13,0
2021-11-10 18:00:00,147.02,147.12,145.91,146.05,1510,7,0
2021-11-10 19:00:00,146.07,146.18,144.51,145.18,1657,13,0
2021-11-10 20:00:00,145.18,145.72,145.16,145.31,997,13,0
2021-11-11 14:00:00,146.64,147.45,146.54,147.14,646,13,0
2021-11-11 15:00:00,147.18,147.23,146.29,146.92,1447,7,0
2021-11-11 16:00:00,146.91,147.1,146.55,146.79,907,13,0
2021-11-11 17:00:00,146.79,146.8,146.29,146.34,871,7,0
2021-11-11 18:00:00,146.33,146.33,146.02,146.21,849,7,0
2021-11-11 19:00:00,146.21,146.3,145.91,145.96,940,7,0
2021-11-11 20:00:00,145.96,146.04,145.78,145.83,710,13,0
2021-11-12 14:00:00,145.69,146.22,145.5,146.11,471,13,0
2021-11-12 15:00:00,146.08,147.1,146.08,146.85,1284,13,0
2021-11-12 16:00:00,146.85,147.87,146.85,147.8,1318,7,0
2021-11-12 17:00:00,147.83,148.73,147.76,148.12,1018,13,0
2021-11-12 18:00:00,148.12,148.49,147.98,148.49,845,13,0
2021-11-12 19:00:00,148.49,148.52,148.08,148.32,622,13,0
2021-11-12 20:00:00,148.32,148.75,148.3,148.61,746,13,0
2021-11-15 14:00:00,149.41,149.47,148.55,149.08,809,13,0
2021-11-15 15:00:00,149.07,149.07,147.85,148.12,1313,13,0
2021-11-15 16:00:00,148.12,148.35,147.52,148.13,1109,13,0
2021-11-15 17:00:00,148.11,148.4,147.72,148.37,826,13,0
2021-11-15 18:00:00,148.32,148.43,148.03,148.17,589,13,0
2021-11-15 19:00:00,148.17,148.46,147.91,148.24,771,13,0
2021-11-15 20:00:00,148.22,148.53,148.13,148.3,710,13,0
2021-11-16 14:00:00,147.75,148.33,147.38,147.83,600,13,0
2021-11-16 15:00:00,147.79,148.3,147.76,148.05,1209,13,0
2021-11-16 16:00:00,148.05,148.69,147.85,148.23,1033,7,0
2021-11-16 17:00:00,148.24,148.44,147.85,148.09,824,7,0
2021-11-16 18:00:00,148.09,148.26,147.86,148.03,800,7,0
2021-11-16 19:00:00,148.03,148.36,147.92,148.19,692,7,0
2021-11-16 20:00:00,148.19,148.29,148.0,148.16,606,7,0
2021-11-17 14:00:00,148.07,148.22,147.37,147.41,538,13,0
2021-11-17 15:00:00,147.39,147.78,147.22,147.68,1166,13,0
2021-11-17 16:00:00,147.68,147.82,147.18,147.79,921,7,0
2021-11-17 17:00:00,147.8,147.85,147.29,147.74,965,13,0
2021-11-17 18:00:00,147.74,147.97,147.56,147.93,900,13,0
2021-11-17 19:00:00,147.93,148.51,147.8,147.98,842,13,0
2021-11-17 20:00:00,147.99,148.24,147.84,148.15,642,7,0
2021-11-18 14:00:00,148.48,148.76,148.24,148.75,486,13,0
2021-11-18 15:00:00,148.76,149.71,148.31,148.66,1424,13,0
2021-11-18 16:00:00,148.66,150.51,148.54,150.12,1379,13,0
2021-11-18 17:00:00,150.12,150.36,149.51,149.77,929,13,0
2021-11-18 18:00:00,149.76,150.08,149.65,149.82,683,13,0
2021-11-18 19:00:00,149.8,149.99,149.13,149.48,792,13,0
2021-11-18 20:00:00,149.5,150.05,149.39,150.01,726,13,0
2021-11-19 14:00:00,150.24,150.85,150.04,150.6,682,13,0
2021-11-19 15:00:00,150.61,150.71,149.55,149.86,1458,13,0
2021-11-19 16:00:00,149.88,150.04,149.58,149.76,1094,13,0
2021-11-19 17:00:00,149.77,150.0,149.26,149.33,921,13,0
2021-11-19 18:00:00,149.33,149.67,148.91,149.29,1176,7,0
2021-11-19 19:00:00,149.31,149.47,149.15,149.3,827,13,0
2021-11-19 20:00:00,149.31,149.31,148.87,148.93,728,7,0
2021-11-22 14:00:00,148.88,149.2,147.31,147.49,846,13,0
2021-11-22 15:00:00,147.51,148.6,147.51,147.66,1463,13,0
2021-11-22 16:00:00,147.64,147.78,146.12,146.68,1936,13,0
2021-11-22 17:00:00,146.67,147.42,146.41,147.29,1431,13,0
2021-11-22 18:00:00,147.27,147.28,146.57,146.76,1012,13,0
2021-11-22 19:00:00,146.77,147.63,146.7,147.63,935,13,0
2021-11-22 20:00:00,147.6,147.74,147.13,147.14,765,13,0
2021-11-23 14:00:00,146.2,146.62,146.05,146.2,645,13,0
2021-11-23 15:00:00,146.2,146.27,144.08,144.24,1793,13,0
2021-11-23 16:00:00,144.24,145.03,144.09,144.65,1390,13,0
2021-11-23 17:00:00,144.66,145.15,144.48,144.59,1136,13,0
2021-11-23 18:00:00,144.58,145.45,144.51,145.24,1275,13,0
2021-11-23 19:00:00,145.24,145.69,145.0,145.48,1142,13,0
2021-11-23 20:00:00,145.51,145.77,145.36,145.65,950,7,0
2021-11-24 14:00:00,144.77,145.08,144.3,144.56,702,13,0
2021-11-24 15:00:00,144.52,145.46,144.33,145.05,1714,13,0
2021-11-24 16:00:00,145.05,145.73,144.85,145.48,1131,7,0
2021-11-24 17:00:00,145.49,145.79,145.12,145.7,909,7,0
2021-11-24 18:00:00,145.7,145.9,145.59,145.6,869,7,0
2021-11-24 19:00:00,145.59,146.2,145.59,145.96,960,13,0
2021-11-24 20:00:00,145.96,146.12,145.86,145.96,654,7,0
2021-11-26 14:00:00,144.15,144.19,142.9,143.31,874,13,0
2021-11-26 15:00:00,143.29,143.44,142.29,142.53,2076,7,0
2021-11-26 16:00:00,142.53,143.13,141.96,142.6,1692,13,0
2021-11-26 17:00:00,142.59,143.25,142.36,142.96,1282,13,0
2021-11-29 14:00:00,144.93,145.18,144.25,144.59,865,13,0
2021-11-29 15:00:00,144.58,145.46,144.29,144.4,1670,13,0
2021-11-29 16:00:00,144.4,145.19,144.08,145.02,1069,13,0
2021-11-29 17:00:00,145.02,145.6,144.93,145.55,917,13,0
2021-11-29 18:00:00,145.54,145.89,145.44,145.51,766,7,0
2021-11-29 19:00:00,145.51,145.71,145.32,145.63,762,13,0
2021-11-29 20:00:00,145.64,146.24,145.61,145.92,799,13,0
2021-11-30 14:00:00,145.01,145.75,144.35,145.74,666,13,0
2021-11-30 15:00:00,145.71,145.9,143.13,143.19,1792,13,0
2021-11-30 16:00:00,143.19,143.94,142.73,143.0,1884,13,0
2021-11-30 17:00:00,142.98,142.98,142.29,142.51,1454,13,0
2021-11-30 18:00:00,142.52,142.75,142.2,142.73,1169,13,0
2021-11-30 19:00:00,142.75,143.15,142.32,142.47,1228,7,0
2021-11-30 20:00:00,142.47,142.5,142.19,142.4,979,13,0
2021-12-01 14:00:00,143.74,144.53,143.67,144.42,740,13,0
2021-12-01 15:00:00,144.48,145.56,144.42,145.37,1678,13,0
2021-12-01 16:00:00,145.41,145.9,144.64,144.68,1342,13,0
2021-12-01 17:00:00,144.67,145.17,143.92,144.06,1225,13,0
2021-12-01 18:00:00,144.06,144.34,143.32,143.84,1431,7,0
2021-12-01 19:00:00,143.84,143.84,142.98,143.32,1352,13,0
2021-12-01 20:00:00,143.32,143.36,141.93,142.37,1263,13,0
2021-12-02 14:00:00,141.64,142.61,141.37,142.59,802,13,0
2021-12-02 15:00:00,142.58,143.07,141.11,141.91,2055,13,0
2021-12-02 16:00:00,141.95,143.24,141.63,142.67,1682,13,0
2021-12-02 17:00:00,142.67,143.35,142.5,143.17,1274,13,0
2021-12-02 18:00:00,143.16,143.38,142.58,143.23,1280,13,0
2021-12-02 19:00:00,143.23,143.41,142.91,143.25,1255,13,0
2021-12-02 20:00:00,143.27,143.77,142.91,143.62,908,13,0
2021-12-03 14:00:00,143.47,143.97,142.87,143.09,729,13,0
2021-12-03 15:00:00,143.05,143.26,140.54,140.72,2467,13,0
2021-12-03 16:00:00,140.72,141.49,140.22,140.45,2125,13,0
2021-12-03 17:00:00,140.44,141.31,140.27,140.95,1746,13,0
2021-12-03 18:00:00,140.95,141.38,140.53,140.76,1403,13,0
2021-12-03 19:00:00,140.78,141.21,140.57,140.8,1605,7,0
2021-12-03 20:00:00,140.82,141.39,140.54,141.0,1307,13,0
2021-12-06 14:00:00,140.67,141.11,140.04,140.77,1226,13,0
2021-12-06 15:00:00,140.8,142.3,140.57,141.61,2322,13,0
2021-12-06 16:00:00,141.61,142.11,141.28,141.65,1375,13,0
2021-12-06 17:00:00,141.68,142.97,141.65,142.92,1080,7,0
2021-12-06 18:00:00,142.92,143.71,142.69,143.67,1088,13,0
2021-12-06 19:00:00,143.69,143.81,142.88,142.88,971,13,0
2021-12-06 20:00:00,142.89,143.45,142.83,143.26,817,13,0
2021-12-07 14:00:00,145.5,146.15,145.14,146.08,656,13,0
2021-12-07 15:00:00,146.08,147.12,145.9,147.12,1635,13,0
2021-12-07 16:00:00,147.12,147.43,146.86,147.14,1097,13,0
2021-12-07 17:00:00,147.14,147.34,146.52,146.96,935,7,0
2021-12-07 18:00:00,146.92,147.45,146.64,147.3,896,7,0
2021-12-07 19:00:00,147.29,147.41,146.89,147.0,868,13,0
2021-12-07 20:00:00,147.0,147.15,146.58,146.7,774,7,0
2021-12-08 14:00:00,147.06,147.98,147.06,147.39,686,13,0
2021-12-08 15:00:00,147.38,147.58,146.5,146.53,1529,13,0
2021-12-08 16:00:00,146.53,147.19,146.39,146.85,992,13,0
2021-12-08 17:00:00,146.85,147.31,146.76,147.2,802,7,0
2021-12-08 18:00:00,147.2,147.46,146.96,147.22,750,7,0
2021-12-08 19:00:00,147.22,147.63,146.84,147.43,915,7,0
2021-12-08 20:00:00,147.44,147.55,147.27,147.27,659,7,0
2021-12-09 14:00:00,148.31,148.68,147.6,147.72,703,13,0
2021-12-09 15:00:00,147.7,148.27,147.06,147.75,1462,13,0
2021-12-09 16:00:00,147.72,148.59,147.59,148.52,1130,13,0
2021-12-09 17:00:00,148.53,149.01,148.29,148.79,1206,7,0
2021-12-09 18:00:00,148.79,148.79,147.59,148.14,962,13,0
2021-12-09 19:00:00,148.14,148.48,147.53,147.68,1029,13,0
2021-12-09 20:00:00,147.68,148.12,147.17,147.99,945,13,0
2021-12-10 14:00:00,148.87,148.87,147.89,148.27,668,13,0
2021-12-10 15:00:00,148.28,148.55,146.98,147.39,1566,13,0
2021-12-10 16:00:00,147.35,147.71,146.65,147.48,1489,13,0
2021-12-10 17:00:00,147.46,147.83,147.23,147.41,980,13,0
2021-12-10 18:00:00,147.4,148.19,147.39,147.83,951,13,0
2021-12-10 19:00:00,147.84,147.88,147.4,147.45,931,13,0
2021-12-10 20:00:00,147.44,147.94,147.3,147.91,763,7,0
2021-12-13 14:00:00,147.21,147.66,146.85,146.87,842,7,0
2021-12-13 15:00:00,146.87,146.87,146.16,146.55,2056,7,0
2021-12-13 16:00:00,146.52,146.72,145.77,146.12,2026,7,0
2021-12-13 17:00:00,146.11,146.16,145.72,146.0,1212,7,0
2021-12-13 18:00:00,146.0,146.21,145.5,145.81,1363,7,0
2021-12-13 19:00:00,145.81,146.47,145.56,146.42,1279,7,0
2021-12-13 20:00:00,146.42,146.6,146.25,146.3,1126,7,0
2021-12-14 14:00:00,144.09,144.35,142.22,142.35,1036,7,0
2021-12-14 15:00:00,142.33,142.46,141.22,141.61,1958,7,0
2021-12-14 16:00:00,141.61,141.86,141.17,141.73,1505,7,0
2021-12-14 17:00:00,141.76,142.58,141.74,142.54,1159,13,0
2021-12-14 18:00:00,142.54,142.77,142.29,142.51,894,13,0
2021-12-14 19:00:00,142.51,143.14,142.47,143.12,1072,7,0
2021-12-14 20:00:00,143.12,144.3,143.1,143.76,951,13,0
2021-12-15 14:00:00,142.26,142.63,141.87,141.94,865,7,0
2021-12-15 15:00:00,141.94,143.41,141.65,142.81,1900,7,0
2021-12-15 16:00:00,142.81,142.87,142.11,142.34,1875,7,0
2021-12-15 17:00:00,142.31,142.78,141.86,142.39,1663,7,0
2021-12-15 18:00:00,142.39,142.65,142.02,142.58,1388,7,0
2021-12-15 19:00:00,142.55,144.03,141.9,143.64,2658,7,0
2021-12-15 20:00:00,143.64,145.77,143.62,145.49,1938,7,0
2021-12-16 14:00:00,146.93,146.98,145.98,146.01,835,7,0
2021-12-16 15:00:00,146.01,146.82,145.59,146.58,1748,13,0
2021-12-16 16:00:00,146.58,146.61,145.36,145.53,1571,13,0
2021-12-16 17:00:00,145.5,145.53,144.67,144.83,1378,13,0
2021-12-16 18:00:00,144.79,145.12,144.57,144.68,1159,7,0
2021-12-16 19:00:00,144.68,144.8,143.59,144.05,1405,13,0
2021-12-16 20:00:00,144.06,144.8,143.88,144.46,1238,7,0
2021-12-17 14:00:00,142.3,142.95,141.33,142.56,982,13,0
2021-12-17 15:00:00,142.54,143.01,141.25,142.96,2005,13,0
2021-12-17 16:00:00,142.92,143.78,142.13,142.7,1630,7,0
2021-12-17 17:00:00,142.69,143.03,141.89,142.68,1349,13,0
2021-12-17 18:00:00,142.68,143.45,142.38,143.27,1316,13,0
2021-12-17 19:00:00,143.29,143.62,142.85,142.97,1231,7,0
2021-12-17 20:00:00,142.97,143.35,142.22,142.45,1230,7,0
2021-12-20 14:00:00,140.51,140.75,139.93,140.0,780,13,0
2021-12-20 15:00:00,139.98,140.5,139.27,139.79,1841,7,0
2021-12-20 16:00:00,139.78,140.1,139.37,139.93,1596,7,0
2021-12-20 17:00:00,139.93,140.6,139.75,140.2,1181,7,0
2021-12-20 18:00:00,140.2,140.76,140.17,140.47,1133,7,0
2021-12-20 19:00:00,140.47,141.06,140.47,140.79,1128,7,0
2021-12-20 20:00:00,140.79,141.34,140.72,141.1,974,7,0
2021-12-21 14:00:00,141.66,141.67,140.75,140.86,826,7,0
2021-12-21 15:00:00,140.86,141.54,140.46,141.25,1941,7,0
2021-12-21 16:00:00,141.25,142.44,141.08,142.21,1568,7,0
2021-12-21 17:00:00,142.21,143.37,142.21,143.29,1570,7,0
2021-12-21 18:00:00,143.3,143.42,142.89,143.24,1273,7,0
2021-12-21 19:00:00,143.24,143.7,143.19,143.69,1308,7,0
2021-12-21 20:00:00,143.68,143.82,142.98,143.0,974,7,0
2021-12-22 14:00:00,143.88,144.84,143.77,144.64,605,13,0
2021-12-22 15:00:00,144.64,145.55,144.04,145.33,1492,13,0
2021-12-22 16:00:00,145.36,146.31,145.28,146.29,1119,7,0
2021-12-22 17:00:00,146.3,146.4,145.34,145.84,1081,13,0
2021-12-22 18:00:00,145.83,145.92,145.41,145.65,930,13,0
2021-12-22 19:00:00,145.65,145.93,145.49,145.84,877,13,0
2021-12-22 20:00:00,145.85,146.02,145.77,146.0,829,7,0
2021-12-23 14:00:00,147.22,147.26,146.45,147.01,862,7,0
2021-12-23 15:00:00,147.02,147.48,146.56,147.33,1872,7,0
2021-12-23 16:00:00,147.33,148.18,147.3,147.86,1965,7,0
2021-12-23 17:00:00,147.85,148.06,147.74,147.84,1400,7,0
2021-12-23 18:00:00,147.84,147.84,147.44,147.44,1159,7,0
2021-12-23 19:00:00,147.44,147.51,146.78,147.38,1538,7,0
2021-12-23 20:00:00,147.39,147.49,147.0,147.2,1181,7,0
2021-12-27 14:00:00,148.02,148.13,147.37,147.63,672,13,0
2021-12-27 15:00:00,147.63,148.28,147.53,148.14,1814,7,0
2021-12-27 16:00:00,148.14,148.21,147.56,147.56,1482,7,0
2021-12-27 17:00:00,147.56,147.81,147.42,147.76,1245,7,0
2021-12-27 18:00:00,147.76,148.0,147.75,147.94,1011,7,0
2021-12-27 19:00:00,147.94,147.94,147.56,147.72,897,7,0
2021-12-27 20:00:00,147.71,147.84,147.52,147.84,812,7,0
2021-12-28 14:00:00,147.29,147.57,146.95,147.37,811,7,0
2021-12-28 15:00:00,147.37,147.4,146.89,147.09,2077,7,0
2021-12-28 16:00:00,147.09,147.21,146.56,147.01,1564,7,0
2021-12-28 17:00:00,147.01,147.04,146.29,146.68,1244,7,0
2021-12-28 18:00:00,146.66,146.67,146.01,146.42,980,7,0
2021-12-28 19:00:00,146.42,146.61,146.2,146.43,1178,7,0
2021-12-29 14:00:00,146.93,147.34,146.78,146.91,566,13,0
2021-12-29 15:00:00,146.91,147.03,146.36,146.44,1495,7,0
2021-12-29 16:00:00,146.44,146.74,145.99,146.02,1332,7,0
2021-12-29 17:00:00,146.02,146.1,145.62,145.75,1134,7,0
2021-12-29 18:00:00,145.75,145.99,145.73,145.87,963,7,0
2021-12-29 19:00:00,145.87,146.45,145.85,146.45,943,7,0
2021-12-30 14:00:00,146.78,146.78,146.02,146.57,484,13,0
2021-12-30 15:00:00,146.59,147.28,146.45,146.56,1182,13,0
2021-12-30 16:00:00,146.56,146.96,146.42,146.86,1057,13,0
2021-12-30 17:00:00,146.86,147.03,146.44,146.46,818,7,0
2021-12-30 18:00:00,146.46,146.83,146.42,146.65,779,7,0
2021-12-30 19:00:00,146.63,146.7,146.39,146.6,899,7,0
2021-12-30 20:00:00,146.6,146.7,146.3,146.3,768,7,0
2021-12-31 14:00:00,146.21,146.22,145.4,145.59,471,13,0
2021-12-31 15:00:00,145.58,145.99,145.19,145.6,1439,7,0
2021-12-31 16:00:00,145.6,145.73,145.17,145.44,1244,7,0
2021-12-31 17:00:00,145.44,145.66,145.08,145.62,1020,7,0
2021-12-31 18:00:00,145.61,145.81,145.37,145.46,936,7,0
2021-12-31 19:00:00,145.47,145.57,145.07,145.08,938,13,0
2022-01-03 14:00:00,145.35,145.5,144.17,144.2,757,13,0
2022-01-03 15:00:00,144.23,145.4,143.66,145.1,2224,7,0
2022-01-03 16:00:00,145.1,145.12,144.49,144.62,1588,7,0
2022-01-03 17:00:00,144.61,145.39,144.44,145.38,1283,7,0
2022-01-03 18:00:00,145.38,145.55,145.15,145.38,1127,7,0
2022-01-03 19:00:00,145.37,145.44,144.8,144.98,1191,7,0
2022-01-03 20:00:00,144.98,145.27,144.68,144.71,864,7,0
2022-01-04 14:00:00,145.43,146.41,145.15,146.23,652,13,0
2022-01-04 15:00:00,146.21,146.34,144.13,144.19,2005,13,0
2022-01-04 16:00:00,144.19,144.8,143.98,144.68,1613,13,0
2022-01-04 17:00:00,144.66,144.95,144.17,144.27,1319,7,0
2022-01-04 18:00:00,144.27,144.39,143.63,143.79,1346,7,0
2022-01-04 19:00:00,143.79,144.37,143.77,144.37,1331,7,0
2022-01-04 20:00:00,144.37,144.86,144.37,144.86,1097,7,0
2022-01-05 14:00:00,143.69,144.1,142.82,142.85,840,13,0
2022-01-05 15:00:00,142.83,143.05,141.43,141.86,2017,7,0
2022-01-05 16:00:00,141.85,141.86,140.72,140.84,1829,7,0
2022-01-05 17:00:00,140.82,140.87,139.99,140.08,1727,7,0
2022-01-05 18:00:00,140.08,140.83,139.97,140.28,1574,7,0
2022-01-05 19:00:00,140.28,140.9,138.92,138.96,2386,7,0
2022-01-05 20:00:00,138.92,138.99,138.34,138.5,1809,13,0
2022-01-06 14:00:00,139.2,139.25,138.52,138.58,899,13,0
2022-01-06 15:00:00,138.56,139.85,137.72,139.41,2329,13,0
2022-01-06 16:00:00,139.43,139.76,138.69,139.01,1799,13,0
2022-01-06 17:00:00,139.03,139.18,138.45,138.54,1489,13,0
2022-01-06 18:00:00,138.55,138.7,137.85,137.93,1353,13,0
2022-01-06 19:00:00,137.93,138.06,137.47,137.72,1455,13,0
2022-01-06 20:00:00,137.7,138.35,137.52,137.66,1151,13,0
2022-01-07 14:00:00,137.13,138.09,137.13,137.89,913,13,0
2022-01-07 15:00:00,137.9,138.01,135.76,136.0,2296,7,0
2022-01-07 16:00:00,136.0,137.14,135.95,136.89,2182,7,0
2022-01-07 17:00:00,136.91,137.2,136.67,137.17,1473,7,0
2022-01-07 18:00:00,137.17,137.47,136.65,136.65,1454,7,0
2022-01-07 19:00:00,136.67,137.06,136.42,137.01,1595,7,0
2022-01-07 20:00:00,137.01,137.23,136.68,136.91,1185,7,0
2022-01-10 14:00:00,134.11,134.2,133.65,133.9,981,7,0
2022-01-10 15:00:00,133.89,134.08,133.07,133.94,2522,7,0
2022-01-10 16:00:00,133.9,135.96,133.68,135.96,2171,7,0
2022-01-10 17:00:00,135.94,135.96,134.65,135.36,1875,7,0
2022-01-10 18:00:00,135.36,137.22,135.34,137.15,1902,7,0
2022-01-10 19:00:00,137.15,138.73,137.13,138.02,2148,7,0
2022-01-10 20:00:00,138.03,138.21,137.6,137.96,1735,7,0
2022-01-11 14:00:00,137.57,137.6,136.69,137.22,1197,7,0
2022-01-11 15:00:00,137.22,138.5,137.1,137.69,2704,13,0
2022-01-11 16:00:00,137.69,139.9,137.67,139.84,2218,7,0
2022-01-11 17:00:00,139.84,140.14,139.37,139.52,1763,7,0
2022-01-11 18:00:00,139.52,139.76,139.17,139.63,1768,7,0
2022-01-11 19:00:00,139.63,139.72,139.26,139.54,1500,7,0
2022-01-11 20:00:00,139.54,139.74,139.25,139.55,1443,7,0
2022-01-12 14:00:00,141.63,142.23,140.64,142.22,1028,7,0
2022-01-12 15:00:00,142.21,142.48,141.18,141.39,2344,7,0
2022-01-12 16:00:00,141.39,142.23,141.06,141.83,1898,7,0
2022-01-12 17:00:00,141.84,142.09,141.29,141.95,1328,7,0
2022-01-12 18:00:00,141.95,141.98,141.31,141.51,1291,7,0
2022-01-12 19:00:00,141.51,141.77,141.15,141.5,1232,7,0
2022-01-12 20:00:00,141.5,141.54,141.11,141.39,1085,7,0
2022-01-13 14:00:00,142.36,142.81,142.1,142.51,793,7,0
2022-01-13 15:00:00,142.52,142.55,140.51,141.37,2495,7,0
2022-01-13 16:00:00,141.34,142.01,141.25,141.44,2090,7,0
2022-01-13 17:00:00,141.44,141.44,139.58,139.99,2229,7,0
2022-01-13 18:00:00,139.96,140.47,139.67,140.27,1745,13,0
2022-01-13 19:00:00,140.27,140.47,139.07,139.38,1961,7,0
2022-01-13 20:00:00,139.38,139.38,138.79,138.96,1460,7,0
2022-01-14 14:00:00,139.02,140.74,139.01,140.46,1326,7,0
2022-01-14 15:00:00,140.45,140.46,139.2,139.52,2748,7,0
2022-01-14 16:00:00,139.53,140.07,138.69,139.78,2360,13,0
2022-01-14 17:00:00,139.79,139.98,139.15,139.2,1677,7,0
2022-01-14 18:00:00,139.2,139.98,138.49,139.83,1944,7,0
2022-01-14 19:00:00,139.82,139.89,139.11,139.14,1809,7,0
2022-01-14 20:00:00,139.14,139.68,139.09,139.58,1755,7,0
2022-01-18 14:00:00,135.61,136.31,135.53,136.06,1085,13,0
2022-01-18 15:00:00,136.04,137.09,135.51,135.69,2613,7,0
2022-01-18 16:00:00,135.68,136.65,135.39,136.55,1916,7,0
2022-01-18 17:00:00,136.55,136.61,135.98,136.3,1772,7,0
2022-01-18 18:00:00,136.3,136.78,136.08,136.5,1813,7,0
2022-01-18 19:00:00,136.5,136.88,136.18,136.77,1757,7,0
2022-01-18 20:00:00,136.78,136.93,135.85,135.88,1484,7,0
2022-01-19 14:00:00,136.99,137.46,136.61,137.23,1391,7,0
2022-01-19 15:00:00,137.23,137.42,136.0,136.3,3420,7,0
2022-01-19 16:00:00,136.28,136.7,135.76,136.7,2243,7,0
2022-01-19 17:00:00,136.72,137.84,136.69,137.84,1924,7,0
2022-01-19 18:00:00,137.85,137.89,137.32,137.61,1600,7,0
2022-01-19 19:00:00,137.58,137.69,136.6,136.92,1945,7,0
2022-01-19 20:00:00,136.92,137.03,136.04,136.16,1415,7,0
2022-01-20 14:00:00,136.63,137.41,136.41,137.06,1396,7,0
2022-01-20 15:00:00,137.06,137.54,136.89,137.19,2867,7,0
2022-01-20 16:00:00,137.19,137.44,136.64,136.84,2665,7,0
2022-01-20 17:00:00,136.84,137.14,136.63,136.76,2294,7,0
2022-01-20 18:00:00,136.76,136.79,136.29,136.46,2801,7,0
2022-01-20 19:00:00,136.46,136.86,135.21,135.24,3056,7,0
2022-01-20 20:00:00,135.24,135.31,134.12,134.23,2827,7,0
2022-01-21 14:00:00,133.84,134.37,133.15,133.23,1394,7,0
2022-01-21 15:00:00,133.23,134.72,132.06,133.9,3784,7,0
2022-01-21 16:00:00,133.92,134.76,132.86,133.43,3302,7,0
2022-01-21 17:00:00,133.43,133.97,132.31,132.65,2529,7,0
2022-01-21 18:00:00,132.64,133.31,132.29,132.44,2298,7,0
2022-01-21 19:00:00,132.47,133.0,131.79,131.8,2221,7,0
2022-01-21 20:00:00,131.79,132.06,131.09,131.5,2402,7,0
2022-01-24 14:00:00,127.46,128.15,126.56,127.02,1890,13,0
2022-01-24 15:00:00,127.03,127.53,125.38,126.41,4631,7,0
2022-01-24 16:00:00,126.42,127.5,125.79,126.35,3446,7,0
2022-01-24 17:00:00,126.35,126.37,124.47,125.66,3385,7,0
2022-01-24 18:00:00,125.66,127.5,125.54,127.5,3083,7,0
2022-01-24 19:00:00,127.5,128.06,125.8,127.01,2777,7,0
2022-01-24 20:00:00,127.01,130.11,126.8,129.79,2348,13,0
2022-01-25 14:00:00,128.22,128.63,127.05,127.23,1145,20,0
2022-01-25 15:00:00,127.23,128.91,127.01,128.0,2925,13,0
2022-01-25 16:00:00,128.0,128.39,126.7,126.8,2503,7,0
2022-01-25 17:00:00,126.81,127.76,126.47,127.1,2332,13,0
2022-01-25 18:00:00,127.11,128.72,126.6,128.68,2010,13,0
2022-01-25 19:00:00,128.7,129.25,128.04,129.25,2027,13,0
2022-01-25 20:00:00,129.25,129.31,127.44,127.88,1704,13,0
2022-01-26 14:00:00,128.99,130.32,128.43,130.1,1118,7,0
2022-01-26 15:00:00,130.1,131.1,129.34,130.31,3849,7,0
2022-01-26 16:00:00,130.31,131.89,130.2,131.5,3689,7,0
2022-01-26 17:00:00,131.49,132.58,131.3,132.09,2849,7,0
2022-01-26 18:00:00,132.11,132.18,131.46,131.61,3467,7,0
2022-01-26 19:00:00,131.61,132.92,128.94,129.35,4913,7,0
2022-01-26 20:00:00,129.33,129.33,127.08,128.83,3181,7,0
2022-01-27 14:00:00,131.11,132.56,131.02,131.98,1549,7,0
2022-01-27 15:00:00,131.98,132.57,130.93,132.12,4018,7,0
2022-01-27 16:00:00,132.13,132.5,131.09,131.87,2670,7,0
2022-01-27 17:00:00,131.87,131.9,129.84,130.44,3193,7,0
2022-01-27 18:00:00,130.42,130.67,128.94,129.93,3640,7,0
2022-01-27 19:00:00,129.93,130.62,128.87,129.22,2778,7,0
2022-01-27 20:00:00,129.22,130.13,128.82,129.95,2102,7,0
2022-01-28 14:00:00,129.19,129.35,128.41,129.05,1399,7,0
2022-01-28 15:00:00,129.06,130.71,128.54,130.71,4030,7,0
2022-01-28 16:00:00,130.72,132.39,130.13,132.29,3143,7,0
2022-01-28 17:00:00,132.29,132.59,131.06,131.1,2840,7,0
2022-01-28 18:00:00,131.12,132.34,131.06,132.11,2768,7,0
2022-01-28 19:00:00,132.09,132.3,130.56,131.83,2602,7,0
2022-01-28 20:00:00,131.83,132.19,131.35,132.11,1739,7,0
2022-01-31 14:00:00,133.17,133.45,132.17,133.29,1476,7,0
2022-01-31 15:00:00,133.31,134.04,133.11,133.7,3711,7,0
2022-01-31 16:00:00,133.71,133.95,132.93,133.79,2766,7,0
2022-01-31 17:00:00,133.8,134.29,133.37,134.16,2315,7,0
2022-01-31 18:00:00,134.16,134.48,133.86,134.41,2065,7,0
2022-01-31 19:00:00,134.41,135.01,134.34,134.64,1952,7,0
2022-01-31 20:00:00,134.64,134.71,133.79,134.54,1569,7,0
2022-02-01 14:00:00,136.68,136.88,135.77,136.3,1858,7,0
2022-02-01 15:00:00,136.33,136.33,134.3,134.89,3798,7,0
2022-02-01 16:00:00,134.87,136.59,134.87,136.46,2774,7,0
2022-02-01 17:00:00,136.46,136.98,136.0,136.98,2663,7,0
2022-02-01 18:00:00,136.96,137.12,136.56,136.81,2071,7,0
2022-02-01 19:00:00,136.83,136.96,136.14,136.32,2475,7,0
2022-02-01 20:00:00,136.32,137.43,136.24,137.28,1843,7,0
2022-02-02 14:00:00,150.45,150.45,147.91,148.55,2547,13,0
2022-02-02 15:00:00,148.57,149.11,145.5,146.71,5009,13,0
2022-02-02 16:00:00,146.71,148.35,145.57,148.31,3956,7,0
2022-02-02 17:00:00,148.31,150.07,148.07,150.06,2713,7,0
2022-02-02 18:00:00,150.06,150.1,148.4,148.9,2395,7,0
2022-02-02 19:00:00,148.9,149.23,148.19,148.89,2204,13,0
2022-02-02 20:00:00,148.89,149.29,148.46,148.58,1930,13,0
2022-02-03 14:00:00,148.49,148.57,147.15,147.53,1966,7,0
2022-02-03 15:00:00,147.53,149.59,147.38,147.58,4191,13,0
2022-02-03 16:00:00,147.57,147.72,146.21,146.48,2995,7,0
2022-02-03 17:00:00,146.46,146.69,145.43,145.69,2385,7,0
2022-02-03 18:00:00,145.68,146.19,145.39,145.62,2048,13,0
2022-02-03 19:00:00,145.62,145.82,144.33,144.33,2226,7,0
2022-02-03 20:00:00,144.33,144.8,143.37,143.44,1923,7,0
2022-02-04 14:00:00,141.49,143.46,141.44,142.61,2056,13,0
2022-02-04 15:00:00,142.61,143.4,141.52,141.58,4216,13,0
2022-02-04 16:00:00,141.57,142.59,141.12,141.91,2884,13,0
2022-02-04 17:00:00,141.93,143.48,141.69,143.48,2594,13,0
2022-02-04 18:00:00,143.48,144.16,143.44,143.93,2290,13,0
2022-02-04 19:00:00,143.95,144.04,143.27,143.9,2295,13,0
2022-02-04 20:00:00,143.9,144.82,143.8,143.84,1850,7,0
2022-02-07 14:00:00,143.74,144.2,143.4,143.66,1572,7,0
2022-02-07 15:00:00,143.69,143.7,142.29,142.4,4064,7,0
2022-02-07 16:00:00,142.4,142.45,140.09,140.3,4033,7,0
2022-02-07 17:00:00,140.3,140.45,139.14,139.72,3564,7,0
2022-02-07 18:00:00,139.72,140.85,139.53,140.84,3025,7,0
2022-02-07 19:00:00,140.84,141.14,140.36,140.45,3088,7,0
2022-02-07 20:00:00,140.44,140.78,139.29,139.34,2520,7,0
2022-02-08 14:00:00,138.96,139.27,137.87,138.15,1626,7,0
2022-02-08 15:00:00,138.16,138.21,136.98,138.07,4118,7,0
2022-02-08 16:00:00,138.07,139.11,137.92,138.92,2300,7,0
2022-02-08 17:00:00,138.92,139.92,138.6,139.33,1749,7,0
2022-02-08 18:00:00,139.34,139.39,138.36,138.54,1929,7,0
2022-02-08 19:00:00,138.54,138.98,137.69,137.84,2073,7,0
2022-02-08 20:00:00,137.84,138.85,137.56,138.63,1567,7,0
2022-02-09 14:00:00,141.22,141.49,140.78,141.27,1523,7,0
2022-02-09 15:00:00,141.27,142.45,141.19,141.63,3550,7,0
2022-02-09 16:00:00,141.63,141.71,140.47,140.78,3069,7,0
2022-02-09 17:00:00,140.78,141.17,140.19,140.94,2701,7,0
2022-02-09 18:00:00,140.94,140.98,140.33,140.65,2289,7,0
2022-02-09 19:00:00,140.65,141.3,140.65,140.88,2025,7,0
2022-02-09 20:00:00,140.88,141.53,140.42,141.12,2379,7,0
2022-02-10 14:00:00,139.62,140.51,138.66,140.07,1942,7,0
2022-02-10 15:00:00,140.08,141.44,139.98,140.27,3942,7,0
2022-02-10 16:00:00,140.26,140.5,139.53,140.4,3301,7,0
2022-02-10 17:00:00,140.4,140.43,138.72,139.18,3409,7,0
2022-02-10 18:00:00,139.18,139.49,138.46,139.35,3878,7,0
2022-02-10 19:00:00,139.35,139.6,138.62,138.81,3420,7,0
2022-02-10 20:00:00,138.8,139.14,138.0,138.17,2686,7,0
2022-02-11 14:00:00,138.06,138.99,137.91,138.1,1690,7,0
2022-02-11 15:00:00,138.12,138.82,137.42,138.17,4311,7,0
2022-02-11 16:00:00,138.17,138.72,137.5,137.89,3181,7,0
2022-02-11 17:00:00,137.88,137.98,137.16,137.31,2133,7,0
2022-02-11 18:00:00,137.3,137.57,135.07,135.15,3141,7,0
2022-02-11 19:00:00,135.12,135.28,133.61,133.9,3424,7,0
2022-02-11 20:00:00,133.9,134.55,133.38,133.62,2156,7,0
2022-02-14 14:00:00,134.54,135.16,133.95,134.66,1612,7,0
2022-02-14 15:00:00,134.68,135.26,134.19,134.95,3600,7,0
2022-02-14 16:00:00,134.95,136.25,134.86,136.07,2494,7,0
2022-02-14 17:00:00,136.07,136.27,135.65,135.93,2232,7,0
2022-02-14 18:00:00,135.93,136.08,134.35,134.37,2575,7,0
2022-02-14 19:00:00,134.37,135.21,133.99,134.94,2711,7,0
2022-02-14 20:00:00,134.94,135.69,134.53,135.5,1923,7,0
2022-02-15 14:00:00,136.83,137.06,136.43,136.89,1440,7,0
2022-02-15 15:00:00,136.88,137.29,136.57,136.95,3428,7,0
2022-02-15 16:00:00,136.97,137.19,136.74,136.96,2289,7,0
2022-02-15 17:00:00,136.96,137.06,135.76,136.14,2579,7,0
2022-02-15 18:00:00,136.14,136.61,135.9,136.29,2081,7,0
2022-02-15 19:00:00,136.3,136.48,136.01,136.48,2244,7,0
2022-02-15 20:00:00,136.48,136.82,135.83,136.26,2083,7,0
2022-02-16 14:00:00,136.19,136.4,135.03,135.09,1704,7,0
2022-02-16 15:00:00,135.08,135.89,134.9,135.56,3219,7,0
2022-02-16 16:00:00,135.56,135.8,135.13,135.66,2170,7,0
2022-02-16 17:00:00,135.67,136.03,135.39,135.98,2281,7,0
2022-02-16 18:00:00,135.98,136.25,135.78,136.0,1851,7,0
2022-02-16 19:00:00,136.0,137.48,135.69,137.47,2941,7,0
2022-02-16 20:00:00,137.46,138.1,137.43,137.86,1773,7,0
2022-02-17 14:00:00,136.7,136.7,135.78,135.91,1444,7,0
2022-02-17 15:00:00,135.91,135.91,134.91,135.09,3467,7,0
2022-02-17 16:00:00,135.09,135.47,134.79,134.95,2892,7,0
2022-02-17 17:00:00,134.95,135.0,134.4,134.76,2415,7,0
2022-02-17 18:00:00,134.76,134.82,134.02,134.15,2689,7,0
2022-02-17 19:00:00,134.15,134.16,133.62,133.69,2451,7,0
2022-02-17 20:00:00,133.69,133.75,133.08,133.63,2320,7,0
2022-02-18 14:00:00,132.99,133.84,132.46,133.45,1221,7,0
2022-02-18 15:00:00,133.46,133.94,132.45,132.6,3440,7,0
2022-02-18 16:00:00,132.6,132.61,131.16,131.33,3082,7,0
2022-02-18 17:00:00,131.33,132.05,130.9,131.18,2740,7,0
2022-02-18 18:00:00,131.18,131.32,130.62,130.74,2349,7,0
2022-02-18 19:00:00,130.73,131.87,130.6,131.77,2730,7,0
2022-02-18 20:00:00,131.77,131.92,130.28,130.97,2371,7,0
2022-02-22 14:00:00,129.99,131.43,129.97,130.9,1773,7,0
2022-02-22 15:00:00,130.89,132.12,130.6,131.18,4447,7,0
2022-02-22 16:00:00,131.18,131.44,129.72,130.14,5611,7,0
2022-02-22 17:00:00,130.12,130.42,129.36,129.56,3051,7,0
2022-02-22 18:00:00,129.56,129.62,128.39,128.42,3218,7,0
2022-02-22 19:00:00,128.4,130.58,128.19,130.26,4413,7,0
2022-02-22 20:00:00,130.26,131.11,129.92,129.94,2820,7,0
2022-02-23 14:00:00,131.84,131.89,130.56,130.87,1598,7,0
2022-02-23 15:00:00,130.87,130.88,129.37,129.55,4404,7,0
2022-02-23 16:00:00,129.55,129.77,128.71,129.51,4571,7,0
2022-02-23 17:00:00,129.51,130.04,129.03,129.18,3629,7,0
2022-02-23 18:00:00,129.18,129.21,128.25,128.76,3147,7,0
2022-02-23 19:00:00,128.76,128.95,128.11,128.44,3491,7,0
2022-02-23 20:00:00,128.44,128.56,127.81,127.95,2844,7,0
2022-02-24 14:00:00,127.67,127.67,125.83,126.98,2261,7,0
2022-02-24 15:00:00,126.95,128.77,126.22,128.32,4402,7,0
2022-02-24 16:00:00,128.3,129.23,128.03,128.89,3250,7,0
2022-02-24 17:00:00,128.89,129.01,127.79,128.45,2454,7,0
2022-02-24 18:00:00,128.45,130.96,128.22,129.86,2929,7,0
2022-02-24 19:00:00,129.86,131.14,129.42,130.96,3102,7,0
2022-02-24 20:00:00,130.96,132.62,130.89,132.43,2023,13,0
2022-02-25 14:00:00,131.87,132.83,131.86,132.11,1555,7,0
2022-02-25 15:00:00,132.11,134.49,131.84,134.24,3239,7,0
2022-02-25 16:00:00,134.24,135.02,133.7,135.0,3096,7,0
2022-02-25 17:00:00,134.99,135.23,133.52,133.55,2775,7,0
2022-02-25 18:00:00,133.54,134.21,133.12,133.9,2963,7,0
2022-02-25 19:00:00,133.93,134.16,133.34,133.5,3166,7,0
2022-02-25 20:00:00,133.5,134.2,133.18,134.05,2224,7,0
2022-02-28 14:00:00,133.1,133.29,132.59,133.29,1569,7,0
2022-02-28 15:00:00,133.29,135.22,132.53,134.79,4160,7,0
2022-02-28 16:00:00,134.8,135.7,134.52,135.3,3709,7,0
2022-02-28 17:00:00,135.3,135.49,133.65,133.91,2095,7,0
2022-02-28 18:00:00,133.92,134.38,133.5,134.19,2011,7,0
2022-02-28 19:00:00,134.19,134.19,132.99,133.82,2458,7,0
2022-02-28 20:00:00,133.82,134.09,133.22,133.98,1642,7,0
2022-03-01 14:00:00,135.02,135.98,134.48,135.69,1210,7,0
2022-03-01 15:00:00,135.71,136.15,134.91,135.03,3458,7,0
2022-03-01 16:00:00,135.0,135.79,134.4,134.45,3361,7,0
2022-03-01 17:00:00,134.44,134.93,133.98,134.87,2964,7,0
2022-03-01 18:00:00,134.85,134.99,133.33,133.64,3740,7,0
2022-03-01 19:00:00,133.64,134.37,133.3,133.76,3445,7,0
2022-03-01 20:00:00,133.76,134.54,133.5,133.51,1792,7,0
2022-03-02 14:00:00,133.62,134.38,133.59,133.98,1377,7,0
2022-03-02 15:00:00,133.97,134.45,133.01,133.89,3816,7,0
2022-03-02 16:00:00,133.89,135.19,133.55,134.47,2814,7,0
2022-03-02 17:00:00,134.47,134.53,133.88,134.28,1877,7,0
2022-03-02 18:00:00,134.29,135.05,134.29,134.48,1787,7,0
2022-03-02 19:00:00,134.5,134.92,134.34,134.49,1847,7,0
2022-03-02 20:00:00,134.47,135.04,134.47,134.93,1504,7,0
2022-03-03 14:00:00,135.57,136.38,135.44,135.9,1512,7,0
2022-03-03 15:00:00,135.9,136.2,133.75,133.76,3602,7,0
2022-03-03 16:00:00,133.74,134.57,133.69,134.34,3128,7,0
2022-03-03 17:00:00,134.34,135.25,133.66,134.79,3459,7,0
2022-03-03 18:00:00,134.79,135.14,134.46,134.59,2969,7,0
2022-03-03 19:00:00,134.59,135.2,134.3,134.45,2955,7,0
2022-03-03 20:00:00,134.45,134.45,133.29,133.36,1836,7,0
2022-03-04 14:00:00,132.46,132.46,131.04,131.99,1548,7,0
2022-03-04 15:00:00,131.96,132.11,130.42,130.59,4781,7,0
2022-03-04 16:00:00,130.59,131.29,130.32,130.96,3672,7,0
2022-03-04 17:00:00,130.97,132.31,130.87,132.04,1974,13,0
2022-03-04 18:00:00,132.05,132.64,131.24,131.27,1941,7,0
2022-03-04 19:00:00,131.27,131.57,130.72,130.72,1986,7,0
2022-03-04 20:00:00,130.76,131.57,130.7,131.46,1777,13,0
2022-03-07 14:00:00,130.37,130.56,129.18,129.18,1730,7,0
2022-03-07 15:00:00,129.16,129.23,127.34,127.55,4734,7,0
2022-03-07 16:00:00,127.53,129.06,127.45,128.35,4045,7,0
2022-03-07 17:00:00,128.35,128.89,127.42,127.5,2653,7,0
2022-03-07 18:00:00,127.48,128.03,127.08,127.24,2185,7,0
2022-03-07 19:00:00,127.24,127.86,126.55,126.62,1843,13,0
2022-03-07 20:00:00,126.63,127.06,126.3,126.76,1928,7,0
2022-03-08 14:00:00,126.49,127.72,126.17,126.97,1742,13,0
2022-03-08 15:00:00,126.97,127.48,125.73,127.35,4059,7,0
2022-03-08 16:00:00,127.38,127.55,126.0,126.9,3313,7,0
2022-03-08 17:00:00,126.92,130.67,126.8,130.43,3756,7,0
2022-03-08 18:00:00,130.43,131.22,128.14,128.2,2846,7,0
2022-03-08 19:00:00,128.2,129.11,127.51,128.65,2760,7,0
2022-03-08 20:00:00,128.64,129.41,127.39,127.44,2695,7,0
2022-03-09 14:00:00,130.79,130.86,129.87,130.84,1535,7,0
2022-03-09 15:00:00,130.86,131.53,130.66,131.0,2654,7,0
2022-03-09 16:00:00,131.05,131.91,130.77,131.88,1946,13,0
2022-03-09 17:00:00,131.89,133.69,131.65,133.04,2017,7,0
2022-03-09 18:00:00,133.05,133.13,132.52,132.75,1825,7,0
2022-03-09 19:00:00,132.75,133.31,132.7,133.21,1608,7,0
2022-03-09 20:00:00,133.2,133.66,133.14,133.55,1312,13,0
2022-03-10 14:00:00,131.68,132.72,131.65,132.41,1510,7,0
2022-03-10 15:00:00,132.43,132.72,131.47,131.67,3746,7,0
2022-03-10 16:00:00,131.67,131.68,130.89,131.28,2913,7,0
2022-03-10 17:00:00,131.28,131.61,130.99,131.19,2431,7,0
2022-03-10 18:00:00,131.19,132.22,131.09,132.16,2675,7,0
2022-03-10 19:00:00,132.16,133.22,132.05,132.84,2986,7,0
2022-03-10 20:00:00,132.84,132.85,132.19,132.43,2388,7,0
2022-03-11 14:00:00,132.81,133.35,132.12,132.37,1452,7,0
2022-03-11 15:00:00,132.36,132.91,131.91,132.88,2158,7,0
2022-03-11 16:00:00,132.87,132.88,131.53,131.82,2056,7,0
2022-03-11 17:00:00,131.83,131.85,130.73,131.24,1843,7,0
2022-03-11 18:00:00,131.24,131.81,131.03,131.16,1597,7,0
2022-03-11 19:00:00,131.14,131.65,130.8,130.88,1870,7,0
2022-03-11 20:00:00,130.88,130.88,130.14,130.32,1824,7,0
2022-03-14 13:00:00,129.2,129.92,128.57,128.58,1195,7,0
2022-03-14 14:00:00,128.59,129.75,128.07,129.53,2668,13,0
2022-03-14 15:00:00,129.55,129.57,127.12,127.35,2044,13,0
2022-03-14 16:00:00,127.34,127.34,125.72,125.78,2131,7,0
2022-03-14 17:00:00,125.78,126.22,125.21,125.96,1979,7,0
2022-03-14 18:00:00,125.97,126.46,125.67,126.35,1841,7,0
2022-03-14 19:00:00,126.35,126.68,125.44,125.84,1584,7,0
2022-03-15 13:00:00,126.19,126.4,125.7,126.38,1487,7,0
2022-03-15 14:00:00,126.39,128.14,126.31,127.89,3611,7,0
2022-03-15 15:00:00,127.91,129.82,127.91,128.8,3304,7,0
2022-03-15 16:00:00,128.8,129.3,128.25,128.69,2795,7,0
2022-03-15 17:00:00,128.69,128.79,127.88,128.05,2596,7,0
2022-03-15 18:00:00,128.06,128.4,127.33,128.39,2670,7,0
2022-03-15 19:00:00,128.39,129.68,128.31,129.14,2004,7,0
2022-03-16 13:00:00,131.07,131.83,131.07,131.52,997,7,0
2022-03-16 14:00:00,131.52,132.47,131.3,132.43,3590,7,0
2022-03-16 15:00:00,132.46,132.58,131.95,132.21,1786,7,0
2022-03-16 16:00:00,132.21,132.53,130.73,131.02,1647,7,0
2022-03-16 17:00:00,131.02,131.4,130.65,131.38,1851,7,0
2022-03-16 18:00:00,131.37,131.49,128.71,131.03,3198,13,0
2022-03-16 19:00:00,131.02,132.33,130.68,132.03,1824,13,0
2022-03-17 13:00:00,132.97,133.48,132.72,133.44,1150,7,0
2022-03-17 14:00:00,133.44,133.88,132.12,132.44,3128,7,0
2022-03-17 15:00:00,132.45,133.04,132.18,132.8,2988,7,0
2022-03-17 16:00:00,132.8,133.47,132.56,133.32,2398,7,0
2022-03-17 17:00:00,133.32,134.04,132.81,133.81,2500,7,0
2022-03-17 18:00:00,133.81,133.98,133.18,133.49,2575,7,0
2022-03-17 19:00:00,133.49,133.92,132.96,133.87,2122,7,0
2022-03-18 13:00:00,132.54,133.12,132.23,133.11,1177,7,0
2022-03-18 14:00:00,133.13,134.19,133.04,133.61,3336,7,0
2022-03-18 15:00:00,133.61,134.78,133.54,134.43,2866,7,0
2022-03-18 16:00:00,134.43,135.05,134.3,134.84,2170,7,0
2022-03-18 17:00:00,134.83,135.29,134.68,135.07,1973,7,0
2022-03-18 18:00:00,135.07,135.33,134.78,135.33,1974,7,0
2022-03-18 19:00:00,135.32,135.95,135.22,135.87,1751,7,0
2022-03-21 13:00:00,136.59,136.99,135.3,135.53,1430,7,0
2022-03-21 14:00:00,135.53,136.12,134.87,136.11,3509,7,0
2022-03-21 15:00:00,136.11,136.64,135.85,136.35,3559,7,0
2022-03-21 16:00:00,136.36,136.58,134.99,135.1,3151,7,0
2022-03-21 17:00:00,135.1,135.1,134.06,134.92,3196,7,0
2022-03-21 18:00:00,134.92,135.52,134.59,134.68,2857,7,0
2022-03-21 19:00:00,134.68,135.56,134.66,135.29,2268,7,0
2022-03-22 13:00:00,138.21,138.21,137.18,137.58,1130,7,0
2022-03-22 14:00:00,137.6,139.85,137.57,139.39,3157,7,0
2022-03-22 15:00:00,139.41,141.01,139.27,140.12,2827,7,0
2022-03-22 16:00:00,140.15,140.43,139.57,139.91,2468,7,0
2022-03-22 17:00:00,139.91,140.15,139.48,140.07,2274,7,0
2022-03-22 18:00:00,140.07,140.13,139.42,139.95,2328,7,0
2022-03-22 19:00:00,139.94,140.55,139.94,140.3,1750,7,0
2022-03-23 13:00:00,138.7,139.28,138.59,138.79,1398,7,0
2022-03-23 14:00:00,138.77,139.52,138.56,139.2,3012,7,0
2022-03-23 15:00:00,139.2,139.54,139.04,139.25,2396,7,0
2022-03-23 16:00:00,139.25,139.43,138.56,138.74,2711,7,0
2022-03-23 17:00:00,138.74,138.79,137.83,138.49,2982,7,0
2022-03-23 18:00:00,138.48,138.88,138.09,138.42,2361,7,0
2022-03-23 19:00:00,138.41,138.82,138.27,138.66,1751,7,0
2022-03-24 13:00:00,138.88,139.48,138.72,138.82,1249,7,0
2022-03-24 14:00:00,138.81,139.41,137.74,139.05,3399,7,0
2022-03-24 15:00:00,139.05,140.2,138.95,140.19,2758,7,0
2022-03-24 16:00:00,140.18,140.45,139.54,140.2,2504,7,0
2022-03-24 17:00:00,140.2,140.39,139.86,140.01,2204,7,0
2022-03-24 18:00:00,140.01,140.4,140.0,140.26,2241,7,0
2022-03-24 19:00:00,140.28,141.11,140.17,140.99,1689,7,0
2022-03-25 13:00:00,141.45,141.9,141.24,141.31,1090,7,0
2022-03-25 14:00:00,141.31,141.93,140.89,141.4,2856,7,0
2022-03-25 15:00:00,141.41,141.47,139.67,140.23,2578,7,0
2022-03-25 16:00:00,140.2,140.76,140.04,140.45,1682,13,0
2022-03-25 17:00:00,140.44,141.42,140.29,141.41,1489,7,0
2022-03-25 18:00:00,141.43,141.64,141.27,141.61,1467,7,0
2022-03-25 19:00:00,141.61,141.63,140.57,141.1,1212,13,0
2022-03-28 13:00:00,141.37,141.97,141.24,141.75,1259,7,0
2022-03-28 14:00:00,141.75,141.76,140.51,141.29,3110,7,0
2022-03-28 15:00:00,141.3,141.37,139.81,139.87,2497,7,0
2022-03-28 16:00:00,139.85,140.54,139.77,140.51,2190,7,0
2022-03-28 17:00:00,140.52,140.9,140.38,140.8,1837,7,0
2022-03-28 18:00:00,140.8,141.71,140.65,141.69,1854,7,0
2022-03-28 19:00:00,141.7,141.73,141.38,141.55,1434,7,0
2022-03-29 13:00:00,143.25,143.37,142.61,143.05,1286,7,0
2022-03-29 14:00:00,143.04,143.18,141.98,142.62,2794,7,0
2022-03-29 15:00:00,142.65,143.41,142.63,142.97,1795,7,0
2022-03-29 16:00:00,142.99,143.17,142.47,142.86,1631,7,0
2022-03-29 17:00:00,142.86,143.36,142.65,143.25,1523,7,0
2022-03-29 18:00:00,143.26,143.3,142.86,143.01,1488,7,0
2022-03-29 19:00:00,143.02,143.25,142.86,143.1,1212,7,0
2022-03-30 13:00:00,142.12,142.54,142.09,142.34,838,7,0
2022-03-30 14:00:00,142.34,142.66,141.94,141.99,2913,7,0
2022-03-30 15:00:00,142.0,142.19,141.56,142.18,2402,7,0
2022-03-30 16:00:00,142.18,142.43,141.94,142.33,2028,7,0
2022-03-30 17:00:00,142.33,142.34,141.98,142.13,1907,7,0
2022-03-30 18:00:00,142.13,142.44,142.04,142.15,2263,7,0
2022-03-30 19:00:00,142.14,142.17,141.63,141.83,2376,7,0
2022-03-31 13:00:00,141.32,141.32,140.46,141.11,1261,7,0
2022-03-31 14:00:00,141.11,141.33,140.24,141.13,2789,7,0
2022-03-31 15:00:00,141.12,141.32,140.79,140.97,2317,7,0
2022-03-31 16:00:00,140.98,141.11,140.34,140.34,1968,7,0
2022-03-31 17:00:00,140.34,140.99,140.2,140.85,2161,7,0
2022-03-31 18:00:00,140.84,140.86,140.25,140.85,2322,7,0
2022-03-31 19:00:00,140.85,141.23,140.49,140.56,1890,7,0
2022-04-01 13:00:00,139.16,139.26,138.29,138.71,1101,7,0
2022-04-01 14:00:00,138.71,140.2,138.4,140.18,2305,7,0
2022-04-01 15:00:00,140.18,140.37,139.08,139.16,1954,13,0
2022-04-01 16:00:00,139.17,139.7,138.94,139.51,1424,13,0
2022-04-01 17:00:00,139.5,140.01,139.37,139.61,1608,7,0
2022-04-01 18:00:00,139.61,140.27,139.5,139.81,1686,13,0
2022-04-01 19:00:00,139.8,140.05,138.79,138.92,1471,13,0
2022-04-04 13:00:00,142.37,143.08,142.19,142.71,1078,13,0
2022-04-04 14:00:00,142.71,143.21,142.38,143.05,2084,7,0
2022-04-04 15:00:00,143.05,143.46,142.71,143.08,1415,13,0
2022-04-04 16:00:00,143.09,143.67,143.01,143.03,1180,7,0
2022-04-04 17:00:00,143.03,143.13,142.71,142.89,1102,7,0
2022-04-04 18:00:00,142.91,143.03,142.15,142.87,1203,7,0
2022-04-04 19:00:00,142.87,143.06,142.71,142.9,978,7,0
2022-04-05 13:00:00,142.53,142.61,142.04,142.23,1221,7,0
2022-04-05 14:00:00,142.23,142.52,140.73,141.36,3271,7,0
2022-04-05 15:00:00,141.36,141.42,140.78,140.94,3108,7,0
2022-04-05 16:00:00,140.94,141.28,140.55,141.06,2866,7,0
2022-04-05 17:00:00,141.06,141.48,140.84,141.02,2533,7,0
2022-04-05 18:00:00,141.03,141.33,140.88,140.98,2506,7,0
2022-04-05 19:00:00,140.98,141.06,140.4,140.64,2368,7,0
2022-04-06 13:00:00,138.35,138.37,136.72,137.26,1490,7,0
2022-04-06 14:00:00,137.26,137.83,136.92,137.19,3374,7,0
2022-04-06 15:00:00,137.16,137.36,136.74,137.1,2567,7,0
2022-04-06 16:00:00,137.1,137.18,136.17,136.47,1791,13,0
2022-04-06 17:00:00,136.46,137.11,136.2,136.83,1491,13,0
2022-04-06 18:00:00,136.83,137.79,135.45,137.17,3071,13,0
2022-04-06 19:00:00,137.16,137.44,136.04,136.67,1733,13,0
2022-04-07 13:00:00,136.96,137.02,135.79,136.33,1404,7,0
2022-04-07 14:00:00,136.35,136.77,135.25,135.82,4181,7,0
2022-04-07 15:00:00,135.8,136.29,134.45,134.87,3563,7,0
2022-04-07 16:00:00,134.86,135.25,134.18,134.75,3587,7,0
2022-04-07 17:00:00,134.75,136.02,134.64,136.01,3066,7,0
2022-04-07 18:00:00,136.02,136.37,135.58,136.2,2869,7,0
2022-04-07 19:00:00,136.19,136.88,136.17,136.62,2286,7,0
2022-04-08 13:00:00,134.82,134.84,133.78,133.81,805,13,0
2022-04-08 14:00:00,133.82,135.0,133.7,134.79,2167,13,0
2022-04-08 15:00:00,134.77,135.06,134.08,134.58,1621,13,0
2022-04-08 16:00:00,134.58,134.77,134.27,134.43,1477,13,0
2022-04-08 17:00:00,134.41,134.47,133.54,133.92,1329,13,0
2022-04-08 18:00:00,133.92,134.21,133.43,133.66,1809,7,0
2022-04-08 19:00:00,133.66,133.94,133.41,133.65,1265,13,0
2022-04-11 13:00:00,131.32,132.08,131.24,131.35,1084,13,0
2022-04-11 14:00:00,131.35,131.66,129.52,129.83,2553,13,0
2022-04-11 15:00:00,129.83,130.3,129.49,129.51,1839,7,0
2022-04-11 16:00:00,129.52,129.84,129.13,129.75,1626,7,0
2022-04-11 17:00:00,129.75,130.16,129.75,130.0,1825,7,0
2022-04-11 18:00:00,130.0,130.07,129.31,129.49,1741,7,0
2022-04-11 19:00:00,129.5,129.82,129.01,129.07,1621,7,0
2022-04-12 13:00:00,130.4,130.8,129.89,130.45,1238,13,0
2022-04-12 14:00:00,130.45,130.95,128.98,129.38,2438,13,0
2022-04-12 15:00:00,129.38,129.84,129.09,129.37,1905,13,0
2022-04-12 16:00:00,129.37,129.4,128.58,128.84,1878,13,0
2022-04-12 17:00:00,128.84,129.12,127.81,127.96,1816,7,0
2022-04-12 18:00:00,127.96,128.41,127.01,127.23,2188,7,0
2022-04-12 19:00:00,127.22,127.47,126.71,127.25,1558,7,0
2022-04-13 13:00:00,127.78,128.48,127.74,128.14,1271,7,0
2022-04-13 14:00:00,128.14,129.0,127.79,128.45,2973,7,0
2022-04-13 15:00:00,128.45,129.41,128.44,129.3,2521,7,0
2022-04-13 16:00:00,129.3,130.14,129.14,129.92,1945,7,0
2022-04-13 17:00:00,129.92,130.07,129.07,129.32,1974,7,0
2022-04-13 18:00:00,129.32,129.63,129.19,129.29,1735,7,0
2022-04-13 19:00:00,129.29,130.09,129.16,130.04,1611,7,0
2022-04-14 13:00:00,129.38,129.4,128.14,128.5,1170,7,0
2022-04-14 14:00:00,128.5,128.54,127.53,128.12,3213,7,0
2022-04-14 15:00:00,128.12,128.49,127.69,127.8,2316,7,0
2022-04-14 16:00:00,127.8,127.88,126.82,127.09,2119,7,0
2022-04-14 17:00:00,127.09,128.16,127.07,128.16,2354,7,0
2022-04-14 18:00:00,128.16,128.37,127.14,127.23,2324,7,0
2022-04-14 19:00:00,127.23,127.43,126.82,126.97,1816,7,0
2022-04-18 13:00:00,127.18,127.63,126.76,127.11,1729,13,0
2022-04-18 14:00:00,127.11,128.18,126.87,127.56,2927,7,0
2022-04-18 15:00:00,127.56,127.73,126.68,127.2,2063,7,0
2022-04-18 16:00:00,127.2,127.3,126.13,126.33,2214,7,0
2022-04-18 17:00:00,126.33,128.04,126.22,127.61,2685,7,0
2022-04-18 18:00:00,127.6,128.07,127.45,127.55,2618,7,0
2022-04-18 19:00:00,127.54,127.62,126.78,126.89,1953,7,0
2022-04-19 13:00:00,127.44,129.06,127.31,129.03,1254,7,0
2022-04-19 14:00:00,129.02,129.57,128.89,129.31,2996,7,0
2022-04-19 15:00:00,129.31,129.63,129.05,129.28,2245,7,0
2022-04-19 16:00:00,129.28,129.53,129.03,129.29,1782,7,0
2022-04-19 17:00:00,129.29,129.53,129.03,129.35,1815,7,0
2022-04-19 18:00:00,129.35,129.37,128.77,129.31,2420,7,0
2022-04-19 19:00:00,129.29,130.19,129.28,129.82,1647,7,0
2022-04-20 13:00:00,130.67,130.73,128.95,129.12,1347,7,0
2022-04-20 14:00:00,129.11,129.9,127.89,129.81,3553,7,0
2022-04-20 15:00:00,129.81,129.83,127.96,128.47,2750,7,0
2022-04-20 16:00:00,128.47,128.54,127.48,128.32,2651,7,0
2022-04-20 17:00:00,128.32,129.26,128.14,128.75,2298,7,0
2022-04-20 18:00:00,128.75,128.87,127.55,127.81,2145,7,0
2022-04-20 19:00:00,127.81,128.36,127.74,128.33,1958,7,0
2022-04-21 13:00:00,129.73,129.89,129.04,129.13,1362,7,0
2022-04-21 14:00:00,129.14,129.23,127.65,127.98,3312,7,0
2022-04-21 15:00:00,127.95,128.21,126.47,126.56,3557,7,0
2022-04-21 16:00:00,126.56,126.82,126.06,126.18,3302,7,0
2022-04-21 17:00:00,126.17,126.44,125.64,125.83,3637,7,0
2022-04-21 18:00:00,125.84,125.84,124.77,124.93,3352,7,0
2022-04-21 19:00:00,124.93,125.12,124.52,125.05,2535,7,0
2022-04-22 13:00:00,124.02,124.26,123.21,123.34,1787,7,0
2022-04-22 14:00:00,123.34,123.88,121.68,122.15,4640,7,0
2022-04-22 15:00:00,122.14,122.64,120.55,120.7,4017,7,0
2022-04-22 16:00:00,120.7,120.99,120.1,120.16,3164,7,0
2022-04-22 17:00:00,120.15,120.29,119.56,119.61,2288,7,0
2022-04-22 18:00:00,119.59,120.36,118.87,119.26,2346,7,0
2022-04-22 19:00:00,119.26,120.67,118.89,120.18,2373,7,0
2022-04-25 13:00:00,120.22,120.77,119.51,119.81,2074,7,0
2022-04-25 14:00:00,119.81,123.2,119.81,121.98,4495,7,0
2022-04-25 15:00:00,121.99,122.03,119.84,120.27,3934,7,0
2022-04-25 16:00:00,120.26,121.95,120.08,121.51,2602,7,0
2022-04-25 17:00:00,121.52,122.08,121.19,121.49,2416,7,0
2022-04-25 18:00:00,121.49,122.66,121.16,122.16,2639,7,0
2022-04-25 19:00:00,122.16,122.8,121.28,122.7,1903,13,0
2022-04-26 13:00:00,120.47,120.63,119.57,119.93,1754,7,0
2022-04-26 14:00:00,119.91,120.04,118.77,119.12,4200,7,0
2022-04-26 15:00:00,119.13,119.45,118.49,118.53,2675,7,0
2022-04-26 16:00:00,118.55,120.49,118.55,120.17,2750,7,0
2022-04-26 17:00:00,120.17,120.17,118.81,119.4,2553,7,0
2022-04-26 18:00:00,119.4,121.16,119.31,121.1,3189,7,0
2022-04-26 19:00:00,121.1,121.26,119.15,119.46,2611,7,0
2022-04-27 13:00:00,114.66,117.07,114.6,115.32,3285,13,0
2022-04-27 14:00:00,115.33,115.86,112.69,114.44,4976,7,0
2022-04-27 15:00:00,114.45,115.45,113.92,114.01,3095,13,0
2022-04-27 16:00:00,114.01,116.32,113.64,116.12,2779,7,0
2022-04-27 17:00:00,116.17,116.23,114.67,115.11,3028,7,0
2022-04-27 18:00:00,115.1,115.28,114.16,114.36,2615,7,0
2022-04-27 19:00:00,114.36,114.44,113.2,113.83,2319,7,0
2022-04-28 13:00:00,114.96,115.43,114.1,115.06,1576,13,0
2022-04-28 14:00:00,115.05,116.04,114.4,115.85,4081,7,0
2022-04-28 15:00:00,115.86,116.56,115.53,115.84,3919,7,0
2022-04-28 16:00:00,115.83,117.95,115.69,117.76,3295,7,0
2022-04-28 17:00:00,117.76,119.13,117.65,118.7,3181,7,0
2022-04-28 18:00:00,118.72,119.48,118.52,119.13,2690,7,0
2022-04-28 19:00:00,119.12,119.59,118.59,118.63,2429,7,0
2022-04-29 13:00:00,117.11,117.75,116.73,117.72,1425,7,0
2022-04-29 14:00:00,117.7,117.73,115.94,116.23,3314,7,0
2022-04-29 15:00:00,116.23,117.12,115.88,116.31,2460,13,0
2022-04-29 16:00:00,116.32,116.36,115.92,116.11,1672,7,0
2022-04-29 17:00:00,116.1,116.76,116.05,116.11,1934,7,0
2022-04-29 18:00:00,116.11,116.16,114.82,115.19,2228,7,0
2022-04-29 19:00:00,115.19,115.33,114.74,114.81,1757,13,0
2022-05-02 13:00:00,113.19,115.14,112.85,114.93,1602,7,0
2022-05-02 14:00:00,114.9,116.07,113.67,114.58,3342,7,0
2022-05-02 15:00:00,114.59,115.74,114.32,115.4,3040,7,0
2022-05-02 16:00:00,115.4,115.58,114.02,114.08,2485,7,0
2022-05-02 17:00:00,114.08,114.55,113.63,114.22,2404,7,0
2022-05-02 18:00:00,114.21,114.78,113.74,114.05,2687,7,0
2022-05-02 19:00:00,114.05,116.37,114.04,115.79,2649,7,0
2022-05-03 13:00:00,116.34,117.03,116.01,116.92,885,20,0
2022-05-03 14:00:00,116.99,117.58,116.11,116.87,2190,13,0
2022-05-03 15:00:00,116.87,117.93,116.7,117.6,2075,13,0
2022-05-03 16:00:00,117.6,117.87,116.66,117.55,2354,7,0
2022-05-03 17:00:00,117.58,118.43,117.44,117.99,2074,7,0
2022-05-03 18:00:00,117.99,117.99,116.99,117.9,2726,7,0
2022-05-03 19:00:00,117.9,118.08,116.89,117.1,2218,7,0
2022-05-04 13:00:00,116.93,117.34,115.83,115.85,1474,7,0
2022-05-04 14:00:00,115.85,116.09,115.13,115.63,3553,7,0
2022-05-04 15:00:00,115.63,116.18,115.09,116.02,2805,7,0
2022-05-04 16:00:00,116.02,117.93,115.83,117.86,4370,7,0
2022-05-04 17:00:00,117.88,119.02,117.61,118.69,2826,7,0
2022-05-04 18:00:00,118.74,120.48,117.15,120.01,4552,13,0
2022-05-04 19:00:00,120.01,122.51,119.74,122.1,1850,7,0
2022-05-05 13:00:00,120.71,120.93,118.58,119.05,1410,7,0
2022-05-05 14:00:00,119.05,119.05,114.95,116.1,3972,13,0
2022-05-05 15:00:00,116.11,116.81,115.35,115.76,2775,13,0
2022-05-05 16:00:00,115.76,116.95,115.37,116.65,2413,7,0
2022-05-05 17:00:00,116.65,116.98,115.92,116.13,2420,13,0
2022-05-05 18:00:00,116.12,116.78,115.87,115.98,2007,13,0
2022-05-05 19:00:00,115.98,116.44,114.95,116.04,2436,7,0
2022-05-06 13:00:00,114.34,114.89,114.05,114.41,1407,7,0
2022-05-06 14:00:00,114.4,117.05,114.32,116.58,4975,7,0
2022-05-06 15:00:00,116.59,117.53,115.31,116.03,4057,7,0
2022-05-06 16:00:00,116.03,117.3,115.9,117.27,3523,7,0
2022-05-06 17:00:00,117.27,117.37,115.51,115.76,2787,7,0
2022-05-06 18:00:00,115.75,115.79,114.87,115.08,2511,7,0
2022-05-06 19:00:00,115.11,115.79,114.52,115.51,1908,13,0
2022-05-09 13:00:00,113.88,114.13,113.05,113.38,2159,7,0
2022-05-09 14:00:00,113.39,114.02,112.72,113.19,4120,7,0
2022-05-09 15:00:00,113.16,114.04,112.87,113.85,3013,7,0
2022-05-09 16:00:00,113.85,115.02,113.36,113.45,2566,7,0
2022-05-09 17:00:00,113.45,113.95,112.94,112.95,2663,7,0
2022-05-09 18:00:00,113.0,113.61,112.84,113.48,2342,7,0
2022-05-09 19:00:00,113.52,114.02,112.66,112.86,1891,7,0
2022-05-10 13:00:00,115.15,115.4,114.17,115.4,1603,7,0
2022-05-10 14:00:00,115.38,115.98,113.78,113.9,3658,7,0
2022-05-10 15:00:00,113.9,114.73,112.86,114.29,3792,13,0
2022-05-10 16:00:00,114.29,114.78,113.57,113.99,2832,13,0
2022-05-10 17:00:00,113.98,115.91,113.7,115.88,2804,7,0
2022-05-10 18:00:00,115.9,116.06,114.92,115.7,2871,7,0
2022-05-10 19:00:00,115.71,116.17,114.13,114.16,1914,13,0
2022-05-11 13:00:00,113.46,116.12,113.43,115.39,1497,13,0
2022-05-11 14:00:00,115.37,116.05,114.15,114.51,3370,7,0
2022-05-11 15:00:00,114.51,115.64,113.82,114.61,2764,7,0
2022-05-11 16:00:00,114.58,115.07,114.0,114.31,2772,7,0
2022-05-11 17:00:00,114.29,114.45,113.58,113.6,3108,7,0
2022-05-11 18:00:00,113.6,115.54,113.6,114.62,2221,13,0
2022-05-11 19:00:00,114.62,114.76,113.8,113.9,1693,13,0
2022-05-12 13:00:00,111.82,112.75,111.25,111.75,1666,7,0
2022-05-12 14:00:00,111.74,114.04,111.24,113.81,3460,13,0
2022-05-12 15:00:00,113.83,114.27,112.03,112.11,2873,13,0
2022-05-12 16:00:00,112.11,113.44,111.43,112.35,3006,13,0
2022-05-12 17:00:00,112.36,112.56,109.77,110.25,2727,7,0
2022-05-12 18:00:00,110.24,111.2,109.96,110.24,2506,7,0
2022-05-12 19:00:00,110.24,112.24,110.24,111.92,2532,7,0
2022-05-13 13:00:00,114.14,115.64,113.94,114.9,1840,7,0
2022-05-13 14:00:00,114.92,116.14,114.8,115.97,3257,7,0
2022-05-13 15:00:00,115.96,117.13,115.56,116.77,2588,7,0
2022-05-13 16:00:00,116.78,117.84,116.74,117.09,2483,7,0
2022-05-13 17:00:00,117.09,117.2,116.05,116.16,2277,7,0
2022-05-13 18:00:00,116.15,116.18,114.88,115.7,3058,7,0
2022-05-13 19:00:00,115.69,116.74,115.69,116.04,2327,7,0
2022-05-16 13:00:00,115.76,116.11,113.92,114.15,1914,7,0
2022-05-16 14:00:00,114.11,115.25,113.83,114.27,2751,7,0
2022-05-16 15:00:00,114.24,114.9,113.88,114.87,2197,7,0
2022-05-16 16:00:00,114.93,115.08,113.91,114.02,1949,7,0
2022-05-16 17:00:00,114.02,115.02,113.85,114.87,1786,7,0
2022-05-16 18:00:00,114.87,115.45,114.64,115.26,1786,7,0
2022-05-16 19:00:00,115.26,115.33,114.24,114.27,1750,7,0
2022-05-17 13:00:00,116.45,116.61,115.63,115.71,1108,7,0
2022-05-17 14:00:00,115.73,116.33,114.85,115.11,2631,7,0
2022-05-17 15:00:00,115.11,115.86,115.03,115.58,1638,7,0
2022-05-17 16:00:00,115.58,116.15,115.45,115.92,1034,7,0
2022-05-17 17:00:00,115.92,116.21,115.6,115.83,1185,7,0
2022-05-17 18:00:00,115.82,116.09,114.91,115.81,2214,7,0
2022-05-17 19:00:00,115.82,116.47,115.82,116.14,1201,7,0
2022-05-18 13:00:00,114.89,114.95,113.82,113.85,1041,7,0
2022-05-18 14:00:00,113.85,114.71,113.84,114.36,2216,7,0
2022-05-18 15:00:00,114.36,114.36,112.69,113.06,1797,7,0
2022-05-18 16:00:00,113.06,113.56,112.47,113.54,1825,7,0
2022-05-18 17:00:00,113.54,113.54,112.32,112.48,1601,13,0
2022-05-18 18:00:00,112.49,112.92,112.31,112.37,1861,13,0
2022-05-18 19:00:00,112.36,112.85,112.17,112.31,1989,7,0
2022-05-19 13:00:00,112.4,112.98,111.52,112.55,1560,7,0
2022-05-19 14:00:00,112.54,112.99,111.43,111.91,3961,7,0
2022-05-19 15:00:00,111.93,112.39,111.44,111.92,2318,7,0
2022-05-19 16:00:00,111.9,112.31,110.75,111.1,1764,7,0
2022-05-19 17:00:00,111.1,111.14,109.96,110.75,2206,13,0
2022-05-19 18:00:00,110.75,111.48,110.23,111.27,2547,7,0
2022-05-19 19:00:00,111.28,111.7,110.19,110.74,1765,13,0
2022-05-20 13:00:00,111.46,112.0,111.27,111.39,1122,13,0
2022-05-20 14:00:00,111.36,111.48,108.84,108.92,2617,7,0
2022-05-20 15:00:00,108.92,109.07,107.76,107.87,2354,7,0
2022-05-20 16:00:00,107.87,107.92,105.74,106.24,2502,7,0
2022-05-20 17:00:00,106.24,106.84,105.83,106.56,2215,13,0
2022-05-20 18:00:00,106.56,106.68,105.76,106.29,1983,13,0
2022-05-20 19:00:00,106.29,108.73,106.12,108.31,2061,13,0
2022-05-23 13:00:00,109.17,110.68,109.09,109.59,1354,13,0
2022-05-23 14:00:00,109.62,111.38,109.02,110.7,3311,7,0
2022-05-23 15:00:00,110.7,111.66,110.62,111.56,2694,7,0
2022-05-23 16:00:00,111.56,112.03,111.1,111.28,1860,7,0
2022-05-23 17:00:00,111.29,111.49,110.65,111.26,1446,7,0
2022-05-23 18:00:00,111.26,111.7,111.15,111.24,1818,7,0
2022-05-23 19:00:00,111.25,111.57,110.92,111.08,1370,7,0
2022-05-24 13:00:00,104.24,105.03,103.71,103.79,2287,7,0
2022-05-24 14:00:00,103.81,103.96,101.86,102.86,5413,7,0
2022-05-24 15:00:00,102.89,104.81,102.83,104.5,3896,7,0
2022-05-24 16:00:00,104.48,105.38,103.9,104.19,3399,7,0
2022-05-24 17:00:00,104.19,105.76,103.88,105.47,3306,7,0
2022-05-24 18:00:00,105.47,106.17,104.59,104.83,3329,7,0
2022-05-24 19:00:00,104.83,106.42,104.77,105.86,2544,7,0
2022-05-25 13:00:00,105.69,105.75,103.83,104.77,2287,7,0
2022-05-25 14:00:00,104.78,106.29,104.08,106.01,4561,7,0
2022-05-25 15:00:00,106.02,106.27,105.26,105.26,3308,7,0
2022-05-25 16:00:00,105.28,105.33,104.4,104.87,2986,7,0
2022-05-25 17:00:00,104.85,105.01,104.34,104.94,2442,7,0
2022-05-25 18:00:00,104.94,106.18,104.33,106.07,3893,7,0
2022-05-25 19:00:00,106.09,106.45,105.68,105.78,2240,7,0
2022-05-26 13:00:00,106.7,107.34,106.51,107.08,1433,7,0
2022-05-26 14:00:00,107.1,107.61,106.71,107.53,3169,7,0
2022-05-26 15:00:00,107.53,107.94,107.4,107.79,2244,7,0
2022-05-26 16:00:00,107.79,108.5,107.72,108.5,1857,7,0
2022-05-26 17:00:00,108.5,108.59,107.78,108.3,2134,7,0
2022-05-26 18:00:00,108.29,108.45,107.8,107.89,2150,7,0
2022-05-26 19:00:00,107.87,107.93,107.38,107.91,1849,7,0
2022-05-27 13:00:00,110.36,110.63,110.07,110.36,1357,7,0
2022-05-27 14:00:00,110.38,111.61,110.31,111.19,3295,7,0
2022-05-27 15:00:00,111.22,111.88,110.85,111.77,2414,7,0
2022-05-27 16:00:00,111.77,112.06,111.53,111.9,2090,7,0
2022-05-27 17:00:00,111.9,112.07,111.49,111.59,1762,7,0
2022-05-27 18:00:00,111.6,111.98,111.24,111.97,1764,7,0
2022-05-27 19:00:00,111.96,112.19,111.7,111.82,1590,7,0
2022-05-31 13:00:00,112.83,112.87,112.15,112.48,1317,7,0
2022-05-31 14:00:00,112.45,113.42,112.05,113.32,3932,7,0
2022-05-31 15:00:00,113.31,114.24,112.94,114.08,3322,7,0
2022-05-31 16:00:00,114.1,115.32,114.1,115.2,2940,7,0
2022-05-31 17:00:00,115.17,115.36,114.26,115.31,2845,7,0
2022-05-31 18:00:00,115.31,115.68,114.1,114.32,2996,7,0
2022-05-31 19:00:00,114.32,115.24,114.04,114.52,2414,7,0
2022-06-01 13:00:00,116.05,117.03,115.85,116.62,1479,7,0
2022-06-01 14:00:00,116.62,116.74,114.18,114.85,4165,7,0
2022-06-01 15:00:00,114.84,114.84,113.99,114.15,3826,7,0
2022-06-01 16:00:00,114.15,114.17,113.22,113.6,3535,7,0
2022-06-01 17:00:00,113.6,114.16,113.53,114.05,2673,7,0
2022-06-01 18:00:00,114.05,115.0,113.97,114.51,2751,7,0
2022-06-01 19:00:00,114.51,114.83,114.12,114.55,2189,7,0
2022-06-02 13:00:00,113.15,114.12,112.89,113.98,1324,7,0
2022-06-02 14:00:00,113.96,115.25,113.83,115.04,3977,7,0
2022-06-02 15:00:00,115.05,115.89,114.94,115.61,2904,7,0
2022-06-02 16:00:00,115.63,117.78,115.56,116.98,2834,7,0
2022-06-02 17:00:00,116.99,117.63,116.81,117.52,2556,7,0
2022-06-02 18:00:00,117.53,117.73,117.19,117.21,2315,7,0
2022-06-02 19:00:00,117.2,117.7,117.0,117.29,1941,7,0
2022-06-03 13:00:00,116.0,116.05,114.7,115.25,1487,7,0
2022-06-03 14:00:00,115.26,115.75,113.49,113.62,4158,7,0
2022-06-03 15:00:00,113.6,114.25,113.51,113.83,2937,7,0
2022-06-03 16:00:00,113.83,114.67,113.8,114.64,2264,7,0
2022-06-03 17:00:00,114.64,114.87,113.94,114.12,2216,7,0
2022-06-03 18:00:00,114.12,114.57,114.05,114.44,1917,7,0
2022-06-03 19:00:00,114.43,114.52,113.96,114.22,1844,7,0
2022-06-06 13:00:00,117.55,118.5,117.36,118.5,1605,7,0
2022-06-06 14:00:00,118.48,119.29,118.23,118.79,3525,7,0
2022-06-06 15:00:00,118.8,118.87,117.1,117.95,3200,7,0
2022-06-06 16:00:00,117.96,117.98,116.39,117.17,3243,7,0
2022-06-06 17:00:00,117.16,117.89,116.5,117.84,2701,7,0
2022-06-06 18:00:00,117.85,117.96,116.65,116.83,3081,7,0
2022-06-06 19:00:00,116.83,117.02,116.15,116.61,2228,7,0
2022-06-07 13:00:00,116.0,116.26,115.77,116.01,1497,7,0
2022-06-07 14:00:00,116.01,117.65,115.61,117.37,3611,7,0
2022-06-07 15:00:00,117.37,117.38,116.24,116.46,2660,7,0
2022-06-07 16:00:00,116.46,116.77,115.91,116.63,2433,7,0
2022-06-07 17:00:00,116.63,116.99,116.45,116.86,2087,7,0
2022-06-07 18:00:00,116.86,117.47,116.78,116.98,2000,7,0
2022-06-07 19:00:00,116.98,117.24,116.88,117.0,1396,7,0
2022-06-08 13:00:00,117.11,117.64,116.56,117.46,1316,7,0
2022-06-08 14:00:00,117.45,117.98,117.0,117.21,3367,7,0
2022-06-08 15:00:00,117.22,118.53,117.04,117.83,2656,7,0
2022-06-08 16:00:00,117.83,118.04,116.75,117.2,2184,7,0
2022-06-08 17:00:00,117.18,117.38,116.68,117.32,2017,7,0
2022-06-08 18:00:00,117.32,117.72,117.1,117.53,2181,7,0
2022-06-08 19:00:00,117.53,117.92,117.13,117.72,1769,7,0
2022-06-09 13:00:00,116.64,117.78,116.5,117.73,1376,7,0
2022-06-09 14:00:00,117.74,117.78,116.81,117.26,2886,7,0
2022-06-09 15:00:00,117.26,118.24,116.9,117.71,2541,7,0
2022-06-09 16:00:00,117.71,118.06,117.39,118.0,2058,7,0
2022-06-09 17:00:00,118.0,118.13,116.93,117.3,1887,7,0
2022-06-09 18:00:00,117.3,117.3,116.3,116.3,2050,7,0
2022-06-09 19:00:00,116.28,116.29,115.02,115.07,1933,7,0
2022-06-10 13:00:00,111.98,112.43,111.15,111.32,1660,7,0
2022-06-10 14:00:00,111.31,111.31,110.35,110.53,4202,7,0
2022-06-10 15:00:00,110.55,110.95,110.42,110.92,2769,7,0
2022-06-10 16:00:00,110.92,111.22,110.63,111.1,2135,7,0
2022-06-10 17:00:00,111.1,112.12,110.99,111.56,2426,7,0
2022-06-10 18:00:00,111.56,112.29,111.46,112.17,2389,7,0
2022-06-10 19:00:00,112.17,112.58,111.66,111.74,2262,7,0
2022-06-13 13:00:00,107.5,108.72,107.22,108.16,1784,7,0
2022-06-13 14:00:00,108.16,108.62,106.45,106.88,4307,7,0
2022-06-13 15:00:00,106.88,107.57,106.37,107.36,3420,7,0
2022-06-13 16:00:00,107.36,108.33,107.21,107.42,3388,7,0
2022-06-13 17:00:00,107.43,108.03,107.15,107.95,2525,7,0
2022-06-13 18:00:00,107.94,107.94,106.87,106.94,2582,7,0
2022-06-13 19:00:00,106.92,107.07,106.17,106.49,2917,7,0
2022-06-14 13:00:00,106.76,107.36,106.14,107.3,1566,7,0
2022-06-14 14:00:00,107.28,107.39,106.14,106.5,3644,7,0
2022-06-14 15:00:00,106.5,107.08,105.74,107.04,3192,7,0
2022-06-14 16:00:00,107.03,107.16,106.51,107.14,2491,7,0
2022-06-14 17:00:00,107.14,107.89,106.69,106.75,2609,7,0
2022-06-14 18:00:00,106.75,107.14,106.52,106.57,2366,7,0
2022-06-14 19:00:00,106.55,107.31,106.02,107.02,1982,7,0
2022-06-15 13:00:00,108.52,108.87,107.89,108.3,1405,7,0
2022-06-15 14:00:00,108.31,108.83,107.99,108.43,3016,7,0
2022-06-15 15:00:00,108.42,108.95,108.26,108.9,2403,7,0
2022-06-15 16:00:00,108.9,109.4,108.58,108.62,2089,7,0
2022-06-15 17:00:00,108.62,109.38,108.62,109.26,2023,7,0
2022-06-15 18:00:00,109.26,110.62,107.6,109.12,4995,7,0
2022-06-15 19:00:00,109.16,111.35,109.1,109.89,2462,13,0
2022-06-16 13:00:00,107.63,108.58,107.5,108.22,2408,7,0
2022-06-16 14:00:00,108.17,108.2,106.62,106.67,3557,7,0
2022-06-16 15:00:00,106.67,107.26,106.14,106.64,3248,7,0
2022-06-16 16:00:00,106.64,106.69,105.66,106.03,3113,7,0
2022-06-16 17:00:00,106.05,106.28,105.21,105.22,3077,7,0
2022-06-16 18:00:00,105.22,105.88,105.16,105.62,2648,7,0
2022-06-16 19:00:00,105.62,106.31,105.61,105.69,2632,7,0
2022-06-17 13:00:00,106.63,107.39,106.61,107.05,1585,7,0
2022-06-17 14:00:00,107.05,107.11,105.03,105.58,3924,7,0
2022-06-17 15:00:00,105.6,106.96,105.27,106.32,3089,7,0
2022-06-17 16:00:00,106.32,106.79,105.89,106.77,2212,7,0
2022-06-17 17:00:00,106.77,107.99,106.67,107.87,2138,7,0
2022-06-17 18:00:00,107.89,108.62,107.56,107.65,2074,7,0
2022-06-17 19:00:00,107.67,108.07,107.22,107.53,1781,7,0
2022-06-21 13:00:00,110.61,111.36,110.38,110.83,1377,7,0
2022-06-21 14:00:00,110.81,112.12,110.73,112.09,2674,7,0
2022-06-21 15:00:00,112.09,112.42,111.83,111.88,2137,7,0
2022-06-21 16:00:00,111.88,112.08,111.58,111.99,1340,7,0
2022-06-21 17:00:00,111.99,112.09,111.65,111.85,1264,7,0
2022-06-21 18:00:00,111.85,112.08,111.48,112.07,1340,7,0
2022-06-21 19:00:00,112.08,112.2,111.69,111.76,1194,7,0
2022-06-22 13:00:00,111.3,112.24,110.97,111.88,955,13,0
2022-06-22 14:00:00,111.88,113.24,111.71,112.57,2047,13,0
2022-06-22 15:00:00,112.57,112.79,111.75,111.81,1607,7,0
2022-06-22 16:00:00,111.81,112.7,111.75,112.68,1609,7,0
2022-06-22 17:00:00,112.69,113.04,112.34,112.64,1221,7,0
2022-06-22 18:00:00,112.64,113.25,112.64,112.88,1305,7,0
2022-06-22 19:00:00,112.88,112.97,111.49,111.76,1189,7,0
2022-06-23 13:00:00,111.32,111.94,110.9,111.88,1115,13,0
2022-06-23 14:00:00,111.88,112.64,111.38,112.5,2351,13,0
2022-06-23 15:00:00,112.5,112.5,111.77,111.79,1905,7,0
2022-06-23 16:00:00,111.79,111.86,110.89,111.07,2109,7,0
2022-06-23 17:00:00,111.06,111.07,110.45,110.89,1944,7,0
2022-06-23 18:00:00,110.87,111.5,110.72,111.29,1753,7,0
2022-06-23 19:00:00,111.29,112.05,111.14,111.92,1532,7,0
2022-06-24 13:00:00,114.46,115.41,114.35,115.27,978,13,0
2022-06-24 14:00:00,115.31,117.22,115.31,116.45,2645,13,0
2022-06-24 15:00:00,116.45,116.78,116.18,116.5,2141,7,0
2022-06-24 16:00:00,116.5,116.71,116.28,116.48,1439,7,0
2022-06-24 17:00:00,116.48,116.57,116.26,116.43,1428,7,0
2022-06-24 18:00:00,116.43,116.75,116.42,116.75,1454,7,0
2022-06-24 19:00:00,116.75,117.25,116.54,117.07,1435,7,0
2022-06-27 13:00:00,117.35,117.54,116.42,117.15,1519,7,0
2022-06-27 14:00:00,117.17,117.89,116.74,117.39,2233,7,0
2022-06-27 15:00:00,117.39,117.46,116.5,116.73,1744,7,0
2022-06-27 16:00:00,116.73,116.81,115.63,116.19,2130,7,0
2022-06-27 17:00:00,116.19,116.24,115.44,115.69,1489,7,0
2022-06-27 18:00:00,115.69,115.8,115.31,115.44,1494,7,0
2022-06-27 19:00:00,115.44,115.78,115.13,115.77,1284,7,0
2022-06-28 13:00:00,116.56,116.63,115.23,115.71,1153,13,0
2022-06-28 14:00:00,115.71,115.83,113.74,114.27,2147,7,0
2022-06-28 15:00:00,114.27,114.3,112.82,112.88,1645,13,0
2022-06-28 16:00:00,112.88,113.0,112.27,112.76,1589,13,0
2022-06-28 17:00:00,112.76,112.76,112.07,112.15,1464,7,0
2022-06-28 18:00:00,112.16,112.82,112.05,112.59,1754,7,0
2022-06-28 19:00:00,112.59,112.71,112.09,112.23,1636,7,0
2022-06-29 13:00:00,111.54,112.71,111.1,112.54,1243,13,0
2022-06-29 14:00:00,112.53,113.08,111.71,111.94,2515,7,0
2022-06-29 15:00:00,111.94,112.26,111.51,111.96,1814,7,0
2022-06-29 16:00:00,111.96,111.98,110.94,111.2,1703,7,0
2022-06-29 17:00:00,111.2,111.4,110.87,111.2,1580,7,0
2022-06-29 18:00:00,111.2,111.55,110.86,111.03,1567,7,0
2022-06-29 19:00:00,111.02,111.72,110.9,111.38,1367,7,0
2022-06-30 13:00:00,108.83,109.01,107.62,107.64,1138,13,0
2022-06-30 14:00:00,107.64,108.74,106.69,108.62,2760,13,0
2022-06-30 15:00:00,108.62,109.98,108.11,109.96,2513,7,0
2022-06-30 16:00:00,109.96,110.82,109.13,110.29,1910,7,0
2022-06-30 17:00:00,110.29,110.46,109.56,110.05,1640,7,0
2022-06-30 18:00:00,110.04,110.1,109.03,109.2,1739,7,0
2022-06-30 19:00:00,109.19,109.48,108.29,108.83,1755,7,0
2022-07-01 13:00:00,107.42,109.07,107.42,108.49,1129,13,0
2022-07-01 14:00:00,108.53,109.13,106.67,106.95,3025,7,0
2022-07-01 15:00:00,106.94,107.75,106.72,107.4,2053,7,0
2022-07-01 16:00:00,107.4,107.64,106.85,106.85,1570,7,0
2022-07-01 17:00:00,106.84,107.53,106.82,107.49,1728,7,0
2022-07-01 18:00:00,107.49,108.08,107.33,107.9,1949,7,0
2022-07-01 19:00:00,107.9,108.77,107.6,108.6,1660,7,0
2022-07-05 13:00:00,106.18,107.09,106.07,106.83,1873,7,0
2022-07-05 14:00:00,106.84,109.62,106.36,108.62,4395,7,0
2022-07-05 15:00:00,108.62,110.01,107.93,109.75,3448,7,0
2022-07-05 16:00:00,109.75,110.89,109.46,110.37,2912,7,0
2022-07-05 17:00:00,110.37,112.04,110.35,111.83,2685,7,0
2022-07-05 18:00:00,111.84,113.13,111.75,112.83,3235,7,0
2022-07-05 19:00:00,112.83,113.26,112.44,113.23,2306,7,0
2022-07-06 13:00:00,112.02,113.29,111.41,113.25,1791,7,0
2022-07-06 14:00:00,113.23,113.8,112.49,113.65,3927,7,0
2022-07-06 15:00:00,113.65,113.72,112.82,112.99,2603,7,0
2022-07-06 16:00:00,112.99,113.67,112.88,113.52,2136,7,0
2022-07-06 17:00:00,113.52,113.89,113.52,113.83,1977,7,0
2022-07-06 18:00:00,113.83,114.84,113.25,114.78,3800,7,0
2022-07-06 19:00:00,114.78,115.56,114.49,115.05,2287,7,0
2022-07-07 13:00:00,115.98,116.37,115.85,116.03,1118,7,0
2022-07-07 14:00:00,116.05,117.1,115.65,116.82,2618,7,0
2022-07-07 15:00:00,116.82,117.48,116.62,117.47,2414,7,0
2022-07-07 16:00:00,117.49,117.84,117.03,117.82,2072,7,0
2022-07-07 17:00:00,117.82,118.52,117.59,118.5,2021,7,0
2022-07-07 18:00:00,118.5,118.96,118.47,118.75,1728,7,0
2022-07-07 19:00:00,118.77,119.15,118.57,118.62,1514,7,0
2022-07-08 13:00:00,118.09,118.32,117.06,117.53,1406,7,0
2022-07-08 14:00:00,117.55,118.74,117.39,118.31,2749,7,0
2022-07-08 15:00:00,118.32,119.66,118.27,119.44,2607,7,0
2022-07-08 16:00:00,119.44,119.53,117.74,118.19,2502,7,0
2022-07-08 17:00:00,118.19,119.25,118.17,119.06,2005,7,0
2022-07-08 18:00:00,119.06,119.44,118.93,119.23,1916,7,0
2022-07-08 19:00:00,119.23,119.28,118.35,119.24,1875,7,0
2022-07-11 13:00:00,115.84,116.2,115.38,116.12,1530,7,0
2022-07-11 14:00:00,116.11,117.14,115.65,116.59,3564,7,0
2022-07-11 15:00:00,116.57,117.04,116.49,116.69,2509,7,0
2022-07-11 16:00:00,116.66,116.72,116.11,116.28,2137,7,0
2022-07-11 17:00:00,116.28,116.53,116.13,116.19,1898,7,0
2022-07-11 18:00:00,116.19,116.24,115.8,115.9,1796,7,0
2022-07-11 19:00:00,115.9,115.95,115.58,115.71,1603,7,0
2022-07-12 13:00:00,116.75,116.84,115.11,115.12,1438,7,0
2022-07-12 14:00:00,115.1,115.73,114.67,115.55,3138,7,0
2022-07-12 15:00:00,115.58,116.04,115.07,115.39,2377,7,0
2022-07-12 16:00:00,115.39,115.91,115.21,115.81,1908,7,0
2022-07-12 17:00:00,115.81,116.02,115.39,115.75,1821,7,0
2022-07-12 18:00:00,115.75,115.78,114.81,114.86,1952,7,0
2022-07-12 19:00:00,114.86,114.86,113.68,113.89,2105,7,0
2022-07-13 13:00:00,111.85,112.39,111.13,112.3,1631,7,0
2022-07-13 14:00:00,112.28,114.11,111.89,113.43,4818,7,0
2022-07-13 15:00:00,113.44,113.73,112.34,112.67,3282,7,0
2022-07-13 16:00:00,112.67,112.7,111.93,112.58,3063,7,0
2022-07-13 17:00:00,112.58,113.03,111.93,112.21,2994,7,0
2022-07-13 18:00:00,112.21,112.27,111.16,112.26,3463,7,0
2022-07-13 19:00:00,112.26,112.28,111.29,111.37,2635,7,0
2022-07-14 13:00:00,109.19,109.81,108.88,109.13,1752,7,0
2022-07-14 14:00:00,109.12,110.05,108.35,109.82,3906,7,0
2022-07-14 15:00:00,109.82,110.7,109.61,110.34,3324,7,0
2022-07-14 16:00:00,110.37,110.5,109.33,109.69,2328,7,0
2022-07-14 17:00:00,109.69,110.5,109.25,110.12,2561,7,0
2022-07-14 18:00:00,110.12,111.06,109.99,110.62,2610,7,0
2022-07-14 19:00:00,110.62,111.02,110.3,110.49,2292,7,0
2022-07-15 13:00:00,112.36,112.41,110.89,111.29,1547,7,0
2022-07-15 14:00:00,111.34,112.51,111.31,112.08,3756,7,0
2022-07-15 15:00:00,112.08,112.55,111.77,111.86,2722,7,0
2022-07-15 16:00:00,111.86,111.97,111.26,111.37,2445,7,0
2022-07-15 17:00:00,111.37,111.87,111.37,111.73,1910,7,0
2022-07-15 18:00:00,111.73,111.76,111.15,111.37,1934,7,0
2022-07-15 19:00:00,111.37,111.52,111.24,111.42,1411,7,0
2022-07-18 13:00:00,111.65,113.61,111.09,113.11,2898,7,0
2022-07-18 14:00:00,113.14,113.56,110.94,111.56,5118,7,0
2022-07-18 15:00:00,111.57,112.06,111.14,111.87,4093,7,0
2022-07-18 16:00:00,111.88,112.14,111.38,111.48,3619,7,0
2022-07-18 17:00:00,111.48,111.52,108.65,109.08,5118,7,0
2022-07-18 18:00:00,109.06,109.79,108.69,108.74,4868,7,0
2022-07-18 19:00:00,108.72,109.35,108.54,108.64,4564,7,0
2022-07-19 13:00:00,109.96,111.34,109.68,111.28,2200,7,0
2022-07-19 14:00:00,111.29,112.29,110.81,112.13,8113,7,0
2022-07-19 15:00:00,112.15,112.61,111.85,112.46,2974,7,0
2022-07-19 16:00:00,112.47,112.94,112.14,112.83,2000,7,0
2022-07-19 17:00:00,112.83,112.83,111.99,112.58,2088,7,0
2022-07-19 18:00:00,112.59,112.96,112.52,112.95,2189,7,0
2022-07-19 19:00:00,112.95,113.65,112.83,113.63,1591,7,0
2022-07-20 13:00:00,113.68,114.07,112.9,113.07,1375,7,0
2022-07-20 14:00:00,113.08,114.4,112.51,114.39,3107,7,0
2022-07-20 15:00:00,114.37,115.36,113.93,115.06,2694,7,0
2022-07-20 16:00:00,115.06,115.32,113.77,114.64,3073,7,0
2022-07-20 17:00:00,114.63,114.71,113.17,113.31,3281,7,0
2022-07-20 18:00:00,113.31,114.18,113.29,113.84,2946,7,0
2022-07-20 19:00:00,113.83,114.26,113.7,113.99,1672,7,0
2022-07-21 13:00:00,112.85,113.36,112.15,112.99,1981,7,0
2022-07-21 14:00:00,113.01,113.52,111.09,112.22,4535,7,0
2022-07-21 15:00:00,112.22,113.13,112.06,112.96,2773,7,0
2022-07-21 16:00:00,112.94,114.14,112.92,114.1,2436,7,0
2022-07-21 17:00:00,114.11,114.21,113.29,113.51,2904,7,0
2022-07-21 18:00:00,113.52,114.4,113.43,114.17,1878,7,0
2022-07-21 19:00:00,114.17,114.5,113.81,114.13,1722,7,0
2022-07-22 13:00:00,112.13,112.28,111.32,111.43,1916,7,0
2022-07-22 14:00:00,111.45,111.45,110.35,110.51,3618,7,0
2022-07-22 15:00:00,110.51,110.58,108.06,108.22,3216,7,0
2022-07-22 16:00:00,108.22,108.29,107.37,107.37,2371,7,0
2022-07-22 17:00:00,107.38,107.41,106.85,107.28,1726,7,0
2022-07-22 18:00:00,107.29,107.81,106.92,107.74,1871,7,0
2022-07-22 19:00:00,107.74,108.31,107.47,107.51,1454,7,0
2022-07-25 13:00:00,108.56,109.46,108.43,109.07,2846,7,0
2022-07-25 14:00:00,109.06,109.31,107.64,107.89,4955,7,0
2022-07-25 15:00:00,107.89,108.01,106.84,106.99,4433,7,0
2022-07-25 16:00:00,106.99,107.93,106.8,107.8,2226,7,0
2022-07-25 17:00:00,107.8,107.87,106.72,106.77,2600,7,0
2022-07-25 18:00:00,106.77,107.07,106.53,106.6,1593,7,0
2022-07-25 19:00:00,106.61,106.77,106.27,106.72,1511,7,0
2022-07-26 13:00:00,105.8,106.6,105.63,106.49,1928,7,0
2022-07-26 14:00:00,106.47,107.15,105.84,105.89,3627,7,0
2022-07-26 15:00:00,105.9,106.06,105.18,105.19,1963,7,0
2022-07-26 16:00:00,105.19,105.27,104.76,105.06,1741,7,0
2022-07-26 17:00:00,105.06,105.18,104.6,104.62,1253,7,0
2022-07-26 18:00:00,104.62,105.06,104.04,104.98,1569,7,0
2022-07-26 19:00:00,104.98,105.18,104.68,104.77,1257,7,0
2022-07-27 13:00:00,110.02,111.04,109.85,110.18,2575,7,0
2022-07-27 14:00:00,110.19,111.19,109.71,110.78,3619,7,0
2022-07-27 15:00:00,110.79,112.62,110.77,112.34,2548,7,0
2022-07-27 16:00:00,112.34,113.13,111.74,111.9,2384,7,0
2022-07-27 17:00:00,111.92,112.17,111.54,111.69,1711,7,0
2022-07-27 18:00:00,111.7,113.86,111.53,113.02,7044,7,0
2022-07-27 19:00:00,113.03,113.78,112.81,113.51,2757,7,0
2022-07-28 13:00:00,113.04,113.45,111.67,112.2,1561,7,0
2022-07-28 14:00:00,112.21,112.58,111.44,112.55,3711,7,0
2022-07-28 15:00:00,112.55,113.81,112.53,113.27,2659,7,0
2022-07-28 16:00:00,113.27,113.47,112.8,112.81,1747,7,0
2022-07-28 17:00:00,112.81,113.83,112.61,113.68,1383,7,0
2022-07-28 18:00:00,113.68,113.99,113.24,113.97,1311,7,0
2022-07-28 19:00:00,113.98,114.26,113.82,114.09,1171,7,0
2022-07-29 13:00:00,113.89,115.04,113.84,114.49,1312,7,0
2022-07-29 14:00:00,114.5,115.21,114.26,114.26,2617,7,0
2022-07-29 15:00:00,114.27,114.7,113.65,114.57,2154,7,0
2022-07-29 16:00:00,114.57,115.05,114.33,115.0,1606,7,0
2022-07-29 17:00:00,114.99,115.77,114.92,115.49,1385,7,0
2022-07-29 18:00:00,115.51,116.15,115.33,116.15,1396,7,0
2022-07-29 19:00:00,116.15,116.66,116.11,116.48,973,7,0
2022-08-01 13:00:00,114.6,116.58,114.57,116.12,1780,7,0
2022-08-01 14:00:00,116.1,116.61,115.22,116.51,4268,7,0
2022-08-01 15:00:00,116.52,116.68,115.79,116.09,2677,7,0
2022-08-01 16:00:00,116.1,116.18,114.94,115.16,2296,7,0
2022-08-01 17:00:00,115.16,115.25,114.3,114.7,2457,7,0
2022-08-01 18:00:00,114.68,115.42,114.47,115.33,2361,7,0
2022-08-01 19:00:00,115.34,115.42,114.92,115.07,1703,7,0
2022-08-02 13:00:00,114.77,115.08,114.07,114.38,1272,12,0
2022-08-02 14:00:00,114.35,115.28,113.67,115.08,3421,7,0
2022-08-02 15:00:00,115.08,115.29,114.36,115.17,2224,7,0
2022-08-02 16:00:00,115.17,116.31,115.06,116.2,1731,7,0
2022-08-02 17:00:00,116.2,116.28,114.63,114.88,2655,7,0
2022-08-02 18:00:00,114.88,115.47,114.7,115.19,2243,7,0
2022-08-02 19:00:00,115.18,115.57,114.97,115.32,1891,7,0
2022-08-03 13:00:00,116.34,117.6,116.28,117.43,1435,7,0
2022-08-03 14:00:00,117.41,118.53,116.78,117.59,3864,7,0
2022-08-03 15:00:00,117.59,118.5,117.42,118.37,2262,7,0
2022-08-03 16:00:00,118.36,118.58,117.6,118.23,1810,7,0
2022-08-03 17:00:00,118.24,118.54,118.07,118.18,1590,7,0
2022-08-03 18:00:00,118.18,118.26,117.93,118.1,1527,7,0
2022-08-03 19:00:00,118.09,118.38,117.86,118.31,1155,7,0
2022-08-04 13:00:00,117.96,118.34,117.44,118.25,1980,7,0
2022-08-04 14:00:00,118.26,118.74,116.86,117.64,5008,7,0
2022-08-04 15:00:00,117.63,117.94,117.08,117.8,2607,7,0
2022-08-04 16:00:00,117.8,118.24,117.4,117.4,1963,7,0
2022-08-04 17:00:00,117.39,118.03,117.33,117.85,1511,7,0
2022-08-04 18:00:00,117.85,118.05,117.58,117.9,1675,7,0
2022-08-04 19:00:00,117.9,118.37,117.81,118.0,1430,7,0
2022-08-05 13:00:00,117.17,117.4,116.36,116.92,1749,7,0
2022-08-05 14:00:00,116.93,118.07,116.66,117.39,3575,7,0
2022-08-05 15:00:00,117.38,117.38,116.11,116.71,2590,7,0
2022-08-05 16:00:00,116.73,117.37,116.66,117.31,2009,7,0
2022-08-05 17:00:00,117.31,118.0,117.28,117.45,1914,7,0
2022-08-05 18:00:00,117.44,117.44,116.73,116.91,1787,7,0
2022-08-05 19:00:00,116.9,117.27,116.77,117.26,1402,7,0
2022-08-08 13:00:00,119.02,119.92,118.73,119.85,885,7,0
2022-08-08 14:00:00,119.85,120.08,118.42,118.6,2285,7,0
2022-08-08 15:00:00,118.61,119.1,117.76,118.25,2278,7,0
2022-08-08 16:00:00,118.24,118.35,117.1,117.42,2173,7,0
2022-08-08 17:00:00,117.42,117.77,117.18,117.57,1672,7,0
2022-08-08 18:00:00,117.57,117.59,116.86,117.26,2082,7,0
2022-08-08 19:00:00,117.26,117.48,117.08,117.34,1387,7,0
2022-08-09 13:00:00,116.3,117.01,116.05,116.16,1194,7,0
2022-08-09 14:00:00,116.14,116.91,115.79,116.35,2765,7,0
2022-08-09 15:00:00,116.35,117.14,116.02,116.75,2179,7,0
2022-08-09 16:00:00,116.75,116.83,116.07,116.24,1860,7,0
2022-08-09 17:00:00,116.24,116.81,116.09,116.71,1653,7,0
2022-08-09 18:00:00,116.72,117.03,116.37,116.89,1671,7,0
2022-08-09 19:00:00,116.88,117.28,116.81,116.88,1287,7,0
2022-08-10 13:00:00,118.7,119.55,118.37,119.32,1018,12,0
2022-08-10 14:00:00,119.32,119.95,118.51,119.9,2199,7,0
2022-08-10 15:00:00,119.92,120.86,119.89,120.85,1779,7,0
2022-08-10 16:00:00,120.85,120.88,119.4,119.61,1505,7,0
2022-08-10 17:00:00,119.62,120.02,119.36,119.92,1206,7,0
2022-08-10 18:00:00,119.92,120.04,119.36,119.36,1287,7,0
2022-08-10 19:00:00,119.35,119.69,119.31,119.63,1086,7,0
2022-08-11 13:00:00,121.14,121.42,120.69,120.89,803,12,0
2022-08-11 14:00:00,120.9,121.42,119.56,120.19,1575,12,0
2022-08-11 15:00:00,120.19,120.34,118.65,118.98,1570,12,0
2022-08-11 16:00:00,118.98,119.72,118.94,119.61,1486,7,0
2022-08-11 17:00:00,119.61,119.9,119.27,119.32,1414,7,0
2022-08-11 18:00:00,119.32,119.32,118.53,118.78,1664,7,0
2022-08-11 19:00:00,118.77,119.08,118.63,118.89,1432,7,0
2022-08-12 13:00:00,119.99,120.49,119.48,120.14,845,12,0
2022-08-12 14:00:00,120.11,120.45,119.41,119.77,2100,12,0
2022-08-12 15:00:00,119.77,120.19,119.65,119.87,1480,7,0
2022-08-12 16:00:00,119.87,120.33,119.85,120.18,987,7,0
2022-08-12 17:00:00,120.18,120.6,120.07,120.54,860,7,0
2022-08-12 18:00:00,120.54,121.04,120.43,120.96,871,7,0
2022-08-12 19:00:00,120.96,121.62,120.89,121.49,882,7,0
2022-08-15 13:00:00,121.68,122.01,120.84,121.65,1645,7,0
2022-08-15 14:00:00,121.63,121.64,120.58,120.75,3036,7,0
2022-08-15 15:00:00,120.75,122.14,120.65,122.02,1886,7,0
2022-08-15 16:00:00,122.03,122.25,121.9,122.19,1490,7,0
2022-08-15 17:00:00,122.2,122.2,121.84,122.08,1336,7,0
2022-08-15 18:00:00,122.08,122.13,121.73,121.89,1182,7,0
2022-08-15 19:00:00,121.9,122.23,121.83,122.09,954,7,0
2022-08-16 13:00:00,121.62,122.1,121.43,121.72,1591,7,0
2022-08-16 14:00:00,121.7,121.72,120.66,120.7,2662,7,0
2022-08-16 15:00:00,120.7,122.04,120.6,121.92,1726,7,0
2022-08-16 16:00:00,121.93,122.06,121.65,121.75,1370,7,0
2022-08-16 17:00:00,121.75,122.14,121.59,122.09,994,7,0
2022-08-16 18:00:00,122.09,122.4,121.03,121.42,1849,7,0
2022-08-16 19:00:00,121.41,121.77,121.12,121.63,1474,7,0
2022-08-17 13:00:00,120.46,121.04,120.15,120.91,1585,7,0
2022-08-17 14:00:00,120.91,121.21,119.42,119.65,3166,7,0
2022-08-17 15:00:00,119.65,120.05,119.35,119.63,2297,7,0
2022-08-17 16:00:00,119.62,120.2,119.62,119.8,1480,7,0
2022-08-17 17:00:00,119.81,120.09,119.68,119.79,1224,7,0
2022-08-17 18:00:00,119.79,120.96,119.7,120.32,2784,7,0
2022-08-17 19:00:00,120.33,120.62,119.76,119.84,1622,7,0
2022-08-18 13:00:00,119.47,119.95,119.08,119.2,2202,7,0
2022-08-18 14:00:00,119.19,120.22,118.69,119.68,3411,7,0
2022-08-18 15:00:00,119.69,120.75,119.49,120.59,2536,7,0
2022-08-18 16:00:00,120.6,120.72,119.69,119.99,1853,7,0
2022-08-18 17:00:00,119.98,120.4,119.88,120.27,1685,7,0
2022-08-18 18:00:00,120.26,120.58,120.1,120.52,1552,7,0
2022-08-18 19:00:00,120.52,120.79,120.43,120.54,1252,7,0
2022-08-19 13:00:00,118.55,118.55,117.66,118.01,1121,7,0
2022-08-19 14:00:00,118.0,118.27,117.7,117.76,2281,7,0
2022-08-19 15:00:00,117.76,117.92,117.34,117.54,1472,7,0
2022-08-19 16:00:00,117.53,117.77,117.36,117.55,1168,7,0
2022-08-19 17:00:00,117.55,117.67,116.78,117.37,1119,7,0
2022-08-19 18:00:00,117.37,117.42,116.92,116.98,1067,7,0
2022-08-19 19:00:00,116.99,117.47,116.74,117.25,932,7,0
2022-08-22 13:00:00,115.09,115.52,114.75,115.03,1639,7,0
2022-08-22 14:00:00,115.02,115.02,114.08,114.16,2760,7,0
2022-08-22 15:00:00,114.17,114.78,114.14,114.69,1646,7,0
2022-08-22 16:00:00,114.69,115.09,114.58,114.9,1327,7,0
2022-08-22 17:00:00,114.9,114.92,114.15,114.23,1212,7,0
2022-08-22 18:00:00,114.24,114.34,113.85,114.02,1190,7,0
2022-08-22 19:00:00,114.03,114.32,113.84,113.84,823,7,0
2022-08-23 13:00:00,114.23,114.96,113.88,114.34,1910,7,0
2022-08-23 14:00:00,114.35,114.96,113.67,113.69,3931,7,0
2022-08-23 15:00:00,113.69,114.24,113.42,114.1,1677,7,0
2022-08-23 16:00:00,114.1,114.16,113.64,114.11,1389,7,0
2022-08-23 17:00:00,114.11,114.45,113.85,114.0,1284,7,0
2022-08-23 18:00:00,114.0,114.43,113.9,114.12,1253,7,0
2022-08-23 19:00:00,114.11,114.28,113.84,113.98,1050,7,0
2022-08-24 13:00:00,113.3,113.82,112.84,113.65,1822,7,0
2022-08-24 14:00:00,113.65,114.31,113.47,114.2,3218,7,0
2022-08-24 15:00:00,114.2,114.67,114.01,114.57,1852,7,0
2022-08-24 16:00:00,114.56,114.74,114.02,114.16,1398,7,0
2022-08-24 17:00:00,114.16,114.23,113.61,113.89,1233,7,0
2022-08-24 18:00:00,113.89,114.02,113.64,113.91,1080,7,0
2022-08-24 19:00:00,113.9,114.31,113.84,114.27,810,7,0
2022-08-25 13:00:00,114.71,115.34,114.46,115.19,1668,7,0
2022-08-25 14:00:00,115.21,115.96,115.18,115.56,2488,7,0
2022-08-25 15:00:00,115.56,115.62,114.91,115.09,1977,7,0
2022-08-25 16:00:00,115.09,115.19,114.8,115.05,1719,7,0
2022-08-25 17:00:00,115.06,116.1,114.99,116.08,1490,7,0
2022-08-25 18:00:00,116.09,116.15,115.55,115.73,1292,7,0
2022-08-25 19:00:00,115.73,116.53,115.55,116.48,1164,7,0
2022-08-26 13:00:00,114.77,115.06,114.38,114.78,1552,7,0
2022-08-26 14:00:00,114.76,115.01,111.76,112.05,4510,7,0
2022-08-26 15:00:00,112.03,112.13,110.98,111.3,3030,7,0
2022-08-26 16:00:00,111.29,111.58,110.79,111.5,1910,7,0
2022-08-26 17:00:00,111.48,111.84,111.05,111.34,1570,7,0
2022-08-26 18:00:00,111.33,111.38,110.78,110.91,1408,7,0
2022-08-26 19:00:00,110.91,111.18,110.44,110.45,1102,7,0
2022-08-29 13:00:00,110.41,110.92,109.9,109.9,2440,7,0
2022-08-29 14:00:00,109.88,110.39,109.04,109.05,4439,7,0
2022-08-29 15:00:00,109.03,109.56,108.78,109.53,2754,7,0
2022-08-29 16:00:00,109.53,110.2,109.33,110.0,2192,7,0
2022-08-29 17:00:00,110.0,110.32,109.65,110.0,1751,7,0
2022-08-29 18:00:00,110.0,110.15,109.64,110.06,1811,7,0
2022-08-29 19:00:00,110.07,110.46,109.91,110.15,1539,7,0
2022-08-30 13:00:00,109.95,110.0,109.21,109.37,2264,7,0
2022-08-30 14:00:00,109.38,109.6,107.77,108.68,4502,7,0
2022-08-30 15:00:00,108.65,109.0,108.31,108.7,4009,7,0
2022-08-30 16:00:00,108.7,109.2,108.23,108.5,2301,7,0
2022-08-30 17:00:00,108.48,108.56,107.88,108.33,1989,7,0
2022-08-30 18:00:00,108.32,108.56,108.15,108.41,2246,7,0
2022-08-30 19:00:00,108.41,109.13,108.36,108.88,1853,7,0
2022-08-31 13:00:00,109.81,110.61,109.7,110.08,2694,7,0
2022-08-31 14:00:00,110.06,110.24,109.2,109.34,5812,7,0
2022-08-31 15:00:00,109.34,109.89,108.84,109.76,3004,7,0
2022-08-31 16:00:00,109.76,109.87,109.22,109.38,2226,7,0
2022-08-31 17:00:00,109.37,109.55,108.9,109.15,1743,7,0
2022-08-31 18:00:00,109.14,109.45,108.72,108.88,1981,7,0
2022-08-31 19:00:00,108.88,109.41,108.75,109.29,1791,7,0
2022-09-01 13:00:00,110.19,110.41,108.88,109.19,2346,7,0
2022-09-01 14:00:00,109.17,109.37,107.77,107.78,4228,7,0
2022-09-01 15:00:00,107.77,108.19,107.33,107.56,2836,7,0
2022-09-01 16:00:00,107.56,107.98,107.48,107.7,2131,7,0
2022-09-01 17:00:00,107.71,108.57,107.65,108.03,2124,7,0
2022-09-01 18:00:00,108.03,109.16,107.91,108.8,2909,7,0
2022-09-01 19:00:00,108.78,109.36,108.72,109.06,2003,7,0
2022-09-02 13:00:00,109.94,110.04,109.29,109.31,1753,7,0
2022-09-02 14:00:00,109.33,110.66,109.03,110.23,3729,7,0
2022-09-02 15:00:00,110.24,110.7,110.16,110.54,2511,7,0
2022-09-02 16:00:00,110.56,110.61,108.67,109.07,3598,7,0
2022-09-02 17:00:00,109.08,109.08,107.55,107.56,3810,7,0
2022-09-02 18:00:00,107.55,108.2,107.46,107.76,3012,7,0
2022-09-02 19:00:00,107.74,108.21,107.23,107.23,2021,7,0
2022-09-06 13:00:00,107.41,107.58,106.56,106.76,1844,7,0
2022-09-06 14:00:00,106.71,107.54,105.76,107.4,5210,7,0
2022-09-06 15:00:00,107.38,107.7,106.91,107.44,4318,7,0
2022-09-06 16:00:00,107.42,107.65,106.66,106.97,2826,7,0
2022-09-06 17:00:00,106.97,106.98,105.98,106.36,2632,7,0
2022-09-06 18:00:00,106.36,107.0,106.29,106.69,2696,7,0
2022-09-06 19:00:00,106.7,107.1,106.45,106.94,2197,7,0
2022-09-07 13:00:00,107.86,108.12,107.4,107.8,1813,7,0
2022-09-07 14:00:00,107.79,107.93,106.95,107.7,4220,7,0
2022-09-07 15:00:00,107.71,108.74,107.6,108.4,2147,7,0
2022-09-07 16:00:00,108.41,108.73,107.94,108.58,1889,7,0
2022-09-07 17:00:00,108.58,109.06,108.46,109.06,1619,7,0
2022-09-07 18:00:00,109.06,109.86,109.02,109.71,1775,7,0
2022-09-07 19:00:00,109.72,109.95,109.53,109.7,1218,7,0
2022-09-08 13:00:00,108.39,109.1,107.99,108.93,2711,7,0
2022-09-08 14:00:00,108.91,109.4,108.15,109.32,3042,7,0
2022-09-08 15:00:00,109.33,109.56,108.61,108.73,2122,7,0
2022-09-08 16:00:00,108.73,108.78,107.14,107.91,3380,7,0
2022-09-08 17:00:00,107.92,108.39,107.55,107.93,2463,7,0
2022-09-08 18:00:00,107.93,108.27,107.68,108.04,2469,7,0
2022-09-08 19:00:00,108.04,108.32,107.77,107.79,1594,7,0
2022-09-09 13:00:00,109.61,109.79,109.08,109.78,1037,7,0
2022-09-09 14:00:00,109.79,110.52,109.71,110.39,2499,7,0
2022-09-09 15:00:00,110.39,110.59,110.05,110.35,1862,7,0
2022-09-09 16:00:00,110.35,110.67,110.04,110.65,1724,7,0
2022-09-09 17:00:00,110.67,110.86,110.51,110.77,938,7,0
2022-09-09 18:00:00,110.77,110.95,110.18,110.38,1270,7,0
2022-09-09 19:00:00,110.39,110.87,110.33,110.84,987,7,0
2022-09-12 13:00:00,110.98,111.29,110.65,111.21,1032,7,0
2022-09-12 14:00:00,111.23,111.58,110.55,110.62,2497,7,0
2022-09-12 15:00:00,110.63,110.88,110.05,110.17,2196,7,0
2022-09-12 16:00:00,110.17,110.52,109.9,110.48,2006,7,0
2022-09-12 17:00:00,110.48,110.81,110.16,110.73,1350,7,0
2022-09-12 18:00:00,110.72,110.73,110.11,110.4,1751,7,0
2022-09-12 19:00:00,110.41,110.59,110.27,110.59,1150,7,0
2022-09-13 13:00:00,107.01,107.09,106.26,106.32,2410,7,0
2022-09-13 14:00:00,106.31,106.39,105.24,105.46,3849,7,0
2022-09-13 15:00:00,105.45,105.54,105.07,105.29,2260,7,0
2022-09-13 16:00:00,105.27,106.03,105.15,105.94,1868,7,0
2022-09-13 17:00:00,105.93,106.36,105.77,105.96,1811,7,0
2022-09-13 18:00:00,105.96,106.02,105.23,105.28,1590,7,0
2022-09-13 19:00:00,105.28,105.34,104.3,104.41,1489,7,0
2022-09-14 13:00:00,104.11,105.14,103.95,104.56,2125,7,0
2022-09-14 14:00:00,104.58,104.58,103.64,104.47,4730,7,0
2022-09-14 15:00:00,104.45,104.81,104.13,104.52,2936,7,0
2022-09-14 16:00:00,104.53,105.14,104.4,105.02,2101,7,0
2022-09-14 17:00:00,105.03,105.23,104.27,104.42,2029,7,0
2022-09-14 18:00:00,104.41,104.72,104.1,104.38,2390,7,0
2022-09-14 19:00:00,104.37,104.62,103.95,104.52,2037,7,0
2022-09-15 13:00:00,104.45,105.22,104.42,104.87,1956,7,0
2022-09-15 14:00:00,104.88,105.21,102.89,102.93,3796,7,0
2022-09-15 15:00:00,102.93,103.38,102.73,102.99,2595,7,0
2022-09-15 16:00:00,102.98,103.49,102.77,103.47,2119,7,0
2022-09-15 17:00:00,103.47,104.25,103.44,103.7,2149,7,0
2022-09-15 18:00:00,103.71,103.72,102.86,103.01,2266,7,0
2022-09-15 19:00:00,103.01,103.06,102.32,102.84,1663,7,0
2022-09-16 13:00:00,101.83,101.86,101.17,101.43,2166,7,0
2022-09-16 14:00:00,101.44,103.02,101.44,101.85,4852,7,0
2022-09-16 15:00:00,101.87,102.19,101.62,102.13,3000,7,0
2022-09-16 16:00:00,102.12,102.19,101.6,102.17,1983,7,0
2022-09-16 17:00:00,102.17,102.24,101.68,101.77,1774,7,0
2022-09-16 18:00:00,101.77,102.69,101.73,102.5,2141,7,0
2022-09-16 19:00:00,102.5,103.09,102.43,102.97,2107,7,0
2022-09-19 13:00:00,102.19,102.51,102.03,102.09,1584,7,0
2022-09-19 14:00:00,102.1,102.43,101.64,102.1,3073,7,0
2022-09-19 15:00:00,102.12,102.3,101.54,101.68,2214,7,0
2022-09-19 16:00:00,101.67,102.55,101.56,102.48,2144,7,0
2022-09-19 17:00:00,102.48,102.52,102.09,102.17,1585,7,0
2022-09-19 18:00:00,102.17,102.51,102.07,102.49,1802,7,0
2022-09-19 19:00:00,102.49,103.29,102.48,103.14,1514,7,0
2022-09-20 13:00:00,101.92,102.02,101.64,101.74,1277,7,0
2022-09-20 14:00:00,101.73,102.17,101.39,101.77,2786,7,0
2022-09-20 15:00:00,101.76,102.12,101.59,101.97,1813,7,0
2022-09-20 16:00:00,101.98,102.15,101.24,101.36,1582,7,0
2022-09-20 17:00:00,101.36,101.41,100.49,100.62,1562,7,0
2022-09-20 18:00:00,100.61,101.49,100.6,101.34,1867,7,0
2022-09-20 19:00:00,101.34,101.58,101.11,101.45,1632,7,0
2022-09-21 13:00:00,101.42,101.47,101.21,101.34,1057,7,0
2022-09-21 14:00:00,101.34,101.46,100.79,100.93,2326,7,0
2022-09-21 15:00:00,100.92,101.42,100.81,101.4,1374,7,0
2022-09-21 16:00:00,101.4,101.63,101.29,101.35,978,7,0
2022-09-21 17:00:00,101.36,101.94,101.33,101.87,1120,7,0
2022-09-21 18:00:00,101.89,102.76,99.48,102.27,10324,7,0
2022-09-21 19:00:00,102.29,102.5,99.56,99.56,5465,7,0
2022-09-22 13:00:00,99.39,100.17,99.19,100.0,1775,7,0
2022-09-22 14:00:00,99.98,100.44,99.72,99.91,4008,7,0
2022-09-22 15:00:00,99.92,100.5,99.49,100.25,2120,7,0
2022-09-22 16:00:00,100.26,100.45,99.9,100.2,2165,7,0
2022-09-22 17:00:00,100.2,100.34,99.84,100.26,1729,7,0
2022-09-22 18:00:00,100.25,100.32,99.61,100.17,1771,7,0
2022-09-22 19:00:00,100.18,101.0,100.17,100.75,2147,7,0
2022-09-23 13:00:00,99.16,99.27,98.24,98.28,2130,7,0
2022-09-23 14:00:00,98.27,99.29,97.87,98.94,3844,7,0
2022-09-23 15:00:00,98.94,99.29,98.42,98.69,2443,7,0
2022-09-23 16:00:00,98.68,98.78,98.04,98.55,1820,7,0
2022-09-23 17:00:00,98.55,98.65,97.84,97.98,1776,7,0
2022-09-23 18:00:00,97.98,98.17,97.44,97.5,2006,7,0
2022-09-23 19:00:00,97.49,98.76,97.49,98.71,2254,7,0
2022-09-26 13:00:00,98.95,99.45,98.88,99.41,1583,7,0
2022-09-26 14:00:00,99.4,99.84,98.95,99.18,3500,7,0
2022-09-26 15:00:00,99.19,99.33,98.16,98.66,3236,7,0
2022-09-26 16:00:00,98.65,98.67,97.76,98.45,2606,7,0
2022-09-26 17:00:00,98.45,98.46,97.88,97.93,2454,7,0
2022-09-26 18:00:00,97.93,98.72,97.89,98.59,2747,7,0
2022-09-26 19:00:00,98.59,98.94,98.13,98.31,2636,7,0
2022-09-27 13:00:00,99.69,99.95,98.85,99.27,1304,7,0
2022-09-27 14:00:00,99.28,99.3,98.48,99.1,4058,7,0
2022-09-27 15:00:00,99.11,99.34,97.71,97.75,2717,7,0
2022-09-27 16:00:00,97.74,97.77,96.84,97.25,2553,7,0
2022-09-27 17:00:00,97.23,97.34,96.91,97.13,2561,7,0
2022-09-27 18:00:00,97.13,97.67,96.87,97.53,2230,7,0
2022-09-27 19:00:00,97.55,97.55,96.95,97.38,2054,7,0
2022-09-28 13:00:00,97.56,98.3,97.42,97.47,2494,7,0
2022-09-28 14:00:00,97.47,98.65,97.07,98.44,4302,7,0
2022-09-28 15:00:00,98.44,99.48,98.38,99.46,2659,7,0
2022-09-28 16:00:00,99.48,99.93,99.04,99.31,1679,7,0
2022-09-28 17:00:00,99.32,99.73,99.1,99.58,1921,7,0
2022-09-28 18:00:00,99.58,99.91,99.55,99.86,1507,7,0
2022-09-28 19:00:00,99.87,100.57,99.84,100.47,1348,7,0
2022-09-29 13:00:00,97.69,97.69,96.89,97.26,1574,4,0
2022-09-29 14:00:00,97.27,97.35,96.19,96.79,3674,7,0
2022-09-29 15:00:00,96.79,97.22,96.46,97.11,2897,4,0
2022-09-29 16:00:00,97.12,97.19,96.26,96.31,1857,7,0
2022-09-29 17:00:00,96.31,96.66,96.11,96.14,1716,7,0
2022-09-29 18:00:00,96.13,96.48,95.93,96.14,1872,7,0
2022-09-29 19:00:00,96.13,97.26,96.1,97.12,1737,7,0
2022-09-30 13:00:00,97.17,97.72,96.75,97.33,2786,7,0
2022-09-30 14:00:00,97.35,98.14,97.01,98.13,4536,7,0
2022-09-30 15:00:00,98.14,98.86,97.5,97.55,2402,7,0
2022-09-30 16:00:00,97.55,97.74,97.18,97.41,1959,7,0
2022-09-30 17:00:00,97.4,97.46,96.78,96.82,1755,7,0
2022-09-30 18:00:00,96.81,97.05,96.24,96.29,1989,7,0
2022-09-30 19:00:00,96.29,96.69,95.97,96.16,1870,7,0
2022-10-03 13:00:00,96.87,97.57,96.66,96.96,1713,7,0
2022-10-03 14:00:00,96.98,98.25,96.98,97.95,3806,7,0
2022-10-03 15:00:00,97.96,98.32,97.6,97.83,1715,7,0
2022-10-03 16:00:00,97.82,98.24,97.8,98.15,1611,7,0
2022-10-03 17:00:00,98.15,98.7,98.13,98.56,1311,7,0
2022-10-03 18:00:00,98.56,99.12,98.44,98.98,1256,7,0
2022-10-03 19:00:00,98.99,99.25,98.78,98.81,895,7,0
2022-10-04 13:00:00,101.03,101.36,100.46,101.24,1213,7,0
2022-10-04 14:00:00,101.25,101.76,101.12,101.74,2490,7,0
2022-10-04 15:00:00,101.74,101.76,100.95,101.28,1740,7,0
2022-10-04 16:00:00,101.28,101.68,101.07,101.16,1451,7,0
2022-10-04 17:00:00,101.16,101.44,100.6,101.32,1597,7,0
2022-10-04 18:00:00,101.32,101.79,101.11,101.66,1336,7,0
2022-10-04 19:00:00,101.66,101.7,101.07,101.26,1415,7,0
2022-10-05 13:00:00,99.94,99.96,99.42,99.76,1865,7,0
2022-10-05 14:00:00,99.74,99.74,98.77,98.9,3820,7,0
2022-10-05 15:00:00,98.89,99.57,98.85,99.56,2050,7,0
2022-10-05 16:00:00,99.57,100.56,99.29,100.31,1931,7,0
2022-10-05 17:00:00,100.31,100.97,100.27,100.51,1486,7,0
2022-10-05 18:00:00,100.5,101.24,100.44,101.21,1734,7,0
2022-10-05 19:00:00,101.22,101.89,101.22,101.84,1664,7,0
2022-10-06 13:00:00,102.61,102.89,101.37,101.41,1763,7,0
2022-10-06 14:00:00,101.42,102.39,100.8,102.38,4176,7,0
2022-10-06 15:00:00,102.38,102.64,101.84,101.93,3213,7,0
2022-10-06 16:00:00,101.92,102.33,101.65,102.14,2049,7,0
2022-10-06 17:00:00,102.14,102.23,101.75,102.13,1661,7,0
2022-10-06 18:00:00,102.15,102.15,101.27,101.49,1987,7,0
2022-10-06 19:00:00,101.5,101.79,101.2,101.56,1747,7,0
2022-10-07 13:00:00,100.34,100.5,98.94,99.08,1950,7,0
2022-10-07 14:00:00,99.09,99.96,98.9,99.78,3513,7,0
2022-10-07 15:00:00,99.77,100.08,99.1,99.29,2292,7,0
2022-10-07 16:00:00,99.28,99.4,98.75,98.89,1589,7,0
2022-10-07 17:00:00,98.89,99.03,98.45,98.52,1468,7,0
2022-10-07 18:00:00,98.51,98.86,98.3,98.84,1747,7,0
2022-10-07 19:00:00,98.83,99.12,98.26,98.64,1452,7,0
2022-10-10 13:00:00,97.72,98.28,97.62,97.7,1581,7,0
2022-10-10 14:00:00,97.71,98.5,97.34,97.58,3563,7,0
2022-10-10 15:00:00,97.57,98.2,97.44,97.99,2316,7,0
2022-10-10 16:00:00,98.0,98.03,97.21,97.22,1645,7,0
2022-10-10 17:00:00,97.22,98.67,96.98,98.35,2336,7,0
2022-10-10 18:00:00,98.35,98.55,98.03,98.16,2263,7,0
2022-10-10 19:00:00,98.17,98.49,97.95,98.0,2036,7,0
2022-10-11 13:00:00,97.44,97.82,96.63,96.65,1851,7,0
2022-10-11 14:00:00,96.63,97.76,96.56,97.27,3732,7,0
2022-10-11 15:00:00,97.28,98.72,97.25,98.43,3308,7,0
2022-10-11 16:00:00,98.44,99.21,98.0,98.71,2354,7,0
2022-10-11 17:00:00,98.71,98.89,98.26,98.61,2596,7,0
2022-10-11 18:00:00,98.62,98.7,96.88,96.93,3179,7,0
2022-10-11 19:00:00,96.94,97.13,96.28,97.13,3112,7,0
2022-10-12 13:00:00,97.77,98.5,97.58,98.33,2268,7,0
2022-10-12 14:00:00,98.35,98.71,97.46,97.76,4153,7,0
2022-10-12 15:00:00,97.77,98.16,97.66,98.1,2658,7,0
2022-10-12 16:00:00,98.1,98.17,96.92,97.45,1883,7,0
2022-10-12 17:00:00,97.45,97.56,97.07,97.37,1428,7,0
2022-10-12 18:00:00,97.37,98.03,97.13,97.61,5193,7,0
2022-10-12 19:00:00,97.61,97.8,97.37,97.76,1546,7,0
2022-10-13 13:00:00,94.75,95.63,94.54,95.62,2355,7,0
2022-10-13 14:00:00,95.63,96.45,95.37,95.96,5749,7,0
2022-10-13 15:00:00,95.95,99.65,95.82,98.59,9527,7,0
2022-10-13 16:00:00,98.61,98.94,97.63,98.05,4222,7,0
2022-10-13 17:00:00,98.05,99.24,98.03,98.99,2572,7,0
2022-10-13 18:00:00,98.98,99.46,98.51,99.34,2520,7,0
2022-10-13 19:00:00,99.34,99.73,98.84,99.1,1958,7,0
2022-10-14 13:00:00,100.12,100.17,98.71,99.1,3321,7,0
2022-10-14 14:00:00,99.04,99.04,97.1,97.7,8493,7,0
2022-10-14 15:00:00,97.69,98.19,97.04,97.13,3394,7,0
2022-10-14 16:00:00,97.13,97.55,96.62,97.03,2924,7,0
2022-10-14 17:00:00,97.03,97.5,96.91,97.39,2102,7,0
2022-10-14 18:00:00,97.38,97.38,96.6,96.95,2013,7,0
2022-10-14 19:00:00,96.94,97.15,96.7,96.88,1967,7,0
2022-10-17 13:00:00,100.48,100.88,99.88,100.17,2242,7,0
2022-10-17 14:00:00,100.18,100.59,99.81,100.08,3738,7,0
2022-10-17 15:00:00,100.07,100.3,99.62,100.09,2066,7,0
2022-10-17 16:00:00,100.09,100.29,99.61,100.1,1810,7,0
2022-10-17 17:00:00,100.1,100.73,99.9,100.69,1502,7,0
2022-10-17 18:00:00,100.68,100.85,100.17,100.25,1525,7,0
2022-10-17 19:00:00,100.24,100.28,99.99,100.2,1358,7,0
2022-10-18 13:00:00,101.5,101.79,101.06,101.37,1899,7,0
2022-10-18 14:00:00,101.38,101.96,101.1,101.47,3349,7,0
2022-10-18 15:00:00,101.46,101.47,100.08,100.75,3408,7,0
2022-10-18 16:00:00,100.74,101.33,100.4,100.9,2560,7,0
2022-10-18 17:00:00,100.89,101.2,100.34,101.06,2889,7,0
2022-10-18 18:00:00,101.05,101.09,99.95,100.36,3245,7,0
2022-10-18 19:00:00,100.35,100.94,100.02,100.87,2652,7,0
2022-10-19 13:00:00,100.45,100.51,99.28,99.58,1830,7,0
2022-10-19 14:00:00,99.57,100.77,99.31,100.29,3519,7,0
2022-10-19 15:00:00,100.29,100.67,99.76,100.58,2720,7,0
2022-10-19 16:00:00,100.58,100.63,99.48,99.59,2253,7,0
2022-10-19 17:00:00,99.59,99.68,98.89,99.24,2659,7,0
2022-10-19 18:00:00,99.23,99.71,99.11,99.28,2136,7,0
2022-10-19 19:00:00,99.29,99.67,99.12,99.46,1666,7,0
2022-10-20 13:00:00,100.14,101.15,99.83,100.84,2018,7,0
2022-10-20 14:00:00,100.85,102.27,100.71,101.93,3285,7,0
2022-10-20 15:00:00,101.94,101.97,101.09,101.66,2305,7,0
2022-10-20 16:00:00,101.66,101.7,100.62,100.79,2485,7,0
2022-10-20 17:00:00,100.79,100.85,99.76,100.01,2585,7,0
2022-10-20 18:00:00,100.0,100.05,99.58,99.79,2294,7,0
2022-10-20 19:00:00,99.79,100.02,99.36,99.78,1624,7,0
2022-10-21 13:00:00,98.69,100.23,98.43,99.94,3970,7,0
2022-10-21 14:00:00,99.95,100.21,98.67,98.7,6422,7,0
2022-10-21 15:00:00,98.71,99.71,98.23,99.71,5180,7,0
2022-10-21 16:00:00,99.72,100.01,99.29,99.72,3542,7,0
2022-10-21 17:00:00,99.72,100.42,99.55,100.42,1819,7,0
2022-10-21 18:00:00,100.42,100.68,100.08,100.31,1792,7,0
2022-10-21 19:00:00,100.32,101.13,100.28,101.07,1194,7,0
2022-10-24 13:00:00,100.99,101.9,100.54,101.25,3138,7,0
2022-10-24 14:00:00,101.26,101.77,99.95,101.69,5742,7,0
2022-10-24 15:00:00,101.71,101.8,101.18,101.72,3408,7,0
2022-10-24 16:00:00,101.72,102.29,101.56,102.12,1830,7,0
2022-10-24 17:00:00,102.12,102.16,101.43,101.61,1764,7,0
2022-10-24 18:00:00,101.62,102.21,101.58,102.16,1274,7,0
2022-10-24 19:00:00,102.16,102.71,102.11,102.59,1036,7,0
2022-10-25 13:00:00,103.01,103.65,102.69,103.58,1392,7,0
2022-10-25 14:00:00,103.59,103.99,103.08,103.36,2850,7,0
2022-10-25 15:00:00,103.37,103.89,103.29,103.78,1602,7,0
2022-10-25 16:00:00,103.78,103.91,103.12,103.16,1212,7,0
2022-10-25 17:00:00,103.16,103.41,102.76,103.39,1776,7,0
2022-10-25 18:00:00,103.39,103.96,103.37,103.83,1243,7,0
2022-10-25 19:00:00,103.82,104.78,103.82,104.68,963,7,0
2022-10-26 13:00:00,96.45,96.91,96.19,96.49,2838,7,0
2022-10-26 14:00:00,96.51,97.83,96.22,97.12,4184,7,0
2022-10-26 15:00:00,97.13,98.27,97.13,97.77,1963,7,0
2022-10-26 16:00:00,97.77,97.87,96.77,96.87,1667,7,0
2022-10-26 17:00:00,96.86,97.11,96.07,96.12,1873,7,0
2022-10-26 18:00:00,96.11,96.34,95.19,95.33,1292,7,0
2022-10-26 19:00:00,95.32,95.33,94.67,95.11,1127,7,0
2022-10-27 13:00:00,93.7,93.79,92.17,92.37,2232,7,0
2022-10-27 14:00:00,92.38,94.1,92.19,93.57,4928,7,0
2022-10-27 15:00:00,93.56,94.2,93.01,93.22,3321,7,0
2022-10-27 16:00:00,93.21,93.6,92.51,92.68,2000,7,0
2022-10-27 17:00:00,92.69,93.35,92.26,92.27,1550,7,0
2022-10-27 18:00:00,92.26,92.34,91.77,91.86,882,7,0
2022-10-27 19:00:00,91.85,92.39,91.85,92.32,1316,7,0
2022-10-28 13:00:00,93.04,93.39,92.43,92.45,1735,7,0
2022-10-28 14:00:00,92.47,94.34,92.18,94.22,4358,7,0
2022-10-28 15:00:00,94.23,94.98,94.16,94.59,1998,7,0
2022-10-28 16:00:00,94.58,94.94,94.17,94.9,1515,7,0
2022-10-28 17:00:00,94.9,95.43,94.84,95.35,1104,7,0
2022-10-28 18:00:00,95.35,96.38,95.23,96.31,1237,7,0
2022-10-28 19:00:00,96.32,96.51,96.08,96.28,964,7,0
2022-10-31 13:00:00,95.18,95.18,94.1,94.52,1772,7,0
2022-10-31 14:00:00,94.51,94.77,93.96,94.33,2544,7,0
2022-10-31 15:00:00,94.32,95.08,94.25,94.7,2162,7,0
2022-10-31 16:00:00,94.71,95.09,94.5,94.52,1922,7,0
2022-10-31 17:00:00,94.52,95.14,94.32,94.89,1477,7,0
2022-10-31 18:00:00,94.89,94.93,94.5,94.58,1648,7,0
2022-10-31 19:00:00,94.59,94.73,94.1,94.68,1278,7,0
2022-11-01 13:00:00,95.05,95.15,93.9,94.18,1633,7,0
2022-11-01 14:00:00,94.18,94.25,92.27,92.35,4656,7,0
2022-11-01 15:00:00,92.36,92.57,91.88,92.11,2489,7,0
2022-11-01 16:00:00,92.1,92.55,91.54,91.77,1941,7,0
2022-11-01 17:00:00,91.77,91.99,91.6,91.87,1371,7,0
2022-11-01 18:00:00,91.87,91.92,90.97,91.3,986,7,0
2022-11-01 19:00:00,91.29,91.32,90.53,90.63,1000,7,0
2022-11-02 13:00:00,90.69,90.85,89.99,89.99,1344,7,0
2022-11-02 14:00:00,89.98,90.28,89.64,89.67,1941,7,0
2022-11-02 15:00:00,89.67,89.71,89.01,89.25,1317,7,0
2022-11-02 16:00:00,89.24,89.46,89.03,89.39,1149,7,0
2022-11-02 17:00:00,89.39,89.87,89.13,89.65,943,7,0
2022-11-02 18:00:00,89.65,91.14,88.5,88.94,18607,7,0
2022-11-02 19:00:00,88.93,89.52,87.5,87.66,5173,7,0
2022-11-03 13:00:00,85.83,86.23,85.44,85.47,1852,7,0
2022-11-03 14:00:00,85.49,85.95,85.05,85.74,3125,7,0
2022-11-03 15:00:00,85.74,85.92,84.58,84.67,1857,7,0
2022-11-03 16:00:00,84.67,85.39,84.56,85.36,1741,7,0
2022-11-03 17:00:00,85.36,85.4,84.36,84.43,1194,7,0
2022-11-03 18:00:00,84.43,84.51,83.97,84.24,1134,7,0
2022-11-03 19:00:00,84.23,84.27,83.77,83.78,1056,7,0
2022-11-04 13:00:00,84.85,84.85,83.68,84.79,1830,7,0
2022-11-04 14:00:00,84.78,86.3,84.49,85.48,4281,7,0
2022-11-04 15:00:00,85.47,85.66,84.19,84.38,3300,7,0
2022-11-04 16:00:00,84.37,85.5,84.08,85.12,2929,7,0
2022-11-04 17:00:00,85.11,85.43,84.69,85.34,2755,7,0
2022-11-04 18:00:00,85.33,86.23,84.98,86.21,2002,7,0
2022-11-04 19:00:00,86.22,86.54,86.02,86.45,1706,7,0
2022-11-07 14:00:00,87.12,87.44,86.95,87.19,1480,7,0
2022-11-07 15:00:00,87.21,88.07,87.18,87.98,3143,7,0
2022-11-07 16:00:00,87.99,88.03,87.28,87.31,2129,7,0
2022-11-07 17:00:00,87.3,87.46,87.05,87.46,1458,7,0
2022-11-07 18:00:00,87.45,88.02,87.44,87.99,1053,7,0
2022-11-07 19:00:00,87.99,88.86,87.99,88.6,1130,7,0
2022-11-07 20:00:00,88.61,88.81,88.42,88.43,871,7,0
2022-11-08 14:00:00,88.79,89.2,88.39,88.94,1191,7,0
2022-11-08 15:00:00,88.92,89.67,88.68,89.51,2338,7,0
2022-11-08 16:00:00,89.52,90.28,89.3,89.54,1609,7,0
2022-11-08 17:00:00,89.54,89.68,89.29,89.48,1127,7,0
2022-11-08 18:00:00,89.47,89.56,88.09,88.17,1850,7,0
2022-11-08 19:00:00,88.15,88.42,87.56,88.23,2529,7,0
2022-11-08 20:00:00,88.23,89.44,88.18,89.15,1682,7,0
2022-11-09 14:00:00,88.48,89.15,88.28,88.3,1451,7,0
2022-11-09 15:00:00,88.3,89.4,88.18,88.37,3152,7,0
2022-11-09 16:00:00,88.37,89.04,88.36,88.58,2134,7,0
2022-11-09 17:00:00,88.58,88.81,88.42,88.7,1494,7,0
2022-11-09 18:00:00,88.7,88.83,87.48,87.75,2039,7,0
2022-11-09 19:00:00,87.75,88.13,87.35,87.44,1588,7,0
2022-11-09 20:00:00,87.43,87.79,87.4,87.69,1191,7,0
2022-11-10 14:00:00,92.56,93.89,91.58,93.85,2316,7,0
2022-11-10 15:00:00,93.86,94.13,92.59,93.38,3806,7,0
2022-11-10 16:00:00,93.37,93.8,92.82,93.65,2255,7,0
2022-11-10 17:00:00,93.65,93.77,92.99,93.03,1667,7,0
2022-11-10 18:00:00,93.04,93.5,92.95,93.4,1838,7,0
2022-11-10 19:00:00,93.39,93.8,93.31,93.74,1426,7,0
2022-11-10 20:00:00,93.73,94.26,93.62,94.1,1048,7,0
2022-11-11 14:00:00,94.17,95.53,94.14,95.21,2018,7,0
2022-11-11 15:00:00,95.2,96.28,94.76,96.11,4111,7,0
2022-11-11 16:00:00,96.12,96.45,95.3,95.76,2757,7,0
2022-11-11 17:00:00,95.76,96.16,95.43,95.99,1948,7,0
2022-11-11 18:00:00,95.99,96.7,95.99,96.65,1490,7,0
2022-11-11 19:00:00,96.65,96.89,96.36,96.86,1517,7,0
2022-11-11 20:00:00,96.86,96.88,96.19,96.44,1380,7,0
2022-11-14 14:00:00,95.23,95.35,94.65,95.17,1485,7,0
2022-11-14 15:00:00,95.18,95.68,95.12,95.52,2828,7,0
2022-11-14 16:00:00,95.52,95.69,94.94,95.49,2205,7,0
2022-11-14 17:00:00,95.49,96.04,95.29,95.82,1818,7,0
2022-11-14 18:00:00,95.82,96.56,95.73,96.54,1253,7,0
2022-11-14 19:00:00,96.54,96.65,96.18,96.38,1270,7,0
2022-11-14 20:00:00,96.38,96.75,95.93,95.94,1261,7,0
2022-11-15 14:00:00,97.82,97.96,97.38,97.93,1620,7,0
2022-11-15 15:00:00,97.94,98.53,97.84,97.97,2747,7,0
2022-11-15 16:00:00,97.96,100.1,97.46,99.7,3564,7,0
2022-11-15 17:00:00,99.69,99.77,98.79,98.98,2196,7,0
2022-11-15 18:00:00,99.0,99.15,96.69,97.58,5243,7,0
2022-11-15 19:00:00,97.59,98.38,97.0,98.28,5854,7,0
2022-11-15 20:00:00,98.29,98.75,98.05,98.53,2109,7,0
2022-11-16 14:00:00,98.4,98.67,97.61,98.51,1445,7,0
2022-11-16 15:00:00,98.52,98.83,97.82,98.31,3392,7,0
2022-11-16 16:00:00,98.3,99.17,98.29,99.04,1987,7,0
2022-11-16 17:00:00,99.04,99.6,98.78,99.36,1950,7,0
2022-11-16 18:00:00,99.37,99.59,98.77,98.77,1659,7,0
2022-11-16 19:00:00,98.77,99.33,98.74,99.17,1590,7,0
2022-11-16 20:00:00,99.17,99.21,98.56,98.75,1232,7,0
2022-11-17 14:00:00,97.43,97.52,96.85,96.99,1390,7,0
2022-11-17 15:00:00,96.98,97.88,96.76,97.35,2546,7,0
2022-11-17 16:00:00,97.35,98.63,97.35,98.61,1682,7,0
2022-11-17 17:00:00,98.63,98.94,98.37,98.87,1616,7,0
2022-11-17 18:00:00,98.86,99.24,98.72,98.83,1439,7,0
2022-11-17 19:00:00,98.84,98.89,97.92,97.98,1593,7,0
2022-11-17 20:00:00,97.98,98.01,97.41,97.81,1158,7,0
2022-11-18 14:00:00,97.64,98.64,97.59,98.36,1748,7,0
2022-11-18 15:00:00,98.38,98.42,97.46,97.61,2870,7,0
2022-11-18 16:00:00,97.6,97.78,97.2,97.49,2116,7,0
2022-11-18 17:00:00,97.49,97.59,96.34,96.56,1694,7,0
2022-11-18 18:00:00,96.56,96.94,96.52,96.67,1246,7,0
2022-11-18 19:00:00,96.66,97.16,96.55,97.13,1362,7,0
2022-11-18 20:00:00,97.12,97.49,97.01,97.46,1204,7,0
2022-11-21 14:00:00,98.02,98.36,97.72,97.78,1239,7,0
2022-11-21 15:00:00,97.79,97.91,96.64,96.76,2385,7,0
2022-11-21 16:00:00,96.76,96.86,96.2,96.33,1507,7,0
2022-11-21 17:00:00,96.33,96.48,95.8,95.85,1324,7,0
2022-11-21 18:00:00,95.84,96.36,95.76,95.98,1284,7,0
2022-11-21 19:00:00,95.96,96.09,95.5,95.55,1085,7,0
2022-11-21 20:00:00,95.54,95.84,95.33,95.39,871,7,0
2022-11-22 14:00:00,95.23,95.24,94.06,94.07,1416,7,0
2022-11-22 15:00:00,94.06,95.73,94.02,95.65,2407,7,0
2022-11-22 16:00:00,95.66,95.7,95.02,95.36,1474,7,0
2022-11-22 17:00:00,95.36,96.18,95.36,96.13,939,7,0
2022-11-22 18:00:00,96.14,97.12,96.13,97.08,1060,7,0
2022-11-22 19:00:00,97.08,97.17,96.65,96.95,987,7,0
2022-11-22 20:00:00,96.95,97.16,96.93,96.99,524,7,0
2022-11-23 14:00:00,97.66,97.99,97.42,97.53,1301,7,0
2022-11-23 15:00:00,97.55,98.16,97.26,98.09,2078,7,0
2022-11-23 16:00:00,98.1,98.34,97.28,97.5,1473,7,0
2022-11-23 17:00:00,97.5,97.94,97.13,97.24,1392,7,0
2022-11-23 18:00:00,97.24,97.82,97.11,97.7,1036,7,0
2022-11-23 19:00:00,97.7,98.53,97.42,98.46,3142,7,0
2022-11-23 20:00:00,98.46,98.72,98.25,98.53,882,7,0
2022-11-25 14:00:00,98.33,98.34,97.8,97.88,899,7,0
2022-11-25 15:00:00,97.88,98.03,97.65,97.93,1569,7,0
2022-11-25 16:00:00,97.93,97.99,97.37,97.54,1067,7,0
2022-11-25 17:00:00,97.54,97.62,97.38,97.44,974,7,0
2022-11-28 14:00:00,97.17,97.53,96.64,96.75,1014,7,0
2022-11-28 15:00:00,96.74,97.03,95.89,95.89,1735,7,0
2022-11-28 16:00:00,95.88,96.5,95.82,96.37,1162,7,0
2022-11-28 17:00:00,96.37,96.61,95.97,96.12,1697,7,0
2022-11-28 18:00:00,96.11,96.27,95.86,95.91,882,7,0
2022-11-28 19:00:00,95.9,96.09,95.58,96.05,812,7,0
2022-11-28 20:00:00,96.05,96.05,95.63,95.84,620,7,0
2022-11-29 14:00:00,95.83,96.08,95.18,95.25,1044,7,0
2022-11-29 15:00:00,95.25,95.75,94.94,95.27,2249,7,0
2022-11-29 16:00:00,95.26,95.28,94.08,95.05,2089,7,0
2022-11-29 17:00:00,95.05,95.57,95.02,95.37,1237,7,0
2022-11-29 18:00:00,95.37,95.37,94.67,94.94,1213,7,0
2022-11-29 19:00:00,94.94,95.27,94.74,95.0,1268,7,0
2022-11-29 20:00:00,94.99,95.39,94.96,95.3,1048,7,0
2022-11-30 14:00:00,95.05,95.89,94.91,95.79,1433,7,0
2022-11-30 15:00:00,95.77,95.99,95.22,95.4,2208,7,0
2022-11-30 16:00:00,95.4,95.96,95.26,95.94,1435,7,0
2022-11-30 17:00:00,95.95,96.3,95.72,96.19,1350,7,0
2022-11-30 18:00:00,96.2,98.33,96.19,98.22,5908,7,0
2022-11-30 19:00:00,98.21,99.92,98.19,99.26,4536,7,0
2022-11-30 20:00:00,99.25,100.44,99.11,100.02,1349,7,0
2022-12-01 14:00:00,101.33,102.21,101.05,101.84,1527,7,0
2022-12-01 15:00:00,101.85,102.16,100.21,101.47,4279,7,0
2022-12-01 16:00:00,101.48,101.53,100.67,101.09,2709,7,0
2022-12-01 17:00:00,101.09,101.35,100.6,101.27,2031,7,0
2022-12-01 18:00:00,101.28,101.48,100.77,101.11,1713,7,0
2022-12-01 19:00:00,101.1,101.31,100.91,101.27,1351,7,0
2022-12-01 20:00:00,101.27,101.43,100.97,101.35,1014,7,0
2022-12-02 14:00:00,99.84,99.85,99.22,99.5,1795,7,0
2022-12-02 15:00:00,99.49,100.2,99.13,99.47,3041,7,0
2022-12-02 16:00:00,99.46,100.11,99.18,99.84,1905,7,0
2022-12-02 17:00:00,99.85,100.2,99.69,100.0,1265,7,0
2022-12-02 18:00:00,100.0,100.06,99.65,99.76,996,7,0
2022-12-02 19:00:00,99.76,100.3,99.63,100.25,955,7,0
2022-12-02 20:00:00,100.26,100.72,100.06,100.17,1184,7,0
2022-12-05 14:00:00,101.03,101.34,100.38,100.85,1605,7,0
2022-12-05 15:00:00,100.83,101.04,99.85,100.92,3518,7,0
2022-12-05 16:00:00,100.92,101.26,100.0,100.25,1688,7,0
2022-12-05 17:00:00,100.25,100.37,99.78,99.96,1228,7,0
2022-12-05 18:00:00,99.96,100.28,99.38,99.39,1145,7,0
2022-12-05 19:00:00,99.38,99.72,99.24,99.47,1320,7,0
2022-12-05 20:00:00,99.47,99.58,98.97,99.07,1167,7,0
2022-12-06 14:00:00,99.15,99.24,98.2,98.2,1635,7,0
2022-12-06 15:00:00,98.2,98.3,97.26,97.31,3141,7,0
2022-12-06 16:00:00,97.31,97.44,96.9,97.05,2640,7,0
2022-12-06 17:00:00,97.05,97.8,96.98,97.51,2005,7,0
2022-12-06 18:00:00,97.51,97.68,96.94,97.12,1663,7,0
2022-12-06 19:00:00,97.12,97.12,96.64,96.83,1328,7,0
2022-12-06 20:00:00,96.84,97.05,96.39,96.99,1154,7,0
2022-12-07 14:00:00,96.45,96.7,95.74,95.87,2084,7,0
2022-12-07 15:00:00,95.86,96.39,94.98,95.79,5624,7,0
2022-12-07 16:00:00,95.79,96.15,95.1,95.38,2785,7,0
2022-12-07 17:00:00,95.37,95.55,94.75,95.43,1907,7,0
2022-12-07 18:00:00,95.43,95.9,95.3,95.32,1727,7,0
2022-12-07 19:00:00,95.32,95.36,94.82,94.92,1430,7,0
2022-12-07 20:00:00,94.91,95.17,94.68,94.91,1248,7,0
2022-12-08 14:00:00,94.14,94.54,93.68,94.5,1625,7,0
2022-12-08 15:00:00,94.5,94.89,93.71,93.85,2758,7,0
2022-12-08 16:00:00,93.86,94.3,93.42,94.09,1979,7,0
2022-12-08 17:00:00,94.09,94.63,93.81,94.6,1823,7,0
2022-12-08 18:00:00,94.6,94.84,94.17,94.36,1521,7,0
2022-12-08 19:00:00,94.35,94.35,93.81,94.06,1848,7,0
2022-12-08 20:00:00,94.06,94.37,93.8,93.96,1212,7,0
2022-12-09 14:00:00,93.69,94.21,93.34,93.85,1630,7,0
2022-12-09 15:00:00,93.87,94.12,93.32,94.1,4414,7,0
2022-12-09 16:00:00,94.1,94.1,93.63,93.9,2047,7,0
2022-12-09 17:00:00,93.9,94.0,93.49,93.86,1547,7,0
2022-12-09 18:00:00,93.85,93.85,93.23,93.58,1445,7,0
2022-12-09 19:00:00,93.58,93.58,93.21,93.35,1137,7,0
2022-12-09 20:00:00,93.34,93.63,93.09,93.14,984,7,0
2022-12-12 14:00:00,92.71,93.52,92.7,93.18,1255,7,0
2022-12-12 15:00:00,93.17,93.17,91.64,91.95,2310,7,0
2022-12-12 16:00:00,91.95,92.4,91.58,92.11,1752,7,0
2022-12-12 17:00:00,92.11,92.18,91.92,92.13,1043,7,0
2022-12-12 18:00:00,92.13,92.37,91.89,92.29,1304,7,0
2022-12-12 19:00:00,92.29,92.73,92.14,92.64,937,7,0
2022-12-12 20:00:00,92.65,93.33,92.63,93.08,912,7,0
2022-12-13 14:00:00,97.69,99.5,97.55,99.17,1912,7,0
2022-12-13 15:00:00,99.19,99.22,97.22,97.41,5683,7,0
2022-12-13 16:00:00,97.42,98.27,96.37,96.7,3738,7,0
2022-12-13 17:00:00,96.71,97.1,94.99,95.65,4593,7,0
2022-12-13 18:00:00,95.64,95.83,95.18,95.62,2898,7,0
2022-12-13 19:00:00,95.62,96.27,95.47,95.82,2587,7,0
2022-12-13 20:00:00,95.81,95.95,95.19,95.74,1971,7,0
2022-12-14 14:00:00,96.31,96.4,95.47,95.78,1741,7,0
2022-12-14 15:00:00,95.77,96.47,95.59,96.37,2881,7,0
2022-12-14 16:00:00,96.37,96.83,96.15,96.3,1593,7,0
2022-12-14 17:00:00,96.29,96.38,95.67,95.79,1315,7,0
2022-12-14 18:00:00,95.79,96.28,95.67,96.1,1395,7,0
2022-12-14 19:00:00,96.09,96.09,93.55,94.61,16771,7,0
2022-12-14 20:00:00,94.6,96.17,94.43,95.07,7133,7,0
2022-12-15 14:00:00,92.82,92.92,91.72,91.87,1604,7,0
2022-12-15 15:00:00,91.89,92.01,91.24,91.32,2833,7,0
2022-12-15 16:00:00,91.32,91.45,90.67,90.7,2203,7,0
2022-12-15 17:00:00,90.7,91.06,90.5,90.61,1502,7,0
2022-12-15 18:00:00,90.61,90.69,89.98,90.33,1399,7,0
2022-12-15 19:00:00,90.33,90.73,90.08,90.7,1335,7,0
2022-12-15 20:00:00,90.69,91.11,90.62,90.65,1310,7,0
2022-12-16 14:00:00,90.7,91.3,90.61,90.8,1969,7,0
2022-12-16 15:00:00,90.8,90.8,89.92,90.34,2696,7,0
2022-12-16 16:00:00,90.34,90.41,89.73,89.82,1917,7,0
2022-12-16 17:00:00,89.81,90.3,89.64,89.73,1387,7,0
2022-12-16 18:00:00,89.73,90.16,89.63,89.9,1200,7,0
2022-12-16 19:00:00,89.89,90.18,89.48,89.91,1192,7,0
2022-12-16 20:00:00,89.9,90.74,89.76,90.69,1492,7,0
2022-12-19 14:00:00,90.11,90.26,89.4,89.56,1444,7,0
2022-12-19 15:00:00,89.56,90.52,89.21,89.86,2462,7,0
2022-12-19 16:00:00,89.85,89.94,89.0,89.18,1605,7,0
2022-12-19 17:00:00,89.19,89.3,88.89,89.01,1197,7,0
2022-12-19 18:00:00,89.01,89.3,88.87,88.88,1246,7,0
2022-12-19 19:00:00,88.87,88.9,88.49,88.69,1261,7,0
2022-12-19 20:00:00,88.7,88.7,88.18,88.2,842,7,0
2022-12-20 14:00:00,88.04,88.46,87.42,88.39,1363,7,0
2022-12-20 15:00:00,88.41,88.9,88.01,88.6,3009,7,0
2022-12-20 16:00:00,88.59,88.84,87.8,88.4,2746,7,0
2022-12-20 17:00:00,88.39,88.75,88.26,88.75,1814,7,0
2022-12-20 18:00:00,88.75,89.01,88.44,88.74,1537,7,0
2022-12-20 19:00:00,88.75,89.14,88.63,88.75,1617,7,0
2022-12-20 20:00:00,88.75,88.96,88.5,88.93,1050,7,0
2022-12-21 14:00:00,88.83,89.25,88.44,88.49,1392,7,0
2022-12-21 15:00:00,88.49,89.67,88.41,89.55,2554,7,0
2022-12-21 16:00:00,89.56,90.03,89.39,89.59,1561,7,0
2022-12-21 17:00:00,89.6,89.9,89.33,89.88,1304,7,0
2022-12-21 18:00:00,89.88,90.07,89.6,89.83,1124,7,0
2022-12-21 19:00:00,89.83,90.18,89.74,89.85,1043,7,0
2022-12-21 20:00:00,89.85,89.98,89.58,89.61,876,7,0
2022-12-22 14:00:00,87.52,88.09,87.44,88.08,1224,7,0
2022-12-22 15:00:00,88.08,88.08,87.04,87.1,2446,7,0
2022-12-22 16:00:00,87.09,87.55,87.04,87.3,1714,7,0
2022-12-22 17:00:00,87.3,87.36,86.66,86.7,1411,7,0
2022-12-22 18:00:00,86.7,86.7,86.29,86.45,1205,7,0
2022-12-22 19:00:00,86.45,87.22,86.43,87.15,1535,7,0
2022-12-22 20:00:00,87.15,87.63,87.08,87.22,1393,7,0
2022-12-23 14:00:00,87.63,88.49,87.59,87.75,1817,7,0
2022-12-23 15:00:00,87.76,89.49,87.52,88.74,4977,7,0
2022-12-23 16:00:00,88.75,89.15,88.18,89.1,2669,7,0
2022-12-23 17:00:00,89.1,89.43,88.95,89.12,2028,7,0
2022-12-23 18:00:00,89.13,89.5,89.0,89.12,1640,7,0
2022-12-23 19:00:00,89.11,89.38,88.92,89.36,1274,7,0
2022-12-23 20:00:00,89.37,89.45,88.94,89.09,1090,7,0
2022-12-27 14:00:00,88.12,88.13,87.42,87.47,1261,7,0
2022-12-27 15:00:00,87.46,88.36,87.18,88.07,2454,7,0
2022-12-27 16:00:00,88.07,88.15,87.6,87.75,1831,7,0
2022-12-27 17:00:00,87.75,88.0,87.37,87.55,1180,7,0
2022-12-27 18:00:00,87.55,87.7,87.11,87.16,965,7,0
2022-12-27 19:00:00,87.16,87.36,86.98,87.25,917,7,0
2022-12-27 20:00:00,87.26,87.64,87.15,87.58,749,7,0
2022-12-28 14:00:00,87.65,87.75,87.06,87.25,1657,7,0
2022-12-28 15:00:00,87.26,87.64,86.33,86.34,3288,7,0
2022-12-28 16:00:00,86.33,86.5,86.14,86.17,1687,7,0
2022-12-28 17:00:00,86.17,86.75,86.08,86.69,1440,7,0
2022-12-28 18:00:00,86.7,87.01,86.35,86.36,1299,7,0
2022-12-28 19:00:00,86.37,86.51,86.04,86.08,1212,7,0
2022-12-28 20:00:00,86.08,86.2,85.92,86.03,926,7,0
2022-12-29 14:00:00,87.25,87.59,87.22,87.49,1033,7,0
2022-12-29 15:00:00,87.49,88.31,87.29,88.27,1948,7,0
2022-12-29 16:00:00,88.28,88.59,87.95,88.48,1278,7,0
2022-12-29 17:00:00,88.47,88.76,88.27,88.33,1050,7,0
2022-12-29 18:00:00,88.34,88.55,88.17,88.52,1117,7,0
2022-12-29 19:00:00,88.52,88.71,88.44,88.52,1000,7,0
2022-12-29 20:00:00,88.52,88.81,88.47,88.68,775,7,0
2022-12-30 14:00:00,86.85,87.2,86.54,86.98,1851,7,0
2022-12-30 15:00:00,86.97,87.51,86.74,87.2,2303,7,0
2022-12-30 16:00:00,87.19,87.54,87.13,87.34,1437,7,0
2022-12-30 17:00:00,87.34,87.48,87.15,87.41,1088,7,0
2022-12-30 18:00:00,87.43,87.43,86.66,87.1,1407,7,0
2022-12-30 19:00:00,87.1,87.31,86.91,87.17,1011,7,0
2022-12-30 20:00:00,87.17,87.72,87.16,87.68,1031,7,0
2023-01-03 14:00:00,90.64,91.01,89.45,89.5,2481,7,0
2023-01-03 15:00:00,89.53,89.68,88.58,89.46,3130,7,0
2023-01-03 16:00:00,89.46,89.53,88.65,88.72,2260,7,0
2023-01-03 17:00:00,88.71,88.96,88.5,88.73,1489,7,0
2023-01-03 18:00:00,88.72,89.07,88.55,89.0,1444,7,0
2023-01-03 19:00:00,89.0,89.6,88.88,89.41,1787,7,0
2023-01-03 20:00:00,89.42,89.7,89.27,89.28,1350,7,0
2023-01-04 14:00:00,89.14,89.57,88.43,88.51,2496,7,0
2023-01-04 15:00:00,88.48,89.06,87.24,88.03,4805,7,0
2023-01-04 16:00:00,88.04,88.85,87.58,88.63,2077,7,0
2023-01-04 17:00:00,88.65,88.94,88.35,88.35,1346,7,0
2023-01-04 18:00:00,88.33,88.57,87.96,88.2,1434,7,0
2023-01-04 19:00:00,88.19,88.71,87.41,88.08,6505,7,0
2023-01-04 20:00:00,88.07,88.27,87.28,87.37,1827,7,0
2023-01-05 14:00:00,87.29,87.29,86.52,87.01,1743,7,0
2023-01-05 15:00:00,87.0,87.39,86.33,86.45,3138,7,0
2023-01-05 16:00:00,86.45,86.78,86.09,86.48,1858,7,0
2023-01-05 17:00:00,86.47,86.87,86.3,86.31,1454,7,0
2023-01-05 18:00:00,86.31,86.95,86.03,86.46,1892,7,0
2023-01-05 19:00:00,86.47,86.97,86.4,86.71,1296,7,0
2023-01-05 20:00:00,86.71,86.71,86.13,86.27,822,7,0
2023-01-06 14:00:00,85.4,85.66,84.83,85.16,1451,7,0
2023-01-06 15:00:00,85.19,86.2,85.12,86.09,4473,7,0
2023-01-06 16:00:00,86.1,86.8,85.98,86.23,1939,7,0
2023-01-06 17:00:00,86.23,86.49,85.56,85.71,1413,7,0
2023-01-06 18:00:00,85.72,86.37,85.66,86.24,904,7,0
2023-01-06 19:00:00,86.24,87.1,86.2,87.07,1081,7,0
2023-01-06 20:00:00,87.07,87.65,87.07,87.57,778,7,0
2023-01-09 14:00:00,88.75,89.21,88.18,89.07,1582,7,0
2023-01-09 15:00:00,89.08,89.81,89.01,89.37,2157,7,0
2023-01-09 16:00:00,89.37,89.86,89.29,89.79,1369,7,0
2023-01-09 17:00:00,89.79,89.86,89.52,89.76,1070,7,0
2023-01-09 18:00:00,89.75,90.01,89.01,89.14,1225,7,0
2023-01-09 19:00:00,89.12,89.32,88.33,88.37,1523,7,0
2023-01-09 20:00:00,88.37,88.49,87.91,88.15,1327,7,0
2023-01-10 14:00:00,86.66,87.81,86.36,87.51,2898,7,0
2023-01-10 15:00:00,87.52,88.63,86.84,88.07,5026,7,0
2023-01-10 16:00:00,88.09,88.43,87.66,87.93,2687,7,0
2023-01-10 17:00:00,87.91,88.45,87.6,88.29,1783,7,0
2023-01-10 18:00:00,88.29,88.5,88.01,88.24,1307,7,0
2023-01-10 19:00:00,88.26,88.33,87.94,88.0,1134,7,0
2023-01-10 20:00:00,88.0,88.22,87.84,88.2,918,7,0
2023-01-11 14:00:00,89.94,90.26,89.45,89.71,1890,7,0
2023-01-11 15:00:00,89.72,90.36,89.48,89.61,2532,7,0
2023-01-11 16:00:00,89.61,90.5,89.57,90.28,1181,7,0
2023-01-11 17:00:00,90.28,90.72,90.28,90.64,1094,7,0
2023-01-11 18:00:00,90.65,90.99,90.45,90.66,1127,7,0
2023-01-11 19:00:00,90.67,90.93,90.49,90.82,930,7,0
2023-01-11 20:00:00,90.82,91.35,90.77,91.34,816,7,0
2023-01-12 14:00:00,91.12,91.21,89.72,90.25,2124,7,0
2023-01-12 15:00:00,90.27,91.78,90.23,90.91,4344,7,0
2023-01-12 16:00:00,90.91,91.23,90.48,91.18,3172,7,0
2023-01-12 17:00:00,91.16,91.51,91.07,91.33,1297,7,0
2023-01-12 18:00:00,91.33,91.69,90.59,91.51,1905,7,0
2023-01-12 19:00:00,91.52,91.6,91.14,91.3,1587,7,0
2023-01-12 20:00:00,91.31,91.34,90.99,91.03,1200,7,0
2023-01-13 14:00:00,90.8,90.98,90.23,90.59,1712,7,0
2023-01-13 15:00:00,90.56,91.09,90.48,90.69,3068,7,0
2023-01-13 16:00:00,90.68,90.75,90.09,90.71,2028,7,0
2023-01-13 17:00:00,90.7,91.28,90.67,91.16,1081,7,0
2023-01-13 18:00:00,91.16,91.62,90.92,91.55,942,7,0
2023-01-13 19:00:00,91.54,91.64,91.12,91.57,1013,7,0
2023-01-13 20:00:00,91.57,92.13,91.54,91.96,713,7,0
2023-01-17 14:00:00,90.61,91.09,90.03,91.02,1686,7,0
2023-01-17 15:00:00,91.03,91.66,90.51,91.2,2322,7,0
2023-01-17 16:00:00,91.21,91.36,90.49,90.95,1636,7,0
2023-01-17 17:00:00,90.96,91.18,90.75,91.09,976,7,0
2023-01-17 18:00:00,91.09,91.46,90.93,91.24,867,7,0
2023-01-17 19:00:00,91.24,91.45,91.06,91.29,846,7,0
2023-01-17 20:00:00,91.29,91.6,91.27,91.53,446,7,0
2023-01-18 14:00:00,92.05,92.14,91.54,92.14,1474,7,0
2023-01-18 15:00:00,92.15,92.76,91.11,91.42,2697,7,0
2023-01-18 16:00:00,91.4,91.51,90.73,91.16,1865,7,0
2023-01-18 17:00:00,91.15,91.36,90.97,91.01,1255,7,0
2023-01-18 18:00:00,91.03,91.24,90.61,91.14,1021,7,0
2023-01-18 19:00:00,91.15,91.6,91.0,91.39,830,7,0
2023-01-18 20:00:00,91.39,91.66,91.2,91.24,811,7,0
2023-01-19 14:00:00,91.85,91.91,90.8,91.1,1445,7,0
2023-01-19 15:00:00,91.09,92.67,90.94,92.33,3148,7,0
2023-01-19 16:00:00,92.33,92.95,92.09,92.36,1759,7,0
2023-01-19 17:00:00,92.36,93.13,92.36,92.84,1161,7,0
2023-01-19 18:00:00,92.84,93.28,92.74,92.77,1615,7,0
2023-01-19 19:00:00,92.75,93.43,92.6,93.32,1267,7,0
2023-01-19 20:00:00,93.33,93.56,93.01,93.03,1104,7,0
2023-01-20 14:00:00,96.06,97.5,96.01,96.85,2783,7,0
2023-01-20 15:00:00,96.84,98.03,96.4,96.5,4925,7,0
2023-01-20 16:00:00,96.51,97.38,96.19,96.83,2430,7,0
2023-01-20 17:00:00,96.83,97.13,96.78,96.81,1278,7,0
2023-01-20 18:00:00,96.81,97.53,96.46,97.43,1581,7,0
2023-01-20 19:00:00,97.43,97.71,97.17,97.7,1255,7,0
2023-01-20 20:00:00,97.7,98.26,97.7,97.81,1078,7,0
2023-01-23 14:00:00,97.99,98.92,97.63,98.29,1687,7,0
2023-01-23 15:00:00,98.3,99.41,98.22,99.3,2591,7,0
2023-01-23 16:00:00,99.3,99.88,99.29,99.81,1646,7,0
2023-01-23 17:00:00,99.81,99.95,99.6,99.8,1104,7,0
2023-01-23 18:00:00,99.79,100.0,99.5,99.5,1131,7,0
2023-01-23 19:00:00,99.5,99.53,98.57,98.95,1711,7,0
2023-01-23 20:00:00,98.95,99.55,98.78,99.48,1279,7,0
2023-01-24 14:00:00,98.43,99.57,98.26,98.8,2039,7,0
2023-01-24 15:00:00,98.81,99.35,98.31,99.07,3674,7,0
2023-01-24 16:00:00,99.09,99.49,98.83,99.08,2342,7,0
2023-01-24 17:00:00,99.08,99.1,97.9,98.31,1828,7,0
2023-01-24 18:00:00,98.32,98.67,98.05,98.38,1596,7,0
2023-01-24 19:00:00,98.38,98.39,97.37,97.86,1607,7,0
2023-01-24 20:00:00,97.88,98.02,97.29,97.31,1180,7,0
2023-01-25 14:00:00,95.8,95.99,94.48,94.48,1786,7,0
2023-01-25 15:00:00,94.47,94.75,93.72,94.09,3708,7,0
2023-01-25 16:00:00,94.1,94.83,93.77,94.69,2268,7,0
2023-01-25 17:00:00,94.7,94.83,94.08,94.46,1382,7,0
2023-01-25 18:00:00,94.46,94.9,94.43,94.7,1336,7,0
2023-01-25 19:00:00,94.7,95.18,94.5,94.89,1583,7,0
2023-01-25 20:00:00,94.9,95.31,94.74,94.88,1107,7,0
2023-01-26 14:00:00,96.94,96.99,96.08,96.14,1688,7,0
2023-01-26 15:00:00,96.14,96.92,95.35,95.45,3195,7,0
2023-01-26 16:00:00,95.45,96.33,95.36,96.3,2745,7,0
2023-01-26 17:00:00,96.31,96.9,96.27,96.64,1570,7,0
2023-01-26 18:00:00,96.64,97.09,96.5,96.97,1248,7,0
2023-01-26 19:00:00,96.97,97.2,96.85,96.94,810,7,0
2023-01-26 20:00:00,96.94,97.52,96.92,97.41,703,7,0
2023-01-27 14:00:00,98.82,99.05,98.46,99.02,1249,7,0
2023-01-27 15:00:00,99.0,99.38,98.27,98.27,3016,7,0
2023-01-27 16:00:00,98.27,99.43,98.2,99.39,1813,7,0
2023-01-27 17:00:00,99.39,99.63,99.1,99.25,1344,7,0
2023-01-27 18:00:00,99.24,99.81,98.92,99.8,1282,7,0
2023-01-27 19:00:00,99.79,100.27,99.54,99.85,1201,7,0
2023-01-27 20:00:00,99.85,100.11,99.58,99.95,845,7,0
2023-01-30 14:00:00,97.68,98.2,97.33,98.15,1512,7,0
2023-01-30 15:00:00,98.15,98.25,96.37,97.01,2841,7,0
2023-01-30 16:00:00,97.0,97.63,96.91,97.63,2055,7,0
2023-01-30 17:00:00,97.63,97.63,96.97,97.2,1706,7,0
2023-01-30 18:00:00,97.21,97.6,97.0,97.38,1420,7,0
2023-01-30 19:00:00,97.37,97.53,96.96,97.1,1166,7,0
2023-01-30 20:00:00,97.1,97.29,96.8,97.04,880,7,0
2023-01-31 14:00:00,97.12,97.66,96.98,97.2,1776,7,0
2023-01-31 15:00:00,97.21,97.77,97.13,97.54,2874,7,0
2023-01-31 16:00:00,97.56,97.77,97.53,97.62,1427,7,0
2023-01-31 17:00:00,97.64,97.99,97.49,97.96,979,7,0
2023-01-31 18:00:00,97.96,98.12,97.56,98.08,886,7,0
2023-01-31 19:00:00,98.08,98.53,97.98,98.45,813,7,0
2023-01-31 20:00:00,98.46,98.64,98.15,98.44,732,7,0
2023-02-01 14:00:00,98.52,98.68,98.1,98.16,1318,7,0
2023-02-01 15:00:00,98.18,98.71,97.82,97.89,2983,7,0
2023-02-01 16:00:00,97.88,98.24,97.73,98.15,1330,7,0
2023-02-01 17:00:00,98.15,98.31,97.87,98.25,1025,7,0
2023-02-01 18:00:00,98.25,98.4,97.98,98.21,1117,7,0
2023-02-01 19:00:00,98.21,100.1,97.54,99.8,8176,7,0
2023-02-01 20:00:00,99.81,101.15,99.78,100.82,3029,7,0
2023-02-02 14:00:00,106.36,107.01,105.95,106.29,2030,7,0
2023-02-02 15:00:00,106.28,107.55,106.03,107.07,4747,7,0
2023-02-02 16:00:00,107.08,107.25,106.61,106.77,2601,7,0
2023-02-02 17:00:00,106.77,107.04,106.08,106.43,2253,7,0
2023-02-02 18:00:00,106.44,107.68,106.22,107.67,1611,7,0
2023-02-02 19:00:00,107.68,107.78,105.92,106.11,2689,7,0
2023-02-02 20:00:00,106.11,107.69,105.9,107.36,2577,7,0
2023-02-03 14:00:00,102.98,106.21,102.88,105.64,4796,7,0
2023-02-03 15:00:00,105.62,107.52,104.43,106.41,9178,7,0
2023-02-03 16:00:00,106.42,107.77,106.37,106.69,4689,7,0
2023-02-03 17:00:00,106.67,107.06,105.42,105.53,2966,7,0
2023-02-03 18:00:00,105.52,105.76,104.52,105.19,3115,0,0
2023-02-03 19:00:00,105.2,105.34,103.96,104.08,2690,0,0
2023-02-03 20:00:00,104.08,104.8,103.92,104.65,1940,0,0
2023-02-06 14:00:00,104.05,104.29,103.13,103.4,1070,12,0
2023-02-06 15:00:00,103.37,103.79,101.83,102.72,2411,7,0
2023-02-06 16:00:00,102.72,103.36,102.19,102.84,1787,7,0
2023-02-06 17:00:00,102.83,103.32,102.5,103.02,1753,7,0
2023-02-06 18:00:00,103.02,103.1,102.35,102.53,1530,7,0
2023-02-06 19:00:00,102.53,103.83,102.53,102.95,1818,7,0
2023-02-06 20:00:00,102.95,103.04,102.58,102.86,1084,7,0
2023-02-07 14:00:00,103.71,103.9,103.12,103.2,1803,7,0
2023-02-07 15:00:00,103.19,104.71,103.09,104.34,3907,7,0
2023-02-07 16:00:00,104.35,105.51,104.25,105.13,2262,7,0
2023-02-07 17:00:00,105.13,106.67,104.57,106.31,5825,7,0
2023-02-07 18:00:00,106.32,106.57,103.69,104.57,11651,7,0
2023-02-07 19:00:00,104.56,106.81,104.51,106.66,4901,7,0
2023-02-07 20:00:00,106.67,107.44,106.21,107.43,1797,7,0
2023-02-08 14:00:00,100.93,101.77,100.57,101.44,4316,7,0
2023-02-08 15:00:00,101.42,101.58,99.24,99.24,5736,7,0
2023-02-08 16:00:00,99.23,99.37,98.01,99.05,4721,7,0
2023-02-08 17:00:00,99.07,99.89,98.47,99.46,2916,7,0
2023-02-08 18:00:00,99.46,99.8,98.55,99.13,2319,7,0
2023-02-08 19:00:00,99.14,99.77,98.88,99.67,1901,7,0
2023-02-08 20:00:00,99.67,99.69,98.93,99.45,1452,7,0
2023-02-09 14:00:00,97.51,97.63,96.19,96.63,3494,7,0
2023-02-09 15:00:00,96.64,96.68,95.24,95.42,5383,7,0
2023-02-09 16:00:00,95.43,95.43,93.82,94.17,3761,7,0
2023-02-09 17:00:00,94.16,94.45,93.6,94.02,2527,7,0
2023-02-09 18:00:00,94.01,95.02,93.88,94.94,2352,7,0
2023-02-09 19:00:00,94.93,95.13,93.98,94.22,2073,7,0
2023-02-09 20:00:00,94.22,94.59,93.88,94.55,1258,7,0
2023-02-10 14:00:00,95.8,96.15,95.01,95.28,2645,7,0
2023-02-10 15:00:00,95.25,95.91,94.7,95.39,5340,7,0
2023-02-10 16:00:00,95.38,95.5,94.55,94.57,2451,7,0
2023-02-10 17:00:00,94.55,94.91,94.22,94.72,2209,7,0
2023-02-10 18:00:00,94.72,95.31,94.71,94.87,1633,7,0
2023-02-10 19:00:00,94.87,94.91,94.37,94.54,1506,7,0
2023-02-10 20:00:00,94.56,94.63,94.27,94.51,1247,7,0
2023-02-13 14:00:00,94.67,95.1,94.4,94.98,2541,7,0
2023-02-13 15:00:00,94.98,95.15,93.81,94.11,3476,7,0
2023-02-13 16:00:00,94.13,94.75,93.95,94.26,1939,7,0
2023-02-13 17:00:00,94.26,94.74,94.2,94.51,1349,7,0
2023-02-13 18:00:00,94.51,94.92,94.19,94.79,1250,7,0
2023-02-13 19:00:00,94.79,94.83,94.09,94.24,1434,7,0
2023-02-13 20:00:00,94.24,94.61,94.07,94.56,1070,7,0
2023-02-14 14:00:00,93.95,94.12,93.4,93.81,2160,7,0
2023-02-14 15:00:00,93.82,94.25,92.48,92.9,4044,7,0
2023-02-14 16:00:00,92.88,93.38,92.23,92.62,3521,7,0
2023-02-14 17:00:00,92.61,93.46,92.51,93.18,2101,7,0
2023-02-14 18:00:00,93.19,94.02,93.17,93.63,2551,7,0
2023-02-14 19:00:00,93.64,94.18,93.22,94.12,2039,7,0
2023-02-14 20:00:00,94.12,94.75,93.76,94.71,1282,7,0
2023-02-15 14:00:00,94.66,95.01,94.14,94.36,2083,7,0
2023-02-15 15:00:00,94.34,95.23,94.21,95.16,3543,7,0
2023-02-15 16:00:00,95.14,96.8,95.13,96.19,2415,7,0
2023-02-15 17:00:00,96.21,96.48,95.89,96.12,2280,7,0
2023-02-15 18:00:00,96.14,96.66,96.03,96.58,1498,7,0
2023-02-15 19:00:00,96.58,97.07,96.54,96.64,1301,7,0
2023-02-15 20:00:00,96.65,96.78,96.4,96.44,972,7,0
2023-02-16 14:00:00,95.45,96.48,95.24,96.09,2565,7,0
2023-02-16 15:00:00,96.07,97.55,95.59,97.51,3615,7,0
2023-02-16 16:00:00,97.53,97.64,96.5,96.92,2694,7,0
2023-02-16 17:00:00,96.91,97.02,96.24,96.56,2347,7,0
2023-02-16 18:00:00,96.56,96.95,96.32,96.79,2029,7,0
2023-02-16 19:00:00,96.79,97.03,96.54,96.74,1505,7,0
2023-02-16 20:00:00,96.74,96.79,95.27,95.45,1996,7,0
2023-02-17 14:00:00,94.14,94.35,93.82,94.02,1693,7,0
2023-02-17 15:00:00,94.01,94.35,93.8,93.86,3175,7,0
2023-02-17 16:00:00,93.85,94.01,93.18,93.73,1809,7,0
2023-02-17 17:00:00,93.73,93.95,93.45,93.57,1389,7,0
2023-02-17 18:00:00,93.58,93.92,93.42,93.61,1373,7,0
2023-02-17 19:00:00,93.63,94.3,93.55,94.21,1309,7,0
2023-02-17 20:00:00,94.21,94.31,93.96,94.19,1389,7,0
2023-02-21 14:00:00,92.82,93.06,92.51,92.62,1962,7,0
2023-02-21 15:00:00,92.6,92.95,92.08,92.27,2557,7,0
2023-02-21 16:00:00,92.28,92.39,92.04,92.12,1231,7,0
2023-02-21 17:00:00,92.11,92.29,91.76,91.91,1109,7,0
2023-02-21 18:00:00,91.9,91.99,91.71,91.86,843,7,0
2023-02-21 19:00:00,91.88,92.04,91.69,91.96,946,7,0
2023-02-21 20:00:00,91.97,92.23,91.9,91.97,771,7,0
2023-02-22 14:00:00,91.85,91.95,91.42,91.49,1399,7,0
2023-02-22 15:00:00,91.47,91.96,90.58,91.71,2283,7,0
2023-02-22 16:00:00,91.72,91.94,91.39,91.84,1773,7,0
2023-02-22 17:00:00,91.84,92.0,91.67,91.95,1185,7,0
2023-02-22 18:00:00,91.95,92.07,91.74,91.78,1049,7,0
2023-02-22 19:00:00,91.78,92.07,91.37,91.47,4595,7,0
2023-02-22 20:00:00,91.48,91.85,91.43,91.54,1556,7,0
2023-02-23 14:00:00,91.17,91.73,90.83,91.41,1550,7,0
2023-02-23 15:00:00,91.41,91.58,90.34,90.35,2628,7,0
2023-02-23 16:00:00,90.33,90.61,89.92,89.97,1760,7,0
2023-02-23 17:00:00,89.97,90.25,89.73,90.16,1262,7,0
2023-02-23 18:00:00,90.16,90.44,89.87,90.34,1239,7,0
2023-02-23 19:00:00,90.33,91.12,90.24,90.75,1336,7,0
2023-02-23 20:00:00,90.75,91.1,90.75,90.98,887,7,0
2023-02-24 14:00:00,89.81,89.82,89.11,89.2,1491,7,0
2023-02-24 15:00:00,89.18,89.33,88.54,88.75,2467,7,0
2023-02-24 16:00:00,88.75,89.16,88.64,88.97,1427,7,0
2023-02-24 17:00:00,88.97,89.17,88.73,88.92,1121,7,0
2023-02-24 18:00:00,88.91,89.03,88.76,88.86,1006,7,0
2023-02-24 19:00:00,88.86,89.24,88.76,89.17,1079,7,0
2023-02-24 20:00:00,89.17,89.33,88.88,89.0,1019,7,0
2023-02-27 14:00:00,89.77,89.87,89.31,89.75,1221,7,0
2023-02-27 15:00:00,89.74,90.13,89.54,89.7,2127,7,0
2023-02-27 16:00:00,89.7,89.9,89.45,89.75,1381,7,0
2023-02-27 17:00:00,89.75,89.83,89.56,89.77,1007,7,0
2023-02-27 18:00:00,89.77,89.95,89.59,89.95,820,7,0
2023-02-27 19:00:00,89.96,90.06,89.53,89.71,929,7,0
2023-02-27 20:00:00,89.72,89.76,89.47,89.64,793,7,0
2023-02-28 14:00:00,89.84,90.13,89.77,89.95,1195,7,0
2023-02-28 15:00:00,89.94,90.54,89.83,90.0,2336,7,0
2023-02-28 16:00:00,90.0,90.54,89.95,90.15,1428,7,0
2023-02-28 17:00:00,90.16,91.03,90.16,90.88,1105,7,0
2023-02-28 18:00:00,90.88,91.19,90.85,90.97,977,7,0
2023-02-28 19:00:00,90.96,91.01,90.57,90.61,1037,7,0
2023-02-28 20:00:00,90.61,90.68,90.32,90.5,731,7,0
2023-03-01 14:00:00,90.34,90.99,90.14,90.7,1395,7,0
2023-03-01 15:00:00,90.73,90.82,89.78,90.34,2890,7,0
2023-03-01 16:00:00,90.35,90.63,89.72,90.52,1854,7,0
2023-03-01 17:00:00,90.52,90.96,90.35,90.69,1351,7,0
2023-03-01 18:00:00,90.69,90.69,90.22,90.41,1085,7,0
2023-03-01 19:00:00,90.4,90.48,90.07,90.25,989,7,0
2023-03-01 20:00:00,90.25,90.32,89.97,90.3,879,7,0
2023-03-02 14:00:00,89.89,90.14,89.68,90.02,1229,7,0
2023-03-02 15:00:00,90.04,90.26,89.74,90.09,2076,7,0
2023-03-02 16:00:00,90.08,90.44,89.96,90.19,1223,7,0
2023-03-02 17:00:00,90.2,90.59,90.12,90.57,893,7,0
2023-03-02 18:00:00,90.58,91.38,90.55,91.38,1118,7,0
2023-03-02 19:00:00,91.38,92.05,91.38,91.96,1316,7,0
2023-03-02 20:00:00,91.94,92.24,91.79,92.06,921,7,0
2023-03-03 14:00:00,92.53,93.26,92.46,93.23,1038,7,0
2023-03-03 15:00:00,93.25,93.66,92.67,93.56,2297,7,0
2023-03-03 16:00:00,93.56,93.58,93.03,93.36,1454,7,0
2023-03-03 17:00:00,93.36,93.43,93.08,93.4,986,7,0
2023-03-03 18:00:00,93.41,93.55,93.2,93.41,793,7,0
2023-03-03 19:00:00,93.4,93.67,93.28,93.56,722,7,0
2023-03-03 20:00:00,93.56,93.6,93.15,93.44,730,7,0
2023-03-06 14:00:00,94.24,94.84,94.16,94.82,1201,7,0
2023-03-06 15:00:00,94.83,95.53,94.66,95.47,1883,7,0
2023-03-06 16:00:00,95.47,95.93,95.43,95.57,1160,7,0
2023-03-06 17:00:00,95.57,95.72,95.13,95.27,1100,7,0
2023-03-06 18:00:00,95.26,95.43,95.06,95.16,1191,7,0
2023-03-06 19:00:00,95.17,95.42,95.13,95.21,1067,7,0
2023-03-06 20:00:00,95.21,95.41,95.0,95.19,859,7,0
2023-03-07 14:00:00,95.25,95.49,95.12,95.2,1006,7,0
2023-03-07 15:00:00,95.18,95.2,93.95,94.34,3714,7,0
2023-03-07 16:00:00,94.33,94.81,94.28,94.49,2031,7,0
2023-03-07 17:00:00,94.48,94.95,94.23,94.33,1632,7,0
2023-03-07 18:00:00,94.32,94.36,93.65,93.68,1146,7,0
2023-03-07 19:00:00,93.67,94.03,93.56,93.57,843,7,0
2023-03-07 20:00:00,93.57,93.75,93.5,93.73,705,7,0
2023-03-08 14:00:00,94.57,94.79,94.22,94.76,1182,7,0
2023-03-08 15:00:00,94.76,95.34,94.22,95.31,3565,7,0
2023-03-08 16:00:00,95.3,95.91,95.15,95.56,1676,7,0
2023-03-08 17:00:00,95.56,95.64,94.65,95.05,1583,7,0
2023-03-08 18:00:00,95.04,95.05,94.52,94.62,1426,7,0
2023-03-08 19:00:00,94.63,94.75,94.18,94.25,963,7,0
2023-03-08 20:00:00,94.23,94.4,93.99,94.4,665,7,0
2023-03-09 14:00:00,94.79,95.49,94.58,95.08,1335,7,0
2023-03-09 15:00:00,95.08,95.4,94.64,94.8,2260,7,0
2023-03-09 16:00:00,94.79,94.94,94.52,94.63,1404,7,0
2023-03-09 17:00:00,94.64,94.84,94.02,94.12,1388,7,0
2023-03-09 18:00:00,94.11,94.34,93.12,93.36,1597,7,0
2023-03-09 19:00:00,93.36,93.5,93.02,93.09,1631,7,0
2023-03-09 20:00:00,93.11,93.15,91.87,92.48,1821,7,0
2023-03-10 14:00:00,92.05,92.05,91.53,91.7,2240,7,0
2023-03-10 15:00:00,91.71,92.4,91.32,92.26,5071,7,0
2023-03-10 16:00:00,92.27,92.65,91.85,92.09,3326,7,0
2023-03-10 17:00:00,92.08,92.31,91.59,91.65,2383,7,0
2023-03-10 18:00:00,91.65,91.87,90.37,90.4,1991,7,0
2023-03-10 19:00:00,90.38,91.37,90.37,91.19,3197,7,0
2023-03-10 20:00:00,91.19,91.26,90.37,90.44,2738,7,0
2023-03-13 13:00:00,89.92,91.72,89.62,91.34,4460,7,0
2023-03-13 14:00:00,91.32,91.94,90.72,91.46,9672,7,0
2023-03-13 15:00:00,91.48,92.35,91.37,92.06,7055,7,0
2023-03-13 16:00:00,92.06,92.54,91.84,91.94,4522,7,0
2023-03-13 17:00:00,91.94,91.95,91.17,91.75,3297,7,0
2023-03-13 18:00:00,91.75,92.41,91.74,92.27,3242,7,0
2023-03-13 19:00:00,92.27,92.42,91.38,91.86,2605,7,0
2023-03-14 14:00:00,94.19,94.21,93.71,93.74,691,7,0
2023-03-14 15:00:00,93.75,94.14,93.68,93.72,1833,7,0
2023-03-14 16:00:00,93.72,94.02,93.37,93.48,1572,7,0
2023-03-14 17:00:00,93.49,93.62,92.8,93.02,2195,7,0
2023-03-14 18:00:00,93.02,93.33,92.41,93.25,2054,7,0
2023-03-14 19:00:00,93.26,93.46,92.57,93.44,1677,7,0
2023-03-15 13:00:00,93.59,94.12,93.0,93.16,2984,7,0
2023-03-15 14:00:00,93.15,93.77,92.6,93.26,5662,7,0
2023-03-15 15:00:00,93.28,94.88,93.09,94.55,3426,7,0
2023-03-15 16:00:00,94.53,95.05,94.19,94.63,2150,7,0
2023-03-15 17:00:00,94.63,96.03,94.58,95.91,2600,7,0
2023-03-15 18:00:00,95.92,96.68,95.6,96.49,3910,7,0
2023-03-15 19:00:00,96.5,96.89,95.95,96.33,2937,7,0
2023-03-16 14:00:00,98.0,99.41,97.99,99.1,1209,7,0
2023-03-16 15:00:00,99.09,100.14,99.04,99.66,3006,7,0
2023-03-16 16:00:00,99.65,99.91,99.13,99.79,1514,7,0
2023-03-16 17:00:00,100.46,100.61,100.23,100.28,809,7,0
2023-03-16 18:00:00,100.26,100.81,100.21,100.77,1640,7,0
2023-03-16 19:00:00,100.77,101.14,100.43,100.45,1190,7,0
2023-03-17 13:00:00,101.78,102.4,101.0,102.21,2905,7,0
2023-03-17 14:00:00,102.23,102.8,100.69,101.53,5149,7,0
2023-03-17 15:00:00,101.54,101.71,100.29,101.08,3367,7,0
2023-03-17 16:00:00,101.09,101.84,101.02,101.4,2815,7,0
2023-03-17 17:00:00,101.41,102.01,101.33,101.77,1947,7,0
2023-03-17 18:00:00,101.78,101.89,100.9,101.1,1947,7,0
2023-03-17 19:00:00,101.12,101.54,100.98,101.41,1700,7,0
2023-03-20 13:00:00,100.73,100.84,99.85,100.14,2531,7,0
2023-03-20 14:00:00,100.13,101.26,100.12,101.23,3623,7,0
2023-03-20 15:00:00,101.23,101.71,100.91,100.93,2051,7,0
2023-03-20 16:00:00,100.93,101.23,100.57,101.13,1935,7,0
2023-03-20 17:00:00,101.13,101.36,100.75,101.12,1370,7,0
2023-03-20 18:00:00,101.12,101.45,100.87,101.24,1372,7,0
2023-03-20 19:00:00,101.23,101.35,100.96,101.06,1170,7,0
2023-03-21 13:00:00,101.52,102.38,101.4,102.33,1417,7,0
2023-03-21 14:00:00,102.35,103.13,102.05,102.23,3492,7,0
2023-03-21 15:00:00,102.24,103.39,102.2,103.19,1895,7,0
2023-03-21 16:00:00,103.18,104.41,103.06,104.25,1625,7,0
2023-03-21 17:00:00,104.26,105.05,104.2,104.47,1393,7,0
2023-03-21 18:00:00,104.47,104.49,103.81,104.4,1606,7,0
2023-03-21 19:00:00,104.39,105.04,104.32,104.97,967,7,0
2023-03-22 13:00:00,104.22,104.87,103.99,104.73,1969,7,0
2023-03-22 14:00:00,104.74,105.09,104.19,104.84,2621,7,0
2023-03-22 15:00:00,104.85,106.09,104.78,105.67,1701,7,0
2023-03-22 16:00:00,105.67,105.74,104.89,105.35,1388,7,0
2023-03-22 17:00:00,105.35,105.36,104.95,105.2,1136,7,0
2023-03-22 18:00:00,105.21,106.55,104.43,105.27,9399,7,0
2023-03-22 19:00:00,105.26,106.29,104.52,104.78,6189,7,0
2023-03-23 13:00:00,104.64,105.3,104.62,105.13,1611,7,0
2023-03-23 14:00:00,105.14,106.26,105.14,105.89,2864,7,0
2023-03-23 15:00:00,105.9,106.04,105.51,105.87,1842,7,0
2023-03-23 16:00:00,105.86,106.19,105.66,105.91,1814,7,0
2023-03-23 17:00:00,105.91,106.04,105.38,105.64,2204,7,0
2023-03-23 18:00:00,105.64,105.78,104.79,105.46,2922,7,0
2023-03-23 19:00:00,105.48,106.06,104.96,105.58,4409,7,0
2023-03-24 13:00:00,104.58,105.17,104.34,105.0,2295,7,0
2023-03-24 14:00:00,105.01,105.14,104.4,104.88,4016,7,0
2023-03-24 15:00:00,104.88,105.32,103.81,105.11,3008,7,0
2023-03-24 16:00:00,105.11,105.23,104.23,104.52,2181,7,0
2023-03-24 17:00:00,104.52,105.03,104.34,104.86,1921,7,0
2023-03-24 18:00:00,104.85,105.16,104.62,104.98,1520,7,0
2023-03-24 19:00:00,104.98,105.35,104.76,105.21,1313,7,0
2023-03-27 13:00:00,104.13,104.72,104.09,104.63,1815,7,0
2023-03-27 14:00:00,104.64,104.68,102.98,103.23,2941,7,0
2023-03-27 15:00:00,103.21,103.5,102.29,102.34,2111,7,0
2023-03-27 16:00:00,102.33,102.92,102.11,102.5,1757,7,0
2023-03-27 17:00:00,102.5,102.91,101.9,102.52,1671,7,0
2023-03-27 18:00:00,102.5,103.19,102.35,103.14,1287,7,0
2023-03-27 19:00:00,103.14,103.3,102.74,102.8,1070,7,0
2023-03-28 13:00:00,99.99,100.59,99.72,100.2,1758,7,0
2023-03-28 14:00:00,100.21,101.03,99.72,99.74,2684,7,0
2023-03-28 15:00:00,99.73,100.78,99.71,100.77,1590,7,0
2023-03-28 16:00:00,100.77,100.92,100.05,100.36,1236,7,0
2023-03-28 17:00:00,100.38,100.84,100.02,100.12,1195,7,0
2023-03-28 18:00:00,100.11,100.93,100.05,100.65,1055,7,0
2023-03-28 19:00:00,100.66,101.03,100.65,100.86,895,7,0
2023-03-29 13:00:00,101.98,102.07,100.99,101.53,1642,7,0
2023-03-29 14:00:00,101.55,101.63,100.62,100.95,2629,7,0
2023-03-29 15:00:00,100.95,101.66,100.93,101.55,1202,7,0
2023-03-29 16:00:00,101.56,101.63,101.26,101.32,900,7,0
2023-03-29 17:00:00,101.32,101.5,101.1,101.3,1041,7,0
2023-03-29 18:00:00,101.3,101.43,101.12,101.32,976,7,0
2023-03-29 19:00:00,101.32,101.4,101.2,101.36,850,7,0
2023-03-30 13:00:00,100.13,100.32,99.89,100.32,1297,7,0
2023-03-30 14:00:00,100.33,100.65,99.76,100.51,2089,7,0
2023-03-30 15:00:00,100.51,100.84,100.21,100.5,1356,7,0
2023-03-30 16:00:00,100.5,100.77,100.35,100.61,1218,7,0
2023-03-30 17:00:00,100.61,100.75,100.46,100.6,936,7,0
2023-03-30 18:00:00,100.61,100.7,100.49,100.62,878,7,0
2023-03-30 19:00:00,100.61,101.11,100.59,100.93,575,7,0
2023-03-31 13:00:00,101.34,101.83,101.33,101.8,1069,7,0
2023-03-31 14:00:00,101.82,103.2,101.58,102.52,2221,7,0
2023-03-31 15:00:00,102.53,102.82,102.32,102.5,1385,7,0
2023-03-31 16:00:00,102.5,102.58,102.22,102.36,1018,7,0
2023-03-31 17:00:00,102.36,102.73,102.21,102.69,853,7,0
2023-03-31 18:00:00,102.69,102.96,102.56,102.96,812,7,0
2023-03-31 19:00:00,102.96,103.57,102.95,103.14,1012,7,0
2023-04-03 13:00:00,103.52,103.75,103.07,103.28,1521,7,0
2023-04-03 14:00:00,103.3,103.7,102.68,102.88,2568,7,0
2023-04-03 15:00:00,102.87,103.02,102.51,103.01,1444,7,0
2023-04-03 16:00:00,103.02,103.36,102.91,103.11,962,7,0
2023-04-03 17:00:00,103.1,103.12,102.85,103.05,976,7,0
2023-04-03 18:00:00,103.05,103.66,102.85,103.61,844,7,0
2023-04-03 19:00:00,103.61,104.03,103.57,104.01,717,7,0
2023-04-04 13:00:00,104.58,105.27,104.14,105.08,1551,7,0
2023-04-04 14:00:00,105.1,105.55,104.85,105.07,2912,7,0
2023-04-04 15:00:00,105.06,105.3,104.66,104.78,1808,7,0
2023-04-04 16:00:00,104.76,104.88,104.22,104.51,1350,7,0
2023-04-04 17:00:00,104.51,104.8,104.45,104.62,970,7,0
2023-04-04 18:00:00,104.62,104.79,104.23,104.36,938,7,0
2023-04-04 19:00:00,104.35,104.7,104.3,104.33,1000,7,0
2023-04-05 13:00:00,105.0,105.14,104.11,104.88,1962,7,0
2023-04-05 14:00:00,104.88,105.2,103.68,103.72,3093,7,0
2023-04-05 15:00:00,103.7,104.51,103.7,104.13,1526,7,0
2023-04-05 16:00:00,104.12,104.18,103.63,103.83,1306,7,0
2023-04-05 17:00:00,103.83,104.17,103.66,104.07,1066,7,0
2023-04-05 18:00:00,104.06,104.49,103.89,104.29,970,7,0
2023-04-05 19:00:00,104.29,104.38,103.83,104.35,885,7,0
2023-04-06 13:00:00,105.0,105.12,104.33,104.89,1566,7,0
2023-04-06 14:00:00,104.91,106.3,104.81,105.75,3030,7,0
2023-04-06 15:00:00,105.73,107.1,105.67,106.93,1891,7,0
2023-04-06 16:00:00,106.93,107.28,106.74,106.78,1809,7,0
2023-04-06 17:00:00,106.79,108.03,106.72,108.02,1252,7,0
2023-04-06 18:00:00,108.03,109.13,108.02,108.38,1989,7,0
2023-04-06 19:00:00,108.37,108.59,108.06,108.32,1074,7,0
2023-04-10 13:00:00,107.1,107.19,105.96,106.36,1702,7,0
2023-04-10 14:00:00,106.36,106.39,105.54,105.91,2776,7,0
2023-04-10 15:00:00,105.92,106.37,105.86,105.92,1466,7,0
2023-04-10 16:00:00,105.91,105.94,105.09,105.93,1875,7,0
2023-04-10 17:00:00,105.93,106.41,105.91,106.24,1048,7,0
2023-04-10 18:00:00,106.25,106.52,106.14,106.47,1028,7,0
2023-04-10 19:00:00,106.48,106.56,106.35,106.35,787,7,0
2023-04-11 13:00:00,106.23,106.34,105.42,105.5,1594,7,0
2023-04-11 14:00:00,105.52,105.64,104.66,104.93,2689,7,0
2023-04-11 15:00:00,104.91,105.35,104.86,105.29,1511,7,0
2023-04-11 16:00:00,105.29,105.62,105.21,105.49,1098,7,0
2023-04-11 17:00:00,105.49,105.94,105.43,105.83,858,7,0
2023-04-11 18:00:00,105.84,106.15,105.64,106.08,738,7,0
2023-04-11 19:00:00,106.08,106.14,105.51,105.54,749,7,0
2023-04-12 13:00:00,106.41,106.44,105.32,105.43,1621,7,0
2023-04-12 14:00:00,105.41,105.89,104.66,104.76,3046,7,0
2023-04-12 15:00:00,104.74,105.39,104.34,105.26,1958,7,0
2023-04-12 16:00:00,105.25,105.59,105.1,105.54,1239,7,0
2023-04-12 17:00:00,105.54,105.65,105.02,105.07,1129,7,0
2023-04-12 18:00:00,105.06,105.32,104.31,104.69,2184,7,0
2023-04-12 19:00:00,104.69,104.85,104.37,104.65,1395,7,0
2023-04-13 13:00:00,106.59,106.82,106.03,106.69,1610,7,0
2023-04-13 14:00:00,106.69,107.04,106.35,106.37,2061,7,0
2023-04-13 15:00:00,106.38,106.86,106.3,106.61,1241,7,0
2023-04-13 16:00:00,106.61,106.85,106.5,106.75,872,7,0
2023-04-13 17:00:00,106.75,107.25,106.61,107.21,792,7,0
2023-04-13 18:00:00,107.21,107.42,107.03,107.15,807,7,0
2023-04-13 19:00:00,107.16,107.45,106.99,107.39,649,7,0
2023-04-14 13:00:00,107.8,108.05,107.5,107.76,1346,7,0
2023-04-14 14:00:00,107.72,108.05,107.11,107.73,3546,7,0
2023-04-14 15:00:00,107.73,108.04,107.45,107.9,1770,7,0
2023-04-14 16:00:00,107.9,107.9,107.23,107.4,1508,7,0
2023-04-14 17:00:00,107.38,107.98,107.32,107.86,1200,7,0
2023-04-14 18:00:00,107.87,108.82,107.85,108.78,988,7,0
2023-04-14 19:00:00,108.79,108.8,108.23,108.76,962,7,0
2023-04-17 13:00:00,104.72,105.66,104.68,105.03,2359,7,0
2023-04-17 14:00:00,105.02,105.96,104.87,105.51,2888,7,0
2023-04-17 15:00:00,105.52,105.53,104.71,105.06,1651,7,0
2023-04-17 16:00:00,105.04,105.33,104.91,105.29,1252,7,0
2023-04-17 17:00:00,105.3,105.83,105.19,105.52,1085,7,0
2023-04-17 18:00:00,105.52,105.91,105.36,105.86,987,7,0
2023-04-17 19:00:00,105.87,106.12,105.74,106.05,751,7,0
2023-04-18 13:00:00,105.97,106.44,105.71,105.71,1436,7,0
2023-04-18 14:00:00,105.72,105.84,104.78,104.98,2413,7,0
2023-04-18 15:00:00,104.97,105.3,104.88,104.94,1460,7,0
2023-04-18 16:00:00,104.93,105.24,104.76,104.9,1019,7,0
2023-04-18 17:00:00,104.9,104.91,104.35,104.68,846,7,0
2023-04-18 18:00:00,104.67,104.84,104.22,104.23,1160,7,0
2023-04-18 19:00:00,104.24,104.41,104.04,104.36,802,7,0
2023-04-19 13:00:00,103.44,103.48,103.03,103.11,1079,7,0
2023-04-19 14:00:00,103.11,103.99,103.1,103.79,1964,7,0
2023-04-19 15:00:00,103.8,104.44,103.8,104.44,1166,7,0
2023-04-19 16:00:00,104.44,104.7,104.34,104.6,937,7,0
2023-04-19 17:00:00,104.59,104.83,104.53,104.81,685,7,0
2023-04-19 18:00:00,104.82,104.95,104.36,104.53,902,7,0
2023-04-19 19:00:00,104.53,104.62,104.15,104.15,546,7,0
2023-04-20 13:00:00,104.66,105.05,104.24,104.84,1060,7,0
2023-04-20 14:00:00,104.82,105.03,104.37,104.87,2085,7,0
2023-04-20 15:00:00,104.88,105.35,104.5,105.22,1398,7,0
2023-04-20 16:00:00,105.21,105.67,104.96,105.66,1070,7,0
2023-04-20 17:00:00,105.68,106.21,105.62,105.87,1075,7,0
2023-04-20 18:00:00,105.86,105.87,104.95,105.16,1443,7,0
2023-04-20 19:00:00,105.17,105.43,104.58,105.02,1252,7,0
2023-04-21 13:00:00,105.82,105.91,104.91,105.03,1450,7,0
2023-04-21 14:00:00,105.01,105.62,104.73,105.61,2402,7,0
2023-04-21 15:00:00,105.63,105.93,105.26,105.3,1661,7,0
2023-04-21 16:00:00,105.32,105.47,104.92,105.06,1271,7,0
2023-04-21 17:00:00,105.07,105.48,104.87,105.35,1164,7,0
2023-04-21 18:00:00,105.37,105.55,105.07,105.12,981,7,0
2023-04-21 19:00:00,105.11,105.18,104.91,105.07,730,7,0
2023-04-24 13:00:00,105.96,106.41,105.8,106.07,1305,7,0
2023-04-24 14:00:00,106.08,106.26,104.99,105.38,2167,7,0
2023-04-24 15:00:00,105.36,105.75,105.19,105.3,1304,7,0
2023-04-24 16:00:00,105.3,105.73,105.3,105.64,876,7,0
2023-04-24 17:00:00,105.63,106.24,105.54,106.23,724,7,0
2023-04-24 18:00:00,106.24,106.59,106.11,106.27,934,7,0
2023-04-24 19:00:00,106.27,106.33,106.02,106.18,637,7,0
2023-04-25 13:00:00,106.47,106.53,105.34,105.36,1440,7,0
2023-04-25 14:00:00,105.35,105.75,105.08,105.39,2139,7,0
2023-04-25 15:00:00,105.39,106.08,105.27,105.8,1381,7,0
2023-04-25 16:00:00,105.8,105.96,105.23,105.54,1079,7,0
2023-04-25 17:00:00,105.54,105.68,104.67,104.75,1216,7,0
2023-04-25 18:00:00,104.74,104.96,104.53,104.64,1223,7,0
2023-04-25 19:00:00,104.64,104.71,104.12,104.3,1095,7,0
2023-04-26 13:00:00,104.18,105.74,103.56,105.66,1529,7,0
2023-04-26 14:00:00,105.63,106.27,104.93,105.0,2902,7,0
2023-04-26 15:00:00,105.0,105.66,104.13,104.2,2411,7,0
2023-04-26 16:00:00,104.21,104.76,103.28,103.53,1961,7,0
2023-04-26 17:00:00,103.53,103.8,103.23,103.66,1450,7,0
2023-04-26 18:00:00,103.67,103.83,103.25,103.39,1308,7,0
2023-04-26 19:00:00,103.4,103.71,103.34,103.56,845,7,0
2023-04-27 13:00:00,105.09,105.95,104.83,105.33,1479,7,0
2023-04-27 14:00:00,105.32,107.01,105.25,106.4,2651,7,0
2023-04-27 15:00:00,106.41,107.86,106.31,107.43,1852,7,0
2023-04-27 16:00:00,107.43,107.96,107.38,107.89,1495,7,0
2023-04-27 17:00:00,107.9,108.33,107.76,108.0,1011,7,0
2023-04-27 18:00:00,108.0,108.27,107.95,108.07,976,7,0
2023-04-27 19:00:00,108.07,108.22,107.81,107.81,843,7,0
2023-04-28 13:00:00,106.66,106.83,106.05,106.25,1180,7,0
2023-04-28 14:00:00,106.23,106.74,105.2,105.32,2949,7,0
2023-04-28 15:00:00,105.32,106.36,105.06,106.28,1969,7,0
2023-04-28 16:00:00,106.28,106.89,106.18,106.86,1322,7,0
2023-04-28 17:00:00,106.86,106.93,106.53,106.76,1149,7,0
2023-04-28 18:00:00,106.76,107.12,106.55,107.12,1059,7,0
2023-04-28 19:00:00,107.12,107.21,106.87,107.05,836,7,0
2023-05-01 13:00:00,107.03,107.43,106.84,107.15,1167,7,0
2023-05-01 14:00:00,107.14,107.66,106.79,107.61,2247,7,0
2023-05-01 15:00:00,107.61,107.65,106.95,107.33,1517,7,0
2023-05-01 16:00:00,107.35,107.64,107.23,107.6,993,7,0
2023-05-01 17:00:00,107.6,107.95,107.46,107.74,939,7,0
2023-05-01 18:00:00,107.74,107.89,107.07,107.34,1026,7,0
2023-05-01 19:00:00,107.35,107.42,106.98,107.05,786,7,0
2023-05-02 13:00:00,106.78,106.83,105.77,106.22,1184,7,0
2023-05-02 14:00:00,106.27,106.28,103.65,103.96,2735,7,0
2023-05-02 15:00:00,103.96,105.11,103.85,104.66,2168,7,0
2023-05-02 16:00:00,104.64,105.4,104.55,105.35,1233,7,0
2023-05-02 17:00:00,105.35,105.77,105.3,105.71,866,7,0
2023-05-02 18:00:00,105.71,105.73,105.22,105.51,1009,7,0
2023-05-02 19:00:00,105.52,105.62,105.22,105.33,800,7,0
2023-05-03 13:00:00,105.91,106.15,105.66,106.0,1144,7,0
2023-05-03 14:00:00,106.0,106.12,105.5,105.7,2020,7,0
2023-05-03 15:00:00,105.7,106.05,105.59,105.98,1243,7,0
2023-05-03 16:00:00,105.99,105.99,105.63,105.93,819,7,0
2023-05-03 17:00:00,105.92,106.03,105.57,105.92,1091,7,0
2023-05-03 18:00:00,105.92,107.46,105.62,106.73,6358,7,0
2023-05-03 19:00:00,106.75,106.86,105.41,105.6,4732,7,0
2023-05-04 13:00:00,105.3,105.43,104.46,104.88,1638,7,0
2023-05-04 14:00:00,104.86,105.28,103.94,104.21,3119,7,0
2023-05-04 15:00:00,104.21,104.95,104.19,104.61,1985,7,0
2023-05-04 16:00:00,104.61,105.22,104.5,105.2,1162,7,0
2023-05-04 17:00:00,105.22,105.53,104.85,105.15,1366,7,0
2023-05-04 18:00:00,105.16,105.27,104.72,104.83,1316,7,0
2023-05-04 19:00:00,104.83,105.03,104.71,104.75,1012,7,0
2023-05-05 13:00:00,104.76,104.83,104.08,104.26,1185,7,0
2023-05-05 14:00:00,104.26,105.07,104.16,105.02,1885,7,0
2023-05-05 15:00:00,105.03,105.05,104.41,104.55,1081,7,0
2023-05-05 16:00:00,104.56,105.22,104.52,105.13,883,7,0
2023-05-05 17:00:00,105.13,105.31,104.96,105.1,744,7,0
2023-05-05 18:00:00,105.11,105.84,105.05,105.74,806,7,0
2023-05-05 19:00:00,105.74,105.79,105.56,105.67,689,7,0
2023-05-08 13:00:00,106.11,106.11,105.55,105.61,1422,7,0
2023-05-08 14:00:00,105.62,106.91,105.49,106.73,1974,7,0
2023-05-08 15:00:00,106.73,106.79,106.35,106.76,1048,7,0
2023-05-08 16:00:00,106.76,107.17,106.71,107.13,910,7,0
2023-05-08 17:00:00,107.13,107.79,106.99,107.69,927,7,0
2023-05-08 18:00:00,107.69,107.73,107.14,107.63,921,7,0
2023-05-08 19:00:00,107.63,107.76,107.31,107.73,596,7,0
2023-05-09 13:00:00,109.41,109.95,109.13,109.76,2406,7,0
2023-05-09 14:00:00,109.77,110.11,108.83,108.87,2928,7,0
2023-05-09 15:00:00,108.87,109.0,107.91,108.35,1820,7,0
2023-05-09 16:00:00,108.33,108.41,108.0,108.31,1262,7,0
2023-05-09 17:00:00,108.31,108.46,107.46,107.46,819,7,0
2023-05-09 18:00:00,107.48,107.84,107.21,107.77,1036,7,0
2023-05-09 19:00:00,107.77,107.82,107.3,107.43,665,7,0
2023-05-10 13:00:00,109.19,109.35,108.66,109.29,1997,7,0
2023-05-10 14:00:00,109.3,109.72,107.96,108.19,3281,7,0
2023-05-10 15:00:00,108.19,108.79,108.04,108.6,1605,7,0
2023-05-10 16:00:00,108.61,108.97,108.41,108.93,1297,7,0
2023-05-10 17:00:00,108.92,110.27,108.39,109.71,4740,7,0
2023-05-10 18:00:00,109.7,112.63,109.7,112.6,4333,7,0
2023-05-10 19:00:00,112.61,112.9,111.79,112.03,2422,7,0
2023-05-11 13:00:00,116.17,117.3,115.66,116.98,2258,7,0
2023-05-11 14:00:00,117.0,117.52,116.1,117.4,3846,7,0
2023-05-11 15:00:00,117.41,117.88,116.92,117.38,2148,7,0
2023-05-11 16:00:00,117.38,117.66,117.14,117.39,1552,7,0
2023-05-11 17:00:00,117.39,117.42,116.41,116.53,1481,7,0
2023-05-11 18:00:00,116.54,117.13,116.46,117.06,1266,7,0
2023-05-11 19:00:00,117.06,117.27,116.71,116.85,989,7,0
2023-05-12 13:00:00,116.8,116.97,116.39,116.67,1442,7,0
2023-05-12 14:00:00,116.66,116.84,116.07,116.61,2398,7,0
2023-05-12 15:00:00,116.61,117.28,116.56,117.26,2012,7,0
2023-05-12 16:00:00,117.27,117.74,116.66,116.88,1930,7,0
2023-05-12 17:00:00,116.88,117.14,116.72,116.77,1455,7,0
2023-05-12 18:00:00,116.77,117.04,116.74,116.95,1177,7,0
2023-05-12 19:00:00,116.95,117.63,116.87,117.63,920,7,0
2023-05-15 13:00:00,117.67,118.44,117.31,117.73,2282,7,0
2023-05-15 14:00:00,117.74,117.79,116.56,116.73,2997,7,0
2023-05-15 15:00:00,116.72,117.55,116.67,117.41,1795,7,0
2023-05-15 16:00:00,117.42,117.56,116.59,116.66,1166,7,0
2023-05-15 17:00:00,116.67,117.07,116.48,116.96,1318,7,0
2023-05-15 18:00:00,116.97,117.08,116.49,116.62,1136,7,0
2023-05-15 19:00:00,116.61,116.88,116.51,116.63,812,7,0
2023-05-16 13:00:00,117.06,118.25,116.8,118.08,2146,7,0
2023-05-16 14:00:00,118.09,119.33,117.85,119.16,3497,7,0
2023-05-16 15:00:00,119.16,119.88,118.98,119.87,2075,7,0
2023-05-16 16:00:00,119.87,119.95,119.3,119.72,1423,7,0
2023-05-16 17:00:00,119.73,120.61,119.68,120.59,1258,7,0
2023-05-16 18:00:00,120.6,120.71,119.69,120.04,1521,7,0
2023-05-16 19:00:00,120.03,120.26,119.91,119.97,660,7,0
2023-05-17 13:00:00,119.61,119.92,118.93,119.05,1764,7,0
2023-05-17 14:00:00,119.06,119.58,118.86,119.42,2306,7,0
2023-05-17 15:00:00,119.42,119.61,118.95,119.33,1515,7,0
2023-05-17 16:00:00,119.33,120.34,119.17,120.26,1150,7,0
2023-05-17 17:00:00,120.25,121.49,120.25,121.49,1402,7,0
2023-05-17 18:00:00,121.49,121.64,121.07,121.15,1205,7,0
2023-05-17 19:00:00,121.15,121.41,120.62,120.8,972,7,0
2023-05-18 13:00:00,120.89,121.34,120.86,121.3,1616,7,0
2023-05-18 14:00:00,121.31,122.18,120.92,122.13,3331,7,0
2023-05-18 15:00:00,122.12,123.19,122.03,122.74,2047,7,0
2023-05-18 16:00:00,122.76,122.78,121.91,122.34,2374,7,0
2023-05-18 17:00:00,122.34,123.13,122.34,122.44,1827,7,0
2023-05-18 18:00:00,122.43,122.49,121.95,122.32,1466,7,0
2023-05-18 19:00:00,122.33,123.14,122.19,123.09,1109,7,0
2023-05-19 13:00:00,125.33,125.89,123.32,123.61,1960,7,0
2023-05-19 14:00:00,123.61,124.26,123.07,123.81,4188,7,0
2023-05-19 15:00:00,123.8,124.2,123.09,123.25,3335,7,0
2023-05-19 16:00:00,123.25,123.45,122.44,122.65,2198,7,0
2023-05-19 17:00:00,122.65,122.94,122.38,122.54,1810,7,0
2023-05-19 18:00:00,122.54,122.62,122.12,122.38,1632,7,0
2023-05-19 19:00:00,122.38,122.54,122.12,122.51,1172,7,0
2023-05-22 13:00:00,125.28,126.27,125.2,126.15,1780,7,0
2023-05-22 14:00:00,126.13,126.36,124.65,125.6,4679,7,0
2023-05-22 15:00:00,125.6,125.61,124.87,124.91,1909,7,0
2023-05-22 16:00:00,124.9,125.5,124.78,125.34,1522,7,0
2023-05-22 17:00:00,125.34,125.61,125.0,125.38,1421,7,0
2023-05-22 18:00:00,125.37,125.5,125.04,125.15,1023,7,0
2023-05-22 19:00:00,125.14,125.21,124.65,124.84,929,7,0
2023-05-23 13:00:00,123.91,124.28,123.61,123.82,1060,7,0
2023-05-23 14:00:00,123.83,124.02,123.33,123.78,2444,7,0
2023-05-23 15:00:00,123.78,124.39,123.55,124.21,1414,7,0
2023-05-23 16:00:00,124.21,124.56,123.41,123.56,1755,7,0
2023-05-23 17:00:00,123.56,123.65,122.38,122.76,1724,7,0
2023-05-23 18:00:00,122.76,122.9,122.19,122.65,1771,7,0
2023-05-23 19:00:00,122.65,122.85,122.31,122.75,1196,7,0
2023-05-24 13:00:00,121.2,121.56,120.81,121.17,1645,7,0
2023-05-24 14:00:00,121.16,121.38,119.83,120.03,3058,7,0
2023-05-24 15:00:00,120.04,121.1,119.92,120.78,2037,7,0
2023-05-24 16:00:00,120.78,121.01,120.45,120.62,1273,7,0
2023-05-24 17:00:00,120.62,120.77,120.29,120.57,1161,7,0
2023-05-24 18:00:00,120.57,120.7,120.17,120.51,1340,7,0
2023-05-24 19:00:00,120.51,121.29,120.34,120.88,1226,7,0
2023-05-25 13:00:00,123.9,123.98,122.85,122.93,1587,7,0
2023-05-25 14:00:00,122.94,123.58,121.94,123.56,3681,7,0
2023-05-25 15:00:00,123.56,124.35,123.49,123.92,2450,7,0
2023-05-25 16:00:00,123.91,124.87,123.91,124.02,2016,7,0
2023-05-25 17:00:00,124.02,124.13,123.35,123.42,1484,7,0
2023-05-25 18:00:00,123.42,123.7,122.85,122.9,1883,7,0
2023-05-25 19:00:00,122.91,123.77,122.84,123.66,1263,7,0
2023-05-26 13:00:00,123.42,123.74,122.71,123.6,1255,7,0
2023-05-26 14:00:00,123.61,124.79,123.54,124.47,2660,7,0
2023-05-26 15:00:00,124.49,124.66,123.93,124.66,1690,7,0
2023-05-26 16:00:00,124.66,125.18,124.66,125.04,1393,7,0
2023-05-26 17:00:00,125.06,125.15,124.41,124.55,1112,7,0
2023-05-26 18:00:00,124.57,124.6,124.15,124.33,1172,7,0
2023-05-26 19:00:00,124.34,124.79,124.26,124.79,858,7,0
2023-05-30 13:00:00,123.99,124.42,121.95,122.49,1757,12,0
2023-05-30 14:00:00,122.47,124.26,122.16,124.1,3761,7,0
2023-05-30 15:00:00,124.1,124.5,123.58,123.89,2636,7,0
2023-05-30 16:00:00,123.88,124.3,123.68,124.26,2239,7,0
2023-05-30 17:00:00,124.26,124.27,122.56,122.64,1804,7,0
2023-05-30 18:00:00,122.64,124.12,122.46,123.88,1951,7,0
2023-05-30 19:00:00,123.89,123.91,123.58,123.7,1245,7,0
2023-05-31 13:00:00,123.01,123.58,122.93,123.06,1116,7,0
2023-05-31 14:00:00,123.07,124.02,122.69,123.2,2716,7,0
2023-05-31 15:00:00,123.2,123.47,122.76,123.21,1789,7,0
2023-05-31 16:00:00,123.22,123.45,122.76,123.01,1464,7,0
2023-05-31 17:00:00,123.01,123.67,122.94,123.29,1266,7,0
2023-05-31 18:00:00,123.29,123.36,122.83,123.04,1321,7,0
2023-05-31 19:00:00,123.04,123.59,122.72,123.46,1038,7,0
2023-06-01 13:00:00,123.35,124.35,123.3,123.79,1273,7,0
2023-06-01 14:00:00,123.79,123.98,122.77,123.08,3045,7,0
2023-06-01 15:00:00,123.1,123.38,122.77,123.12,1911,7,0
2023-06-01 16:00:00,123.14,123.34,123.0,123.05,1303,7,0
2023-06-01 17:00:00,123.06,123.44,122.83,123.24,1134,7,0
2023-06-01 18:00:00,123.24,123.49,123.14,123.29,808,7,0
2023-06-01 19:00:00,123.29,123.51,122.84,122.94,784,7,0
2023-06-02 13:00:00,125.93,126.08,123.83,123.85,1421,7,0
2023-06-02 14:00:00,123.88,125.1,123.7,125.03,2847,7,0
2023-06-02 15:00:00,125.04,125.29,124.57,125.02,2185,7,0
2023-06-02 16:00:00,125.01,125.24,124.57,125.2,1542,7,0
2023-06-02 17:00:00,125.2,125.32,124.71,124.87,1277,7,0
2023-06-02 18:00:00,124.88,125.08,124.66,125.03,1240,7,0
2023-06-02 19:00:00,125.03,125.14,124.76,124.76,815,7,0
2023-06-05 13:00:00,125.03,126.06,125.03,125.86,1416,7,0
2023-06-05 14:00:00,125.91,126.95,125.72,126.61,2952,7,0
2023-06-05 15:00:00,126.63,127.39,126.41,126.82,2049,7,0
2023-06-05 16:00:00,126.82,127.1,126.54,127.07,1389,7,0
2023-06-05 17:00:00,127.07,127.22,126.26,126.52,1708,7,0
2023-06-05 18:00:00,126.52,126.59,125.52,126.03,2310,7,0
2023-06-05 19:00:00,126.05,126.24,125.48,126.17,1689,7,0
2023-06-06 13:00:00,125.72,126.39,125.54,126.06,1067,12,0
2023-06-06 14:00:00,126.05,127.73,125.82,127.11,2231,7,0
2023-06-06 15:00:00,127.11,127.68,126.65,127.68,1995,7,0
2023-06-06 16:00:00,127.68,127.82,127.3,127.38,1676,7,0
2023-06-06 17:00:00,127.38,128.25,127.33,127.44,1598,7,0
2023-06-06 18:00:00,127.45,127.96,127.32,127.89,1296,7,0
2023-06-06 19:00:00,127.91,128.1,127.13,127.37,1037,7,0
2023-06-07 13:00:00,128.44,128.62,127.26,127.56,1178,7,0
2023-06-07 14:00:00,127.56,127.76,124.09,124.24,3651,7,0
2023-06-07 15:00:00,124.24,124.71,123.1,123.11,2966,7,0
2023-06-07 16:00:00,123.13,123.87,122.57,122.74,2690,7,0
2023-06-07 17:00:00,122.76,122.9,122.08,122.66,2097,7,0
2023-06-07 18:00:00,122.68,123.07,122.24,122.58,1701,7,0
2023-06-07 19:00:00,122.58,122.81,122.11,122.38,1384,7,0
2023-06-08 13:00:00,122.16,122.6,121.51,121.91,1629,7,0
2023-06-08 14:00:00,121.93,122.57,121.55,122.38,2704,7,0
2023-06-08 15:00:00,122.4,123.16,122.29,122.99,1821,7,0
2023-06-08 16:00:00,122.97,123.16,122.32,122.45,1286,7,0
2023-06-08 17:00:00,122.47,122.63,121.74,121.99,1139,7,0
2023-06-08 18:00:00,122.01,122.23,121.84,121.97,1126,7,0
2023-06-08 19:00:00,121.97,122.19,121.87,122.16,867,7,0
2023-06-09 13:00:00,122.82,123.56,122.7,123.51,1316,7,0
2023-06-09 14:00:00,123.52,123.72,122.58,122.87,2629,7,0
2023-06-09 15:00:00,122.87,123.46,122.29,122.33,2432,7,0
2023-06-09 16:00:00,122.31,122.47,121.88,122.41,2149,7,0
2023-06-09 17:00:00,122.42,123.26,122.33,123.12,1300,7,0
2023-06-09 18:00:00,123.12,123.13,122.67,122.88,1351,7,0
2023-06-09 19:00:00,122.88,122.91,122.5,122.62,1137,7,0
2023-06-12 13:00:00,122.48,122.7,121.99,122.17,1312,7,0
2023-06-12 14:00:00,122.18,122.38,121.62,122.12,2585,7,0
2023-06-12 15:00:00,122.12,122.45,121.94,122.33,1378,7,0
2023-06-12 16:00:00,122.33,122.56,122.02,122.44,1095,7,0
2023-06-12 17:00:00,122.42,123.05,122.31,123.05,1020,7,0
2023-06-12 18:00:00,123.06,123.67,122.98,123.62,1024,7,0
2023-06-12 19:00:00,123.63,123.98,123.31,123.46,998,7,0
2023-06-13 13:00:00,124.64,124.97,123.91,124.24,2170,7,0
2023-06-13 14:00:00,124.26,124.52,123.53,123.93,4008,7,0
2023-06-13 15:00:00,123.93,124.41,123.62,123.98,2589,7,0
2023-06-13 16:00:00,123.99,124.25,123.77,124.07,1879,7,0
2023-06-13 17:00:00,124.06,124.19,123.7,123.79,1582,7,0
2023-06-13 18:00:00,123.8,123.9,123.15,123.4,1599,7,0
2023-06-13 19:00:00,123.4,123.7,123.34,123.55,982,7,0
2023-06-14 13:00:00,121.85,122.96,121.82,122.76,1859,7,0
2023-06-14 14:00:00,122.78,124.01,122.77,123.46,2813,7,0
2023-06-14 15:00:00,123.47,123.87,123.27,123.52,1846,7,0
2023-06-14 16:00:00,123.52,123.8,123.2,123.5,1243,7,0
2023-06-14 17:00:00,123.5,123.5,122.62,122.94,1179,7,0
2023-06-14 18:00:00,122.94,123.44,121.79,123.2,6298,7,0
2023-06-14 19:00:00,123.18,123.98,122.91,123.25,2648,7,0
2023-06-15 13:00:00,122.48,123.55,122.36,123.49,2172,7,0
2023-06-15 14:00:00,123.52,123.92,123.19,123.64,3529,7,0
2023-06-15 15:00:00,123.62,124.45,123.56,124.07,2244,7,0
2023-06-15 16:00:00,124.08,124.22,123.34,123.56,1602,7,0
2023-06-15 17:00:00,123.56,124.34,123.21,124.29,1368,7,0
2023-06-15 18:00:00,124.31,125.26,124.07,125.12,1718,7,0
2023-06-15 19:00:00,125.13,125.37,124.85,125.2,1376,7,0
2023-06-16 13:00:00,124.36,124.5,123.85,124.22,2224,7,0
2023-06-16 14:00:00,124.27,124.56,123.85,124.32,3380,7,0
2023-06-16 15:00:00,124.33,124.89,124.08,124.56,2606,7,0
2023-06-16 16:00:00,124.56,125.07,124.3,124.85,1576,7,0
2023-06-16 17:00:00,124.85,124.86,124.3,124.42,1373,7,0
2023-06-16 18:00:00,124.42,124.44,123.8,123.82,1412,7,0
2023-06-16 19:00:00,123.81,124.17,123.75,124.03,1071,7,0
2023-06-20 13:00:00,123.74,124.53,123.37,123.37,2406,7,0
2023-06-20 14:00:00,123.36,123.64,122.11,122.44,3103,7,0
2023-06-20 15:00:00,122.45,123.01,122.43,122.46,2116,7,0
2023-06-20 16:00:00,122.46,123.43,122.36,123.24,1677,7,0
2023-06-20 17:00:00,123.24,123.75,123.04,123.11,1320,7,0
2023-06-20 18:00:00,123.1,123.47,123.02,123.14,1093,7,0
2023-06-20 19:00:00,123.14,123.4,122.97,123.4,895,7,0
2023-06-21 13:00:00,122.0,122.2,121.18,121.43,2015,7,0
2023-06-21 14:00:00,121.41,121.58,120.15,120.35,3350,7,0
2023-06-21 15:00:00,120.35,121.01,120.08,120.77,2168,7,0
2023-06-21 16:00:00,120.77,121.21,120.66,120.97,1848,7,0
2023-06-21 17:00:00,120.96,120.96,120.45,120.52,1327,7,0
2023-06-21 18:00:00,120.53,121.3,120.44,121.02,1209,7,0
2023-06-21 19:00:00,121.01,121.01,120.44,120.51,1093,7,0
2023-06-22 13:00:00,120.02,120.99,119.91,120.81,1622,7,0
2023-06-22 14:00:00,120.82,121.18,119.89,120.19,3193,7,0
2023-06-22 15:00:00,120.18,121.74,120.11,121.47,2205,7,0
2023-06-22 16:00:00,121.47,121.63,121.15,121.48,1678,7,0
2023-06-22 17:00:00,121.5,121.95,121.27,121.93,1523,7,0
2023-06-22 18:00:00,121.94,122.59,121.89,122.53,1421,7,0
2023-06-22 19:00:00,122.54,122.85,122.32,122.83,1075,7,0
2023-06-23 13:00:00,122.25,122.28,121.03,121.47,1939,7,0
2023-06-23 14:00:00,121.46,121.96,121.23,121.61,3235,7,0
2023-06-23 15:00:00,121.62,121.83,121.27,121.78,1922,7,0
2023-06-23 16:00:00,121.79,122.67,121.64,122.52,1532,7,0
2023-06-23 17:00:00,122.52,122.75,122.37,122.49,1356,7,0
2023-06-23 18:00:00,122.48,122.69,121.99,122.21,1507,7,0
2023-06-23 19:00:00,122.2,122.66,122.03,122.63,1175,7,0
2023-06-26 13:00:00,121.27,121.81,120.73,121.7,1219,7,0
2023-06-26 14:00:00,121.71,121.96,120.5,121.02,2642,7,0
2023-06-26 15:00:00,121.02,121.07,119.94,120.37,2195,7,0
2023-06-26 16:00:00,120.37,120.38,118.23,118.73,2648,7,0
2023-06-26 17:00:00,118.74,118.9,118.37,118.5,1929,7,0
2023-06-26 18:00:00,118.5,119.01,118.33,118.89,1528,7,0
2023-06-26 19:00:00,118.89,119.17,118.61,118.61,937,7,0
2023-06-27 13:00:00,116.89,117.43,116.44,116.94,2586,6,0
2023-06-27 14:00:00,116.95,117.7,116.23,117.59,4802,6,0
2023-06-27 15:00:00,117.6,118.16,117.2,118.16,2731,6,0
2023-06-27 16:00:00,118.15,118.39,117.87,118.07,2125,6,0
2023-06-27 17:00:00,118.07,118.65,117.91,118.65,1657,6,0
2023-06-27 18:00:00,118.65,119.04,118.42,118.72,1550,6,0
2023-06-27 19:00:00,118.72,118.96,118.31,118.33,1604,6,0
2023-06-28 13:00:00,117.93,118.37,117.58,118.03,2295,6,0
2023-06-28 14:00:00,118.02,120.21,117.7,119.84,4356,6,0
2023-06-28 15:00:00,119.83,120.1,119.07,119.96,2823,6,0
2023-06-28 16:00:00,119.95,120.35,119.17,119.34,3262,6,0
2023-06-28 17:00:00,119.33,119.86,119.2,119.44,2646,6,0
2023-06-28 18:00:00,119.44,119.97,119.37,119.8,1996,6,0
2023-06-28 19:00:00,119.83,120.16,119.57,119.99,1562,6,0
2023-06-29 13:00:00,119.59,119.8,119.06,119.16,2530,6,0
2023-06-29 14:00:00,119.18,119.39,118.27,118.46,4722,6,0
2023-06-29 15:00:00,118.45,119.6,118.43,119.51,2811,6,0
2023-06-29 16:00:00,119.5,119.58,119.01,119.09,2006,6,0
2023-06-29 17:00:00,119.07,119.35,118.86,118.86,1968,6,0
2023-06-29 18:00:00,118.87,118.94,118.59,118.88,1806,6,0
2023-06-29 19:00:00,118.88,119.07,118.63,118.65,1072,6,0
2023-06-30 13:00:00,120.49,121.02,120.21,120.37,2243,6,0
2023-06-30 14:00:00,120.39,121.05,120.34,120.51,3731,6,0
2023-06-30 15:00:00,120.5,120.83,120.23,120.41,2452,6,0
2023-06-30 16:00:00,120.41,120.66,120.23,120.65,1761,6,0
2023-06-30 17:00:00,120.66,120.66,120.23,120.32,1921,6,0
2023-06-30 18:00:00,120.32,120.42,120.06,120.22,1692,6,0
2023-06-30 19:00:00,120.22,120.29,119.92,120.07,1168,6,0
2023-07-03 13:00:00,119.01,120.01,119.0,119.95,1413,7,0
2023-07-03 14:00:00,119.97,120.15,118.93,118.97,2315,7,0
2023-07-03 15:00:00,118.97,119.55,118.83,119.38,1719,7,0
2023-07-03 16:00:00,119.38,119.86,119.21,119.86,1161,7,0
2023-07-05 13:00:00,120.13,121.75,120.12,121.34,1403,7,0
2023-07-05 14:00:00,121.34,122.57,121.27,121.95,2955,7,0
2023-07-05 15:00:00,121.95,122.06,121.66,121.79,2167,7,0
2023-07-05 16:00:00,121.79,122.03,121.56,121.92,1438,7,0
2023-07-05 17:00:00,121.91,122.24,121.87,122.12,1118,7,0
2023-07-05 18:00:00,122.12,122.28,121.52,122.07,1687,7,0
2023-07-05 19:00:00,122.06,122.11,121.83,121.92,824,7,0
2023-07-06 13:00:00,119.53,119.91,119.13,119.41,1752,7,0
2023-07-06 14:00:00,119.43,119.48,118.37,118.4,3185,7,0
2023-07-06 15:00:00,118.42,119.25,118.41,119.12,1838,7,0
2023-07-06 16:00:00,119.11,119.98,119.05,119.95,1322,7,0
2023-07-06 17:00:00,119.94,120.08,119.61,120.08,1270,7,0
2023-07-06 18:00:00,120.09,120.26,119.85,120.17,905,7,0
2023-07-06 19:00:00,120.17,120.2,119.74,119.98,838,7,0
2023-07-07 13:00:00,120.04,120.65,119.96,120.55,1777,7,0
2023-07-07 14:00:00,120.55,120.7,119.71,120.2,2795,7,0
2023-07-07 15:00:00,120.19,120.29,119.92,120.18,1311,7,0
2023-07-07 16:00:00,120.18,120.64,120.15,120.55,1247,7,0
2023-07-07 17:00:00,120.55,121.01,120.48,120.58,1104,7,0
2023-07-07 18:00:00,120.58,120.68,120.3,120.38,950,7,0
2023-07-07 19:00:00,120.36,120.36,119.79,119.8,912,7,0
2023-07-10 13:00:00,117.75,118.0,116.08,116.38,1735,7,0
2023-07-10 14:00:00,116.37,117.98,116.34,116.99,3123,7,0
2023-07-10 15:00:00,116.99,117.18,116.51,116.51,2261,7,0
2023-07-10 16:00:00,116.51,116.71,116.11,116.56,1958,7,0
2023-07-10 17:00:00,116.56,116.7,116.28,116.44,1439,7,0
2023-07-10 18:00:00,116.44,116.86,116.35,116.68,1178,7,0
2023-07-10 19:00:00,116.69,116.7,116.24,116.31,895,7,0
2023-07-11 13:00:00,116.86,116.9,116.06,116.41,1577,7,0
2023-07-11 14:00:00,116.42,116.93,116.19,116.78,2794,7,0
2023-07-11 15:00:00,116.79,117.51,116.65,117.51,1843,7,0
2023-07-11 16:00:00,117.53,117.67,117.05,117.24,1233,7,0
2023-07-11 17:00:00,117.24,117.38,116.89,117.12,1000,7,0
2023-07-11 18:00:00,117.11,117.15,116.51,116.92,941,7,0
2023-07-11 19:00:00,116.91,116.97,116.65,116.95,691,7,0
2023-07-12 13:00:00,119.16,119.56,118.72,119.42,1426,7,0
2023-07-12 14:00:00,119.42,120.29,119.27,119.34,2532,7,0
2023-07-12 15:00:00,119.35,119.78,118.38,118.58,2182,7,0
2023-07-12 16:00:00,118.58,119.18,118.45,118.86,1797,7,0
2023-07-12 17:00:00,118.86,119.21,118.62,119.12,1009,7,0
2023-07-12 18:00:00,119.12,119.36,118.67,118.79,995,7,0
2023-07-12 19:00:00,118.78,118.99,118.64,118.86,904,7,0
2023-07-13 13:00:00,122.01,122.96,122.01,122.45,1620,7,0
2023-07-13 14:00:00,122.47,124.1,122.14,124.04,3386,7,0
2023-07-13 15:00:00,124.06,124.79,123.69,124.75,2210,7,0
2023-07-13 16:00:00,124.74,124.79,124.09,124.16,1665,7,0
2023-07-13 17:00:00,124.15,124.36,123.95,124.08,1135,7,0
2023-07-13 18:00:00,124.08,124.45,123.99,124.3,1050,7,0
2023-07-13 19:00:00,124.3,124.53,124.11,124.51,880,7,0
2023-07-14 13:00:00,125.78,126.74,125.71,126.23,1482,7,0
2023-07-14 14:00:00,126.13,126.49,124.64,125.14,3928,7,0
2023-07-14 15:00:00,125.15,125.68,125.05,125.38,1797,7,0
2023-07-14 16:00:00,125.38,125.39,124.81,125.04,1380,7,0
2023-07-14 17:00:00,125.04,125.17,124.87,125.02,1208,7,0
2023-07-14 18:00:00,125.02,125.44,124.83,125.25,1231,7,0
2023-07-14 19:00:00,125.25,125.4,124.98,125.28,1212,7,0
2023-07-17 13:00:00,126.45,126.57,124.84,125.45,2061,7,0
2023-07-17 14:00:00,125.46,125.62,125.09,125.28,2776,7,0
2023-07-17 15:00:00,125.3,125.4,124.31,124.61,1492,7,0
2023-07-17 16:00:00,124.6,124.62,124.13,124.45,1083,7,0
2023-07-17 17:00:00,124.46,124.84,124.4,124.82,816,7,0
2023-07-17 18:00:00,124.82,125.14,124.55,124.57,946,7,0
2023-07-17 19:00:00,124.58,124.88,124.36,124.51,801,7,0
2023-07-18 13:00:00,123.51,123.71,122.97,123.48,1880,7,0
2023-07-18 14:00:00,123.47,123.61,123.04,123.39,2271,7,0
2023-07-18 15:00:00,123.4,123.61,122.94,123.49,1950,7,0
2023-07-18 16:00:00,123.49,123.6,123.0,123.45,1909,7,0
2023-07-18 17:00:00,123.45,124.04,123.36,123.91,1086,7,0
2023-07-18 18:00:00,123.9,124.35,123.81,123.99,1011,7,0
2023-07-18 19:00:00,123.99,124.07,123.76,123.84,890,7,0
2023-07-19 13:00:00,124.52,125.14,123.98,124.28,1848,7,0
2023-07-19 14:00:00,124.3,124.52,123.45,123.63,2602,7,0
2023-07-19 15:00:00,123.64,123.97,123.52,123.78,1631,7,0
2023-07-19 16:00:00,123.78,123.82,122.13,122.55,3564,7,0
2023-07-19 17:00:00,122.56,122.56,121.83,122.35,1787,7,0
2023-07-19 18:00:00,122.35,122.5,122.0,122.43,1142,7,0
2023-07-19 19:00:00,122.44,122.78,122.33,122.4,685,7,0
2023-07-20 13:00:00,122.99,124.05,122.76,122.94,2530,7,0
2023-07-20 14:00:00,122.92,123.08,120.79,120.89,3979,7,0
2023-07-20 15:00:00,120.88,121.21,120.46,120.72,2107,7,0
2023-07-20 16:00:00,120.71,120.92,119.95,119.95,1602,7,0
2023-07-20 17:00:00,119.95,120.17,119.74,119.87,1448,7,0
2023-07-20 18:00:00,119.87,119.87,118.71,118.73,1304,7,0
2023-07-20 19:00:00,118.74,118.94,118.2,118.87,1372,7,0
2023-07-21 13:00:00,119.4,120.96,119.31,119.85,2193,7,0
2023-07-21 14:00:00,119.82,120.09,118.69,119.76,3538,7,0
2023-07-21 15:00:00,119.77,120.65,119.63,119.94,2343,7,0
2023-07-21 16:00:00,119.96,119.98,119.22,119.47,1831,7,0
2023-07-21 17:00:00,119.46,120.12,119.42,119.97,1112,7,0
2023-07-21 18:00:00,119.97,120.12,119.46,119.79,1210,7,0
2023-07-21 19:00:00,119.77,119.83,119.12,119.49,1241,7,0
2023-07-24 13:00:00,122.27,122.65,120.95,121.66,2434,7,0
2023-07-24 14:00:00,121.65,122.71,121.11,122.39,3875,7,0
2023-07-24 15:00:00,122.4,122.41,121.48,121.84,2273,7,0
2023-07-24 16:00:00,121.85,121.99,121.45,121.56,1609,7,0
2023-07-24 17:00:00,121.56,121.86,121.37,121.65,1191,7,0
2023-07-24 18:00:00,121.66,121.72,121.19,121.45,1036,7,0
2023-07-24 19:00:00,121.45,121.6,121.13,121.23,864,7,0
2023-07-25 13:00:00,121.26,122.33,121.25,122.33,1676,7,0
2023-07-25 14:00:00,122.34,122.35,120.99,121.13,3056,7,0
2023-07-25 15:00:00,121.13,121.64,121.07,121.43,1885,7,0
2023-07-25 16:00:00,121.43,122.46,121.3,122.45,1340,7,0
2023-07-25 17:00:00,122.45,123.07,122.27,122.65,1711,7,0
2023-07-25 18:00:00,122.65,122.94,122.53,122.54,1357,7,0
2023-07-25 19:00:00,122.54,123.01,122.52,122.59,967,7,0
2023-07-26 13:00:00,128.75,130.92,128.63,130.38,1984,7,0
2023-07-26 14:00:00,130.38,130.79,128.97,129.38,4146,7,0
2023-07-26 15:00:00,129.38,130.07,129.11,129.79,3085,7,0
2023-07-26 16:00:00,129.8,129.91,129.05,129.22,2125,7,0
2023-07-26 17:00:00,129.22,129.53,129.02,129.31,1672,7,0
2023-07-26 18:00:00,129.29,130.24,128.98,129.79,4640,7,0
2023-07-26 19:00:00,129.82,129.92,128.79,129.48,3366,7,0
2023-07-27 13:00:00,131.69,133.2,131.57,132.71,1830,7,0
2023-07-27 14:00:00,132.73,133.0,131.44,131.83,4010,7,0
2023-07-27 15:00:00,131.84,132.28,131.53,131.74,2902,7,0
2023-07-27 16:00:00,131.73,132.98,131.7,132.84,2283,7,0
2023-07-27 17:00:00,132.84,132.9,130.76,130.98,3851,7,0
2023-07-27 18:00:00,130.99,131.12,129.28,129.29,3874,7,0
2023-07-27 19:00:00,129.28,129.99,128.88,128.91,2267,7,0
2023-07-28 13:00:00,132.05,132.82,131.99,132.34,1689,7,0
2023-07-28 14:00:00,132.36,132.95,132.08,132.94,3598,7,0
2023-07-28 15:00:00,132.94,133.65,132.93,133.65,1688,7,0
2023-07-28 16:00:00,133.63,133.64,133.09,133.16,1376,7,0
2023-07-28 17:00:00,133.16,133.16,131.85,132.1,1746,7,0
2023-07-28 18:00:00,132.1,132.96,132.02,132.86,1630,7,0
2023-07-28 19:00:00,132.87,133.05,132.4,132.49,1026,7,0
2023-07-31 13:00:00,132.96,133.02,131.94,132.18,1596,7,0
2023-07-31 14:00:00,132.2,132.95,131.75,132.75,3074,7,0
2023-07-31 15:00:00,132.75,133.11,132.58,132.67,1796,7,0
2023-07-31 16:00:00,132.66,132.83,132.07,132.16,1387,7,0
2023-07-31 17:00:00,132.16,132.45,132.02,132.3,1159,7,0
2023-07-31 18:00:00,132.31,132.58,132.08,132.44,1122,7,0
2023-07-31 19:00:00,132.44,132.47,132.1,132.18,834,7,0
2023-08-01 13:00:00,131.36,132.28,131.25,131.85,1542,7,0
2023-08-01 14:00:00,131.86,132.59,131.42,132.31,3726,7,0
2023-08-01 15:00:00,132.33,132.44,131.82,131.95,2397,7,0
2023-08-01 16:00:00,131.95,131.99,131.56,131.95,1312,7,0
2023-08-01 17:00:00,131.94,132.13,131.48,131.73,1035,7,0
2023-08-01 18:00:00,131.73,131.84,131.52,131.61,1029,7,0
2023-08-01 19:00:00,131.61,131.88,131.53,131.72,701,7,0
2023-08-02 13:00:00,129.3,129.79,128.92,129.66,2103,7,0
2023-08-02 14:00:00,129.64,130.05,128.39,128.56,3762,7,0
2023-08-02 15:00:00,128.55,129.01,128.05,128.07,2281,7,0
2023-08-02 16:00:00,128.06,128.41,127.53,128.2,2305,7,0
2023-08-02 17:00:00,128.18,128.6,128.03,128.22,1374,7,0
2023-08-02 18:00:00,128.22,128.71,128.17,128.51,1326,7,0
2023-08-02 19:00:00,128.51,128.57,128.08,128.38,981,7,0
2023-08-03 13:00:00,127.95,128.63,127.37,128.16,2278,7,0
2023-08-03 14:00:00,128.14,128.61,127.63,128.41,4658,7,0
2023-08-03 15:00:00,128.39,129.13,128.22,128.72,2929,7,0
2023-08-03 16:00:00,128.71,129.35,128.63,129.15,1760,7,0
2023-08-03 17:00:00,129.15,129.33,128.7,128.73,1776,7,0
2023-08-03 18:00:00,128.72,128.84,128.45,128.74,1626,7,0
2023-08-03 19:00:00,128.74,128.84,128.14,128.35,1401,7,0
2023-08-04 13:00:00,131.09,131.09,129.67,129.72,4154,7,0
2023-08-04 14:00:00,129.74,129.87,128.96,129.84,5196,7,0
2023-08-04 15:00:00,129.85,130.51,129.77,130.21,2409,7,0
2023-08-04 16:00:00,130.21,130.66,129.99,130.4,1740,7,0
2023-08-04 17:00:00,130.4,130.41,129.23,129.33,2031,7,0
2023-08-04 18:00:00,129.32,129.33,127.88,128.07,3708,7,0
2023-08-04 19:00:00,128.07,128.36,127.92,127.99,1852,7,0
2023-08-07 13:00:00,129.81,130.23,129.25,129.5,2014,7,0
2023-08-07 14:00:00,129.51,130.5,129.03,130.3,3650,7,0
2023-08-07 15:00:00,130.29,130.73,129.78,130.73,2621,7,0
2023-08-07 16:00:00,130.71,131.55,130.7,131.47,1815,7,0
2023-08-07 17:00:00,131.46,131.54,131.13,131.42,1579,7,0
2023-08-07 18:00:00,131.41,131.5,130.66,131.17,1642,7,0
2023-08-07 19:00:00,131.18,131.5,131.14,131.31,1095,7,0
2023-08-08 13:00:00,130.9,130.93,130.12,130.26,1907,7,0
2023-08-08 14:00:00,130.27,130.55,129.91,130.02,3485,7,0
2023-08-08 15:00:00,130.01,130.69,129.51,130.6,2128,7,0
2023-08-08 16:00:00,130.59,131.31,130.5,130.99,1564,7,0
2023-08-08 17:00:00,131.0,131.29,130.74,131.05,1572,7,0
2023-08-08 18:00:00,131.05,131.41,130.85,131.31,1625,7,0
2023-08-08 19:00:00,131.3,131.46,130.99,131.25,1091,7,0
2023-08-09 13:00:00,131.15,131.67,130.74,130.76,1455,7,0
2023-08-09 14:00:00,130.78,131.54,130.27,130.27,2981,7,0
2023-08-09 15:00:00,130.26,130.46,128.97,129.57,2799,7,0
2023-08-09 16:00:00,129.56,130.22,129.5,129.87,1696,7,0
2023-08-09 17:00:00,129.86,130.67,129.73,130.56,1394,7,0
2023-08-09 18:00:00,130.56,131.07,130.43,130.48,995,7,0
2023-08-09 19:00:00,130.48,130.5,129.96,130.15,1190,7,0
2023-08-10 13:00:00,131.26,131.77,130.84,131.73,1918,7,0
2023-08-10 14:00:00,131.72,132.01,130.59,130.81,4687,7,0
2023-08-10 15:00:00,130.8,131.0,129.91,130.26,4638,7,0
2023-08-10 16:00:00,130.26,130.86,129.91,130.04,3845,7,0
2023-08-10 17:00:00,130.03,130.3,129.41,129.51,3248,7,0
2023-08-10 18:00:00,129.51,130.35,129.49,130.23,3859,7,0
2023-08-10 19:00:00,130.24,130.39,129.61,129.62,2530,7,0
2023-08-11 13:00:00,128.78,128.84,128.14,128.69,1898,7,0
2023-08-11 14:00:00,128.77,129.7,128.7,128.87,4967,7,0
2023-08-11 15:00:00,128.88,129.11,128.43,129.08,2520,7,0
2023-08-11 16:00:00,129.07,129.49,128.79,128.94,2211,7,0
2023-08-11 17:00:00,128.95,129.36,128.72,128.98,1707,7,0
2023-08-11 18:00:00,128.99,129.78,128.95,129.63,1891,7,0
2023-08-11 19:00:00,129.62,129.89,129.23,129.73,1430,7,0
2023-08-14 13:00:00,129.39,130.35,129.38,129.93,1830,7,0
2023-08-14 14:00:00,129.91,131.13,129.71,130.96,3264,7,0
2023-08-14 15:00:00,130.96,131.3,130.69,131.05,2079,7,0
2023-08-14 16:00:00,131.06,131.17,130.54,130.9,1855,7,0
2023-08-14 17:00:00,130.89,131.06,130.56,130.68,1279,7,0
2023-08-14 18:00:00,130.69,130.7,130.23,130.5,1462,7,0
2023-08-14 19:00:00,130.5,130.99,130.45,130.99,942,7,0
2023-08-15 13:00:00,131.13,131.22,130.28,130.78,1915,7,0
2023-08-15 14:00:00,130.79,130.8,129.61,129.78,3604,7,0
2023-08-15 15:00:00,129.77,130.56,129.77,130.52,2098,7,0
2023-08-15 16:00:00,130.53,130.88,130.13,130.53,2374,7,0
2023-08-15 17:00:00,130.54,130.74,130.04,130.15,1599,7,0
2023-08-15 18:00:00,130.14,130.32,130.04,130.12,1268,7,0
2023-08-15 19:00:00,130.12,130.12,129.26,129.37,1215,7,0
2023-08-16 13:00:00,129.1,129.68,128.88,129.26,1513,7,0
2023-08-16 14:00:00,129.25,130.25,129.08,129.75,3347,7,0
2023-08-16 15:00:00,129.75,129.89,128.41,128.52,2030,7,0
2023-08-16 16:00:00,128.51,128.65,127.84,128.1,1618,7,0
2023-08-16 17:00:00,128.1,128.61,127.85,128.5,1403,7,0
2023-08-16 18:00:00,128.49,129.16,127.94,128.99,2984,7,0
2023-08-16 19:00:00,128.98,128.98,128.24,128.82,2036,7,0
2023-08-17 13:00:00,129.91,130.59,129.72,130.09,1637,7,0
2023-08-17 14:00:00,130.11,130.62,129.25,130.27,3324,7,0
2023-08-17 15:00:00,130.28,131.25,130.23,131.16,3010,7,0
2023-08-17 16:00:00,131.18,131.93,130.85,131.9,2220,7,0
2023-08-17 17:00:00,131.91,131.96,130.59,130.82,1954,7,0
2023-08-17 18:00:00,130.81,130.81,129.81,129.99,2143,7,0
2023-08-17 19:00:00,129.98,130.11,129.29,129.73,1895,7,0
2023-08-18 13:00:00,128.2,128.41,126.87,127.08,2202,7,0
2023-08-18 14:00:00,127.07,127.32,126.35,127.18,4565,7,0
2023-08-18 15:00:00,127.17,127.87,126.75,127.78,3526,7,0
2023-08-18 16:00:00,127.76,127.9,127.39,127.55,2029,7,0
2023-08-18 17:00:00,127.54,127.56,126.53,127.17,2271,7,0
2023-08-18 18:00:00,127.17,127.64,127.03,127.14,2004,7,0
2023-08-18 19:00:00,127.13,127.39,126.85,127.33,1423,7,0
2023-08-21 13:00:00,128.04,128.12,127.37,128.12,1502,7,0
2023-08-21 14:00:00,128.13,128.52,127.16,127.24,2898,7,0
2023-08-21 15:00:00,127.24,127.51,126.54,126.89,2273,7,0
2023-08-21 16:00:00,126.88,127.67,126.85,127.65,1456,7,0
2023-08-21 17:00:00,127.65,128.46,127.47,128.3,1536,7,0
2023-08-21 18:00:00,128.31,128.69,128.14,128.5,1514,7,0
2023-08-21 19:00:00,128.51,128.66,128.33,128.5,1013,7,0
2023-08-22 13:00:00,128.65,129.39,128.44,128.93,1705,7,0
2023-08-22 14:00:00,128.93,130.0,128.78,129.9,3061,7,0
2023-08-22 15:00:00,129.91,130.24,129.61,129.76,2360,7,0
2023-08-22 16:00:00,129.76,129.91,129.25,129.48,1684,7,0
2023-08-22 17:00:00,129.47,129.54,128.8,129.1,2032,7,0
2023-08-22 18:00:00,129.09,129.23,128.77,129.11,1532,7,0
2023-08-22 19:00:00,129.11,129.44,128.62,128.72,1214,7,0
2023-08-23 13:00:00,131.76,132.31,131.13,132.21,1697,7,0
2023-08-23 14:00:00,132.21,133.35,131.88,132.72,3382,7,0
2023-08-23 15:00:00,132.73,132.77,132.21,132.56,2145,7,0
2023-08-23 16:00:00,132.55,132.62,132.1,132.17,1563,7,0
2023-08-23 17:00:00,132.17,133.2,132.13,133.13,1327,7,0
2023-08-23 18:00:00,133.12,133.14,132.65,132.92,1497,7,0
2023-08-23 19:00:00,132.92,133.06,132.77,132.84,1180,7,0
2023-08-24 13:00:00,132.75,132.84,132.22,132.76,1621,7,0
2023-08-24 14:00:00,132.77,132.94,131.13,131.7,4239,7,0
2023-08-24 15:00:00,131.72,131.79,130.1,130.14,2882,7,0
2023-08-24 16:00:00,130.15,131.52,130.12,131.06,1968,7,0
2023-08-24 17:00:00,131.06,131.27,130.75,130.87,1765,7,0
2023-08-24 18:00:00,130.88,131.16,130.44,130.66,1790,7,0
2023-08-24 19:00:00,130.65,130.81,130.2,130.29,1517,7,0
2023-08-25 13:00:00,128.99,129.73,128.94,129.49,1531,7,0
2023-08-25 14:00:00,129.49,130.71,127.37,127.44,7814,7,0
2023-08-25 15:00:00,127.44,128.7,127.22,128.1,4539,7,0
2023-08-25 16:00:00,128.09,128.8,127.99,128.8,3396,7,0
2023-08-25 17:00:00,128.79,128.92,128.26,128.82,2782,7,0
2023-08-25 18:00:00,128.81,129.83,128.62,129.73,2749,7,0
2023-08-25 19:00:00,129.74,130.14,129.52,129.99,2091,7,0
2023-08-28 13:00:00,131.68,132.02,131.05,131.32,1329,7,0
2023-08-28 14:00:00,131.33,131.78,130.53,130.8,3493,7,0
2023-08-28 15:00:00,130.79,130.85,130.16,130.43,2262,7,0
2023-08-28 16:00:00,130.43,131.15,130.25,131.11,1555,7,0
2023-08-28 17:00:00,131.11,131.35,130.11,130.23,1635,7,0
2023-08-28 18:00:00,130.22,130.99,130.2,130.89,1513,7,0
2023-08-28 19:00:00,130.89,131.13,130.62,130.99,1217,7,0
2023-08-29 13:00:00,132.66,132.99,132.44,132.87,1032,12,0
2023-08-29 14:00:00,132.89,135.47,132.87,135.26,2679,7,0
2023-08-29 15:00:00,135.27,136.5,135.0,136.21,1874,12,0
2023-08-29 16:00:00,136.23,136.23,134.3,134.49,2101,12,0
2023-08-29 17:00:00,134.5,134.66,133.72,133.93,1753,7,0
2023-08-29 18:00:00,133.93,134.59,133.89,134.4,1543,7,0
2023-08-29 19:00:00,134.39,134.95,134.22,134.85,972,7,0
2023-08-30 13:00:00,134.68,135.35,134.31,135.31,1083,7,0
2023-08-30 14:00:00,135.33,135.9,134.47,135.63,2924,7,0
2023-08-30 15:00:00,135.66,135.66,134.75,135.23,1899,7,0
2023-08-30 16:00:00,135.25,135.55,134.7,135.05,1500,7,0
2023-08-30 17:00:00,135.04,135.42,134.88,135.4,1428,7,0
2023-08-30 18:00:00,135.4,136.24,135.17,136.04,1932,7,0
2023-08-30 19:00:00,136.05,136.12,135.63,135.71,1243,7,0
2023-08-31 13:00:00,136.89,136.93,136.45,136.68,1206,7,0
2023-08-31 14:00:00,136.7,137.2,136.51,137.04,2284,7,0
2023-08-31 15:00:00,137.05,137.22,136.46,136.65,1879,7,0
2023-08-31 16:00:00,136.65,136.82,135.89,136.28,1986,7,0
2023-08-31 17:00:00,136.27,136.8,136.11,136.71,1451,7,0
2023-08-31 18:00:00,136.71,137.11,136.65,136.79,1379,7,0
2023-08-31 19:00:00,136.79,137.08,136.75,137.07,1022,7,0
2023-09-01 13:00:00,135.9,135.91,134.78,135.6,1141,7,0
2023-09-01 14:00:00,135.6,136.1,135.0,135.12,3052,7,0
2023-09-01 15:00:00,135.1,135.89,135.03,135.34,2369,7,0
2023-09-01 16:00:00,135.33,135.88,135.26,135.68,1560,7,0
2023-09-01 17:00:00,135.67,135.71,135.13,135.3,1219,7,0
2023-09-01 18:00:00,135.3,135.44,134.92,135.19,1158,7,0
2023-09-01 19:00:00,135.18,135.6,135.16,135.59,988,7,0
2023-09-05 13:00:00,135.44,135.58,134.67,134.93,1204,7,0
2023-09-05 14:00:00,134.94,135.4,134.55,135.03,2500,7,0
2023-09-05 15:00:00,135.04,135.75,135.0,135.48,1844,7,0
2023-09-05 16:00:00,135.48,135.7,135.28,135.57,1214,7,0
2023-09-05 17:00:00,135.57,135.87,135.32,135.85,1211,7,0
2023-09-05 18:00:00,135.86,136.38,135.81,136.37,1013,7,0
2023-09-05 19:00:00,136.38,136.38,135.82,135.98,860,7,0
2023-09-06 13:00:00,135.61,136.45,135.52,136.17,1046,7,0
2023-09-06 14:00:00,136.15,136.15,134.5,134.62,2828,7,0
2023-09-06 15:00:00,134.63,135.0,134.29,134.42,1581,7,0
2023-09-06 16:00:00,134.38,134.7,133.73,133.84,1617,7,0
2023-09-06 17:00:00,133.83,134.23,133.64,134.05,1439,7,0
2023-09-06 18:00:00,134.05,134.37,133.96,134.23,1332,7,0
2023-09-06 19:00:00,134.23,134.42,134.07,134.24,970,7,0
2023-09-07 13:00:00,133.32,134.08,133.27,134.05,1147,7,0
2023-09-07 14:00:00,134.06,134.98,133.63,134.45,2723,7,0
2023-09-07 15:00:00,134.47,134.96,133.59,133.75,2428,7,0
2023-09-07 16:00:00,133.74,134.85,133.71,134.62,1860,7,0
2023-09-07 17:00:00,134.62,135.42,134.6,135.31,1410,7,0
2023-09-07 18:00:00,135.31,135.46,135.06,135.46,1335,7,0
2023-09-07 19:00:00,135.47,135.52,135.14,135.39,969,7,0
2023-09-08 13:00:00,135.45,135.81,135.06,135.33,903,7,0
2023-09-08 14:00:00,135.31,136.13,135.22,135.49,2249,7,0
2023-09-08 15:00:00,135.48,136.22,135.39,136.03,1842,7,0
2023-09-08 16:00:00,136.04,136.39,135.88,136.19,1435,7,0
2023-09-08 17:00:00,136.19,136.55,135.89,136.54,1452,7,0
2023-09-08 18:00:00,136.54,136.62,135.9,135.94,1861,7,0
2023-09-08 19:00:00,135.93,136.04,135.69,136.03,1101,7,0
2023-09-11 13:00:00,136.92,137.11,136.65,136.71,1177,7,0
2023-09-11 14:00:00,136.73,137.0,135.72,135.85,2560,7,0
2023-09-11 15:00:00,135.85,136.53,135.85,135.99,1690,7,0
2023-09-11 16:00:00,135.99,136.62,135.92,136.56,1506,7,0
2023-09-11 17:00:00,136.56,137.12,136.46,137.05,1386,7,0
2023-09-11 18:00:00,137.05,137.07,136.74,136.85,975,7,0
2023-09-11 19:00:00,136.85,137.17,136.68,137.13,596,7,0
2023-09-12 13:00:00,136.64,136.81,136.15,136.56,998,7,0
2023-09-12 14:00:00,136.56,136.56,135.74,135.75,2667,7,0
2023-09-12 15:00:00,135.73,136.1,135.4,135.76,1643,7,0
2023-09-12 16:00:00,135.76,136.16,135.66,135.81,1141,7,0
2023-09-12 17:00:00,135.81,136.16,135.6,135.75,1425,7,0
2023-09-12 18:00:00,135.74,136.01,135.39,135.58,1605,7,0
2023-09-12 19:00:00,135.59,135.59,135.15,135.35,991,7,0
2023-09-13 13:00:00,134.88,135.1,134.42,134.86,1363,7,0
2023-09-13 14:00:00,134.87,135.67,134.12,135.28,3365,7,0
2023-09-13 15:00:00,135.29,135.67,135.02,135.57,2120,7,0
2023-09-13 16:00:00,135.58,136.26,135.49,136.09,1749,7,0
2023-09-13 17:00:00,136.08,136.65,136.04,136.56,1562,7,0
2023-09-13 18:00:00,136.56,136.68,136.0,136.38,1687,7,0
2023-09-13 19:00:00,136.4,136.67,135.91,136.43,1516,7,0
2023-09-14 13:00:00,137.03,137.51,136.2,136.72,1158,7,0
2023-09-14 14:00:00,136.75,137.9,136.18,137.61,2644,7,0
2023-09-14 15:00:00,137.61,138.33,137.51,138.3,1897,7,0
2023-09-14 16:00:00,138.31,138.66,137.78,138.56,1634,7,0
2023-09-14 17:00:00,138.56,138.56,138.12,138.4,1307,7,0
2023-09-14 18:00:00,138.38,138.48,138.0,138.3,1076,7,0
2023-09-14 19:00:00,138.32,138.51,138.04,138.4,769,7,0
2023-09-15 13:00:00,137.54,137.67,136.82,137.17,1058,12,0
2023-09-15 14:00:00,137.21,137.76,136.94,136.99,2818,7,0
2023-09-15 15:00:00,136.99,137.5,136.41,137.17,2283,7,0
2023-09-15 16:00:00,137.17,137.75,137.14,137.75,1585,7,0
2023-09-15 17:00:00,137.75,137.76,136.63,137.1,1837,7,0
2023-09-15 18:00:00,137.11,137.29,136.75,137.08,1697,7,0
2023-09-15 19:00:00,137.07,137.34,136.9,137.08,1123,7,0
2023-09-18 13:00:00,137.78,138.54,137.35,138.48,1040,7,0
2023-09-18 14:00:00,138.47,139.1,138.19,138.48,2467,7,0
2023-09-18 15:00:00,138.46,138.74,138.07,138.52,1771,7,0
2023-09-18 16:00:00,138.55,138.62,137.83,137.9,1450,7,0
2023-09-18 17:00:00,137.89,138.25,137.88,138.09,1331,7,0
2023-09-18 18:00:00,138.11,138.64,137.99,138.36,1153,7,0
2023-09-18 19:00:00,138.35,138.58,138.16,138.21,933,7,0
2023-09-19 13:00:00,137.61,138.34,137.47,137.97,1104,7,0
2023-09-19 14:00:00,137.97,137.97,137.06,137.22,2668,7,0
2023-09-19 15:00:00,137.21,137.4,136.73,136.97,1475,7,0
2023-09-19 16:00:00,136.97,137.07,136.59,137.05,1457,7,0
2023-09-19 17:00:00,137.05,137.86,137.01,137.83,1510,7,0
2023-09-19 18:00:00,137.84,138.1,137.56,137.6,1474,7,0
2023-09-19 19:00:00,137.59,138.11,137.5,138.07,975,7,0
2023-09-20 13:00:00,137.69,137.82,137.27,137.29,776,7,0
2023-09-20 14:00:00,137.3,137.33,135.98,136.14,1912,7,0
2023-09-20 15:00:00,136.14,136.23,135.19,135.88,1608,7,0
2023-09-20 16:00:00,135.87,136.01,135.56,135.96,1071,7,0
2023-09-20 17:00:00,135.97,136.06,135.44,135.67,1074,7,0
2023-09-20 18:00:00,135.66,135.91,134.84,135.28,4094,7,0
2023-09-20 19:00:00,135.27,135.49,133.8,133.89,2681,7,0
2023-09-21 13:00:00,131.53,132.09,130.83,131.05,1138,12,0
2023-09-21 14:00:00,131.03,131.28,130.01,130.54,2836,7,0
2023-09-21 15:00:00,130.53,131.15,130.53,130.94,1984,7,0
2023-09-21 16:00:00,130.93,131.91,130.57,131.65,1969,7,0
2023-09-21 17:00:00,131.65,132.18,131.6,131.78,1986,7,0
2023-09-21 18:00:00,131.79,131.86,130.84,130.86,1716,7,0
2023-09-21 19:00:00,130.86,131.07,130.42,130.66,1355,7,0
2023-09-22 13:00:00,129.86,131.16,129.72,131.16,1233,7,0
2023-09-22 14:00:00,131.15,131.85,130.88,131.74,2891,7,0
2023-09-22 15:00:00,131.75,131.98,131.34,131.37,1985,7,0
2023-09-22 16:00:00,131.37,131.86,131.32,131.73,1371,7,0
2023-09-22 17:00:00,131.73,131.76,130.76,130.85,1712,7,0
2023-09-22 18:00:00,130.84,130.92,130.1,130.66,1926,7,0
2023-09-22 19:00:00,130.65,131.42,130.61,130.64,1752,7,0
2023-09-25 13:00:00,129.86,130.0,129.59,129.91,1632,7,0
2023-09-25 14:00:00,129.92,130.4,129.67,129.77,3899,7,0
2023-09-25 15:00:00,129.78,130.72,129.74,130.55,2453,7,0
2023-09-25 16:00:00,130.55,130.81,130.11,130.45,1554,7,0
2023-09-25 17:00:00,130.44,130.81,130.29,130.75,1698,7,0
2023-09-25 18:00:00,130.75,130.98,130.49,130.54,1617,7,0
2023-09-25 19:00:00,130.54,130.94,130.23,130.78,1604,7,0
2023-09-26 13:00:00,129.31,129.57,128.2,128.25,1407,7,0
2023-09-26 14:00:00,128.24,128.39,127.5,127.66,3365,7,0
2023-09-26 15:00:00,127.64,127.82,127.19,127.5,2197,7,0
2023-09-26 16:00:00,127.49,128.45,127.43,128.33,1598,7,0
2023-09-26 17:00:00,128.33,128.53,127.96,128.42,1976,7,0
2023-09-26 18:00:00,128.42,128.42,127.97,128.22,1598,7,0
2023-09-26 19:00:00,128.21,128.38,128.04,128.36,1087,7,0
2023-09-27 13:00:00,129.66,129.98,129.43,129.58,1491,7,0
2023-09-27 14:00:00,129.59,129.75,128.76,129.14,3391,7,0
2023-09-27 15:00:00,129.13,129.58,129.08,129.45,2406,7,0
2023-09-27 16:00:00,129.44,129.75,129.03,129.59,2239,7,0
2023-09-27 17:00:00,129.59,129.87,128.77,129.06,2589,7,0
2023-09-27 18:00:00,129.05,130.35,128.69,130.16,2995,7,0
2023-09-27 19:00:00,130.16,130.86,129.96,130.08,2640,7,0
2023-09-28 13:00:00,130.21,130.7,129.79,130.42,1872,7,0
2023-09-28 14:00:00,130.4,131.39,130.26,131.11,4328,7,0
2023-09-28 15:00:00,131.1,132.61,130.83,132.51,2983,7,0
2023-09-28 16:00:00,132.52,133.26,132.46,132.73,2104,7,0
2023-09-28 17:00:00,132.75,132.97,132.23,132.3,2367,7,0
2023-09-28 18:00:00,132.29,132.76,131.83,132.23,2630,7,0
2023-09-28 19:00:00,132.23,132.74,132.03,132.23,1614,7,0
2023-09-29 13:00:00,132.78,133.81,132.63,133.65,1141,12,0
2023-09-29 14:00:00,133.7,133.98,132.78,132.8,2726,7,0
2023-09-29 15:00:00,132.81,132.87,131.76,132.1,2902,7,0
2023-09-29 16:00:00,132.1,132.19,131.47,131.57,2613,7,0
2023-09-29 17:00:00,131.56,131.57,130.57,130.58,2498,7,0
2023-09-29 18:00:00,130.58,131.09,130.34,131.09,2447,7,0
2023-09-29 19:00:00,131.07,131.2,130.66,130.74,2303,7,0
2023-10-02 13:00:00,132.73,133.2,132.42,132.45,1122,7,0
2023-10-02 14:00:00,132.42,133.77,132.39,133.31,3650,7,0
2023-10-02 15:00:00,133.34,134.38,133.05,133.2,3092,7,0
2023-10-02 16:00:00,133.23,133.46,132.82,133.04,2084,7,0
2023-10-02 17:00:00,133.02,133.35,132.48,132.98,2239,7,0
2023-10-02 18:00:00,132.97,133.65,132.85,133.09,2615,7,0
2023-10-02 19:00:00,133.08,133.75,132.87,133.63,1929,7,0
2023-10-03 13:00:00,133.27,134.22,133.07,133.73,1128,7,0
2023-10-03 14:00:00,133.73,133.75,132.36,132.76,4302,7,0
2023-10-03 15:00:00,132.76,132.77,132.01,132.39,2989,7,0
2023-10-03 16:00:00,132.39,133.29,132.36,133.18,2451,7,0
2023-10-03 17:00:00,133.17,133.39,132.36,132.36,2075,7,0
2023-10-03 18:00:00,132.36,132.59,132.17,132.41,2183,7,0
2023-10-03 19:00:00,132.41,132.56,131.81,132.0,1715,7,0
2023-10-04 13:00:00,133.89,134.3,133.23,133.28,1252,12,0
2023-10-04 14:00:00,133.25,134.69,132.47,133.88,3601,7,0
2023-10-04 15:00:00,133.88,135.37,133.81,135.32,2951,7,0
2023-10-04 16:00:00,135.31,135.36,134.6,134.83,2678,7,0
2023-10-04 17:00:00,134.81,134.91,134.46,134.48,2294,7,0
2023-10-04 18:00:00,134.48,134.77,134.16,134.61,2401,7,0
2023-10-04 19:00:00,134.61,135.53,134.58,135.4,1553,7,0
2023-10-05 13:00:00,134.81,135.18,134.08,134.36,1082,7,0
2023-10-05 14:00:00,134.36,134.36,133.42,133.64,2769,7,0
2023-10-05 15:00:00,133.63,134.93,133.56,134.73,2387,7,0
2023-10-05 16:00:00,134.74,135.25,134.65,134.89,1792,7,0
2023-10-05 17:00:00,134.89,135.26,134.56,135.06,1787,7,0
2023-10-05 18:00:00,135.07,135.33,134.93,135.3,1764,7,0
2023-10-05 19:00:00,135.3,135.34,134.89,135.07,1257,7,0
2023-10-06 13:00:00,135.02,136.1,134.8,135.8,1298,12,0
2023-10-06 14:00:00,135.77,136.4,135.1,136.07,2993,7,0
2023-10-06 15:00:00,136.07,136.99,136.02,136.98,2520,7,0
2023-10-06 16:00:00,136.97,137.48,136.94,137.28,2241,7,0
2023-10-06 17:00:00,137.27,137.74,137.15,137.71,1582,7,0
2023-10-06 18:00:00,137.7,137.99,137.58,137.85,1485,7,0
2023-10-06 19:00:00,137.85,138.12,137.74,137.92,1096,7,0
2023-10-09 13:00:00,136.05,137.78,135.92,137.66,1199,12,0
2023-10-09 14:00:00,137.66,138.01,136.93,137.27,2443,7,0
2023-10-09 15:00:00,137.27,137.88,136.77,137.73,1935,7,0
2023-10-09 16:00:00,137.73,137.98,137.51,137.7,1494,7,0
2023-10-09 17:00:00,137.72,138.67,137.4,138.66,1706,7,0
2023-10-09 18:00:00,138.68,138.87,138.39,138.7,1818,7,0
2023-10-09 19:00:00,138.68,138.9,138.19,138.38,1419,7,0
2023-10-10 13:00:00,138.62,138.85,137.77,138.24,1113,12,0
2023-10-10 14:00:00,138.23,138.64,137.28,138.56,2068,7,0
2023-10-10 15:00:00,138.57,139.54,138.44,139.38,1600,7,0
2023-10-10 16:00:00,139.38,139.65,138.94,139.04,1411,7,0
2023-10-10 17:00:00,139.04,139.35,138.38,139.05,1933,7,0
2023-10-10 18:00:00,139.05,139.05,138.41,138.56,1753,7,0
2023-10-10 19:00:00,138.57,138.7,138.35,138.37,1222,7,0
2023-10-11 13:00:00,139.9,140.46,139.59,140.21,1132,12,0
2023-10-11 14:00:00,140.19,140.76,139.72,140.65,2174,12,0
2023-10-11 15:00:00,140.68,141.05,139.96,140.14,1725,7,0
2023-10-11 16:00:00,140.14,140.15,139.54,139.96,1466,7,0
2023-10-11 17:00:00,139.97,140.02,139.39,139.84,1419,7,0
2023-10-11 18:00:00,139.83,140.68,139.76,140.28,1655,7,0
2023-10-11 19:00:00,140.29,140.54,139.99,140.54,1233,7,0
2023-10-12 13:00:00,140.3,140.77,139.92,140.64,1003,12,0
2023-10-12 14:00:00,140.67,141.15,140.29,140.63,2037,12,0
2023-10-12 15:00:00,140.62,140.81,140.18,140.25,1787,7,0
2023-10-12 16:00:00,140.25,140.66,140.02,140.13,1615,7,0
2023-10-12 17:00:00,140.13,140.18,138.78,138.96,2149,7,0
2023-10-12 18:00:00,138.97,139.1,138.2,138.83,1979,7,0
2023-10-12 19:00:00,138.84,139.48,138.79,139.27,1482,7,0
2023-10-13 13:00:00,139.79,139.86,138.98,139.08,1093,7,0
2023-10-13 14:00:00,139.01,139.06,137.57,137.92,2894,7,0
2023-10-13 15:00:00,137.91,137.92,136.74,136.74,2367,7,0
2023-10-13 16:00:00,136.74,137.93,136.67,137.49,2319,7,0
2023-10-13 17:00:00,137.5,137.57,136.58,137.27,2648,7,0
2023-10-13 18:00:00,137.28,137.55,136.71,137.49,2844,7,0
2023-10-13 19:00:00,137.49,137.9,137.07,137.14,1973,7,0
2023-10-16 13:00:00,138.52,138.89,138.13,138.73,1458,7,0
2023-10-16 14:00:00,138.75,139.56,138.49,139.02,2855,7,0
2023-10-16 15:00:00,139.03,139.08,138.43,138.46,2143,7,0
2023-10-16 16:00:00,138.47,138.78,138.27,138.72,1599,7,0
2023-10-16 17:00:00,138.72,139.2,138.1,139.18,1998,7,0
2023-10-16 18:00:00,139.18,139.46,139.06,139.41,1686,7,0
2023-10-16 19:00:00,139.4,139.42,139.08,139.24,1194,7,0
2023-10-17 13:00:00,138.45,138.45,137.13,137.86,1170,7,0
2023-10-17 14:00:00,137.86,139.34,137.74,138.61,3194,7,0
2023-10-17 15:00:00,138.6,139.18,138.38,139.07,2924,7,0
2023-10-17 16:00:00,139.08,139.86,139.07,139.65,2055,7,0
2023-10-17 17:00:00,139.65,139.8,138.91,139.0,1930,7,0
2023-10-17 18:00:00,139.0,139.48,138.77,139.07,2212,7,0
2023-10-17 19:00:00,139.05,139.37,138.9,139.3,1614,7,0
2023-10-18 13:00:00,139.91,140.38,139.22,140.12,1315,7,0
2023-10-18 14:00:00,140.13,140.65,139.17,139.35,3209,7,0
2023-10-18 15:00:00,139.33,140.26,139.32,139.97,2831,7,0
2023-10-18 16:00:00,139.97,140.43,139.27,139.4,2734,7,0
2023-10-18 17:00:00,139.39,139.9,138.85,138.99,3092,7,0
2023-10-18 18:00:00,138.98,139.0,137.9,138.05,2598,7,0
2023-10-18 19:00:00,138.07,138.13,137.66,137.66,1453,7,0
2023-10-19 13:00:00,138.29,139.5,138.15,139.39,1241,7,0
2023-10-19 14:00:00,139.41,139.6,138.28,138.66,3071,7,0
2023-10-19 15:00:00,138.67,138.91,137.95,138.67,2899,7,0
2023-10-19 16:00:00,138.68,139.62,137.45,138.95,4959,7,0
2023-10-19 17:00:00,138.97,139.46,138.05,138.35,3347,7,0
2023-10-19 18:00:00,138.34,138.92,137.42,137.59,3506,7,0
2023-10-19 19:00:00,137.58,137.96,137.39,137.41,2454,7,0
2023-10-20 13:00:00,137.04,137.81,136.75,136.88,1375,7,0
2023-10-20 14:00:00,136.88,137.36,135.03,135.03,2991,7,0
2023-10-20 15:00:00,135.02,135.87,135.02,135.75,2543,7,0
2023-10-20 16:00:00,135.77,137.02,135.43,136.98,2526,7,0
2023-10-20 17:00:00,137.0,137.06,136.41,136.85,2773,7,0
2023-10-20 18:00:00,136.85,136.85,135.83,136.08,2667,7,0
2023-10-20 19:00:00,136.09,136.3,135.66,135.73,1860,7,0
2023-10-23 13:00:00,134.26,135.37,133.89,135.28,1387,7,0
2023-10-23 14:00:00,135.29,136.19,135.19,136.18,3525,7,0
2023-10-23 15:00:00,136.19,136.85,135.97,136.85,2576,7,0
2023-10-23 16:00:00,136.85,137.35,136.59,137.35,2007,7,0
2023-10-23 17:00:00,137.36,137.5,136.89,137.34,2021,7,0
2023-10-23 18:00:00,137.33,137.62,136.95,137.23,2155,7,0
2023-10-23 19:00:00,137.22,137.5,136.74,136.82,2114,7,0
2023-10-24 13:00:00,138.1,138.71,137.95,138.7,1280,12,0
2023-10-24 14:00:00,138.69,139.17,138.13,138.97,2804,7,0
2023-10-24 15:00:00,138.97,139.31,138.66,139.03,2502,7,0
2023-10-24 16:00:00,139.03,139.11,137.47,137.65,1870,7,0
2023-10-24 17:00:00,137.64,138.56,137.58,138.33,1817,7,0
2023-10-24 18:00:00,138.33,138.89,138.21,138.65,1698,7,0
2023-10-24 19:00:00,138.65,139.19,138.39,139.14,1217,7,0
2023-10-25 13:00:00,126.07,127.5,125.29,127.48,2973,12,0
2023-10-25 14:00:00,127.46,127.58,125.81,126.36,4124,7,0
2023-10-25 15:00:00,126.37,126.92,125.63,125.88,4651,7,0
2023-10-25 16:00:00,125.87,126.94,125.7,126.38,3216,7,0
2023-10-25 17:00:00,126.39,126.95,125.16,125.58,2991,7,0
2023-10-25 18:00:00,125.58,125.76,125.04,125.66,2117,7,0
2023-10-25 19:00:00,125.67,126.22,125.27,125.63,1504,7,0
2023-10-26 13:00:00,123.58,123.83,121.43,121.7,3082,7,0
2023-10-26 14:00:00,121.69,123.86,121.23,123.42,6298,7,0
2023-10-26 15:00:00,123.44,123.53,122.41,122.72,3868,7,0
2023-10-26 16:00:00,122.72,122.92,121.72,121.75,3170,7,0
2023-10-26 17:00:00,121.76,122.55,121.49,122.39,2647,7,0
2023-10-26 18:00:00,122.38,123.31,122.21,122.95,2613,7,0
2023-10-26 19:00:00,122.95,123.28,122.11,122.11,1847,7,0
2023-10-27 13:00:00,122.23,122.31,120.18,121.08,3085,7,0
2023-10-27 14:00:00,121.1,121.96,120.61,121.19,6197,7,0
2023-10-27 15:00:00,121.2,122.41,120.92,122.39,3699,7,0
2023-10-27 16:00:00,122.38,122.76,121.74,121.77,2873,7,0
2023-10-27 17:00:00,121.78,121.92,121.22,121.46,3202,7,0
2023-10-27 18:00:00,121.45,122.07,121.04,121.74,3107,7,0
2023-10-27 19:00:00,121.73,122.17,121.59,121.6,2348,7,0
2023-10-30 13:00:00,123.78,125.12,123.76,125.09,2053,7,0
2023-10-30 14:00:00,125.1,125.37,123.36,124.35,4507,7,0
2023-10-30 15:00:00,124.36,124.77,123.92,124.59,2907,7,0
2023-10-30 16:00:00,124.58,124.74,123.96,124.21,2487,7,0
2023-10-30 17:00:00,124.21,125.18,124.11,125.16,2159,7,0
2023-10-30 18:00:00,125.16,125.18,124.71,124.8,1758,7,0
2023-10-30 19:00:00,124.81,125.16,124.61,124.62,1670,7,0
2023-10-31 13:00:00,124.3,124.32,123.54,123.83,1641,7,0
2023-10-31 14:00:00,123.81,124.9,123.26,123.39,3768,7,0
2023-10-31 15:00:00,123.4,123.81,122.99,123.22,2848,7,0
2023-10-31 16:00:00,123.21,123.29,122.64,123.22,2083,7,0
2023-10-31 17:00:00,123.23,123.62,122.97,123.51,1780,7,0
2023-10-31 18:00:00,123.51,123.83,123.28,123.74,1529,7,0
2023-10-31 19:00:00,123.74,124.04,123.71,124.02,1030,7,0
2023-11-01 13:00:00,124.87,125.58,124.75,125.02,1702,7,0
2023-11-01 14:00:00,125.01,125.62,124.54,125.46,3749,7,0
2023-11-01 15:00:00,125.45,125.65,124.87,124.94,1970,7,0
2023-11-01 16:00:00,124.94,125.06,124.66,124.73,1678,7,0
2023-11-01 17:00:00,124.73,124.99,124.63,124.93,1376,7,0
2023-11-01 18:00:00,124.93,126.19,124.9,125.83,5216,7,0
2023-11-01 19:00:00,125.82,126.45,125.82,126.25,3028,7,0
2023-11-02 13:00:00,128.32,128.34,127.58,127.81,1607,7,0
2023-11-02 14:00:00,127.81,128.13,127.13,127.6,3073,7,0
2023-11-02 15:00:00,127.61,127.76,127.1,127.4,2202,7,0
2023-11-02 16:00:00,127.41,127.51,126.96,127.23,1874,7,0
2023-11-02 17:00:00,127.22,127.74,126.9,127.61,1390,7,0
2023-11-02 18:00:00,127.61,127.9,127.51,127.64,1156,7,0
2023-11-02 19:00:00,127.64,127.69,127.35,127.56,868,7,0
2023-11-03 13:00:00,127.87,128.95,127.85,128.59,1201,7,0
2023-11-03 14:00:00,128.62,129.05,128.03,128.97,3371,7,0
2023-11-03 15:00:00,128.98,129.48,128.79,129.4,1954,7,0
2023-11-03 16:00:00,129.4,129.42,128.9,128.93,1477,7,0
2023-11-03 17:00:00,128.93,129.03,128.44,128.76,1447,7,0
2023-11-03 18:00:00,128.76,129.11,128.66,129.0,1228,7,0
2023-11-03 19:00:00,129.0,129.19,128.91,129.06,834,7,0
2023-11-06 14:00:00,129.6,130.0,129.27,129.44,1459,7,0
2023-11-06 15:00:00,129.45,129.83,128.96,129.52,2659,7,0
2023-11-06 16:00:00,129.52,129.81,129.39,129.76,1598,7,0
2023-11-06 17:00:00,129.75,129.75,129.42,129.7,1262,7,0
2023-11-06 18:00:00,129.71,129.71,129.2,129.63,1348,7,0
2023-11-06 19:00:00,129.63,130.1,129.46,129.91,1333,7,0
2023-11-06 20:00:00,129.91,130.15,129.75,130.12,789,7,0
2023-11-07 14:00:00,130.24,130.7,130.22,130.65,1191,7,0
2023-11-07 15:00:00,130.66,131.51,130.21,131.39,2524,7,0
2023-11-07 16:00:00,131.4,131.59,130.91,131.09,1726,7,0
2023-11-07 17:00:00,131.09,131.21,130.84,131.12,1531,7,0
2023-11-07 18:00:00,131.11,131.8,131.08,131.66,1324,7,0
2023-11-07 19:00:00,131.65,131.87,131.37,131.51,1127,7,0
2023-11-07 20:00:00,131.52,131.59,131.23,131.46,1046,7,0
2023-11-08 14:00:00,131.14,131.27,130.88,131.02,1286,7,0
2023-11-08 15:00:00,131.03,131.38,130.74,131.11,2597,7,0
2023-11-08 16:00:00,131.12,131.69,130.99,131.33,2059,7,0
2023-11-08 17:00:00,131.33,131.44,131.06,131.21,1677,7,0
2023-11-08 18:00:00,131.2,131.67,131.03,131.32,1541,7,0
2023-11-08 19:00:00,131.31,132.15,131.25,131.64,1202,7,0
2023-11-08 20:00:00,131.63,131.95,131.3,131.92,842,7,0
2023-11-09 14:00:00,131.46,132.1,131.16,132.04,1131,7,0
2023-11-09 15:00:00,132.06,132.18,131.23,131.95,2789,7,0
2023-11-09 16:00:00,131.96,132.52,131.9,132.34,1490,7,0
2023-11-09 17:00:00,132.33,132.33,131.47,131.77,1400,7,0
2023-11-09 18:00:00,131.78,131.82,130.71,130.81,3002,7,0
2023-11-09 19:00:00,130.8,130.92,130.3,130.37,2689,7,0
2023-11-09 20:00:00,130.35,130.52,130.14,130.2,1468,7,0
2023-11-10 14:00:00,129.88,130.85,129.8,130.76,1231,7,0
2023-11-10 15:00:00,130.64,130.79,129.68,130.08,3026,7,0
2023-11-10 16:00:00,130.08,131.53,130.07,131.52,1708,7,0
2023-11-10 17:00:00,131.52,132.21,131.51,132.1,1513,7,0
2023-11-10 18:00:00,132.1,132.55,131.8,132.28,1355,7,0
2023-11-10 19:00:00,132.28,132.58,132.26,132.44,1165,7,0
2023-11-10 20:00:00,132.45,132.66,132.42,132.6,767,7,0
2023-11-13 14:00:00,131.56,131.69,131.22,131.64,1067,7,0
2023-11-13 15:00:00,131.64,132.23,131.51,132.11,2260,7,0
2023-11-13 16:00:00,132.12,132.45,131.98,132.23,1638,7,0
2023-11-13 17:00:00,132.23,132.34,132.0,132.17,1314,7,0
2023-11-13 18:00:00,132.17,132.4,131.95,132.2,1155,7,0
2023-11-13 19:00:00,132.2,132.55,132.15,132.41,921,7,0
2023-11-13 20:00:00,132.41,132.55,132.17,132.21,794,7,0
2023-11-14 14:00:00,134.43,134.89,134.08,134.83,1212,7,0
2023-11-14 15:00:00,134.86,135.67,134.27,134.29,2552,7,0
2023-11-14 16:00:00,134.29,134.5,133.93,134.08,1892,7,0
2023-11-14 17:00:00,134.1,134.64,133.91,134.64,1398,7,0
2023-11-14 18:00:00,134.65,134.99,134.49,134.49,1078,7,0
2023-11-14 19:00:00,134.48,134.85,134.25,134.77,1055,7,0
2023-11-14 20:00:00,134.76,134.8,134.18,134.22,886,7,0
2023-11-15 14:00:00,133.85,134.22,133.63,133.99,912,7,0
2023-11-15 15:00:00,133.98,134.34,133.63,134.07,2144,7,0
2023-11-15 16:00:00,134.09,134.52,133.82,134.01,1824,7,0
2023-11-15 17:00:00,134.01,134.24,133.85,133.94,1304,7,0
2023-11-15 18:00:00,133.94,134.48,133.54,134.44,1276,7,0
2023-11-15 19:00:00,134.45,134.61,134.22,134.46,1191,7,0
2023-11-15 20:00:00,134.46,134.69,134.26,134.63,813,7,0
2023-11-16 14:00:00,134.98,136.12,134.82,135.88,955,7,0
2023-11-16 15:00:00,135.91,137.14,135.84,136.13,2169,12,0
2023-11-16 16:00:00,136.13,136.47,135.74,136.42,1675,7,0
2023-11-16 17:00:00,136.44,136.85,136.36,136.78,1369,7,0
2023-11-16 18:00:00,136.78,136.84,136.23,136.73,1444,7,0
2023-11-16 19:00:00,136.73,136.99,136.59,136.77,1189,7,0
2023-11-16 20:00:00,136.76,136.86,136.56,136.75,894,7,0
2023-11-17 14:00:00,135.22,136.01,135.08,135.48,1177,7,0
2023-11-17 15:00:00,135.46,135.57,134.02,134.24,2606,7,0
2023-11-17 16:00:00,134.23,134.31,133.6,134.15,2087,7,0
2023-11-17 17:00:00,134.15,134.36,133.9,134.23,1211,7,0
2023-11-17 18:00:00,134.23,134.47,134.2,134.35,923,7,0
2023-11-17 19:00:00,134.36,134.85,134.35,134.57,1074,7,0
2023-11-17 20:00:00,134.57,135.48,134.39,135.08,1208,7,0
2023-11-20 14:00:00,134.57,135.41,134.44,135.41,991,7,0
2023-11-20 15:00:00,135.43,135.73,134.74,135.64,1820,7,0
2023-11-20 16:00:00,135.66,136.2,135.56,135.85,1602,7,0
2023-11-20 17:00:00,135.85,136.24,135.67,136.0,1209,7,0
2023-11-20 18:00:00,136.0,136.62,136.0,136.24,1390,7,0
2023-11-20 19:00:00,136.23,136.34,135.98,136.09,1022,7,0
2023-11-20 20:00:00,136.09,136.37,136.03,136.11,654,7,0
2023-11-21 14:00:00,136.32,136.74,136.15,136.56,809,12,0
2023-11-21 15:00:00,136.59,137.13,136.22,136.46,2056,7,0
2023-11-21 16:00:00,136.45,136.52,135.9,136.35,1467,7,0
2023-11-21 17:00:00,136.36,136.8,136.32,136.69,1018,7,0
2023-11-21 18:00:00,136.69,137.05,136.44,136.8,946,7,0
2023-11-21 19:00:00,136.8,137.08,136.67,136.9,1271,7,0
2023-11-21 20:00:00,136.9,137.08,136.72,136.78,668,7,0
2023-11-22 14:00:00,139.09,139.11,137.71,137.85,946,7,0
2023-11-22 15:00:00,137.88,138.93,137.61,138.24,2447,7,0
2023-11-22 16:00:00,138.24,138.78,138.2,138.67,1482,7,0
2023-11-22 17:00:00,138.67,138.68,138.22,138.34,1296,7,0
2023-11-22 18:00:00,138.34,138.58,138.16,138.49,822,7,0
2023-11-22 19:00:00,138.49,138.72,138.07,138.31,1027,7,0
2023-11-22 20:00:00,138.31,138.44,138.21,138.34,668,7,0
2023-11-24 14:00:00,137.27,137.46,136.93,137.46,779,12,0
2023-11-24 15:00:00,137.46,137.46,135.95,136.09,1584,7,0
2023-11-24 16:00:00,136.09,136.54,136.09,136.5,1083,7,0
2023-11-24 17:00:00,136.5,136.68,136.4,136.61,791,7,0
2023-11-27 14:00:00,137.3,137.42,136.66,136.87,978,7,0
2023-11-27 15:00:00,136.86,137.09,136.33,136.61,1978,7,0
2023-11-27 16:00:00,136.61,136.72,136.06,136.69,1322,7,0
2023-11-27 17:00:00,136.69,136.92,136.54,136.91,861,7,0
2023-11-27 18:00:00,136.91,137.12,136.5,136.63,769,7,0
2023-11-27 19:00:00,136.64,136.68,136.24,136.53,808,7,0
2023-11-27 20:00:00,136.53,136.8,136.44,136.68,562,7,0
2023-11-28 14:00:00,135.61,135.77,135.42,135.5,811,7,0
2023-11-28 15:00:00,135.5,136.44,135.36,136.29,1762,7,0
2023-11-28 16:00:00,136.29,136.71,136.15,136.62,1243,7,0
2023-11-28 17:00:00,136.64,136.81,136.36,136.48,924,7,0
2023-11-28 18:00:00,136.48,136.68,136.13,136.58,1331,7,0
2023-11-28 19:00:00,136.58,136.75,136.33,136.67,840,7,0
2023-11-28 20:00:00,136.68,136.75,136.43,136.7,610,7,0
2023-11-29 14:00:00,137.82,137.97,137.48,137.49,765,7,0
2023-11-29 15:00:00,137.51,137.71,135.68,135.95,1880,7,0
2023-11-29 16:00:00,135.95,136.1,135.17,135.76,1322,7,0
2023-11-29 17:00:00,135.76,135.84,135.45,135.58,771,7,0
2023-11-29 18:00:00,135.58,135.65,135.12,135.34,869,7,0
2023-11-29 19:00:00,135.34,135.46,134.98,135.14,1010,7,0
2023-11-29 20:00:00,135.13,135.16,134.79,134.98,843,7,0
2023-11-30 14:00:00,134.65,134.67,133.85,133.86,784,12,0
2023-11-30 15:00:00,133.84,133.9,132.26,132.54,2117,7,0
2023-11-30 16:00:00,132.54,132.75,131.79,131.84,1353,7,0
2023-11-30 17:00:00,131.84,132.21,131.62,131.77,1212,7,0
2023-11-30 18:00:00,131.77,131.8,131.22,131.36,977,7,0
2023-11-30 19:00:00,131.35,131.93,131.33,131.92,864,7,0
2023-11-30 20:00:00,131.92,131.93,131.32,131.77,792,7,0
2023-12-01 14:00:00,131.34,131.57,130.88,130.98,1004,7,0
2023-12-01 15:00:00,131.03,131.75,130.63,130.82,2409,7,0
2023-12-01 16:00:00,130.82,131.54,130.65,131.37,2306,7,0
2023-12-01 17:00:00,131.38,131.97,131.28,131.81,1340,7,0
2023-12-01 18:00:00,131.81,131.87,131.32,131.39,1198,7,0
2023-12-01 19:00:00,131.39,131.7,131.27,131.6,994,7,0
2023-12-01 20:00:00,131.6,131.89,131.44,131.76,674,7,0
2023-12-04 14:00:00,129.1,129.32,128.56,129.0,1142,7,0
2023-12-04 15:00:00,129.0,129.25,127.85,128.11,2210,7,0
2023-12-04 16:00:00,128.14,128.73,127.89,128.66,1302,7,0
2023-12-04 17:00:00,128.66,129.14,128.42,129.02,876,7,0
2023-12-04 18:00:00,129.02,129.02,128.43,128.47,834,7,0
2023-12-04 19:00:00,128.46,129.04,128.08,128.61,1435,7,0
2023-12-04 20:00:00,128.62,129.25,128.55,129.12,941,7,0
2023-12-05 14:00:00,129.54,130.46,129.17,130.46,1214,7,0
2023-12-05 15:00:00,130.42,131.9,130.12,131.67,3448,7,0
2023-12-05 16:00:00,131.68,132.1,130.5,130.7,2089,7,0
2023-12-05 17:00:00,130.71,130.95,130.32,130.67,1651,7,0
2023-12-05 18:00:00,130.67,130.7,130.31,130.48,1273,7,0
2023-12-05 19:00:00,130.48,130.94,130.3,130.9,958,7,0
2023-12-05 20:00:00,130.89,131.06,130.8,130.81,788,7,0
2023-12-06 14:00:00,131.44,131.76,131.07,131.15,959,7,0
2023-12-06 15:00:00,131.14,131.49,130.47,131.35,2675,7,0
2023-12-06 16:00:00,131.36,131.42,130.33,130.77,1910,7,0
2023-12-06 17:00:00,130.77,130.97,130.34,130.36,1505,7,0
2023-12-06 18:00:00,130.36,130.59,130.15,130.47,1232,7,0
2023-12-06 19:00:00,130.47,130.65,130.28,130.44,1022,7,0
2023-12-06 20:00:00,130.44,130.47,129.93,130.23,868,7,0
2023-12-07 14:00:00,137.72,137.86,136.75,136.9,1718,12,0
2023-12-07 15:00:00,136.92,137.25,136.07,136.78,2909,7,0
2023-12-07 16:00:00,136.76,137.09,135.77,137.07,2342,7,0
2023-12-07 17:00:00,137.08,138.52,137.04,137.84,2275,7,0
2023-12-07 18:00:00,137.84,137.86,136.73,137.24,1686,7,0
2023-12-07 19:00:00,137.22,137.39,136.75,137.03,1373,7,0
2023-12-07 20:00:00,137.02,137.36,136.74,136.77,939,7,0
2023-12-08 14:00:00,134.78,135.2,134.4,134.69,1193,7,0
2023-12-08 15:00:00,134.69,136.33,134.69,135.44,2872,7,0
2023-12-08 16:00:00,135.45,135.53,134.6,134.66,1959,7,0
2023-12-08 17:00:00,134.65,135.02,134.22,134.94,1720,7,0
2023-12-08 18:00:00,134.95,135.01,134.59,134.82,1041,7,0
2023-12-08 19:00:00,134.83,135.21,134.67,135.11,815,7,0
2023-12-08 20:00:00,135.11,135.13,134.92,135.0,669,7,0
2023-12-11 14:00:00,132.45,133.05,132.33,132.88,1313,7,0
2023-12-11 15:00:00,132.92,132.98,131.91,132.51,2181,7,0
2023-12-11 16:00:00,132.5,132.5,131.82,132.2,1692,7,0
2023-12-11 17:00:00,132.2,132.59,132.02,132.46,1073,7,0
2023-12-11 18:00:00,132.46,132.79,132.4,132.6,990,7,0
2023-12-11 19:00:00,132.6,132.78,132.38,132.77,825,7,0
2023-12-11 20:00:00,132.78,133.02,132.7,132.88,637,7,0
2023-12-12 14:00:00,132.33,132.47,131.21,132.11,1263,7,0
2023-12-12 15:00:00,132.11,132.43,131.99,132.32,1721,7,0
2023-12-12 16:00:00,132.31,132.57,132.11,132.18,1176,7,0
2023-12-12 17:00:00,132.18,132.34,131.94,132.33,904,7,0
2023-12-12 18:00:00,132.33,132.69,132.28,132.61,943,7,0
2023-12-12 19:00:00,132.61,132.66,132.07,132.15,720,7,0
2023-12-12 20:00:00,132.16,132.24,132.02,132.16,764,7,0
2023-12-13 14:00:00,132.81,132.86,132.27,132.51,990,7,0
2023-12-13 15:00:00,132.49,132.96,132.38,132.68,1704,7,0
2023-12-13 16:00:00,132.69,132.77,131.96,131.99,1125,7,0
2023-12-13 17:00:00,131.99,132.1,131.79,131.85,733,7,0
2023-12-13 18:00:00,131.85,131.86,131.52,131.54,594,7,0
2023-12-13 19:00:00,131.54,132.96,131.54,132.8,3438,7,0
2023-12-13 20:00:00,132.81,133.28,132.25,132.4,2381,7,0
2023-12-14 14:00:00,132.67,133.67,132.35,132.41,1528,7,0
2023-12-14 15:00:00,132.41,132.41,130.55,130.84,3422,7,0
2023-12-14 16:00:00,130.84,131.26,130.17,131.17,2378,7,0
2023-12-14 17:00:00,131.18,131.45,130.53,130.54,1348,7,0
2023-12-14 18:00:00,130.54,130.54,129.66,129.85,1614,7,0
2023-12-14 19:00:00,129.84,131.5,129.84,131.34,1265,7,0
2023-12-14 20:00:00,131.34,131.76,131.21,131.4,931,7,0
2023-12-15 14:00:00,132.91,133.42,132.45,132.47,1117,7,0
2023-12-15 15:00:00,132.52,132.66,131.66,131.7,2227,7,0
2023-12-15 16:00:00,131.7,132.09,131.52,131.62,1278,7,0
2023-12-15 17:00:00,131.63,131.99,131.38,131.38,1058,7,0
2023-12-15 18:00:00,131.38,131.79,131.28,131.55,1361,7,0
2023-12-15 19:00:00,131.53,132.22,131.46,132.21,1145,7,0
2023-12-15 20:00:00,132.22,132.6,132.15,132.41,748,7,0
2023-12-18 14:00:00,133.51,134.73,133.47,134.66,1101,7,0
2023-12-18 15:00:00,134.65,136.03,134.6,135.19,2294,7,0
2023-12-18 16:00:00,135.19,136.58,135.06,136.57,1579,7,0
2023-12-18 17:00:00,136.57,137.08,135.82,136.36,1713,7,0
2023-12-18 18:00:00,136.36,136.51,136.01,136.16,1243,7,0
2023-12-18 19:00:00,136.16,136.29,135.88,136.08,987,7,0
2023-12-18 20:00:00,136.09,136.42,135.96,136.12,715,7,0
2023-12-19 14:00:00,137.16,137.26,136.25,136.61,1201,7,0
2023-12-19 15:00:00,136.62,136.89,136.09,136.4,2952,7,0
2023-12-19 16:00:00,136.39,136.75,136.28,136.42,1393,7,0
2023-12-19 17:00:00,136.43,136.46,136.08,136.37,915,7,0
2023-12-19 18:00:00,136.37,136.99,136.33,136.86,897,7,0
2023-12-19 19:00:00,136.87,137.2,136.85,136.85,913,7,0
2023-12-19 20:00:00,136.84,136.95,136.48,136.9,768,7,0
2023-12-20 14:00:00,139.66,140.29,139.46,139.71,1191,12,0
2023-12-20 15:00:00,139.68,141.62,139.62,140.97,2610,7,0
2023-12-20 16:00:00,140.97,141.24,140.32,140.48,1733,7,0
2023-12-20 17:00:00,140.48,140.82,140.37,140.75,1352,7,0
2023-12-20 18:00:00,140.76,140.92,140.36,140.56,1084,7,0
2023-12-20 19:00:00,140.54,140.77,138.65,138.73,2098,7,0
2023-12-20 20:00:00,138.74,139.16,138.03,138.59,2458,7,0
2023-12-21 14:00:00,139.65,139.71,139.16,139.63,975,7,0
2023-12-21 15:00:00,139.65,140.56,139.24,140.03,3174,7,0
2023-12-21 16:00:00,140.02,140.45,139.8,139.85,2121,7,0
2023-12-21 17:00:00,139.86,139.96,139.54,139.86,1767,7,0
2023-12-21 18:00:00,139.87,140.17,139.74,140.04,1866,7,0
2023-12-21 19:00:00,140.05,140.05,139.69,139.96,1059,7,0
2023-12-21 20:00:00,139.96,140.26,139.74,140.24,902,7,0
2023-12-22 14:00:00,140.99,141.91,140.92,141.23,1018,7,0
2023-12-22 15:00:00,141.26,141.61,140.92,140.94,2491,7,0
2023-12-22 16:00:00,140.93,141.29,140.74,140.79,1637,7,0
2023-12-22 17:00:00,140.79,141.45,140.69,141.45,1355,7,0
2023-12-22 18:00:00,141.44,141.55,141.2,141.21,926,7,0
2023-12-22 19:00:00,141.2,141.45,140.7,141.43,2241,7,0
2023-12-22 20:00:00,141.44,141.54,141.18,141.27,1157,7,0
2023-12-26 14:00:00,142.32,142.6,142.08,142.22,973,7,0
2023-12-26 15:00:00,142.21,142.25,141.64,141.7,1527,7,0
2023-12-26 16:00:00,141.71,141.74,141.16,141.54,1085,7,0
2023-12-26 17:00:00,141.54,141.55,141.28,141.33,942,7,0
2023-12-26 18:00:00,141.33,141.39,141.16,141.31,647,7,0
2023-12-26 19:00:00,141.31,141.42,141.21,141.33,639,7,0
2023-12-26 20:00:00,141.33,141.66,141.28,141.41,523,7,0
2023-12-27 14:00:00,141.22,141.58,140.76,140.89,731,7,0
2023-12-27 15:00:00,140.91,140.91,139.94,140.38,1875,7,0
2023-12-27 16:00:00,140.38,140.45,140.0,140.22,913,7,0
2023-12-27 17:00:00,140.22,140.38,140.0,140.02,718,7,0
2023-12-27 18:00:00,140.02,140.51,139.99,140.28,1059,7,0
2023-12-27 19:00:00,140.27,140.27,139.82,139.95,1240,7,0
2023-12-27 20:00:00,139.96,140.2,139.89,140.07,659,7,0
2023-12-28 14:00:00,140.4,140.58,139.93,140.03,886,7,0
2023-12-28 15:00:00,140.03,140.67,139.68,140.44,1448,7,0
2023-12-28 16:00:00,140.44,140.61,140.11,140.38,1044,7,0
2023-12-28 17:00:00,140.38,140.47,140.24,140.36,739,7,0
2023-12-28 18:00:00,140.36,140.55,140.19,140.34,959,7,0
2023-12-28 19:00:00,140.34,140.6,140.3,140.33,684,7,0
2023-12-28 20:00:00,140.33,140.36,140.04,140.23,637,7,0
2023-12-29 14:00:00,139.92,140.29,139.81,140.11,609,7,0
2023-12-29 15:00:00,140.11,140.16,139.32,139.59,1630,7,0
2023-12-29 16:00:00,139.59,139.68,138.75,139.19,1677,7,0
2023-12-29 17:00:00,139.18,139.33,138.88,139.29,1133,7,0
2023-12-29 18:00:00,139.29,139.57,139.24,139.39,1021,7,0
2023-12-29 19:00:00,139.41,139.85,139.33,139.77,747,7,0
2023-12-29 20:00:00,139.77,139.89,139.55,139.71,769,12,0
2024-01-02 14:00:00,138.57,138.58,136.53,136.59,1211,12,0
2024-01-02 15:00:00,136.59,137.58,136.42,136.77,2461,7,0
2024-01-02 16:00:00,136.77,137.86,136.77,137.86,1657,7,0
2024-01-02 17:00:00,137.88,138.16,137.41,137.42,1631,7,0
2024-01-02 18:00:00,137.42,138.03,137.35,137.66,1322,7,0
2024-01-02 19:00:00,137.66,137.73,137.22,137.22,1097,7,0
2024-01-02 20:00:00,137.22,137.69,137.02,137.67,980,7,0
2024-01-03 14:00:00,137.88,138.52,137.69,137.8,1283,7,0
2024-01-03 15:00:00,137.79,138.69,137.56,138.64,3101,7,0
2024-01-03 16:00:00,138.65,138.91,138.45,138.73,1932,7,0
2024-01-03 17:00:00,138.74,139.22,138.52,139.2,1371,7,0
2024-01-03 18:00:00,139.21,139.31,138.81,139.0,1156,7,0
2024-01-03 19:00:00,139.0,139.59,138.66,139.53,2668,7,0
2024-01-03 20:00:00,139.53,139.59,139.1,139.1,1179,7,0
2024-01-04 14:00:00,138.48,138.75,138.23,138.24,1041,7,0
2024-01-04 15:00:00,138.24,138.76,138.01,138.41,2034,7,0
2024-01-04 16:00:00,138.43,139.12,137.99,138.03,1606,7,0
2024-01-04 17:00:00,138.03,138.17,137.27,137.42,1491,7,0
2024-01-04 18:00:00,137.42,137.69,137.2,137.42,1313,7,0
2024-01-04 19:00:00,137.42,137.44,136.74,136.97,1305,7,0
2024-01-04 20:00:00,136.97,137.17,136.67,136.95,974,7,0
2024-01-05 14:00:00,136.63,136.94,136.32,136.48,1188,7,0
2024-01-05 15:00:00,136.51,137.11,136.35,136.55,2561,7,0
2024-01-05 16:00:00,136.53,136.67,135.62,135.95,1769,7,0
2024-01-05 17:00:00,135.95,136.07,135.46,135.88,1504,7,0
2024-01-05 18:00:00,135.87,136.05,135.46,135.88,1507,7,0
2024-01-05 19:00:00,135.88,136.0,135.22,135.31,1292,7,0
2024-01-05 20:00:00,135.31,135.38,135.1,135.38,780,7,0
2024-01-08 14:00:00,136.88,137.02,136.38,136.98,967,7,0
2024-01-08 15:00:00,136.96,137.43,136.57,137.28,1927,7,0
2024-01-08 16:00:00,137.28,137.73,137.22,137.67,1459,7,0
2024-01-08 17:00:00,137.67,138.19,137.62,137.87,1113,7,0
2024-01-08 18:00:00,137.87,138.31,137.67,138.2,724,7,0
2024-01-08 19:00:00,138.2,138.82,138.11,138.73,821,7,0
2024-01-08 20:00:00,138.72,138.91,138.58,138.69,759,7,0
2024-01-09 14:00:00,139.25,139.76,138.97,139.48,1067,12,0
2024-01-09 15:00:00,139.48,140.09,139.27,139.91,1963,7,0
2024-01-09 16:00:00,139.88,140.9,139.88,140.9,1466,7,0
2024-01-09 17:00:00,140.92,141.3,140.71,141.16,1190,7,0
2024-01-09 18:00:00,141.16,141.43,140.64,140.87,1370,7,0
2024-01-09 19:00:00,140.88,141.05,140.54,140.65,1318,7,0
2024-01-09 20:00:00,140.65,140.83,140.34,140.66,1051,7,0
2024-01-10 14:00:00,141.77,142.41,141.28,141.68,993,7,0
2024-01-10 15:00:00,141.65,141.86,140.95,141.84,2222,7,0
2024-01-10 16:00:00,141.85,141.96,141.35,141.7,1292,7,0
2024-01-10 17:00:00,141.71,142.23,141.57,142.19,845,7,0
2024-01-10 18:00:00,142.19,142.47,142.08,142.31,1197,7,0
2024-01-10 19:00:00,142.31,142.93,142.29,142.71,935,7,0
2024-01-10 20:00:00,142.71,142.71,141.95,142.11,1152,7,0
2024-01-11 14:00:00,144.05,144.09,143.03,143.42,1312,12,0
2024-01-11 15:00:00,143.44,143.48,141.96,142.05,3015,7,0
2024-01-11 16:00:00,142.05,142.2,140.92,140.94,2273,7,0
2024-01-11 17:00:00,140.93,141.24,140.57,140.75,1733,7,0
2024-01-11 18:00:00,140.75,141.72,140.74,141.66,1766,7,0
2024-01-11 19:00:00,141.68,142.26,141.47,142.21,1538,7,0
2024-01-11 20:00:00,142.22,142.24,141.59,141.94,1186,7,0
2024-01-12 14:00:00,142.38,142.85,142.29,142.33,990,12,0
2024-01-12 15:00:00,142.31,142.58,141.89,142.54,2407,12,0
2024-01-12 16:00:00,142.54,143.11,142.44,142.54,1757,12,0
2024-01-12 17:00:00,142.55,142.98,142.43,142.91,1436,7,0
2024-01-12 18:00:00,142.92,143.16,142.84,142.9,1048,7,0
2024-01-12 19:00:00,142.9,143.06,142.64,142.76,1096,7,0
2024-01-12 20:00:00,142.75,142.76,142.51,142.66,964,7,0
2024-01-16 14:00:00,143.41,143.54,142.64,143.45,1345,7,0
2024-01-16 15:00:00,143.46,143.55,142.89,143.0,2629,7,0
2024-01-16 16:00:00,143.01,143.05,142.26,142.41,2391,7,0
2024-01-16 17:00:00,142.4,142.48,141.72,141.76,1960,7,0
2024-01-16 18:00:00,141.77,142.17,141.62,141.73,1565,7,0
2024-01-16 19:00:00,141.72,141.99,141.39,141.94,1235,7,0
2024-01-16 20:00:00,141.96,142.13,141.83,142.02,751,12,0
2024-01-17 14:00:00,140.43,140.7,139.21,139.31,1121,12,0
2024-01-17 15:00:00,139.3,140.49,138.85,140.32,2514,7,0
2024-01-17 16:00:00,140.32,141.04,140.31,140.7,1567,7,0
2024-01-17 17:00:00,140.71,140.92,140.45,140.88,1421,7,0
2024-01-17 18:00:00,140.87,141.14,140.12,140.33,1495,7,0
2024-01-17 19:00:00,140.34,140.92,140.28,140.85,1162,7,0
2024-01-17 20:00:00,140.85,141.25,140.74,141.13,722,12,0
2024-01-18 14:00:00,142.87,143.3,142.55,142.76,992,12,0
2024-01-18 15:00:00,142.75,143.37,141.92,143.37,2153,12,0
2024-01-18 16:00:00,143.37,144.14,143.23,143.69,1791,7,0
2024-01-18 17:00:00,143.69,143.78,142.77,142.81,1620,7,0
2024-01-18 18:00:00,142.81,143.1,142.55,143.03,1741,7,0
2024-01-18 19:00:00,143.05,143.93,142.97,143.89,1202,12,0
2024-01-18 20:00:00,143.91,143.91,143.36,143.45,890,12,0
2024-01-19 14:00:00,144.93,145.64,144.9,145.17,1100,12,0
2024-01-19 15:00:00,145.19,145.89,144.85,145.77,2240,7,0
2024-01-19 16:00:00,145.77,146.31,145.47,145.66,1549,7,0
2024-01-19 17:00:00,145.67,145.86,145.08,145.69,1994,7,0
2024-01-19 18:00:00,145.69,146.18,145.46,146.14,1428,7,0
2024-01-19 19:00:00,146.14,146.16,145.51,145.93,1278,12,0
2024-01-19 20:00:00,145.93,146.23,145.88,146.03,962,12,0
2024-01-22 14:00:00,147.63,148.29,147.36,147.86,985,12,0
2024-01-22 15:00:00,147.85,147.99,146.76,146.95,2259,12,0
2024-01-22 16:00:00,146.96,147.24,146.82,146.98,1437,7,0
2024-01-22 17:00:00,146.99,147.18,146.53,146.96,1252,7,0
2024-01-22 18:00:00,146.96,146.96,146.52,146.88,1244,7,0
2024-01-22 19:00:00,146.89,146.93,146.57,146.78,1001,12,0
2024-01-22 20:00:00,146.78,146.81,146.41,146.41,694,12,0
2024-01-23 14:00:00,146.36,146.64,146.14,146.35,874,12,0
2024-01-23 15:00:00,146.38,147.08,146.23,146.47,1833,12,0
2024-01-23 16:00:00,146.46,146.49,146.0,146.37,1289,12,0
2024-01-23 17:00:00,146.37,146.45,146.09,146.41,705,12,0
2024-01-23 18:00:00,146.42,146.72,146.37,146.56,891,12,0
2024-01-23 19:00:00,146.56,146.62,146.31,146.5,846,12,0
2024-01-23 20:00:00,146.51,146.87,146.5,146.87,709,12,0
2024-01-24 14:00:00,148.39,149.08,148.25,148.75,1100,12,0
2024-01-24 15:00:00,148.76,149.75,148.45,149.67,2000,12,0
2024-01-24 16:00:00,149.68,149.78,148.72,149.13,1547,7,0
2024-01-24 17:00:00,149.14,149.41,148.94,149.4,1112,7,0
2024-01-24 18:00:00,149.4,149.48,148.93,149.01,1846,7,0
2024-01-24 19:00:00,149.01,149.17,148.77,148.96,1524,7,0
2024-01-24 20:00:00,148.97,149.08,148.51,148.79,1095,7,0
2024-01-25 14:00:00,150.13,150.73,149.81,150.4,999,12,0
2024-01-25 15:00:00,150.43,152.84,150.29,152.72,2560,12,0
2024-01-25 16:00:00,152.7,152.98,152.42,152.71,2017,12,0
2024-01-25 17:00:00,152.71,152.88,151.46,151.67,1820,7,0
2024-01-25 18:00:00,151.67,152.12,151.0,151.17,1791,7,0
2024-01-25 19:00:00,151.15,151.69,150.96,151.69,1663,7,0
2024-01-25 20:00:00,151.69,151.71,151.2,151.24,1043,7,0
2024-01-26 14:00:00,151.74,151.93,151.34,151.84,1016,12,0
2024-01-26 15:00:00,151.84,152.23,151.2,151.98,1911,12,0
2024-01-26 16:00:00,151.98,152.35,151.67,152.04,1334,12,0
2024-01-26 17:00:00,152.04,152.47,151.44,151.5,1587,7,0
2024-01-26 18:00:00,151.48,151.9,151.44,151.83,1305,7,0
2024-01-26 19:00:00,151.82,151.97,151.53,151.67,1191,7,0
2024-01-26 20:00:00,151.66,151.93,151.59,151.79,758,7,0
2024-01-29 14:00:00,152.13,152.75,152.03,152.12,886,12,0
2024-01-29 15:00:00,152.14,152.34,151.43,151.56,1944,12,0
2024-01-29 16:00:00,151.56,152.23,151.44,152.08,1171,12,0
2024-01-29 17:00:00,152.08,152.59,151.81,152.5,1144,12,0
2024-01-29 18:00:00,152.51,152.62,152.36,152.51,833,12,0
2024-01-29 19:00:00,152.51,153.04,152.42,153.04,890,12,0
2024-01-29 20:00:00,153.06,153.71,153.05,153.4,1043,12,0
2024-01-30 14:00:00,153.12,153.55,152.94,153.03,900,12,0
2024-01-30 15:00:00,153.01,153.12,152.33,152.68,1929,12,0
2024-01-30 16:00:00,152.68,153.06,152.18,152.22,1330,12,0
2024-01-30 17:00:00,152.22,152.39,151.53,152.14,1345,12,0
2024-01-30 18:00:00,152.15,152.29,151.8,151.96,1041,12,0
2024-01-30 19:00:00,151.95,152.17,151.72,151.86,909,12,0
2024-01-30 20:00:00,151.85,152.03,151.64,151.64,663,12,0
2024-01-31 14:00:00,142.09,142.91,140.96,142.77,2159,12,0
2024-01-31 15:00:00,142.79,142.88,141.19,141.57,3748,12,0
2024-01-31 16:00:00,141.58,142.33,141.28,141.66,2001,12,0
2024-01-31 17:00:00,141.66,141.93,140.67,141.0,1835,12,0
2024-01-31 18:00:00,140.98,142.11,140.91,141.76,1345,12,0
2024-01-31 19:00:00,141.76,142.3,141.13,141.43,3135,12,0
2024-01-31 20:00:00,141.43,141.48,140.19,140.23,2146,7,0
2024-02-01 14:00:00,141.61,142.4,141.34,142.38,1370,12,0
2024-02-01 15:00:00,142.33,142.52,141.43,142.08,2597,7,0
2024-02-01 16:00:00,142.06,142.39,141.19,141.38,1732,7,0
2024-02-01 17:00:00,141.38,141.8,140.8,141.51,1568,7,0
2024-02-01 18:00:00,141.52,141.55,140.74,140.88,1618,7,0
2024-02-01 19:00:00,140.88,141.76,140.79,141.7,1271,7,0
2024-02-01 20:00:00,141.71,141.79,141.15,141.15,827,12,0
2024-02-02 14:00:00,138.79,138.97,136.83,137.92,2218,7,0
2024-02-02 15:00:00,137.94,139.8,137.45,139.33,3926,12,0
2024-02-02 16:00:00,139.33,140.54,138.85,140.5,2590,7,0
2024-02-02 17:00:00,140.5,141.36,140.19,140.45,2236,7,0
2024-02-02 18:00:00,140.46,140.76,140.22,140.69,2146,7,0
2024-02-02 19:00:00,140.69,142.06,140.69,141.73,1853,7,0
2024-02-02 20:00:00,141.71,142.46,141.49,142.37,1257,7,0
2024-02-05 14:00:00,144.65,145.15,144.08,144.78,1252,12,0
2024-02-05 15:00:00,144.78,145.4,143.3,143.65,3194,7,0
2024-02-05 16:00:00,143.65,143.8,143.19,143.56,1911,7,0
2024-02-05 17:00:00,143.56,144.08,143.18,143.97,1706,7,0
2024-02-05 18:00:00,143.97,144.37,143.17,143.38,1488,7,0
2024-02-05 19:00:00,143.37,144.09,143.16,144.0,1206,7,0
2024-02-05 20:00:00,144.0,144.0,143.36,143.63,1158,7,0
2024-02-06 14:00:00,144.52,144.89,144.21,144.24,959,12,0
2024-02-06 15:00:00,144.24,144.49,143.66,144.16,2305,7,0
2024-02-06 16:00:00,144.15,144.68,143.97,144.06,1772,7,0
2024-02-06 17:00:00,144.06,144.19,143.3,143.49,1615,7,0
2024-02-06 18:00:00,143.5,143.89,143.47,143.67,1206,7,0
2024-02-06 19:00:00,143.66,143.7,143.13,143.58,1058,12,0
2024-02-06 20:00:00,143.58,143.82,143.36,143.46,863,7,0
2024-02-07 14:00:00,144.64,144.83,144.05,144.17,901,7,0
2024-02-07 15:00:00,144.17,145.24,143.86,144.59,2546,7,0
2024-02-07 16:00:00,144.59,145.31,144.4,144.98,1735,7,0
2024-02-07 17:00:00,144.99,145.29,144.57,144.81,1296,7,0
2024-02-07 18:00:00,144.81,145.33,144.54,145.08,1138,12,0
2024-02-07 19:00:00,145.07,145.32,144.99,145.19,743,12,0
2024-02-07 20:00:00,145.17,145.52,145.15,145.47,571,7,0
2024-02-08 14:00:00,146.22,146.25,145.06,145.31,954,12,0
2024-02-08 15:00:00,145.33,146.13,145.3,146.05,1692,12,0
2024-02-08 16:00:00,146.05,146.08,145.58,145.76,1186,7,0
2024-02-08 17:00:00,145.76,146.1,145.62,145.67,886,7,0
2024-02-08 18:00:00,145.68,145.97,145.34,145.4,891,7,0
2024-02-08 19:00:00,145.4,145.72,145.14,145.65,800,12,0
2024-02-08 20:00:00,145.64,145.93,145.62,145.83,484,12,0
2024-02-09 14:00:00,146.75,147.26,146.49,147.25,770,12,0
2024-02-09 15:00:00,147.23,148.48,146.76,148.42,2020,12,0
2024-02-09 16:00:00,148.44,148.92,148.3,148.65,1666,12,0
2024-02-09 17:00:00,148.64,149.27,148.5,149.12,1066,12,0
2024-02-09 18:00:00,149.12,149.37,148.77,148.84,1016,12,0
2024-02-09 19:00:00,148.84,149.26,148.68,149.1,853,12,0
2024-02-09 20:00:00,149.1,149.17,148.74,148.85,835,12,0
2024-02-12 14:00:00,148.57,148.74,147.97,148.27,938,12,0
2024-02-12 15:00:00,148.29,148.48,147.75,148.43,1711,12,0
2024-02-12 16:00:00,148.43,149.01,148.17,148.92,1276,12,0
2024-02-12 17:00:00,148.9,149.27,148.59,148.8,1239,7,0
2024-02-12 18:00:00,148.8,148.88,148.15,148.41,1284,7,0
2024-02-12 19:00:00,148.4,148.49,147.44,147.52,1554,7,0
2024-02-12 20:00:00,147.51,147.93,147.46,147.83,940,7,0
2024-02-13 14:00:00,144.72,146.08,144.49,145.93,1303,12,0
2024-02-13 15:00:00,145.95,146.61,144.83,145.95,2572,12,0
2024-02-13 16:00:00,145.98,146.37,145.2,145.26,1778,7,0
2024-02-13 17:00:00,145.25,145.52,144.91,144.98,1614,7,0
2024-02-13 18:00:00,144.98,145.13,144.58,144.68,1384,7,0
2024-02-13 19:00:00,144.67,144.76,143.84,143.87,1577,7,0
2024-02-13 20:00:00,143.87,144.44,143.64,144.4,1123,7,0
2024-02-14 14:00:00,145.01,145.68,144.99,145.54,1034,12,0
2024-02-14 15:00:00,145.54,145.75,144.65,144.66,2030,12,0
2024-02-14 16:00:00,144.66,145.0,144.3,144.31,1811,7,0
2024-02-14 17:00:00,144.32,145.03,144.04,144.78,1423,7,0
2024-02-14 18:00:00,144.78,145.25,144.54,145.06,1449,7,0
2024-02-14 19:00:00,145.05,145.13,144.64,145.02,1280,7,0
2024-02-14 20:00:00,145.02,145.69,144.93,145.64,818,12,0
2024-02-15 14:00:00,141.43,141.82,140.41,141.6,1587,12,0
2024-02-15 15:00:00,141.59,142.48,141.28,141.84,2688,12,0
2024-02-15 16:00:00,141.85,141.88,141.18,141.39,1865,7,0
2024-02-15 17:00:00,141.38,142.47,141.08,142.1,1348,7,0
2024-02-15 18:00:00,142.09,142.59,142.05,142.26,1184,7,0
2024-02-15 19:00:00,142.27,142.35,141.72,142.11,1190,7,0
2024-02-15 20:00:00,142.1,142.48,141.97,142.39,823,12,0
2024-02-16 14:00:00,142.28,142.28,140.98,141.25,950,12,0
2024-02-16 15:00:00,141.19,141.36,140.59,140.93,2531,7,0
2024-02-16 16:00:00,140.93,141.6,140.89,141.3,1449,7,0
2024-02-16 17:00:00,141.3,141.42,140.22,140.55,1398,7,0
2024-02-16 18:00:00,140.54,141.05,140.25,141.05,1592,7,0
2024-02-16 19:00:00,141.06,141.27,140.08,140.4,1518,7,0
2024-02-16 20:00:00,140.42,140.87,140.23,140.63,1213,7,0
2024-02-20 14:00:00,140.28,140.57,139.94,140.48,1220,12,0
2024-02-20 15:00:00,140.47,141.83,140.36,141.68,2308,12,0
2024-02-20 16:00:00,141.7,142.01,140.75,140.75,1503,12,0
2024-02-20 17:00:00,140.76,141.2,140.45,141.0,1449,7,0
2024-02-20 18:00:00,140.99,141.2,140.64,141.14,1247,7,0
2024-02-20 19:00:00,141.15,141.21,140.77,141.09,1363,7,0
2024-02-20 20:00:00,141.11,141.16,140.48,140.91,1195,7,0
2024-02-21 14:00:00,140.91,141.02,140.62,140.97,922,12,0
2024-02-21 15:00:00,140.98,141.5,140.88,141.38,1797,12,0
2024-02-21 16:00:00,141.39,142.53,141.39,142.2,1454,7,0
2024-02-21 17:00:00,142.19,142.28,141.75,142.18,1420,12,0
2024-02-21 18:00:00,142.18,142.57,141.81,142.08,1388,7,0
2024-02-21 19:00:00,142.07,142.4,141.49,141.73,1787,7,0
2024-02-21 20:00:00,141.71,142.52,141.64,142.46,1210,7,0
2024-02-22 14:00:00,143.38,144.56,143.28,144.54,1068,12,0
2024-02-22 15:00:00,144.52,144.57,143.28,143.3,2095,12,0
2024-02-22 16:00:00,143.33,143.66,143.07,143.13,1500,7,0
2024-02-22 17:00:00,143.13,143.86,142.98,143.69,1223,7,0
2024-02-22 18:00:00,143.68,143.8,143.52,143.6,1040,7,0
2024-02-22 19:00:00,143.6,143.86,143.34,143.51,1099,7,0
2024-02-22 20:00:00,143.49,144.16,143.45,144.04,978,7,0
2024-02-23 14:00:00,144.0,144.6,143.95,144.33,854,12,0
2024-02-23 15:00:00,144.34,144.34,143.67,143.74,1933,12,0
2024-02-23 16:00:00,143.77,143.87,143.37,143.87,1588,12,0
2024-02-23 17:00:00,143.87,144.14,143.69,143.81,1374,7,0
2024-02-23 18:00:00,143.8,144.07,143.69,143.99,966,12,0
2024-02-23 19:00:00,143.99,144.03,143.45,143.76,1317,7,0
2024-02-23 20:00:00,143.75,143.94,143.58,143.94,925,7,0
2024-02-26 14:00:00,141.03,141.07,139.73,140.07,1123,12,0
2024-02-26 15:00:00,140.09,140.51,139.18,139.18,2119,7,0
2024-02-26 16:00:00,139.16,139.42,138.54,138.71,1598,7,0
2024-02-26 17:00:00,138.72,138.73,137.81,137.82,1177,7,0
2024-02-26 18:00:00,137.84,138.4,137.61,138.32,1558,7,0
2024-02-26 19:00:00,138.32,138.71,138.11,138.12,1200,7,0
2024-02-26 20:00:00,138.14,138.3,137.82,137.83,937,7,0
2024-02-27 14:00:00,138.12,138.52,137.5,137.84,1018,7,0
2024-02-27 15:00:00,137.82,138.43,137.56,138.1,1995,7,0
2024-02-27 16:00:00,138.12,138.28,137.78,137.88,1622,7,0
2024-02-27 17:00:00,137.87,137.9,137.06,137.44,1605,7,0
2024-02-27 18:00:00,137.43,138.16,137.32,138.11,1250,7,0
2024-02-27 19:00:00,138.11,139.06,138.11,138.98,1006,7,0
2024-02-27 20:00:00,138.98,139.0,138.57,138.8,672,7,0
2024-02-28 14:00:00,136.76,136.8,135.88,136.23,1077,7,0
2024-02-28 15:00:00,136.23,136.75,135.86,136.11,1763,7,0
2024-02-28 16:00:00,136.11,136.33,135.57,135.94,1446,7,0
2024-02-28 17:00:00,135.94,136.01,135.78,135.87,1019,7,0
2024-02-28 18:00:00,135.87,136.28,135.6,135.97,948,7,0
2024-02-28 19:00:00,135.97,136.01,135.38,135.89,1053,7,0
2024-02-28 20:00:00,135.9,136.23,135.87,136.14,785,7,0
2024-02-29 14:00:00,137.63,138.79,137.45,138.53,782,12,0
2024-02-29 15:00:00,138.52,138.6,136.84,137.01,2174,7,0
2024-02-29 16:00:00,137.02,137.07,136.37,136.75,2249,7,0
2024-02-29 17:00:00,136.75,137.06,136.7,137.02,1353,7,0
2024-02-29 18:00:00,137.04,137.36,136.95,136.98,1088,7,0
2024-02-29 19:00:00,137.0,137.4,136.9,137.17,993,7,0
2024-02-29 20:00:00,137.18,137.59,137.09,137.42,517,7,0
2024-03-01 14:00:00,138.22,138.29,137.77,137.96,887,7,0
2024-03-01 15:00:00,138.02,138.27,137.19,137.37,2105,7,0
2024-03-01 16:00:00,137.38,137.79,137.31,137.62,1303,7,0
2024-03-01 17:00:00,137.62,138.03,137.6,137.95,1001,7,0
2024-03-01 18:00:00,137.96,138.34,137.94,138.14,854,7,0
2024-03-01 19:00:00,138.13,138.39,137.91,138.16,1088,7,0
2024-03-01 20:00:00,138.17,138.18,137.12,137.17,1155,7,0
2024-03-04 14:00:00,133.05,133.37,132.73,133.27,1233,12,0
2024-03-04 15:00:00,133.24,133.7,132.84,132.93,2153,7,0
2024-03-04 16:00:00,132.93,132.98,131.88,132.3,2154,7,0
2024-03-04 17:00:00,132.31,132.98,132.16,132.86,1603,7,0
2024-03-04 18:00:00,132.85,132.88,132.4,132.55,1276,7,0
2024-03-04 19:00:00,132.55,133.63,132.54,133.51,1067,7,0
2024-03-04 20:00:00,133.51,133.81,133.32,133.61,1171,7,0
2024-03-05 14:00:00,132.78,132.88,131.86,131.93,1024,12,0
2024-03-05 15:00:00,131.96,132.3,130.61,130.84,2300,7,0
2024-03-05 16:00:00,130.84,131.77,130.78,131.75,1851,7,0
2024-03-05 17:00:00,131.75,133.07,131.75,132.73,1560,7,0
2024-03-05 18:00:00,132.74,132.92,132.29,132.31,1276,7,0
2024-03-05 19:00:00,132.3,132.5,131.99,132.06,1108,7,0
2024-03-05 20:00:00,132.05,132.16,131.88,132.13,801,12,0
2024-03-06 14:00:00,132.72,132.92,131.62,131.85,891,12,0
2024-03-06 15:00:00,131.82,131.82,130.82,131.07,2285,7,0
2024-03-06 16:00:00,131.08,131.53,131.08,131.48,1449,7,0
2024-03-06 17:00:00,131.48,132.03,131.3,131.41,1175,7,0
2024-03-06 18:00:00,131.41,131.82,130.96,131.58,1831,7,0
2024-03-06 19:00:00,131.57,131.71,131.03,131.14,2412,7,0
2024-03-06 20:00:00,131.13,131.51,131.11,131.37,1389,7,0
2024-03-07 14:00:00,132.52,132.52,131.54,132.43,850,12,0
2024-03-07 15:00:00,132.4,133.59,132.3,133.27,1844,7,0
2024-03-07 16:00:00,133.27,134.54,133.21,134.25,1479,7,0
2024-03-07 17:00:00,134.24,134.62,134.08,134.61,1448,7,0
2024-03-07 18:00:00,134.61,134.9,134.24,134.77,1442,7,0
2024-03-07 19:00:00,134.77,134.87,134.43,134.59,1100,7,0
2024-03-07 20:00:00,134.58,134.77,134.22,134.72,749,7,0
2024-03-08 14:00:00,135.41,136.88,135.32,136.83,959,12,0
2024-03-08 15:00:00,136.85,137.81,136.82,137.73,2180,12,0
2024-03-08 16:00:00,137.73,138.04,136.81,136.81,2629,7,0
2024-03-08 17:00:00,136.81,137.14,136.06,136.11,2592,7,0
2024-03-08 18:00:00,136.09,136.13,134.94,135.68,2301,7,0
2024-03-08 19:00:00,135.68,136.2,135.13,135.96,1676,7,0
2024-03-08 20:00:00,135.96,136.07,135.11,135.41,1507,7,0
2024-03-11 13:00:00,137.33,137.95,137.14,137.55,1097,12,0
2024-03-11 14:00:00,137.55,138.42,137.43,138.16,2571,7,0
2024-03-11 15:00:00,138.13,139.01,137.9,139.0,2080,7,0
2024-03-11 16:00:00,139.0,139.05,138.25,138.69,1604,7,0
2024-03-11 17:00:00,138.71,138.76,138.3,138.4,1540,7,0
2024-03-11 18:00:00,138.41,138.62,138.26,138.51,1084,7,0
2024-03-11 19:00:00,138.51,138.57,137.63,137.8,998,7,0
2024-03-12 13:00:00,138.09,138.65,137.68,138.48,968,12,0
2024-03-12 14:00:00,138.5,138.91,138.06,138.17,2042,7,0
2024-03-12 15:00:00,138.19,138.54,137.98,138.41,1614,7,0
2024-03-12 16:00:00,138.41,138.75,138.12,138.53,1503,7,0
2024-03-12 17:00:00,138.53,139.34,138.4,138.61,1521,7,0
2024-03-12 18:00:00,138.62,139.2,138.6,138.94,1161,7,0
2024-03-12 19:00:00,138.94,139.06,138.67,138.92,861,7,0
2024-03-13 13:00:00,140.25,140.46,139.78,139.85,1006,7,0
2024-03-13 14:00:00,139.88,140.31,139.46,140.12,2052,7,0
2024-03-13 15:00:00,140.11,140.66,139.93,140.55,1567,7,0
2024-03-13 16:00:00,140.55,141.04,140.34,140.85,1348,7,0
2024-03-13 17:00:00,140.85,141.02,140.36,140.62,1188,7,0
2024-03-13 18:00:00,140.61,140.65,140.08,140.13,941,7,0
2024-03-13 19:00:00,140.13,140.2,139.49,139.67,1095,7,0
2024-03-14 13:00:00,141.36,141.69,141.07,141.32,1208,7,0
2024-03-14 14:00:00,141.31,142.81,140.75,142.28,2819,12,0
2024-03-14 15:00:00,142.3,142.79,142.12,142.62,2210,7,0
2024-03-14 16:00:00,142.63,142.84,141.67,142.09,1827,7,0
2024-03-14 17:00:00,142.1,142.81,142.03,142.74,1656,7,0
2024-03-14 18:00:00,142.76,143.52,142.75,143.07,1610,7,0
2024-03-14 19:00:00,143.07,143.23,142.7,142.94,1444,7,0
2024-03-15 13:00:00,141.74,142.1,141.6,141.86,1011,12,0
2024-03-15 14:00:00,141.83,142.0,141.01,141.19,2244,7,0
2024-03-15 15:00:00,141.2,141.3,140.35,140.51,1608,12,0
2024-03-15 16:00:00,140.51,140.56,139.97,140.12,1511,7,0
2024-03-15 17:00:00,140.11,140.93,140.11,140.88,1426,7,0
2024-03-15 18:00:00,140.88,141.35,140.74,141.14,1321,7,0
2024-03-15 19:00:00,141.15,141.63,140.92,141.16,1078,7,0
2024-03-18 13:00:00,150.82,152.08,149.79,150.05,3100,12,0
2024-03-18 14:00:00,150.02,151.27,149.1,150.95,3982,12,0
2024-03-18 15:00:00,150.97,151.13,149.65,149.68,2215,7,0
2024-03-18 16:00:00,149.66,149.74,147.96,148.09,2178,7,0
2024-03-18 17:00:00,148.08,148.56,147.84,148.26,1797,7,0
2024-03-18 18:00:00,148.27,148.51,147.11,147.38,1739,7,0
2024-03-18 19:00:00,147.38,147.76,147.19,147.47,1169,7,0
2024-03-19 13:00:00,146.71,146.85,146.18,146.28,1177,12,0
2024-03-19 14:00:00,146.28,146.88,146.11,146.55,2112,12,0
2024-03-19 15:00:00,146.56,146.68,146.06,146.36,1527,12,0
2024-03-19 16:00:00,146.36,146.53,146.02,146.47,1391,7,0
2024-03-19 17:00:00,146.49,147.02,146.49,146.95,1237,7,0
2024-03-19 18:00:00,146.94,147.07,146.8,146.94,1016,7,0
2024-03-19 19:00:00,146.95,147.0,146.59,146.92,1029,7,0
2024-03-20 13:00:00,147.47,147.61,147.05,147.1,907,12,0
2024-03-20 14:00:00,147.09,147.79,147.04,147.4,1566,12,0
2024-03-20 15:00:00,147.4,147.82,147.13,147.77,1115,12,0
2024-03-20 16:00:00,147.77,147.83,147.21,147.52,977,12,0
2024-03-20 17:00:00,147.49,147.5,146.68,147.18,967,12,0
2024-03-20 18:00:00,147.19,148.79,147.19,148.36,3246,12,0
2024-03-20 19:00:00,148.39,148.77,148.29,148.37,1424,12,0
2024-03-21 14:00:00,148.8,148.86,147.19,147.25,1208,12,0
2024-03-21 15:00:00,147.23,147.73,146.96,147.29,2105,12,0
2024-03-21 16:00:00,147.28,147.85,147.2,147.52,1387,7,0
2024-03-21 17:00:00,147.51,147.51,147.09,147.35,1156,7,0
2024-03-21 18:00:00,147.35,147.55,146.88,147.0,1238,7,0
2024-03-21 19:00:00,147.0,147.76,146.84,147.61,1001,7,0
2024-03-22 13:00:00,150.34,151.13,149.99,150.81,1098,12,0
2024-03-22 14:00:00,150.85,151.43,150.53,151.18,1974,7,0
2024-03-22 15:00:00,151.17,151.54,150.55,150.58,1349,7,0
2024-03-22 16:00:00,150.58,150.83,150.13,150.81,1165,7,0
2024-03-22 17:00:00,150.8,150.9,150.4,150.73,911,7,0
2024-03-22 18:00:00,150.73,150.96,150.5,150.56,879,7,0
2024-03-22 19:00:00,150.56,151.22,150.35,150.9,944,7,0
2024-03-25 13:00:00,148.21,149.03,147.77,148.61,1014,12,0
2024-03-25 14:00:00,148.6,149.34,148.41,148.96,1758,12,0
2024-03-25 15:00:00,148.99,149.47,148.93,149.47,1199,12,0
2024-03-25 16:00:00,149.47,149.81,149.14,149.4,1016,12,0
2024-03-25 17:00:00,149.42,149.47,149.19,149.3,632,12,0
2024-03-25 18:00:00,149.31,149.83,149.28,149.81,510,12,0
2024-03-25 19:00:00,149.81,150.19,149.81,150.18,709,12,0
2024-03-26 13:00:00,150.62,150.66,150.23,150.43,655,12,0
2024-03-26 14:00:00,150.46,151.17,150.44,151.01,1532,7,0
2024-03-26 15:00:00,151.02,152.19,151.0,151.95,1115,7,0
2024-03-26 16:00:00,151.95,152.08,151.28,151.58,1019,7,0
2024-03-26 17:00:00,151.58,151.78,151.38,151.53,791,7,0
2024-03-26 18:00:00,151.52,151.7,151.22,151.59,653,7,0
2024-03-26 19:00:00,151.6,151.7,150.78,150.78,773,7,0
2024-03-27 13:00:00,150.74,151.56,150.67,150.83,968,12,0
2024-03-27 14:00:00,150.88,150.97,149.47,149.56,2125,12,0
2024-03-27 15:00:00,149.56,149.69,148.85,149.14,1462,7,0
2024-03-27 16:00:00,149.16,150.52,149.16,149.49,1418,7,0
2024-03-27 17:00:00,149.47,149.54,149.18,149.5,878,7,0
2024-03-27 18:00:00,149.51,149.77,149.35,149.54,769,7,0
2024-03-27 19:00:00,149.54,150.46,149.44,150.38,885,7,0
2024-03-28 13:00:00,151.04,151.24,150.56,150.65,708,12,0
2024-03-28 14:00:00,150.65,150.9,150.22,150.62,1569,12,0
2024-03-28 15:00:00,150.62,150.83,150.28,150.39,1067,7,0
2024-03-28 16:00:00,150.39,150.73,150.26,150.64,755,7,0
2024-03-28 17:00:00,150.66,150.79,150.49,150.7,685,7,0
2024-03-28 18:00:00,150.71,151.26,150.63,151.18,801,7,0
2024-03-28 19:00:00,151.19,151.33,150.98,151.03,690,7,0
2024-04-01 13:00:00,154.4,155.61,154.14,154.75,1767,12,0
2024-04-01 14:00:00,154.72,155.42,154.34,154.77,2269,12,0
2024-04-01 15:00:00,154.75,155.47,154.42,154.69,1385,12,0
2024-04-01 16:00:00,154.71,155.19,154.67,154.86,979,12,0
2024-04-01 17:00:00,154.86,155.08,154.68,154.91,916,12,0
2024-04-01 18:00:00,154.91,155.17,154.67,155.01,749,12,0
2024-04-01 19:00:00,155.01,155.2,154.81,154.96,789,12,0
2024-04-02 13:00:00,152.49,153.07,152.09,152.9,1143,12,0
2024-04-02 14:00:00,152.92,153.8,152.6,152.95,2077,12,0
2024-04-02 15:00:00,152.95,153.59,152.68,153.48,1231,7,0
2024-04-02 16:00:00,153.48,153.92,153.34,153.74,1032,7,0
2024-04-02 17:00:00,153.75,154.0,153.51,153.98,995,7,0
2024-04-02 18:00:00,153.98,154.11,153.66,153.87,779,12,0
2024-04-02 19:00:00,153.87,154.45,153.84,154.41,790,12,0
2024-04-03 13:00:00,153.13,153.77,153.03,153.64,799,12,0
2024-04-03 14:00:00,153.66,154.71,153.66,154.0,1946,12,0
2024-04-03 15:00:00,154.0,154.28,153.84,154.12,1354,12,0
2024-04-03 16:00:00,154.14,154.7,153.91,154.57,1534,12,0
2024-04-03 17:00:00,154.59,154.78,154.27,154.52,888,12,0
2024-04-03 18:00:00,154.52,154.82,154.44,154.59,878,12,0
2024-04-03 19:00:00,154.57,154.65,154.01,154.54,1089,12,0
2024-04-04 13:00:00,153.33,153.91,152.15,152.55,1736,12,0
2024-04-04 14:00:00,152.53,153.47,152.2,153.31,2136,12,0
2024-04-04 15:00:00,153.31,154.49,153.3,154.47,1406,12,0
2024-04-04 16:00:00,154.48,154.71,154.06,154.17,1168,12,0
2024-04-04 17:00:00,154.17,154.51,154.01,154.03,953,12,0
2024-04-04 18:00:00,154.03,154.03,151.76,152.05,2664,12,0
2024-04-04 19:00:00,152.05,152.12,150.75,150.82,2114,12,0
2024-04-05 13:00:00,151.06,152.77,150.96,152.75,1096,12,0
2024-04-05 14:00:00,152.77,152.93,151.6,152.8,2304,12,0
2024-04-05 15:00:00,152.8,153.16,152.15,153.04,1885,7,0
2024-04-05 16:00:00,153.06,153.36,152.84,153.16,1290,12,0
2024-04-05 17:00:00,153.16,153.26,152.52,152.64,1413,12,0
2024-04-05 18:00:00,152.65,152.93,152.06,152.31,2174,12,0
2024-04-05 19:00:00,152.29,152.49,152.09,152.19,1137,12,0
2024-04-08 13:00:00,153.34,154.96,153.25,154.88,1141,12,0
2024-04-08 14:00:00,154.87,155.21,154.52,155.02,2218,12,0
2024-04-08 15:00:00,155.03,155.2,154.3,154.45,1550,12,0
2024-04-08 16:00:00,154.46,154.78,153.9,154.75,1338,7,0
2024-04-08 17:00:00,154.75,154.79,154.15,154.47,857,12,0
2024-04-08 18:00:00,154.47,154.62,154.27,154.51,807,12,0
2024-04-08 19:00:00,154.51,154.89,154.32,154.71,713,12,0
2024-04-09 13:00:00,157.41,157.93,156.81,157.73,1451,12,0
2024-04-09 14:00:00,157.72,158.49,155.71,155.98,3070,12,0
2024-04-09 15:00:00,155.97,156.26,155.24,155.79,1933,12,0
2024-04-09 16:00:00,155.77,157.1,155.76,156.58,1488,12,0
2024-04-09 17:00:00,156.57,156.94,156.08,156.11,1366,12,0
2024-04-09 18:00:00,156.13,156.19,155.6,155.67,1335,12,0
2024-04-09 19:00:00,155.66,156.45,155.14,156.28,1221,12,0
2024-04-10 13:00:00,155.26,155.65,154.64,155.19,1616,12,0
2024-04-10 14:00:00,155.16,155.79,155.07,155.42,2768,12,0
2024-04-10 15:00:00,155.43,155.48,154.63,155.26,1645,12,0
2024-04-10 16:00:00,155.27,155.8,154.95,155.6,1333,12,0
2024-04-10 17:00:00,155.61,156.3,154.89,155.86,2490,12,0
2024-04-10 18:00:00,155.88,156.43,155.65,155.76,2413,12,0
2024-04-10 19:00:00,155.77,156.39,155.64,156.1,1427,12,0
2024-04-11 13:00:00,157.49,157.82,156.99,157.06,1066,12,0
2024-04-11 14:00:00,157.06,157.47,156.4,157.08,2220,12,0
2024-04-11 15:00:00,157.1,158.18,157.1,158.17,1561,12,0
2024-04-11 16:00:00,158.19,158.31,157.84,157.88,1318,12,0
2024-04-11 17:00:00,157.88,158.94,157.67,158.88,1674,12,0
2024-04-11 18:00:00,158.9,159.48,158.85,159.23,1348,12,0
2024-04-11 19:00:00,159.24,159.45,158.95,159.43,872,12,0
2024-04-12 13:00:00,159.53,160.16,159.11,159.6,1228,12,0
2024-04-12 14:00:00,159.56,159.81,157.57,157.67,2598,12,0
2024-04-12 15:00:00,157.7,158.75,157.39,158.51,1829,12,0
2024-04-12 16:00:00,158.49,158.53,157.59,157.59,1733,12,0
2024-04-12 17:00:00,157.6,157.74,157.08,157.44,1753,12,0
2024-04-12 18:00:00,157.44,157.75,157.2,157.25,1795,12,0
2024-04-12 19:00:00,157.25,157.52,157.12,157.49,1237,12,0
2024-04-15 13:00:00,157.79,158.57,157.62,158.55,1026,12,0
2024-04-15 14:00:00,158.55,159.17,157.95,157.98,2699,12,0
2024-04-15 15:00:00,157.98,158.66,157.9,158.49,1948,12,0
2024-04-15 16:00:00,158.49,158.6,157.46,157.86,1671,12,0
2024-04-15 17:00:00,157.86,158.1,155.33,155.62,2443,12,0
2024-04-15 18:00:00,155.62,155.71,154.89,155.04,2222,12,0
2024-04-15 19:00:00,155.03,155.14,154.52,154.86,1413,12,0
2024-04-16 13:00:00,154.34,155.06,153.73,154.68,1008,12,0
2024-04-16 14:00:00,154.68,154.99,153.37,154.0,2332,12,0
2024-04-16 15:00:00,154.01,155.1,154.01,154.79,1751,12,0
2024-04-16 16:00:00,154.79,154.93,154.35,154.41,1664,12,0
2024-04-16 17:00:00,154.43,155.01,153.95,154.68,2465,12,0
2024-04-16 18:00:00,154.68,155.58,154.41,155.41,2481,12,0
2024-04-16 19:00:00,155.41,155.49,154.51,154.62,1412,12,0
2024-04-17 13:00:00,156.58,157.02,156.27,156.46,995,12,0
2024-04-17 14:00:00,156.47,156.68,155.71,156.17,2244,12,0
2024-04-17 15:00:00,156.16,156.63,155.31,155.4,2106,12,0
2024-04-17 16:00:00,155.4,155.55,154.52,154.69,2021,12,0
2024-04-17 17:00:00,154.7,155.97,154.61,155.95,1916,12,0
2024-04-17 18:00:00,155.95,156.55,155.43,155.78,2076,12,0
2024-04-17 19:00:00,155.75,155.76,155.02,155.28,1570,12,0
2024-04-18 13:00:00,154.78,155.64,154.56,155.06,1049,12,0
2024-04-18 14:00:00,155.07,156.34,154.87,156.23,2168,12,0
2024-04-18 15:00:00,156.23,156.36,155.81,155.89,1679,12,0
2024-04-18 16:00:00,155.89,156.86,155.75,156.0,1855,12,0
2024-04-18 17:00:00,156.01,156.74,155.76,156.53,1996,12,0
2024-04-18 18:00:00,156.53,156.69,155.85,156.0,1894,12,0
2024-04-18 19:00:00,155.99,156.59,155.98,156.31,1275,12,0
2024-04-19 13:00:00,154.51,155.13,154.36,154.76,1159,12,0
2024-04-19 14:00:00,154.75,155.27,153.9,155.15,2806,12,0
2024-04-19 15:00:00,155.15,155.15,154.27,154.31,1951,12,0
2024-04-19 16:00:00,154.31,154.39,152.25,153.73,2062,12,0
2024-04-19 17:00:00,153.73,154.75,153.68,154.48,2014,12,0
2024-04-19 18:00:00,154.48,154.52,153.17,153.66,2172,12,0
2024-04-19 19:00:00,153.65,154.0,153.22,153.25,1660,12,0
2024-04-22 13:00:00,155.81,156.4,155.35,155.71,1281,12,0
2024-04-22 14:00:00,155.69,156.29,154.0,154.1,2644,12,0
2024-04-22 15:00:00,154.07,155.89,154.05,155.89,1706,12,0
2024-04-22 16:00:00,155.91,156.35,155.82,156.04,1474,12,0
2024-04-22 17:00:00,156.05,157.11,156.03,156.99,1460,12,0
2024-04-22 18:00:00,157.0,157.58,156.77,157.03,1428,12,0
2024-04-22 19:00:00,157.01,157.24,156.25,156.59,1106,12,0
2024-04-23 13:00:00,157.09,158.21,157.04,157.51,1335,12,0
2024-04-23 14:00:00,157.54,158.31,157.06,158.25,2094,12,0
2024-04-23 15:00:00,158.25,158.62,157.77,158.38,1663,12,0
2024-04-23 16:00:00,158.39,158.89,158.13,158.55,1278,12,0
2024-04-23 17:00:00,158.54,158.79,158.34,158.59,1208,12,0
2024-04-23 18:00:00,158.6,158.62,158.08,158.25,1059,12,0
2024-04-23 19:00:00,158.26,158.29,157.92,158.2,1014,12,0
2024-04-24 13:00:00,158.54,158.9,157.59,157.71,1113,12,0
2024-04-24 14:00:00,157.73,158.29,157.47,158.06,2188,12,0
2024-04-24 15:00:00,158.07,158.21,157.36,157.5,1795,12,0
2024-04-24 16:00:00,157.48,157.97,157.38,157.67,1519,12,0
2024-04-24 17:00:00,157.69,158.9,157.6,158.89,1246,12,0
2024-04-24 18:00:00,158.9,158.92,158.17,158.31,1599,12,0
2024-04-24 19:00:00,158.3,159.3,158.18,159.17,1092,12,0
2024-04-25 13:00:00,152.37,153.41,151.86,152.88,2324,12,0
2024-04-25 14:00:00,152.86,154.97,152.25,154.78,3903,12,0
2024-04-25 15:00:00,154.76,156.12,154.63,156.0,2588,12,0
2024-04-25 16:00:00,155.98,156.33,155.37,155.48,2130,12,0
2024-04-25 17:00:00,155.48,156.11,154.97,156.1,1896,12,0
2024-04-25 18:00:00,156.12,156.42,155.46,155.48,1812,12,0
2024-04-25 19:00:00,155.48,156.13,155.46,155.72,1409,12,0
2024-04-26 13:00:00,173.25,173.35,171.68,171.82,2864,12,0
2024-04-26 14:00:00,171.84,172.07,169.56,171.83,5929,12,0
2024-04-26 15:00:00,171.83,172.34,170.54,171.82,3261,12,0
2024-04-26 16:00:00,171.83,172.41,171.42,171.95,2114,12,0
2024-04-26 17:00:00,171.95,172.38,171.74,172.09,1574,12,0
2024-04-26 18:00:00,172.08,172.19,170.46,171.21,2008,12,0
2024-04-26 19:00:00,171.18,172.11,171.1,171.9,1319,12,0
2024-04-29 13:00:00,167.71,168.66,166.97,168.46,2435,12,0
2024-04-29 14:00:00,168.46,168.77,167.69,167.86,3260,12,0
2024-04-29 15:00:00,167.85,168.07,166.54,167.22,2082,12,0
2024-04-29 16:00:00,167.23,167.46,166.47,166.79,1577,12,0
2024-04-29 17:00:00,166.79,167.17,166.28,166.9,1379,12,0
2024-04-29 18:00:00,166.91,166.92,165.9,165.96,1488,12,0
2024-04-29 19:00:00,165.96,165.97,165.09,165.77,1685,12,0
2024-04-30 13:00:00,167.55,167.95,167.13,167.31,1426,12,0
2024-04-30 14:00:00,167.3,167.61,165.74,165.82,2345,12,0
2024-04-30 15:00:00,165.83,165.85,165.05,165.19,1733,12,0
2024-04-30 16:00:00,165.19,165.22,163.81,164.21,1650,12,0
2024-04-30 17:00:00,164.21,164.41,163.74,163.92,1674,12,0
2024-04-30 18:00:00,163.93,164.32,163.44,163.45,1403,12,0
2024-04-30 19:00:00,163.44,164.18,163.4,163.78,1151,12,0
2024-05-01 13:00:00,163.5,164.17,163.28,164.16,1329,12,0
2024-05-01 14:00:00,164.17,165.5,163.86,165.02,2801,12,0
2024-05-01 15:00:00,165.01,165.67,164.92,165.44,1733,12,0
2024-05-01 16:00:00,165.45,165.76,164.6,164.68,1630,12,0
2024-05-01 17:00:00,164.68,164.8,163.9,164.75,1582,12,0
2024-05-01 18:00:00,164.77,166.22,164.26,166.13,4806,12,0
2024-05-01 19:00:00,166.15,166.99,164.47,164.69,3142,12,0
2024-05-02 13:00:00,164.72,165.59,164.57,165.36,1171,12,0
2024-05-02 14:00:00,165.34,165.83,164.43,165.15,2440,12,0
2024-05-02 15:00:00,165.15,165.28,164.36,164.99,1647,12,0
2024-05-02 16:00:00,165.0,165.19,164.55,164.88,1543,12,0
2024-05-02 17:00:00,164.88,165.52,164.81,165.45,1339,12,0
2024-05-02 18:00:00,165.46,166.27,165.39,166.24,1325,12,0
2024-05-02 19:00:00,166.25,166.44,165.51,165.89,1291,12,0
2024-05-03 13:00:00,166.25,166.89,165.68,165.72,1301,12,0
2024-05-03 14:00:00,165.8,166.19,162.92,163.8,4041,12,0
2024-05-03 15:00:00,163.83,165.64,163.77,165.13,2323,12,0
2024-05-03 16:00:00,165.13,165.84,165.03,165.59,1299,12,0
2024-05-03 17:00:00,165.59,166.31,165.59,166.11,1302,12,0
2024-05-03 18:00:00,166.1,166.79,166.07,166.63,1260,12,0
2024-05-03 19:00:00,166.63,167.04,166.54,166.99,962,12,0
2024-05-06 13:00:00,167.4,167.99,167.02,167.03,858,12,0
2024-05-06 14:00:00,167.03,167.08,165.91,166.38,1979,12,0
2024-05-06 15:00:00,166.38,167.14,166.21,166.59,1225,12,0
2024-05-06 16:00:00,166.59,167.11,166.06,167.07,1129,12,0
2024-05-06 17:00:00,167.07,167.23,166.65,166.94,1013,12,0
2024-05-06 18:00:00,166.94,167.4,166.91,167.31,910,12,0
2024-05-06 19:00:00,167.32,167.32,166.68,166.93,790,12,0
2024-05-07 13:00:00,169.64,170.94,169.1,169.95,1354,12,0
2024-05-07 14:00:00,169.98,170.6,169.53,170.56,2312,12,0
2024-05-07 15:00:00,170.57,170.89,170.37,170.76,1431,12,0
2024-05-07 16:00:00,170.76,171.62,170.72,171.12,1458,12,0
2024-05-07 17:00:00,171.12,171.26,170.53,170.65,1280,12,0
2024-05-07 18:00:00,170.64,170.77,170.32,170.75,1289,12,0
2024-05-07 19:00:00,170.75,170.79,170.3,170.73,937,12,0
2024-05-08 13:00:00,169.09,169.62,168.98,169.62,1093,12,0
2024-05-08 14:00:00,169.65,170.0,169.32,169.59,1657,12,0
2024-05-08 15:00:00,169.58,169.97,169.27,169.61,1257,12,0
2024-05-08 16:00:00,169.61,169.93,169.28,169.36,1028,12,0
2024-05-08 17:00:00,169.35,169.59,169.07,169.55,993,12,0
2024-05-08 18:00:00,169.57,169.76,169.41,169.6,819,12,0
2024-05-08 19:00:00,169.6,169.62,169.39,169.47,678,12,0
2024-05-09 13:00:00,169.32,169.39,168.47,168.66,938,12,0
2024-05-09 14:00:00,168.66,169.0,168.04,168.87,1811,12,0
2024-05-09 15:00:00,168.87,169.23,168.74,168.82,1174,12,0
2024-05-09 16:00:00,168.83,169.19,168.73,169.09,878,12,0
2024-05-09 17:00:00,169.09,169.25,168.86,168.87,1047,12,0
2024-05-09 18:00:00,168.87,169.33,168.76,169.26,833,12,0
2024-05-09 19:00:00,169.26,169.46,169.15,169.37,690,12,0
2024-05-10 13:00:00,167.42,168.05,167.39,168.0,878,12,0
2024-05-10 14:00:00,167.97,168.53,167.39,167.61,2154,12,0
2024-05-10 15:00:00,167.6,168.06,167.22,167.64,1422,12,0
2024-05-10 16:00:00,167.61,167.78,167.31,167.51,1071,12,0
2024-05-10 17:00:00,167.51,169.68,166.04,168.73,2778,12,0
2024-05-10 18:00:00,168.73,169.17,168.06,168.72,1903,12,0
2024-05-10 19:00:00,168.72,168.82,168.3,168.37,978,12,0
2024-05-13 13:00:00,165.27,165.42,164.25,164.47,1435,12,0
2024-05-13 14:00:00,164.47,165.57,164.23,165.46,2046,12,0
2024-05-13 15:00:00,165.46,166.04,165.41,165.87,1398,12,0
2024-05-13 16:00:00,165.87,166.33,165.67,166.04,1075,12,0
2024-05-13 17:00:00,166.04,168.58,165.96,167.41,2481,12,0
2024-05-13 18:00:00,167.41,167.94,167.35,167.76,1200,12,0
2024-05-13 19:00:00,167.75,168.49,167.7,168.48,994,12,0
2024-05-14 13:00:00,169.04,169.6,168.66,168.68,905,12,0
2024-05-14 14:00:00,168.7,169.99,168.66,169.75,2076,12,0
2024-05-14 15:00:00,169.77,169.98,168.94,169.32,1385,12,0
2024-05-14 16:00:00,169.32,169.34,168.87,169.12,1055,12,0
2024-05-14 17:00:00,169.14,171.08,169.04,170.15,2381,12,0
2024-05-14 18:00:00,170.14,170.95,169.8,170.66,1631,12,0
2024-05-14 19:00:00,170.66,170.86,170.45,170.62,946,12,0
2024-05-15 13:00:00,172.1,172.37,170.55,170.96,1307,12,0
2024-05-15 14:00:00,170.98,171.75,170.97,171.65,1809,12,0
2024-05-15 15:00:00,171.63,171.7,170.95,171.08,1305,12,0
2024-05-15 16:00:00,171.08,171.09,170.36,170.66,1160,12,0
2024-05-15 17:00:00,170.66,171.88,170.53,171.83,1167,12,0
2024-05-15 18:00:00,171.83,172.09,171.58,171.96,1036,12,0
2024-05-15 19:00:00,171.95,172.29,171.88,172.15,754,12,0
2024-05-16 13:00:00,173.43,173.85,173.16,173.67,928,12,0
2024-05-16 14:00:00,173.68,174.88,173.59,174.77,1649,12,0
2024-05-16 15:00:00,174.8,174.94,174.19,174.3,1569,12,0
2024-05-16 16:00:00,174.3,174.3,173.68,174.02,1256,12,0
2024-05-16 17:00:00,174.03,174.23,173.43,174.2,1247,12,0
2024-05-16 18:00:00,174.2,174.64,173.95,174.39,1223,12,0
2024-05-16 19:00:00,174.4,174.41,173.75,173.78,898,12,0
2024-05-17 13:00:00,174.28,175.09,174.11,175.05,1024,12,0
2024-05-17 14:00:00,175.03,175.98,174.83,175.52,1997,12,0
2024-05-17 15:00:00,175.52,175.57,175.16,175.55,1343,12,0
2024-05-17 16:00:00,175.55,175.91,175.46,175.81,987,12,0
2024-05-17 17:00:00,175.81,176.01,175.53,175.62,907,12,0
2024-05-17 18:00:00,175.62,175.91,174.97,175.86,1380,12,0
2024-05-17 19:00:00,175.86,176.0,175.82,175.99,797,12,0
2024-05-20 13:00:00,177.65,178.26,176.94,178.04,1117,12,0
2024-05-20 14:00:00,178.07,178.58,177.13,177.19,1850,12,0
2024-05-20 15:00:00,177.19,177.39,176.59,176.84,1216,12,0
2024-05-20 16:00:00,176.84,176.95,176.3,176.75,971,12,0
2024-05-20 17:00:00,176.75,176.87,176.23,176.58,916,12,0
2024-05-20 18:00:00,176.58,176.91,176.39,176.68,945,12,0
2024-05-20 19:00:00,176.68,177.26,176.66,176.94,700,12,0
2024-05-21 13:00:00,176.6,177.26,176.06,177.16,863,12,0
2024-05-21 14:00:00,177.18,177.58,177.07,177.36,1528,12,0
2024-05-21 15:00:00,177.37,177.68,177.12,177.32,1110,12,0
2024-05-21 16:00:00,177.33,177.56,176.62,176.67,962,12,0
2024-05-21 17:00:00,176.67,177.37,176.56,177.37,834,12,0
2024-05-21 18:00:00,177.37,177.44,177.17,177.29,828,12,0
2024-05-21 19:00:00,177.29,177.7,177.2,177.54,622,12,0
2024-05-22 13:00:00,175.88,176.33,175.38,176.19,786,12,0
2024-05-22 14:00:00,176.18,176.3,175.3,175.4,1362,12,0
2024-05-22 15:00:00,175.4,175.87,175.16,175.45,955,12,0
2024-05-22 16:00:00,175.47,175.69,175.03,175.12,730,12,0
2024-05-22 17:00:00,175.11,175.78,175.11,175.67,887,12,0
2024-05-22 18:00:00,175.66,175.81,175.02,175.74,1575,12,0
2024-05-22 19:00:00,175.73,176.18,175.36,175.88,855,12,0
2024-05-23 13:00:00,177.82,177.84,176.15,176.37,1009,12,0
2024-05-23 14:00:00,176.37,176.79,175.1,175.21,1871,12,0
2024-05-23 15:00:00,175.23,176.19,175.21,176.1,1165,12,0
2024-05-23 16:00:00,176.1,176.17,174.8,174.8,1053,12,0
2024-05-23 17:00:00,174.8,174.89,173.79,173.88,1544,12,0
2024-05-23 18:00:00,173.88,174.0,172.79,173.02,1655,12,0
2024-05-23 19:00:00,173.01,173.47,172.8,173.45,1295,12,0
2024-05-24 13:00:00,174.17,174.68,173.57,173.74,877,12,0
2024-05-24 14:00:00,173.8,175.19,173.47,175.07,1709,12,0
2024-05-24 15:00:00,175.07,175.56,174.77,174.96,1068,12,0
2024-05-24 16:00:00,174.96,175.28,174.83,175.06,911,12,0
2024-05-24 17:00:00,175.09,175.31,175.06,175.15,746,12,0
2024-05-24 18:00:00,175.14,175.57,174.81,174.89,720,12,0
2024-05-24 19:00:00,174.89,175.07,174.59,174.98,637,12,0
2024-05-28 13:00:00,176.51,176.59,174.61,174.87,1252,12,0
2024-05-28 14:00:00,174.87,176.23,174.73,176.19,1737,12,0
2024-05-28 15:00:00,176.19,176.4,175.91,176.35,826,12,0
2024-05-28 16:00:00,176.35,176.54,175.79,175.88,753,12,0
2024-05-28 17:00:00,175.9,175.98,175.64,175.88,920,12,0
2024-05-28 18:00:00,175.88,176.07,175.17,175.81,939,12,0
2024-05-28 19:00:00,175.81,175.89,175.52,175.77,771,12,0
2024-05-29 13:00:00,174.94,176.3,174.8,175.74,829,12,0
2024-05-29 14:00:00,175.76,176.51,175.33,176.17,1493,12,0
2024-05-29 15:00:00,176.17,176.34,175.66,175.96,1056,12,0
2024-05-29 16:00:00,175.96,176.62,175.86,176.54,648,12,0
2024-05-29 17:00:00,176.54,176.6,176.13,176.38,924,12,0
2024-05-29 18:00:00,176.39,176.46,175.62,175.69,812,12,0
2024-05-29 19:00:00,175.69,176.33,175.67,175.99,711,12,0
2024-05-30 13:00:00,174.17,174.54,173.78,174.01,824,12,0
2024-05-30 14:00:00,174.03,174.11,172.52,172.9,2193,12,0
2024-05-30 15:00:00,172.92,173.17,172.46,172.72,1505,12,0
2024-05-30 16:00:00,172.71,172.97,172.4,172.77,1006,12,0
2024-05-30 17:00:00,172.78,173.17,172.69,172.88,937,12,0
2024-05-30 18:00:00,172.87,172.95,171.94,172.16,1068,12,0
2024-05-30 19:00:00,172.16,172.2,171.57,171.95,1116,12,0
2024-05-31 13:00:00,171.7,171.86,170.99,171.18,937,12,0
2024-05-31 14:00:00,171.17,171.76,170.07,170.51,2623,12,0
2024-05-31 15:00:00,170.54,170.57,169.56,169.75,1731,12,0
2024-05-31 16:00:00,169.73,169.98,169.22,169.87,1458,12,0
2024-05-31 17:00:00,169.87,170.36,169.79,170.22,1210,12,0
2024-05-31 18:00:00,170.22,170.58,169.84,170.55,1168,12,0
2024-05-31 19:00:00,170.56,172.25,170.44,172.19,1229,12,0
2024-06-03 13:00:00,173.74,174.28,172.54,172.74,1388,12,0
2024-06-03 14:00:00,172.88,173.15,171.64,171.75,2558,12,0
2024-06-03 15:00:00,171.75,172.67,171.5,172.48,1847,12,0
2024-06-03 16:00:00,172.49,172.54,170.94,171.27,2094,12,0
2024-06-03 17:00:00,171.27,172.42,170.95,172.16,1696,12,0
2024-06-03 18:00:00,172.18,172.34,171.8,172.28,1608,12,0
2024-06-03 19:00:00,172.28,172.49,171.74,172.05,1056,12,0
2024-06-04 13:00:00,172.26,172.86,171.99,172.6,768,12,0
2024-06-04 14:00:00,172.66,173.43,171.85,172.56,2532,12,0
2024-06-04 15:00:00,172.56,172.99,172.4,172.44,1412,12,0
2024-06-04 16:00:00,172.45,172.52,171.95,172.11,1220,12,0
2024-06-04 17:00:00,172.11,172.31,171.65,171.84,1256,12,0
2024-06-04 18:00:00,171.84,173.06,171.81,172.75,1386,12,0
2024-06-04 19:00:00,172.75,172.95,172.17,172.94,1315,12,0
2024-06-05 13:00:00,175.34,176.4,175.25,176.05,964,12,0
2024-06-05 14:00:00,175.93,176.24,174.79,174.89,2230,12,0
2024-06-05 15:00:00,174.9,175.39,173.88,173.89,1290,12,0
2024-06-05 16:00:00,173.89,174.4,173.7,174.15,1051,12,0
2024-06-05 17:00:00,174.16,174.92,174.16,174.74,982,12,0
2024-06-05 18:00:00,174.74,174.77,174.24,174.56,846,12,0
2024-06-05 19:00:00,174.56,174.78,174.49,174.6,753,12,0
2024-06-06 13:00:00,176.36,176.63,175.5,176.35,1028,12,0
2024-06-06 14:00:00,176.37,176.62,175.66,176.17,1869,12,0
2024-06-06 15:00:00,176.16,176.31,175.57,175.94,1175,12,0
2024-06-06 16:00:00,175.96,176.44,175.95,176.27,1026,12,0
2024-06-06 17:00:00,176.26,176.84,176.19,176.65,935,12,0
2024-06-06 18:00:00,176.64,176.68,176.2,176.52,1133,12,0
2024-06-06 19:00:00,176.5,176.81,176.46,176.53,772,12,0
2024-06-07 13:00:00,176.55,177.42,176.35,176.61,1114,12,0
2024-06-07 14:00:00,176.58,177.06,176.06,176.72,1723,12,0
2024-06-07 15:00:00,176.72,176.93,176.09,176.63,1455,12,0
2024-06-07 16:00:00,176.65,176.88,176.3,176.86,1118,12,0
2024-06-07 17:00:00,176.86,176.88,175.97,176.16,1022,12,0
2024-06-07 18:00:00,176.14,176.16,174.76,175.68,1747,12,0
2024-06-07 19:00:00,175.67,175.87,174.98,175.01,1420,12,0
2024-06-10 13:00:00,173.36,173.41,172.7,172.78,1034,12,0
2024-06-10 14:00:00,172.79,173.65,172.71,173.56,1775,12,0
2024-06-10 15:00:00,173.57,173.78,173.05,173.71,1233,12,0
2024-06-10 16:00:00,173.71,173.94,173.47,173.75,929,12,0
2024-06-10 17:00:00,173.75,174.04,173.28,173.95,1037,12,0
2024-06-10 18:00:00,173.94,176.98,173.62,175.07,3714,12,0
2024-06-10 19:00:00,175.05,175.38,174.56,174.85,1224,12,0
2024-06-11 13:00:00,175.75,176.0,174.2,174.77,1116,12,0
2024-06-11 14:00:00,174.77,175.39,173.96,174.43,1965,12,0
2024-06-11 15:00:00,174.44,174.55,174.0,174.02,1295,12,0
2024-06-11 16:00:00,174.02,174.47,173.72,174.41,966,12,0
2024-06-11 17:00:00,174.42,175.32,174.42,175.28,1047,12,0
2024-06-11 18:00:00,175.27,176.05,175.21,175.95,1040,12,0
2024-06-11 19:00:00,175.95,176.37,175.8,176.23,894,12,0
2024-06-12 13:00:00,179.73,179.79,178.38,178.87,1640,12,0
2024-06-12 14:00:00,178.89,179.01,176.89,176.95,2528,12,0
2024-06-12 15:00:00,176.96,177.57,176.47,176.66,1637,12,0
2024-06-12 16:00:00,176.64,176.7,176.04,176.7,1313,12,0
2024-06-12 17:00:00,176.7,176.98,176.57,176.94,950,12,0
2024-06-12 18:00:00,176.95,177.16,176.29,176.94,3036,12,0
2024-06-12 19:00:00,176.95,177.71,176.5,177.33,1808,12,0
2024-06-13 13:00:00,175.42,176.67,175.38,176.5,1052,12,0
2024-06-13 14:00:00,176.49,176.66,175.93,176.22,2228,12,0
2024-06-13 15:00:00,176.22,176.31,175.69,175.73,1343,12,0
2024-06-13 16:00:00,175.72,175.97,175.13,175.76,1488,12,0
2024-06-13 17:00:00,175.76,176.2,175.72,176.09,1089,12,0
2024-06-13 18:00:00,176.1,176.41,175.91,176.07,854,12,0
2024-06-13 19:00:00,176.05,176.18,175.67,175.78,881,12,0
2024-06-14 13:00:00,175.33,176.39,175.3,176.39,799,12,0
2024-06-14 14:00:00,176.3,176.63,175.64,176.58,2093,12,0
2024-06-14 15:00:00,176.58,176.92,176.26,176.68,1499,12,0
2024-06-14 16:00:00,176.69,177.0,175.99,176.07,1104,12,0
2024-06-14 17:00:00,176.1,176.51,175.99,176.18,962,12,0
2024-06-14 18:00:00,176.18,176.32,175.9,176.24,1040,12,0
2024-06-14 19:00:00,176.23,176.53,176.15,176.41,684,12,0
2024-06-17 13:00:00,174.95,175.52,174.78,175.29,844,12,0
2024-06-17 14:00:00,175.31,175.98,175.07,175.49,1706,12,0
2024-06-17 15:00:00,175.47,175.77,175.17,175.62,1012,12,0
2024-06-17 16:00:00,175.61,176.81,175.56,176.58,1046,12,0
2024-06-17 17:00:00,176.58,178.03,176.56,178.03,1112,12,0
2024-06-17 18:00:00,178.03,178.3,177.15,177.36,1463,12,0
2024-06-17 19:00:00,177.34,177.82,177.26,177.44,849,12,0
2024-06-18 13:00:00,175.99,176.29,175.53,175.72,1004,12,0
2024-06-18 14:00:00,175.74,176.67,175.56,176.02,1778,12,0
2024-06-18 15:00:00,176.02,176.1,175.15,175.44,1361,12,0
2024-06-18 16:00:00,175.44,175.59,174.43,174.86,1058,12,0
2024-06-18 17:00:00,174.84,175.08,174.53,174.59,962,12,0
2024-06-18 18:00:00,174.59,174.6,174.04,174.27,892,12,0
2024-06-18 19:00:00,174.27,174.69,174.27,174.53,639,12,0
2024-06-20 13:00:00,176.54,176.54,174.93,175.3,1039,12,0
2024-06-20 14:00:00,175.29,176.34,174.96,176.21,2177,12,0
2024-06-20 15:00:00,176.21,176.31,175.62,175.78,1339,12,0
2024-06-20 16:00:00,175.79,176.16,175.39,175.95,1498,12,0
2024-06-20 17:00:00,175.95,176.0,175.36,175.79,1766,12,0
2024-06-20 18:00:00,175.78,176.06,175.64,175.89,1305,12,0
2024-06-20 19:00:00,175.89,176.17,175.41,175.9,1228,12,0
2024-06-21 13:00:00,177.77,178.65,177.56,178.42,1444,12,0
2024-06-21 14:00:00,178.4,179.72,178.06,179.04,3169,12,0
2024-06-21 15:00:00,179.04,179.98,178.83,179.92,1718,12,0
2024-06-21 16:00:00,179.94,180.77,179.8,180.11,1544,12,0
2024-06-21 17:00:00,180.12,180.34,179.21,179.81,1568,12,0
2024-06-21 18:00:00,179.81,180.16,179.51,179.62,1309,12,0
2024-06-21 19:00:00,179.62,180.15,179.62,179.71,980,12,0
2024-06-24 13:00:00,179.29,179.96,178.84,179.81,1001,12,0
2024-06-24 14:00:00,179.84,180.55,178.76,179.45,2393,12,0
2024-06-24 15:00:00,179.46,179.81,179.15,179.81,1543,12,0
2024-06-24 16:00:00,179.81,180.18,179.48,179.69,1143,12,0
2024-06-24 17:00:00,179.69,179.71,178.91,179.18,1639,12,0
2024-06-24 18:00:00,179.2,179.35,178.61,179.02,1521,12,0
2024-06-24 19:00:00,179.01,179.41,178.99,179.24,925,12,0
2024-06-25 13:00:00,180.34,180.87,179.71,180.35,1018,12,0
2024-06-25 14:00:00,180.33,182.11,180.24,181.86,2370,12,0
2024-06-25 15:00:00,181.86,182.58,181.8,182.5,1404,12,0
2024-06-25 16:00:00,182.5,182.76,181.79,182.09,1162,12,0
2024-06-25 17:00:00,182.09,182.65,181.92,182.65,1187,12,0
2024-06-25 18:00:00,182.65,183.23,182.6,183.15,1056,12,0
2024-06-25 19:00:00,183.14,183.51,182.94,183.5,658,12,0
2024-06-26 13:00:00,182.86,183.32,182.43,183.24,819,12,0
2024-06-26 14:00:00,183.27,184.43,183.12,183.97,2111,12,0
2024-06-26 15:00:00,183.96,184.09,183.36,183.86,1773,12,0
2024-06-26 16:00:00,183.86,184.17,183.57,183.7,1419,12,0
2024-06-26 17:00:00,183.7,184.01,183.27,183.96,1053,12,0
2024-06-26 18:00:00,183.95,184.21,183.78,184.01,901,12,0
2024-06-26 19:00:00,184.01,184.06,183.53,183.94,702,12,0
2024-06-27 13:00:00,185.53,185.68,184.97,185.66,993,12,0
2024-06-27 14:00:00,185.63,185.97,185.04,185.45,2287,12,0
2024-06-27 15:00:00,185.46,185.79,184.4,184.5,1743,12,0
2024-06-27 16:00:00,184.5,185.18,184.31,184.8,1299,12,0
2024-06-27 17:00:00,184.81,185.18,184.63,184.81,1036,12,0
2024-06-27 18:00:00,184.82,185.05,184.45,185.05,1232,12,0
2024-06-27 19:00:00,185.05,185.43,184.97,185.43,726,12,0
2024-06-28 13:00:00,183.37,184.11,183.31,183.97,906,12,0
2024-06-28 14:00:00,184.04,185.07,183.67,183.9,2008,12,0
2024-06-28 15:00:00,183.9,184.24,183.48,183.92,1819,12,0
2024-06-28 16:00:00,183.92,184.09,183.24,183.73,1772,12,0
2024-06-28 17:00:00,183.73,184.08,183.62,183.83,1167,12,0
2024-06-28 18:00:00,183.84,184.23,183.57,184.01,1239,12,0
2024-06-28 19:00:00,184.01,184.19,183.0,183.5,1253,12,0
2024-07-01 13:00:00,183.06,183.11,181.26,181.65,1193,12,0
2024-07-01 14:00:00,181.76,182.79,181.65,182.17,2537,12,0
2024-07-01 15:00:00,182.16,182.43,181.83,182.22,1446,12,0
2024-07-01 16:00:00,182.22,183.23,182.0,182.94,1381,12,0
2024-07-01 17:00:00,182.91,182.98,182.13,182.44,1198,12,0
2024-07-01 18:00:00,182.45,182.89,182.21,182.58,1166,12,0
2024-07-01 19:00:00,182.58,182.7,182.17,182.6,841,12,0
2024-07-02 13:00:00,181.68,182.3,181.63,182.03,862,12,0
2024-07-02 14:00:00,182.05,183.59,181.59,183.42,2228,12,0
2024-07-02 15:00:00,183.44,183.93,183.21,183.27,1255,12,0
2024-07-02 16:00:00,183.26,184.15,183.1,184.15,1138,12,0
2024-07-02 17:00:00,184.16,185.07,184.14,184.92,1085,12,0
2024-07-02 18:00:00,184.92,185.18,184.81,184.82,823,12,0
2024-07-02 19:00:00,184.82,185.41,184.74,185.34,650,12,0
2024-07-03 13:00:00,185.34,185.69,184.5,184.79,919,12,0
2024-07-03 14:00:00,184.87,185.0,184.1,185.0,2259,12,0
2024-07-03 15:00:00,185.01,185.88,184.87,185.76,1564,12,0
2024-07-03 16:00:00,185.74,186.01,185.49,185.74,1426,12,0
2024-07-05 13:00:00,188.06,189.32,187.92,189.15,959,12,0
2024-07-05 14:00:00,189.16,189.93,188.45,189.32,2372,12,0
2024-07-05 15:00:00,189.31,190.37,189.16,190.26,1439,12,0
2024-07-05 16:00:00,190.26,190.37,189.83,190.1,1154,12,0
2024-07-05 17:00:00,190.1,190.65,190.02,190.1,965,12,0
2024-07-05 18:00:00,190.11,190.68,189.98,190.52,860,12,0
2024-07-05 19:00:00,190.52,190.78,190.31,190.7,750,12,0
2024-07-08 13:00:00,188.59,188.9,188.04,188.15,917,12,0
2024-07-08 14:00:00,188.12,188.92,187.73,188.9,1782,12,0
2024-07-08 15:00:00,188.91,190.11,188.9,189.71,1171,12,0
2024-07-08 16:00:00,189.71,189.72,188.94,189.18,970,12,0
2024-07-08 17:00:00,189.2,189.58,189.02,189.19,838,12,0
2024-07-08 18:00:00,189.19,189.41,189.03,189.15,702,12,0
2024-07-08 19:00:00,189.14,189.19,188.53,188.99,591,12,0
2024-07-09 13:00:00,190.76,190.89,189.82,190.42,818,12,0
2024-07-09 14:00:00,190.41,190.53,189.88,190.41,2037,12,0
2024-07-09 15:00:00,190.4,190.43,189.52,189.7,1197,12,0
2024-07-09 16:00:00,189.7,189.96,188.76,189.1,1139,12,0
2024-07-09 17:00:00,189.1,189.45,188.74,189.43,912,12,0
2024-07-09 18:00:00,189.43,189.71,189.0,189.11,760,12,0
2024-07-09 19:00:00,189.11,189.23,188.66,188.84,623,12,0
2024-07-10 13:00:00,190.69,190.74,190.07,190.65,804,12,0
2024-07-10 14:00:00,190.66,190.81,189.52,189.69,1700,12,0
2024-07-10 15:00:00,189.71,190.3,189.29,190.24,1050,12,0
2024-07-10 16:00:00,190.24,190.78,189.76,190.66,1073,12,0
2024-07-10 17:00:00,190.66,191.35,190.58,191.29,1001,12,0
2024-07-10 18:00:00,191.29,191.68,191.05,191.23,844,12,0
2024-07-10 19:00:00,191.21,191.21,190.47,190.49,777,12,0
2024-07-11 13:00:00,190.21,190.23,189.35,189.7,789,12,0
2024-07-11 14:00:00,189.68,189.68,187.07,187.09,2789,12,0
2024-07-11 15:00:00,187.07,187.1,185.52,185.63,2460,12,0
2024-07-11 16:00:00,185.63,186.35,185.02,185.56,1971,12,0
2024-07-11 17:00:00,185.56,185.98,185.13,185.35,1610,12,0
2024-07-11 18:00:00,185.36,186.41,185.24,186.34,1436,12,0
2024-07-11 19:00:00,186.36,186.68,185.46,185.47,1169,12,0
2024-07-12 13:00:00,185.98,186.15,184.86,185.96,1271,12,0
2024-07-12 14:00:00,185.98,186.43,184.93,185.46,2523,12,0
2024-07-12 15:00:00,185.44,186.1,185.13,185.14,1541,12,0
2024-07-12 16:00:00,185.12,186.0,184.96,185.98,1605,12,0
2024-07-12 17:00:00,185.99,187.04,185.79,186.81,1256,12,0
2024-07-12 18:00:00,186.81,187.01,185.87,186.33,1096,12,0
2024-07-12 19:00:00,186.33,186.37,184.74,184.85,1205,12,0
2024-07-15 13:00:00,186.78,187.14,185.98,187.09,1214,12,0
2024-07-15 14:00:00,187.08,187.97,186.69,187.36,2308,12,0
2024-07-15 15:00:00,187.36,188.17,186.77,187.33,1915,12,0
2024-07-15 16:00:00,187.33,187.4,186.39,186.73,1935,12,0
2024-07-15 17:00:00,186.73,187.0,186.12,186.18,1840,12,0
2024-07-15 18:00:00,186.18,186.78,185.9,186.63,1290,12,0
2024-07-15 19:00:00,186.61,186.86,186.13,186.14,967,12,0
2024-07-16 13:00:00,188.55,188.6,186.59,186.61,1072,12,0
2024-07-16 14:00:00,186.67,186.75,185.67,186.21,2832,12,0
2024-07-16 15:00:00,186.23,186.93,185.73,185.8,1716,12,0
2024-07-16 16:00:00,185.79,185.92,183.76,184.24,1916,12,0
2024-07-16 17:00:00,184.24,184.49,183.31,183.71,1329,12,0
2024-07-16 18:00:00,183.71,184.3,183.33,184.28,1317,12,0
2024-07-16 19:00:00,184.28,184.33,183.64,183.84,1037,12,0
2024-07-17 13:00:00,181.87,182.17,181.39,181.51,1451,12,0
2024-07-17 14:00:00,181.49,181.71,179.86,180.33,3641,12,0
2024-07-17 15:00:00,180.34,180.71,179.93,180.38,2402,12,0
2024-07-17 16:00:00,180.4,181.14,180.39,181.13,2161,12,0
2024-07-17 17:00:00,181.13,181.32,180.46,181.14,1952,12,0
2024-07-17 18:00:00,181.14,181.75,180.98,181.35,1647,12,0
2024-07-17 19:00:00,181.34,181.46,180.7,180.74,1463,12,0
2024-07-18 13:00:00,181.48,181.56,179.39,179.43,1067,12,0
2024-07-18 14:00:00,179.41,180.42,178.57,179.4,3300,12,0
2024-07-18 15:00:00,179.41,179.64,177.11,177.42,3054,12,0
2024-07-18 16:00:00,177.4,177.43,176.42,177.1,2286,12,0
2024-07-18 17:00:00,177.1,178.25,176.97,177.84,1925,12,0
2024-07-18 18:00:00,177.85,177.87,176.82,177.31,1758,12,0
2024-07-18 19:00:00,177.29,177.45,176.41,177.3,1729,12,0
2024-07-19 13:00:00,179.88,180.23,178.4,179.01,1376,12,0
2024-07-19 14:00:00,179.01,179.53,178.26,179.15,2982,12,0
2024-07-19 15:00:00,179.15,179.52,177.75,179.03,2339,12,0
2024-07-19 16:00:00,179.03,179.03,177.9,178.1,1911,12,0
2024-07-19 17:00:00,178.11,178.18,177.44,177.92,1819,12,0
2024-07-19 18:00:00,177.87,178.38,177.51,177.95,1724,12,0
2024-07-19 19:00:00,177.94,178.2,177.09,177.36,1449,12,0
2024-07-22 13:00:00,181.83,182.23,181.27,181.93,1275,12,0
2024-07-22 14:00:00,181.92,182.04,180.78,181.0,2998,12,0
2024-07-22 15:00:00,181.02,181.7,180.3,180.74,2757,12,0
2024-07-22 16:00:00,180.72,182.24,180.67,182.2,1775,12,0
2024-07-22 17:00:00,182.21,182.55,181.9,182.06,1458,12,0
2024-07-22 18:00:00,182.06,182.55,181.92,182.03,1190,12,0
2024-07-22 19:00:00,182.05,182.6,181.89,182.53,1133,12,0
2024-07-23 13:00:00,182.37,183.24,182.37,183.09,1237,12,0
2024-07-23 14:00:00,183.08,183.26,181.83,182.1,2841,12,0
2024-07-23 15:00:00,182.1,182.98,181.99,182.64,1747,12,0
2024-07-23 16:00:00,182.62,182.9,182.02,182.58,1996,12,0
2024-07-23 17:00:00,182.58,183.02,182.21,182.92,1552,12,0
2024-07-23 18:00:00,182.91,183.54,182.55,182.84,1427,12,0
2024-07-23 19:00:00,182.85,183.21,182.48,182.55,1229,12,0
2024-07-24 13:00:00,173.23,175.73,173.18,175.6,2185,12,0
2024-07-24 14:00:00,175.59,176.11,174.04,174.9,4517,12,0
2024-07-24 15:00:00,174.9,175.34,172.45,172.49,2773,12,0
2024-07-24 16:00:00,172.49,173.13,172.18,172.48,2371,12,0
2024-07-24 17:00:00,172.48,173.78,172.44,173.28,2066,12,0
2024-07-24 18:00:00,173.27,173.34,172.1,172.53,2610,12,0
2024-07-24 19:00:00,172.54,173.24,171.98,172.77,1610,12,0
2024-07-25 13:00:00,171.48,171.72,169.11,169.22,2196,12,0
2024-07-25 14:00:00,169.2,172.17,167.55,171.91,5106,12,0
2024-07-25 15:00:00,171.93,172.53,171.04,171.77,3222,12,0
2024-07-25 16:00:00,171.77,172.98,171.43,172.7,2675,12,0
2024-07-25 17:00:00,172.72,173.22,172.02,172.51,2335,12,0
2024-07-25 18:00:00,172.51,172.62,168.02,169.1,6453,12,0
2024-07-25 19:00:00,169.08,170.08,168.7,168.8,2260,12,0
2024-07-26 13:00:00,165.23,165.37,163.95,164.8,1788,12,0
2024-07-26 14:00:00,164.78,166.64,164.16,166.38,4076,12,0
2024-07-26 15:00:00,166.36,166.89,165.69,166.46,2900,12,0
2024-07-26 16:00:00,166.46,167.8,166.4,167.7,2134,12,0
2024-07-26 17:00:00,167.71,167.95,166.35,166.95,2648,12,0
2024-07-26 18:00:00,166.95,167.11,166.25,166.48,2328,12,0
2024-07-26 19:00:00,166.47,167.11,165.88,167.11,1776,12,0
2024-07-29 13:00:00,168.71,169.75,168.41,169.75,1443,12,0
2024-07-29 14:00:00,169.78,169.99,168.11,168.51,3402,12,0
2024-07-29 15:00:00,168.5,168.92,167.87,168.89,2390,12,0
2024-07-29 16:00:00,168.91,170.1,168.91,169.8,1873,12,0
2024-07-29 17:00:00,169.79,170.3,169.42,169.81,1940,12,0
2024-07-29 18:00:00,169.81,169.82,168.76,169.23,1812,12,0
2024-07-29 19:00:00,169.22,169.94,169.13,169.87,1202,12,0
2024-07-30 13:00:00,170.81,171.09,169.28,169.82,1246,12,0
2024-07-30 14:00:00,169.79,170.32,169.41,169.81,2889,12,0
2024-07-30 15:00:00,169.8,169.98,168.96,169.22,2676,12,0
2024-07-30 16:00:00,169.23,169.49,168.5,168.57,2211,12,0
2024-07-30 17:00:00,168.57,169.89,168.31,169.84,2009,12,0
2024-07-30 18:00:00,169.83,170.18,169.57,169.93,1733,12,0
2024-07-30 19:00:00,169.93,170.29,169.66,169.95,1599,12,0
2024-07-31 13:00:00,171.86,172.3,171.13,172.14,1409,12,0
2024-07-31 14:00:00,172.15,172.42,171.39,171.81,2904,12,0
2024-07-31 15:00:00,171.83,171.99,170.97,171.22,1943,12,0
2024-07-31 16:00:00,171.25,171.29,170.2,170.37,1867,12,0
2024-07-31 17:00:00,170.39,170.68,169.88,170.47,1872,12,0
2024-07-31 18:00:00,170.49,171.48,170.21,171.13,2620,12,0
2024-07-31 19:00:00,171.16,171.67,170.37,171.47,2538,12,0
2024-08-01 13:00:00,171.28,173.9,171.28,173.66,1464,12,0
2024-08-01 14:00:00,173.64,173.9,171.71,172.24,4331,12,0
2024-08-01 15:00:00,172.25,172.45,170.09,170.12,3417,12,0
2024-08-01 16:00:00,170.12,170.86,169.8,169.88,2676,12,0
2024-08-01 17:00:00,169.9,170.09,169.05,169.88,2539,12,0
2024-08-01 18:00:00,169.87,170.01,168.75,169.18,2410,12,0
2024-08-01 19:00:00,169.16,169.92,168.89,169.59,2158,12,0
2024-08-02 13:00:00,167.91,168.34,166.83,167.03,1974,12,0
2024-08-02 14:00:00,167.07,167.36,164.53,165.38,4690,12,0
2024-08-02 15:00:00,165.39,166.9,165.19,166.57,3770,12,0
2024-08-02 16:00:00,166.55,166.92,164.84,165.06,3369,12,0
2024-08-02 17:00:00,165.04,165.56,164.86,165.32,2825,12,0
2024-08-02 18:00:00,165.32,165.8,164.72,165.53,2497,12,0
2024-08-02 19:00:00,165.55,166.5,165.39,165.95,1996,12,0
2024-08-05 13:00:00,160.02,162.19,159.77,160.36,3624,12,0
2024-08-05 14:00:00,160.48,162.75,160.43,162.2,7302,12,0
2024-08-05 15:00:00,162.18,164.28,161.47,162.58,5319,12,0
2024-08-05 16:00:00,162.56,163.49,162.06,162.22,3531,12,0
2024-08-05 17:00:00,162.21,163.34,162.19,162.76,3356,12,0
2024-08-05 18:00:00,162.73,162.81,157.39,158.69,7868,12,0
2024-08-05 19:00:00,158.72,160.06,158.66,158.82,3778,12,0
2024-08-06 13:00:00,157.71,157.73,156.27,156.81,1722,12,0
2024-08-06 14:00:00,156.79,159.43,156.41,159.18,4411,12,0
2024-08-06 15:00:00,159.2,159.39,158.39,159.28,3234,12,0
2024-08-06 16:00:00,159.25,159.92,158.85,159.72,2363,12,0
2024-08-06 17:00:00,159.72,159.95,158.87,159.25,2350,12,0
2024-08-06 18:00:00,159.25,160.42,158.7,159.54,2468,12,0
2024-08-06 19:00:00,159.55,159.56,158.45,158.66,2739,12,0
2024-08-07 13:00:00,160.95,161.34,160.32,161.34,1688,12,0
2024-08-07 14:00:00,161.36,162.81,160.96,162.01,3523,12,0
2024-08-07 15:00:00,162.01,162.03,159.92,160.86,2648,12,0
2024-08-07 16:00:00,160.89,161.03,159.87,159.88,2663,7,0
2024-08-07 17:00:00,159.88,160.02,158.6,158.8,2667,12,0
2024-08-07 18:00:00,158.78,159.26,158.33,159.17,2908,7,0
2024-08-07 19:00:00,159.19,159.93,159.06,159.41,2209,12,0
2024-08-08 13:00:00,160.74,161.14,160.06,161.06,1479,12,0
2024-08-08 14:00:00,161.04,162.92,160.86,162.52,3488,12,0
2024-08-08 15:00:00,162.51,162.89,161.96,162.82,2511,12,0
2024-08-08 16:00:00,162.83,163.53,162.61,162.98,2231,12,0
2024-08-08 17:00:00,162.98,163.37,162.6,163.0,1873,12,0
2024-08-08 18:00:00,162.99,163.36,162.62,162.88,1737,12,0
2024-08-08 19:00:00,162.86,163.36,161.86,162.64,1890,12,0
2024-08-09 13:00:00,160.65,160.82,159.77,160.01,1522,12,0
2024-08-09 14:00:00,160.03,160.43,158.92,160.01,3380,12,0
2024-08-09 15:00:00,160.0,160.12,159.43,159.63,2097,12,0
2024-08-09 16:00:00,159.65,159.81,159.18,159.79,1566,12,0
2024-08-09 17:00:00,159.79,161.33,159.72,161.07,1793,12,0
2024-08-09 18:00:00,161.07,161.8,161.0,161.58,1713,12,0
2024-08-09 19:00:00,161.58,163.03,161.49,163.02,1398,12,0
2024-08-12 13:00:00,164.26,164.29,162.96,163.21,1106,12,0
2024-08-12 14:00:00,163.24,163.72,162.95,163.71,2226,12,0
2024-08-12 15:00:00,163.71,163.79,161.95,163.25,2152,12,0
2024-08-12 16:00:00,163.26,163.44,162.51,162.51,1679,12,0
2024-08-12 17:00:00,162.49,163.05,162.17,162.44,1717,12,0
2024-08-12 18:00:00,162.45,162.72,162.36,162.66,1328,12,0
2024-08-12 19:00:00,162.68,162.7,161.97,162.02,947,12,0
2024-08-13 13:00:00,163.68,163.71,162.86,162.89,918,12,0
2024-08-13 14:00:00,162.91,163.58,162.8,163.34,2061,12,0
2024-08-13 15:00:00,163.37,163.89,163.35,163.66,1277,12,0
2024-08-13 16:00:00,163.66,164.12,163.31,164.11,940,12,0
2024-08-13 17:00:00,164.11,164.42,163.46,163.8,1628,12,0
2024-08-13 18:00:00,163.8,164.18,163.4,164.08,958,12,0
2024-08-13 19:00:00,164.08,164.15,163.69,163.92,803,12,0
2024-08-14 13:00:00,161.02,161.02,159.21,159.23,1604,12,0
2024-08-14 14:00:00,159.21,159.23,157.54,158.28,3260,12,0
2024-08-14 15:00:00,158.3,159.83,157.9,159.83,1833,12,0
2024-08-14 16:00:00,159.83,159.95,158.82,159.27,1697,12,0
2024-08-14 17:00:00,159.27,159.33,158.71,158.77,1213,12,0
2024-08-14 18:00:00,158.77,159.09,158.55,158.71,973,12,0
2024-08-14 19:00:00,158.73,159.22,158.32,159.2,883,12,0
2024-08-15 13:00:00,160.29,160.45,159.47,160.37,1117,12,0
2024-08-15 14:00:00,160.36,160.78,159.58,159.72,2010,12,0
2024-08-15 15:00:00,159.74,160.79,159.51,160.75,1296,12,0
2024-08-15 16:00:00,160.73,161.41,160.66,160.89,1275,12,0
2024-08-15 17:00:00,160.89,161.38,160.75,161.38,779,12,0
2024-08-15 18:00:00,161.38,161.46,160.92,161.09,866,12,0
2024-08-15 19:00:00,161.07,161.26,160.76,161.07,774,12,0
2024-08-16 13:00:00,162.27,162.73,161.96,162.62,1142,12,0
2024-08-16 14:00:00,162.6,164.87,162.6,163.89,2830,12,0
2024-08-16 15:00:00,163.89,163.94,163.16,163.74,1893,12,0
2024-08-16 16:00:00,163.74,164.03,163.27,163.68,1217,12,0
2024-08-16 17:00:00,163.68,163.79,163.2,163.35,996,12,0
2024-08-16 18:00:00,163.35,163.55,163.11,163.51,935,7,0
2024-08-16 19:00:00,163.5,163.59,163.04,163.07,703,12,0
2024-08-19 13:00:00,164.74,165.55,164.66,164.87,1097,12,0
2024-08-19 14:00:00,164.88,165.44,164.11,164.95,2211,12,0
2024-08-19 15:00:00,164.94,165.38,164.61,164.81,1319,12,0
2024-08-19 16:00:00,164.84,165.63,164.75,165.56,933,12,0
2024-08-19 17:00:00,165.56,165.67,165.31,165.57,774,12,0
2024-08-19 18:00:00,165.57,165.81,165.36,165.67,568,12,0
2024-08-19 19:00:00,165.66,165.81,165.46,165.8,537,12,0
2024-08-20 13:00:00,167.53,168.45,167.19,168.33,895,12,0
2024-08-20 14:00:00,168.35,168.35,166.84,167.17,2270,12,0
2024-08-20 15:00:00,167.19,167.73,166.85,167.69,1489,12,0
2024-08-20 16:00:00,167.7,167.81,167.41,167.42,1216,12,0
2024-08-20 17:00:00,167.42,167.84,167.25,167.82,1226,12,0
2024-08-20 18:00:00,167.81,168.24,167.67,167.81,902,12,0
2024-08-20 19:00:00,167.8,167.93,167.35,167.4,747,12,0
2024-08-21 13:00:00,165.48,166.3,165.22,166.17,873,12,0
2024-08-21 14:00:00,166.2,166.66,165.18,165.63,2690,12,0
2024-08-21 15:00:00,165.6,165.99,165.06,165.24,1470,12,0
2024-08-21 16:00:00,165.24,165.62,164.88,165.41,1175,12,0
2024-08-21 17:00:00,165.41,165.82,165.12,165.8,962,12,0
2024-08-21 18:00:00,165.83,166.16,165.53,165.68,1374,12,0
2024-08-21 19:00:00,165.66,165.7,165.14,165.29,982,12,0
2024-08-22 13:00:00,166.51,166.96,166.23,166.61,896,12,0
2024-08-22 14:00:00,166.63,166.75,165.38,165.65,2126,12,0
2024-08-22 15:00:00,165.65,165.96,164.52,164.85,2194,12,0
2024-08-22 16:00:00,164.84,165.81,164.76,164.93,1856,12,0
2024-08-22 17:00:00,164.92,164.92,163.8,163.9,1923,12,0
2024-08-22 18:00:00,163.92,164.64,163.81,164.2,1523,7,0
2024-08-22 19:00:00,164.22,164.49,163.77,164.14,1272,12,0
2024-08-23 13:00:00,164.41,164.95,164.1,164.78,823,12,0
2024-08-23 14:00:00,164.83,165.98,163.95,164.68,3759,12,0
2024-08-23 15:00:00,164.65,165.38,164.18,164.62,2763,12,0
2024-08-23 16:00:00,164.61,164.66,163.64,164.33,2322,12,0
2024-08-23 17:00:00,164.34,165.08,164.21,164.67,1461,12,0
2024-08-23 18:00:00,164.68,164.95,164.5,164.83,1251,12,0
2024-08-23 19:00:00,164.83,165.64,164.63,165.24,1030,12,0
2024-08-26 13:00:00,166.08,166.13,165.41,165.94,919,12,0
2024-08-26 14:00:00,165.99,166.01,164.25,165.36,2307,12,0
2024-08-26 15:00:00,165.38,165.78,165.12,165.34,1758,12,0
2024-08-26 16:00:00,165.34,165.91,165.16,165.81,1215,7,0
2024-08-26 17:00:00,165.8,166.09,165.43,165.57,1353,12,0
2024-08-26 18:00:00,165.58,166.27,165.48,166.02,1323,12,0
2024-08-26 19:00:00,166.01,166.09,165.83,165.91,927,12,0
2024-08-27 13:00:00,164.97,165.57,164.66,165.49,833,12,0
2024-08-27 14:00:00,165.51,166.21,165.4,165.98,2044,12,0
2024-08-27 15:00:00,165.99,166.23,165.4,165.56,1678,12,0
2024-08-27 16:00:00,165.55,166.14,165.49,165.75,1087,12,0
2024-08-27 17:00:00,165.75,165.93,165.54,165.91,856,12,0
2024-08-27 18:00:00,165.91,165.92,165.16,165.24,809,12,0
2024-08-27 19:00:00,165.24,165.29,164.81,164.93,656,12,0
2024-08-28 13:00:00,163.98,163.98,162.73,163.14,933,12,0
2024-08-28 14:00:00,163.14,163.16,162.05,162.26,2254,12,0
2024-08-28 15:00:00,162.23,162.41,161.31,162.24,2257,12,0
2024-08-28 16:00:00,162.22,162.64,161.98,162.56,1479,12,0
2024-08-28 17:00:00,162.56,162.69,161.73,161.78,1504,12,0
2024-08-28 18:00:00,161.8,162.71,161.61,162.69,1440,7,0
2024-08-28 19:00:00,162.67,162.93,162.39,162.82,1140,12,0
2024-08-29 13:00:00,164.65,165.65,164.06,165.53,1237,12,0
2024-08-29 14:00:00,165.55,165.74,164.52,164.97,2720,12,0
2024-08-29 15:00:00,164.97,165.32,164.39,164.78,1870,12,0
2024-08-29 16:00:00,164.78,165.13,164.13,164.29,1276,12,0
2024-08-29 17:00:00,164.29,164.43,162.05,162.98,2139,12,0
2024-08-29 18:00:00,162.96,162.96,160.41,160.81,2643,12,0
2024-08-29 19:00:00,160.81,161.58,160.03,161.46,2063,12,0
2024-08-30 13:00:00,162.31,162.98,162.12,162.89,964,12,0
2024-08-30 14:00:00,162.88,162.95,161.7,161.7,2357,12,0
2024-08-30 15:00:00,161.68,162.29,161.47,162.21,2057,12,0
2024-08-30 16:00:00,162.21,162.27,161.56,162.18,1637,6,0
2024-08-30 17:00:00,162.18,162.4,162.03,162.07,1019,12,0
2024-08-30 18:00:00,162.07,162.41,161.97,162.22,964,7,0
2024-08-30 19:00:00,162.22,162.64,162.2,162.24,894,12,0
2024-09-03 13:00:00,160.19,161.02,159.87,160.25,1255,13,0
2024-09-03 14:00:00,160.22,160.33,158.51,158.73,2788,13,0
2024-09-03 15:00:00,158.71,159.15,158.57,158.7,1926,7,0
2024-09-03 16:00:00,158.7,159.12,158.45,158.71,1516,13,0
2024-09-03 17:00:00,158.72,158.97,158.11,158.17,1350,13,0
2024-09-03 18:00:00,158.19,158.22,157.23,157.35,1679,13,0
2024-09-03 19:00:00,157.35,157.4,156.28,156.52,1200,13,0
2024-09-04 13:00:00,158.18,158.73,157.35,157.53,1188,13,0
2024-09-04 14:00:00,157.51,157.96,156.74,157.93,3219,13,0
2024-09-04 15:00:00,157.93,158.14,156.63,156.84,1783,7,0
2024-09-04 16:00:00,156.84,157.32,156.55,156.99,1465,7,0
2024-09-04 17:00:00,156.98,156.98,155.72,155.97,1284,13,0
2024-09-04 18:00:00,155.97,156.63,155.9,156.18,1569,13,0
2024-09-04 19:00:00,156.19,156.69,156.02,156.65,1299,13,0
2024-09-05 13:00:00,158.73,158.85,157.43,158.13,1278,13,0
2024-09-05 14:00:00,158.15,159.01,157.54,157.76,2998,7,0
2024-09-05 15:00:00,157.78,157.83,156.51,156.59,2197,7,0
2024-09-05 16:00:00,156.58,156.95,156.3,156.49,1597,7,0
2024-09-05 17:00:00,156.49,157.34,156.25,157.34,1486,7,0
2024-09-05 18:00:00,157.36,157.49,156.86,157.0,1420,7,0
2024-09-05 19:00:00,157.0,157.08,156.3,156.41,1236,7,0
2024-09-06 13:00:00,155.42,155.97,154.46,154.58,1554,13,0
2024-09-06 14:00:00,154.56,154.9,152.7,153.07,3380,7,0
2024-09-06 15:00:00,153.07,153.74,151.64,151.74,3263,7,0
2024-09-06 16:00:00,151.76,151.85,151.07,151.29,1839,7,0
2024-09-06 17:00:00,151.31,151.75,151.29,151.37,1415,7,0
2024-09-06 18:00:00,151.37,151.76,151.01,151.54,1243,13,0
2024-09-06 19:00:00,151.54,151.71,150.82,150.84,1262,13,0
2024-09-09 13:00:00,152.92,153.3,152.48,152.53,944,14,0
2024-09-09 14:00:00,152.55,152.55,148.91,148.92,3400,14,0
2024-09-09 15:00:00,148.9,149.22,147.95,149.22,2434,7,0
2024-09-09 16:00:00,149.22,149.84,148.55,149.47,1686,14,0
2024-09-09 17:00:00,149.49,149.56,148.93,149.17,1557,7,0
2024-09-09 18:00:00,149.17,149.22,147.95,148.11,1561,7,0
2024-09-09 19:00:00,148.11,148.18,147.16,147.87,1423,7,0
2024-09-10 13:00:00,150.12,150.21,149.45,150.01,1211,14,0
2024-09-10 14:00:00,150.02,150.2,148.75,149.08,3143,7,0
2024-09-10 15:00:00,149.08,149.76,148.46,148.47,2113,7,0
2024-09-10 16:00:00,148.47,149.37,148.27,149.22,1829,7,0
2024-09-10 17:00:00,149.22,149.62,149.11,149.46,1319,14,0
2024-09-10 18:00:00,149.46,150.35,149.46,150.03,1141,7,0
2024-09-10 19:00:00,150.03,150.15,149.41,149.42,937,14,0
2024-09-11 13:00:00,149.26,149.87,148.99,149.62,1394,14,0
2024-09-11 14:00:00,149.6,149.85,147.46,147.91,3698,7,0
2024-09-11 15:00:00,147.87,149.24,147.66,148.62,2936,7,0
2024-09-11 16:00:00,148.6,149.61,148.49,149.52,2591,7,0
2024-09-11 17:00:00,149.52,150.67,149.4,150.17,1897,7,0
2024-09-11 18:00:00,150.15,150.39,149.78,150.02,2135,7,0
2024-09-11 19:00:00,150.04,150.84,149.93,150.52,1144,7,0
2024-09-12 13:00:00,153.9,153.98,153.07,153.32,1505,14,0
2024-09-12 14:00:00,153.35,153.75,152.59,153.4,3101,7,0
2024-09-12 15:00:00,153.37,154.05,153.02,153.08,2118,14,0
2024-09-12 16:00:00,153.08,154.09,152.84,154.03,1420,7,0
2024-09-12 17:00:00,154.03,154.38,153.84,154.32,1236,14,0
2024-09-12 18:00:00,154.33,154.48,153.43,154.21,1554,7,0
2024-09-12 19:00:00,154.19,154.33,153.89,154.31,1014,14,0
2024-09-13 13:00:00,155.85,156.59,155.5,155.81,1207,14,0
2024-09-13 14:00:00,155.88,158.31,155.62,157.49,2816,14,0
2024-09-13 15:00:00,157.49,157.56,156.56,157.02,1773,14,0
2024-09-13 16:00:00,157.02,157.21,156.58,157.19,1538,7,0
2024-09-13 17:00:00,157.2,157.45,156.88,157.34,1137,14,0
2024-09-13 18:00:00,157.34,157.44,156.91,157.27,1285,7,0
2024-09-13 19:00:00,157.25,157.86,157.22,157.67,756,14,0
2024-09-16 13:00:00,156.77,157.98,156.74,157.83,1114,14,0
2024-09-16 14:00:00,157.8,158.19,157.02,157.8,2729,14,0
2024-09-16 15:00:00,157.82,158.16,157.35,157.63,1721,7,0
2024-09-16 16:00:00,157.64,157.88,157.34,157.7,1504,7,0
2024-09-16 17:00:00,157.71,157.98,157.41,157.88,1013,7,0
2024-09-16 18:00:00,157.88,158.0,157.46,157.72,867,7,0
2024-09-16 19:00:00,157.72,157.9,157.6,157.9,713,14,0
2024-09-17 13:00:00,158.88,159.84,158.82,159.62,1016,14,0
2024-09-17 14:00:00,159.65,160.48,159.27,159.69,2333,14,0
2024-09-17 15:00:00,159.71,159.85,158.95,159.67,1443,7,0
2024-09-17 16:00:00,159.67,159.7,158.39,158.52,1989,7,0
2024-09-17 17:00:00,158.5,159.15,158.31,159.1,1860,7,0
2024-09-17 18:00:00,159.1,159.29,158.39,158.58,1389,7,0
2024-09-17 19:00:00,158.57,159.08,158.49,158.93,1069,14,0
2024-09-18 13:00:00,159.59,160.14,159.56,159.97,839,14,0
2024-09-18 14:00:00,159.99,160.1,159.22,159.52,2126,7,0
2024-09-18 15:00:00,159.52,159.65,158.53,158.75,1431,7,0
2024-09-18 16:00:00,158.74,159.47,158.66,159.18,1149,7,0
2024-09-18 17:00:00,159.19,159.57,159.06,159.37,1151,7,0
2024-09-18 18:00:00,159.34,160.41,158.84,159.39,5667,14,0
2024-09-18 19:00:00,159.37,160.42,159.01,159.57,3740,14,0
2024-09-19 13:00:00,162.47,162.83,161.3,161.47,1053,14,0
2024-09-19 14:00:00,161.49,163.28,161.27,162.12,2440,14,0
2024-09-19 15:00:00,162.14,163.16,162.07,162.75,1720,14,0
2024-09-19 16:00:00,162.75,162.97,162.56,162.68,1144,14,0
2024-09-19 17:00:00,162.68,163.28,162.66,163.07,1084,7,0
2024-09-19 18:00:00,163.07,163.09,162.54,162.87,1234,7,0
2024-09-19 19:00:00,162.85,162.9,162.51,162.61,1124,14,0
2024-09-20 13:00:00,162.69,163.22,162.57,162.82,874,14,0
2024-09-20 14:00:00,162.84,163.13,162.13,162.15,2186,14,0
2024-09-20 15:00:00,162.15,162.77,161.99,162.6,1697,14,0
2024-09-20 16:00:00,162.6,163.1,162.45,163.04,1106,14,0
2024-09-20 17:00:00,163.04,163.15,162.44,162.69,1271,7,0
2024-09-20 18:00:00,162.69,162.77,162.34,162.66,1014,14,0
2024-09-20 19:00:00,162.66,163.02,162.5,162.81,886,14,0
2024-09-23 13:00:00,164.11,164.6,163.65,164.14,1168,14,0
2024-09-23 14:00:00,164.17,164.4,163.33,164.07,1942,14,0
2024-09-23 15:00:00,164.07,164.14,163.51,163.53,1385,7,0
2024-09-23 16:00:00,163.53,163.53,162.57,162.59,1395,14,0
2024-09-23 17:00:00,162.59,162.86,162.13,162.75,1293,7,0
2024-09-23 18:00:00,162.75,162.88,162.46,162.66,955,14,0
2024-09-23 19:00:00,162.65,162.76,162.2,162.24,727,14,0
2024-09-24 13:00:00,162.22,162.26,161.27,161.29,794,14,0
2024-09-24 14:00:00,161.29,162.63,160.63,162.59,2297,14,0
2024-09-24 15:00:00,162.59,162.87,162.22,162.87,1364,14,0
2024-09-24 16:00:00,162.9,163.13,162.46,162.47,1082,14,0
2024-09-24 17:00:00,162.47,162.52,162.0,162.0,994,14,0
2024-09-24 18:00:00,162.0,162.38,161.85,162.27,913,14,0
2024-09-24 19:00:00,162.26,162.72,162.23,162.43,677,14,0
2024-09-25 13:00:00,161.71,162.39,161.65,162.37,775,14,0
2024-09-25 14:00:00,162.39,162.73,162.23,162.36,1617,14,0
2024-09-25 15:00:00,162.34,162.57,161.64,161.81,1170,14,0
2024-09-25 16:00:00,161.8,161.85,161.28,161.5,1083,14,0
2024-09-25 17:00:00,161.51,162.16,161.28,162.1,1366,14,0
2024-09-25 18:00:00,162.09,162.11,161.46,161.72,1065,7,0
2024-09-25 19:00:00,161.72,161.78,161.31,161.34,639,14,0
2024-09-26 13:00:00,163.15,163.7,162.98,163.56,898,14,0
2024-09-26 14:00:00,163.54,163.54,162.61,162.67,2251,14,0
2024-09-26 15:00:00,162.66,163.19,162.25,163.12,1684,14,0
2024-09-26 16:00:00,163.12,163.13,162.61,162.65,1151,14,0
2024-09-26 17:00:00,162.65,162.68,162.22,162.47,1145,14,0
2024-09-26 18:00:00,162.47,162.9,162.27,162.54,906,14,0
2024-09-26 19:00:00,162.52,162.94,162.31,162.77,759,14,0
2024-09-27 13:00:00,162.6,163.89,162.56,163.89,827,14,0
2024-09-27 14:00:00,163.9,165.62,163.89,165.18,2309,14,0
2024-09-27 15:00:00,165.16,165.31,163.81,163.95,1698,14,0
2024-09-27 16:00:00,163.96,164.46,163.9,164.28,1312,14,0
2024-09-27 17:00:00,164.28,164.55,164.2,164.53,1112,14,0
2024-09-27 18:00:00,164.53,164.66,163.66,164.08,1257,14,0
2024-09-27 19:00:00,164.08,164.4,163.84,163.85,860,14,0
2024-09-30 13:00:00,164.4,164.78,164.02,164.67,847,14,0
2024-09-30 14:00:00,164.65,164.65,163.52,163.58,1856,14,0
2024-09-30 15:00:00,163.59,164.57,163.53,164.41,1350,14,0
2024-09-30 16:00:00,164.41,164.91,164.37,164.76,1016,14,0
2024-09-30 17:00:00,164.76,164.79,164.29,164.7,941,14,0
2024-09-30 18:00:00,164.69,164.74,163.76,164.36,1638,14,0
2024-09-30 19:00:00,164.33,165.07,164.19,165.07,811,14,0
2024-10-01 13:00:00,167.17,167.17,165.71,166.12,1624,14,0
2024-10-01 14:00:00,166.13,166.36,164.57,165.47,3361,14,0
2024-10-01 15:00:00,165.48,166.25,164.54,165.84,2145,14,0
2024-10-01 16:00:00,165.81,166.48,165.45,166.19,2181,14,0
2024-10-01 17:00:00,166.19,167.2,165.65,167.17,2102,14,0
2024-10-01 18:00:00,167.15,167.76,167.15,167.73,1629,14,0
2024-10-01 19:00:00,167.73,167.83,167.08,167.52,1164,14,0
2024-10-02 13:00:00,165.73,165.81,164.92,165.44,1320,14,0
2024-10-02 14:00:00,165.46,165.68,164.82,165.02,2464,14,0
2024-10-02 15:00:00,165.03,165.77,164.67,165.01,1609,14,0
2024-10-02 16:00:00,165.04,165.52,164.98,165.35,1244,14,0
2024-10-02 17:00:00,165.33,165.72,165.14,165.65,1180,14,0
2024-10-02 18:00:00,165.65,165.84,165.32,165.66,955,14,0
2024-10-02 19:00:00,165.66,166.39,165.61,166.37,641,14,0
2024-10-03 13:00:00,164.12,165.02,164.1,164.74,879,14,0
2024-10-03 14:00:00,164.82,165.64,164.31,164.94,2935,14,0
2024-10-03 15:00:00,164.94,165.99,164.91,165.93,1635,14,0
2024-10-03 16:00:00,165.93,166.42,165.76,165.86,1503,14,0
2024-10-03 17:00:00,165.86,166.57,165.68,166.0,1447,14,0
2024-10-03 18:00:00,166.0,166.11,165.72,165.9,923,14,0
2024-10-03 19:00:00,165.9,166.08,165.68,165.85,678,14,0
2024-10-04 13:00:00,167.7,167.9,166.38,166.51,999,14,0
2024-10-04 14:00:00,166.49,166.87,165.57,166.22,2561,14,0
2024-10-04 15:00:00,166.22,166.62,165.41,166.31,1864,14,0
2024-10-04 16:00:00,166.33,166.41,165.87,166.25,1304,14,0
2024-10-04 17:00:00,166.25,166.33,165.7,165.8,1223,14,0
2024-10-04 18:00:00,165.83,166.17,165.64,166.1,1125,14,0
2024-10-04 19:00:00,166.09,166.72,165.97,166.71,795,14,0
2024-10-07 13:00:00,166.8,166.92,165.84,165.99,1002,14,0
2024-10-07 14:00:00,165.97,166.94,165.93,166.22,1905,14,0
2024-10-07 15:00:00,166.2,166.2,165.58,165.71,1343,14,0
2024-10-07 16:00:00,165.71,165.81,165.0,165.11,1170,14,0
2024-10-07 17:00:00,165.12,165.27,164.48,164.78,1094,14,0
2024-10-07 18:00:00,164.78,164.81,162.9,163.11,1970,14,0
2024-10-07 19:00:00,163.12,163.6,163.02,163.18,1351,14,0
2024-10-08 13:00:00,163.62,163.69,163.08,163.63,891,14,0
2024-10-08 14:00:00,163.65,164.66,163.65,163.99,2007,14,0
2024-10-08 15:00:00,164.0,164.23,163.72,164.04,1223,14,0
2024-10-08 16:00:00,164.04,164.04,163.29,163.64,1142,14,0
2024-10-08 17:00:00,163.64,163.71,162.89,163.01,1108,14,0
2024-10-08 18:00:00,163.02,163.3,162.81,163.23,761,14,0
2024-10-08 19:00:00,163.22,163.9,163.04,163.88,677,14,0
2024-10-09 13:00:00,164.2,164.42,161.12,161.55,1744,14,0
2024-10-09 14:00:00,161.53,162.16,159.69,161.71,3445,14,0
2024-10-09 15:00:00,161.69,162.03,160.97,162.03,1790,14,0
2024-10-09 16:00:00,162.02,162.02,160.51,160.54,1470,14,0
2024-10-09 17:00:00,160.54,160.93,160.27,160.45,1166,14,0
2024-10-09 18:00:00,160.48,160.97,160.16,160.78,1097,14,0
2024-10-09 19:00:00,160.78,161.41,160.48,161.24,845,14,0
2024-10-10 13:00:00,161.42,161.76,160.78,161.5,1036,14,0
2024-10-10 14:00:00,161.49,162.52,161.35,161.87,2169,14,0
2024-10-10 15:00:00,161.9,162.67,161.65,162.66,1201,14,0
2024-10-10 16:00:00,162.66,162.99,162.32,162.49,1233,14,0
2024-10-10 17:00:00,162.51,162.54,161.8,162.35,1216,14,0
2024-10-10 18:00:00,162.37,162.37,161.86,162.19,1101,14,0
2024-10-10 19:00:00,162.18,162.27,161.95,162.0,771,14,0
2024-10-11 13:00:00,161.52,162.37,161.17,162.31,863,14,0
2024-10-11 14:00:00,162.3,163.77,162.12,163.18,2136,14,0
2024-10-11 15:00:00,163.17,163.39,162.8,163.39,1116,14,0
2024-10-11 16:00:00,163.37,163.54,162.89,163.03,1028,14,0
2024-10-11 17:00:00,163.03,163.43,162.9,163.14,823,14,0
2024-10-11 18:00:00,163.14,163.47,163.08,163.42,621,14,0
2024-10-11 19:00:00,163.41,163.82,163.37,163.68,533,14,0
2024-10-14 13:00:00,164.72,166.15,164.51,165.93,935,14,0
2024-10-14 14:00:00,165.94,166.03,164.62,164.67,1853,14,0
2024-10-14 15:00:00,164.68,164.7,163.96,164.58,1444,14,0
2024-10-14 16:00:00,164.58,164.91,164.57,164.78,775,14,0
2024-10-14 17:00:00,164.78,165.03,164.64,164.8,702,14,0
2024-10-14 18:00:00,164.8,165.05,164.71,165.03,646,14,0
2024-10-14 19:00:00,165.03,165.49,164.9,165.42,606,14,0
2024-10-15 13:00:00,165.79,166.8,165.54,166.61,820,14,0
2024-10-15 14:00:00,166.63,167.61,164.99,165.04,2991,14,0
2024-10-15 15:00:00,165.02,166.1,164.84,165.53,1949,14,0
2024-10-15 16:00:00,165.53,166.19,165.4,166.17,1458,14,0
2024-10-15 17:00:00,166.17,166.26,165.1,165.41,1634,14,0
2024-10-15 18:00:00,165.41,165.67,164.98,165.03,789,14,0
2024-10-15 19:00:00,165.05,165.13,164.56,165.03,1221,14,0
2024-10-16 13:00:00,164.31,164.81,163.78,163.82,1032,14,0
2024-10-16 14:00:00,163.82,165.73,163.67,165.14,2193,14,0
2024-10-16 15:00:00,165.15,165.36,164.1,164.11,1481,14,0
2024-10-16 16:00:00,164.11,164.62,163.98,164.61,1177,14,0
2024-10-16 17:00:00,164.61,164.77,164.35,164.64,976,14,0
2024-10-16 18:00:00,164.64,165.06,164.54,164.78,931,14,0
2024-10-16 19:00:00,164.78,165.05,164.7,165.02,695,14,0
2024-10-17 13:00:00,164.83,165.05,164.16,164.23,967,14,0
2024-10-17 14:00:00,164.26,164.51,163.26,163.41,2223,14,0
2024-10-17 15:00:00,163.43,164.89,163.27,164.88,1372,14,0
2024-10-17 16:00:00,164.88,164.99,164.32,164.77,963,14,0
2024-10-17 17:00:00,164.77,165.01,163.46,163.58,2007,14,0
2024-10-17 18:00:00,163.58,163.58,162.9,163.54,1158,14,0
2024-10-17 19:00:00,163.54,163.57,162.87,163.08,746,14,0
2024-10-18 13:00:00,164.15,164.46,163.87,163.87,887,14,0
2024-10-18 14:00:00,163.88,164.63,163.33,163.38,2014,14,0
2024-10-18 15:00:00,163.38,163.72,163.15,163.22,1210,14,0
2024-10-18 16:00:00,163.22,164.02,163.15,163.81,983,14,0
2024-10-18 17:00:00,163.81,163.89,163.33,163.48,918,14,0
2024-10-18 18:00:00,163.46,163.83,163.3,163.83,870,14,0
2024-10-18 19:00:00,163.81,163.89,163.52,163.53,621,14,0
2024-10-21 13:00:00,163.97,163.97,163.41,163.8,694,14,0
2024-10-21 14:00:00,163.8,164.41,163.13,163.32,1834,14,0
2024-10-21 15:00:00,163.32,163.46,162.56,163.41,1536,14,0
2024-10-21 16:00:00,163.4,163.7,163.35,163.62,1016,14,0
2024-10-21 17:00:00,163.61,164.15,163.59,164.03,851,14,0
2024-10-21 18:00:00,164.03,164.07,163.69,163.75,742,14,0
2024-10-21 19:00:00,163.75,164.11,163.68,163.92,532,14,0
2024-10-22 13:00:00,164.66,165.2,164.4,165.18,958,14,0
2024-10-22 14:00:00,165.2,165.7,164.82,164.97,2049,14,0
2024-10-22 15:00:00,164.95,164.99,164.34,164.34,1166,14,0
2024-10-22 16:00:00,164.34,164.58,163.94,164.53,978,14,0
2024-10-22 17:00:00,164.53,164.99,164.26,164.97,980,14,0
2024-10-22 18:00:00,164.97,165.12,164.49,164.55,974,14,0
2024-10-22 19:00:00,164.55,164.79,164.48,164.73,570,14,0
2024-10-23 13:00:00,164.95,165.0,164.24,164.59,914,14,0
2024-10-23 14:00:00,164.59,164.62,163.71,163.76,2018,14,0
2024-10-23 15:00:00,163.78,163.81,162.11,162.75,1715,14,0
2024-10-23 16:00:00,162.74,163.0,162.29,162.83,1740,14,0
2024-10-23 17:00:00,162.83,162.84,162.12,162.21,1598,14,0
2024-10-23 18:00:00,162.2,162.63,161.86,162.54,1302,14,0
2024-10-23 19:00:00,162.54,162.93,162.45,162.79,928,14,0
2024-10-24 13:00:00,161.28,162.18,160.95,162.01,1028,14,0
2024-10-24 14:00:00,162.02,162.65,161.8,162.46,2175,14,0
2024-10-24 15:00:00,162.47,162.82,161.98,162.82,1595,14,0
2024-10-24 16:00:00,162.82,163.26,162.49,163.14,1455,14,0
2024-10-24 17:00:00,163.14,163.22,162.84,162.97,834,14,0
2024-10-24 18:00:00,162.98,163.07,162.61,162.66,883,14,0
2024-10-24 19:00:00,162.66,162.97,162.41,162.79,744,14,0
2024-10-25 13:00:00,163.4,165.37,163.4,165.23,843,14,0
2024-10-25 14:00:00,165.25,165.51,164.61,164.89,2201,14,0
2024-10-25 15:00:00,164.9,165.38,164.68,164.85,1620,14,0
2024-10-25 16:00:00,164.83,165.43,164.74,165.26,1102,14,0
2024-10-25 17:00:00,165.25,165.31,164.34,164.36,1454,14,0
2024-10-25 18:00:00,164.38,165.22,164.15,165.07,1601,14,0
2024-10-25 19:00:00,165.05,165.19,164.76,165.02,969,14,0
2024-10-28 13:00:00,166.9,167.3,166.2,166.95,1182,14,0
2024-10-28 14:00:00,166.91,168.0,166.89,167.22,2049,14,0
2024-10-28 15:00:00,167.22,167.29,163.86,166.75,3449,14,0
2024-10-28 16:00:00,166.76,166.8,166.04,166.52,1747,14,0
2024-10-28 17:00:00,166.54,166.88,166.28,166.78,1191,14,0
2024-10-28 18:00:00,166.78,167.27,166.65,167.11,1213,14,0
2024-10-28 19:00:00,167.06,167.23,166.66,166.86,830,14,0
2024-10-29 13:00:00,167.33,168.27,167.27,167.93,1014,14,0
2024-10-29 14:00:00,167.95,168.88,167.38,168.87,2031,14,0
2024-10-29 15:00:00,168.87,169.05,168.13,168.45,1560,14,0
2024-10-29 16:00:00,168.46,169.17,168.25,169.15,1285,14,0
2024-10-29 17:00:00,169.15,169.74,169.14,169.45,1298,14,0
2024-10-29 18:00:00,169.45,169.91,169.36,169.69,1081,14,0
2024-10-29 19:00:00,169.69,170.2,169.68,170.17,1000,14,0
2024-10-30 13:00:00,178.32,179.74,177.23,178.95,1996,14,0
2024-10-30 14:00:00,178.94,180.88,178.13,179.01,3757,14,0
2024-10-30 15:00:00,179.0,179.7,178.0,178.69,2728,14,0
2024-10-30 16:00:00,178.69,179.33,177.61,177.64,2142,14,0
2024-10-30 17:00:00,177.63,177.78,175.77,176.06,2313,14,0
2024-10-30 18:00:00,176.08,176.92,176.06,176.62,1809,14,0
2024-10-30 19:00:00,176.6,176.71,175.37,175.44,1585,14,0
2024-10-31 13:00:00,174.77,176.63,174.37,174.51,1735,14,0
2024-10-31 14:00:00,174.51,176.09,173.32,173.91,4102,14,0
2024-10-31 15:00:00,173.88,174.88,173.41,174.16,2960,14,0
2024-10-31 16:00:00,174.14,174.83,171.49,172.34,3702,14,0
2024-10-31 17:00:00,172.34,172.69,171.08,171.29,2242,14,0
2024-10-31 18:00:00,171.31,171.97,171.03,171.17,2096,14,0
2024-10-31 19:00:00,171.16,172.04,171.16,171.65,1484,14,0
2024-11-01 13:00:00,171.06,172.18,171.0,171.7,1214,14,0
2024-11-01 14:00:00,171.73,171.75,170.19,171.29,3119,14,0
2024-11-01 15:00:00,171.29,171.52,170.73,171.24,1991,14,0
2024-11-01 16:00:00,171.23,172.04,171.18,171.92,1591,14,0
2024-11-01 17:00:00,171.93,172.02,170.95,171.0,1832,14,0
2024-11-01 18:00:00,171.0,171.27,170.72,171.01,1487,14,0
2024-11-01 19:00:00,171.0,171.7,170.73,171.27,1438,14,0
2024-11-04 14:00:00,168.04,169.57,168.02,169.02,1180,14,0
2024-11-04 15:00:00,169.02,169.65,168.83,169.38,1862,14,0
2024-11-04 16:00:00,169.4,169.61,167.88,168.19,1699,14,0
2024-11-04 17:00:00,168.19,169.14,167.93,169.1,1433,14,0
2024-11-04 18:00:00,169.1,169.57,168.92,169.21,1378,8,0
2024-11-04 19:00:00,169.21,169.61,169.21,169.41,1064,14,0
2024-11-04 20:00:00,169.41,169.52,168.86,169.17,930,14,0
2024-11-05 14:00:00,169.47,169.73,168.7,169.6,1277,14,0
2024-11-05 15:00:00,169.64,169.97,168.96,169.18,2224,14,0
2024-11-05 16:00:00,169.16,169.81,169.08,169.37,1471,14,0
2024-11-05 17:00:00,169.38,170.38,169.37,170.11,1309,14,0
2024-11-05 18:00:00,170.12,170.25,169.49,169.56,1262,14,0
2024-11-05 19:00:00,169.55,169.87,169.46,169.66,1208,8,0
2024-11-05 20:00:00,169.65,169.9,169.53,169.53,892,14,0
2024-11-06 14:00:00,174.36,175.41,173.88,174.56,1785,14,0
2024-11-06 15:00:00,174.6,176.44,174.41,174.9,3322,14,0
2024-11-06 16:00:00,174.89,175.66,174.5,175.37,2110,14,0
2024-11-06 17:00:00,175.35,175.41,174.89,174.89,1528,14,0
2024-11-06 18:00:00,174.89,175.97,174.85,175.84,1433,14,0
2024-11-06 19:00:00,175.85,176.33,175.79,176.28,1285,14,0
2024-11-06 20:00:00,176.26,176.44,176.08,176.41,1118,14,0
2024-11-07 14:00:00,178.64,178.8,177.69,178.26,948,14,0
2024-11-07 15:00:00,178.25,178.63,177.49,178.62,2181,14,0
2024-11-07 16:00:00,178.62,179.8,178.51,179.78,1416,14,0
2024-11-07 17:00:00,179.78,179.81,179.02,179.44,1321,14,0
2024-11-07 18:00:00,179.42,179.6,179.11,179.59,1208,14,0
2024-11-07 19:00:00,179.59,180.68,179.46,180.67,1680,14,0
2024-11-07 20:00:00,180.69,180.93,180.35,180.4,1243,14,0
2024-11-08 14:00:00,179.37,179.82,179.02,179.19,1109,14,0
2024-11-08 15:00:00,179.17,179.7,178.11,178.17,2136,14,0
2024-11-08 16:00:00,178.17,178.93,177.92,178.91,1411,14,0
2024-11-08 17:00:00,178.91,178.94,178.55,178.75,993,14,0
2024-11-08 18:00:00,178.76,178.8,178.15,178.76,923,14,0
2024-11-08 19:00:00,178.73,179.13,178.43,179.06,799,14,0
2024-11-08 20:00:00,179.06,179.07,178.26,178.4,857,14,0
2024-11-11 14:00:00,178.99,179.49,178.75,179.35,1285,14,0
2024-11-11 15:00:00,179.37,180.06,179.22,179.54,2058,14,0
2024-11-11 16:00:00,179.56,179.95,179.17,179.78,1180,14,0
2024-11-11 17:00:00,179.77,180.1,179.62,179.74,1142,14,0
2024-11-11 18:00:00,179.71,180.13,179.23,180.12,1123,14,0
2024-11-11 19:00:00,180.12,180.39,180.02,180.12,893,14,0
2024-11-11 20:00:00,180.12,180.15,179.83,180.01,749,14,0
2024-11-12 14:00:00,180.77,181.67,180.73,181.62,1078,14,0
2024-11-12 15:00:00,181.64,181.69,179.39,179.58,2166,14,0
2024-11-12 16:00:00,179.58,180.04,179.3,179.92,1512,14,0
2024-11-12 17:00:00,179.91,181.0,179.75,180.32,1252,14,0
2024-11-12 18:00:00,180.33,181.19,180.23,181.11,1276,14,0
2024-11-12 19:00:00,181.09,182.08,181.09,181.87,1241,14,0
2024-11-12 20:00:00,181.85,182.31,181.75,182.3,984,14,0
2024-11-13 14:00:00,179.25,179.84,178.96,179.33,941,14,0
2024-11-13 15:00:00,179.32,179.5,178.62,179.12,2046,14,0
2024-11-13 16:00:00,179.14,179.62,178.97,179.28,1428,14,0
2024-11-13 17:00:00,179.26,179.97,179.02,179.18,1311,14,0
2024-11-13 18:00:00,179.18,179.81,178.87,179.71,946,14,0
2024-11-13 19:00:00,179.71,179.76,178.99,179.01,1328,14,0
2024-11-13 20:00:00,178.99,179.23,178.8,178.87,1064,14,0
2024-11-14 14:00:00,177.61,177.65,176.07,176.26,1075,14,0
2024-11-14 15:00:00,176.24,176.87,175.55,175.69,2082,14,0
2024-11-14 16:00:00,175.67,175.71,174.2,174.42,1852,14,0
2024-11-14 17:00:00,174.43,175.01,174.16,174.96,1634,14,0
2024-11-14 18:00:00,174.94,175.34,174.6,174.64,1218,14,0
2024-11-14 19:00:00,174.63,175.45,174.63,175.25,1254,14,0
2024-11-14 20:00:00,175.25,175.81,174.95,175.17,1510,14,0
2024-11-15 14:00:00,173.46,173.73,172.99,173.27,930,14,0
2024-11-15 15:00:00,173.3,173.53,171.33,171.46,2745,14,0
2024-11-15 16:00:00,171.46,172.15,171.17,171.86,1945,14,0
2024-11-15 17:00:00,171.84,172.08,171.35,171.73,1518,14,0
2024-11-15 18:00:00,171.73,172.0,171.05,171.34,1468,14,0
2024-11-15 19:00:00,171.34,172.1,171.33,171.82,1309,14,0
2024-11-15 20:00:00,171.82,172.38,171.59,171.6,1047,14,0
2024-11-18 14:00:00,173.47,173.69,173.05,173.07,808,14,0
2024-11-18 15:00:00,173.08,174.01,172.73,173.91,1528,14,0
2024-11-18 16:00:00,173.91,174.42,173.77,174.23,1260,14,0
2024-11-18 17:00:00,174.23,174.24,173.25,173.77,1042,14,0
2024-11-18 18:00:00,173.76,175.13,173.75,174.58,1311,14,0
2024-11-18 19:00:00,174.58,175.06,174.29,175.04,941,14,0
2024-11-18 20:00:00,175.04,175.25,174.96,175.07,716,14,0
2024-11-19 14:00:00,175.11,176.9,175.11,175.78,1303,14,0
2024-11-19 15:00:00,175.8,175.91,174.47,175.74,2292,14,0
2024-11-19 16:00:00,175.74,176.98,175.71,176.69,1273,14,0
2024-11-19 17:00:00,176.69,177.04,176.19,176.97,1069,14,0
2024-11-19 18:00:00,176.97,178.2,176.85,177.83,970,14,0
2024-11-19 19:00:00,177.84,178.21,177.29,177.69,1044,14,0
2024-11-19 20:00:00,177.69,178.4,177.38,178.4,777,14,0
2024-11-20 14:00:00,176.51,176.53,175.0,175.05,996,14,0
2024-11-20 15:00:00,175.04,175.39,173.61,174.79,2657,14,0
2024-11-20 16:00:00,174.78,175.4,174.14,175.24,1774,14,0
2024-11-20 17:00:00,175.24,175.43,174.42,174.58,1413,14,0
2024-11-20 18:00:00,174.58,174.99,174.3,174.6,1389,14,0
2024-11-20 19:00:00,174.6,174.87,174.33,174.46,1180,14,0
2024-11-20 20:00:00,174.47,175.66,174.27,175.4,1043,14,0
2024-11-21 14:00:00,168.83,169.28,166.67,167.21,2730,14,0
2024-11-21 15:00:00,167.22,167.31,163.52,165.1,4587,14,0
2024-11-21 16:00:00,165.1,165.29,163.76,164.44,3262,14,0
2024-11-21 17:00:00,164.44,166.6,164.43,166.17,2693,14,0
2024-11-21 18:00:00,166.19,166.85,165.43,165.81,2253,14,0
2024-11-21 19:00:00,165.81,166.4,165.23,166.22,1794,14,0
2024-11-21 20:00:00,166.2,167.45,166.15,167.44,1360,14,0
2024-11-22 14:00:00,165.19,166.24,164.93,165.77,1609,14,0
2024-11-22 15:00:00,165.7,165.88,164.52,165.3,2871,14,0
2024-11-22 16:00:00,165.29,165.33,164.13,164.25,2132,14,0
2024-11-22 17:00:00,164.25,165.1,164.16,164.92,1408,14,0
2024-11-22 18:00:00,164.92,165.36,164.52,164.71,1191,14,0
2024-11-22 19:00:00,164.73,165.03,164.53,164.95,1088,14,0
2024-11-22 20:00:00,164.93,165.18,164.64,164.76,951,14,0
2024-11-25 14:00:00,167.57,168.42,166.9,167.66,1476,14,0
2024-11-25 15:00:00,167.64,168.21,166.97,167.33,2871,14,0
2024-11-25 16:00:00,167.34,168.02,167.19,167.35,1697,14,0
2024-11-25 17:00:00,167.35,167.42,166.04,166.52,1708,14,0
2024-11-25 18:00:00,166.52,167.51,166.46,167.21,1282,14,0
2024-11-25 19:00:00,167.21,167.31,166.84,167.27,1164,14,0
2024-11-25 20:00:00,167.28,167.63,167.2,167.57,886,14,0
2024-11-26 14:00:00,168.58,168.89,168.26,168.75,1095,14,0
2024-11-26 15:00:00,168.73,168.86,167.49,168.11,2345,14,0
2024-11-26 16:00:00,168.13,168.94,168.11,168.87,1492,14,0
2024-11-26 17:00:00,168.86,169.33,168.63,169.29,1031,14,0
2024-11-26 18:00:00,169.3,169.6,169.09,169.38,911,14,0
2024-11-26 19:00:00,169.38,169.52,168.91,169.27,1217,14,0
2024-11-26 20:00:00,169.24,169.24,168.86,169.02,850,14,0
2024-11-27 14:00:00,168.93,169.19,168.41,168.79,960,14,0
2024-11-27 15:00:00,168.76,168.98,168.32,168.69,2126,14,0
2024-11-27 16:00:00,168.71,169.06,168.37,168.63,1540,14,0
2024-11-27 17:00:00,168.63,168.87,168.24,168.73,1138,14,0
2024-11-27 18:00:00,168.73,169.26,168.69,168.95,826,14,0
2024-11-27 19:00:00,168.95,169.11,168.79,168.79,738,14,0
2024-11-27 20:00:00,168.79,169.12,168.79,169.04,657,14,0
2024-11-29 14:00:00,167.16,168.18,167.13,168.17,812,14,0
2024-11-29 15:00:00,168.17,168.58,167.65,168.05,1775,14,0
2024-11-29 16:00:00,168.05,168.92,168.04,168.8,1121,14,0
2024-11-29 17:00:00,168.78,169.08,168.1,168.7,1296,14,0
2024-12-02 14:00:00,170.27,170.98,169.85,170.98,1010,14,0
2024-12-02 15:00:00,170.95,171.74,170.57,170.75,2356,14,0
2024-12-02 16:00:00,170.75,171.55,170.46,171.52,1224,14,0
2024-12-02 17:00:00,171.52,171.73,171.15,171.19,938,14,0
2024-12-02 18:00:00,171.17,171.27,170.79,171.19,854,14,0
2024-12-02 19:00:00,171.19,171.31,170.95,171.14,837,14,0
2024-12-02 20:00:00,171.13,171.57,170.78,171.51,771,14,0
2024-12-03 14:00:00,171.66,171.94,171.14,171.42,930,14,0
2024-12-03 15:00:00,171.4,171.97,170.66,171.45,2173,14,0
2024-12-03 16:00:00,171.46,171.93,171.31,171.37,1442,14,0
2024-12-03 17:00:00,171.37,171.44,170.84,171.15,900,14,0
2024-12-03 18:00:00,171.13,171.27,170.82,170.97,742,14,0
2024-12-03 19:00:00,170.97,171.2,170.87,171.14,663,14,0
2024-12-03 20:00:00,171.14,171.18,170.61,170.75,674,14,0
2024-12-04 14:00:00,172.21,173.03,172.05,172.85,798,14,0
2024-12-04 15:00:00,172.82,173.9,172.0,173.72,2566,14,0
2024-12-04 16:00:00,173.73,173.8,173.08,173.31,1433,14,0
2024-12-04 17:00:00,173.31,173.79,172.6,173.74,1424,14,0
2024-12-04 18:00:00,173.74,174.35,173.73,174.12,1052,14,0
2024-12-04 19:00:00,174.14,174.43,173.96,174.42,972,14,0
2024-12-04 20:00:00,174.42,174.64,174.3,174.32,702,14,0
2024-12-05 14:00:00,174.05,174.21,173.65,174.09,931,14,0
2024-12-05 15:00:00,174.11,174.61,173.17,173.46,1848,14,0
2024-12-05 16:00:00,173.45,173.86,173.21,173.42,1193,14,0
2024-12-05 17:00:00,173.42,173.8,173.08,173.12,898,14,0
2024-12-05 18:00:00,173.12,173.58,172.92,173.38,1042,14,0
2024-12-05 19:00:00,173.36,173.44,172.97,173.05,725,14,0
2024-12-05 20:00:00,173.03,173.15,172.54,173.1,656,14,0
2024-12-06 14:00:00,172.5,173.86,172.45,173.57,982,14,0
2024-12-06 15:00:00,173.59,174.38,173.36,173.85,2091,14,0
2024-12-06 16:00:00,173.85,174.81,173.8,174.45,1384,14,0
2024-12-06 17:00:00,174.45,174.54,174.03,174.34,1019,14,0
2024-12-06 18:00:00,174.34,174.76,174.24,174.5,882,14,0
2024-12-06 19:00:00,174.5,174.58,173.99,174.22,920,14,0
2024-12-06 20:00:00,174.22,174.49,174.04,174.2,664,14,0
2024-12-09 14:00:00,174.72,175.11,174.34,174.67,888,14,0
2024-12-09 15:00:00,174.66,174.95,173.9,174.26,2280,14,0
2024-12-09 16:00:00,174.24,175.98,174.15,175.8,2017,14,0
2024-12-09 17:00:00,175.77,176.18,175.58,175.91,1361,14,0
2024-12-09 18:00:00,175.91,176.08,175.61,175.72,1095,14,0
2024-12-09 19:00:00,175.73,175.78,174.81,175.19,1084,14,0
2024-12-09 20:00:00,175.19,175.45,174.88,175.14,1072,14,0
2024-12-10 14:00:00,183.86,186.28,183.19,184.1,2982,14,0
2024-12-10 15:00:00,184.13,185.39,181.79,181.95,4752,14,0
2024-12-10 16:00:00,181.97,183.17,180.98,183.09,3219,14,0
2024-12-10 17:00:00,183.09,183.98,182.85,183.5,2173,14,0
2024-12-10 18:00:00,183.51,184.79,183.48,184.48,1713,14,0
2024-12-10 19:00:00,184.48,184.92,183.64,184.27,1650,14,0
2024-12-10 20:00:00,184.27,185.29,183.72,185.21,1397,14,0
2024-12-11 14:00:00,190.47,192.92,189.01,192.91,2040,14,0
2024-12-11 15:00:00,192.94,193.6,191.49,193.06,4355,14,0
2024-12-11 16:00:00,193.04,193.04,191.04,192.58,3327,14,0
2024-12-11 17:00:00,192.58,195.35,192.52,194.83,2838,14,0
2024-12-11 18:00:00,194.81,194.81,193.18,193.42,2290,14,0
2024-12-11 19:00:00,193.42,193.77,192.36,192.99,1940,14,0
2024-12-11 20:00:00,192.99,194.72,192.96,194.57,1489,14,0
2024-12-12 14:00:00,194.3,195.06,193.63,194.07,1138,14,0
2024-12-12 15:00:00,194.06,194.87,192.38,193.63,2805,14,0
2024-12-12 16:00:00,193.63,194.92,193.47,194.17,2029,14,0
2024-12-12 17:00:00,194.15,195.02,194.08,194.63,1469,14,0
2024-12-12 18:00:00,194.63,194.67,193.73,194.24,1136,14,0
2024-12-12 19:00:00,194.24,194.42,193.01,193.37,1248,14,0
2024-12-12 20:00:00,193.37,193.72,192.33,192.51,1178,14,0
2024-12-13 14:00:00,192.02,192.65,191.42,191.83,1249,14,0
2024-12-13 15:00:00,191.86,191.92,190.57,190.68,2560,14,0
2024-12-13 16:00:00,190.68,191.43,190.06,191.07,2386,14,0
2024-12-13 17:00:00,191.04,191.66,190.86,190.92,1638,14,0
2024-12-13 18:00:00,190.94,191.41,190.74,191.39,1177,14,0
2024-12-13 19:00:00,191.4,191.59,190.87,190.98,1145,14,0
2024-12-13 20:00:00,190.98,191.07,190.38,190.57,843,14,0
2024-12-16 14:00:00,194.85,194.85,193.07,194.3,1414,14,0
2024-12-16 15:00:00,194.33,197.5,192.72,196.55,3139,14,0
2024-12-16 16:00:00,196.52,197.86,196.38,197.04,2277,14,0
2024-12-16 17:00:00,197.04,198.19,196.96,197.99,1758,14,0
2024-12-16 18:00:00,197.97,198.92,197.61,198.82,1880,14,0
2024-12-16 19:00:00,198.82,198.82,197.21,197.35,1538,14,0
2024-12-16 20:00:00,197.35,198.3,197.2,197.58,1266,14,0
2024-12-17 14:00:00,198.46,201.29,198.07,199.74,1625,14,0
2024-12-17 15:00:00,199.78,200.14,195.71,196.99,3701,14,0
2024-12-17 16:00:00,196.99,198.15,196.57,196.84,2733,14,0
2024-12-17 17:00:00,196.84,197.12,195.87,197.04,1980,14,0
2024-12-17 18:00:00,197.04,197.92,196.63,197.24,1635,14,0
2024-12-17 19:00:00,197.24,197.25,195.84,195.85,1424,14,0
2024-12-17 20:00:00,195.84,196.08,195.18,195.52,1274,14,0
2024-12-18 14:00:00,193.69,195.11,193.17,194.88,1103,22,0
2024-12-18 15:00:00,194.9,196.04,194.0,195.39,2140,14,0
2024-12-18 16:00:00,195.42,195.83,194.86,195.49,1680,14,0
2024-12-18 17:00:00,195.49,195.88,195.24,195.5,1359,14,0
2024-12-18 18:00:00,195.5,195.64,195.15,195.18,1037,14,0
2024-12-18 19:00:00,195.19,195.19,191.94,192.13,3276,14,0
2024-12-18 20:00:00,192.15,192.35,187.67,187.98,3774,14,0
2024-12-19 14:00:00,191.99,192.12,190.22,191.36,1551,14,0
2024-12-19 15:00:00,191.39,192.09,189.24,190.88,3510,14,0
2024-12-19 16:00:00,190.86,191.5,189.81,191.17,3022,14,0
2024-12-19 17:00:00,191.17,191.28,189.75,190.86,2551,14,0
2024-12-19 18:00:00,190.86,190.9,190.1,190.9,2089,14,0
2024-12-19 19:00:00,190.89,190.95,189.7,189.79,1893,14,0
2024-12-19 20:00:00,189.8,190.02,188.81,189.41,1992,14,0
2024-12-20 14:00:00,186.82,186.86,185.49,185.75,1216,14,0
2024-12-20 15:00:00,185.84,189.53,185.77,188.91,3378,14,0
2024-12-20 16:00:00,188.91,192.16,188.84,191.97,3112,14,0
2024-12-20 17:00:00,191.98,192.32,191.56,192.07,2213,14,0
2024-12-20 18:00:00,192.07,192.17,190.66,191.6,2035,14,0
2024-12-20 19:00:00,191.62,192.82,191.2,192.32,1833,14,0
2024-12-20 20:00:00,192.32,192.54,191.43,191.81,1784,14,0
2024-12-23 14:00:00,192.52,192.54,191.13,192.0,1091,14,0
2024-12-23 15:00:00,191.96,192.05,190.05,191.29,2656,14,0
2024-12-23 16:00:00,191.26,193.96,191.25,193.76,2132,14,0
2024-12-23 17:00:00,193.75,194.08,193.17,193.46,1809,14,0
2024-12-23 18:00:00,193.46,194.36,193.36,194.07,1795,14,0
2024-12-23 19:00:00,194.05,194.72,194.02,194.1,1478,14,0
2024-12-23 20:00:00,194.12,194.28,193.66,194.16,1562,14,0
2024-12-24 14:00:00,194.59,195.47,194.35,195.32,873,14,0
2024-12-24 15:00:00,195.32,195.79,194.67,195.54,2027,14,0
2024-12-24 16:00:00,195.54,195.73,195.13,195.3,1362,14,0
2024-12-24 17:00:00,195.32,195.96,195.0,195.94,1623,14,0
2024-12-26 14:00:00,195.38,195.51,194.26,195.05,890,14,0
2024-12-26 15:00:00,195.05,196.58,194.91,196.5,1866,14,0
2024-12-26 16:00:00,196.52,196.65,195.58,195.92,1372,14,0
2024-12-26 17:00:00,195.92,196.09,195.29,195.69,1216,14,0
2024-12-26 18:00:00,195.7,196.18,195.66,195.89,1235,14,0
2024-12-26 19:00:00,195.88,196.31,195.69,196.23,1080,14,0
2024-12-26 20:00:00,196.21,196.45,196.03,196.18,907,14,0
2024-12-27 14:00:00,193.03,193.65,192.37,193.02,1099,14,0
2024-12-27 15:00:00,193.06,193.09,190.59,191.66,3403,14,0
2024-12-27 16:00:00,191.64,192.12,190.82,190.99,2239,14,0
2024-12-27 17:00:00,191.0,191.27,190.59,191.05,1982,14,0
2024-12-27 18:00:00,191.05,192.74,191.0,192.64,1584,14,0
2024-12-27 19:00:00,192.62,193.19,192.32,192.97,1479,14,0
2024-12-27 20:00:00,192.94,192.95,192.0,192.04,1312,14,0
2024-12-30 14:00:00,190.19,190.65,189.47,189.99,1033,14,0
2024-12-30 15:00:00,189.97,191.54,189.64,190.95,3447,14,0
2024-12-30 16:00:00,190.93,191.73,190.63,191.45,2172,14,0
2024-12-30 17:00:00,191.43,192.45,191.32,192.36,1852,14,0
2024-12-30 18:00:00,192.35,192.48,191.68,192.24,1961,14,0
2024-12-30 19:00:00,192.23,192.35,191.6,192.24,1605,14,0
2024-12-30 20:00:00,192.24,192.33,191.73,191.94,1341,14,0
2024-12-31 14:00:00,190.84,191.86,190.53,191.68,1108,14,0
2024-12-31 15:00:00,191.67,191.88,190.71,191.31,2680,14,0
2024-12-31 16:00:00,191.32,191.33,190.45,190.69,2029,14,0
2024-12-31 17:00:00,190.69,190.81,189.64,190.43,1855,14,0
2024-12-31 18:00:00,190.4,190.49,189.39,189.52,2050,14,0
2024-12-31 19:00:00,189.52,190.28,189.43,189.94,1979,14,0
2024-12-31 20:00:00,189.95,190.4,189.37,190.07,1658,14,0
2025-01-02 14:00:00,188.79,191.16,188.59,190.97,1227,14,0
2025-01-02 15:00:00,191.01,191.88,189.35,190.1,3625,14,0
2025-01-02 16:00:00,190.09,190.75,189.36,190.17,2760,14,0
2025-01-02 17:00:00,190.19,190.58,187.43,188.45,3194,14,0
2025-01-02 18:00:00,188.45,188.8,187.94,188.63,3008,14,0
2025-01-02 19:00:00,188.62,189.22,188.41,188.45,2468,14,0
2025-01-02 20:00:00,188.45,189.48,188.45,189.08,1810,14,0
2025-01-03 14:00:00,193.08,193.13,191.03,191.36,1983,14,0
2025-01-03 15:00:00,191.36,191.89,189.91,190.67,4536,14,0
2025-01-03 16:00:00,190.68,192.35,190.26,191.96,2388,14,0
2025-01-03 17:00:00,191.98,192.37,191.56,191.87,1786,14,0
2025-01-03 18:00:00,191.87,192.3,191.69,191.86,1342,14,0
2025-01-03 19:00:00,191.83,192.62,191.76,192.22,1279,14,0
2025-01-03 20:00:00,192.2,192.2,191.7,191.7,985,14,0
2025-01-06 14:00:00,196.73,198.09,195.23,195.51,1976,14,0
2025-01-06 15:00:00,195.48,197.4,195.09,197.25,3794,14,0
2025-01-06 16:00:00,197.25,198.01,197.18,197.65,2025,14,0
2025-01-06 17:00:00,197.65,197.81,197.13,197.38,1736,14,0
2025-01-06 18:00:00,197.38,197.7,196.55,196.56,1961,14,0
2025-01-06 19:00:00,196.55,196.63,195.36,195.43,1891,14,0
2025-01-06 20:00:00,195.42,196.36,195.31,195.96,1335,14,0
2025-01-07 14:00:00,197.43,200.87,197.27,200.42,1874,14,0
2025-01-07 15:00:00,200.3,200.3,196.25,198.18,6059,14,0
2025-01-07 16:00:00,198.2,198.32,195.82,195.95,3453,14,0
2025-01-07 17:00:00,195.97,196.72,195.21,195.72,2249,14,0
2025-01-07 18:00:00,195.71,196.31,195.49,196.0,1826,14,0
2025-01-07 19:00:00,195.98,196.48,195.74,195.9,1417,14,0
2025-01-07 20:00:00,195.89,196.25,194.54,195.2,1662,14,0
2025-01-08 14:00:00,194.0,195.34,193.15,195.25,2938,14,0
2025-01-08 15:00:00,195.23,196.24,193.94,194.38,4385,14,0
2025-01-08 16:00:00,194.38,195.4,193.57,195.27,2387,14,0
2025-01-08 17:00:00,195.27,195.38,193.86,194.69,2322,14,0
2025-01-08 18:00:00,194.67,195.78,194.61,194.71,1922,14,0
2025-01-08 19:00:00,194.75,195.6,194.28,194.43,2319,14,0
2025-01-08 20:00:00,194.45,194.51,193.37,193.8,1353,14,0
2025-01-10 14:00:00,192.93,193.58,191.52,191.85,2449,14,0
2025-01-10 15:00:00,191.74,194.35,190.24,193.46,5722,14,0
2025-01-10 16:00:00,193.48,193.6,191.97,192.19,3519,14,0
2025-01-10 17:00:00,192.22,193.55,191.46,193.51,2373,14,0
2025-01-10 18:00:00,193.49,194.88,193.0,194.81,2228,14,0
2025-01-10 19:00:00,194.83,194.83,193.03,193.22,2093,14,0
2025-01-10 20:00:00,193.2,193.31,191.77,192.1,1664,14,0
2025-01-13 14:00:00,187.82,189.42,187.59,189.3,2381,14,0
2025-01-13 15:00:00,189.32,190.19,188.91,189.54,3635,14,0
2025-01-13 16:00:00,189.57,190.09,188.75,188.88,2621,14,0
2025-01-13 17:00:00,188.88,190.09,188.77,190.03,2290,14,0
2025-01-13 18:00:00,190.02,190.53,189.73,190.51,1792,14,0
2025-01-13 19:00:00,190.52,190.96,190.24,190.73,1681,14,0
2025-01-13 20:00:00,190.71,190.88,190.39,190.77,1293,14,0
2025-01-14 14:00:00,191.16,191.45,190.54,190.72,1057,14,0
2025-01-14 15:00:00,190.74,191.86,190.4,190.8,2539,14,0
2025-01-14 16:00:00,190.82,191.05,189.22,189.24,2340,14,0
2025-01-14 17:00:00,189.24,189.82,188.93,189.2,1721,14,0
2025-01-14 18:00:00,189.19,190.51,189.09,190.38,1321,14,0
2025-01-14 19:00:00,190.36,190.53,188.99,189.08,1301,14,0
2025-01-14 20:00:00,189.07,189.17,188.25,188.87,1821,14,0
2025-01-15 14:00:00,192.04,193.34,191.77,193.04,1114,14,0
2025-01-15 15:00:00,193.03,194.7,192.98,193.69,2685,14,0
2025-01-15 16:00:00,193.71,194.61,193.29,193.38,2165,14,0
2025-01-15 17:00:00,193.38,194.27,193.25,194.03,1493,14,0
2025-01-15 18:00:00,194.04,195.41,194.04,195.3,1149,14,0
2025-01-15 19:00:00,195.3,196.28,195.25,195.85,1122,14,0
2025-01-15 20:00:00,195.88,195.96,195.5,195.6,858,14,0
2025-01-16 14:00:00,194.2,194.42,193.44,194.04,1036,14,0
2025-01-16 15:00:00,194.05,195.16,193.48,195.16,2511,14,0
2025-01-16 16:00:00,195.15,195.4,194.38,194.63,2025,14,0
2025-01-16 17:00:00,194.61,194.63,193.99,194.2,1432,14,0
2025-01-16 18:00:00,194.19,194.37,193.25,193.62,1495,14,0
2025-01-16 19:00:00,193.62,194.15,193.46,194.08,1097,14,0
2025-01-16 20:00:00,194.06,194.21,193.48,193.6,946,14,0
2025-01-17 14:00:00,194.45,194.84,193.72,193.95,1001,14,0
2025-01-17 15:00:00,193.95,195.51,193.67,195.49,2431,14,0
2025-01-17 16:00:00,195.49,196.12,195.28,195.56,1553,14,0
2025-01-17 17:00:00,195.54,196.44,195.47,196.41,1018,14,0
2025-01-17 18:00:00,196.41,197.15,195.92,196.07,1235,14,0
2025-01-17 19:00:00,196.07,196.16,195.69,195.78,997,14,0
2025-01-17 20:00:00,195.77,196.26,195.55,196.22,811,14,0
2025-01-21 14:00:00,199.18,199.63,197.96,199.24,1488,14,0
2025-01-21 15:00:00,199.19,200.15,198.02,198.97,2880,14,0
2025-01-21 16:00:00,198.97,199.27,197.81,199.07,2065,14,0
2025-01-21 17:00:00,199.07,199.92,198.72,199.69,1474,14,0
2025-01-21 18:00:00,199.66,199.86,199.28,199.57,1243,14,0
2025-01-21 19:00:00,199.57,199.72,198.8,199.12,1105,14,0
2025-01-21 20:00:00,199.12,199.21,198.47,198.54,902,14,0
2025-01-22 14:00:00,200.04,200.37,199.32,199.89,1110,14,0
2025-01-22 15:00:00,199.86,200.03,198.87,198.99,2450,14,0
2025-01-22 16:00:00,198.98,200.23,198.91,199.73,1494,14,0
2025-01-22 17:00:00,199.73,200.24,199.39,199.52,1283,14,0
2025-01-22 18:00:00,199.52,199.65,198.35,198.45,1338,14,0
2025-01-22 19:00:00,198.45,198.47,197.56,197.6,1148,14,0
2025-01-22 20:00:00,197.6,198.06,197.47,197.95,951,14,0
2025-01-23 14:00:00,199.3,199.41,198.07,198.46,933,14,0
2025-01-23 15:00:00,198.43,199.71,197.67,199.64,2013,14,0
2025-01-23 16:00:00,199.64,200.22,199.19,199.71,1734,14,0
2025-01-23 17:00:00,199.69,199.69,198.97,199.31,1192,14,0
2025-01-23 18:00:00,199.31,199.54,195.69,196.53,1832,14,0
2025-01-23 19:00:00,196.51,197.1,195.11,196.84,2145,14,0
2025-01-23 20:00:00,196.84,197.23,196.66,196.76,1194,14,0
2025-01-24 14:00:00,199.23,200.12,199.11,199.53,880,22,0
2025-01-24 15:00:00,199.48,199.64,198.36,198.55,2157,14,0
2025-01-24 16:00:00,198.53,199.61,198.27,199.25,1374,14,0
2025-01-24 17:00:00,199.25,199.86,198.72,199.77,1368,14,0
2025-01-24 18:00:00,199.77,200.02,199.6,199.88,1390,14,0
2025-01-24 19:00:00,199.85,200.83,199.68,200.0,1474,14,0
2025-01-24 20:00:00,199.99,200.2,199.69,199.8,1030,14,0
2025-01-27 14:00:00,194.4,194.55,192.91,194.17,1675,14,0
2025-01-27 15:00:00,194.12,196.76,193.33,195.74,3676,14,0
2025-01-27 16:00:00,195.78,195.85,193.29,193.48,2970,14,0
2025-01-27 17:00:00,193.51,194.2,193.16,193.37,2508,14,0
2025-01-27 18:00:00,193.39,193.68,192.96,193.01,2308,14,0
2025-01-27 19:00:00,193.02,193.92,191.28,191.49,2275,14,0
2025-01-27 20:00:00,191.48,191.84,190.67,191.65,1907,14,0
2025-01-28 14:00:00,191.76,192.36,190.58,192.2,1277,14,0
2025-01-28 15:00:00,192.2,195.28,192.09,195.19,3082,14,0
2025-01-28 16:00:00,195.21,195.33,193.95,194.76,2277,14,0
2025-01-28 17:00:00,194.76,195.3,194.57,194.8,1481,14,0
2025-01-28 18:00:00,194.77,195.16,194.66,194.94,1196,14,0
2025-01-28 19:00:00,194.94,195.01,194.64,194.73,1191,14,0
2025-01-28 20:00:00,194.73,195.41,194.73,195.31,1053,14,0
2025-01-29 14:00:00,194.32,194.53,193.39,193.63,930,14,0
2025-01-29 15:00:00,193.65,194.77,193.33,194.62,2446,14,0
2025-01-29 16:00:00,194.63,195.18,194.31,194.84,1855,14,0
2025-01-29 17:00:00,194.84,195.27,194.62,194.75,1440,14,0
2025-01-29 18:00:00,194.74,195.15,194.17,194.97,1936,14,0
2025-01-29 19:00:00,194.95,196.37,194.59,196.12,2798,14,0
2025-01-29 20:00:00,196.09,196.7,195.66,195.77,2222,14,0
2025-01-30 14:00:00,199.49,201.31,199.42,200.51,1222,14,0
2025-01-30 15:00:00,200.51,200.51,197.82,197.82,2919,14,0
2025-01-30 16:00:00,197.82,200.22,197.58,200.02,2504,14,0
2025-01-30 17:00:00,200.03,200.05,199.09,199.42,1800,14,0
2025-01-30 18:00:00,199.43,200.58,199.3,200.45,1392,14,0
2025-01-30 19:00:00,200.45,200.59,199.97,200.53,1243,14,0
2025-01-30 20:00:00,200.53,201.3,200.17,200.42,1429,14,0
2025-01-31 14:00:00,203.8,204.71,203.17,204.59,1086,14,0
2025-01-31 15:00:00,204.55,204.94,203.65,204.75,2716,14,0
2025-01-31 16:00:00,204.75,205.09,204.28,204.6,2081,14,0
2025-01-31 17:00:00,204.61,204.82,204.16,204.65,1591,14,0
2025-01-31 18:00:00,204.65,205.39,204.23,205.0,2622,14,0
2025-01-31 19:00:00,204.99,205.4,203.89,204.22,2793,14,0
2025-01-31 20:00:00,204.19,204.19,203.3,203.58,2170,14,0
2025-02-03 14:00:00,202.56,202.59,200.42,201.85,1455,14,0
2025-02-03 15:00:00,201.89,203.19,200.27,202.3,3854,14,0
2025-02-03 16:00:00,202.3,203.66,201.64,202.56,2688,14,0
2025-02-03 17:00:00,202.56,203.21,202.07,202.65,2500,14,0
2025-02-03 18:00:00,202.61,203.09,202.01,202.93,2004,14,0
2025-02-03 19:00:00,202.9,203.0,202.15,202.24,1445,14,0
2025-02-03 20:00:00,202.27,202.5,201.54,201.67,1189,14,0
2025-02-04 14:00:00,203.67,204.33,202.94,204.33,1002,22,0
2025-02-04 15:00:00,204.34,206.23,203.76,206.0,2645,14,0
2025-02-04 16:00:00,206.02,206.6,204.33,204.92,2054,14,0
2025-02-04 17:00:00,204.93,205.13,203.84,205.07,1801,14,0
2025-02-04 18:00:00,205.07,205.82,204.47,204.76,1521,14,0
2025-02-04 19:00:00,204.75,205.43,204.69,205.05,1392,14,0
2025-02-04 20:00:00,205.05,206.14,204.95,206.0,1555,14,0
2025-02-05 14:00:00,192.29,192.46,189.14,189.16,2043,14,0
2025-02-05 15:00:00,189.23,189.78,187.95,188.95,4520,14,0
2025-02-05 16:00:00,188.95,191.38,188.76,191.1,2989,14,0
2025-02-05 17:00:00,191.09,191.52,190.25,190.41,2378,14,0
2025-02-05 18:00:00,190.43,191.29,190.29,191.1,1867,14,0
2025-02-05 19:00:00,191.08,191.12,189.45,189.66,1624,14,0
2025-02-05 20:00:00,189.68,190.59,189.47,189.77,1406,14,0
2025-02-06 14:00:00,189.49,190.34,189.19,190.11,1216,14,0
2025-02-06 15:00:00,190.09,191.34,189.42,190.67,2995,14,0
2025-02-06 16:00:00,190.67,191.01,190.33,190.58,1788,14,0
2025-02-06 17:00:00,190.59,190.97,190.36,190.76,1168,14,0
2025-02-06 18:00:00,190.78,192.02,190.76,191.31,1369,14,0
2025-02-06 19:00:00,191.28,191.7,190.35,190.43,1559,14,0
2025-02-06 20:00:00,190.4,191.19,190.31,191.02,996,14,0
2025-02-07 14:00:00,190.0,190.4,188.75,188.84,1210,14,0
2025-02-07 15:00:00,188.72,188.72,184.99,185.95,4971,14,0
2025-02-07 16:00:00,185.94,186.42,184.31,184.45,3841,14,0
2025-02-07 17:00:00,184.43,185.2,183.14,184.5,3511,14,0
2025-02-07 18:00:00,184.49,186.24,184.37,185.12,2345,14,0
2025-02-07 19:00:00,185.12,185.82,185.0,185.62,2014,14,0
2025-02-07 20:00:00,185.62,185.77,185.01,185.35,1419,14,0
2025-02-10 14:00:00,185.94,186.8,185.9,186.59,904,14,0
2025-02-10 15:00:00,186.6,188.08,186.5,187.18,2258,14,0
2025-02-10 16:00:00,187.18,187.58,186.8,187.03,1519,14,0
2025-02-10 17:00:00,187.02,187.02,185.93,186.56,1275,14,0
2025-02-10 18:00:00,186.56,186.7,186.32,186.57,915,14,0
2025-02-10 19:00:00,186.56,186.64,186.34,186.48,803,14,0
2025-02-10 20:00:00,186.48,186.58,186.14,186.37,589,14,0
2025-02-11 14:00:00,185.88,186.0,185.1,185.39,749,14,0
2025-02-11 15:00:00,185.43,186.46,185.2,185.24,1959,14,0
2025-02-11 16:00:00,185.28,185.33,184.35,184.64,1807,14,0
2025-02-11 17:00:00,184.63,184.83,184.17,184.54,1311,14,0
2025-02-11 18:00:00,184.53,185.02,184.41,184.8,887,14,0
2025-02-11 19:00:00,184.8,185.32,184.54,185.2,868,14,0
2025-02-11 20:00:00,185.21,185.67,184.98,185.16,916,14,0
2025-02-12 14:00:00,183.98,184.97,183.86,184.21,922,14,0
2025-02-12 15:00:00,184.23,184.23,182.99,183.3,2500,14,0
2025-02-12 16:00:00,183.28,183.77,182.29,183.76,1702,14,0
2025-02-12 17:00:00,183.77,184.42,183.42,184.33,1566,14,0
2025-02-12 18:00:00,184.33,184.39,183.24,183.43,1196,14,0
2025-02-12 19:00:00,183.43,183.83,182.88,183.65,1171,14,0
2025-02-12 20:00:00,183.66,183.94,183.29,183.35,805,14,0
2025-02-13 14:00:00,183.25,183.8,183.04,183.72,959,14,0
2025-02-13 15:00:00,183.7,184.91,183.32,184.55,2210,14,0
2025-02-13 16:00:00,184.56,184.6,183.44,183.74,1298,14,0
2025-02-13 17:00:00,183.72,184.27,183.65,183.81,1065,14,0
2025-02-13 18:00:00,183.81,184.01,183.38,184.01,1832,14,0
2025-02-13 19:00:00,184.0,185.13,183.78,185.08,1248,14,0
2025-02-13 20:00:00,185.08,185.64,185.04,185.51,918,14,0
2025-02-14 14:00:00,186.16,186.16,184.79,185.59,925,14,0
2025-02-14 15:00:00,185.57,185.97,184.25,185.22,2031,14,0
2025-02-14 16:00:00,185.21,185.41,184.65,184.97,1455,14,0
2025-02-14 17:00:00,184.98,185.18,184.18,184.67,1246,14,0
2025-02-14 18:00:00,184.67,185.33,184.59,185.19,1014,14,0
2025-02-14 19:00:00,185.19,185.34,184.83,185.09,751,14,0
2025-02-14 20:00:00,185.07,185.35,184.73,185.34,708,14,0
2025-02-18 14:00:00,185.0,185.41,183.55,183.81,1413,14,0
2025-02-18 15:00:00,183.79,184.64,183.4,184.21,2554,14,0
2025-02-18 16:00:00,184.2,184.42,183.72,183.81,1337,14,0
2025-02-18 17:00:00,183.81,183.94,183.23,183.61,996,14,0
2025-02-18 18:00:00,183.6,183.75,182.36,182.37,1124,14,0
2025-02-18 19:00:00,182.37,182.47,181.61,182.32,1383,14,0
2025-02-18 20:00:00,182.32,183.12,182.27,182.8,856,14,0
2025-02-19 14:00:00,183.86,184.59,183.84,184.37,1069,14,0
2025-02-19 15:00:00,184.37,185.02,183.63,184.34,2227,14,0
2025-02-19 16:00:00,184.35,184.86,184.28,184.57,1467,14,0
2025-02-19 17:00:00,184.57,184.77,184.21,184.67,913,14,0
2025-02-19 18:00:00,184.67,184.86,184.32,184.37,873,14,0
2025-02-19 19:00:00,184.39,184.75,184.26,184.71,813,14,0
2025-02-19 20:00:00,184.71,185.01,184.35,184.86,942,14,0
2025-02-20 14:00:00,184.5,184.71,182.89,183.03,1261,14,0
2025-02-20 15:00:00,183.03,183.87,182.57,183.15,2727,14,0
2025-02-20 16:00:00,183.14,184.13,183.12,183.45,1801,14,0
2025-02-20 17:00:00,183.43,184.0,183.32,183.75,1420,14,0
2025-02-20 18:00:00,183.72,184.27,183.6,184.15,1306,14,0
2025-02-20 19:00:00,184.15,184.64,184.03,184.28,1188,14,0
2025-02-20 20:00:00,184.28,184.52,183.89,184.5,891,14,0
2025-02-21 14:00:00,184.35,184.87,184.05,184.07,1282,14,0
2025-02-21 15:00:00,184.04,184.4,181.82,181.95,2926,14,0
2025-02-21 16:00:00,181.98,182.18,180.56,181.07,2385,14,0
2025-02-21 17:00:00,181.05,181.22,179.89,180.22,1984,14,0
2025-02-21 18:00:00,180.22,180.69,179.67,180.13,2282,14,0
2025-02-21 19:00:00,180.13,180.43,179.22,179.28,2149,14,0
2025-02-21 20:00:00,179.28,179.72,178.94,179.29,1523,14,0
2025-02-24 14:00:00,180.82,181.75,180.38,180.64,1504,14,0
2025-02-24 15:00:00,180.67,180.83,179.29,180.0,3484,14,0
2025-02-24 16:00:00,180.02,181.02,179.91,180.12,2246,14,0
2025-02-24 17:00:00,180.12,181.19,180.07,180.53,1602,14,0
2025-02-24 18:00:00,180.53,180.96,180.39,180.54,1224,14,0
2025-02-24 19:00:00,180.52,180.71,179.98,180.16,1297,14,0
2025-02-24 20:00:00,180.19,180.42,179.83,179.96,1121,14,0
2025-02-25 14:00:00,177.67,177.67,176.4,176.99,1522,14,0
2025-02-25 15:00:00,176.97,177.3,174.97,175.6,4033,14,0
2025-02-25 16:00:00,175.65,176.72,174.52,176.56,3174,14,0
2025-02-25 17:00:00,176.57,176.95,175.87,176.95,2117,14,0
2025-02-25 18:00:00,176.95,177.36,176.29,176.92,1956,14,0
2025-02-25 19:00:00,176.92,177.02,176.09,176.41,1996,14,0
2025-02-25 20:00:00,176.39,176.45,175.39,175.75,1699,14,0
2025-02-26 14:00:00,174.19,174.86,172.72,174.81,1463,14,0
2025-02-26 15:00:00,174.83,175.87,174.56,175.53,3216,14,0
2025-02-26 16:00:00,175.53,175.65,174.38,174.39,2187,14,0
2025-02-26 17:00:00,174.41,174.72,172.73,173.02,2251,14,0
2025-02-26 18:00:00,172.98,173.23,172.09,172.36,2419,14,0
2025-02-26 19:00:00,172.34,172.53,171.42,171.66,2007,14,0
2025-02-26 20:00:00,171.66,172.71,171.4,172.56,1423,14,0
2025-02-27 14:00:00,173.58,173.58,169.7,169.8,1669,14,0
2025-02-27 15:00:00,169.82,171.25,168.84,169.55,4342,14,0
2025-02-27 16:00:00,169.53,171.59,169.46,170.44,2797,14,0
2025-02-27 17:00:00,170.44,171.4,170.05,170.56,2041,14,0
2025-02-27 18:00:00,170.56,171.24,170.17,170.7,1743,14,0
2025-02-27 19:00:00,170.71,170.82,169.26,169.57,2315,14,0
2025-02-27 20:00:00,169.59,169.59,168.34,168.58,2001,14,0
2025-02-28 14:00:00,168.24,169.84,167.78,168.51,1691,14,0
2025-02-28 15:00:00,168.48,169.27,167.79,169.0,4054,14,0
2025-02-28 16:00:00,169.0,169.13,167.67,168.36,2553,14,0
2025-02-28 17:00:00,168.36,168.97,167.5,167.52,2376,14,0
2025-02-28 18:00:00,167.5,168.28,167.0,167.07,2611,14,0
2025-02-28 19:00:00,167.04,168.43,166.94,168.17,2285,14,0
2025-02-28 20:00:00,168.15,168.97,168.14,168.62,1853,14,0
2025-03-03 14:00:00,170.95,171.59,169.45,169.67,1666,14,0
2025-03-03 15:00:00,169.62,170.79,168.9,169.83,3808,14,0
2025-03-03 16:00:00,169.85,170.81,169.56,169.94,2755,14,0
2025-03-03 17:00:00,169.91,170.0,168.75,169.09,1815,14,0
2025-03-03 18:00:00,169.07,169.17,167.7,168.52,2915,14,0
2025-03-03 19:00:00,168.52,169.01,167.48,167.5,2423,14,0
2025-03-03 20:00:00,167.47,167.47,165.71,165.99,2926,14,0
2025-03-04 14:00:00,167.35,167.83,166.4,166.77,2572,14,0
2025-03-04 15:00:00,166.75,167.99,165.87,167.46,5640,14,0
2025-03-04 16:00:00,167.44,170.42,166.98,170.22,3805,14,0
2025-03-04 17:00:00,170.23,171.08,169.8,170.36,3610,14,0
2025-03-04 18:00:00,170.35,171.91,170.0,171.66,3057,14,0
2025-03-04 19:00:00,171.67,172.23,171.42,171.97,2885,14,0
2025-03-04 20:00:00,171.95,173.05,170.74,171.22,2490,14,0
2025-03-05 14:00:00,170.07,171.1,168.93,169.63,1447,14,0
2025-03-05 15:00:00,169.67,171.04,169.49,170.08,4068,14,0
2025-03-05 16:00:00,170.06,170.12,168.82,169.56,2895,14,0
2025-03-05 17:00:00,169.53,172.73,169.31,172.65,2954,14,0
2025-03-05 18:00:00,172.63,172.79,171.18,172.4,3467,14,0
2025-03-05 19:00:00,172.37,173.26,172.17,172.95,2548,14,0
2025-03-05 20:00:00,172.93,173.47,172.48,173.32,2128,14,0
2025-03-06 14:00:00,172.19,172.39,171.19,171.86,1460,14,0
2025-03-06 15:00:00,171.84,174.54,171.49,173.84,3819,14,0
2025-03-06 16:00:00,173.86,174.44,172.13,172.17,3490,14,0
2025-03-06 17:00:00,172.15,172.55,171.24,172.13,3378,14,0
2025-03-06 18:00:00,172.1,172.83,171.54,172.04,2687,14,0
2025-03-06 19:00:00,172.03,172.59,171.27,171.39,2877,14,0
2025-03-06 20:00:00,171.37,172.45,171.2,171.7,2458,14,0
2025-03-07 14:00:00,171.98,173.29,171.98,172.29,1541,14,0
2025-03-07 15:00:00,172.31,173.41,170.38,171.59,4374,14,0
2025-03-07 16:00:00,171.56,171.72,170.0,170.95,3874,14,0
2025-03-07 17:00:00,170.98,173.25,170.41,171.99,3384,14,0
2025-03-07 18:00:00,172.02,173.88,172.0,173.85,3507,14,0
2025-03-07 19:00:00,173.86,174.68,173.39,173.82,2770,14,0
2025-03-07 20:00:00,173.79,174.26,172.48,173.3,2145,14,0
2025-03-10 13:00:00,166.72,168.38,166.56,167.11,1822,14,0
2025-03-10 14:00:00,167.09,167.09,163.73,163.91,4960,14,0
2025-03-10 15:00:00,163.93,166.92,163.62,165.63,3912,14,0
2025-03-10 16:00:00,165.62,166.43,165.05,165.72,3047,14,0
2025-03-10 17:00:00,165.72,165.78,164.12,164.61,3058,14,0
2025-03-10 18:00:00,164.59,165.31,164.0,164.17,2771,14,0
2025-03-10 19:00:00,164.15,166.55,163.93,165.23,2837,14,0
2025-03-11 13:00:00,165.91,166.55,165.04,165.49,1775,14,0
2025-03-11 14:00:00,165.46,166.26,163.6,163.61,5288,14,0
2025-03-11 15:00:00,163.58,165.38,163.33,164.17,4359,14,0
2025-03-11 16:00:00,164.15,164.45,162.71,162.98,3473,14,0
2025-03-11 17:00:00,162.97,163.06,161.31,162.73,3206,14,0
2025-03-11 18:00:00,162.74,166.06,162.67,165.53,4090,14,0
2025-03-11 19:00:00,165.53,166.28,164.55,164.89,3169,14,0
2025-03-12 13:00:00,165.47,166.0,163.96,164.08,1818,14,0
2025-03-12 14:00:00,164.05,165.6,163.47,164.39,3614,14,0
2025-03-12 15:00:00,164.41,165.67,163.93,165.51,3026,14,0
2025-03-12 16:00:00,165.52,166.35,165.25,165.9,2748,14,0
2025-03-12 17:00:00,165.93,167.2,165.62,165.62,2536,14,0
2025-03-12 18:00:00,165.64,167.31,165.57,167.25,2370,14,0
2025-03-12 19:00:00,167.23,167.56,166.8,166.96,1914,14,0
2025-03-13 13:00:00,165.45,165.48,162.93,163.31,1704,14,0
2025-03-13 14:00:00,163.29,164.95,162.73,164.28,3673,14,0
2025-03-13 15:00:00,164.3,164.79,162.95,163.23,2809,14,0
2025-03-13 16:00:00,163.26,163.84,162.38,163.0,2561,14,0
2025-03-13 17:00:00,163.0,163.22,162.04,162.24,2156,14,0
2025-03-13 18:00:00,162.19,164.12,162.19,163.73,2297,14,0
2025-03-13 19:00:00,163.71,163.91,162.41,162.66,1912,14,0
2025-03-14 13:00:00,163.9,164.3,163.3,163.44,1226,14,0
2025-03-14 14:00:00,163.21,164.02,162.34,164.02,3190,14,0
2025-03-14 15:00:00,164.04,165.07,163.69,164.96,2331,14,0
2025-03-14 16:00:00,164.97,165.41,164.18,165.23,1974,14,0
2025-03-14 17:00:00,165.2,165.35,163.98,164.34,1803,14,0
2025-03-14 18:00:00,164.36,165.16,164.36,164.93,1544,14,0
2025-03-14 19:00:00,164.9,165.11,164.69,164.89,1021,14,0
2025-03-17 13:00:00,166.11,166.23,165.01,165.35,1119,14,0
2025-03-17 14:00:00,165.34,165.7,164.27,164.34,3013,14,0
2025-03-17 15:00:00,164.38,164.88,163.61,163.91,2332,14,0
2025-03-17 16:00:00,163.92,164.78,163.72,164.45,1920,14,0
2025-03-17 17:00:00,164.44,165.13,164.16,164.95,1594,14,0
2025-03-17 18:00:00,164.94,165.46,164.75,165.25,1582,14,0
2025-03-17 19:00:00,165.25,165.3,164.61,165.16,1297,14,0
2025-03-18 13:00:00,162.54,162.6,158.71,158.71,1803,14,0
2025-03-18 14:00:00,158.71,158.94,156.67,158.17,4160,14,0
2025-03-18 15:00:00,158.17,159.76,157.81,159.44,2603,14,0
2025-03-18 16:00:00,159.44,160.4,159.11,159.54,2091,14,0
2025-03-18 17:00:00,159.55,160.22,158.93,159.9,2128,14,0
2025-03-18 18:00:00,159.89,160.73,159.58,160.7,1844,14,0
2025-03-18 19:00:00,160.68,160.72,160.1,160.13,1424,14,0
2025-03-19 13:00:00,161.56,162.31,160.95,162.02,995,14,0
2025-03-19 14:00:00,162.04,162.59,161.44,161.5,2338,14,0
2025-03-19 15:00:00,161.48,162.9,161.44,162.8,1698,14,0
2025-03-19 16:00:00,162.78,163.02,162.47,162.65,1327,14,0
2025-03-19 17:00:00,162.65,162.87,162.14,162.74,1533,14,0
2025-03-19 18:00:00,162.71,165.02,162.44,164.9,3223,14,0
2025-03-19 19:00:00,164.88,165.79,164.49,165.63,2429,14,0
2025-03-20 13:00:00,162.8,163.43,162.41,163.38,1073,14,0
2025-03-20 14:00:00,163.34,164.81,163.28,164.19,2644,14,0
2025-03-20 15:00:00,164.2,164.37,162.91,162.99,1988,14,0
2025-03-20 16:00:00,162.95,163.54,162.12,162.17,2242,14,0
2025-03-20 17:00:00,162.17,162.84,162.07,162.26,1756,14,0
2025-03-20 18:00:00,162.25,162.62,161.45,162.04,1837,14,0
2025-03-20 19:00:00,162.05,162.83,162.05,162.83,1461,14,0
2025-03-21 13:00:00,161.74,162.33,161.49,161.6,1240,14,0
2025-03-21 14:00:00,161.64,163.13,161.42,163.12,2640,14,0
2025-03-21 15:00:00,163.14,163.32,161.97,162.01,2011,14,0
2025-03-21 16:00:00,161.97,163.45,161.65,163.41,2021,14,0
2025-03-21 17:00:00,163.39,163.39,162.52,162.88,1566,14,0
2025-03-21 18:00:00,162.88,163.12,162.66,162.79,1403,14,0
2025-03-21 19:00:00,162.79,163.13,162.52,163.0,1212,14,0
2025-03-24 13:00:00,166.37,167.76,166.34,167.55,1258,14,0
2025-03-24 14:00:00,167.57,167.77,166.81,167.22,2052,14,0
2025-03-24 15:00:00,167.22,167.42,166.56,166.91,1337,14,0
2025-03-24 16:00:00,166.91,167.22,166.67,166.96,1344,14,0
2025-03-24 17:00:00,166.97,167.11,166.64,167.01,1174,14,0
2025-03-24 18:00:00,167.01,167.42,166.83,167.38,1149,14,0
2025-03-24 19:00:00,167.38,167.71,167.31,167.6,673,14,0
2025-03-25 13:00:00,168.5,169.19,168.23,168.89,988,14,0
2025-03-25 14:00:00,168.91,170.23,168.59,170.06,2191,14,0
2025-03-25 15:00:00,170.06,170.38,169.42,169.58,1573,14,0
2025-03-25 16:00:00,169.58,169.87,169.18,169.67,1277,14,0
2025-03-25 17:00:00,169.66,169.92,169.26,169.64,1084,14,0
2025-03-25 18:00:00,169.62,169.92,169.4,169.76,1180,14,0
2025-03-25 19:00:00,169.76,170.33,169.64,170.04,976,14,0
2025-03-26 13:00:00,169.07,169.21,167.53,167.73,1259,14,0
2025-03-26 14:00:00,167.72,168.59,167.3,168.04,2732,14,0
2025-03-26 15:00:00,168.02,168.57,167.41,167.64,1834,14,0
2025-03-26 16:00:00,167.64,167.92,166.68,166.72,1837,14,0
2025-03-26 17:00:00,166.7,167.19,165.89,166.02,1871,14,0
2025-03-26 18:00:00,166.02,166.46,165.6,165.63,1498,14,0
2025-03-26 19:00:00,165.63,165.78,164.77,165.12,1295,14,0
2025-03-27 13:00:00,164.33,164.93,163.74,164.75,1424,14,0
2025-03-27 14:00:00,164.68,165.05,163.54,164.22,2618,14,0
2025-03-27 15:00:00,164.24,164.63,163.15,163.39,1939,14,0
2025-03-27 16:00:00,163.4,164.12,163.09,163.12,1645,14,0
2025-03-27 17:00:00,163.12,163.73,162.58,162.61,1806,14,0
2025-03-27 18:00:00,162.6,162.96,162.35,162.37,1782,14,0
2025-03-27 19:00:00,162.35,163.05,162.25,162.69,1391,14,0
2025-03-28 13:00:00,161.46,161.66,160.14,160.15,1227,14,0
2025-03-28 14:00:00,160.08,160.37,156.87,157.26,3378,14,0
2025-03-28 15:00:00,157.27,157.29,155.68,155.69,2648,14,0
2025-03-28 16:00:00,155.66,156.58,155.32,155.36,1919,7,0
2025-03-28 17:00:00,155.34,155.39,154.4,155.36,1985,14,0
2025-03-28 18:00:00,155.34,155.53,154.5,154.84,1661,14,0
2025-03-28 19:00:00,154.84,154.84,153.86,154.1,1525,14,0
2025-03-31 13:00:00,151.84,151.86,150.59,151.56,1827,14,0
2025-03-31 14:00:00,151.52,152.13,151.29,151.65,3313,7,0
2025-03-31 15:00:00,151.67,154.2,151.22,153.49,2963,7,0
2025-03-31 16:00:00,153.51,153.94,152.89,152.96,2044,14,0
2025-03-31 17:00:00,152.95,154.27,152.89,153.24,2018,14,0
2025-03-31 18:00:00,153.24,154.66,153.18,154.09,2279,7,0
2025-03-31 19:00:00,154.08,155.2,153.97,154.96,1782,7,0
2025-04-01 13:00:00,155.18,155.97,154.98,155.32,1406,14,0
2025-04-01 14:00:00,155.36,157.32,154.81,157.32,3684,7,0
2025-04-01 15:00:00,157.3,157.76,156.77,157.59,2621,7,0
2025-04-01 16:00:00,157.61,158.03,156.86,157.19,2401,7,0
2025-04-01 17:00:00,157.19,157.39,156.6,156.63,1999,7,0
2025-04-01 18:00:00,156.65,156.69,155.38,156.16,2097,7,0
2025-04-01 19:00:00,156.16,156.77,156.04,156.53,1425,14,0
2025-04-02 13:00:00,156.51,156.89,156.11,156.11,1258,14,0
2025-04-02 14:00:00,156.07,156.87,155.52,156.49,2801,14,0
2025-04-02 15:00:00,156.46,156.82,155.94,156.59,2360,14,0
2025-04-02 16:00:00,156.56,157.74,156.49,157.6,2061,14,0
2025-04-02 17:00:00,157.61,158.33,156.86,156.98,1942,14,0
2025-04-02 18:00:00,156.96,157.01,155.68,155.68,2152,14,0
2025-04-02 19:00:00,155.7,156.94,155.7,156.86,1778,14,0
2025-04-03 13:00:00,151.88,151.9,150.62,151.34,1864,14,0
2025-04-03 14:00:00,151.19,152.52,150.34,150.79,4212,14,0
2025-04-03 15:00:00,150.77,152.39,150.51,151.91,3406,14,0
2025-04-03 16:00:00,151.91,152.7,151.68,151.82,2803,14,0
2025-04-03 17:00:00,151.9,152.35,151.37,151.38,2242,14,0
2025-04-03 18:00:00,151.37,151.7,150.86,151.61,2252,7,0
2025-04-03 19:00:00,151.59,151.74,150.69,151.38,2028,14,0
2025-04-04 13:00:00,148.87,150.98,147.99,150.69,3520,14,0
2025-04-04 14:00:00,150.71,150.74,146.1,147.99,6946,14,0
2025-04-04 15:00:00,147.96,150.21,147.61,148.31,8198,8,0
2025-04-04 16:00:00,148.28,149.19,147.53,147.65,5398,14,0
2025-04-04 17:00:00,147.67,148.57,146.58,148.57,4646,7,0
2025-04-04 18:00:00,148.6,148.87,146.5,147.24,4089,14,0
2025-04-04 19:00:00,147.21,149.11,146.64,148.48,3728,14,0
2025-04-07 13:00:00,141.7,144.46,140.52,144.25,4352,14,0
2025-04-07 14:00:00,144.23,152.76,143.87,148.17,27155,14,0
2025-04-07 15:00:00,148.19,148.93,142.78,144.91,18173,14,0
2025-04-07 16:00:00,144.89,146.41,143.81,144.67,8289,14,0
2025-04-07 17:00:00,144.68,148.77,144.64,148.52,11450,14,0
2025-04-07 18:00:00,148.54,148.77,146.46,146.66,8494,14,0
2025-04-07 19:00:00,146.64,147.61,145.53,145.96,5784,14,0
2025-04-08 13:00:00,150.65,151.5,149.62,151.3,2804,14,0
2025-04-08 14:00:00,151.25,152.16,150.4,150.42,4808,14,0
2025-04-08 15:00:00,150.43,150.86,149.06,149.76,4248,14,0
2025-04-08 16:00:00,149.74,149.85,147.06,147.33,5907,14,0
2025-04-08 17:00:00,147.33,148.23,146.36,147.66,6794,14,0
2025-04-08 18:00:00,147.64,147.91,145.95,146.12,5566,14,0
2025-04-08 19:00:00,146.11,146.27,143.31,143.33,4280,7,0
2025-04-09 13:00:00,145.54,146.28,144.3,145.19,3626,14,0
2025-04-09 14:00:00,145.17,146.28,143.85,143.94,7729,14,0
2025-04-09 15:00:00,143.95,145.77,143.85,144.45,4649,14,0
2025-04-09 16:00:00,144.49,146.6,144.15,146.02,3576,7,0
2025-04-09 17:00:00,146.03,156.08,144.82,155.07,17763,7,0
2025-04-09 18:00:00,155.1,156.8,154.14,154.42,13755,14,0
2025-04-09 19:00:00,154.44,157.81,154.07,157.7,5670,14,0
2025-04-10 13:00:00,157.14,157.48,155.69,155.8,3419,14,0
2025-04-10 14:00:00,155.77,156.34,154.38,154.54,6166,14,0
2025-04-10 15:00:00,154.57,155.55,152.3,152.4,4222,14,0
2025-04-10 16:00:00,152.39,153.26,149.88,152.91,9653,14,0
2025-04-10 17:00:00,152.9,154.47,150.91,153.86,7989,14,0
2025-04-10 18:00:00,153.83,154.77,152.31,153.72,7730,14,0
2025-04-10 19:00:00,153.74,154.65,151.75,151.94,5725,14,0
2025-04-11 13:00:00,154.61,156.46,154.05,155.35,2779,14,0
2025-04-11 14:00:00,155.21,156.08,153.39,154.96,7942,14,0
2025-04-11 15:00:00,154.94,156.0,154.2,155.88,5186,14,0
2025-04-11 16:00:00,155.87,157.44,155.73,156.92,3207,14,0
2025-04-11 17:00:00,156.94,157.47,155.54,156.89,4306,7,0
2025-04-11 18:00:00,156.88,156.99,155.98,156.09,3551,14,0
2025-04-11 19:00:00,156.09,157.08,156.02,157.02,2161,14,0
2025-04-14 13:00:00,159.74,160.84,159.21,160.23,1601,14,0
2025-04-14 14:00:00,160.28,161.64,160.15,161.08,1721,14,0
2025-04-14 15:00:00,161.1,161.23,158.32,158.57,2855,14,0
2025-04-14 16:00:00,158.54,158.98,157.58,157.59,3489,14,0
2025-04-14 17:00:00,157.6,159.25,157.49,159.12,3470,14,0
2025-04-14 18:00:00,159.11,159.87,159.01,159.65,1967,14,0
2025-04-14 19:00:00,159.63,160.31,159.61,159.9,1589,14,0
2025-04-15 13:00:00,158.64,159.1,158.07,158.15,1224,14,0
2025-04-15 14:00:00,158.16,158.41,156.76,157.18,3767,14,0
2025-04-15 15:00:00,157.18,157.49,156.34,156.85,2460,14,0
2025-04-15 16:00:00,156.86,157.14,155.62,155.72,1886,14,0
2025-04-15 17:00:00,155.74,156.04,155.19,155.64,2004,14,0
2025-04-15 18:00:00,155.63,155.99,155.14,155.91,1841,7,0
2025-04-15 19:00:00,155.9,156.12,155.56,155.67,1191,14,0
2025-04-16 13:00:00,153.26,153.54,152.67,152.83,1304,14,0
2025-04-16 14:00:00,152.81,154.92,152.73,154.78,2458,7,0
2025-04-16 15:00:00,154.77,155.81,154.47,154.53,2156,7,0
2025-04-16 16:00:00,154.54,155.19,154.4,155.01,1864,8,0
2025-04-16 17:00:00,155.02,155.21,152.54,152.62,2972,7,0
2025-04-16 18:00:00,152.62,153.61,152.34,152.38,3228,7,0
2025-04-16 19:00:00,152.38,152.71,151.44,152.59,1953,7,0
2025-04-17 13:00:00,153.76,154.27,153.36,153.7,1313,14,0
2025-04-17 14:00:00,153.68,153.78,148.46,149.97,6383,8,0
2025-04-17 15:00:00,149.97,151.72,149.94,150.57,2898,14,0
2025-04-17 16:00:00,150.61,151.74,150.55,151.53,3707,14,0
2025-04-17 17:00:00,151.55,152.06,150.91,151.77,2220,7,0
2025-04-17 18:00:00,151.76,152.11,151.18,151.19,2248,7,0
2025-04-17 19:00:00,151.19,151.46,150.66,151.33,1858,7,0
2025-04-21 13:00:00,148.48,148.62,147.03,147.03,1173,14,0
2025-04-21 14:00:00,147.01,147.98,146.82,147.55,2424,7,0
2025-04-21 15:00:00,147.56,147.66,146.15,146.36,2078,7,0
2025-04-21 16:00:00,146.36,147.27,146.32,146.72,1616,7,0
2025-04-21 17:00:00,146.74,146.89,146.24,146.4,1758,7,0
2025-04-21 18:00:00,146.4,146.94,146.07,146.12,1544,7,0
2025-04-21 19:00:00,146.1,147.24,146.06,147.16,1667,7,0
2025-04-22 13:00:00,148.93,149.61,148.81,149.61,1067,14,0
2025-04-22 14:00:00,149.62,150.53,149.31,150.39,1970,7,0
2025-04-22 15:00:00,150.4,150.92,150.0,150.78,1751,14,0
2025-04-22 16:00:00,150.82,152.12,150.81,151.45,2245,7,0
2025-04-22 17:00:00,151.44,151.71,149.61,149.8,3265,7,0
2025-04-22 18:00:00,149.79,151.2,149.72,150.98,1973,7,0
2025-04-22 19:00:00,151.0,151.08,149.93,150.78,1480,7,0
2025-04-23 13:00:00,155.89,157.01,155.66,156.81,2033,14,0
2025-04-23 14:00:00,156.83,157.45,156.08,156.75,3949,14,0
2025-04-23 15:00:00,156.77,156.99,153.76,154.62,3678,14,0
2025-04-23 16:00:00,154.61,155.38,153.82,155.24,2740,14,0
2025-04-23 17:00:00,155.26,155.76,154.47,155.34,2253,7,0
2025-04-23 18:00:00,155.35,155.88,154.97,155.31,2232,14,0
2025-04-23 19:00:00,155.31,155.44,154.36,154.81,1955,7,0
2025-04-24 13:00:00,156.23,157.88,156.23,157.84,1134,14,0
2025-04-24 14:00:00,157.79,158.12,156.9,157.85,2549,14,0
2025-04-24 15:00:00,157.85,158.4,157.5,157.98,1986,14,0
2025-04-24 16:00:00,157.98,158.72,157.72,158.52,1808,14,0
2025-04-24 17:00:00,158.52,158.68,158.08,158.41,1547,14,0
2025-04-24 18:00:00,158.42,159.24,158.38,158.88,1556,14,0
2025-04-24 19:00:00,158.88,158.91,158.08,158.88,1453,14,0
2025-04-25 13:00:00,163.81,164.52,162.18,163.01,1660,14,0
2025-04-25 14:00:00,163.14,164.79,162.07,162.75,3903,14,0
2025-04-25 15:00:00,162.74,163.13,161.41,161.91,2523,14,0
2025-04-25 16:00:00,161.91,162.65,161.4,162.44,2133,14,0
2025-04-25 17:00:00,162.44,163.0,160.93,161.5,2420,14,0
2025-04-25 18:00:00,161.5,162.21,161.26,161.47,1810,14,0
2025-04-25 19:00:00,161.46,162.15,161.38,161.66,1429,14,0
2025-04-28 13:00:00,160.48,162.15,160.37,160.83,1553,14,0
2025-04-28 14:00:00,160.86,161.29,159.85,160.63,3011,14,0
2025-04-28 15:00:00,160.64,160.84,159.24,159.42,2476,14,0
2025-04-28 16:00:00,159.41,159.43,158.74,158.9,2060,14,0
2025-04-28 17:00:00,158.89,159.36,158.49,159.26,1758,14,0
2025-04-28 18:00:00,159.26,159.54,158.81,159.16,1522,14,0
2025-04-28 19:00:00,159.16,160.12,159.11,160.06,1261,14,0
2025-04-29 13:00:00,157.7,158.73,157.42,158.37,1381,14,0
2025-04-29 14:00:00,158.38,160.4,157.96,160.14,2919,14,0
2025-04-29 15:00:00,160.11,160.22,158.87,159.36,2118,14,0
2025-04-29 16:00:00,159.38,160.05,159.21,159.3,1746,14,0
2025-04-29 17:00:00,159.31,160.61,159.0,160.23,1623,14,0
2025-04-29 18:00:00,160.23,160.41,159.84,159.94,1476,14,0
2025-04-29 19:00:00,159.94,160.39,159.75,159.84,1228,14,0
2025-04-30 13:00:00,156.56,156.65,155.3,155.64,1412,14,0
2025-04-30 14:00:00,155.62,157.15,155.46,156.94,3011,14,0
2025-04-30 15:00:00,156.97,157.46,156.76,157.12,2413,14,0
2025-04-30 16:00:00,157.09,157.18,156.52,156.93,2011,14,0
2025-04-30 17:00:00,156.94,157.15,156.06,156.84,1830,14,0
2025-04-30 18:00:00,156.87,157.88,156.67,157.03,2678,14,0
2025-04-30 19:00:00,157.02,157.85,156.97,157.79,1411,14,0
2025-05-01 13:00:00,160.23,160.39,159.18,159.3,1318,7,0
2025-05-01 14:00:00,159.33,161.27,158.81,161.26,2919,14,0
2025-05-01 15:00:00,161.26,161.8,160.36,160.53,2074,14,0
2025-05-01 16:00:00,160.53,161.01,160.12,160.27,2131,14,0
2025-05-01 17:00:00,160.26,161.45,160.21,161.35,1611,14,0
2025-05-01 18:00:00,161.38,161.82,161.26,161.48,1444,14,0
2025-05-01 19:00:00,161.49,161.51,161.06,161.18,1213,14,0
2025-05-02 13:00:00,162.97,163.1,161.73,162.51,1234,14,0
2025-05-02 14:00:00,162.54,164.18,162.31,164.16,2632,14,0
2025-05-02 15:00:00,164.14,164.54,163.51,163.63,1871,14,0
2025-05-02 16:00:00,163.64,164.83,163.45,164.24,1956,14,0
2025-05-02 17:00:00,164.26,164.31,163.71,164.08,1529,14,0
2025-05-02 18:00:00,164.08,164.39,163.73,163.88,1174,14,0
2025-05-02 19:00:00,163.88,164.17,163.51,163.91,1162,14,0
2025-05-05 13:00:00,164.07,165.13,163.53,164.49,1163,14,0
2025-05-05 14:00:00,164.56,165.1,164.3,164.91,2552,14,0
2025-05-05 15:00:00,164.9,165.0,163.92,164.47,1552,14,0
2025-05-05 16:00:00,164.47,165.05,164.36,164.84,1072,14,0
2025-05-05 17:00:00,164.84,165.0,164.49,164.96,1077,14,0
2025-05-05 18:00:00,164.96,165.25,164.95,165.0,882,14,0
2025-05-05 19:00:00,164.98,165.02,164.67,164.8,937,14,0
2025-05-06 13:00:00,162.37,162.95,162.27,162.53,1092,14,0
2025-05-06 14:00:00,162.56,163.79,162.41,163.32,2144,14,0
2025-05-06 15:00:00,163.3,163.99,163.3,163.75,1728,14,0
2025-05-06 16:00:00,163.75,164.65,163.57,163.64,2293,14,0
2025-05-06 17:00:00,163.66,163.94,163.2,163.21,1628,14,0
2025-05-06 18:00:00,163.21,163.87,163.08,163.84,1440,14,0
2025-05-06 19:00:00,163.82,163.89,163.52,163.72,1081,14,0
2025-05-07 13:00:00,163.79,164.11,163.22,163.6,1068,14,0
2025-05-07 14:00:00,163.6,163.61,156.19,156.27,6334,14,0
2025-05-07 15:00:00,156.29,156.78,150.76,150.81,11834,14,0
2025-05-07 16:00:00,150.82,151.54,147.72,149.95,7004,14,0
2025-05-07 17:00:00,149.95,151.27,149.74,150.61,3616,14,0
2025-05-07 18:00:00,150.6,150.84,148.72,149.97,4090,14,0
2025-05-07 19:00:00,149.96,151.28,149.6,150.59,2865,14,0
2025-05-08 13:00:00,152.99,154.18,152.93,153.28,1625,14,0
2025-05-08 14:00:00,153.31,154.32,153.08,153.34,3452,14,0
2025-05-08 15:00:00,153.32,155.05,153.1,154.44,2994,14,0
2025-05-08 16:00:00,154.45,155.02,154.39,154.59,1798,14,0
2025-05-08 17:00:00,154.6,154.95,154.25,154.54,1876,14,0
2025-05-08 18:00:00,154.54,155.43,154.34,155.33,1770,8,0
2025-05-08 19:00:00,155.33,155.77,154.94,155.08,1755,14,0
2025-05-09 13:00:00,154.49,154.52,153.82,154.26,998,14,0
2025-05-09 14:00:00,154.24,154.53,152.06,152.89,2807,14,0
2025-05-09 15:00:00,152.88,153.64,152.82,153.2,2076,14,0
2025-05-09 16:00:00,153.19,153.22,152.3,152.32,1702,14,0
2025-05-09 17:00:00,152.33,152.83,152.28,152.51,1508,14,0
2025-05-09 18:00:00,152.51,152.76,152.18,152.36,1239,7,0
2025-05-09 19:00:00,152.37,152.7,152.25,152.45,1034,14,0
2025-05-12 13:00:00,157.63,157.85,156.41,156.85,1516,14,0
2025-05-12 14:00:00,156.86,157.89,156.45,156.87,2921,14,0
2025-05-12 15:00:00,156.87,157.3,156.18,156.21,1759,14,0
2025-05-12 16:00:00,156.21,158.39,156.11,158.32,1578,14,0
2025-05-12 17:00:00,158.32,158.93,157.78,158.16,1564,14,0
2025-05-12 18:00:00,158.18,158.93,158.08,158.43,1438,14,0
2025-05-12 19:00:00,158.43,158.78,157.95,158.12,1242,7,0
2025-05-13 13:00:00,156.8,157.42,156.02,156.95,1480,14,0
2025-05-13 14:00:00,156.98,159.77,156.82,159.49,3355,14,0
2025-05-13 15:00:00,159.48,160.15,159.22,160.02,1964,14,0
2025-05-13 16:00:00,160.03,160.17,159.43,160.07,1575,14,0
2025-05-13 17:00:00,160.06,160.4,159.13,159.22,1527,14,0
2025-05-13 18:00:00,159.23,159.48,158.94,159.36,1348,14,0
2025-05-13 19:00:00,159.35,159.52,159.19,159.4,946,14,0
2025-05-14 13:00:00,161.14,161.99,159.46,160.65,1796,14,0
2025-05-14 14:00:00,160.67,164.65,160.61,164.29,3618,14,0
2025-05-14 15:00:00,164.34,165.72,163.73,165.57,3153,14,0
2025-05-14 16:00:00,165.56,166.83,165.46,165.92,2777,14,0
2025-05-14 17:00:00,165.95,165.95,164.33,164.98,2118,14,0
2025-05-14 18:00:00,164.98,165.59,164.5,164.93,1787,14,0
2025-05-14 19:00:00,164.94,165.11,164.33,164.75,1318,14,0
2025-05-15 13:00:00,163.88,165.11,163.81,164.41,1490,14,0
2025-05-15 14:00:00,164.44,164.88,163.87,164.44,3222,14,0
2025-05-15 15:00:00,164.43,165.51,164.37,165.2,2087,14,0
2025-05-15 16:00:00,165.2,165.4,164.58,164.96,1814,14,0
2025-05-15 17:00:00,164.96,164.96,164.4,164.61,1555,14,0
2025-05-15 18:00:00,164.61,164.62,162.99,163.07,1967,14,0
2025-05-15 19:00:00,163.07,163.16,162.22,163.1,1735,14,0
2025-05-16 13:00:00,168.17,168.45,167.06,167.72,1807,14,0
2025-05-16 14:00:00,167.75,168.35,165.46,166.6,3698,14,0
2025-05-16 15:00:00,166.6,166.75,165.84,166.17,2300,14,0
2025-05-16 16:00:00,166.17,166.74,166.05,166.17,1622,14,0
2025-05-16 17:00:00,166.15,166.5,165.6,165.8,1519,14,0
2025-05-16 18:00:00,165.81,166.67,165.76,166.53,1288,14,0
2025-05-16 19:00:00,166.53,166.8,165.79,165.88,1168,14,0
2025-05-19 13:00:00,165.36,165.65,165.03,165.38,1242,14,0
2025-05-19 14:00:00,165.35,165.88,164.04,164.41,2928,14,0
2025-05-19 15:00:00,164.41,165.41,164.11,165.07,1889,14,0
2025-05-19 16:00:00,165.07,165.26,164.37,165.2,1462,14,0
2025-05-19 17:00:00,165.22,165.77,165.16,165.6,1361,14,0
2025-05-19 18:00:00,165.59,165.79,165.23,165.7,1266,14,0
2025-05-19 19:00:00,165.71,165.81,165.49,165.66,986,14,0
2025-05-20 13:00:00,166.97,167.35,165.89,166.25,1536,14,0
2025-05-20 14:00:00,166.23,166.81,165.72,166.47,2471,14,0
2025-05-20 15:00:00,166.45,166.86,166.24,166.77,1768,14,0
2025-05-20 16:00:00,166.77,168.14,166.68,167.77,1660,14,0
2025-05-20 17:00:00,167.77,168.31,162.89,164.8,5996,14,0
2025-05-20 18:00:00,164.78,165.5,163.45,163.52,3180,14,0
2025-05-20 19:00:00,163.5,164.01,162.72,163.65,1856,14,0
2025-05-21 13:00:00,165.44,168.1,165.18,167.78,2124,14,0
2025-05-21 14:00:00,167.81,171.46,167.81,171.44,6224,14,0
2025-05-21 15:00:00,171.46,172.93,170.93,171.9,5283,14,0
2025-05-21 16:00:00,171.9,172.27,170.73,170.92,2906,14,0
2025-05-21 17:00:00,170.94,171.11,168.56,169.52,4221,14,0
2025-05-21 18:00:00,169.5,170.0,168.94,168.99,2910,14,0
2025-05-21 19:00:00,169.01,169.42,168.26,169.22,2228,14,0
2025-05-22 13:00:00,171.42,176.18,171.25,175.85,3128,14,0
2025-05-22 14:00:00,175.81,176.57,173.22,173.76,6829,14,0
2025-05-22 15:00:00,173.78,174.09,171.81,172.99,5596,14,0
2025-05-22 16:00:00,173.0,173.53,171.73,172.0,3179,14,0
2025-05-22 17:00:00,172.0,172.84,171.85,172.51,2550,14,0
2025-05-22 18:00:00,172.5,172.86,172.19,172.48,2054,14,0
2025-05-22 19:00:00,172.47,173.05,171.61,171.7,1641,14,0
2025-05-23 13:00:00,168.55,169.12,167.69,168.33,2395,14,0
2025-05-23 14:00:00,168.31,169.66,168.24,168.75,3576,14,0
2025-05-23 15:00:00,168.76,169.34,168.56,169.02,2541,14,0
2025-05-23 16:00:00,169.02,169.11,168.56,168.77,2124,14,0
2025-05-23 17:00:00,168.78,169.74,168.68,169.42,1895,14,0
2025-05-23 18:00:00,169.41,169.67,169.13,169.16,2059,14,0
2025-05-23 19:00:00,169.16,169.52,168.53,168.92,1662,14,0
2025-05-27 13:00:00,170.71,171.66,169.94,171.54,1689,14,0
2025-05-27 14:00:00,171.51,172.77,171.37,171.63,3479,14,0
2025-05-27 15:00:00,171.61,172.29,171.15,171.46,2399,14,0
2025-05-27 16:00:00,171.43,172.44,171.25,172.01,1822,14,0
2025-05-27 17:00:00,172.0,172.52,171.93,172.44,1489,14,0
2025-05-27 18:00:00,172.43,172.76,172.37,172.38,1278,14,0
2025-05-27 19:00:00,172.37,172.77,172.16,172.68,1066,14,0
2025-05-28 13:00:00,174.89,175.02,173.42,173.5,1910,14,0
2025-05-28 14:00:00,173.46,173.81,172.38,172.49,3116,14,0
2025-05-28 15:00:00,172.51,173.32,172.47,172.69,1877,14,0
2025-05-28 16:00:00,172.69,172.96,172.56,172.77,1557,14,0
2025-05-28 17:00:00,172.77,173.17,172.3,172.35,1272,14,0
2025-05-28 18:00:00,172.34,172.57,171.73,172.22,1486,14,0
2025-05-28 19:00:00,172.23,172.75,172.19,172.45,1498,14,0
2025-05-29 13:00:00,173.4,173.66,172.22,172.25,1588,14,0
2025-05-29 14:00:00,172.23,172.45,171.2,172.35,2970,14,0
2025-05-29 15:00:00,172.34,172.42,170.49,170.65,2203,14,0
2025-05-29 16:00:00,170.64,171.4,170.41,171.28,2032,14,0
2025-05-29 17:00:00,171.26,171.58,170.94,171.13,1837,14,0
2025-05-29 18:00:00,171.13,171.5,170.69,171.28,1635,14,0
2025-05-29 19:00:00,171.28,171.58,171.04,171.37,1351,14,0
2025-05-30 13:00:00,170.28,170.57,169.55,170.3,1184,14,0
2025-05-30 14:00:00,170.34,170.84,170.08,170.3,2589,14,0
2025-05-30 15:00:00,170.31,170.43,169.17,170.02,2262,14,0
2025-05-30 16:00:00,170.01,170.04,167.21,167.59,2983,14,0
2025-05-30 17:00:00,167.57,169.45,167.38,169.24,2264,14,0
2025-05-30 18:00:00,169.23,169.88,169.08,169.79,2050,14,0
2025-05-30 19:00:00,169.79,171.06,169.7,170.94,1573,14,0
2025-06-02 13:00:00,169.45,169.45,167.79,167.95,1594,14,0
2025-06-02 14:00:00,167.91,169.06,167.33,168.77,3378,14,0
2025-06-02 15:00:00,168.75,169.07,168.21,168.89,2089,14,0
2025-06-02 16:00:00,168.9,169.15,168.59,168.91,1525,14,0
2025-06-02 17:00:00,168.92,169.09,168.15,168.22,1335,14,0
2025-06-02 18:00:00,168.21,168.76,168.13,168.57,1340,14,0
2025-06-02 19:00:00,168.57,169.1,168.55,168.79,926,14,0
2025-06-03 13:00:00,165.62,166.66,165.05,166.44,1852,14,0
2025-06-03 14:00:00,166.46,167.19,166.29,166.7,2963,14,0
2025-06-03 15:00:00,166.7,167.25,166.41,166.97,1965,14,0
2025-06-03 16:00:00,166.98,167.88,166.66,167.61,1574,14,0
2025-06-03 17:00:00,167.62,168.21,167.37,167.89,1418,14,0
2025-06-03 18:00:00,167.89,167.94,166.67,166.75,1723,14,0
2025-06-03 19:00:00,166.77,166.98,166.19,166.28,1164,14,0
2025-06-04 13:00:00,167.09,167.34,166.66,167.2,1045,14,0
2025-06-04 14:00:00,167.15,167.35,166.13,166.97,2591,14,0
2025-06-04 15:00:00,166.99,167.15,166.26,166.41,1965,14,0
2025-06-04 16:00:00,166.39,166.78,166.1,166.54,1493,14,0
2025-06-04 17:00:00,166.54,167.53,166.5,167.47,1245,14,0
2025-06-04 18:00:00,167.46,167.56,167.05,167.46,1135,14,0
2025-06-04 19:00:00,167.46,167.65,167.33,167.5,940,14,0
2025-06-05 13:00:00,169.47,170.12,169.0,169.42,1591,14,0
2025-06-05 14:00:00,169.41,170.3,168.17,169.51,3510,14,0
2025-06-05 15:00:00,169.52,170.0,169.05,169.41,2083,14,0
2025-06-05 16:00:00,169.4,169.86,168.5,168.69,2057,14,0
2025-06-05 17:00:00,168.67,170.02,168.51,169.61,1725,14,0
2025-06-05 18:00:00,169.61,169.79,169.04,169.51,1899,14,0
2025-06-05 19:00:00,169.51,169.52,167.45,168.38,2268,14,0
2025-06-06 13:00:00,171.14,172.25,171.06,172.13,1433,14,0
2025-06-06 14:00:00,172.15,173.55,171.91,172.23,3069,14,0
2025-06-06 15:00:00,172.25,172.98,171.48,172.69,2240,14,0
2025-06-06 16:00:00,172.69,172.82,171.87,172.42,1661,14,0
2025-06-06 17:00:00,172.39,173.27,172.17,173.19,1389,14,0
2025-06-06 18:00:00,173.18,174.21,173.08,173.68,1583,14,0
2025-06-06 19:00:00,173.68,173.83,173.06,173.52,1263,14,0
2025-06-09 13:00:00,174.81,175.8,174.61,175.4,1514,14,0
2025-06-09 14:00:00,175.43,176.4,174.96,174.96,2858,14,0
2025-06-09 15:00:00,174.97,175.92,174.83,175.71,1877,14,0
2025-06-09 16:00:00,175.71,176.01,175.39,175.82,1437,14,0
2025-06-09 17:00:00,175.82,176.2,175.67,175.94,1440,14,0
2025-06-09 18:00:00,175.94,176.39,175.53,176.27,1236,14,0
2025-06-09 19:00:00,176.28,176.31,175.87,175.93,927,14,0
2025-06-10 13:00:00,177.07,179.56,176.5,178.5,4430,14,0
2025-06-10 14:00:00,178.47,181.03,178.29,179.77,5650,14,0
2025-06-10 15:00:00,179.79,180.11,178.54,179.58,3196,14,0
2025-06-10 16:00:00,179.57,180.24,179.38,179.74,1943,14,0
2025-06-10 17:00:00,179.74,179.89,178.44,178.46,1733,14,0
2025-06-10 18:00:00,178.44,179.16,178.07,178.93,1588,14,0
2025-06-10 19:00:00,178.93,179.16,174.82,178.41,4565,14,0
2025-06-11 13:00:00,179.05,179.42,178.09,178.86,1353,14,0
2025-06-11 14:00:00,178.87,179.32,178.41,178.59,2552,14,0
2025-06-11 15:00:00,178.59,178.98,178.23,178.28,1835,14,0
2025-06-11 16:00:00,178.28,178.44,177.45,177.79,1862,14,0
2025-06-11 17:00:00,177.79,178.1,177.05,177.12,1585,14,0
2025-06-11 18:00:00,177.1,178.1,176.69,177.55,2452,14,0
2025-06-11 19:00:00,177.56,177.82,177.05,177.66,1556,14,0
2025-06-12 13:00:00,175.01,176.09,174.9,175.57,1296,14,0
2025-06-12 14:00:00,175.59,176.3,175.03,175.86,2388,14,0
2025-06-12 15:00:00,175.88,176.29,175.42,176.04,1791,14,0
2025-06-12 16:00:00,176.06,176.64,175.95,176.16,1644,14,0
2025-06-12 17:00:00,176.17,176.45,176.04,176.11,1079,14,0
2025-06-12 18:00:00,176.11,176.16,175.79,175.95,1046,14,0
2025-06-12 19:00:00,175.94,176.11,175.57,175.61,758,14,0
2025-06-13 13:00:00,174.23,174.49,173.56,174.22,1257,14,0
2025-06-13 14:00:00,174.2,175.58,173.6,175.18,3223,14,0
2025-06-13 15:00:00,175.18,176.67,175.18,176.58,1992,14,0
2025-06-13 16:00:00,176.57,177.05,176.35,176.76,1577,14,0
2025-06-13 17:00:00,176.74,176.84,176.25,176.58,1666,14,0
2025-06-13 18:00:00,176.58,176.71,175.19,175.47,2456,14,0
2025-06-13 19:00:00,175.45,175.6,174.69,174.74,1793,14,0
2025-06-16 13:00:00,175.22,175.78,174.63,175.58,1441,14,0
2025-06-16 14:00:00,175.6,176.09,175.26,176.01,2674,14,0
2025-06-16 15:00:00,176.02,176.31,175.03,175.17,1932,14,0
2025-06-16 16:00:00,175.17,175.55,174.86,175.1,1386,14,0
2025-06-16 17:00:00,175.11,175.88,174.98,175.6,1491,14,0
2025-06-16 18:00:00,175.61,176.32,175.54,176.25,1099,14,0
2025-06-16 19:00:00,176.23,176.67,176.07,176.5,1045,14,0
2025-06-17 13:00:00,175.51,175.78,174.52,175.02,1224,14,0
2025-06-17 14:00:00,175.03,176.32,174.68,176.05,2543,14,0
2025-06-17 15:00:00,176.06,177.24,176.03,176.92,2159,14,0
2025-06-17 16:00:00,176.93,177.29,176.34,176.44,1609,14,0
2025-06-17 17:00:00,176.43,176.94,176.04,176.22,1876,14,0
2025-06-17 18:00:00,176.19,176.42,175.81,176.4,1803,14,0
2025-06-17 19:00:00,176.4,176.69,176.13,176.23,1069,14,0
2025-06-18 13:00:00,175.5,176.49,175.46,176.22,997,14,0
2025-06-18 14:00:00,176.2,176.37,175.04,175.54,2505,14,0
2025-06-18 15:00:00,175.55,175.62,174.97,175.04,1565,14,0
2025-06-18 16:00:00,175.04,175.75,174.83,175.61,1655,14,0
2025-06-18 17:00:00,175.62,176.12,175.16,175.71,1496,14,0
2025-06-18 18:00:00,175.75,176.12,174.84,174.98,2341,14,0
2025-06-18 19:00:00,175.01,175.69,174.82,175.3,1890,14,0
2025-06-20 13:00:00,173.49,174.28,172.49,172.73,1505,14,0
2025-06-20 14:00:00,172.69,173.12,169.0,169.39,4035,14,0
2025-06-20 15:00:00,169.37,169.43,168.17,168.46,3476,14,0
2025-06-20 16:00:00,168.45,169.49,168.41,169.04,2269,14,0
2025-06-20 17:00:00,169.03,169.24,167.97,168.87,2064,14,0
2025-06-20 18:00:00,168.87,169.24,168.15,168.21,1642,14,0
2025-06-20 19:00:00,168.2,168.23,166.75,167.14,1865,14,0
2025-06-23 13:00:00,164.84,165.59,164.29,165.43,1498,14,0
2025-06-23 14:00:00,165.41,167.26,165.36,166.08,3033,14,0
2025-06-23 15:00:00,166.07,166.35,164.1,164.35,2483,14,0
2025-06-23 16:00:00,164.35,164.52,162.34,162.78,3745,14,0
2025-06-23 17:00:00,162.8,163.22,162.01,163.0,3281,14,0
2025-06-23 18:00:00,163.02,164.01,162.92,163.64,1963,14,0
2025-06-23 19:00:00,163.62,164.97,163.62,164.71,1475,14,0
2025-06-24 13:00:00,166.65,167.22,166.27,166.53,1728,14,0
2025-06-24 14:00:00,166.53,167.46,166.43,166.92,2810,14,0
2025-06-24 15:00:00,166.91,168.09,166.91,167.67,2677,14,0
2025-06-24 16:00:00,167.66,168.14,167.45,167.7,1778,14,0
2025-06-24 17:00:00,167.68,167.82,167.14,167.34,1378,14,0
2025-06-24 18:00:00,167.35,167.62,167.14,167.54,1195,14,0
2025-06-24 19:00:00,167.54,167.74,166.65,166.89,1160,14,0
2025-06-25 13:00:00,170.45,171.08,168.9,169.97,2501,14,0
2025-06-25 14:00:00,170.03,171.7,169.54,170.95,3487,14,0
2025-06-25 15:00:00,170.94,172.29,170.43,171.96,2393,14,0
2025-06-25 16:00:00,171.94,171.97,170.56,170.82,1825,14,0
2025-06-25 17:00:00,170.83,171.12,169.58,169.81,1841,14,0
2025-06-25 18:00:00,169.82,170.57,169.64,170.13,1367,14,0
2025-06-25 19:00:00,170.15,170.62,169.99,170.45,1074,14,0
2025-06-26 13:00:00,170.83,171.35,169.87,170.9,1661,14,0
2025-06-26 14:00:00,170.92,171.8,170.6,171.69,2727,14,0
2025-06-26 15:00:00,171.69,172.88,171.65,172.57,2117,14,0
2025-06-26 16:00:00,172.57,172.86,172.12,172.44,1478,14,0
2025-06-26 17:00:00,172.44,173.37,172.42,173.08,1169,14,0
2025-06-26 18:00:00,173.09,173.35,172.65,172.7,1360,14,0
2025-06-26 19:00:00,172.71,173.07,172.54,172.83,1020,14,0
2025-06-27 13:00:00,174.08,174.95,173.82,174.45,1253,14,0
2025-06-27 14:00:00,174.46,174.8,173.45,174.31,2761,14,0
2025-06-27 15:00:00,174.31,174.33,173.45,173.68,1825,14,0
2025-06-27 16:00:00,173.68,173.7,172.69,173.33,1892,14,0
2025-06-27 17:00:00,173.34,173.5,172.48,172.77,1821,14,0
2025-06-27 18:00:00,172.76,172.93,171.67,172.03,2040,14,0
2025-06-27 19:00:00,172.03,174.3,172.03,174.07,1797,14,0
2025-06-30 13:00:00,178.74,179.47,177.39,177.81,2195,14,0
2025-06-30 14:00:00,177.77,178.36,175.47,176.75,4026,14,0
2025-06-30 15:00:00,176.75,177.28,176.08,176.23,2773,14,0
2025-06-30 16:00:00,176.24,177.85,176.09,177.43,2019,14,0
2025-06-30 17:00:00,177.43,177.89,177.1,177.51,1719,14,0
2025-06-30 18:00:00,177.51,177.56,174.54,176.51,3213,14,0
2025-06-30 19:00:00,176.51,176.7,175.85,176.05,1662,14,0
2025-07-01 13:00:00,174.72,175.16,174.22,174.83,1280,14,0
2025-07-01 14:00:00,174.85,175.65,174.2,174.23,2984,14,0
2025-07-01 15:00:00,174.21,175.06,173.47,174.76,2595,14,0
2025-07-01 16:00:00,174.77,174.98,173.93,174.79,2097,14,0
2025-07-01 17:00:00,174.8,175.59,174.75,175.52,1581,14,0
2025-07-01 18:00:00,175.52,175.74,175.05,175.1,1242,14,0
2025-07-01 19:00:00,175.09,175.87,174.71,175.81,1263,14,0
2025-07-02 13:00:00,175.59,176.35,175.21,176.17,1311,14,0
2025-07-02 14:00:00,176.17,176.95,175.82,176.56,2780,14,0
2025-07-02 15:00:00,176.58,177.96,176.58,177.93,1951,14,0
2025-07-02 16:00:00,177.96,178.17,177.47,177.95,1496,14,0
2025-07-02 17:00:00,177.95,178.78,177.85,178.38,1507,14,0
2025-07-02 18:00:00,178.4,178.65,177.93,178.26,1248,14,0
2025-07-02 19:00:00,178.26,178.54,177.76,178.27,1037,14,0
2025-07-03 13:00:00,178.0,178.5,176.98,178.3,1423,14,0
2025-07-03 14:00:00,178.3,178.66,177.81,178.43,2387,14,0
2025-07-03 15:00:00,178.43,178.99,178.38,178.62,1543,14,0
2025-07-03 16:00:00,178.63,179.6,178.49,179.4,1537,14,0
2025-07-07 13:00:00,178.25,178.31,177.5,177.89,1274,14,0
2025-07-07 14:00:00,177.86,178.01,176.46,176.79,2619,14,0
2025-07-07 15:00:00,176.77,177.64,176.72,177.11,1818,14,0
2025-07-07 16:00:00,177.12,177.47,176.05,176.23,2253,14,0
2025-07-07 17:00:00,176.23,176.7,175.97,176.33,1834,14,0
2025-07-07 18:00:00,176.33,176.39,175.62,176.19,1807,14,0
2025-07-07 19:00:00,176.2,176.38,175.89,176.06,1165,14,0
2025-07-08 13:00:00,176.79,177.08,175.78,175.78,1076,14,0
2025-07-08 14:00:00,175.76,175.8,174.48,174.87,3050,14,0
2025-07-08 15:00:00,174.87,175.22,172.75,174.15,2567,14,0
2025-07-08 16:00:00,174.16,174.74,173.91,174.0,1645,14,0
2025-07-08 17:00:00,174.0,174.3,173.89,174.07,1175,14,0
2025-07-08 18:00:00,174.07,174.11,173.44,173.48,871,14,0
2025-07-08 19:00:00,173.47,174.06,173.36,174.02,820,14,0
2025-07-09 13:00:00,175.52,177.07,175.37,176.97,1254,14,0
2025-07-09 14:00:00,176.94,179.34,176.79,177.16,4027,14,0
2025-07-09 15:00:00,177.14,178.1,175.5,177.36,3039,14,0
2025-07-09 16:00:00,177.36,177.72,176.56,177.55,1809,14,0
2025-07-09 17:00:00,177.55,177.64,172.69,175.42,3654,14,0
2025-07-09 18:00:00,175.37,176.65,174.8,176.49,2592,14,0
2025-07-09 19:00:00,176.48,176.69,176.11,176.55,1057,14,0
2025-07-10 13:00:00,175.22,175.75,174.59,174.96,1414,14,0
2025-07-10 14:00:00,174.94,175.6,174.78,175.2,2687,14,0
2025-07-10 15:00:00,175.2,176.53,175.18,176.46,2258,14,0
2025-07-10 16:00:00,176.46,177.11,176.23,176.81,1419,14,0
2025-07-10 17:00:00,176.81,178.35,176.8,177.4,1889,14,0
2025-07-10 18:00:00,177.37,177.84,177.1,177.34,1370,14,0
2025-07-10 19:00:00,177.34,177.77,177.29,177.55,819,14,0
2025-07-11 13:00:00,177.07,177.82,176.72,177.55,1173,14,0
2025-07-11 14:00:00,177.57,178.55,176.4,178.51,2493,14,0
2025-07-11 15:00:00,178.52,180.85,177.92,180.01,3089,14,0
2025-07-11 16:00:00,180.03,180.31,179.37,179.69,2099,14,0
2025-07-11 17:00:00,179.68,180.61,179.6,180.55,1643,14,0
2025-07-11 18:00:00,180.54,181.35,180.37,180.51,1474,14,0
2025-07-11 19:00:00,180.51,180.62,180.14,180.3,1163,14,0
2025-07-14 13:00:00,181.16,181.25,179.82,180.54,2330,14,0
2025-07-14 14:00:00,180.57,180.84,179.61,180.36,3151,14,0
2025-07-14 15:00:00,180.33,181.03,180.1,180.55,2155,14,0
2025-07-14 16:00:00,180.54,181.2,180.32,181.09,1372,14,0
2025-07-14 17:00:00,181.09,181.72,180.93,181.11,1472,14,0
2025-07-14 18:00:00,181.11,181.91,181.03,181.39,1089,14,0
2025-07-14 19:00:00,181.39,181.75,181.05,181.58,996,14,0
2025-07-15 13:00:00,181.93,182.64,181.55,182.46,1401,14,0
2025-07-15 14:00:00,182.48,183.31,182.18,182.62,3332,14,0
2025-07-15 15:00:00,182.64,184.02,182.64,183.42,2228,14,0
2025-07-15 16:00:00,183.4,183.44,182.64,182.82,1825,14,0
2025-07-15 17:00:00,182.81,183.88,182.81,183.7,1237,14,0
2025-07-15 18:00:00,183.69,184.15,183.36,183.36,1329,14,0
2025-07-15 19:00:00,183.34,183.67,182.93,183.46,1269,14,0
2025-07-16 13:00:00,183.3,183.91,181.97,182.04,1763,14,0
2025-07-16 14:00:00,182.01,183.94,181.96,183.67,3721,14,0
2025-07-16 15:00:00,183.69,184.25,182.06,183.07,3942,14,0
2025-07-16 16:00:00,183.08,183.9,182.82,183.88,1898,14,0
2025-07-16 17:00:00,183.89,184.13,183.63,183.98,1512,14,0
2025-07-16 18:00:00,183.99,183.99,183.25,183.65,1605,14,0
2025-07-16 19:00:00,183.65,183.72,182.8,183.24,1664,14,0
2025-07-17 13:00:00,181.62,181.65,180.42,181.29,1892,14,0
2025-07-17 14:00:00,181.28,182.65,181.27,181.86,2832,14,0
2025-07-17 15:00:00,181.86,182.67,181.86,182.54,1852,14,0
2025-07-17 16:00:00,182.52,183.02,182.5,182.71,1286,14,0
2025-07-17 17:00:00,182.71,183.32,182.15,183.27,1314,14,0
2025-07-17 18:00:00,183.29,183.85,183.2,183.46,1499,14,0
2025-07-17 19:00:00,183.46,183.98,183.4,183.79,926,14,0
2025-07-18 13:00:00,184.98,185.34,184.43,184.47,1354,14,0
2025-07-18 14:00:00,184.6,185.14,183.65,184.71,3139,14,0
2025-07-18 15:00:00,184.71,185.49,184.38,185.3,1994,14,0
2025-07-18 16:00:00,185.3,185.33,184.62,184.9,1778,14,0
2025-07-18 17:00:00,184.92,185.27,184.7,184.98,1311,14,0
2025-07-18 18:00:00,185.0,185.32,184.41,184.55,1179,14,0
2025-07-18 19:00:00,184.55,184.89,184.44,184.77,923,14,0
2025-07-21 13:00:00,188.42,189.71,188.01,188.92,1974,14,0
2025-07-21 14:00:00,188.94,189.77,188.37,189.23,3785,14,0
2025-07-21 15:00:00,189.25,189.32,188.36,188.42,1907,14,0
2025-07-21 16:00:00,188.42,189.31,187.98,189.24,1445,14,0
2025-07-21 17:00:00,189.24,189.57,189.11,189.37,976,14,0
2025-07-21 18:00:00,189.37,190.03,189.3,189.85,1050,14,0
2025-07-21 19:00:00,189.87,190.2,189.54,190.06,1240,14,0
2025-07-22 13:00:00,189.43,190.03,187.41,188.7,2246,14,0
2025-07-22 14:00:00,188.67,189.77,188.11,189.64,3290,14,0
2025-07-22 15:00:00,189.65,189.72,188.75,189.53,2053,14,0
2025-07-22 16:00:00,189.52,190.44,189.09,190.31,2511,14,0
2025-07-22 17:00:00,190.31,191.08,190.26,190.63,1409,14,0
2025-07-22 18:00:00,190.63,191.54,190.15,191.34,1697,14,0
2025-07-22 19:00:00,191.34,191.55,190.99,191.3,1242,14,0
2025-07-23 13:00:00,190.44,190.77,189.52,189.8,1640,14,0
2025-07-23 14:00:00,189.85,190.4,189.13,189.58,3274,14,0
2025-07-23 15:00:00,189.58,190.36,189.41,189.96,2173,14,0
2025-07-23 16:00:00,189.93,190.02,189.15,189.46,2101,14,0
2025-07-23 17:00:00,189.45,190.29,189.3,190.05,1529,14,0
2025-07-23 18:00:00,190.05,190.5,189.78,190.21,1430,14,0
2025-07-23 19:00:00,190.23,190.81,190.14,190.32,1188,14,0
2025-07-24 13:00:00,194.23,195.46,192.58,193.4,2366,22,0
2025-07-24 14:00:00,193.37,193.44,190.88,192.88,4183,14,0
2025-07-24 15:00:00,192.85,194.26,192.73,193.18,2840,14,0
2025-07-24 16:00:00,193.2,193.53,191.53,191.6,2388,14,0
2025-07-24 17:00:00,191.6,193.35,191.58,193.2,1833,14,0
2025-07-24 18:00:00,193.19,194.08,192.86,192.97,1683,14,0
2025-07-24 19:00:00,192.95,193.44,192.06,192.16,1659,14,0
2025-07-25 13:00:00,191.86,194.21,191.73,193.37,2235,14,0
2025-07-25 14:00:00,193.36,193.85,192.46,192.79,4006,14,0
2025-07-25 15:00:00,192.76,193.8,192.61,193.31,2244,14,0
2025-07-25 16:00:00,193.31,193.51,192.85,193.14,1558,14,0
2025-07-25 17:00:00,193.16,193.25,192.69,192.69,1055,14,0
2025-07-25 18:00:00,192.69,193.75,192.64,193.01,1155,14,0
2025-07-25 19:00:00,192.98,193.29,192.88,193.07,1081,14,0
2025-07-28 13:00:00,192.98,193.34,192.21,192.65,1308,14,0
2025-07-28 14:00:00,192.63,192.77,191.13,191.63,2793,14,0
2025-07-28 15:00:00,191.63,191.92,190.88,191.19,1705,14,0
2025-07-28 16:00:00,191.18,191.87,190.74,191.77,1396,14,0
2025-07-28 17:00:00,191.77,192.13,191.41,191.93,1286,14,0
2025-07-28 18:00:00,191.92,192.3,191.66,191.66,1131,14,0
2025-07-28 19:00:00,191.66,191.95,191.49,191.79,793,14,0
2025-07-29 13:00:00,193.07,193.46,191.96,192.44,1230,14,0
2025-07-29 14:00:00,192.48,193.35,192.22,193.22,2749,14,0
2025-07-29 15:00:00,193.21,194.37,192.99,194.14,2549,14,0
2025-07-29 16:00:00,194.14,195.54,194.03,195.4,2481,14,0
2025-07-29 17:00:00,195.39,195.6,194.5,194.81,1847,14,0
2025-07-29 18:00:00,194.8,195.26,194.74,195.05,1468,14,0
2025-07-29 19:00:00,195.06,195.52,194.92,195.51,1329,14,0
2025-07-30 13:00:00,195.77,196.66,194.91,195.01,1487,14,0
2025-07-30 14:00:00,195.01,196.41,194.55,196.03,2647,14,0
2025-07-30 15:00:00,196.03,197.06,196.01,197.02,1965,14,0
2025-07-30 16:00:00,197.03,197.46,196.69,197.06,1403,14,0
2025-07-30 17:00:00,197.05,197.12,196.29,196.77,988,14,0
2025-07-30 18:00:00,196.78,197.22,195.93,195.98,2344,14,0
2025-07-30 19:00:00,195.99,196.16,195.14,195.9,2397,14,0
2025-07-31 13:00:00,193.9,194.12,192.3,193.4,2299,14,0
2025-07-31 14:00:00,193.37,194.38,191.76,191.77,4206,14,0
2025-07-31 15:00:00,191.75,193.21,191.1,193.13,2991,14,0
2025-07-31 16:00:00,193.12,193.83,192.47,192.75,1682,14,0
2025-07-31 17:00:00,192.74,192.98,191.75,192.17,2210,14,0
2025-07-31 18:00:00,192.15,192.42,191.48,191.51,2127,14,0
2025-07-31 19:00:00,191.53,192.01,191.45,191.77,1512,14,0
2025-08-01 13:00:00,189.03,189.37,188.31,188.86,1617,14,0
2025-08-01 14:00:00,188.83,189.91,187.69,188.62,4138,14,0
2025-08-01 15:00:00,188.63,189.2,188.26,188.86,2580,14,0
2025-08-01 16:00:00,188.88,189.3,187.78,187.91,2035,14,0
2025-08-01 17:00:00,187.91,188.87,187.74,188.75,2104,14,0
2025-08-01 18:00:00,188.75,189.21,188.39,188.87,1955,14,0
2025-08-01 19:00:00,188.85,188.97,188.42,188.77,1594,14,0
2025-08-04 13:00:00,192.38,194.35,192.08,194.1,1885,14,0
2025-08-04 14:00:00,194.13,194.43,193.21,193.4,3035,14,0
2025-08-04 15:00:00,193.41,194.01,192.69,193.94,1944,14,0
2025-08-04 16:00:00,193.96,194.07,193.61,193.9,1506,14,0
2025-08-04 17:00:00,193.9,194.4,193.8,194.36,1266,14,0
2025-08-04 18:00:00,194.35,195.13,194.26,194.75,1448,14,0
2025-08-04 19:00:00,194.75,194.86,194.13,194.4,1150,14,0
2025-08-05 13:00:00,196.56,197.7,196.21,196.83,1514,14,0
2025-08-05 14:00:00,196.67,197.14,194.89,195.17,3259,14,0
2025-08-05 15:00:00,195.17,195.81,194.87,195.33,2265,14,0
2025-08-05 16:00:00,195.31,195.6,194.53,194.65,1655,14,0
2025-08-05 17:00:00,194.64,195.4,194.56,195.32,1249,14,0
2025-08-05 18:00:00,195.31,195.52,194.22,194.54,1467,14,0
2025-08-05 19:00:00,194.51,194.77,193.75,194.06,1210,14,0
2025-08-06 13:00:00,195.05,195.14,193.78,193.88,1603,14,0
2025-08-06 14:00:00,193.88,195.46,193.53,195.31,2765,14,0
2025-08-06 15:00:00,195.32,195.99,194.73,195.83,2021,14,0
2025-08-06 16:00:00,195.82,196.42,195.5,196.0,1903,14,0
2025-08-06 17:00:00,196.0,196.35,195.55,196.22,1156,14,0
2025-08-06 18:00:00,196.21,196.33,195.87,196.23,1141,14,0
2025-08-06 19:00:00,196.23,196.33,195.6,195.6,822,14,0
2025-08-07 13:00:00,196.76,196.81,195.33,196.24,1466,14,0
2025-08-07 14:00:00,196.21,197.23,195.74,196.57,3278,14,0
2025-08-07 15:00:00,196.57,196.65,196.01,196.57,2032,14,0
2025-08-07 16:00:00,196.57,196.8,195.67,196.21,1867,14,0
2025-08-07 17:00:00,196.22,196.44,194.75,195.31,2161,14,0
2025-08-07 18:00:00,195.31,195.45,194.19,194.84,1644,14,0
2025-08-07 19:00:00,194.86,195.95,194.72,195.85,1159,14,0
2025-08-08 13:00:00,197.64,200.32,197.64,200.04,1451,14,0
2025-08-08 14:00:00,200.08,201.48,199.92,201.28,3197,14,0
2025-08-08 15:00:00,201.32,202.4,200.75,200.83,2417,14,0
2025-08-08 16:00:00,200.79,201.45,200.25,200.49,1786,14,0
2025-08-08 17:00:00,200.49,201.12,200.26,200.94,1446,14,0
2025-08-08 18:00:00,200.94,201.14,200.47,201.04,1294,14,0
2025-08-08 19:00:00,201.04,201.52,200.92,201.18,1017,14,0
2025-08-11 13:00:00,199.38,200.39,199.25,199.47,1520,14,0
2025-08-11 14:00:00,199.44,200.7,198.93,200.36,2432,14,0
2025-08-11 15:00:00,200.36,201.23,200.09,200.95,1756,14,0
2025-08-11 16:00:00,200.95,201.32,200.71,200.84,1365,14,0
2025-08-11 17:00:00,200.84,201.14,200.62,200.76,1308,14,0
2025-08-11 18:00:00,200.76,200.92,200.24,200.85,1183,14,0
2025-08-11 19:00:00,200.83,201.06,200.72,200.93,921,14,0
2025-08-12 13:00:00,203.87,204.33,201.33,201.34,2423,14,0
2025-08-12 14:00:00,201.33,202.8,200.43,201.98,3542,14,0
2025-08-12 15:00:00,201.96,203.29,201.27,203.06,3340,14,0
2025-08-12 16:00:00,203.06,204.06,202.25,203.74,1816,14,0
2025-08-12 17:00:00,203.74,203.91,203.24,203.5,1281,14,0
2025-08-12 18:00:00,203.5,203.97,203.3,203.84,996,14,0
2025-08-12 19:00:00,203.84,203.99,203.62,203.7,877,14,0
2025-08-13 13:00:00,203.91,204.34,202.39,202.77,1411,14,0
2025-08-13 14:00:00,202.76,203.43,202.06,203.33,2748,14,0
2025-08-13 15:00:00,203.33,203.61,202.57,202.61,1916,14,0
2025-08-13 16:00:00,202.62,202.64,201.99,202.18,1423,14,0
2025-08-13 17:00:00,202.17,202.68,202.12,202.64,1109,14,0
2025-08-13 18:00:00,202.63,202.74,197.31,201.52,4583,14,0
2025-08-13 19:00:00,201.51,201.97,201.39,201.52,1483,14,0
2025-08-14 13:00:00,201.3,203.0,201.3,201.9,1703,14,0
2025-08-14 14:00:00,201.94,203.1,201.06,203.08,3023,14,0
2025-08-14 15:00:00,203.07,204.26,202.85,204.0,2648,14,0
2025-08-14 16:00:00,204.0,204.08,203.3,203.85,2023,14,0
2025-08-14 17:00:00,203.86,204.14,203.01,203.29,1333,14,0
2025-08-14 18:00:00,203.29,203.41,202.57,203.07,1521,14,0
2025-08-14 19:00:00,203.07,203.29,202.72,203.08,1015,14,0
2025-08-15 13:00:00,204.41,204.52,203.45,203.99,1468,14,0
2025-08-15 14:00:00,203.91,206.25,203.62,205.45,3764,14,0
2025-08-15 15:00:00,205.46,205.61,204.07,204.17,2115,14,0
2025-08-15 16:00:00,204.17,205.93,204.0,205.85,1848,14,0
2025-08-15 17:00:00,205.85,206.17,205.06,205.36,1353,14,0
2025-08-15 18:00:00,205.37,205.84,201.06,205.4,4488,14,0
2025-08-15 19:00:00,205.38,205.41,204.63,204.78,1354,14,0
2025-08-18 13:00:00,204.64,204.8,203.76,204.02,1397,14,0
2025-08-18 14:00:00,204.0,204.56,202.87,203.52,2692,14,0
2025-08-18 15:00:00,203.5,203.69,202.66,202.9,1664,14,0
2025-08-18 16:00:00,202.9,203.09,202.31,202.46,1306,14,0
2025-08-18 17:00:00,202.46,203.06,202.43,202.77,1044,14,0
2025-08-18 18:00:00,202.77,203.05,202.66,202.97,940,14,0
2025-08-18 19:00:00,202.98,203.21,202.88,203.15,714,14,0
2025-08-19 13:00:00,201.34,202.02,200.73,201.49,1439,14,0
2025-08-19 14:00:00,201.47,202.43,199.95,200.35,3194,14,0
2025-08-19 15:00:00,200.35,200.76,200.27,200.44,2081,14,0
2025-08-19 16:00:00,200.43,200.58,199.77,200.19,1900,14,0
2025-08-19 17:00:00,200.19,201.08,200.1,200.92,1541,14,0
2025-08-19 18:00:00,200.92,201.25,200.64,201.13,1317,14,0
2025-08-19 19:00:00,201.11,201.38,200.82,201.28,1065,14,0
2025-08-20 13:00:00,198.99,199.25,197.32,198.01,2186,14,0
2025-08-20 14:00:00,197.98,198.81,196.58,196.84,4155,14,0
2025-08-20 15:00:00,196.81,198.94,196.4,198.39,2794,14,0
2025-08-20 16:00:00,198.41,199.89,198.29,199.12,2011,14,0
2025-08-20 17:00:00,199.12,200.39,199.06,199.88,1936,14,0
2025-08-20 18:00:00,199.88,199.98,199.12,199.22,2021,14,0
2025-08-20 19:00:00,199.24,200.18,199.24,199.57,1208,14,0
2025-08-21 13:00:00,200.62,201.12,199.85,200.33,1639,14,0
2025-08-21 14:00:00,200.33,202.26,200.09,201.06,3235,14,0
2025-08-21 15:00:00,201.09,201.21,199.35,199.59,2320,14,0
2025-08-21 16:00:00,199.59,199.89,199.38,199.43,1737,14,0
2025-08-21 17:00:00,199.45,200.09,199.34,200.0,1611,14,0
2025-08-21 18:00:00,199.98,200.05,199.41,199.72,1289,14,0
2025-08-21 19:00:00,199.71,200.04,199.66,199.77,855,14,0
2025-08-22 13:00:00,202.53,203.11,201.11,201.25,1594,14,0
2025-08-22 14:00:00,201.27,203.98,201.27,203.59,5577,14,0
2025-08-22 15:00:00,203.6,204.93,203.57,204.39,2398,14,0
2025-08-22 16:00:00,204.39,204.51,203.38,203.6,1914,14,0
2025-08-22 17:00:00,203.59,207.86,203.57,207.38,5719,14,0
2025-08-22 18:00:00,207.38,208.32,206.67,206.71,2542,14,0
2025-08-22 19:00:00,206.73,206.91,205.16,205.45,1684,14,0
2025-08-25 13:00:00,206.87,207.59,206.17,207.59,1860,14,0
2025-08-25 14:00:00,207.59,209.07,207.3,208.31,3638,14,0
2025-08-25 15:00:00,208.31,209.45,207.24,209.43,3213,14,0
2025-08-25 16:00:00,209.42,210.29,209.24,210.0,1895,14,0
2025-08-25 17:00:00,210.0,210.13,209.22,209.53,1600,14,0
2025-08-25 18:00:00,209.53,209.56,208.43,208.66,1346,14,0
2025-08-25 19:00:00,208.67,208.9,208.38,208.84,1039,14,0
2025-08-26 13:00:00,206.73,207.19,205.56,206.29,1470,14,0
2025-08-26 14:00:00,206.29,206.9,205.68,205.72,2811,14,0
2025-08-26 15:00:00,205.74,206.67,205.65,206.6,1740,14,0
2025-08-26 16:00:00,206.6,207.45,206.59,207.14,1255,14,0
2025-08-26 17:00:00,207.14,207.23,206.4,206.52,976,14,0
2025-08-26 18:00:00,206.52,206.87,206.5,206.51,929,14,0
2025-08-26 19:00:00,206.5,207.03,206.35,206.73,809,14,0
2025-08-27 13:00:00,206.83,208.0,206.66,207.74,1391,14,0
2025-08-27 14:00:00,207.76,208.67,207.5,208.1,2496,14,0
2025-08-27 15:00:00,208.11,208.21,205.9,207.73,2617,14,0
2025-08-27 16:00:00,207.74,207.74,206.48,207.27,1631,14,0
2025-08-27 17:00:00,207.27,207.35,206.86,207.04,963,14,0
2025-08-27 18:00:00,207.04,207.31,206.74,206.88,1016,14,0
2025-08-27 19:00:00,206.91,207.55,206.39,207.52,958,14,0
2025-08-28 13:00:00,209.11,209.84,208.65,209.81,1980,14,0
2025-08-28 14:00:00,209.79,210.92,209.68,210.55,4317,14,0
2025-08-28 15:00:00,210.55,211.61,210.44,210.89,2183,14,0
2025-08-28 16:00:00,210.89,211.93,210.75,211.23,1520,14,0
2025-08-28 17:00:00,211.23,211.91,211.15,211.81,1257,14,0
2025-08-28 18:00:00,211.8,211.94,211.2,211.76,1187,14,0
2025-08-28 19:00:00,211.77,211.94,211.53,211.85,891,14,0
2025-08-29 13:00:00,211.56,212.05,210.76,210.86,1452,14,0
2025-08-29 14:00:00,210.9,212.18,210.69,211.0,3873,14,0
2025-08-29 15:00:00,210.99,211.84,210.99,211.22,2183,14,0
2025-08-29 16:00:00,211.2,212.09,211.17,211.91,1560,14,0
2025-08-29 17:00:00,211.91,212.94,211.15,212.26,2017,14,0
2025-08-29 18:00:00,212.23,214.36,212.05,213.36,3502,14,0
2025-08-29 19:00:00,213.37,213.56,212.5,213.1,1572,14,0
2025-09-02 13:00:00,208.58,209.03,207.86,208.77,1748,14,0
2025-09-02 14:00:00,208.73,209.7,207.12,207.79,4235,14,0
2025-09-02 15:00:00,207.79,208.0,205.94,206.54,3288,14,0
2025-09-02 16:00:00,206.56,208.06,206.56,208.01,1989,14,0
2025-09-02 17:00:00,208.02,210.06,208.01,209.85,1959,14,0
2025-09-02 18:00:00,209.84,210.46,209.23,209.73,2039,14,0
2025-09-02 19:00:00,209.73,210.68,209.73,210.57,1200,14,0
2025-09-03 13:00:00,227.39,229.61,226.86,229.4,2841,22,0
2025-09-03 14:00:00,229.35,230.53,226.78,229.04,5586,14,0
2025-09-03 15:00:00,229.07,230.21,228.05,228.21,3709,14,0
2025-09-03 16:00:00,228.18,230.01,228.01,229.42,3116,14,0
2025-09-03 17:00:00,229.42,230.77,229.18,229.51,2809,14,0
2025-09-03 18:00:00,229.5,229.5,227.84,228.75,2983,14,0
2025-09-03 19:00:00,228.73,229.52,228.7,229.1,1879,14,0
2025-09-04 13:00:00,228.55,228.55,226.77,227.01,1680,14,0
2025-09-04 14:00:00,226.96,227.69,225.81,227.47,4148,14,0
2025-09-04 15:00:00,227.47,227.86,226.95,227.78,2460,14,0
2025-09-04 16:00:00,227.76,228.25,227.5,227.85,1993,14,0
2025-09-04 17:00:00,227.83,229.59,227.83,229.38,1792,14,0
2025-09-04 18:00:00,229.38,230.95,229.38,230.93,1805,14,0
2025-09-04 19:00:00,230.95,231.76,230.56,231.63,1417,14,0
2025-09-05 13:00:00,233.67,235.44,233.61,234.59,1629,14,0
2025-09-05 14:00:00,234.55,234.76,231.59,231.81,4251,14,0
2025-09-05 15:00:00,231.79,234.35,231.72,233.92,3898,14,0
2025-09-05 16:00:00,233.93,234.75,233.63,233.78,2768,14,0
2025-09-05 17:00:00,233.78,234.16,233.21,233.73,2270,14,0
2025-09-05 18:00:00,233.74,234.02,232.66,233.33,2113,14,0
2025-09-05 19:00:00,233.33,234.75,233.16,234.64,1653,14,0
2025-09-08 13:00:00,236.67,238.0,236.43,236.92,1564,14,0
2025-09-08 14:00:00,236.91,237.21,234.97,235.44,3032,14,0
2025-09-08 15:00:00,235.43,235.96,234.7,235.95,2104,14,0
2025-09-08 16:00:00,235.96,235.98,234.38,234.62,1894,14,0
2025-09-08 17:00:00,234.62,234.65,233.83,234.07,1796,14,0
2025-09-08 18:00:00,234.08,234.67,233.84,233.93,1668,14,0
2025-09-08 19:00:00,233.92,234.34,233.61,234.29,1296,14,0
2025-09-09 13:00:00,233.97,235.72,233.78,235.38,1315,14,0
2025-09-09 14:00:00,235.4,236.81,234.98,236.71,3593,14,0
2025-09-09 15:00:00,236.71,236.85,235.5,236.22,2296,14,0
2025-09-09 16:00:00,236.22,237.32,236.18,237.16,1803,14,0
2025-09-09 17:00:00,237.17,238.29,237.17,238.28,2059,14,0
2025-09-09 18:00:00,238.28,239.88,238.14,239.69,1768,14,0
2025-09-09 19:00:00,239.7,240.34,239.22,239.88,1380,14,0
2025-09-10 13:00:00,238.14,239.1,237.77,239.1,1375,22,0
2025-09-10 14:00:00,239.06,241.22,238.92,240.28,2963,14,0
2025-09-10 15:00:00,240.29,241.07,239.91,240.79,2259,14,0
2025-09-10 16:00:00,240.79,241.35,239.74,241.35,1858,14,0
2025-09-10 17:00:00,241.36,241.55,240.25,240.65,1682,14,0
2025-09-10 18:00:00,240.62,240.69,238.92,239.0,1988,14,0
2025-09-10 19:00:00,239.0,239.84,238.5,239.82,1523,14,0
2025-09-11 13:00:00,237.69,238.71,236.77,238.5,1496,14,0
2025-09-11 14:00:00,238.52,238.55,236.16,237.92,3562,14,0
2025-09-11 15:00:00,237.92,239.54,237.9,239.11,2065,14,0
2025-09-11 16:00:00,239.11,240.01,239.11,239.36,1588,14,0
2025-09-11 17:00:00,239.38,240.17,239.05,240.12,1476,14,0
2025-09-11 18:00:00,240.09,241.58,239.87,241.44,1626,14,0
2025-09-11 19:00:00,241.44,242.13,241.35,241.81,1377,14,0
2025-09-12 13:00:00,238.82,239.87,238.6,239.24,1306,22,0
2025-09-12 14:00:00,239.14,239.97,238.51,239.87,2489,14,0
2025-09-12 15:00:00,239.86,240.58,239.52,240.49,1869,14,0
2025-09-12 16:00:00,240.46,241.32,240.09,241.13,1575,14,0
2025-09-12 17:00:00,241.15,242.0,240.77,241.37,1475,14,0
2025-09-12 18:00:00,241.36,241.54,240.94,241.51,1354,14,0
2025-09-12 19:00:00,241.52,241.62,240.64,240.84,1132,14,0
2025-09-15 13:00:00,250.38,250.62,247.03,249.06,2177,22,0
2025-09-15 14:00:00,249.09,252.28,248.42,248.6,4536,22,0
2025-09-15 15:00:00,248.59,249.87,247.91,249.07,2988,22,0
2025-09-15 16:00:00,249.07,250.65,248.3,248.86,2864,22,0
2025-09-15 17:00:00,248.83,249.45,248.31,248.79,1866,22,0
2025-09-15 18:00:00,248.78,250.19,248.61,248.93,2126,22,0
2025-09-15 19:00:00,248.94,251.61,248.74,251.05,1793,22,0
2025-09-16 13:00:00,250.86,251.56,249.4,249.77,1618,22,0
2025-09-16 14:00:00,249.77,251.8,249.52,250.84,2908,22,0
2025-09-16 15:00:00,250.84,251.18,250.41,250.59,1884,22,0
2025-09-16 16:00:00,250.58,252.18,250.52,251.86,1588,14,0
2025-09-16 17:00:00,251.86,252.19,251.37,251.84,1369,14,0
2025-09-16 18:00:00,251.84,251.94,251.37,251.9,1247,14,0
2025-09-16 19:00:00,251.91,252.15,251.16,251.24,1166,14,0
2025-09-17 13:00:00,250.71,251.47,250.57,250.75,1206,22,0
2025-09-17 14:00:00,250.79,250.83,248.41,249.18,2644,22,0
2025-09-17 15:00:00,249.21,249.36,247.33,247.9,2159,22,0
2025-09-17 16:00:00,247.9,248.75,247.65,247.99,1727,14,0
2025-09-17 17:00:00,247.98,248.35,247.38,247.86,1623,14,0
2025-09-17 18:00:00,247.84,248.98,246.19,248.68,5279,14,0
2025-09-17 19:00:00,248.65,250.45,248.6,250.01,3200,14,0
2025-09-18 13:00:00,252.97,253.29,251.02,253.2,1671,22,0
2025-09-18 14:00:00,253.24,253.35,250.55,250.86,3029,22,0
2025-09-18 15:00:00,250.87,251.42,249.7,249.83,2293,14,0
2025-09-18 16:00:00,249.79,250.49,249.79,249.93,1827,14,0
2025-09-18 17:00:00,249.95,251.26,249.95,251.1,1689,14,0
2025-09-18 18:00:00,251.08,251.83,250.98,251.52,1566,14,0
2025-09-18 19:00:00,251.53,252.0,251.21,251.87,1309,14,0
2025-09-19 13:00:00,251.92,253.49,251.89,253.49,1230,22,0
2025-09-19 14:00:00,253.45,253.67,252.12,252.71,2473,14,0
2025-09-19 15:00:00,252.71,253.01,251.81,252.86,2049,14,0
2025-09-19 16:00:00,252.85,253.88,252.84,253.56,1519,14,0
2025-09-19 17:00:00,253.56,254.49,253.35,254.23,1540,14,0
2025-09-19 18:00:00,254.23,254.83,253.77,254.8,1321,14,0
2025-09-19 19:00:00,254.81,255.86,254.69,255.83,1259,14,0
2025-09-22 13:00:00,253.81,253.98,252.73,253.47,1185,22,0
2025-09-22 14:00:00,253.51,254.83,253.3,254.65,2136,22,0
2025-09-22 15:00:00,254.62,254.83,250.22,252.68,3736,22,0
2025-09-22 16:00:00,252.69,252.72,250.64,251.06,3459,22,0
2025-09-22 17:00:00,251.04,251.63,250.82,251.59,1665,22,0
2025-09-22 18:00:00,251.6,252.87,251.5,251.7,1558,22,0
2025-09-22 19:00:00,251.7,251.8,251.02,251.26,1281,14,0
2025-09-23 13:00:00,252.5,252.54,251.11,252.1,1309,22,0
2025-09-23 14:00:00,252.11,252.69,251.03,251.08,2455,22,0
2025-09-23 15:00:00,251.11,253.52,250.82,253.5,2023,14,0
2025-09-23 16:00:00,253.5,253.68,252.39,253.11,1708,14,0
2025-09-23 17:00:00,253.12,253.36,250.39,251.72,2544,14,0
2025-09-23 18:00:00,251.73,251.91,250.81,250.86,1906,14,0
2025-09-23 19:00:00,250.86,251.46,250.48,251.43,1297,14,0
2025-09-24 13:00:00,249.46,249.88,247.97,248.68,1581,22,0
2025-09-24 14:00:00,248.68,250.08,248.54,249.7,2682,22,0
2025-09-24 15:00:00,249.68,249.87,247.82,247.83,2174,14,0
2025-09-24 16:00:00,247.85,248.67,246.93,248.11,2296,14,0
2025-09-24 17:00:00,248.12,248.71,246.33,247.85,1986,14,0
2025-09-24 18:00:00,247.84,247.88,246.8,247.68,1579,14,0
2025-09-24 19:00:00,247.69,248.11,246.63,246.71,1315,14,0
2025-09-25 13:00:00,241.78,243.03,240.64,242.52,1705,22,0
2025-09-25 14:00:00,242.49,246.17,242.05,245.7,3237,22,0
2025-09-25 15:00:00,245.7,246.37,244.55,245.84,2587,22,0
2025-09-25 16:00:00,245.84,246.19,244.82,245.1,1885,14,0
2025-09-25 17:00:00,245.09,245.87,243.82,243.88,2166,14,0
2025-09-25 18:00:00,243.9,246.0,243.61,245.96,2361,14,0
2025-09-25 19:00:00,245.93,246.26,245.18,245.51,1317,14,0
2025-09-26 13:00:00,248.08,248.22,246.86,247.17,1150,22,0
2025-09-26 14:00:00,247.14,247.67,246.01,246.44,3559,14,0
2025-09-26 15:00:00,246.42,246.99,246.01,246.06,2797,14,0
2025-09-26 16:00:00,246.06,247.48,245.98,247.42,2229,14,0
2025-09-26 17:00:00,247.41,247.87,246.46,246.71,1991,14,0
2025-09-26 18:00:00,246.69,247.03,246.19,247.02,1753,14,0
2025-09-26 19:00:00,247.06,247.15,246.5,246.62,1095,14,0
2025-09-29 13:00:00,248.54,251.01,248.54,249.68,1359,22,0
2025-09-29 14:00:00,249.72,250.68,247.63,247.84,2752,22,0
2025-09-29 15:00:00,247.85,248.47,247.36,248.13,2276,14,0
2025-09-29 16:00:00,248.16,248.45,247.49,247.55,1798,14,0
2025-09-29 17:00:00,247.56,247.56,244.14,244.63,4036,22,0
2025-09-29 18:00:00,244.65,245.57,244.65,244.82,1469,14,0
2025-09-29 19:00:00,244.81,244.82,242.65,243.26,1905,14,0
2025-09-30 13:00:00,239.45,241.0,239.45,240.59,1485,14,0
2025-09-30 14:00:00,240.55,241.14,239.32,241.14,3600,14,0
2025-09-30 15:00:00,241.15,241.45,239.46,241.35,2876,14,0
2025-09-30 16:00:00,241.34,241.66,241.0,241.56,2054,14,0
2025-09-30 17:00:00,241.54,241.88,240.67,240.82,2016,14,0
2025-09-30 18:00:00,240.81,241.77,240.72,241.2,1666,14,0
2025-09-30 19:00:00,241.22,242.95,241.18,242.42,1660,14,0
2025-10-01 13:00:00,239.99,241.76,239.93,240.4,1326,14,0
2025-10-01 14:00:00,240.4,241.02,239.72,240.35,3139,14,0
2025-10-01 15:00:00,240.36,242.61,240.16,242.3,2040,14,0
2025-10-01 16:00:00,242.33,243.87,242.33,243.78,1721,14,0
2025-10-01 17:00:00,243.79,244.13,243.08,243.97,1491,14,0
2025-10-01 18:00:00,243.95,245.43,243.78,245.13,1772,14,0
2025-10-01 19:00:00,245.09,246.16,245.09,245.7,1476,14,0
2025-10-02 13:00:00,244.67,245.61,244.12,245.56,1230,14,0
2025-10-02 14:00:00,245.54,246.69,242.2,243.24,3847,14,0
2025-10-02 15:00:00,243.24,244.4,243.01,244.33,2078,14,0
2025-10-02 16:00:00,244.32,244.48,243.18,243.29,1768,22,0
2025-10-02 17:00:00,243.29,243.96,242.96,243.89,1213,22,0
2025-10-02 18:00:00,243.93,244.6,243.77,244.53,1138,22,0
2025-10-02 19:00:00,244.53,245.0,243.57,244.89,1410,14,0
2025-10-03 13:00:00,242.38,243.17,241.56,242.17,1282,14,0
2025-10-03 14:00:00,242.13,243.42,241.64,243.24,2923,14,0
2025-10-03 15:00:00,243.24,245.02,243.18,244.67,2402,14,0
2025-10-03 16:00:00,244.66,246.17,244.08,246.09,1960,14,0
2025-10-03 17:00:00,246.08,246.08,243.72,245.3,3526,14,0
2025-10-03 18:00:00,245.32,245.48,244.31,244.45,2722,14,0
2025-10-03 19:00:00,244.44,245.06,243.98,244.63,1629,14,0
2025-10-06 13:00:00,245.27,246.71,244.45,246.56,1552,22,0
2025-10-06 14:00:00,246.55,247.11,244.82,245.73,2957,22,0
2025-10-06 15:00:00,245.73,248.36,245.29,248.16,1988,14,0
2025-10-06 16:00:00,248.16,248.95,247.43,248.8,1628,22,0
2025-10-06 17:00:00,248.79,249.44,245.65,248.02,3056,22,0
2025-10-06 18:00:00,248.01,251.2,247.97,250.5,1741,22,0
2025-10-06 19:00:00,250.5,250.86,249.99,250.67,1091,22,0
2025-10-07 13:00:00,249.17,249.17,247.6,248.18,1464,22,0
2025-10-07 14:00:00,248.17,248.47,247.07,247.57,2473,22,0
2025-10-07 15:00:00,247.59,247.62,246.02,246.56,3166,14,0
2025-10-07 16:00:00,246.59,246.99,245.54,245.86,2340,14,0
2025-10-07 17:00:00,245.87,247.08,245.74,246.6,1808,14,0
2025-10-07 18:00:00,246.61,247.2,246.44,246.67,1677,14,0
2025-10-07 19:00:00,246.67,246.79,246.19,246.35,1156,14,0
2025-10-08 13:00:00,245.57,245.65,244.33,244.47,1313,22,0
2025-10-08 14:00:00,244.51,245.89,244.39,244.48,2473,14,0
2025-10-08 15:00:00,244.47,245.33,244.03,244.97,1857,14,0
2025-10-08 16:00:00,244.98,245.42,243.93,244.06,1650,14,0
2025-10-08 17:00:00,244.09,244.95,243.95,244.34,1274,14,0
2025-10-08 18:00:00,244.34,244.92,244.08,244.62,1370,14,0
2025-10-08 19:00:00,244.63,244.84,244.35,244.54,990,14,0
2025-10-09 13:00:00,243.92,244.18,241.94,242.7,1309,22,0
2025-10-09 14:00:00,242.74,242.79,239.78,240.01,3414,14,0
2025-10-09 15:00:00,240.05,241.45,239.05,241.17,2561,14,0
2025-10-09 16:00:00,241.15,241.75,240.36,240.71,2020,14,0
2025-10-09 17:00:00,240.68,241.26,240.33,240.52,2131,14,0
2025-10-09 18:00:00,240.51,241.04,240.25,240.81,1673,14,0
2025-10-09 19:00:00,240.8,241.23,240.74,240.94,1215,14,0
2025-10-10 13:00:00,243.76,243.96,242.91,243.42,1426,22,0
2025-10-10 14:00:00,243.45,243.51,241.36,241.85,2724,14,0
2025-10-10 15:00:00,241.82,241.82,236.79,238.8,8676,14,0
2025-10-10 16:00:00,238.77,238.98,236.95,237.19,4230,14,0
2025-10-10 17:00:00,237.19,239.11,236.79,238.84,3282,14,0
2025-10-10 18:00:00,238.86,239.52,237.6,238.13,3131,14,0
2025-10-10 19:00:00,238.11,238.6,236.63,237.41,2464,14,0
2025-10-13 13:00:00,240.55,241.91,240.34,241.91,1329,22,0
2025-10-13 14:00:00,241.87,242.1,240.09,240.31,3402,14,0
2025-10-13 15:00:00,240.29,242.63,239.93,242.39,2575,14,0
2025-10-13 16:00:00,242.4,242.99,242.12,242.59,2077,14,0
2025-10-13 17:00:00,242.59,243.35,241.7,243.2,1968,14,0
2025-10-13 18:00:00,243.17,243.24,242.53,242.96,1588,14,0
2025-10-13 19:00:00,242.94,244.27,242.87,244.25,1409,14,0
2025-10-14 13:00:00,241.1,241.96,240.42,241.76,1366,14,0
2025-10-14 14:00:00,241.76,245.47,241.7,244.79,3471,14,0
2025-10-14 15:00:00,244.8,246.96,244.78,246.76,2976,14,0
2025-10-14 16:00:00,246.76,246.98,245.42,246.09,2402,14,0
2025-10-14 17:00:00,246.09,246.68,245.66,246.41,2134,14,0
2025-10-14 18:00:00,246.44,246.61,245.72,246.01,1858,14,0
2025-10-14 19:00:00,246.03,246.11,243.75,243.91,1784,14,0
2025-10-15 13:00:00,247.16,247.6,245.88,247.42,1185,14,0
2025-10-15 14:00:00,247.44,251.97,247.38,250.44,3526,14,0
2025-10-15 15:00:00,250.44,250.44,248.3,249.04,3097,14,0
2025-10-15 16:00:00,249.02,249.78,248.19,248.32,2796,14,0
2025-10-15 17:00:00,248.32,249.33,246.53,249.23,3486,14,0
2025-10-15 18:00:00,249.21,250.6,248.78,250.57,2305,14,0
2025-10-15 19:00:00,250.54,250.79,249.6,250.03,1618,14,0
2025-10-16 13:00:00,254.63,256.82,254.17,254.23,2001,22,0
2025-10-16 14:00:00,254.26,256.19,253.65,255.04,3560,22,0
2025-10-16 15:00:00,255.07,255.57,252.77,252.88,3087,14,0
2025-10-16 16:00:00,252.84,253.36,250.76,252.66,3794,14,0
2025-10-16 17:00:00,252.67,253.0,251.23,251.94,3633,14,0
2025-10-16 18:00:00,251.95,252.21,250.0,251.78,3665,14,0
2025-10-16 19:00:00,251.79,252.18,250.81,251.81,2363,14,0
2025-10-17 13:00:00,248.11,250.85,247.83,249.85,1720,22,0
2025-10-17 14:00:00,249.88,252.11,249.51,251.03,3927,14,0
2025-10-17 15:00:00,251.04,251.76,249.54,251.48,3814,14,0
2025-10-17 16:00:00,251.52,253.12,251.33,251.61,3075,14,0
2025-10-17 17:00:00,251.61,253.06,251.01,252.87,3087,14,0
2025-10-17 18:00:00,252.86,254.08,252.3,253.13,2528,14,0
2025-10-17 19:00:00,253.14,253.66,252.55,252.88,1653,14,0
2025-10-20 13:00:00,255.39,256.14,254.16,254.93,1348,22,0
2025-10-20 14:00:00,254.97,256.23,254.87,256.08,2658,22,0
2025-10-20 15:00:00,256.11,257.19,255.29,256.9,2151,22,0
2025-10-20 16:00:00,256.93,256.97,255.85,256.14,1800,22,0
2025-10-20 17:00:00,256.14,256.36,255.84,255.91,1415,22,0
2025-10-20 18:00:00,255.92,256.42,255.65,256.39,1220,22,0
2025-10-20 19:00:00,256.39,256.75,255.9,256.61,1065,22,0
2025-10-21 13:00:00,253.43,253.95,251.95,252.45,1742,22,0
2025-10-21 14:00:00,252.43,252.76,251.24,252.51,2731,22,0
2025-10-21 15:00:00,252.54,252.6,244.06,248.12,8557,22,0
2025-10-21 16:00:00,248.13,249.74,248.06,249.14,2812,22,0
2025-10-21 17:00:00,249.14,252.35,247.22,251.89,4377,22,0
2025-10-21 18:00:00,251.9,252.44,251.2,251.37,1672,22,0
2025-10-21 19:00:00,251.37,251.7,251.01,251.25,1115,22,0
2025-10-22 13:00:00,254.87,256.04,253.95,254.16,1797,22,0
2025-10-22 14:00:00,254.13,254.79,251.74,253.71,3933,22,0
2025-10-22 15:00:00,253.75,256.23,251.92,252.24,5258,22,0
2025-10-22 16:00:00,252.27,252.36,249.21,250.67,4211,22,0
2025-10-22 17:00:00,250.67,250.97,249.51,250.28,2907,14,0
2025-10-22 18:00:00,250.28,251.43,250.0,251.4,2903,14,0
2025-10-22 19:00:00,251.38,251.76,250.78,250.83,1855,14,0
2025-10-23 13:00:00,252.45,254.92,252.27,253.74,1579,22,0
2025-10-23 14:00:00,253.77,254.64,252.87,253.87,3022,22,0
2025-10-23 15:00:00,253.87,254.58,253.21,253.75,2327,14,0
2025-10-23 16:00:00,253.74,254.53,253.27,254.05,1808,22,0
2025-10-23 17:00:00,254.07,254.28,253.34,254.13,1794,14,0
2025-10-23 18:00:00,254.15,254.32,253.74,253.88,1266,14,0
2025-10-23 19:00:00,253.88,253.96,253.03,253.1,1098,14,0
2025-10-24 13:00:00,257.89,259.93,257.61,259.86,1747,22,0
2025-10-24 14:00:00,259.94,261.56,258.78,259.34,3493,22,0
2025-10-24 15:00:00,259.34,260.63,258.79,259.97,2423,22,0
2025-10-24 16:00:00,259.97,261.05,259.8,260.78,1766,22,0
2025-10-24 17:00:00,260.78,261.25,260.63,260.63,1662,22,0
2025-10-24 18:00:00,260.65,261.27,260.6,260.71,1395,22,0
2025-10-24 19:00:00,260.71,260.88,259.77,259.87,1115,22,0
2025-10-27 13:00:00,264.76,266.18,264.61,265.12,1526,22,0
2025-10-27 14:00:00,265.15,266.0,264.33,265.65,2947,22,0
2025-10-27 15:00:00,265.62,267.0,265.42,266.45,2206,22,0
2025-10-27 16:00:00,266.44,267.38,266.14,266.93,1842,22,0
2025-10-27 17:00:00,266.91,268.17,266.85,268.07,1626,22,0
2025-10-27 18:00:00,268.07,269.62,268.04,268.64,1884,22,0
2025-10-27 19:00:00,268.63,268.88,267.88,268.86,1435,22,0
2025-10-28 13:00:00,268.51,269.34,267.11,267.38,1622,22,0
2025-10-28 14:00:00,267.39,268.19,266.41,266.62,2824,22,0
2025-10-28 15:00:00,266.62,267.66,266.45,266.57,1975,22,0
2025-10-28 16:00:00,266.56,267.67,266.41,267.3,2052,22,0
2025-10-28 17:00:00,267.3,268.26,267.26,268.02,1777,22,0
2025-10-28 18:00:00,268.01,268.21,267.24,267.85,1391,22,0
2025-10-28 19:00:00,267.85,268.03,267.4,267.46,1178,22,0
2025-10-29 13:00:00,268.11,269.07,268.02,269.0,1190,22,0
2025-10-29 14:00:00,269.03,270.8,268.08,270.02,2898,22,0
2025-10-29 15:00:00,269.99,272.16,269.73,272.13,2489,22,0
2025-10-29 16:00:00,272.13,272.29,271.33,271.54,2270,22,0
2025-10-29 17:00:00,271.54,273.23,271.41,272.77,1961,22,0
2025-10-29 18:00:00,272.77,273.36,271.08,272.85,3969,22,0
2025-10-29 19:00:00,272.85,274.25,272.28,273.72,2516,22,0
2025-10-30 13:00:00,281.99,289.15,279.92,287.7,8106,22,0
2025-10-30 14:00:00,287.68,289.9,287.58,288.2,9643,22,0
2025-10-30 15:00:00,288.16,289.83,286.26,286.46,5481,22,0
2025-10-30 16:00:00,286.46,287.54,283.72,285.45,4895,22,0
2025-10-30 17:00:00,285.44,285.81,283.66,283.85,3313,22,0
2025-10-30 18:00:00,283.83,283.91,282.37,283.73,3150,22,0
2025-10-30 19:00:00,283.7,283.71,281.88,282.87,2379,22,0
2025-10-31 13:00:00,282.28,282.54,277.94,277.99,2761,22,0
2025-10-31 14:00:00,277.97,280.73,276.9,280.52,5186,22,0
2025-10-31 15:00:00,280.56,282.19,279.66,280.29,3752,22,0
2025-10-31 16:00:00,280.25,280.57,278.15,279.62,3437,22,0
2025-10-31 17:00:00,279.62,281.33,279.05,280.88,2836,22,0
2025-10-31 18:00:00,280.88,281.22,278.59,279.15,2342,22,0
2025-10-31 19:00:00,279.11,281.49,279.08,281.42,1967,22,0
2025-11-03 14:00:00,280.99,282.42,279.66,280.77,1597,22,0
2025-11-03 15:00:00,280.74,283.23,279.84,281.63,3662,22,0
2025-11-03 16:00:00,281.67,283.38,281.15,283.06,2785,22,0
2025-11-03 17:00:00,283.09,283.27,281.67,282.74,2244,22,0
2025-11-03 18:00:00,282.74,283.03,281.93,282.95,1712,22,0
2025-11-03 19:00:00,282.95,284.29,282.21,283.93,2104,22,0
2025-11-03 20:00:00,283.97,285.33,283.87,284.02,1678,22,0
2025-11-04 14:00:00,277.9,280.12,277.86,279.93,1791,22,0
2025-11-04 15:00:00,279.88,281.07,278.38,278.51,3198,22,0
2025-11-04 16:00:00,278.47,279.32,277.91,278.42,2694,22,0
2025-11-04 17:00:00,278.4,278.52,276.56,277.16,2610,22,0
2025-11-04 18:00:00,277.12,278.42,276.52,277.96,2349,22,0
2025-11-04 19:00:00,277.92,278.21,276.65,277.5,2354,22,0
2025-11-04 20:00:00,277.53,277.62,276.61,277.41,1733,22,0
2025-11-05 14:00:00,279.7,283.27,278.45,283.27,1772,22,0
2025-11-05 15:00:00,283.3,284.68,282.28,283.03,4424,22,0
2025-11-05 16:00:00,283.03,284.65,281.93,283.81,3007,22,0
2025-11-05 17:00:00,283.85,284.42,282.49,282.69,2100,22,0
2025-11-05 18:00:00,282.68,283.92,282.58,283.33,1759,22,0
2025-11-05 19:00:00,283.33,286.18,282.7,282.93,4021,22,0
2025-11-05 20:00:00,282.94,284.5,282.94,284.33,1449,22,0
2025-11-06 14:00:00,285.66,288.12,284.68,284.73,2261,22,0
2025-11-06 15:00:00,284.68,285.15,280.92,281.18,5165,22,0
2025-11-06 16:00:00,281.23,284.13,281.19,283.4,3844,22,0
2025-11-06 17:00:00,283.41,286.19,283.41,286.11,3126,22,0
2025-11-06 18:00:00,286.08,286.22,284.33,285.13,2662,22,0
2025-11-06 19:00:00,285.09,286.96,285.01,285.16,2516,22,0
2025-11-06 20:00:00,285.19,285.59,284.66,285.24,1915,22,0
2025-11-07 14:00:00,280.01,280.22,277.79,278.55,2576,22,0
2025-11-07 15:00:00,278.58,279.31,275.57,275.95,4924,22,0
2025-11-07 16:00:00,275.95,277.22,275.34,275.68,3388,22,0
2025-11-07 17:00:00,275.66,277.5,274.99,277.11,3187,22,0
2025-11-07 18:00:00,277.11,277.62,276.21,276.77,2631,22,0
2025-11-07 19:00:00,276.79,279.28,276.6,279.24,2594,22,0
2025-11-07 20:00:00,279.2,279.2,277.77,278.91,2106,22,0
2025-11-10 14:00:00,286.75,289.38,286.69,289.02,1811,22,0
2025-11-10 15:00:00,288.98,289.18,286.02,286.11,3522,22,0
2025-11-10 16:00:00,286.1,286.88,285.29,285.81,3045,22,0
2025-11-10 17:00:00,285.77,288.23,285.63,288.0,2165,22,0
2025-11-10 18:00:00,288.03,289.43,287.85,288.97,1834,22,0
2025-11-10 19:00:00,289.0,290.53,288.93,289.96,1970,22,0
2025-11-10 20:00:00,289.93,290.58,289.63,290.02,1514,22,0
2025-11-11 14:00:00,288.99,290.76,288.44,290.68,1588,22,0
2025-11-11 15:00:00,290.69,290.89,287.94,288.6,3595,22,0
2025-11-11 16:00:00,288.63,289.58,288.0,288.58,2581,22,0
2025-11-11 17:00:00,288.56,289.9,288.56,289.13,2109,22,0
2025-11-11 18:00:00,289.13,289.98,288.6,289.92,1970,22,0
2025-11-11 19:00:00,289.89,291.06,289.81,290.44,1939,22,0
2025-11-11 20:00:00,290.43,290.85,290.1,290.64,1394,22,0
2025-11-12 14:00:00,288.7,288.91,285.45,286.07,1939,22,0
2025-11-12 15:00:00,286.1,287.3,285.15,285.38,3967,22,0
2025-11-12 16:00:00,285.38,285.42,283.49,284.23,3326,22,0
2025-11-12 17:00:00,284.25,286.61,283.93,286.36,2571,22,0
2025-11-12 18:00:00,286.4,286.54,285.5,286.15,2113,22,0
2025-11-12 19:00:00,286.16,286.33,285.53,285.9,1901,22,0
2025-11-12 20:00:00,285.87,287.0,285.68,286.74,1524,22,0
2025-11-13 14:00:00,278.65,279.38,277.06,278.76,1898,22,0
2025-11-13 15:00:00,278.76,280.78,277.47,279.3,3963,22,0
2025-11-13 16:00:00,279.25,280.7,278.82,280.01,3569,22,0
2025-11-13 17:00:00,279.95,280.67,278.31,278.38,3005,22,0
2025-11-13 18:00:00,278.44,279.0,277.16,277.97,2966,22,0
2025-11-13 19:00:00,278.01,279.68,277.65,278.73,2883,22,0
2025-11-13 20:00:00,278.71,279.76,278.54,279.46,2281,22,0
2025-11-14 14:00:00,274.13,276.23,273.14,275.96,2348,22,0
2025-11-14 15:00:00,275.95,278.22,274.48,277.0,4750,22,0
2025-11-14 16:00:00,277.07,278.34,276.06,277.64,3007,22,0
2025-11-14 17:00:00,277.64,278.13,276.66,277.03,2683,22,0
2025-11-14 18:00:00,277.03,277.49,275.93,276.78,2867,22,0
2025-11-14 19:00:00,276.77,277.68,276.49,277.27,2515,22,0
2025-11-14 20:00:00,277.28,277.84,276.06,276.36,1803,22,0
2025-11-17 14:00:00,292.06,293.71,290.45,292.38,3197,22,0
2025-11-17 15:00:00,292.5,292.85,288.31,289.65,5839,22,0
2025-11-17 16:00:00,289.64,289.82,286.67,289.27,3564,22,0
2025-11-17 17:00:00,289.25,289.37,285.3,285.71,3019,22,0
2025-11-17 18:00:00,285.69,286.67,284.26,284.47,3036,22,0
2025-11-17 19:00:00,284.47,284.96,283.48,283.48,3200,22,0
2025-11-17 20:00:00,283.44,284.82,283.36,284.63,2507,22,0
2025-11-18 14:00:00,284.15,284.85,279.93,280.15,3292,22,0
2025-11-18 15:00:00,280.12,282.8,279.23,279.28,7156,22,0
2025-11-18 16:00:00,279.32,287.2,278.06,284.79,6669,22,0
2025-11-18 17:00:00,284.82,286.54,283.37,285.99,4626,22,0
2025-11-18 18:00:00,286.02,288.56,285.74,287.01,4263,22,0
2025-11-18 19:00:00,287.04,288.5,286.96,287.75,3542,22,0
2025-11-18 20:00:00,287.76,288.16,285.49,285.49,2584,22,0
2025-11-19 14:00:00,295.82,301.66,295.82,300.24,4866,22,0
2025-11-19 15:00:00,300.25,303.43,298.19,298.49,5936,22,0
2025-11-19 16:00:00,298.43,298.82,294.35,295.63,4160,22,0
2025-11-19 17:00:00,295.6,295.97,292.11,294.28,4475,22,0
2025-11-19 18:00:00,294.3,294.51,292.36,293.86,3187,22,0
2025-11-19 19:00:00,293.91,294.2,292.61,293.81,2969,22,0
2025-11-19 20:00:00,293.79,295.86,293.25,294.18,2520,22,0
2025-11-20 14:00:00,301.72,304.84,299.92,302.96,3479,22,0
2025-11-20 15:00:00,302.92,306.16,302.21,303.84,6616,22,0
2025-11-20 16:00:00,303.84,303.87,293.7,294.32,7718,22,0
2025-11-20 17:00:00,294.28,296.34,290.78,293.63,11061,22,0
2025-11-20 18:00:00,293.59,296.09,291.34,291.96,6641,22,0
2025-11-20 19:00:00,291.92,292.82,290.24,292.66,5412,22,0
2025-11-20 20:00:00,292.63,292.67,289.41,289.71,3650,22,0
2025-11-21 14:00:00,297.11,301.26,296.94,298.85,4212,22,0
2025-11-21 15:00:00,298.95,300.18,293.6,298.6,12032,22,0
2025-11-21 16:00:00,298.56,301.23,296.38,298.39,8056,22,0
2025-11-21 17:00:00,298.43,298.51,295.01,296.42,5083,22,0
2025-11-21 18:00:00,296.46,300.43,295.21,300.17,4881,22,0
2025-11-21 19:00:00,300.13,303.66,300.07,301.43,4874,22,0
2025-11-21 20:00:00,301.41,301.63,299.25,300.28,3275,22,0
2025-11-24 14:00:00,314.44,317.49,314.06,316.0,5518,22,0
2025-11-24 15:00:00,316.25,318.32,314.08,314.57,7353,22,0
2025-11-24 16:00:00,314.61,315.68,311.65,311.9,4379,22,0
2025-11-24 17:00:00,311.94,316.82,311.94,316.53,3550,22,0
2025-11-24 18:00:00,316.54,317.74,315.04,316.19,3650,22,0
2025-11-24 19:00:00,316.18,318.53,316.18,317.75,3414,22,0
2025-11-24 20:00:00,317.73,318.89,317.3,318.66,2649,22,0
2025-11-25 14:00:00,325.66,327.11,321.18,325.66,6528,22,0
2025-11-25 15:00:00,325.68,328.57,319.83,320.93,12584,22,0
2025-11-25 16:00:00,320.9,321.6,317.42,319.98,7000,22,0
2025-11-25 17:00:00,320.03,322.57,319.37,321.74,4198,22,0
2025-11-25 18:00:00,321.74,324.07,321.27,322.52,3519,22,0
2025-11-25 19:00:00,322.49,323.18,321.2,322.7,3422,22,0
2025-11-25 20:00:00,322.74,322.85,320.31,322.2,2552,22,0
2025-11-26 14:00:00,320.72,322.58,319.2,320.6,3342,22,0
2025-11-26 15:00:00,320.57,320.57,316.53,317.65,6576,22,0
2025-11-26 16:00:00,317.64,319.94,317.61,319.13,3188,22,0
2025-11-26 17:00:00,319.13,319.33,317.86,318.1,2691,22,0
2025-11-26 18:00:00,318.11,319.28,318.01,318.55,2547,22,0
2025-11-26 19:00:00,318.55,319.04,318.1,318.8,2188,22,0
2025-11-26 20:00:00,318.81,319.73,318.25,319.61,1583,22,0
2025-11-28 14:00:00,324.31,324.31,318.35,318.35,2778,22,0
2025-11-28 15:00:00,318.38,319.14,317.14,318.58,5203,22,0
2025-11-28 16:00:00,318.61,318.8,316.54,317.95,3016,22,0
2025-11-28 17:00:00,317.96,319.85,317.54,319.84,2670,22,0
2025-12-01 14:00:00,316.51,317.13,314.18,316.68,2705,22,0
2025-12-01 15:00:00,316.73,318.25,315.53,318.05,4738,22,0
2025-12-01 16:00:00,318.08,318.12,315.11,317.14,2906,22,0
2025-12-01 17:00:00,317.18,318.13,316.97,317.36,2269,22,0
2025-12-01 18:00:00,317.36,317.64,316.86,317.48,1809,22,0
2025-12-01 19:00:00,317.47,317.49,315.04,315.72,2488,22,0
2025-12-01 20:00:00,315.68,316.34,315.56,315.89,1293,22,0
