DateTime,Open,High,Low,Close,Tick_Volume,Spread,Real_Volume
2025-08-08 16:00:00,762.81,764.18,762.06,762.15,1125.0,44,0.0
2025-08-08 17:00:00,762.14,766.67,761.21,766.5,1355.0,44,0.0
2025-08-08 18:00:00,766.49,768.84,766.3,768.07,1292.0,44,0.0
2025-08-08 19:00:00,768.03,769.45,767.83,767.86,981.0,44,0.0
2025-08-11 10:00:00,769.09,771.79,769.09,770.43,346.0,67,0.0
2025-08-11 11:00:00,770.41,770.41,769.42,770.14,316.0,67,0.0
2025-08-11 12:00:00,770.15,771.3,769.91,770.5,566.0,67,0.0
2025-08-11 13:00:00,770.43,773.06,766.04,767.62,2105.0,45,0.0
2025-08-11 14:00:00,767.68,773.05,766.75,768.45,2244.0,45,0.0
2025-08-11 15:00:00,768.43,770.51,767.19,768.92,1498.0,45,0.0
2025-08-11 16:00:00,768.91,772.94,768.78,771.09,1332.0,45,0.0
2025-08-11 17:00:00,771.09,772.89,769.58,769.88,1053.0,45,0.0
2025-08-11 18:00:00,769.89,770.01,765.4,767.54,1167.0,45,0.0
2025-08-11 19:00:00,767.54,768.51,765.77,766.28,916.0,45,0.0
2025-08-12 10:00:00,766.18,766.32,765.4,765.61,152.0,67,0.0
2025-08-12 11:00:00,765.77,766.23,765.07,766.08,407.0,67,0.0
2025-08-12 12:00:00,766.1,774.35,766.03,772.15,1181.0,67,0.0
2025-08-12 13:00:00,772.25,790.16,771.27,779.64,4884.0,45,0.0
2025-08-12 14:00:00,779.55,787.05,775.51,785.54,4272.0,45,0.0
2025-08-12 15:00:00,785.39,790.35,784.64,788.83,2731.0,45,0.0
2025-08-12 16:00:00,788.78,793.35,787.13,791.45,1967.0,45,0.0
2025-08-12 17:00:00,791.5,793.06,789.31,790.11,1527.0,45,0.0
2025-08-12 18:00:00,790.1,790.23,786.96,787.38,1420.0,45,0.0
2025-08-12 19:00:00,787.38,790.47,787.35,788.7,1306.0,45,0.0
2025-08-13 10:00:00,792.95,793.32,792.11,792.13,257.0,67,0.0
2025-08-13 11:00:00,792.0,792.19,790.99,791.57,299.0,67,0.0
2025-08-13 12:00:00,791.55,792.05,791.02,791.14,267.0,67,0.0
2025-08-13 13:00:00,790.99,794.99,786.66,789.96,2611.0,45,0.0
2025-08-13 14:00:00,789.87,791.17,785.06,785.63,3011.0,45,0.0
2025-08-13 15:00:00,785.56,785.97,781.66,783.92,2130.0,45,0.0
2025-08-13 16:00:00,783.92,784.2,780.47,781.21,1494.0,45,0.0
2025-08-13 17:00:00,781.18,784.84,781.07,784.62,1287.0,45,0.0
2025-08-13 18:00:00,784.58,784.64,780.95,781.05,1356.0,45,0.0
2025-08-13 19:00:00,781.08,782.11,778.04,778.18,1214.0,45,0.0
2025-08-14 10:00:00,781.09,781.46,780.76,781.18,100.0,67,0.0
2025-08-14 11:00:00,781.05,781.41,779.31,779.98,1018.0,67,0.0
2025-08-14 12:00:00,779.81,780.39,772.33,773.98,1573.0,67,0.0
2025-08-14 13:00:00,773.86,783.33,772.34,781.5,3120.0,45,0.0
2025-08-14 14:00:00,781.56,787.51,777.54,785.53,2510.0,45,0.0
2025-08-14 15:00:00,785.55,787.1,782.29,786.84,1803.0,45,0.0
2025-08-14 16:00:00,786.86,786.9,783.73,786.54,1442.0,45,0.0
2025-08-14 17:00:00,786.59,787.13,783.46,784.51,1062.0,45,0.0
2025-08-14 18:00:00,784.42,784.42,781.1,783.14,1316.0,45,0.0
2025-08-14 19:00:00,783.14,783.77,781.83,783.12,1031.0,45,0.0
2025-08-15 10:00:00,782.18,782.56,782.07,782.22,60.0,67,0.0
2025-08-15 11:00:00,782.14,786.45,782.02,785.74,337.0,67,0.0
2025-08-15 12:00:00,785.85,786.22,783.62,784.67,440.0,67,0.0
2025-08-15 13:00:00,784.65,787.87,780.71,787.17,2564.0,45,0.0
2025-08-15 14:00:00,787.08,796.04,785.75,791.34,3902.0,45,0.0
2025-08-15 15:00:00,791.33,791.67,785.85,788.54,2271.0,45,0.0
2025-08-15 16:00:00,788.52,791.25,787.59,790.94,1579.0,45,0.0
2025-08-15 17:00:00,790.89,791.14,786.9,788.65,1278.0,45,0.0
2025-08-15 18:00:00,788.65,789.04,786.9,787.58,1346.0,45,0.0
2025-08-15 19:00:00,787.58,788.04,785.7,787.76,1070.0,45,0.0
2025-08-18 10:00:00,782.55,783.81,782.42,783.75,491.0,67,0.0
2025-08-18 11:00:00,783.99,783.99,780.5,780.87,934.0,67,0.0
2025-08-18 12:00:00,780.88,781.38,778.3,778.73,1031.0,67,0.0
2025-08-18 13:00:00,778.69,779.22,756.49,760.62,5558.0,45,0.0
2025-08-18 14:00:00,760.76,767.18,760.08,766.32,3732.0,45,0.0
2025-08-18 15:00:00,766.29,767.97,763.27,765.21,2496.0,45,0.0
2025-08-18 16:00:00,765.21,766.43,764.09,765.25,1897.0,45,0.0
2025-08-18 17:00:00,765.27,767.82,764.48,765.25,1759.0,45,0.0
2025-08-18 18:00:00,765.32,768.07,765.29,768.07,1555.0,45,0.0
2025-08-18 19:00:00,768.1,771.22,767.95,770.79,1444.0,45,0.0
2025-08-19 10:00:00,765.65,765.73,764.29,764.56,329.0,67,0.0
2025-08-19 11:00:00,764.57,764.95,763.23,764.82,492.0,67,0.0
2025-08-19 12:00:00,764.82,765.45,764.04,764.33,440.0,67,0.0
2025-08-19 13:00:00,764.17,767.45,756.91,759.54,2720.0,45,0.0
2025-08-19 14:00:00,759.56,760.41,751.58,751.66,3456.0,45,0.0
2025-08-19 15:00:00,751.66,755.2,750.3,754.45,2311.0,45,0.0
2025-08-19 16:00:00,754.45,755.06,749.37,751.42,2562.0,45,0.0
2025-08-19 17:00:00,751.5,753.23,749.9,753.1,1714.0,45,0.0
2025-08-19 18:00:00,753.12,753.86,751.62,752.31,1410.0,45,0.0
2025-08-19 19:00:00,752.31,752.31,749.55,749.95,1389.0,45,0.0
2025-08-20 10:00:00,748.96,749.04,747.83,748.28,361.0,67,0.0
2025-08-20 11:00:00,748.25,749.14,745.86,746.36,775.0,67,0.0
2025-08-20 12:00:00,746.3,748.01,745.45,747.94,554.0,67,0.0
2025-08-20 13:00:00,748.0,749.73,730.78,734.07,4206.0,45,0.0
2025-08-20 14:00:00,733.92,738.62,731.98,733.8,4161.0,45,0.0
2025-08-20 15:00:00,733.7,743.13,732.99,739.1,2724.0,45,0.0
2025-08-20 16:00:00,739.11,744.57,738.85,742.41,2148.0,45,0.0
2025-08-20 17:00:00,742.28,745.98,742.05,744.68,1653.0,45,0.0
2025-08-20 18:00:00,744.68,745.64,742.52,744.54,1761.0,45,0.0
2025-08-20 19:00:00,744.56,747.94,744.56,747.62,1171.0,45,0.0
2025-08-21 10:00:00,745.13,746.05,744.37,745.65,317.0,67,0.0
2025-08-21 11:00:00,745.91,746.24,743.2,743.65,1168.0,67,0.0
2025-08-21 12:00:00,743.66,743.67,740.83,741.21,1089.0,67,0.0
2025-08-21 13:00:00,741.13,745.11,736.99,737.19,3329.0,45,0.0
2025-08-21 14:00:00,737.2,742.66,735.38,740.72,2945.0,45,0.0
2025-08-21 15:00:00,740.83,741.72,737.11,738.17,1926.0,45,0.0
2025-08-21 16:00:00,738.17,738.17,734.45,734.96,1628.0,45,0.0
2025-08-21 17:00:00,734.93,737.36,732.92,736.21,1628.0,45,0.0
2025-08-21 18:00:00,736.23,737.68,735.59,737.47,1270.0,45,0.0
2025-08-21 19:00:00,737.39,739.11,737.24,738.5,1011.0,45,0.0
2025-08-22 10:00:00,740.14,740.58,740.01,740.45,96.0,67,0.0
2025-08-22 11:00:00,740.38,741.23,739.76,739.86,550.0,67,0.0
2025-08-22 12:00:00,740.0,740.46,739.54,740.16,399.0,67,0.0
2025-08-22 13:00:00,740.14,743.77,734.37,739.36,2220.0,45,0.0
2025-08-22 14:00:00,739.6,754.06,739.6,753.08,5453.0,45,0.0
2025-08-22 15:00:00,753.1,756.68,751.59,751.7,2368.0,45,0.0
2025-08-22 16:00:00,751.7,752.9,748.56,749.21,1526.0,45,0.0
2025-08-22 17:00:00,749.21,754.21,749.02,753.53,1399.0,45,0.0
2025-08-22 18:00:00,753.57,755.11,752.97,753.05,1241.0,45,0.0
2025-08-22 19:00:00,753.05,755.02,752.54,754.08,992.0,45,0.0
2025-08-25 10:00:00,751.26,751.41,750.68,751.0,157.0,67,0.0
2025-08-25 11:00:00,750.93,751.72,750.32,751.59,300.0,67,0.0
2025-08-25 12:00:00,751.48,751.57,749.87,750.55,354.0,67,0.0
2025-08-25 13:00:00,750.54,758.22,749.98,753.93,2577.0,45,0.0
2025-08-25 14:00:00,753.93,755.21,752.06,753.51,2389.0,45,0.0
2025-08-25 15:00:00,753.51,755.86,752.56,753.74,1545.0,45,0.0
2025-08-25 16:00:00,753.74,755.44,753.74,754.88,1066.0,45,0.0
2025-08-25 17:00:00,754.84,755.92,754.15,755.67,1077.0,45,0.0
2025-08-25 18:00:00,755.68,755.71,753.54,753.59,964.0,45,0.0
2025-08-25 19:00:00,753.58,754.67,753.22,754.53,824.0,45,0.0
2025-08-26 10:00:00,751.84,752.97,751.56,752.74,322.0,67,0.0
2025-08-26 11:00:00,752.68,752.88,749.86,750.46,818.0,67,0.0
2025-08-26 12:00:00,750.42,750.58,749.33,749.52,520.0,67,0.0
2025-08-26 13:00:00,749.52,752.4,747.75,751.36,2133.0,45,0.0
2025-08-26 14:00:00,751.36,754.51,750.57,752.68,2177.0,45,0.0
2025-08-26 15:00:00,752.67,753.01,751.3,751.94,1398.0,45,0.0
2025-08-26 16:00:00,751.98,753.23,750.87,751.33,1047.0,45,0.0
2025-08-26 17:00:00,751.36,751.41,749.12,749.8,1026.0,45,0.0
2025-08-26 18:00:00,749.79,752.21,749.6,752.02,951.0,45,0.0
2025-08-26 19:00:00,752.02,753.66,751.46,752.7,872.0,45,0.0
2025-08-27 10:00:00,752.96,753.15,752.31,752.64,142.0,67,0.0
2025-08-27 11:00:00,752.51,753.49,752.51,752.86,126.0,67,0.0
2025-08-27 12:00:00,752.88,753.44,750.54,751.33,289.0,67,0.0
2025-08-27 13:00:00,751.35,753.69,746.46,747.57,2093.0,45,0.0
2025-08-27 14:00:00,747.55,752.27,747.23,748.77,1732.0,45,0.0
2025-08-27 15:00:00,748.79,748.97,746.63,748.51,1422.0,45,0.0
2025-08-27 16:00:00,748.51,748.54,742.68,745.37,1604.0,45,0.0
2025-08-27 17:00:00,745.34,746.82,744.77,746.09,903.0,45,0.0
2025-08-27 18:00:00,746.07,748.28,745.91,746.78,963.0,45,0.0
2025-08-27 19:00:00,746.81,747.08,743.99,747.0,834.0,45,0.0
2025-08-28 10:00:00,748.98,749.08,748.18,748.83,51.0,67,0.0
2025-08-28 11:00:00,748.83,748.83,746.4,747.09,329.0,67,0.0
2025-08-28 12:00:00,746.98,748.33,745.92,746.42,414.0,67,0.0
2025-08-28 13:00:00,746.52,752.19,740.69,746.19,2406.0,45,0.0
2025-08-28 14:00:00,746.25,750.43,746.13,749.46,2214.0,45,0.0
2025-08-28 15:00:00,749.45,751.34,748.87,749.79,1474.0,45,0.0
2025-08-28 16:00:00,749.82,752.78,749.47,750.6,1295.0,45,0.0
2025-08-28 17:00:00,750.6,751.62,749.63,750.68,913.0,45,0.0
2025-08-28 18:00:00,750.68,751.99,750.07,750.13,859.0,45,0.0
2025-08-28 19:00:00,750.13,750.88,749.5,750.17,801.0,45,0.0
2025-08-29 10:00:00,745.05,746.19,744.75,746.07,159.0,67,0.0
2025-08-29 11:00:00,745.9,746.66,744.13,744.93,339.0,67,0.0
2025-08-29 12:00:00,744.96,746.08,744.05,745.11,402.0,67,0.0
2025-08-29 13:00:00,745.08,746.7,739.04,739.13,2282.0,45,0.0
2025-08-29 14:00:00,739.2,740.89,737.0,738.45,2825.0,45,0.0
2025-08-29 15:00:00,738.45,742.05,738.45,740.25,1815.0,45,0.0
2025-08-29 16:00:00,740.17,741.19,739.18,739.94,1596.0,45,0.0
2025-08-29 17:00:00,739.93,739.93,735.87,737.98,1642.0,45,0.0
2025-08-29 18:00:00,737.91,739.66,737.03,737.61,1315.0,45,0.0
2025-08-29 19:00:00,737.6,737.87,735.16,736.53,1081.0,45,0.0
2025-09-02 10:00:00,731.06,732.01,729.03,729.34,204.0,67,0.0
2025-09-02 11:00:00,729.59,730.13,727.42,727.42,612.0,67,0.0
2025-09-02 12:00:00,727.32,727.56,723.41,723.78,732.0,67,0.0
2025-09-02 13:00:00,723.84,732.48,721.66,731.29,3062.0,45,0.0
2025-09-02 14:00:00,731.65,734.59,729.7,733.44,2959.0,45,0.0
2025-09-02 15:00:00,733.37,734.22,724.87,725.26,2151.0,45,0.0
2025-09-02 16:00:00,725.29,730.88,725.29,730.77,1560.0,45,0.0
2025-09-02 17:00:00,730.77,734.09,730.03,732.78,1347.0,45,0.0
2025-09-02 18:00:00,732.81,733.95,731.56,732.7,1180.0,45,0.0
2025-09-02 19:00:00,732.69,734.44,731.91,733.87,1066.0,45,0.0
2025-09-03 10:00:00,740.51,741.02,740.41,740.64,73.0,67,0.0
2025-09-03 11:00:00,740.64,741.07,739.37,740.1,351.0,67,0.0
2025-09-03 12:00:00,740.34,740.41,738.68,738.79,434.0,67,0.0
2025-09-03 13:00:00,738.87,739.91,734.32,735.58,2502.0,45,0.0
2025-09-03 14:00:00,735.49,738.96,734.51,736.19,2752.0,45,0.0
2025-09-03 15:00:00,736.3,737.66,733.78,735.77,1792.0,45,0.0
2025-09-03 16:00:00,735.71,738.43,734.86,735.9,1719.0,45,0.0
2025-09-03 17:00:00,735.88,737.71,734.35,735.25,1356.0,45,0.0
2025-09-03 18:00:00,735.25,736.54,734.45,736.44,1344.0,45,0.0
2025-09-03 19:00:00,736.45,736.87,735.46,735.91,930.0,45,0.0
2025-09-04 10:00:00,738.97,748.43,738.58,746.77,483.0,67,0.0
2025-09-04 11:00:00,746.72,750.33,745.88,749.9,640.0,67,0.0
2025-09-04 12:00:00,749.9,750.11,747.53,748.9,629.0,67,0.0
2025-09-04 13:00:00,749.23,760.71,746.94,748.45,4299.0,45,0.0
2025-09-04 14:00:00,748.33,754.74,745.66,754.36,3791.0,45,0.0
2025-09-04 15:00:00,754.29,754.7,749.98,750.16,1995.0,45,0.0
2025-09-04 16:00:00,750.18,750.47,746.63,746.66,1860.0,45,0.0
2025-09-04 17:00:00,746.58,748.96,746.35,747.8,1570.0,45,0.0
2025-09-04 18:00:00,747.79,748.73,747.3,748.22,1229.0,45,0.0
2025-09-04 19:00:00,748.23,748.38,746.09,747.05,1041.0,45,0.0
2025-09-05 10:00:00,751.98,752.25,751.55,751.66,99.0,67,0.0
2025-09-05 11:00:00,751.58,751.86,749.36,749.92,462.0,67,0.0
2025-09-05 12:00:00,749.89,753.86,748.69,753.78,796.0,67,0.0
2025-09-05 13:00:00,753.81,757.57,751.41,757.37,3338.0,45,0.0
2025-09-05 14:00:00,757.36,757.68,748.26,749.97,3796.0,45,0.0
2025-09-05 15:00:00,749.96,753.82,744.84,751.65,3438.0,45,0.0
2025-09-05 16:00:00,751.68,752.58,747.98,748.79,1831.0,45,0.0
2025-09-05 17:00:00,748.73,750.25,747.29,749.49,1265.0,45,0.0
2025-09-05 18:00:00,749.51,752.91,749.11,752.84,1240.0,45,0.0
2025-09-05 19:00:00,752.84,755.22,752.41,753.51,1215.0,45,0.0
2025-09-08 10:00:00,755.13,755.13,753.97,753.97,146.0,67,0.0
2025-09-08 11:00:00,753.88,754.33,753.73,754.13,99.0,67,0.0
2025-09-08 12:00:00,754.14,755.47,753.54,755.21,258.0,67,0.0
2025-09-08 13:00:00,755.29,766.25,753.82,762.44,3166.0,45,0.0
2025-09-08 14:00:00,762.34,764.18,758.84,760.08,2685.0,45,0.0
2025-09-08 15:00:00,760.15,762.2,758.33,762.17,1777.0,45,0.0
2025-09-08 16:00:00,762.17,762.17,758.51,759.59,1424.0,45,0.0
2025-09-08 17:00:00,759.6,760.47,757.86,758.44,1372.0,45,0.0
2025-09-08 18:00:00,758.39,760.54,757.85,758.22,1352.0,45,0.0
2025-09-08 19:00:00,758.22,759.05,756.5,757.11,1106.0,45,0.0
2025-09-09 10:00:00,755.05,755.5,754.82,754.97,51.0,67,0.0
2025-09-09 11:00:00,755.03,755.88,754.22,755.86,204.0,67,0.0
2025-09-09 12:00:00,755.79,756.37,755.27,755.66,326.0,67,0.0
2025-09-09 13:00:00,755.82,763.59,753.18,761.9,2883.0,45,0.0
2025-09-09 14:00:00,762.03,763.36,758.84,761.19,2926.0,45,0.0
2025-09-09 15:00:00,761.2,761.89,757.47,759.75,1995.0,45,0.0
2025-09-09 16:00:00,759.75,761.89,758.92,760.54,1630.0,45,0.0
2025-09-09 17:00:00,760.51,764.06,760.51,763.07,1853.0,45,0.0
2025-09-09 18:00:00,763.04,764.27,762.13,763.43,1471.0,45,0.0
2025-09-09 19:00:00,763.43,765.43,762.96,765.39,1310.0,45,0.0
2025-09-10 10:00:00,764.45,765.07,764.43,764.73,121.0,67,0.0
2025-09-10 11:00:00,764.94,764.95,762.92,762.92,319.0,67,0.0
2025-09-10 12:00:00,762.92,766.39,762.85,765.31,722.0,67,0.0
2025-09-10 13:00:00,765.22,766.17,751.89,755.03,3931.0,45,0.0
2025-09-10 14:00:00,754.91,757.7,752.82,754.36,3049.0,45,0.0
2025-09-10 15:00:00,754.38,758.51,753.55,757.89,1921.0,45,0.0
2025-09-10 16:00:00,757.86,757.86,755.39,757.51,1439.0,45,0.0
2025-09-10 17:00:00,757.53,759.42,754.45,755.68,1463.0,45,0.0
2025-09-10 18:00:00,755.68,756.57,754.2,755.78,1333.0,45,0.0
2025-09-10 19:00:00,755.77,755.89,751.64,754.13,1339.0,45,0.0
2025-09-11 10:00:00,754.32,754.52,754.27,754.52,16.0,67,0.0
2025-09-11 11:00:00,754.51,754.51,754.25,754.37,78.0,67,0.0
2025-09-11 12:00:00,754.4,754.55,752.18,754.24,420.0,67,0.0
2025-09-11 13:00:00,754.25,756.02,748.53,754.02,2841.0,45,0.0
2025-09-11 14:00:00,754.1,756.76,749.88,752.32,2641.0,45,0.0
2025-09-11 15:00:00,752.29,753.91,748.72,750.36,1847.0,45,0.0
2025-09-11 16:00:00,750.36,752.98,750.06,751.51,1445.0,45,0.0
2025-09-11 17:00:00,751.53,754.08,751.53,753.9,1377.0,45,0.0
2025-09-11 18:00:00,753.91,755.14,751.4,751.59,1238.0,45,0.0
2025-09-11 19:00:00,751.54,753.18,751.2,752.18,943.0,45,0.0
2025-09-12 10:00:00,751.16,751.24,749.78,750.0,113.0,67,0.0
2025-09-12 11:00:00,750.19,753.23,749.83,752.87,308.0,67,0.0
2025-09-12 12:00:00,752.79,753.29,750.43,750.77,300.0,67,0.0
2025-09-12 13:00:00,750.72,751.72,743.48,747.9,2535.0,45,0.0
2025-09-12 14:00:00,747.47,751.56,747.09,750.25,2272.0,45,0.0
2025-09-12 15:00:00,750.25,750.39,748.1,749.83,1338.0,45,0.0
2025-09-12 16:00:00,749.83,755.2,749.25,755.13,1617.0,45,0.0
2025-09-12 17:00:00,755.16,756.13,753.06,754.48,1412.0,45,0.0
2025-09-12 18:00:00,754.5,757.07,753.85,754.53,1400.0,45,0.0
2025-09-12 19:00:00,754.56,754.92,752.5,753.32,943.0,45,0.0
2025-09-15 10:00:00,758.53,759.06,757.67,757.92,220.0,67,0.0
2025-09-15 11:00:00,757.8,757.92,755.51,756.73,328.0,67,0.0
2025-09-15 12:00:00,756.72,757.72,748.97,750.82,963.0,67,0.0
2025-09-15 13:00:00,750.83,763.31,749.16,758.2,3569.0,45,0.0
2025-09-15 14:00:00,758.29,759.13,755.42,759.06,2780.0,45,0.0
2025-09-15 15:00:00,759.14,765.57,759.14,764.91,2679.0,45,0.0
2025-09-15 16:00:00,764.87,773.5,763.1,765.78,4244.0,45,0.0
2025-09-15 17:00:00,765.76,767.01,763.73,766.36,1805.0,45,0.0
2025-09-15 18:00:00,766.36,766.95,763.74,765.12,1441.0,45,0.0
2025-09-15 19:00:00,765.07,766.06,763.05,763.16,1117.0,45,0.0
2025-09-16 10:00:00,769.9,770.0,768.51,768.98,144.0,67,0.0
2025-09-16 11:00:00,768.96,770.1,768.14,768.25,226.0,67,0.0
2025-09-16 12:00:00,768.15,768.94,767.25,767.78,296.0,67,0.0
2025-09-16 13:00:00,767.75,774.28,765.07,768.75,4115.0,45,0.0
2025-09-16 14:00:00,768.66,769.97,766.19,768.09,3161.0,45,0.0
2025-09-16 15:00:00,768.09,769.72,766.64,766.64,1485.0,45,0.0
2025-09-16 16:00:00,766.62,767.69,764.66,767.16,1322.0,45,0.0
2025-09-16 17:00:00,767.16,772.22,767.06,771.42,1514.0,45,0.0
2025-09-16 18:00:00,771.39,774.35,769.81,774.09,1389.0,45,0.0
2025-09-16 19:00:00,774.09,778.19,772.84,777.92,1701.0,45,0.0
2025-09-17 10:00:00,776.42,776.45,775.49,775.89,140.0,67,0.0
2025-09-17 11:00:00,776.19,776.72,775.64,776.2,312.0,67,0.0
2025-09-17 12:00:00,776.12,777.6,775.83,777.14,391.0,67,0.0
2025-09-17 13:00:00,777.11,782.43,769.06,769.85,3338.0,45,0.0
2025-09-17 14:00:00,770.07,773.08,769.26,770.97,2912.0,45,0.0
2025-09-17 15:00:00,770.9,774.21,768.65,772.91,1773.0,45,0.0
2025-09-17 16:00:00,772.85,776.05,772.52,773.2,1486.0,45,0.0
2025-09-17 17:00:00,773.19,773.63,770.24,771.52,1366.0,45,0.0
2025-09-17 18:00:00,771.64,773.33,765.9,772.13,4146.0,45,0.0
2025-09-17 19:00:00,772.13,779.21,772.01,776.97,2638.0,45,0.0
2025-09-18 10:00:00,781.5,782.77,779.73,780.27,388.0,67,0.0
2025-09-18 11:00:00,780.43,780.51,774.75,776.47,503.0,67,0.0
2025-09-18 12:00:00,776.47,780.0,776.3,777.1,547.0,67,0.0
2025-09-18 13:00:00,777.11,787.46,772.73,781.92,5067.0,45,0.0
2025-09-18 14:00:00,782.07,788.08,781.5,785.33,3608.0,45,0.0
2025-09-18 15:00:00,785.34,786.24,778.88,779.11,2465.0,45,0.0
2025-09-18 16:00:00,779.04,784.97,777.8,783.69,1971.0,45,0.0
2025-09-18 17:00:00,783.74,785.2,780.36,781.43,1527.0,45,0.0
2025-09-18 18:00:00,781.4,784.31,781.09,783.64,1473.0,45,0.0
2025-09-18 19:00:00,783.64,784.14,778.39,778.82,1235.0,45,0.0
2025-09-19 10:00:00,780.27,783.36,780.23,782.48,96.0,67,0.0
2025-09-19 11:00:00,782.21,782.74,781.05,781.76,221.0,67,0.0
2025-09-19 12:00:00,781.59,783.52,781.58,782.64,416.0,67,0.0
2025-09-19 13:00:00,782.56,789.81,780.08,781.64,3399.0,45,0.0
2025-09-19 14:00:00,781.65,782.39,776.91,778.6,2693.0,45,0.0
2025-09-19 15:00:00,778.58,779.06,773.51,773.56,2166.0,45,0.0
2025-09-19 16:00:00,773.59,774.28,768.52,772.78,2282.0,45,0.0
2025-09-19 17:00:00,772.78,773.75,769.33,771.12,1759.0,45,0.0
2025-09-19 18:00:00,771.08,771.99,768.92,771.99,1581.0,45,0.0
2025-09-19 19:00:00,771.92,775.59,771.84,773.73,1464.0,45,0.0
2025-09-22 10:00:00,772.98,776.43,770.12,776.29,347.0,67,0.0
2025-09-22 11:00:00,776.35,777.44,774.32,775.56,393.0,67,0.0
2025-09-22 12:00:00,775.53,779.78,773.47,778.33,462.0,67,0.0
2025-09-22 13:00:00,778.09,785.36,777.8,780.11,3472.0,45,0.0
2025-09-22 14:00:00,780.19,782.36,777.92,779.64,2730.0,45,0.0
2025-09-22 15:00:00,779.66,779.87,774.67,774.67,1853.0,45,0.0
2025-09-22 16:00:00,774.64,775.05,770.55,770.63,1926.0,45,0.0
2025-09-22 17:00:00,770.61,773.18,769.89,771.88,1620.0,45,0.0
2025-09-22 18:00:00,771.78,771.89,767.97,768.31,1304.0,45,0.0
2025-09-22 19:00:00,768.32,769.51,767.42,768.07,1158.0,45,0.0
2025-09-23 10:00:00,768.86,769.08,767.62,768.25,127.0,67,0.0
2025-09-23 11:00:00,768.22,769.13,767.09,767.26,267.0,67,0.0
2025-09-23 12:00:00,767.23,768.22,767.05,768.02,157.0,67,0.0
2025-09-23 13:00:00,767.95,769.79,758.88,759.4,2803.0,45,0.0
2025-09-23 14:00:00,759.36,770.29,758.91,768.41,3300.0,45,0.0
2025-09-23 15:00:00,768.36,770.24,765.86,766.96,1984.0,45,0.0
2025-09-23 16:00:00,766.94,767.34,762.64,763.46,1698.0,45,0.0
2025-09-23 17:00:00,763.51,763.95,758.21,761.11,2369.0,45,0.0
2025-09-23 18:00:00,761.1,761.88,751.3,751.48,2179.0,45,0.0
2025-09-23 19:00:00,751.47,755.64,750.89,754.47,1664.0,45,0.0
2025-09-24 10:00:00,758.85,759.61,757.47,757.67,133.0,67,0.0
2025-09-24 11:00:00,757.67,758.32,756.85,757.69,261.0,67,0.0
2025-09-24 12:00:00,757.64,757.91,756.83,757.22,303.0,67,0.0
2025-09-24 13:00:00,757.1,759.88,753.86,754.81,3225.0,45,0.0
2025-09-24 14:00:00,754.85,758.42,753.31,755.61,2595.0,45,0.0
2025-09-24 15:00:00,755.6,759.63,755.04,755.31,2112.0,45,0.0
2025-09-24 16:00:00,755.26,757.19,752.41,752.77,2206.0,45,0.0
2025-09-24 17:00:00,752.77,755.87,752.51,754.12,1423.0,45,0.0
2025-09-24 18:00:00,754.13,757.92,753.55,757.92,1387.0,45,0.0
2025-09-24 19:00:00,758.05,759.72,757.52,758.64,1142.0,45,0.0
2025-09-25 10:00:00,757.62,757.89,755.28,756.37,194.0,67,0.0
2025-09-25 11:00:00,756.73,756.79,754.26,754.26,475.0,67,0.0
2025-09-25 12:00:00,754.16,755.07,752.35,753.4,647.0,67,0.0
2025-09-25 13:00:00,753.67,755.66,744.53,746.2,3578.0,45,0.0
2025-09-25 14:00:00,746.1,750.29,744.89,748.83,3787.0,45,0.0
2025-09-25 15:00:00,748.74,756.17,747.67,753.95,2551.0,45,0.0
2025-09-25 16:00:00,753.99,756.52,749.41,749.91,1788.0,45,0.0
2025-09-25 17:00:00,749.96,751.57,746.04,747.3,1764.0,45,0.0
2025-09-25 18:00:00,747.31,751.18,746.25,749.8,1756.0,45,0.0
2025-09-25 19:00:00,749.8,750.48,748.38,748.78,1043.0,45,0.0
2025-09-26 10:00:00,748.64,754.78,748.52,751.11,416.0,67,0.0
2025-09-26 11:00:00,750.78,750.9,746.74,749.1,366.0,67,0.0
2025-09-26 12:00:00,748.95,753.31,747.06,752.16,674.0,67,0.0
2025-09-26 13:00:00,752.0,752.15,746.59,748.54,2420.0,45,0.0
2025-09-26 14:00:00,748.55,749.62,739.63,741.04,3654.0,45,0.0
2025-09-26 15:00:00,741.07,742.25,737.69,738.26,2205.0,45,0.0
2025-09-26 16:00:00,738.27,742.5,737.2,741.91,2106.0,45,0.0
2025-09-26 17:00:00,741.91,745.51,741.51,743.57,1356.0,45,0.0
2025-09-26 18:00:00,743.53,744.83,742.11,742.69,1379.0,45,0.0
2025-09-26 19:00:00,742.67,742.68,739.9,740.35,1121.0,45,0.0
2025-09-29 10:00:00,749.41,749.62,748.65,749.31,112.0,67,0.0
2025-09-29 11:00:00,749.13,749.31,747.39,748.31,246.0,67,0.0
2025-09-29 12:00:00,748.31,750.49,748.31,750.0,244.0,67,0.0
2025-09-29 13:00:00,749.99,750.43,745.11,749.0,2637.0,45,0.0
2025-09-29 14:00:00,749.12,750.04,745.51,747.68,2445.0,45,0.0
2025-09-29 15:00:00,747.67,748.68,744.42,745.05,1689.0,45,0.0
2025-09-29 16:00:00,745.07,749.25,744.85,745.9,1345.0,45,0.0
2025-09-29 17:00:00,745.9,745.94,742.97,743.74,1652.0,45,0.0
2025-09-29 18:00:00,743.78,743.84,742.37,743.64,1104.0,45,0.0
2025-09-29 19:00:00,743.64,743.72,738.98,740.36,1494.0,45,0.0
2025-09-30 10:00:00,742.24,742.51,741.7,742.29,134.0,67,0.0
2025-09-30 11:00:00,742.16,742.48,741.87,742.34,188.0,67,0.0
2025-09-30 12:00:00,742.33,745.38,742.19,744.79,335.0,67,0.0
2025-09-30 13:00:00,744.64,744.81,729.05,729.39,3387.0,45,0.0
2025-09-30 14:00:00,729.04,734.48,726.15,734.1,3854.0,45,0.0
2025-09-30 15:00:00,734.12,735.44,731.5,735.11,2603.0,45,0.0
2025-09-30 16:00:00,735.04,735.22,730.71,731.23,1739.0,45,0.0
2025-09-30 17:00:00,731.24,731.31,727.35,730.02,2091.0,45,0.0
2025-09-30 18:00:00,730.0,732.4,729.38,731.27,1601.0,45,0.0
2025-09-30 19:00:00,731.28,733.86,730.5,732.21,1353.0,45,0.0
2025-10-01 10:00:00,728.34,729.15,728.29,728.44,144.0,67,0.0
2025-10-01 11:00:00,728.07,729.67,728.07,728.39,385.0,67,0.0
2025-10-01 12:00:00,728.61,728.98,721.43,721.6,939.0,67,0.0
2025-10-01 13:00:00,721.6,724.78,711.43,712.12,4923.0,45,0.0
2025-10-01 14:00:00,712.04,717.18,710.12,716.2,4313.0,45,0.0
2025-10-01 15:00:00,716.12,717.28,713.88,715.06,2718.0,45,0.0
2025-10-01 16:00:00,715.06,719.22,712.54,718.73,2428.0,45,0.0
2025-10-01 17:00:00,718.79,721.13,717.04,717.8,1938.0,45,0.0
2025-10-01 18:00:00,717.79,721.03,716.64,719.2,1725.0,45,0.0
2025-10-01 19:00:00,719.14,719.52,717.51,717.56,1334.0,45,0.0
2025-10-02 10:00:00,722.32,723.1,721.99,722.04,391.0,67,0.0
2025-10-02 11:00:00,722.01,722.36,721.71,721.9,295.0,67,0.0
2025-10-02 12:00:00,721.89,724.53,721.6,723.65,463.0,67,0.0
2025-10-02 13:00:00,723.74,727.48,719.98,723.19,3332.0,45,0.0
2025-10-02 14:00:00,723.15,723.94,719.25,720.24,2732.0,45,0.0
2025-10-02 15:00:00,720.2,721.72,717.98,720.64,2155.0,45,0.0
2025-10-02 16:00:00,720.61,723.02,719.14,722.91,1576.0,45,0.0
2025-10-02 17:00:00,722.87,726.62,721.7,726.29,1818.0,45,0.0
2025-10-02 18:00:00,726.3,726.66,724.64,726.06,1452.0,45,0.0
2025-10-02 19:00:00,726.06,726.57,724.2,724.96,1150.0,45,0.0
2025-10-03 10:00:00,729.75,730.24,729.19,729.84,171.0,67,0.0
2025-10-03 11:00:00,729.53,730.37,729.53,730.28,264.0,67,0.0
2025-10-03 12:00:00,730.28,730.58,727.69,728.73,394.0,67,0.0
2025-10-03 13:00:00,728.62,730.56,715.67,718.61,3727.0,45,0.0
2025-10-03 14:00:00,718.55,720.42,716.93,719.09,3288.0,45,0.0
2025-10-03 15:00:00,719.09,720.19,714.92,719.24,2791.0,45,0.0
2025-10-03 16:00:00,719.23,719.9,717.38,718.84,1850.0,45,0.0
2025-10-03 17:00:00,718.76,718.77,712.38,714.48,3482.0,45,0.0
2025-10-03 18:00:00,714.53,715.45,713.0,715.2,2187.0,45,0.0
2025-10-03 19:00:00,715.22,715.9,713.58,713.96,1530.0,45,0.0
2025-10-06 10:00:00,715.21,715.21,712.93,713.64,325.0,67,0.0
2025-10-06 11:00:00,713.66,713.66,711.73,712.25,386.0,67,0.0
2025-10-06 12:00:00,712.27,712.4,707.46,707.61,665.0,67,0.0
2025-10-06 13:00:00,707.56,708.87,690.35,699.76,5137.0,45,0.0
2025-10-06 14:00:00,699.66,706.33,698.87,704.99,4333.0,45,0.0
2025-10-06 15:00:00,705.01,707.78,700.95,707.22,2614.0,45,0.0
2025-10-06 16:00:00,707.12,708.91,705.22,708.83,1972.0,45,0.0
2025-10-06 17:00:00,708.8,714.12,707.17,712.58,2217.0,45,0.0
2025-10-06 18:00:00,712.51,716.65,712.01,714.98,2297.0,45,0.0
2025-10-06 19:00:00,714.98,715.94,710.88,711.95,1540.0,45,0.0
2025-10-07 10:00:00,716.48,717.13,716.22,716.71,194.0,67,0.0
2025-10-07 11:00:00,716.71,718.38,716.45,718.25,307.0,67,0.0
2025-10-07 12:00:00,718.32,718.49,717.12,717.36,396.0,67,0.0
2025-10-07 13:00:00,717.29,719.38,709.71,709.75,3096.0,45,0.0
2025-10-07 14:00:00,709.75,715.36,708.16,713.12,3069.0,45,0.0
2025-10-07 15:00:00,713.28,713.89,707.55,708.87,2911.0,45,0.0
2025-10-07 16:00:00,708.87,710.37,705.73,705.99,1956.0,45,0.0
2025-10-07 17:00:00,705.96,708.53,705.54,707.47,1600.0,45,0.0
2025-10-07 18:00:00,707.47,709.89,706.91,709.57,1347.0,45,0.0
2025-10-07 19:00:00,709.6,712.22,708.89,712.17,980.0,45,0.0
2025-10-08 10:00:00,713.47,713.73,712.3,712.61,398.0,67,0.0
2025-10-08 11:00:00,712.74,712.85,711.61,712.04,418.0,67,0.0
2025-10-08 12:00:00,712.01,712.18,710.94,711.55,356.0,67,0.0
2025-10-08 13:00:00,711.58,714.66,707.65,713.1,2457.0,45,0.0
2025-10-08 14:00:00,713.0,716.11,711.86,715.74,2469.0,45,0.0
2025-10-08 15:00:00,715.75,717.99,714.81,717.63,1701.0,45,0.0
2025-10-08 16:00:00,717.64,718.12,714.47,715.23,1314.0,45,0.0
2025-10-08 17:00:00,715.27,719.35,714.27,718.35,1491.0,45,0.0
2025-10-08 18:00:00,718.36,719.15,716.53,717.75,1234.0,45,0.0
2025-10-08 19:00:00,717.69,719.21,717.33,717.41,904.0,45,0.0
2025-10-09 10:00:00,717.08,717.28,716.36,717.08,190.0,67,0.0
2025-10-09 11:00:00,717.21,718.99,716.51,716.72,373.0,67,0.0
2025-10-09 12:00:00,716.58,718.33,716.22,718.32,313.0,67,0.0
2025-10-09 13:00:00,718.19,721.89,712.25,717.55,2971.0,45,0.0
2025-10-09 14:00:00,717.48,720.32,716.4,719.91,2772.0,45,0.0
2025-10-09 15:00:00,719.85,727.1,719.03,725.6,2504.0,45,0.0
2025-10-09 16:00:00,725.56,729.02,724.73,725.53,2243.0,45,0.0
2025-10-09 17:00:00,725.54,729.18,725.11,729.02,1745.0,45,0.0
2025-10-09 18:00:00,728.95,731.11,727.82,731.06,1733.0,45,0.0
2025-10-09 19:00:00,731.07,733.21,730.41,732.75,1327.0,45,0.0
2025-10-10 10:00:00,733.65,736.87,732.3,735.25,381.0,67,0.0
2025-10-10 11:00:00,735.25,735.25,734.02,734.82,265.0,67,0.0
2025-10-10 12:00:00,734.8,735.35,733.65,734.18,271.0,67,0.0
2025-10-10 13:00:00,734.18,734.88,727.44,731.1,2848.0,45,0.0
2025-10-10 14:00:00,731.01,733.68,724.48,725.51,3027.0,45,0.0
2025-10-10 15:00:00,725.37,725.37,709.64,714.91,8071.0,45,0.0
2025-10-10 16:00:00,714.91,717.35,710.22,710.62,3718.0,45,0.0
2025-10-10 17:00:00,710.58,714.11,708.76,712.35,2872.0,45,0.0
2025-10-10 18:00:00,712.36,712.5,709.47,711.09,2451.0,45,0.0
2025-10-10 19:00:00,711.11,712.54,706.94,709.8,1915.0,45,0.0
2025-10-13 10:00:00,716.47,720.51,715.97,718.85,658.0,67,0.0
2025-10-13 11:00:00,718.72,718.72,712.16,715.7,985.0,67,0.0
2025-10-13 12:00:00,715.49,715.6,711.45,711.91,874.0,67,0.0
2025-10-13 13:00:00,711.91,717.25,707.46,716.8,3441.0,45,0.0
2025-10-13 14:00:00,716.86,719.66,708.53,708.57,3719.0,45,0.0
2025-10-13 15:00:00,708.57,714.49,708.08,711.92,1957.0,45,0.0
2025-10-13 16:00:00,711.93,714.1,711.59,713.73,1551.0,45,0.0
2025-10-13 17:00:00,713.73,714.69,711.88,713.3,1581.0,45,0.0
2025-10-13 18:00:00,713.32,715.22,712.86,713.18,1333.0,45,0.0
2025-10-13 19:00:00,713.18,715.27,712.64,714.99,1022.0,45,0.0
2025-10-14 10:00:00,706.16,706.41,699.93,703.53,584.0,67,0.0
2025-10-14 11:00:00,703.75,707.64,703.46,706.55,751.0,67,0.0
2025-10-14 12:00:00,706.5,706.59,704.24,705.42,658.0,67,0.0
2025-10-14 13:00:00,705.43,707.83,699.2,707.83,2843.0,45,0.0
2025-10-14 14:00:00,707.91,711.17,707.54,709.87,2642.0,45,0.0
2025-10-14 15:00:00,709.87,715.33,709.67,714.53,2052.0,45,0.0
2025-10-14 16:00:00,714.55,714.77,711.13,713.39,1914.0,45,0.0
2025-10-14 17:00:00,713.41,714.01,711.18,712.45,1569.0,45,0.0
2025-10-14 18:00:00,712.45,712.58,710.16,711.11,1354.0,45,0.0
2025-10-14 19:00:00,711.22,712.41,705.05,705.48,1454.0,45,0.0
2025-10-15 10:00:00,713.4,713.65,712.88,713.07,144.0,67,0.0
2025-10-15 11:00:00,712.94,714.26,712.34,713.9,229.0,67,0.0
2025-10-15 12:00:00,714.18,714.98,713.06,713.54,371.0,67,0.0
2025-10-15 13:00:00,713.5,719.8,713.03,718.99,2324.0,45,0.0
2025-10-15 14:00:00,719.05,723.61,718.59,722.97,2762.0,45,0.0
2025-10-15 15:00:00,722.99,723.34,713.4,715.24,2345.0,45,0.0
2025-10-15 16:00:00,715.23,718.43,714.42,714.62,1752.0,45,0.0
2025-10-15 17:00:00,714.62,716.41,709.37,715.88,2148.0,45,0.0
2025-10-15 18:00:00,715.92,718.4,714.8,717.61,1361.0,45,0.0
2025-10-15 19:00:00,717.53,717.92,715.33,715.92,972.0,45,0.0
2025-10-16 10:00:00,719.23,721.23,719.23,720.68,259.0,67,0.0
2025-10-16 11:00:00,720.68,720.95,719.78,720.56,236.0,67,0.0
2025-10-16 12:00:00,720.55,720.78,719.41,719.71,319.0,67,0.0
2025-10-16 13:00:00,719.47,725.15,716.97,722.23,2591.0,45,0.0
2025-10-16 14:00:00,722.16,724.27,718.85,720.93,2815.0,45,0.0
2025-10-16 15:00:00,721.0,721.9,716.84,717.51,2420.0,45,0.0
2025-10-16 16:00:00,717.39,717.66,709.39,713.07,2932.0,45,0.0
2025-10-16 17:00:00,713.07,713.39,708.26,709.61,2609.0,45,0.0
2025-10-16 18:00:00,709.54,709.59,703.76,708.89,2736.0,45,0.0
2025-10-16 19:00:00,708.82,710.31,706.75,709.43,1684.0,45,0.0
2025-10-17 10:00:00,701.78,704.47,700.9,704.21,692.0,67,0.0
2025-10-17 11:00:00,704.4,708.76,703.9,707.93,835.0,67,0.0
2025-10-17 12:00:00,707.98,711.71,707.09,708.71,849.0,67,0.0
2025-10-17 13:00:00,708.72,714.57,705.87,710.36,2738.0,45,0.0
2025-10-17 14:00:00,710.36,715.41,707.84,708.78,3613.0,45,0.0
2025-10-17 15:00:00,708.78,711.21,706.59,708.96,2879.0,45,0.0
2025-10-17 16:00:00,709.05,713.46,708.98,711.41,2104.0,45,0.0
2025-10-17 17:00:00,711.41,714.59,710.25,714.35,1951.0,45,0.0
2025-10-17 18:00:00,714.39,717.1,713.65,715.71,1887.0,45,0.0
2025-10-17 19:00:00,715.75,717.83,715.2,717.65,1303.0,45,0.0
2025-10-20 10:00:00,719.4,719.83,717.87,718.44,198.0,67,0.0
2025-10-20 11:00:00,718.6,719.79,718.02,719.3,537.0,67,0.0
2025-10-20 12:00:00,719.27,722.03,719.24,721.7,371.0,67,0.0
2025-10-20 13:00:00,721.7,730.97,720.09,728.97,2348.0,45,0.0
2025-10-20 14:00:00,729.06,732.11,728.29,731.12,2706.0,45,0.0
2025-10-20 15:00:00,731.12,731.15,728.41,729.92,1786.0,45,0.0
2025-10-20 16:00:00,729.92,731.47,728.32,729.88,1377.0,45,0.0
2025-10-20 17:00:00,729.88,733.06,729.88,732.95,985.0,45,0.0
2025-10-20 18:00:00,732.96,733.49,731.17,732.12,1084.0,45,0.0
2025-10-20 19:00:00,732.1,733.5,731.33,731.59,853.0,45,0.0
2025-10-21 10:00:00,735.39,735.94,734.75,734.88,191.0,67,0.0
2025-10-21 11:00:00,734.82,736.28,733.78,735.97,466.0,67,0.0
2025-10-21 12:00:00,736.13,736.51,735.4,735.95,377.0,67,0.0
2025-10-21 13:00:00,735.92,738.03,732.37,733.86,2377.0,45,0.0
2025-10-21 14:00:00,733.79,734.13,730.9,730.98,2285.0,45,0.0
2025-10-21 15:00:00,730.98,732.32,728.55,731.34,1964.0,45,0.0
2025-10-21 16:00:00,731.33,734.52,731.32,731.78,1481.0,45,0.0
2025-10-21 17:00:00,731.68,732.98,729.69,732.9,1487.0,45,0.0
2025-10-21 18:00:00,732.9,733.07,731.84,732.27,968.0,45,0.0
2025-10-21 19:00:00,732.27,733.93,732.17,733.33,800.0,45,0.0
2025-10-22 10:00:00,733.14,735.02,732.83,734.53,267.0,67,0.0
2025-10-22 11:00:00,734.4,734.76,729.29,730.42,641.0,67,0.0
2025-10-22 12:00:00,730.35,731.87,730.35,730.99,339.0,67,0.0
2025-10-22 13:00:00,731.0,738.68,730.82,736.71,2311.0,45,0.0
2025-10-22 14:00:00,736.73,740.32,729.82,736.21,3532.0,45,0.0
2025-10-22 15:00:00,736.1,736.28,728.09,732.77,2675.0,45,0.0
2025-10-22 16:00:00,732.72,732.88,724.65,728.33,2271.0,45,0.0
2025-10-22 17:00:00,728.25,729.37,723.97,725.99,2161.0,45,0.0
2025-10-22 18:00:00,725.99,730.16,725.6,730.05,1865.0,45,0.0
2025-10-22 19:00:00,730.05,733.18,729.06,732.23,1256.0,45,0.0
2025-10-23 10:00:00,731.22,731.47,730.52,730.97,309.0,67,0.0
2025-10-23 11:00:00,731.15,732.41,730.51,731.07,492.0,67,0.0
2025-10-23 12:00:00,731.1,732.45,730.16,732.16,419.0,67,0.0
2025-10-23 13:00:00,732.16,742.14,731.55,739.87,2421.0,45,0.0
2025-10-23 14:00:00,739.87,741.58,737.51,738.3,2579.0,45,0.0
2025-10-23 15:00:00,738.33,741.27,738.12,740.8,1688.0,45,0.0
2025-10-23 16:00:00,740.83,741.8,737.13,737.77,1418.0,45,0.0
2025-10-23 17:00:00,737.74,738.28,735.64,736.85,1414.0,45,0.0
2025-10-23 18:00:00,736.92,737.02,732.87,733.84,1153.0,45,0.0
2025-10-23 19:00:00,733.86,735.6,733.64,734.02,842.0,45,0.0
2025-10-24 10:00:00,737.18,738.47,736.36,737.13,200.0,67,0.0
2025-10-24 11:00:00,737.27,739.15,737.04,738.03,301.0,67,0.0
2025-10-24 12:00:00,738.3,741.23,737.79,738.63,835.0,67,0.0
2025-10-24 13:00:00,738.88,739.04,732.05,733.65,2504.0,45,0.0
2025-10-24 14:00:00,733.58,737.26,732.81,732.93,2445.0,45,0.0
2025-10-24 15:00:00,732.93,733.63,731.0,731.97,1846.0,45,0.0
2025-10-24 16:00:00,732.03,737.14,732.03,736.88,1317.0,45,0.0
2025-10-24 17:00:00,736.85,738.05,736.03,736.89,1173.0,45,0.0
2025-10-24 18:00:00,736.89,740.95,736.69,738.54,1240.0,45,0.0
2025-10-24 19:00:00,738.55,739.5,737.07,737.82,980.0,45,0.0
2025-10-27 10:00:00,749.06,749.25,746.54,747.87,348.0,67,0.0
2025-10-27 11:00:00,747.49,748.53,746.4,748.12,546.0,67,0.0
2025-10-27 12:00:00,747.89,749.34,747.87,748.64,343.0,67,0.0
2025-10-27 13:00:00,748.63,755.3,747.69,755.14,3119.0,45,0.0
2025-10-27 14:00:00,755.17,755.51,752.03,752.35,2627.0,45,0.0
2025-10-27 15:00:00,752.31,752.69,748.51,751.69,1957.0,45,0.0
2025-10-27 16:00:00,751.69,752.66,749.25,749.69,1435.0,45,0.0
2025-10-27 17:00:00,749.69,751.2,747.83,750.85,1278.0,45,0.0
2025-10-27 18:00:00,750.84,751.26,749.7,750.89,1036.0,45,0.0
2025-10-27 19:00:00,750.87,751.4,750.13,751.37,824.0,45,0.0
2025-10-28 10:00:00,752.62,753.34,751.65,753.3,242.0,67,0.0
2025-10-28 11:00:00,753.31,753.34,752.66,752.8,356.0,67,0.0
2025-10-28 12:00:00,752.81,753.47,751.71,752.06,307.0,67,0.0
2025-10-28 13:00:00,752.07,758.12,749.56,756.49,3144.0,45,0.0
2025-10-28 14:00:00,756.46,756.73,745.43,750.25,2858.0,45,0.0
2025-10-28 15:00:00,750.26,754.46,750.26,751.02,1816.0,45,0.0
2025-10-28 16:00:00,751.05,755.07,750.59,753.35,1759.0,45,0.0
2025-10-28 17:00:00,753.35,756.39,753.33,754.9,1393.0,45,0.0
2025-10-28 18:00:00,754.87,756.33,753.91,754.02,1092.0,45,0.0
2025-10-28 19:00:00,754.03,754.03,750.92,751.77,1145.0,45,0.0
2025-10-29 10:00:00,753.91,754.26,750.86,751.46,654.0,67,0.0
2025-10-29 11:00:00,751.98,753.49,751.36,752.93,748.0,67,0.0
2025-10-29 12:00:00,752.87,753.42,751.78,752.26,385.0,67,0.0
2025-10-29 13:00:00,752.22,758.61,745.97,748.47,3344.0,45,0.0
2025-10-29 14:00:00,748.55,750.52,744.99,746.64,3141.0,45,0.0
2025-10-29 15:00:00,746.64,750.91,746.32,750.91,2029.0,45,0.0
2025-10-29 16:00:00,750.91,751.61,747.82,748.05,1623.0,45,0.0
2025-10-29 17:00:00,748.05,750.69,747.6,748.12,1659.0,45,0.0
2025-10-29 18:00:00,748.19,749.83,742.43,744.58,3421.0,45,0.0
2025-10-29 19:00:00,744.65,751.93,743.16,751.06,2571.0,45,0.0
2025-10-30 10:00:00,690.45,692.74,683.61,687.2,3512.0,67,0.0
2025-10-30 11:00:00,687.39,689.46,682.13,682.98,3612.0,67,0.0
2025-10-30 12:00:00,682.91,683.11,672.29,674.07,3913.0,67,0.0
2025-10-30 13:00:00,674.12,679.09,649.94,665.77,14878.0,45,0.0
2025-10-30 14:00:00,665.67,669.12,652.31,654.07,8525.0,45,0.0
2025-10-30 15:00:00,654.0,668.09,653.82,667.83,5293.0,45,0.0
2025-10-30 16:00:00,667.76,680.65,667.54,674.84,6580.0,45,0.0
2025-10-30 17:00:00,674.83,678.25,672.85,674.12,4600.0,45,0.0
2025-10-30 18:00:00,674.1,674.7,664.19,665.27,4319.0,45,0.0
2025-10-30 19:00:00,665.22,669.14,663.96,667.96,3330.0,45,0.0
2025-10-31 10:00:00,675.28,675.42,672.19,673.67,634.0,67,0.0
2025-10-31 11:00:00,673.79,677.67,673.79,676.55,628.0,67,0.0
2025-10-31 12:00:00,676.35,676.73,668.92,669.04,1386.0,67,0.0
2025-10-31 13:00:00,669.01,674.51,654.07,660.95,5242.0,45,0.0
2025-10-31 14:00:00,661.06,661.91,652.95,659.68,5047.0,45,0.0
2025-10-31 15:00:00,659.56,659.81,653.03,653.03,3354.0,45,0.0
2025-10-31 16:00:00,653.05,654.82,649.84,652.57,3416.0,45,0.0
2025-10-31 17:00:00,652.5,654.73,650.53,652.67,2819.0,45,0.0
2025-10-31 18:00:00,652.68,653.15,645.36,648.48,3001.0,45,0.0
2025-10-31 19:00:00,648.42,652.13,648.13,649.78,2264.0,45,0.0
2025-11-03 11:00:00,657.6,658.18,655.69,655.69,735.0,67,0.0
2025-11-03 12:00:00,655.69,656.26,652.87,653.34,948.0,67,0.0
2025-11-03 13:00:00,653.36,656.7,653.36,656.26,724.0,67,0.0
2025-11-03 14:00:00,656.26,657.69,651.78,656.05,4625.0,45,0.0
2025-11-03 15:00:00,655.97,659.05,645.8,651.41,5312.0,45,0.0
2025-11-03 16:00:00,651.43,652.81,648.25,651.57,2866.0,45,0.0
2025-11-03 17:00:00,651.57,652.7,647.13,648.25,2441.0,45,0.0
2025-11-03 18:00:00,648.25,648.25,641.99,642.31,3174.0,45,0.0
2025-11-03 19:00:00,642.31,645.83,641.38,645.17,2648.0,45,0.0
2025-11-03 20:00:00,645.16,645.99,639.35,640.2,2007.0,45,0.0
2025-11-04 11:00:00,629.45,632.05,629.07,630.59,751.0,67,0.0
2025-11-04 12:00:00,630.75,632.51,625.9,631.48,1512.0,67,0.0
2025-11-04 13:00:00,631.6,632.12,629.21,630.24,841.0,67,0.0
2025-11-04 14:00:00,630.3,641.45,626.19,638.43,4565.0,45,0.0
2025-11-04 15:00:00,638.53,640.84,633.88,634.04,3842.0,45,0.0
2025-11-04 16:00:00,634.0,634.62,628.23,631.51,2945.0,45,0.0
2025-11-04 17:00:00,631.51,632.42,628.55,629.7,2228.0,45,0.0
2025-11-04 18:00:00,629.7,632.51,627.44,631.44,2062.0,45,0.0
2025-11-04 19:00:00,631.37,631.75,627.13,627.62,2048.0,45,0.0
2025-11-04 20:00:00,627.62,630.56,627.02,629.78,1708.0,45,0.0
2025-11-05 11:00:00,626.03,629.07,625.93,628.68,602.0,67,0.0
2025-11-05 12:00:00,628.73,630.02,627.43,630.01,609.0,67,0.0
2025-11-05 13:00:00,629.99,634.27,628.13,632.65,1192.0,67,0.0
2025-11-05 14:00:00,632.66,635.47,626.38,632.56,3557.0,45,0.0
2025-11-05 15:00:00,632.63,638.9,631.06,635.2,4442.0,45,0.0
2025-11-05 16:00:00,635.15,639.28,634.04,639.07,2530.0,45,0.0
2025-11-05 17:00:00,639.03,640.81,636.89,639.14,2089.0,45,0.0
2025-11-05 18:00:00,639.15,641.94,638.51,639.96,1712.0,45,0.0
2025-11-05 19:00:00,639.97,640.53,637.68,639.47,1685.0,45,0.0
2025-11-05 20:00:00,639.51,639.85,637.94,638.9,1177.0,45,0.0
2025-11-06 11:00:00,641.44,642.46,636.95,638.77,801.0,67,0.0
2025-11-06 12:00:00,638.77,642.01,638.44,641.15,754.0,67,0.0
2025-11-06 13:00:00,641.08,641.55,639.9,640.02,543.0,67,0.0
2025-11-06 14:00:00,640.1,640.1,624.01,626.78,3894.0,45,0.0
2025-11-06 15:00:00,626.71,627.08,619.04,622.04,4512.0,45,0.0
2025-11-06 16:00:00,622.04,623.61,618.64,619.02,3017.0,45,0.0
2025-11-06 17:00:00,619.09,625.73,619.09,624.17,2726.0,45,0.0
2025-11-06 18:00:00,624.11,624.44,621.59,622.51,2230.0,45,0.0
2025-11-06 19:00:00,622.45,625.53,622.36,625.0,2022.0,45,0.0
2025-11-06 20:00:00,625.0,625.07,619.3,619.7,1657.0,45,0.0
2025-11-07 11:00:00,616.47,616.54,612.71,615.8,966.0,67,0.0
2025-11-07 12:00:00,615.93,617.47,612.88,613.39,907.0,67,0.0
2025-11-07 13:00:00,613.35,614.96,612.7,613.22,966.0,67,0.0
2025-11-07 14:00:00,613.24,616.99,606.33,608.16,4539.0,45,0.0
2025-11-07 15:00:00,608.26,609.98,602.91,603.08,4616.0,45,0.0
2025-11-07 16:00:00,603.07,606.03,601.09,605.95,3342.0,45,0.0
2025-11-07 17:00:00,605.95,608.89,604.88,608.0,2941.0,45,0.0
2025-11-07 18:00:00,608.01,614.8,607.99,612.88,2672.0,45,0.0
2025-11-07 19:00:00,612.88,619.28,612.52,619.21,2643.0,45,0.0
2025-11-07 20:00:00,619.21,620.2,616.6,619.4,2240.0,45,0.0
2025-11-10 11:00:00,633.47,634.09,632.82,633.49,505.0,67,0.0
2025-11-10 12:00:00,633.21,633.64,627.89,629.94,875.0,67,0.0
2025-11-10 13:00:00,630.01,631.56,629.09,631.47,640.0,67,0.0
2025-11-10 14:00:00,631.5,633.66,622.96,630.58,3439.0,45,0.0
2025-11-10 15:00:00,630.56,634.68,627.67,627.76,3486.0,45,0.0
2025-11-10 16:00:00,627.63,632.32,626.32,632.31,2391.0,45,0.0
2025-11-10 17:00:00,632.29,634.71,632.06,633.7,2015.0,45,0.0
2025-11-10 18:00:00,633.7,634.4,632.16,632.69,1511.0,45,0.0
2025-11-10 19:00:00,632.69,633.93,631.82,633.57,1373.0,45,0.0
2025-11-10 20:00:00,633.52,634.04,631.05,632.22,1436.0,45,0.0
2025-11-11 11:00:00,628.95,629.59,620.54,624.55,1325.0,67,0.0
2025-11-11 12:00:00,624.21,625.64,622.24,623.46,866.0,67,0.0
2025-11-11 13:00:00,623.46,625.38,623.02,624.97,685.0,67,0.0
2025-11-11 14:00:00,625.09,629.43,623.32,625.67,2707.0,45,0.0
2025-11-11 15:00:00,625.65,625.87,619.2,622.12,2962.0,45,0.0
2025-11-11 16:00:00,622.13,624.17,621.67,623.12,1828.0,45,0.0
2025-11-11 17:00:00,623.2,625.35,622.64,623.71,1570.0,45,0.0
2025-11-11 18:00:00,623.7,625.55,623.16,625.32,1468.0,45,0.0
2025-11-11 19:00:00,625.24,626.6,623.9,625.6,1432.0,45,0.0
2025-11-11 20:00:00,625.6,626.94,625.0,626.72,1069.0,45,0.0
2025-11-12 11:00:00,628.77,629.35,628.05,628.26,211.0,67,0.0
2025-11-12 12:00:00,628.29,629.27,627.21,628.77,356.0,67,0.0
2025-11-12 13:00:00,628.86,630.03,628.79,629.8,312.0,67,0.0
2025-11-12 14:00:00,629.83,631.39,618.21,618.5,2647.0,45,0.0
2025-11-12 15:00:00,618.39,620.12,608.33,609.0,4416.0,45,0.0
2025-11-12 16:00:00,608.9,611.76,607.62,610.8,3089.0,45,0.0
2025-11-12 17:00:00,610.81,615.8,610.53,614.85,2352.0,45,0.0
2025-11-12 18:00:00,614.88,614.99,610.37,612.68,2003.0,45,0.0
2025-11-12 19:00:00,612.71,613.82,611.02,611.72,1776.0,45,0.0
2025-11-12 20:00:00,611.65,612.12,609.13,609.63,1840.0,45,0.0
2025-11-13 11:00:00,610.57,612.72,609.05,611.47,629.0,67,0.0
2025-11-13 12:00:00,611.4,612.93,610.19,612.76,571.0,67,0.0
2025-11-13 13:00:00,612.42,612.73,609.22,609.41,856.0,67,0.0
2025-11-13 14:00:00,609.71,615.3,608.27,613.89,3612.0,45,0.0
2025-11-13 15:00:00,613.87,617.36,609.09,610.53,3829.0,45,0.0
2025-11-13 16:00:00,610.42,610.95,606.22,609.6,3095.0,45,0.0
2025-11-13 17:00:00,609.57,610.25,605.63,606.43,2415.0,45,0.0
2025-11-13 18:00:00,606.46,606.93,602.81,604.31,2547.0,45,0.0
2025-11-13 19:00:00,604.35,607.52,603.95,606.57,2314.0,45,0.0
2025-11-13 20:00:00,606.53,607.72,604.33,607.48,1912.0,45,0.0
2025-11-14 11:00:00,606.12,606.27,601.2,603.3,970.0,67,0.0
2025-11-14 12:00:00,603.29,604.35,595.84,598.58,2009.0,67,0.0
2025-11-14 13:00:00,598.48,600.14,595.74,598.04,1818.0,67,0.0
2025-11-14 14:00:00,598.03,604.4,594.92,604.02,3925.0,45,0.0
2025-11-14 15:00:00,604.01,611.73,600.99,610.19,4322.0,45,0.0
2025-11-14 16:00:00,610.13,611.75,606.8,608.89,2947.0,45,0.0
2025-11-14 17:00:00,608.9,612.71,608.26,610.12,2593.0,45,0.0
2025-11-14 18:00:00,610.12,611.84,607.66,611.75,2410.0,45,0.0
2025-11-14 19:00:00,611.71,613.41,610.44,612.36,2323.0,45,0.0
2025-11-14 20:00:00,612.41,612.61,608.7,609.57,1715.0,45,0.0
2025-11-17 11:00:00,609.37,611.52,609.02,610.67,395.0,67,0.0
2025-11-17 12:00:00,610.79,610.79,606.97,608.06,839.0,67,0.0
2025-11-17 13:00:00,608.01,609.17,604.77,607.0,977.0,67,0.0
2025-11-17 14:00:00,607.0,611.36,602.87,609.62,3518.0,45,0.0
2025-11-17 15:00:00,609.85,610.12,604.17,607.23,3389.0,45,0.0
2025-11-17 16:00:00,607.24,608.59,603.47,608.13,2368.0,45,0.0
2025-11-17 17:00:00,608.11,608.11,603.56,603.64,2008.0,45,0.0
2025-11-17 18:00:00,603.65,606.19,600.38,600.88,2074.0,45,0.0
2025-11-17 19:00:00,600.86,601.75,596.28,596.39,2526.0,45,0.0
2025-11-17 20:00:00,596.3,597.63,595.22,597.4,2201.0,45,0.0
2025-11-18 11:00:00,598.74,598.87,596.69,597.7,578.0,67,0.0
2025-11-18 12:00:00,597.37,598.61,592.87,594.42,1187.0,67,0.0
2025-11-18 13:00:00,594.68,595.43,591.83,592.29,1707.0,67,0.0
2025-11-18 14:00:00,592.21,597.34,586.6,586.71,4965.0,45,0.0
2025-11-18 15:00:00,586.64,588.78,583.63,586.37,4909.0,45,0.0
2025-11-18 16:00:00,586.32,594.09,584.74,593.14,3674.0,45,0.0
2025-11-18 17:00:00,593.14,599.16,587.04,597.52,4461.0,45,0.0
2025-11-18 18:00:00,597.6,600.04,594.58,597.51,3345.0,45,0.0
2025-11-18 19:00:00,597.54,603.37,597.4,601.69,2793.0,45,0.0
2025-11-18 20:00:00,601.67,601.97,599.42,600.47,1948.0,45,0.0
2025-11-19 11:00:00,599.92,600.5,597.97,599.18,434.0,67,0.0
2025-11-19 12:00:00,599.12,599.17,595.74,598.19,777.0,67,0.0
2025-11-19 13:00:00,598.0,598.49,596.53,596.58,827.0,67,0.0
2025-11-19 14:00:00,596.55,596.77,587.16,592.05,3549.0,45,0.0
2025-11-19 15:00:00,592.16,595.06,587.58,587.79,3329.0,45,0.0
2025-11-19 16:00:00,587.78,589.27,585.85,587.1,2910.0,45,0.0
2025-11-19 17:00:00,587.05,587.7,581.09,583.45,3068.0,45,0.0
2025-11-19 18:00:00,583.46,586.47,582.04,586.18,2328.0,45,0.0
2025-11-19 19:00:00,586.18,586.45,582.81,585.01,2335.0,45,0.0
2025-11-19 20:00:00,584.91,587.72,584.11,587.53,2125.0,45,0.0
2025-11-20 11:00:00,597.94,598.59,596.66,597.58,471.0,67,0.0
2025-11-20 12:00:00,597.82,600.17,596.81,599.39,592.0,67,0.0
2025-11-20 13:00:00,599.28,602.97,598.62,601.77,1127.0,67,0.0
2025-11-20 14:00:00,601.82,606.41,598.88,602.28,3900.0,45,0.0
2025-11-20 15:00:00,602.36,603.1,596.73,599.23,4127.0,45,0.0
2025-11-20 16:00:00,599.26,599.26,586.69,587.45,4365.0,45,0.0
2025-11-20 17:00:00,587.36,589.83,583.37,586.46,5019.0,45,0.0
2025-11-20 18:00:00,586.37,590.21,584.09,584.92,3589.0,45,0.0
2025-11-20 19:00:00,584.89,589.03,583.19,589.01,3135.0,45,0.0
2025-11-20 20:00:00,588.9,590.39,584.78,585.12,2425.0,45,0.0
2025-11-21 11:00:00,586.14,587.52,583.92,585.15,727.0,67,0.0
2025-11-21 12:00:00,585.23,590.37,582.67,588.88,1818.0,67,0.0
2025-11-21 13:00:00,588.39,591.89,587.94,588.86,1129.0,67,0.0
2025-11-21 14:00:00,588.82,595.68,587.17,588.47,3509.0,45,0.0
2025-11-21 15:00:00,588.65,589.8,581.71,583.01,5695.0,45,0.0
2025-11-21 16:00:00,583.09,591.7,581.75,591.48,3656.0,45,0.0
2025-11-21 17:00:00,591.6,594.78,590.05,592.18,2998.0,45,0.0
2025-11-21 18:00:00,592.22,596.63,588.98,594.43,2754.0,45,0.0
2025-11-21 19:00:00,594.34,597.79,593.86,594.7,2686.0,45,0.0
2025-11-21 20:00:00,594.67,596.54,593.08,594.7,1946.0,45,0.0
2025-11-24 11:00:00,597.45,598.02,594.28,596.94,680.0,67,0.0
2025-11-24 12:00:00,596.47,599.63,595.64,599.47,666.0,67,0.0
2025-11-24 13:00:00,599.44,601.03,599.0,599.59,505.0,67,0.0
2025-11-24 14:00:00,599.69,609.34,597.31,609.26,3979.0,45,0.0
2025-11-24 15:00:00,609.32,614.54,607.24,611.08,4361.0,45,0.0
2025-11-24 16:00:00,611.05,613.89,609.96,611.39,2506.0,45,0.0
2025-11-24 17:00:00,611.39,615.68,611.14,615.22,2400.0,45,0.0
2025-11-24 18:00:00,615.18,615.25,612.89,613.35,1657.0,45,0.0
2025-11-24 19:00:00,613.34,615.99,613.34,614.93,1815.0,45,0.0
2025-11-24 20:00:00,615.02,615.35,613.96,614.96,1411.0,45,0.0
2025-11-25 11:00:00,611.8,612.5,610.02,610.77,481.0,67,0.0
2025-11-25 12:00:00,610.25,619.53,609.86,619.25,1069.0,67,0.0
2025-11-25 13:00:00,619.08,624.1,618.64,623.52,1385.0,67,0.0
2025-11-25 14:00:00,623.52,628.94,618.14,628.36,4593.0,45,0.0
2025-11-25 15:00:00,628.14,629.51,623.17,627.87,4447.0,45,0.0
2025-11-25 16:00:00,627.76,629.04,624.26,626.81,2556.0,45,0.0
2025-11-25 17:00:00,626.85,631.05,626.84,629.41,2228.0,45,0.0
2025-11-25 18:00:00,629.45,631.31,628.25,631.12,1915.0,45,0.0
2025-11-25 19:00:00,631.12,633.38,630.71,632.64,1840.0,45,0.0
2025-11-25 20:00:00,632.63,634.54,632.46,633.9,1455.0,45,0.0
2025-11-26 11:00:00,639.47,639.85,637.94,638.49,330.0,67,0.0
2025-11-26 12:00:00,638.49,638.61,630.23,634.25,1123.0,67,0.0
2025-11-26 13:00:00,634.17,634.72,631.53,633.45,697.0,67,0.0
2025-11-26 14:00:00,633.52,637.93,631.67,633.31,2981.0,45,0.0
2025-11-26 15:00:00,633.09,636.75,631.56,636.3,2632.0,45,0.0
2025-11-26 16:00:00,636.37,638.05,635.81,637.54,1776.0,45,0.0
2025-11-26 17:00:00,637.58,637.58,634.86,635.4,1354.0,45,0.0
2025-11-26 18:00:00,635.41,636.12,633.05,633.62,1529.0,45,0.0
2025-11-26 19:00:00,633.63,634.58,633.25,633.73,1243.0,45,0.0
2025-11-26 20:00:00,633.69,634.61,633.43,634.18,1038.0,45,0.0
2025-11-28 11:00:00,637.72,638.04,637.38,637.38,134.0,67,0.0
2025-11-28 12:00:00,637.37,637.39,635.24,636.25,383.0,67,0.0
2025-11-28 13:00:00,636.28,636.7,634.58,635.26,393.0,67,0.0
2025-11-28 14:00:00,635.29,642.85,635.16,642.1,2303.0,45,0.0
2025-11-28 15:00:00,642.12,643.67,639.94,643.51,2419.0,45,0.0
2025-11-28 16:00:00,643.48,645.29,642.85,645.12,1939.0,45,0.0
2025-11-28 17:00:00,645.11,647.81,643.92,647.74,1984.0,45,0.0
2025-12-01 11:00:00,640.1,640.39,638.27,639.19,348.0,67,0.0
2025-12-01 12:00:00,639.23,640.32,636.39,636.98,657.0,67,0.0
2025-12-01 13:00:00,637.04,639.23,636.81,638.85,590.0,67,0.0
2025-12-01 14:00:00,638.84,644.81,637.62,644.38,2551.0,45,0.0
2025-12-01 15:00:00,644.45,645.1,638.17,642.26,2855.0,45,0.0
2025-12-01 16:00:00,642.25,644.61,639.92,642.96,1820.0,45,0.0
2025-12-01 17:00:00,642.95,643.75,642.42,643.43,1290.0,45,0.0
2025-12-01 18:00:00,643.41,643.95,641.03,642.47,1326.0,45,0.0
2025-12-01 19:00:00,642.47,642.87,639.88,640.08,1514.0,45,0.0
2025-12-01 20:00:00,640.07,642.16,639.06,641.93,1249.0,45,0.0
2025-12-02 11:00:00,645.13,646.3,644.39,644.54,230.0,67,0.0
2025-12-02 12:00:00,644.3,644.79,643.78,644.28,330.0,67,0.0
2025-12-02 13:00:00,644.24,644.43,643.54,644.24,291.0,67,0.0
2025-12-02 14:00:00,644.19,645.89,637.93,641.86,2326.0,45,0.0
2025-12-02 15:00:00,641.94,645.55,640.87,644.83,2249.0,45,0.0
2025-12-02 16:00:00,644.84,645.59,638.03,641.89,2328.0,45,0.0
2025-12-02 17:00:00,641.86,645.34,641.71,642.99,1667.0,45,0.0
2025-12-02 18:00:00,642.96,646.63,642.74,646.09,1483.0,45,0.0
2025-12-02 19:00:00,646.08,647.4,645.26,646.42,1423.0,45,0.0
2025-12-02 20:00:00,646.42,647.24,645.9,647.05,1087.0,45,0.0
2025-12-03 11:00:00,645.98,647.13,645.57,646.83,111.0,67,0.0
2025-12-03 12:00:00,646.81,648.06,646.15,647.75,279.0,67,0.0
2025-12-03 13:00:00,647.67,649.32,647.36,647.88,666.0,67,0.0
2025-12-03 14:00:00,647.85,647.98,641.1,647.03,2885.0,45,0.0
2025-12-03 15:00:00,646.94,648.59,642.36,643.66,2608.0,45,0.0
2025-12-03 16:00:00,643.66,644.12,641.67,643.0,1691.0,45,0.0
2025-12-03 17:00:00,643.02,645.58,642.93,645.09,1318.0,45,0.0
2025-12-03 18:00:00,645.13,645.67,643.1,643.12,1038.0,45,0.0
2025-12-03 19:00:00,643.09,645.09,643.01,644.58,1043.0,45,0.0
2025-12-03 20:00:00,644.62,644.75,643.37,643.77,867.0,45,0.0
2025-12-04 11:00:00,642.12,646.68,641.68,644.19,499.0,67,0.0
2025-12-04 12:00:00,644.03,644.98,642.33,642.84,411.0,67,0.0
2025-12-04 13:00:00,642.76,644.96,642.44,643.29,589.0,67,0.0
2025-12-04 14:00:00,643.59,686.35,643.59,664.3,14301.0,45,0.0
2025-12-04 15:00:00,664.16,668.76,661.69,663.18,4649.0,45,0.0
2025-12-04 16:00:00,663.18,666.37,661.76,665.95,2663.0,45,0.0
2025-12-04 17:00:00,665.88,669.22,663.05,664.5,2408.0,45,0.0
2025-12-04 18:00:00,664.52,665.04,661.48,664.42,1941.0,45,0.0
2025-12-04 19:00:00,664.4,664.41,661.14,661.84,1963.0,45,0.0
2025-12-04 20:00:00,661.84,662.46,659.66,660.27,1577.0,45,0.0
2025-12-05 11:00:00,665.04,665.12,662.78,663.15,239.0,67,0.0
2025-12-05 12:00:00,663.48,666.42,663.21,663.98,555.0,67,0.0
2025-12-05 13:00:00,663.82,665.07,661.59,662.29,788.0,67,0.0
2025-12-05 14:00:00,662.34,669.1,660.75,663.97,2764.0,45,0.0
2025-12-05 15:00:00,663.98,673.0,663.81,668.44,3351.0,45,0.0
2025-12-05 16:00:00,668.36,672.71,667.24,671.71,2329.0,45,0.0
2025-12-05 17:00:00,671.75,674.2,670.66,673.05,2023.0,45,0.0
2025-12-05 18:00:00,673.05,673.3,670.23,671.54,1586.0,45,0.0
2025-12-05 19:00:00,671.56,673.18,669.61,672.69,1616.0,45,0.0
2025-12-05 20:00:00,672.69,673.35,670.36,672.88,1389.0,45,0.0
2025-12-08 11:00:00,672.7,672.71,670.81,671.46,245.0,67,0.0
2025-12-08 12:00:00,671.46,671.79,670.35,670.86,207.0,67,0.0
2025-12-08 13:00:00,670.85,671.54,669.22,669.22,329.0,67,0.0
2025-12-08 14:00:00,669.24,676.03,665.24,667.28,2790.0,45,0.0
2025-12-08 15:00:00,667.18,669.27,665.61,668.57,2508.0,45,0.0
2025-12-08 16:00:00,668.56,670.32,667.57,669.05,1675.0,45,0.0
2025-12-08 17:00:00,669.05,670.09,667.99,668.44,1478.0,45,0.0
2025-12-08 18:00:00,668.49,669.07,665.88,666.62,1489.0,45,0.0
2025-12-08 19:00:00,666.54,666.95,665.57,666.8,1229.0,45,0.0
2025-12-08 20:00:00,666.85,667.83,666.13,666.74,889.0,45,0.0
2025-12-09 11:00:00,662.98,663.8,662.25,663.44,261.0,67,0.0
2025-12-09 12:00:00,663.75,663.75,662.76,663.26,216.0,67,0.0
2025-12-09 13:00:00,663.01,663.28,661.85,662.22,290.0,67,0.0
2025-12-09 14:00:00,662.15,663.73,652.98,656.43,2922.0,45,0.0
2025-12-09 15:00:00,656.5,658.33,655.12,656.2,2450.0,45,0.0
2025-12-09 16:00:00,656.2,656.88,654.11,656.76,1745.0,45,0.0
2025-12-09 17:00:00,656.73,656.73,653.3,655.21,1604.0,45,0.0
2025-12-09 18:00:00,655.15,659.55,654.94,658.68,1471.0,45,0.0
2025-12-09 19:00:00,658.67,658.89,656.77,657.24,1215.0,45,0.0
2025-12-09 20:00:00,657.17,657.54,655.06,656.07,1002.0,45,0.0
2025-12-10 11:00:00,652.32,652.98,650.64,652.2,373.0,67,0.0
2025-12-10 12:00:00,652.2,652.26,649.64,650.07,463.0,67,0.0
2025-12-10 13:00:00,649.99,652.21,649.53,651.34,533.0,67,0.0
2025-12-10 14:00:00,651.43,662.78,644.94,650.25,3458.0,45,0.0
2025-12-10 15:00:00,650.17,651.86,647.59,648.74,2246.0,45,0.0
2025-12-10 16:00:00,648.68,652.67,647.72,652.17,1615.0,45,0.0
2025-12-10 17:00:00,652.16,652.23,648.23,648.44,1395.0,45,0.0
2025-12-10 18:00:00,648.37,648.49,643.48,644.26,1989.0,45,0.0
2025-12-10 19:00:00,644.27,649.35,642.92,648.63,3179.0,45,0.0
2025-12-10 20:00:00,648.7,649.69,647.18,649.43,1743.0,45,0.0
2025-12-11 11:00:00,642.41,643.72,641.84,643.0,264.0,67,0.0
2025-12-11 12:00:00,642.78,646.27,642.78,645.69,445.0,67,0.0
2025-12-11 13:00:00,645.71,645.87,643.22,643.71,547.0,67,0.0
2025-12-11 14:00:00,643.9,650.09,640.21,648.04,2958.0,45,0.0
2025-12-11 15:00:00,647.97,654.58,647.09,648.27,3399.0,45,0.0
2025-12-11 16:00:00,648.26,648.88,644.65,645.51,2135.0,45,0.0
2025-12-11 17:00:00,645.43,649.75,645.43,647.7,1634.0,45,0.0
2025-12-11 18:00:00,647.71,652.75,647.39,650.36,1673.0,45,0.0
2025-12-11 19:00:00,650.33,652.62,650.27,650.66,1381.0,45,0.0
2025-12-11 20:00:00,650.6,650.94,649.49,650.6,1180.0,45,0.0
2025-12-12 11:00:00,649.32,649.55,648.46,648.93,154.0,67,0.0
2025-12-12 12:00:00,649.03,649.22,647.53,647.53,246.0,67,0.0
2025-12-12 13:00:00,647.44,650.77,646.88,650.56,323.0,67,0.0
2025-12-12 14:00:00,650.78,651.12,645.84,649.42,2145.0,45,0.0
2025-12-12 15:00:00,649.55,649.62,642.4,643.29,2792.0,45,0.0
2025-12-12 16:00:00,643.2,643.96,637.94,640.16,3128.0,45,0.0
2025-12-12 17:00:00,640.15,645.29,639.86,645.09,1845.0,45,0.0
2025-12-12 18:00:00,645.11,647.72,645.08,645.77,1619.0,45,0.0
2025-12-12 19:00:00,645.84,646.45,643.85,644.93,1507.0,45,0.0
2025-12-12 20:00:00,644.93,645.42,642.46,644.31,1292.0,45,0.0
2025-12-15 11:00:00,645.34,647.67,645.17,646.51,217.0,67,0.0
2025-12-15 12:00:00,646.25,646.46,643.68,644.78,303.0,67,0.0
2025-12-15 13:00:00,644.78,644.81,643.72,644.19,260.0,67,0.0
2025-12-15 14:00:00,644.18,649.35,641.1,643.07,2347.0,45,0.0
2025-12-15 15:00:00,643.08,645.37,638.55,645.16,2874.0,45,0.0
2025-12-15 16:00:00,645.16,650.68,644.48,649.8,2241.0,45,0.0
2025-12-15 17:00:00,649.78,651.76,648.73,650.29,1848.0,45,0.0
2025-12-15 18:00:00,650.26,652.02,649.1,650.92,1582.0,45,0.0
2025-12-15 19:00:00,650.91,651.93,650.42,650.92,1486.0,45,0.0
2025-12-15 20:00:00,650.84,651.27,649.7,650.35,1329.0,45,0.0
2025-12-16 11:00:00,643.89,644.38,643.01,643.9,190.0,67,0.0
2025-12-16 12:00:00,644.17,645.8,643.53,645.08,310.0,67,0.0
2025-12-16 13:00:00,645.17,646.98,642.91,643.63,713.0,67,0.0
2025-12-16 14:00:00,643.35,653.61,641.78,653.38,2412.0,45,0.0
2025-12-16 15:00:00,653.46,654.33,648.1,652.93,2918.0,45,0.0
2025-12-16 16:00:00,652.93,653.48,647.97,652.19,1974.0,45,0.0
2025-12-16 17:00:00,652.2,652.53,649.41,649.41,1592.0,45,0.0
2025-12-16 18:00:00,649.39,654.02,649.16,653.44,1741.0,45,0.0
2025-12-16 19:00:00,653.42,658.33,652.82,657.89,1931.0,45,0.0
2025-12-16 20:00:00,657.82,661.63,657.11,661.07,1529.0,45,0.0
2025-12-17 11:00:00,658.32,659.15,658.11,658.82,200.0,67,0.0
2025-12-17 12:00:00,658.52,659.53,657.58,658.67,338.0,67,0.0
2025-12-17 13:00:00,658.65,658.81,655.14,657.39,539.0,67,0.0
2025-12-17 14:00:00,657.44,658.98,653.78,657.25,2339.0,45,0.0
2025-12-17 15:00:00,657.17,659.92,655.61,656.45,3262.0,45,0.0
2025-12-17 16:00:00,656.38,659.32,654.98,656.56,2449.0,45,0.0
2025-12-17 17:00:00,656.59,660.94,655.82,658.22,1887.0,45,0.0
2025-12-17 18:00:00,658.22,659.63,653.11,653.41,1827.0,45,0.0
2025-12-17 19:00:00,653.38,654.7,651.98,653.74,1755.0,45,0.0
2025-12-17 20:00:00,653.76,654.12,652.29,653.79,1330.0,45,0.0
2025-12-18 11:00:00,653.52,654.12,652.49,653.26,117.0,67,0.0
2025-12-18 12:00:00,653.27,653.27,650.92,651.19,257.0,67,0.0
2025-12-18 13:00:00,651.24,655.98,651.24,654.77,571.0,67,0.0
2025-12-18 14:00:00,654.64,663.67,654.63,662.54,2988.0,45,0.0
2025-12-18 15:00:00,662.58,670.27,660.52,667.02,3454.0,45,0.0
2025-12-18 16:00:00,666.89,668.68,666.17,667.74,2180.0,45,0.0
2025-12-18 17:00:00,667.69,667.69,662.07,666.16,2513.0,45,0.0
2025-12-18 18:00:00,666.15,667.26,665.08,665.54,1660.0,45,0.0
2025-12-18 19:00:00,665.49,665.82,661.89,662.16,1736.0,45,0.0
2025-12-18 20:00:00,662.13,665.33,661.61,665.02,1335.0,45,0.0
2025-12-19 11:00:00,664.66,664.82,661.01,662.4,281.0,67,0.0
2025-12-19 12:00:00,662.44,665.85,662.44,663.05,591.0,67,0.0
2025-12-19 13:00:00,663.16,664.33,661.25,664.12,427.0,67,0.0
2025-12-19 14:00:00,663.99,668.96,660.84,663.1,2667.0,45,0.0
2025-12-19 15:00:00,663.2,663.99,659.57,663.52,2850.0,45,0.0
2025-12-19 16:00:00,663.6,667.11,663.32,666.61,1904.0,45,0.0
2025-12-19 17:00:00,666.59,668.95,666.59,668.01,1536.0,45,0.0
2025-12-19 18:00:00,668.0,668.78,666.83,667.89,1372.0,45,0.0
2025-12-19 19:00:00,667.89,669.93,665.85,666.47,1425.0,45,0.0
2025-12-19 20:00:00,666.45,666.71,663.97,664.94,1331.0,45,0.0
2025-12-22 11:00:00,661.7,661.96,660.95,661.29,166.0,67,0.0
2025-12-22 12:00:00,661.67,662.12,660.77,661.55,343.0,67,0.0
2025-12-22 13:00:00,661.4,662.39,661.02,661.54,314.0,67,0.0
2025-12-22 14:00:00,661.53,673.28,660.36,671.21,3202.0,45,0.0
2025-12-22 15:00:00,671.1,671.47,658.58,658.58,3020.0,45,0.0
2025-12-22 16:00:00,658.55,660.79,657.3,660.14,2350.0,45,0.0
2025-12-22 17:00:00,660.11,660.34,656.51,660.09,1924.0,45,0.0
2025-12-22 18:00:00,660.08,661.33,658.0,660.68,1191.0,45,0.0
2025-12-22 19:00:00,660.69,661.01,658.41,658.45,1128.0,45,0.0
2025-12-22 20:00:00,658.43,661.49,657.26,661.18,1143.0,45,0.0
2025-12-23 11:00:00,660.58,660.93,660.06,660.29,64.0,67,0.0
2025-12-23 12:00:00,660.44,662.39,660.44,662.15,159.0,67,0.0
2025-12-23 13:00:00,662.15,662.38,659.75,660.01,316.0,67,0.0
2025-12-23 14:00:00,660.02,664.89,658.0,663.21,2008.0,45,0.0
2025-12-23 15:00:00,663.14,663.7,660.19,663.01,1883.0,45,0.0
2025-12-23 16:00:00,662.96,664.9,662.59,664.13,1362.0,45,0.0
2025-12-23 17:00:00,664.14,665.46,663.23,663.57,1199.0,45,0.0
2025-12-23 18:00:00,663.58,664.49,663.23,663.83,952.0,45,0.0
2025-12-23 19:00:00,663.83,665.4,663.83,664.76,935.0,45,0.0
2025-12-23 20:00:00,664.74,665.74,664.71,664.89,780.0,45,0.0
2025-12-24 11:00:00,663.76,663.77,661.39,662.13,147.0,67,0.0
2025-12-24 12:00:00,662.01,663.17,661.97,662.97,114.0,67,0.0
2025-12-24 13:00:00,662.95,663.43,662.36,663.3,249.0,67,0.0
2025-12-24 14:00:00,663.23,666.71,661.51,666.37,1497.0,45,0.0
2025-12-24 15:00:00,666.37,667.03,664.79,665.46,1421.0,45,0.0
2025-12-24 16:00:00,665.46,667.3,664.98,667.11,1260.0,45,0.0
2025-12-24 17:00:00,667.11,667.94,666.55,667.58,1455.0,45,0.0
2025-12-26 11:00:00,666.44,666.57,665.77,666.05,51.0,67,0.0
2025-12-26 12:00:00,666.21,667.34,666.15,667.06,76.0,67,0.0
2025-12-26 13:00:00,667.06,667.26,666.22,667.03,88.0,67,0.0
2025-12-26 14:00:00,667.01,668.49,665.42,666.97,1575.0,45,0.0
2025-12-26 15:00:00,667.02,667.19,663.61,665.18,1720.0,45,0.0
2025-12-26 16:00:00,665.18,665.64,663.66,664.01,1216.0,45,0.0
2025-12-26 17:00:00,664.02,664.02,661.73,661.84,1074.0,45,0.0
2025-12-26 18:00:00,661.84,662.7,661.13,662.55,999.0,45,0.0
2025-12-26 19:00:00,662.59,663.6,662.21,663.27,781.0,45,0.0
2025-12-26 20:00:00,663.26,663.34,661.91,662.79,820.0,45,0.0
2025-12-29 11:00:00,659.94,660.38,659.26,660.38,62.0,67,0.0
2025-12-29 12:00:00,660.31,660.48,659.64,659.68,131.0,67,0.0
2025-12-29 13:00:00,659.48,660.4,658.29,658.74,263.0,67,0.0
2025-12-29 14:00:00,658.81,659.98,655.19,657.64,2028.0,45,0.0
2025-12-29 15:00:00,657.65,659.14,656.13,657.68,1981.0,45,0.0
2025-12-29 16:00:00,657.66,657.91,655.36,655.78,1447.0,45,0.0
2025-12-29 17:00:00,655.82,656.43,654.17,656.05,1315.0,45,0.0
2025-12-29 18:00:00,656.04,657.28,655.52,656.7,1118.0,45,0.0
2025-12-29 19:00:00,656.71,659.26,656.43,659.0,1107.0,45,0.0
2025-12-29 20:00:00,659.0,659.7,658.1,658.75,811.0,45,0.0
2025-12-30 11:00:00,657.35,657.68,657.31,657.68,17.0,67,0.0
2025-12-30 12:00:00,657.52,657.99,656.87,657.59,152.0,67,0.0
2025-12-30 13:00:00,657.77,660.27,657.77,658.79,375.0,67,0.0
2025-12-30 14:00:00,659.15,671.36,657.68,671.29,2628.0,45,0.0
2025-12-30 15:00:00,671.26,671.9,664.63,666.53,2736.0,45,0.0
2025-12-30 16:00:00,666.51,667.35,665.34,665.78,1371.0,45,0.0
2025-12-30 17:00:00,665.77,666.79,665.05,666.63,1096.0,45,0.0
2025-12-30 18:00:00,666.6,667.14,665.89,666.72,967.0,45,0.0
2025-12-30 19:00:00,666.77,667.53,666.15,666.65,1084.0,45,0.0
2025-12-30 20:00:00,666.69,667.47,666.1,666.3,905.0,45,0.0
2025-12-31 11:00:00,663.36,664.27,663.05,663.4,96.0,67,0.0
2025-12-31 12:00:00,663.37,665.02,663.29,664.41,144.0,67,0.0
2025-12-31 13:00:00,664.41,666.61,664.41,665.92,211.0,67,0.0
2025-12-31 14:00:00,665.91,666.67,660.58,661.48,1685.0,45,0.0
2025-12-31 15:00:00,661.45,663.67,661.14,661.62,1654.0,45,0.0
2025-12-31 16:00:00,661.62,663.71,661.61,663.6,1264.0,45,0.0
2025-12-31 17:00:00,663.61,663.61,662.25,662.53,1018.0,45,0.0
2025-12-31 18:00:00,662.52,663.7,661.86,663.46,1044.0,45,0.0
2025-12-31 19:00:00,663.46,663.54,661.37,661.45,1035.0,45,0.0
2025-12-31 20:00:00,661.44,661.45,659.29,659.78,1077.0,45,0.0
2026-01-02 11:00:00,664.95,664.99,663.72,664.08,96.0,67,0.0
2026-01-02 12:00:00,664.08,664.44,662.78,663.61,117.0,67,0.0
2025-08-08 14:00:00,762.25,767.36,761.11,764.32,2367.0,44,0.0
2025-08-08 15:00:00,764.31,765.53,762.5,762.81,1555.0,44,0.0
2025-08-07 15:00:00,770.44,771.17,767.17,767.21,1903.0,44,0.0
2025-08-07 16:00:00,767.19,768.48,763.44,766.3,1872.0,44,0.0
2025-08-07 17:00:00,766.28,767.17,762.92,764.35,1816.0,44,0.0
2025-08-07 18:00:00,764.35,764.89,759.59,760.61,1767.0,44,0.0
2025-08-07 19:00:00,760.61,763.8,760.61,763.4,1134.0,44,0.0
2025-08-08 10:00:00,760.92,761.56,760.53,761.42,71.0,67,0.0
2025-08-08 11:00:00,761.41,765.01,761.18,763.93,342.0,67,0.0
2025-08-08 12:00:00,763.93,764.0,761.89,762.41,551.0,67,0.0
2025-08-08 13:00:00,762.41,766.26,758.33,762.18,1911.0,44,0.0
2025-08-07 14:00:00,774.47,774.69,768.17,770.34,2963.0,44,0.0
2025-08-06 19:00:00,771.02,772.66,770.63,770.63,1101.0,44,0.0
2025-08-07 10:00:00,778.17,779.28,777.91,778.54,460.0,67,0.0
2025-08-07 11:00:00,778.21,779.34,774.53,775.02,965.0,67,0.0
2025-08-07 12:00:00,775.24,775.39,774.34,774.48,752.0,67,0.0
2025-08-07 13:00:00,774.72,776.33,768.56,774.43,2764.0,44,0.0
2025-08-06 14:00:00,763.35,767.7,760.33,767.49,2822.0,44,0.0
2025-08-06 15:00:00,767.52,771.97,766.37,769.92,2159.0,44,0.0
2025-08-06 16:00:00,769.92,773.47,769.92,771.36,1616.0,44,0.0
2025-08-06 17:00:00,771.41,771.86,768.77,770.66,1240.0,44,0.0
2025-08-06 18:00:00,770.66,772.07,770.16,771.07,1123.0,44,0.0
2025-07-31 17:00:00,778.81,780.23,773.58,776.96,3179.0,44,0.0
2025-07-31 18:00:00,776.88,779.84,774.91,776.52,2936.0,44,0.0
2025-07-31 19:00:00,776.6,777.7,772.52,774.84,2175.0,44,0.0
2025-08-01 10:00:00,763.56,765.3,762.6,763.15,645.0,67,0.0
2025-08-01 11:00:00,763.43,766.23,763.23,765.95,871.0,67,0.0
2025-08-01 12:00:00,765.95,766.85,761.37,761.74,1083.0,67,0.0
2025-08-01 13:00:00,761.76,765.4,749.1,753.22,5388.0,44,0.0
2025-08-01 14:00:00,753.13,759.22,750.32,753.63,5189.0,44,0.0
2025-08-01 15:00:00,753.65,756.47,751.24,755.18,3305.0,44,0.0
2025-08-01 16:00:00,755.21,755.54,749.51,749.78,2411.0,44,0.0
2025-08-01 17:00:00,749.78,751.09,747.24,747.72,2632.0,44,0.0
2025-08-01 18:00:00,747.84,750.48,745.18,747.52,2362.0,44,0.0
2025-08-01 19:00:00,747.52,748.99,746.04,748.9,1836.0,44,0.0
2025-08-04 10:00:00,757.6,761.2,757.6,759.38,593.0,67,0.0
2025-08-04 11:00:00,759.27,759.84,756.97,757.48,697.0,67,0.0
2025-08-04 12:00:00,757.48,757.61,756.51,757.56,588.0,67,0.0
2025-08-04 13:00:00,757.45,766.71,757.09,763.27,3344.0,44,0.0
2025-08-04 14:00:00,763.2,767.01,760.69,765.41,3290.0,44,0.0
2025-08-04 15:00:00,765.45,774.21,764.7,771.86,3203.0,44,0.0
2025-08-04 16:00:00,771.87,772.73,769.69,772.49,1834.0,44,0.0
2025-08-04 17:00:00,772.48,773.93,771.49,772.62,1641.0,44,0.0
2025-08-04 18:00:00,772.54,775.43,772.54,775.3,1727.0,44,0.0
2025-08-04 19:00:00,775.3,776.61,774.43,774.57,1231.0,44,0.0
2025-08-05 10:00:00,778.8,780.5,778.67,779.38,353.0,67,0.0
2025-08-05 11:00:00,779.22,779.27,778.02,778.2,304.0,67,0.0
2025-08-05 12:00:00,778.32,778.6,775.38,775.89,668.0,67,0.0
2025-08-05 13:00:00,775.92,782.71,773.27,781.76,2719.0,44,0.0
2025-08-05 14:00:00,780.62,780.88,767.01,769.11,3797.0,44,0.0
2025-08-05 15:00:00,769.11,770.83,763.0,764.77,2503.0,44,0.0
2025-08-05 16:00:00,764.77,767.81,764.57,767.27,1849.0,44,0.0
2025-08-05 17:00:00,767.26,769.6,765.26,768.85,1497.0,44,0.0
2025-08-05 18:00:00,768.85,769.04,764.19,765.28,1444.0,44,0.0
2025-08-05 19:00:00,765.27,765.73,763.99,764.35,996.0,44,0.0
2025-08-06 10:00:00,767.12,767.18,765.3,766.17,538.0,67,0.0
2025-08-06 11:00:00,766.25,767.44,765.61,766.72,699.0,67,0.0
2025-08-06 12:00:00,766.72,767.16,765.65,767.16,702.0,67,0.0
2025-08-06 13:00:00,766.92,771.17,762.54,763.52,2448.0,44,0.0
2025-07-31 16:00:00,779.92,781.5,777.13,778.73,2634.0,44,0.0
2025-07-31 15:00:00,773.63,782.42,771.97,780.02,3540.0,44,0.0
2025-07-30 15:00:00,701.21,702.01,698.76,700.93,2124.0,44,0.0
2025-07-30 16:00:00,700.92,701.76,699.8,701.35,1526.0,44,0.0
2025-07-30 17:00:00,701.35,702.56,699.73,700.15,1419.0,44,0.0
2025-07-30 18:00:00,700.22,701.08,692.1,692.5,2862.0,44,0.0
2025-07-30 19:00:00,692.42,696.9,691.13,694.75,2650.0,44,0.0
2025-07-31 10:00:00,775.54,781.09,775.47,777.85,836.0,67,0.0
2025-07-31 11:00:00,777.04,782.62,774.26,776.13,2148.0,67,0.0
2025-07-31 12:00:00,775.63,777.13,770.12,773.93,1870.0,67,0.0
2025-07-31 13:00:00,774.09,784.35,765.51,777.57,10993.0,44,0.0
2025-07-31 14:00:00,777.47,784.31,771.03,773.71,6717.0,44,0.0
2025-07-30 14:00:00,701.57,703.96,700.29,701.19,2304.0,44,0.0
2019-11-29 14:00:00,201.38,203.24,201.32,203.01,1034.0,8,0.0
2019-11-29 15:00:00,203.04,203.46,202.61,203.17,1379.0,8,0.0
2019-11-29 16:00:00,203.16,203.75,202.84,203.65,1218.0,8,0.0
2019-11-29 17:00:00,203.64,203.67,201.56,201.63,1860.0,8,0.0
2019-11-29 18:00:00,201.61,202.08,201.6,201.81,151.0,8,0.0
2019-11-29 19:00:00,201.68,201.87,201.66,201.71,8.0,16,0.0
2019-11-29 20:00:00,201.82,201.91,201.71,201.71,11.0,16,0.0
2019-12-02 14:00:00,200.51,201.09,199.24,199.35,1524.0,8,0.0
2019-12-02 15:00:00,199.28,199.57,198.2,198.29,3579.0,8,0.0
2019-12-02 16:00:00,198.32,199.79,198.0,199.5,2335.0,6,0.0
2019-12-02 17:00:00,199.49,200.13,199.08,199.27,2265.0,6,0.0
2019-12-02 18:00:00,199.26,199.97,199.2,199.86,1574.0,6,0.0
2019-12-02 19:00:00,199.86,200.42,199.39,200.19,992.0,6,0.0
2019-12-02 20:00:00,200.19,200.41,199.68,200.4,1244.0,6,0.0
2019-12-03 14:00:00,196.33,196.83,195.05,196.38,1988.0,8,0.0
2019-12-03 15:00:00,196.38,197.05,195.93,196.47,3200.0,6,0.0
2019-12-03 16:00:00,196.44,196.53,195.84,196.39,2284.0,6,0.0
2019-12-03 17:00:00,196.41,197.3,196.28,197.11,1837.0,6,0.0
2019-12-03 18:00:00,197.11,197.73,197.05,197.14,1626.0,6,0.0
2019-12-03 19:00:00,197.14,197.93,196.88,197.7,1645.0,6,0.0
2019-12-03 20:00:00,197.71,198.75,197.61,198.22,1531.0,6,0.0
2019-12-04 14:00:00,199.71,199.71,198.98,199.35,1009.0,8,0.0
2019-12-04 15:00:00,199.33,199.93,199.04,199.18,1970.0,6,0.0
2019-12-04 16:00:00,199.2,199.35,198.23,198.36,1617.0,8,0.0
2019-12-04 17:00:00,198.37,198.58,198.03,198.52,1159.0,8,0.0
2019-12-04 18:00:00,198.53,199.2,198.53,199.14,1050.0,6,0.0
2019-12-04 19:00:00,199.15,199.53,199.07,199.25,1036.0,6,0.0
2019-12-04 20:00:00,199.25,199.3,198.59,198.97,1012.0,6,0.0
2019-12-05 14:00:00,200.17,201.24,199.92,200.03,1541.0,8,0.0
2019-12-05 15:00:00,199.99,200.03,198.6,199.31,2492.0,8,0.0
2019-12-05 16:00:00,199.31,199.44,198.17,198.67,1984.0,6,0.0
2019-12-05 17:00:00,198.67,198.95,198.44,198.75,1360.0,6,0.0
2019-12-05 18:00:00,198.74,199.06,198.38,199.06,1186.0,6,0.0
2019-12-05 19:00:00,199.07,199.48,198.56,198.93,1492.0,6,0.0
2019-12-05 20:00:00,198.93,199.42,198.83,199.28,871.0,6,0.0
2019-12-06 14:00:00,200.12,200.71,200.12,200.37,47.0,40,0.0
2019-12-06 15:00:00,200.43,200.43,200.01,200.18,132.0,40,0.0
2019-12-06 16:00:00,200.15,201.23,200.15,200.59,140.0,40,0.0
2019-12-06 17:00:00,200.58,200.79,200.01,200.58,125.0,40,0.0
2019-12-06 18:00:00,200.52,200.85,200.51,200.73,101.0,40,0.0
2019-12-06 19:00:00,200.77,201.06,200.53,200.58,107.0,40,0.0
2019-12-06 20:00:00,200.53,200.97,200.34,200.94,91.0,40,0.0
2019-12-10 15:00:00,200.44,201.06,200.38,200.69,1415.0,6,0.0
2019-12-10 16:00:00,200.7,201.13,200.15,200.85,2719.0,6,0.0
2019-12-10 17:00:00,200.85,200.94,200.33,200.59,1569.0,6,0.0
2019-12-10 18:00:00,200.59,201.11,200.54,200.58,1199.0,6,0.0
2019-12-10 19:00:00,200.59,200.84,200.42,200.72,1123.0,6,0.0
2019-12-10 20:00:00,200.72,201.03,200.12,200.47,985.0,6,0.0
2019-12-11 14:00:00,201.2,201.22,200.6,201.07,823.0,6,0.0
2019-12-11 15:00:00,201.07,201.69,200.75,201.6,1984.0,6,0.0
2019-12-11 16:00:00,201.59,201.62,201.03,201.05,1413.0,6,0.0
2019-12-11 17:00:00,201.04,201.2,200.84,201.1,1188.0,6,0.0
2019-12-11 18:00:00,201.1,201.44,200.97,201.38,946.0,6,0.0
2019-12-11 19:00:00,201.38,202.43,201.23,202.43,1838.0,6,0.0
2019-12-11 20:00:00,202.45,202.58,202.13,202.43,1134.0,6,0.0
2019-12-12 14:00:00,203.27,203.43,202.78,203.04,1431.0,6,0.0
2019-12-12 15:00:00,203.05,203.49,202.14,202.84,3323.0,6,0.0
2019-12-12 16:00:00,202.86,202.91,201.03,201.37,2980.0,6,0.0
2019-12-12 17:00:00,201.36,201.53,200.49,200.77,2272.0,6,0.0
2019-12-12 18:00:00,200.77,201.18,200.64,200.88,1444.0,6,0.0
2019-12-12 19:00:00,200.88,201.1,194.07,194.83,7343.0,6,0.0
2019-12-12 20:00:00,194.85,196.78,194.72,196.35,2780.0,6,0.0
2019-12-13 14:00:00,194.88,195.38,193.83,195.05,1758.0,6,0.0
2019-12-13 15:00:00,195.07,195.67,193.36,194.1,4921.0,6,0.0
2019-12-13 16:00:00,194.12,194.54,193.13,194.47,2917.0,6,0.0
2019-12-13 17:00:00,194.47,195.16,194.33,194.81,1649.0,6,0.0
2019-12-13 18:00:00,194.81,195.22,194.59,195.07,1122.0,6,0.0
2019-12-13 19:00:00,195.07,195.34,194.63,194.65,1094.0,6,0.0
2019-12-13 20:00:00,194.65,195.02,193.76,193.77,1277.0,6,0.0
2019-12-16 14:00:00,196.56,197.69,196.41,197.48,711.0,8,0.0
2019-12-16 15:00:00,197.48,199.08,197.48,198.31,1634.0,6,0.0
2019-12-16 16:00:00,198.31,198.42,196.59,196.83,1408.0,6,0.0
2019-12-16 17:00:00,196.83,197.83,196.82,197.59,1064.0,6,0.0
2019-12-16 18:00:00,197.59,197.92,196.92,197.92,841.0,6,0.0
2019-12-16 19:00:00,197.89,197.93,197.36,197.75,705.0,6,0.0
2019-12-16 20:00:00,197.74,198.56,197.72,198.13,716.0,6,0.0
2019-12-17 14:00:00,197.06,197.08,196.1,196.9,737.0,6,0.0
2019-12-17 15:00:00,196.94,197.63,196.77,197.25,1444.0,6,0.0
2019-12-17 16:00:00,197.25,197.9,196.67,197.84,1201.0,6,0.0
2019-12-17 17:00:00,197.84,198.28,197.43,197.79,988.0,6,0.0
2019-12-17 18:00:00,197.79,198.93,197.65,198.83,975.0,6,0.0
2019-12-17 19:00:00,198.83,198.83,198.25,198.46,1128.0,6,0.0
2019-12-17 20:00:00,198.45,198.77,198.39,198.54,827.0,6,0.0
2019-12-18 14:00:00,201.8,202.62,201.24,201.78,848.0,8,0.0
2019-12-18 15:00:00,201.76,203.91,201.43,203.71,1787.0,6,0.0
2019-12-18 16:00:00,203.71,204.24,203.37,203.68,1440.0,6,0.0
2019-12-18 17:00:00,203.68,203.77,202.89,202.99,1103.0,6,0.0
2019-12-18 18:00:00,202.99,203.11,202.1,203.08,1150.0,6,0.0
2019-12-18 19:00:00,203.08,203.54,202.75,202.78,1043.0,6,0.0
2019-12-18 20:00:00,202.78,203.02,202.31,202.84,951.0,6,0.0
2019-12-19 14:00:00,205.16,205.43,204.0,204.55,761.0,8,0.0
2019-12-19 15:00:00,204.52,204.71,203.56,204.61,1728.0,6,0.0
2019-12-19 16:00:00,204.6,205.14,204.59,205.02,1137.0,6,0.0
2019-12-19 17:00:00,205.01,205.02,204.49,204.97,1184.0,6,0.0
2019-12-19 18:00:00,204.97,205.33,204.88,205.13,867.0,6,0.0
2019-12-19 19:00:00,205.13,205.95,205.05,205.68,951.0,6,0.0
2019-12-19 20:00:00,205.69,206.25,205.49,205.5,679.0,6,0.0
2019-12-20 14:00:00,205.12,205.3,203.38,203.51,872.0,8,0.0
2019-12-20 15:00:00,203.5,205.83,203.5,205.02,1882.0,8,0.0
2019-12-20 16:00:00,205.03,206.44,205.03,206.18,1474.0,6,0.0
2019-12-20 17:00:00,206.18,207.06,206.06,206.66,1227.0,6,0.0
2019-12-20 18:00:00,206.66,207.13,206.34,206.67,1068.0,6,0.0
2019-12-20 19:00:00,206.68,206.92,206.27,206.87,1048.0,6,0.0
2019-12-20 20:00:00,206.86,206.87,206.05,206.13,828.0,6,0.0
2019-12-23 14:00:00,208.08,208.52,207.0,207.21,780.0,8,0.0
2019-12-23 15:00:00,207.22,207.49,205.78,206.48,1342.0,8,0.0
2019-12-23 16:00:00,206.47,206.67,205.67,206.62,1190.0,8,0.0
2019-12-23 17:00:00,206.61,206.77,205.91,206.19,967.0,6,0.0
2019-12-23 18:00:00,206.18,206.39,205.8,205.92,682.0,6,0.0
2019-12-23 19:00:00,205.93,206.26,205.93,206.07,721.0,6,0.0
2019-12-23 20:00:00,206.08,206.31,206.0,206.21,546.0,6,0.0
2019-12-24 14:00:00,206.14,206.23,205.02,205.43,476.0,8,0.0
2019-12-24 15:00:00,205.44,206.15,205.1,205.92,1145.0,8,0.0
2019-12-24 16:00:00,205.94,206.38,205.91,205.96,765.0,6,0.0
2019-12-24 17:00:00,205.96,206.06,204.97,205.11,779.0,6,0.0
2019-12-26 14:00:00,206.71,206.75,206.02,206.34,513.0,8,0.0
2019-12-26 15:00:00,206.36,207.01,205.81,206.94,1078.0,8,0.0
2019-12-26 16:00:00,206.93,207.17,206.54,207.03,1084.0,6,0.0
2019-12-26 17:00:00,207.03,207.06,206.61,207.05,566.0,6,0.0
2019-12-26 18:00:00,207.06,207.61,207.06,207.48,613.0,6,0.0
2019-12-26 19:00:00,207.48,207.76,207.33,207.36,562.0,8,0.0
2019-12-26 20:00:00,207.36,207.41,206.73,207.36,690.0,6,0.0
2019-12-27 14:00:00,208.72,208.72,206.56,206.85,702.0,8,0.0
2019-12-27 15:00:00,206.89,208.32,206.82,208.08,1314.0,8,0.0
2019-12-27 16:00:00,208.08,208.48,208.05,208.07,938.0,6,0.0
2019-12-27 17:00:00,208.07,208.15,207.65,207.87,741.0,6,0.0
2019-12-27 18:00:00,207.89,207.99,207.41,207.91,807.0,6,0.0
2019-12-27 19:00:00,207.91,208.51,207.73,208.41,699.0,6,0.0
2019-12-27 20:00:00,208.42,208.66,207.89,207.91,606.0,6,0.0
2019-12-30 14:00:00,205.49,205.71,203.89,204.47,769.0,8,0.0
2019-12-30 15:00:00,204.48,205.6,204.45,205.15,1664.0,8,0.0
2019-12-30 16:00:00,205.15,205.34,204.5,205.11,1262.0,6,0.0
2019-12-30 17:00:00,205.12,205.75,204.76,205.38,1121.0,6,0.0
2019-12-30 18:00:00,205.38,205.71,205.1,205.68,733.0,6,0.0
2019-12-30 19:00:00,205.68,205.68,204.77,204.8,916.0,6,0.0
2019-12-30 20:00:00,204.8,204.92,204.36,204.63,631.0,6,0.0
2019-12-31 14:00:00,205.28,205.34,204.48,204.67,569.0,8,0.0
2019-12-31 15:00:00,204.68,204.88,203.99,204.35,1395.0,8,0.0
2019-12-31 16:00:00,204.35,204.7,203.88,204.3,1144.0,6,0.0
2019-12-31 17:00:00,204.3,204.63,204.15,204.39,915.0,6,0.0
2020-01-02 14:00:00,206.95,207.54,206.82,207.47,577.0,6,0.0
2020-01-02 15:00:00,207.48,208.1,206.23,207.86,1608.0,8,0.0
2020-01-02 16:00:00,207.84,208.2,207.03,208.03,1135.0,6,0.0
2020-01-02 17:00:00,208.03,208.61,207.71,208.4,886.0,6,0.0
2020-01-02 18:00:00,208.38,208.59,208.23,208.58,768.0,6,0.0
2020-01-02 19:00:00,208.58,208.96,208.54,208.87,860.0,6,0.0
2020-01-02 20:00:00,208.89,209.2,208.77,209.08,672.0,6,0.0
2020-01-03 14:00:00,209.11,209.23,208.52,208.6,642.0,8,0.0
2020-01-03 15:00:00,208.57,210.34,207.95,209.46,1661.0,8,0.0
2020-01-03 16:00:00,209.47,209.82,209.01,209.82,1206.0,6,0.0
2020-01-03 17:00:00,209.83,210.07,209.66,209.78,761.0,6,0.0
2020-01-03 18:00:00,209.78,209.86,208.91,209.38,1045.0,6,0.0
2020-01-03 19:00:00,209.36,209.45,208.94,209.43,964.0,6,0.0
2020-01-03 20:00:00,209.42,209.74,208.82,208.96,933.0,6,0.0
2020-01-06 14:00:00,208.73,210.48,208.7,209.93,884.0,8,0.0
2020-01-06 15:00:00,209.98,210.56,209.55,210.06,1614.0,8,0.0
2020-01-06 16:00:00,210.07,211.01,209.76,210.85,1251.0,6,0.0
2020-01-06 17:00:00,210.84,210.94,210.05,210.72,1094.0,8,0.0
2020-01-06 18:00:00,210.69,211.1,210.6,210.93,749.0,6,0.0
2020-01-06 19:00:00,210.92,211.63,210.78,211.61,914.0,6,0.0
2020-01-06 20:00:00,211.62,212.12,211.58,212.05,748.0,8,0.0
2020-01-07 14:00:00,211.97,213.63,211.72,213.57,777.0,8,0.0
2020-01-07 15:00:00,213.55,214.5,212.52,213.97,2003.0,8,0.0
2020-01-07 16:00:00,213.97,214.35,213.57,214.12,1329.0,6,0.0
2020-01-07 17:00:00,214.11,214.25,213.22,213.65,1028.0,6,0.0
2020-01-07 18:00:00,213.65,214.27,213.58,213.95,736.0,6,0.0
2020-01-07 19:00:00,213.96,213.96,212.56,213.01,1088.0,6,0.0
2020-01-07 20:00:00,213.02,213.18,212.66,212.93,758.0,6,0.0
2020-01-08 14:00:00,213.92,214.33,213.7,214.07,536.0,8,0.0
2020-01-08 15:00:00,214.07,214.51,212.59,213.13,1496.0,8,0.0
2020-01-08 16:00:00,213.14,215.34,212.88,215.05,1623.0,7,0.0
2020-01-08 17:00:00,215.05,215.22,214.29,214.56,1144.0,6,0.0
2020-01-08 18:00:00,214.54,215.3,214.35,215.09,964.0,6,0.0
2020-01-08 19:00:00,215.1,215.52,215.05,215.21,926.0,6,0.0
2020-01-08 20:00:00,215.22,216.2,215.21,215.79,873.0,6,0.0
2020-01-09 14:00:00,217.05,217.36,216.24,216.84,785.0,8,0.0
2020-01-09 15:00:00,216.84,217.8,216.59,217.65,1616.0,8,0.0
2020-01-09 16:00:00,217.65,217.79,217.25,217.61,1218.0,6,0.0
2020-01-09 17:00:00,217.61,217.64,216.29,217.05,1270.0,6,0.0
2020-01-09 18:00:00,217.04,217.66,216.84,217.52,1078.0,6,0.0
2020-01-09 19:00:00,217.52,218.17,217.32,218.17,990.0,6,0.0
2020-01-09 20:00:00,218.15,218.19,217.73,218.1,868.0,6,0.0
2020-01-10 14:00:00,217.65,219.43,217.5,219.35,704.0,8,0.0
2020-01-10 15:00:00,219.35,219.39,218.16,219.12,1509.0,8,0.0
2020-01-10 16:00:00,219.11,219.83,218.59,218.64,1251.0,6,0.0
2020-01-10 17:00:00,218.66,218.93,217.9,218.78,1191.0,6,0.0
2020-01-10 18:00:00,218.77,219.46,218.72,219.39,861.0,6,0.0
2020-01-10 19:00:00,219.38,219.45,218.15,218.4,1125.0,6,0.0
2020-01-10 20:00:00,218.4,218.52,217.38,217.81,1093.0,6,0.0
2020-01-13 14:00:00,219.74,220.08,219.5,219.82,650.0,8,0.0
2020-01-13 15:00:00,219.83,220.89,219.69,220.71,1581.0,7,0.0
2020-01-13 16:00:00,220.71,221.67,220.54,221.49,1463.0,6,0.0
2020-01-13 17:00:00,221.49,221.64,221.13,221.41,1102.0,6,0.0
2020-01-13 18:00:00,221.41,221.82,221.25,221.45,1024.0,6,0.0
2020-01-13 19:00:00,221.45,221.61,220.94,220.94,965.0,6,0.0
2020-01-13 20:00:00,220.98,221.34,220.7,221.26,883.0,7,0.0
2020-01-14 14:00:00,220.85,222.31,220.69,221.22,797.0,8,0.0
2020-01-14 15:00:00,221.23,221.67,220.19,220.49,1475.0,8,0.0
2020-01-14 16:00:00,220.49,221.06,220.44,220.7,1243.0,8,0.0
2020-01-14 17:00:00,220.7,220.81,219.91,219.98,1163.0,6,0.0
2020-01-14 18:00:00,219.98,220.66,219.27,219.38,1473.0,6,0.0
2020-01-14 19:00:00,219.4,220.4,219.0,219.94,1392.0,8,0.0
2020-01-14 20:00:00,219.91,219.93,219.23,219.69,1086.0,6,0.0
2020-01-15 14:00:00,220.81,220.98,220.11,220.49,638.0,8,0.0
2020-01-15 15:00:00,220.48,221.6,220.47,221.5,1459.0,6,0.0
2020-01-15 16:00:00,221.51,221.51,220.49,220.8,1413.0,6,0.0
2020-01-15 17:00:00,220.79,221.62,220.75,221.1,1227.0,6,0.0
2020-01-15 18:00:00,221.1,221.16,220.2,220.58,1385.0,6,0.0
2020-01-15 19:00:00,220.57,221.11,220.4,220.83,1082.0,6,0.0
2020-01-15 20:00:00,220.84,221.0,220.22,220.57,1196.0,6,0.0
2020-01-16 14:00:00,221.53,222.48,221.49,222.07,621.0,8,0.0
2020-01-16 15:00:00,222.08,222.23,220.52,220.59,1531.0,6,0.0
2020-01-16 16:00:00,220.6,221.05,220.38,220.96,1241.0,6,0.0
2020-01-16 17:00:00,220.96,221.43,220.92,221.03,987.0,6,0.0
2020-01-16 18:00:00,221.03,221.45,220.99,221.38,898.0,6,0.0
2020-01-16 19:00:00,221.39,221.75,221.18,221.18,878.0,6,0.0
2020-01-16 20:00:00,221.18,221.56,220.86,221.49,782.0,6,0.0
2020-01-17 14:00:00,220.88,221.7,220.57,221.54,728.0,8,0.0
2020-01-17 15:00:00,221.57,221.9,221.08,221.15,1561.0,6,0.0
2020-01-17 16:00:00,221.14,221.4,220.67,221.07,1506.0,6,0.0
2020-01-17 17:00:00,221.07,221.38,220.86,221.24,994.0,6,0.0
2020-01-17 18:00:00,221.24,222.0,221.24,221.88,932.0,6,0.0
2020-01-17 19:00:00,221.88,222.25,221.5,221.57,987.0,6,0.0
2020-01-17 20:00:00,221.58,221.89,221.17,221.8,959.0,6,0.0
2020-01-21 14:00:00,220.53,221.44,219.08,220.93,967.0,8,0.0
2020-01-21 15:00:00,220.86,220.99,219.89,220.16,1524.0,8,0.0
2020-01-21 16:00:00,220.16,221.25,220.11,221.02,1120.0,6,0.0
2020-01-21 17:00:00,221.02,221.59,220.93,221.42,877.0,8,0.0
2020-01-21 18:00:00,221.43,221.83,220.43,220.63,1284.0,6,0.0
2020-01-21 19:00:00,220.62,221.31,220.47,220.77,1255.0,6,0.0
2020-01-21 20:00:00,220.76,221.37,220.75,221.1,757.0,6,0.0
2020-01-22 14:00:00,221.92,222.59,221.81,221.96,663.0,6,0.0
2020-01-22 15:00:00,221.94,222.48,221.36,222.25,1429.0,8,0.0
2020-01-22 16:00:00,222.24,222.42,221.63,221.84,1254.0,6,0.0
2020-01-22 17:00:00,221.84,222.21,221.63,222.08,1144.0,6,0.0
2020-01-22 18:00:00,222.07,222.44,222.02,222.09,819.0,6,0.0
2020-01-22 19:00:00,222.09,222.26,222.06,222.1,710.0,6,0.0
2020-01-22 20:00:00,222.09,222.13,221.31,221.64,1058.0,6,0.0
2020-01-23 14:00:00,220.3,221.08,219.65,220.47,815.0,8,0.0
2020-01-23 15:00:00,220.47,221.43,220.29,220.38,1531.0,6,0.0
2020-01-23 16:00:00,220.42,220.55,219.59,220.02,1446.0,6,0.0
2020-01-23 17:00:00,220.03,220.16,219.55,219.56,1088.0,6,0.0
2020-01-23 18:00:00,219.57,220.28,219.34,220.22,1063.0,6,0.0
2020-01-23 19:00:00,220.22,220.51,219.99,220.34,1030.0,6,0.0
2020-01-23 20:00:00,220.34,220.46,219.83,219.97,982.0,6,0.0
2020-01-24 14:00:00,221.28,221.49,220.69,220.94,579.0,8,0.0
2020-01-24 15:00:00,220.93,220.94,219.6,220.19,1648.0,6,0.0
2020-01-24 16:00:00,220.19,220.7,218.86,218.93,1636.0,6,0.0
2020-01-24 17:00:00,218.9,218.91,217.5,218.51,1779.0,6,0.0
2020-01-24 18:00:00,218.51,218.52,216.77,217.43,1580.0,6,0.0
2020-01-24 19:00:00,217.42,217.84,216.07,217.82,1901.0,6,0.0
2020-01-24 20:00:00,217.82,218.05,217.0,217.1,1409.0,6,0.0
2020-01-27 14:00:00,214.83,215.99,214.32,215.75,939.0,8,0.0
2020-01-27 15:00:00,215.76,215.79,214.07,214.48,2111.0,8,0.0
2020-01-27 16:00:00,214.47,214.83,214.09,214.57,1528.0,6,0.0
2020-01-27 17:00:00,214.56,215.77,214.34,215.37,1351.0,8,0.0
2020-01-27 18:00:00,215.37,215.69,215.11,215.23,1200.0,6,0.0
2020-01-27 19:00:00,215.23,215.77,214.75,215.09,1387.0,6,0.0
2020-01-27 20:00:00,215.09,215.46,214.68,214.8,1318.0,6,0.0
2020-01-28 14:00:00,214.09,214.8,213.49,214.43,868.0,8,0.0
2020-01-28 15:00:00,214.49,216.67,214.41,216.12,1713.0,8,0.0
2020-01-28 16:00:00,216.13,218.1,215.98,218.1,1690.0,6,0.0
2020-01-28 17:00:00,218.11,218.42,217.56,217.78,1351.0,6,0.0
2020-01-28 18:00:00,217.78,218.3,217.29,218.15,1162.0,6,0.0
2020-01-28 19:00:00,218.14,218.68,217.61,217.99,1262.0,6,0.0
2020-01-28 20:00:00,217.96,218.43,217.77,218.22,1090.0,6,0.0
2020-01-29 14:00:00,220.83,221.12,219.22,219.9,948.0,8,0.0
2020-01-29 15:00:00,219.92,221.21,218.45,221.13,2432.0,6,0.0
2020-01-29 16:00:00,221.14,222.11,220.78,222.06,1405.0,6,0.0
2020-01-29 17:00:00,222.08,223.64,222.08,222.93,1652.0,8,0.0
2020-01-29 18:00:00,222.93,223.2,222.1,222.66,1347.0,8,0.0
2020-01-29 19:00:00,222.65,223.74,222.32,223.53,1707.0,6,0.0
2020-01-29 20:00:00,223.53,224.11,222.27,223.92,1625.0,6,0.0
2020-01-30 14:00:00,208.87,210.64,207.4,210.23,1498.0,8,0.0
2020-01-30 15:00:00,210.25,211.34,207.47,208.04,3167.0,8,0.0
2020-01-30 16:00:00,208.06,209.41,207.74,208.2,2370.0,8,0.0
2020-01-30 17:00:00,208.2,209.49,207.72,208.78,2047.0,6,0.0
2020-01-30 18:00:00,208.8,209.84,208.63,209.84,1431.0,6,0.0
2020-01-30 19:00:00,209.89,210.53,209.22,209.95,1944.0,6,0.0
2020-01-30 20:00:00,209.97,210.13,209.2,209.41,1383.0,6,0.0
2020-01-31 14:00:00,206.05,207.37,205.05,206.17,1017.0,6,0.0
2020-01-31 15:00:00,206.17,206.49,203.36,203.62,2430.0,6,0.0
2020-01-31 16:00:00,203.61,204.24,202.97,204.23,2300.0,6,0.0
2020-01-31 17:00:00,204.23,204.23,203.16,203.44,2081.0,6,0.0
2020-01-31 18:00:00,203.45,203.74,201.15,201.33,2229.0,6,0.0
2020-01-31 19:00:00,201.33,202.68,201.33,202.28,2179.0,6,0.0
2020-01-31 20:00:00,202.28,202.49,201.05,201.76,1729.0,6,0.0
2020-02-03 14:00:00,204.16,204.97,203.5,204.77,918.0,7,0.0
2020-02-03 15:00:00,204.86,205.07,203.14,203.58,2125.0,6,0.0
2020-02-03 16:00:00,203.6,204.1,202.79,203.2,1795.0,6,0.0
2020-02-03 17:00:00,203.2,203.87,202.9,203.79,1294.0,6,0.0
2020-02-03 18:00:00,203.79,204.05,203.34,203.97,1472.0,6,0.0
2020-02-03 19:00:00,203.99,204.32,203.61,203.69,1397.0,6,0.0
2020-02-03 20:00:00,203.69,204.04,203.49,203.61,1115.0,6,0.0
2020-02-04 14:00:00,206.54,207.64,206.54,207.48,881.0,6,0.0
2020-02-04 15:00:00,207.48,208.25,206.59,207.6,2088.0,6,0.0
2020-02-04 16:00:00,207.59,208.38,207.43,208.36,1366.0,6,0.0
2020-02-04 17:00:00,208.36,209.66,208.22,209.36,1354.0,6,0.0
2020-02-04 18:00:00,209.42,209.75,208.84,209.62,1162.0,6,0.0
2020-02-04 19:00:00,209.65,210.37,209.2,210.37,1196.0,6,0.0
2020-02-04 20:00:00,210.38,210.55,209.68,209.71,1161.0,6,0.0
2020-02-05 14:00:00,210.43,211.33,210.08,211.3,825.0,8,0.0
2020-02-05 15:00:00,211.28,211.58,208.73,209.52,2164.0,6,0.0
2020-02-05 16:00:00,209.52,210.24,209.35,210.24,1511.0,6,0.0
2020-02-05 17:00:00,210.24,210.24,209.73,209.8,1245.0,6,0.0
2020-02-05 18:00:00,209.82,210.0,208.88,208.9,1217.0,6,0.0
2020-02-05 19:00:00,208.9,209.98,208.69,209.85,1196.0,6,0.0
2020-02-05 20:00:00,209.85,210.16,209.48,209.9,1072.0,6,0.0
2020-02-06 14:00:00,210.49,211.06,210.23,210.97,684.0,8,0.0
2020-02-06 15:00:00,211.01,211.06,209.31,209.87,1776.0,6,0.0
2020-02-06 16:00:00,209.87,210.9,209.8,210.73,1823.0,6,0.0
2020-02-06 17:00:00,210.71,211.06,210.51,210.79,1188.0,6,0.0
2020-02-06 18:00:00,210.76,211.14,210.3,210.78,1056.0,6,0.0
2020-02-06 19:00:00,210.76,210.88,210.28,210.37,1135.0,6,0.0
2020-02-06 20:00:00,210.38,210.9,210.15,210.35,933.0,6,0.0
2020-02-07 14:00:00,210.8,210.86,210.1,210.34,673.0,8,0.0
2020-02-07 15:00:00,210.37,211.81,210.18,211.27,1563.0,6,0.0
2020-02-07 16:00:00,211.27,212.75,211.1,211.82,1589.0,6,0.0
2020-02-07 17:00:00,211.82,212.64,211.82,212.36,1092.0,6,0.0
2020-02-07 18:00:00,212.36,212.56,211.08,211.09,1097.0,6,0.0
2020-02-07 19:00:00,211.09,211.78,210.8,211.69,1425.0,6,0.0
2020-02-07 20:00:00,211.69,212.23,211.4,212.01,961.0,6,0.0
2020-02-10 14:00:00,211.22,211.81,210.94,211.35,672.0,8,0.0
2020-02-10 15:00:00,211.37,213.72,211.17,212.74,1645.0,6,0.0
2020-02-10 16:00:00,212.74,212.86,212.01,212.26,1392.0,6,0.0
2020-02-10 17:00:00,212.26,212.52,211.79,212.33,1025.0,6,0.0
2020-02-10 18:00:00,212.35,212.59,212.18,212.25,973.0,6,0.0
2020-02-10 19:00:00,212.25,212.63,211.91,212.43,809.0,6,0.0
2020-02-10 20:00:00,212.43,212.87,212.41,212.59,819.0,6,0.0
2020-02-11 14:00:00,207.58,209.04,207.05,208.66,923.0,8,0.0
2020-02-11 15:00:00,208.67,210.66,208.57,209.99,1803.0,6,0.0
2020-02-11 16:00:00,209.99,210.8,206.47,206.93,2609.0,8,0.0
2020-02-11 17:00:00,206.95,208.64,206.72,208.53,1582.0,6,0.0
2020-02-11 18:00:00,208.54,209.98,207.92,208.07,1752.0,6,0.0
2020-02-11 19:00:00,208.08,208.39,206.93,207.58,1700.0,6,0.0
2020-02-11 20:00:00,207.59,208.11,207.24,207.86,1439.0,6,0.0
2020-02-12 14:00:00,208.68,209.34,207.65,208.4,820.0,8,0.0
2020-02-12 15:00:00,208.4,209.34,207.82,209.2,1784.0,6,0.0
2020-02-12 16:00:00,209.21,210.77,209.06,210.52,1729.0,6,0.0
2020-02-12 17:00:00,210.5,211.17,210.2,210.7,1119.0,6,0.0
2020-02-12 18:00:00,210.72,210.93,210.47,210.91,932.0,6,0.0
2020-02-12 19:00:00,210.91,210.96,210.52,210.75,930.0,6,0.0
2020-02-12 20:00:00,210.74,210.88,210.38,210.64,867.0,6,0.0
2020-02-13 14:00:00,210.82,212.74,210.82,212.2,800.0,6,0.0
2020-02-13 15:00:00,212.21,212.35,210.73,211.65,1907.0,6,0.0
2020-02-13 16:00:00,211.66,212.87,211.37,212.44,1307.0,6,0.0
2020-02-13 17:00:00,212.44,212.99,212.26,212.56,1116.0,6,0.0
2020-02-13 18:00:00,212.57,213.92,212.57,213.91,1057.0,6,0.0
2020-02-13 19:00:00,213.91,214.19,213.38,214.11,1218.0,6,0.0
2020-02-13 20:00:00,214.11,214.28,212.73,212.75,1118.0,8,0.0
2020-02-14 14:00:00,213.79,214.11,213.21,213.74,768.0,8,0.0
2020-02-14 15:00:00,213.73,214.85,213.67,214.69,1710.0,6,0.0
2020-02-14 16:00:00,214.7,214.86,213.65,213.9,1137.0,6,0.0
2020-02-14 17:00:00,213.87,213.97,212.85,212.98,1119.0,6,0.0
2020-02-14 18:00:00,213.02,213.29,212.64,212.95,1139.0,6,0.0
2020-02-14 19:00:00,212.95,214.18,212.88,213.78,1188.0,6,0.0
2020-02-14 20:00:00,213.78,214.28,213.62,214.28,780.0,6,0.0
2020-02-18 14:00:00,215.56,217.34,215.56,217.29,815.0,8,0.0
2020-02-18 15:00:00,217.26,217.51,216.21,217.17,1811.0,6,0.0
2020-02-18 16:00:00,217.17,217.86,215.7,216.62,1664.0,6,0.0
2020-02-18 17:00:00,216.62,217.32,216.49,216.85,1181.0,6,0.0
2020-02-18 18:00:00,216.86,217.51,216.77,217.2,1032.0,6,0.0
2020-02-18 19:00:00,217.2,217.43,216.86,217.27,1359.0,6,0.0
2020-02-18 20:00:00,217.28,217.76,217.25,217.71,822.0,6,0.0
2020-02-19 14:00:00,217.42,218.04,217.35,217.62,685.0,8,0.0
2020-02-19 15:00:00,217.62,217.79,216.68,216.92,1515.0,6,0.0
2020-02-19 16:00:00,216.92,217.77,216.89,217.64,1120.0,6,0.0
2020-02-19 17:00:00,217.64,217.88,217.12,217.64,763.0,6,0.0
2020-02-19 18:00:00,217.65,218.06,217.59,217.66,656.0,6,0.0
2020-02-19 19:00:00,217.66,218.26,217.54,218.06,864.0,6,0.0
2020-02-19 20:00:00,218.09,218.09,217.37,217.59,774.0,6,0.0
2020-02-20 14:00:00,217.62,218.25,217.24,218.1,680.0,8,0.0
2020-02-20 15:00:00,218.14,218.71,217.25,217.33,1460.0,8,0.0
2020-02-20 16:00:00,217.33,217.41,212.89,214.15,2746.0,6,0.0
2020-02-20 17:00:00,214.11,214.5,213.48,214.34,2079.0,7,0.0
2020-02-20 18:00:00,214.33,215.28,214.15,214.29,1462.0,6,0.0
2020-02-20 19:00:00,214.3,215.76,214.3,215.39,1366.0,6,0.0
2020-02-20 20:00:00,215.41,215.42,214.6,214.95,1036.0,6,0.0
2020-02-21 14:00:00,211.79,212.45,210.27,211.82,1070.0,8,0.0
2020-02-21 15:00:00,211.81,212.01,209.73,210.64,2566.0,8,0.0
2020-02-21 16:00:00,210.66,211.61,210.61,211.17,1670.0,6,0.0
2020-02-21 17:00:00,211.16,211.68,210.23,210.47,1255.0,6,0.0
2020-02-21 18:00:00,210.44,210.7,208.82,209.59,1694.0,6,0.0
2020-02-21 19:00:00,209.58,210.27,209.41,210.2,1890.0,6,0.0
2020-02-21 20:00:00,210.19,210.22,209.25,209.88,1264.0,6,0.0
2020-02-24 14:00:00,203.37,203.48,201.39,202.32,1298.0,8,0.0
2020-02-24 15:00:00,202.38,202.98,200.78,201.41,2549.0,6,0.0
2020-02-24 16:00:00,201.4,201.47,199.37,200.13,2440.0,6,0.0
2020-02-24 17:00:00,200.08,200.22,198.69,199.06,2253.0,6,0.0
2020-02-24 18:00:00,199.04,199.86,198.16,199.36,2177.0,6,0.0
2020-02-24 19:00:00,199.36,201.42,198.69,201.35,2102.0,6,0.0
2020-02-24 20:00:00,201.35,201.82,200.23,200.85,1778.0,6,0.0
2020-02-25 14:00:00,203.04,203.18,201.39,202.88,1116.0,8,0.0
2020-02-25 15:00:00,202.84,203.12,199.67,200.73,3350.0,6,0.0
2020-02-25 16:00:00,200.73,201.68,199.14,201.61,3265.0,6,0.0
2020-02-25 17:00:00,201.59,202.26,200.19,200.4,2520.0,6,0.0
2020-02-25 18:00:00,200.36,200.69,199.27,199.27,2732.0,6,0.0
2020-02-25 19:00:00,199.25,199.35,196.3,198.04,3765.0,6,0.0
2020-02-25 20:00:00,198.07,199.22,195.93,196.39,2564.0,6,0.0
2020-02-26 14:00:00,199.73,201.16,199.43,199.61,1302.0,8,0.0
2020-02-26 15:00:00,199.6,201.03,198.57,200.37,3007.0,6,0.0
2020-02-26 16:00:00,200.37,200.4,198.09,198.53,2637.0,6,0.0
2020-02-26 17:00:00,198.52,198.93,196.83,198.43,3014.0,6,0.0
2020-02-26 18:00:00,198.44,198.61,195.46,196.62,3149.0,6,0.0
2020-02-26 19:00:00,196.57,197.8,196.44,196.94,3272.0,6,0.0
2020-02-26 20:00:00,196.98,198.44,196.97,197.34,2227.0,6,0.0
2020-02-27 14:00:00,191.96,192.95,189.51,192.38,1714.0,7,0.0
2020-02-27 15:00:00,192.38,194.19,190.68,194.19,4112.0,6,0.0
2020-02-27 16:00:00,194.19,195.8,192.55,194.14,3720.0,6,0.0
2020-02-27 17:00:00,194.13,195.7,193.13,194.12,3204.0,6,0.0
2020-02-27 18:00:00,194.11,195.4,191.7,192.43,3477.0,8,0.0
2020-02-27 19:00:00,192.36,193.17,191.36,192.26,3300.0,8,0.0
2020-02-27 20:00:00,192.25,193.43,191.08,191.09,2172.0,6,0.0
2020-02-28 14:00:00,186.41,188.24,185.73,187.36,1852.0,8,0.0
2020-02-28 15:00:00,187.31,188.31,185.57,186.94,5665.0,8,0.0
2020-02-28 16:00:00,186.94,190.55,185.0,188.82,4985.0,6,0.0
2020-02-28 17:00:00,188.81,190.25,187.51,190.12,4199.0,8,0.0
2020-02-28 18:00:00,190.16,190.57,185.92,186.84,3811.0,8,0.0
2020-02-28 19:00:00,186.88,189.63,185.38,187.78,4331.0,8,0.0
2020-02-28 20:00:00,187.78,188.18,185.95,185.98,3272.0,8,0.0
2020-03-02 14:00:00,190.28,192.24,189.94,190.09,1410.0,8,0.0
2020-03-02 15:00:00,190.05,191.4,188.78,189.68,3708.0,6,0.0
2020-03-02 16:00:00,189.62,193.9,189.62,193.71,3612.0,6,0.0
2020-03-02 17:00:00,193.7,194.01,191.22,192.54,2884.0,6,0.0
2020-03-02 18:00:00,192.55,192.75,190.41,191.21,2756.0,6,0.0
2020-03-02 19:00:00,191.17,192.52,189.65,190.4,3049.0,6,0.0
2020-03-02 20:00:00,190.38,193.45,190.28,193.31,2372.0,6,0.0
2020-03-03 14:00:00,194.17,194.41,192.2,192.4,1452.0,8,0.0
2020-03-03 15:00:00,192.41,197.12,192.37,195.92,5031.0,8,0.0
2020-03-03 16:00:00,195.86,196.07,191.55,193.47,4455.0,7,0.0
2020-03-03 17:00:00,193.45,193.56,191.42,192.04,3060.0,6,0.0
2020-03-03 18:00:00,192.0,192.0,188.08,188.11,3631.0,6,0.0
2020-03-03 19:00:00,188.13,189.16,186.66,188.74,4591.0,6,0.0
2020-03-03 20:00:00,188.78,190.59,187.47,188.2,3226.0,8,0.0
2020-03-04 14:00:00,187.64,188.24,186.37,187.59,1436.0,8,0.0
2020-03-04 15:00:00,187.64,190.22,187.28,188.12,3293.0,6,0.0
2020-03-04 16:00:00,188.12,189.77,187.78,188.27,2900.0,6,0.0
2020-03-04 17:00:00,188.29,188.96,188.0,188.96,2334.0,6,0.0
2020-03-04 18:00:00,188.98,189.5,188.11,188.15,2647.0,6,0.0
2020-03-04 19:00:00,188.13,189.08,187.8,188.26,2562.0,6,0.0
2020-03-04 20:00:00,188.22,190.54,188.22,189.86,2006.0,6,0.0
2020-03-05 14:00:00,188.28,188.7,186.63,187.54,1279.0,6,0.0
2020-03-05 15:00:00,187.52,188.8,186.81,187.15,3067.0,6,0.0
2020-03-05 16:00:00,187.17,188.46,186.81,186.83,2737.0,6,0.0
2020-03-05 17:00:00,186.85,187.06,184.7,184.97,3026.0,6,0.0
2020-03-05 18:00:00,184.97,185.88,184.45,185.51,2966.0,6,0.0
2020-03-05 19:00:00,185.5,185.84,184.48,185.22,2934.0,6,0.0
2020-03-05 20:00:00,185.24,185.72,183.86,184.88,2470.0,6,0.0
2020-03-06 14:00:00,180.29,180.34,178.02,180.0,1569.0,6,0.0
2020-03-06 15:00:00,179.99,182.57,179.4,180.94,3973.0,6,0.0
2020-03-06 16:00:00,180.95,181.08,179.16,179.51,3571.0,6,0.0
2020-03-06 17:00:00,179.49,179.66,177.77,178.07,3103.0,6,0.0
2020-03-06 18:00:00,178.06,179.5,177.84,178.23,2862.0,6,0.0
2020-03-06 19:00:00,178.26,178.48,176.78,177.0,3359.0,6,0.0
2020-03-06 20:00:00,176.98,179.21,176.24,178.75,3275.0,6,0.0
2020-03-09 14:00:00,168.79,172.47,168.43,170.75,3311.0,16,0.0
2020-03-09 15:00:00,170.45,174.93,170.12,174.04,3878.0,6,0.0
2020-03-09 16:00:00,174.01,174.16,171.7,172.09,3411.0,6,0.0
2020-03-09 17:00:00,172.12,172.67,169.93,170.23,3291.0,6,0.0
2020-03-09 18:00:00,170.22,171.6,169.39,170.82,3576.0,6,0.0
2020-03-09 19:00:00,170.76,171.72,169.99,170.77,2781.0,8,0.0
2020-03-10 14:00:00,174.3,176.55,173.11,173.26,3131.0,8,0.0
2020-03-10 15:00:00,173.23,174.47,169.47,170.82,3319.0,8,0.0
2020-03-10 16:00:00,170.88,174.04,170.88,172.64,3021.0,8,0.0
2020-03-10 17:00:00,172.66,174.09,171.42,171.77,2838.0,16,0.0
2020-03-10 18:00:00,171.79,175.33,170.78,174.85,2853.0,8,0.0
2020-03-10 19:00:00,174.91,177.64,174.56,177.15,2264.0,16,0.0
2020-03-11 14:00:00,173.55,174.19,171.65,172.33,2964.0,8,0.0
2020-03-11 15:00:00,172.38,172.88,170.97,172.55,3065.0,8,0.0
2020-03-11 16:00:00,172.58,173.51,170.01,170.52,2928.0,8,0.0
2020-03-11 17:00:00,170.52,171.62,169.68,171.3,2870.0,8,0.0
2020-03-11 18:00:00,171.3,171.5,168.91,169.53,3000.0,8,0.0
2020-03-11 19:00:00,169.53,170.82,167.63,170.38,2602.0,8,0.0
2020-03-12 14:00:00,162.19,163.96,159.62,162.78,3634.0,16,0.0
2020-03-12 15:00:00,162.79,162.9,158.58,160.27,3032.0,8,0.0
2020-03-12 16:00:00,160.26,164.48,158.02,162.84,3155.0,8,0.0
2020-03-12 17:00:00,162.8,166.34,159.33,161.56,3589.0,16,0.0
2020-03-12 18:00:00,161.52,162.22,157.38,157.45,3200.0,16,0.0
2020-03-12 19:00:00,157.44,159.93,157.03,157.92,2334.0,8,0.0
2020-03-13 14:00:00,161.26,164.03,160.43,160.43,3288.0,16,0.0
2020-03-13 15:00:00,160.42,163.32,158.7,160.2,3277.0,16,0.0
2020-03-13 16:00:00,160.21,161.31,157.58,159.52,3203.0,16,0.0
2020-03-13 17:00:00,159.56,163.09,158.98,162.41,2784.0,16,0.0
2020-03-13 18:00:00,162.48,162.48,159.39,161.01,2908.0,16,0.0
2020-03-13 19:00:00,160.97,163.82,158.54,163.82,2452.0,16,0.0
2020-03-16 13:00:00,149.63,151.77,146.46,151.4,714.0,40,0.0
2020-03-16 14:00:00,151.39,155.82,149.55,154.55,3146.0,16,0.0
2020-03-16 15:00:00,154.54,156.17,152.75,156.1,2927.0,16,0.0
2020-03-16 16:00:00,156.15,159.03,153.14,153.18,2769.0,8,0.0
2020-03-16 17:00:00,153.18,153.99,150.13,151.5,2636.0,8,0.0
2020-03-16 18:00:00,151.5,153.35,148.98,152.59,2562.0,8,0.0
2020-03-16 19:00:00,152.64,153.88,147.14,150.88,2126.0,8,0.0
2020-03-17 13:00:00,143.05,145.62,139.94,141.34,1047.0,16,0.0
2020-03-17 14:00:00,141.33,147.32,139.86,146.28,3405.0,16,0.0
2020-03-17 15:00:00,146.28,151.17,146.01,149.81,2981.0,8,0.0
2020-03-17 16:00:00,149.8,153.78,146.49,147.61,2719.0,8,0.0
2020-03-17 17:00:00,147.68,149.16,145.79,148.76,2765.0,8,0.0
2020-03-17 18:00:00,148.74,149.27,146.35,147.97,2863.0,8,0.0
2020-03-17 19:00:00,147.97,149.16,146.2,148.3,2171.0,8,0.0
2020-03-18 13:00:00,139.84,144.57,139.81,143.92,1256.0,16,0.0
2020-03-18 14:00:00,143.91,146.57,143.13,144.56,3032.0,16,0.0
2020-03-18 15:00:00,144.55,145.1,140.39,143.59,2919.0,8,0.0
2020-03-18 16:00:00,143.59,145.45,140.17,140.18,2699.0,16,0.0
2020-03-18 17:00:00,140.07,141.39,137.65,138.72,2304.0,16,0.0
2020-03-18 18:00:00,138.73,143.84,137.05,143.84,2864.0,8,0.0
2020-03-18 19:00:00,143.86,144.57,140.88,143.09,2265.0,16,0.0
2020-03-19 13:00:00,146.0,153.53,145.01,153.53,1063.0,16,0.0
2020-03-19 14:00:00,153.54,158.54,150.95,154.24,3411.0,16,0.0
2020-03-19 15:00:00,154.27,159.82,152.96,154.79,2975.0,16,0.0
2020-03-19 16:00:00,154.72,159.04,153.01,158.1,2930.0,16,0.0
2020-03-19 17:00:00,158.13,159.66,156.27,158.18,2770.0,16,0.0
2020-03-19 18:00:00,158.2,159.83,156.67,158.37,2764.0,16,0.0
2020-03-19 19:00:00,158.29,159.48,155.5,158.34,2422.0,16,0.0
2020-03-20 13:00:00,154.48,156.43,152.88,156.04,899.0,16,0.0
2020-03-20 14:00:00,155.97,158.85,155.35,158.12,2741.0,16,0.0
2020-03-20 15:00:00,158.06,158.68,153.42,154.0,2881.0,16,0.0
2020-03-20 16:00:00,154.05,154.7,150.15,152.68,2643.0,16,0.0
2020-03-20 17:00:00,152.61,154.28,151.66,152.94,2558.0,16,0.0
2020-03-20 18:00:00,152.9,153.39,150.67,151.27,2181.0,16,0.0
2020-03-20 19:00:00,151.31,151.96,147.97,149.68,2051.0,16,0.0
2020-03-23 13:00:00,148.12,152.03,146.63,151.86,1055.0,16,0.0
2020-03-23 14:00:00,151.78,152.24,146.91,147.01,3099.0,16,0.0
2020-03-23 15:00:00,147.0,147.98,142.8,145.05,3016.0,8,0.0
2020-03-23 16:00:00,145.05,150.6,144.25,149.95,2735.0,16,0.0
2020-03-23 17:00:00,149.95,151.29,146.12,146.7,2622.0,16,0.0
2020-03-23 18:00:00,146.84,148.21,145.62,145.98,2739.0,16,0.0
2020-03-23 19:00:00,146.09,147.52,144.54,145.95,2329.0,8,0.0
2020-03-24 13:00:00,154.78,155.05,153.53,153.88,223.0,16,0.0
2020-03-24 14:00:00,153.9,158.77,153.8,156.56,2738.0,16,0.0
2020-03-24 15:00:00,156.52,158.48,155.69,157.82,2477.0,16,0.0
2020-03-24 16:00:00,157.8,158.49,156.14,156.24,2372.0,8,0.0
2020-03-24 17:00:00,156.27,157.02,154.32,154.54,2354.0,16,0.0
2020-03-24 18:00:00,154.54,157.92,153.14,157.9,2373.0,16,0.0
2020-03-24 19:00:00,157.83,160.57,157.62,160.46,1884.0,8,0.0
2020-03-25 13:00:00,159.62,160.25,155.08,155.3,575.0,16,0.0
2020-03-25 14:00:00,155.31,156.72,153.01,155.88,2990.0,16,0.0
2020-03-25 15:00:00,155.86,157.07,154.89,156.66,2541.0,16,0.0
2020-03-25 16:00:00,156.68,159.59,156.58,158.14,2547.0,8,0.0
2020-03-25 17:00:00,158.13,162.93,157.92,161.35,2572.0,8,0.0
2020-03-25 18:00:00,161.41,161.55,158.77,159.86,3163.0,8,0.0
2020-03-25 19:00:00,159.9,160.32,157.99,158.14,2333.0,8,0.0
2020-03-26 13:00:00,158.76,160.67,157.07,159.44,906.0,16,0.0
2020-03-26 14:00:00,159.41,160.77,157.97,159.65,2570.0,16,0.0
2020-03-26 15:00:00,159.67,160.57,158.53,160.28,2366.0,8,0.0
2020-03-26 16:00:00,160.25,161.52,159.5,160.21,2277.0,8,0.0
2020-03-26 17:00:00,160.2,160.27,157.86,159.94,2277.0,8,0.0
2020-03-26 18:00:00,159.94,163.01,159.94,162.57,2380.0,8,0.0
2020-03-26 19:00:00,162.54,163.26,160.56,161.35,1933.0,8,0.0
2020-03-27 13:00:00,155.85,156.24,154.75,155.68,986.0,8,0.0
2020-03-27 14:00:00,155.57,156.46,154.89,155.49,2769.0,8,0.0
2020-03-27 15:00:00,155.44,157.15,155.33,156.01,2577.0,8,0.0
2020-03-27 16:00:00,156.0,156.45,155.22,156.07,2396.0,8,0.0
2020-03-27 17:00:00,156.09,157.56,155.82,156.88,2399.0,7,0.0
2020-03-27 18:00:00,156.9,158.76,156.54,158.73,2384.0,8,0.0
2020-03-27 19:00:00,158.7,159.98,158.28,158.7,2084.0,8,0.0
2020-03-30 13:00:00,159.41,159.48,157.94,158.87,705.0,16,0.0
2020-03-30 14:00:00,158.85,161.11,158.7,160.6,2666.0,8,0.0
2020-03-30 15:00:00,160.56,163.03,160.37,162.04,2515.0,8,0.0
2020-03-30 16:00:00,162.04,164.07,161.69,163.89,2074.0,8,0.0
2020-03-30 17:00:00,163.91,164.59,162.95,163.26,2028.0,8,0.0
2020-03-30 18:00:00,163.26,165.16,162.16,165.07,2052.0,8,0.0
2020-03-30 19:00:00,165.06,166.66,164.75,165.88,1749.0,8,0.0
2020-03-31 13:00:00,166.32,167.26,165.59,166.22,853.0,16,0.0
2020-03-31 14:00:00,166.22,170.37,166.22,169.02,2209.0,8,0.0
2020-03-31 15:00:00,169.02,170.83,168.48,169.11,2130.0,8,0.0
2020-03-31 16:00:00,169.02,169.12,167.05,168.04,1971.0,8,0.0
2020-03-31 17:00:00,168.03,169.73,167.49,169.31,2010.0,16,0.0
2020-03-31 18:00:00,169.27,169.46,167.88,168.41,1969.0,16,0.0
2020-03-31 19:00:00,168.37,168.62,166.26,168.14,1756.0,8,0.0
2020-04-01 13:00:00,162.09,162.48,160.37,161.48,778.0,16,0.0
2020-04-01 14:00:00,161.56,163.05,161.27,162.75,2002.0,16,0.0
2020-04-01 15:00:00,162.75,164.03,161.06,161.09,1997.0,8,0.0
2020-04-01 16:00:00,161.09,161.28,159.88,160.17,2061.0,8,0.0
2020-04-01 17:00:00,160.17,160.59,159.07,160.37,1940.0,8,0.0
2020-04-01 18:00:00,160.37,160.7,159.28,159.3,1863.0,8,0.0
2020-04-01 19:00:00,159.33,159.76,158.0,158.19,1388.0,8,0.0
2020-04-02 13:00:00,160.75,160.92,156.21,158.83,1122.0,8,0.0
2020-04-02 14:00:00,158.84,161.3,158.27,160.37,3365.0,8,0.0
2020-04-02 15:00:00,160.38,161.21,159.24,160.11,2705.0,6,0.0
2020-04-02 16:00:00,160.14,160.71,159.13,159.63,2391.0,8,0.0
2020-04-02 17:00:00,159.63,159.93,157.33,157.83,2557.0,6,0.0
2020-04-02 18:00:00,157.85,157.93,155.9,157.85,3085.0,6,0.0
2020-04-02 19:00:00,157.88,158.12,156.76,157.31,2500.0,6,0.0
2020-04-03 13:00:00,157.09,157.84,156.76,157.06,1065.0,6,0.0
2020-04-03 14:00:00,157.12,157.5,153.93,154.44,2939.0,6,0.0
2020-04-03 15:00:00,154.44,155.25,153.65,154.06,2697.0,6,0.0
2020-04-03 16:00:00,154.05,154.23,152.02,153.74,2577.0,6,0.0
2020-04-03 17:00:00,153.73,153.86,151.08,151.24,2197.0,6,0.0
2020-04-03 18:00:00,151.26,152.76,150.81,152.55,2692.0,6,0.0
2020-04-03 19:00:00,152.56,153.32,151.91,151.96,2151.0,6,0.0
2020-04-06 13:00:00,160.1,160.1,159.33,159.87,1336.0,6,0.0
2020-04-06 14:00:00,159.82,160.3,159.39,160.01,2622.0,6,0.0
2020-04-06 15:00:00,160.03,161.5,159.8,161.27,1969.0,6,0.0
2020-04-06 16:00:00,161.28,162.67,160.99,162.51,1998.0,6,0.0
2020-04-06 17:00:00,162.5,163.45,161.9,163.37,1795.0,6,0.0
2020-04-06 18:00:00,163.37,164.43,162.69,164.23,1902.0,6,0.0
2020-04-06 19:00:00,164.23,164.46,163.51,164.44,1824.0,6,0.0
2020-04-07 13:00:00,170.58,173.34,170.48,172.0,1515.0,6,0.0
2020-04-07 14:00:00,172.01,172.09,165.99,167.01,4121.0,6,0.0
2020-04-07 15:00:00,167.01,169.96,166.72,169.61,3142.0,6,0.0
2020-04-07 16:00:00,169.65,171.6,169.63,171.5,2889.0,6,0.0
2020-04-07 17:00:00,171.52,172.14,169.92,170.12,2642.0,6,0.0
2020-04-07 18:00:00,170.12,170.23,167.42,168.08,2996.0,6,0.0
2020-04-07 19:00:00,168.1,169.79,167.85,169.66,3047.0,6,0.0
2020-04-08 13:00:00,171.39,171.9,168.91,169.14,1355.0,6,0.0
2020-04-08 14:00:00,169.16,170.44,167.71,170.22,3092.0,6,0.0
2020-04-08 15:00:00,170.22,171.83,169.38,171.63,2524.0,6,0.0
2020-04-08 16:00:00,171.62,172.24,170.77,171.67,2274.0,6,0.0
2020-04-08 17:00:00,171.67,172.69,171.42,171.57,2305.0,6,0.0
2020-04-08 18:00:00,171.56,173.82,171.49,173.82,2269.0,6,0.0
2020-04-08 19:00:00,173.81,174.32,173.11,173.84,1951.0,6,0.0
2020-04-09 13:00:00,175.36,177.01,175.26,176.81,1066.0,8,0.0
2020-04-09 14:00:00,176.81,176.93,171.56,173.54,3227.0,6,0.0
2020-04-09 15:00:00,173.5,174.04,171.96,173.62,2644.0,6,0.0
2020-04-09 16:00:00,173.64,175.12,173.64,174.86,2101.0,6,0.0
2020-04-09 17:00:00,174.86,175.57,174.5,174.82,2252.0,6,0.0
2020-04-09 18:00:00,174.81,174.82,172.19,172.51,2620.0,6,0.0
2020-04-09 19:00:00,172.54,174.57,172.13,174.57,2267.0,6,0.0
2020-04-13 13:00:00,173.67,173.67,171.4,172.36,1070.0,6,0.0
2020-04-13 14:00:00,172.4,173.35,170.52,170.88,2986.0,6,0.0
2020-04-13 15:00:00,170.88,171.59,169.43,171.31,2653.0,6,0.0
2020-04-13 16:00:00,171.31,172.42,171.05,171.93,2110.0,6,0.0
2020-04-13 17:00:00,171.92,173.16,171.63,173.02,1808.0,6,0.0
2020-04-13 18:00:00,173.03,173.82,172.52,173.66,2038.0,6,0.0
2020-04-13 19:00:00,173.66,174.36,172.66,174.26,1671.0,6,0.0
2020-04-14 13:00:00,176.62,177.98,176.62,177.76,1072.0,6,0.0
2020-04-14 14:00:00,177.77,178.67,177.42,177.53,2463.0,6,0.0
2020-04-14 15:00:00,177.53,177.95,176.57,177.04,2356.0,6,0.0
2020-04-14 16:00:00,177.05,181.17,177.05,180.97,2298.0,6,0.0
2020-04-14 17:00:00,180.98,180.98,179.72,180.52,1847.0,6,0.0
2020-04-14 18:00:00,180.52,180.87,179.76,179.94,1703.0,6,0.0
2020-04-14 19:00:00,179.92,179.97,178.88,178.98,1599.0,6,0.0
2020-04-15 13:00:00,174.81,174.81,172.81,173.92,1116.0,6,0.0
2020-04-15 14:00:00,173.88,174.97,173.33,174.7,2664.0,6,0.0
2020-04-15 15:00:00,174.71,174.79,173.63,174.41,2208.0,6,0.0
2020-04-15 16:00:00,174.44,176.1,174.29,175.89,2191.0,6,0.0
2020-04-15 17:00:00,175.87,176.85,175.62,176.46,2081.0,6,0.0
2020-04-15 18:00:00,176.47,177.75,176.46,177.71,2079.0,6,0.0
2020-04-15 19:00:00,177.69,178.12,176.24,176.72,2066.0,6,0.0
2020-04-16 13:00:00,176.1,177.0,175.71,175.87,1622.0,8,0.0
2020-04-16 14:00:00,175.85,176.54,174.0,175.4,3955.0,6,0.0
2020-04-16 15:00:00,175.44,177.0,174.95,176.34,3234.0,6,0.0
2020-04-16 16:00:00,176.32,176.6,173.01,174.0,3741.0,6,0.0
2020-04-16 17:00:00,174.0,174.35,172.96,173.29,3031.0,6,0.0
2020-04-16 18:00:00,173.28,174.61,172.49,174.49,3246.0,6,0.0
2020-04-16 19:00:00,174.49,175.27,173.87,174.89,2265.0,6,0.0
2020-04-17 13:00:00,178.01,180.22,177.76,179.63,1629.0,6,0.0
2020-04-17 14:00:00,179.63,180.22,178.63,179.24,4172.0,6,0.0
2020-04-17 15:00:00,179.24,179.96,178.73,179.46,3567.0,6,0.0
2020-04-17 16:00:00,179.47,179.5,178.4,178.75,2487.0,6,0.0
2020-04-17 17:00:00,178.74,178.76,177.4,177.68,2558.0,6,0.0
2020-04-17 18:00:00,177.68,177.86,176.6,177.75,2310.0,6,0.0
2020-04-17 19:00:00,177.75,178.64,177.58,178.41,1627.0,6,0.0
2020-04-20 13:00:00,177.72,178.12,176.71,177.98,1511.0,6,0.0
2020-04-20 14:00:00,177.97,179.92,177.78,179.89,3223.0,6,0.0
2020-04-20 15:00:00,179.87,180.44,179.32,180.17,2499.0,6,0.0
2020-04-20 16:00:00,180.16,180.2,178.9,179.04,2556.0,6,0.0
2020-04-20 17:00:00,179.05,180.13,178.46,180.03,2504.0,6,0.0
2020-04-20 18:00:00,179.98,180.39,177.88,178.53,3335.0,6,0.0
2020-04-20 19:00:00,178.53,179.21,177.89,178.17,3063.0,6,0.0
2020-04-21 13:00:00,172.13,173.09,171.75,172.5,938.0,16,0.0
2020-04-21 14:00:00,172.51,173.51,169.5,169.69,3061.0,8,0.0
2020-04-21 15:00:00,169.64,170.53,168.28,170.35,2753.0,8,0.0
2020-04-21 16:00:00,170.4,171.02,169.83,170.5,2443.0,8,0.0
2020-04-21 17:00:00,170.49,171.98,170.3,171.44,2501.0,8,0.0
2020-04-21 18:00:00,171.46,172.65,170.88,171.43,2559.0,8,0.0
2020-04-21 19:00:00,171.4,172.73,170.75,171.54,2033.0,8,0.0
2020-04-22 13:00:00,180.69,181.76,178.94,179.83,1252.0,16,0.0
2020-04-22 14:00:00,179.82,182.17,178.67,182.06,2774.0,8,0.0
2020-04-22 15:00:00,182.05,182.55,181.56,181.95,2380.0,8,0.0
2020-04-22 16:00:00,181.95,183.26,181.34,183.26,2438.0,8,0.0
2020-04-22 17:00:00,183.27,184.69,182.8,183.89,2213.0,8,0.0
2020-04-22 18:00:00,183.89,184.27,183.33,184.02,2166.0,8,0.0
2020-04-22 19:00:00,184.01,184.63,183.02,183.56,1776.0,8,0.0
2020-04-23 13:00:00,186.11,186.3,185.1,185.62,2429.0,8,0.0
2020-04-23 14:00:00,185.63,185.81,183.93,185.63,5742.0,6,0.0
2020-04-23 15:00:00,185.64,185.83,184.55,185.52,4583.0,6,0.0
2020-04-23 16:00:00,185.53,186.51,183.12,185.08,6423.0,6,0.0
2020-04-23 17:00:00,185.08,185.93,183.24,183.72,5251.0,6,0.0
2020-04-23 18:00:00,183.71,186.03,183.11,185.98,4577.0,6,0.0
2020-04-23 19:00:00,185.97,186.01,184.4,184.8,4020.0,6,0.0
2020-04-24 13:00:00,181.93,182.3,180.8,180.94,2886.0,6,0.0
2020-04-24 14:00:00,180.95,184.33,180.93,183.74,7660.0,6,0.0
2020-04-24 15:00:00,183.73,185.44,183.46,184.3,5804.0,6,0.0
2020-04-24 16:00:00,184.3,185.24,183.97,185.03,3598.0,6,0.0
2020-04-24 17:00:00,185.03,185.67,184.73,185.67,2754.0,6,0.0
2020-04-24 18:00:00,185.66,189.94,185.35,189.57,7381.0,6,0.0
2020-04-24 19:00:00,189.57,190.08,188.94,189.72,4407.0,6,0.0
2020-04-27 13:00:00,192.33,193.63,192.28,192.84,2406.0,6,0.0
2020-04-27 14:00:00,192.83,193.7,192.18,192.58,6516.0,6,0.0
2020-04-27 15:00:00,192.56,193.03,190.03,190.52,4909.0,6,0.0
2020-04-27 16:00:00,190.52,190.62,188.67,189.26,4528.0,6,0.0
2020-04-27 17:00:00,189.25,189.39,187.39,187.84,4087.0,6,0.0
2020-04-27 18:00:00,187.83,188.35,187.48,188.04,3174.0,6,0.0
2020-04-27 19:00:00,188.04,188.86,187.62,188.62,2345.0,6,0.0
2020-04-28 13:00:00,188.13,188.13,186.43,187.53,2094.0,8,0.0
2020-04-28 14:00:00,187.52,187.94,184.15,184.57,5340.0,6,0.0
2020-04-28 15:00:00,184.57,186.05,184.33,184.93,3468.0,6,0.0
2020-04-28 16:00:00,184.95,185.74,184.29,184.52,3221.0,6,0.0
2020-04-28 17:00:00,184.51,184.98,184.26,184.9,3209.0,6,0.0
2020-04-28 18:00:00,184.89,185.12,183.88,184.23,2964.0,6,0.0
2020-04-28 19:00:00,184.24,184.58,183.18,183.25,3426.0,6,0.0
2020-04-29 13:00:00,191.8,194.88,191.63,194.84,3178.0,8,0.0
2020-04-29 14:00:00,194.82,194.96,193.39,193.6,6012.0,6,0.0
2020-04-29 15:00:00,193.61,194.45,192.59,192.65,5275.0,6,0.0
2020-04-29 16:00:00,192.67,194.95,192.63,194.65,3596.0,6,0.0
2020-04-29 17:00:00,194.66,196.65,194.66,196.49,3365.0,6,0.0
2020-04-29 18:00:00,196.47,196.85,194.58,195.09,6732.0,6,0.0
2020-04-29 19:00:00,195.1,196.59,194.03,196.47,3622.0,6,0.0
2020-04-30 13:00:00,204.61,208.39,203.4,207.56,5178.0,8,0.0
2020-04-30 14:00:00,207.57,207.81,202.13,203.56,8377.0,8,0.0
2020-04-30 15:00:00,203.57,205.89,203.57,204.57,5864.0,8,0.0
2020-04-30 16:00:00,204.58,204.58,202.64,204.13,4763.0,8,0.0
2020-04-30 17:00:00,204.12,205.02,201.56,201.89,3913.0,8,0.0
2020-04-30 18:00:00,201.87,203.81,201.54,202.62,4325.0,8,0.0
2020-04-30 19:00:00,202.6,204.67,202.3,203.44,3092.0,6,0.0
2020-05-01 13:00:00,204.92,206.67,204.78,205.85,3256.0,8,0.0
2020-05-01 14:00:00,205.92,207.2,203.65,203.85,6142.0,8,0.0
2020-05-01 15:00:00,203.83,204.42,201.96,202.03,3755.0,8,0.0
2020-05-01 16:00:00,201.98,202.02,199.03,200.63,5245.0,8,0.0
2020-05-01 17:00:00,200.62,201.07,199.33,200.48,2873.0,8,0.0
2020-05-01 18:00:00,200.49,202.22,200.27,201.77,2865.0,8,0.0
2020-05-01 19:00:00,201.79,203.02,201.66,202.53,2752.0,6,0.0
2020-05-04 13:00:00,201.42,203.59,201.24,203.02,2878.0,8,0.0
2020-05-04 14:00:00,203.05,204.94,202.89,202.98,5124.0,8,0.0
2020-05-04 15:00:00,202.99,204.68,202.78,203.69,4756.0,6,0.0
2020-05-04 16:00:00,203.69,204.1,202.77,203.15,3181.0,6,0.0
2020-05-04 17:00:00,203.16,203.45,202.3,203.03,3642.0,6,0.0
2020-05-04 18:00:00,203.03,204.9,202.49,204.79,3834.0,6,0.0
2020-05-04 19:00:00,204.77,205.53,204.65,205.37,3183.0,6,0.0
2020-05-05 13:00:00,207.6,209.02,207.6,208.73,2162.0,6,0.0
2020-05-05 14:00:00,208.73,210.33,208.27,209.96,5599.0,6,0.0
2020-05-05 15:00:00,209.97,210.32,209.35,210.06,3678.0,6,0.0
2020-05-05 16:00:00,210.06,210.14,208.9,208.96,2679.0,6,0.0
2020-05-05 17:00:00,208.96,209.54,208.53,209.15,3170.0,6,0.0
2020-05-05 18:00:00,209.15,209.74,208.94,209.65,1906.0,6,0.0
2020-05-05 19:00:00,209.66,209.66,206.47,207.05,4569.0,6,0.0
2020-05-06 13:00:00,209.48,210.3,208.81,209.59,2201.0,8,0.0
2020-05-06 14:00:00,209.66,210.44,207.27,209.86,5117.0,6,0.0
2020-05-06 15:00:00,209.86,210.94,209.33,209.85,5023.0,6,0.0
2020-05-06 16:00:00,209.85,211.15,209.83,210.44,3092.0,6,0.0
2020-05-06 17:00:00,210.45,211.53,210.13,210.74,3479.0,6,0.0
2020-05-06 18:00:00,210.74,210.95,209.75,210.16,4630.0,6,0.0
2020-05-06 19:00:00,210.16,210.46,208.63,209.06,3787.0,6,0.0
2020-05-07 13:00:00,210.89,210.92,209.69,210.29,1896.0,8,0.0
2020-05-07 14:00:00,210.29,210.61,209.01,209.28,4901.0,6,0.0
2020-05-07 15:00:00,209.3,210.38,209.07,210.12,4033.0,6,0.0
2020-05-07 16:00:00,210.13,211.46,210.13,211.07,2868.0,6,0.0
2020-05-07 17:00:00,211.06,211.56,210.68,211.17,2422.0,6,0.0
2020-05-07 18:00:00,211.17,211.4,210.49,210.89,2868.0,6,0.0
2020-05-07 19:00:00,210.87,210.96,209.9,209.97,3510.0,6,0.0
2020-05-08 13:00:00,211.73,212.35,211.17,211.48,1907.0,8,0.0
2020-05-08 14:00:00,211.47,212.86,211.47,211.98,4308.0,6,0.0
2020-05-08 15:00:00,211.99,212.96,211.61,212.89,2866.0,6,0.0
2020-05-08 16:00:00,212.9,213.08,212.33,213.02,1837.0,6,0.0
2020-05-08 17:00:00,213.02,213.17,211.92,212.15,2034.0,6,0.0
2020-05-08 18:00:00,212.16,212.4,211.68,212.3,2489.0,6,0.0
2020-05-08 19:00:00,212.3,212.73,211.66,212.49,2436.0,6,0.0
2020-05-11 13:00:00,212.29,212.52,211.29,211.65,1982.0,6,0.0
2020-05-11 14:00:00,211.63,213.4,211.6,212.64,4943.0,6,0.0
2020-05-11 15:00:00,212.66,213.37,212.64,213.08,3346.0,6,0.0
2020-05-11 16:00:00,213.06,213.48,212.57,213.3,2305.0,6,0.0
2020-05-11 17:00:00,213.3,213.96,213.11,213.76,2165.0,6,0.0
2020-05-11 18:00:00,213.77,214.84,213.55,214.68,2848.0,6,0.0
2020-05-11 19:00:00,214.68,214.96,213.78,214.05,2909.0,6,0.0
2020-05-12 13:00:00,213.18,213.85,212.05,213.08,2539.0,8,0.0
2020-05-12 14:00:00,213.09,214.92,212.42,214.83,4678.0,6,0.0
2020-05-12 15:00:00,214.85,214.96,213.85,214.59,3667.0,6,0.0
2020-05-12 16:00:00,214.6,215.19,214.32,215.16,2898.0,6,0.0
2020-05-12 17:00:00,215.15,215.23,213.49,214.38,3873.0,6,0.0
2020-05-12 18:00:00,214.39,214.39,213.55,214.15,3805.0,6,0.0
2020-05-12 19:00:00,214.15,214.28,211.35,211.37,4136.0,6,0.0
2020-05-13 13:00:00,209.2,210.03,208.37,208.91,3163.0,8,0.0
2020-05-13 14:00:00,208.89,210.74,208.21,208.35,6929.0,6,0.0
2020-05-13 15:00:00,208.36,209.19,205.1,205.51,10981.0,6,0.0
2020-05-13 16:00:00,205.5,206.0,202.07,204.78,8922.0,6,0.0
2020-05-13 17:00:00,204.77,204.88,202.9,203.69,8027.0,6,0.0
2020-05-13 18:00:00,203.7,204.58,202.9,202.9,6911.0,6,0.0
2020-05-13 19:00:00,202.89,204.8,202.79,204.8,7839.0,6,0.0
2020-05-14 13:00:00,202.8,202.83,200.65,201.35,3289.0,8,0.0
2020-05-14 14:00:00,201.37,203.28,200.67,202.65,6925.0,8,0.0
2020-05-14 15:00:00,202.69,204.22,202.47,202.6,6413.0,8,0.0
2020-05-14 16:00:00,202.62,205.06,202.43,204.85,5077.0,6,0.0
2020-05-14 17:00:00,204.87,205.51,203.78,204.44,4077.0,6,0.0
2020-05-14 18:00:00,204.44,204.93,203.23,204.06,3938.0,6,0.0
2020-05-14 19:00:00,204.09,205.1,203.87,204.54,4379.0,6,0.0
2020-05-15 13:00:00,205.18,205.77,204.65,205.6,3368.0,8,0.0
2020-05-15 14:00:00,205.62,206.73,204.95,205.23,7892.0,6,0.0
2020-05-15 15:00:00,205.22,206.05,204.74,206.04,7428.0,6,0.0
2020-05-15 16:00:00,206.04,208.6,205.91,208.48,4860.0,6,0.0
2020-05-15 17:00:00,208.48,209.68,208.19,209.15,5762.0,6,0.0
2020-05-15 18:00:00,209.13,210.02,208.6,209.18,5832.0,6,0.0
2020-05-15 19:00:00,209.2,211.28,209.0,210.21,5553.0,6,0.0
2020-05-18 13:00:00,213.74,214.54,211.8,212.09,3094.0,8,0.0
2020-05-18 14:00:00,212.11,213.95,211.34,213.1,5870.0,6,0.0
2020-05-18 15:00:00,213.09,213.5,212.47,213.03,4272.0,6,0.0
2020-05-18 16:00:00,213.03,213.48,212.41,212.96,3646.0,6,0.0
2020-05-18 17:00:00,212.98,213.93,212.71,213.84,3146.0,6,0.0
2020-05-18 18:00:00,213.86,214.37,213.49,213.71,3136.0,6,0.0
2020-05-18 19:00:00,213.69,214.16,213.03,213.86,2914.0,6,0.0
2020-05-19 13:00:00,214.6,214.99,213.63,214.53,2351.0,6,0.0
2020-05-19 14:00:00,214.51,215.95,214.37,215.81,5774.0,6,0.0
2020-05-19 15:00:00,215.8,216.37,215.11,215.59,4847.0,6,0.0
2020-05-19 16:00:00,215.6,217.08,215.4,217.01,3841.0,6,0.0
2020-05-19 17:00:00,217.01,220.21,216.41,218.9,5939.0,8,0.0
2020-05-19 18:00:00,218.89,220.44,217.89,218.07,5053.0,6,0.0
2020-05-19 19:00:00,218.08,219.92,217.85,218.68,6564.0,6,0.0
2020-05-20 13:00:00,225.6,227.1,225.09,227.05,3110.0,8,0.0
2020-05-20 14:00:00,227.03,228.15,226.53,227.7,6266.0,8,0.0
2020-05-20 15:00:00,227.72,230.7,227.67,230.16,4836.0,6,0.0
2020-05-20 16:00:00,230.18,230.35,228.33,229.9,4953.0,8,0.0
2020-05-20 17:00:00,229.9,230.08,228.54,229.21,4711.0,8,0.0
2020-05-20 18:00:00,229.2,230.27,228.33,229.97,4764.0,6,0.0
2020-05-20 19:00:00,229.96,231.29,229.66,231.02,3936.0,8,0.0
2020-05-21 13:00:00,234.77,237.14,234.02,234.98,3677.0,8,0.0
2020-05-21 14:00:00,234.95,236.17,233.05,234.95,7205.0,8,0.0
2020-05-21 15:00:00,234.92,234.92,232.12,233.17,5889.0,8,0.0
2020-05-21 16:00:00,233.18,235.26,233.18,233.46,5021.0,8,0.0
2020-05-21 17:00:00,233.47,234.17,231.36,231.75,4856.0,8,0.0
2020-05-21 18:00:00,231.74,233.08,231.37,231.6,4816.0,6,0.0
2020-05-21 19:00:00,231.58,233.23,231.58,232.81,3702.0,8,0.0
2020-05-22 13:00:00,229.38,231.77,228.88,231.77,2413.0,8,0.0
2020-05-22 14:00:00,231.79,231.99,228.7,229.37,6213.0,8,0.0
2020-05-22 15:00:00,229.35,231.73,229.05,231.56,4832.0,7,0.0
2020-05-22 16:00:00,231.57,233.49,230.89,232.69,3958.0,8,0.0
2020-05-22 17:00:00,232.7,234.76,232.67,234.28,3644.0,8,0.0
2020-05-22 18:00:00,234.3,235.94,234.12,234.93,3662.0,8,0.0
2020-05-22 19:00:00,234.91,235.5,233.56,233.87,3572.0,8,0.0
2020-05-26 13:00:00,239.75,240.81,238.15,238.85,2334.0,8,0.0
2020-05-26 14:00:00,238.85,240.28,236.71,237.08,5401.0,8,0.0
2020-05-26 15:00:00,237.09,237.41,234.02,235.27,5093.0,8,0.0
2020-05-26 16:00:00,235.28,237.35,235.1,236.52,3490.0,8,0.0
2020-05-26 17:00:00,236.54,236.84,235.38,235.51,2689.0,8,0.0
2020-05-26 18:00:00,235.51,235.86,234.24,234.65,3316.0,8,0.0
2020-05-26 19:00:00,234.66,234.69,231.9,232.07,3597.0,8,0.0
2020-05-27 13:00:00,227.61,228.75,225.11,226.34,1958.0,8,0.0
2020-05-27 14:00:00,226.37,227.39,221.1,222.42,5417.0,8,0.0
2020-05-27 15:00:00,222.44,225.04,221.56,224.88,3678.0,8,0.0
2020-05-27 16:00:00,224.86,227.69,224.45,227.09,2927.0,8,0.0
2020-05-27 17:00:00,227.06,227.54,226.36,227.19,2244.0,8,0.0
2020-05-27 18:00:00,227.21,228.99,227.21,228.99,2216.0,8,0.0
2020-05-27 19:00:00,229.01,229.42,227.65,228.71,2006.0,6,0.0
2020-05-28 13:00:00,226.23,228.0,226.12,226.8,1638.0,8,0.0
2020-05-28 14:00:00,226.82,230.08,226.17,229.41,3163.0,8,0.0
2020-05-28 15:00:00,229.38,230.04,228.03,229.51,2534.0,8,0.0
2020-05-28 16:00:00,229.49,230.74,229.12,229.99,2061.0,8,0.0
2020-05-28 17:00:00,230.01,231.59,229.99,230.24,2163.0,6,0.0
2020-05-28 18:00:00,230.25,230.57,228.18,228.77,2514.0,8,0.0
2020-05-28 19:00:00,228.75,228.98,224.6,225.56,3085.0,8,0.0
2020-05-29 13:00:00,226.6,227.36,226.12,226.28,1067.0,8,0.0
2020-05-29 14:00:00,226.3,226.32,222.88,224.38,3933.0,8,0.0
2020-05-29 15:00:00,224.41,226.17,223.21,225.54,2831.0,8,0.0
2020-05-29 16:00:00,225.57,226.05,223.52,225.16,2150.0,8,0.0
2020-05-29 17:00:00,225.12,225.37,224.4,225.24,1866.0,8,0.0
2020-05-29 18:00:00,225.22,226.33,223.92,226.27,2806.0,8,0.0
2020-05-29 19:00:00,226.32,227.08,225.92,226.89,2102.0,8,0.0
2020-06-01 13:00:00,225.01,229.76,224.97,228.66,1158.0,8,0.0
2020-06-01 14:00:00,228.73,229.35,228.02,229.0,2644.0,8,0.0
2020-06-01 15:00:00,228.97,229.04,227.78,228.72,1836.0,8,0.0
2020-06-01 16:00:00,228.7,229.54,228.41,229.21,1327.0,8,0.0
2020-06-01 17:00:00,229.23,230.58,229.19,230.12,1414.0,6,0.0
2020-06-01 18:00:00,230.13,230.3,229.04,229.63,1438.0,6,0.0
2020-06-01 19:00:00,229.62,230.92,229.4,230.67,1355.0,6,0.0
2020-06-02 13:00:00,228.68,229.05,227.22,228.29,1054.0,8,0.0
2020-06-02 14:00:00,228.33,229.72,227.19,228.03,2581.0,8,0.0
2020-06-02 15:00:00,228.06,228.41,226.49,227.74,2352.0,8,0.0
2020-06-02 16:00:00,227.78,228.91,227.67,228.78,1255.0,8,0.0
2020-06-02 17:00:00,228.77,229.51,228.66,229.07,1312.0,8,0.0
2020-06-02 18:00:00,229.09,230.97,228.94,230.75,1691.0,8,0.0
2020-06-02 19:00:00,230.77,231.31,230.03,230.93,1805.0,8,0.0
2020-06-03 13:00:00,230.36,231.0,229.11,230.88,1037.0,8,0.0
2020-06-03 14:00:00,230.92,231.58,229.82,231.0,2319.0,8,0.0
2020-06-03 15:00:00,230.97,231.31,229.58,229.77,1886.0,6,0.0
2020-06-03 16:00:00,229.75,230.08,228.5,229.55,1715.0,6,0.0
2020-06-03 17:00:00,229.54,230.36,229.32,229.56,1209.0,6,0.0
2020-06-03 18:00:00,229.54,230.43,229.49,230.13,1243.0,6,0.0
2020-06-03 19:00:00,230.12,230.89,229.97,230.89,1164.0,8,0.0
2020-06-04 13:00:00,229.73,231.58,229.68,230.9,1210.0,8,0.0
2020-06-04 14:00:00,230.92,231.14,229.49,229.76,2302.0,8,0.0
2020-06-04 15:00:00,229.75,229.9,226.44,227.38,2704.0,8,0.0
2020-06-04 16:00:00,227.4,227.66,226.08,226.76,1782.0,7,0.0
2020-06-04 17:00:00,226.78,227.74,226.75,227.55,1568.0,6,0.0
2020-06-04 18:00:00,227.53,227.87,226.02,226.05,1706.0,6,0.0
2020-06-04 19:00:00,226.03,226.24,224.65,225.56,2093.0,6,0.0
2020-06-05 13:00:00,227.22,229.92,226.82,229.3,1334.0,8,0.0
2020-06-05 14:00:00,229.33,230.97,228.68,230.34,2992.0,8,0.0
2020-06-05 15:00:00,230.37,231.28,229.53,230.58,2094.0,8,0.0
2020-06-05 16:00:00,230.61,231.29,230.47,231.06,1454.0,8,0.0
2020-06-05 17:00:00,231.05,231.23,230.26,230.38,1435.0,8,0.0
2020-06-05 18:00:00,230.36,231.06,229.8,230.49,1614.0,8,0.0
2020-06-05 19:00:00,230.51,230.89,229.91,230.28,1454.0,8,0.0
2020-06-08 13:00:00,228.57,229.69,227.81,228.41,1056.0,8,0.0
2020-06-08 14:00:00,228.37,229.98,227.39,229.72,2644.0,8,0.0
2020-06-08 15:00:00,229.73,230.59,229.33,229.69,1776.0,8,0.0
2020-06-08 16:00:00,229.7,230.31,229.33,229.91,1313.0,8,0.0
2020-06-08 17:00:00,229.9,230.6,229.66,230.44,1299.0,6,0.0
2020-06-08 18:00:00,230.43,231.47,230.27,231.02,1407.0,8,0.0
2020-06-08 19:00:00,231.01,231.1,230.21,230.71,1055.0,6,0.0
2020-06-09 13:00:00,233.76,237.23,233.62,236.07,1293.0,8,0.0
2020-06-09 14:00:00,236.12,238.7,235.04,238.7,2898.0,8,0.0
2020-06-09 15:00:00,238.68,239.44,237.4,237.51,2555.0,8,0.0
2020-06-09 16:00:00,237.49,238.94,237.03,238.64,1645.0,8,0.0
2020-06-09 17:00:00,238.63,239.53,238.44,239.16,1599.0,8,0.0
2020-06-09 18:00:00,239.18,239.5,237.25,238.23,2229.0,8,0.0
2020-06-09 19:00:00,238.22,239.65,237.89,239.65,1356.0,8,0.0
2020-06-10 13:00:00,239.79,240.59,236.47,236.87,1335.0,8,0.0
2020-06-10 14:00:00,236.84,238.34,235.23,236.32,3046.0,8,0.0
2020-06-10 15:00:00,236.3,238.45,236.07,237.4,2287.0,8,0.0
2020-06-10 16:00:00,237.42,238.25,237.05,237.15,1828.0,8,0.0
2020-06-10 17:00:00,237.13,237.73,236.66,237.5,1434.0,8,0.0
2020-06-10 18:00:00,237.45,239.69,236.81,238.07,2924.0,8,0.0
2020-06-10 19:00:00,238.09,238.55,237.41,238.12,2023.0,8,0.0
2020-06-11 13:00:00,230.6,232.6,230.54,231.65,1336.0,8,0.0
2020-06-11 14:00:00,231.67,232.83,229.4,229.46,3957.0,8,0.0
2020-06-11 15:00:00,229.43,229.67,227.29,229.09,3418.0,8,0.0
2020-06-11 16:00:00,229.07,229.09,224.7,224.78,3707.0,8,0.0
2020-06-11 17:00:00,224.76,227.39,224.61,226.57,3264.0,8,0.0
2020-06-11 18:00:00,226.54,226.67,223.7,224.22,3602.0,8,0.0
2020-06-11 19:00:00,224.2,225.44,223.52,225.11,3280.0,8,0.0
2020-06-12 13:00:00,230.44,231.57,230.15,230.44,1633.0,8,0.0
2020-06-12 14:00:00,230.45,231.32,226.93,226.99,3799.0,8,0.0
2020-06-12 15:00:00,226.97,229.23,225.04,228.89,3863.0,8,0.0
2020-06-12 16:00:00,228.92,229.36,226.96,228.36,3881.0,8,0.0
2020-06-12 17:00:00,228.37,228.5,224.57,224.67,4040.0,8,0.0
2020-06-12 18:00:00,224.7,227.02,224.49,226.54,3509.0,8,0.0
2020-06-12 19:00:00,226.51,227.24,225.46,226.75,3142.0,8,0.0
2020-06-15 13:00:00,227.12,229.02,225.96,228.9,1604.0,8,0.0
2020-06-15 14:00:00,228.88,230.24,227.58,227.95,4000.0,8,0.0
2020-06-15 15:00:00,227.99,229.09,227.74,228.63,3481.0,8,0.0
2020-06-15 16:00:00,228.59,229.56,228.13,229.56,1990.0,8,0.0
2020-06-15 17:00:00,229.54,230.85,229.18,230.85,1676.0,8,0.0
2020-06-15 18:00:00,230.86,232.82,230.84,232.6,3358.0,8,0.0
2020-06-15 19:00:00,232.58,232.97,231.26,232.15,2013.0,8,0.0
2020-06-16 13:00:00,236.46,238.4,236.16,237.4,1697.0,8,0.0
2020-06-16 14:00:00,237.43,238.04,233.47,233.55,3523.0,8,0.0
2020-06-16 15:00:00,233.5,236.94,232.92,236.43,3986.0,8,0.0
2020-06-16 16:00:00,236.45,236.68,235.17,236.14,2468.0,8,0.0
2020-06-16 17:00:00,236.1,236.66,234.92,235.38,1987.0,8,0.0
2020-06-16 18:00:00,235.36,236.23,234.94,235.19,2642.0,8,0.0
2020-06-16 19:00:00,235.2,235.77,233.89,234.74,2140.0,8,0.0
2020-06-17 13:00:00,234.16,235.55,233.42,233.97,1132.0,8,0.0
2020-06-17 14:00:00,233.94,234.28,231.7,233.07,3577.0,7,0.0
2020-06-17 15:00:00,233.09,234.51,232.65,234.39,2746.0,6,0.0
2020-06-17 16:00:00,234.4,237.52,234.31,236.91,2619.0,6,0.0
2020-06-17 17:00:00,236.92,237.43,235.98,235.98,1429.0,8,0.0
2020-06-17 18:00:00,235.95,237.45,235.88,236.29,1609.0,6,0.0
2020-06-17 19:00:00,236.28,236.42,234.8,234.86,2011.0,7,0.0
2020-06-18 13:00:00,234.29,235.0,233.73,233.78,1129.0,8,0.0
2020-06-18 14:00:00,233.82,234.2,232.12,234.07,3385.0,8,0.0
2020-06-18 15:00:00,234.05,234.84,233.64,234.07,2351.0,6,0.0
2020-06-18 16:00:00,234.06,234.9,233.88,234.84,1979.0,6,0.0
2020-06-18 17:00:00,234.81,235.87,234.51,235.87,1565.0,6,0.0
2020-06-18 18:00:00,235.89,236.06,234.13,234.51,2348.0,6,0.0
2020-06-18 19:00:00,234.53,235.3,233.92,234.91,1746.0,6,0.0
2020-06-19 13:00:00,237.33,238.03,236.88,237.32,857.0,8,0.0
2020-06-19 14:00:00,237.34,240.77,237.16,239.66,2894.0,8,0.0
2020-06-19 15:00:00,239.68,239.99,238.51,238.86,1832.0,8,0.0
2020-06-19 16:00:00,238.9,239.37,236.59,238.41,3124.0,8,0.0
2020-06-19 17:00:00,238.42,238.48,236.19,236.23,2171.0,8,0.0
2020-06-19 18:00:00,236.25,237.25,235.51,237.08,2558.0,8,0.0
2020-06-19 19:00:00,237.07,237.95,236.62,237.91,1788.0,6,0.0
2020-06-22 13:00:00,237.22,238.14,236.89,238.14,1204.0,8,0.0
2020-06-22 14:00:00,238.16,239.53,238.11,238.39,2702.0,8,0.0
2020-06-22 15:00:00,238.41,240.65,238.13,239.64,2182.0,8,0.0
2020-06-22 16:00:00,239.65,239.96,238.8,239.07,2017.0,6,0.0
2020-06-22 17:00:00,239.09,239.46,237.93,238.6,2007.0,7,0.0
2020-06-22 18:00:00,238.63,239.67,237.95,239.12,2504.0,6,0.0
2020-06-22 19:00:00,239.1,239.31,238.04,238.84,1733.0,6,0.0
2020-06-23 13:00:00,242.33,242.95,241.83,241.97,1457.0,8,0.0
2020-06-23 14:00:00,241.99,242.86,241.12,242.03,3676.0,6,0.0
2020-06-23 15:00:00,242.02,244.49,241.54,244.48,2282.0,6,0.0
2020-06-23 16:00:00,244.5,244.6,243.38,244.21,1831.0,8,0.0
2020-06-23 17:00:00,244.23,244.44,243.95,244.21,1414.0,8,0.0
2020-06-23 18:00:00,244.19,245.13,243.63,243.88,1861.0,8,0.0
2020-06-23 19:00:00,243.9,243.93,242.1,242.91,2092.0,8,0.0
2020-06-24 13:00:00,242.5,243.17,234.56,235.29,1893.0,8,0.0
2020-06-24 14:00:00,235.33,237.92,234.7,236.09,4275.0,8,0.0
2020-06-24 15:00:00,236.07,236.5,232.63,233.96,4149.0,8,0.0
2020-06-24 16:00:00,233.91,235.8,233.04,235.71,2697.0,8,0.0
2020-06-24 17:00:00,235.69,236.06,233.85,234.21,3409.0,6,0.0
2020-06-24 18:00:00,234.18,234.58,232.97,233.03,3779.0,6,0.0
2020-06-24 19:00:00,233.05,234.66,233.05,234.55,2843.0,6,0.0
2020-06-25 13:00:00,233.36,235.0,232.71,234.93,1422.0,8,0.0
2020-06-25 14:00:00,234.9,236.76,233.86,236.15,4695.0,6,0.0
2020-06-25 15:00:00,236.12,236.27,234.52,236.27,4529.0,6,0.0
2020-06-25 16:00:00,236.25,237.23,235.92,235.98,2700.0,6,0.0
2020-06-25 17:00:00,235.97,236.48,235.46,236.27,1903.0,6,0.0
2020-06-25 18:00:00,236.28,236.48,234.34,234.7,2318.0,8,0.0
2020-06-25 19:00:00,234.68,236.39,234.52,235.91,1978.0,6,0.0
2020-06-26 13:00:00,227.86,227.95,225.8,226.76,2431.0,8,0.0
2020-06-26 14:00:00,226.74,227.01,218.47,220.41,9881.0,6,0.0
2020-06-26 15:00:00,220.44,225.11,220.13,224.66,5570.0,8,0.0
2020-06-26 16:00:00,224.68,224.69,215.36,217.45,6574.0,8,0.0
2020-06-26 17:00:00,217.44,219.85,216.6,218.62,4313.0,8,0.0
2020-06-26 18:00:00,218.6,220.54,217.66,218.21,4141.0,8,0.0
2020-06-26 19:00:00,218.19,218.53,216.33,217.48,3258.0,6,0.0
2020-06-29 13:00:00,210.71,213.6,208.54,213.57,2104.0,8,0.0
2020-06-29 14:00:00,213.56,217.01,212.93,215.05,5348.0,8,0.0
2020-06-29 15:00:00,215.07,217.05,212.81,216.68,4155.0,8,0.0
2020-06-29 16:00:00,216.71,219.87,216.68,219.7,3243.0,8,0.0
2020-06-29 17:00:00,219.73,220.62,218.9,219.59,3180.0,8,0.0
2020-06-29 18:00:00,219.63,220.33,217.87,218.03,3439.0,6,0.0
2020-06-29 19:00:00,218.05,219.32,217.37,219.07,2744.0,6,0.0
2020-06-30 13:00:00,221.53,221.77,219.29,220.03,1711.0,8,0.0
2020-06-30 14:00:00,219.94,220.16,218.43,219.06,3601.0,6,0.0
2020-06-30 15:00:00,219.08,223.52,219.03,222.66,3480.0,6,0.0
2020-06-30 16:00:00,222.67,224.85,222.44,223.4,3002.0,6,0.0
2020-06-30 17:00:00,223.42,224.6,223.06,224.34,2165.0,6,0.0
2020-06-30 18:00:00,224.36,225.84,223.97,225.82,2236.0,6,0.0
2020-06-30 19:00:00,225.8,226.62,225.13,226.15,2022.0,6,0.0
2020-07-01 13:00:00,227.66,230.85,227.65,229.74,1831.0,8,0.0
2020-07-01 14:00:00,229.83,232.33,229.29,231.4,4910.0,8,0.0
2020-07-01 15:00:00,231.42,234.94,231.25,234.45,3944.0,8,0.0
2020-07-01 16:00:00,234.47,236.77,233.91,235.91,3806.0,8,0.0
2020-07-01 17:00:00,235.89,236.78,233.91,236.78,2740.0,8,0.0
2020-07-01 18:00:00,236.76,237.39,235.65,237.13,2806.0,8,0.0
2020-07-01 19:00:00,237.11,238.94,237.06,238.29,2770.0,8,0.0
2020-07-02 13:00:00,237.73,238.69,235.98,236.35,1869.0,8,0.0
2020-07-02 14:00:00,236.34,236.72,234.53,235.33,4567.0,8,0.0
2020-07-02 15:00:00,235.3,235.56,233.64,234.55,3331.0,6,0.0
2020-07-02 16:00:00,234.57,236.42,233.72,235.62,2613.0,6,0.0
2020-07-02 17:00:00,235.64,235.93,234.28,234.59,1998.0,8,0.0
2020-07-02 18:00:00,234.57,235.21,234.35,234.64,1664.0,6,0.0
2020-07-02 19:00:00,234.67,234.69,233.18,233.23,1543.0,6,0.0
2020-07-06 13:00:00,233.3,235.0,232.22,234.59,1635.0,8,0.0
2020-07-06 14:00:00,234.62,239.09,234.62,238.67,4106.0,8,0.0
2020-07-06 15:00:00,238.7,239.99,238.53,239.15,2764.0,8,0.0
2020-07-06 16:00:00,239.12,240.31,237.99,239.84,2331.0,8,0.0
2020-07-06 17:00:00,239.86,240.05,238.42,238.89,2312.0,8,0.0
2020-07-06 18:00:00,238.87,239.26,237.52,238.71,2633.0,8,0.0
2020-07-06 19:00:00,238.72,239.6,238.17,239.38,1822.0,8,0.0
2020-07-07 13:00:00,239.81,245.39,239.81,243.35,2063.0,8,0.0
2020-07-07 14:00:00,243.31,245.31,242.37,244.58,3240.0,8,0.0
2020-07-07 15:00:00,244.56,247.6,244.28,246.4,2500.0,8,0.0
2020-07-07 16:00:00,246.42,247.11,244.8,245.81,2018.0,8,0.0
2020-07-07 17:00:00,245.79,245.85,243.68,244.08,2490.0,8,0.0
2020-07-07 18:00:00,244.11,244.19,242.13,243.39,2870.0,8,0.0
2020-07-07 19:00:00,243.38,243.45,242.12,242.64,2387.0,8,0.0
2020-07-08 13:00:00,242.61,242.75,239.92,241.43,1158.0,8,0.0
2020-07-08 14:00:00,241.4,242.03,240.11,240.83,3547.0,8,0.0
2020-07-08 15:00:00,240.86,240.91,236.56,239.03,3954.0,8,0.0
2020-07-08 16:00:00,239.04,243.64,238.66,243.38,3371.0,8,0.0
2020-07-08 17:00:00,243.35,244.47,242.38,242.84,3158.0,8,0.0
2020-07-08 18:00:00,242.82,244.19,242.48,243.91,3021.0,8,0.0
2020-07-08 19:00:00,243.93,245.12,243.25,243.32,2463.0,8,0.0
2020-07-09 13:00:00,244.14,245.72,243.57,244.62,1540.0,8,0.0
2020-07-09 14:00:00,244.6,245.56,240.21,240.21,5163.0,8,0.0
2020-07-09 15:00:00,240.19,242.1,239.21,242.06,4150.0,8,0.0
2020-07-09 16:00:00,242.03,242.74,241.23,242.31,2430.0,8,0.0
2020-07-09 17:00:00,242.29,243.32,241.49,241.73,2023.0,8,0.0
2020-07-09 18:00:00,241.71,244.31,241.4,244.22,2546.0,6,0.0
2020-07-09 19:00:00,244.19,244.98,242.71,243.86,2913.0,8,0.0
2020-07-10 13:00:00,241.81,242.24,240.0,240.79,2260.0,8,0.0
2020-07-10 14:00:00,240.76,241.59,239.28,240.92,3935.0,8,0.0
2020-07-10 15:00:00,240.9,242.68,240.8,241.88,2822.0,8,0.0
2020-07-10 16:00:00,241.86,242.18,241.38,241.44,1919.0,8,0.0
2020-07-10 17:00:00,241.45,242.93,241.2,242.28,1961.0,8,0.0
2020-07-10 18:00:00,242.3,244.98,242.28,244.86,2095.0,8,0.0
2020-07-10 19:00:00,244.84,245.44,243.86,244.51,2242.0,8,0.0
2020-07-13 13:00:00,248.52,249.67,248.0,248.1,1725.0,8,0.0
2020-07-13 14:00:00,248.12,248.82,245.73,248.12,3462.0,8,0.0
2020-07-13 15:00:00,248.08,250.11,247.77,249.3,2706.0,8,0.0
2020-07-13 16:00:00,249.31,249.84,247.24,247.27,2332.0,8,0.0
2020-07-13 17:00:00,247.3,248.1,246.34,246.55,2260.0,8,0.0
2020-07-13 18:00:00,246.53,246.85,242.54,244.49,4778.0,8,0.0
2020-07-13 19:00:00,244.5,244.52,238.36,240.91,4757.0,8,0.0
2020-07-14 13:00:00,238.61,239.75,233.8,236.05,2430.0,8,0.0
2020-07-14 14:00:00,236.03,237.71,231.97,235.64,6990.0,8,0.0
2020-07-14 15:00:00,235.61,238.21,235.06,237.2,4890.0,8,0.0
2020-07-14 16:00:00,237.18,238.11,235.58,235.75,3000.0,8,0.0
2020-07-14 17:00:00,235.74,238.13,234.66,237.77,2981.0,8,0.0
2020-07-14 18:00:00,237.75,238.63,237.13,237.91,3364.0,8,0.0
2020-07-14 19:00:00,237.93,238.67,236.0,238.6,2660.0,8,0.0
2020-07-15 13:00:00,242.06,244.77,241.61,242.87,1977.0,8,0.0
2020-07-15 14:00:00,242.9,244.27,242.08,242.12,4301.0,8,0.0
2020-07-15 15:00:00,242.14,242.25,238.26,238.31,4610.0,8,0.0
2020-07-15 16:00:00,238.29,240.09,238.02,239.96,3449.0,8,0.0
2020-07-15 17:00:00,239.97,240.52,239.28,239.7,2265.0,8,0.0
2020-07-15 18:00:00,239.69,241.46,239.38,239.8,2618.0,8,0.0
2020-07-15 19:00:00,239.78,240.45,238.93,240.05,2152.0,8,0.0
2020-07-16 13:00:00,238.34,238.58,237.13,237.19,1614.0,8,0.0
2020-07-16 14:00:00,237.24,238.54,236.48,236.96,3897.0,8,0.0
2020-07-16 15:00:00,236.94,238.89,236.32,238.87,3541.0,8,0.0
2020-07-16 16:00:00,238.86,239.48,237.84,238.63,2541.0,8,0.0
2020-07-16 17:00:00,238.65,240.66,238.53,240.16,2607.0,8,0.0
2020-07-16 18:00:00,240.18,241.71,239.7,239.84,2729.0,8,0.0
2020-07-16 19:00:00,239.86,241.62,239.74,240.67,2463.0,8,0.0
2020-07-17 13:00:00,239.63,240.07,238.29,239.52,1264.0,8,0.0
2020-07-17 14:00:00,239.5,239.87,237.8,239.58,2783.0,8,0.0
2020-07-17 15:00:00,239.56,240.56,239.1,240.04,1830.0,8,0.0
2020-07-17 16:00:00,240.07,240.68,239.86,240.18,1334.0,8,0.0
2020-07-17 17:00:00,240.2,241.78,240.03,241.71,1960.0,8,0.0
2020-07-17 18:00:00,241.72,244.1,241.68,243.7,2155.0,8,0.0
2020-07-17 19:00:00,243.73,243.74,242.23,242.32,1980.0,8,0.0
2020-07-20 13:00:00,237.52,239.75,236.29,239.56,1300.0,8,0.0
2020-07-20 14:00:00,239.58,243.66,239.28,242.96,3744.0,8,0.0
2020-07-20 15:00:00,242.97,243.44,242.07,243.08,2344.0,8,0.0
2020-07-20 16:00:00,243.1,243.86,242.11,242.85,1758.0,8,0.0
2020-07-20 17:00:00,242.87,243.33,242.47,242.99,1589.0,6,0.0
2020-07-20 18:00:00,242.97,244.01,242.56,243.71,1559.0,8,0.0
2020-07-20 19:00:00,243.73,245.32,243.61,245.14,1407.0,8,0.0
2020-07-21 13:00:00,243.54,245.11,242.8,244.54,1202.0,8,0.0
2020-07-21 14:00:00,244.57,244.57,242.14,243.01,3055.0,8,0.0
2020-07-21 15:00:00,243.04,243.82,241.91,242.39,2732.0,8,0.0
2020-07-21 16:00:00,242.43,242.69,241.76,242.06,1990.0,8,0.0
2020-07-21 17:00:00,242.07,243.47,241.16,243.15,1776.0,8,0.0
2020-07-21 18:00:00,243.14,243.94,242.36,243.16,1532.0,8,0.0
2020-07-21 19:00:00,243.18,243.32,240.83,241.09,2809.0,8,0.0
2020-07-22 13:00:00,240.19,241.38,238.89,240.7,1155.0,8,0.0
2020-07-22 14:00:00,240.66,241.84,238.51,238.88,3230.0,8,0.0
2020-07-22 15:00:00,238.86,239.9,238.56,239.55,2378.0,8,0.0
2020-07-22 16:00:00,239.57,240.17,238.85,239.35,1641.0,8,0.0
2020-07-22 17:00:00,239.33,239.52,238.13,238.22,1828.0,8,0.0
2020-07-22 18:00:00,238.21,238.86,238.09,238.38,2055.0,8,0.0
2020-07-22 19:00:00,238.42,239.96,238.35,239.81,1765.0,8,0.0
2020-07-23 13:00:00,240.54,242.31,240.28,241.41,1325.0,8,0.0
2020-07-23 14:00:00,241.4,241.62,239.18,239.96,3127.0,8,0.0
2020-07-23 15:00:00,239.98,240.5,239.25,239.6,2061.0,8,0.0
2020-07-23 16:00:00,239.63,239.67,235.54,236.32,3097.0,8,0.0
2020-07-23 17:00:00,236.31,236.73,232.28,233.42,3296.0,8,0.0
2020-07-23 18:00:00,233.43,233.65,231.83,233.09,4248.0,8,0.0
2020-07-23 19:00:00,233.11,233.6,231.81,232.71,2900.0,8,0.0
2020-07-24 13:00:00,228.18,229.12,227.11,228.31,1593.0,8,0.0
2020-07-24 14:00:00,228.28,231.21,228.22,231.21,4023.0,8,0.0
2020-07-24 15:00:00,231.23,233.42,231.01,232.7,3398.0,8,0.0
2020-07-24 16:00:00,232.71,232.71,229.07,229.45,2873.0,8,0.0
2020-07-24 17:00:00,229.43,231.31,228.75,230.96,2302.0,8,0.0
2020-07-24 18:00:00,230.98,231.82,230.48,230.99,2086.0,8,0.0
2020-07-24 19:00:00,230.97,231.43,229.64,230.2,2060.0,8,0.0
2020-07-27 13:00:00,233.71,234.87,233.54,234.09,1436.0,8,0.0
2020-07-27 14:00:00,234.11,234.53,232.39,233.05,2541.0,8,0.0
2020-07-27 15:00:00,233.04,233.27,231.19,232.2,1965.0,8,0.0
2020-07-27 16:00:00,232.18,232.69,231.71,232.17,1214.0,8,0.0
2020-07-27 17:00:00,232.18,233.4,232.18,233.13,1109.0,8,0.0
2020-07-27 18:00:00,233.15,234.4,233.14,233.77,1555.0,8,0.0
2020-07-27 19:00:00,233.79,234.58,233.69,233.99,1162.0,8,0.0
2020-07-28 13:00:00,232.71,233.28,231.21,232.66,936.0,8,0.0
2020-07-28 14:00:00,232.64,234.67,232.22,234.57,2458.0,8,0.0
2020-07-28 15:00:00,234.55,234.9,233.39,233.52,1975.0,8,0.0
2020-07-28 16:00:00,233.49,234.27,233.1,233.89,1497.0,8,0.0
2020-07-28 17:00:00,233.91,234.41,233.54,234.19,1062.0,8,0.0
2020-07-28 18:00:00,234.21,234.21,232.79,232.91,1234.0,8,0.0
2020-07-28 19:00:00,232.93,232.95,230.88,230.91,1535.0,8,0.0
2020-07-29 13:00:00,231.88,232.61,231.27,231.86,887.0,8,0.0
2020-07-29 14:00:00,231.87,233.64,231.67,232.84,2012.0,8,0.0
2020-07-29 15:00:00,232.83,232.83,231.17,231.76,1295.0,8,0.0
2020-07-29 16:00:00,231.74,231.74,230.27,231.61,1501.0,8,0.0
2020-07-29 17:00:00,231.63,232.23,231.1,231.73,1269.0,8,0.0
2020-07-29 18:00:00,231.72,233.35,231.12,232.44,1969.0,7,0.0
2020-07-29 19:00:00,232.46,233.31,231.51,233.0,1884.0,8,0.0
2020-07-30 13:00:00,231.34,231.55,229.56,230.59,1055.0,8,0.0
2020-07-30 14:00:00,230.63,231.72,229.15,231.12,3219.0,8,0.0
2020-07-30 15:00:00,231.08,233.24,230.87,232.95,2689.0,8,0.0
2020-07-30 16:00:00,232.92,233.89,232.8,233.42,2349.0,8,0.0
2020-07-30 17:00:00,233.4,234.41,233.23,234.19,1565.0,8,0.0
2020-07-30 18:00:00,234.17,234.37,233.63,234.03,1530.0,8,0.0
2020-07-30 19:00:00,234.05,234.83,233.54,234.07,1592.0,8,0.0
2020-07-31 13:00:00,251.02,254.36,250.48,252.97,2315.0,8,0.0
2020-07-31 14:00:00,253.0,253.33,249.61,252.87,4386.0,8,0.0
2020-07-31 15:00:00,252.84,254.45,251.51,254.03,3269.0,8,0.0
2020-07-31 16:00:00,254.0,254.84,251.42,251.8,2704.0,8,0.0
2020-07-31 17:00:00,251.77,253.26,250.96,252.05,2223.0,8,0.0
2020-07-31 18:00:00,252.0,253.8,251.32,253.47,2066.0,8,0.0
2020-07-31 19:00:00,253.5,253.5,251.86,252.15,2164.0,8,0.0
2020-08-03 13:00:00,251.7,253.27,251.11,252.68,1363.0,8,0.0
2020-08-03 14:00:00,252.7,253.28,250.26,251.55,2685.0,8,0.0
2020-08-03 15:00:00,251.57,254.68,251.42,254.09,1727.0,8,0.0
2020-08-03 16:00:00,254.07,254.94,253.9,254.64,1247.0,8,0.0
2020-08-03 17:00:00,254.67,254.67,251.87,252.1,1702.0,8,0.0
2020-08-03 18:00:00,252.14,253.45,251.84,253.23,1349.0,8,0.0
2020-08-03 19:00:00,253.25,253.36,251.65,252.96,1727.0,8,0.0
2020-08-04 13:00:00,251.09,251.49,250.72,250.9,857.0,8,0.0
2020-08-04 14:00:00,250.92,252.76,250.14,250.22,2371.0,8,0.0
2020-08-04 15:00:00,250.23,250.84,249.1,249.69,1890.0,8,0.0
2020-08-04 16:00:00,249.67,249.74,248.24,248.76,1509.0,8,0.0
2020-08-04 17:00:00,248.78,250.18,248.54,249.68,1070.0,8,0.0
2020-08-04 18:00:00,249.66,249.87,247.4,248.8,1663.0,8,0.0
2020-08-04 19:00:00,248.79,249.39,248.68,249.24,1139.0,8,0.0
2020-08-05 13:00:00,249.58,251.12,248.59,251.12,880.0,8,0.0
2020-08-05 14:00:00,251.16,252.18,250.35,250.63,2109.0,8,0.0
2020-08-05 15:00:00,250.61,251.59,250.27,250.8,1684.0,8,0.0
2020-08-05 16:00:00,250.79,250.98,249.61,250.39,1206.0,8,0.0
2020-08-05 17:00:00,250.41,250.91,250.11,250.77,1080.0,8,0.0
2020-08-05 18:00:00,250.75,250.93,249.49,249.59,1242.0,8,0.0
2020-08-05 19:00:00,249.6,249.93,247.85,247.92,1011.0,8,0.0
2020-08-06 13:00:00,249.56,250.95,249.03,250.86,769.0,16,0.0
2020-08-06 14:00:00,250.91,254.4,250.56,253.83,1992.0,8,0.0
2020-08-06 15:00:00,253.82,261.08,253.76,260.09,2991.0,8,0.0
2020-08-06 16:00:00,260.12,263.64,260.09,263.24,2815.0,16,0.0
2020-08-06 17:00:00,263.19,264.3,262.45,263.79,2082.0,8,0.0
2020-08-06 18:00:00,263.82,266.2,263.82,265.2,2248.0,8,0.0
2020-08-06 19:00:00,265.23,266.54,264.81,265.2,1790.0,8,0.0
2020-08-07 13:00:00,266.92,271.58,265.35,271.15,2040.0,16,0.0
2020-08-07 14:00:00,271.09,278.76,269.62,278.24,5042.0,16,0.0
2020-08-07 15:00:00,278.2,278.53,269.5,269.57,4084.0,16,0.0
2020-08-07 16:00:00,269.53,274.9,268.94,271.71,3294.0,16,0.0
2020-08-07 17:00:00,271.69,273.81,269.75,270.15,2875.0,16,0.0
2020-08-07 18:00:00,270.12,271.13,265.83,266.26,3341.0,16,0.0
2020-08-07 19:00:00,266.3,268.42,266.04,267.75,2103.0,9,0.0
2020-08-10 13:00:00,270.96,273.75,267.11,268.07,1801.0,16,0.0
2020-08-10 14:00:00,268.1,269.33,260.6,260.63,3836.0,16,0.0
2020-08-10 15:00:00,260.58,264.81,259.62,264.23,3166.0,16,0.0
2020-08-10 16:00:00,264.26,264.59,262.41,263.13,1814.0,16,0.0
2020-08-10 17:00:00,263.15,263.99,261.67,261.98,1609.0,16,0.0
2020-08-10 18:00:00,262.04,263.83,261.9,263.44,1422.0,8,0.0
2020-08-10 19:00:00,263.41,263.76,261.76,262.48,1383.0,16,0.0
2020-08-11 13:00:00,259.26,262.16,258.87,261.13,2122.0,16,0.0
2020-08-11 14:00:00,261.08,264.54,258.42,263.87,3862.0,16,0.0
2020-08-11 15:00:00,263.92,265.82,263.16,263.76,2326.0,16,0.0
2020-08-11 16:00:00,263.79,265.5,262.87,264.56,1737.0,8,0.0
2020-08-11 17:00:00,264.54,264.99,263.02,263.74,1451.0,16,0.0
2020-08-11 18:00:00,263.75,264.07,259.47,261.31,2071.0,8,0.0
2020-08-11 19:00:00,261.27,261.28,257.48,257.52,2076.0,16,0.0
2020-08-12 13:00:00,260.43,262.33,260.21,261.72,1398.0,16,0.0
2020-08-12 14:00:00,261.74,263.79,260.7,262.19,2690.0,8,0.0
2020-08-12 15:00:00,262.26,262.58,260.55,261.36,1751.0,16,0.0
2020-08-12 16:00:00,261.38,262.04,259.4,260.03,1423.0,8,0.0
2020-08-12 17:00:00,260.01,261.8,259.98,261.58,1336.0,16,0.0
2020-08-12 18:00:00,261.59,261.92,260.16,260.63,1209.0,16,0.0
2020-08-12 19:00:00,260.66,261.53,259.58,260.34,1263.0,8,0.0
2020-08-13 13:00:00,263.3,265.03,262.84,264.21,1518.0,16,0.0
2020-08-13 14:00:00,264.22,264.4,262.05,264.19,2141.0,8,0.0
2020-08-13 15:00:00,264.21,264.36,262.0,262.09,1532.0,8,0.0
2020-08-13 16:00:00,262.12,263.22,262.12,262.7,1111.0,8,0.0
2020-08-13 17:00:00,262.68,262.73,260.49,261.27,1315.0,8,0.0
2020-08-13 18:00:00,261.3,261.42,259.49,260.03,1880.0,8,0.0
2020-08-13 19:00:00,259.99,261.63,259.6,260.88,1408.0,8,0.0
2020-08-14 13:00:00,261.79,262.45,259.99,261.26,1120.0,8,0.0
2020-08-14 14:00:00,261.23,261.82,258.89,259.19,2465.0,8,0.0
2020-08-14 15:00:00,259.14,260.79,258.65,259.98,1703.0,8,0.0
2020-08-14 16:00:00,260.0,260.78,259.22,260.7,1288.0,8,0.0
2020-08-14 17:00:00,260.73,261.88,260.47,261.64,1359.0,8,0.0
2020-08-14 18:00:00,261.63,261.63,260.56,261.14,1309.0,8,0.0
2020-08-14 19:00:00,261.11,261.11,260.16,260.44,1092.0,8,0.0
2020-08-17 13:00:00,263.52,263.6,261.01,261.37,1111.0,8,0.0
2020-08-17 14:00:00,261.34,262.38,260.27,260.84,2190.0,8,0.0
2020-08-17 15:00:00,260.86,261.25,259.36,259.97,1786.0,8,0.0
2020-08-17 16:00:00,259.99,260.64,259.61,260.03,1392.0,8,0.0
2020-08-17 17:00:00,260.05,261.38,259.82,260.82,1425.0,8,0.0
2020-08-17 18:00:00,260.8,261.94,260.63,261.21,1325.0,8,0.0
2020-08-17 19:00:00,261.23,261.91,260.9,261.79,1034.0,8,0.0
2020-08-18 13:00:00,261.31,262.53,259.78,260.34,1143.0,16,0.0
2020-08-18 14:00:00,260.4,261.11,259.23,261.02,2311.0,8,0.0
2020-08-18 15:00:00,261.05,261.19,259.86,261.08,1608.0,8,0.0
2020-08-18 16:00:00,261.05,261.5,260.12,261.31,1203.0,8,0.0
2020-08-18 17:00:00,261.29,262.08,260.8,261.98,1121.0,8,0.0
2020-08-18 18:00:00,261.99,262.72,261.1,262.6,1253.0,8,0.0
2020-08-18 19:00:00,262.63,265.04,262.3,263.08,1727.0,8,0.0
2020-08-19 13:00:00,263.02,263.33,261.43,261.92,1322.0,16,0.0
2020-08-19 14:00:00,261.89,267.54,261.83,267.06,3328.0,16,0.0
2020-08-19 15:00:00,267.1,267.79,265.28,267.57,2329.0,8,0.0
2020-08-19 16:00:00,267.53,267.54,265.34,266.12,1612.0,8,0.0
2020-08-19 17:00:00,266.14,266.41,265.37,265.67,1286.0,8,0.0
2020-08-19 18:00:00,265.71,265.83,261.43,263.77,2707.0,8,0.0
2020-08-19 19:00:00,263.73,263.9,262.64,263.03,1538.0,8,0.0
2020-08-20 13:00:00,263.77,264.88,263.38,264.55,1186.0,8,0.0
2020-08-20 14:00:00,264.65,267.63,264.12,267.27,2449.0,16,0.0
2020-08-20 15:00:00,267.24,267.28,265.44,265.93,1946.0,16,0.0
2020-08-20 16:00:00,265.99,266.41,265.53,266.07,1176.0,8,0.0
2020-08-20 17:00:00,266.1,267.11,265.16,266.85,1184.0,8,0.0
2020-08-20 18:00:00,266.87,268.54,266.77,268.46,1219.0,8,0.0
2020-08-20 19:00:00,268.45,268.87,266.53,268.81,1659.0,8,0.0
2020-08-21 13:00:00,267.04,268.27,266.4,267.41,1821.0,16,0.0
2020-08-21 14:00:00,267.44,270.38,266.53,269.78,2998.0,8,0.0
2020-08-21 15:00:00,269.73,270.04,267.01,267.17,2033.0,8,0.0
2020-08-21 16:00:00,267.15,268.05,266.81,267.3,1368.0,8,0.0
2020-08-21 17:00:00,267.31,267.66,266.61,267.21,1307.0,8,0.0
2020-08-21 18:00:00,267.19,267.61,266.89,267.27,1294.0,8,0.0
2020-08-21 19:00:00,267.29,267.63,266.97,266.97,1117.0,8,0.0
2020-08-24 13:00:00,276.75,277.15,271.74,272.78,1891.0,16,0.0
2020-08-24 14:00:00,272.81,274.07,269.14,269.5,3509.0,16,0.0
2020-08-24 15:00:00,269.46,271.45,269.05,270.59,2253.0,16,0.0
2020-08-24 16:00:00,270.63,271.08,269.47,269.99,1505.0,8,0.0
2020-08-24 17:00:00,269.98,271.43,269.08,270.16,1639.0,8,0.0
2020-08-24 18:00:00,270.14,270.49,269.49,269.75,1251.0,8,0.0
2020-08-24 19:00:00,269.72,270.97,268.71,270.88,1301.0,8,0.0
2020-08-25 13:00:00,272.39,274.75,271.04,273.6,1954.0,16,0.0
2020-08-25 14:00:00,273.64,275.5,272.7,274.71,2983.0,8,0.0
2020-08-25 15:00:00,274.67,279.56,274.51,278.19,3105.0,16,0.0
2020-08-25 16:00:00,278.21,279.65,277.03,278.71,2097.0,16,0.0
2020-08-25 17:00:00,278.69,281.93,278.49,280.45,2045.0,16,0.0
2020-08-25 18:00:00,280.46,282.99,280.15,282.44,1895.0,8,0.0
2020-08-25 19:00:00,282.41,282.47,280.66,281.19,1588.0,16,0.0
2020-08-26 13:00:00,288.03,289.68,286.56,287.44,1562.0,16,0.0
2020-08-26 14:00:00,287.47,298.04,287.37,297.23,3737.0,16,0.0
2020-08-26 15:00:00,297.29,299.18,294.92,295.74,4435.0,8,0.0
2020-08-26 16:00:00,295.68,296.14,290.9,295.39,3959.0,16,0.0
2020-08-26 17:00:00,295.4,299.72,295.4,299.41,2475.0,16,0.0
2020-08-26 18:00:00,299.43,302.74,297.23,298.07,3710.0,16,0.0
2020-08-26 19:00:00,298.01,302.88,296.98,302.64,2855.0,16,0.0
2020-08-27 13:00:00,296.87,299.62,296.49,296.53,2297.0,16,0.0
2020-08-27 14:00:00,296.56,300.47,295.84,296.99,3938.0,16,0.0
2020-08-27 15:00:00,296.96,299.02,296.38,297.06,2299.0,16,0.0
2020-08-27 16:00:00,297.09,297.32,292.27,292.89,2820.0,16,0.0
2020-08-27 17:00:00,292.85,294.55,291.96,294.37,2535.0,16,0.0
2020-08-27 18:00:00,294.33,295.65,293.86,294.56,1792.0,16,0.0
2020-08-27 19:00:00,294.59,295.44,293.66,295.23,1401.0,16,0.0
2020-08-28 13:00:00,294.31,294.67,293.0,294.11,1496.0,16,0.0
2020-08-28 14:00:00,294.18,295.08,291.1,291.68,3144.0,16,0.0
2020-08-28 15:00:00,291.71,294.48,291.26,294.02,1866.0,16,0.0
2020-08-28 16:00:00,294.01,294.41,292.26,292.45,1374.0,16,0.0
2020-08-28 17:00:00,292.48,292.56,290.91,292.26,1509.0,16,0.0
2020-08-28 18:00:00,292.31,292.72,291.29,291.82,1341.0,16,0.0
2020-08-28 19:00:00,291.85,292.62,291.68,292.62,972.0,8,0.0
2020-08-31 13:00:00,293.4,294.88,292.81,292.9,1646.0,16,0.0
2020-08-31 14:00:00,292.86,295.63,292.61,293.23,2886.0,16,0.0
2020-08-31 15:00:00,293.24,294.43,291.55,292.54,2469.0,16,0.0
2020-08-31 16:00:00,292.56,295.42,292.25,295.28,1581.0,16,0.0
2020-08-31 17:00:00,295.24,295.24,293.49,294.54,1450.0,16,0.0
2020-08-31 18:00:00,294.55,295.24,293.97,294.66,1192.0,16,0.0
2020-08-31 19:00:00,294.64,295.64,294.15,295.47,1137.0,16,0.0
2020-09-01 13:00:00,294.28,296.42,293.69,296.24,1437.0,16,0.0
2020-09-01 14:00:00,296.28,301.37,295.7,296.55,4212.0,16,0.0
2020-09-01 15:00:00,296.63,298.05,295.79,296.32,2492.0,16,0.0
2020-09-01 16:00:00,296.27,297.68,295.41,297.41,1591.0,16,0.0
2020-09-01 17:00:00,297.38,298.13,296.52,296.62,1376.0,16,0.0
2020-09-01 18:00:00,296.65,297.08,295.81,297.03,1066.0,16,0.0
2020-09-01 19:00:00,297.01,297.27,295.45,295.83,796.0,16,0.0
2020-09-02 13:00:00,296.84,299.65,294.79,295.09,2225.0,16,0.0
2020-09-02 14:00:00,295.03,298.77,294.72,297.88,4182.0,16,0.0
2020-09-02 15:00:00,297.91,298.1,292.97,295.16,3941.0,16,0.0
2020-09-02 16:00:00,295.14,298.79,294.92,298.25,2195.0,16,0.0
2020-09-02 17:00:00,298.21,302.39,298.09,300.1,2365.0,16,0.0
2020-09-02 18:00:00,300.07,301.68,298.86,300.85,1890.0,16,0.0
2020-09-02 19:00:00,300.88,303.5,300.63,303.14,1661.0,16,0.0
2020-09-03 13:00:00,296.21,296.21,293.58,294.26,1955.0,16,0.0
2020-09-03 14:00:00,294.2,296.34,285.64,290.19,6403.0,16,0.0
2020-09-03 15:00:00,290.16,290.3,283.6,288.32,6286.0,16,0.0
2020-09-03 16:00:00,288.25,290.58,287.18,287.77,4414.0,16,0.0
2020-09-03 17:00:00,287.81,291.65,286.31,291.08,4358.0,16,0.0
2020-09-03 18:00:00,291.04,291.33,286.63,286.66,3248.0,16,0.0
2020-09-03 19:00:00,286.71,289.76,284.85,289.32,3578.0,16,0.0
2020-09-04 13:00:00,286.6,287.25,280.88,282.19,3634.0,16,0.0
2020-09-04 14:00:00,282.21,283.76,271.09,277.02,10538.0,16,0.0
2020-09-04 15:00:00,277.05,282.44,273.77,281.44,6458.0,16,0.0
2020-09-04 16:00:00,281.39,283.96,279.21,281.75,5703.0,16,0.0
2020-09-04 17:00:00,281.74,281.81,277.15,280.03,3944.0,16,0.0
2020-09-04 18:00:00,279.99,285.71,279.35,285.58,3870.0,16,0.0
2020-09-04 19:00:00,285.61,287.06,283.37,283.95,3110.0,16,0.0
2020-09-08 13:00:00,274.68,278.11,271.44,277.93,3127.0,16,0.0
2020-09-08 14:00:00,277.97,279.21,275.1,275.76,5781.0,16,0.0
2020-09-08 15:00:00,275.82,277.3,273.24,274.21,4535.0,16,0.0
2020-09-08 16:00:00,274.24,275.9,273.55,275.85,2931.0,16,0.0
2020-09-08 17:00:00,275.82,276.26,273.77,275.27,2383.0,16,0.0
2020-09-08 18:00:00,275.29,275.65,271.03,272.53,2863.0,16,0.0
2020-09-08 19:00:00,272.5,273.25,270.85,272.88,2502.0,16,0.0
2020-09-09 13:00:00,272.9,274.55,271.28,273.53,2023.0,16,0.0
2020-09-09 14:00:00,273.46,277.44,271.78,276.88,4269.0,16,0.0
2020-09-09 15:00:00,276.96,277.91,274.77,275.93,2695.0,16,0.0
2020-09-09 16:00:00,275.89,277.67,275.28,277.38,1789.0,16,0.0
2020-09-09 17:00:00,277.4,278.39,272.73,273.29,2956.0,16,0.0
2020-09-09 18:00:00,273.33,274.49,272.83,273.48,2086.0,16,0.0
2020-09-09 19:00:00,273.49,275.71,273.49,274.05,1673.0,9,0.0
2020-09-10 13:00:00,273.89,275.33,272.35,274.21,1788.0,16,0.0
2020-09-10 14:00:00,274.16,279.05,273.21,273.86,4823.0,16,0.0
2020-09-10 15:00:00,273.83,277.84,272.57,275.61,3859.0,16,0.0
2020-09-10 16:00:00,275.63,276.51,272.72,274.42,3145.0,16,0.0
2020-09-10 17:00:00,274.46,274.87,273.33,273.71,2295.0,16,0.0
2020-09-10 18:00:00,273.67,274.28,268.42,270.56,4376.0,16,0.0
2020-09-10 19:00:00,270.59,270.62,267.0,269.03,3105.0,16,0.0
2020-09-11 13:00:00,269.04,271.03,266.13,266.56,1903.0,16,0.0
2020-09-11 14:00:00,266.57,270.7,265.99,269.47,4219.0,16,0.0
2020-09-11 15:00:00,269.42,270.46,266.53,266.55,3075.0,16,0.0
2020-09-11 16:00:00,266.51,267.56,264.16,264.49,2792.0,16,0.0
2020-09-11 17:00:00,264.53,265.52,262.6,263.94,3554.0,8,0.0
2020-09-11 18:00:00,263.97,266.85,263.71,265.74,2637.0,16,0.0
2020-09-11 19:00:00,265.71,267.81,265.19,266.73,1922.0,8,0.0
2020-09-14 13:00:00,272.22,274.86,272.22,273.99,1763.0,16,0.0
2020-09-14 14:00:00,274.04,276.56,272.96,276.13,3151.0,16,0.0
2020-09-14 15:00:00,276.09,276.19,272.86,272.9,2178.0,16,0.0
2020-09-14 16:00:00,272.88,273.63,269.5,270.26,2216.0,16,0.0
2020-09-14 17:00:00,270.27,270.7,267.41,268.95,2406.0,16,0.0
2020-09-14 18:00:00,268.92,269.64,266.64,267.32,2441.0,16,0.0
2020-09-14 19:00:00,267.34,267.99,266.43,267.69,2092.0,8,0.0
2020-09-15 13:00:00,271.84,274.23,271.46,273.92,1529.0,16,0.0
2020-09-15 14:00:00,273.95,274.4,270.61,271.85,2863.0,16,0.0
2020-09-15 15:00:00,271.84,272.9,271.54,272.56,1924.0,16,0.0
2020-09-15 16:00:00,272.6,274.01,272.32,273.76,1516.0,16,0.0
2020-09-15 17:00:00,273.78,274.09,273.21,273.36,1485.0,8,0.0
2020-09-15 18:00:00,273.39,273.76,271.15,271.52,2145.0,8,0.0
2020-09-15 19:00:00,271.48,272.14,269.51,271.06,2275.0,16,0.0
2020-09-16 13:00:00,271.94,272.35,269.39,270.59,1367.0,16,0.0
2020-09-16 14:00:00,270.54,270.91,266.77,267.9,3035.0,16,0.0
2020-09-16 15:00:00,267.93,270.17,267.87,268.03,1989.0,16,0.0
2020-09-16 16:00:00,268.01,268.27,265.3,265.3,2032.0,8,0.0
2020-09-16 17:00:00,265.27,266.37,263.95,265.19,2425.0,9,0.0
2020-09-16 18:00:00,265.16,266.88,264.03,264.3,2938.0,8,0.0
2020-09-16 19:00:00,264.27,264.79,261.73,262.94,2468.0,8,0.0
2020-09-17 13:00:00,259.08,261.01,257.88,259.18,1742.0,16,0.0
2020-09-17 14:00:00,259.14,260.43,256.63,258.07,4010.0,8,0.0
2020-09-17 15:00:00,258.1,259.36,254.96,255.35,3098.0,8,0.0
2020-09-17 16:00:00,255.31,256.14,252.23,252.87,3299.0,8,0.0
2020-09-17 17:00:00,252.81,254.54,251.86,253.05,2748.0,8,0.0
2020-09-17 18:00:00,253.11,253.97,251.38,251.58,2741.0,8,0.0
2020-09-17 19:00:00,251.56,254.11,250.14,253.58,2554.0,8,0.0
2020-09-18 13:00:00,257.87,257.87,255.47,257.51,1537.0,8,0.0
2020-09-18 14:00:00,257.5,259.08,253.11,254.36,3614.0,16,0.0
2020-09-18 15:00:00,254.38,256.12,253.35,255.8,3167.0,8,0.0
2020-09-18 16:00:00,255.76,256.24,251.53,252.2,3028.0,8,0.0
2020-09-18 17:00:00,252.14,252.76,249.99,252.53,2996.0,8,0.0
2020-09-18 18:00:00,252.51,253.27,251.71,253.24,2673.0,8,0.0
2020-09-18 19:00:00,253.26,253.69,252.54,252.74,2155.0,8,0.0
2020-09-21 13:00:00,245.23,247.6,244.27,245.05,1872.0,16,0.0
2020-09-21 14:00:00,245.02,247.56,244.07,245.27,4246.0,16,0.0
2020-09-21 15:00:00,245.3,247.23,244.93,247.17,2947.0,16,0.0
2020-09-21 16:00:00,247.16,248.1,246.5,247.25,2426.0,8,0.0
2020-09-21 17:00:00,247.29,249.91,246.77,247.99,2453.0,8,0.0
2020-09-21 18:00:00,247.97,248.53,245.6,246.86,3006.0,8,0.0
2020-09-21 19:00:00,246.89,248.64,246.78,248.38,2624.0,8,0.0
2020-09-22 13:00:00,250.19,250.71,248.59,250.49,1518.0,16,0.0
2020-09-22 14:00:00,250.52,251.09,248.72,248.75,3359.0,8,0.0
2020-09-22 15:00:00,248.78,253.58,248.18,251.94,3114.0,8,0.0
2020-09-22 16:00:00,251.89,254.38,251.16,251.31,2485.0,8,0.0
2020-09-22 17:00:00,251.33,252.77,250.55,251.95,2430.0,8,0.0
2020-09-22 18:00:00,251.99,253.47,251.99,252.8,2904.0,8,0.0
2020-09-22 19:00:00,252.82,255.03,252.46,254.7,2399.0,8,0.0
2020-09-23 13:00:00,257.22,257.88,254.91,255.2,1639.0,16,0.0
2020-09-23 14:00:00,255.24,256.57,253.79,255.03,2910.0,16,0.0
2020-09-23 15:00:00,255.01,255.49,251.19,251.69,2409.0,8,0.0
2020-09-23 16:00:00,251.67,254.53,251.51,254.43,2142.0,8,0.0
2020-09-23 17:00:00,254.41,254.75,251.91,252.11,1926.0,8,0.0
2020-09-23 18:00:00,252.14,252.14,249.17,249.32,2652.0,8,0.0
2020-09-23 19:00:00,249.34,250.63,248.12,250.03,2271.0,8,0.0
2020-09-24 13:00:00,245.71,250.53,245.58,248.92,1694.0,16,0.0
2020-09-24 14:00:00,248.94,251.81,247.47,250.27,4024.0,8,0.0
2020-09-24 15:00:00,250.25,251.48,248.24,251.07,2919.0,8,0.0
2020-09-24 16:00:00,251.12,251.53,249.17,250.28,2665.0,8,0.0
2020-09-24 17:00:00,250.3,252.18,249.74,251.17,2806.0,8,0.0
2020-09-24 18:00:00,251.2,251.38,248.41,248.51,3458.0,8,0.0
2020-09-24 19:00:00,248.53,249.48,247.4,249.25,3117.0,8,0.0
2020-09-25 13:00:00,247.99,248.67,246.89,248.67,1256.0,16,0.0
2020-09-25 14:00:00,248.6,250.31,246.54,249.66,3117.0,9,0.0
2020-09-25 15:00:00,249.69,251.47,249.37,250.15,2568.0,8,0.0
2020-09-25 16:00:00,250.17,251.75,249.9,250.97,2047.0,8,0.0
2020-09-25 17:00:00,250.99,253.05,250.77,252.99,2045.0,8,0.0
2020-09-25 18:00:00,252.97,254.43,252.73,254.17,2419.0,8,0.0
2020-09-25 19:00:00,254.16,255.69,254.02,255.08,2426.0,8,0.0
2020-09-28 13:00:00,257.69,258.62,256.9,257.44,1246.0,8,0.0
2020-09-28 14:00:00,257.47,257.72,254.77,255.18,3101.0,8,0.0
2020-09-28 15:00:00,255.2,257.21,255.2,256.12,2185.0,8,0.0
2020-09-28 16:00:00,256.09,256.46,255.46,256.44,1893.0,8,0.0
2020-09-28 17:00:00,256.42,256.97,255.69,256.27,1883.0,8,0.0
2020-09-28 18:00:00,256.29,256.88,255.82,256.7,2101.0,8,0.0
2020-09-28 19:00:00,256.68,257.07,255.82,256.9,1701.0,8,0.0
2020-09-29 13:00:00,260.44,261.33,259.07,260.63,1357.0,16,0.0
2020-09-29 14:00:00,260.6,260.93,258.09,259.25,2598.0,8,0.0
2020-09-29 15:00:00,259.29,260.74,258.52,258.85,2314.0,8,0.0
2020-09-29 16:00:00,258.86,259.72,258.37,259.64,1890.0,8,0.0
2020-09-29 17:00:00,259.63,259.66,258.23,259.31,1759.0,8,0.0
2020-09-29 18:00:00,259.33,261.68,259.11,261.25,2572.0,8,0.0
2020-09-29 19:00:00,261.26,262.62,261.05,261.54,1533.0,8,0.0
2020-09-30 13:00:00,261.87,263.99,261.16,263.43,1135.0,8,0.0
2020-09-30 14:00:00,263.46,264.24,262.42,262.62,2770.0,8,0.0
2020-09-30 15:00:00,262.65,266.0,262.51,264.83,1999.0,8,0.0
2020-09-30 16:00:00,264.87,265.07,262.66,263.02,1676.0,8,0.0
2020-09-30 17:00:00,263.0,264.67,262.34,264.6,1676.0,8,0.0
2020-09-30 18:00:00,264.58,265.11,261.48,262.92,2665.0,8,0.0
2020-09-30 19:00:00,262.88,263.25,260.04,261.47,2473.0,8,0.0
2020-10-01 13:00:00,266.45,267.6,265.22,265.81,1614.0,16,0.0
2020-10-01 14:00:00,265.77,267.02,264.78,265.33,2814.0,16,0.0
2020-10-01 15:00:00,265.36,267.8,264.73,266.72,2393.0,8,0.0
2020-10-01 16:00:00,266.7,267.13,265.39,267.11,1709.0,8,0.0
2020-10-01 17:00:00,267.14,267.69,266.17,266.4,1770.0,8,0.0
2020-10-01 18:00:00,266.45,267.95,265.22,267.76,2136.0,8,0.0
2020-10-01 19:00:00,267.79,268.26,266.15,266.96,1356.0,8,0.0
2020-10-02 13:00:00,263.23,264.22,262.23,263.6,1370.0,16,0.0
2020-10-02 14:00:00,263.52,265.05,262.76,264.12,2636.0,8,0.0
2020-10-02 15:00:00,264.1,264.63,260.66,260.75,2289.0,8,0.0
2020-10-02 16:00:00,260.72,262.48,259.17,261.15,2827.0,9,0.0
2020-10-02 17:00:00,261.19,261.77,260.31,261.5,1994.0,8,0.0
2020-10-02 18:00:00,261.44,262.64,260.14,261.47,2027.0,8,0.0
2020-10-02 19:00:00,261.48,262.25,260.56,261.61,1633.0,8,0.0
2020-10-05 13:00:00,261.79,262.52,260.79,262.41,904.0,16,0.0
2020-10-05 14:00:00,262.46,264.13,262.17,263.05,1891.0,8,0.0
2020-10-05 15:00:00,263.07,264.12,262.81,263.31,1890.0,8,0.0
2020-10-05 16:00:00,263.33,264.1,263.03,264.03,1222.0,8,0.0
2020-10-05 17:00:00,264.05,264.16,262.34,262.53,1408.0,8,0.0
2020-10-05 18:00:00,262.52,263.53,261.93,263.5,1642.0,8,0.0
2020-10-05 19:00:00,263.52,264.27,263.25,263.7,1170.0,8,0.0
2020-10-06 13:00:00,262.57,262.9,261.42,262.36,884.0,8,0.0
2020-10-06 14:00:00,262.35,265.57,262.2,263.86,2200.0,16,0.0
2020-10-06 15:00:00,263.84,264.88,261.04,261.37,2001.0,8,0.0
2020-10-06 16:00:00,261.32,262.91,261.29,262.88,1544.0,8,0.0
2020-10-06 17:00:00,262.86,263.91,262.48,263.65,1717.0,8,0.0
2020-10-06 18:00:00,263.66,265.28,259.8,261.25,2434.0,8,0.0
2020-10-06 19:00:00,261.22,261.22,258.66,259.77,3638.0,8,0.0
2020-10-07 13:00:00,258.13,260.06,256.69,256.7,1255.0,16,0.0
2020-10-07 14:00:00,256.74,257.3,254.78,255.96,2540.0,8,0.0
2020-10-07 15:00:00,255.98,257.51,255.36,257.38,2017.0,8,0.0
2020-10-07 16:00:00,257.42,257.62,255.92,257.16,1749.0,8,0.0
2020-10-07 17:00:00,257.12,258.6,257.12,258.2,1365.0,8,0.0
2020-10-07 18:00:00,258.21,259.54,257.86,258.67,1499.0,8,0.0
2020-10-07 19:00:00,258.64,259.48,257.79,259.22,1224.0,8,0.0
2020-10-08 13:00:00,261.28,262.7,261.1,262.5,1043.0,8,0.0
2020-10-08 14:00:00,262.52,263.73,261.66,262.15,2135.0,8,0.0
2020-10-08 15:00:00,262.16,263.92,262.16,263.79,2037.0,8,0.0
2020-10-08 16:00:00,263.8,264.56,263.56,263.98,1566.0,8,0.0
2020-10-08 17:00:00,264.0,264.0,262.46,262.52,1294.0,8,0.0
2020-10-08 18:00:00,262.54,263.77,262.25,263.53,1232.0,8,0.0
2020-10-08 19:00:00,263.54,263.85,262.76,263.72,1111.0,8,0.0
2020-10-09 13:00:00,263.58,264.06,262.65,263.11,847.0,16,0.0
2020-10-09 14:00:00,263.15,264.64,262.12,263.78,1851.0,8,0.0
2020-10-09 15:00:00,263.82,264.02,262.74,263.14,1524.0,8,0.0
2020-10-09 16:00:00,263.11,263.78,262.97,263.36,1325.0,8,0.0
2020-10-09 17:00:00,263.37,264.06,263.17,264.05,1162.0,8,0.0
2020-10-09 18:00:00,264.07,264.29,263.2,263.25,1238.0,8,0.0
2020-10-09 19:00:00,263.2,264.04,262.8,264.02,1069.0,8,0.0
2020-10-12 13:00:00,271.11,271.2,267.82,268.19,1267.0,16,0.0
2020-10-12 14:00:00,268.15,271.95,267.86,271.77,2175.0,8,0.0
2020-10-12 15:00:00,271.8,274.05,271.73,273.29,1965.0,8,0.0
2020-10-12 16:00:00,273.32,278.04,273.3,277.88,2181.0,8,0.0
2020-10-12 17:00:00,277.92,279.68,277.33,279.27,2055.0,8,0.0
2020-10-12 18:00:00,279.33,280.13,278.18,278.52,2078.0,8,0.0
2020-10-12 19:00:00,278.56,279.18,276.29,276.75,1780.0,8,0.0
2020-10-13 13:00:00,273.84,275.12,273.39,274.94,1166.0,16,0.0
2020-10-13 14:00:00,274.98,276.94,273.7,276.91,2450.0,16,0.0
2020-10-13 15:00:00,276.89,278.98,276.55,276.65,1894.0,16,0.0
2020-10-13 16:00:00,276.63,277.49,275.44,276.93,1563.0,16,0.0
2020-10-13 17:00:00,276.97,277.22,274.67,274.93,1875.0,8,0.0
2020-10-13 18:00:00,274.9,275.79,274.35,275.56,1701.0,8,0.0
2020-10-13 19:00:00,275.53,277.94,275.44,277.54,1264.0,8,0.0
2020-10-14 13:00:00,277.47,278.27,276.91,276.97,922.0,16,0.0
2020-10-14 14:00:00,277.0,277.17,274.26,276.17,1882.0,16,0.0
2020-10-14 15:00:00,276.21,276.39,273.12,273.17,1503.0,16,0.0
2020-10-14 16:00:00,273.18,273.73,271.97,272.55,1691.0,8,0.0
2020-10-14 17:00:00,272.49,272.85,271.61,272.63,1319.0,8,0.0
2020-10-14 18:00:00,272.64,273.38,271.66,272.49,1403.0,8,0.0
2020-10-14 19:00:00,272.51,273.54,272.25,273.27,1104.0,8,0.0
2020-10-15 13:00:00,267.29,267.85,266.41,267.23,995.0,16,0.0
2020-10-15 14:00:00,267.21,267.25,264.42,266.43,2448.0,16,0.0
2020-10-15 15:00:00,266.41,266.96,265.12,265.66,1732.0,16,0.0
2020-10-15 16:00:00,265.62,265.93,264.05,265.27,1409.0,8,0.0
2020-10-15 17:00:00,265.23,265.37,263.62,264.49,1270.0,8,0.0
2020-10-15 18:00:00,264.52,265.77,264.29,265.49,1376.0,16,0.0
2020-10-15 19:00:00,265.47,267.32,265.34,267.19,1088.0,8,0.0
2020-10-16 13:00:00,268.91,269.7,268.44,269.68,1005.0,16,0.0
2020-10-16 14:00:00,269.73,271.27,267.33,267.5,2502.0,8,0.0
2020-10-16 15:00:00,267.48,267.67,265.23,267.49,2666.0,8,0.0
2020-10-16 16:00:00,267.5,267.67,265.95,267.12,2124.0,8,0.0
2020-10-16 17:00:00,267.07,267.64,266.57,267.2,1633.0,8,0.0
2020-10-16 18:00:00,267.22,268.27,266.95,267.99,1885.0,8,0.0
2020-10-16 19:00:00,268.01,268.02,266.2,266.48,1858.0,8,0.0
2020-10-19 13:00:00,267.65,268.44,265.76,265.82,863.0,16,0.0
2020-10-19 14:00:00,265.8,265.8,261.81,263.46,2690.0,8,0.0
2020-10-19 15:00:00,263.41,264.83,263.31,263.68,1894.0,8,0.0
2020-10-19 16:00:00,263.65,264.05,262.51,263.13,1984.0,8,0.0
2020-10-19 17:00:00,263.16,264.38,262.62,263.11,2033.0,8,0.0
2020-10-19 18:00:00,263.08,263.61,260.88,260.88,2292.0,8,0.0
2020-10-19 19:00:00,260.85,261.26,259.85,260.32,2257.0,8,0.0
2020-10-20 13:00:00,264.0,266.04,263.67,265.86,1128.0,16,0.0
2020-10-20 14:00:00,265.9,266.86,264.14,264.47,2428.0,8,0.0
2020-10-20 15:00:00,264.41,265.18,263.27,265.18,2598.0,8,0.0
2020-10-20 16:00:00,265.21,266.87,265.07,266.53,2078.0,8,0.0
2020-10-20 17:00:00,266.55,269.6,266.52,268.43,2235.0,8,0.0
2020-10-20 18:00:00,268.46,269.62,267.74,268.85,2232.0,8,0.0
2020-10-20 19:00:00,268.87,269.54,266.52,268.48,2173.0,8,0.0
2020-10-21 13:00:00,279.36,282.98,279.36,281.98,1972.0,16,0.0
2020-10-21 14:00:00,281.96,282.61,279.37,279.61,2855.0,16,0.0
2020-10-21 15:00:00,279.64,281.78,277.67,280.65,2489.0,16,0.0
2020-10-21 16:00:00,280.61,281.59,279.24,279.92,2429.0,8,0.0
2020-10-21 17:00:00,279.87,281.68,279.65,280.49,1710.0,8,0.0
2020-10-21 18:00:00,280.51,282.04,279.65,281.99,1741.0,8,0.0
2020-10-21 19:00:00,282.01,282.08,279.55,279.72,1766.0,8,0.0
2020-10-22 13:00:00,281.82,281.88,278.88,279.05,1233.0,16,0.0
2020-10-22 14:00:00,279.01,279.23,274.97,275.99,2913.0,16,0.0
2020-10-22 15:00:00,275.96,277.8,275.73,276.5,1952.0,16,0.0
2020-10-22 16:00:00,276.53,276.92,275.32,276.66,1352.0,8,0.0
2020-10-22 17:00:00,276.62,278.22,276.56,277.95,1377.0,8,0.0
2020-10-22 18:00:00,277.98,278.61,277.48,277.96,1159.0,16,0.0
2020-10-22 19:00:00,277.99,279.51,277.24,278.6,981.0,8,0.0
2020-10-23 13:00:00,277.84,279.21,277.26,278.4,1018.0,16,0.0
2020-10-23 14:00:00,278.36,281.02,276.87,279.92,2447.0,8,0.0
2020-10-23 15:00:00,279.88,280.72,277.34,278.03,1793.0,8,0.0
2020-10-23 16:00:00,278.02,279.68,277.41,279.05,1598.0,16,0.0
2020-10-23 17:00:00,279.01,280.49,279.01,280.04,1087.0,16,0.0
2020-10-23 18:00:00,280.07,282.35,279.92,281.86,1256.0,8,0.0
2020-10-23 19:00:00,281.9,283.86,281.87,283.84,950.0,8,0.0
2020-10-26 13:00:00,283.62,284.91,282.38,283.11,1679.0,16,0.0
2020-10-26 14:00:00,283.17,285.13,280.47,280.78,2870.0,16,0.0
2020-10-26 15:00:00,280.74,280.76,278.47,279.06,2411.0,16,0.0
2020-10-26 16:00:00,279.02,280.13,276.96,277.01,1836.0,16,0.0
2020-10-26 17:00:00,277.0,277.1,274.23,275.57,1821.0,8,0.0
2020-10-26 18:00:00,275.6,276.76,274.86,276.55,2020.0,16,0.0
2020-10-26 19:00:00,276.59,277.13,275.11,276.19,1489.0,16,0.0
2020-10-27 13:00:00,277.82,279.26,277.14,278.57,1063.0,16,0.0
2020-10-27 14:00:00,278.59,282.91,277.6,282.56,2224.0,16,0.0
2020-10-27 15:00:00,282.6,283.53,280.97,283.28,1850.0,16,0.0
2020-10-27 16:00:00,283.32,283.35,281.08,282.01,1416.0,16,0.0
2020-10-27 17:00:00,282.0,284.44,281.42,283.8,1518.0,16,0.0
2020-10-27 18:00:00,283.77,283.93,280.98,281.78,1576.0,16,0.0
2020-10-27 19:00:00,281.8,284.17,281.56,284.03,1079.0,16,0.0
2020-10-28 13:00:00,274.83,274.89,271.88,273.49,1441.0,16,0.0
2020-10-28 14:00:00,273.46,273.5,270.01,272.67,4082.0,16,0.0
2020-10-28 15:00:00,272.61,272.95,270.15,271.48,2429.0,16,0.0
2020-10-28 16:00:00,271.46,271.76,269.57,270.07,1799.0,16,0.0
2020-10-28 17:00:00,270.01,270.36,268.53,269.98,1734.0,16,0.0
2020-10-28 18:00:00,269.96,270.77,268.67,270.15,1711.0,16,0.0
2020-10-28 19:00:00,270.18,272.19,269.28,270.01,1547.0,16,0.0
2020-10-29 13:00:00,274.61,278.28,273.61,277.61,1620.0,16,0.0
2020-10-29 14:00:00,277.68,280.56,277.0,280.25,3181.0,16,0.0
2020-10-29 15:00:00,280.28,283.33,279.63,281.37,2526.0,16,0.0
2020-10-29 16:00:00,281.4,282.36,281.07,282.07,1840.0,16,0.0
2020-10-29 17:00:00,282.1,282.77,280.07,281.29,1661.0,16,0.0
2020-10-29 18:00:00,281.26,283.5,280.8,282.59,1968.0,16,0.0
2020-10-29 19:00:00,282.62,283.0,279.64,281.18,1642.0,16,0.0
2020-10-30 13:00:00,273.63,273.84,267.45,267.88,2288.0,16,0.0
2020-10-30 14:00:00,267.92,268.24,262.49,262.77,6005.0,16,0.0
2020-10-30 15:00:00,262.73,264.56,260.94,262.44,4061.0,16,0.0
2020-10-30 16:00:00,262.42,266.63,262.1,265.46,3226.0,8,0.0
2020-10-30 17:00:00,265.39,266.17,261.32,261.79,2713.0,16,0.0
2020-10-30 18:00:00,261.77,264.24,260.02,260.19,3069.0,16,0.0
2020-10-30 19:00:00,260.17,260.75,259.04,260.69,2148.0,16,0.0
2020-11-02 14:00:00,266.74,268.95,265.62,268.38,1520.0,16,0.0
2020-11-02 15:00:00,268.45,270.34,266.29,267.12,2930.0,16,0.0
2020-11-02 16:00:00,267.08,267.23,262.84,262.84,2465.0,16,0.0
2020-11-02 17:00:00,262.86,262.93,259.83,261.02,2171.0,16,0.0
2020-11-02 18:00:00,261.09,261.18,257.8,257.92,2174.0,16,0.0
2020-11-02 19:00:00,257.91,259.88,257.29,259.08,1516.0,16,0.0
2020-11-03 14:00:00,262.3,264.46,262.06,264.44,972.0,16,0.0
2020-11-03 15:00:00,264.46,269.93,264.0,269.75,2679.0,16,0.0
2020-11-03 16:00:00,269.76,269.97,266.66,266.82,2196.0,8,0.0
2020-11-03 17:00:00,266.85,268.59,266.46,268.04,1359.0,16,0.0
2020-11-03 18:00:00,268.06,268.72,265.76,265.86,1519.0,16,0.0
2020-11-03 19:00:00,265.8,267.37,265.55,267.37,1290.0,16,0.0
2020-11-04 14:00:00,281.33,282.65,278.58,282.59,2544.0,16,0.0
2020-11-04 15:00:00,282.62,286.62,281.7,285.72,4125.0,16,0.0
2020-11-04 16:00:00,285.71,286.59,284.26,286.23,2611.0,16,0.0
2020-11-04 17:00:00,286.18,288.81,285.14,287.2,2327.0,16,0.0
2020-11-04 18:00:00,287.23,288.36,285.54,288.35,2429.0,16,0.0
2020-11-04 19:00:00,288.37,288.82,286.56,286.72,1722.0,16,0.0
2020-11-05 14:00:00,292.51,293.75,290.63,293.5,1412.0,16,0.0
2020-11-05 15:00:00,293.57,294.63,291.7,294.01,3162.0,16,0.0
2020-11-05 16:00:00,294.03,297.27,292.66,296.03,3026.0,16,0.0
2020-11-05 17:00:00,296.06,296.32,294.22,295.93,1927.0,16,0.0
2020-11-05 18:00:00,295.99,296.63,295.02,296.01,1517.0,16,0.0
2020-11-05 19:00:00,296.03,297.02,295.96,297.02,1275.0,16,0.0
2020-11-06 14:00:00,290.13,291.21,288.81,289.36,1548.0,16,0.0
2020-11-06 15:00:00,289.41,292.77,288.05,291.0,2541.0,16,0.0
2020-11-06 16:00:00,291.03,293.87,290.49,293.71,1907.0,16,0.0
2020-11-06 17:00:00,293.75,294.49,292.77,293.21,1498.0,16,0.0
2020-11-06 18:00:00,293.24,294.5,292.45,292.49,1161.0,16,0.0
2020-11-06 19:00:00,292.5,293.25,292.32,292.49,932.0,8,0.0
2020-11-09 14:00:00,289.76,291.0,286.62,287.73,1476.0,16,0.0
2020-11-09 15:00:00,287.59,292.47,287.49,290.19,4421.0,16,0.0
2020-11-09 16:00:00,290.21,290.97,287.3,287.99,3436.0,16,0.0
2020-11-09 17:00:00,288.04,288.83,285.93,287.58,2423.0,16,0.0
2020-11-09 18:00:00,287.62,288.19,284.5,285.16,2173.0,16,0.0
2020-11-09 19:00:00,285.18,285.54,282.8,283.31,1823.0,16,0.0
2020-11-10 14:00:00,269.56,270.27,267.08,268.91,1823.0,16,0.0
2020-11-10 15:00:00,268.82,269.6,263.93,266.16,4607.0,16,0.0
2020-11-10 16:00:00,266.15,271.66,265.92,270.09,2793.0,16,0.0
2020-11-10 17:00:00,270.11,272.99,269.93,270.94,2236.0,16,0.0
2020-11-10 18:00:00,270.98,272.0,268.2,270.88,2161.0,16,0.0
2020-11-10 19:00:00,270.82,272.04,269.51,272.0,2051.0,8,0.0
2020-11-11 14:00:00,275.82,278.29,275.77,276.55,1440.0,16,0.0
2020-11-11 15:00:00,276.59,278.28,275.34,276.37,3153.0,16,0.0
2020-11-11 16:00:00,276.39,276.39,273.97,275.7,1747.0,16,0.0
2020-11-11 17:00:00,275.66,276.24,274.65,275.03,1400.0,16,0.0
2020-11-11 18:00:00,275.05,275.61,274.15,275.47,1312.0,16,0.0
2020-11-11 19:00:00,275.51,276.1,274.78,275.08,988.0,16,0.0
2020-11-12 14:00:00,279.07,279.64,276.82,278.25,1011.0,16,0.0
2020-11-12 15:00:00,278.19,278.79,277.31,278.28,2083.0,16,0.0
2020-11-12 16:00:00,278.32,279.54,276.78,278.06,1589.0,16,0.0
2020-11-12 17:00:00,278.07,279.14,276.17,276.92,1478.0,16,0.0
2020-11-12 18:00:00,276.86,277.53,275.83,277.47,1471.0,16,0.0
2020-11-12 19:00:00,277.51,277.75,275.54,275.69,1075.0,16,0.0
2020-11-13 14:00:00,276.41,277.03,274.0,274.02,864.0,16,0.0
2020-11-13 15:00:00,274.04,274.66,273.0,273.6,2186.0,16,0.0
2020-11-13 16:00:00,273.63,276.15,273.54,275.63,1486.0,16,0.0
2020-11-13 17:00:00,275.66,276.77,275.08,276.28,1210.0,16,0.0
2020-11-13 18:00:00,276.26,276.36,274.65,275.17,1151.0,16,0.0
2020-11-13 19:00:00,275.2,275.7,274.21,275.27,921.0,16,0.0
2020-11-16 14:00:00,277.13,278.03,275.06,276.01,986.0,16,0.0
2020-11-16 15:00:00,276.03,277.58,274.6,277.55,2118.0,16,0.0
2020-11-16 16:00:00,277.6,278.38,276.83,277.66,1280.0,16,0.0
2020-11-16 17:00:00,277.63,277.86,276.1,276.39,1038.0,16,0.0
2020-11-16 18:00:00,276.38,277.29,275.84,277.15,1201.0,16,0.0
2020-11-16 19:00:00,277.18,278.26,276.66,277.05,1086.0,16,0.0
2020-11-16 20:00:00,277.03,278.41,276.71,278.38,1041.0,8,0.0
2020-11-17 14:00:00,274.41,275.04,273.25,273.47,919.0,16,0.0
2020-11-17 15:00:00,273.53,276.19,273.47,275.9,1905.0,16,0.0
2020-11-17 16:00:00,275.91,276.11,273.85,275.14,1513.0,16,0.0
2020-11-17 17:00:00,275.11,275.34,274.28,274.95,1136.0,16,0.0
2020-11-17 18:00:00,274.99,277.26,274.86,275.5,1069.0,8,0.0
2020-11-17 19:00:00,275.47,276.44,275.43,276.01,997.0,16,0.0
2020-11-17 20:00:00,276.04,276.23,274.66,275.05,1131.0,16,0.0
2020-11-18 14:00:00,276.88,276.94,273.56,273.81,935.0,16,0.0
2020-11-18 15:00:00,273.74,276.09,273.35,276.04,1611.0,16,0.0
2020-11-18 16:00:00,276.06,276.26,274.55,275.06,1189.0,16,0.0
2020-11-18 17:00:00,275.11,275.65,274.61,275.35,868.0,16,0.0
2020-11-18 18:00:00,275.33,275.59,273.33,273.61,987.0,16,0.0
2020-11-18 19:00:00,273.59,274.3,272.67,274.17,1196.0,8,0.0
2020-11-18 20:00:00,274.15,275.02,273.27,273.52,1065.0,16,0.0
2020-11-19 14:00:00,269.56,271.55,269.12,271.46,1049.0,16,0.0
2020-11-19 15:00:00,271.51,273.14,269.61,272.11,1897.0,16,0.0
2020-11-19 16:00:00,272.12,273.13,271.52,271.58,1215.0,16,0.0
2020-11-19 17:00:00,271.6,273.37,271.52,272.26,1157.0,16,0.0
2020-11-19 18:00:00,272.29,272.42,271.52,271.94,928.0,8,0.0
2020-11-19 19:00:00,271.92,273.3,271.5,273.26,845.0,8,0.0
2020-11-19 20:00:00,273.25,273.29,272.14,273.25,874.0,16,0.0
2020-11-20 14:00:00,271.51,271.77,270.48,270.82,801.0,16,0.0
2020-11-20 15:00:00,270.85,271.38,270.17,270.2,1493.0,16,0.0
2020-11-20 16:00:00,270.23,271.08,269.85,270.98,1289.0,8,0.0
2020-11-20 17:00:00,270.95,271.66,270.71,271.63,960.0,8,0.0
2020-11-20 18:00:00,271.59,272.4,270.97,271.87,910.0,8,0.0
2020-11-20 19:00:00,271.89,272.95,271.65,272.12,1191.0,8,0.0
2020-11-20 20:00:00,272.16,272.23,270.7,270.91,1139.0,8,0.0
2020-11-23 14:00:00,268.22,269.53,267.7,268.34,915.0,16,0.0
2020-11-23 15:00:00,268.39,268.8,264.72,266.54,2618.0,16,0.0
2020-11-23 16:00:00,266.5,266.96,264.48,265.62,1874.0,16,0.0
2020-11-23 17:00:00,265.58,267.49,265.15,267.19,1337.0,16,0.0
2020-11-23 18:00:00,267.25,268.69,267.01,268.54,1093.0,16,0.0
2020-11-23 19:00:00,268.56,268.95,267.68,268.66,1243.0,8,0.0
2020-11-23 20:00:00,268.69,270.03,268.19,268.26,1121.0,8,0.0
2020-11-24 14:00:00,269.26,271.0,268.17,271.0,1078.0,16,0.0
2020-11-24 15:00:00,271.06,273.76,269.8,273.71,2149.0,16,0.0
2020-11-24 16:00:00,273.69,274.78,273.18,274.49,1587.0,16,0.0
2020-11-24 17:00:00,274.52,274.61,273.65,274.48,1135.0,16,0.0
2020-11-24 18:00:00,274.45,275.75,273.73,275.71,1155.0,16,0.0
2020-11-24 19:00:00,275.72,276.47,275.19,276.27,1228.0,8,0.0
2020-11-24 20:00:00,276.25,277.74,275.48,277.45,1108.0,8,0.0
2020-11-25 14:00:00,274.91,275.88,273.31,274.14,1032.0,16,0.0
2020-11-25 15:00:00,274.18,276.01,272.6,275.43,1881.0,16,0.0
2020-11-25 16:00:00,275.47,275.94,273.68,274.54,1304.0,16,0.0
2020-11-25 17:00:00,274.51,276.25,274.15,275.34,1112.0,8,0.0
2020-11-25 18:00:00,275.31,276.05,274.96,275.67,968.0,8,0.0
2020-11-25 19:00:00,275.63,276.31,274.74,275.77,1026.0,8,0.0
2020-11-25 20:00:00,275.74,276.2,275.16,275.78,885.0,8,0.0
2020-11-27 14:00:00,275.52,276.44,274.76,276.38,796.0,16,0.0
2020-11-27 15:00:00,276.42,279.05,275.72,277.97,1478.0,16,0.0
2020-11-27 16:00:00,277.98,278.35,276.68,276.87,1042.0,16,0.0
2020-11-27 17:00:00,276.89,277.34,275.63,276.7,721.0,16,0.0
2020-11-30 14:00:00,274.45,274.54,273.75,274.21,858.0,16,0.0
2020-11-30 15:00:00,274.26,274.66,270.99,272.9,2302.0,16,0.0
2020-11-30 16:00:00,272.93,273.74,271.63,273.06,1494.0,16,0.0
2020-11-30 17:00:00,273.05,274.73,273.04,274.1,1072.0,16,0.0
2020-11-30 18:00:00,274.07,274.31,273.5,273.83,903.0,16,0.0
2020-11-30 19:00:00,273.87,276.42,273.67,276.42,1105.0,8,0.0
2020-11-30 20:00:00,276.45,276.45,274.81,275.03,967.0,8,0.0
2020-12-01 14:00:00,283.63,284.83,283.27,283.88,1243.0,16,0.0
2020-12-01 15:00:00,283.86,285.98,283.43,283.79,2452.0,16,0.0
2020-12-01 16:00:00,283.76,288.86,283.53,288.34,1781.0,16,0.0
2020-12-01 17:00:00,288.37,289.2,287.5,287.69,1536.0,16,0.0
2020-12-01 18:00:00,287.72,288.87,287.64,288.34,1139.0,16,0.0
2020-12-01 19:00:00,288.32,288.64,286.48,287.01,1153.0,16,0.0
2020-12-01 20:00:00,287.02,287.02,285.4,286.33,1109.0,16,0.0
2020-12-02 14:00:00,281.65,283.13,281.27,282.89,1198.0,16,0.0
2020-12-02 15:00:00,282.87,286.85,282.87,285.65,1743.0,16,0.0
2020-12-02 16:00:00,285.68,290.13,285.58,289.74,1595.0,16,0.0
2020-12-02 17:00:00,289.76,291.63,287.9,287.99,1832.0,16,0.0
2020-12-02 18:00:00,288.04,289.67,287.46,287.71,1306.0,16,0.0
2020-12-02 19:00:00,287.73,288.84,287.22,288.08,1215.0,16,0.0
2020-12-02 20:00:00,288.1,288.26,286.33,287.12,1016.0,16,0.0
2020-12-03 14:00:00,285.99,286.55,284.1,284.58,847.0,16,0.0
2020-12-03 15:00:00,284.63,286.47,283.82,283.9,1599.0,16,0.0
2020-12-03 16:00:00,283.88,284.32,282.26,284.21,1464.0,16,0.0
2020-12-03 17:00:00,284.27,284.75,282.8,283.02,1179.0,16,0.0
2020-12-03 18:00:00,282.98,283.2,281.72,282.04,928.0,16,0.0
2020-12-03 19:00:00,282.05,283.58,281.91,283.58,925.0,16,0.0
2020-12-03 20:00:00,283.56,283.8,282.12,282.7,939.0,16,0.0
2020-12-04 14:00:00,280.85,283.39,280.17,282.74,754.0,16,0.0
2020-12-04 15:00:00,282.78,282.95,280.17,280.56,1552.0,16,0.0
2020-12-04 16:00:00,280.58,281.05,279.8,280.31,1021.0,16,0.0
2020-12-04 17:00:00,280.29,280.67,279.9,280.43,860.0,16,0.0
2020-12-04 18:00:00,280.47,281.32,280.31,281.09,696.0,16,0.0
2020-12-04 19:00:00,281.1,281.28,280.43,280.49,690.0,8,0.0
2020-12-04 20:00:00,280.48,280.74,279.36,279.88,789.0,8,0.0
2020-12-07 14:00:00,282.49,284.64,282.37,284.4,1019.0,16,0.0
2020-12-07 15:00:00,284.44,288.38,284.44,287.41,2212.0,16,0.0
2020-12-07 16:00:00,287.44,288.07,286.63,286.85,1166.0,16,0.0
2020-12-07 17:00:00,286.84,287.07,286.04,286.33,890.0,16,0.0
2020-12-07 18:00:00,286.3,286.42,284.79,285.79,832.0,16,0.0
2020-12-07 19:00:00,285.78,286.47,285.12,285.79,774.0,16,0.0
2020-12-07 20:00:00,285.81,286.19,285.44,285.59,639.0,16,0.0
2020-12-08 14:00:00,282.86,283.4,282.13,282.82,938.0,16,0.0
2020-12-08 15:00:00,282.78,284.41,281.51,284.23,1388.0,16,0.0
2020-12-08 16:00:00,284.27,284.94,283.3,284.34,1004.0,16,0.0
2020-12-08 17:00:00,284.33,284.85,283.3,283.87,709.0,16,0.0
2020-12-08 18:00:00,283.84,284.35,283.39,283.83,723.0,16,0.0
2020-12-08 19:00:00,283.82,284.85,283.48,283.93,829.0,16,0.0
2020-12-08 20:00:00,283.96,284.22,283.34,284.14,728.0,16,0.0
2020-12-09 14:00:00,282.94,287.55,282.94,287.01,1027.0,16,0.0
2020-12-09 15:00:00,286.98,287.02,283.63,284.27,1853.0,16,0.0
2020-12-09 16:00:00,284.26,284.26,281.38,281.97,1397.0,16,0.0
2020-12-09 17:00:00,281.95,281.95,278.38,279.46,1343.0,16,0.0
2020-12-09 18:00:00,279.43,280.59,276.25,276.26,2306.0,16,0.0
2020-12-09 19:00:00,276.3,278.04,271.63,277.81,3571.0,16,0.0
2020-12-09 20:00:00,277.69,279.63,276.1,277.74,2183.0,16,0.0
2020-12-10 14:00:00,272.39,276.83,272.35,276.27,1438.0,16,0.0
2020-12-10 15:00:00,276.21,278.64,274.89,275.65,2841.0,16,0.0
2020-12-10 16:00:00,275.62,275.95,273.95,274.43,1927.0,16,0.0
2020-12-10 17:00:00,274.38,276.71,274.37,275.17,1427.0,16,0.0
2020-12-10 18:00:00,275.16,276.74,274.99,276.18,1495.0,16,0.0
2020-12-10 19:00:00,276.22,276.81,275.62,275.77,1290.0,16,0.0
2020-12-10 20:00:00,275.81,277.67,275.81,277.43,945.0,16,0.0
2020-12-11 14:00:00,275.68,276.09,273.96,274.75,1095.0,16,0.0
2020-12-11 15:00:00,274.67,275.41,273.34,274.18,1901.0,16,0.0
2020-12-11 16:00:00,274.2,274.5,271.84,272.6,1372.0,16,0.0
2020-12-11 17:00:00,272.63,272.87,270.2,271.3,1351.0,16,0.0
2020-12-11 18:00:00,271.34,273.26,271.25,273.04,1223.0,16,0.0
2020-12-11 19:00:00,273.07,274.09,272.86,273.27,1211.0,16,0.0
2020-12-11 20:00:00,273.31,274.03,272.65,273.41,963.0,8,0.0
2020-12-14 14:00:00,273.96,277.1,273.92,276.3,959.0,16,0.0
2020-12-14 15:00:00,276.31,276.46,273.45,273.57,1970.0,8,0.0
2020-12-14 16:00:00,273.62,276.32,273.38,276.23,1513.0,16,0.0
2020-12-14 17:00:00,276.26,276.71,274.0,274.86,1354.0,8,0.0
2020-12-14 18:00:00,274.87,275.82,274.09,275.69,1391.0,8,0.0
2020-12-14 19:00:00,275.71,276.64,275.3,276.42,1300.0,8,0.0
2020-12-14 20:00:00,276.4,276.43,274.34,274.5,1161.0,8,0.0
2020-12-15 14:00:00,274.13,274.16,272.86,272.96,934.0,16,0.0
2020-12-15 15:00:00,273.0,273.42,270.4,270.53,1771.0,16,0.0
2020-12-15 16:00:00,270.47,270.84,268.13,268.77,1888.0,16,0.0
2020-12-15 17:00:00,268.74,270.44,267.41,270.19,1639.0,8,0.0
2020-12-15 18:00:00,270.17,272.24,270.17,271.81,1390.0,8,0.0
2020-12-15 19:00:00,271.78,274.07,271.65,273.57,1530.0,8,0.0
2020-12-15 20:00:00,273.59,274.58,273.16,274.09,1301.0,8,0.0
2020-12-16 14:00:00,272.72,273.92,272.47,273.77,644.0,16,0.0
2020-12-16 15:00:00,273.8,277.76,273.57,276.33,1909.0,16,0.0
2020-12-16 16:00:00,276.35,277.06,275.09,276.82,1282.0,16,0.0
2020-12-16 17:00:00,276.8,276.89,275.44,275.75,947.0,16,0.0
2020-12-16 18:00:00,275.73,276.79,275.28,275.89,908.0,16,0.0
2020-12-16 19:00:00,275.92,276.05,274.76,274.87,1227.0,16,0.0
2020-12-16 20:00:00,274.88,276.71,274.85,276.54,1102.0,8,0.0
2020-12-17 14:00:00,278.45,280.31,278.45,280.01,759.0,16,0.0
2020-12-17 15:00:00,280.04,280.17,276.65,276.65,1718.0,16,0.0
2020-12-17 16:00:00,276.63,277.44,275.86,277.19,1391.0,16,0.0
2020-12-17 17:00:00,277.21,277.39,276.29,276.55,998.0,16,0.0
2020-12-17 18:00:00,276.58,276.78,275.36,276.03,962.0,8,0.0
2020-12-17 19:00:00,276.0,276.23,274.48,274.55,908.0,8,0.0
2020-12-17 20:00:00,274.59,274.79,273.58,274.02,1380.0,8,0.0
2020-12-18 14:00:00,274.32,274.76,272.6,273.17,721.0,16,0.0
2020-12-18 15:00:00,273.12,273.19,271.09,272.94,1814.0,16,0.0
2020-12-18 16:00:00,272.96,273.25,271.63,272.09,1135.0,16,0.0
2020-12-18 17:00:00,272.06,272.63,271.45,271.81,779.0,16,0.0
2020-12-18 18:00:00,271.84,272.63,271.2,271.9,956.0,16,0.0
2020-12-18 19:00:00,271.92,274.28,271.4,273.82,1277.0,16,0.0
2020-12-18 20:00:00,273.79,275.16,273.11,274.87,1054.0,16,0.0
2020-12-21 14:00:00,274.03,274.26,270.2,270.49,1111.0,16,0.0
2020-12-21 15:00:00,270.43,270.89,267.73,268.29,2713.0,16,0.0
2020-12-21 16:00:00,268.26,272.2,268.23,271.26,1508.0,16,0.0
2020-12-21 17:00:00,271.3,273.13,270.45,272.67,1042.0,16,0.0
2020-12-21 18:00:00,272.64,273.73,272.5,273.27,920.0,16,0.0
2020-12-21 19:00:00,273.29,273.33,272.31,272.91,913.0,16,0.0
2020-12-21 20:00:00,272.92,273.02,271.49,271.85,783.0,8,0.0
2020-12-22 14:00:00,270.43,271.23,269.9,270.87,730.0,16,0.0
2020-12-22 15:00:00,270.95,270.95,267.84,268.97,1949.0,16,0.0
2020-12-22 16:00:00,268.98,269.11,264.64,266.55,2240.0,16,0.0
2020-12-22 17:00:00,266.59,267.26,265.37,265.99,1405.0,8,0.0
2020-12-22 18:00:00,266.03,266.78,265.49,266.76,1145.0,16,0.0
2020-12-22 19:00:00,266.8,267.84,266.35,266.78,1147.0,16,0.0
2020-12-22 20:00:00,266.79,267.05,265.93,266.12,916.0,8,0.0
2020-12-23 14:00:00,268.3,268.76,266.75,267.68,964.0,16,0.0
2020-12-23 15:00:00,267.71,268.71,267.36,268.5,1369.0,16,0.0
2020-12-23 16:00:00,268.45,270.46,268.12,270.04,1278.0,16,0.0
2020-12-23 17:00:00,270.02,271.08,269.41,270.5,868.0,16,0.0
2020-12-23 18:00:00,270.55,272.06,270.35,271.6,749.0,16,0.0
2020-12-23 19:00:00,271.61,272.03,270.03,270.03,913.0,16,0.0
2020-12-23 20:00:00,270.01,270.15,269.02,269.56,567.0,16,0.0
2020-12-24 14:00:00,269.65,270.29,268.35,268.52,638.0,16,0.0
2020-12-24 15:00:00,268.55,268.63,266.45,266.78,1097.0,16,0.0
2020-12-24 16:00:00,266.76,267.39,266.24,266.79,954.0,16,0.0
2020-12-24 17:00:00,266.84,266.92,266.14,266.58,638.0,16,0.0
2020-12-28 14:00:00,268.66,269.14,266.88,267.94,850.0,16,0.0
2020-12-28 15:00:00,267.95,272.9,265.61,272.28,2503.0,16,0.0
2020-12-28 16:00:00,272.32,273.52,271.66,273.17,1501.0,16,0.0
2020-12-28 17:00:00,273.2,275.68,272.46,275.18,1488.0,16,0.0
2020-12-28 18:00:00,275.14,276.95,274.82,275.67,1530.0,16,0.0
2020-12-28 19:00:00,275.69,276.23,275.24,276.03,987.0,16,0.0
2020-12-28 20:00:00,275.99,276.78,275.83,276.2,846.0,8,0.0
2020-12-29 14:00:00,277.66,279.52,277.4,278.35,1012.0,16,0.0
2020-12-29 15:00:00,278.33,280.0,277.22,279.85,2284.0,16,0.0
2020-12-29 16:00:00,279.89,280.39,277.4,278.04,1550.0,16,0.0
2020-12-29 17:00:00,278.01,278.58,276.95,277.84,1122.0,16,0.0
2020-12-29 18:00:00,277.81,279.69,277.51,279.6,869.0,16,0.0
2020-12-29 19:00:00,279.62,279.62,278.55,279.32,900.0,16,0.0
2020-12-29 20:00:00,279.28,279.69,277.1,277.27,683.0,16,0.0
2020-12-30 14:00:00,275.57,276.3,274.79,274.88,896.0,16,0.0
2020-12-30 15:00:00,274.86,275.08,273.55,274.3,1541.0,16,0.0
2020-12-30 16:00:00,274.28,275.08,273.84,274.22,945.0,16,0.0
2020-12-30 17:00:00,274.24,274.33,272.64,272.99,947.0,16,0.0
2020-12-30 18:00:00,272.98,274.01,272.92,273.58,850.0,8,0.0
2020-12-30 19:00:00,273.57,273.57,272.82,273.35,804.0,8,0.0
2020-12-30 20:00:00,273.32,273.35,272.28,272.66,710.0,8,0.0
2020-12-31 14:00:00,274.86,276.97,274.27,274.52,1348.0,16,0.0
2020-12-31 15:00:00,274.59,275.45,272.38,272.86,1809.0,16,0.0
2020-12-31 16:00:00,272.82,273.09,271.13,271.31,1222.0,16,0.0
2020-12-31 17:00:00,271.33,271.91,271.23,271.67,635.0,16,0.0
2021-01-04 14:00:00,271.07,271.73,270.23,270.36,967.0,16,0.0
2021-01-04 15:00:00,270.44,272.55,269.23,269.24,2273.0,16,0.0
2021-01-04 16:00:00,269.19,269.64,267.42,267.87,2534.0,16,0.0
2021-01-04 17:00:00,267.79,268.11,265.16,266.69,2466.0,16,0.0
2021-01-04 18:00:00,266.71,269.4,266.28,269.21,1594.0,16,0.0
2021-01-04 19:00:00,269.2,269.68,268.02,269.02,1662.0,16,0.0
2021-01-04 20:00:00,268.97,269.55,267.88,269.13,1254.0,16,0.0
2021-01-05 14:00:00,270.22,272.06,270.02,271.54,778.0,16,0.0
2021-01-05 15:00:00,271.64,272.07,269.8,270.93,1896.0,16,0.0
2021-01-05 16:00:00,270.95,272.32,270.76,271.0,1179.0,16,0.0
2021-01-05 17:00:00,271.01,271.44,269.53,270.06,1123.0,16,0.0
2021-01-05 18:00:00,270.1,271.03,269.87,270.81,637.0,16,0.0
2021-01-05 19:00:00,270.83,271.99,270.83,271.14,893.0,16,0.0
2021-01-05 20:00:00,271.17,271.54,270.47,270.84,748.0,16,0.0
2021-01-06 14:00:00,263.04,265.12,262.74,263.33,1374.0,16,0.0
2021-01-06 15:00:00,263.35,267.65,262.85,266.24,2440.0,16,0.0
2021-01-06 16:00:00,266.23,267.65,265.04,266.11,1615.0,16,0.0
2021-01-06 17:00:00,266.08,266.85,264.61,264.76,1382.0,16,0.0
2021-01-06 18:00:00,264.79,266.32,264.78,265.65,1248.0,16,0.0
2021-01-06 19:00:00,265.68,266.55,264.3,265.31,1920.0,16,0.0
2021-01-06 20:00:00,265.27,265.74,263.4,264.68,1377.0,16,0.0
2021-01-07 14:00:00,269.32,271.53,268.46,271.13,1216.0,16,0.0
2021-01-07 15:00:00,271.17,271.33,268.76,269.26,2068.0,16,0.0
2021-01-07 16:00:00,269.28,270.52,267.81,269.31,1487.0,16,0.0
2021-01-07 17:00:00,269.33,269.4,267.82,268.27,1125.0,16,0.0
2021-01-07 18:00:00,268.28,268.49,267.49,268.15,919.0,16,0.0
2021-01-07 19:00:00,268.18,268.84,268.04,268.22,827.0,16,0.0
2021-01-07 20:00:00,268.23,270.09,268.21,269.99,846.0,8,0.0
2021-01-08 14:00:00,265.26,266.88,263.65,265.14,1403.0,16,0.0
2021-01-08 15:00:00,265.1,265.61,263.42,263.67,2209.0,16,0.0
2021-01-08 16:00:00,263.69,265.26,263.57,264.36,1578.0,16,0.0
2021-01-08 17:00:00,264.35,267.05,263.89,265.93,1769.0,16,0.0
2021-01-08 18:00:00,265.91,266.33,264.07,264.76,1561.0,16,0.0
2021-01-08 19:00:00,264.74,266.19,264.55,265.95,1278.0,8,0.0
2021-01-08 20:00:00,265.91,266.94,265.52,266.77,1045.0,16,0.0
2021-01-11 14:00:00,257.67,261.83,256.71,260.95,1688.0,16,0.0
2021-01-11 15:00:00,260.97,262.71,259.33,259.62,2451.0,16,0.0
2021-01-11 16:00:00,259.6,261.81,259.3,261.81,1713.0,16,0.0
2021-01-11 17:00:00,261.84,263.34,261.72,262.01,1427.0,16,0.0
2021-01-11 18:00:00,262.03,262.06,259.32,259.81,1390.0,16,0.0
2021-01-11 19:00:00,259.78,259.78,257.52,257.84,1708.0,8,0.0
2021-01-11 20:00:00,257.88,257.88,256.19,256.24,1786.0,8,0.0
2021-01-12 14:00:00,257.82,258.1,255.07,255.61,910.0,16,0.0
2021-01-12 15:00:00,255.57,256.01,252.58,252.98,2331.0,16,0.0
2021-01-12 16:00:00,253.02,254.42,251.8,252.63,1708.0,16,0.0
2021-01-12 17:00:00,252.61,252.81,250.25,252.19,1789.0,16,0.0
2021-01-12 18:00:00,252.17,253.14,251.32,252.49,1331.0,16,0.0
2021-01-12 19:00:00,252.47,252.95,251.62,251.81,1295.0,16,0.0
2021-01-12 20:00:00,251.82,252.28,250.61,250.74,934.0,8,0.0
2021-01-13 14:00:00,249.4,252.41,249.36,251.01,828.0,16,0.0
2021-01-13 15:00:00,250.99,253.57,250.08,253.55,2058.0,16,0.0
2021-01-13 16:00:00,253.54,253.86,251.02,251.08,1402.0,16,0.0
2021-01-13 17:00:00,251.12,251.88,250.86,251.13,1112.0,16,0.0
2021-01-13 18:00:00,251.14,251.75,250.96,251.45,1019.0,8,0.0
2021-01-13 19:00:00,251.47,252.55,251.29,252.26,1174.0,8,0.0
2021-01-13 20:00:00,252.27,252.57,251.29,252.08,903.0,8,0.0
2021-01-14 14:00:00,252.5,253.12,250.97,251.91,940.0,16,0.0
2021-01-14 15:00:00,251.93,252.25,249.96,250.55,1728.0,8,0.0
2021-01-14 16:00:00,250.58,251.58,249.14,249.59,1513.0,16,0.0
2021-01-14 17:00:00,249.61,249.67,246.31,248.21,1845.0,8,0.0
2021-01-14 18:00:00,248.2,249.16,247.83,248.24,1334.0,16,0.0
2021-01-14 19:00:00,248.22,248.62,246.88,247.83,1191.0,8,0.0
2021-01-14 20:00:00,247.84,248.0,245.74,246.48,1388.0,8,0.0
2021-01-15 14:00:00,250.8,252.27,250.23,250.65,1279.0,16,0.0
2021-01-15 15:00:00,250.68,253.27,248.83,252.29,3026.0,16,0.0
2021-01-15 16:00:00,252.3,253.76,250.4,252.84,2205.0,16,0.0
2021-01-15 17:00:00,252.8,253.13,251.76,251.86,1285.0,16,0.0
2021-01-15 18:00:00,251.88,252.47,251.55,251.69,1174.0,8,0.0
2021-01-15 19:00:00,251.72,252.38,251.16,251.22,1208.0,8,0.0
2021-01-15 20:00:00,251.2,251.76,250.78,251.35,1376.0,8,0.0
2021-01-19 14:00:00,253.06,254.92,253.06,254.23,1221.0,16,0.0
2021-01-19 15:00:00,254.22,256.07,253.39,254.44,2056.0,8,0.0
2021-01-19 16:00:00,254.45,256.74,253.75,256.43,1728.0,8,0.0
2021-01-19 17:00:00,256.41,258.55,256.19,258.44,1482.0,8,0.0
2021-01-19 18:00:00,258.46,260.1,258.03,259.68,2030.0,8,0.0
2021-01-19 19:00:00,259.7,260.92,259.22,260.89,2390.0,8,0.0
2021-01-19 20:00:00,260.87,262.05,260.69,261.73,1755.0,8,0.0
2021-01-20 14:00:00,264.37,267.31,264.32,264.99,1220.0,16,0.0
2021-01-20 15:00:00,265.06,266.51,263.58,265.85,2430.0,16,0.0
2021-01-20 16:00:00,265.83,268.18,265.5,267.93,1819.0,16,0.0
2021-01-20 17:00:00,267.9,269.64,267.09,268.79,1320.0,16,0.0
2021-01-20 18:00:00,268.78,270.2,268.28,268.79,1232.0,16,0.0
2021-01-20 19:00:00,268.77,269.76,268.17,269.01,1151.0,16,0.0
2021-01-20 20:00:00,269.06,269.59,268.12,268.15,828.0,16,0.0
2021-01-21 14:00:00,268.86,270.21,267.9,269.75,1098.0,16,0.0
2021-01-21 15:00:00,269.72,273.46,269.68,273.35,2004.0,16,0.0
2021-01-21 16:00:00,273.33,273.38,271.23,272.49,1418.0,16,0.0
2021-01-21 17:00:00,272.46,272.46,271.19,271.98,1052.0,16,0.0
2021-01-21 18:00:00,272.02,272.75,270.76,270.78,957.0,16,0.0
2021-01-21 19:00:00,270.76,272.93,270.68,272.85,974.0,16,0.0
2021-01-21 20:00:00,272.81,273.24,271.91,272.87,800.0,16,0.0
2021-01-22 14:00:00,275.82,278.36,274.98,277.42,1255.0,16,0.0
2021-01-22 15:00:00,277.46,277.89,275.74,276.19,2150.0,16,0.0
2021-01-22 16:00:00,276.23,277.14,275.07,276.3,1544.0,16,0.0
2021-01-22 17:00:00,276.33,276.76,275.4,275.61,1130.0,16,0.0
2021-01-22 18:00:00,275.62,276.15,275.14,275.17,978.0,16,0.0
2021-01-22 19:00:00,275.21,276.32,274.35,274.97,1135.0,8,0.0
2021-01-22 20:00:00,275.0,275.35,274.39,274.81,995.0,8,0.0
2021-01-25 14:00:00,279.35,279.45,276.13,276.22,883.0,16,0.0
2021-01-25 15:00:00,276.19,277.48,272.82,273.08,2145.0,16,0.0
2021-01-25 16:00:00,273.02,275.29,271.35,275.19,2936.0,16,0.0
2021-01-25 17:00:00,275.23,277.64,273.97,276.88,1959.0,16,0.0
2021-01-25 18:00:00,276.91,277.5,276.22,276.75,1286.0,16,0.0
2021-01-25 19:00:00,276.77,277.57,276.05,277.37,1249.0,16,0.0
2021-01-25 20:00:00,277.34,277.34,276.23,277.09,1027.0,16,0.0
2021-01-26 14:00:00,279.81,281.28,278.3,280.12,975.0,16,0.0
2021-01-26 15:00:00,280.17,285.15,279.05,284.46,2482.0,16,0.0
2021-01-26 16:00:00,284.42,284.73,281.98,282.47,1801.0,16,0.0
2021-01-26 17:00:00,282.51,283.25,281.97,282.6,1250.0,16,0.0
2021-01-26 18:00:00,282.57,283.14,281.53,282.73,909.0,16,0.0
2021-01-26 19:00:00,282.71,283.91,281.85,282.41,1052.0,16,0.0
2021-01-26 20:00:00,282.42,283.53,281.83,282.44,947.0,16,0.0
2021-01-27 14:00:00,275.1,276.33,272.52,275.25,1017.0,16,0.0
2021-01-27 15:00:00,275.26,277.91,273.35,276.98,3029.0,16,0.0
2021-01-27 16:00:00,276.94,276.94,272.95,273.06,2101.0,16,0.0
2021-01-27 17:00:00,273.07,276.08,272.21,275.29,2123.0,16,0.0
2021-01-27 18:00:00,275.26,277.12,273.33,274.01,1795.0,16,0.0
2021-01-27 19:00:00,273.93,276.22,270.69,271.21,2554.0,16,0.0
2021-01-27 20:00:00,271.17,272.17,268.07,269.47,2740.0,16,0.0
2021-01-28 11:00:00,269.22,271.52,268.35,270.23,364.0,16,0.0
2021-01-28 12:00:00,270.23,272.64,269.19,272.21,714.0,40,0.0
2021-01-28 13:00:00,272.17,275.94,271.37,275.46,1082.0,40,0.0
2021-01-28 14:00:00,275.68,286.52,274.61,275.06,3375.0,16,0.0
2021-01-28 15:00:00,275.11,275.51,269.8,273.63,2853.0,16,0.0
2021-01-28 16:00:00,273.77,276.01,272.05,272.99,2461.0,16,0.0
2021-01-28 17:00:00,273.0,275.58,272.57,273.27,2512.0,16,0.0
2021-01-28 18:00:00,273.33,273.77,270.99,271.26,1652.0,16,0.0
2021-01-28 19:00:00,271.29,271.53,266.63,268.05,2803.0,16,0.0
2021-01-28 20:00:00,268.02,268.02,265.22,266.36,2323.0,16,0.0
2021-01-29 11:00:00,262.95,264.25,262.43,263.11,299.0,40,0.0
2021-01-29 12:00:00,263.41,265.89,262.84,263.33,576.0,40,0.0
2021-01-29 13:00:00,263.44,265.78,261.69,265.36,777.0,40,0.0
2021-01-29 14:00:00,265.39,266.34,260.1,261.23,2574.0,16,0.0
2021-01-29 15:00:00,261.29,261.38,256.6,258.62,3377.0,16,0.0
2021-01-29 16:00:00,258.68,259.12,255.9,257.56,2713.0,16,0.0
2021-01-29 17:00:00,257.52,258.06,255.06,255.21,2605.0,16,0.0
2021-01-29 18:00:00,255.14,257.78,254.8,256.4,2508.0,16,0.0
2021-01-29 19:00:00,256.37,259.55,256.32,258.19,2351.0,16,0.0
2021-01-29 20:00:00,258.23,260.37,258.19,258.39,1653.0,16,0.0
2021-02-01 11:00:00,261.37,262.39,260.83,261.5,319.0,40,0.0
2021-02-01 12:00:00,261.49,261.57,260.01,260.14,478.0,40,0.0
2021-02-01 13:00:00,260.2,260.85,259.94,260.44,660.0,40,0.0
2021-02-01 14:00:00,260.44,260.67,255.05,255.66,2226.0,16,0.0
2021-02-01 15:00:00,255.58,259.55,254.87,256.96,2937.0,16,0.0
2021-02-01 16:00:00,256.94,259.43,256.36,259.11,2185.0,16,0.0
2021-02-01 17:00:00,259.14,262.88,258.89,262.59,2374.0,16,0.0
2021-02-01 18:00:00,262.65,263.77,261.56,263.69,1551.0,16,0.0
2021-02-01 19:00:00,263.7,264.06,262.85,262.97,1208.0,16,0.0
2021-02-01 20:00:00,263.0,263.41,262.57,262.87,991.0,16,0.0
2021-02-02 11:00:00,264.11,264.17,264.02,264.06,47.0,40,0.0
2021-02-02 12:00:00,264.05,264.55,263.25,264.19,182.0,40,0.0
2021-02-02 13:00:00,264.16,264.44,263.8,263.92,204.0,40,0.0
2021-02-02 14:00:00,263.92,266.77,263.12,265.72,2307.0,16,0.0
2021-02-02 15:00:00,265.77,267.6,264.58,265.7,2780.0,16,0.0
2021-02-02 16:00:00,265.72,268.44,265.06,268.06,1916.0,16,0.0
2021-02-02 17:00:00,268.07,268.74,267.5,268.29,1340.0,16,0.0
2021-02-02 18:00:00,268.33,268.53,267.39,267.98,1135.0,16,0.0
2021-02-02 19:00:00,267.95,268.14,266.55,267.5,1230.0,16,0.0
2021-02-02 20:00:00,267.46,268.39,266.92,267.66,1100.0,16,0.0
2021-02-03 11:00:00,267.72,267.99,267.47,267.62,246.0,40,0.0
2021-02-03 12:00:00,267.62,267.77,265.12,265.91,415.0,40,0.0
2021-02-03 13:00:00,265.91,266.86,265.68,266.77,285.0,40,0.0
2021-02-03 14:00:00,266.8,267.13,263.77,267.11,2519.0,16,0.0
2021-02-03 15:00:00,267.19,267.74,265.1,266.71,3015.0,16,0.0
2021-02-03 16:00:00,266.75,267.82,266.0,267.81,1536.0,16,0.0
2021-02-03 17:00:00,267.84,269.05,267.38,268.87,1247.0,16,0.0
2021-02-03 18:00:00,268.84,269.09,267.7,268.06,1180.0,16,0.0
2021-02-03 19:00:00,268.09,268.12,266.89,267.33,1114.0,16,0.0
2021-02-03 20:00:00,267.29,267.86,266.48,267.61,1136.0,16,0.0
2021-02-04 11:00:00,266.52,266.8,266.38,266.73,76.0,40,0.0
2021-02-04 12:00:00,266.49,267.52,266.42,267.29,117.0,40,0.0
2021-02-04 13:00:00,267.3,268.25,267.18,268.15,521.0,40,0.0
2021-02-04 14:00:00,268.15,268.25,264.62,265.19,2502.0,16,0.0
2021-02-04 15:00:00,265.22,265.79,263.94,264.97,2591.0,16,0.0
2021-02-04 16:00:00,264.93,265.91,264.43,265.29,1449.0,8,0.0
2021-02-04 17:00:00,265.31,266.07,265.08,265.99,1040.0,16,0.0
2021-02-04 18:00:00,266.02,266.46,265.54,265.59,990.0,16,0.0
2021-02-04 19:00:00,265.62,265.91,264.84,265.4,1037.0,16,0.0
2021-02-04 20:00:00,265.36,266.03,265.21,265.51,1091.0,8,0.0
2021-02-05 11:00:00,266.63,266.91,266.38,266.5,79.0,40,0.0
2021-02-05 12:00:00,266.5,267.12,266.5,266.86,165.0,40,0.0
2021-02-05 13:00:00,266.92,267.06,265.69,266.23,621.0,40,0.0
2021-02-05 14:00:00,266.16,268.85,265.49,266.17,1999.0,16,0.0
2021-02-05 15:00:00,266.18,268.58,266.16,268.06,1922.0,16,0.0
2021-02-05 16:00:00,268.08,268.42,267.02,268.15,1198.0,16,0.0
2021-02-05 17:00:00,268.19,268.81,267.78,268.64,996.0,8,0.0
2021-02-05 18:00:00,268.67,269.1,267.82,267.98,974.0,8,0.0
2021-02-05 19:00:00,267.97,268.62,267.74,268.16,1071.0,8,0.0
2021-02-05 20:00:00,268.18,268.68,267.7,267.95,1127.0,8,0.0
2021-02-08 11:00:00,268.65,269.23,268.65,268.73,66.0,40,0.0
2021-02-08 12:00:00,268.73,268.94,268.33,268.41,143.0,40,0.0
2021-02-08 13:00:00,268.41,268.42,267.86,268.04,178.0,40,0.0
2021-02-08 14:00:00,268.05,268.98,266.12,268.33,1761.0,16,0.0
2021-02-08 15:00:00,268.36,269.75,266.56,266.86,2031.0,16,0.0
2021-02-08 16:00:00,266.9,266.98,265.09,265.57,1542.0,16,0.0
2021-02-08 17:00:00,265.55,266.31,265.12,265.64,929.0,16,0.0
2021-02-08 18:00:00,265.67,265.85,264.97,265.14,820.0,8,0.0
2021-02-08 19:00:00,265.12,266.51,265.06,266.29,860.0,8,0.0
2021-02-08 20:00:00,266.26,266.39,265.65,266.31,631.0,8,0.0
2021-02-09 11:00:00,265.55,265.65,265.43,265.54,21.0,40,0.0
2021-02-09 12:00:00,265.6,266.09,265.6,265.77,82.0,40,0.0
2021-02-09 13:00:00,265.77,265.9,265.47,265.81,297.0,16,0.0
2021-02-09 14:00:00,265.8,271.99,265.28,271.67,1979.0,16,0.0
2021-02-09 15:00:00,271.68,273.24,271.51,271.68,1957.0,16,0.0
2021-02-09 16:00:00,271.7,271.82,270.06,270.07,1338.0,16,0.0
2021-02-09 17:00:00,270.06,270.89,269.59,270.07,990.0,16,0.0
2021-02-09 18:00:00,270.04,270.77,269.27,269.7,955.0,16,0.0
2021-02-09 19:00:00,269.74,270.33,269.34,269.98,743.0,16,0.0
2021-02-09 20:00:00,269.96,270.68,269.61,269.98,747.0,8,0.0
2021-02-10 11:00:00,270.8,271.78,270.57,271.58,107.0,40,0.0
2021-02-10 12:00:00,271.45,271.55,271.12,271.24,112.0,40,0.0
2021-02-10 13:00:00,271.24,271.78,270.74,271.36,150.0,40,0.0
2021-02-10 14:00:00,271.41,273.56,270.86,271.37,1704.0,16,0.0
2021-02-10 15:00:00,271.41,271.96,268.04,269.23,2888.0,16,0.0
2021-02-10 16:00:00,269.28,269.59,267.91,268.35,1569.0,16,0.0
2021-02-10 17:00:00,268.37,268.73,267.69,268.55,1043.0,8,0.0
2021-02-10 18:00:00,268.51,270.43,268.31,270.07,1133.0,8,0.0
2021-02-10 19:00:00,270.1,272.21,269.94,271.6,1234.0,16,0.0
2021-02-10 20:00:00,271.62,272.58,271.3,271.37,1127.0,8,0.0
2021-02-11 11:00:00,271.63,272.12,271.57,271.9,142.0,16,0.0
2021-02-11 12:00:00,271.9,272.24,271.69,272.01,123.0,40,0.0
2021-02-11 13:00:00,271.98,272.95,271.72,272.64,232.0,40,0.0
2021-02-11 14:00:00,272.48,273.47,270.56,270.59,1582.0,16,0.0
2021-02-11 15:00:00,270.63,270.63,268.91,269.48,1555.0,16,0.0
2021-02-11 16:00:00,269.52,269.85,268.61,269.09,1307.0,16,0.0
2021-02-11 17:00:00,269.14,269.98,268.42,269.67,1432.0,9,0.0
2021-02-11 18:00:00,269.66,270.1,268.91,269.76,912.0,8,0.0
2021-02-11 19:00:00,269.71,270.18,269.28,270.0,1099.0,8,0.0
2021-02-11 20:00:00,269.98,271.42,269.94,270.86,885.0,8,0.0
2021-02-12 11:00:00,269.94,270.08,269.84,270.06,41.0,40,0.0
2021-02-12 12:00:00,270.06,270.23,270.04,270.08,49.0,40,0.0
2021-02-12 13:00:00,270.06,270.25,269.28,269.52,96.0,40,0.0
2021-02-12 14:00:00,269.55,270.91,268.68,269.93,1475.0,16,0.0
2021-02-12 15:00:00,269.95,270.77,269.01,269.27,1594.0,16,0.0
2021-02-12 16:00:00,269.23,269.69,268.87,269.15,959.0,16,0.0
2021-02-12 17:00:00,269.16,269.65,269.01,269.42,848.0,8,0.0
2021-02-12 18:00:00,269.44,269.95,268.7,268.74,887.0,8,0.0
2021-02-12 19:00:00,268.77,269.11,268.32,268.91,803.0,8,0.0
2021-02-12 20:00:00,268.89,269.73,268.77,269.44,722.0,8,0.0
2021-02-16 11:00:00,271.19,271.43,270.91,271.25,85.0,40,0.0
2021-02-16 12:00:00,271.32,271.44,271.05,271.28,76.0,40,0.0
2021-02-16 13:00:00,271.23,271.25,270.19,270.26,143.0,40,0.0
2021-02-16 14:00:00,270.28,274.44,269.94,274.07,1689.0,16,0.0
2021-02-16 15:00:00,274.11,276.49,273.86,274.9,2197.0,16,0.0
2021-02-16 16:00:00,274.88,275.56,273.54,273.99,1806.0,8,0.0
2021-02-16 17:00:00,273.96,274.72,272.76,274.34,1360.0,8,0.0
2021-02-16 18:00:00,274.32,274.87,273.46,274.31,1145.0,8,0.0
2021-02-16 19:00:00,274.34,275.17,273.99,274.08,896.0,16,0.0
2021-02-16 20:00:00,274.05,275.01,273.93,274.27,1032.0,8,0.0
2021-02-17 11:00:00,273.55,273.56,273.13,273.43,40.0,40,0.0
2021-02-17 12:00:00,273.44,273.62,273.36,273.6,45.0,40,0.0
2021-02-17 13:00:00,273.52,273.52,271.33,271.81,226.0,40,0.0
2021-02-17 14:00:00,271.91,273.33,269.84,273.17,2370.0,16,0.0
2021-02-17 15:00:00,273.21,273.85,270.91,272.29,2626.0,16,0.0
2021-02-17 16:00:00,272.35,272.49,269.55,270.11,2093.0,8,0.0
2021-02-17 17:00:00,270.13,272.21,269.75,271.76,1438.0,8,0.0
2021-02-17 18:00:00,271.78,272.9,271.73,272.09,1297.0,8,0.0
2021-02-17 19:00:00,272.14,273.3,272.11,272.4,1264.0,8,0.0
2021-02-17 20:00:00,272.37,273.43,272.33,273.11,1060.0,8,0.0
2021-02-18 11:00:00,270.2,270.69,269.9,270.38,302.0,40,0.0
2021-02-18 12:00:00,270.38,271.52,270.38,271.38,293.0,40,0.0
2021-02-18 13:00:00,271.51,271.63,269.95,270.03,203.0,40,0.0
2021-02-18 14:00:00,270.03,271.74,268.8,269.14,2318.0,16,0.0
2021-02-18 15:00:00,269.08,269.12,266.59,267.09,2511.0,8,0.0
2021-02-18 16:00:00,267.14,268.08,266.12,266.89,1865.0,8,0.0
2021-02-18 17:00:00,266.84,268.41,265.99,267.91,1752.0,8,0.0
2021-02-18 18:00:00,267.94,269.05,267.48,268.82,1499.0,8,0.0
2021-02-18 19:00:00,268.85,269.51,268.58,269.44,1618.0,8,0.0
2021-02-18 20:00:00,269.45,270.92,269.35,270.22,1587.0,8,0.0
2021-02-19 11:00:00,269.83,270.07,269.57,269.8,192.0,16,0.0
2021-02-19 12:00:00,269.8,270.5,269.57,270.14,105.0,40,0.0
2021-02-19 13:00:00,270.18,270.62,270.07,270.53,125.0,40,0.0
2021-02-19 14:00:00,270.52,270.62,265.79,266.32,2237.0,16,0.0
2021-02-19 15:00:00,266.35,266.77,264.32,264.35,2123.0,16,0.0
2021-02-19 16:00:00,264.32,264.58,263.28,263.29,1456.0,8,0.0
2021-02-19 17:00:00,263.27,263.32,260.84,260.98,2480.0,8,0.0
2021-02-19 18:00:00,260.96,261.91,260.14,261.49,3336.0,8,0.0
2021-02-19 19:00:00,261.48,262.17,260.94,261.61,2002.0,8,0.0
2021-02-19 20:00:00,261.62,262.56,261.03,261.99,1329.0,8,0.0
2021-02-22 11:00:00,258.24,258.57,257.09,257.49,288.0,40,0.0
2021-02-22 12:00:00,257.46,258.21,257.04,257.61,238.0,40,0.0
2021-02-22 13:00:00,257.65,258.11,257.0,257.62,285.0,40,0.0
2021-02-22 14:00:00,257.59,261.56,256.75,260.32,2316.0,16,0.0
2021-02-22 15:00:00,260.28,261.91,257.51,257.95,2419.0,16,0.0
2021-02-22 16:00:00,257.92,260.95,257.77,260.62,1715.0,8,0.0
2021-02-22 17:00:00,260.6,260.64,259.52,260.52,1379.0,8,0.0
2021-02-22 18:00:00,260.5,262.55,260.41,262.16,1167.0,8,0.0
2021-02-22 19:00:00,262.15,263.01,261.74,262.31,1051.0,8,0.0
2021-02-22 20:00:00,262.32,262.37,260.48,261.15,1349.0,8,0.0
2021-02-23 11:00:00,255.92,256.99,255.4,256.46,206.0,60,0.0
2021-02-23 12:00:00,256.73,258.42,256.49,258.13,275.0,40,0.0
2021-02-23 13:00:00,258.21,258.41,256.46,257.68,452.0,40,0.0
2021-02-23 14:00:00,257.7,261.6,254.91,258.93,4752.0,16,0.0
2021-02-23 15:00:00,258.88,265.0,258.06,263.32,4800.0,16,0.0
2021-02-23 16:00:00,263.33,265.51,262.22,262.89,2625.0,16,0.0
2021-02-23 17:00:00,262.87,263.87,260.78,261.39,2256.0,16,0.0
2021-02-23 18:00:00,261.38,264.29,261.0,263.94,1922.0,16,0.0
2021-02-23 19:00:00,263.93,265.18,263.53,265.17,1916.0,8,0.0
2021-02-23 20:00:00,265.19,267.37,264.69,265.81,1656.0,8,0.0
2021-02-24 11:00:00,266.25,266.25,264.9,265.01,95.0,40,0.0
2021-02-24 12:00:00,264.98,267.04,264.97,266.62,289.0,40,0.0
2021-02-24 13:00:00,266.54,266.66,262.32,262.49,381.0,40,0.0
2021-02-24 14:00:00,262.49,264.09,259.56,260.32,3238.0,16,0.0
2021-02-24 15:00:00,260.36,261.47,258.34,261.3,3249.0,8,0.0
2021-02-24 16:00:00,261.33,263.07,260.67,263.02,1835.0,8,0.0
2021-02-24 17:00:00,263.0,265.08,262.86,264.19,1466.0,8,0.0
2021-02-24 18:00:00,264.2,266.28,263.65,266.22,1532.0,8,0.0
2021-02-24 19:00:00,266.24,266.28,264.69,265.32,1595.0,8,0.0
2021-02-24 20:00:00,265.37,266.0,264.09,264.53,1462.0,8,0.0
2021-02-25 11:00:00,262.49,262.55,260.43,260.9,187.0,40,0.0
2021-02-25 12:00:00,260.99,262.05,260.99,261.59,422.0,40,0.0
2021-02-25 13:00:00,261.58,262.67,261.12,262.18,216.0,40,0.0
2021-02-25 14:00:00,261.99,266.82,261.85,265.94,2136.0,16,0.0
2021-02-25 15:00:00,265.96,266.21,260.89,262.25,3264.0,8,0.0
2021-02-25 16:00:00,262.21,262.65,259.15,259.25,2810.0,8,0.0
2021-02-25 17:00:00,259.22,259.75,255.93,256.6,3773.0,8,0.0
2021-02-25 18:00:00,256.52,258.24,255.52,256.59,3892.0,8,0.0
2021-02-25 19:00:00,256.57,259.4,256.26,256.74,2778.0,8,0.0
2021-02-25 20:00:00,256.69,257.14,253.98,255.55,2459.0,8,0.0
2021-02-26 11:00:00,254.0,254.05,252.07,253.16,489.0,40,0.0
2021-02-26 12:00:00,253.16,255.75,252.93,254.6,772.0,40,0.0
2021-02-26 13:00:00,254.32,257.38,254.11,256.82,521.0,40,0.0
2021-02-26 14:00:00,256.79,261.76,256.21,258.08,2747.0,16,0.0
2021-02-26 15:00:00,258.06,261.27,256.46,260.54,4520.0,16,0.0
2021-02-26 16:00:00,260.5,264.11,259.99,263.82,3143.0,8,0.0
2021-02-26 17:00:00,263.86,265.47,263.15,263.57,2279.0,8,0.0
2021-02-26 18:00:00,263.6,265.2,262.3,262.56,2797.0,8,0.0
2021-02-26 19:00:00,262.53,264.11,261.66,264.07,2877.0,8,0.0
2021-02-26 20:00:00,264.11,264.91,261.81,263.16,1949.0,8,0.0
2021-03-01 11:00:00,261.32,261.32,259.93,260.29,397.0,40,0.0
2021-03-01 12:00:00,260.2,261.03,260.15,260.61,346.0,40,0.0
2021-03-01 13:00:00,260.68,260.86,259.89,260.62,253.0,40,0.0
2021-03-01 14:00:00,260.59,261.1,257.85,259.7,2626.0,16,0.0
2021-03-01 15:00:00,259.73,261.89,258.31,261.25,2437.0,8,0.0
2021-03-01 16:00:00,261.28,261.66,259.93,260.25,1480.0,8,0.0
2021-03-01 17:00:00,260.22,262.48,260.2,261.48,1470.0,8,0.0
2021-03-01 18:00:00,261.49,262.42,260.4,262.34,1225.0,8,0.0
2021-03-01 19:00:00,262.38,266.36,262.35,266.12,1445.0,8,0.0
2021-03-01 20:00:00,266.14,266.59,265.12,265.15,1285.0,8,0.0
2021-03-02 11:00:00,263.14,263.45,263.14,263.35,51.0,40,0.0
2021-03-02 12:00:00,263.34,264.77,263.34,264.55,485.0,40,0.0
2021-03-02 13:00:00,264.55,264.92,263.29,263.89,200.0,40,0.0
2021-03-02 14:00:00,263.9,265.99,263.07,264.23,1986.0,16,0.0
2021-03-02 15:00:00,264.17,266.59,263.53,264.15,2671.0,16,0.0
2021-03-02 16:00:00,264.11,264.55,262.92,263.56,2049.0,16,0.0
2021-03-02 17:00:00,263.51,265.47,263.28,264.66,1396.0,8,0.0
2021-03-02 18:00:00,264.69,265.92,264.57,264.97,1264.0,16,0.0
2021-03-02 19:00:00,264.96,265.22,262.5,263.0,1692.0,16,0.0
2021-03-02 20:00:00,263.04,263.36,260.04,260.87,1419.0,8,0.0
2021-03-03 11:00:00,260.97,261.56,260.52,261.01,412.0,16,0.0
2021-03-03 12:00:00,261.01,261.34,259.68,260.27,369.0,40,0.0
2021-03-03 13:00:00,260.42,260.55,257.74,258.91,383.0,40,0.0
2021-03-03 14:00:00,258.81,260.86,257.04,257.18,2761.0,16,0.0
2021-03-03 15:00:00,257.15,259.26,256.35,258.86,4549.0,8,0.0
2021-03-03 16:00:00,258.83,260.81,258.73,258.79,3346.0,8,0.0
2021-03-03 17:00:00,258.81,258.84,256.49,256.49,2934.0,8,0.0
2021-03-03 18:00:00,256.48,257.72,255.54,256.01,2972.0,8,0.0
2021-03-03 19:00:00,256.02,257.68,255.06,257.49,3612.0,8,0.0
2021-03-03 20:00:00,257.45,257.67,256.01,256.65,2756.0,8,0.0
2021-03-04 11:00:00,253.21,254.4,253.08,254.32,333.0,40,0.0
2021-03-04 12:00:00,254.35,255.58,253.87,255.57,476.0,40,0.0
2021-03-04 13:00:00,255.54,256.58,255.29,256.03,293.0,40,0.0
2021-03-04 14:00:00,256.03,259.31,255.46,258.1,3618.0,16,0.0
2021-03-04 15:00:00,258.14,263.12,255.45,261.21,4882.0,8,0.0
2021-03-04 16:00:00,261.27,266.37,261.08,264.09,4103.0,8,0.0
2021-03-04 17:00:00,264.11,265.18,256.64,257.58,5877.0,16,0.0
2021-03-04 18:00:00,257.56,259.17,253.42,253.51,5432.0,8,0.0
2021-03-04 19:00:00,253.5,259.98,253.5,258.91,4507.0,8,0.0
2021-03-04 20:00:00,258.88,259.35,257.13,258.99,3128.0,8,0.0
2021-03-05 11:00:00,256.7,258.75,256.69,257.94,640.0,40,0.0
2021-03-05 12:00:00,257.89,258.73,256.54,258.71,555.0,40,0.0
2021-03-05 13:00:00,258.72,259.18,256.16,259.12,448.0,40,0.0
2021-03-05 14:00:00,259.1,261.96,257.64,259.34,3793.0,16,0.0
2021-03-05 15:00:00,259.4,261.59,257.91,259.39,5454.0,16,0.0
2021-03-05 16:00:00,259.36,259.88,255.55,257.51,4890.0,16,0.0
2021-03-05 17:00:00,257.42,261.28,255.78,261.23,3887.0,8,0.0
2021-03-05 18:00:00,261.2,261.87,258.74,260.26,3352.0,8,0.0
2021-03-05 19:00:00,260.31,263.04,259.42,262.92,2959.0,16,0.0
2021-03-05 20:00:00,262.95,265.02,262.95,264.75,2035.0,8,0.0
2021-03-08 11:00:00,261.13,261.58,259.99,261.08,816.0,40,0.0
2021-03-08 12:00:00,261.13,262.08,260.09,260.78,682.0,40,0.0
2021-03-08 13:00:00,260.97,264.65,260.61,264.48,434.0,40,0.0
2021-03-08 14:00:00,264.47,266.2,260.86,261.12,3448.0,16,0.0
2021-03-08 15:00:00,261.07,264.55,260.73,262.81,3637.0,8,0.0
2021-03-08 16:00:00,262.78,264.0,260.82,260.89,2622.0,8,0.0
2021-03-08 17:00:00,260.92,261.67,259.58,259.6,2205.0,8,0.0
2021-03-08 18:00:00,259.63,260.44,257.57,257.61,2068.0,8,0.0
2021-03-08 19:00:00,257.59,259.54,257.28,258.33,2107.0,8,0.0
2021-03-08 20:00:00,258.3,258.33,256.6,257.57,1805.0,8,0.0
2021-03-09 11:00:00,260.36,261.48,260.34,260.9,333.0,40,0.0
2021-03-09 12:00:00,260.43,260.95,259.56,260.14,309.0,40,0.0
2021-03-09 13:00:00,260.14,261.32,259.96,260.68,592.0,40,0.0
2021-03-09 14:00:00,260.71,263.29,259.77,262.94,2582.0,16,0.0
2021-03-09 15:00:00,262.98,265.4,262.92,263.57,3280.0,8,0.0
2021-03-09 16:00:00,263.58,266.49,263.4,264.95,2212.0,8,0.0
2021-03-09 17:00:00,265.01,265.81,264.51,265.81,1580.0,8,0.0
2021-03-09 18:00:00,265.84,268.48,265.78,268.37,1859.0,8,0.0
2021-03-09 19:00:00,268.4,268.41,267.05,267.23,1627.0,8,0.0
2021-03-09 20:00:00,267.21,268.11,266.82,266.86,1649.0,8,0.0
2021-03-10 11:00:00,265.4,265.52,263.98,264.78,390.0,40,0.0
2021-03-10 12:00:00,264.78,265.88,264.49,265.12,257.0,40,0.0
2021-03-10 13:00:00,265.13,267.55,264.06,267.21,448.0,40,0.0
2021-03-10 14:00:00,267.4,269.44,265.67,266.36,3769.0,16,0.0
2021-03-10 15:00:00,266.4,268.0,262.83,263.8,4346.0,8,0.0
2021-03-10 16:00:00,263.79,265.47,263.33,265.16,3384.0,8,0.0
2021-03-10 17:00:00,265.19,265.54,263.83,265.46,2456.0,8,0.0
2021-03-10 18:00:00,265.48,265.54,263.38,264.1,4224.0,8,0.0
2021-03-10 19:00:00,264.07,266.25,263.85,265.87,2817.0,8,0.0
2021-03-10 20:00:00,265.85,266.11,265.05,265.59,2180.0,8,0.0
2021-03-11 11:00:00,269.11,269.24,268.66,268.85,115.0,60,0.0
2021-03-11 12:00:00,268.69,269.02,267.52,268.48,565.0,40,0.0
2021-03-11 13:00:00,268.48,269.05,267.47,268.1,247.0,40,0.0
2021-03-11 14:00:00,268.1,273.33,266.97,273.04,2993.0,8,0.0
2021-03-11 15:00:00,273.08,274.4,271.27,274.03,2507.0,8,0.0
2021-03-11 16:00:00,274.04,274.89,273.74,274.83,1997.0,8,0.0
2021-03-11 17:00:00,274.86,276.29,274.26,276.17,1949.0,8,0.0
2021-03-11 18:00:00,276.19,277.84,275.45,276.47,2211.0,8,0.0
2021-03-11 19:00:00,276.5,276.85,274.65,274.8,2009.0,8,0.0
2021-03-11 20:00:00,274.82,274.93,273.8,274.33,1678.0,8,0.0
2021-03-12 11:00:00,268.41,269.9,268.28,269.48,395.0,60,0.0
2021-03-12 12:00:00,269.58,271.48,269.58,271.13,420.0,40,0.0
2021-03-12 13:00:00,271.23,271.4,269.87,269.89,226.0,40,0.0
2021-03-12 14:00:00,269.87,270.16,266.38,267.89,3133.0,8,0.0
2021-03-12 15:00:00,267.87,267.87,263.98,264.53,4308.0,8,0.0
2021-03-12 16:00:00,264.51,266.15,264.14,266.13,3074.0,8,0.0
2021-03-12 17:00:00,266.12,267.63,265.65,266.21,2611.0,8,0.0
2021-03-12 18:00:00,266.19,266.61,265.55,265.87,1946.0,8,0.0
2021-03-12 19:00:00,265.9,267.52,265.71,267.36,2293.0,8,0.0
2021-03-12 20:00:00,267.38,269.69,266.76,268.63,1981.0,8,0.0
2021-03-15 10:00:00,268.6,268.65,267.92,268.02,173.0,16,0.0
2021-03-15 11:00:00,268.31,268.56,267.52,267.8,291.0,40,0.0
2021-03-15 12:00:00,267.74,267.78,267.17,267.43,100.0,40,0.0
2021-03-15 13:00:00,267.43,274.09,267.31,272.83,3358.0,8,0.0
2021-03-15 14:00:00,272.79,273.2,271.34,272.45,4286.0,8,0.0
2021-03-15 15:00:00,272.41,273.08,270.9,271.69,3340.0,8,0.0
2021-03-15 16:00:00,271.67,273.05,271.55,272.91,2491.0,8,0.0
2021-03-15 17:00:00,272.93,273.15,271.72,272.47,1834.0,8,0.0
2021-03-15 18:00:00,272.49,275.87,272.37,275.09,2202.0,8,0.0
2021-03-15 19:00:00,275.06,275.09,272.48,272.73,1659.0,8,0.0
2021-03-16 10:00:00,274.1,274.61,274.09,274.5,100.0,40,0.0
2021-03-16 11:00:00,274.5,274.54,274.14,274.49,148.0,40,0.0
2021-03-16 12:00:00,274.49,275.32,274.44,274.95,145.0,40,0.0
2021-03-16 13:00:00,274.95,279.17,274.68,279.05,2646.0,16,0.0
2021-03-16 14:00:00,279.04,282.05,278.34,281.97,3334.0,8,0.0
2021-03-16 15:00:00,281.94,282.04,279.78,280.74,2816.0,8,0.0
2021-03-16 16:00:00,280.72,281.19,278.28,279.16,3183.0,8,0.0
2021-03-16 17:00:00,279.2,281.18,279.13,280.74,2799.0,8,0.0
2021-03-16 18:00:00,280.77,281.55,277.87,279.67,3507.0,8,0.0
2021-03-16 19:00:00,279.66,281.52,279.27,280.6,2344.0,8,0.0
2021-03-17 10:00:00,277.75,278.16,277.23,277.46,127.0,40,0.0
2021-03-17 11:00:00,277.57,277.67,275.0,275.23,513.0,40,0.0
2021-03-17 12:00:00,275.46,276.21,275.07,276.14,233.0,40,0.0
2021-03-17 13:00:00,276.21,279.06,275.34,278.95,3013.0,16,0.0
2021-03-17 14:00:00,278.91,281.8,278.65,279.53,3349.0,8,0.0
2021-03-17 15:00:00,279.51,279.85,277.67,278.51,2794.0,8,0.0
2021-03-17 16:00:00,278.47,279.42,277.78,278.47,2507.0,8,0.0
2021-03-17 17:00:00,278.44,279.91,278.33,279.52,2621.0,8,0.0
2021-03-17 18:00:00,279.71,286.13,279.61,285.89,5231.0,8,0.0
2021-03-17 19:00:00,285.86,286.08,283.08,283.3,2350.0,8,0.0
2021-03-18 10:00:00,280.57,281.45,280.02,281.11,415.0,40,0.0
2021-03-18 11:00:00,281.17,281.45,279.1,279.95,607.0,40,0.0
2021-03-18 12:00:00,279.95,280.77,279.57,279.99,451.0,40,0.0
2021-03-18 13:00:00,279.81,282.86,279.41,282.04,3122.0,16,0.0
2021-03-18 14:00:00,281.98,282.17,279.92,281.65,3760.0,8,0.0
2021-03-18 15:00:00,281.68,284.4,281.55,283.13,3141.0,8,0.0
2021-03-18 16:00:00,283.06,284.39,281.99,282.29,2926.0,8,0.0
2021-03-18 17:00:00,282.35,285.1,282.21,284.81,2660.0,8,0.0
2021-03-18 18:00:00,284.84,284.93,280.25,280.96,3453.0,8,0.0
2021-03-18 19:00:00,280.92,281.64,279.14,279.39,3276.0,8,0.0
2021-03-19 10:00:00,280.5,280.55,279.93,280.47,231.0,40,0.0
2021-03-19 11:00:00,280.47,281.09,279.16,280.63,376.0,40,0.0
2021-03-19 12:00:00,280.82,282.15,280.45,282.08,197.0,40,0.0
2021-03-19 13:00:00,281.9,286.42,279.65,286.0,3816.0,16,0.0
2021-03-19 14:00:00,285.96,291.39,284.86,290.42,4093.0,9,0.0
2021-03-19 15:00:00,290.43,291.58,289.47,290.85,2942.0,8,0.0
2021-03-19 16:00:00,290.93,292.68,289.9,290.17,2453.0,8,0.0
2021-03-19 17:00:00,290.2,291.34,288.92,289.84,2255.0,16,0.0
2021-03-19 18:00:00,289.87,291.5,288.77,291.32,2143.0,8,0.0
2021-03-19 19:00:00,291.28,291.43,288.85,288.94,1702.0,8,0.0
2021-03-22 10:00:00,290.25,290.94,290.23,290.63,94.0,40,0.0
2021-03-22 11:00:00,290.59,291.51,290.49,291.25,157.0,40,0.0
2021-03-22 12:00:00,291.24,291.29,290.66,290.78,131.0,40,0.0
2021-03-22 13:00:00,290.83,294.08,286.77,293.84,3419.0,16,0.0
2021-03-22 14:00:00,293.95,295.21,291.4,294.38,3672.0,16,0.0
2021-03-22 15:00:00,294.41,296.26,293.52,296.2,2386.0,16,0.0
2021-03-22 16:00:00,296.23,299.52,296.2,299.29,2646.0,8,0.0
2021-03-22 17:00:00,299.32,299.63,297.4,298.29,1866.0,16,0.0
2021-03-22 18:00:00,298.35,298.63,297.57,297.91,1860.0,8,0.0
2021-03-22 19:00:00,297.89,297.92,294.79,295.13,1615.0,8,0.0
2021-03-23 10:00:00,290.92,292.86,290.3,292.13,833.0,40,0.0
2021-03-23 11:00:00,292.13,293.16,291.99,292.95,418.0,40,0.0
2021-03-23 12:00:00,292.84,294.28,292.48,293.72,243.0,40,0.0
2021-03-23 13:00:00,293.66,295.61,291.04,291.8,3022.0,16,0.0
2021-03-23 14:00:00,291.77,297.3,291.5,297.3,4060.0,16,0.0
2021-03-23 15:00:00,297.27,297.92,295.2,296.1,3224.0,16,0.0
2021-03-23 16:00:00,296.13,296.66,294.14,295.86,3106.0,16,0.0
2021-03-23 17:00:00,295.91,296.36,293.29,294.06,2142.0,16,0.0
2021-03-23 18:00:00,294.07,295.75,293.34,293.39,2650.0,16,0.0
2021-03-23 19:00:00,293.42,294.13,290.71,291.1,2581.0,16,0.0
2021-03-24 10:00:00,292.37,292.37,291.95,292.07,58.0,40,0.0
2021-03-24 11:00:00,291.97,292.94,291.97,292.63,243.0,40,0.0
2021-03-24 12:00:00,292.64,293.52,292.6,293.02,647.0,40,0.0
2021-03-24 13:00:00,293.05,293.05,288.26,289.47,3445.0,8,0.0
2021-03-24 14:00:00,289.41,291.13,288.35,290.11,3640.0,16,0.0
2021-03-24 15:00:00,290.14,290.97,285.55,286.06,2699.0,8,0.0
2021-03-24 16:00:00,286.03,287.4,285.6,285.77,2538.0,8,0.0
2021-03-24 17:00:00,285.76,285.94,283.52,285.7,2382.0,8,0.0
2021-03-24 18:00:00,285.71,285.87,283.11,283.14,2434.0,8,0.0
2021-03-24 19:00:00,283.2,283.58,281.99,282.93,2285.0,8,0.0
2021-03-25 10:00:00,282.52,282.84,282.15,282.55,297.0,40,0.0
2021-03-25 11:00:00,282.64,283.1,280.35,280.43,472.0,40,0.0
2021-03-25 12:00:00,280.75,281.27,279.26,279.87,612.0,40,0.0
2021-03-25 13:00:00,279.98,286.31,279.32,284.8,3595.0,16,0.0
2021-03-25 14:00:00,284.83,287.95,280.52,282.01,4701.0,16,0.0
2021-03-25 15:00:00,281.98,282.13,278.61,280.32,3699.0,16,0.0
2021-03-25 16:00:00,280.27,282.73,279.16,281.09,2724.0,16,0.0
2021-03-25 17:00:00,281.08,281.59,279.3,279.48,3280.0,8,0.0
2021-03-25 18:00:00,279.46,280.56,278.05,280.36,2863.0,8,0.0
2021-03-25 19:00:00,280.39,281.88,279.42,279.95,2373.0,8,0.0
2021-03-26 10:00:00,279.94,280.62,278.76,278.79,310.0,16,0.0
2021-03-26 11:00:00,278.89,279.39,277.07,277.75,496.0,40,0.0
2021-03-26 12:00:00,277.88,278.48,276.84,278.08,264.0,40,0.0
2021-03-26 13:00:00,278.0,282.32,277.96,280.77,3215.0,16,0.0
2021-03-26 14:00:00,280.83,282.62,279.34,280.28,3358.0,16,0.0
2021-03-26 15:00:00,280.32,282.27,279.58,282.26,2770.0,8,0.0
2021-03-26 16:00:00,282.29,283.94,281.45,282.9,2753.0,16,0.0
2021-03-26 17:00:00,282.93,284.39,281.82,282.19,2715.0,8,0.0
2021-03-26 18:00:00,282.17,282.24,277.73,279.59,3818.0,9,0.0
2021-03-26 19:00:00,279.62,281.77,279.09,281.56,2304.0,8,0.0
2021-03-29 10:00:00,282.14,283.55,282.02,283.39,329.0,40,0.0
2021-03-29 11:00:00,283.37,285.6,283.1,284.58,300.0,40,0.0
2021-03-29 12:00:00,284.58,284.73,284.06,284.23,221.0,40,0.0
2021-03-29 13:00:00,284.16,289.25,283.29,286.56,3356.0,16,0.0
2021-03-29 14:00:00,286.6,289.13,285.7,288.13,4242.0,16,0.0
2021-03-29 15:00:00,288.03,288.74,286.16,287.88,3279.0,16,0.0
2021-03-29 16:00:00,287.9,289.79,286.51,289.68,2650.0,8,0.0
2021-03-29 17:00:00,289.72,293.06,289.69,292.96,2625.0,16,0.0
2021-03-29 18:00:00,292.98,293.05,289.31,290.2,3118.0,8,0.0
2021-03-29 19:00:00,290.23,291.98,290.23,291.1,1945.0,8,0.0
2021-03-30 10:00:00,290.47,290.83,288.67,289.26,373.0,16,0.0
2021-03-30 11:00:00,289.23,289.52,288.86,289.24,315.0,40,0.0
2021-03-30 12:00:00,289.12,290.01,288.65,289.01,209.0,40,0.0
2021-03-30 13:00:00,289.01,291.83,289.01,291.35,2665.0,16,0.0
2021-03-30 14:00:00,291.4,292.37,289.2,290.12,3543.0,16,0.0
2021-03-30 15:00:00,290.14,290.87,288.06,288.53,2893.0,16,0.0
2021-03-30 16:00:00,288.51,289.78,287.86,289.2,2248.0,8,0.0
2021-03-30 17:00:00,289.15,289.73,288.2,289.56,2150.0,8,0.0
2021-03-30 18:00:00,289.53,290.19,288.41,288.75,2334.0,8,0.0
2021-03-30 19:00:00,288.74,288.87,288.05,288.21,1720.0,8,0.0
2021-03-31 10:00:00,288.25,289.49,288.25,289.26,475.0,16,0.0
2021-03-31 11:00:00,289.34,290.16,289.05,289.07,265.0,40,0.0
2021-03-31 12:00:00,289.16,289.74,289.0,289.71,158.0,40,0.0
2021-03-31 13:00:00,289.58,292.01,288.55,291.5,1664.0,16,0.0
2021-03-31 14:00:00,291.52,295.24,290.79,294.6,2057.0,16,0.0
2021-03-31 15:00:00,294.59,295.3,293.77,295.19,1451.0,16,0.0
2021-03-31 16:00:00,295.15,296.23,294.86,295.78,1187.0,16,0.0
2021-03-31 17:00:00,295.8,296.4,295.0,295.84,1039.0,16,0.0
2021-03-31 18:00:00,295.87,296.06,294.36,295.87,1531.0,16,0.0
2021-03-31 19:00:00,295.84,296.14,294.58,294.87,1129.0,16,0.0
2021-04-01 10:00:00,296.65,297.29,296.52,297.06,81.0,40,0.0
2021-04-01 11:00:00,297.06,298.88,297.06,297.96,328.0,40,0.0
2021-04-01 12:00:00,297.87,298.52,296.95,297.6,200.0,40,0.0
2021-04-01 13:00:00,297.46,302.25,297.35,301.47,2844.0,16,0.0
2021-04-01 14:00:00,301.43,301.43,298.01,298.99,2942.0,16,0.0
2021-04-01 15:00:00,298.96,299.8,298.27,298.74,2119.0,8,0.0
2021-04-01 16:00:00,298.71,299.44,298.27,298.72,1589.0,8,0.0
2021-04-01 17:00:00,298.74,298.93,296.54,297.26,1697.0,8,0.0
2021-04-01 18:00:00,297.24,298.46,297.03,298.21,1628.0,8,0.0
2021-04-01 19:00:00,298.2,298.52,297.27,298.33,1595.0,8,0.0
2021-04-05 10:00:00,298.57,298.65,295.15,296.15,156.0,16,0.0
2021-04-05 11:00:00,296.93,298.35,296.53,298.13,166.0,40,0.0
2021-04-05 12:00:00,297.76,300.53,297.7,299.9,332.0,40,0.0
2021-04-05 13:00:00,299.94,307.13,299.52,306.33,3497.0,16,0.0
2021-04-05 14:00:00,306.36,308.26,304.76,307.06,3367.0,16,0.0
2021-04-05 15:00:00,307.09,309.85,307.09,309.75,2425.0,16,0.0
2021-04-05 16:00:00,309.76,310.68,307.88,308.47,2211.0,16,0.0
2021-04-05 17:00:00,308.51,309.09,306.82,307.81,1769.0,16,0.0
2021-04-05 18:00:00,307.84,308.98,307.49,308.07,1620.0,16,0.0
2021-04-05 19:00:00,308.06,308.52,307.12,307.57,1526.0,8,0.0
2021-04-06 10:00:00,307.8,307.85,307.32,307.53,112.0,16,0.0
2021-04-06 11:00:00,307.67,309.19,307.67,309.06,278.0,40,0.0
2021-04-06 12:00:00,309.09,309.59,308.97,309.4,228.0,40,0.0
2021-04-06 13:00:00,309.4,311.23,307.5,308.32,2680.0,16,0.0
2021-04-06 14:00:00,308.35,308.64,305.64,306.75,3039.0,16,0.0
2021-04-06 15:00:00,306.78,308.39,306.55,307.89,2135.0,16,0.0
2021-04-06 16:00:00,307.92,308.29,307.22,307.57,2050.0,8,0.0
2021-04-06 17:00:00,307.55,307.68,305.99,307.24,2215.0,8,0.0
2021-04-06 18:00:00,307.25,307.71,306.43,307.12,2099.0,8,0.0
2021-04-06 19:00:00,307.15,307.65,306.43,306.6,1823.0,8,0.0
2021-04-07 10:00:00,305.88,307.18,305.74,306.7,152.0,40,0.0
2021-04-07 11:00:00,306.61,306.66,305.95,306.22,227.0,40,0.0
2021-04-07 12:00:00,306.22,306.44,305.42,305.62,224.0,40,0.0
2021-04-07 13:00:00,305.65,308.75,305.33,307.49,1721.0,16,0.0
2021-04-07 14:00:00,307.46,311.74,307.24,311.37,2152.0,16,0.0
2021-04-07 15:00:00,311.4,313.03,310.18,310.98,1734.0,16,0.0
2021-04-07 16:00:00,311.0,311.66,309.66,310.77,1448.0,16,0.0
2021-04-07 17:00:00,310.76,313.14,310.57,312.89,1437.0,16,0.0
2021-04-07 18:00:00,312.85,314.14,312.16,312.46,1581.0,16,0.0
2021-04-07 19:00:00,312.48,313.34,311.14,311.85,1170.0,16,0.0
2021-04-08 10:00:00,315.49,315.94,315.32,315.81,110.0,60,0.0
2021-04-08 11:00:00,315.87,315.9,315.3,315.48,132.0,40,0.0
2021-04-08 12:00:00,315.48,315.7,314.91,315.12,189.0,40,0.0
2021-04-08 13:00:00,315.12,315.77,310.61,313.44,2318.0,16,0.0
2021-04-08 14:00:00,313.41,313.48,309.99,312.27,2446.0,16,0.0
2021-04-08 15:00:00,312.31,313.06,311.62,311.94,1755.0,16,0.0
2021-04-08 16:00:00,311.95,311.98,310.55,311.01,1393.0,16,0.0
2021-04-08 17:00:00,311.0,313.0,310.98,312.79,1685.0,8,0.0
2021-04-08 18:00:00,312.8,313.72,312.51,312.71,1709.0,8,0.0
2021-04-08 19:00:00,312.67,313.27,312.24,313.03,994.0,8,0.0
2021-04-09 10:00:00,311.63,312.03,311.1,312.0,233.0,40,0.0
2021-04-09 11:00:00,312.0,312.74,311.75,312.19,168.0,40,0.0
2021-04-09 12:00:00,312.16,312.19,309.93,310.53,250.0,40,0.0
2021-04-09 13:00:00,310.53,314.47,310.05,313.05,1950.0,16,0.0
2021-04-09 14:00:00,313.08,314.63,311.67,311.7,1909.0,16,0.0
2021-04-09 15:00:00,311.72,312.84,311.15,312.61,1563.0,16,0.0
2021-04-09 16:00:00,312.6,312.97,311.5,311.7,1275.0,16,0.0
2021-04-09 17:00:00,311.72,312.59,311.65,311.81,943.0,16,0.0
2021-04-09 18:00:00,311.83,312.07,310.49,310.86,1604.0,8,0.0
2021-04-09 19:00:00,310.89,311.97,310.26,311.9,1260.0,8,0.0
2021-04-12 10:00:00,311.09,311.13,310.39,310.77,178.0,40,0.0
2021-04-12 11:00:00,310.81,311.48,310.1,311.01,150.0,40,0.0
2021-04-12 12:00:00,310.99,311.44,310.95,311.16,78.0,40,0.0
2021-04-12 13:00:00,311.16,311.76,307.89,309.57,1895.0,16,0.0
2021-04-12 14:00:00,309.54,310.81,308.91,310.08,1819.0,16,0.0
2021-04-12 15:00:00,310.11,310.95,308.89,309.98,1384.0,16,0.0
2021-04-12 16:00:00,309.95,310.86,309.34,310.51,1002.0,16,0.0
2021-04-12 17:00:00,310.48,310.81,310.02,310.56,968.0,16,0.0
2021-04-12 18:00:00,310.55,311.48,309.93,310.11,1146.0,16,0.0
2021-04-12 19:00:00,310.08,310.89,309.6,310.89,963.0,16,0.0
2021-04-13 10:00:00,311.19,311.19,310.4,310.53,181.0,16,0.0
2021-04-13 11:00:00,310.4,311.42,309.92,311.12,500.0,40,0.0
2021-04-13 12:00:00,311.08,313.19,311.08,313.1,261.0,40,0.0
2021-04-13 13:00:00,313.11,313.63,310.75,312.5,1744.0,16,0.0
2021-04-13 14:00:00,312.56,314.34,311.13,311.49,1917.0,16,0.0
2021-04-13 15:00:00,311.46,312.83,311.35,312.37,1429.0,16,0.0
2021-04-13 16:00:00,312.39,313.18,312.08,312.8,979.0,16,0.0
2021-04-13 17:00:00,312.83,313.33,312.01,312.14,708.0,16,0.0
2021-04-13 18:00:00,312.15,312.38,311.78,311.89,1264.0,8,0.0
2021-04-13 19:00:00,311.86,311.96,309.8,310.05,790.0,16,0.0
2021-04-14 10:00:00,309.73,310.01,309.36,309.55,173.0,16,0.0
2021-04-14 11:00:00,309.55,310.3,309.52,309.91,286.0,40,0.0
2021-04-14 12:00:00,309.91,309.94,309.08,309.17,391.0,40,0.0
2021-04-14 13:00:00,309.17,309.17,304.28,305.43,2017.0,16,0.0
2021-04-14 14:00:00,305.37,306.43,303.8,304.36,1971.0,16,0.0
2021-04-14 15:00:00,304.41,304.85,302.89,304.58,1558.0,16,0.0
2021-04-14 16:00:00,304.59,304.95,302.99,304.62,1293.0,16,0.0
2021-04-14 17:00:00,304.63,305.07,303.57,303.87,1032.0,16,0.0
2021-04-14 18:00:00,303.86,303.95,302.47,302.63,1498.0,16,0.0
2021-04-14 19:00:00,302.62,304.1,301.91,303.19,1324.0,8,0.0
2021-04-15 10:00:00,304.36,305.09,303.92,304.81,317.0,40,0.0
2021-04-15 11:00:00,304.74,305.18,304.51,304.88,73.0,40,0.0
2021-04-15 12:00:00,304.81,306.16,304.73,305.29,241.0,40,0.0
2021-04-15 13:00:00,305.4,307.67,304.06,306.62,2011.0,16,0.0
2021-04-15 14:00:00,306.69,308.99,305.61,307.69,2180.0,16,0.0
2021-04-15 15:00:00,307.72,308.61,306.62,306.84,1464.0,16,0.0
2021-04-15 16:00:00,306.88,308.98,306.72,308.91,1042.0,16,0.0
2021-04-15 17:00:00,308.96,310.03,308.22,308.82,1079.0,16,0.0
2021-04-15 18:00:00,308.81,309.4,307.67,307.7,1163.0,16,0.0
2021-04-15 19:00:00,307.72,308.02,306.8,307.37,954.0,8,0.0
2021-04-16 10:00:00,307.36,307.5,307.11,307.49,66.0,16,0.0
2021-04-16 11:00:00,307.38,307.97,307.26,307.87,210.0,16,0.0
2021-04-16 12:00:00,307.84,308.62,307.84,308.61,73.0,40,0.0
2021-04-16 13:00:00,308.55,309.36,304.71,305.03,1954.0,16,0.0
2021-04-16 14:00:00,304.99,307.34,304.89,305.92,1953.0,16,0.0
2021-04-16 15:00:00,305.96,306.31,304.82,305.09,1140.0,16,0.0
2021-04-16 16:00:00,305.07,305.75,304.74,304.89,881.0,16,0.0
2021-04-16 17:00:00,304.91,305.65,304.6,304.89,1239.0,8,0.0
2021-04-16 18:00:00,304.88,306.18,304.84,306.13,1546.0,8,0.0
2021-04-16 19:00:00,306.15,306.23,305.58,306.04,1085.0,8,0.0
2021-04-19 10:00:00,305.96,306.13,304.94,305.37,326.0,16,0.0
2021-04-19 11:00:00,305.31,305.71,305.18,305.52,159.0,40,0.0
2021-04-19 12:00:00,305.45,305.45,304.65,305.06,82.0,40,0.0
2021-04-19 13:00:00,305.11,307.59,304.66,305.24,1499.0,16,0.0
2021-04-19 14:00:00,305.21,305.57,302.17,304.04,2501.0,16,0.0
2021-04-19 15:00:00,304.01,304.87,302.38,302.7,1983.0,16,0.0
2021-04-19 16:00:00,302.68,302.71,300.5,301.6,1795.0,16,0.0
2021-04-19 17:00:00,301.58,302.86,301.33,302.1,1442.0,16,0.0
2021-04-19 18:00:00,302.07,302.7,301.32,302.07,1314.0,16,0.0
2021-04-19 19:00:00,302.08,302.08,300.75,301.75,1047.0,8,0.0
2021-04-20 10:00:00,301.22,301.74,300.4,301.32,182.0,40,0.0
2021-04-20 11:00:00,301.23,301.58,300.89,301.51,107.0,40,0.0
2021-04-20 12:00:00,301.53,301.59,301.03,301.32,97.0,40,0.0
2021-04-20 13:00:00,301.21,302.27,298.73,301.33,1732.0,16,0.0
2021-04-20 14:00:00,301.3,301.68,298.94,299.57,2533.0,16,0.0
2021-04-20 15:00:00,299.59,299.91,297.17,298.83,2244.0,16,0.0
2021-04-20 16:00:00,298.84,300.33,298.65,299.65,1234.0,16,0.0
2021-04-20 17:00:00,299.61,302.36,299.49,302.24,1253.0,16,0.0
2021-04-20 18:00:00,302.21,304.95,301.01,301.41,2414.0,16,0.0
2021-04-20 19:00:00,301.39,303.53,301.38,303.42,1190.0,16,0.0
2021-04-21 10:00:00,301.08,301.41,300.72,301.41,141.0,40,0.0
2021-04-21 11:00:00,301.28,301.45,300.81,300.86,105.0,40,0.0
2021-04-21 12:00:00,300.79,301.1,300.21,300.89,87.0,40,0.0
2021-04-21 13:00:00,300.88,302.08,297.83,299.84,1880.0,16,0.0
2021-04-21 14:00:00,299.9,299.9,297.31,297.9,2288.0,16,0.0
2021-04-21 15:00:00,297.93,300.98,297.72,300.91,1502.0,16,0.0
2021-04-21 16:00:00,300.94,300.94,298.87,299.18,1189.0,16,0.0
2021-04-21 17:00:00,299.16,300.16,298.91,300.06,904.0,16,0.0
2021-04-21 18:00:00,300.05,300.45,299.61,299.68,796.0,16,0.0
2021-04-21 19:00:00,299.64,300.72,299.6,300.71,660.0,16,0.0
2021-04-22 10:00:00,301.04,301.23,297.5,299.77,412.0,40,0.0
2021-04-22 11:00:00,299.83,301.22,299.63,299.86,414.0,40,0.0
2021-04-22 12:00:00,300.14,301.29,299.91,300.69,188.0,40,0.0
2021-04-22 13:00:00,300.83,302.84,300.09,302.3,1933.0,16,0.0
2021-04-22 14:00:00,302.28,302.63,300.99,301.6,1797.0,16,0.0
2021-04-22 15:00:00,301.62,301.74,300.62,301.06,1168.0,16,0.0
2021-04-22 16:00:00,301.09,302.26,300.04,301.92,984.0,16,0.0
2021-04-22 17:00:00,301.94,302.17,297.19,297.86,2849.0,16,0.0
2021-04-22 18:00:00,297.83,298.06,296.66,297.38,1909.0,16,0.0
2021-04-22 19:00:00,297.44,297.99,296.05,296.91,1413.0,16,0.0
2021-04-23 10:00:00,298.44,298.57,298.13,298.3,32.0,40,0.0
2021-04-23 11:00:00,298.41,298.48,297.57,298.07,206.0,40,0.0
2021-04-23 12:00:00,298.02,298.43,297.53,298.18,221.0,40,0.0
2021-04-23 13:00:00,298.19,299.34,297.51,297.85,1666.0,16,0.0
2021-04-23 14:00:00,297.82,299.06,297.11,298.87,1750.0,16,0.0
2021-04-23 15:00:00,298.92,299.12,298.31,299.0,1174.0,16,0.0
2021-04-23 16:00:00,299.03,302.04,299.03,301.67,1590.0,16,0.0
2021-04-23 17:00:00,301.71,301.89,300.38,300.91,970.0,16,0.0
2021-04-23 18:00:00,300.93,301.8,300.62,301.61,975.0,8,0.0
2021-04-23 19:00:00,301.59,302.55,301.46,301.6,1163.0,8,0.0
2021-04-26 10:00:00,301.17,301.47,300.65,301.2,172.0,16,0.0
2021-04-26 11:00:00,301.37,301.64,300.82,301.57,240.0,40,0.0
2021-04-26 12:00:00,301.59,302.77,301.42,302.66,209.0,40,0.0
2021-04-26 13:00:00,302.69,305.02,302.2,304.01,2112.0,16,0.0
2021-04-26 14:00:00,304.03,305.66,303.39,303.51,1962.0,16,0.0
2021-04-26 15:00:00,303.47,303.77,302.31,302.62,1784.0,8,0.0
2021-04-26 16:00:00,302.61,303.43,301.8,302.08,1301.0,8,0.0
2021-04-26 17:00:00,302.11,302.79,301.5,302.03,1171.0,16,0.0
2021-04-26 18:00:00,302.01,303.1,301.99,303.09,866.0,8,0.0
2021-04-26 19:00:00,303.13,303.88,302.22,302.81,1022.0,16,0.0
2021-04-27 10:00:00,303.2,303.81,303.2,303.76,35.0,40,0.0
2021-04-27 11:00:00,303.65,304.47,303.59,304.0,121.0,40,0.0
2021-04-27 12:00:00,304.04,304.34,303.93,304.08,99.0,40,0.0
2021-04-27 13:00:00,304.06,305.08,301.46,302.05,1707.0,16,0.0
2021-04-27 14:00:00,302.11,303.79,301.24,302.7,2073.0,16,0.0
2021-04-27 15:00:00,302.68,304.31,302.52,303.8,2248.0,8,0.0
2021-04-27 16:00:00,303.82,305.12,303.46,304.87,1562.0,8,0.0
2021-04-27 17:00:00,304.88,305.24,304.18,304.18,1752.0,8,0.0
2021-04-27 18:00:00,304.19,305.24,303.67,304.72,1667.0,8,0.0
2021-04-27 19:00:00,304.69,305.11,304.44,305.05,1289.0,8,0.0
2021-04-28 10:00:00,308.51,309.56,308.51,309.52,101.0,60,0.0
2021-04-28 11:00:00,309.39,310.06,309.14,309.58,184.0,40,0.0
2021-04-28 12:00:00,309.55,310.02,308.52,309.14,240.0,40,0.0
2021-04-28 13:00:00,309.12,310.14,306.27,310.08,2715.0,16,0.0
2021-04-28 14:00:00,310.11,310.78,305.81,306.8,2798.0,16,0.0
2021-04-28 15:00:00,306.79,307.49,305.3,305.98,1936.0,16,0.0
2021-04-28 16:00:00,305.92,307.03,305.42,306.71,1503.0,16,0.0
2021-04-28 17:00:00,306.7,307.42,306.36,307.3,1324.0,16,0.0
2021-04-28 18:00:00,307.26,309.79,306.45,309.47,2260.0,16,0.0
2021-04-28 19:00:00,309.5,309.5,308.01,308.78,1716.0,8,0.0
2021-04-29 10:00:00,328.64,329.45,328.33,329.15,203.0,60,0.0
2021-04-29 11:00:00,329.17,330.43,328.21,329.94,511.0,40,0.0
2021-04-29 12:00:00,330.02,332.46,329.85,331.26,934.0,40,0.0
2021-04-29 13:00:00,331.2,331.75,323.56,325.4,4854.0,16,0.0
2021-04-29 14:00:00,325.35,326.57,321.61,323.72,4426.0,16,0.0
2021-04-29 15:00:00,323.69,327.2,322.71,323.54,2976.0,16,0.0
2021-04-29 16:00:00,323.52,326.6,322.71,326.31,2741.0,16,0.0
2021-04-29 17:00:00,326.37,327.9,325.15,327.55,1980.0,16,0.0
2021-04-29 18:00:00,327.59,329.91,327.06,329.89,1689.0,16,0.0
2021-04-29 19:00:00,329.9,330.65,328.62,330.65,1395.0,16,0.0
2021-04-30 10:00:00,326.68,326.72,325.49,326.0,127.0,60,0.0
2021-04-30 11:00:00,326.04,327.24,325.88,326.93,192.0,40,0.0
2021-04-30 12:00:00,327.06,327.13,325.13,326.32,360.0,40,0.0
2021-04-30 13:00:00,326.27,329.71,325.59,328.85,2248.0,16,0.0
2021-04-30 14:00:00,328.8,328.9,325.56,325.56,2455.0,16,0.0
2021-04-30 15:00:00,325.53,327.16,325.17,325.59,1945.0,16,0.0
2021-04-30 16:00:00,325.6,326.39,324.5,325.45,1466.0,16,0.0
2021-04-30 17:00:00,325.4,326.07,325.03,325.48,1410.0,16,0.0
2021-04-30 18:00:00,325.46,326.54,325.28,325.91,1364.0,16,0.0
2021-04-30 19:00:00,325.94,326.27,325.05,325.91,1474.0,8,0.0
2021-05-03 10:00:00,323.19,324.22,323.18,324.09,165.0,40,0.0
2021-05-03 11:00:00,324.08,325.51,324.08,325.17,147.0,40,0.0
2021-05-03 12:00:00,325.19,325.7,325.03,325.42,88.0,40,0.0
2021-05-03 13:00:00,325.48,327.76,323.66,326.33,1939.0,16,0.0
2021-05-03 14:00:00,326.32,328.39,324.2,325.16,2649.0,16,0.0
2021-05-03 15:00:00,325.12,325.38,322.21,323.09,2195.0,16,0.0
2021-05-03 16:00:00,323.07,323.42,322.25,323.14,1448.0,16,0.0
2021-05-03 17:00:00,323.17,323.28,321.9,322.58,1252.0,16,0.0
2021-05-03 18:00:00,322.6,323.84,322.6,323.63,1263.0,8,0.0
2021-05-03 19:00:00,323.65,323.69,322.72,322.81,1955.0,8,0.0
2021-05-04 10:00:00,321.59,321.68,321.07,321.18,125.0,40,0.0
2021-05-04 11:00:00,321.28,321.42,318.82,319.58,548.0,40,0.0
2021-05-04 12:00:00,320.16,320.39,318.53,319.37,333.0,40,0.0
2021-05-04 13:00:00,319.41,321.92,315.57,315.66,2580.0,16,0.0
2021-05-04 14:00:00,315.64,316.64,313.38,315.25,3288.0,16,0.0
2021-05-04 15:00:00,315.26,316.17,313.07,313.74,2553.0,16,0.0
2021-05-04 16:00:00,313.75,315.25,313.25,313.68,1945.0,16,0.0
2021-05-04 17:00:00,313.69,315.09,313.64,314.04,1606.0,16,0.0
2021-05-04 18:00:00,314.08,316.3,313.77,316.07,1609.0,16,0.0
2021-05-04 19:00:00,316.05,317.64,315.44,317.05,1389.0,16,0.0
2021-05-05 10:00:00,319.36,319.75,319.02,319.64,88.0,40,0.0
2021-05-05 11:00:00,319.6,319.66,319.14,319.46,137.0,40,0.0
2021-05-05 12:00:00,319.44,320.37,319.02,319.31,160.0,40,0.0
2021-05-05 13:00:00,319.1,320.96,316.97,319.08,2300.0,16,0.0
2021-05-05 14:00:00,319.18,319.7,316.7,318.57,2822.0,16,0.0
2021-05-05 15:00:00,318.53,318.99,317.52,318.32,1500.0,16,0.0
2021-05-05 16:00:00,318.34,319.39,317.61,317.73,1315.0,16,0.0
2021-05-05 17:00:00,317.7,317.79,316.47,316.48,1253.0,16,0.0
2021-05-05 18:00:00,316.51,317.11,315.54,316.62,2402.0,8,0.0
2021-05-05 19:00:00,316.59,316.79,314.7,315.28,2780.0,8,0.0
2021-05-06 10:00:00,315.75,316.24,315.08,315.17,225.0,40,0.0
2021-05-06 11:00:00,316.11,316.11,314.97,315.52,112.0,40,0.0
2021-05-06 12:00:00,315.46,315.46,314.0,314.55,99.0,40,0.0
2021-05-06 13:00:00,314.31,316.66,313.62,314.91,2211.0,16,0.0
2021-05-06 14:00:00,314.87,316.11,313.24,315.89,2772.0,16,0.0
2021-05-06 15:00:00,315.92,318.47,314.58,317.95,2295.0,16,0.0
2021-05-06 16:00:00,317.98,319.27,317.13,318.39,1776.0,16,0.0
2021-05-06 17:00:00,318.36,319.52,317.42,317.45,2037.0,16,0.0
2021-05-06 18:00:00,317.41,318.11,316.52,317.35,2168.0,16,0.0
2021-05-06 19:00:00,317.36,319.32,317.25,318.64,1790.0,8,0.0
2021-05-07 10:00:00,321.07,321.71,320.99,321.67,117.0,40,0.0
2021-05-07 11:00:00,321.55,321.56,320.96,321.12,136.0,40,0.0
2021-05-07 12:00:00,321.01,326.22,320.42,324.61,523.0,40,0.0
2021-05-07 13:00:00,324.55,324.91,318.67,320.43,3074.0,16,0.0
2021-05-07 14:00:00,320.47,322.47,319.84,321.08,2627.0,16,0.0
2021-05-07 15:00:00,321.05,321.74,320.5,321.38,1552.0,16,0.0
2021-05-07 16:00:00,321.35,321.38,319.74,319.77,1405.0,16,0.0
2021-05-07 17:00:00,319.75,320.09,319.18,319.66,1345.0,16,0.0
2021-05-07 18:00:00,319.59,320.6,319.09,320.55,1249.0,9,0.0
2021-05-07 19:00:00,320.59,320.9,319.69,319.71,1598.0,8,0.0
2021-05-10 10:00:00,315.48,316.05,313.77,314.59,432.0,40,0.0
2021-05-10 11:00:00,314.64,315.14,314.48,315.12,200.0,40,0.0
2021-05-10 12:00:00,315.19,315.19,313.99,314.2,157.0,40,0.0
2021-05-10 13:00:00,314.14,314.47,308.73,309.59,2484.0,16,0.0
2021-05-10 14:00:00,309.66,309.91,305.64,306.27,2805.0,16,0.0
2021-05-10 15:00:00,306.31,308.09,305.37,308.05,1928.0,16,0.0
2021-05-10 16:00:00,308.07,308.78,307.77,308.1,1429.0,16,0.0
2021-05-10 17:00:00,308.13,308.51,306.3,306.6,1339.0,8,0.0
2021-05-10 18:00:00,306.63,306.82,304.75,305.13,2010.0,16,0.0
2021-05-10 19:00:00,305.11,307.06,304.96,307.06,1658.0,8,0.0
2021-05-11 10:00:00,300.51,301.18,300.47,301.0,167.0,60,0.0
2021-05-11 11:00:00,301.05,301.27,299.04,299.17,231.0,60,0.0
2021-05-11 12:00:00,299.39,300.42,298.72,298.95,418.0,40,0.0
2021-05-11 13:00:00,298.88,303.75,297.43,303.5,2744.0,16,0.0
2021-05-11 14:00:00,303.52,303.76,300.73,302.53,3319.0,16,0.0
2021-05-11 15:00:00,302.47,305.72,300.22,305.13,2671.0,16,0.0
2021-05-11 16:00:00,305.2,306.47,304.06,304.42,1989.0,16,0.0
2021-05-11 17:00:00,304.43,306.37,304.27,305.63,1514.0,16,0.0
2021-05-11 18:00:00,305.6,306.75,304.91,306.21,1930.0,16,0.0
2021-05-11 19:00:00,306.18,306.75,305.06,305.62,1396.0,16,0.0
2021-05-12 10:00:00,304.61,305.77,304.26,304.28,299.0,40,0.0
2021-05-12 11:00:00,304.52,305.0,304.25,304.43,176.0,40,0.0
2021-05-12 12:00:00,304.61,305.03,300.78,301.96,317.0,40,0.0
2021-05-12 13:00:00,301.88,304.74,300.55,302.17,2832.0,16,0.0
2021-05-12 14:00:00,302.14,302.67,298.91,299.55,3388.0,16,0.0
2021-05-12 15:00:00,299.5,301.36,298.91,299.18,2161.0,8,0.0
2021-05-12 16:00:00,299.14,300.35,298.14,300.32,2179.0,8,0.0
2021-05-12 17:00:00,300.29,301.54,300.11,301.11,1945.0,8,0.0
2021-05-12 18:00:00,301.14,304.66,300.79,303.85,2415.0,16,0.0
2021-05-12 19:00:00,303.79,304.85,303.21,303.53,1933.0,16,0.0
2021-05-13 10:00:00,301.82,302.32,301.01,301.67,405.0,40,0.0
2021-05-13 11:00:00,301.43,305.25,301.28,304.53,470.0,40,0.0
2021-05-13 12:00:00,304.55,306.66,303.52,305.19,317.0,40,0.0
2021-05-13 13:00:00,305.0,307.6,303.4,305.67,2692.0,16,0.0
2021-05-13 14:00:00,305.75,308.76,305.54,308.18,2494.0,16,0.0
2021-05-13 15:00:00,308.2,308.24,304.76,305.32,2375.0,16,0.0
2021-05-13 16:00:00,305.26,306.84,304.69,304.98,1951.0,16,0.0
2021-05-13 17:00:00,305.01,306.1,302.69,303.74,2301.0,16,0.0
2021-05-13 18:00:00,303.71,305.6,303.69,305.19,2285.0,16,0.0
2021-05-13 19:00:00,305.21,306.92,304.87,306.86,1594.0,16,0.0
2021-05-14 10:00:00,308.69,308.92,308.11,308.46,54.0,40,0.0
2021-05-14 11:00:00,308.36,309.09,308.26,308.67,226.0,40,0.0
2021-05-14 12:00:00,308.63,308.64,307.54,308.53,148.0,40,0.0
2021-05-14 13:00:00,308.52,313.3,308.22,312.08,2276.0,16,0.0
2021-05-14 14:00:00,312.09,313.54,311.44,313.03,2341.0,16,0.0
2021-05-14 15:00:00,313.05,313.12,311.78,312.44,1308.0,16,0.0
2021-05-14 16:00:00,312.45,314.03,312.34,313.88,1026.0,16,0.0
2021-05-14 17:00:00,313.89,314.69,313.35,314.68,1955.0,8,0.0
2021-05-14 18:00:00,314.73,316.64,314.58,316.32,1462.0,8,0.0
2021-05-14 19:00:00,316.3,316.62,315.5,315.57,1575.0,8,0.0
2021-05-17 10:00:00,314.71,314.82,314.35,314.4,35.0,16,0.0
2021-05-17 11:00:00,314.54,314.75,313.38,313.53,101.0,40,0.0
2021-05-17 12:00:00,313.57,314.43,313.5,314.17,70.0,40,0.0
2021-05-17 13:00:00,314.06,315.21,311.53,314.61,2096.0,16,0.0
2021-05-17 14:00:00,314.57,315.21,312.69,314.34,2931.0,16,0.0
2021-05-17 15:00:00,314.37,314.7,312.26,312.55,2155.0,16,0.0
2021-05-17 16:00:00,312.53,313.24,312.04,312.22,1467.0,16,0.0
2021-05-17 17:00:00,312.19,312.82,311.56,312.31,1607.0,16,0.0
2021-05-17 18:00:00,312.28,314.64,312.06,314.46,1559.0,16,0.0
2021-05-17 19:00:00,314.49,315.39,314.16,315.39,1304.0,16,0.0
2021-05-18 10:00:00,317.36,317.37,317.35,317.37,6.0,60,0.0
2021-05-18 11:00:00,317.32,317.67,316.88,316.93,163.0,40,0.0
2021-05-18 12:00:00,316.97,317.57,316.86,317.02,139.0,40,0.0
2021-05-18 13:00:00,317.11,317.15,313.07,314.04,2120.0,16,0.0
2021-05-18 14:00:00,314.08,316.24,313.42,315.64,2310.0,16,0.0
2021-05-18 15:00:00,315.66,315.78,313.23,313.27,1641.0,16,0.0
2021-05-18 16:00:00,313.24,314.82,313.24,313.93,1216.0,9,0.0
2021-05-18 17:00:00,313.95,314.19,313.06,313.41,1143.0,16,0.0
2021-05-18 18:00:00,313.44,313.79,311.21,311.9,1779.0,16,0.0
2021-05-18 19:00:00,311.88,312.75,311.76,312.28,1225.0,8,0.0
2021-05-19 10:00:00,305.21,305.94,304.88,305.85,184.0,60,0.0
2021-05-19 11:00:00,305.98,306.15,305.01,305.37,398.0,60,0.0
2021-05-19 12:00:00,305.27,306.43,304.69,304.69,197.0,40,0.0
2021-05-19 13:00:00,304.93,307.42,303.11,306.11,2838.0,16,0.0
2021-05-19 14:00:00,306.05,309.08,305.21,308.04,3524.0,16,0.0
2021-05-19 15:00:00,308.05,311.23,307.78,310.95,2385.0,16,0.0
2021-05-19 16:00:00,310.9,311.96,310.55,311.0,1905.0,16,0.0
2021-05-19 17:00:00,311.02,312.66,311.01,312.18,1550.0,16,0.0
2021-05-19 18:00:00,312.14,314.52,310.93,311.84,3433.0,16,0.0
2021-05-19 19:00:00,311.81,313.57,310.89,311.91,1933.0,16,0.0
2021-05-20 10:00:00,311.37,311.79,310.75,311.79,128.0,16,0.0
2021-05-20 11:00:00,311.98,314.26,311.98,313.72,335.0,40,0.0
2021-05-20 12:00:00,313.67,314.8,313.31,314.31,117.0,40,0.0
2021-05-20 13:00:00,314.38,318.31,312.55,316.21,2061.0,16,0.0
2021-05-20 14:00:00,316.25,318.0,315.79,316.11,1970.0,16,0.0
2021-05-20 15:00:00,316.08,317.84,315.23,317.35,1455.0,16,0.0
2021-05-20 16:00:00,317.38,317.78,316.74,316.75,1565.0,8,0.0
2021-05-20 17:00:00,316.72,318.55,316.67,317.89,1198.0,8,0.0
2021-05-20 18:00:00,317.87,319.09,317.64,318.64,1844.0,8,0.0
2021-05-20 19:00:00,318.66,318.87,317.69,317.78,1544.0,8,0.0
2021-05-21 10:00:00,318.57,318.76,318.39,318.6,35.0,40,0.0
2021-05-21 11:00:00,318.7,320.31,318.66,319.36,169.0,40,0.0
2021-05-21 12:00:00,319.41,319.58,318.58,318.85,99.0,40,0.0
2021-05-21 13:00:00,318.87,319.67,316.12,317.26,1769.0,16,0.0
2021-05-21 14:00:00,317.28,318.48,316.37,318.0,2154.0,16,0.0
2021-05-21 15:00:00,318.03,319.36,317.6,317.64,1674.0,16,0.0
2021-05-21 16:00:00,317.61,317.96,316.95,317.63,1388.0,16,0.0
2021-05-21 17:00:00,317.6,318.56,317.37,318.43,1024.0,16,0.0
2021-05-21 18:00:00,318.46,318.93,317.35,317.88,1157.0,8,0.0
2021-05-21 19:00:00,317.85,317.95,317.05,317.12,1304.0,8,0.0
2021-05-24 10:00:00,317.54,318.1,317.51,317.52,25.0,40,0.0
2021-05-24 11:00:00,317.44,317.95,317.13,317.91,90.0,40,0.0
2021-05-24 12:00:00,317.67,318.47,317.66,318.15,98.0,40,0.0
2021-05-24 13:00:00,318.13,322.19,317.6,322.05,1823.0,16,0.0
2021-05-24 14:00:00,322.03,324.86,321.76,324.64,1877.0,16,0.0
2021-05-24 15:00:00,324.68,325.53,324.37,325.14,1251.0,16,0.0
2021-05-24 16:00:00,325.12,325.78,323.89,324.42,1002.0,16,0.0
2021-05-24 17:00:00,324.46,324.99,324.27,324.77,862.0,8,0.0
2021-05-24 18:00:00,324.78,325.91,324.5,325.66,1374.0,8,0.0
2021-05-24 19:00:00,325.64,325.66,324.2,324.71,1322.0,8,0.0
2021-05-25 10:00:00,326.53,326.7,326.01,326.06,136.0,40,0.0
2021-05-25 11:00:00,326.19,326.33,325.65,326.1,329.0,40,0.0
2021-05-25 12:00:00,326.12,326.39,326.01,326.17,70.0,40,0.0
2021-05-25 13:00:00,326.27,328.07,324.69,326.78,1873.0,16,0.0
2021-05-25 14:00:00,326.76,329.08,326.67,328.65,2208.0,16,0.0
2021-05-25 15:00:00,328.66,328.83,325.95,327.03,1846.0,16,0.0
2021-05-25 16:00:00,327.06,327.38,326.22,326.96,1275.0,16,0.0
2021-05-25 17:00:00,326.94,328.16,326.68,327.79,1216.0,16,0.0
2021-05-25 18:00:00,327.81,328.04,326.89,327.91,1339.0,16,0.0
2021-05-25 19:00:00,327.88,328.34,327.37,327.48,1044.0,16,0.0
2021-05-26 10:00:00,327.19,328.53,327.01,327.85,216.0,40,0.0
2021-05-26 11:00:00,328.0,328.74,327.73,328.5,291.0,40,0.0
2021-05-26 12:00:00,328.44,328.69,328.21,328.33,80.0,40,0.0
2021-05-26 13:00:00,328.5,328.54,325.78,326.97,1601.0,16,0.0
2021-05-26 14:00:00,327.0,327.18,325.86,326.84,1439.0,16,0.0
2021-05-26 15:00:00,326.87,327.69,326.62,327.17,1097.0,16,0.0
2021-05-26 16:00:00,327.14,328.99,327.14,328.5,1034.0,16,0.0
2021-05-26 17:00:00,328.46,329.72,327.51,327.73,1127.0,16,0.0
2021-05-26 18:00:00,327.75,328.12,327.57,327.9,659.0,16,0.0
2021-05-26 19:00:00,327.87,328.07,327.08,327.38,979.0,8,0.0
2021-05-27 10:00:00,325.44,326.67,325.25,326.55,108.0,40,0.0
2021-05-27 11:00:00,326.45,327.2,326.43,327.06,180.0,40,0.0
2021-05-27 12:00:00,327.13,328.38,325.91,327.06,185.0,40,0.0
2021-05-27 13:00:00,327.35,328.91,326.7,326.9,1602.0,16,0.0
2021-05-27 14:00:00,326.84,332.4,326.76,330.65,2192.0,16,0.0
2021-05-27 15:00:00,330.68,332.55,330.56,332.27,1629.0,16,0.0
2021-05-27 16:00:00,332.25,332.76,331.04,331.38,1152.0,16,0.0
2021-05-27 17:00:00,331.35,331.8,330.35,330.86,1298.0,8,0.0
2021-05-27 18:00:00,330.89,331.04,329.59,329.71,1221.0,16,0.0
2021-05-27 19:00:00,329.72,330.18,329.46,329.81,969.0,8,0.0
2021-05-28 10:00:00,332.55,332.84,332.53,332.84,8.0,60,0.0
2021-05-28 11:00:00,332.86,333.0,332.38,332.46,137.0,40,0.0
2021-05-28 12:00:00,332.48,332.51,331.25,331.62,100.0,40,0.0
2021-05-28 13:00:00,331.58,332.25,329.75,329.89,2069.0,16,0.0
2021-05-28 14:00:00,329.85,330.6,329.31,329.52,1885.0,16,0.0
2021-05-28 15:00:00,329.53,331.4,329.38,331.4,1210.0,8,0.0
2021-05-28 16:00:00,331.43,332.78,331.12,331.55,1055.0,8,0.0
2021-05-28 17:00:00,331.57,331.63,330.25,331.06,1229.0,8,0.0
2021-05-28 18:00:00,331.07,331.1,329.7,330.43,1094.0,8,0.0
2021-05-28 19:00:00,330.4,330.63,329.73,329.86,1030.0,8,0.0
2021-06-01 10:00:00,329.18,329.32,328.8,328.83,20.0,40,0.0
2021-06-01 11:00:00,328.92,330.23,328.62,329.5,270.0,40,0.0
2021-06-01 12:00:00,329.35,329.52,329.0,329.25,142.0,40,0.0
2021-06-01 13:00:00,329.24,331.29,326.58,327.14,1625.0,16,0.0
2021-06-01 14:00:00,327.19,329.42,327.17,328.08,2420.0,16,0.0
2021-06-01 15:00:00,328.06,329.31,327.66,328.9,1545.0,16,0.0
2021-06-01 16:00:00,328.91,329.87,328.35,329.59,1130.0,16,0.0
2021-06-01 17:00:00,329.56,329.83,328.89,329.74,1059.0,16,0.0
2021-06-01 18:00:00,329.71,330.28,329.52,330.24,969.0,8,0.0
2021-06-01 19:00:00,330.26,330.61,329.3,329.49,993.0,8,0.0
2021-06-02 10:00:00,328.49,328.53,328.14,328.22,91.0,40,0.0
2021-06-02 11:00:00,328.33,330.1,328.33,329.71,72.0,40,0.0
2021-06-02 12:00:00,329.68,330.02,329.53,329.67,50.0,40,0.0
2021-06-02 13:00:00,329.72,331.73,328.8,328.83,1940.0,16,0.0
2021-06-02 14:00:00,328.85,331.58,328.65,330.6,1911.0,16,0.0
2021-06-02 15:00:00,330.56,331.36,329.91,330.5,1234.0,16,0.0
2021-06-02 16:00:00,330.52,330.52,329.14,329.67,1178.0,16,0.0
2021-06-02 17:00:00,329.65,329.69,327.66,328.23,1242.0,16,0.0
2021-06-02 18:00:00,328.22,328.62,327.07,328.18,1374.0,16,0.0
2021-06-02 19:00:00,328.16,328.57,327.71,327.94,1192.0,8,0.0
2021-06-03 10:00:00,328.33,328.52,326.62,326.8,327.0,16,0.0
2021-06-03 11:00:00,327.11,327.31,325.27,325.68,619.0,40,0.0
2021-06-03 12:00:00,326.17,326.39,325.0,326.08,187.0,40,0.0
2021-06-03 13:00:00,326.2,326.8,323.45,325.8,2248.0,16,0.0
2021-06-03 14:00:00,325.77,327.18,323.75,325.84,2670.0,16,0.0
2021-06-03 15:00:00,325.87,326.78,324.38,324.99,1820.0,16,0.0
2021-06-03 16:00:00,325.02,326.3,324.6,326.2,1397.0,16,0.0
2021-06-03 17:00:00,326.19,327.29,325.51,327.08,1401.0,16,0.0
2021-06-03 18:00:00,327.12,327.21,325.44,325.53,1331.0,16,0.0
2021-06-03 19:00:00,325.52,326.73,325.52,326.32,1075.0,8,0.0
2021-06-04 10:00:00,324.16,324.39,321.25,322.22,364.0,60,0.0
2021-06-04 11:00:00,322.28,325.05,322.28,324.79,349.0,40,0.0
2021-06-04 12:00:00,324.69,326.66,324.16,326.1,238.0,40,0.0
2021-06-04 13:00:00,326.17,328.67,325.0,328.18,1991.0,16,0.0
2021-06-04 14:00:00,328.21,329.6,327.99,328.39,1962.0,16,0.0
2021-06-04 15:00:00,328.42,332.38,328.3,331.95,1599.0,16,0.0
2021-06-04 16:00:00,331.97,332.05,330.16,331.01,1066.0,16,0.0
2021-06-04 17:00:00,331.05,331.36,329.86,330.54,952.0,16,0.0
2021-06-04 18:00:00,330.55,331.01,330.17,330.42,1280.0,8,0.0
2021-06-04 19:00:00,330.4,330.58,329.95,330.21,962.0,8,0.0
2021-06-07 10:00:00,328.5,329.2,327.6,327.79,325.0,40,0.0
2021-06-07 11:00:00,327.84,330.1,327.84,329.6,286.0,40,0.0
2021-06-07 12:00:00,329.52,329.99,329.16,329.48,110.0,40,0.0
2021-06-07 13:00:00,329.33,331.01,328.87,330.12,2019.0,16,0.0
2021-06-07 14:00:00,330.11,332.48,329.41,332.46,2184.0,16,0.0
2021-06-07 15:00:00,332.42,335.53,331.88,335.02,2440.0,16,0.0
2021-06-07 16:00:00,334.97,337.15,334.97,336.03,1487.0,16,0.0
2021-06-07 17:00:00,336.0,336.49,334.86,335.84,1567.0,16,0.0
2021-06-07 18:00:00,335.81,337.31,335.49,337.12,1240.0,16,0.0
2021-06-07 19:00:00,337.09,337.6,336.48,336.67,801.0,16,0.0
2021-06-08 10:00:00,336.99,337.11,335.31,337.03,356.0,40,0.0
2021-06-08 11:00:00,337.23,337.58,336.92,337.53,103.0,40,0.0
2021-06-08 12:00:00,337.49,337.59,336.81,337.1,87.0,40,0.0
2021-06-08 13:00:00,337.13,338.14,333.71,334.86,2276.0,16,0.0
2021-06-08 14:00:00,334.82,335.46,334.27,334.65,2132.0,16,0.0
2021-06-08 15:00:00,334.69,335.2,332.17,333.53,2132.0,16,0.0
2021-06-08 16:00:00,333.52,334.59,333.25,334.32,1140.0,16,0.0
2021-06-08 17:00:00,334.29,334.44,332.83,333.08,1054.0,16,0.0
2021-06-08 18:00:00,333.09,334.41,332.56,333.95,1430.0,8,0.0
2021-06-08 19:00:00,333.98,334.23,333.33,333.85,1149.0,8,0.0
2021-06-09 10:00:00,334.26,334.53,334.07,334.25,181.0,40,0.0
2021-06-09 11:00:00,334.19,334.57,334.11,334.55,140.0,40,0.0
2021-06-09 12:00:00,334.4,334.91,334.27,334.91,84.0,40,0.0
2021-06-09 13:00:00,334.92,336.68,333.33,334.82,2254.0,16,0.0
2021-06-09 14:00:00,334.85,336.14,332.95,332.98,2160.0,16,0.0
2021-06-09 15:00:00,332.97,333.96,332.57,332.84,1427.0,16,0.0
2021-06-09 16:00:00,332.83,333.77,332.61,332.98,1097.0,16,0.0
2021-06-09 17:00:00,333.01,333.68,332.6,332.69,988.0,16,0.0
2021-06-09 18:00:00,332.71,333.06,330.95,331.17,1052.0,16,0.0
2021-06-09 19:00:00,331.15,331.27,330.12,330.65,913.0,16,0.0
2021-06-10 10:00:00,329.49,329.5,328.96,329.47,24.0,40,0.0
2021-06-10 11:00:00,329.36,330.29,328.95,329.29,235.0,40,0.0
2021-06-10 12:00:00,329.3,330.59,327.94,330.3,211.0,40,0.0
2021-06-10 13:00:00,330.27,332.04,330.17,331.14,1776.0,16,0.0
2021-06-10 14:00:00,331.17,331.79,328.47,329.52,2093.0,16,0.0
2021-06-10 15:00:00,329.49,330.85,328.81,330.58,1450.0,16,0.0
2021-06-10 16:00:00,330.6,331.79,330.48,331.4,1223.0,16,0.0
2021-06-10 17:00:00,331.37,333.48,331.0,333.31,1069.0,16,0.0
2021-06-10 18:00:00,333.34,333.85,332.3,332.63,1093.0,8,0.0
2021-06-10 19:00:00,332.6,332.62,331.59,332.24,1249.0,8,0.0
2021-06-11 10:00:00,332.58,333.37,332.58,333.37,37.0,16,0.0
2021-06-11 11:00:00,333.43,333.63,332.9,333.17,107.0,40,0.0
2021-06-11 12:00:00,333.13,333.24,332.42,333.05,71.0,40,0.0
2021-06-11 13:00:00,333.11,333.25,330.92,331.43,1699.0,16,0.0
2021-06-11 14:00:00,331.47,331.82,328.86,329.69,1993.0,16,0.0
2021-06-11 15:00:00,329.71,330.56,329.14,329.62,1216.0,16,0.0
2021-06-11 16:00:00,329.59,330.17,329.04,329.45,930.0,16,0.0
2021-06-11 17:00:00,329.48,330.46,329.05,330.03,1211.0,8,0.0
2021-06-11 18:00:00,330.06,330.89,330.04,330.77,988.0,8,0.0
2021-06-11 19:00:00,330.78,330.78,329.82,330.31,800.0,8,0.0
2021-06-14 10:00:00,331.79,332.82,331.58,331.93,116.0,40,0.0
2021-06-14 11:00:00,331.81,332.16,331.65,332.07,57.0,60,0.0
2021-06-14 12:00:00,332.04,332.35,331.83,332.02,79.0,40,0.0
2021-06-14 13:00:00,332.04,333.81,329.76,333.12,1487.0,16,0.0
2021-06-14 14:00:00,333.15,335.12,332.28,334.72,1960.0,16,0.0
2021-06-14 15:00:00,334.69,335.41,334.21,335.15,1223.0,16,0.0
2021-06-14 16:00:00,335.18,335.4,334.06,334.09,877.0,16,0.0
2021-06-14 17:00:00,334.1,336.19,333.97,336.01,882.0,16,0.0
2021-06-14 18:00:00,336.05,336.63,335.23,335.32,849.0,16,0.0
2021-06-14 19:00:00,335.31,336.07,334.78,335.71,794.0,16,0.0
2021-06-15 10:00:00,336.58,336.63,336.58,336.63,2.0,40,0.0
2021-06-15 11:00:00,336.7,337.43,336.7,337.04,135.0,40,0.0
2021-06-15 12:00:00,337.11,337.38,336.08,336.18,105.0,40,0.0
2021-06-15 13:00:00,336.16,339.83,335.69,338.07,1815.0,16,0.0
2021-06-15 14:00:00,338.1,338.67,335.61,336.1,1937.0,16,0.0
2021-06-15 15:00:00,336.13,337.38,335.4,336.07,1290.0,16,0.0
2021-06-15 16:00:00,336.04,337.67,335.37,335.6,1149.0,16,0.0
2021-06-15 17:00:00,335.62,336.16,335.0,335.79,943.0,16,0.0
2021-06-15 18:00:00,335.83,337.31,335.35,337.23,914.0,16,0.0
2021-06-15 19:00:00,337.2,337.51,336.34,337.24,899.0,16,0.0
2021-06-16 10:00:00,336.45,337.99,336.45,336.83,264.0,40,0.0
2021-06-16 11:00:00,336.66,337.27,336.43,337.06,146.0,40,0.0
2021-06-16 12:00:00,336.65,337.07,336.61,336.92,93.0,40,0.0
2021-06-16 13:00:00,337.04,337.3,334.08,335.97,1367.0,16,0.0
2021-06-16 14:00:00,336.0,337.43,335.25,335.44,1563.0,16,0.0
2021-06-16 15:00:00,335.45,336.25,334.55,334.57,1054.0,16,0.0
2021-06-16 16:00:00,334.61,334.73,331.64,331.96,1431.0,16,0.0
2021-06-16 17:00:00,331.99,333.5,331.91,332.36,978.0,16,0.0
2021-06-16 18:00:00,332.35,332.35,328.67,330.31,4280.0,16,0.0
2021-06-16 19:00:00,330.33,333.22,330.03,332.27,1621.0,16,0.0
2021-06-17 10:00:00,329.19,329.46,328.77,328.95,259.0,40,0.0
2021-06-17 11:00:00,329.03,330.23,328.66,328.66,356.0,40,0.0
2021-06-17 12:00:00,328.8,329.92,328.74,329.25,115.0,40,0.0
2021-06-17 13:00:00,329.18,333.23,329.18,332.42,1723.0,16,0.0
2021-06-17 14:00:00,332.45,335.38,332.07,334.1,2312.0,16,0.0
2021-06-17 15:00:00,334.15,337.42,334.08,335.01,2118.0,16,0.0
2021-06-17 16:00:00,335.05,335.88,333.4,334.77,1778.0,16,0.0
2021-06-17 17:00:00,334.76,337.01,334.74,336.61,1395.0,16,0.0
2021-06-17 18:00:00,336.64,337.73,336.08,336.16,1316.0,16,0.0
2021-06-17 19:00:00,336.15,337.86,336.09,337.49,1103.0,16,0.0
2021-06-18 10:00:00,337.28,337.37,336.66,336.91,188.0,16,0.0
2021-06-18 11:00:00,337.0,337.19,335.74,335.98,237.0,40,0.0
2021-06-18 12:00:00,335.87,336.08,333.22,334.94,321.0,40,0.0
2021-06-18 13:00:00,334.91,335.98,332.41,333.36,2387.0,16,0.0
2021-06-18 14:00:00,333.31,333.89,331.88,332.97,2802.0,16,0.0
2021-06-18 15:00:00,332.96,333.29,330.39,331.82,1729.0,16,0.0
2021-06-18 16:00:00,331.84,332.88,331.71,332.36,1249.0,16,0.0
2021-06-18 17:00:00,332.33,332.83,331.63,332.28,1111.0,16,0.0
2021-06-18 18:00:00,332.26,332.4,330.86,331.05,1346.0,16,0.0
2021-06-18 19:00:00,331.03,331.7,330.61,331.27,1180.0,16,0.0
2021-06-21 10:00:00,331.64,332.02,331.31,331.45,281.0,40,0.0
2021-06-21 11:00:00,331.56,331.64,330.24,330.87,177.0,40,0.0
2021-06-21 12:00:00,330.82,330.82,329.94,330.45,134.0,40,0.0
2021-06-21 13:00:00,330.37,331.52,327.61,329.62,2342.0,16,0.0
2021-06-21 14:00:00,329.65,332.37,329.38,331.96,2480.0,16,0.0
2021-06-21 15:00:00,331.99,332.84,330.96,331.98,1590.0,16,0.0
2021-06-21 16:00:00,332.01,332.28,331.05,331.52,1178.0,16,0.0
2021-06-21 17:00:00,331.54,331.68,330.37,331.04,977.0,16,0.0
2021-06-21 18:00:00,331.08,332.09,330.78,331.96,883.0,16,0.0
2021-06-21 19:00:00,331.98,332.24,331.47,331.99,849.0,16,0.0
2021-06-22 10:00:00,331.39,332.95,331.39,332.17,155.0,40,0.0
2021-06-22 11:00:00,332.2,333.23,332.13,332.93,213.0,40,0.0
2021-06-22 12:00:00,332.97,333.09,332.23,332.47,89.0,40,0.0
2021-06-22 13:00:00,332.5,335.13,332.17,334.1,1781.0,16,0.0
2021-06-22 14:00:00,334.13,335.48,332.69,332.81,2001.0,16,0.0
2021-06-22 15:00:00,332.79,335.14,332.6,334.75,1173.0,16,0.0
2021-06-22 16:00:00,334.79,335.56,334.38,335.09,1045.0,16,0.0
2021-06-22 17:00:00,335.07,336.51,334.39,336.36,1121.0,16,0.0
2021-06-22 18:00:00,336.38,338.88,336.34,337.71,1476.0,16,0.0
2021-06-22 19:00:00,337.68,339.41,337.53,339.34,970.0,16,0.0
2021-06-23 10:00:00,339.42,339.77,339.32,339.54,59.0,16,0.0
2021-06-23 11:00:00,339.64,339.66,338.46,339.03,163.0,40,0.0
2021-06-23 12:00:00,339.02,339.53,338.52,339.3,134.0,40,0.0
2021-06-23 13:00:00,339.38,342.16,338.04,341.7,1776.0,16,0.0
2021-06-23 14:00:00,341.74,343.31,340.46,340.78,2261.0,16,0.0
2021-06-23 15:00:00,340.82,341.99,339.33,341.51,1691.0,16,0.0
2021-06-23 16:00:00,341.52,341.86,339.79,340.64,1132.0,16,0.0
2021-06-23 17:00:00,340.66,341.38,340.43,341.33,846.0,16,0.0
2021-06-23 18:00:00,341.29,341.88,340.39,341.77,922.0,16,0.0
2021-06-23 19:00:00,341.78,342.04,340.89,340.92,724.0,16,0.0
2021-06-24 10:00:00,342.7,342.71,342.42,342.55,96.0,40,0.0
2021-06-24 11:00:00,342.37,342.68,342.11,342.55,182.0,40,0.0
2021-06-24 12:00:00,342.46,342.66,342.2,342.24,83.0,40,0.0
2021-06-24 13:00:00,342.25,343.53,341.65,342.91,1451.0,16,0.0
2021-06-24 14:00:00,342.93,344.57,342.67,343.88,1716.0,16,0.0
2021-06-24 15:00:00,343.86,344.46,343.5,343.83,917.0,16,0.0
2021-06-24 16:00:00,343.86,344.8,343.14,343.34,930.0,16,0.0
2021-06-24 17:00:00,343.32,343.86,342.49,343.1,1161.0,16,0.0
2021-06-24 18:00:00,343.08,343.63,342.87,342.99,902.0,16,0.0
2021-06-24 19:00:00,342.95,343.26,341.75,342.33,786.0,16,0.0
2021-06-25 10:00:00,343.99,344.28,343.6,343.63,297.0,40,0.0
2021-06-25 11:00:00,343.52,343.7,342.82,343.06,58.0,40,0.0
2021-06-25 12:00:00,342.98,344.07,342.98,343.49,79.0,40,0.0
2021-06-25 13:00:00,343.59,343.71,339.6,340.56,1354.0,16,0.0
2021-06-25 14:00:00,340.53,341.72,339.62,340.22,1807.0,16,0.0
2021-06-25 15:00:00,340.21,341.1,339.98,340.71,865.0,16,0.0
2021-06-25 16:00:00,340.72,341.23,340.48,340.95,671.0,16,0.0
2021-06-25 17:00:00,340.97,341.53,340.54,341.24,795.0,16,0.0
2021-06-25 18:00:00,341.27,341.88,340.96,341.61,666.0,16,0.0
2021-06-25 19:00:00,341.64,341.98,341.3,341.78,632.0,8,0.0
2021-06-28 10:00:00,342.24,342.55,342.03,342.36,130.0,40,0.0
2021-06-28 11:00:00,342.34,342.97,342.3,342.7,42.0,40,0.0
2021-06-28 12:00:00,342.73,342.98,342.24,342.7,80.0,40,0.0
2021-06-28 13:00:00,342.74,343.99,341.58,343.65,1637.0,16,0.0
2021-06-28 14:00:00,343.68,344.24,342.49,342.49,1594.0,16,0.0
2021-06-28 15:00:00,342.47,342.87,342.03,342.3,907.0,16,0.0
2021-06-28 16:00:00,342.27,343.12,341.71,342.94,896.0,16,0.0
2021-06-28 17:00:00,342.96,344.2,342.94,343.99,742.0,16,0.0
2021-06-28 18:00:00,343.97,350.15,343.55,349.77,1881.0,16,0.0
2021-06-28 19:00:00,349.73,358.01,348.48,355.54,4677.0,16,0.0
2021-06-29 10:00:00,356.61,356.62,356.21,356.5,82.0,40,0.0
2021-06-29 11:00:00,356.56,357.3,355.92,356.15,165.0,40,0.0
2021-06-29 12:00:00,356.11,356.18,354.84,355.17,273.0,40,0.0
2021-06-29 13:00:00,355.15,356.96,352.27,352.32,2552.0,16,0.0
2021-06-29 14:00:00,352.36,352.63,349.36,350.37,2867.0,16,0.0
2021-06-29 15:00:00,350.4,351.31,349.0,350.35,1763.0,16,0.0
2021-06-29 16:00:00,350.37,351.36,349.6,351.05,1232.0,16,0.0
2021-06-29 17:00:00,351.08,352.61,350.88,352.24,1096.0,16,0.0
2021-06-29 18:00:00,352.22,353.19,350.73,351.46,1165.0,16,0.0
2021-06-29 19:00:00,351.44,351.82,350.72,351.62,854.0,16,0.0
2021-06-30 10:00:00,351.05,351.13,350.79,350.91,35.0,40,0.0
2021-06-30 11:00:00,351.02,351.62,350.75,351.52,99.0,40,0.0
2021-06-30 12:00:00,351.42,351.72,351.05,351.24,65.0,40,0.0
2021-06-30 13:00:00,351.42,352.66,349.01,349.33,1501.0,16,0.0
2021-06-30 14:00:00,349.35,350.04,347.75,347.97,1690.0,16,0.0
2021-06-30 15:00:00,348.0,348.78,347.11,348.72,1254.0,16,0.0
2021-06-30 16:00:00,348.69,349.27,347.83,348.5,1075.0,16,0.0
2021-06-30 17:00:00,348.52,349.43,348.28,348.52,808.0,16,0.0
2021-06-30 18:00:00,348.55,348.77,347.61,348.23,836.0,16,0.0
2021-06-30 19:00:00,348.27,349.07,348.05,348.81,745.0,16,0.0
2021-07-01 10:00:00,348.48,348.69,347.15,347.27,298.0,40,0.0
2021-07-01 11:00:00,347.46,347.69,347.17,347.3,325.0,40,0.0
2021-07-01 12:00:00,347.14,347.7,347.14,347.48,75.0,40,0.0
2021-07-01 13:00:00,347.54,350.32,346.15,349.1,1469.0,16,0.0
2021-07-01 14:00:00,349.08,350.5,347.66,350.47,1809.0,16,0.0
2021-07-01 15:00:00,350.44,350.85,348.09,349.62,1619.0,16,0.0
2021-07-01 16:00:00,349.6,349.89,348.67,349.55,975.0,16,0.0
2021-07-01 17:00:00,349.53,351.96,349.44,351.79,1079.0,16,0.0
2021-07-01 18:00:00,351.77,354.35,351.65,353.73,1409.0,16,0.0
2021-07-01 19:00:00,353.76,354.56,353.52,353.65,759.0,16,0.0
2021-07-02 10:00:00,354.48,354.63,354.48,354.63,3.0,40,0.0
2021-07-02 11:00:00,354.65,355.24,354.62,354.76,66.0,40,0.0
2021-07-02 12:00:00,354.91,355.68,354.63,355.45,145.0,40,0.0
2021-07-02 13:00:00,355.46,356.32,352.57,355.87,1678.0,16,0.0
2021-07-02 14:00:00,355.83,355.88,353.14,353.69,1812.0,16,0.0
2021-07-02 15:00:00,353.73,354.6,352.89,354.1,1041.0,16,0.0
2021-07-02 16:00:00,354.11,355.13,353.35,355.11,977.0,16,0.0
2021-07-02 17:00:00,355.09,355.17,353.58,354.04,776.0,16,0.0
2021-07-02 18:00:00,354.06,354.26,353.5,353.85,651.0,16,0.0
2021-07-02 19:00:00,353.86,354.5,353.48,354.37,566.0,16,0.0
2021-07-06 10:00:00,355.06,355.29,355.04,355.07,34.0,40,0.0
2021-07-06 11:00:00,355.25,356.43,354.9,355.75,141.0,40,0.0
2021-07-06 12:00:00,355.78,356.43,355.63,356.13,91.0,40,0.0
2021-07-06 13:00:00,356.01,358.47,353.99,354.85,1715.0,16,0.0
2021-07-06 14:00:00,354.8,355.3,352.25,352.27,2054.0,16,0.0
2021-07-06 15:00:00,352.26,353.28,350.47,350.61,1532.0,16,0.0
2021-07-06 16:00:00,350.57,350.84,349.14,350.82,1494.0,16,0.0
2021-07-06 17:00:00,350.78,352.58,350.6,352.27,967.0,16,0.0
2021-07-06 18:00:00,352.25,353.17,351.79,352.13,953.0,16,0.0
2021-07-06 19:00:00,352.11,353.19,351.97,352.99,674.0,16,0.0
2021-07-07 10:00:00,354.05,354.7,353.96,354.67,38.0,40,0.0
2021-07-07 11:00:00,354.65,354.94,353.63,354.22,50.0,40,0.0
2021-07-07 12:00:00,354.05,354.56,353.94,354.56,78.0,40,0.0
2021-07-07 13:00:00,354.53,356.38,352.79,353.85,1838.0,16,0.0
2021-07-07 14:00:00,353.88,355.81,351.36,353.2,2726.0,16,0.0
2021-07-07 15:00:00,353.16,353.21,350.79,352.59,1732.0,16,0.0
2021-07-07 16:00:00,352.63,353.09,351.35,351.94,1113.0,16,0.0
2021-07-07 17:00:00,351.91,351.91,350.84,350.93,943.0,16,0.0
2021-07-07 18:00:00,350.96,352.29,350.68,351.36,1331.0,16,0.0
2021-07-07 19:00:00,351.34,351.41,350.32,351.0,772.0,16,0.0
2021-07-08 10:00:00,345.43,346.55,344.13,346.44,361.0,60,0.0
2021-07-08 11:00:00,346.64,347.29,344.89,345.04,618.0,40,0.0
2021-07-08 12:00:00,344.98,346.27,343.86,345.27,505.0,40,0.0
2021-07-08 13:00:00,345.2,345.98,342.52,343.82,1654.0,16,0.0
2021-07-08 14:00:00,344.3,345.67,343.25,343.45,2538.0,16,0.0
2021-07-08 15:00:00,343.48,346.05,343.1,345.8,1909.0,16,0.0
2021-07-08 16:00:00,345.83,347.36,344.97,346.42,1414.0,16,0.0
2021-07-08 17:00:00,346.45,348.24,346.4,347.68,1392.0,16,0.0
2021-07-08 18:00:00,347.67,347.79,345.21,345.85,1363.0,16,0.0
2021-07-08 19:00:00,345.89,346.09,345.24,345.37,1293.0,16,0.0
2021-07-09 10:00:00,345.58,345.77,343.73,344.75,444.0,16,0.0
2021-07-09 11:00:00,344.73,345.95,344.24,345.05,487.0,40,0.0
2021-07-09 12:00:00,345.17,345.93,344.47,344.97,182.0,60,0.0
2021-07-09 13:00:00,344.83,348.52,344.02,348.21,1764.0,16,0.0
2021-07-09 14:00:00,348.2,349.18,347.17,348.88,1730.0,16,0.0
2021-07-09 15:00:00,348.89,349.67,348.18,349.05,1171.0,16,0.0
2021-07-09 16:00:00,349.07,350.49,349.02,350.33,921.0,16,0.0
2021-07-09 17:00:00,350.36,350.61,349.32,349.87,843.0,16,0.0
2021-07-09 18:00:00,349.9,350.42,349.57,350.31,666.0,16,0.0
2021-07-09 19:00:00,350.28,350.39,349.9,350.05,554.0,16,0.0
2021-07-12 10:00:00,351.19,351.59,350.79,351.59,166.0,40,0.0
2021-07-12 11:00:00,351.4,351.92,351.04,351.66,200.0,40,0.0
2021-07-12 12:00:00,351.58,352.16,351.4,352.0,92.0,40,0.0
2021-07-12 13:00:00,352.04,352.14,349.58,351.44,1764.0,16,0.0
2021-07-12 14:00:00,351.48,353.19,350.26,352.82,2062.0,16,0.0
2021-07-12 15:00:00,352.79,354.05,351.78,352.44,1386.0,16,0.0
2021-07-12 16:00:00,352.46,352.83,351.31,352.71,979.0,16,0.0
2021-07-12 17:00:00,352.74,353.74,352.69,352.75,878.0,16,0.0
2021-07-12 18:00:00,352.73,354.09,352.62,353.43,974.0,16,0.0
2021-07-12 19:00:00,353.45,353.96,353.0,353.09,679.0,16,0.0
2021-07-13 10:00:00,354.55,354.6,353.35,353.45,186.0,40,0.0
2021-07-13 11:00:00,353.48,353.56,352.2,352.43,209.0,40,0.0
2021-07-13 12:00:00,352.37,352.64,348.68,349.19,414.0,40,0.0
2021-07-13 13:00:00,349.42,351.86,348.67,351.66,1681.0,16,0.0
2021-07-13 14:00:00,351.63,354.22,350.98,352.93,1848.0,16,0.0
2021-07-13 15:00:00,352.96,354.24,352.92,353.79,1107.0,16,0.0
2021-07-13 16:00:00,353.8,355.15,353.19,355.01,870.0,16,0.0
2021-07-13 17:00:00,354.99,355.0,350.94,352.44,1620.0,16,0.0
2021-07-13 18:00:00,352.45,353.43,351.44,353.39,1460.0,16,0.0
2021-07-13 19:00:00,353.35,353.36,352.38,352.83,1062.0,16,0.0
2021-07-14 10:00:00,352.85,352.88,352.35,352.74,127.0,17,0.0
2021-07-14 11:00:00,352.79,353.85,352.62,353.25,74.0,40,0.0
2021-07-14 12:00:00,353.11,354.48,352.92,354.0,145.0,40,0.0
2021-07-14 13:00:00,354.04,355.39,350.21,350.75,1544.0,16,0.0
2021-07-14 14:00:00,350.81,352.28,348.48,349.05,1948.0,16,0.0
2021-07-14 15:00:00,349.02,350.22,346.65,347.57,1927.0,16,0.0
2021-07-14 16:00:00,347.51,349.47,347.51,348.78,1169.0,16,0.0
2021-07-14 17:00:00,348.81,349.02,347.63,347.71,974.0,16,0.0
2021-07-14 18:00:00,347.73,348.62,347.38,348.61,1051.0,16,0.0
2021-07-14 19:00:00,348.6,349.38,347.87,348.63,886.0,16,0.0
2021-07-15 10:00:00,349.79,350.4,347.78,348.88,266.0,40,0.0
2021-07-15 11:00:00,348.83,348.88,347.53,348.46,405.0,40,0.0
2021-07-15 12:00:00,348.71,349.12,348.17,348.78,143.0,40,0.0
2021-07-15 13:00:00,348.84,349.74,343.67,345.05,1753.0,16,0.0
2021-07-15 14:00:00,345.09,345.2,340.17,340.43,2362.0,16,0.0
2021-07-15 15:00:00,340.46,343.27,340.43,341.97,1650.0,16,0.0
2021-07-15 16:00:00,341.95,342.89,340.78,342.41,1450.0,16,0.0
2021-07-15 17:00:00,342.37,342.61,340.78,341.31,1548.0,16,0.0
2021-07-15 18:00:00,341.26,343.78,341.25,343.72,1350.0,16,0.0
2021-07-15 19:00:00,343.74,345.19,343.34,344.44,1051.0,16,0.0
2021-07-16 10:00:00,343.56,344.28,343.56,344.16,27.0,40,0.0
2021-07-16 11:00:00,344.09,344.46,344.09,344.44,42.0,40,0.0
2021-07-16 12:00:00,344.45,345.56,344.45,345.33,73.0,40,0.0
2021-07-16 13:00:00,345.4,346.69,341.34,341.4,1538.0,16,0.0
2021-07-16 14:00:00,341.43,342.1,340.08,341.55,2335.0,16,0.0
2021-07-16 15:00:00,341.52,342.43,340.08,341.85,1705.0,16,0.0
2021-07-16 16:00:00,341.82,342.84,341.71,342.45,1086.0,16,0.0
2021-07-16 17:00:00,342.47,343.72,342.32,342.77,1101.0,16,0.0
2021-07-16 18:00:00,342.76,342.77,341.48,341.83,1260.0,16,0.0
2021-07-16 19:00:00,341.81,341.85,340.15,340.56,1194.0,8,0.0
2021-07-19 10:00:00,339.68,340.28,339.54,339.86,66.0,40,0.0
2021-07-19 11:00:00,339.94,339.94,337.4,338.55,266.0,40,0.0
2021-07-19 12:00:00,338.57,339.15,337.09,337.55,335.0,40,0.0
2021-07-19 13:00:00,337.44,339.68,334.46,336.55,2771.0,16,0.0
2021-07-19 14:00:00,336.53,337.56,334.91,337.01,3456.0,16,0.0
2021-07-19 15:00:00,337.04,338.72,336.63,337.79,2037.0,16,0.0
2021-07-19 16:00:00,337.76,337.84,335.24,335.98,1610.0,16,0.0
2021-07-19 17:00:00,335.96,337.37,335.57,336.34,1883.0,16,0.0
2021-07-19 18:00:00,336.28,337.18,335.43,335.64,2164.0,16,0.0
2021-07-19 19:00:00,335.69,336.42,334.85,335.81,1619.0,16,0.0
2021-07-20 10:00:00,338.07,338.75,337.44,337.83,68.0,60,0.0
2021-07-20 11:00:00,337.81,338.12,337.65,337.81,248.0,40,0.0
2021-07-20 12:00:00,337.82,338.24,337.8,337.95,94.0,40,0.0
2021-07-20 13:00:00,337.96,339.19,334.46,337.14,1801.0,16,0.0
2021-07-20 14:00:00,337.11,339.98,335.72,339.46,2379.0,16,0.0
2021-07-20 15:00:00,339.5,340.93,339.03,340.56,1358.0,16,0.0
2021-07-20 16:00:00,340.54,341.33,340.04,341.24,1065.0,16,0.0
2021-07-20 17:00:00,341.27,341.3,340.35,341.12,961.0,16,0.0
2021-07-20 18:00:00,341.16,343.33,341.15,342.82,1167.0,16,0.0
2021-07-20 19:00:00,342.84,343.33,342.46,342.73,746.0,16,0.0
2021-07-21 10:00:00,342.46,342.67,341.88,342.31,575.0,16,0.0
2021-07-21 11:00:00,342.28,342.36,340.67,340.67,361.0,40,0.0
2021-07-21 12:00:00,340.65,341.34,340.64,341.06,100.0,40,0.0
2021-07-21 13:00:00,341.15,344.01,340.72,343.4,1682.0,16,0.0
2021-07-21 14:00:00,343.38,344.2,342.75,343.57,1730.0,16,0.0
2021-07-21 15:00:00,343.59,344.37,343.49,344.35,1293.0,16,0.0
2021-07-21 16:00:00,344.37,344.87,343.63,343.82,1019.0,16,0.0
2021-07-21 17:00:00,343.81,344.88,343.38,344.85,765.0,16,0.0
2021-07-21 18:00:00,344.82,345.2,344.13,345.02,858.0,16,0.0
2021-07-21 19:00:00,345.0,346.04,344.89,345.68,844.0,16,0.0
2021-07-22 10:00:00,346.4,346.42,346.19,346.35,17.0,40,0.0
2021-07-22 11:00:00,346.34,346.67,346.18,346.53,77.0,40,0.0
2021-07-22 12:00:00,346.46,346.64,346.11,346.14,43.0,40,0.0
2021-07-22 13:00:00,346.16,347.77,345.15,346.96,1643.0,16,0.0
2021-07-22 14:00:00,347.01,349.22,346.58,348.47,1811.0,16,0.0
2021-07-22 15:00:00,348.46,350.07,348.36,349.83,1358.0,16,0.0
2021-07-22 16:00:00,349.87,350.02,347.95,348.65,1108.0,16,0.0
2021-07-22 17:00:00,348.62,349.58,348.58,348.87,742.0,16,0.0
2021-07-22 18:00:00,348.84,350.36,348.66,350.36,871.0,16,0.0
2021-07-22 19:00:00,350.34,351.44,350.12,350.9,996.0,9,0.0
2021-07-23 10:00:00,360.71,361.11,360.45,360.97,130.0,60,0.0
2021-07-23 11:00:00,360.94,362.07,360.65,361.52,322.0,60,0.0
2021-07-23 12:00:00,361.45,361.98,360.26,360.26,279.0,40,0.0
2021-07-23 13:00:00,360.37,362.11,357.12,359.75,2500.0,16,0.0
2021-07-23 14:00:00,359.72,368.07,359.67,367.69,3319.0,16,0.0
2021-07-23 15:00:00,367.66,374.89,366.76,374.83,2357.0,16,0.0
2021-07-23 16:00:00,374.86,375.16,371.52,374.19,2582.0,16,0.0
2021-07-23 17:00:00,374.23,374.24,371.45,372.65,1745.0,16,0.0
2021-07-23 18:00:00,372.67,372.98,371.23,372.47,1420.0,16,0.0
2021-07-23 19:00:00,372.48,372.72,369.83,370.18,1304.0,16,0.0
2021-07-26 10:00:00,369.36,370.49,369.32,369.87,325.0,40,0.0
2021-07-26 11:00:00,370.03,371.07,370.03,370.6,224.0,40,0.0
2021-07-26 12:00:00,370.58,371.07,369.86,370.23,179.0,40,0.0
2021-07-26 13:00:00,370.25,373.84,368.14,372.82,2199.0,16,0.0
2021-07-26 14:00:00,372.84,373.33,369.22,371.01,2365.0,16,0.0
2021-07-26 15:00:00,370.98,374.34,370.48,373.58,1725.0,16,0.0
2021-07-26 16:00:00,373.54,373.99,372.06,372.25,1256.0,16,0.0
2021-07-26 17:00:00,372.22,372.65,370.62,371.11,1010.0,16,0.0
2021-07-26 18:00:00,371.08,372.11,370.73,371.95,1194.0,16,0.0
2021-07-26 19:00:00,371.96,372.67,371.64,371.99,865.0,16,0.0
2021-07-27 10:00:00,372.12,372.26,371.98,372.1,51.0,16,0.0
2021-07-27 11:00:00,372.04,373.5,372.04,373.11,219.0,40,0.0
2021-07-27 12:00:00,373.0,373.33,372.49,373.1,112.0,40,0.0
2021-07-27 13:00:00,373.0,373.04,369.97,370.9,1724.0,16,0.0
2021-07-27 14:00:00,370.85,371.43,365.29,366.96,3200.0,16,0.0
2021-07-27 15:00:00,366.91,367.84,364.53,366.96,2683.0,16,0.0
2021-07-27 16:00:00,366.92,368.19,365.39,366.58,2319.0,16,0.0
2021-07-27 17:00:00,366.56,366.9,364.66,364.85,2081.0,16,0.0
2021-07-27 18:00:00,364.89,366.9,364.89,366.5,1593.0,16,0.0
2021-07-27 19:00:00,366.53,367.36,365.9,366.22,1139.0,16,0.0
2021-07-28 10:00:00,373.42,373.57,372.76,373.08,141.0,60,0.0
2021-07-28 11:00:00,373.09,374.3,373.0,373.23,258.0,60,0.0
2021-07-28 12:00:00,373.04,374.25,372.92,373.45,264.0,40,0.0
2021-07-28 13:00:00,373.64,377.26,366.91,369.86,2403.0,16,0.0
2021-07-28 14:00:00,369.89,373.35,369.62,372.23,3316.0,16,0.0
2021-07-28 15:00:00,372.2,373.44,371.08,371.43,2015.0,16,0.0
2021-07-28 16:00:00,371.37,373.62,371.16,372.62,1678.0,16,0.0
2021-07-28 17:00:00,372.65,373.02,371.3,371.8,1653.0,16,0.0
2021-07-28 18:00:00,371.83,375.31,370.73,374.11,2801.0,16,0.0
2021-07-28 19:00:00,374.17,374.89,373.64,374.35,1667.0,16,0.0
2021-07-29 10:00:00,357.86,358.25,357.54,358.04,219.0,60,0.0
2021-07-29 11:00:00,358.09,360.83,357.93,360.82,426.0,60,0.0
2021-07-29 12:00:00,360.77,363.24,360.05,360.73,887.0,40,0.0
2021-07-29 13:00:00,360.7,365.17,357.95,359.75,2880.0,16,0.0
2021-07-29 14:00:00,359.7,361.43,357.74,360.74,3099.0,16,0.0
2021-07-29 15:00:00,360.72,361.3,358.39,358.69,1923.0,16,0.0
2021-07-29 16:00:00,358.66,360.55,357.69,358.26,1669.0,16,0.0
2021-07-29 17:00:00,358.28,358.81,357.12,357.84,1436.0,16,0.0
2021-07-29 18:00:00,357.87,358.25,356.66,357.56,1616.0,16,0.0
2021-07-29 19:00:00,357.53,359.25,357.52,358.77,1237.0,16,0.0
2021-07-30 10:00:00,353.86,354.47,353.57,354.4,208.0,60,0.0
2021-07-30 11:00:00,354.44,354.44,353.92,354.32,210.0,40,0.0
2021-07-30 12:00:00,354.26,354.76,353.7,354.65,240.0,40,0.0
2021-07-30 13:00:00,354.6,357.57,352.81,357.04,1764.0,16,0.0
2021-07-30 14:00:00,357.08,360.64,356.48,357.86,2457.0,16,0.0
2021-07-30 15:00:00,357.83,358.24,356.08,356.97,1703.0,16,0.0
2021-07-30 16:00:00,356.95,358.06,356.85,357.84,1020.0,16,0.0
2021-07-30 17:00:00,357.86,358.24,356.2,356.26,922.0,16,0.0
2021-07-30 18:00:00,356.27,356.45,354.24,354.92,1180.0,16,0.0
2021-07-30 19:00:00,354.94,355.66,354.59,355.47,983.0,16,0.0
2021-08-02 10:00:00,358.46,358.66,358.23,358.39,32.0,60,0.0
2021-08-02 11:00:00,358.31,358.35,357.75,358.06,75.0,60,0.0
2021-08-02 12:00:00,358.0,358.18,357.27,357.6,487.0,40,0.0
2021-08-02 13:00:00,357.63,359.09,352.64,354.4,1927.0,16,0.0
2021-08-02 14:00:00,354.29,355.15,352.84,353.81,1961.0,16,0.0
2021-08-02 15:00:00,353.85,354.42,353.15,353.24,1412.0,16,0.0
2021-08-02 16:00:00,353.21,353.95,352.88,353.29,1437.0,16,0.0
2021-08-02 17:00:00,353.33,353.63,352.3,352.31,1111.0,16,0.0
2021-08-02 18:00:00,352.29,352.76,352.01,352.51,1018.0,16,0.0
2021-08-02 19:00:00,352.53,353.06,351.21,351.24,907.0,16,0.0
2021-08-03 10:00:00,351.52,351.66,351.24,351.49,79.0,16,0.0
2021-08-03 11:00:00,351.52,351.98,351.41,351.96,58.0,40,0.0
2021-08-03 12:00:00,351.98,352.04,351.59,351.94,116.0,40,0.0
2021-08-03 13:00:00,351.98,353.5,348.95,349.09,1575.0,16,0.0
2021-08-03 14:00:00,349.05,350.84,347.66,348.41,2250.0,16,0.0
2021-08-03 15:00:00,348.38,352.32,347.67,352.18,1997.0,16,0.0
2021-08-03 16:00:00,352.15,352.31,349.9,350.77,1409.0,16,0.0
2021-08-03 17:00:00,350.8,351.6,350.52,350.82,1096.0,16,0.0
2021-08-03 18:00:00,350.86,351.19,350.25,350.69,1108.0,16,0.0
2021-08-03 19:00:00,350.73,351.48,350.71,351.07,826.0,16,0.0
2021-08-04 10:00:00,352.07,352.37,351.92,351.99,45.0,40,0.0
2021-08-04 11:00:00,352.01,352.01,351.36,351.46,166.0,40,0.0
2021-08-04 12:00:00,351.49,352.02,350.98,351.1,141.0,40,0.0
2021-08-04 13:00:00,351.2,354.35,351.2,353.69,1844.0,16,0.0
2021-08-04 14:00:00,353.75,354.66,352.15,354.23,2355.0,16,0.0
2021-08-04 15:00:00,354.22,358.73,354.16,358.43,2360.0,16,0.0
2021-08-04 16:00:00,358.45,358.74,357.18,358.28,1353.0,16,0.0
2021-08-04 17:00:00,358.31,359.91,358.15,359.44,1106.0,16,0.0
2021-08-04 18:00:00,359.45,360.37,359.34,359.46,1222.0,16,0.0
2021-08-04 19:00:00,359.43,359.53,357.84,358.97,918.0,16,0.0
2021-08-05 10:00:00,359.53,359.53,359.24,359.24,15.0,40,0.0
2021-08-05 11:00:00,359.19,359.64,358.98,359.49,50.0,40,0.0
2021-08-05 12:00:00,359.52,359.56,359.23,359.34,210.0,40,0.0
2021-08-05 13:00:00,359.3,360.33,356.8,358.71,1588.0,16,0.0
2021-08-05 14:00:00,358.75,362.24,358.75,360.71,1938.0,16,0.0
2021-08-05 15:00:00,360.74,361.78,360.59,361.0,1102.0,16,0.0
2021-08-05 16:00:00,360.98,361.55,360.46,361.0,889.0,16,0.0
2021-08-05 17:00:00,361.02,361.48,360.7,361.29,711.0,16,0.0
2021-08-05 18:00:00,361.26,362.2,361.23,361.44,786.0,16,0.0
2021-08-05 19:00:00,361.47,362.46,360.8,362.34,835.0,16,0.0
2021-08-06 10:00:00,362.55,362.62,362.39,362.54,19.0,16,0.0
2021-08-06 11:00:00,362.46,362.61,362.13,362.26,108.0,16,0.0
2021-08-06 12:00:00,362.23,362.62,360.43,360.9,296.0,40,0.0
2021-08-06 13:00:00,360.8,364.93,360.4,363.2,1549.0,16,0.0
2021-08-06 14:00:00,363.26,364.06,361.51,361.9,1737.0,16,0.0
2021-08-06 15:00:00,361.95,363.1,361.36,363.1,1257.0,16,0.0
2021-08-06 16:00:00,363.11,363.38,362.19,362.99,772.0,16,0.0
2021-08-06 17:00:00,362.97,363.31,362.53,363.1,674.0,16,0.0
2021-08-06 18:00:00,363.12,363.56,362.73,362.96,715.0,16,0.0
2021-08-06 19:00:00,362.95,363.44,362.48,363.16,584.0,16,0.0
2021-08-09 10:00:00,364.01,364.62,363.88,364.4,115.0,40,0.0
2021-08-09 11:00:00,364.37,364.46,363.94,364.03,117.0,40,0.0
2021-08-09 12:00:00,364.01,364.03,363.53,363.58,59.0,40,0.0
2021-08-09 13:00:00,363.64,365.68,362.01,362.12,1508.0,16,0.0
2021-08-09 14:00:00,362.14,363.64,361.33,362.8,1609.0,16,0.0
2021-08-09 15:00:00,362.84,363.23,362.31,362.68,1027.0,16,0.0
2021-08-09 16:00:00,362.71,363.14,362.1,362.36,866.0,16,0.0
2021-08-09 17:00:00,362.39,362.47,361.84,361.97,635.0,16,0.0
2021-08-09 18:00:00,361.91,362.18,361.35,361.69,1013.0,16,0.0
2021-08-09 19:00:00,361.71,362.07,361.44,361.56,669.0,16,0.0
2021-08-10 10:00:00,361.89,362.28,361.73,362.22,88.0,40,0.0
2021-08-10 11:00:00,362.11,362.31,361.88,362.01,49.0,40,0.0
2021-08-10 12:00:00,361.89,362.13,361.69,361.69,46.0,40,0.0
2021-08-10 13:00:00,361.68,364.01,360.73,363.12,1622.0,16,0.0
2021-08-10 14:00:00,363.11,363.59,360.15,360.35,2056.0,16,0.0
2021-08-10 15:00:00,360.38,361.29,358.97,360.89,1558.0,16,0.0
2021-08-10 16:00:00,360.92,361.62,360.24,360.87,1082.0,16,0.0
2021-08-10 17:00:00,360.89,361.17,360.69,361.04,835.0,16,0.0
2021-08-10 18:00:00,361.07,361.15,360.17,361.1,873.0,16,0.0
2021-08-10 19:00:00,361.09,361.12,360.3,360.48,715.0,16,0.0
2021-08-11 10:00:00,359.28,360.29,359.26,360.29,86.0,40,0.0
2021-08-11 11:00:00,360.3,360.38,359.91,360.16,66.0,40,0.0
2021-08-11 12:00:00,360.2,362.99,359.97,362.0,194.0,40,0.0
2021-08-11 13:00:00,362.17,362.71,358.48,358.69,1900.0,16,0.0
2021-08-11 14:00:00,358.71,359.7,357.72,358.81,2092.0,16,0.0
2021-08-11 15:00:00,358.83,359.66,358.17,359.05,1828.0,16,0.0
2021-08-11 16:00:00,359.03,360.17,358.97,360.02,992.0,16,0.0
2021-08-11 17:00:00,360.03,360.65,359.7,360.07,1017.0,16,0.0
2021-08-11 18:00:00,360.04,360.6,359.87,360.22,943.0,16,0.0
2021-08-11 19:00:00,360.23,360.35,359.76,359.85,806.0,16,0.0
2021-08-12 10:00:00,358.75,358.81,358.4,358.69,24.0,40,0.0
2021-08-12 11:00:00,358.68,358.74,358.33,358.66,36.0,40,0.0
2021-08-12 12:00:00,358.69,358.7,358.05,358.36,81.0,40,0.0
2021-08-12 13:00:00,358.41,359.8,357.76,358.18,1694.0,16,0.0
2021-08-12 14:00:00,358.15,361.17,357.05,360.38,2168.0,16,0.0
2021-08-12 15:00:00,360.39,361.7,359.39,361.25,1259.0,16,0.0
2021-08-12 16:00:00,361.27,361.85,360.79,361.83,905.0,16,0.0
2021-08-12 17:00:00,361.84,362.01,361.26,361.75,790.0,16,0.0
2021-08-12 18:00:00,361.72,362.13,361.42,362.07,802.0,9,0.0
2021-08-12 19:00:00,362.1,362.84,361.87,362.79,638.0,16,0.0
2021-08-13 10:00:00,361.81,362.04,361.59,362.04,42.0,40,0.0
2021-08-13 11:00:00,362.02,362.04,361.37,361.55,260.0,40,0.0
2021-08-13 12:00:00,361.39,362.09,361.39,361.98,41.0,40,0.0
2021-08-13 13:00:00,362.06,363.95,361.38,363.83,1377.0,16,0.0
2021-08-13 14:00:00,363.8,364.55,362.71,363.2,1724.0,16,0.0
2021-08-13 15:00:00,363.24,363.82,362.17,362.67,1003.0,16,0.0
2021-08-13 16:00:00,362.68,363.19,362.29,363.1,758.0,16,0.0
2021-08-13 17:00:00,363.12,363.25,361.98,362.62,738.0,16,0.0
2021-08-13 18:00:00,362.59,362.84,362.35,362.64,761.0,16,0.0
2021-08-13 19:00:00,362.62,362.93,362.44,362.61,531.0,16,0.0
2021-08-16 10:00:00,362.92,362.92,361.34,362.15,208.0,16,0.0
2021-08-16 11:00:00,362.16,362.71,361.49,361.56,96.0,40,0.0
2021-08-16 12:00:00,361.8,361.91,361.23,361.54,113.0,40,0.0
2021-08-16 13:00:00,361.57,366.0,361.42,362.6,1902.0,16,0.0
2021-08-16 14:00:00,362.58,363.35,357.34,358.14,3062.0,16,0.0
2021-08-16 15:00:00,358.12,360.87,358.1,360.48,1825.0,16,0.0
2021-08-16 16:00:00,360.52,361.7,360.5,361.61,1157.0,16,0.0
2021-08-16 17:00:00,361.64,364.45,361.64,364.33,1315.0,16,0.0
2021-08-16 18:00:00,364.34,365.34,363.8,365.23,1150.0,16,0.0
2021-08-16 19:00:00,365.2,366.65,365.2,365.98,893.0,16,0.0
2021-08-17 10:00:00,365.03,365.35,365.0,365.15,33.0,40,0.0
2021-08-17 11:00:00,365.14,365.44,364.83,365.21,86.0,40,0.0
2021-08-17 12:00:00,365.19,365.24,363.38,364.5,115.0,40,0.0
2021-08-17 13:00:00,364.46,364.57,361.4,362.61,1976.0,16,0.0
2021-08-17 14:00:00,362.58,363.63,361.2,362.87,2445.0,16,0.0
2021-08-17 15:00:00,362.86,362.86,359.19,359.22,1833.0,16,0.0
2021-08-17 16:00:00,359.19,359.54,355.21,355.31,2115.0,16,0.0
2021-08-17 17:00:00,355.25,356.86,355.02,356.83,1802.0,16,0.0
2021-08-17 18:00:00,356.78,358.35,356.63,358.3,1414.0,16,0.0
2021-08-17 19:00:00,358.33,358.73,357.5,357.76,1078.0,16,0.0
2021-08-18 10:00:00,358.59,358.72,357.79,358.69,214.0,40,0.0
2021-08-18 11:00:00,358.62,360.4,358.49,359.18,421.0,40,0.0
2021-08-18 12:00:00,359.2,359.77,358.12,358.51,135.0,40,0.0
2021-08-18 13:00:00,358.41,359.25,355.32,358.52,1806.0,16,0.0
2021-08-18 14:00:00,358.47,358.63,356.96,357.89,1769.0,16,0.0
2021-08-18 15:00:00,357.87,358.08,356.71,357.12,1521.0,16,0.0
2021-08-18 16:00:00,357.09,358.52,356.96,358.29,1201.0,16,0.0
2021-08-18 17:00:00,358.3,358.59,357.84,358.54,851.0,16,0.0
2021-08-18 18:00:00,358.56,359.78,357.08,358.87,2115.0,16,0.0
2021-08-18 19:00:00,358.84,358.88,356.56,357.05,1249.0,16,0.0
2021-08-19 10:00:00,352.66,352.99,351.71,352.03,170.0,60,0.0
2021-08-19 11:00:00,352.09,352.54,351.35,351.98,187.0,40,0.0
2021-08-19 12:00:00,351.82,353.56,351.6,352.1,209.0,40,0.0
2021-08-19 13:00:00,352.12,354.48,350.46,354.13,2440.0,16,0.0
2021-08-19 14:00:00,354.09,357.21,353.36,357.21,2772.0,16,0.0
2021-08-19 15:00:00,357.23,357.47,354.05,356.38,2519.0,16,0.0
2021-08-19 16:00:00,356.42,356.81,354.55,355.8,1502.0,16,0.0
2021-08-19 17:00:00,355.79,355.95,354.71,354.83,1451.0,16,0.0
2021-08-19 18:00:00,354.8,355.9,353.7,355.9,2058.0,16,0.0
2021-08-19 19:00:00,355.88,356.48,355.27,355.55,1245.0,16,0.0
2021-08-20 10:00:00,353.39,353.78,353.25,353.67,31.0,40,0.0
2021-08-20 11:00:00,353.69,354.46,353.44,353.92,277.0,40,0.0
2021-08-20 12:00:00,353.98,355.36,353.82,355.3,199.0,40,0.0
2021-08-20 13:00:00,355.26,357.06,353.24,357.01,1883.0,16,0.0
2021-08-20 14:00:00,357.04,358.39,356.78,358.02,2051.0,16,0.0
2021-08-20 15:00:00,358.0,358.37,355.77,356.57,1439.0,16,0.0
2021-08-20 16:00:00,356.53,357.65,356.31,357.6,985.0,16,0.0
2021-08-20 17:00:00,357.63,357.95,357.3,357.6,730.0,16,0.0
2021-08-20 18:00:00,357.64,358.06,357.38,357.92,883.0,16,0.0
2021-08-20 19:00:00,357.9,359.39,357.83,358.81,779.0,9,0.0
2021-08-23 10:00:00,358.89,359.08,358.59,359.04,80.0,40,0.0
2021-08-23 11:00:00,359.27,360.0,358.99,359.61,144.0,40,0.0
2021-08-23 12:00:00,359.52,359.69,358.43,358.67,144.0,40,0.0
2021-08-23 13:00:00,358.73,362.56,358.57,362.51,1809.0,16,0.0
2021-08-23 14:00:00,362.53,364.17,361.75,364.1,2301.0,16,0.0
2021-08-23 15:00:00,364.13,364.88,363.41,364.77,1317.0,16,0.0
2021-08-23 16:00:00,364.74,365.26,364.38,365.15,974.0,16,0.0
2021-08-23 17:00:00,365.13,365.47,364.28,365.27,978.0,16,0.0
2021-08-23 18:00:00,365.29,365.6,364.36,364.45,1038.0,16,0.0
2021-08-23 19:00:00,364.47,364.61,363.27,363.28,941.0,16,0.0
2021-08-24 10:00:00,363.71,363.79,363.5,363.5,17.0,40,0.0
2021-08-24 11:00:00,363.56,363.64,363.0,363.17,110.0,40,0.0
2021-08-24 12:00:00,363.09,363.34,362.69,362.84,75.0,40,0.0
2021-08-24 13:00:00,362.97,365.3,361.71,364.59,2303.0,16,0.0
2021-08-24 14:00:00,364.63,367.83,364.02,366.68,2607.0,16,0.0
2021-08-24 15:00:00,366.66,367.37,365.2,365.63,1426.0,16,0.0
2021-08-24 16:00:00,365.6,366.77,365.38,366.43,1245.0,16,0.0
2021-08-24 17:00:00,366.46,366.88,366.05,366.55,851.0,16,0.0
2021-08-24 18:00:00,366.57,366.57,365.55,365.71,858.0,16,0.0
2021-08-24 19:00:00,365.68,366.29,365.27,365.46,734.0,16,0.0
2021-08-25 11:00:00,365.7,365.7,364.44,365.29,113.0,16,0.0
2021-08-25 12:00:00,365.18,365.49,364.93,365.49,64.0,40,0.0
2021-08-25 13:00:00,365.51,369.75,365.25,368.96,1997.0,16,0.0
2021-08-25 14:00:00,369.0,370.76,367.16,367.79,2540.0,16,0.0
2021-08-25 15:00:00,367.78,369.14,367.54,368.67,1151.0,16,0.0
2021-08-25 16:00:00,368.71,369.0,367.88,368.86,1011.0,16,0.0
2021-08-25 17:00:00,368.84,368.84,368.3,368.68,902.0,16,0.0
2021-08-25 18:00:00,368.69,368.8,367.86,368.69,905.0,16,0.0
2021-08-25 19:00:00,368.66,368.86,368.12,368.82,640.0,16,0.0
2021-08-26 10:00:00,367.48,367.85,367.48,367.85,7.0,40,0.0
2021-08-26 11:00:00,367.81,368.1,367.68,367.68,51.0,40,0.0
2021-08-26 12:00:00,367.52,367.99,367.01,367.66,101.0,40,0.0
2021-08-26 13:00:00,367.71,369.34,367.06,367.17,1704.0,16,0.0
2021-08-26 14:00:00,367.2,368.5,365.59,366.33,2991.0,16,0.0
2021-08-26 15:00:00,366.35,366.98,365.07,366.8,2174.0,16,0.0
2021-08-26 16:00:00,366.82,367.66,366.78,367.28,1290.0,16,0.0
2021-08-26 17:00:00,367.29,367.29,366.0,366.54,1139.0,16,0.0
2021-08-26 18:00:00,366.55,366.6,365.34,365.34,1353.0,16,0.0
2021-08-26 19:00:00,365.32,365.32,364.36,364.54,1329.0,16,0.0
2021-08-27 10:00:00,365.86,366.22,365.8,365.8,24.0,40,0.0
2021-08-27 11:00:00,365.78,365.78,365.06,365.06,65.0,40,0.0
2021-08-27 12:00:00,365.04,365.51,364.99,365.51,57.0,40,0.0
2021-08-27 13:00:00,365.39,367.77,363.98,367.72,1724.0,16,0.0
2021-08-27 14:00:00,367.74,371.36,366.99,370.33,3058.0,16,0.0
2021-08-27 15:00:00,370.37,370.98,369.74,370.85,1575.0,16,0.0
2021-08-27 16:00:00,370.86,372.27,370.84,371.94,1008.0,16,0.0
2021-08-27 17:00:00,371.97,372.66,371.88,372.5,915.0,16,0.0
2021-08-27 18:00:00,372.51,372.91,371.83,372.81,897.0,16,0.0
2021-08-27 19:00:00,372.83,373.29,372.66,373.1,740.0,16,0.0
2021-08-30 10:00:00,372.74,373.53,372.63,373.1,18.0,40,0.0
2021-08-30 11:00:00,372.99,373.11,372.66,373.06,48.0,40,0.0
2021-08-30 12:00:00,373.01,373.13,372.6,372.98,64.0,40,0.0
2021-08-30 13:00:00,372.9,373.96,370.5,373.89,1496.0,16,0.0
2021-08-30 14:00:00,373.92,376.26,373.3,376.05,2080.0,16,0.0
2021-08-30 15:00:00,376.09,377.0,375.71,376.28,1259.0,16,0.0
2021-08-30 16:00:00,376.3,378.63,375.87,378.51,1269.0,16,0.0
2021-08-30 17:00:00,378.53,380.42,377.73,380.15,1387.0,16,0.0
2021-08-30 18:00:00,380.18,381.31,380.07,381.21,1125.0,16,0.0
2021-08-30 19:00:00,381.18,381.4,380.48,380.87,819.0,16,0.0
2021-08-31 10:00:00,381.07,381.1,379.25,379.27,153.0,16,0.0
2021-08-31 11:00:00,379.31,379.98,378.91,379.53,166.0,40,0.0
2021-08-31 12:00:00,379.61,379.66,378.36,379.41,136.0,40,0.0
2021-08-31 13:00:00,379.43,382.63,378.75,380.42,2492.0,16,0.0
2021-08-31 14:00:00,380.39,381.17,379.22,380.09,2491.0,16,0.0
2021-08-31 15:00:00,380.13,380.47,378.98,379.87,1514.0,16,0.0
2021-08-31 16:00:00,379.9,380.31,378.94,380.13,1061.0,16,0.0
2021-08-31 17:00:00,380.16,380.46,379.39,380.26,974.0,16,0.0
2021-08-31 18:00:00,380.23,381.11,379.87,380.93,863.0,16,0.0
2021-08-31 19:00:00,380.95,381.05,379.54,379.9,875.0,16,0.0
2021-09-01 10:00:00,379.56,379.67,376.46,378.13,107.0,16,0.0
2021-09-01 11:00:00,378.23,378.46,376.64,377.44,242.0,40,0.0
2021-09-01 12:00:00,377.41,378.2,377.25,377.88,104.0,40,0.0
2021-09-01 13:00:00,377.82,382.38,377.75,380.94,1795.0,16,0.0
2021-09-01 14:00:00,380.93,382.26,379.46,381.69,2004.0,16,0.0
2021-09-01 15:00:00,381.73,383.66,381.2,383.36,1452.0,16,0.0
2021-09-01 16:00:00,383.33,384.23,382.92,384.07,1047.0,16,0.0
2021-09-01 17:00:00,384.05,384.17,383.27,383.48,890.0,16,0.0
2021-09-01 18:00:00,383.47,383.99,382.15,383.02,1072.0,16,0.0
2021-09-01 19:00:00,383.0,383.62,382.57,382.95,1001.0,16,0.0
2021-09-02 10:00:00,382.12,382.27,381.79,381.96,172.0,40,0.0
2021-09-02 11:00:00,382.01,382.68,381.97,382.55,60.0,40,0.0
2021-09-02 12:00:00,382.59,382.59,380.88,381.4,151.0,40,0.0
2021-09-02 13:00:00,381.56,381.73,376.97,377.41,2281.0,16,0.0
2021-09-02 14:00:00,377.42,378.23,375.03,377.12,2570.0,16,0.0
2021-09-02 15:00:00,377.14,378.37,376.08,377.29,1309.0,16,0.0
2021-09-02 16:00:00,377.27,377.63,376.18,376.81,1067.0,16,0.0
2021-09-02 17:00:00,376.84,377.09,374.74,374.93,1232.0,16,0.0
2021-09-02 18:00:00,374.89,375.47,374.04,375.3,1514.0,16,0.0
2021-09-02 19:00:00,375.32,375.32,373.97,374.5,915.0,16,0.0
2021-09-03 10:00:00,375.41,375.46,375.41,375.46,2.0,40,0.0
2021-09-03 11:00:00,375.51,376.07,375.43,375.76,91.0,40,0.0
2021-09-03 12:00:00,375.81,376.93,374.41,376.27,226.0,40,0.0
2021-09-03 13:00:00,376.16,376.32,373.07,376.05,1997.0,16,0.0
2021-09-03 14:00:00,376.09,377.07,375.48,375.83,2136.0,16,0.0
2021-09-03 15:00:00,375.8,376.84,375.4,375.97,1204.0,16,0.0
2021-09-03 16:00:00,376.0,376.44,375.54,375.99,840.0,16,0.0
2021-09-03 17:00:00,375.98,376.62,375.93,376.49,798.0,16,0.0
2021-09-03 18:00:00,376.52,376.71,376.03,376.51,754.0,16,0.0
2021-09-03 19:00:00,376.53,376.76,375.66,375.75,766.0,16,0.0
2021-09-07 10:00:00,375.48,375.72,375.26,375.5,65.0,40,0.0
2021-09-07 11:00:00,375.55,375.89,375.32,375.75,91.0,40,0.0
2021-09-07 12:00:00,375.7,375.73,374.92,375.0,108.0,40,0.0
2021-09-07 13:00:00,374.96,377.45,372.98,376.81,1895.0,16,0.0
2021-09-07 14:00:00,376.87,378.86,375.91,378.44,2268.0,16,0.0
2021-09-07 15:00:00,378.48,379.84,377.64,379.8,1457.0,16,0.0
2021-09-07 16:00:00,379.84,380.9,379.56,380.59,1356.0,16,0.0
2021-09-07 17:00:00,380.63,381.34,380.31,381.26,860.0,16,0.0
2021-09-07 18:00:00,381.25,382.66,380.55,382.6,1138.0,16,0.0
2021-09-07 19:00:00,382.59,382.86,381.66,382.1,906.0,16,0.0
2021-09-08 10:00:00,381.04,381.34,381.03,381.15,537.0,40,0.0
2021-09-08 11:00:00,381.27,381.61,380.94,381.12,161.0,40,0.0
2021-09-08 12:00:00,381.08,381.19,380.5,381.0,66.0,40,0.0
2021-09-08 13:00:00,380.93,381.16,377.7,379.6,1827.0,16,0.0
2021-09-08 14:00:00,379.63,380.75,376.36,376.67,2704.0,16,0.0
2021-09-08 15:00:00,376.63,378.15,376.18,376.75,1940.0,16,0.0
2021-09-08 16:00:00,376.73,378.29,375.46,375.48,1817.0,16,0.0
2021-09-08 17:00:00,375.45,376.43,374.73,375.88,1802.0,16,0.0
2021-09-08 18:00:00,375.89,377.33,375.84,377.16,1533.0,16,0.0
2021-09-08 19:00:00,377.18,377.9,376.87,377.15,872.0,16,0.0
2021-09-09 10:00:00,376.5,376.5,375.98,376.19,40.0,40,0.0
2021-09-09 11:00:00,376.22,377.17,375.99,377.01,241.0,40,0.0
2021-09-09 12:00:00,376.94,377.68,376.43,377.2,118.0,40,0.0
2021-09-09 13:00:00,377.25,379.46,376.84,378.53,1650.0,16,0.0
2021-09-09 14:00:00,378.5,379.72,378.27,379.02,1696.0,16,0.0
2021-09-09 15:00:00,379.05,379.33,377.15,378.15,1482.0,16,0.0
2021-09-09 16:00:00,378.16,379.13,377.04,378.44,1307.0,16,0.0
2021-09-09 17:00:00,378.46,379.03,376.49,378.24,1789.0,16,0.0
2021-09-09 18:00:00,378.21,379.21,377.56,379.05,1468.0,16,0.0
2021-09-09 19:00:00,379.04,379.5,378.58,379.33,1014.0,16,0.0
2021-09-10 10:00:00,379.14,379.32,379.14,379.32,21.0,16,0.0
2021-09-10 11:00:00,379.35,379.68,379.33,379.57,34.0,16,0.0
2021-09-10 12:00:00,379.56,380.07,379.49,379.75,62.0,40,0.0
2021-09-10 13:00:00,379.71,383.68,379.63,382.79,1950.0,16,0.0
2021-09-10 14:00:00,382.81,382.85,379.77,380.92,2440.0,16,0.0
2021-09-10 15:00:00,380.95,381.13,378.9,379.94,2469.0,16,0.0
2021-09-10 16:00:00,379.92,382.69,379.82,381.83,1323.0,16,0.0
2021-09-10 17:00:00,381.8,382.47,381.55,382.11,1015.0,16,0.0
2021-09-10 18:00:00,382.06,382.1,380.51,381.06,1067.0,16,0.0
2021-09-10 19:00:00,381.05,381.1,378.96,379.52,1355.0,16,0.0
2021-09-13 10:00:00,380.09,381.13,380.05,380.86,95.0,40,0.0
2021-09-13 11:00:00,380.77,382.24,380.75,382.0,227.0,40,0.0
2021-09-13 12:00:00,382.07,382.35,381.68,381.68,95.0,40,0.0
2021-09-13 13:00:00,381.69,381.98,376.08,376.24,2266.0,16,0.0
2021-09-13 14:00:00,376.2,377.56,374.91,376.82,3049.0,16,0.0
2021-09-13 15:00:00,376.84,377.66,374.85,375.07,2127.0,16,0.0
2021-09-13 16:00:00,375.09,377.53,374.44,377.35,1615.0,16,0.0
2021-09-13 17:00:00,377.38,377.59,375.84,376.19,1430.0,16,0.0
2021-09-13 18:00:00,376.22,376.44,374.4,375.1,1569.0,16,0.0
2021-09-13 19:00:00,375.07,376.38,374.27,375.86,1413.0,16,0.0
2021-09-14 10:00:00,375.84,375.96,375.76,375.86,30.0,16,0.0
2021-09-14 11:00:00,375.77,375.83,373.7,373.7,154.0,16,0.0
2021-09-14 12:00:00,373.75,377.68,373.27,376.6,337.0,40,0.0
2021-09-14 13:00:00,376.63,378.31,375.36,375.53,1778.0,16,0.0
2021-09-14 14:00:00,375.51,376.76,375.05,375.4,2118.0,16,0.0
2021-09-14 15:00:00,375.37,378.06,375.31,378.0,1408.0,16,0.0
2021-09-14 16:00:00,378.01,378.15,376.47,376.84,1060.0,16,0.0
2021-09-14 17:00:00,376.85,377.98,376.17,377.89,1097.0,16,0.0
2021-09-14 18:00:00,377.87,377.93,376.19,377.2,1389.0,16,0.0
2021-09-14 19:00:00,377.19,377.4,376.47,376.63,1083.0,16,0.0
2021-09-15 10:00:00,377.02,377.02,376.84,376.87,13.0,40,0.0
2021-09-15 11:00:00,376.83,377.03,376.46,376.56,55.0,40,0.0
2021-09-15 12:00:00,376.64,376.96,376.32,376.64,62.0,40,0.0
2021-09-15 13:00:00,376.76,377.37,370.44,371.35,2045.0,16,0.0
2021-09-15 14:00:00,371.41,371.5,367.62,369.02,2700.0,16,0.0
2021-09-15 15:00:00,368.99,369.06,368.07,368.71,1636.0,16,0.0
2021-09-15 16:00:00,368.7,371.75,368.09,371.65,1472.0,16,0.0
2021-09-15 17:00:00,371.68,372.72,370.94,372.45,1218.0,16,0.0
2021-09-15 18:00:00,372.48,374.24,372.05,374.08,1251.0,16,0.0
2021-09-15 19:00:00,374.05,375.67,373.95,375.08,1183.0,16,0.0
2021-09-16 10:00:00,372.66,372.97,372.66,372.82,20.0,40,0.0
2021-09-16 11:00:00,372.77,373.14,371.35,371.45,156.0,40,0.0
2021-09-16 12:00:00,371.59,372.74,371.25,372.69,149.0,40,0.0
2021-09-16 13:00:00,372.64,373.37,369.71,370.61,2223.0,16,0.0
2021-09-16 14:00:00,370.56,371.37,369.91,371.02,2224.0,16,0.0
2021-09-16 15:00:00,370.98,371.09,369.67,370.76,1293.0,16,0.0
2021-09-16 16:00:00,370.74,371.18,370.2,370.34,879.0,16,0.0
2021-09-16 17:00:00,370.35,371.35,369.95,371.11,1043.0,16,0.0
2021-09-16 18:00:00,371.14,372.62,371.02,372.27,1212.0,16,0.0
2021-09-16 19:00:00,372.29,373.48,372.29,372.95,1096.0,16,0.0
2021-09-17 10:00:00,372.02,372.24,371.24,371.5,65.0,40,0.0
2021-09-17 11:00:00,371.62,371.87,371.16,371.8,99.0,40,0.0
2021-09-17 12:00:00,371.78,372.72,371.78,372.25,250.0,40,0.0
2021-09-17 13:00:00,372.2,373.04,368.01,368.17,2060.0,16,0.0
2021-09-17 14:00:00,368.16,368.87,367.07,367.94,2242.0,16,0.0
2021-09-17 15:00:00,367.91,368.06,365.03,365.09,1805.0,16,0.0
2021-09-17 16:00:00,365.07,367.16,365.07,365.97,1300.0,16,0.0
2021-09-17 17:00:00,366.01,366.09,363.04,363.56,1280.0,16,0.0
2021-09-17 18:00:00,363.53,364.05,361.94,362.49,1520.0,16,0.0
2021-09-17 19:00:00,362.52,364.17,361.51,364.16,1292.0,16,0.0
2021-09-20 10:00:00,360.17,361.13,359.97,360.45,191.0,60,0.0
2021-09-20 11:00:00,360.35,360.6,358.65,358.77,283.0,40,0.0
2021-09-20 12:00:00,358.71,359.27,357.54,358.1,348.0,40,0.0
2021-09-20 13:00:00,358.08,360.82,356.69,357.34,2705.0,16,0.0
2021-09-20 14:00:00,357.28,357.43,354.41,354.87,3036.0,16,0.0
2021-09-20 15:00:00,354.8,356.13,352.41,352.85,2199.0,16,0.0
2021-09-20 16:00:00,352.83,353.78,352.45,352.92,1792.0,16,0.0
2021-09-20 17:00:00,352.96,353.21,351.84,352.52,1567.0,16,0.0
2021-09-20 18:00:00,352.56,352.82,349.86,350.68,2105.0,16,0.0
2021-09-20 19:00:00,350.67,355.18,350.67,355.18,2160.0,16,0.0
2021-09-21 10:00:00,358.66,359.05,358.57,358.8,72.0,60,0.0
2021-09-21 11:00:00,358.93,358.97,357.84,358.6,124.0,60,0.0
2021-09-21 12:00:00,358.5,358.59,357.61,357.83,194.0,40,0.0
2021-09-21 13:00:00,357.61,359.95,356.25,357.13,2369.0,16,0.0
2021-09-21 14:00:00,357.09,357.79,355.49,355.93,2986.0,16,0.0
2021-09-21 15:00:00,355.9,359.02,355.31,358.57,2253.0,16,0.0
2021-09-21 16:00:00,358.59,359.73,357.17,357.44,1681.0,16,0.0
2021-09-21 17:00:00,357.46,358.17,356.5,357.15,2063.0,16,0.0
2021-09-21 18:00:00,357.12,359.03,356.51,358.63,1990.0,16,0.0
2021-09-21 19:00:00,358.64,359.94,358.41,359.66,1683.0,16,0.0
2021-09-22 10:00:00,358.91,359.03,358.51,358.93,43.0,40,0.0
2021-09-22 11:00:00,359.01,359.01,357.91,358.21,93.0,40,0.0
2021-09-22 12:00:00,358.22,359.29,358.04,358.96,105.0,40,0.0
2021-09-22 13:00:00,359.08,359.41,342.75,345.57,4785.0,16,0.0
2021-09-22 14:00:00,345.51,346.27,341.96,344.18,3495.0,16,0.0
2021-09-22 15:00:00,344.2,344.92,343.08,344.09,2457.0,16,0.0
2021-09-22 16:00:00,344.12,344.25,340.64,342.72,2469.0,16,0.0
2021-09-22 17:00:00,342.69,344.15,342.4,342.72,1586.0,16,0.0
2021-09-22 18:00:00,342.83,345.95,341.96,342.84,3713.0,16,0.0
2021-09-22 19:00:00,342.81,346.59,342.43,343.68,1999.0,16,0.0
2021-09-23 10:00:00,347.68,347.79,345.85,346.11,206.0,60,0.0
2021-09-23 11:00:00,345.92,346.75,345.18,345.65,222.0,40,0.0
2021-09-23 12:00:00,345.74,346.6,344.24,344.5,339.0,40,0.0
2021-09-23 13:00:00,344.36,346.58,342.95,346.09,2457.0,16,0.0
2021-09-23 14:00:00,346.05,349.56,346.05,348.28,2476.0,16,0.0
2021-09-23 15:00:00,348.26,348.37,346.83,347.69,1722.0,16,0.0
2021-09-23 16:00:00,347.71,347.71,345.14,345.46,1518.0,16,0.0
2021-09-23 17:00:00,345.5,347.13,345.21,346.77,1291.0,16,0.0
2021-09-23 18:00:00,346.73,347.06,345.86,346.69,1052.0,16,0.0
2021-09-23 19:00:00,346.71,346.75,345.62,346.33,1065.0,16,0.0
2021-09-24 10:00:00,343.02,343.41,342.67,343.19,91.0,60,0.0
2021-09-24 11:00:00,343.31,343.67,342.67,342.88,127.0,40,0.0
2021-09-24 12:00:00,342.85,343.13,342.4,342.64,205.0,40,0.0
2021-09-24 13:00:00,342.54,346.79,342.15,346.77,2163.0,16,0.0
2021-09-24 14:00:00,346.78,347.98,346.25,347.08,2334.0,16,0.0
2021-09-24 15:00:00,347.04,351.81,346.86,351.4,1898.0,16,0.0
2021-09-24 16:00:00,351.38,352.72,351.12,352.17,1597.0,16,0.0
2021-09-24 17:00:00,352.19,352.91,351.44,351.48,1283.0,16,0.0
2021-09-24 18:00:00,351.45,353.23,351.24,353.06,1146.0,16,0.0
2021-09-24 19:00:00,353.11,354.14,352.03,354.07,1576.0,16,0.0
2021-09-27 10:00:00,352.41,352.6,351.06,351.69,170.0,40,0.0
2021-09-27 11:00:00,351.71,352.03,350.39,350.48,204.0,40,0.0
2021-09-27 12:00:00,350.46,350.48,348.85,350.22,373.0,40,0.0
2021-09-27 13:00:00,350.1,351.25,347.05,348.5,2636.0,16,0.0
2021-09-27 14:00:00,348.46,351.04,347.94,350.89,2417.0,16,0.0
2021-09-27 15:00:00,350.87,352.44,350.87,351.12,1735.0,16,0.0
2021-09-27 16:00:00,351.09,351.8,350.3,351.3,1205.0,16,0.0
2021-09-27 17:00:00,351.29,354.22,351.12,354.17,1292.0,16,0.0
2021-09-27 18:00:00,354.2,354.61,353.04,353.13,1269.0,16,0.0
2021-09-27 19:00:00,353.11,355.04,352.99,354.45,1350.0,16,0.0
2021-09-28 10:00:00,347.06,347.78,346.28,347.33,212.0,60,0.0
2021-09-28 11:00:00,347.35,348.35,346.58,348.28,261.0,60,0.0
2021-09-28 12:00:00,348.25,348.25,347.48,347.97,208.0,40,0.0
2021-09-28 13:00:00,347.92,349.36,343.36,344.46,2519.0,16,0.0
2021-09-28 14:00:00,344.42,344.42,340.89,341.07,3817.0,16,0.0
2021-09-28 15:00:00,341.08,341.49,339.4,340.58,2919.0,16,0.0
2021-09-28 16:00:00,340.53,341.59,338.88,339.36,2287.0,16,0.0
2021-09-28 17:00:00,339.33,341.46,339.29,340.62,2014.0,16,0.0
2021-09-28 18:00:00,340.66,343.62,340.57,341.97,2248.0,16,0.0
2021-09-28 19:00:00,342.0,343.56,341.26,341.27,1976.0,16,0.0
2021-09-29 10:00:00,344.02,344.54,343.87,343.95,79.0,60,0.0
2021-09-29 11:00:00,343.87,343.87,342.33,343.15,202.0,40,0.0
2021-09-29 12:00:00,343.17,343.49,341.92,342.47,226.0,40,0.0
2021-09-29 13:00:00,342.58,345.14,341.46,341.86,2377.0,16,0.0
2021-09-29 14:00:00,341.9,343.31,340.51,342.44,2813.0,16,0.0
2021-09-29 15:00:00,342.47,342.9,339.31,340.97,1996.0,16,0.0
2021-09-29 16:00:00,340.94,341.29,339.05,340.74,1795.0,16,0.0
2021-09-29 17:00:00,340.77,341.19,339.36,339.99,1943.0,16,0.0
2021-09-29 18:00:00,339.96,342.17,339.96,342.14,1714.0,16,0.0
2021-09-29 19:00:00,342.1,342.43,340.88,340.96,1294.0,16,0.0
2021-09-30 10:00:00,341.48,341.52,340.95,341.21,42.0,40,0.0
2021-09-30 11:00:00,341.15,341.2,340.08,340.58,124.0,40,0.0
2021-09-30 12:00:00,340.65,341.14,340.46,340.98,117.0,40,0.0
2021-09-30 13:00:00,340.95,342.7,339.77,341.28,2246.0,16,0.0
2021-09-30 14:00:00,341.24,342.56,340.41,340.87,3111.0,16,0.0
2021-09-30 15:00:00,340.85,342.52,340.25,341.24,2237.0,16,0.0
2021-09-30 16:00:00,341.22,341.45,338.11,339.17,2368.0,16,0.0
2021-09-30 17:00:00,339.22,340.62,338.94,340.44,1877.0,16,0.0
2021-09-30 18:00:00,340.43,342.34,340.34,341.11,1980.0,16,0.0
2021-09-30 19:00:00,341.14,342.41,340.31,340.45,1593.0,16,0.0
2021-10-01 10:00:00,337.39,337.91,337.0,337.91,62.0,60,0.0
2021-10-01 11:00:00,337.94,341.05,337.94,340.36,324.0,40,0.0
2021-10-01 12:00:00,340.34,342.12,339.96,340.49,260.0,40,0.0
2021-10-01 13:00:00,340.42,343.73,340.16,342.12,2623.0,16,0.0
2021-10-01 14:00:00,342.05,342.13,338.56,341.59,3381.0,16,0.0
2021-10-01 15:00:00,341.6,344.7,340.64,343.23,2634.0,16,0.0
2021-10-01 16:00:00,343.27,343.48,342.0,342.35,1922.0,16,0.0
2021-10-01 17:00:00,342.41,344.39,342.0,343.6,1616.0,16,0.0
2021-10-01 18:00:00,343.66,344.29,343.51,344.04,1275.0,16,0.0
2021-10-01 19:00:00,344.07,344.89,343.22,343.67,1104.0,16,0.0
2021-10-04 10:00:00,340.38,340.53,339.62,340.0,124.0,40,0.0
2021-10-04 11:00:00,340.08,340.2,339.13,339.6,172.0,40,0.0
2021-10-04 12:00:00,339.62,340.64,339.41,339.53,214.0,40,0.0
2021-10-04 13:00:00,339.57,339.99,329.55,331.09,3401.0,16,0.0
2021-10-04 14:00:00,331.16,331.42,326.57,328.0,3632.0,16,0.0
2021-10-04 15:00:00,328.02,328.54,324.67,327.35,3386.0,16,0.0
2021-10-04 16:00:00,327.34,327.54,322.64,324.85,3432.0,16,0.0
2021-10-04 17:00:00,324.82,325.67,322.77,323.06,2561.0,16,0.0
2021-10-04 18:00:00,323.08,325.58,322.76,324.51,3585.0,16,0.0
2021-10-04 19:00:00,324.49,326.44,323.31,325.43,2505.0,16,0.0
2021-10-05 10:00:00,330.82,331.3,329.93,330.04,219.0,60,0.0
2021-10-05 11:00:00,330.01,330.3,329.16,329.9,340.0,40,0.0
2021-10-05 12:00:00,329.84,329.87,328.41,328.69,413.0,40,0.0
2021-10-05 13:00:00,328.81,331.52,326.14,330.7,4073.0,16,0.0
2021-10-05 14:00:00,330.76,333.13,328.19,332.44,3873.0,16,0.0
2021-10-05 15:00:00,332.4,333.43,331.16,332.8,2729.0,16,0.0
2021-10-05 16:00:00,332.83,334.65,332.57,332.74,2185.0,16,0.0
2021-10-05 17:00:00,332.72,333.8,332.12,332.89,1721.0,16,0.0
2021-10-05 18:00:00,332.88,333.84,332.78,333.02,1481.0,16,0.0
2021-10-05 19:00:00,332.99,335.05,332.85,333.62,1556.0,16,0.0
2021-10-06 10:00:00,327.27,327.44,327.17,327.43,67.0,60,0.0
2021-10-06 11:00:00,327.56,328.9,327.51,328.77,215.0,60,0.0
2021-10-06 12:00:00,328.57,330.28,328.26,329.85,330.0,40,0.0
2021-10-06 13:00:00,329.87,331.84,325.74,327.47,2931.0,16,0.0
2021-10-06 14:00:00,327.45,333.54,326.31,331.65,4104.0,16,0.0
2021-10-06 15:00:00,331.64,333.18,329.63,332.43,2822.0,16,0.0
2021-10-06 16:00:00,332.42,332.62,329.97,331.25,2159.0,16,0.0
2021-10-06 17:00:00,331.29,333.47,330.59,332.43,1850.0,16,0.0
2021-10-06 18:00:00,332.48,334.28,331.85,332.88,1882.0,16,0.0
2021-10-06 19:00:00,332.87,333.66,331.9,332.18,1406.0,16,0.0
2021-10-07 10:00:00,335.79,336.54,335.2,336.53,130.0,60,0.0
2021-10-07 11:00:00,336.5,337.71,336.22,337.57,176.0,40,0.0
2021-10-07 12:00:00,337.59,337.59,336.92,337.21,180.0,40,0.0
2021-10-07 13:00:00,337.31,338.73,335.52,336.53,2159.0,16,0.0
2021-10-07 14:00:00,336.49,336.58,333.18,333.94,2486.0,16,0.0
2021-10-07 15:00:00,333.95,334.77,333.36,334.2,1673.0,16,0.0
2021-10-07 16:00:00,334.23,335.74,333.83,335.27,1375.0,16,0.0
2021-10-07 17:00:00,335.24,335.68,334.44,334.55,1061.0,16,0.0
2021-10-07 18:00:00,334.53,334.75,332.01,332.53,1478.0,16,0.0
2021-10-07 19:00:00,332.5,332.61,329.95,329.95,1295.0,16,0.0
2021-10-08 10:00:00,328.95,330.11,328.7,329.85,102.0,40,0.0
2021-10-08 11:00:00,329.97,330.76,329.83,330.36,125.0,40,0.0
2021-10-08 12:00:00,330.39,332.66,330.12,331.94,391.0,40,0.0
2021-10-08 13:00:00,332.03,332.49,328.64,330.36,2746.0,16,0.0
2021-10-08 14:00:00,330.39,333.32,329.8,331.97,2403.0,16,0.0
2021-10-08 15:00:00,332.01,332.53,330.61,330.96,1655.0,16,0.0
2021-10-08 16:00:00,330.99,332.2,330.84,331.65,1132.0,16,0.0
2021-10-08 17:00:00,331.68,332.36,330.12,331.11,1217.0,16,0.0
2021-10-08 18:00:00,331.15,332.22,330.98,331.35,1092.0,16,0.0
2021-10-08 19:00:00,331.37,332.09,330.22,330.27,868.0,16,0.0
2021-10-11 10:00:00,329.09,329.23,326.62,327.17,199.0,40,0.0
2021-10-11 11:00:00,327.19,327.88,327.12,327.14,247.0,40,0.0
2021-10-11 12:00:00,327.17,328.49,326.87,327.95,227.0,40,0.0
2021-10-11 13:00:00,327.93,329.03,325.59,328.45,1843.0,16,0.0
2021-10-11 14:00:00,328.51,330.37,328.18,328.91,1844.0,16,0.0
2021-10-11 15:00:00,328.95,330.3,328.58,329.93,1425.0,16,0.0
2021-10-11 16:00:00,329.9,330.03,328.2,328.44,1213.0,16,0.0
2021-10-11 17:00:00,328.42,328.42,326.43,327.48,1448.0,16,0.0
2021-10-11 18:00:00,327.46,328.45,327.39,328.12,1203.0,16,0.0
2021-10-11 19:00:00,328.11,328.32,325.95,326.14,1037.0,16,0.0
2021-10-12 10:00:00,325.95,326.1,324.62,324.68,350.0,16,0.0
2021-10-12 11:00:00,324.64,325.07,322.96,323.37,247.0,40,0.0
2021-10-12 12:00:00,323.39,323.45,321.18,321.76,410.0,40,0.0
2021-10-12 13:00:00,321.77,323.92,317.86,317.96,2585.0,16,0.0
2021-10-12 14:00:00,317.92,319.76,317.32,317.52,2925.0,16,0.0
2021-10-12 15:00:00,317.54,321.56,317.54,321.32,2350.0,16,0.0
2021-10-12 16:00:00,321.38,322.25,320.01,320.49,1566.0,16,0.0
2021-10-12 17:00:00,320.51,321.82,319.75,321.46,1268.0,16,0.0
2021-10-12 18:00:00,321.43,323.32,321.04,321.08,1394.0,16,0.0
2021-10-12 19:00:00,321.11,324.26,320.74,322.82,1559.0,16,0.0
2021-10-13 10:00:00,325.09,325.56,325.02,325.1,71.0,40,0.0
2021-10-13 11:00:00,325.12,325.43,324.64,325.31,118.0,40,0.0
2021-10-13 12:00:00,325.32,325.75,323.87,324.5,235.0,40,0.0
2021-10-13 13:00:00,324.35,326.98,324.35,325.98,1938.0,16,0.0
2021-10-13 14:00:00,326.04,326.87,323.85,324.3,2356.0,16,0.0
2021-10-13 15:00:00,324.29,324.88,322.62,324.19,1503.0,16,0.0
2021-10-13 16:00:00,324.23,324.84,323.5,323.73,1089.0,16,0.0
2021-10-13 17:00:00,323.69,325.38,323.59,324.96,1026.0,16,0.0
2021-10-13 18:00:00,325.01,326.2,324.26,324.77,1613.0,16,0.0
2021-10-13 19:00:00,324.74,325.13,323.66,323.66,988.0,16,0.0
2021-10-14 10:00:00,327.05,327.52,326.77,327.33,79.0,60,0.0
2021-10-14 11:00:00,327.3,329.02,327.03,328.61,157.0,40,0.0
2021-10-14 12:00:00,328.62,329.54,328.32,328.7,254.0,40,0.0
2021-10-14 13:00:00,328.72,329.46,326.94,328.89,1650.0,16,0.0
2021-10-14 14:00:00,328.93,329.86,327.9,328.87,1617.0,16,0.0
2021-10-14 15:00:00,328.84,328.88,327.47,328.68,1097.0,16,0.0
2021-10-14 16:00:00,328.65,328.82,328.02,328.25,768.0,16,0.0
2021-10-14 17:00:00,328.24,328.77,327.59,328.5,664.0,16,0.0
2021-10-14 18:00:00,328.47,328.84,328.0,328.8,647.0,9,0.0
2021-10-14 19:00:00,328.78,328.87,328.06,328.43,735.0,8,0.0
2021-10-15 10:00:00,328.56,328.82,327.75,328.08,373.0,16,0.0
2021-10-15 11:00:00,328.0,329.19,327.88,328.82,171.0,40,0.0
2021-10-15 12:00:00,328.92,330.53,328.13,329.48,311.0,40,0.0
2021-10-15 13:00:00,329.45,329.45,323.99,325.01,1776.0,16,0.0
2021-10-15 14:00:00,325.07,325.1,322.48,324.55,1864.0,16,0.0
2021-10-15 15:00:00,324.51,324.88,323.51,323.84,1375.0,16,0.0
2021-10-15 16:00:00,323.82,324.54,323.71,324.32,830.0,16,0.0
2021-10-15 17:00:00,324.3,324.57,323.55,323.9,828.0,16,0.0
2021-10-15 18:00:00,323.87,325.15,323.87,324.25,853.0,8,0.0
2021-10-15 19:00:00,324.28,324.74,323.71,324.27,919.0,8,0.0
2021-10-18 10:00:00,324.11,324.33,323.42,324.14,157.0,16,0.0
2021-10-18 11:00:00,324.11,327.03,324.07,326.73,319.0,40,0.0
2021-10-18 12:00:00,326.72,328.24,325.98,327.87,505.0,40,0.0
2021-10-18 13:00:00,327.85,330.88,327.28,329.59,2677.0,16,0.0
2021-10-18 14:00:00,329.63,331.75,328.61,331.25,2245.0,16,0.0
2021-10-18 15:00:00,331.23,334.5,331.03,334.46,1781.0,16,0.0
2021-10-18 16:00:00,334.48,335.79,334.17,334.43,1613.0,16,0.0
2021-10-18 17:00:00,334.41,335.29,333.87,334.77,1147.0,16,0.0
2021-10-18 18:00:00,334.74,334.94,333.06,333.9,1268.0,16,0.0
2021-10-18 19:00:00,333.88,335.17,333.85,335.14,884.0,9,0.0
2021-10-19 10:00:00,337.17,337.77,337.02,337.68,92.0,40,0.0
2021-10-19 11:00:00,337.6,338.38,337.51,337.67,194.0,40,0.0
2021-10-19 12:00:00,337.71,337.79,336.83,337.35,254.0,40,0.0
2021-10-19 13:00:00,337.41,340.78,337.13,338.09,2883.0,16,0.0
2021-10-19 14:00:00,338.08,340.01,337.23,340.0,2249.0,16,0.0
2021-10-19 15:00:00,340.04,340.65,338.58,340.58,1248.0,16,0.0
2021-10-19 16:00:00,340.55,342.36,339.93,341.39,1457.0,16,0.0
2021-10-19 17:00:00,341.34,341.41,340.1,341.1,857.0,16,0.0
2021-10-19 18:00:00,341.08,341.21,339.62,339.81,882.0,16,0.0
2021-10-19 19:00:00,339.77,340.25,339.18,339.33,757.0,9,0.0
2021-10-20 10:00:00,341.73,341.94,341.41,341.77,89.0,40,0.0
2021-10-20 11:00:00,341.83,341.83,340.49,340.85,201.0,40,0.0
2021-10-20 12:00:00,340.83,342.29,340.54,341.88,219.0,40,0.0
2021-10-20 13:00:00,341.86,343.66,340.1,340.41,1822.0,16,0.0
2021-10-20 14:00:00,340.43,341.86,339.66,340.63,1696.0,16,0.0
2021-10-20 15:00:00,340.65,341.9,340.19,341.68,1317.0,16,0.0
2021-10-20 16:00:00,341.69,342.11,340.21,340.57,1377.0,16,0.0
2021-10-20 17:00:00,340.55,340.83,339.41,340.46,1162.0,16,0.0
2021-10-20 18:00:00,340.42,340.87,340.31,340.59,719.0,16,0.0
2021-10-20 19:00:00,340.62,340.97,340.22,340.51,882.0,8,0.0
2021-10-21 10:00:00,340.21,340.26,339.97,340.02,61.0,16,0.0
2021-10-21 11:00:00,340.05,340.06,339.41,339.51,106.0,16,0.0
2021-10-21 12:00:00,339.56,340.16,339.36,339.89,130.0,16,0.0
2021-10-21 13:00:00,339.94,340.8,337.74,340.24,1582.0,16,0.0
2021-10-21 14:00:00,340.27,341.94,339.9,341.57,1458.0,16,0.0
2021-10-21 15:00:00,341.6,342.21,340.2,341.39,1141.0,16,0.0
2021-10-21 16:00:00,341.37,342.16,341.01,341.86,930.0,16,0.0
2021-10-21 17:00:00,341.85,341.92,340.14,340.27,717.0,16,0.0
2021-10-21 18:00:00,340.28,341.11,340.2,341.11,728.0,16,0.0
2021-10-21 19:00:00,341.13,341.64,340.74,341.54,639.0,16,0.0
2021-10-22 10:00:00,327.67,329.6,327.56,329.2,231.0,60,0.0
2021-10-22 11:00:00,329.03,330.6,328.3,329.05,521.0,40,0.0
2021-10-22 12:00:00,328.99,329.05,325.43,326.1,746.0,40,0.0
2021-10-22 13:00:00,326.04,329.38,322.45,324.11,3710.0,16,0.0
2021-10-22 14:00:00,324.08,325.63,322.87,324.84,3111.0,16,0.0
2021-10-22 15:00:00,324.82,325.05,321.15,322.32,2574.0,16,0.0
2021-10-22 16:00:00,322.31,323.72,321.84,322.88,1541.0,16,0.0
2021-10-22 17:00:00,322.86,323.29,321.67,321.76,1249.0,16,0.0
2021-10-22 18:00:00,321.8,322.23,321.31,321.39,1307.0,16,0.0
2021-10-22 19:00:00,321.36,322.79,321.06,322.41,1170.0,16,0.0
2021-10-25 10:00:00,323.58,323.85,323.42,323.78,156.0,40,0.0
2021-10-25 11:00:00,323.86,324.11,319.04,321.86,825.0,40,0.0
2021-10-25 12:00:00,321.96,323.89,321.86,321.88,456.0,40,0.0
2021-10-25 13:00:00,321.91,326.1,319.67,326.0,3048.0,16,0.0
2021-10-25 14:00:00,326.02,326.33,322.97,324.58,2411.0,16,0.0
2021-10-25 15:00:00,324.56,325.22,323.39,324.29,1369.0,16,0.0
2021-10-25 16:00:00,324.35,326.7,324.06,325.83,1191.0,16,0.0
2021-10-25 17:00:00,325.86,325.94,324.14,325.07,1019.0,16,0.0
2021-10-25 18:00:00,325.06,326.21,324.73,326.2,1021.0,16,0.0
2021-10-25 19:00:00,326.16,329.46,326.11,328.33,1440.0,16,0.0
2021-10-26 10:00:00,338.24,338.4,336.29,336.48,312.0,60,0.0
2021-10-26 11:00:00,336.63,336.63,331.56,332.59,690.0,40,0.0
2021-10-26 12:00:00,332.68,333.58,328.88,329.53,803.0,40,0.0
2021-10-26 13:00:00,329.48,331.05,320.93,323.05,4094.0,16,0.0
2021-10-26 14:00:00,322.96,324.42,320.61,321.97,3693.0,16,0.0
2021-10-26 15:00:00,322.0,322.01,315.75,316.17,3890.0,16,0.0
2021-10-26 16:00:00,316.13,316.3,309.58,311.87,4588.0,16,0.0
2021-10-26 17:00:00,311.83,313.99,310.33,311.96,3426.0,16,0.0
2021-10-26 18:00:00,312.0,313.72,310.74,313.61,2385.0,16,0.0
2021-10-26 19:00:00,313.59,316.89,313.18,316.73,1962.0,16,0.0
2021-10-27 10:00:00,314.08,314.74,313.92,314.02,187.0,40,0.0
2021-10-27 11:00:00,314.12,316.14,313.94,314.41,359.0,40,0.0
2021-10-27 12:00:00,314.44,316.04,314.44,314.81,340.0,40,0.0
2021-10-27 13:00:00,314.83,319.13,312.12,314.52,3322.0,16,0.0
2021-10-27 14:00:00,314.59,316.68,312.09,314.28,2829.0,16,0.0
2021-10-27 15:00:00,314.24,315.77,313.84,314.37,1622.0,16,0.0
2021-10-27 16:00:00,314.34,316.24,314.28,315.9,1555.0,8,0.0
2021-10-27 17:00:00,315.93,316.23,315.43,316.01,1168.0,8,0.0
2021-10-27 18:00:00,316.02,316.19,313.62,313.8,1279.0,8,0.0
2021-10-27 19:00:00,313.83,315.0,312.95,314.07,1426.0,8,0.0
2021-10-28 10:00:00,314.69,314.98,314.29,314.7,130.0,40,0.0
2021-10-28 11:00:00,314.75,314.75,313.75,313.82,264.0,40,0.0
2021-10-28 12:00:00,313.89,314.64,313.11,313.6,338.0,40,0.0
2021-10-28 13:00:00,313.71,314.65,308.39,308.49,2944.0,16,0.0
2021-10-28 14:00:00,308.52,314.0,308.1,313.22,2763.0,16,0.0
2021-10-28 15:00:00,313.25,316.89,313.07,315.03,1885.0,16,0.0
2021-10-28 16:00:00,315.05,316.3,314.2,314.52,1441.0,16,0.0
2021-10-28 17:00:00,314.5,317.17,312.93,317.15,1954.0,16,0.0
2021-10-28 18:00:00,317.17,325.4,317.05,322.49,5156.0,16,0.0
2021-10-28 19:00:00,322.48,324.02,320.17,320.21,1963.0,16,0.0
2021-10-29 10:00:00,320.89,320.96,318.62,319.71,387.0,40,0.0
2021-10-29 11:00:00,319.87,320.88,318.91,320.57,394.0,40,0.0
2021-10-29 12:00:00,320.62,320.97,319.33,319.41,476.0,16,0.0
2021-10-29 13:00:00,319.39,325.7,319.32,323.16,3131.0,16,0.0
2021-10-29 14:00:00,323.12,324.25,321.41,322.74,2384.0,16,0.0
2021-10-29 15:00:00,322.72,325.79,322.71,323.46,1834.0,16,0.0
2021-10-29 16:00:00,323.47,324.76,322.57,323.93,1473.0,16,0.0
2021-10-29 17:00:00,323.95,324.93,323.54,324.56,964.0,16,0.0
2021-10-29 18:00:00,324.55,324.68,321.6,321.61,1250.0,16,0.0
2021-10-29 19:00:00,321.63,323.03,321.61,322.56,1207.0,8,0.0
2021-11-01 10:00:00,327.19,327.19,326.55,326.96,136.0,60,0.0
2021-11-01 11:00:00,327.05,327.12,326.06,326.74,225.0,40,0.0
2021-11-01 12:00:00,326.73,326.8,325.35,326.06,350.0,40,0.0
2021-11-01 13:00:00,326.15,333.36,325.27,331.95,3259.0,16,0.0
2021-11-01 14:00:00,331.91,332.58,329.71,330.21,2649.0,16,0.0
2021-11-01 15:00:00,330.19,332.44,329.94,331.85,1557.0,16,0.0
2021-11-01 16:00:00,331.81,332.82,330.51,330.84,1290.0,16,0.0
2021-11-01 17:00:00,330.83,331.23,327.67,329.01,1452.0,16,0.0
2021-11-01 18:00:00,329.0,329.32,327.2,329.07,1501.0,16,0.0
2021-11-01 19:00:00,329.06,330.25,328.13,329.93,1061.0,16,0.0
2021-11-02 10:00:00,330.27,331.22,330.25,331.0,112.0,40,0.0
2021-11-02 11:00:00,331.16,331.26,330.51,330.6,181.0,40,0.0
2021-11-02 12:00:00,330.59,331.24,330.46,331.2,167.0,40,0.0
2021-11-02 13:00:00,331.17,331.76,327.3,327.99,1885.0,16,0.0
2021-11-02 14:00:00,328.02,332.74,327.76,332.59,1909.0,16,0.0
2021-11-02 15:00:00,332.63,334.68,328.47,329.28,2652.0,16,0.0
2021-11-02 16:00:00,329.26,329.43,325.12,327.18,2021.0,16,0.0
2021-11-02 17:00:00,327.22,327.6,324.32,324.5,1345.0,16,0.0
2021-11-02 18:00:00,324.47,326.65,323.78,326.42,1473.0,16,0.0
2021-11-02 19:00:00,326.43,327.92,326.43,327.9,856.0,16,0.0
2021-11-03 10:00:00,328.18,328.37,327.85,327.91,67.0,16,0.0
2021-11-03 11:00:00,327.93,328.07,327.25,327.93,142.0,16,0.0
2021-11-03 12:00:00,327.97,328.05,327.71,327.74,110.0,40,0.0
2021-11-03 13:00:00,327.75,329.78,323.18,328.62,2209.0,16,0.0
2021-11-03 14:00:00,328.6,328.93,326.66,328.03,2033.0,16,0.0
2021-11-03 15:00:00,328.06,329.32,326.88,329.21,1445.0,16,0.0
2021-11-03 16:00:00,329.2,329.57,327.89,328.66,1181.0,16,0.0
2021-11-03 17:00:00,328.67,329.68,328.2,329.16,951.0,16,0.0
2021-11-03 18:00:00,329.13,330.11,327.67,329.82,2286.0,16,0.0
2021-11-03 19:00:00,329.84,331.71,329.42,331.28,1298.0,16,0.0
2021-11-04 10:00:00,333.43,333.5,332.91,333.0,85.0,40,0.0
2021-11-04 11:00:00,332.9,333.31,332.45,332.69,195.0,40,0.0
2021-11-04 12:00:00,332.62,333.24,332.46,332.53,212.0,40,0.0
2021-11-04 13:00:00,332.48,337.17,332.25,335.74,2047.0,16,0.0
2021-11-04 14:00:00,335.72,337.14,334.29,336.87,2065.0,16,0.0
2021-11-04 15:00:00,336.88,336.91,332.59,333.4,1862.0,16,0.0
2021-11-04 16:00:00,333.38,335.11,333.26,334.01,1445.0,16,0.0
2021-11-04 17:00:00,334.03,335.56,332.95,334.92,1283.0,16,0.0
2021-11-04 18:00:00,334.95,335.75,334.44,334.54,1107.0,16,0.0
2021-11-04 19:00:00,334.58,336.43,334.35,335.05,1037.0,16,0.0
2021-11-05 10:00:00,339.53,339.77,338.89,338.95,145.0,60,0.0
2021-11-05 11:00:00,339.1,339.15,338.0,338.6,236.0,40,0.0
2021-11-05 12:00:00,338.62,339.72,337.84,339.51,762.0,40,0.0
2021-11-05 13:00:00,339.55,342.76,339.36,340.74,2398.0,16,0.0
2021-11-05 14:00:00,340.77,342.19,339.59,341.83,1923.0,16,0.0
2021-11-05 15:00:00,341.89,343.77,341.77,343.15,1627.0,16,0.0
2021-11-05 16:00:00,343.11,346.65,342.97,344.17,2112.0,16,0.0
2021-11-05 17:00:00,344.16,345.1,341.88,342.79,1966.0,16,0.0
2021-11-05 18:00:00,342.76,343.37,341.37,342.02,1298.0,16,0.0
2021-11-05 19:00:00,342.08,342.08,340.66,341.04,1065.0,16,0.0
2021-11-08 11:00:00,344.59,344.77,343.9,344.24,118.0,40,0.0
2021-11-08 12:00:00,344.36,344.4,343.14,343.81,327.0,40,0.0
2021-11-08 13:00:00,343.76,344.23,343.44,344.09,239.0,40,0.0
2021-11-08 14:00:00,344.1,345.9,340.68,341.92,1991.0,16,0.0
2021-11-08 15:00:00,341.97,342.14,339.87,340.04,1965.0,16,0.0
2021-11-08 16:00:00,340.0,341.93,339.8,340.42,1217.0,16,0.0
2021-11-08 17:00:00,340.39,341.31,339.88,341.18,964.0,16,0.0
2021-11-08 18:00:00,341.17,342.62,341.06,341.72,831.0,16,0.0
2021-11-08 19:00:00,341.71,342.0,340.87,341.44,752.0,16,0.0
2021-11-08 20:00:00,341.43,341.43,339.07,339.47,866.0,16,0.0
2021-11-09 11:00:00,338.41,339.26,338.36,339.06,143.0,40,0.0
2021-11-09 12:00:00,339.04,339.1,337.69,338.03,239.0,40,0.0
2021-11-09 13:00:00,337.98,338.68,337.88,338.62,278.0,40,0.0
2021-11-09 14:00:00,338.58,341.21,336.76,337.68,2136.0,16,0.0
2021-11-09 15:00:00,337.63,337.63,334.51,335.49,2965.0,16,0.0
2021-11-09 16:00:00,335.51,336.45,334.58,335.88,1742.0,16,0.0
2021-11-09 17:00:00,335.86,336.76,335.32,335.79,1270.0,16,0.0
2021-11-09 18:00:00,335.84,336.46,334.73,335.45,1249.0,16,0.0
2021-11-09 19:00:00,335.44,336.4,335.28,336.25,901.0,16,0.0
2021-11-09 20:00:00,336.24,336.52,335.63,335.95,897.0,16,0.0
2021-11-10 11:00:00,332.39,332.66,332.13,332.23,110.0,60,0.0
2021-11-10 12:00:00,332.3,332.71,332.29,332.49,166.0,40,0.0
2021-11-10 13:00:00,332.47,333.44,331.17,331.72,374.0,40,0.0
2021-11-10 14:00:00,331.7,332.73,327.6,331.28,2363.0,16,0.0
2021-11-10 15:00:00,331.25,333.07,330.72,330.75,2130.0,16,0.0
2021-11-10 16:00:00,330.78,331.37,329.98,330.65,1255.0,16,0.0
2021-11-10 17:00:00,330.66,331.45,330.37,330.58,955.0,16,0.0
2021-11-10 18:00:00,330.59,330.74,328.2,328.51,1415.0,16,0.0
2021-11-10 19:00:00,328.47,328.89,325.44,326.16,1836.0,16,0.0
2021-11-10 20:00:00,326.15,328.57,326.06,327.58,1229.0,16,0.0
2021-11-11 11:00:00,330.33,331.09,330.23,330.78,142.0,40,0.0
2021-11-11 12:00:00,330.71,330.8,329.61,329.92,236.0,40,0.0
2021-11-11 13:00:00,329.9,330.65,329.65,330.43,225.0,40,0.0
2021-11-11 14:00:00,330.39,332.31,329.09,330.44,2174.0,16,0.0
2021-11-11 15:00:00,330.48,331.22,329.4,330.77,1718.0,16,0.0
2021-11-11 16:00:00,330.8,331.12,329.79,330.48,881.0,16,0.0
2021-11-11 17:00:00,330.52,330.59,329.21,330.12,812.0,16,0.0
2021-11-11 18:00:00,330.15,330.15,328.57,329.3,866.0,8,0.0
2021-11-11 19:00:00,329.28,329.37,328.48,328.9,966.0,8,0.0
2021-11-11 20:00:00,328.93,329.11,327.76,327.95,876.0,8,0.0
2021-11-12 11:00:00,329.23,329.67,329.08,329.48,98.0,40,0.0
2021-11-12 12:00:00,329.51,329.54,329.06,329.27,169.0,40,0.0
2021-11-12 13:00:00,329.11,329.44,328.86,329.22,115.0,40,0.0
2021-11-12 14:00:00,329.15,334.07,328.4,333.9,1833.0,16,0.0
2021-11-12 15:00:00,333.86,337.22,333.0,337.22,2478.0,16,0.0
2021-11-12 16:00:00,337.25,341.44,337.23,341.44,2386.0,16,0.0
2021-11-12 17:00:00,341.43,341.72,338.47,338.6,1454.0,16,0.0
2021-11-12 18:00:00,338.62,339.57,337.94,339.41,1093.0,16,0.0
2021-11-12 19:00:00,339.46,339.64,338.34,338.34,945.0,16,0.0
2021-11-12 20:00:00,338.38,340.05,338.11,339.98,976.0,16,0.0
2021-11-15 11:00:00,343.03,343.24,342.82,342.82,92.0,60,0.0
2021-11-15 12:00:00,342.78,343.16,342.25,342.49,221.0,40,0.0
2021-11-15 13:00:00,342.53,344.22,342.41,343.93,284.0,40,0.0
2021-11-15 14:00:00,343.96,353.09,343.02,353.03,2750.0,16,0.0
2021-11-15 15:00:00,353.0,353.51,347.97,349.7,3080.0,16,0.0
2021-11-15 16:00:00,349.73,350.89,346.8,348.36,1878.0,16,0.0
2021-11-15 17:00:00,348.38,349.68,347.24,349.41,1784.0,16,0.0
2021-11-15 18:00:00,349.39,350.08,348.26,348.47,1159.0,16,0.0
2021-11-15 19:00:00,348.45,348.45,347.28,347.32,1112.0,16,0.0
2021-11-15 20:00:00,347.29,348.92,347.29,347.95,838.0,16,0.0
2021-11-16 11:00:00,346.95,347.91,346.66,347.87,111.0,40,0.0
2021-11-16 12:00:00,347.82,347.87,346.72,346.95,156.0,40,0.0
2021-11-16 13:00:00,346.93,347.58,346.56,346.71,244.0,40,0.0
2021-11-16 14:00:00,346.74,346.74,340.66,344.35,1953.0,16,0.0
2021-11-16 15:00:00,344.38,344.96,340.95,342.67,2319.0,16,0.0
2021-11-16 16:00:00,342.68,344.2,341.42,342.64,1814.0,16,0.0
2021-11-16 17:00:00,342.67,343.84,342.61,343.61,1045.0,16,0.0
2021-11-16 18:00:00,343.64,344.12,342.45,343.39,890.0,16,0.0
2021-11-16 19:00:00,343.4,344.89,343.31,344.74,917.0,8,0.0
2021-11-16 20:00:00,344.8,345.36,343.5,345.14,1103.0,16,0.0
2021-11-17 11:00:00,343.32,343.46,343.05,343.46,55.0,40,0.0
2021-11-17 12:00:00,343.43,343.47,342.92,343.01,110.0,40,0.0
2021-11-17 13:00:00,343.02,343.07,342.55,342.88,129.0,40,0.0
2021-11-17 14:00:00,342.84,346.97,340.57,341.47,1900.0,16,0.0
2021-11-17 15:00:00,341.5,342.55,340.12,341.79,2159.0,16,0.0
2021-11-17 16:00:00,341.78,343.67,341.33,343.25,1271.0,16,0.0
2021-11-17 17:00:00,343.26,343.45,341.29,342.15,1186.0,16,0.0
2021-11-17 18:00:00,342.18,342.22,341.08,342.01,1023.0,16,0.0
2021-11-17 19:00:00,341.99,342.19,341.39,341.9,825.0,16,0.0
2021-11-17 20:00:00,341.86,341.92,341.2,341.41,757.0,16,0.0
2021-11-18 11:00:00,342.61,342.61,341.95,342.06,112.0,40,0.0
2021-11-18 12:00:00,342.13,342.43,341.49,341.76,177.0,40,0.0
2021-11-18 13:00:00,341.77,341.77,341.06,341.26,212.0,40,0.0
2021-11-18 14:00:00,341.27,341.27,336.02,336.73,2145.0,16,0.0
2021-11-18 15:00:00,336.78,338.63,336.01,337.85,2371.0,16,0.0
2021-11-18 16:00:00,337.87,341.52,337.22,340.13,1901.0,16,0.0
2021-11-18 17:00:00,340.15,342.36,337.86,339.16,1814.0,16,0.0
2021-11-18 18:00:00,339.15,339.6,338.55,338.82,1195.0,16,0.0
2021-11-18 19:00:00,338.79,338.94,336.06,338.55,1673.0,16,0.0
2021-11-18 20:00:00,338.58,339.21,338.25,338.74,870.0,16,0.0
2021-11-19 11:00:00,340.2,340.3,339.53,339.9,132.0,40,0.0
2021-11-19 12:00:00,339.95,340.94,339.95,340.58,91.0,40,0.0
2021-11-19 13:00:00,340.55,343.06,340.54,342.92,300.0,40,0.0
2021-11-19 14:00:00,342.88,346.4,339.72,345.57,2366.0,16,0.0
2021-11-19 15:00:00,345.52,347.77,343.84,347.3,2634.0,16,0.0
2021-11-19 16:00:00,347.35,351.99,347.28,350.98,2657.0,16,0.0
2021-11-19 17:00:00,351.0,351.85,348.53,349.15,1487.0,16,0.0
2021-11-19 18:00:00,349.11,349.42,345.1,346.73,1760.0,16,0.0
2021-11-19 19:00:00,346.77,347.27,346.08,346.26,1137.0,16,0.0
2021-11-19 20:00:00,346.23,346.23,344.56,344.92,987.0,16,0.0
2021-11-22 11:00:00,346.82,347.14,346.72,347.03,137.0,40,0.0
2021-11-22 12:00:00,347.12,348.07,346.98,347.94,160.0,40,0.0
2021-11-22 13:00:00,348.0,349.34,347.35,349.12,236.0,40,0.0
2021-11-22 14:00:00,349.13,353.08,348.06,350.78,2592.0,16,0.0
2021-11-22 15:00:00,350.72,353.72,344.73,346.16,3511.0,16,0.0
2021-11-22 16:00:00,346.15,346.66,340.5,341.17,3495.0,16,0.0
2021-11-22 17:00:00,341.21,344.97,340.66,343.88,2826.0,16,0.0
2021-11-22 18:00:00,343.83,346.03,343.07,345.06,1628.0,16,0.0
2021-11-22 19:00:00,345.03,346.53,344.3,345.42,1365.0,16,0.0
2021-11-22 20:00:00,345.44,346.39,343.61,343.94,1177.0,16,0.0
2021-11-23 11:00:00,338.78,339.14,337.69,339.14,689.0,40,0.0
2021-11-23 12:00:00,339.4,340.07,339.0,339.27,827.0,40,0.0
2021-11-23 13:00:00,339.32,340.06,338.45,338.66,1080.0,40,0.0
2021-11-23 14:00:00,338.79,341.31,336.33,340.7,2343.0,16,0.0
2021-11-23 15:00:00,340.73,340.73,333.65,334.08,3494.0,16,0.0
2021-11-23 16:00:00,334.02,337.34,333.43,336.02,2925.0,16,0.0
2021-11-23 17:00:00,335.99,337.69,335.09,335.84,1822.0,16,0.0
2021-11-23 18:00:00,335.88,336.79,334.14,336.18,1903.0,16,0.0
2021-11-23 19:00:00,336.16,338.38,335.34,337.64,1756.0,16,0.0
2021-11-23 20:00:00,337.61,338.29,336.63,337.11,1414.0,16,0.0
2021-11-24 11:00:00,335.79,337.67,335.72,337.1,184.0,40,0.0
2021-11-24 12:00:00,337.01,337.04,336.09,336.76,160.0,40,0.0
2021-11-24 13:00:00,336.82,337.36,335.23,335.32,268.0,40,0.0
2021-11-24 14:00:00,335.28,336.45,332.72,335.3,2360.0,16,0.0
2021-11-24 15:00:00,335.35,339.64,334.56,338.33,2897.0,16,0.0
2021-11-24 16:00:00,338.29,340.66,337.06,339.85,1933.0,16,0.0
2021-11-24 17:00:00,339.89,340.83,339.12,339.8,1221.0,16,0.0
2021-11-24 18:00:00,339.77,341.19,339.5,340.24,997.0,16,0.0
2021-11-24 19:00:00,340.21,341.24,338.89,340.43,1578.0,16,0.0
2021-11-24 20:00:00,340.46,341.63,340.2,341.09,915.0,16,0.0
2021-11-26 11:00:00,335.22,336.59,335.13,335.72,271.0,60,0.0
2021-11-26 12:00:00,335.68,337.01,335.62,336.91,99.0,40,0.0
2021-11-26 13:00:00,335.12,335.98,335.12,335.83,11.0,40,0.0
2021-11-26 14:00:00,335.73,337.5,333.93,336.38,2097.0,16,0.0
2021-11-26 15:00:00,336.36,336.72,333.05,334.04,2704.0,16,0.0
2021-11-26 16:00:00,334.02,335.22,331.85,334.15,2039.0,16,0.0
2021-11-26 17:00:00,334.2,335.26,333.41,334.5,1499.0,16,0.0
2021-11-29 11:00:00,336.97,337.25,336.63,336.69,138.0,40,0.0
2021-11-29 12:00:00,336.63,336.65,335.54,336.6,162.0,40,0.0
2021-11-29 13:00:00,336.63,337.83,336.4,337.38,194.0,40,0.0
2021-11-29 14:00:00,337.41,339.02,335.36,338.73,1862.0,16,0.0
2021-11-29 15:00:00,338.7,338.99,335.26,337.02,2283.0,16,0.0
2021-11-29 16:00:00,336.93,337.94,336.4,337.44,1767.0,16,0.0
2021-11-29 17:00:00,337.4,338.79,337.06,338.41,1215.0,16,0.0
2021-11-29 18:00:00,338.39,340.39,338.16,340.32,1073.0,16,0.0
2021-11-29 19:00:00,340.34,340.46,338.57,339.37,1280.0,16,0.0
2021-11-29 20:00:00,339.39,340.54,338.83,340.18,1165.0,16,0.0
2021-11-30 11:00:00,334.96,335.46,334.3,334.66,226.0,60,0.0
2021-11-30 12:00:00,334.6,336.35,334.6,335.75,450.0,40,0.0
2021-11-30 13:00:00,335.84,336.34,334.9,336.18,368.0,40,0.0
2021-11-30 14:00:00,336.23,336.62,332.26,334.86,2433.0,16,0.0
2021-11-30 15:00:00,334.83,335.72,327.96,327.97,3607.0,16,0.0
2021-11-30 16:00:00,327.99,329.69,326.78,327.59,3405.0,16,0.0
2021-11-30 17:00:00,327.55,328.17,326.02,326.44,2287.0,16,0.0
2021-11-30 18:00:00,326.45,327.91,325.75,327.84,1696.0,16,0.0
2021-11-30 19:00:00,327.87,328.08,326.29,327.05,1806.0,16,0.0
2021-11-30 20:00:00,327.02,327.22,325.94,326.75,1463.0,16,0.0
2021-12-01 11:00:00,329.45,329.62,329.1,329.46,71.0,60,0.0
2021-12-01 12:00:00,329.4,329.48,328.58,328.99,268.0,40,0.0
2021-12-01 13:00:00,329.07,329.44,328.44,328.64,367.0,40,0.0
2021-12-01 14:00:00,328.66,331.08,325.02,326.29,2285.0,16,0.0
2021-12-01 15:00:00,326.26,328.28,325.14,326.47,2736.0,16,0.0
2021-12-01 16:00:00,326.5,326.58,321.19,321.45,2272.0,16,0.0
2021-12-01 17:00:00,321.5,322.13,317.04,317.06,2320.0,16,0.0
2021-12-01 18:00:00,317.09,318.37,315.01,317.25,2657.0,16,0.0
2021-12-01 19:00:00,317.22,317.87,315.68,315.73,2387.0,16,0.0
2021-12-01 20:00:00,315.78,315.98,311.49,313.69,2312.0,16,0.0
2021-12-02 11:00:00,314.29,314.52,313.92,314.13,299.0,40,0.0
2021-12-02 12:00:00,314.09,314.27,311.09,312.2,570.0,40,0.0
2021-12-02 13:00:00,312.08,313.2,311.36,311.58,1149.0,40,0.0
2021-12-02 14:00:00,311.61,313.86,308.55,313.19,2771.0,16,0.0
2021-12-02 15:00:00,313.17,314.47,307.17,309.76,4232.0,16,0.0
2021-12-02 16:00:00,309.77,310.37,307.87,310.09,3137.0,16,0.0
2021-12-02 17:00:00,310.13,311.97,308.88,309.54,2246.0,16,0.0
2021-12-02 18:00:00,309.53,310.27,307.61,309.04,2077.0,16,0.0
2021-12-02 19:00:00,309.0,310.52,308.61,310.17,1957.0,16,0.0
2021-12-02 20:00:00,310.14,311.1,309.45,310.83,1648.0,16,0.0
2021-12-03 11:00:00,310.17,311.23,310.17,311.23,140.0,16,0.0
2021-12-03 12:00:00,311.2,311.75,310.72,311.51,186.0,40,0.0
2021-12-03 13:00:00,311.59,313.49,311.38,312.47,780.0,40,0.0
2021-12-03 14:00:00,312.45,313.94,306.44,306.83,3128.0,16,0.0
2021-12-03 15:00:00,306.95,308.3,303.31,305.23,4543.0,16,0.0
2021-12-03 16:00:00,305.17,306.29,300.16,300.24,3428.0,16,0.0
2021-12-03 17:00:00,300.21,304.52,299.44,303.63,2784.0,16,0.0
2021-12-03 18:00:00,303.66,305.84,303.32,304.29,2171.0,16,0.0
2021-12-03 19:00:00,304.34,305.89,302.86,303.06,2258.0,16,0.0
2021-12-03 20:00:00,303.1,305.51,302.63,304.34,1832.0,16,0.0
2021-12-06 11:00:00,304.42,306.4,304.29,306.4,211.0,16,0.0
2021-12-06 12:00:00,306.24,306.94,305.09,305.66,395.0,40,0.0
2021-12-06 13:00:00,305.59,307.15,305.47,306.38,2497.0,16,0.0
2021-12-06 14:00:00,306.36,313.3,306.26,311.96,2378.0,16,0.0
2021-12-06 15:00:00,311.87,316.36,311.22,315.18,3625.0,16,0.0
2021-12-06 16:00:00,315.19,315.35,313.5,314.13,2473.0,16,0.0
2021-12-06 17:00:00,314.14,317.04,313.97,317.04,1589.0,16,0.0
2021-12-06 18:00:00,317.02,317.38,316.17,316.78,1555.0,16,0.0
2021-12-06 19:00:00,316.75,317.59,315.96,317.03,1423.0,16,0.0
2021-12-06 20:00:00,317.07,319.99,316.95,318.32,1339.0,16,0.0
2021-12-07 11:00:00,322.93,324.01,322.48,322.95,202.0,60,0.0
2021-12-07 12:00:00,322.88,323.2,322.25,322.43,208.0,40,0.0
2021-12-07 13:00:00,322.4,322.94,321.65,321.75,320.0,40,0.0
2021-12-07 14:00:00,321.85,323.79,320.84,323.08,2494.0,16,0.0
2021-12-07 15:00:00,323.11,326.44,322.84,325.61,2497.0,16,0.0
2021-12-07 16:00:00,325.57,325.82,323.32,324.34,1651.0,16,0.0
2021-12-07 17:00:00,324.3,324.54,323.59,323.92,1138.0,16,0.0
2021-12-07 18:00:00,323.91,324.15,323.47,323.86,797.0,16,0.0
2021-12-07 19:00:00,323.87,325.14,323.18,323.34,940.0,16,0.0
2021-12-07 20:00:00,323.38,323.47,322.01,322.59,1104.0,16,0.0
2021-12-08 11:00:00,324.13,325.82,323.96,324.73,311.0,40,0.0
2021-12-08 12:00:00,324.76,325.0,323.3,323.99,317.0,40,0.0
2021-12-08 13:00:00,324.05,324.31,323.4,323.65,283.0,40,0.0
2021-12-08 14:00:00,323.57,327.97,323.06,326.61,2235.0,16,0.0
2021-12-08 15:00:00,326.65,332.34,326.65,331.03,3391.0,16,0.0
2021-12-08 16:00:00,331.05,332.65,330.15,332.49,1711.0,16,0.0
2021-12-08 17:00:00,332.5,332.61,330.94,331.23,1192.0,16,0.0
2021-12-08 18:00:00,331.2,331.69,330.17,330.55,984.0,16,0.0
2021-12-08 19:00:00,330.52,331.63,329.82,331.48,1087.0,16,0.0
2021-12-08 20:00:00,331.51,332.01,330.95,330.97,954.0,8,0.0
2021-12-09 11:00:00,329.34,329.64,328.65,328.93,97.0,40,0.0
2021-12-09 12:00:00,328.89,329.66,328.8,329.54,92.0,40,0.0
2021-12-09 13:00:00,329.56,329.69,329.18,329.28,132.0,40,0.0
2021-12-09 14:00:00,329.3,335.25,327.98,333.59,1753.0,16,0.0
2021-12-09 15:00:00,333.63,335.99,330.15,332.81,2621.0,16,0.0
2021-12-09 16:00:00,332.8,335.57,331.74,333.79,1741.0,16,0.0
2021-12-09 17:00:00,333.81,334.62,332.35,333.16,1349.0,16,0.0
2021-12-09 18:00:00,333.12,333.34,331.03,331.8,1300.0,16,0.0
2021-12-09 19:00:00,331.81,332.71,330.31,330.51,1453.0,16,0.0
2021-12-09 20:00:00,330.55,331.33,329.12,330.79,1529.0,16,0.0
2021-12-10 11:00:00,330.59,331.25,330.52,330.66,131.0,16,0.0
2021-12-10 12:00:00,330.7,331.04,330.12,330.33,132.0,40,0.0
2021-12-10 13:00:00,330.35,332.76,329.87,332.31,452.0,40,0.0
2021-12-10 14:00:00,332.33,334.94,330.51,332.21,1865.0,16,0.0
2021-12-10 15:00:00,332.16,332.51,326.36,328.19,2798.0,16,0.0
2021-12-10 16:00:00,328.15,330.33,326.78,329.44,2031.0,16,0.0
2021-12-10 17:00:00,329.49,329.57,327.52,328.87,1446.0,16,0.0
2021-12-10 18:00:00,328.89,329.55,328.16,328.65,1035.0,16,0.0
2021-12-10 19:00:00,328.71,328.97,326.41,327.14,1172.0,16,0.0
2021-12-10 20:00:00,327.11,329.73,326.72,329.73,915.0,16,0.0
2021-12-13 11:00:00,330.93,331.57,330.89,331.49,84.0,40,0.0
2021-12-13 12:00:00,331.48,331.48,330.35,330.46,153.0,40,0.0
2021-12-13 13:00:00,330.55,331.01,330.4,330.77,119.0,40,0.0
2021-12-13 14:00:00,330.79,339.73,329.44,338.56,2605.0,16,0.0
2021-12-13 15:00:00,338.55,340.97,335.76,337.51,3849.0,16,0.0
2021-12-13 16:00:00,337.55,338.37,333.13,334.0,2777.0,16,0.0
2021-12-13 17:00:00,333.99,335.46,332.71,333.28,1748.0,16,0.0
2021-12-13 18:00:00,333.25,335.6,332.72,335.18,1573.0,16,0.0
2021-12-13 19:00:00,335.17,336.78,334.38,336.69,1565.0,16,0.0
2021-12-13 20:00:00,336.64,337.9,335.47,336.43,1669.0,16,0.0
2021-12-14 11:00:00,330.34,330.89,330.22,330.55,115.0,60,0.0
2021-12-14 12:00:00,330.52,332.13,330.46,331.9,276.0,40,0.0
2021-12-14 13:00:00,331.93,332.27,328.93,329.51,410.0,40,0.0
2021-12-14 14:00:00,329.49,335.17,327.76,330.57,1962.0,16,0.0
2021-12-14 15:00:00,330.47,331.68,328.73,329.45,2657.0,16,0.0
2021-12-14 16:00:00,329.41,330.17,327.58,329.95,2164.0,16,0.0
2021-12-14 17:00:00,329.93,332.65,329.85,332.5,1814.0,16,0.0
2021-12-14 18:00:00,332.51,333.77,331.51,332.08,1271.0,16,0.0
2021-12-14 19:00:00,332.05,335.55,331.74,334.25,1739.0,16,0.0
2021-12-14 20:00:00,334.27,335.35,333.92,333.99,1422.0,16,0.0
2021-12-15 11:00:00,332.17,332.21,331.25,331.83,189.0,40,0.0
2021-12-15 12:00:00,331.86,333.17,331.86,332.83,103.0,40,0.0
2021-12-15 13:00:00,332.84,334.01,332.4,332.52,475.0,40,0.0
2021-12-15 14:00:00,332.59,333.15,326.86,327.67,1987.0,16,0.0
2021-12-15 15:00:00,327.63,328.44,325.66,327.83,2640.0,16,0.0
2021-12-15 16:00:00,327.81,328.34,325.67,327.5,1620.0,16,0.0
2021-12-15 17:00:00,327.55,329.74,325.94,329.18,1429.0,16,0.0
2021-12-15 18:00:00,329.15,332.38,329.14,332.25,1491.0,16,0.0
2021-12-15 19:00:00,332.29,337.05,329.88,335.59,2986.0,16,0.0
2021-12-15 20:00:00,335.76,341.87,335.54,340.07,2522.0,16,0.0
2021-12-16 11:00:00,343.78,344.64,343.59,344.22,163.0,60,0.0
2021-12-16 12:00:00,344.19,344.23,342.98,343.33,233.0,40,0.0
2021-12-16 13:00:00,343.35,343.44,342.65,342.91,191.0,40,0.0
2021-12-16 14:00:00,342.88,343.01,336.36,339.94,2135.0,40,0.0
2021-12-16 15:00:00,339.89,344.32,336.92,343.62,2703.0,16,0.0
2021-12-16 16:00:00,343.59,343.75,337.47,337.5,2264.0,16,0.0
2021-12-16 17:00:00,337.57,338.85,335.48,335.89,2259.0,16,0.0
2021-12-16 18:00:00,335.96,337.79,335.83,337.09,1516.0,16,0.0
2021-12-16 19:00:00,337.08,337.3,333.75,334.36,2133.0,16,0.0
2021-12-16 20:00:00,334.32,337.19,333.77,335.89,2136.0,16,0.0
2021-12-17 11:00:00,330.25,331.53,330.2,331.36,128.0,60,0.0
2021-12-17 12:00:00,331.34,331.56,330.13,330.37,463.0,40,0.0
2021-12-17 13:00:00,330.41,331.4,329.58,331.28,469.0,40,0.0
2021-12-17 14:00:00,331.15,335.09,330.57,332.94,2088.0,40,0.0
2021-12-17 15:00:00,332.91,337.03,331.36,336.21,2558.0,16,0.0
2021-12-17 16:00:00,336.15,336.9,332.54,333.79,2390.0,16,0.0
2021-12-17 17:00:00,333.76,335.59,332.79,334.69,1913.0,16,0.0
2021-12-17 18:00:00,334.7,336.01,334.18,335.62,1514.0,16,0.0
2021-12-17 19:00:00,335.63,335.67,333.37,333.55,1610.0,16,0.0
2021-12-17 20:00:00,333.52,334.26,332.22,332.71,1574.0,16,0.0
2021-12-20 11:00:00,327.09,328.32,326.55,327.96,193.0,60,0.0
2021-12-20 12:00:00,327.65,329.34,327.65,328.15,550.0,40,0.0
2021-12-20 13:00:00,328.17,328.21,327.46,327.95,1306.0,40,0.0
2021-12-20 14:00:00,327.83,329.44,323.88,325.0,1869.0,17,0.0
2021-12-20 15:00:00,324.99,325.78,323.09,324.83,2717.0,16,0.0
2021-12-20 16:00:00,324.8,325.19,323.37,323.99,2049.0,16,0.0
2021-12-20 17:00:00,324.01,325.04,322.92,323.13,1651.0,16,0.0
2021-12-20 18:00:00,323.14,324.04,322.46,322.78,1523.0,16,0.0
2021-12-20 19:00:00,322.8,324.67,322.54,324.55,1506.0,16,0.0
2021-12-20 20:00:00,324.56,325.98,324.52,324.75,1326.0,16,0.0
2021-12-21 11:00:00,327.02,328.46,327.02,328.46,60.0,60,0.0
2021-12-21 12:00:00,328.35,328.47,327.91,328.24,115.0,40,0.0
2021-12-21 13:00:00,328.28,328.28,327.45,327.94,128.0,40,0.0
2021-12-21 14:00:00,327.99,327.99,323.57,324.1,1407.0,16,0.0
2021-12-21 15:00:00,324.17,327.04,323.69,326.96,2098.0,16,0.0
2021-12-21 16:00:00,326.93,330.67,326.23,330.62,1499.0,16,0.0
2021-12-21 17:00:00,330.65,333.19,330.11,333.15,1449.0,16,0.0
2021-12-21 18:00:00,333.13,333.93,332.28,333.43,1107.0,16,0.0
2021-12-21 19:00:00,333.45,335.92,333.31,335.85,1235.0,16,0.0
2021-12-21 20:00:00,335.8,335.84,333.0,333.42,1044.0,16,0.0
2021-12-22 11:00:00,332.57,333.84,332.5,333.77,143.0,40,0.0
2021-12-22 12:00:00,333.79,333.91,333.4,333.45,101.0,40,0.0
2021-12-22 13:00:00,333.4,333.45,331.44,332.19,242.0,40,0.0
2021-12-22 14:00:00,332.16,334.38,331.52,333.62,1422.0,16,0.0
2021-12-22 15:00:00,333.65,334.08,330.84,333.39,2106.0,16,0.0
2021-12-22 16:00:00,333.41,333.64,332.09,332.71,1306.0,16,0.0
2021-12-22 17:00:00,332.75,332.84,330.47,330.93,1309.0,16,0.0
2021-12-22 18:00:00,330.9,330.9,328.57,328.73,1295.0,16,0.0
2021-12-22 19:00:00,328.71,330.41,328.22,330.21,1142.0,16,0.0
2021-12-22 20:00:00,330.24,331.34,329.86,330.3,1011.0,16,0.0
2021-12-23 11:00:00,330.66,331.36,330.46,331.2,115.0,16,0.0
2021-12-23 12:00:00,331.24,331.62,331.19,331.58,38.0,40,0.0
2021-12-23 13:00:00,331.55,331.55,330.95,331.39,105.0,40,0.0
2021-12-23 14:00:00,331.42,333.45,328.21,332.72,1519.0,16,0.0
2021-12-23 15:00:00,332.78,333.44,329.64,333.42,1726.0,16,0.0
2021-12-23 16:00:00,333.45,335.99,333.45,335.3,1801.0,16,0.0
2021-12-23 17:00:00,335.29,335.89,333.63,335.84,1037.0,16,0.0
2021-12-23 18:00:00,335.85,336.58,335.17,335.2,932.0,16,0.0
2021-12-23 19:00:00,335.18,336.0,335.16,335.6,839.0,16,0.0
2021-12-23 20:00:00,335.62,335.64,334.53,335.64,706.0,16,0.0
2021-12-27 11:00:00,336.71,336.78,336.56,336.6,55.0,40,0.0
2021-12-27 12:00:00,336.64,337.34,336.64,337.03,75.0,40,0.0
2021-12-27 13:00:00,337.1,337.89,336.99,337.64,142.0,40,0.0
2021-12-27 14:00:00,337.63,344.48,337.61,342.34,1436.0,40,0.0
2021-12-27 15:00:00,342.37,345.79,341.35,345.14,1819.0,16,0.0
2021-12-27 16:00:00,345.16,346.42,344.91,345.72,1426.0,16,0.0
2021-12-27 17:00:00,345.68,347.75,344.96,347.27,1171.0,16,0.0
2021-12-27 18:00:00,347.22,347.28,346.0,347.27,968.0,16,0.0
2021-12-27 19:00:00,347.24,347.34,344.88,345.47,952.0,16,0.0
2021-12-27 20:00:00,345.44,346.49,345.16,345.97,877.0,16,0.0
2021-12-28 11:00:00,348.14,348.27,347.86,347.89,47.0,40,0.0
2021-12-28 12:00:00,347.99,348.4,347.52,347.54,117.0,40,0.0
2021-12-28 13:00:00,347.56,347.67,346.94,347.14,118.0,40,0.0
2021-12-28 14:00:00,347.12,352.44,345.05,351.45,1592.0,40,0.0
2021-12-28 15:00:00,351.42,352.12,347.22,349.63,1856.0,16,0.0
2021-12-28 16:00:00,349.58,349.94,347.47,349.08,1703.0,16,0.0
2021-12-28 17:00:00,349.11,349.15,346.84,347.49,1229.0,16,0.0
2021-12-28 18:00:00,347.45,347.54,346.02,347.19,1082.0,16,0.0
2021-12-28 19:00:00,347.18,347.2,345.63,346.48,1108.0,16,0.0
2021-12-29 11:00:00,347.27,347.27,346.34,346.55,110.0,40,0.0
2021-12-29 12:00:00,346.62,346.73,345.98,346.4,128.0,40,0.0
2021-12-29 13:00:00,346.44,346.55,345.13,345.72,207.0,40,0.0
2021-12-29 14:00:00,345.71,349.28,343.19,344.8,1311.0,40,0.0
2021-12-29 15:00:00,344.98,345.43,342.41,344.0,1611.0,16,0.0
2021-12-29 16:00:00,343.98,344.69,342.92,343.15,1243.0,16,0.0
2021-12-29 17:00:00,343.16,344.04,341.76,341.96,1080.0,16,0.0
2021-12-29 18:00:00,341.95,343.12,341.59,342.91,913.0,16,0.0
2021-12-29 19:00:00,342.92,343.82,342.57,343.77,849.0,16,0.0
2021-12-30 11:00:00,343.94,344.65,343.77,344.45,81.0,40,0.0
2021-12-30 12:00:00,344.35,344.96,344.04,344.41,3689.0,40,0.0
2021-12-30 13:00:00,344.47,344.74,343.93,344.17,12367.0,16,0.0
2021-12-30 14:00:00,344.19,345.58,343.07,345.29,1339.0,16,0.0
2021-12-30 15:00:00,345.23,346.43,344.71,344.71,1567.0,16,0.0
2021-12-30 16:00:00,344.73,345.3,344.12,345.3,1110.0,16,0.0
2021-12-30 17:00:00,345.28,345.82,345.06,345.4,822.0,16,0.0
2021-12-30 18:00:00,345.43,346.6,345.22,346.46,734.0,16,0.0
2021-12-30 19:00:00,346.47,347.15,345.87,346.42,913.0,16,0.0
2021-12-30 20:00:00,346.44,346.44,344.81,344.98,919.0,16,0.0
2021-12-31 11:00:00,343.96,344.0,342.6,342.75,18.0,40,0.0
2021-12-31 12:00:00,342.62,343.68,342.11,343.61,59.0,40,0.0
2021-12-31 13:00:00,343.71,344.2,343.44,344.04,94.0,40,0.0
2021-12-31 14:00:00,344.03,344.07,340.37,341.32,1073.0,16,0.0
2021-12-31 15:00:00,341.28,342.31,340.56,341.23,1540.0,16,0.0
2021-12-31 16:00:00,341.2,341.48,339.69,340.91,1070.0,16,0.0
2021-12-31 17:00:00,340.9,340.95,339.57,340.69,846.0,16,0.0
2021-12-31 18:00:00,340.66,340.94,339.59,339.72,797.0,16,0.0
2021-12-31 19:00:00,339.69,340.09,339.05,339.05,860.0,16,0.0
2022-01-03 11:00:00,338.54,338.76,338.25,338.56,75.0,16,0.0
2022-01-03 12:00:00,338.46,339.07,338.01,338.63,171.0,40,0.0
2022-01-03 13:00:00,338.72,338.99,338.1,338.35,149.0,40,0.0
2022-01-03 14:00:00,338.27,340.29,337.01,338.06,1566.0,40,0.0
2022-01-03 15:00:00,338.04,340.83,337.5,339.6,1884.0,16,0.0
2022-01-03 16:00:00,339.58,339.83,337.58,338.27,1781.0,16,0.0
2022-01-03 17:00:00,338.3,339.62,337.65,339.62,1171.0,16,0.0
2022-01-03 18:00:00,339.63,339.79,338.56,339.02,940.0,16,0.0
2022-01-03 19:00:00,338.99,339.58,338.45,338.87,975.0,16,0.0
2022-01-03 20:00:00,338.8,340.1,338.74,339.36,852.0,16,0.0
2022-01-04 11:00:00,339.14,339.7,339.08,339.25,107.0,16,0.0
2022-01-04 12:00:00,339.15,339.66,338.68,338.85,132.0,40,0.0
2022-01-04 13:00:00,338.88,339.29,338.6,339.2,108.0,40,0.0
2022-01-04 14:00:00,339.27,342.97,337.8,342.23,1458.0,16,0.0
2022-01-04 15:00:00,342.19,342.26,333.27,334.58,2859.0,16,0.0
2022-01-04 16:00:00,334.53,335.77,331.72,333.87,2109.0,16,0.0
2022-01-04 17:00:00,333.86,334.92,333.33,334.62,1346.0,16,0.0
2022-01-04 18:00:00,334.61,335.72,334.03,334.06,1281.0,16,0.0
2022-01-04 19:00:00,334.1,336.09,334.04,335.55,1166.0,16,0.0
2022-01-04 20:00:00,335.52,338.2,335.52,337.79,1033.0,16,0.0
2022-01-05 11:00:00,335.2,335.44,335.0,335.35,98.0,40,0.0
2022-01-05 12:00:00,335.25,335.94,335.13,335.29,91.0,40,0.0
2022-01-05 13:00:00,335.2,335.88,335.1,335.73,101.0,40,0.0
2022-01-05 14:00:00,335.84,335.84,330.64,334.6,2054.0,40,0.0
2022-01-05 15:00:00,334.56,335.49,330.41,331.85,1831.0,16,0.0
2022-01-05 16:00:00,331.81,334.34,331.47,332.0,1424.0,16,0.0
2022-01-05 17:00:00,331.97,332.84,328.83,328.95,1760.0,16,0.0
2022-01-05 18:00:00,328.93,330.45,328.39,330.04,1440.0,16,0.0
2022-01-05 19:00:00,330.01,331.68,326.44,326.6,2391.0,16,0.0
2022-01-05 20:00:00,326.57,328.54,324.83,327.52,2221.0,16,0.0
2022-01-06 11:00:00,326.65,327.01,325.49,325.51,145.0,40,0.0
2022-01-06 12:00:00,325.5,326.0,323.99,324.39,453.0,40,0.0
2022-01-06 13:00:00,324.44,324.44,321.4,323.35,564.0,40,0.0
2022-01-06 14:00:00,323.27,330.88,321.89,327.85,2049.0,40,0.0
2022-01-06 15:00:00,327.94,336.7,325.11,335.85,2724.0,40,0.0
2022-01-06 16:00:00,335.79,338.89,335.67,338.57,2119.0,16,0.0
2022-01-06 17:00:00,338.55,338.8,336.13,336.25,2148.0,16,0.0
2022-01-06 18:00:00,336.22,336.69,333.45,334.85,1925.0,16,0.0
2022-01-06 19:00:00,334.78,335.11,332.66,333.12,1871.0,16,0.0
2022-01-06 20:00:00,333.15,334.84,332.34,332.43,1635.0,16,0.0
2022-01-07 11:00:00,333.31,333.75,333.23,333.45,98.0,40,0.0
2022-01-07 12:00:00,333.34,334.0,333.2,333.6,196.0,40,0.0
2022-01-07 13:00:00,333.77,334.68,329.89,330.97,1609.0,40,0.0
2022-01-07 14:00:00,331.0,336.85,330.65,335.4,2154.0,16,0.0
2022-01-07 15:00:00,335.35,335.5,328.84,329.76,2858.0,16,0.0
2022-01-07 16:00:00,329.72,333.87,329.51,333.13,2367.0,16,0.0
2022-01-07 17:00:00,333.19,333.63,332.15,333.33,1487.0,16,0.0
2022-01-07 18:00:00,333.36,334.6,332.61,332.83,1469.0,16,0.0
2022-01-07 19:00:00,332.85,333.76,332.01,333.36,1432.0,16,0.0
2022-01-07 20:00:00,333.35,334.07,332.43,332.91,1129.0,16,0.0
2022-01-10 11:00:00,329.43,330.15,329.0,329.92,235.0,40,0.0
2022-01-10 12:00:00,330.04,330.5,327.32,327.51,374.0,40,0.0
2022-01-10 13:00:00,327.57,327.71,325.96,326.11,406.0,40,0.0
2022-01-10 14:00:00,326.11,326.22,319.43,321.01,3650.0,16,0.0
2022-01-10 15:00:00,320.92,321.37,315.39,316.83,5658.0,16,0.0
2022-01-10 16:00:00,316.82,321.56,316.18,321.48,3867.0,16,0.0
2022-01-10 17:00:00,321.44,321.64,318.67,321.02,2783.0,16,0.0
2022-01-10 18:00:00,321.02,324.81,320.35,324.37,2941.0,16,0.0
2022-01-10 19:00:00,324.37,327.66,324.03,326.68,3098.0,16,0.0
2022-01-10 20:00:00,326.64,327.93,325.01,327.29,2716.0,16,0.0
2022-01-11 11:00:00,330.21,330.21,329.19,329.19,174.0,40,0.0
2022-01-11 12:00:00,329.2,329.51,328.16,328.21,282.0,40,0.0
2022-01-11 13:00:00,328.26,328.97,327.37,327.56,265.0,40,0.0
2022-01-11 14:00:00,327.53,330.21,325.77,327.94,2725.0,40,0.0
2022-01-11 15:00:00,327.94,329.75,325.22,326.76,3589.0,16,0.0
2022-01-11 16:00:00,326.78,333.35,326.7,332.74,3584.0,16,0.0
2022-01-11 17:00:00,332.78,333.37,330.36,332.08,2940.0,16,0.0
2022-01-11 18:00:00,332.08,332.63,330.76,332.35,1898.0,16,0.0
2022-01-11 19:00:00,332.35,333.7,331.86,333.31,1865.0,16,0.0
2022-01-11 20:00:00,333.3,334.53,331.34,333.61,2243.0,16,0.0
2022-01-12 11:00:00,334.33,334.4,333.47,333.62,144.0,40,0.0
2022-01-12 12:00:00,333.62,334.29,333.54,333.65,150.0,40,0.0
2022-01-12 13:00:00,333.6,337.05,333.6,336.69,728.0,40,0.0
2022-01-12 14:00:00,336.66,337.18,332.31,334.1,2846.0,16,0.0
2022-01-12 15:00:00,334.13,335.66,331.1,331.57,4056.0,16,0.0
2022-01-12 16:00:00,331.57,333.08,329.97,332.29,3020.0,16,0.0
2022-01-12 17:00:00,332.26,334.33,331.85,334.06,1997.0,16,0.0
2022-01-12 18:00:00,334.09,334.16,332.66,332.72,1760.0,16,0.0
2022-01-12 19:00:00,332.72,333.27,331.85,332.73,1875.0,16,0.0
2022-01-12 20:00:00,332.73,332.98,331.28,332.09,1936.0,16,0.0
2022-01-13 11:00:00,332.45,332.85,332.13,332.5,185.0,40,0.0
2022-01-13 12:00:00,332.5,333.07,332.29,332.66,123.0,40,0.0
2022-01-13 13:00:00,332.67,333.82,332.13,333.46,547.0,40,0.0
2022-01-13 14:00:00,333.53,335.51,332.78,334.51,2282.0,16,0.0
2022-01-13 15:00:00,334.56,334.7,328.86,330.2,4181.0,16,0.0
2022-01-13 16:00:00,330.16,331.91,329.62,331.59,2955.0,16,0.0
2022-01-13 17:00:00,331.55,331.55,327.4,328.27,3495.0,16,0.0
2022-01-13 18:00:00,328.22,330.04,327.64,329.13,3021.0,16,0.0
2022-01-13 19:00:00,329.15,330.33,328.62,329.59,2488.0,16,0.0
2022-01-13 20:00:00,329.54,329.54,326.69,327.21,2295.0,16,0.0
2022-01-14 11:00:00,326.53,326.55,324.75,324.96,201.0,40,0.0
2022-01-14 12:00:00,324.97,325.28,322.04,322.05,424.0,40,0.0
2022-01-14 13:00:00,322.05,322.67,321.25,322.12,809.0,40,0.0
2022-01-14 14:00:00,322.18,330.45,321.15,329.87,3395.0,16,0.0
2022-01-14 15:00:00,329.98,331.92,327.82,329.95,4758.0,16,0.0
2022-01-14 16:00:00,330.1,331.84,328.37,330.33,3739.0,16,0.0
2022-01-14 17:00:00,330.33,331.12,329.02,329.21,2465.0,16,0.0
2022-01-14 18:00:00,329.17,332.11,328.57,331.64,2518.0,16,0.0
2022-01-14 19:00:00,331.6,332.62,327.84,329.8,2899.0,16,0.0
2022-01-14 20:00:00,329.8,331.99,329.75,331.72,2294.0,16,0.0
2022-01-18 11:00:00,324.27,325.07,324.15,324.44,226.0,60,0.0
2022-01-18 12:00:00,324.56,325.92,324.56,325.71,283.0,40,0.0
2022-01-18 13:00:00,325.72,326.42,323.79,324.69,869.0,40,0.0
2022-01-18 14:00:00,324.84,324.84,318.26,320.3,4109.0,16,0.0
2022-01-18 15:00:00,320.26,323.86,318.94,319.35,5519.0,16,0.0
2022-01-18 16:00:00,319.36,321.99,318.39,321.31,3485.0,16,0.0
2022-01-18 17:00:00,321.26,321.56,319.2,319.46,2610.0,16,0.0
2022-01-18 18:00:00,319.45,320.8,319.0,320.42,2484.0,16,0.0
2022-01-18 19:00:00,320.44,321.86,319.38,321.11,2328.0,16,0.0
2022-01-18 20:00:00,321.11,321.6,318.94,318.97,2328.0,16,0.0
2022-01-19 11:00:00,319.6,319.75,318.5,319.6,230.0,40,0.0
2022-01-19 12:00:00,319.58,320.35,319.38,320.3,328.0,40,0.0
2022-01-19 13:00:00,320.33,321.63,320.11,321.23,338.0,40,0.0
2022-01-19 14:00:00,321.23,323.55,319.23,321.94,3703.0,16,0.0
2022-01-19 15:00:00,321.96,322.82,319.27,320.11,4995.0,16,0.0
2022-01-19 16:00:00,320.07,323.53,319.79,323.25,4787.0,16,0.0
2022-01-19 17:00:00,323.25,325.96,323.2,325.8,3298.0,16,0.0
2022-01-19 18:00:00,325.83,326.81,324.61,325.18,3562.0,16,0.0
2022-01-19 19:00:00,325.15,325.48,322.4,322.87,3437.0,16,0.0
2022-01-19 20:00:00,322.86,323.99,321.39,322.25,2579.0,16,0.0
2022-01-20 11:00:00,321.94,322.94,321.88,322.2,321.0,40,0.0
2022-01-20 12:00:00,322.25,324.12,322.19,323.1,675.0,40,0.0
2022-01-20 13:00:00,323.1,324.85,322.64,324.25,545.0,40,0.0
2022-01-20 14:00:00,324.29,327.33,322.48,326.52,3196.0,16,0.0
2022-01-20 15:00:00,326.58,327.72,325.46,326.54,3630.0,16,0.0
2022-01-20 16:00:00,326.54,327.1,323.55,324.25,2972.0,16,0.0
2022-01-20 17:00:00,324.24,324.98,323.39,323.67,2371.0,16,0.0
2022-01-20 18:00:00,323.67,323.7,322.38,322.73,2653.0,16,0.0
2022-01-20 19:00:00,322.77,324.3,320.96,321.13,3554.0,16,0.0
2022-01-20 20:00:00,321.14,321.97,318.45,319.02,3141.0,16,0.0
2022-01-21 11:00:00,315.19,315.29,313.18,314.28,475.0,40,0.0
2022-01-21 12:00:00,314.25,314.56,313.05,313.64,517.0,40,0.0
2022-01-21 13:00:00,313.64,314.62,313.08,314.0,728.0,40,0.0
2022-01-21 14:00:00,313.95,318.08,311.65,311.8,5215.0,16,0.0
2022-01-21 15:00:00,311.84,315.46,307.74,314.82,9057.0,16,0.0
2022-01-21 16:00:00,314.86,315.24,309.95,311.11,6840.0,16,0.0
2022-01-21 17:00:00,311.1,312.03,308.15,308.78,5248.0,16,0.0
2022-01-21 18:00:00,308.78,309.68,307.91,308.44,4260.0,16,0.0
2022-01-21 19:00:00,308.45,309.44,306.16,306.24,4347.0,16,0.0
2022-01-21 20:00:00,306.23,308.59,304.18,307.17,4210.0,16,0.0
2022-01-24 14:00:00,300.33,300.51,295.88,295.98,3886.0,16,0.0
2022-01-24 15:00:00,296.02,298.57,293.76,295.56,10367.0,16,0.0
2022-01-24 16:00:00,295.55,295.91,291.29,293.31,8516.0,16,0.0
2022-01-24 17:00:00,293.28,294.8,288.95,294.11,8173.0,16,0.0
2022-01-24 18:00:00,294.09,302.1,294.03,302.09,6989.0,16,0.0
2022-01-24 19:00:00,302.08,305.22,298.66,301.96,4844.0,16,0.0
2022-01-24 20:00:00,301.99,307.58,300.68,306.68,5707.0,16,0.0
2022-01-25 11:00:00,303.04,303.51,300.7,301.58,338.0,40,0.0
2022-01-25 12:00:00,301.58,302.42,301.14,301.97,783.0,40,0.0
2022-01-25 13:00:00,301.98,301.98,299.96,301.68,1017.0,40,0.0
2022-01-25 14:00:00,301.64,303.04,297.69,299.16,5479.0,16,0.0
2022-01-25 15:00:00,299.21,303.72,297.39,301.35,6744.0,16,0.0
2022-01-25 16:00:00,301.33,302.11,297.82,298.99,6479.0,16,0.0
2022-01-25 17:00:00,298.99,301.7,298.85,301.19,5099.0,16,0.0
2022-01-25 18:00:00,301.17,304.48,299.82,304.45,4919.0,16,0.0
2022-01-25 19:00:00,304.45,306.11,302.94,305.9,4562.0,16,0.0
2022-01-25 20:00:00,305.89,305.93,301.47,302.58,4431.0,16,0.0
2022-01-26 11:00:00,305.51,306.59,305.5,306.39,195.0,40,0.0
2022-01-26 12:00:00,306.34,306.5,304.6,305.67,396.0,40,0.0
2022-01-26 13:00:00,305.67,307.54,305.33,306.37,915.0,40,0.0
2022-01-26 14:00:00,306.34,307.51,301.33,303.24,4455.0,16,0.0
2022-01-26 15:00:00,303.25,304.61,298.75,299.82,6308.0,16,0.0
2022-01-26 16:00:00,299.85,302.38,299.57,301.64,4598.0,16,0.0
2022-01-26 17:00:00,301.63,304.38,301.56,303.99,3097.0,16,0.0
2022-01-26 18:00:00,304.02,304.09,302.58,302.73,3181.0,16,0.0
2022-01-26 19:00:00,302.75,305.62,296.23,296.98,9965.0,16,0.0
2022-01-26 20:00:00,296.88,296.88,290.78,294.08,7866.0,16,0.0
2022-01-27 11:00:00,294.74,297.23,294.57,296.84,862.0,40,0.0
2022-01-27 12:00:00,296.95,297.51,295.18,296.54,1003.0,40,0.0
2022-01-27 13:00:00,296.52,297.6,296.32,297.36,1163.0,40,0.0
2022-01-27 14:00:00,297.38,300.1,294.68,299.42,4861.0,16,0.0
2022-01-27 15:00:00,299.41,301.49,297.36,300.0,7407.0,16,0.0
2022-01-27 16:00:00,299.96,301.61,299.72,300.93,5321.0,16,0.0
2022-01-27 17:00:00,300.92,300.95,296.86,297.99,5270.0,16,0.0
2022-01-27 18:00:00,297.96,298.59,294.47,296.23,6272.0,16,0.0
2022-01-27 19:00:00,296.19,298.33,294.78,295.82,5995.0,16,0.0
2022-01-27 20:00:00,295.87,296.95,294.2,296.41,4512.0,16,0.0
2022-01-28 11:00:00,293.74,293.98,292.26,293.27,549.0,40,0.0
2022-01-28 12:00:00,293.4,293.91,290.7,291.55,1012.0,40,0.0
2022-01-28 13:00:00,291.55,295.1,291.17,294.63,970.0,40,0.0
2022-01-28 14:00:00,294.62,296.99,293.27,294.69,4127.0,16,0.0
2022-01-28 15:00:00,294.68,297.21,292.98,297.07,6857.0,16,0.0
2022-01-28 16:00:00,297.11,300.36,295.96,299.96,5147.0,16,0.0
2022-01-28 17:00:00,299.93,301.29,297.99,298.09,4279.0,16,0.0
2022-01-28 18:00:00,298.12,298.39,295.95,297.72,4264.0,16,0.0
2022-01-28 19:00:00,297.7,298.52,293.51,296.75,4733.0,16,0.0
2022-01-28 20:00:00,296.75,299.17,296.29,299.09,3588.0,16,0.0
2022-01-31 11:00:00,302.23,302.67,302.12,302.51,367.0,40,0.0
2022-01-31 12:00:00,302.51,302.94,300.56,301.82,785.0,40,0.0
2022-01-31 13:00:00,301.98,302.31,300.73,302.2,435.0,40,0.0
2022-01-31 14:00:00,302.18,304.16,299.19,303.52,4619.0,16,0.0
2022-01-31 15:00:00,303.55,307.96,303.29,307.29,5568.0,16,0.0
2022-01-31 16:00:00,307.26,309.1,306.45,309.09,4019.0,16,0.0
2022-01-31 17:00:00,309.11,310.12,308.19,309.84,3221.0,16,0.0
2022-01-31 18:00:00,309.83,310.62,308.76,310.42,2727.0,16,0.0
2022-01-31 19:00:00,310.38,311.27,310.03,311.02,2435.0,16,0.0
2022-01-31 20:00:00,311.02,311.64,308.82,311.31,2808.0,16,0.0
2022-02-01 11:00:00,313.24,313.49,312.56,312.8,338.0,40,0.0
2022-02-01 12:00:00,312.79,315.07,312.79,314.5,646.0,40,0.0
2022-02-01 13:00:00,314.47,316.11,314.47,315.61,488.0,40,0.0
2022-02-01 14:00:00,315.6,316.86,312.02,315.04,5464.0,16,0.0
2022-02-01 15:00:00,315.08,315.43,312.08,314.49,6328.0,16,0.0
2022-02-01 16:00:00,314.44,316.97,313.85,316.62,4103.0,16,0.0
2022-02-01 17:00:00,316.61,317.51,315.46,317.17,3392.0,16,0.0
2022-02-01 18:00:00,317.15,317.32,315.68,316.56,2670.0,16,0.0
2022-02-01 19:00:00,316.56,317.32,315.4,316.42,3089.0,16,0.0
2022-02-01 20:00:00,316.42,319.08,316.17,318.76,2433.0,16,0.0
2022-02-02 11:00:00,328.96,329.93,328.42,329.59,293.0,60,0.0
2022-02-02 12:00:00,329.73,332.01,329.73,330.71,483.0,40,0.0
2022-02-02 13:00:00,330.73,330.94,327.59,327.94,580.0,40,0.0
2022-02-02 14:00:00,327.99,328.55,319.97,321.53,5052.0,16,0.0
2022-02-02 15:00:00,321.48,324.34,320.42,320.87,6297.0,16,0.0
2022-02-02 16:00:00,320.84,321.11,316.81,319.57,5176.0,16,0.0
2022-02-02 17:00:00,319.58,324.48,318.94,324.2,4230.0,16,0.0
2022-02-02 18:00:00,324.18,324.2,321.33,322.8,3498.0,16,0.0
2022-02-02 19:00:00,322.81,324.14,320.9,323.0,3323.0,16,0.0
2022-02-02 20:00:00,323.0,324.66,322.06,323.29,3236.0,16,0.0
2022-02-03 11:00:00,257.54,257.61,252.63,253.03,1286.0,40,0.0
2022-02-03 12:00:00,252.96,253.6,249.82,251.03,2050.0,40,0.0
2022-02-03 13:00:00,250.97,251.48,247.44,247.77,2341.0,16,0.0
2022-02-03 14:00:00,247.76,249.14,237.02,241.07,20386.0,8,0.0
2022-02-03 15:00:00,241.12,247.89,241.05,244.2,18978.0,8,0.0
2022-02-03 16:00:00,244.23,246.87,241.48,241.48,16263.0,8,0.0
2022-02-03 17:00:00,241.49,242.0,238.23,239.53,12075.0,6,0.0
2022-02-03 18:00:00,239.55,240.38,238.09,238.18,13637.0,7,0.0
2022-02-03 19:00:00,238.17,240.86,237.06,237.26,10927.0,6,0.0
2022-02-03 20:00:00,237.27,238.01,235.71,237.41,7312.0,6,0.0
2022-02-04 11:00:00,239.8,239.99,237.91,238.25,561.0,40,0.0
2022-02-04 12:00:00,238.23,239.24,237.83,239.09,587.0,40,0.0
2022-02-04 13:00:00,239.14,239.14,233.23,233.59,1233.0,40,0.0
2022-02-04 14:00:00,233.57,236.32,230.42,234.48,7796.0,8,0.0
2022-02-04 15:00:00,234.51,235.99,231.58,232.18,13497.0,8,0.0
2022-02-04 16:00:00,232.18,233.68,230.07,232.71,11147.0,6,0.0
2022-02-04 17:00:00,232.69,235.39,232.06,234.87,9818.0,6,0.0
2022-02-04 18:00:00,234.89,241.17,234.59,240.37,8794.0,8,0.0
2022-02-04 19:00:00,240.39,242.49,237.37,239.95,12298.0,8,0.0
2022-02-04 20:00:00,239.95,240.64,238.48,238.63,5909.0,6,0.0
2022-02-07 11:00:00,236.94,238.82,236.94,238.51,352.0,40,0.0
2022-02-07 12:00:00,238.41,239.05,238.06,238.64,414.0,40,0.0
2022-02-07 13:00:00,238.66,239.48,238.09,238.6,743.0,16,0.0
2022-02-07 14:00:00,238.62,238.62,233.13,233.26,5677.0,8,0.0
2022-02-07 15:00:00,233.28,233.34,230.31,231.2,9097.0,8,0.0
2022-02-07 16:00:00,231.22,232.16,226.49,227.49,9732.0,8,0.0
2022-02-07 17:00:00,227.49,227.68,224.04,224.34,9122.0,8,0.0
2022-02-07 18:00:00,224.36,226.62,224.31,226.07,7096.0,8,0.0
2022-02-07 19:00:00,226.1,227.93,225.33,227.37,6713.0,8,0.0
2022-02-07 20:00:00,227.35,228.48,226.25,226.77,5945.0,8,0.0
2022-02-08 11:00:00,220.55,221.12,220.18,220.67,398.0,60,0.0
2022-02-08 12:00:00,220.69,220.75,219.44,220.54,639.0,40,0.0
2022-02-08 13:00:00,220.54,221.59,220.24,221.52,652.0,40,0.0
2022-02-08 14:00:00,221.62,225.71,219.72,225.25,9251.0,8,0.0
2022-02-08 15:00:00,225.33,225.37,220.58,224.2,13954.0,8,0.0
2022-02-08 16:00:00,224.22,224.62,222.02,222.95,8036.0,8,0.0
2022-02-08 17:00:00,222.97,223.31,220.15,220.24,8356.0,6,0.0
2022-02-08 18:00:00,220.22,220.31,218.08,218.9,9261.0,6,0.0
2022-02-08 19:00:00,218.88,219.85,216.64,217.2,10302.0,6,0.0
2022-02-08 20:00:00,217.18,220.37,216.12,219.71,8928.0,6,0.0
2022-02-09 11:00:00,222.28,223.66,222.02,223.47,355.0,40,0.0
2022-02-09 12:00:00,223.5,223.58,222.52,223.25,542.0,40,0.0
2022-02-09 13:00:00,223.32,224.18,223.18,223.98,670.0,16,0.0
2022-02-09 14:00:00,223.98,227.35,222.16,224.99,7828.0,8,0.0
2022-02-09 15:00:00,224.97,226.45,223.99,225.49,8372.0,8,0.0
2022-02-09 16:00:00,225.5,227.14,225.12,226.39,6326.0,8,0.0
2022-02-09 17:00:00,226.4,230.32,225.19,228.73,8213.0,8,0.0
2022-02-09 18:00:00,228.75,231.43,228.55,231.38,6725.0,8,0.0
2022-02-09 19:00:00,231.39,233.1,231.36,232.47,7099.0,7,0.0
2022-02-09 20:00:00,232.45,233.31,230.78,231.98,6208.0,6,0.0
2022-02-10 11:00:00,232.21,232.26,231.48,232.12,344.0,16,0.0
2022-02-10 12:00:00,232.13,233.54,231.9,232.18,593.0,16,0.0
2022-02-10 13:00:00,232.18,232.99,228.02,228.55,1201.0,40,0.0
2022-02-10 14:00:00,228.58,234.24,226.61,233.61,7082.0,8,0.0
2022-02-10 15:00:00,233.63,234.72,230.53,230.97,9009.0,8,0.0
2022-02-10 16:00:00,230.98,232.49,229.39,232.17,6935.0,8,0.0
2022-02-10 17:00:00,232.16,232.73,229.5,230.84,5476.0,8,0.0
2022-02-10 18:00:00,230.84,231.36,228.12,229.81,6323.0,8,0.0
2022-02-10 19:00:00,229.79,230.14,228.18,228.53,6053.0,8,0.0
2022-02-10 20:00:00,228.52,229.6,226.96,227.23,6493.0,6,0.0
2022-02-11 11:00:00,226.95,227.02,226.18,226.65,345.0,16,0.0
2022-02-11 12:00:00,226.6,228.47,226.42,228.0,418.0,40,0.0
2022-02-11 13:00:00,227.91,229.89,227.79,229.31,446.0,40,0.0
2022-02-11 14:00:00,229.35,230.31,226.48,226.77,5871.0,8,0.0
2022-02-11 15:00:00,226.78,227.77,224.38,225.02,10357.0,8,0.0
2022-02-11 16:00:00,225.03,226.24,223.57,224.84,7160.0,8,0.0
2022-02-11 17:00:00,224.82,224.9,222.77,222.98,5232.0,8,0.0
2022-02-11 18:00:00,222.99,223.42,220.29,220.52,8278.0,8,0.0
2022-02-11 19:00:00,220.5,222.16,219.29,220.15,10043.0,8,0.0
2022-02-11 20:00:00,220.16,221.39,218.75,219.09,6976.0,8,0.0
2022-02-14 11:00:00,217.48,217.82,217.0,217.47,353.0,40,0.0
2022-02-14 12:00:00,217.5,219.93,216.93,219.72,835.0,40,0.0
2022-02-14 13:00:00,219.65,220.55,218.33,219.07,509.0,40,0.0
2022-02-14 14:00:00,219.04,220.97,217.81,219.56,7069.0,8,0.0
2022-02-14 15:00:00,219.58,219.58,216.69,218.2,9715.0,8,0.0
2022-02-14 16:00:00,218.22,219.31,217.33,218.22,7308.0,8,0.0
2022-02-14 17:00:00,218.23,219.65,217.74,218.21,6921.0,6,0.0
2022-02-14 18:00:00,218.2,218.94,215.0,215.0,12416.0,6,0.0
2022-02-14 19:00:00,214.99,217.75,214.76,217.21,9531.0,6,0.0
2022-02-14 20:00:00,217.18,218.01,215.93,217.29,6452.0,8,0.0
2022-02-15 11:00:00,221.47,222.51,221.45,222.41,287.0,40,0.0
2022-02-15 12:00:00,222.42,222.53,221.59,221.98,359.0,40,0.0
2022-02-15 13:00:00,222.08,222.18,221.03,221.14,320.0,40,0.0
2022-02-15 14:00:00,221.13,221.48,217.63,218.5,5841.0,8,0.0
2022-02-15 15:00:00,218.49,219.12,217.14,217.57,7159.0,8,0.0
2022-02-15 16:00:00,217.58,218.14,216.36,217.39,7417.0,6,0.0
2022-02-15 17:00:00,217.4,217.7,215.03,216.9,7606.0,6,0.0
2022-02-15 18:00:00,216.91,218.98,216.35,218.63,4583.0,6,0.0
2022-02-15 19:00:00,218.65,220.18,218.21,219.88,4913.0,6,0.0
2022-02-15 20:00:00,219.88,220.55,219.06,220.1,5220.0,6,0.0
2022-02-16 11:00:00,219.88,220.69,219.88,220.39,258.0,16,0.0
2022-02-16 12:00:00,220.39,220.62,219.36,219.69,388.0,16,0.0
2022-02-16 13:00:00,219.66,219.66,213.06,213.4,1986.0,16,0.0
2022-02-16 14:00:00,213.45,215.36,211.87,215.03,7991.0,8,0.0
2022-02-16 15:00:00,215.01,217.37,214.43,215.79,9251.0,8,0.0
2022-02-16 16:00:00,215.8,216.04,214.19,215.25,5468.0,8,0.0
2022-02-16 17:00:00,215.27,215.61,213.87,214.69,4728.0,6,0.0
2022-02-16 18:00:00,214.7,214.97,213.68,214.03,4929.0,6,0.0
2022-02-16 19:00:00,214.03,215.56,213.32,215.43,9989.0,6,0.0
2022-02-16 20:00:00,215.44,216.54,215.11,216.36,6849.0,6,0.0
2022-02-17 11:00:00,214.72,215.31,214.52,215.27,247.0,40,0.0
2022-02-17 12:00:00,215.17,215.6,214.91,215.49,277.0,40,0.0
2022-02-17 13:00:00,215.49,215.62,214.01,214.33,405.0,40,0.0
2022-02-17 14:00:00,214.33,217.18,213.6,216.84,6028.0,8,0.0
2022-02-17 15:00:00,216.86,217.46,213.52,214.39,7970.0,6,0.0
2022-02-17 16:00:00,214.39,215.63,214.13,214.39,6301.0,6,0.0
2022-02-17 17:00:00,214.4,214.5,213.23,214.03,5765.0,6,0.0
2022-02-17 18:00:00,214.04,214.19,211.77,212.11,5807.0,6,0.0
2022-02-17 19:00:00,212.13,212.14,209.98,210.03,6024.0,6,0.0
2022-02-17 20:00:00,210.03,210.03,208.18,208.82,4048.0,6,0.0
2022-02-18 11:00:00,209.79,209.83,208.98,209.12,222.0,40,0.0
2022-02-18 12:00:00,209.12,209.12,208.23,208.75,279.0,40,0.0
2022-02-18 13:00:00,208.75,208.9,207.26,207.64,388.0,40,0.0
2022-02-18 14:00:00,207.72,210.69,206.64,209.29,7833.0,8,0.0
2022-02-18 15:00:00,209.29,209.76,207.05,207.27,8619.0,8,0.0
2022-02-18 16:00:00,207.25,207.77,205.49,205.9,6925.0,6,0.0
2022-02-18 17:00:00,205.89,207.91,205.82,206.49,6263.0,6,0.0
2022-02-18 18:00:00,206.51,207.65,205.95,206.8,6775.0,6,0.0
2022-02-18 19:00:00,206.81,208.77,206.38,207.8,9267.0,6,0.0
2022-02-18 20:00:00,207.79,208.3,205.15,206.16,9722.0,6,0.0
2022-02-22 11:00:00,203.52,203.6,201.97,203.41,359.0,40,0.0
2022-02-22 12:00:00,203.4,203.81,202.05,203.15,436.0,40,0.0
2022-02-22 13:00:00,203.15,203.88,202.34,203.53,373.0,40,0.0
2022-02-22 14:00:00,203.53,206.99,201.44,205.08,8743.0,8,0.0
2022-02-22 15:00:00,205.1,207.43,203.07,203.29,9621.0,6,0.0
2022-02-22 16:00:00,203.31,203.63,201.42,202.03,7752.0,6,0.0
2022-02-22 17:00:00,202.04,202.99,201.71,201.89,6138.0,6,0.0
2022-02-22 18:00:00,201.88,202.86,200.54,200.96,7371.0,6,0.0
2022-02-22 19:00:00,200.95,203.82,200.04,203.29,20145.0,6,0.0
2022-02-22 20:00:00,203.3,204.76,202.11,202.55,11713.0,6,0.0
2022-02-23 11:00:00,204.01,204.01,203.27,203.5,300.0,40,0.0
2022-02-23 12:00:00,203.53,204.53,203.37,204.47,585.0,40,0.0
2022-02-23 13:00:00,204.47,204.62,203.54,204.53,331.0,16,0.0
2022-02-23 14:00:00,204.53,206.87,203.67,204.4,6707.0,8,0.0
2022-02-23 15:00:00,204.36,204.54,201.06,201.48,8310.0,6,0.0
2022-02-23 16:00:00,201.48,202.64,200.52,202.16,6382.0,6,0.0
2022-02-23 17:00:00,202.15,203.89,201.42,201.53,5660.0,6,0.0
2022-02-23 18:00:00,201.54,201.93,200.25,201.5,8255.0,6,0.0
2022-02-23 19:00:00,201.49,202.16,199.48,199.81,12532.0,6,0.0
2022-02-23 20:00:00,199.8,200.31,198.6,198.7,9529.0,6,0.0
2022-02-24 11:00:00,191.0,192.01,190.26,191.41,769.0,40,0.0
2022-02-24 12:00:00,191.4,191.67,188.95,190.0,1145.0,40,0.0
2022-02-24 13:00:00,190.0,191.85,188.69,190.98,920.0,40,0.0
2022-02-24 14:00:00,190.97,196.05,189.78,195.65,10777.0,8,0.0
2022-02-24 15:00:00,195.65,197.5,193.9,196.51,12761.0,8,0.0
2022-02-24 16:00:00,196.54,199.21,196.18,199.16,8958.0,8,0.0
2022-02-24 17:00:00,199.16,200.83,197.8,199.43,8271.0,6,0.0
2022-02-24 18:00:00,199.44,203.13,198.82,201.45,8257.0,6,0.0
2022-02-24 19:00:00,201.45,204.55,200.29,204.32,9700.0,8,0.0
2022-02-24 20:00:00,204.31,207.33,203.9,206.43,5806.0,6,0.0
2022-02-25 11:00:00,206.5,207.25,205.68,206.6,883.0,40,0.0
2022-02-25 12:00:00,206.64,208.11,206.14,207.85,1062.0,40,0.0
2022-02-25 13:00:00,207.85,208.59,206.89,207.42,438.0,40,0.0
2022-02-25 14:00:00,207.28,208.44,203.12,206.15,8478.0,8,0.0
2022-02-25 15:00:00,206.18,210.49,205.76,209.62,10860.0,6,0.0
2022-02-25 16:00:00,209.64,211.25,208.89,210.06,7127.0,8,0.0
2022-02-25 17:00:00,210.06,210.37,207.12,207.59,5189.0,6,0.0
2022-02-25 18:00:00,207.6,208.13,206.57,207.84,5978.0,6,0.0
2022-02-25 19:00:00,207.83,209.42,207.36,208.86,6754.0,6,0.0
2022-02-25 20:00:00,208.85,210.49,208.31,210.01,6654.0,6,0.0
2022-02-28 11:00:00,208.08,208.51,207.03,207.57,901.0,40,0.0
2022-02-28 12:00:00,207.48,208.5,207.21,207.44,482.0,40,0.0
2022-02-28 13:00:00,207.48,208.0,206.94,207.3,375.0,40,0.0
2022-02-28 14:00:00,207.2,208.9,206.8,207.92,7393.0,8,0.0
2022-02-28 15:00:00,207.91,212.86,207.09,212.2,8754.0,8,0.0
2022-02-28 16:00:00,212.22,213.11,210.88,211.38,6869.0,6,0.0
2022-02-28 17:00:00,211.37,211.43,208.04,208.79,6732.0,6,0.0
2022-02-28 18:00:00,208.79,209.66,207.94,209.1,6382.0,6,0.0
2022-02-28 19:00:00,209.09,209.09,206.89,208.2,8299.0,6,0.0
2022-02-28 20:00:00,208.19,208.67,207.08,208.4,8662.0,6,0.0
2022-03-01 11:00:00,208.4,208.78,208.02,208.15,848.0,16,0.0
2022-03-01 12:00:00,208.06,209.39,208.06,208.97,752.0,40,0.0
2022-03-01 13:00:00,208.97,210.29,208.69,209.9,365.0,40,0.0
2022-03-01 14:00:00,209.9,211.71,209.09,209.66,5704.0,8,0.0
2022-03-01 15:00:00,209.7,210.93,208.23,208.43,8772.0,8,0.0
2022-03-01 16:00:00,208.43,209.27,206.15,206.38,7059.0,6,0.0
2022-03-01 17:00:00,206.37,207.4,205.71,207.24,6796.0,6,0.0
2022-03-01 18:00:00,207.22,207.66,204.92,205.36,6933.0,6,0.0
2022-03-01 19:00:00,205.36,205.96,204.42,204.69,7668.0,6,0.0
2022-03-01 20:00:00,204.71,206.38,203.07,203.11,8639.0,6,0.0
2022-03-02 11:00:00,204.23,205.24,204.15,205.1,426.0,40,0.0
2022-03-02 12:00:00,205.07,205.16,204.14,204.62,814.0,40,0.0
2022-03-02 13:00:00,204.61,204.69,203.66,204.32,429.0,40,0.0
2022-03-02 14:00:00,204.32,204.99,202.63,203.38,6782.0,6,0.0
2022-03-02 15:00:00,203.4,204.69,201.98,203.14,11637.0,6,0.0
2022-03-02 16:00:00,203.13,206.11,202.82,206.05,8587.0,6,0.0
2022-03-02 17:00:00,206.05,207.33,205.65,206.1,5917.0,6,0.0
2022-03-02 18:00:00,206.1,207.72,206.08,207.18,7304.0,6,0.0
2022-03-02 19:00:00,207.19,208.0,206.8,207.45,6780.0,6,0.0
2022-03-02 20:00:00,207.43,208.76,207.41,208.55,6806.0,6,0.0
2022-03-03 11:00:00,206.97,207.73,206.88,207.11,538.0,40,0.0
2022-03-03 12:00:00,207.18,207.58,207.1,207.41,484.0,16,0.0
2022-03-03 13:00:00,207.35,209.23,207.3,208.93,413.0,16,0.0
2022-03-03 14:00:00,209.05,210.44,207.37,208.44,5925.0,8,0.0
2022-03-03 15:00:00,208.41,208.61,203.98,203.99,8045.0,6,0.0
2022-03-03 16:00:00,204.0,206.32,203.99,205.33,8953.0,6,0.0
2022-03-03 17:00:00,205.34,206.77,203.85,205.47,7569.0,6,0.0
2022-03-03 18:00:00,205.45,205.95,203.59,203.75,5858.0,6,0.0
2022-03-03 19:00:00,203.75,204.79,203.29,203.84,6977.0,6,0.0
2022-03-03 20:00:00,203.84,203.84,201.77,201.79,6144.0,6,0.0
2022-03-04 11:00:00,200.08,201.36,200.04,200.64,318.0,40,0.0
2022-03-04 12:00:00,200.64,201.25,200.2,201.17,934.0,40,0.0
2022-03-04 13:00:00,201.17,201.61,200.58,200.83,477.0,16,0.0
2022-03-04 14:00:00,200.78,205.75,200.4,202.07,6759.0,7,0.0
2022-03-04 15:00:00,202.05,202.52,199.84,199.94,10550.0,6,0.0
2022-03-04 16:00:00,199.93,200.8,199.13,200.21,11339.0,6,0.0
2022-03-04 17:00:00,200.22,201.95,199.93,200.71,11847.0,6,0.0
2022-03-04 18:00:00,200.73,201.53,199.13,199.33,9478.0,6,0.0
2022-03-04 19:00:00,199.34,200.41,198.75,199.24,9992.0,6,0.0
2022-03-04 20:00:00,199.23,200.45,198.99,199.29,9052.0,6,0.0
2022-03-07 11:00:00,195.57,198.05,195.52,198.04,555.0,40,0.0
2022-03-07 12:00:00,198.07,199.19,197.85,198.17,449.0,40,0.0
2022-03-07 13:00:00,198.11,199.23,197.44,198.95,270.0,40,0.0
2022-03-07 14:00:00,198.95,201.01,194.36,194.55,7895.0,6,0.0
2022-03-07 15:00:00,194.54,194.61,190.75,191.33,12965.0,6,0.0
2022-03-07 16:00:00,191.35,192.97,190.66,190.8,12836.0,6,0.0
2022-03-07 17:00:00,190.79,191.27,189.02,190.12,11607.0,6,0.0
2022-03-07 18:00:00,190.14,191.1,189.11,189.94,8460.0,6,0.0
2022-03-07 19:00:00,189.93,191.21,189.19,189.33,7754.0,6,0.0
2022-03-07 20:00:00,189.32,189.6,188.08,188.61,6317.0,6,0.0
2022-03-08 11:00:00,187.31,187.62,186.49,187.59,613.0,16,0.0
2022-03-08 12:00:00,187.59,188.5,187.05,187.12,624.0,40,0.0
2022-03-08 13:00:00,187.12,187.67,186.65,187.18,495.0,40,0.0
2022-03-08 14:00:00,187.14,190.79,186.13,188.22,8899.0,8,0.0
2022-03-08 15:00:00,188.25,191.52,186.46,190.88,12595.0,6,0.0
2022-03-08 16:00:00,190.89,192.59,188.97,192.19,9765.0,6,0.0
2022-03-08 17:00:00,192.22,196.24,191.89,196.17,11468.0,6,0.0
2022-03-08 18:00:00,196.18,196.65,192.62,192.8,8747.0,6,0.0
2022-03-08 19:00:00,192.79,193.97,191.7,192.69,9847.0,6,0.0
2022-03-08 20:00:00,192.68,193.98,190.24,190.25,8492.0,6,0.0
2022-03-09 11:00:00,193.89,195.01,193.89,194.4,396.0,40,0.0
2022-03-09 12:00:00,194.4,194.72,193.48,194.72,609.0,40,0.0
2022-03-09 13:00:00,194.72,195.36,194.36,194.45,411.0,40,0.0
2022-03-09 14:00:00,194.45,196.68,193.93,195.89,8063.0,7,0.0
2022-03-09 15:00:00,195.87,197.8,195.42,197.44,8882.0,6,0.0
2022-03-09 16:00:00,197.45,198.19,195.88,197.98,6919.0,6,0.0
2022-03-09 17:00:00,197.96,198.5,196.08,196.18,6021.0,6,0.0
2022-03-09 18:00:00,196.16,197.21,195.43,195.67,5922.0,6,0.0
2022-03-09 19:00:00,195.67,197.2,194.98,196.9,6791.0,6,0.0
2022-03-09 20:00:00,196.91,199.05,196.88,198.57,5389.0,6,0.0
2022-03-10 11:00:00,195.09,195.26,194.18,194.58,359.0,40,0.0
2022-03-10 12:00:00,194.58,195.71,194.48,195.0,741.0,40,0.0
2022-03-10 13:00:00,194.89,195.95,194.36,194.69,556.0,40,0.0
2022-03-10 14:00:00,194.58,195.56,193.23,195.04,7846.0,8,0.0
2022-03-10 15:00:00,195.02,195.6,191.51,191.8,9610.0,6,0.0
2022-03-10 16:00:00,191.78,192.8,191.05,192.72,7045.0,6,0.0
2022-03-10 17:00:00,192.73,193.94,192.2,192.4,6701.0,6,0.0
2022-03-10 18:00:00,192.41,195.19,192.15,194.05,8176.0,6,0.0
2022-03-10 19:00:00,194.07,195.05,193.38,194.49,8761.0,6,0.0
2022-03-10 20:00:00,194.51,195.01,193.66,194.66,6549.0,6,0.0
2022-03-11 11:00:00,194.87,199.0,194.78,195.72,1066.0,16,0.0
2022-03-11 12:00:00,195.72,196.55,194.89,195.12,927.0,40,0.0
2022-03-11 13:00:00,195.15,195.15,193.41,194.08,626.0,40,0.0
2022-03-11 14:00:00,194.02,194.3,187.1,187.28,8447.0,6,0.0
2022-03-11 15:00:00,187.26,191.19,186.61,190.91,9489.0,6,0.0
2022-03-11 16:00:00,190.91,190.93,187.83,187.98,9113.0,6,0.0
2022-03-11 17:00:00,188.0,189.8,187.78,189.64,7345.0,6,0.0
2022-03-11 18:00:00,189.64,190.89,189.09,189.18,6721.0,6,0.0
2022-03-11 19:00:00,189.18,191.09,188.98,189.96,6793.0,6,0.0
2022-03-11 20:00:00,189.97,190.15,188.42,188.53,4983.0,6,0.0
2022-03-14 10:00:00,187.51,187.6,186.66,186.97,386.0,16,0.0
2022-03-14 11:00:00,187.03,187.57,185.48,185.57,706.0,40,0.0
2022-03-14 12:00:00,185.66,186.67,185.27,186.63,388.0,40,0.0
2022-03-14 13:00:00,186.63,191.98,185.93,189.16,8114.0,6,0.0
2022-03-14 14:00:00,189.18,192.22,188.59,190.83,9816.0,6,0.0
2022-03-14 15:00:00,190.85,190.94,187.3,187.48,8525.0,6,0.0
2022-03-14 16:00:00,187.49,188.46,186.81,187.49,10684.0,6,0.0
2022-03-14 17:00:00,187.5,187.67,185.78,186.72,9022.0,6,0.0
2022-03-14 18:00:00,186.71,189.29,186.66,189.01,10224.0,6,0.0
2022-03-14 19:00:00,189.02,189.84,186.79,187.37,8420.0,6,0.0
2022-03-15 10:00:00,186.23,187.8,186.15,187.38,408.0,40,0.0
2022-03-15 11:00:00,187.5,188.02,186.93,187.08,648.0,40,0.0
2022-03-15 12:00:00,187.06,189.19,187.01,188.65,425.0,40,0.0
2022-03-15 13:00:00,188.66,190.61,187.15,187.85,7405.0,6,0.0
2022-03-15 14:00:00,187.84,189.43,186.49,188.64,8894.0,6,0.0
2022-03-15 15:00:00,188.65,190.22,187.07,187.34,10563.0,6,0.0
2022-03-15 16:00:00,187.34,188.19,186.52,187.32,8915.0,6,0.0
2022-03-15 17:00:00,187.33,187.71,185.89,187.44,7023.0,6,0.0
2022-03-15 18:00:00,187.45,189.95,186.78,189.58,6850.0,6,0.0
2022-03-15 19:00:00,189.57,191.66,189.38,191.28,4718.0,6,0.0
2022-03-16 10:00:00,194.98,195.15,194.44,194.73,271.0,60,0.0
2022-03-16 11:00:00,194.72,195.24,194.48,194.66,279.0,40,0.0
2022-03-16 12:00:00,194.74,195.27,194.46,194.61,308.0,40,0.0
2022-03-16 13:00:00,194.61,197.41,194.12,197.01,6532.0,8,0.0
2022-03-16 14:00:00,197.03,200.98,196.53,200.84,12427.0,6,0.0
2022-03-16 15:00:00,200.82,201.95,199.85,200.05,9706.0,6,0.0
2022-03-16 16:00:00,200.05,200.39,198.09,198.79,6030.0,6,0.0
2022-03-16 17:00:00,198.79,199.88,198.53,199.56,6169.0,6,0.0
2022-03-16 18:00:00,199.44,200.54,195.09,199.49,13069.0,6,0.0
2022-03-16 19:00:00,199.47,200.94,198.75,200.9,6829.0,6,0.0
2022-03-17 10:00:00,202.58,202.58,201.62,202.23,606.0,40,0.0
2022-03-17 11:00:00,202.27,202.75,201.91,202.4,369.0,40,0.0
2022-03-17 12:00:00,202.4,202.71,201.3,201.56,511.0,16,0.0
2022-03-17 13:00:00,201.57,204.59,201.08,204.41,7743.0,8,0.0
2022-03-17 14:00:00,204.42,205.42,202.98,203.21,8972.0,6,0.0
2022-03-17 15:00:00,203.19,205.16,202.28,204.03,8101.0,6,0.0
2022-03-17 16:00:00,204.05,205.24,203.79,205.18,6109.0,6,0.0
2022-03-17 17:00:00,205.19,206.35,204.34,206.01,6410.0,6,0.0
2022-03-17 18:00:00,205.99,206.34,205.18,205.83,5867.0,6,0.0
2022-03-17 19:00:00,205.82,207.61,205.49,207.54,4218.0,6,0.0
2022-03-18 10:00:00,206.77,207.39,206.37,206.71,567.0,16,0.0
2022-03-18 11:00:00,206.71,206.83,205.27,205.93,378.0,16,0.0
2022-03-18 12:00:00,205.93,206.52,205.53,205.92,264.0,16,0.0
2022-03-18 13:00:00,205.96,209.77,205.52,209.59,7000.0,8,0.0
2022-03-18 14:00:00,209.58,213.07,209.58,212.64,11197.0,6,0.0
2022-03-18 15:00:00,212.62,213.09,211.61,211.97,6995.0,6,0.0
2022-03-18 16:00:00,211.97,214.51,211.75,214.29,5915.0,6,0.0
2022-03-18 17:00:00,214.29,215.11,213.65,214.24,5161.0,6,0.0
2022-03-18 18:00:00,214.24,214.44,212.99,214.27,5086.0,6,0.0
2022-03-18 19:00:00,214.28,215.24,214.2,214.97,4184.0,6,0.0
2022-03-21 10:00:00,214.97,215.26,214.54,214.74,171.0,16,0.0
2022-03-21 11:00:00,214.79,216.15,214.77,215.86,425.0,16,0.0
2022-03-21 12:00:00,215.85,216.0,214.61,214.7,357.0,16,0.0
2022-03-21 13:00:00,214.74,215.33,209.29,209.37,6912.0,8,0.0
2022-03-21 14:00:00,209.39,210.67,207.62,210.5,7443.0,8,0.0
2022-03-21 15:00:00,210.5,212.68,210.1,212.56,5677.0,8,0.0
2022-03-21 16:00:00,212.56,212.84,210.0,210.11,6735.0,8,0.0
2022-03-21 17:00:00,210.12,210.44,208.57,210.3,5751.0,8,0.0
2022-03-21 18:00:00,210.29,211.28,209.19,209.2,5295.0,6,0.0
2022-03-21 19:00:00,209.2,210.57,209.11,209.75,4707.0,6,0.0
2022-03-22 10:00:00,212.23,212.44,211.78,212.36,160.0,40,0.0
2022-03-22 11:00:00,212.35,212.39,211.6,211.6,230.0,40,0.0
2022-03-22 12:00:00,211.6,211.77,211.09,211.75,193.0,40,0.0
2022-03-22 13:00:00,211.74,214.99,210.1,214.66,5605.0,8,0.0
2022-03-22 14:00:00,214.64,219.41,214.64,217.84,7354.0,8,0.0
2022-03-22 15:00:00,217.86,219.22,217.08,217.1,5645.0,6,0.0
2022-03-22 16:00:00,217.1,217.16,215.28,216.62,7892.0,6,0.0
2022-03-22 17:00:00,216.63,217.08,215.91,216.77,5951.0,6,0.0
2022-03-22 18:00:00,216.76,217.06,215.44,216.73,6424.0,6,0.0
2022-03-22 19:00:00,216.74,218.33,216.38,216.85,4972.0,6,0.0
2022-03-23 10:00:00,216.03,216.27,215.21,215.49,365.0,16,0.0
2022-03-23 11:00:00,215.49,215.69,214.39,215.01,430.0,16,0.0
2022-03-23 12:00:00,215.03,215.22,213.22,213.61,343.0,40,0.0
2022-03-23 13:00:00,213.56,216.26,213.04,213.88,5000.0,8,0.0
2022-03-23 14:00:00,213.86,216.21,213.37,215.59,6295.0,8,0.0
2022-03-23 15:00:00,215.61,216.73,215.24,215.74,4433.0,8,0.0
2022-03-23 16:00:00,215.74,216.39,214.3,215.73,4196.0,6,0.0
2022-03-23 17:00:00,215.71,215.84,213.35,214.65,6546.0,6,0.0
2022-03-23 18:00:00,214.66,214.95,212.12,213.98,10501.0,6,0.0
2022-03-23 19:00:00,213.99,214.65,213.5,214.46,5465.0,6,0.0
2022-03-24 10:00:00,214.96,214.96,214.07,214.27,413.0,16,0.0
2022-03-24 11:00:00,214.27,215.18,214.27,214.62,445.0,16,0.0
2022-03-24 12:00:00,214.61,215.25,214.56,214.95,261.0,40,0.0
2022-03-24 13:00:00,214.9,218.64,214.46,218.31,5848.0,8,0.0
2022-03-24 14:00:00,218.33,220.61,215.51,216.42,9812.0,8,0.0
2022-03-24 15:00:00,216.42,219.73,216.31,218.61,6008.0,8,0.0
2022-03-24 16:00:00,218.61,219.64,217.62,219.57,4746.0,8,0.0
2022-03-24 17:00:00,219.56,219.84,218.04,218.27,4083.0,6,0.0
2022-03-24 18:00:00,218.28,218.79,217.42,218.08,4962.0,6,0.0
2022-03-24 19:00:00,218.07,219.41,217.56,219.17,4313.0,6,0.0
2022-03-25 10:00:00,219.93,221.18,219.44,221.02,225.0,40,0.0
2022-03-25 11:00:00,221.02,221.17,220.48,220.99,225.0,40,0.0
2022-03-25 12:00:00,220.96,221.65,220.69,221.3,580.0,16,0.0
2022-03-25 13:00:00,221.45,225.41,218.99,223.63,6741.0,8,0.0
2022-03-25 14:00:00,223.61,224.99,221.8,222.77,8111.0,6,0.0
2022-03-25 15:00:00,222.79,222.92,218.88,219.5,7136.0,8,0.0
2022-03-25 16:00:00,219.5,220.87,219.09,219.75,6238.0,6,0.0
2022-03-25 17:00:00,219.77,221.68,219.23,221.68,7022.0,6,0.0
2022-03-25 18:00:00,221.68,221.74,219.95,220.84,6330.0,6,0.0
2022-03-25 19:00:00,220.83,220.94,219.47,219.77,5350.0,6,0.0
2022-03-28 10:00:00,221.45,221.61,220.77,221.12,523.0,40,0.0
2022-03-28 11:00:00,221.12,222.46,221.03,222.38,269.0,40,0.0
2022-03-28 12:00:00,222.41,222.49,221.88,222.07,146.0,40,0.0
2022-03-28 13:00:00,222.07,223.99,221.58,222.82,5823.0,8,0.0
2022-03-28 14:00:00,222.84,222.94,220.75,222.61,8284.0,8,0.0
2022-03-28 15:00:00,222.63,223.0,219.83,220.04,6520.0,8,0.0
2022-03-28 16:00:00,220.02,221.23,219.51,220.9,4514.0,6,0.0
2022-03-28 17:00:00,220.91,222.01,220.75,221.54,5166.0,6,0.0
2022-03-28 18:00:00,221.55,223.12,221.35,223.12,5541.0,6,0.0
2022-03-28 19:00:00,223.11,223.53,222.37,223.11,4274.0,6,0.0
2022-03-29 10:00:00,224.24,224.44,223.98,224.18,150.0,40,0.0
2022-03-29 11:00:00,224.18,225.58,223.55,225.04,388.0,40,0.0
2022-03-29 12:00:00,225.0,226.51,224.62,225.85,523.0,40,0.0
2022-03-29 13:00:00,225.76,227.86,225.23,225.68,5875.0,8,0.0
2022-03-29 14:00:00,225.7,227.47,225.29,227.39,8373.0,8,0.0
2022-03-29 15:00:00,227.4,229.11,226.79,228.92,6900.0,6,0.0
2022-03-29 16:00:00,228.94,229.11,227.44,228.63,5285.0,6,0.0
2022-03-29 17:00:00,228.64,229.95,227.72,229.68,4302.0,8,0.0
2022-03-29 18:00:00,229.68,230.33,229.45,229.89,3761.0,6,0.0
2022-03-29 19:00:00,229.9,230.84,229.7,230.41,3079.0,6,0.0
2022-03-30 10:00:00,228.0,228.34,227.85,228.09,348.0,40,0.0
2022-03-30 11:00:00,228.08,228.63,227.99,228.49,251.0,40,0.0
2022-03-30 12:00:00,228.49,228.51,227.1,228.09,369.0,40,0.0
2022-03-30 13:00:00,228.09,229.72,227.63,228.29,4242.0,8,0.0
2022-03-30 14:00:00,228.3,230.8,226.69,228.74,8313.0,8,0.0
2022-03-30 15:00:00,228.76,229.97,227.51,229.97,5042.0,8,0.0
2022-03-30 16:00:00,229.98,231.1,229.39,230.89,4279.0,8,0.0
2022-03-30 17:00:00,230.88,230.89,227.77,228.49,4478.0,6,0.0
2022-03-30 18:00:00,228.45,229.34,228.1,228.75,4878.0,6,0.0
2022-03-30 19:00:00,228.75,228.84,226.84,227.16,3725.0,8,0.0
2022-03-31 10:00:00,228.93,229.11,228.44,228.44,238.0,40,0.0
2022-03-31 11:00:00,228.4,228.83,228.04,228.66,279.0,40,0.0
2022-03-31 12:00:00,228.62,229.0,227.84,228.52,300.0,40,0.0
2022-03-31 13:00:00,228.48,228.62,225.0,226.76,4357.0,8,0.0
2022-03-31 14:00:00,226.76,227.51,225.45,225.77,6102.0,8,0.0
2022-03-31 15:00:00,225.76,225.77,224.3,225.0,4700.0,6,0.0
2022-03-31 16:00:00,225.01,225.16,223.7,224.03,4983.0,6,0.0
2022-03-31 17:00:00,224.04,225.1,224.02,224.64,4745.0,6,0.0
2022-03-31 18:00:00,224.62,225.55,223.84,225.45,5534.0,6,0.0
2022-03-31 19:00:00,225.44,226.1,223.94,224.15,3957.0,6,0.0
2022-04-01 10:00:00,224.25,224.45,223.81,224.06,422.0,16,0.0
2022-04-01 11:00:00,224.01,224.04,223.71,224.02,178.0,16,0.0
2022-04-01 12:00:00,224.02,224.18,223.07,223.3,313.0,16,0.0
2022-04-01 13:00:00,223.29,226.85,223.05,225.23,4634.0,8,0.0
2022-04-01 14:00:00,225.21,227.22,224.37,226.75,6141.0,8,0.0
2022-04-01 15:00:00,226.76,226.99,223.15,223.67,4786.0,8,0.0
2022-04-01 16:00:00,223.67,224.54,223.04,223.54,4897.0,6,0.0
2022-04-01 17:00:00,223.54,224.48,222.69,223.78,5745.0,6,0.0
2022-04-01 18:00:00,223.77,225.12,223.49,224.49,6368.0,6,0.0
2022-04-01 19:00:00,224.48,224.77,222.94,223.07,6095.0,6,0.0
2022-04-04 10:00:00,225.65,226.52,225.44,225.76,295.0,40,0.0
2022-04-04 11:00:00,225.74,225.89,225.17,225.53,360.0,40,0.0
2022-04-04 12:00:00,225.57,226.15,225.2,225.46,189.0,40,0.0
2022-04-04 13:00:00,225.46,232.13,225.23,231.62,5820.0,8,0.0
2022-04-04 14:00:00,231.64,233.3,229.98,233.15,6919.0,8,0.0
2022-04-04 15:00:00,233.15,233.69,231.81,233.02,4652.0,8,0.0
2022-04-04 16:00:00,233.03,234.04,232.51,233.74,3701.0,8,0.0
2022-04-04 17:00:00,233.73,234.03,232.5,233.49,2901.0,8,0.0
2022-04-04 18:00:00,233.48,233.94,231.88,233.63,3468.0,8,0.0
2022-04-04 19:00:00,233.63,234.3,233.16,233.49,2763.0,8,0.0
2022-04-05 10:00:00,234.15,234.35,232.88,233.38,292.0,40,0.0
2022-04-05 11:00:00,233.37,233.75,233.03,233.57,264.0,40,0.0
2022-04-05 12:00:00,233.57,234.13,233.42,233.87,258.0,16,0.0
2022-04-05 13:00:00,233.9,236.77,232.77,234.11,5205.0,8,0.0
2022-04-05 14:00:00,234.07,234.88,231.12,232.95,8083.0,8,0.0
2022-04-05 15:00:00,232.96,233.34,231.97,232.42,5509.0,8,0.0
2022-04-05 16:00:00,232.42,233.55,231.18,232.97,4535.0,8,0.0
2022-04-05 17:00:00,232.96,235.22,232.86,233.97,5569.0,6,0.0
2022-04-05 18:00:00,233.99,234.6,232.54,232.62,5131.0,8,0.0
2022-04-05 19:00:00,232.62,232.75,231.19,231.72,3634.0,8,0.0
2022-04-06 10:00:00,228.37,228.37,227.92,228.06,158.0,40,0.0
2022-04-06 11:00:00,228.06,228.34,226.62,226.71,435.0,40,0.0
2022-04-06 12:00:00,226.75,227.52,226.47,226.68,375.0,40,0.0
2022-04-06 13:00:00,226.72,228.83,224.0,224.15,6528.0,8,0.0
2022-04-06 14:00:00,224.16,224.73,222.35,223.93,9313.0,8,0.0
2022-04-06 15:00:00,223.9,224.49,222.69,224.1,6675.0,8,0.0
2022-04-06 16:00:00,224.09,224.41,222.22,223.09,5115.0,8,0.0
2022-04-06 17:00:00,223.1,224.51,222.72,223.51,4515.0,8,0.0
2022-04-06 18:00:00,223.55,225.56,221.36,224.79,13112.0,8,0.0
2022-04-06 19:00:00,224.78,225.88,222.68,224.37,7063.0,8,0.0
2022-04-07 10:00:00,225.69,226.11,225.11,225.22,1401.0,8,0.0
2022-04-07 11:00:00,225.32,226.05,224.29,224.64,379.0,16,0.0
2022-04-07 12:00:00,224.64,224.64,223.36,223.6,195.0,40,0.0
2022-04-07 13:00:00,223.6,225.43,222.24,224.22,5562.0,8,0.0
2022-04-07 14:00:00,224.18,225.11,221.63,222.37,7808.0,8,0.0
2022-04-07 15:00:00,222.35,222.99,219.78,220.29,5508.0,8,0.0
2022-04-07 16:00:00,220.27,221.08,218.52,219.39,4368.0,8,0.0
2022-04-07 17:00:00,219.39,222.19,219.17,221.59,5083.0,8,0.0
2022-04-07 18:00:00,221.58,223.03,220.97,222.93,5876.0,6,0.0
2022-04-07 19:00:00,222.92,224.7,222.69,224.36,4111.0,6,0.0
2022-04-08 10:00:00,224.08,224.17,223.35,223.75,282.0,16,0.0
2022-04-08 11:00:00,223.77,224.35,223.7,224.05,237.0,16,0.0
2022-04-08 12:00:00,224.04,224.11,222.62,222.81,320.0,16,0.0
2022-04-08 13:00:00,222.8,223.09,220.01,220.24,6064.0,8,0.0
2022-04-08 14:00:00,220.22,224.68,220.07,224.52,8236.0,8,0.0
2022-04-08 15:00:00,224.53,225.07,222.49,224.16,5689.0,8,0.0
2022-04-08 16:00:00,224.17,224.94,223.29,224.59,4616.0,8,0.0
2022-04-08 17:00:00,224.6,224.6,223.16,223.69,4141.0,7,0.0
2022-04-08 18:00:00,223.67,223.88,222.27,222.98,5974.0,6,0.0
2022-04-08 19:00:00,222.96,224.45,222.7,223.58,6358.0,6,0.0
2022-04-11 10:00:00,219.49,220.17,219.26,220.17,374.0,40,0.0
2022-04-11 11:00:00,220.21,220.41,219.4,219.57,429.0,40,0.0
2022-04-11 12:00:00,219.56,219.78,218.27,218.99,378.0,40,0.0
2022-04-11 13:00:00,219.05,220.22,217.03,219.55,7864.0,8,0.0
2022-04-11 14:00:00,219.54,220.58,215.18,215.92,8728.0,8,0.0
2022-04-11 15:00:00,215.9,218.14,215.58,217.95,5212.0,8,0.0
2022-04-11 16:00:00,217.94,219.23,217.33,218.65,5396.0,6,0.0
2022-04-11 17:00:00,218.67,219.96,218.44,218.87,7992.0,6,0.0
2022-04-11 18:00:00,218.88,219.47,217.69,218.82,5454.0,6,0.0
2022-04-11 19:00:00,218.83,219.33,217.17,217.32,3702.0,8,0.0
2022-04-12 10:00:00,217.06,217.5,216.78,217.17,154.0,16,0.0
2022-04-12 11:00:00,217.17,217.55,216.59,217.31,372.0,16,0.0
2022-04-12 12:00:00,217.27,222.11,217.17,221.47,914.0,16,0.0
2022-04-12 13:00:00,221.47,221.6,217.59,221.08,8731.0,8,0.0
2022-04-12 14:00:00,221.05,221.98,217.87,218.81,10361.0,8,0.0
2022-04-12 15:00:00,218.81,219.06,217.6,218.11,6898.0,7,0.0
2022-04-12 16:00:00,218.09,218.11,216.37,217.04,6173.0,7,0.0
2022-04-12 17:00:00,217.03,217.62,214.45,214.84,6382.0,6,0.0
2022-04-12 18:00:00,214.83,215.33,213.81,214.24,6102.0,6,0.0
2022-04-12 19:00:00,214.23,214.52,213.11,214.1,4744.0,6,0.0
2022-04-13 10:00:00,214.02,214.53,213.68,214.46,295.0,40,0.0
2022-04-13 11:00:00,214.58,215.05,212.13,212.13,446.0,40,0.0
2022-04-13 12:00:00,212.18,213.17,211.12,211.47,643.0,40,0.0
2022-04-13 13:00:00,211.55,215.54,210.8,214.56,6720.0,8,0.0
2022-04-13 14:00:00,214.53,216.52,213.82,214.14,8799.0,8,0.0
2022-04-13 15:00:00,214.14,216.29,213.98,215.92,5515.0,8,0.0
2022-04-13 16:00:00,215.93,216.43,215.35,216.43,3930.0,6,0.0
2022-04-13 17:00:00,216.41,216.43,213.48,213.99,4253.0,6,0.0
2022-04-13 18:00:00,214.01,214.89,213.82,214.4,3636.0,6,0.0
2022-04-13 19:00:00,214.39,216.33,214.08,215.91,2837.0,6,0.0
2022-04-14 10:00:00,215.77,216.64,215.14,215.6,785.0,16,0.0
2022-04-14 11:00:00,215.58,216.17,215.05,215.14,509.0,40,0.0
2022-04-14 12:00:00,215.14,215.38,214.73,214.96,251.0,40,0.0
2022-04-14 13:00:00,214.98,215.24,212.64,213.16,6009.0,8,0.0
2022-04-14 14:00:00,213.19,213.86,212.11,212.69,7874.0,8,0.0
2022-04-14 15:00:00,212.68,214.11,212.41,212.66,5524.0,8,0.0
2022-04-14 16:00:00,212.64,212.94,211.46,212.04,4174.0,6,0.0
2022-04-14 17:00:00,212.04,212.87,211.67,212.44,3870.0,6,0.0
2022-04-14 18:00:00,212.42,213.27,211.34,211.35,4383.0,6,0.0
2022-04-14 19:00:00,211.37,211.75,210.5,210.97,2927.0,6,0.0
2022-04-18 10:00:00,208.05,208.51,208.05,208.27,16.0,60,0.0
2022-04-18 11:00:00,208.25,209.41,208.25,209.11,116.0,60,0.0
2022-04-18 12:00:00,209.17,209.6,208.54,209.6,198.0,40,0.0
2022-04-18 13:00:00,209.6,211.34,209.26,210.88,7921.0,8,0.0
2022-04-18 14:00:00,210.87,213.32,210.41,210.99,8313.0,7,0.0
2022-04-18 15:00:00,210.99,211.52,209.82,210.25,6653.0,6,0.0
2022-04-18 16:00:00,210.25,210.31,208.27,208.59,5640.0,6,0.0
2022-04-18 17:00:00,208.59,211.4,208.27,211.0,6656.0,6,0.0
2022-04-18 18:00:00,211.01,212.02,210.41,210.95,6444.0,6,0.0
2022-04-18 19:00:00,210.94,211.12,209.39,209.73,5172.0,6,0.0
2022-04-19 10:00:00,210.62,210.68,209.95,210.24,786.0,17,0.0
2022-04-19 11:00:00,210.36,211.25,210.36,211.06,442.0,16,0.0
2022-04-19 12:00:00,211.08,211.48,210.54,210.61,438.0,16,0.0
2022-04-19 13:00:00,210.61,212.87,208.97,212.82,8457.0,8,0.0
2022-04-19 14:00:00,212.84,215.81,212.38,215.56,8261.0,6,0.0
2022-04-19 15:00:00,215.56,217.17,215.0,216.82,4923.0,6,0.0
2022-04-19 16:00:00,216.83,217.74,216.47,217.36,3836.0,6,0.0
2022-04-19 17:00:00,217.37,217.99,216.77,217.7,3798.0,6,0.0
2022-04-19 18:00:00,217.69,217.88,216.47,217.04,5200.0,6,0.0
2022-04-19 19:00:00,217.04,218.37,216.98,217.43,3203.0,6,0.0
2022-04-20 10:00:00,215.75,216.39,212.93,213.25,802.0,40,0.0
2022-04-20 11:00:00,213.31,216.15,212.38,214.92,906.0,40,0.0
2022-04-20 12:00:00,214.92,215.37,213.91,215.21,642.0,40,0.0
2022-04-20 13:00:00,215.15,215.22,206.59,207.94,8878.0,8,0.0
2022-04-20 14:00:00,207.92,208.48,203.87,204.91,12737.0,7,0.0
2022-04-20 15:00:00,204.92,204.93,200.66,201.82,9432.0,6,0.0
2022-04-20 16:00:00,201.83,202.82,200.38,201.53,6337.0,6,0.0
2022-04-20 17:00:00,201.53,203.56,201.29,201.94,5854.0,6,0.0
2022-04-20 18:00:00,201.94,202.38,198.91,199.7,5752.0,6,0.0
2022-04-20 19:00:00,199.71,201.31,199.66,201.3,5344.0,6,0.0
2022-04-21 10:00:00,201.92,202.24,201.85,201.85,157.0,40,0.0
2022-04-21 11:00:00,201.85,202.08,201.06,201.86,386.0,40,0.0
2022-04-21 12:00:00,201.94,202.04,200.85,201.27,473.0,40,0.0
2022-04-21 13:00:00,201.27,202.88,198.88,198.98,8613.0,8,0.0
2022-04-21 14:00:00,198.97,199.41,193.35,195.02,11993.0,6,0.0
2022-04-21 15:00:00,195.04,195.19,190.62,190.63,8780.0,6,0.0
2022-04-21 16:00:00,190.62,191.26,189.62,189.9,8277.0,6,0.0
2022-04-21 17:00:00,189.91,191.17,188.99,189.55,8467.0,6,0.0
2022-04-21 18:00:00,189.56,189.62,187.36,187.6,8146.0,6,0.0
2022-04-21 19:00:00,187.6,188.16,185.61,188.07,6782.0,6,0.0
2022-04-22 10:00:00,188.57,189.26,188.26,188.56,626.0,16,0.0
2022-04-22 11:00:00,188.58,189.95,188.58,189.9,386.0,16,0.0
2022-04-22 12:00:00,189.9,191.03,189.42,189.42,551.0,40,0.0
2022-04-22 13:00:00,189.45,192.66,187.37,187.62,8813.0,6,0.0
2022-04-22 14:00:00,187.64,190.5,185.86,186.2,10743.0,6,0.0
2022-04-22 15:00:00,186.21,187.02,184.14,184.58,8395.0,6,0.0
2022-04-22 16:00:00,184.59,185.2,183.63,183.78,6842.0,6,0.0
2022-04-22 17:00:00,183.79,184.8,183.25,184.44,5475.0,6,0.0
2022-04-22 18:00:00,184.43,185.33,183.95,184.59,6010.0,6,0.0
2022-04-22 19:00:00,184.6,186.82,184.08,185.87,7938.0,6,0.0
2022-04-25 10:00:00,182.16,182.41,181.73,182.1,289.0,40,0.0
2022-04-25 11:00:00,182.14,182.44,180.95,181.56,636.0,40,0.0
2022-04-25 12:00:00,181.54,182.71,181.09,182.7,460.0,40,0.0
2022-04-25 13:00:00,182.74,186.33,181.6,183.3,8300.0,8,0.0
2022-04-25 14:00:00,183.31,187.12,183.26,183.55,9460.0,6,0.0
2022-04-25 15:00:00,183.55,184.07,181.67,182.21,8114.0,6,0.0
2022-04-25 16:00:00,182.19,184.73,181.67,183.69,8284.0,6,0.0
2022-04-25 17:00:00,183.71,184.3,182.88,183.62,7949.0,6,0.0
2022-04-25 18:00:00,183.62,186.15,183.15,185.3,8331.0,6,0.0
2022-04-25 19:00:00,185.28,186.61,183.54,186.42,6709.0,6,0.0
2022-04-26 10:00:00,186.42,186.44,185.47,185.67,576.0,8,0.0
2022-04-26 11:00:00,185.64,186.08,185.34,185.72,519.0,16,0.0
2022-04-26 12:00:00,185.74,186.1,185.19,185.61,329.0,16,0.0
2022-04-26 13:00:00,185.58,187.07,181.77,182.26,5647.0,6,0.0
2022-04-26 14:00:00,182.24,182.43,180.02,180.71,9457.0,6,0.0
2022-04-26 15:00:00,180.7,180.99,179.47,180.13,7013.0,6,0.0
2022-04-26 16:00:00,180.12,182.49,180.07,182.34,6875.0,6,0.0
2022-04-26 17:00:00,182.34,182.37,180.82,181.35,5619.0,6,0.0
2022-04-26 18:00:00,181.35,184.51,181.3,184.36,7918.0,6,0.0
2022-04-26 19:00:00,184.35,184.7,181.3,181.95,5548.0,6,0.0
2022-04-27 10:00:00,177.08,177.52,175.96,177.0,496.0,40,0.0
2022-04-27 11:00:00,177.0,177.02,175.07,175.43,701.0,40,0.0
2022-04-27 12:00:00,175.55,175.64,173.51,173.76,862.0,40,0.0
2022-04-27 13:00:00,173.79,181.06,173.14,177.93,6694.0,8,0.0
2022-04-27 14:00:00,177.9,178.82,174.71,177.14,9130.0,8,0.0
2022-04-27 15:00:00,177.16,178.26,175.96,176.56,8026.0,6,0.0
2022-04-27 16:00:00,176.58,179.71,175.67,178.37,6619.0,6,0.0
2022-04-27 17:00:00,178.37,178.93,168.9,172.63,12598.0,8,0.0
2022-04-27 18:00:00,172.62,173.68,171.25,172.35,8230.0,6,0.0
2022-04-27 19:00:00,172.35,174.84,171.69,174.73,6475.0,6,0.0
2022-04-28 10:00:00,203.6,205.53,203.45,205.24,576.0,60,0.0
2022-04-28 11:00:00,205.19,205.92,202.15,202.22,1382.0,40,0.0
2022-04-28 12:00:00,202.27,202.47,198.62,198.72,1973.0,16,0.0
2022-04-28 13:00:00,198.73,208.03,195.96,196.54,12397.0,16,0.0
2022-04-28 14:00:00,196.51,199.22,192.85,195.22,10820.0,8,0.0
2022-04-28 15:00:00,195.26,201.91,194.45,199.88,7790.0,8,0.0
2022-04-28 16:00:00,199.84,205.88,199.25,204.58,6428.0,8,0.0
2022-04-28 17:00:00,204.54,207.76,204.47,206.67,6431.0,8,0.0
2022-04-28 18:00:00,206.65,208.48,205.24,206.51,8063.0,8,0.0
2022-04-28 19:00:00,206.49,207.41,205.5,205.93,5305.0,8,0.0
2022-04-29 10:00:00,203.86,204.06,203.36,203.39,252.0,40,0.0
2022-04-29 11:00:00,203.37,204.06,202.87,203.22,674.0,16,0.0
2022-04-29 12:00:00,203.2,205.14,203.2,204.11,830.0,40,0.0
2022-04-29 13:00:00,204.11,212.42,203.13,211.45,7974.0,8,0.0
2022-04-29 14:00:00,211.41,211.56,205.52,207.56,9606.0,8,0.0
2022-04-29 15:00:00,207.57,208.11,205.73,206.04,8414.0,8,0.0
2022-04-29 16:00:00,206.02,206.16,204.36,205.48,6158.0,8,0.0
2022-04-29 17:00:00,205.48,209.31,205.46,205.86,7421.0,8,0.0
2022-04-29 18:00:00,205.87,206.07,202.38,203.77,7282.0,8,0.0
2022-04-29 19:00:00,203.78,204.4,202.11,202.26,6012.0,8,0.0
2022-05-02 10:00:00,200.95,201.18,200.64,201.12,540.0,16,0.0
2022-05-02 11:00:00,201.24,201.68,198.93,199.24,621.0,16,0.0
2022-05-02 12:00:00,199.26,199.71,198.83,199.53,513.0,40,0.0
2022-05-02 13:00:00,199.52,210.63,199.52,209.55,10690.0,8,0.0
2022-05-02 14:00:00,209.52,210.8,206.29,207.54,17132.0,8,0.0
2022-05-02 15:00:00,207.52,209.4,205.52,206.96,11421.0,8,0.0
2022-05-02 16:00:00,206.94,207.51,204.5,204.58,10108.0,8,0.0
2022-05-02 17:00:00,204.56,204.76,202.5,204.03,8594.0,8,0.0
2022-05-02 18:00:00,204.0,205.32,202.27,204.29,10306.0,8,0.0
2022-05-02 19:00:00,204.28,210.88,203.89,209.61,9964.0,8,0.0
2022-05-03 10:00:00,211.35,211.38,209.87,210.16,371.0,40,0.0
2022-05-03 11:00:00,210.16,211.2,210.07,211.14,385.0,16,0.0
2022-05-03 12:00:00,211.2,211.98,211.2,211.55,383.0,16,0.0
2022-05-03 13:00:00,211.6,212.55,208.21,212.55,6795.0,16,0.0
2022-05-03 14:00:00,212.59,213.77,208.06,209.02,8086.0,8,0.0
2022-05-03 15:00:00,209.05,211.88,208.42,211.3,6452.0,8,0.0
2022-05-03 16:00:00,211.27,213.57,209.83,213.13,8456.0,8,0.0
2022-05-03 17:00:00,213.16,214.83,212.45,213.7,7214.0,8,0.0
2022-05-03 18:00:00,213.71,214.08,211.77,213.67,8762.0,8,0.0
2022-05-03 19:00:00,213.69,213.92,211.12,211.45,8372.0,8,0.0
2022-05-04 10:00:00,212.2,212.3,211.94,212.21,94.0,40,0.0
2022-05-04 11:00:00,212.22,212.48,211.87,212.2,194.0,40,0.0
2022-05-04 12:00:00,212.2,212.28,211.42,211.55,213.0,16,0.0
2022-05-04 13:00:00,211.56,211.91,208.38,208.72,5369.0,8,0.0
2022-05-04 14:00:00,208.67,209.57,207.03,208.04,8527.0,7,0.0
2022-05-04 15:00:00,208.03,209.37,206.93,209.25,6101.0,6,0.0
2022-05-04 16:00:00,209.23,213.29,208.9,213.25,6442.0,8,0.0
2022-05-04 17:00:00,213.26,215.21,212.64,215.07,6175.0,8,0.0
2022-05-04 18:00:00,215.07,220.17,211.47,219.63,14574.0,8,0.0
2022-05-04 19:00:00,219.69,222.87,218.93,222.77,6011.0,8,0.0
2022-05-05 10:00:00,220.16,220.84,220.08,220.43,340.0,40,0.0
2022-05-05 11:00:00,220.43,221.03,220.35,220.69,448.0,40,0.0
2022-05-05 12:00:00,220.69,221.12,218.91,219.43,448.0,16,0.0
2022-05-05 13:00:00,219.44,220.02,214.95,216.39,6673.0,8,0.0
2022-05-05 14:00:00,216.43,216.51,208.75,209.8,12053.0,8,0.0
2022-05-05 15:00:00,209.78,210.51,207.57,208.28,10748.0,8,0.0
2022-05-05 16:00:00,208.25,210.17,207.36,209.88,9054.0,8,0.0
2022-05-05 17:00:00,209.87,210.84,208.23,208.63,8964.0,8,0.0
2022-05-05 18:00:00,208.65,209.04,206.55,207.61,9238.0,8,0.0
2022-05-05 19:00:00,207.63,208.55,206.13,207.92,7684.0,8,0.0
2022-05-06 10:00:00,207.15,207.28,206.38,206.78,882.0,16,0.0
2022-05-06 11:00:00,206.59,206.88,206.0,206.72,374.0,40,0.0
2022-05-06 12:00:00,206.73,208.62,205.95,206.0,1201.0,16,0.0
2022-05-06 13:00:00,206.04,208.3,200.99,202.58,5875.0,16,0.0
2022-05-06 14:00:00,202.61,209.26,202.43,207.89,9073.0,16,0.0
2022-05-06 15:00:00,207.86,209.29,205.57,206.06,6258.0,8,0.0
2022-05-06 16:00:00,206.03,208.82,205.46,208.81,5661.0,8,0.0
2022-05-06 17:00:00,208.85,208.96,204.91,205.13,6051.0,8,0.0
2022-05-06 18:00:00,205.1,206.05,204.19,204.25,7590.0,8,0.0
2022-05-06 19:00:00,204.24,204.79,202.71,203.77,6404.0,8,0.0
2022-05-09 10:00:00,199.21,199.48,198.06,198.48,588.0,40,0.0
2022-05-09 11:00:00,198.5,199.38,197.08,197.92,783.0,40,0.0
2022-05-09 12:00:00,197.96,199.05,197.42,198.37,632.0,40,0.0
2022-05-09 13:00:00,198.38,202.45,197.62,199.05,6159.0,16,0.0
2022-05-09 14:00:00,199.02,199.84,196.58,196.86,6735.0,8,0.0
2022-05-09 15:00:00,196.86,199.54,196.12,198.9,5463.0,8,0.0
2022-05-09 16:00:00,198.9,201.58,197.93,199.37,5669.0,8,0.0
2022-05-09 17:00:00,199.35,200.11,198.16,198.6,6156.0,8,0.0
2022-05-09 18:00:00,198.58,198.98,197.29,198.34,5088.0,8,0.0
2022-05-09 19:00:00,198.37,199.52,196.62,196.76,4449.0,8,0.0
2022-05-10 10:00:00,198.87,199.15,198.45,198.59,448.0,40,0.0
2022-05-10 11:00:00,198.7,198.93,197.41,198.22,571.0,16,0.0
2022-05-10 12:00:00,198.29,199.68,198.28,199.61,620.0,16,0.0
2022-05-10 13:00:00,199.63,201.12,196.33,199.47,5015.0,8,0.0
2022-05-10 14:00:00,199.4,202.87,195.58,196.02,7476.0,8,0.0
2022-05-10 15:00:00,196.03,197.91,194.16,197.03,8828.0,8,0.0
2022-05-10 16:00:00,196.99,197.96,195.55,196.08,8056.0,8,0.0
2022-05-10 17:00:00,196.08,202.11,195.85,201.92,7811.0,8,0.0
2022-05-10 18:00:00,201.94,201.99,199.31,200.36,6735.0,8,0.0
2022-05-10 19:00:00,200.39,201.68,197.55,197.84,6604.0,8,0.0
2022-05-11 10:00:00,199.74,200.43,198.9,200.12,436.0,40,0.0
2022-05-11 11:00:00,200.12,200.36,199.57,199.74,436.0,40,0.0
2022-05-11 12:00:00,199.74,199.98,193.67,194.1,1558.0,40,0.0
2022-05-11 13:00:00,194.12,200.54,194.12,197.73,4948.0,16,0.0
2022-05-11 14:00:00,197.68,199.41,194.69,195.43,6701.0,8,0.0
2022-05-11 15:00:00,195.42,196.35,193.34,194.27,5839.0,8,0.0
2022-05-11 16:00:00,194.27,194.62,190.31,190.62,6441.0,8,0.0
2022-05-11 17:00:00,190.61,190.7,188.35,188.41,6719.0,8,0.0
2022-05-11 18:00:00,188.42,193.13,188.37,190.66,6353.0,8,0.0
2022-05-11 19:00:00,190.65,190.8,189.12,189.39,5353.0,6,0.0
2022-05-12 10:00:00,186.48,187.59,186.38,187.52,358.0,40,0.0
2022-05-12 11:00:00,187.55,188.74,185.78,186.06,1032.0,40,0.0
2022-05-12 12:00:00,186.08,187.33,185.9,186.13,899.0,40,0.0
2022-05-12 13:00:00,186.17,190.25,184.72,187.35,6225.0,16,0.0
2022-05-12 14:00:00,187.32,196.31,186.03,196.17,10210.0,8,0.0
2022-05-12 15:00:00,196.19,197.94,191.17,191.2,6354.0,8,0.0
2022-05-12 16:00:00,191.21,193.34,189.77,191.8,7137.0,8,0.0
2022-05-12 17:00:00,191.73,192.28,187.04,187.39,7239.0,6,0.0
2022-05-12 18:00:00,187.37,188.08,185.73,185.97,7198.0,8,0.0
2022-05-12 19:00:00,185.97,191.22,185.83,189.89,8569.0,8,0.0
2022-05-13 10:00:00,192.67,194.19,192.66,193.73,870.0,40,0.0
2022-05-13 11:00:00,193.81,194.47,193.54,194.26,453.0,40,0.0
2022-05-13 12:00:00,194.31,194.74,193.61,193.98,554.0,16,0.0
2022-05-13 13:00:00,193.92,196.38,191.22,194.72,5329.0,16,0.0
2022-05-13 14:00:00,194.75,198.06,194.58,196.76,5962.0,8,0.0
2022-05-13 15:00:00,196.76,198.72,195.89,198.69,5744.0,8,0.0
2022-05-13 16:00:00,198.71,199.83,198.03,198.56,4483.0,6,0.0
2022-05-13 17:00:00,198.56,199.22,197.17,197.24,4275.0,8,0.0
2022-05-13 18:00:00,197.22,197.63,195.5,197.56,5646.0,6,0.0
2022-05-13 19:00:00,197.58,198.68,197.33,198.2,3939.0,7,0.0
2022-05-16 10:00:00,196.08,197.08,196.08,196.74,607.0,16,0.0
2022-05-16 11:00:00,196.73,197.8,196.73,197.46,441.0,16,0.0
2022-05-16 12:00:00,197.45,198.79,197.05,197.77,468.0,40,0.0
2022-05-16 13:00:00,197.77,202.0,195.82,199.04,5314.0,16,0.0
2022-05-16 14:00:00,198.98,201.59,198.08,198.97,6103.0,8,0.0
2022-05-16 15:00:00,198.95,204.14,198.47,203.89,4607.0,8,0.0
2022-05-16 16:00:00,203.86,205.29,201.76,202.04,4639.0,8,0.0
2022-05-16 17:00:00,202.01,204.24,201.5,203.07,4022.0,8,0.0
2022-05-16 18:00:00,203.09,203.98,202.5,203.03,4902.0,8,0.0
2022-05-16 19:00:00,203.04,203.19,199.78,199.9,4236.0,8,0.0
2022-05-17 10:00:00,204.4,204.44,203.41,203.55,390.0,40,0.0
2022-05-17 11:00:00,203.55,203.64,202.6,203.27,578.0,16,0.0
2022-05-17 12:00:00,203.24,203.64,202.4,202.93,656.0,16,0.0
2022-05-17 13:00:00,202.95,205.38,201.41,203.97,4521.0,16,0.0
2022-05-17 14:00:00,203.97,205.26,200.34,201.18,6208.0,8,0.0
2022-05-17 15:00:00,201.16,202.7,200.71,201.91,5104.0,8,0.0
2022-05-17 16:00:00,201.91,202.4,200.78,201.57,4350.0,8,0.0
2022-05-17 17:00:00,201.56,202.13,200.72,201.39,4224.0,8,0.0
2022-05-17 18:00:00,201.42,202.92,198.28,200.45,7933.0,8,0.0
2022-05-17 19:00:00,200.46,202.66,200.42,201.86,4465.0,8,0.0
2022-05-18 10:00:00,201.05,201.21,200.28,200.93,426.0,16,0.0
2022-05-18 11:00:00,200.88,201.0,199.55,199.83,512.0,16,0.0
2022-05-18 12:00:00,199.84,200.4,198.89,198.89,306.0,16,0.0
2022-05-18 13:00:00,198.88,200.9,197.54,197.72,4119.0,9,0.0
2022-05-18 14:00:00,197.7,200.08,197.49,199.58,5399.0,8,0.0
2022-05-18 15:00:00,199.59,199.59,195.19,195.86,3850.0,8,0.0
2022-05-18 16:00:00,195.88,196.49,194.83,196.42,5242.0,8,0.0
2022-05-18 17:00:00,196.44,196.46,193.39,193.67,4871.0,8,0.0
2022-05-18 18:00:00,193.68,194.43,193.0,193.21,4790.0,8,0.0
2022-05-18 19:00:00,193.2,194.21,192.39,192.88,4899.0,6,0.0
2022-05-19 10:00:00,188.87,190.99,188.87,190.7,782.0,40,0.0
2022-05-19 11:00:00,190.69,191.53,189.9,191.0,798.0,40,0.0
2022-05-19 12:00:00,191.31,191.39,190.1,190.87,594.0,40,0.0
2022-05-19 13:00:00,190.95,194.19,189.53,192.93,4840.0,8,0.0
2022-05-19 14:00:00,192.9,194.63,190.98,192.22,7703.0,8,0.0
2022-05-19 15:00:00,192.19,194.92,191.76,194.79,6400.0,8,0.0
2022-05-19 16:00:00,194.79,195.22,192.36,193.14,5506.0,8,0.0
2022-05-19 17:00:00,193.14,193.41,190.82,193.15,6660.0,7,0.0
2022-05-19 18:00:00,193.19,193.94,191.88,193.39,5677.0,8,0.0
2022-05-19 19:00:00,193.36,194.09,190.93,191.95,5787.0,7,0.0
2022-05-20 10:00:00,194.14,194.32,193.92,194.05,457.0,16,0.0
2022-05-20 11:00:00,193.99,194.35,193.69,194.12,459.0,16,0.0
2022-05-20 12:00:00,194.19,194.21,193.12,193.4,462.0,16,0.0
2022-05-20 13:00:00,193.44,197.85,193.41,197.27,4774.0,8,0.0
2022-05-20 14:00:00,197.21,197.59,194.19,194.43,7872.0,6,0.0
2022-05-20 15:00:00,194.43,194.67,191.72,192.66,7248.0,6,0.0
2022-05-20 16:00:00,192.64,192.84,190.13,190.5,6927.0,8,0.0
2022-05-20 17:00:00,190.49,191.24,187.91,190.9,7593.0,8,0.0
2022-05-20 18:00:00,190.92,191.44,189.39,190.34,5313.0,8,0.0
2022-05-20 19:00:00,190.35,193.59,189.73,192.85,5031.0,8,0.0
2022-05-23 10:00:00,194.58,195.97,194.27,195.78,806.0,40,0.0
2022-05-23 11:00:00,195.7,195.88,194.36,194.6,765.0,16,0.0
2022-05-23 12:00:00,194.62,195.64,194.45,194.52,464.0,40,0.0
2022-05-23 13:00:00,194.53,195.39,191.85,192.18,4803.0,8,0.0
2022-05-23 14:00:00,192.19,195.29,191.2,193.61,8943.0,8,0.0
2022-05-23 15:00:00,193.61,196.43,193.16,195.67,6999.0,6,0.0
2022-05-23 16:00:00,195.69,196.94,194.53,194.54,5702.0,6,0.0
2022-05-23 17:00:00,194.55,195.05,193.6,194.47,5380.0,6,0.0
2022-05-23 18:00:00,194.48,195.7,194.18,194.75,4743.0,6,0.0
2022-05-23 19:00:00,194.78,195.85,194.71,195.37,4442.0,6,0.0
2022-05-24 10:00:00,182.58,182.87,181.65,182.57,523.0,60,0.0
2022-05-24 11:00:00,182.57,183.5,181.16,181.27,732.0,40,0.0
2022-05-24 12:00:00,181.26,181.66,179.71,180.82,1016.0,40,0.0
2022-05-24 13:00:00,180.84,183.59,176.06,176.84,9855.0,8,0.0
2022-05-24 14:00:00,176.87,178.57,176.19,176.98,9200.0,6,0.0
2022-05-24 15:00:00,176.99,179.63,176.46,178.78,8233.0,6,0.0
2022-05-24 16:00:00,178.76,180.66,178.18,178.41,7222.0,6,0.0
2022-05-24 17:00:00,178.39,180.73,177.3,179.91,6334.0,6,0.0
2022-05-24 18:00:00,179.93,181.52,178.45,178.87,6283.0,6,0.0
2022-05-24 19:00:00,178.85,182.33,178.62,181.56,5040.0,6,0.0
2022-05-25 10:00:00,181.24,181.34,180.47,180.49,503.0,9,0.0
2022-05-25 11:00:00,180.49,180.68,179.14,179.61,735.0,16,0.0
2022-05-25 12:00:00,179.6,180.57,179.3,180.09,635.0,16,0.0
2022-05-25 13:00:00,180.07,182.94,179.28,180.13,4840.0,8,0.0
2022-05-25 14:00:00,180.15,183.37,179.33,182.81,8354.0,6,0.0
2022-05-25 15:00:00,182.82,183.25,181.43,182.35,5995.0,6,0.0
2022-05-25 16:00:00,182.33,183.14,181.52,182.54,4077.0,6,0.0
2022-05-25 17:00:00,182.52,182.56,181.56,182.21,4715.0,6,0.0
2022-05-25 18:00:00,182.22,184.19,180.29,183.95,10631.0,6,0.0
2022-05-25 19:00:00,183.98,185.39,183.46,183.74,5593.0,6,0.0
2022-05-26 10:00:00,183.08,183.73,182.38,183.57,625.0,16,0.0
2022-05-26 11:00:00,183.48,184.55,183.37,184.17,633.0,16,0.0
2022-05-26 12:00:00,184.16,184.45,183.69,183.73,398.0,16,0.0
2022-05-26 13:00:00,183.71,186.63,182.16,186.51,6104.0,8,0.0
2022-05-26 14:00:00,186.53,188.25,185.95,188.22,8794.0,6,0.0
2022-05-26 15:00:00,188.24,189.93,188.1,189.86,5301.0,6,0.0
2022-05-26 16:00:00,189.87,191.45,189.55,191.45,4380.0,6,0.0
2022-05-26 17:00:00,191.47,192.38,190.06,192.23,4558.0,6,0.0
2022-05-26 18:00:00,192.21,192.79,191.32,192.11,4483.0,6,0.0
2022-05-26 19:00:00,192.09,192.09,190.41,191.96,4417.0,6,0.0
2022-05-27 10:00:00,192.22,192.41,191.94,192.35,386.0,16,0.0
2022-05-27 11:00:00,192.28,192.38,189.82,189.99,444.0,16,0.0
2022-05-27 12:00:00,189.99,191.8,189.91,191.06,689.0,40,0.0
2022-05-27 13:00:00,191.07,192.71,189.74,192.27,7633.0,8,0.0
2022-05-27 14:00:00,192.28,194.67,191.67,191.86,7540.0,6,0.0
2022-05-27 15:00:00,191.88,193.71,191.04,193.67,4967.0,6,0.0
2022-05-27 16:00:00,193.68,194.24,193.22,193.81,4188.0,6,0.0
2022-05-27 17:00:00,193.8,194.2,193.44,193.74,3725.0,6,0.0
2022-05-27 18:00:00,193.76,194.44,193.45,194.21,3666.0,6,0.0
2022-05-27 19:00:00,194.23,195.31,194.05,194.56,2930.0,6,0.0
2022-05-31 10:00:00,194.4,194.86,194.14,194.5,523.0,16,0.0
2022-05-31 11:00:00,194.57,195.48,194.51,195.0,453.0,16,0.0
2022-05-31 12:00:00,194.92,194.99,193.41,193.51,260.0,16,0.0
2022-05-31 13:00:00,193.44,195.6,192.76,193.88,3838.0,8,0.0
2022-05-31 14:00:00,193.83,195.97,191.97,194.94,7449.0,8,0.0
2022-05-31 15:00:00,194.92,197.06,194.04,196.86,6166.0,6,0.0
2022-05-31 16:00:00,196.86,197.55,195.86,197.1,5184.0,6,0.0
2022-05-31 17:00:00,197.08,197.21,195.02,197.07,5260.0,6,0.0
2022-05-31 18:00:00,197.05,197.09,193.96,194.69,5949.0,6,0.0
2022-05-31 19:00:00,194.67,196.72,194.32,195.87,4573.0,6,0.0
2022-06-01 10:00:00,194.11,194.26,193.49,193.8,256.0,40,0.0
2022-06-01 11:00:00,193.79,195.35,193.76,194.93,514.0,16,0.0
2022-06-01 12:00:00,194.96,195.75,194.64,194.87,283.0,40,0.0
2022-06-01 13:00:00,194.89,199.45,194.56,198.69,4656.0,8,0.0
2022-06-01 14:00:00,198.74,198.86,193.48,195.01,9906.0,8,0.0
2022-06-01 15:00:00,195.0,195.0,192.3,192.58,7289.0,6,0.0
2022-06-01 16:00:00,192.57,192.72,190.42,191.48,5967.0,6,0.0
2022-06-01 17:00:00,191.46,192.29,190.71,192.09,5437.0,6,0.0
2022-06-01 18:00:00,192.1,194.14,191.88,193.23,5431.0,6,0.0
2022-06-01 19:00:00,193.22,193.94,184.95,188.11,8182.0,6,0.0
2022-06-02 10:00:00,190.17,191.05,189.72,190.42,470.0,40,0.0
2022-06-02 11:00:00,190.36,190.5,189.18,189.75,639.0,40,0.0
2022-06-02 12:00:00,189.68,189.75,188.91,189.12,324.0,40,0.0
2022-06-02 13:00:00,189.18,192.27,187.27,190.96,5190.0,8,0.0
2022-06-02 14:00:00,190.9,192.72,189.77,192.63,8473.0,8,0.0
2022-06-02 15:00:00,192.61,195.01,192.45,194.48,6535.0,8,0.0
2022-06-02 16:00:00,194.5,198.29,194.47,197.85,5097.0,8,0.0
2022-06-02 17:00:00,197.86,199.62,197.15,199.2,4313.0,6,0.0
2022-06-02 18:00:00,199.2,200.89,199.0,199.51,4574.0,8,0.0
2022-06-02 19:00:00,199.52,199.67,197.03,198.18,4192.0,8,0.0
2022-06-03 10:00:00,197.59,197.61,196.6,196.74,397.0,16,0.0
2022-06-03 11:00:00,196.76,197.17,195.84,196.13,687.0,16,0.0
2022-06-03 12:00:00,196.16,198.12,194.9,196.06,1166.0,16,0.0
2022-06-03 13:00:00,196.06,196.54,194.03,195.15,4839.0,8,0.0
2022-06-03 14:00:00,195.14,196.1,191.42,191.56,7720.0,8,0.0
2022-06-03 15:00:00,191.54,191.85,190.55,191.09,4539.0,8,0.0
2022-06-03 16:00:00,191.07,192.64,190.89,192.47,3915.0,6,0.0
2022-06-03 17:00:00,192.48,193.31,190.92,191.26,4460.0,6,0.0
2022-06-03 18:00:00,191.24,191.83,190.5,190.76,4676.0,6,0.0
2022-06-03 19:00:00,190.76,190.96,189.75,189.82,4517.0,6,0.0
2022-06-06 10:00:00,193.06,194.01,193.06,193.82,564.0,16,0.0
2022-06-06 11:00:00,193.81,193.81,192.59,193.1,502.0,16,0.0
2022-06-06 12:00:00,193.07,194.0,193.07,193.24,318.0,40,0.0
2022-06-06 13:00:00,193.25,194.5,190.89,192.04,4942.0,8,0.0
2022-06-06 14:00:00,192.05,194.48,192.02,193.14,7528.0,6,0.0
2022-06-06 15:00:00,193.16,193.63,190.47,190.48,5797.0,6,0.0
2022-06-06 16:00:00,190.49,190.49,188.39,189.6,5108.0,6,0.0
2022-06-06 17:00:00,189.57,196.56,188.62,196.21,7923.0,6,0.0
2022-06-06 18:00:00,196.19,196.82,192.61,194.46,7300.0,8,0.0
2022-06-06 19:00:00,194.43,194.92,193.28,194.61,4951.0,8,0.0
2022-06-07 10:00:00,192.31,192.38,191.36,191.88,330.0,40,0.0
2022-06-07 11:00:00,192.1,192.26,191.26,191.79,589.0,40,0.0
2022-06-07 12:00:00,191.79,192.23,190.95,191.12,243.0,40,0.0
2022-06-07 13:00:00,191.12,194.81,191.0,192.92,5705.0,8,0.0
2022-06-07 14:00:00,192.96,196.47,192.28,195.87,6528.0,6,0.0
2022-06-07 15:00:00,195.87,195.94,193.4,194.34,4435.0,6,0.0
2022-06-07 16:00:00,194.34,194.6,193.28,193.98,4212.0,6,0.0
2022-06-07 17:00:00,193.98,194.55,193.5,194.02,3530.0,6,0.0
2022-06-07 18:00:00,194.01,195.03,193.86,194.24,3430.0,6,0.0
2022-06-07 19:00:00,194.24,195.41,194.15,195.06,2700.0,6,0.0
2022-06-08 10:00:00,195.08,195.49,194.33,194.95,788.0,8,0.0
2022-06-08 11:00:00,194.87,195.63,194.65,195.09,551.0,16,0.0
2022-06-08 12:00:00,195.1,195.35,193.86,194.23,575.0,16,0.0
2022-06-08 13:00:00,194.15,199.58,193.9,199.08,5560.0,8,0.0
2022-06-08 14:00:00,199.11,200.78,198.44,199.36,8183.0,6,0.0
2022-06-08 15:00:00,199.39,201.97,198.99,199.92,5436.0,6,0.0
2022-06-08 16:00:00,199.91,200.53,197.48,198.26,4970.0,6,0.0
2022-06-08 17:00:00,198.24,198.31,196.74,197.82,4617.0,6,0.0
2022-06-08 18:00:00,197.8,198.26,196.31,196.68,4784.0,6,0.0
2022-06-08 19:00:00,196.67,197.42,195.78,197.1,3786.0,6,0.0
2022-06-09 10:00:00,197.0,197.68,196.31,197.0,47.0,16,0.0
2022-06-09 11:00:00,197.0,197.33,196.25,196.28,155.0,40,0.0
2022-06-09 12:00:00,196.55,197.15,194.87,195.17,228.0,40,0.0
2022-06-09 13:00:00,195.2,199.32,193.11,197.43,2426.0,16,0.0
2022-06-09 14:00:00,197.4,197.48,193.74,194.75,2861.0,8,0.0
2022-06-09 15:00:00,194.72,194.97,191.67,192.29,2124.0,8,0.0
2022-06-09 16:00:00,192.27,192.49,190.84,191.63,1920.0,8,0.0
2022-06-09 17:00:00,191.58,191.67,188.9,190.3,1985.0,8,0.0
2022-06-09 18:00:00,190.29,190.39,188.28,188.29,2167.0,8,0.0
2022-06-09 19:00:00,188.27,188.27,185.91,185.99,2304.0,8,0.0
2022-06-10 10:00:00,185.2,185.36,184.45,184.62,341.0,16,0.0
2022-06-10 11:00:00,184.58,185.74,184.45,185.3,296.0,40,0.0
2022-06-10 12:00:00,185.74,185.98,180.13,181.29,1109.0,40,0.0
2022-06-10 13:00:00,181.43,183.05,179.19,179.94,5265.0,16,0.0
2022-06-10 14:00:00,179.88,179.88,177.15,177.22,5554.0,8,0.0
2022-06-10 15:00:00,177.22,177.76,175.3,176.24,5015.0,8,0.0
2022-06-10 16:00:00,176.25,177.0,175.48,175.79,3906.0,8,0.0
2022-06-10 17:00:00,175.79,177.47,175.0,176.77,3665.0,8,0.0
2022-06-10 18:00:00,176.78,177.9,176.13,177.54,3679.0,8,0.0
2022-06-10 19:00:00,177.56,178.22,176.55,176.78,3796.0,6,0.0
2022-06-13 10:00:00,169.93,171.21,169.93,170.38,450.0,40,0.0
2022-06-13 11:00:00,170.5,171.01,169.62,169.8,469.0,40,0.0
2022-06-13 12:00:00,169.88,171.19,169.87,170.2,428.0,40,0.0
2022-06-13 13:00:00,170.21,172.53,168.74,169.04,8183.0,6,0.0
2022-06-13 14:00:00,169.05,170.02,167.32,167.5,7545.0,6,0.0
2022-06-13 15:00:00,167.5,168.22,166.65,167.64,4801.0,6,0.0
2022-06-13 16:00:00,167.63,169.03,167.35,167.83,4303.0,6,0.0
2022-06-13 17:00:00,167.83,168.8,167.51,168.32,3446.0,6,0.0
2022-06-13 18:00:00,168.32,168.33,166.13,166.13,3717.0,6,0.0
2022-06-13 19:00:00,166.15,166.61,164.23,164.96,4675.0,6,0.0
2022-06-14 10:00:00,165.89,166.54,165.16,166.23,417.0,40,0.0
2022-06-14 11:00:00,166.27,166.39,165.24,165.28,261.0,40,0.0
2022-06-14 12:00:00,165.28,167.07,165.16,166.15,510.0,40,0.0
2022-06-14 13:00:00,166.09,166.71,162.2,164.62,7993.0,6,0.0
2022-06-14 14:00:00,164.64,165.6,161.84,163.05,8900.0,6,0.0
2022-06-14 15:00:00,163.03,164.33,161.36,164.23,5277.0,6,0.0
2022-06-14 16:00:00,164.23,165.09,163.37,164.97,4152.0,6,0.0
2022-06-14 17:00:00,164.97,166.57,163.73,163.77,4715.0,6,0.0
2022-06-14 18:00:00,163.75,164.22,162.74,162.91,3935.0,6,0.0
2022-06-14 19:00:00,162.9,164.58,162.0,163.91,5364.0,6,0.0
2022-06-15 10:00:00,165.26,165.44,164.71,165.12,248.0,40,0.0
2022-06-15 11:00:00,165.12,166.08,164.94,165.54,311.0,40,0.0
2022-06-15 12:00:00,165.54,166.17,164.82,165.7,538.0,40,0.0
2022-06-15 13:00:00,165.77,168.68,165.13,165.38,5532.0,8,0.0
2022-06-15 14:00:00,165.36,166.47,163.92,164.62,5799.0,6,0.0
2022-06-15 15:00:00,164.6,166.36,164.55,165.94,3747.0,6,0.0
2022-06-15 16:00:00,165.93,167.77,165.89,166.12,3639.0,6,0.0
2022-06-15 17:00:00,166.12,170.0,166.1,168.84,3536.0,6,0.0
2022-06-15 18:00:00,168.82,171.7,165.35,168.6,8880.0,8,0.0
2022-06-15 19:00:00,168.58,172.08,168.24,169.44,5989.0,8,0.0
2022-06-16 10:00:00,164.75,165.24,164.27,164.69,483.0,40,0.0
2022-06-16 11:00:00,164.83,165.41,164.13,164.65,742.0,40,0.0
2022-06-16 12:00:00,164.61,166.17,164.61,165.28,719.0,40,0.0
2022-06-16 13:00:00,165.33,165.5,161.86,162.45,6043.0,6,0.0
2022-06-16 14:00:00,162.43,162.43,159.61,160.08,7260.0,6,0.0
2022-06-16 15:00:00,160.07,162.04,160.03,161.36,5169.0,6,0.0
2022-06-16 16:00:00,161.36,162.46,160.25,162.04,4772.0,6,0.0
2022-06-16 17:00:00,162.06,162.79,159.84,159.86,4891.0,6,0.0
2022-06-16 18:00:00,159.85,160.76,159.58,160.06,5433.0,6,0.0
2022-06-16 19:00:00,160.08,161.68,160.0,160.07,7199.0,6,0.0
2022-06-17 10:00:00,162.32,162.79,162.3,162.53,150.0,40,0.0
2022-06-17 11:00:00,162.49,163.16,162.41,162.68,218.0,40,0.0
2022-06-17 12:00:00,162.68,162.9,161.48,161.64,340.0,40,0.0
2022-06-17 13:00:00,161.64,163.93,160.64,163.55,6710.0,6,0.0
2022-06-17 14:00:00,163.53,163.64,159.86,161.47,6225.0,6,0.0
2022-06-17 15:00:00,161.49,163.9,160.82,163.1,4223.0,6,0.0
2022-06-17 16:00:00,163.1,164.81,162.71,164.31,3472.0,6,0.0
2022-06-17 17:00:00,164.3,165.84,164.06,164.62,3634.0,6,0.0
2022-06-17 18:00:00,164.63,164.93,163.76,163.87,3414.0,6,0.0
2022-06-17 19:00:00,163.88,164.39,162.42,163.25,6038.0,6,0.0
2022-06-21 10:00:00,165.8,166.27,165.65,166.2,169.0,40,0.0
2022-06-21 11:00:00,166.2,166.21,165.54,165.66,161.0,40,0.0
2022-06-21 12:00:00,165.62,166.24,165.44,165.79,224.0,40,0.0
2022-06-21 13:00:00,165.77,167.66,164.71,166.49,4080.0,8,0.0
2022-06-21 14:00:00,166.48,166.85,164.71,164.87,5005.0,6,0.0
2022-06-21 15:00:00,164.89,165.05,162.45,162.46,4935.0,6,0.0
2022-06-21 16:00:00,162.46,162.67,160.26,160.29,5289.0,6,0.0
2022-06-21 17:00:00,160.3,160.32,157.85,158.17,6621.0,6,0.0
2022-06-21 18:00:00,158.19,158.24,155.96,157.17,5053.0,6,0.0
2022-06-21 19:00:00,157.16,157.83,156.66,157.31,2819.0,6,0.0
2022-06-22 10:00:00,154.46,154.64,154.03,154.25,169.0,40,0.0
2022-06-22 11:00:00,154.25,155.43,154.24,155.15,373.0,40,0.0
2022-06-22 12:00:00,155.14,158.0,154.88,157.49,709.0,40,0.0
2022-06-22 13:00:00,157.48,160.27,156.83,157.68,6772.0,8,0.0
2022-06-22 14:00:00,157.67,160.74,157.67,159.56,7096.0,6,0.0
2022-06-22 15:00:00,159.56,160.0,157.62,157.88,4912.0,6,0.0
2022-06-22 16:00:00,157.88,159.35,157.8,159.23,3640.0,6,0.0
2022-06-22 17:00:00,159.23,159.68,158.58,159.34,3330.0,6,0.0
2022-06-22 18:00:00,159.36,159.78,158.06,158.32,4965.0,6,0.0
2022-06-22 19:00:00,158.33,158.42,155.64,156.03,4790.0,6,0.0
2022-06-23 10:00:00,157.25,158.0,157.25,158.0,100.0,40,0.0
2022-06-23 11:00:00,157.92,157.92,156.7,156.97,349.0,40,0.0
2022-06-23 12:00:00,156.98,156.98,155.92,156.42,338.0,40,0.0
2022-06-23 13:00:00,156.4,157.23,154.23,156.04,6519.0,8,0.0
2022-06-23 14:00:00,156.02,158.56,155.73,157.85,8846.0,6,0.0
2022-06-23 15:00:00,157.84,159.26,157.25,158.23,9983.0,6,0.0
2022-06-23 16:00:00,158.22,158.25,155.6,155.72,8687.0,6,0.0
2022-06-23 17:00:00,155.74,157.06,155.19,157.05,5256.0,6,0.0
2022-06-23 18:00:00,157.06,157.47,156.34,157.07,5776.0,6,0.0
2022-06-23 19:00:00,157.05,159.71,156.84,158.93,4015.0,6,0.0
2022-06-24 10:00:00,160.44,160.95,160.33,160.6,129.0,40,0.0
2022-06-24 11:00:00,160.6,160.6,159.81,159.95,167.0,40,0.0
2022-06-24 12:00:00,159.9,160.57,159.68,160.12,261.0,40,0.0
2022-06-24 13:00:00,160.12,167.91,160.11,166.39,7058.0,6,0.0
2022-06-24 14:00:00,166.47,169.46,166.35,166.73,8419.0,6,0.0
2022-06-24 15:00:00,166.75,168.44,166.54,168.11,5731.0,6,0.0
2022-06-24 16:00:00,168.1,168.78,167.59,168.29,4364.0,6,0.0
2022-06-24 17:00:00,168.3,168.7,167.1,167.37,4318.0,6,0.0
2022-06-24 18:00:00,167.38,168.62,167.22,168.24,3339.0,6,0.0
2022-06-24 19:00:00,168.25,168.5,167.48,168.04,2859.0,6,0.0
2022-06-27 10:00:00,171.42,171.45,170.88,171.33,236.0,40,0.0
2022-06-27 11:00:00,171.22,171.49,170.91,171.1,257.0,40,0.0
2022-06-27 12:00:00,170.98,171.16,169.71,169.86,448.0,40,0.0
2022-06-27 13:00:00,169.92,171.6,168.12,169.23,5978.0,8,0.0
2022-06-27 14:00:00,169.24,170.88,167.99,170.88,7804.0,6,0.0
2022-06-27 15:00:00,170.87,170.98,169.03,169.85,6335.0,6,0.0
2022-06-27 16:00:00,169.85,170.09,168.14,169.86,5380.0,6,0.0
2022-06-27 17:00:00,169.86,169.96,168.72,169.11,4961.0,6,0.0
2022-06-27 18:00:00,169.11,171.08,168.82,170.24,6684.0,6,0.0
2022-06-27 19:00:00,170.24,170.33,169.1,169.7,5248.0,6,0.0
2022-06-28 10:00:00,170.1,170.68,170.1,170.53,190.0,16,0.0
2022-06-28 11:00:00,170.49,170.68,170.26,170.5,166.0,16,0.0
2022-06-28 12:00:00,170.5,170.53,169.64,169.8,201.0,16,0.0
2022-06-28 13:00:00,169.75,171.24,168.5,170.04,4554.0,6,0.0
2022-06-28 14:00:00,170.04,170.73,167.8,168.8,7546.0,6,0.0
2022-06-28 15:00:00,168.79,169.09,164.35,164.61,6602.0,6,0.0
2022-06-28 16:00:00,164.59,164.99,163.51,164.02,4664.0,6,0.0
2022-06-28 17:00:00,164.03,164.03,162.88,162.96,4038.0,6,0.0
2022-06-28 18:00:00,162.98,163.37,162.32,163.04,3326.0,6,0.0
2022-06-28 19:00:00,163.03,163.14,161.46,161.65,3252.0,6,0.0
2022-06-29 10:00:00,160.27,160.66,160.09,160.39,193.0,40,0.0
2022-06-29 11:00:00,160.39,161.92,160.22,161.83,320.0,40,0.0
2022-06-29 12:00:00,161.83,162.26,161.41,162.07,494.0,40,0.0
2022-06-29 13:00:00,162.05,164.92,160.28,164.68,6850.0,6,0.0
2022-06-29 14:00:00,164.67,166.26,163.47,163.69,9176.0,6,0.0
2022-06-29 15:00:00,163.7,164.05,162.25,163.99,6796.0,6,0.0
2022-06-29 16:00:00,163.98,164.02,162.14,162.85,5099.0,6,0.0
2022-06-29 17:00:00,162.85,163.24,162.15,162.87,3354.0,6,0.0
2022-06-29 18:00:00,162.85,163.58,162.0,162.06,3269.0,6,0.0
2022-06-29 19:00:00,162.06,164.43,161.74,163.1,3545.0,6,0.0
2022-06-30 10:00:00,161.21,161.26,160.67,161.0,224.0,40,0.0
2022-06-30 11:00:00,161.05,161.36,160.6,160.94,160.0,40,0.0
2022-06-30 12:00:00,160.83,162.27,160.63,161.53,657.0,40,0.0
2022-06-30 13:00:00,161.53,163.87,159.68,159.73,5622.0,6,0.0
2022-06-30 14:00:00,159.74,163.1,158.45,162.88,9263.0,6,0.0
2022-06-30 15:00:00,162.87,164.79,162.12,164.04,6872.0,6,0.0
2022-06-30 16:00:00,164.03,164.87,162.55,164.53,5648.0,6,0.0
2022-06-30 17:00:00,164.52,165.18,163.01,164.63,6655.0,6,0.0
2022-06-30 18:00:00,164.66,164.93,161.57,161.94,6273.0,6,0.0
2022-06-30 19:00:00,161.93,162.36,160.38,161.43,5542.0,6,0.0
2022-07-01 10:00:00,161.42,161.56,160.61,160.61,439.0,6,0.0
2022-07-01 11:00:00,160.61,160.86,159.56,159.75,377.0,40,0.0
2022-07-01 12:00:00,159.72,160.44,159.41,160.07,204.0,40,0.0
2022-07-01 13:00:00,160.1,160.95,155.44,157.77,7397.0,6,0.0
2022-07-01 14:00:00,157.76,158.79,155.03,155.3,9067.0,6,0.0
2022-07-01 15:00:00,155.27,157.38,154.98,156.5,6738.0,6,0.0
2022-07-01 16:00:00,156.48,157.78,155.62,156.84,4592.0,6,0.0
2022-07-01 17:00:00,156.83,158.71,156.46,158.71,4367.0,6,0.0
2022-07-01 18:00:00,158.72,159.56,157.64,159.35,3867.0,6,0.0
2022-07-01 19:00:00,159.36,160.0,158.65,159.94,3515.0,6,0.0
2022-07-05 10:00:00,158.83,159.28,158.62,158.62,176.0,40,0.0
2022-07-05 11:00:00,158.62,159.0,157.5,157.81,266.0,40,0.0
2022-07-05 12:00:00,157.91,157.95,157.26,157.42,385.0,40,0.0
2022-07-05 13:00:00,157.45,158.87,156.99,158.18,6951.0,6,0.0
2022-07-05 14:00:00,158.14,163.56,157.77,161.76,10270.0,6,0.0
2022-07-05 15:00:00,161.73,163.85,160.6,163.32,7281.0,6,0.0
2022-07-05 16:00:00,163.32,165.59,163.1,163.86,5763.0,6,0.0
2022-07-05 17:00:00,163.85,166.05,163.79,165.39,4697.0,6,0.0
2022-07-05 18:00:00,165.41,167.32,164.74,167.02,4771.0,6,0.0
2022-07-05 19:00:00,167.01,167.93,166.11,167.56,3984.0,6,0.0
2022-07-06 10:00:00,167.68,167.84,167.15,167.47,361.0,9,0.0
2022-07-06 11:00:00,167.47,167.59,166.88,166.88,220.0,40,0.0
2022-07-06 12:00:00,166.88,167.91,166.76,167.72,351.0,40,0.0
2022-07-06 13:00:00,167.78,168.9,165.42,167.62,6712.0,6,0.0
2022-07-06 14:00:00,167.59,167.94,166.06,167.49,8371.0,6,0.0
2022-07-06 15:00:00,167.48,168.51,166.42,167.01,5872.0,6,0.0
2022-07-06 16:00:00,167.01,168.32,166.79,168.26,4123.0,6,0.0
2022-07-06 17:00:00,168.28,169.2,168.18,169.16,3393.0,6,0.0
2022-07-06 18:00:00,169.16,170.54,167.5,170.53,7751.0,6,0.0
2022-07-06 19:00:00,170.51,171.54,170.0,170.17,4444.0,6,0.0
2022-07-07 10:00:00,170.39,170.44,170.07,170.38,81.0,16,0.0
2022-07-07 11:00:00,170.47,170.57,169.97,170.37,220.0,16,0.0
2022-07-07 12:00:00,170.26,170.46,169.97,170.21,454.0,16,0.0
2022-07-07 13:00:00,170.19,171.15,168.81,169.23,5961.0,6,0.0
2022-07-07 14:00:00,169.22,170.34,167.75,170.25,6405.0,6,0.0
2022-07-07 15:00:00,170.24,170.98,169.68,170.98,4325.0,6,0.0
2022-07-07 16:00:00,170.97,171.85,170.82,171.79,3186.0,6,0.0
2022-07-07 17:00:00,171.79,172.35,171.2,172.33,2799.0,6,0.0
2022-07-07 18:00:00,172.33,172.67,171.21,171.54,2607.0,6,0.0
2022-07-07 19:00:00,171.53,172.47,171.41,171.85,2279.0,6,0.0
2022-07-08 10:00:00,170.9,171.51,170.6,170.6,708.0,16,0.0
2022-07-08 11:00:00,170.6,171.41,170.6,171.26,253.0,16,0.0
2022-07-08 12:00:00,171.36,171.49,168.39,169.95,903.0,16,0.0
2022-07-08 13:00:00,169.89,171.31,168.44,168.72,8094.0,6,0.0
2022-07-08 14:00:00,168.68,171.45,168.12,171.4,7628.0,6,0.0
2022-07-08 15:00:00,171.41,172.36,170.65,171.79,4870.0,6,0.0
2022-07-08 16:00:00,171.79,171.86,169.25,169.45,5325.0,6,0.0
2022-07-08 17:00:00,169.46,170.8,169.07,170.42,3363.0,6,0.0
2022-07-08 18:00:00,170.4,171.57,170.12,171.51,3129.0,6,0.0
2022-07-08 19:00:00,171.51,171.68,170.59,171.22,3737.0,6,0.0
2022-07-11 10:00:00,168.81,169.52,165.7,166.26,671.0,40,0.0
2022-07-11 11:00:00,166.33,166.95,166.15,166.36,347.0,40,0.0
2022-07-11 12:00:00,166.3,167.2,166.15,167.02,297.0,40,0.0
2022-07-11 13:00:00,167.01,167.55,162.26,162.87,8172.0,6,0.0
2022-07-11 14:00:00,162.9,164.62,162.32,163.16,7746.0,6,0.0
2022-07-11 15:00:00,163.15,163.83,162.94,163.6,4671.0,6,0.0
2022-07-11 16:00:00,163.61,164.26,163.22,163.94,3435.0,6,0.0
2022-07-11 17:00:00,163.95,165.13,163.82,164.95,3142.0,6,0.0
2022-07-11 18:00:00,164.96,165.05,162.54,162.54,3812.0,6,0.0
2022-07-11 19:00:00,162.54,163.13,161.87,162.83,2900.0,6,0.0
2022-07-12 10:00:00,161.16,161.87,161.06,161.24,370.0,40,0.0
2022-07-12 11:00:00,161.27,163.01,161.27,162.64,343.0,40,0.0
2022-07-12 12:00:00,162.64,163.21,162.38,163.09,180.0,40,0.0
2022-07-12 13:00:00,163.03,165.84,162.88,163.51,7894.0,6,0.0
2022-07-12 14:00:00,163.5,164.5,162.6,163.48,8896.0,6,0.0
2022-07-12 15:00:00,163.48,164.94,163.3,163.93,5941.0,6,0.0
2022-07-12 16:00:00,163.91,165.75,163.62,165.13,4643.0,6,0.0
2022-07-12 17:00:00,165.12,165.56,164.29,165.16,3659.0,6,0.0
2022-07-12 18:00:00,165.16,165.24,163.81,163.84,2737.0,6,0.0
2022-07-12 19:00:00,163.84,163.88,162.07,162.49,3437.0,6,0.0
2022-07-13 10:00:00,163.29,163.51,163.16,163.35,112.0,40,0.0
2022-07-13 11:00:00,163.34,163.76,163.09,163.63,151.0,40,0.0
2022-07-13 12:00:00,163.58,165.08,159.17,160.07,996.0,40,0.0
2022-07-13 13:00:00,160.03,162.22,159.43,161.56,8514.0,6,0.0
2022-07-13 14:00:00,161.6,164.86,160.29,163.8,12163.0,6,0.0
2022-07-13 15:00:00,163.79,164.58,162.71,163.75,6903.0,6,0.0
2022-07-13 16:00:00,163.76,164.39,162.82,164.34,5330.0,6,0.0
2022-07-13 17:00:00,164.35,164.93,163.78,164.41,4337.0,6,0.0
2022-07-13 18:00:00,164.41,164.9,163.2,164.75,6550.0,6,0.0
2022-07-13 19:00:00,164.73,164.85,163.09,163.27,4327.0,6,0.0
2022-07-14 10:00:00,162.08,162.3,161.43,161.75,395.0,40,0.0
2022-07-14 11:00:00,161.83,162.53,161.65,161.89,406.0,40,0.0
2022-07-14 12:00:00,161.88,162.65,161.49,162.29,477.0,40,0.0
2022-07-14 13:00:00,162.21,162.39,157.93,158.7,6180.0,6,0.0
2022-07-14 14:00:00,158.67,159.02,157.25,158.56,7461.0,6,0.0
2022-07-14 15:00:00,158.57,159.38,157.99,158.59,6124.0,6,0.0
2022-07-14 16:00:00,158.59,158.75,157.53,157.7,3804.0,6,0.0
2022-07-14 17:00:00,157.72,158.66,157.39,157.94,3795.0,6,0.0
2022-07-14 18:00:00,157.95,159.07,157.52,158.28,3593.0,6,0.0
2022-07-14 19:00:00,158.27,158.55,157.49,157.88,3376.0,6,0.0
2022-07-15 10:00:00,158.78,159.1,158.63,158.83,122.0,40,0.0
2022-07-15 11:00:00,158.92,159.19,158.7,158.75,112.0,40,0.0
2022-07-15 12:00:00,158.79,160.44,157.84,160.15,634.0,40,0.0
2022-07-15 13:00:00,160.17,162.29,159.73,160.26,6601.0,6,0.0
2022-07-15 14:00:00,160.37,163.27,160.37,161.92,8331.0,6,0.0
2022-07-15 15:00:00,161.91,163.97,161.68,163.59,4835.0,6,0.0
2022-07-15 16:00:00,163.58,163.89,162.9,163.68,4003.0,6,0.0
2022-07-15 17:00:00,163.68,164.66,163.48,164.64,2804.0,6,0.0
2022-07-15 18:00:00,164.64,164.94,164.19,164.57,3162.0,6,0.0
2022-07-15 19:00:00,164.58,164.63,163.66,164.2,2369.0,6,0.0
2022-07-18 10:00:00,167.3,167.46,166.97,166.98,96.0,16,0.0
2022-07-18 11:00:00,166.99,167.4,166.94,167.38,148.0,16,0.0
2022-07-18 12:00:00,167.38,167.39,166.5,166.96,282.0,16,0.0
2022-07-18 13:00:00,167.05,169.01,165.62,168.27,5438.0,6,0.0
2022-07-18 14:00:00,168.3,168.41,166.57,167.91,5908.0,6,0.0
2022-07-18 15:00:00,167.93,170.59,167.82,170.58,4419.0,6,0.0
2022-07-18 16:00:00,170.61,171.65,170.43,170.51,3978.0,6,0.0
2022-07-18 17:00:00,170.51,170.81,168.27,168.56,4207.0,6,0.0
2022-07-18 18:00:00,168.54,169.18,167.03,167.25,4260.0,6,0.0
2022-07-18 19:00:00,167.25,167.93,166.87,167.06,3637.0,6,0.0
2022-07-19 10:00:00,168.54,169.16,168.54,168.92,169.0,40,0.0
2022-07-19 11:00:00,168.92,168.92,168.25,168.53,284.0,16,0.0
2022-07-19 12:00:00,168.56,169.23,168.49,169.05,264.0,16,0.0
2022-07-19 13:00:00,169.1,172.13,168.85,171.51,8792.0,6,0.0
2022-07-19 14:00:00,171.52,172.82,169.49,172.59,7123.0,6,0.0
2022-07-19 15:00:00,172.6,174.67,172.47,174.66,4085.0,6,0.0
2022-07-19 16:00:00,174.66,175.45,174.08,175.41,3502.0,6,0.0
2022-07-19 17:00:00,175.41,176.01,174.62,175.72,3151.0,6,0.0
2022-07-19 18:00:00,175.7,176.45,175.18,176.18,3277.0,6,0.0
2022-07-19 19:00:00,176.18,176.23,175.75,176.21,2477.0,6,0.0
2022-07-20 10:00:00,177.41,177.5,175.41,175.97,375.0,40,0.0
2022-07-20 11:00:00,175.99,176.45,175.96,176.23,172.0,40,0.0
2022-07-20 12:00:00,176.31,177.1,175.64,176.71,711.0,40,0.0
2022-07-20 13:00:00,176.67,179.59,176.46,177.76,5629.0,6,0.0
2022-07-20 14:00:00,177.73,181.03,176.67,180.99,5954.0,6,0.0
2022-07-20 15:00:00,181.0,181.93,180.0,181.75,4438.0,6,0.0
2022-07-20 16:00:00,181.74,182.83,180.14,181.15,4529.0,6,0.0
2022-07-20 17:00:00,181.13,181.69,179.48,180.49,5876.0,6,0.0
2022-07-20 18:00:00,180.47,182.66,180.41,182.5,4918.0,6,0.0
2022-07-20 19:00:00,182.5,183.57,182.36,183.15,3491.0,6,0.0
2022-07-21 10:00:00,182.62,183.02,181.48,181.7,209.0,40,0.0
2022-07-21 11:00:00,181.75,181.95,181.42,181.52,185.0,40,0.0
2022-07-21 12:00:00,181.52,183.23,181.51,182.77,980.0,40,0.0
2022-07-21 13:00:00,182.78,182.95,178.84,182.63,6212.0,8,0.0
2022-07-21 14:00:00,182.63,183.37,178.9,181.06,8043.0,6,0.0
2022-07-21 15:00:00,181.06,183.36,180.98,182.86,5603.0,6,0.0
2022-07-21 16:00:00,182.84,183.5,181.94,182.11,4399.0,6,0.0
2022-07-21 17:00:00,182.12,182.8,181.12,181.6,5008.0,6,0.0
2022-07-21 18:00:00,181.59,183.22,181.44,183.2,3699.0,6,0.0
2022-07-21 19:00:00,183.21,183.8,182.05,182.74,4164.0,6,0.0
2022-07-22 10:00:00,174.33,174.54,173.84,174.03,144.0,60,0.0
2022-07-22 11:00:00,174.07,175.58,173.81,174.57,429.0,40,0.0
2022-07-22 12:00:00,174.55,175.01,173.24,173.37,786.0,16,0.0
2022-07-22 13:00:00,173.37,175.55,172.06,172.64,9630.0,6,0.0
2022-07-22 14:00:00,172.67,173.32,171.79,172.74,9427.0,6,0.0
2022-07-22 15:00:00,172.75,172.76,169.41,169.92,6591.0,6,0.0
2022-07-22 16:00:00,169.91,170.09,168.69,168.89,5668.0,6,0.0
2022-07-22 17:00:00,168.9,169.79,168.59,169.63,4222.0,6,0.0
2022-07-22 18:00:00,169.63,170.04,168.38,169.42,4387.0,6,0.0
2022-07-22 19:00:00,169.42,169.85,168.71,168.87,3517.0,6,0.0
2022-07-25 10:00:00,169.57,170.17,169.53,169.81,157.0,40,0.0
2022-07-25 11:00:00,169.81,169.94,169.46,169.56,160.0,40,0.0
2022-07-25 12:00:00,169.57,169.61,168.46,168.68,258.0,16,0.0
2022-07-25 13:00:00,168.71,170.49,168.16,169.17,4925.0,6,0.0
2022-07-25 14:00:00,169.16,169.69,166.72,167.04,7597.0,6,0.0
2022-07-25 15:00:00,167.05,167.54,166.27,166.56,5070.0,6,0.0
2022-07-25 16:00:00,166.56,167.19,166.13,166.72,3761.0,6,0.0
2022-07-25 17:00:00,166.72,166.99,165.37,165.51,3145.0,6,0.0
2022-07-25 18:00:00,165.5,166.1,164.92,165.17,2908.0,6,0.0
2022-07-25 19:00:00,165.18,165.88,164.78,165.82,2879.0,6,0.0
2022-07-26 10:00:00,166.61,166.65,165.9,166.2,113.0,40,0.0
2022-07-26 11:00:00,166.19,166.25,165.87,166.1,148.0,40,0.0
2022-07-26 12:00:00,166.09,166.33,164.0,164.09,450.0,40,0.0
2022-07-26 13:00:00,164.08,165.83,163.23,163.46,3851.0,6,0.0
2022-07-26 14:00:00,163.48,163.9,162.51,162.8,5049.0,6,0.0
2022-07-26 15:00:00,162.8,162.91,161.13,161.2,3901.0,6,0.0
2022-07-26 16:00:00,161.18,161.88,160.86,161.1,2614.0,6,0.0
2022-07-26 17:00:00,161.1,161.41,159.82,160.19,2774.0,6,0.0
2022-07-26 18:00:00,160.2,160.57,158.55,158.67,2907.0,6,0.0
2022-07-26 19:00:00,158.67,159.21,157.91,158.91,2979.0,6,0.0
2022-07-27 10:00:00,162.42,163.18,162.23,163.13,171.0,40,0.0
2022-07-27 11:00:00,163.16,163.25,162.02,162.02,269.0,40,0.0
2022-07-27 12:00:00,162.04,162.69,161.84,162.34,323.0,40,0.0
2022-07-27 13:00:00,162.32,165.18,161.93,163.92,3883.0,6,0.0
2022-07-27 14:00:00,163.89,166.44,163.73,166.34,5373.0,6,0.0
2022-07-27 15:00:00,166.36,167.64,166.26,167.51,3521.0,6,0.0
2022-07-27 16:00:00,167.52,168.14,167.26,167.36,3051.0,6,0.0
2022-07-27 17:00:00,167.36,168.16,166.27,167.88,3017.0,6,0.0
2022-07-27 18:00:00,167.88,170.42,166.64,169.45,8408.0,6,0.0
2022-07-27 19:00:00,169.46,170.83,169.03,169.65,5085.0,6,0.0
2022-07-28 10:00:00,159.26,160.51,159.25,160.35,221.0,60,0.0
2022-07-28 11:00:00,160.35,162.98,160.35,162.45,691.0,40,0.0
2022-07-28 12:00:00,162.44,162.96,160.88,161.91,1436.0,40,0.0
2022-07-28 13:00:00,161.87,162.98,154.82,156.46,12622.0,6,0.0
2022-07-28 14:00:00,156.44,158.9,155.87,158.36,12119.0,6,0.0
2022-07-28 15:00:00,158.37,161.43,157.89,160.65,7514.0,6,0.0
2022-07-28 16:00:00,160.64,161.03,158.58,158.89,5463.0,6,0.0
2022-07-28 17:00:00,158.87,159.72,157.77,159.16,4272.0,6,0.0
2022-07-28 18:00:00,159.16,159.19,157.26,159.11,3992.0,6,0.0
2022-07-28 19:00:00,159.12,159.82,158.79,159.71,3341.0,6,0.0
2022-07-29 10:00:00,161.21,161.54,161.14,161.39,146.0,40,0.0
2022-07-29 11:00:00,161.36,161.47,160.1,160.38,320.0,40,0.0
2022-07-29 12:00:00,160.46,160.68,159.05,159.6,371.0,40,0.0
2022-07-29 13:00:00,159.63,159.7,155.64,157.81,7083.0,7,0.0
2022-07-29 14:00:00,157.83,158.71,156.15,156.15,6561.0,6,0.0
2022-07-29 15:00:00,156.15,156.38,155.23,155.5,4614.0,6,0.0
2022-07-29 16:00:00,155.51,156.65,155.15,156.5,3677.0,6,0.0
2022-07-29 17:00:00,156.5,158.88,156.48,158.56,3479.0,6,0.0
2022-07-29 18:00:00,158.58,159.89,158.27,159.81,3065.0,6,0.0
2022-07-29 19:00:00,159.81,160.09,158.81,159.19,2713.0,6,0.0
2022-08-01 10:00:00,157.69,158.13,157.69,158.02,95.0,40,0.0
2022-08-01 11:00:00,158.03,159.27,158.03,158.92,199.0,40,0.0
2022-08-01 12:00:00,158.88,158.93,158.11,158.11,461.0,40,0.0
2022-08-01 13:00:00,158.18,158.18,155.22,157.31,5496.0,6,0.0
2022-08-01 14:00:00,157.27,162.81,157.07,162.37,7354.0,6,0.0
2022-08-01 15:00:00,162.38,165.15,161.92,164.66,5437.0,6,0.0
2022-08-01 16:00:00,164.68,164.74,162.2,162.72,4949.0,6,0.0
2022-08-01 17:00:00,162.72,163.06,160.57,160.8,4429.0,6,0.0
2022-08-01 18:00:00,160.81,161.34,160.29,160.93,4262.0,6,0.0
2022-08-01 19:00:00,160.93,161.19,159.81,159.97,3263.0,6,0.0
2022-08-02 10:00:00,158.1,158.22,157.36,157.85,165.0,40,0.0
2022-08-02 11:00:00,157.94,158.51,157.85,158.42,146.0,40,0.0
2022-08-02 12:00:00,158.38,158.6,157.91,158.15,219.0,40,0.0
2022-08-02 13:00:00,158.11,160.72,157.92,160.03,5635.0,8,0.0
2022-08-02 14:00:00,160.03,160.95,158.0,160.53,7825.0,6,0.0
2022-08-02 15:00:00,160.53,161.22,159.65,160.67,4774.0,6,0.0
2022-08-02 16:00:00,160.67,162.2,160.52,161.16,3931.0,6,0.0
2022-08-02 17:00:00,161.17,161.34,158.97,159.74,5155.0,6,0.0
2022-08-02 18:00:00,159.74,160.58,159.48,159.93,3987.0,6,0.0
2022-08-02 19:00:00,159.95,160.64,159.62,160.22,3573.0,6,0.0
2022-08-03 10:00:00,160.44,160.55,159.54,159.61,172.0,16,0.0
2022-08-03 11:00:00,159.65,161.17,159.61,161.17,299.0,16,0.0
2022-08-03 12:00:00,161.18,164.22,161.15,164.05,758.0,40,0.0
2022-08-03 13:00:00,164.02,166.79,161.44,165.94,5877.0,8,0.0
2022-08-03 14:00:00,165.87,167.67,165.18,167.28,6334.0,6,0.0
2022-08-03 15:00:00,167.29,168.96,167.29,168.55,4326.0,6,0.0
2022-08-03 16:00:00,168.55,169.48,167.34,168.84,3465.0,6,0.0
2022-08-03 17:00:00,168.84,169.22,167.23,167.62,3210.0,6,0.0
2022-08-03 18:00:00,167.62,168.56,167.19,168.38,2802.0,6,0.0
2022-08-03 19:00:00,168.36,169.0,167.89,168.99,2467.0,6,0.0
2022-08-04 10:00:00,169.5,170.54,169.47,170.3,215.0,16,0.0
2022-08-04 11:00:00,170.25,170.25,168.06,168.21,400.0,40,0.0
2022-08-04 12:00:00,168.18,169.23,167.9,169.0,545.0,40,0.0
2022-08-04 13:00:00,168.87,172.09,167.61,170.21,5193.0,8,0.0
2022-08-04 14:00:00,170.2,170.31,166.79,168.26,6453.0,6,0.0
2022-08-04 15:00:00,168.27,168.9,167.17,168.6,4597.0,6,0.0
2022-08-04 16:00:00,168.6,169.66,168.29,169.06,3774.0,6,0.0
2022-08-04 17:00:00,169.05,170.1,168.99,169.33,2907.0,6,0.0
2022-08-04 18:00:00,169.34,169.93,168.82,169.79,2834.0,6,0.0
2022-08-04 19:00:00,169.78,170.51,169.55,169.71,2216.0,6,0.0
2022-08-05 10:00:00,169.88,170.02,169.16,169.47,263.0,16,0.0
2022-08-05 11:00:00,169.47,169.98,169.45,169.77,137.0,16,0.0
2022-08-05 12:00:00,169.79,170.19,166.52,167.41,904.0,16,0.0
2022-08-05 13:00:00,167.33,169.59,166.25,169.12,4882.0,8,0.0
2022-08-05 14:00:00,169.14,171.56,168.51,169.71,5685.0,6,0.0
2022-08-05 15:00:00,169.7,169.7,166.44,166.64,5085.0,6,0.0
2022-08-05 16:00:00,166.65,167.35,165.78,166.92,3944.0,6,0.0
2022-08-05 17:00:00,166.92,167.75,166.17,166.41,3276.0,6,0.0
2022-08-05 18:00:00,166.43,166.65,165.78,166.18,3049.0,6,0.0
2022-08-05 19:00:00,166.18,166.86,165.92,166.6,2471.0,6,0.0
2022-08-08 10:00:00,168.02,168.29,167.92,168.07,37.0,40,0.0
2022-08-08 11:00:00,168.13,168.19,167.67,168.16,197.0,40,0.0
2022-08-08 12:00:00,168.12,168.73,168.12,168.63,191.0,40,0.0
2022-08-08 13:00:00,168.7,175.87,167.08,175.74,5677.0,8,0.0
2022-08-08 14:00:00,175.75,176.09,172.54,172.82,6894.0,8,0.0
2022-08-08 15:00:00,172.84,173.77,170.85,172.56,4849.0,6,0.0
2022-08-08 16:00:00,172.54,173.02,170.97,171.75,4308.0,6,0.0
2022-08-08 17:00:00,171.73,172.34,171.18,172.0,3486.0,6,0.0
2022-08-08 18:00:00,172.0,172.04,170.3,170.64,4448.0,6,0.0
2022-08-08 19:00:00,170.64,170.99,170.18,170.78,2837.0,6,0.0
2022-08-09 10:00:00,170.16,170.16,168.9,168.94,217.0,16,0.0
2022-08-09 11:00:00,168.95,169.69,168.7,168.75,233.0,40,0.0
2022-08-09 12:00:00,168.74,169.39,168.63,169.08,186.0,40,0.0
2022-08-09 13:00:00,169.1,169.41,166.89,167.07,3898.0,8,0.0
2022-08-09 14:00:00,167.07,168.07,166.57,167.29,5051.0,6,0.0
2022-08-09 15:00:00,167.28,168.4,166.69,167.62,3824.0,6,0.0
2022-08-09 16:00:00,167.63,167.82,166.86,167.3,3097.0,6,0.0
2022-08-09 17:00:00,167.31,167.9,166.58,167.71,2565.0,6,0.0
2022-08-09 18:00:00,167.71,168.55,167.19,168.21,2839.0,6,0.0
2022-08-09 19:00:00,168.21,168.76,167.65,168.26,2289.0,6,0.0
2022-08-10 10:00:00,169.58,169.67,169.05,169.13,96.0,40,0.0
2022-08-10 11:00:00,169.18,170.51,169.17,170.32,219.0,40,0.0
2022-08-10 12:00:00,170.24,174.87,170.24,174.48,937.0,40,0.0
2022-08-10 13:00:00,174.4,179.09,173.91,177.36,6808.0,8,0.0
2022-08-10 14:00:00,177.34,178.74,175.76,178.6,5841.0,8,0.0
2022-08-10 15:00:00,178.61,180.43,177.81,179.02,3907.0,6,0.0
2022-08-10 16:00:00,179.0,179.68,178.19,178.62,2923.0,6,0.0
2022-08-10 17:00:00,178.62,178.85,177.91,178.27,2457.0,6,0.0
2022-08-10 18:00:00,178.27,178.31,177.19,177.39,2536.0,6,0.0
2022-08-10 19:00:00,177.38,178.44,177.21,178.36,2004.0,6,0.0
2022-08-11 10:00:00,177.72,177.94,177.45,177.94,114.0,16,0.0
2022-08-11 11:00:00,177.87,178.77,177.87,178.69,163.0,16,0.0
2022-08-11 12:00:00,178.69,180.34,178.54,180.09,481.0,16,0.0
2022-08-11 13:00:00,180.08,182.05,179.14,181.07,3727.0,8,0.0
2022-08-11 14:00:00,181.09,183.05,179.93,180.5,4698.0,8,0.0
2022-08-11 15:00:00,180.5,180.93,177.24,178.29,4594.0,7,0.0
2022-08-11 16:00:00,178.31,178.98,178.07,178.76,3282.0,6,0.0
2022-08-11 17:00:00,178.76,179.22,177.92,178.25,2852.0,6,0.0
2022-08-11 18:00:00,178.25,178.25,176.7,177.19,3499.0,6,0.0
2022-08-11 19:00:00,177.18,177.6,176.33,177.31,2891.0,6,0.0
2022-08-12 10:00:00,179.22,179.27,178.5,178.57,113.0,40,0.0
2022-08-12 11:00:00,178.56,179.09,178.39,178.91,142.0,8,0.0
2022-08-12 12:00:00,178.81,179.5,178.71,179.29,241.0,16,0.0
2022-08-12 13:00:00,179.3,181.33,179.11,180.34,4343.0,8,0.0
2022-08-12 14:00:00,180.31,180.6,178.9,180.02,5448.0,6,0.0
2022-08-12 15:00:00,180.04,180.87,179.78,179.89,3350.0,6,0.0
2022-08-12 16:00:00,179.89,180.55,179.8,180.08,2254.0,6,0.0
2022-08-12 17:00:00,180.07,180.43,179.26,179.57,2232.0,6,0.0
2022-08-12 18:00:00,179.58,179.92,179.48,179.83,1715.0,6,0.0
2022-08-12 19:00:00,179.85,180.43,179.68,180.19,1804.0,6,0.0
2022-08-15 10:00:00,178.97,179.47,177.89,179.35,357.0,40,0.0
2022-08-15 11:00:00,179.37,179.53,178.41,178.82,226.0,40,0.0
2022-08-15 12:00:00,178.94,179.31,178.43,178.63,314.0,40,0.0
2022-08-15 13:00:00,178.64,181.38,178.61,180.72,3768.0,8,0.0
2022-08-15 14:00:00,180.72,180.81,178.18,179.31,4901.0,8,0.0
2022-08-15 15:00:00,179.3,181.06,179.13,180.83,3008.0,6,0.0
2022-08-15 16:00:00,180.84,181.11,180.42,180.97,2323.0,6,0.0
2022-08-15 17:00:00,180.98,181.21,180.38,180.93,2125.0,6,0.0
2022-08-15 18:00:00,180.93,181.24,180.31,181.11,2088.0,6,0.0
2022-08-15 19:00:00,181.11,181.35,180.85,180.97,1754.0,6,0.0
2022-08-16 10:00:00,180.07,180.1,179.88,180.07,39.0,40,0.0
2022-08-16 11:00:00,180.05,180.37,179.89,180.22,109.0,40,0.0
2022-08-16 12:00:00,180.22,180.79,179.68,179.99,212.0,16,0.0
2022-08-16 13:00:00,179.97,180.24,177.41,178.77,4352.0,8,0.0
2022-08-16 14:00:00,178.75,179.32,177.0,177.73,4866.0,6,0.0
2022-08-16 15:00:00,177.72,180.09,177.63,179.95,3228.0,6,0.0
2022-08-16 16:00:00,179.93,180.02,178.37,179.19,2604.0,6,0.0
2022-08-16 17:00:00,179.2,180.68,179.17,180.54,1909.0,6,0.0
2022-08-16 18:00:00,180.53,180.93,177.97,178.67,3158.0,6,0.0
2022-08-16 19:00:00,178.67,179.59,178.26,179.28,2754.0,6,0.0
2022-08-17 10:00:00,177.51,177.72,177.37,177.62,59.0,40,0.0
2022-08-17 11:00:00,177.65,177.75,177.0,177.21,178.0,40,0.0
2022-08-17 12:00:00,177.23,177.57,176.92,177.14,208.0,40,0.0
2022-08-17 13:00:00,177.14,178.1,175.36,176.58,4360.0,8,0.0
2022-08-17 14:00:00,176.56,177.12,174.65,174.81,4705.0,6,0.0
2022-08-17 15:00:00,174.81,175.25,174.14,174.49,3622.0,6,0.0
2022-08-17 16:00:00,174.5,175.7,174.48,175.3,3022.0,6,0.0
2022-08-17 17:00:00,175.3,175.93,174.88,175.32,2437.0,6,0.0
2022-08-17 18:00:00,175.31,177.53,175.12,176.24,5652.0,6,0.0
2022-08-17 19:00:00,176.24,176.66,175.19,175.36,3480.0,6,0.0
2022-08-18 10:00:00,175.24,175.35,174.72,174.72,232.0,16,0.0
2022-08-18 11:00:00,174.7,175.39,174.7,175.25,131.0,16,0.0
2022-08-18 12:00:00,175.18,175.43,174.71,174.95,265.0,16,0.0
2022-08-18 13:00:00,174.98,175.08,172.04,172.34,4191.0,8,0.0
2022-08-18 14:00:00,172.34,174.98,171.83,174.42,4504.0,6,0.0
2022-08-18 15:00:00,174.42,175.73,174.0,175.37,3520.0,6,0.0
2022-08-18 16:00:00,175.38,175.68,174.12,174.46,2780.0,6,0.0
2022-08-18 17:00:00,174.46,175.7,174.3,175.25,2710.0,6,0.0
2022-08-18 18:00:00,175.25,175.67,174.73,175.31,2470.0,6,0.0
2022-08-18 19:00:00,175.31,175.68,174.85,175.12,2381.0,6,0.0
2022-08-19 10:00:00,171.93,171.95,170.62,170.86,352.0,40,0.0
2022-08-19 11:00:00,170.86,171.12,170.35,170.99,356.0,40,0.0
2022-08-19 12:00:00,170.99,171.12,170.55,170.92,247.0,40,0.0
2022-08-19 13:00:00,170.94,172.25,169.54,169.96,4014.0,8,0.0
2022-08-19 14:00:00,169.97,170.11,168.3,168.62,4768.0,6,0.0
2022-08-19 15:00:00,168.62,168.83,167.66,168.05,3375.0,6,0.0
2022-08-19 16:00:00,168.05,168.23,167.16,167.93,2954.0,6,0.0
2022-08-19 17:00:00,167.93,168.31,167.03,168.09,2622.0,6,0.0
2022-08-19 18:00:00,168.09,168.14,167.49,167.64,2336.0,6,0.0
2022-08-19 19:00:00,167.65,168.42,167.31,168.04,2207.0,6,0.0
2022-08-22 10:00:00,164.87,166.2,164.73,165.66,162.0,40,0.0
2022-08-22 11:00:00,165.73,165.74,165.28,165.4,232.0,40,0.0
2022-08-22 12:00:00,165.37,165.5,165.0,165.02,312.0,40,0.0
2022-08-22 13:00:00,165.01,165.37,162.74,163.67,4383.0,6,0.0
2022-08-22 14:00:00,163.65,163.89,162.39,163.06,5123.0,6,0.0
2022-08-22 15:00:00,163.07,164.01,162.91,163.77,3675.0,6,0.0
2022-08-22 16:00:00,163.78,163.9,163.06,163.28,2559.0,6,0.0
2022-08-22 17:00:00,163.29,163.36,162.58,162.62,2271.0,6,0.0
2022-08-22 18:00:00,162.63,163.23,162.23,162.85,2148.0,6,0.0
2022-08-22 19:00:00,162.83,163.19,162.59,162.59,1972.0,6,0.0
2022-08-23 10:00:00,163.48,163.54,163.08,163.45,98.0,40,0.0
2022-08-23 11:00:00,163.45,163.5,163.16,163.41,135.0,40,0.0
2022-08-23 12:00:00,163.45,163.47,162.86,163.09,196.0,40,0.0
2022-08-23 13:00:00,163.08,164.51,161.99,163.76,3830.0,6,0.0
2022-08-23 14:00:00,163.77,165.0,162.33,162.35,7273.0,6,0.0
2022-08-23 15:00:00,162.33,162.69,161.56,161.8,4310.0,6,0.0
2022-08-23 16:00:00,161.8,162.35,161.44,162.11,3164.0,6,0.0
2022-08-23 17:00:00,162.11,162.52,161.58,161.66,2953.0,6,0.0
2022-08-23 18:00:00,161.67,162.16,161.19,161.41,2821.0,6,0.0
2022-08-23 19:00:00,161.42,161.63,160.99,161.34,2028.0,6,0.0
2022-08-24 10:00:00,161.49,161.61,161.09,161.27,118.0,8,0.0
2022-08-24 11:00:00,161.26,161.75,161.13,161.72,241.0,16,0.0
2022-08-24 12:00:00,161.72,161.86,161.09,161.16,282.0,16,0.0
2022-08-24 13:00:00,161.19,162.24,159.74,162.18,4829.0,6,0.0
2022-08-24 14:00:00,162.18,163.71,161.73,163.1,4991.0,6,0.0
2022-08-24 15:00:00,163.12,164.49,163.07,164.38,3858.0,6,0.0
2022-08-24 16:00:00,164.37,165.43,163.89,164.09,3252.0,6,0.0
2022-08-24 17:00:00,164.09,164.5,163.24,163.42,2510.0,6,0.0
2022-08-24 18:00:00,163.4,163.87,163.23,163.61,2471.0,6,0.0
2022-08-24 19:00:00,163.6,163.98,163.47,163.94,1994.0,6,0.0
2022-08-25 10:00:00,164.7,165.42,164.6,165.35,139.0,40,0.0
2022-08-25 11:00:00,165.35,165.35,164.96,165.14,180.0,40,0.0
2022-08-25 12:00:00,165.13,165.32,164.41,164.93,262.0,16,0.0
2022-08-25 13:00:00,165.01,166.81,163.97,166.66,4335.0,6,0.0
2022-08-25 14:00:00,166.65,168.45,166.61,167.5,5267.0,6,0.0
2022-08-25 15:00:00,167.5,167.72,166.26,166.91,3966.0,6,0.0
2022-08-25 16:00:00,166.9,167.02,166.19,166.79,3994.0,6,0.0
2022-08-25 17:00:00,166.78,167.72,166.65,167.51,2743.0,6,0.0
2022-08-25 18:00:00,167.52,167.78,166.92,167.32,2257.0,6,0.0
2022-08-25 19:00:00,167.33,168.2,166.97,168.18,2030.0,6,0.0
2022-08-26 10:00:00,167.18,167.52,167.16,167.28,110.0,40,0.0
2022-08-26 11:00:00,167.32,167.46,166.86,167.31,170.0,16,0.0
2022-08-26 12:00:00,167.35,168.1,166.89,167.96,746.0,16,0.0
2022-08-26 13:00:00,167.94,170.89,167.75,168.45,4460.0,6,0.0
2022-08-26 14:00:00,168.42,170.25,164.14,164.6,12673.0,6,0.0
2022-08-26 15:00:00,164.59,164.72,162.95,163.69,7891.0,6,0.0
2022-08-26 16:00:00,163.68,163.97,162.88,163.86,4657.0,6,0.0
2022-08-26 17:00:00,163.85,163.88,162.71,162.91,3353.0,6,0.0
2022-08-26 18:00:00,162.9,163.38,162.55,162.76,3459.0,6,0.0
2022-08-26 19:00:00,162.77,163.07,161.81,161.91,2709.0,6,0.0
2022-08-29 10:00:00,159.83,160.06,159.62,159.9,124.0,40,0.0
2022-08-29 11:00:00,159.88,160.01,159.12,159.62,236.0,40,0.0
2022-08-29 12:00:00,159.62,160.57,159.37,160.22,316.0,40,0.0
2022-08-29 13:00:00,160.15,162.59,160.05,161.49,4412.0,6,0.0
2022-08-29 14:00:00,161.46,163.01,159.74,159.82,6608.0,6,0.0
2022-08-29 15:00:00,159.81,160.72,159.39,160.22,5138.0,6,0.0
2022-08-29 16:00:00,160.21,161.12,159.94,160.57,4045.0,6,0.0
2022-08-29 17:00:00,160.57,161.19,160.1,160.59,3359.0,6,0.0
2022-08-29 18:00:00,160.6,160.65,159.71,160.18,3265.0,6,0.0
2022-08-29 19:00:00,160.17,160.82,159.81,160.28,2809.0,6,0.0
2022-08-30 10:00:00,161.38,161.41,161.26,161.33,70.0,40,0.0
2022-08-30 11:00:00,161.33,161.33,160.83,160.92,104.0,40,0.0
2022-08-30 12:00:00,160.98,161.18,160.14,160.18,283.0,40,0.0
2022-08-30 13:00:00,160.18,161.58,159.01,159.17,5035.0,6,0.0
2022-08-30 14:00:00,159.14,159.63,156.58,157.7,7799.0,6,0.0
2022-08-30 15:00:00,157.68,157.88,156.84,157.29,7526.0,6,0.0
2022-08-30 16:00:00,157.3,158.39,156.63,156.96,4531.0,6,0.0
2022-08-30 17:00:00,156.95,157.23,155.88,156.51,3891.0,6,0.0
2022-08-30 18:00:00,156.5,156.94,156.28,156.64,4771.0,6,0.0
2022-08-30 19:00:00,156.63,157.7,156.58,157.18,4222.0,6,0.0
2022-08-31 10:00:00,157.64,160.54,157.63,160.15,445.0,16,0.0
2022-08-31 11:00:00,160.13,161.1,159.53,160.71,489.0,40,0.0
2022-08-31 12:00:00,160.72,161.62,160.03,160.98,663.0,40,0.0
2022-08-31 13:00:00,161.06,167.05,160.48,165.24,11534.0,6,0.0
2022-08-31 14:00:00,165.22,167.79,164.95,165.34,15414.0,6,0.0
2022-08-31 15:00:00,165.35,165.39,163.14,164.35,8932.0,6,0.0
2022-08-31 16:00:00,164.35,164.57,163.33,163.66,5586.0,6,0.0
2022-08-31 17:00:00,163.66,163.93,162.12,162.77,4966.0,6,0.0
2022-08-31 18:00:00,162.75,163.54,162.4,163.09,4957.0,6,0.0
2022-08-31 19:00:00,163.09,164.55,163.0,164.48,4606.0,6,0.0
2022-09-01 10:00:00,161.51,161.83,161.37,161.81,136.0,40,0.0
2022-09-01 11:00:00,161.78,164.25,161.78,163.67,320.0,40,0.0
2022-09-01 12:00:00,163.73,164.43,163.45,163.49,330.0,40,0.0
2022-09-01 13:00:00,163.45,167.31,162.48,165.0,8244.0,6,0.0
2022-09-01 14:00:00,164.99,165.34,162.39,162.43,11487.0,6,0.0
2022-09-01 15:00:00,162.43,163.38,161.17,161.53,8228.0,6,0.0
2022-09-01 16:00:00,161.52,162.64,160.32,160.64,5744.0,6,0.0
2022-09-01 17:00:00,160.65,162.23,160.53,161.72,5365.0,6,0.0
2022-09-01 18:00:00,161.74,163.98,161.52,163.63,7455.0,6,0.0
2022-09-01 19:00:00,163.63,164.62,163.32,164.04,4897.0,6,0.0
2022-09-02 10:00:00,164.55,164.57,164.13,164.49,45.0,40,0.0
2022-09-02 11:00:00,164.5,164.64,164.03,164.45,154.0,40,0.0
2022-09-02 12:00:00,164.51,166.88,164.4,166.45,692.0,40,0.0
2022-09-02 13:00:00,166.44,167.76,163.5,163.79,8232.0,6,0.0
2022-09-02 14:00:00,163.81,166.87,163.31,165.96,8650.0,6,0.0
2022-09-02 15:00:00,165.97,166.43,164.14,164.67,5972.0,6,0.0
2022-09-02 16:00:00,164.67,164.92,161.53,162.21,8432.0,6,0.0
2022-09-02 17:00:00,162.2,162.2,159.82,159.93,9308.0,6,0.0
2022-09-02 18:00:00,159.94,160.75,159.93,159.97,7062.0,6,0.0
2022-09-02 19:00:00,159.96,160.93,159.2,159.41,5146.0,6,0.0
2022-09-06 10:00:00,161.29,161.63,161.26,161.36,102.0,40,0.0
2022-09-06 11:00:00,161.3,161.32,160.28,160.93,214.0,40,0.0
2022-09-06 12:00:00,160.93,161.27,160.58,160.8,287.0,40,0.0
2022-09-06 13:00:00,160.84,161.63,159.3,159.73,5385.0,6,0.0
2022-09-06 14:00:00,159.76,160.31,157.67,159.97,10255.0,6,0.0
2022-09-06 15:00:00,159.98,160.14,158.83,159.92,9552.0,6,0.0
2022-09-06 16:00:00,159.93,160.58,158.62,159.02,7067.0,6,0.0
2022-09-06 17:00:00,159.03,159.12,157.66,158.14,6191.0,6,0.0
2022-09-06 18:00:00,158.13,158.95,158.05,158.56,6641.0,6,0.0
2022-09-06 19:00:00,158.58,159.35,158.05,158.75,5475.0,6,0.0
2022-09-07 10:00:00,159.01,159.19,158.77,158.81,130.0,8,0.0
2022-09-07 11:00:00,158.81,158.84,158.14,158.49,284.0,16,0.0
2022-09-07 12:00:00,158.51,158.76,157.81,158.28,458.0,16,0.0
2022-09-07 13:00:00,158.22,159.72,157.27,158.18,4256.0,6,0.0
2022-09-07 14:00:00,158.17,158.39,156.78,157.72,7043.0,6,0.0
2022-09-07 15:00:00,157.73,159.13,157.55,158.8,4283.0,6,0.0
2022-09-07 16:00:00,158.81,159.06,157.92,158.77,3472.0,6,0.0
2022-09-07 17:00:00,158.78,159.51,158.65,159.29,3000.0,6,0.0
2022-09-07 18:00:00,159.3,160.8,159.18,160.26,3291.0,6,0.0
2022-09-07 19:00:00,160.26,160.81,160.07,160.49,2465.0,6,0.0
2022-09-08 10:00:00,160.01,160.24,159.95,160.24,54.0,16,0.0
2022-09-08 11:00:00,160.41,160.81,160.02,160.14,160.0,16,0.0
2022-09-08 12:00:00,160.03,160.51,158.98,159.14,546.0,16,0.0
2022-09-08 13:00:00,159.13,161.41,157.68,161.12,6729.0,6,0.0
2022-09-08 14:00:00,161.15,161.75,159.62,161.57,7770.0,6,0.0
2022-09-08 15:00:00,161.55,162.0,160.13,160.35,5431.0,6,0.0
2022-09-08 16:00:00,160.36,160.75,158.21,160.29,8227.0,6,0.0
2022-09-08 17:00:00,160.3,161.62,159.68,161.1,5457.0,6,0.0
2022-09-08 18:00:00,161.09,161.8,160.81,161.07,4875.0,6,0.0
2022-09-08 19:00:00,161.06,161.6,160.68,161.11,3642.0,6,0.0
2022-09-09 10:00:00,163.65,163.88,163.55,163.76,51.0,60,0.0
2022-09-09 11:00:00,163.68,163.68,163.38,163.48,70.0,40,0.0
2022-09-09 12:00:00,163.44,164.21,163.37,164.11,163.0,40,0.0
2022-09-09 13:00:00,164.08,166.7,162.68,166.21,5014.0,6,0.0
2022-09-09 14:00:00,166.22,167.87,165.72,167.69,5767.0,6,0.0
2022-09-09 15:00:00,167.69,168.51,167.59,168.13,4574.0,6,0.0
2022-09-09 16:00:00,168.14,168.82,167.75,168.81,3561.0,6,0.0
2022-09-09 17:00:00,168.82,169.05,168.51,168.79,1934.0,6,0.0
2022-09-09 18:00:00,168.79,169.05,167.75,168.3,2602.0,6,0.0
2022-09-09 19:00:00,168.31,169.07,168.25,169.05,1960.0,6,0.0
2022-09-12 10:00:00,169.61,169.69,169.3,169.5,121.0,16,0.0
2022-09-12 11:00:00,169.52,169.85,169.27,169.75,198.0,16,0.0
2022-09-12 12:00:00,169.74,169.75,168.09,168.61,331.0,16,0.0
2022-09-12 13:00:00,168.6,171.33,166.66,171.03,4198.0,6,0.0
2022-09-12 14:00:00,171.05,171.2,168.01,168.05,5352.0,6,0.0
2022-09-12 15:00:00,168.07,169.02,167.3,167.9,4861.0,6,0.0
2022-09-12 16:00:00,167.91,168.81,167.43,168.69,3956.0,6,0.0
2022-09-12 17:00:00,168.69,169.21,168.2,168.55,2613.0,6,0.0
2022-09-12 18:00:00,168.55,168.69,167.85,168.24,3027.0,6,0.0
2022-09-12 19:00:00,168.26,168.93,168.08,168.92,2068.0,6,0.0
2022-09-13 10:00:00,169.39,169.56,169.32,169.49,85.0,16,0.0
2022-09-13 11:00:00,169.47,169.75,169.43,169.61,173.0,16,0.0
2022-09-13 12:00:00,169.58,169.81,162.28,162.48,1026.0,16,0.0
2022-09-13 13:00:00,162.48,162.74,158.12,158.17,7671.0,6,0.0
2022-09-13 14:00:00,158.16,158.34,155.51,156.04,8772.0,6,0.0
2022-09-13 15:00:00,156.03,156.43,155.49,155.94,5225.0,6,0.0
2022-09-13 16:00:00,155.92,156.73,155.74,156.18,3480.0,6,0.0
2022-09-13 17:00:00,156.18,156.9,155.99,156.25,3482.0,6,0.0
2022-09-13 18:00:00,156.25,156.4,154.67,154.89,3294.0,6,0.0
2022-09-13 19:00:00,154.9,155.16,152.64,153.08,3268.0,6,0.0
2022-09-14 10:00:00,154.19,154.26,153.65,153.82,155.0,40,0.0
2022-09-14 11:00:00,153.9,153.9,152.06,152.33,327.0,40,0.0
2022-09-14 12:00:00,152.38,153.29,152.38,153.0,566.0,40,0.0
2022-09-14 13:00:00,153.01,153.42,150.62,151.85,6894.0,6,0.0
2022-09-14 14:00:00,151.87,152.01,149.03,150.37,10299.0,6,0.0
2022-09-14 15:00:00,150.35,151.38,149.43,151.07,5965.0,6,0.0
2022-09-14 16:00:00,151.08,151.74,150.38,151.29,4869.0,6,0.0
2022-09-14 17:00:00,151.29,151.8,149.93,150.18,4789.0,6,0.0
2022-09-14 18:00:00,150.17,150.58,149.75,149.93,4982.0,6,0.0
2022-09-14 19:00:00,149.92,150.7,149.43,150.38,4520.0,6,0.0
2022-09-15 10:00:00,151.73,151.95,150.61,150.85,262.0,40,0.0
2022-09-15 11:00:00,150.92,151.2,150.39,150.6,220.0,40,0.0
2022-09-15 12:00:00,150.6,151.05,150.24,150.92,472.0,40,0.0
2022-09-15 13:00:00,150.92,154.14,149.14,153.55,4863.0,8,0.0
2022-09-15 14:00:00,153.57,154.05,149.69,149.77,7067.0,6,0.0
2022-09-15 15:00:00,149.78,150.83,149.26,149.75,5726.0,6,0.0
2022-09-15 16:00:00,149.74,150.55,149.44,150.53,4101.0,6,0.0
2022-09-15 17:00:00,150.53,151.97,150.53,150.82,4414.0,6,0.0
2022-09-15 18:00:00,150.83,150.83,149.64,149.95,4156.0,6,0.0
2022-09-15 19:00:00,149.95,150.06,148.66,149.41,3558.0,6,0.0
2022-09-16 10:00:00,147.51,148.19,147.51,148.19,145.0,40,0.0
2022-09-16 11:00:00,148.17,148.42,147.88,148.38,167.0,40,0.0
2022-09-16 12:00:00,148.38,148.38,147.04,147.07,436.0,40,0.0
2022-09-16 13:00:00,147.16,148.73,145.85,146.08,6693.0,6,0.0
2022-09-16 14:00:00,146.09,147.66,145.98,146.1,11082.0,6,0.0
2022-09-16 15:00:00,146.1,146.55,145.28,146.29,6074.0,6,0.0
2022-09-16 16:00:00,146.28,146.36,145.08,146.18,4382.0,6,0.0
2022-09-16 17:00:00,146.16,146.21,144.43,144.5,3883.0,6,0.0
2022-09-16 18:00:00,144.51,145.94,144.27,145.78,4562.0,6,0.0
2022-09-16 19:00:00,145.78,146.55,145.2,146.05,5131.0,6,0.0
2022-09-19 10:00:00,144.52,144.75,144.25,144.73,131.0,40,0.0
2022-09-19 11:00:00,144.72,145.06,144.44,144.56,208.0,40,0.0
2022-09-19 12:00:00,144.55,145.64,144.35,145.11,403.0,16,0.0
2022-09-19 13:00:00,145.07,147.76,144.71,147.08,5235.0,6,0.0
2022-09-19 14:00:00,147.09,147.62,146.0,147.04,6536.0,6,0.0
2022-09-19 15:00:00,147.04,147.33,145.62,145.81,4655.0,6,0.0
2022-09-19 16:00:00,145.81,146.59,145.42,146.45,4155.0,6,0.0
2022-09-19 17:00:00,146.46,146.59,145.87,146.38,3418.0,6,0.0
2022-09-19 18:00:00,146.38,147.3,146.22,147.24,3677.0,6,0.0
2022-09-19 19:00:00,147.25,148.55,147.25,148.17,3248.0,6,0.0
2022-09-20 10:00:00,146.47,146.74,146.31,146.52,115.0,40,0.0
2022-09-20 11:00:00,146.52,146.89,146.33,146.49,272.0,40,0.0
2022-09-20 12:00:00,146.52,146.93,146.17,146.49,322.0,40,0.0
2022-09-20 13:00:00,146.49,147.77,145.24,146.58,4760.0,6,0.0
2022-09-20 14:00:00,146.56,148.3,146.43,147.56,5433.0,6,0.0
2022-09-20 15:00:00,147.56,148.6,147.08,148.55,3761.0,6,0.0
2022-09-20 16:00:00,148.56,148.8,146.99,147.4,3355.0,6,0.0
2022-09-20 17:00:00,147.4,147.55,145.19,145.34,4453.0,6,0.0
2022-09-20 18:00:00,145.33,146.4,145.28,146.18,5057.0,6,0.0
2022-09-20 19:00:00,146.19,146.75,146.01,146.53,3638.0,6,0.0
2022-09-21 10:00:00,145.83,146.15,145.66,146.02,243.0,16,0.0
2022-09-21 11:00:00,145.97,146.62,145.97,146.32,146.0,16,0.0
2022-09-21 12:00:00,146.38,147.01,146.17,146.62,312.0,16,0.0
2022-09-21 13:00:00,146.69,146.71,144.41,144.49,4491.0,6,0.0
2022-09-21 14:00:00,144.49,145.1,143.89,144.32,4786.0,6,0.0
2022-09-21 15:00:00,144.32,144.97,143.99,144.72,2719.0,6,0.0
2022-09-21 16:00:00,144.72,147.32,144.52,146.1,3984.0,6,0.0
2022-09-21 17:00:00,146.11,146.76,145.64,146.68,3332.0,6,0.0
2022-09-21 18:00:00,146.69,149.52,142.8,147.55,18301.0,6,0.0
2022-09-21 19:00:00,147.56,147.86,143.14,143.15,9797.0,6,0.0
2022-09-22 10:00:00,142.13,142.77,141.51,142.57,206.0,40,0.0
2022-09-22 11:00:00,142.55,142.55,141.27,142.36,560.0,40,0.0
2022-09-22 12:00:00,142.36,143.32,141.56,142.81,608.0,40,0.0
2022-09-22 13:00:00,142.81,143.06,140.92,141.83,4659.0,6,0.0
2022-09-22 14:00:00,141.82,142.8,141.02,141.83,5982.0,6,0.0
2022-09-22 15:00:00,141.82,142.83,140.85,142.49,4652.0,6,0.0
2022-09-22 16:00:00,142.5,144.07,141.8,143.75,4617.0,6,0.0
2022-09-22 17:00:00,143.77,144.52,142.62,144.12,4050.0,6,0.0
2022-09-22 18:00:00,144.12,144.26,142.58,143.47,4315.0,6,0.0
2022-09-22 19:00:00,143.47,144.43,143.46,143.97,3854.0,6,0.0
2022-09-23 10:00:00,141.26,141.37,140.56,140.66,257.0,40,0.0
2022-09-23 11:00:00,140.59,141.08,140.59,140.79,348.0,40,0.0
2022-09-23 12:00:00,140.83,141.38,140.57,140.82,320.0,40,0.0
2022-09-23 13:00:00,140.82,142.55,139.56,139.65,5002.0,6,0.0
2022-09-23 14:00:00,139.63,140.96,139.2,140.26,6136.0,6,0.0
2022-09-23 15:00:00,140.24,141.68,139.92,140.41,4384.0,6,0.0
2022-09-23 16:00:00,140.39,140.54,139.24,140.46,3651.0,6,0.0
2022-09-23 17:00:00,140.45,140.64,139.53,140.0,3408.0,6,0.0
2022-09-23 18:00:00,139.99,140.63,138.85,138.98,4510.0,6,0.0
2022-09-23 19:00:00,138.97,140.62,138.96,140.55,4349.0,6,0.0
2022-09-26 10:00:00,139.31,139.95,139.15,139.39,1162.0,16,0.0
2022-09-26 11:00:00,139.41,139.71,139.11,139.44,442.0,16,0.0
2022-09-26 12:00:00,139.38,140.32,138.88,140.32,807.0,16,0.0
2022-09-26 13:00:00,140.19,142.19,139.44,141.52,4673.0,6,0.0
2022-09-26 14:00:00,141.53,142.08,139.61,140.09,5464.0,6,0.0
2022-09-26 15:00:00,140.1,140.35,137.93,138.5,5542.0,6,0.0
2022-09-26 16:00:00,138.52,138.53,136.76,137.75,4449.0,6,0.0
2022-09-26 17:00:00,137.75,137.9,136.73,137.34,4188.0,6,0.0
2022-09-26 18:00:00,137.34,138.52,137.22,138.14,4666.0,6,0.0
2022-09-26 19:00:00,138.17,138.59,136.73,137.07,4707.0,6,0.0
2022-09-27 10:00:00,137.79,138.25,137.59,138.07,341.0,16,0.0
2022-09-27 11:00:00,138.08,138.6,137.68,138.51,334.0,16,0.0
2022-09-27 12:00:00,138.52,138.7,138.2,138.25,462.0,16,0.0
2022-09-27 13:00:00,138.23,139.36,137.04,137.62,4237.0,6,0.0
2022-09-27 14:00:00,137.63,138.69,136.7,138.39,7173.0,6,0.0
2022-09-27 15:00:00,138.39,138.6,136.02,136.07,5592.0,6,0.0
2022-09-27 16:00:00,136.08,136.22,134.83,135.24,5390.0,6,0.0
2022-09-27 17:00:00,135.22,135.24,134.1,134.68,5036.0,6,0.0
2022-09-27 18:00:00,134.66,135.42,134.25,135.2,4226.0,6,0.0
2022-09-27 19:00:00,135.2,135.29,134.19,134.69,4009.0,6,0.0
2022-09-28 10:00:00,132.36,134.48,132.12,133.43,1002.0,40,0.0
2022-09-28 11:00:00,133.43,133.77,132.68,133.2,431.0,40,0.0
2022-09-28 12:00:00,133.19,134.82,133.19,134.35,548.0,40,0.0
2022-09-28 13:00:00,134.37,136.9,133.92,136.27,5400.0,6,0.0
2022-09-28 14:00:00,136.28,138.47,135.77,138.42,5920.0,6,0.0
2022-09-28 15:00:00,138.41,139.86,138.35,139.57,4721.0,6,0.0
2022-09-28 16:00:00,139.58,140.53,139.35,139.59,3214.0,6,0.0
2022-09-28 17:00:00,139.6,140.82,139.44,140.69,3183.0,6,0.0
2022-09-28 18:00:00,140.69,141.27,140.6,141.0,2704.0,6,0.0
2022-09-28 19:00:00,141.0,141.74,140.87,141.65,2393.0,6,0.0
2022-09-29 10:00:00,139.54,139.9,139.4,139.57,300.0,40,0.0
2022-09-29 11:00:00,139.64,140.4,139.58,139.65,306.0,40,0.0
2022-09-29 12:00:00,139.64,140.28,138.84,138.96,506.0,40,0.0
2022-09-29 13:00:00,138.96,139.78,137.25,137.75,4893.0,6,0.0
2022-09-29 14:00:00,137.76,138.04,135.3,137.24,8862.0,6,0.0
2022-09-29 15:00:00,137.25,138.44,137.13,138.15,5913.0,6,0.0
2022-09-29 16:00:00,138.16,138.24,136.64,137.2,3908.0,6,0.0
2022-09-29 17:00:00,137.2,137.59,136.23,136.26,3596.0,6,0.0
2022-09-29 18:00:00,136.24,136.81,135.19,135.62,5830.0,6,0.0
2022-09-29 19:00:00,135.61,136.75,135.56,136.35,4029.0,6,0.0
2022-09-30 10:00:00,137.21,137.59,137.1,137.14,1125.0,16,0.0
2022-09-30 11:00:00,137.14,137.4,136.17,136.55,527.0,16,0.0
2022-09-30 12:00:00,136.53,137.46,135.47,136.63,1373.0,16,0.0
2022-09-30 13:00:00,136.57,138.6,135.93,137.46,5094.0,6,0.0
2022-09-30 14:00:00,137.56,140.14,136.99,140.13,6674.0,6,0.0
2022-09-30 15:00:00,140.14,140.95,139.07,139.19,4437.0,6,0.0
2022-09-30 16:00:00,139.18,139.35,138.45,138.5,3586.0,6,0.0
2022-09-30 17:00:00,138.48,138.58,137.17,137.21,3084.0,6,0.0
2022-09-30 18:00:00,137.2,137.79,136.56,136.67,3485.0,6,0.0
2022-09-30 19:00:00,136.65,137.31,136.22,136.55,3375.0,6,0.0
2022-10-03 10:00:00,135.98,136.53,135.83,136.39,252.0,16,0.0
2022-10-03 11:00:00,136.4,136.79,136.24,136.73,287.0,16,0.0
2022-10-03 12:00:00,136.73,137.56,136.56,137.43,330.0,16,0.0
2022-10-03 13:00:00,137.41,138.5,136.34,137.12,4436.0,6,0.0
2022-10-03 14:00:00,137.16,139.12,137.16,137.53,8459.0,6,0.0
2022-10-03 15:00:00,137.54,137.78,136.08,136.44,4635.0,6,0.0
2022-10-03 16:00:00,136.43,137.34,136.35,137.07,3972.0,6,0.0
2022-10-03 17:00:00,137.05,138.5,136.86,138.05,3164.0,6,0.0
2022-10-03 18:00:00,138.05,139.37,137.99,139.16,3162.0,6,0.0
2022-10-03 19:00:00,139.17,139.58,138.79,139.03,2526.0,6,0.0
2022-10-04 10:00:00,141.25,141.58,140.76,140.86,226.0,40,0.0
2022-10-04 11:00:00,140.83,141.23,140.55,140.93,306.0,40,0.0
2022-10-04 12:00:00,140.9,141.18,140.1,140.65,345.0,40,0.0
2022-10-04 13:00:00,140.63,142.1,139.7,140.52,5145.0,6,0.0
2022-10-04 14:00:00,140.54,142.36,139.32,141.89,7586.0,6,0.0
2022-10-04 15:00:00,141.87,141.93,140.28,140.83,4284.0,6,0.0
2022-10-04 16:00:00,140.83,141.75,140.65,140.86,4006.0,6,0.0
2022-10-04 17:00:00,140.84,140.88,139.38,140.54,3963.0,6,0.0
2022-10-04 18:00:00,140.56,140.85,140.23,140.54,3363.0,6,0.0
2022-10-04 19:00:00,140.54,140.71,139.48,139.95,3174.0,6,0.0
2022-10-05 10:00:00,139.07,139.59,138.96,139.49,60.0,40,0.0
2022-10-05 11:00:00,139.4,139.49,138.99,139.31,196.0,16,0.0
2022-10-05 12:00:00,139.39,139.39,138.49,138.72,322.0,16,0.0
2022-10-05 13:00:00,138.71,138.88,136.34,136.98,5336.0,6,0.0
2022-10-05 14:00:00,136.97,137.01,134.75,135.01,7004.0,6,0.0
2022-10-05 15:00:00,135.0,135.85,134.78,135.66,4132.0,6,0.0
2022-10-05 16:00:00,135.67,137.13,135.21,136.66,3789.0,6,0.0
2022-10-05 17:00:00,136.66,138.26,136.56,137.85,3044.0,6,0.0
2022-10-05 18:00:00,137.84,139.09,137.65,139.08,3442.0,6,0.0
2022-10-05 19:00:00,139.09,140.17,139.08,140.06,2890.0,6,0.0
2022-10-06 10:00:00,137.08,137.77,137.02,137.56,202.0,40,0.0
2022-10-06 11:00:00,137.56,138.05,137.54,137.95,310.0,40,0.0
2022-10-06 12:00:00,137.94,139.14,137.66,138.61,450.0,16,0.0
2022-10-06 13:00:00,138.7,139.46,136.88,137.93,5993.0,6,0.0
2022-10-06 14:00:00,137.94,139.63,136.58,139.61,8384.0,6,0.0
2022-10-06 15:00:00,139.62,141.4,139.09,139.74,7264.0,6,0.0
2022-10-06 16:00:00,139.73,140.14,138.98,139.81,4873.0,6,0.0
2022-10-06 17:00:00,139.82,141.39,139.44,141.2,4070.0,6,0.0
2022-10-06 18:00:00,141.22,141.23,139.34,139.66,4361.0,6,0.0
2022-10-06 19:00:00,139.65,139.79,139.13,139.42,3829.0,6,0.0
2022-10-07 10:00:00,138.73,139.63,138.61,139.34,707.0,16,0.0
2022-10-07 11:00:00,139.42,139.79,138.97,139.31,327.0,16,0.0
2022-10-07 12:00:00,139.31,139.99,136.43,137.26,944.0,16,0.0
2022-10-07 13:00:00,137.28,138.23,135.05,135.2,7536.0,6,0.0
2022-10-07 14:00:00,135.21,136.35,134.8,135.91,7439.0,6,0.0
2022-10-07 15:00:00,135.92,136.11,134.38,134.92,4813.0,6,0.0
2022-10-07 16:00:00,134.9,135.23,134.0,134.64,3540.0,6,0.0
2022-10-07 17:00:00,134.63,134.63,132.51,132.63,3709.0,6,0.0
2022-10-07 18:00:00,132.63,133.42,132.41,133.11,4002.0,6,0.0
2022-10-07 19:00:00,133.1,133.62,132.53,133.2,2975.0,6,0.0
2022-10-10 10:00:00,132.73,132.82,132.42,132.48,139.0,16,0.0
2022-10-10 11:00:00,132.53,133.49,132.5,133.17,364.0,16,0.0
2022-10-10 12:00:00,133.14,133.97,132.52,133.87,590.0,16,0.0
2022-10-10 13:00:00,133.85,136.07,132.79,134.28,6232.0,6,0.0
2022-10-10 14:00:00,134.29,135.19,133.51,133.68,7570.0,6,0.0
2022-10-10 15:00:00,133.66,134.5,133.2,133.73,5528.0,6,0.0
2022-10-10 16:00:00,133.74,133.76,131.98,132.0,3703.0,6,0.0
2022-10-10 17:00:00,131.98,134.54,131.84,134.18,4361.0,6,0.0
2022-10-10 18:00:00,134.19,134.59,133.6,133.93,4949.0,6,0.0
2022-10-10 19:00:00,133.94,134.45,133.59,133.92,4070.0,6,0.0
2022-10-11 10:00:00,131.36,131.56,131.06,131.43,139.0,40,0.0
2022-10-11 11:00:00,131.42,132.0,131.4,131.83,213.0,40,0.0
2022-10-11 12:00:00,131.8,132.42,131.44,131.71,441.0,40,0.0
2022-10-11 13:00:00,131.71,132.6,127.36,127.5,7354.0,6,0.0
2022-10-11 14:00:00,127.49,129.35,126.96,128.76,8022.0,6,0.0
2022-10-11 15:00:00,128.78,130.92,128.71,130.52,6924.0,6,0.0
2022-10-11 16:00:00,130.53,131.42,129.46,130.72,5066.0,6,0.0
2022-10-11 17:00:00,130.73,131.04,129.94,130.33,4906.0,6,0.0
2022-10-11 18:00:00,130.32,130.61,128.04,128.14,5789.0,6,0.0
2022-10-11 19:00:00,128.12,128.56,127.47,128.37,5659.0,6,0.0
2022-10-12 10:00:00,129.74,129.77,129.3,129.39,102.0,40,0.0
2022-10-12 11:00:00,129.48,129.79,129.28,129.64,149.0,40,0.0
2022-10-12 12:00:00,129.64,130.03,128.42,128.78,547.0,40,0.0
2022-10-12 13:00:00,128.78,129.6,127.27,128.0,6542.0,6,0.0
2022-10-12 14:00:00,128.01,128.49,126.8,127.09,7030.0,6,0.0
2022-10-12 15:00:00,127.1,128.9,127.0,128.06,5770.0,6,0.0
2022-10-12 16:00:00,128.04,128.2,126.74,127.36,3767.0,6,0.0
2022-10-12 17:00:00,127.36,127.58,126.39,126.51,2919.0,6,0.0
2022-10-12 18:00:00,126.53,127.97,126.23,127.53,8258.0,6,0.0
2022-10-12 19:00:00,127.52,128.14,126.93,128.06,2995.0,6,0.0
2022-10-13 10:00:00,127.77,127.9,127.62,127.72,171.0,8,0.0
2022-10-13 11:00:00,127.68,128.53,127.49,128.18,525.0,16,0.0
2022-10-13 12:00:00,128.18,128.78,122.56,123.11,1161.0,40,0.0
2022-10-13 13:00:00,123.14,125.39,122.5,124.54,7706.0,6,0.0
2022-10-13 14:00:00,124.55,125.7,124.19,124.78,10302.0,6,0.0
2022-10-13 15:00:00,124.77,130.64,124.42,129.38,13296.0,6,0.0
2022-10-13 16:00:00,129.39,129.82,128.12,129.3,7373.0,6,0.0
2022-10-13 17:00:00,129.31,130.95,129.31,130.26,5326.0,6,0.0
2022-10-13 18:00:00,130.26,130.5,129.35,130.35,4710.0,6,0.0
2022-10-13 19:00:00,130.35,131.1,129.89,130.35,3894.0,6,0.0
2022-10-14 10:00:00,129.43,130.78,129.3,130.27,682.0,16,0.0
2022-10-14 11:00:00,130.25,130.55,129.29,129.37,449.0,16,0.0
2022-10-14 12:00:00,129.35,132.43,129.24,131.81,711.0,16,0.0
2022-10-14 13:00:00,131.8,132.27,129.0,129.77,6187.0,6,0.0
2022-10-14 14:00:00,129.74,129.74,127.14,128.45,9509.0,6,0.0
2022-10-14 15:00:00,128.44,129.27,127.23,127.56,5544.0,6,0.0
2022-10-14 16:00:00,127.54,128.34,127.28,127.99,4545.0,6,0.0
2022-10-14 17:00:00,127.99,128.62,127.8,128.57,3332.0,6,0.0
2022-10-14 18:00:00,128.55,128.55,127.28,127.69,3578.0,6,0.0
2022-10-14 19:00:00,127.7,127.96,127.23,127.48,3131.0,6,0.0
2022-10-17 10:00:00,128.3,129.01,128.19,128.72,343.0,16,0.0
2022-10-17 11:00:00,128.65,128.92,128.3,128.55,350.0,16,0.0
2022-10-17 12:00:00,128.51,129.1,128.01,129.1,468.0,16,0.0
2022-10-17 13:00:00,129.14,132.34,129.14,131.34,6201.0,6,0.0
2022-10-17 14:00:00,131.33,132.24,130.8,130.9,6569.0,6,0.0
2022-10-17 15:00:00,130.89,133.75,130.85,133.66,3990.0,6,0.0
2022-10-17 16:00:00,133.66,134.04,133.27,133.85,3440.0,6,0.0
2022-10-17 17:00:00,133.85,134.59,133.6,134.57,2744.0,6,0.0
2022-10-17 18:00:00,134.55,134.74,133.93,134.11,2614.0,6,0.0
2022-10-17 19:00:00,134.1,134.39,133.53,134.34,2722.0,6,0.0
2022-10-18 10:00:00,135.82,136.46,135.61,135.75,262.0,40,0.0
2022-10-18 11:00:00,135.87,136.84,135.69,136.52,374.0,40,0.0
2022-10-18 12:00:00,136.49,137.02,136.28,136.85,352.0,16,0.0
2022-10-18 13:00:00,136.88,137.81,134.53,135.12,6511.0,6,0.0
2022-10-18 14:00:00,135.13,135.93,133.45,133.53,7301.0,6,0.0
2022-10-18 15:00:00,133.51,133.95,131.36,132.57,6294.0,6,0.0
2022-10-18 16:00:00,132.56,133.9,132.24,133.05,4388.0,6,0.0
2022-10-18 17:00:00,133.03,134.04,132.45,133.76,4963.0,6,0.0
2022-10-18 18:00:00,133.75,133.83,132.1,132.88,5397.0,6,0.0
2022-10-18 19:00:00,132.87,133.2,132.34,133.08,4217.0,6,0.0
2022-10-19 10:00:00,134.1,134.28,132.61,133.15,389.0,40,0.0
2022-10-19 11:00:00,133.3,133.79,132.27,132.99,652.0,40,0.0
2022-10-19 12:00:00,132.96,133.19,132.0,132.6,696.0,40,0.0
2022-10-19 13:00:00,132.77,135.67,131.96,133.16,5592.0,6,0.0
2022-10-19 14:00:00,133.15,136.95,132.68,134.94,7086.0,6,0.0
2022-10-19 15:00:00,134.92,135.87,134.68,135.44,5409.0,6,0.0
2022-10-19 16:00:00,135.42,135.61,133.42,133.64,4466.0,6,0.0
2022-10-19 17:00:00,133.63,133.77,132.23,133.16,4638.0,6,0.0
2022-10-19 18:00:00,133.15,133.71,132.66,132.75,3709.0,6,0.0
2022-10-19 19:00:00,132.76,133.3,132.2,132.54,2949.0,6,0.0
2022-10-20 10:00:00,132.64,134.01,132.58,133.33,303.0,8,0.0
2022-10-20 11:00:00,133.29,134.07,132.97,133.52,481.0,16,0.0
2022-10-20 12:00:00,133.42,134.22,132.78,132.86,720.0,16,0.0
2022-10-20 13:00:00,132.86,135.4,132.23,134.71,6338.0,6,0.0
2022-10-20 14:00:00,134.71,136.73,134.56,136.26,6532.0,6,0.0
2022-10-20 15:00:00,136.27,136.62,135.56,135.67,4423.0,6,0.0
2022-10-20 16:00:00,135.67,135.78,133.13,133.61,4610.0,6,0.0
2022-10-20 17:00:00,133.61,133.74,131.9,132.12,4527.0,6,0.0
2022-10-20 18:00:00,132.1,132.13,131.38,131.96,3691.0,6,0.0
2022-10-20 19:00:00,131.96,132.39,131.29,131.84,3138.0,6,0.0
2022-10-21 10:00:00,126.37,126.42,126.11,126.24,99.0,40,0.0
2022-10-21 11:00:00,126.26,126.75,125.72,126.35,348.0,40,0.0
2022-10-21 12:00:00,126.35,126.53,125.43,125.87,682.0,40,0.0
2022-10-21 13:00:00,125.86,128.85,125.81,128.28,9915.0,6,0.0
2022-10-21 14:00:00,128.3,129.43,126.86,127.2,11457.0,6,0.0
2022-10-21 15:00:00,127.21,128.17,125.42,128.12,8312.0,6,0.0
2022-10-21 16:00:00,128.13,128.79,127.52,128.08,5729.0,6,0.0
2022-10-21 17:00:00,128.08,128.87,127.98,128.83,3313.0,6,0.0
2022-10-21 18:00:00,128.82,129.99,128.75,129.14,3568.0,6,0.0
2022-10-21 19:00:00,129.15,130.0,129.03,129.91,2356.0,6,0.0
2022-10-24 10:00:00,130.07,130.32,127.0,127.76,881.0,16,0.0
2022-10-24 11:00:00,127.76,129.06,127.5,128.54,696.0,40,0.0
2022-10-24 12:00:00,128.51,128.91,127.46,128.32,513.0,16,0.0
2022-10-24 13:00:00,128.24,128.73,124.69,125.67,8462.0,6,0.0
2022-10-24 14:00:00,125.68,131.63,124.54,131.38,15096.0,6,0.0
2022-10-24 15:00:00,131.4,132.11,128.78,131.26,8301.0,6,0.0
2022-10-24 16:00:00,131.26,133.41,130.11,132.36,4758.0,6,0.0
2022-10-24 17:00:00,132.35,132.53,128.18,129.04,7964.0,6,0.0
2022-10-24 18:00:00,129.06,130.5,128.97,130.15,4105.0,6,0.0
2022-10-24 19:00:00,130.15,131.18,130.06,130.37,2441.0,6,0.0
2022-10-25 10:00:00,128.89,129.52,128.89,129.52,123.0,40,0.0
2022-10-25 11:00:00,129.52,130.5,129.36,129.93,431.0,40,0.0
2022-10-25 12:00:00,129.92,129.99,129.45,129.76,189.0,40,0.0
2022-10-25 13:00:00,129.71,134.88,129.71,133.68,5808.0,6,0.0
2022-10-25 14:00:00,133.67,134.61,133.24,133.67,6103.0,6,0.0
2022-10-25 15:00:00,133.67,135.53,133.62,135.0,3677.0,6,0.0
2022-10-25 16:00:00,134.99,136.15,134.78,136.04,2756.0,6,0.0
2022-10-25 17:00:00,136.05,136.42,135.04,135.57,3945.0,6,0.0
2022-10-25 18:00:00,135.57,137.68,135.51,137.42,2769.0,6,0.0
2022-10-25 19:00:00,137.4,138.3,137.1,137.76,2665.0,6,0.0
2022-10-26 10:00:00,131.78,131.97,131.77,131.9,92.0,40,0.0
2022-10-26 11:00:00,131.9,131.99,131.67,131.73,202.0,40,0.0
2022-10-26 12:00:00,131.75,131.82,130.99,131.78,348.0,40,0.0
2022-10-26 13:00:00,131.78,133.72,130.55,132.11,7680.0,6,0.0
2022-10-26 14:00:00,132.13,135.01,132.13,133.92,7901.0,6,0.0
2022-10-26 15:00:00,133.93,135.5,133.93,134.11,4311.0,6,0.0
2022-10-26 16:00:00,134.11,134.2,131.68,131.84,3727.0,6,0.0
2022-10-26 17:00:00,131.83,131.93,129.88,130.07,4511.0,6,0.0
2022-10-26 18:00:00,130.08,130.61,128.51,128.98,3848.0,6,0.0
2022-10-26 19:00:00,128.97,130.49,128.61,129.95,3040.0,6,0.0
2022-10-27 10:00:00,103.4,104.74,102.82,103.02,799.0,40,0.0
2022-10-27 11:00:00,102.99,103.29,99.79,100.29,3044.0,8,0.0
2022-10-27 12:00:00,100.29,100.74,98.62,100.24,4950.0,6,0.0
2022-10-27 13:00:00,100.23,101.29,97.33,101.18,22260.0,6,0.0
2022-10-27 14:00:00,101.17,102.45,100.15,100.15,11477.0,6,0.0
2022-10-27 15:00:00,100.14,101.35,99.77,100.04,5094.0,6,0.0
2022-10-27 16:00:00,100.04,101.65,99.97,100.85,4509.0,6,0.0
2022-10-27 17:00:00,100.86,101.2,99.48,99.49,2743.0,6,0.0
2022-10-27 18:00:00,99.49,99.56,97.39,97.49,2343.0,6,0.0
2022-10-27 19:00:00,97.5,98.5,96.36,98.02,3652.0,6,0.0
2022-10-28 10:00:00,97.7,98.15,97.63,97.95,332.0,8,0.0
2022-10-28 11:00:00,97.98,99.28,97.98,99.18,669.0,8,0.0
2022-10-28 12:00:00,99.15,99.7,98.15,99.58,1122.0,8,0.0
2022-10-28 13:00:00,99.58,100.8,98.04,99.92,10229.0,6,0.0
2022-10-28 14:00:00,99.94,100.8,98.88,99.13,7945.0,6,0.0
2022-10-28 15:00:00,99.14,100.14,98.11,98.28,3993.0,6,0.0
2022-10-28 16:00:00,98.28,99.03,97.48,98.57,3623.0,6,0.0
2022-10-28 17:00:00,98.58,99.31,98.41,99.09,2790.0,6,0.0
2022-10-28 18:00:00,99.09,99.27,98.78,98.97,1994.0,6,0.0
2022-10-28 19:00:00,98.97,99.68,98.89,99.43,1588.0,6,0.0
2022-10-31 10:00:00,98.06,98.17,97.61,97.94,153.0,40,0.0
2022-10-31 11:00:00,97.95,98.38,97.85,98.3,260.0,16,0.0
2022-10-31 12:00:00,98.27,98.3,97.62,98.04,492.0,16,0.0
2022-10-31 13:00:00,98.04,99.28,95.82,96.03,8526.0,6,0.0
2022-10-31 14:00:00,96.01,96.68,94.02,94.49,7318.0,6,0.0
2022-10-31 15:00:00,94.47,94.91,93.93,94.41,5549.0,6,0.0
2022-10-31 16:00:00,94.43,94.72,92.99,93.02,4354.0,6,0.0
2022-10-31 17:00:00,93.03,93.57,92.79,92.97,4174.0,6,0.0
2022-10-31 18:00:00,92.96,93.48,92.58,93.21,4021.0,6,0.0
2022-10-31 19:00:00,93.23,93.91,92.7,93.82,2795.0,6,0.0
2022-11-01 10:00:00,94.56,94.73,94.39,94.56,265.0,16,0.0
2022-11-01 11:00:00,94.56,94.63,94.18,94.63,374.0,9,0.0
2022-11-01 12:00:00,94.64,94.69,94.32,94.42,462.0,8,0.0
2022-11-01 13:00:00,94.43,95.02,93.68,94.71,7346.0,6,0.0
2022-11-01 14:00:00,94.73,95.43,93.53,94.59,8953.0,6,0.0
2022-11-01 15:00:00,94.58,95.2,93.91,94.45,4938.0,6,0.0
2022-11-01 16:00:00,94.44,96.92,94.18,96.43,7847.0,6,0.0
2022-11-01 17:00:00,96.45,97.45,95.66,96.92,7067.0,6,0.0
2022-11-01 18:00:00,96.93,97.23,95.19,95.77,4020.0,6,0.0
2022-11-01 19:00:00,95.78,96.05,95.3,95.62,2591.0,6,0.0
2022-11-02 10:00:00,95.0,95.13,94.74,94.93,141.0,16,0.0
2022-11-02 11:00:00,94.89,95.06,94.7,94.83,215.0,16,0.0
2022-11-02 12:00:00,94.83,94.88,94.39,94.62,372.0,16,0.0
2022-11-02 13:00:00,94.59,94.98,92.8,93.37,6257.0,6,0.0
2022-11-02 14:00:00,93.36,93.83,92.7,92.93,4485.0,6,0.0
2022-11-02 15:00:00,92.93,93.17,92.42,92.93,2816.0,6,0.0
2022-11-02 16:00:00,92.91,93.22,92.59,92.85,2258.0,6,0.0
2022-11-02 17:00:00,92.86,93.35,92.5,93.19,2091.0,6,0.0
2022-11-02 18:00:00,93.19,95.17,92.43,92.87,17565.0,6,0.0
2022-11-02 19:00:00,92.86,93.27,91.37,91.58,5908.0,6,0.0
2022-11-03 10:00:00,90.61,90.8,90.24,90.33,442.0,16,0.0
2022-11-03 11:00:00,90.33,90.51,89.98,90.25,680.0,16,0.0
2022-11-03 12:00:00,90.25,90.63,89.94,90.08,429.0,16,0.0
2022-11-03 13:00:00,90.08,90.47,88.66,88.76,7706.0,6,0.0
2022-11-03 14:00:00,88.77,90.09,88.38,89.94,6186.0,6,0.0
2022-11-03 15:00:00,89.94,90.1,88.48,88.5,3850.0,6,0.0
2022-11-03 16:00:00,88.5,90.42,88.43,90.13,3333.0,6,0.0
2022-11-03 17:00:00,90.13,90.25,89.03,89.51,2357.0,6,0.0
2022-11-03 18:00:00,89.52,89.69,89.2,89.61,2045.0,6,0.0
2022-11-03 19:00:00,89.62,89.93,89.27,89.5,1787.0,6,0.0
2022-11-04 10:00:00,89.79,89.88,89.62,89.79,169.0,8,0.0
2022-11-04 11:00:00,89.79,89.81,89.56,89.72,242.0,8,0.0
2022-11-04 12:00:00,89.74,90.17,89.2,89.96,732.0,8,0.0
2022-11-04 13:00:00,89.96,91.35,88.3,89.63,7178.0,6,0.0
2022-11-04 14:00:00,89.63,90.49,89.0,89.39,6694.0,6,0.0
2022-11-04 15:00:00,89.4,89.55,88.17,88.34,4523.0,6,0.0
2022-11-04 16:00:00,88.32,89.36,88.06,88.96,4068.0,6,0.0
2022-11-04 17:00:00,88.95,89.62,88.63,89.23,3664.0,6,0.0
2022-11-04 18:00:00,89.23,90.29,88.71,90.21,2821.0,6,0.0
2022-11-04 19:00:00,90.22,90.7,90.1,90.65,2117.0,6,0.0
2022-11-07 11:00:00,93.97,94.15,93.48,93.68,322.0,40,0.0
2022-11-07 12:00:00,93.67,93.67,92.98,93.44,558.0,16,0.0
2022-11-07 13:00:00,93.44,93.75,93.26,93.67,845.0,8,0.0
2022-11-07 14:00:00,93.69,95.83,93.07,95.14,10386.0,6,0.0
2022-11-07 15:00:00,95.15,96.8,94.99,96.79,7079.0,6,0.0
2022-11-07 16:00:00,96.79,96.84,95.14,95.17,4522.0,6,0.0
2022-11-07 17:00:00,95.17,95.46,94.27,94.65,2987.0,6,0.0
2022-11-07 18:00:00,94.65,95.81,94.64,94.95,2359.0,6,0.0
2022-11-07 19:00:00,94.95,95.9,94.89,95.61,2012.0,6,0.0
2022-11-07 20:00:00,95.61,96.46,95.57,96.32,1454.0,6,0.0
2022-11-08 11:00:00,96.28,96.78,96.27,96.75,259.0,6,0.0
2022-11-08 12:00:00,96.75,96.75,96.24,96.4,312.0,8,0.0
2022-11-08 13:00:00,96.44,96.74,96.0,96.58,432.0,8,0.0
2022-11-08 14:00:00,96.55,97.09,95.32,95.53,5704.0,6,0.0
2022-11-08 15:00:00,95.51,96.11,94.99,95.39,5137.0,6,0.0
2022-11-08 16:00:00,95.38,96.45,95.35,95.78,2879.0,6,0.0
2022-11-08 17:00:00,95.78,97.52,95.78,97.37,2913.0,6,0.0
2022-11-08 18:00:00,97.38,97.76,95.86,95.99,3729.0,6,0.0
2022-11-08 19:00:00,95.99,96.27,94.77,95.46,4243.0,6,0.0
2022-11-08 20:00:00,95.46,96.72,95.4,96.37,2512.0,6,0.0
2022-11-09 11:00:00,96.34,100.63,96.29,100.23,1371.0,8,0.0
2022-11-09 12:00:00,100.18,101.94,99.94,101.79,1630.0,8,0.0
2022-11-09 13:00:00,101.8,102.07,99.94,101.04,2515.0,8,0.0
2022-11-09 14:00:00,101.04,103.29,100.86,102.89,11310.0,6,0.0
2022-11-09 15:00:00,102.88,104.2,102.53,102.77,9310.0,6,0.0
2022-11-09 16:00:00,102.79,104.85,102.73,104.34,4949.0,6,0.0
2022-11-09 17:00:00,104.35,104.71,102.53,102.94,4425.0,6,0.0
2022-11-09 18:00:00,102.94,103.2,101.91,102.35,4140.0,6,0.0
2022-11-09 19:00:00,102.33,102.86,101.46,101.75,3384.0,6,0.0
2022-11-09 20:00:00,101.76,102.2,101.39,101.59,2766.0,6,0.0
2022-11-10 11:00:00,102.13,102.38,101.88,101.99,229.0,16,0.0
2022-11-10 12:00:00,102.0,102.01,101.42,101.56,210.0,16,0.0
2022-11-10 13:00:00,101.56,107.09,101.05,106.82,1837.0,8,0.0
2022-11-10 14:00:00,106.82,107.84,104.59,107.08,9907.0,6,0.0
2022-11-10 15:00:00,107.07,108.19,106.29,108.01,8329.0,6,0.0
2022-11-10 16:00:00,108.02,110.25,107.74,110.12,4845.0,6,0.0
2022-11-10 17:00:00,110.12,110.32,108.81,108.89,3961.0,6,0.0
2022-11-10 18:00:00,108.9,109.88,108.85,109.77,3520.0,6,0.0
2022-11-10 19:00:00,109.77,112.14,109.64,112.1,3845.0,6,0.0
2022-11-10 20:00:00,112.09,112.71,111.8,112.0,2571.0,6,0.0
2022-11-11 11:00:00,111.63,111.85,111.45,111.57,242.0,8,0.0
2022-11-11 12:00:00,111.64,111.86,111.1,111.8,393.0,16,0.0
2022-11-11 13:00:00,111.8,112.2,109.48,109.64,1051.0,16,0.0
2022-11-11 14:00:00,109.66,112.44,108.76,111.39,8320.0,6,0.0
2022-11-11 15:00:00,111.37,113.62,110.73,113.53,8985.0,6,0.0
2022-11-11 16:00:00,113.52,113.72,110.93,112.16,5902.0,6,0.0
2022-11-11 17:00:00,112.14,113.8,111.64,113.74,5031.0,6,0.0
2022-11-11 18:00:00,113.72,114.71,113.71,114.43,3149.0,6,0.0
2022-11-11 19:00:00,114.44,114.86,113.88,113.94,3150.0,6,0.0
2022-11-11 20:00:00,113.96,113.96,112.53,113.11,3414.0,6,0.0
2022-11-14 11:00:00,111.71,111.86,111.64,111.74,69.0,40,0.0
2022-11-14 12:00:00,111.74,112.22,111.74,112.12,143.0,40,0.0
2022-11-14 13:00:00,112.12,112.12,111.7,111.93,170.0,16,0.0
2022-11-14 14:00:00,111.94,113.16,110.75,112.42,6905.0,6,0.0
2022-11-14 15:00:00,112.44,115.23,112.38,114.81,6707.0,6,0.0
2022-11-14 16:00:00,114.81,115.25,113.48,114.86,4426.0,6,0.0
2022-11-14 17:00:00,114.86,115.61,114.75,114.95,3576.0,6,0.0
2022-11-14 18:00:00,114.95,116.23,114.63,115.89,2582.0,6,0.0
2022-11-14 19:00:00,115.9,116.18,114.73,114.79,2906.0,6,0.0
2022-11-14 20:00:00,114.81,115.26,114.05,114.61,2867.0,6,0.0
2022-11-15 11:00:00,114.87,115.1,114.36,114.57,244.0,16,0.0
2022-11-15 12:00:00,114.59,115.24,114.51,115.11,281.0,16,0.0
2022-11-15 13:00:00,115.11,118.14,114.9,117.32,952.0,16,0.0
2022-11-15 14:00:00,117.28,117.83,115.82,117.64,8208.0,6,0.0
2022-11-15 15:00:00,117.65,118.24,116.02,116.45,6120.0,6,0.0
2022-11-15 16:00:00,116.44,117.8,116.04,117.73,4673.0,6,0.0
2022-11-15 17:00:00,117.74,118.7,117.04,117.44,4890.0,6,0.0
2022-11-15 18:00:00,117.45,117.6,114.4,115.86,7788.0,6,0.0
2022-11-15 19:00:00,115.87,117.23,115.15,117.11,7728.0,6,0.0
2022-11-15 20:00:00,117.11,117.48,116.73,117.04,3317.0,6,0.0
2022-11-16 11:00:00,117.12,117.17,116.7,116.74,394.0,6,0.0
2022-11-16 12:00:00,116.77,116.87,116.26,116.58,332.0,16,0.0
2022-11-16 13:00:00,116.6,116.73,115.36,115.36,314.0,16,0.0
2022-11-16 14:00:00,115.41,116.03,113.4,114.18,7279.0,6,0.0
2022-11-16 15:00:00,114.19,114.69,112.63,112.76,6014.0,6,0.0
2022-11-16 16:00:00,112.75,113.46,112.68,113.31,3187.0,6,0.0
2022-11-16 17:00:00,113.32,114.41,112.77,114.0,3191.0,6,0.0
2022-11-16 18:00:00,114.0,114.32,112.74,112.89,2827.0,6,0.0
2022-11-16 19:00:00,112.88,113.62,112.76,113.4,2541.0,6,0.0
2022-11-16 20:00:00,113.39,113.46,112.82,113.12,1686.0,6,0.0
2022-11-17 11:00:00,111.21,111.75,110.97,111.73,507.0,16,0.0
2022-11-17 12:00:00,111.73,111.97,111.15,111.19,348.0,16,0.0
2022-11-17 13:00:00,111.23,111.23,109.98,110.24,536.0,16,0.0
2022-11-17 14:00:00,110.11,111.2,109.3,110.26,5525.0,6,0.0
2022-11-17 15:00:00,110.27,111.58,109.93,110.85,6022.0,6,0.0
2022-11-17 16:00:00,110.85,112.05,110.85,111.93,3781.0,6,0.0
2022-11-17 17:00:00,111.94,112.21,111.37,111.78,3312.0,6,0.0
2022-11-17 18:00:00,111.78,112.28,111.27,112.03,2906.0,6,0.0
2022-11-17 19:00:00,112.03,112.12,111.01,111.02,2995.0,6,0.0
2022-11-17 20:00:00,111.0,111.24,110.65,111.18,1921.0,6,0.0
2022-11-18 11:00:00,112.71,113.07,112.71,112.93,181.0,40,0.0
2022-11-18 12:00:00,112.85,113.35,112.7,113.14,191.0,40,0.0
2022-11-18 13:00:00,113.12,113.5,113.03,113.43,218.0,16,0.0
2022-11-18 14:00:00,113.45,114.28,110.61,113.21,9397.0,6,0.0
2022-11-18 15:00:00,113.23,113.42,111.95,112.29,6754.0,6,0.0
2022-11-18 16:00:00,112.29,112.5,111.66,112.04,3778.0,6,0.0
2022-11-18 17:00:00,112.05,112.18,111.28,111.84,3078.0,6,0.0
2022-11-18 18:00:00,111.85,112.06,111.24,111.6,2369.0,6,0.0
2022-11-18 19:00:00,111.6,111.73,111.18,111.39,2075.0,6,0.0
2022-11-18 20:00:00,111.38,112.32,111.27,112.2,1719.0,6,0.0
2022-11-21 11:00:00,110.8,110.9,110.64,110.7,60.0,40,0.0
2022-11-21 12:00:00,110.72,111.08,110.67,110.86,185.0,40,0.0
2022-11-21 13:00:00,110.9,111.38,110.9,111.33,119.0,40,0.0
2022-11-21 14:00:00,111.37,112.32,110.85,111.13,4464.0,6,0.0
2022-11-21 15:00:00,111.14,111.16,109.67,110.39,4199.0,6,0.0
2022-11-21 16:00:00,110.38,110.71,109.95,110.09,2848.0,6,0.0
2022-11-21 17:00:00,110.09,110.24,109.16,109.28,2191.0,6,0.0
2022-11-21 18:00:00,109.26,110.64,109.25,110.34,2111.0,6,0.0
2022-11-21 19:00:00,110.33,110.4,109.6,110.0,1844.0,6,0.0
2022-11-21 20:00:00,109.99,110.18,109.54,109.61,1549.0,6,0.0
2022-11-22 11:00:00,110.14,110.21,109.48,109.92,290.0,16,0.0
2022-11-22 12:00:00,109.98,110.21,109.86,110.06,79.0,16,0.0
2022-11-22 13:00:00,110.06,110.41,109.95,110.3,171.0,16,0.0
2022-11-22 14:00:00,110.31,110.4,108.29,108.51,4324.0,6,0.0
2022-11-22 15:00:00,108.5,111.15,108.44,110.22,6605.0,6,0.0
2022-11-22 16:00:00,110.23,110.79,109.62,110.01,3742.0,6,0.0
2022-11-22 17:00:00,110.01,110.87,109.86,110.38,2037.0,6,0.0
2022-11-22 18:00:00,110.38,111.11,110.29,110.94,1717.0,6,0.0
2022-11-22 19:00:00,110.94,111.0,110.46,110.58,1543.0,6,0.0
2022-11-22 20:00:00,110.57,111.25,110.54,111.1,1324.0,6,0.0
2022-11-23 11:00:00,111.66,111.78,111.45,111.75,126.0,16,0.0
2022-11-23 12:00:00,111.74,111.87,111.65,111.84,137.0,16,0.0
2022-11-23 13:00:00,111.83,111.85,111.36,111.49,216.0,16,0.0
2022-11-23 14:00:00,111.5,112.41,111.2,111.76,6123.0,6,0.0
2022-11-23 15:00:00,111.77,112.43,111.4,112.42,3874.0,6,0.0
2022-11-23 16:00:00,112.42,112.62,110.99,111.22,2496.0,6,0.0
2022-11-23 17:00:00,111.22,111.74,110.71,110.93,2109.0,6,0.0
2022-11-23 18:00:00,110.92,111.86,110.76,111.73,1722.0,6,0.0
2022-11-23 19:00:00,111.73,112.56,111.34,112.35,4273.0,6,0.0
2022-11-23 20:00:00,112.35,112.5,112.08,112.11,1363.0,6,0.0
2022-11-25 11:00:00,112.08,112.08,111.37,111.59,110.0,6,0.0
2022-11-25 12:00:00,111.58,111.94,111.53,111.73,157.0,16,0.0
2022-11-25 13:00:00,111.76,112.09,111.65,111.84,168.0,16,0.0
2022-11-25 14:00:00,111.84,112.68,110.85,111.44,4452.0,6,0.0
2022-11-25 15:00:00,111.45,111.77,111.23,111.34,2613.0,6,0.0
2022-11-25 16:00:00,111.34,111.48,111.12,111.29,1434.0,6,0.0
2022-11-25 17:00:00,111.29,111.62,111.03,111.39,1388.0,6,0.0
2022-11-28 11:00:00,110.14,110.33,110.01,110.24,99.0,40,0.0
2022-11-28 12:00:00,110.21,110.56,110.01,110.48,101.0,40,0.0
2022-11-28 13:00:00,110.55,110.59,110.13,110.4,187.0,40,0.0
2022-11-28 14:00:00,110.38,111.99,110.08,110.54,4385.0,6,0.0
2022-11-28 15:00:00,110.52,110.71,109.17,109.34,3725.0,6,0.0
2022-11-28 16:00:00,109.33,109.65,109.05,109.25,2069.0,6,0.0
2022-11-28 17:00:00,109.25,109.53,108.79,109.21,2529.0,6,0.0
2022-11-28 18:00:00,109.21,109.51,109.11,109.19,1433.0,6,0.0
2022-11-28 19:00:00,109.17,109.23,108.84,108.97,1243.0,6,0.0
2022-11-28 20:00:00,108.96,109.03,108.35,108.67,1012.0,6,0.0
2022-11-29 11:00:00,109.35,109.61,109.18,109.51,70.0,16,0.0
2022-11-29 12:00:00,109.48,109.69,109.25,109.44,88.0,40,0.0
2022-11-29 13:00:00,109.44,109.56,108.73,108.88,210.0,16,0.0
2022-11-29 14:00:00,108.86,110.9,108.8,109.57,5159.0,6,0.0
2022-11-29 15:00:00,109.58,110.08,109.11,109.54,3778.0,6,0.0
2022-11-29 16:00:00,109.55,109.73,108.51,109.09,2823.0,6,0.0
2022-11-29 17:00:00,109.08,109.74,108.89,109.54,1803.0,6,0.0
2022-11-29 18:00:00,109.54,109.54,108.74,109.38,1624.0,6,0.0
2022-11-29 19:00:00,109.38,109.94,109.38,109.92,1768.0,6,0.0
2022-11-29 20:00:00,109.92,110.11,109.69,109.84,1417.0,6,0.0
2022-11-30 11:00:00,109.81,110.01,109.57,109.98,146.0,6,0.0
2022-11-30 12:00:00,109.96,109.96,109.63,109.78,130.0,8,0.0
2022-11-30 13:00:00,109.79,109.89,109.23,109.27,245.0,8,0.0
2022-11-30 14:00:00,109.27,110.6,109.2,110.15,4850.0,6,0.0
2022-11-30 15:00:00,110.16,111.1,109.6,110.81,3870.0,6,0.0
2022-11-30 16:00:00,110.81,113.01,110.8,111.68,4262.0,6,0.0
2022-11-30 17:00:00,111.68,111.86,110.86,110.93,2333.0,6,0.0
2022-11-30 18:00:00,110.91,114.2,110.89,113.94,7403.0,6,0.0
2022-11-30 19:00:00,113.94,116.9,113.92,116.46,7269.0,6,0.0
2022-11-30 20:00:00,116.45,117.76,116.12,117.49,2386.0,6,0.0
2022-12-01 11:00:00,117.16,118.25,117.14,118.07,241.0,8,0.0
2022-12-01 12:00:00,118.1,118.4,117.81,118.27,212.0,16,0.0
2022-12-01 13:00:00,118.27,119.22,117.88,118.53,498.0,16,0.0
2022-12-01 14:00:00,118.58,120.78,118.1,119.79,5192.0,6,0.0
2022-12-01 15:00:00,119.8,120.69,118.43,120.59,5545.0,6,0.0
2022-12-01 16:00:00,120.61,120.65,119.18,119.68,4242.0,6,0.0
2022-12-01 17:00:00,119.69,120.3,118.98,119.96,3313.0,6,0.0
2022-12-01 18:00:00,119.95,120.46,119.6,120.11,2669.0,6,0.0
2022-12-01 19:00:00,120.13,120.76,119.75,120.76,2349.0,6,0.0
2022-12-01 20:00:00,120.76,121.15,119.13,120.49,3072.0,6,0.0
2022-12-02 11:00:00,119.81,119.93,119.5,119.79,162.0,16,0.0
2022-12-02 12:00:00,119.8,120.75,119.73,120.72,218.0,16,0.0
2022-12-02 13:00:00,120.71,120.85,116.32,117.58,946.0,16,0.0
2022-12-02 14:00:00,117.58,120.1,116.85,119.99,6162.0,6,0.0
2022-12-02 15:00:00,119.98,122.33,119.79,121.66,6213.0,6,0.0
2022-12-02 16:00:00,121.64,123.07,121.05,122.75,3754.0,6,0.0
2022-12-02 17:00:00,122.74,123.02,121.86,122.51,2881.0,6,0.0
2022-12-02 18:00:00,122.52,122.9,121.98,122.4,2315.0,6,0.0
2022-12-02 19:00:00,122.4,123.56,122.06,123.45,2457.0,6,0.0
2022-12-02 20:00:00,123.46,123.97,123.18,123.26,1982.0,6,0.0
2022-12-05 11:00:00,122.9,123.59,122.79,123.37,66.0,16,0.0
2022-12-05 12:00:00,123.36,123.57,122.64,122.73,1355.0,6,0.0
2022-12-05 13:00:00,122.75,122.99,122.45,122.6,314.0,8,0.0
2022-12-05 14:00:00,122.58,124.63,121.41,124.42,5745.0,6,0.0
2022-12-05 15:00:00,124.42,124.6,122.48,123.42,6676.0,6,0.0
2022-12-05 16:00:00,123.43,123.76,122.01,122.88,3217.0,6,0.0
2022-12-05 17:00:00,122.87,123.22,121.93,122.19,2300.0,6,0.0
2022-12-05 18:00:00,122.18,122.75,121.72,121.83,2440.0,6,0.0
2022-12-05 19:00:00,121.82,122.19,121.3,121.68,2449.0,6,0.0
2022-12-05 20:00:00,121.68,122.43,121.51,121.99,1946.0,6,0.0
2022-12-06 11:00:00,122.08,122.21,121.79,122.02,352.0,6,0.0
2022-12-06 12:00:00,121.95,122.15,121.95,122.05,80.0,16,0.0
2022-12-06 13:00:00,122.04,122.15,121.55,121.73,177.0,16,0.0
2022-12-06 14:00:00,121.75,122.05,116.34,116.44,6127.0,6,0.0
2022-12-06 15:00:00,116.44,116.45,114.4,114.49,6123.0,6,0.0
2022-12-06 16:00:00,114.5,116.62,114.45,114.91,6146.0,6,0.0
2022-12-06 17:00:00,114.9,115.2,114.32,114.47,3034.0,6,0.0
2022-12-06 18:00:00,114.46,115.27,114.41,114.89,2860.0,6,0.0
2022-12-06 19:00:00,114.89,114.91,114.0,114.35,2410.0,6,0.0
2022-12-06 20:00:00,114.36,114.63,113.72,114.32,2075.0,6,0.0
2022-12-07 11:00:00,113.47,113.47,112.55,113.12,161.0,40,0.0
2022-12-07 12:00:00,113.14,113.27,112.36,112.56,289.0,16,0.0
2022-12-07 13:00:00,112.51,113.36,112.38,113.03,399.0,16,0.0
2022-12-07 14:00:00,113.0,115.84,112.24,113.62,5764.0,6,0.0
2022-12-07 15:00:00,113.61,114.94,112.85,114.45,7934.0,6,0.0
2022-12-07 16:00:00,114.46,115.02,113.04,113.56,4536.0,6,0.0
2022-12-07 17:00:00,113.56,114.1,113.1,114.06,3070.0,6,0.0
2022-12-07 18:00:00,114.06,114.65,113.49,113.52,2728.0,6,0.0
2022-12-07 19:00:00,113.52,114.09,113.19,113.83,2397.0,6,0.0
2022-12-07 20:00:00,113.82,114.11,113.53,113.69,1945.0,6,0.0
2022-12-08 11:00:00,114.26,115.26,114.15,115.15,222.0,16,0.0
2022-12-08 12:00:00,115.15,115.86,114.76,115.8,213.0,16,0.0
2022-12-08 13:00:00,115.79,116.16,115.49,115.75,333.0,16,0.0
2022-12-08 14:00:00,115.7,117.29,114.56,116.34,5401.0,6,0.0
2022-12-08 15:00:00,116.34,116.8,114.68,115.79,4936.0,6,0.0
2022-12-08 16:00:00,115.79,116.34,114.86,115.94,3966.0,6,0.0
2022-12-08 17:00:00,115.94,116.07,114.84,115.09,2765.0,6,0.0
2022-12-08 18:00:00,115.09,116.15,114.94,115.74,2178.0,6,0.0
2022-12-08 19:00:00,115.75,115.89,115.06,115.63,2840.0,6,0.0
2022-12-08 20:00:00,115.63,115.87,115.18,115.64,1765.0,6,0.0
2022-12-09 11:00:00,116.08,116.17,115.91,116.05,85.0,16,0.0
2022-12-09 12:00:00,116.02,116.78,115.92,116.67,201.0,16,0.0
2022-12-09 13:00:00,116.69,116.74,113.84,115.58,598.0,16,0.0
2022-12-09 14:00:00,115.62,115.85,113.84,115.02,4668.0,6,0.0
2022-12-09 15:00:00,115.04,116.7,114.48,116.66,6207.0,6,0.0
2022-12-09 16:00:00,116.66,117.15,116.22,116.78,3754.0,6,0.0
2022-12-09 17:00:00,116.79,117.49,116.41,117.01,2847.0,6,0.0
2022-12-09 18:00:00,117.01,117.23,116.29,116.83,2469.0,6,0.0
2022-12-09 19:00:00,116.83,116.84,116.35,116.63,1884.0,6,0.0
2022-12-09 20:00:00,116.62,116.82,116.06,116.1,1473.0,6,0.0
2022-12-12 13:00:00,116.31,116.35,115.98,116.16,141.0,8,0.0
2022-12-12 14:00:00,116.22,116.32,114.01,114.88,3945.0,6,0.0
2022-12-12 15:00:00,114.86,115.16,113.11,113.49,4134.0,6,0.0
2022-12-12 16:00:00,113.5,114.35,113.29,113.94,2536.0,6,0.0
2022-12-12 17:00:00,113.95,114.12,113.5,113.72,1838.0,6,0.0
2022-12-12 18:00:00,113.72,114.0,113.35,113.72,2287.0,6,0.0
2022-12-12 19:00:00,113.73,114.78,113.4,114.57,1867.0,6,0.0
2022-12-12 20:00:00,114.58,115.1,114.45,114.48,1546.0,6,0.0
2022-12-13 11:00:00,115.19,115.59,115.08,115.26,78.0,40,0.0
2022-12-13 12:00:00,115.24,115.91,115.15,115.85,175.0,16,0.0
2022-12-13 13:00:00,115.82,121.47,115.75,120.88,1374.0,16,0.0
2022-12-13 14:00:00,120.89,123.27,120.29,122.27,7468.0,6,0.0
2022-12-13 15:00:00,122.28,122.45,120.04,120.24,8689.0,6,0.0
2022-12-13 16:00:00,120.26,122.43,119.61,120.8,9020.0,6,0.0
2022-12-13 17:00:00,120.82,121.42,118.6,119.09,6515.0,6,0.0
2022-12-13 18:00:00,119.11,120.14,118.8,119.46,4076.0,6,0.0
2022-12-13 19:00:00,119.45,120.64,119.29,120.09,3999.0,6,0.0
2022-12-13 20:00:00,120.09,120.42,119.02,120.42,3014.0,6,0.0
2022-12-14 11:00:00,120.3,120.39,119.9,120.33,100.0,6,0.0
2022-12-14 12:00:00,120.39,120.74,120.28,120.38,118.0,8,0.0
2022-12-14 13:00:00,120.45,120.5,119.84,119.85,162.0,16,0.0
2022-12-14 14:00:00,119.88,121.32,119.14,120.51,4408.0,6,0.0
2022-12-14 15:00:00,120.53,122.79,120.18,122.62,5155.0,6,0.0
2022-12-14 16:00:00,122.62,124.1,122.41,123.57,3789.0,6,0.0
2022-12-14 17:00:00,123.58,123.65,122.55,122.61,2865.0,6,0.0
2022-12-14 18:00:00,122.61,123.32,122.09,122.15,2598.0,6,0.0
2022-12-14 19:00:00,122.13,122.13,119.43,121.0,15168.0,6,0.0
2022-12-14 20:00:00,121.02,123.14,120.72,121.52,6907.0,6,0.0
2022-12-15 11:00:00,119.43,119.77,119.42,119.58,75.0,40,0.0
2022-12-15 12:00:00,119.64,119.71,119.41,119.68,127.0,40,0.0
2022-12-15 13:00:00,119.69,119.69,118.19,118.65,393.0,40,0.0
2022-12-15 14:00:00,118.62,119.06,116.21,117.23,5673.0,6,0.0
2022-12-15 15:00:00,117.24,117.64,116.02,116.33,5844.0,6,0.0
2022-12-15 16:00:00,116.33,116.65,115.47,115.53,3877.0,6,0.0
2022-12-15 17:00:00,115.52,115.8,115.06,115.25,2593.0,6,0.0
2022-12-15 18:00:00,115.26,115.56,114.03,114.58,2571.0,6,0.0
2022-12-15 19:00:00,114.58,115.03,113.99,114.98,2365.0,6,0.0
2022-12-15 20:00:00,114.98,115.61,114.88,115.01,2144.0,6,0.0
2022-12-16 11:00:00,117.95,118.73,117.72,118.4,266.0,40,0.0
2022-12-16 12:00:00,118.34,118.47,117.94,118.41,313.0,40,0.0
2022-12-16 13:00:00,118.43,118.83,118.08,118.77,360.0,16,0.0
2022-12-16 14:00:00,118.76,123.28,117.89,122.78,8742.0,6,0.0
2022-12-16 15:00:00,122.78,122.78,120.16,121.34,6691.0,6,0.0
2022-12-16 16:00:00,121.35,121.59,120.23,120.39,4561.0,6,0.0
2022-12-16 17:00:00,120.4,120.8,119.36,119.48,2875.0,6,0.0
2022-12-16 18:00:00,119.48,120.08,119.34,119.73,2432.0,6,0.0
2022-12-16 19:00:00,119.73,120.33,119.13,119.64,2349.0,6,0.0
2022-12-16 20:00:00,119.64,120.07,118.79,119.93,2298.0,6,0.0
2022-12-19 11:00:00,117.93,117.97,116.42,117.46,231.0,40,0.0
2022-12-19 12:00:00,117.5,118.05,117.31,117.92,224.0,40,0.0
2022-12-19 13:00:00,117.94,117.94,116.68,117.01,335.0,16,0.0
2022-12-19 14:00:00,117.05,117.76,115.91,116.44,5390.0,6,0.0
2022-12-19 15:00:00,116.43,116.48,115.31,116.1,4594.0,6,0.0
2022-12-19 16:00:00,116.11,116.31,115.41,115.98,2857.0,6,0.0
2022-12-19 17:00:00,115.98,116.75,115.7,116.3,2040.0,6,0.0
2022-12-19 18:00:00,116.31,116.42,114.8,114.97,2408.0,6,0.0
2022-12-19 19:00:00,114.95,115.07,114.58,114.71,2471.0,6,0.0
2022-12-19 20:00:00,114.71,115.01,114.39,114.49,2101.0,6,0.0
2022-12-20 11:00:00,114.77,115.03,114.57,114.57,157.0,6,0.0
2022-12-20 12:00:00,114.59,114.78,113.78,113.78,150.0,8,0.0
2022-12-20 13:00:00,113.78,114.01,113.63,113.71,247.0,16,0.0
2022-12-20 14:00:00,113.71,113.95,112.44,113.69,5742.0,6,0.0
2022-12-20 15:00:00,113.7,116.16,113.6,115.5,6182.0,6,0.0
2022-12-20 16:00:00,115.5,116.36,114.69,115.58,4704.0,6,0.0
2022-12-20 17:00:00,115.59,116.81,115.4,116.81,3506.0,6,0.0
2022-12-20 18:00:00,116.83,117.02,116.05,116.54,2917.0,6,0.0
2022-12-20 19:00:00,116.55,116.9,116.32,116.62,2649.0,6,0.0
2022-12-20 20:00:00,116.63,117.14,116.45,117.01,1745.0,6,0.0
2022-12-21 11:00:00,117.25,117.33,117.02,117.14,231.0,6,0.0
2022-12-21 12:00:00,117.19,117.58,116.77,117.55,243.0,9,0.0
2022-12-21 13:00:00,117.49,117.83,117.1,117.34,547.0,16,0.0
2022-12-21 14:00:00,117.37,118.76,115.65,117.73,5551.0,6,0.0
2022-12-21 15:00:00,117.75,119.36,117.51,119.23,4365.0,6,0.0
2022-12-21 16:00:00,119.24,119.75,119.06,119.56,2920.0,6,0.0
2022-12-21 17:00:00,119.56,119.9,119.09,119.84,2262.0,6,0.0
2022-12-21 18:00:00,119.85,120.1,119.26,119.81,2115.0,6,0.0
2022-12-21 19:00:00,119.81,120.31,119.6,119.79,1978.0,6,0.0
2022-12-21 20:00:00,119.79,119.89,119.54,119.63,1548.0,6,0.0
2022-12-22 11:00:00,119.04,119.18,118.57,118.86,134.0,16,0.0
2022-12-22 12:00:00,118.86,119.03,118.63,118.97,198.0,16,0.0
2022-12-22 13:00:00,118.87,118.91,117.37,117.68,387.0,16,0.0
2022-12-22 14:00:00,117.63,118.59,116.21,117.17,4955.0,6,0.0
2022-12-22 15:00:00,117.16,117.19,115.8,116.05,4466.0,6,0.0
2022-12-22 16:00:00,116.06,116.74,115.98,116.26,3191.0,6,0.0
2022-12-22 17:00:00,116.25,116.3,114.85,114.95,2601.0,6,0.0
2022-12-22 18:00:00,114.96,115.25,114.35,114.86,2316.0,6,0.0
2022-12-22 19:00:00,114.87,116.34,114.79,116.25,3089.0,6,0.0
2022-12-22 20:00:00,116.25,117.15,116.11,116.58,2835.0,6,0.0
2022-12-23 11:00:00,117.69,117.77,116.97,117.06,145.0,40,0.0
2022-12-23 12:00:00,117.08,117.52,117.02,117.49,162.0,16,0.0
2022-12-23 13:00:00,117.56,118.21,115.96,116.94,648.0,16,0.0
2022-12-23 14:00:00,116.98,117.69,115.5,115.84,5159.0,6,0.0
2022-12-23 15:00:00,115.86,117.86,115.55,117.02,6953.0,6,0.0
2022-12-23 16:00:00,117.03,117.45,116.38,117.01,4072.0,6,0.0
2022-12-23 17:00:00,117.01,117.65,116.95,117.59,2726.0,6,0.0
2022-12-23 18:00:00,117.59,117.85,117.26,117.58,2296.0,6,0.0
2022-12-23 19:00:00,117.56,118.09,117.48,117.88,1985.0,6,0.0
2022-12-23 20:00:00,117.87,118.13,117.58,117.79,1633.0,6,0.0
2022-12-27 11:00:00,118.64,118.91,118.21,118.25,137.0,40,0.0
2022-12-27 12:00:00,118.23,118.63,118.18,118.26,231.0,16,0.0
2022-12-27 13:00:00,118.21,118.6,117.63,117.8,355.0,16,0.0
2022-12-27 14:00:00,117.71,118.25,116.07,116.47,4347.0,6,0.0
2022-12-27 15:00:00,116.46,118.56,116.03,117.93,4849.0,6,0.0
2022-12-27 16:00:00,117.93,118.42,117.65,117.89,3201.0,6,0.0
2022-12-27 17:00:00,117.88,118.09,117.16,117.41,2252.0,6,0.0
2022-12-27 18:00:00,117.42,117.52,116.66,116.82,1872.0,6,0.0
2022-12-27 19:00:00,116.82,117.06,116.43,116.72,1792.0,6,0.0
2022-12-27 20:00:00,116.73,117.51,116.65,117.51,1272.0,6,0.0
2022-12-28 11:00:00,116.79,116.8,116.18,116.62,204.0,16,0.0
2022-12-28 12:00:00,116.64,116.84,116.44,116.77,121.0,16,0.0
2022-12-28 13:00:00,116.77,116.81,116.47,116.61,184.0,16,0.0
2022-12-28 14:00:00,116.61,118.11,116.16,117.42,5421.0,6,0.0
2022-12-28 15:00:00,117.42,117.86,116.41,116.43,5034.0,6,0.0
2022-12-28 16:00:00,116.41,116.85,116.07,116.1,2919.0,6,0.0
2022-12-28 17:00:00,116.1,116.9,115.54,116.84,2384.0,6,0.0
2022-12-28 18:00:00,116.86,117.42,116.02,116.02,2356.0,6,0.0
2022-12-28 19:00:00,116.03,116.2,115.59,115.9,1995.0,6,0.0
2022-12-28 20:00:00,115.9,116.23,115.62,115.92,1866.0,6,0.0
2022-12-29 11:00:00,116.62,116.7,116.18,116.21,140.0,16,0.0
2022-12-29 12:00:00,116.18,116.27,115.97,116.22,106.0,16,0.0
2022-12-29 13:00:00,116.18,116.73,116.1,116.49,286.0,16,0.0
2022-12-29 14:00:00,116.49,118.7,115.74,118.67,4907.0,6,0.0
2022-12-29 15:00:00,118.69,120.09,118.58,119.92,4220.0,6,0.0
2022-12-29 16:00:00,119.93,120.09,119.25,120.01,2390.0,6,0.0
2022-12-29 17:00:00,120.0,120.13,119.52,119.7,1901.0,6,0.0
2022-12-29 18:00:00,119.7,120.44,119.27,120.38,1892.0,6,0.0
2022-12-29 19:00:00,120.38,120.69,120.11,120.19,1621.0,6,0.0
2022-12-29 20:00:00,120.19,120.99,120.19,120.72,1200.0,6,0.0
2022-12-30 11:00:00,119.41,119.5,119.22,119.41,54.0,40,0.0
2022-12-30 12:00:00,119.39,119.45,118.49,118.55,124.0,40,0.0
2022-12-30 13:00:00,118.54,118.61,118.22,118.4,119.0,40,0.0
2022-12-30 14:00:00,118.37,119.19,117.62,118.38,4781.0,6,0.0
2022-12-30 15:00:00,118.37,119.13,117.87,118.76,3801.0,6,0.0
2022-12-30 16:00:00,118.75,119.24,118.47,118.77,2402.0,6,0.0
2022-12-30 17:00:00,118.79,119.26,118.6,119.26,1869.0,6,0.0
2022-12-30 18:00:00,119.27,119.29,118.54,118.83,2175.0,6,0.0
2022-12-30 19:00:00,118.83,119.02,118.58,118.95,1575.0,6,0.0
2022-12-30 20:00:00,118.96,119.65,118.93,119.56,1636.0,6,0.0
2023-01-03 11:00:00,121.89,121.96,120.96,121.15,213.0,40,0.0
2023-01-03 12:00:00,121.18,121.48,120.67,121.48,221.0,40,0.0
2023-01-03 13:00:00,121.52,122.03,121.09,121.72,361.0,40,0.0
2023-01-03 14:00:00,121.71,126.32,121.46,122.81,8922.0,6,0.0
2023-01-03 15:00:00,122.82,124.45,122.26,124.41,5889.0,6,0.0
2023-01-03 16:00:00,124.43,124.62,123.54,124.0,3915.0,6,0.0
2023-01-03 17:00:00,123.99,124.5,123.63,124.03,2733.0,6,0.0
2023-01-03 18:00:00,124.04,124.82,123.9,124.71,2508.0,6,0.0
2023-01-03 19:00:00,124.71,125.53,124.12,124.93,2835.0,6,0.0
2023-01-03 20:00:00,124.93,125.72,124.71,124.75,2319.0,6,0.0
2023-01-04 11:00:00,125.41,126.29,125.41,126.04,150.0,40,0.0
2023-01-04 12:00:00,126.04,126.14,125.58,126.01,257.0,16,0.0
2023-01-04 13:00:00,126.02,126.91,125.98,126.61,411.0,16,0.0
2023-01-04 14:00:00,126.43,129.0,126.14,126.83,9015.0,6,0.0
2023-01-04 15:00:00,126.82,127.61,125.83,127.16,8211.0,6,0.0
2023-01-04 16:00:00,127.18,128.85,126.93,128.16,3901.0,6,0.0
2023-01-04 17:00:00,128.17,128.8,127.6,127.85,2249.0,6,0.0
2023-01-04 18:00:00,127.85,128.11,127.05,127.09,2202.0,6,0.0
2023-01-04 19:00:00,127.11,127.99,126.11,127.9,8749.0,6,0.0
2023-01-04 20:00:00,127.88,128.25,126.48,126.68,3080.0,6,0.0
2023-01-05 11:00:00,127.2,127.58,127.13,127.35,254.0,16,0.0
2023-01-05 12:00:00,127.41,127.54,126.92,127.03,176.0,16,0.0
2023-01-05 13:00:00,126.94,127.03,125.7,125.89,403.0,16,0.0
2023-01-05 14:00:00,125.92,126.35,124.63,125.3,7231.0,6,0.0
2023-01-05 15:00:00,125.28,125.63,124.5,125.12,5903.0,6,0.0
2023-01-05 16:00:00,125.12,127.12,125.0,126.3,3756.0,6,0.0
2023-01-05 17:00:00,126.3,126.63,125.74,126.2,2635.0,6,0.0
2023-01-05 18:00:00,126.19,128.04,126.11,127.69,3956.0,6,0.0
2023-01-05 19:00:00,127.7,128.49,127.05,127.92,2698.0,6,0.0
2023-01-05 20:00:00,127.92,128.09,127.44,127.45,1797.0,6,0.0
2023-01-06 11:00:00,126.33,126.58,126.06,126.3,390.0,16,0.0
2023-01-06 12:00:00,126.25,126.41,126.03,126.28,94.0,16,0.0
2023-01-06 13:00:00,126.31,129.54,125.97,128.67,981.0,16,0.0
2023-01-06 14:00:00,128.67,129.14,126.01,126.8,7096.0,6,0.0
2023-01-06 15:00:00,126.83,128.67,126.81,128.42,7588.0,6,0.0
2023-01-06 16:00:00,128.43,129.25,128.22,128.98,3334.0,6,0.0
2023-01-06 17:00:00,128.97,129.16,128.57,128.67,2614.0,6,0.0
2023-01-06 18:00:00,128.68,129.43,128.68,129.14,2063.0,6,0.0
2023-01-06 19:00:00,129.16,129.84,129.06,129.72,2159.0,6,0.0
2023-01-06 20:00:00,129.71,130.23,129.62,130.18,1433.0,6,0.0
2023-01-09 11:00:00,130.22,130.74,130.16,130.52,142.0,6,0.0
2023-01-09 12:00:00,130.54,131.38,130.49,131.03,247.0,16,0.0
2023-01-09 13:00:00,131.04,131.37,130.63,131.03,382.0,16,0.0
2023-01-09 14:00:00,131.01,132.9,130.41,131.68,5698.0,6,0.0
2023-01-09 15:00:00,131.69,132.24,130.8,130.82,5175.0,6,0.0
2023-01-09 16:00:00,130.83,131.42,130.62,131.42,2803.0,6,0.0
2023-01-09 17:00:00,131.42,131.49,130.62,131.39,2453.0,6,0.0
2023-01-09 18:00:00,131.39,131.69,130.58,131.09,2638.0,6,0.0
2023-01-09 19:00:00,131.07,131.41,129.89,130.0,2705.0,6,0.0
2023-01-09 20:00:00,130.01,130.07,129.52,129.8,2341.0,6,0.0
2023-01-10 11:00:00,129.4,129.4,128.62,128.68,228.0,16,0.0
2023-01-10 12:00:00,128.7,128.78,127.65,128.15,441.0,16,0.0
2023-01-10 13:00:00,128.13,128.21,127.57,127.75,431.0,16,0.0
2023-01-10 14:00:00,127.76,130.49,126.93,129.83,7413.0,6,0.0
2023-01-10 15:00:00,129.81,131.84,129.63,131.76,7373.0,6,0.0
2023-01-10 16:00:00,131.75,131.84,131.21,131.66,3926.0,6,0.0
2023-01-10 17:00:00,131.66,132.04,131.38,131.96,2669.0,6,0.0
2023-01-10 18:00:00,131.97,132.12,131.65,131.99,1873.0,6,0.0
2023-01-10 19:00:00,132.01,133.02,131.87,132.94,2157.0,6,0.0
2023-01-10 20:00:00,132.93,133.38,132.55,132.7,2270.0,6,0.0
2023-01-11 11:00:00,132.17,132.55,131.32,131.53,210.0,16,0.0
2023-01-11 12:00:00,131.56,131.64,131.07,131.37,410.0,16,0.0
2023-01-11 13:00:00,131.32,131.64,130.89,131.06,476.0,16,0.0
2023-01-11 14:00:00,131.13,133.14,130.32,132.73,5760.0,6,0.0
2023-01-11 15:00:00,132.75,132.92,131.82,131.82,3992.0,6,0.0
2023-01-11 16:00:00,131.82,133.18,131.76,132.77,2333.0,6,0.0
2023-01-11 17:00:00,132.77,133.78,132.73,133.56,2255.0,6,0.0
2023-01-11 18:00:00,133.56,133.81,132.86,132.96,2196.0,6,0.0
2023-01-11 19:00:00,132.97,133.04,132.48,132.78,1828.0,6,0.0
2023-01-11 20:00:00,132.78,133.19,132.45,132.59,1575.0,6,0.0
2023-01-12 11:00:00,132.74,133.17,132.74,132.98,170.0,8,0.0
2023-01-12 12:00:00,132.98,133.61,132.98,133.54,154.0,16,0.0
2023-01-12 13:00:00,133.54,134.05,130.05,133.83,913.0,16,0.0
2023-01-12 14:00:00,133.9,134.43,131.73,132.31,6530.0,6,0.0
2023-01-12 15:00:00,132.32,134.44,132.32,133.98,7327.0,6,0.0
2023-01-12 16:00:00,133.98,136.13,133.38,136.1,5852.0,6,0.0
2023-01-12 17:00:00,136.09,136.83,135.79,136.58,2907.0,6,0.0
2023-01-12 18:00:00,136.59,137.17,135.75,137.11,3310.0,6,0.0
2023-01-12 19:00:00,137.11,137.64,136.77,137.18,3164.0,6,0.0
2023-01-12 20:00:00,137.18,137.29,136.73,136.77,2090.0,6,0.0
2023-01-13 11:00:00,136.39,136.39,135.27,135.37,158.0,16,0.0
2023-01-13 12:00:00,135.37,135.76,134.55,134.79,325.0,16,0.0
2023-01-13 13:00:00,134.8,135.2,134.42,134.54,360.0,16,0.0
2023-01-13 14:00:00,134.62,136.3,134.37,135.72,4559.0,6,0.0
2023-01-13 15:00:00,135.69,137.04,135.51,136.0,5219.0,6,0.0
2023-01-13 16:00:00,135.99,136.23,135.26,136.17,3096.0,6,0.0
2023-01-13 17:00:00,136.17,136.92,136.1,136.74,2101.0,6,0.0
2023-01-13 18:00:00,136.75,136.98,136.08,136.96,1656.0,6,0.0
2023-01-13 19:00:00,136.96,137.07,136.53,136.7,1633.0,6,0.0
2023-01-13 20:00:00,136.7,137.35,136.69,136.92,1053.0,6,0.0
2023-01-17 11:00:00,135.91,135.96,135.64,135.92,117.0,40,0.0
2023-01-17 12:00:00,135.93,136.39,135.78,135.9,212.0,16,0.0
2023-01-17 13:00:00,135.87,136.26,135.36,135.74,421.0,16,0.0
2023-01-17 14:00:00,135.77,136.69,134.46,135.71,5355.0,6,0.0
2023-01-17 15:00:00,135.72,136.65,135.01,135.89,4644.0,6,0.0
2023-01-17 16:00:00,135.87,136.08,134.29,135.05,2982.0,6,0.0
2023-01-17 17:00:00,135.05,135.2,134.45,135.15,1901.0,6,0.0
2023-01-17 18:00:00,135.15,135.91,135.07,135.9,1741.0,6,0.0
2023-01-17 19:00:00,135.9,136.11,135.5,135.83,1858.0,6,0.0
2023-01-17 20:00:00,135.83,136.06,135.45,135.56,1081.0,6,0.0
2023-01-18 11:00:00,134.87,134.98,134.85,134.89,21.0,16,0.0
2023-01-18 12:00:00,134.89,135.2,134.85,135.07,97.0,16,0.0
2023-01-18 13:00:00,135.07,135.95,134.5,135.54,507.0,16,0.0
2023-01-18 14:00:00,135.49,136.99,135.33,136.42,5649.0,6,0.0
2023-01-18 15:00:00,136.43,137.21,134.48,134.86,4667.0,6,0.0
2023-01-18 16:00:00,134.85,134.94,133.13,133.71,3477.0,6,0.0
2023-01-18 17:00:00,133.71,133.87,133.09,133.47,2409.0,6,0.0
2023-01-18 18:00:00,133.49,133.66,132.88,133.04,2131.0,6,0.0
2023-01-18 19:00:00,133.06,133.94,132.84,133.77,1937.0,6,0.0
2023-01-18 20:00:00,133.77,133.96,132.93,133.03,1332.0,6,0.0
2023-01-19 11:00:00,131.63,131.8,131.41,131.41,80.0,40,0.0
2023-01-19 12:00:00,131.41,131.44,130.98,131.04,131.0,40,0.0
2023-01-19 13:00:00,131.02,131.67,130.99,131.54,319.0,16,0.0
2023-01-19 14:00:00,131.54,134.7,131.17,133.56,3831.0,6,0.0
2023-01-19 15:00:00,133.58,135.78,133.3,134.82,3860.0,6,0.0
2023-01-19 16:00:00,134.82,135.61,134.36,134.85,2787.0,6,0.0
2023-01-19 17:00:00,134.86,135.72,134.74,135.4,2217.0,6,0.0
2023-01-19 18:00:00,135.41,136.74,135.37,136.1,2990.0,6,0.0
2023-01-19 19:00:00,136.09,137.41,135.94,137.03,2493.0,6,0.0
2023-01-19 20:00:00,137.03,137.34,136.39,136.44,1547.0,6,0.0
2023-01-20 11:00:00,137.02,137.02,136.65,136.68,130.0,6,0.0
2023-01-20 12:00:00,136.68,136.83,136.46,136.57,308.0,16,0.0
2023-01-20 13:00:00,136.57,136.75,135.77,135.83,334.0,16,0.0
2023-01-20 14:00:00,135.85,137.68,134.6,137.37,6432.0,6,0.0
2023-01-20 15:00:00,137.39,138.34,136.48,137.61,5539.0,6,0.0
2023-01-20 16:00:00,137.62,138.38,137.5,137.7,2749.0,6,0.0
2023-01-20 17:00:00,137.69,138.28,137.65,138.05,2064.0,6,0.0
2023-01-20 18:00:00,138.04,138.81,137.71,138.64,2461.0,6,0.0
2023-01-20 19:00:00,138.64,139.4,138.37,139.36,1818.0,6,0.0
2023-01-20 20:00:00,139.36,139.9,139.05,139.14,1368.0,6,0.0
2023-01-23 11:00:00,139.16,139.28,138.6,138.73,92.0,6,0.0
2023-01-23 12:00:00,138.84,139.38,138.71,139.3,249.0,16,0.0
2023-01-23 13:00:00,139.29,139.53,138.76,138.87,301.0,16,0.0
2023-01-23 14:00:00,138.85,141.45,138.51,140.76,5913.0,6,0.0
2023-01-23 15:00:00,140.78,142.23,140.64,142.07,4786.0,6,0.0
2023-01-23 16:00:00,142.07,143.23,141.96,142.7,3183.0,6,0.0
2023-01-23 17:00:00,142.71,143.05,142.28,142.71,2416.0,6,0.0
2023-01-23 18:00:00,142.71,143.12,142.28,142.41,1838.0,6,0.0
2023-01-23 19:00:00,142.41,142.87,142.05,142.72,2959.0,6,0.0
2023-01-23 20:00:00,142.71,143.44,142.38,143.09,2271.0,6,0.0
2023-01-24 11:00:00,142.17,142.26,141.57,141.67,66.0,40,0.0
2023-01-24 12:00:00,141.69,141.91,141.07,141.29,180.0,16,0.0
2023-01-24 13:00:00,141.32,141.44,140.83,141.19,523.0,16,0.0
2023-01-24 14:00:00,141.24,144.94,140.98,144.42,5258.0,6,0.0
2023-01-24 15:00:00,144.46,144.94,142.84,144.73,6078.0,6,0.0
2023-01-24 16:00:00,144.71,144.8,143.73,144.01,3433.0,6,0.0
2023-01-24 17:00:00,143.99,144.12,143.27,143.41,2515.0,6,0.0
2023-01-24 18:00:00,143.4,144.5,143.17,144.28,2171.0,6,0.0
2023-01-24 19:00:00,144.28,144.33,143.19,143.29,2228.0,6,0.0
2023-01-24 20:00:00,143.29,143.34,142.42,142.43,1549.0,6,0.0
2023-01-25 11:00:00,141.85,142.15,141.35,141.35,164.0,16,0.0
2023-01-25 12:00:00,141.34,141.97,141.09,141.88,198.0,16,0.0
2023-01-25 13:00:00,141.84,141.98,140.96,140.96,358.0,16,0.0
2023-01-25 14:00:00,140.96,143.13,140.42,141.77,5377.0,6,0.0
2023-01-25 15:00:00,141.75,142.66,140.27,140.92,5732.0,6,0.0
2023-01-25 16:00:00,140.91,142.32,140.77,141.38,3717.0,6,0.0
2023-01-25 17:00:00,141.38,141.8,141.11,141.46,2166.0,6,0.0
2023-01-25 18:00:00,141.47,142.5,141.21,142.36,2354.0,6,0.0
2023-01-25 19:00:00,142.36,142.67,141.99,142.39,2364.0,6,0.0
2023-01-25 20:00:00,142.39,142.73,141.88,141.91,1597.0,6,0.0
2023-01-26 11:00:00,142.37,142.42,142.0,142.0,154.0,16,0.0
2023-01-26 12:00:00,142.05,142.68,142.04,142.56,93.0,16,0.0
2023-01-26 13:00:00,142.62,142.87,141.81,142.72,434.0,16,0.0
2023-01-26 14:00:00,142.81,145.83,142.69,143.96,5791.0,6,0.0
2023-01-26 15:00:00,143.97,145.2,143.27,144.11,6119.0,6,0.0
2023-01-26 16:00:00,144.1,145.75,143.88,145.71,4197.0,6,0.0
2023-01-26 17:00:00,145.73,146.79,145.54,146.45,2990.0,6,0.0
2023-01-26 18:00:00,146.45,146.59,145.73,146.37,2485.0,6,0.0
2023-01-26 19:00:00,146.36,146.69,146.1,146.32,1874.0,6,0.0
2023-01-26 20:00:00,146.32,147.0,145.92,146.96,1480.0,6,0.0
2023-01-27 11:00:00,147.03,147.31,146.96,147.05,121.0,7,0.0
2023-01-27 12:00:00,147.07,147.12,146.26,146.52,261.0,16,0.0
2023-01-27 13:00:00,146.57,147.07,146.37,146.64,416.0,16,0.0
2023-01-27 14:00:00,146.64,151.64,146.38,149.65,9483.0,6,0.0
2023-01-27 15:00:00,149.73,150.83,149.23,149.66,7016.0,6,0.0
2023-01-27 16:00:00,149.66,151.87,149.6,151.4,4199.0,6,0.0
2023-01-27 17:00:00,151.4,152.5,151.01,152.3,3295.0,6,0.0
2023-01-27 18:00:00,152.3,152.71,151.5,152.69,2521.0,6,0.0
2023-01-27 19:00:00,152.69,153.14,152.04,152.53,2370.0,6,0.0
2023-01-27 20:00:00,152.54,152.93,152.24,152.3,1862.0,6,0.0
2023-01-30 11:00:00,149.01,149.03,148.68,148.87,73.0,40,0.0
2023-01-30 12:00:00,148.95,149.97,148.94,149.63,245.0,40,0.0
2023-01-30 13:00:00,149.63,150.08,149.37,150.0,285.0,40,0.0
2023-01-30 14:00:00,149.96,151.07,149.01,150.49,5501.0,6,0.0
2023-01-30 15:00:00,150.47,150.9,146.93,147.86,5282.0,6,0.0
2023-01-30 16:00:00,147.85,148.78,147.52,148.25,3853.0,6,0.0
2023-01-30 17:00:00,148.25,148.62,147.66,147.98,3225.0,6,0.0
2023-01-30 18:00:00,147.97,148.65,147.79,148.19,2471.0,6,0.0
2023-01-30 19:00:00,148.18,148.42,147.32,147.79,2273.0,6,0.0
2023-01-30 20:00:00,147.79,148.11,147.36,147.87,1711.0,6,0.0
2023-01-31 11:00:00,146.02,146.3,145.9,146.2,109.0,40,0.0
2023-01-31 12:00:00,146.23,146.66,146.23,146.53,102.0,40,0.0
2023-01-31 13:00:00,146.53,148.02,146.53,147.66,536.0,40,0.0
2023-01-31 14:00:00,147.69,149.83,146.75,148.33,5468.0,6,0.0
2023-01-31 15:00:00,148.36,148.51,147.49,148.24,5424.0,6,0.0
2023-01-31 16:00:00,148.25,148.43,147.8,148.06,2969.0,6,0.0
2023-01-31 17:00:00,148.08,148.3,147.49,148.2,2577.0,6,0.0
2023-01-31 18:00:00,148.19,148.76,147.58,148.53,2484.0,6,0.0
2023-01-31 19:00:00,148.55,149.06,148.43,148.81,1948.0,6,0.0
2023-01-31 20:00:00,148.8,149.22,148.18,148.62,1728.0,6,0.0
2023-02-01 11:00:00,146.56,147.04,146.53,146.9,135.0,40,0.0
2023-02-01 12:00:00,146.87,147.67,146.62,147.2,294.0,40,0.0
2023-02-01 13:00:00,147.2,147.43,146.6,147.29,311.0,40,0.0
2023-02-01 14:00:00,147.32,148.9,147.03,147.6,3842.0,6,0.0
2023-02-01 15:00:00,147.59,149.93,147.37,148.71,5532.0,6,0.0
2023-02-01 16:00:00,148.72,149.05,148.11,148.7,2788.0,6,0.0
2023-02-01 17:00:00,148.72,149.43,148.64,148.98,2228.0,6,0.0
2023-02-01 18:00:00,148.99,149.66,148.73,149.15,2257.0,6,0.0
2023-02-01 19:00:00,149.1,152.41,148.31,151.77,12640.0,6,0.0
2023-02-01 20:00:00,151.78,153.3,151.69,153.14,5554.0,6,0.0
2023-02-02 11:00:00,181.73,182.89,181.73,182.6,490.0,60,0.0
2023-02-02 12:00:00,182.38,183.16,181.51,182.0,825.0,40,0.0
2023-02-02 13:00:00,182.0,184.64,181.43,184.64,2381.0,16,0.0
2023-02-02 14:00:00,184.65,184.78,180.15,183.1,14820.0,8,0.0
2023-02-02 15:00:00,183.13,190.29,181.77,189.15,15976.0,6,0.0
2023-02-02 16:00:00,189.17,192.93,188.21,188.78,12754.0,8,0.0
2023-02-02 17:00:00,188.78,192.78,188.73,192.27,6894.0,8,0.0
2023-02-02 18:00:00,192.29,197.1,192.28,195.57,7998.0,8,0.0
2023-02-02 19:00:00,195.54,195.54,188.52,188.53,9898.0,8,0.0
2023-02-02 20:00:00,188.57,189.98,186.2,187.64,8188.0,8,0.0
2023-02-03 11:00:00,184.52,185.58,184.09,185.08,260.0,40,0.0
2023-02-03 12:00:00,185.08,187.26,184.86,187.0,457.0,40,0.0
2023-02-03 13:00:00,186.99,187.17,184.35,184.68,881.0,40,0.0
2023-02-03 14:00:00,184.71,196.72,182.82,194.01,12413.0,8,0.0
2023-02-03 15:00:00,194.04,194.09,188.15,191.24,16839.0,8,0.0
2023-02-03 16:00:00,191.26,194.66,191.2,192.48,9165.0,8,0.0
2023-02-03 17:00:00,192.46,194.76,191.51,191.69,6309.0,8,0.0
2023-02-03 18:00:00,191.67,192.06,189.0,189.83,7858.0,0,0.0
2023-02-03 19:00:00,189.81,189.93,187.49,187.57,6696.0,0,0.0
2023-02-03 20:00:00,187.55,188.77,186.93,187.38,5508.0,0,0.0
2023-02-06 11:00:00,184.62,184.96,184.36,184.96,140.0,16,0.0
2023-02-06 12:00:00,185.01,189.47,185.01,188.58,523.0,16,0.0
2023-02-06 13:00:00,188.56,188.87,186.91,187.43,457.0,40,0.0
2023-02-06 14:00:00,187.48,190.61,185.76,189.08,2929.0,16,0.0
2023-02-06 15:00:00,189.12,189.9,185.99,188.89,3718.0,16,0.0
2023-02-06 16:00:00,188.94,189.02,187.13,187.38,2884.0,16,0.0
2023-02-06 17:00:00,187.38,188.08,186.34,187.49,2650.0,8,0.0
2023-02-06 18:00:00,187.47,187.53,185.78,187.04,2745.0,8,0.0
2023-02-06 19:00:00,187.02,188.37,186.52,186.6,2686.0,8,0.0
2023-02-06 20:00:00,186.59,186.59,185.44,186.04,2079.0,8,0.0
2023-02-07 11:00:00,186.13,186.24,185.97,185.97,69.0,9,0.0
2023-02-07 12:00:00,186.03,187.23,186.03,186.8,227.0,16,0.0
2023-02-07 13:00:00,186.73,186.83,185.67,185.89,337.0,16,0.0
2023-02-07 14:00:00,185.9,187.27,184.39,186.08,7338.0,8,0.0
2023-02-07 15:00:00,186.08,189.08,185.86,187.88,7806.0,6,0.0
2023-02-07 16:00:00,187.87,190.93,187.64,188.73,5546.0,6,0.0
2023-02-07 17:00:00,188.72,193.73,187.83,192.9,9828.0,6,0.0
2023-02-07 18:00:00,192.91,193.25,187.1,188.34,14724.0,6,0.0
2023-02-07 19:00:00,188.33,191.22,188.24,190.91,8926.0,6,0.0
2023-02-07 20:00:00,190.92,192.0,189.7,191.55,5549.0,6,0.0
2023-02-08 11:00:00,190.45,190.72,190.2,190.42,128.0,40,0.0
2023-02-08 12:00:00,190.42,191.7,190.42,191.0,274.0,40,0.0
2023-02-08 13:00:00,191.05,191.22,190.6,190.9,322.0,40,0.0
2023-02-08 14:00:00,190.84,191.61,186.64,187.23,8038.0,8,0.0
2023-02-08 15:00:00,187.21,188.22,184.0,184.81,8451.0,6,0.0
2023-02-08 16:00:00,184.79,185.38,182.88,185.16,5959.0,6,0.0
2023-02-08 17:00:00,185.14,186.06,184.69,185.75,5053.0,6,0.0
2023-02-08 18:00:00,185.76,186.31,184.44,184.99,5292.0,6,0.0
2023-02-08 19:00:00,184.98,185.84,184.69,185.39,4289.0,6,0.0
2023-02-08 20:00:00,185.39,185.43,183.6,184.31,3674.0,6,0.0
2023-02-09 11:00:00,186.66,186.74,186.06,186.49,260.0,40,0.0
2023-02-09 12:00:00,186.49,186.51,185.49,185.49,260.0,40,0.0
2023-02-09 13:00:00,185.54,186.48,185.46,186.48,272.0,40,0.0
2023-02-09 14:00:00,186.44,186.67,183.99,184.22,9357.0,8,0.0
2023-02-09 15:00:00,184.25,184.58,181.55,182.9,9519.0,6,0.0
2023-02-09 16:00:00,182.9,182.92,181.11,181.85,6461.0,6,0.0
2023-02-09 17:00:00,181.84,182.18,179.57,180.47,5464.0,6,0.0
2023-02-09 18:00:00,180.46,180.5,178.26,178.89,5529.0,6,0.0
2023-02-09 19:00:00,178.86,179.04,178.1,178.54,5352.0,6,0.0
2023-02-09 20:00:00,178.52,178.84,177.24,177.38,4699.0,6,0.0
2023-02-10 11:00:00,174.94,174.96,174.22,174.94,188.0,40,0.0
2023-02-10 12:00:00,174.94,175.74,174.89,175.2,263.0,40,0.0
2023-02-10 13:00:00,175.27,176.44,175.21,176.03,365.0,40,0.0
2023-02-10 14:00:00,176.03,177.39,175.39,175.93,8351.0,8,0.0
2023-02-10 15:00:00,175.92,178.83,174.52,175.65,9812.0,6,0.0
2023-02-10 16:00:00,175.62,177.52,175.28,175.32,6082.0,6,0.0
2023-02-10 17:00:00,175.28,176.08,174.09,175.85,5822.0,6,0.0
2023-02-10 18:00:00,175.85,176.62,175.12,175.15,4599.0,6,0.0
2023-02-10 19:00:00,175.16,175.22,173.59,174.35,4500.0,6,0.0
2023-02-10 20:00:00,174.37,174.46,173.33,174.12,3106.0,6,0.0
2023-02-13 11:00:00,176.09,176.72,175.86,176.39,163.0,40,0.0
2023-02-13 12:00:00,176.43,177.89,176.29,177.29,373.0,40,0.0
2023-02-13 13:00:00,177.5,179.28,177.35,177.5,567.0,40,0.0
2023-02-13 14:00:00,177.53,179.7,175.79,177.9,9071.0,8,0.0
2023-02-13 15:00:00,177.91,180.36,177.02,180.35,7902.0,6,0.0
2023-02-13 16:00:00,180.38,180.74,179.03,179.75,5056.0,6,0.0
2023-02-13 17:00:00,179.76,180.0,178.93,179.2,3666.0,6,0.0
2023-02-13 18:00:00,179.19,180.54,178.8,180.42,3356.0,6,0.0
2023-02-13 19:00:00,180.43,180.96,179.08,179.42,4300.0,6,0.0
2023-02-13 20:00:00,179.42,179.94,178.72,179.31,3627.0,6,0.0
2023-02-14 11:00:00,179.97,180.43,179.53,179.53,156.0,40,0.0
2023-02-14 12:00:00,179.57,180.74,179.52,180.49,238.0,40,0.0
2023-02-14 13:00:00,180.47,182.39,178.34,179.47,1422.0,16,0.0
2023-02-14 14:00:00,179.46,180.29,175.89,179.75,12016.0,8,0.0
2023-02-14 15:00:00,179.76,181.46,177.96,178.82,10811.0,6,0.0
2023-02-14 16:00:00,178.8,179.99,177.71,178.74,8589.0,6,0.0
2023-02-14 17:00:00,178.73,179.62,178.22,179.18,5785.0,6,0.0
2023-02-14 18:00:00,179.18,180.38,179.08,179.74,6360.0,6,0.0
2023-02-14 19:00:00,179.75,180.82,179.19,180.16,5118.0,6,0.0
2023-02-14 20:00:00,180.17,180.37,179.48,179.73,3329.0,6,0.0
2023-02-15 11:00:00,178.27,178.44,178.02,178.07,165.0,40,0.0
2023-02-15 12:00:00,178.09,180.29,178.09,178.71,310.0,40,0.0
2023-02-15 13:00:00,178.71,178.83,177.65,178.46,446.0,40,0.0
2023-02-15 14:00:00,178.45,178.5,175.86,176.56,5726.0,6,0.0
2023-02-15 15:00:00,176.55,176.94,175.31,175.81,5612.0,6,0.0
2023-02-15 16:00:00,175.8,177.43,175.65,176.34,3499.0,6,0.0
2023-02-15 17:00:00,176.36,176.62,175.48,175.82,3750.0,6,0.0
2023-02-15 18:00:00,175.83,176.26,175.31,176.24,2607.0,6,0.0
2023-02-15 19:00:00,176.25,177.36,176.21,176.69,2740.0,6,0.0
2023-02-15 20:00:00,176.7,176.86,175.96,176.4,2057.0,6,0.0
2023-02-16 11:00:00,176.72,177.3,176.56,176.97,125.0,16,0.0
2023-02-16 12:00:00,177.02,177.47,176.23,176.31,410.0,16,0.0
2023-02-16 13:00:00,176.32,176.37,173.86,174.26,453.0,16,0.0
2023-02-16 14:00:00,174.25,175.18,171.76,173.99,6927.0,8,0.0
2023-02-16 15:00:00,173.97,175.01,173.29,174.85,5716.0,6,0.0
2023-02-16 16:00:00,174.87,175.24,173.74,173.82,3952.0,6,0.0
2023-02-16 17:00:00,173.82,174.81,172.9,174.29,3588.0,6,0.0
2023-02-16 18:00:00,174.32,175.39,174.28,175.25,3027.0,6,0.0
2023-02-16 19:00:00,175.25,175.82,174.46,175.45,2624.0,6,0.0
2023-02-16 20:00:00,175.42,175.47,172.19,172.88,3796.0,6,0.0
2023-02-17 11:00:00,170.13,170.4,169.86,170.25,124.0,40,0.0
2023-02-17 12:00:00,170.38,170.55,170.22,170.29,149.0,40,0.0
2023-02-17 13:00:00,170.27,170.53,169.89,170.37,318.0,40,0.0
2023-02-17 14:00:00,170.37,172.31,169.54,171.32,4535.0,6,0.0
2023-02-17 15:00:00,171.32,172.02,170.3,170.88,5330.0,6,0.0
2023-02-17 16:00:00,170.87,171.4,170.32,170.92,3312.0,6,0.0
2023-02-17 17:00:00,170.92,171.39,170.03,170.18,2543.0,6,0.0
2023-02-17 18:00:00,170.18,170.99,170.05,170.95,2617.0,6,0.0
2023-02-17 19:00:00,170.97,172.16,170.56,172.13,2979.0,6,0.0
2023-02-17 20:00:00,172.12,172.93,171.57,172.69,2967.0,6,0.0
2023-02-21 11:00:00,176.28,176.62,175.36,175.4,217.0,40,0.0
2023-02-21 12:00:00,175.59,176.2,174.92,175.89,362.0,40,0.0
2023-02-21 13:00:00,175.89,176.2,174.47,174.74,540.0,40,0.0
2023-02-21 14:00:00,174.74,178.11,173.17,174.71,8427.0,8,0.0
2023-02-21 15:00:00,174.68,175.27,173.22,173.99,6122.0,6,0.0
2023-02-21 16:00:00,173.99,174.62,173.22,173.53,4049.0,6,0.0
2023-02-21 17:00:00,173.53,173.91,172.74,173.18,3801.0,6,0.0
2023-02-21 18:00:00,173.17,173.36,172.16,172.8,3210.0,6,0.0
2023-02-21 19:00:00,172.81,173.64,172.2,172.97,3467.0,6,0.0
2023-02-21 20:00:00,172.96,173.39,172.69,172.73,2529.0,6,0.0
2023-02-22 11:00:00,171.03,171.26,170.9,171.1,112.0,40,0.0
2023-02-22 12:00:00,171.15,172.98,171.14,172.67,266.0,40,0.0
2023-02-22 13:00:00,172.7,172.95,171.95,172.1,188.0,40,0.0
2023-02-22 14:00:00,172.1,172.68,170.61,171.18,5273.0,6,0.0
2023-02-22 15:00:00,171.17,171.48,169.67,171.11,7389.0,6,0.0
2023-02-22 16:00:00,171.13,171.93,171.04,171.92,4603.0,6,0.0
2023-02-22 17:00:00,171.93,172.31,171.32,172.1,3258.0,6,0.0
2023-02-22 18:00:00,172.1,172.72,171.41,171.5,2743.0,6,0.0
2023-02-22 19:00:00,171.51,172.22,170.62,170.8,7311.0,6,0.0
2023-02-22 20:00:00,170.78,171.44,170.45,170.93,4021.0,6,0.0
2023-02-23 11:00:00,171.63,172.18,171.63,172.12,317.0,16,0.0
2023-02-23 12:00:00,172.14,172.96,172.02,172.89,361.0,16,0.0
2023-02-23 13:00:00,172.98,173.4,172.21,172.87,614.0,16,0.0
2023-02-23 14:00:00,172.87,173.64,171.71,172.37,5997.0,6,0.0
2023-02-23 15:00:00,172.38,172.82,170.34,170.44,6203.0,6,0.0
2023-02-23 16:00:00,170.41,170.83,169.36,169.7,4500.0,6,0.0
2023-02-23 17:00:00,169.72,170.87,169.66,170.76,3391.0,6,0.0
2023-02-23 18:00:00,170.77,171.72,170.34,171.67,3254.0,6,0.0
2023-02-23 19:00:00,171.67,173.05,171.36,172.75,3867.0,6,0.0
2023-02-23 20:00:00,172.77,173.62,172.71,173.01,2774.0,6,0.0
2023-02-24 11:00:00,170.06,170.1,169.85,169.98,180.0,40,0.0
2023-02-24 12:00:00,170.02,170.24,169.93,170.09,132.0,40,0.0
2023-02-24 13:00:00,170.08,170.21,168.05,168.33,712.0,16,0.0
2023-02-24 14:00:00,168.34,169.5,167.7,169.09,6720.0,6,0.0
2023-02-24 15:00:00,169.08,169.53,167.64,168.55,6314.0,6,0.0
2023-02-24 16:00:00,168.56,169.61,168.18,169.58,4419.0,6,0.0
2023-02-24 17:00:00,169.58,169.82,168.83,168.97,3543.0,6,0.0
2023-02-24 18:00:00,168.97,169.89,168.86,169.6,2899.0,6,0.0
2023-02-24 19:00:00,169.6,170.67,169.32,170.56,3158.0,6,0.0
2023-02-24 20:00:00,170.57,170.68,169.72,169.79,2511.0,6,0.0
2023-02-27 11:00:00,171.17,171.27,170.97,171.03,41.0,40,0.0
2023-02-27 12:00:00,171.03,171.21,170.86,171.06,95.0,40,0.0
2023-02-27 13:00:00,171.03,172.1,170.96,171.85,346.0,16,0.0
2023-02-27 14:00:00,171.85,173.06,170.48,171.52,4970.0,8,0.0
2023-02-27 15:00:00,171.51,172.27,169.94,170.35,4978.0,6,0.0
2023-02-27 16:00:00,170.35,170.81,169.56,169.73,4053.0,6,0.0
2023-02-27 17:00:00,169.75,170.27,169.18,170.21,2912.0,6,0.0
2023-02-27 18:00:00,170.21,170.36,169.72,170.36,2291.0,6,0.0
2023-02-27 19:00:00,170.38,170.7,169.13,169.59,2620.0,6,0.0
2023-02-27 20:00:00,169.58,169.7,169.03,169.22,2476.0,6,0.0
2023-02-28 11:00:00,170.39,171.38,170.04,170.87,387.0,40,0.0
2023-02-28 12:00:00,170.9,171.58,170.73,171.23,223.0,40,0.0
2023-02-28 13:00:00,171.23,171.23,169.97,170.78,609.0,16,0.0
2023-02-28 14:00:00,170.78,176.11,170.43,176.11,7659.0,8,0.0
2023-02-28 15:00:00,176.12,176.67,174.09,175.02,7387.0,8,0.0
2023-02-28 16:00:00,175.02,176.03,174.68,175.0,3735.0,6,0.0
2023-02-28 17:00:00,175.02,175.79,174.75,175.69,2984.0,6,0.0
2023-02-28 18:00:00,175.69,176.3,175.09,176.14,2759.0,6,0.0
2023-02-28 19:00:00,176.14,177.41,175.85,177.13,3733.0,6,0.0
2023-02-28 20:00:00,177.13,177.51,175.87,176.44,2967.0,6,0.0
2023-03-01 11:00:00,175.32,175.69,175.15,175.36,211.0,40,0.0
2023-03-01 12:00:00,175.37,175.38,174.67,175.1,203.0,40,0.0
2023-03-01 13:00:00,175.05,175.05,173.96,174.05,261.0,40,0.0
2023-03-01 14:00:00,174.07,177.02,173.53,176.48,5438.0,8,0.0
2023-03-01 15:00:00,176.52,177.78,175.47,176.95,7298.0,8,0.0
2023-03-01 16:00:00,176.93,177.57,176.17,177.29,4324.0,6,0.0
2023-03-01 17:00:00,177.31,177.57,176.36,176.46,3510.0,6,0.0
2023-03-01 18:00:00,176.46,176.51,174.72,175.37,3148.0,6,0.0
2023-03-01 19:00:00,175.38,175.39,174.4,174.51,3187.0,6,0.0
2023-03-01 20:00:00,174.52,174.81,173.77,174.32,2941.0,6,0.0
2023-03-02 11:00:00,172.64,173.16,172.49,172.93,204.0,40,0.0
2023-03-02 12:00:00,172.74,173.13,171.84,171.94,357.0,40,0.0
2023-03-02 13:00:00,171.93,172.46,170.32,171.53,513.0,40,0.0
2023-03-02 14:00:00,171.65,174.26,171.56,172.76,4441.0,8,0.0
2023-03-02 15:00:00,172.77,172.97,171.38,172.91,4350.0,6,0.0
2023-03-02 16:00:00,172.92,173.41,172.08,172.38,3193.0,6,0.0
2023-03-02 17:00:00,172.38,173.27,172.21,173.1,2407.0,6,0.0
2023-03-02 18:00:00,173.1,174.03,172.78,173.92,2736.0,6,0.0
2023-03-02 19:00:00,173.93,174.44,173.41,174.09,3310.0,6,0.0
2023-03-02 20:00:00,174.1,174.97,173.36,174.76,2382.0,6,0.0
2023-03-03 11:00:00,175.14,177.11,174.99,176.6,278.0,40,0.0
2023-03-03 12:00:00,176.61,177.49,176.52,177.25,255.0,40,0.0
2023-03-03 13:00:00,177.21,177.97,176.7,177.9,358.0,40,0.0
2023-03-03 14:00:00,177.87,180.19,177.01,180.04,7025.0,6,0.0
2023-03-03 15:00:00,180.12,183.51,179.22,182.23,7600.0,8,0.0
2023-03-03 16:00:00,182.25,184.57,182.25,184.45,4439.0,6,0.0
2023-03-03 17:00:00,184.46,184.83,183.2,184.57,3512.0,6,0.0
2023-03-03 18:00:00,184.58,185.87,184.46,185.5,3181.0,6,0.0
2023-03-03 19:00:00,185.51,186.57,185.13,185.5,3358.0,6,0.0
2023-03-03 20:00:00,185.51,186.12,184.82,184.84,2853.0,6,0.0
2023-03-06 11:00:00,184.96,185.37,184.72,184.96,122.0,8,0.0
2023-03-06 12:00:00,184.96,186.72,184.96,186.34,335.0,16,0.0
2023-03-06 13:00:00,186.34,188.15,186.33,188.08,461.0,16,0.0
2023-03-06 14:00:00,188.08,189.59,185.53,187.07,6876.0,8,0.0
2023-03-06 15:00:00,187.05,188.93,186.41,188.54,5684.0,8,0.0
2023-03-06 16:00:00,188.53,189.22,187.16,187.89,3777.0,6,0.0
2023-03-06 17:00:00,187.9,188.41,186.43,186.75,3179.0,6,0.0
2023-03-06 18:00:00,186.73,186.93,185.75,186.15,3190.0,6,0.0
2023-03-06 19:00:00,186.15,187.2,185.74,186.21,3705.0,6,0.0
2023-03-06 20:00:00,186.22,186.73,185.45,185.71,2655.0,6,0.0
2023-03-07 11:00:00,188.15,188.41,187.47,187.69,241.0,40,0.0
2023-03-07 12:00:00,187.69,188.22,186.99,187.99,282.0,40,0.0
2023-03-07 13:00:00,187.92,189.27,187.92,188.73,478.0,40,0.0
2023-03-07 14:00:00,188.74,190.25,187.38,187.42,6762.0,8,0.0
2023-03-07 15:00:00,187.41,188.73,184.79,186.11,9119.0,8,0.0
2023-03-07 16:00:00,186.09,186.72,185.35,185.88,4986.0,6,0.0
2023-03-07 17:00:00,185.89,187.92,185.68,185.72,4570.0,6,0.0
2023-03-07 18:00:00,185.72,186.09,184.31,184.6,3997.0,6,0.0
2023-03-07 19:00:00,184.61,185.62,183.98,184.28,3305.0,6,0.0
2023-03-07 20:00:00,184.29,185.48,184.23,185.27,2822.0,6,0.0
2023-03-08 11:00:00,185.04,185.6,184.53,184.65,280.0,8,0.0
2023-03-08 12:00:00,184.66,185.0,183.59,184.1,155.0,40,0.0
2023-03-08 13:00:00,184.13,184.45,182.43,182.95,476.0,40,0.0
2023-03-08 14:00:00,182.95,183.65,181.4,182.7,5257.0,8,0.0
2023-03-08 15:00:00,182.71,183.61,181.29,182.29,8184.0,6,0.0
2023-03-08 16:00:00,182.3,184.27,182.25,183.97,5122.0,6,0.0
2023-03-08 17:00:00,183.98,184.19,183.06,183.95,4372.0,6,0.0
2023-03-08 18:00:00,183.97,184.2,182.96,183.19,4344.0,6,0.0
2023-03-08 19:00:00,183.22,183.93,183.11,183.5,3214.0,6,0.0
2023-03-08 20:00:00,183.49,185.05,183.05,184.94,3036.0,6,0.0
2023-03-09 11:00:00,183.28,184.03,182.94,183.98,431.0,40,0.0
2023-03-09 12:00:00,183.94,185.32,183.67,185.16,300.0,40,0.0
2023-03-09 13:00:00,185.09,186.76,184.6,186.07,504.0,40,0.0
2023-03-09 14:00:00,186.07,188.88,185.29,187.59,5541.0,8,0.0
2023-03-09 15:00:00,187.63,188.49,185.56,185.88,5408.0,6,0.0
2023-03-09 16:00:00,185.89,186.86,185.66,186.21,3865.0,6,0.0
2023-03-09 17:00:00,186.24,186.25,183.86,183.99,4002.0,6,0.0
2023-03-09 18:00:00,183.98,184.2,181.29,181.3,4747.0,6,0.0
2023-03-09 19:00:00,181.29,183.36,180.67,182.41,4930.0,6,0.0
2023-03-09 20:00:00,182.45,182.54,180.27,181.81,4534.0,6,0.0
2023-03-10 11:00:00,182.04,182.7,181.65,182.11,334.0,16,0.0
2023-03-10 12:00:00,182.03,182.14,180.97,181.26,279.0,40,0.0
2023-03-10 13:00:00,181.24,183.98,180.33,182.91,1083.0,40,0.0
2023-03-10 14:00:00,182.9,183.3,179.7,181.1,7977.0,8,0.0
2023-03-10 15:00:00,181.13,183.9,180.78,183.25,10144.0,8,0.0
2023-03-10 16:00:00,183.23,184.73,182.78,182.9,7422.0,6,0.0
2023-03-10 17:00:00,182.92,183.22,181.3,181.33,6137.0,6,0.0
2023-03-10 18:00:00,181.33,181.66,178.87,179.31,5466.0,6,0.0
2023-03-10 19:00:00,179.3,181.2,179.23,180.76,7249.0,6,0.0
2023-03-10 20:00:00,180.78,181.08,179.03,179.19,5986.0,6,0.0
2023-03-13 10:00:00,183.12,183.48,182.07,183.48,780.0,40,0.0
2023-03-13 11:00:00,183.33,183.6,181.86,182.02,416.0,40,0.0
2023-03-13 12:00:00,182.07,182.27,176.45,178.19,1137.0,40,0.0
2023-03-13 13:00:00,178.19,182.21,174.81,180.57,9109.0,8,0.0
2023-03-13 14:00:00,180.55,181.95,178.9,180.67,13821.0,8,0.0
2023-03-13 15:00:00,180.73,183.16,180.24,182.18,11129.0,8,0.0
2023-03-13 16:00:00,182.19,183.0,181.34,181.87,8817.0,6,0.0
2023-03-13 17:00:00,181.87,182.47,180.92,182.17,7063.0,6,0.0
2023-03-13 18:00:00,182.19,183.71,182.19,183.52,7014.0,6,0.0
2023-03-13 19:00:00,183.51,183.7,181.17,181.97,5936.0,6,0.0
2023-03-14 11:00:00,181.8,182.45,181.71,182.1,253.0,16,0.0
2023-03-14 12:00:00,182.1,183.71,179.28,183.56,779.0,40,0.0
2023-03-14 13:00:00,183.57,192.16,183.38,191.18,9414.0,8,0.0
2023-03-14 14:00:00,191.21,191.35,188.81,189.35,6913.0,8,0.0
2023-03-14 15:00:00,189.39,192.48,189.26,192.27,4465.0,8,0.0
2023-03-14 16:00:00,192.25,193.67,191.8,192.87,4426.0,8,0.0
2023-03-14 17:00:00,192.88,193.97,192.18,192.49,5261.0,8,0.0
2023-03-14 18:00:00,192.48,193.21,191.26,191.67,5007.0,6,0.0
2023-03-14 19:00:00,191.68,191.93,189.91,191.67,4196.0,6,0.0
2023-03-15 10:00:00,192.19,192.27,188.9,189.23,806.0,40,0.0
2023-03-15 11:00:00,189.23,190.9,189.05,190.44,590.0,40,0.0
2023-03-15 12:00:00,190.44,191.9,189.56,190.55,893.0,40,0.0
2023-03-15 13:00:00,190.55,195.19,189.9,192.54,7072.0,8,0.0
2023-03-15 14:00:00,192.51,194.22,190.8,192.66,9911.0,8,0.0
2023-03-15 15:00:00,192.68,196.13,192.18,195.09,8169.0,8,0.0
2023-03-15 16:00:00,195.09,195.44,192.07,192.31,5637.0,8,0.0
2023-03-15 17:00:00,192.28,194.27,191.61,194.06,5351.0,8,0.0
2023-03-15 18:00:00,194.06,196.37,193.62,196.2,7358.0,6,0.0
2023-03-15 19:00:00,196.22,196.91,195.54,196.57,5994.0,8,0.0
2023-03-16 10:00:00,200.55,201.57,200.53,201.15,288.0,40,0.0
2023-03-16 11:00:00,201.15,202.08,200.47,200.81,635.0,40,0.0
2023-03-16 12:00:00,200.82,201.3,199.92,200.46,644.0,40,0.0
2023-03-16 13:00:00,200.39,200.56,197.07,198.39,6389.0,8,0.0
2023-03-16 14:00:00,198.39,199.69,196.07,199.3,8239.0,8,0.0
2023-03-16 15:00:00,199.3,201.9,198.65,200.63,6433.0,8,0.0
2023-03-16 16:00:00,200.63,200.9,199.19,200.68,3161.0,8,0.0
2023-03-16 17:00:00,200.21,200.48,199.25,199.33,1794.0,8,0.0
2023-03-16 18:00:00,199.31,199.69,198.08,199.61,4804.0,6,0.0
2023-03-16 19:00:00,199.59,203.16,199.44,202.73,3853.0,6,0.0
2023-03-17 10:00:00,201.62,202.33,201.49,202.22,185.0,40,0.0
2023-03-17 11:00:00,202.2,202.58,201.12,202.04,369.0,40,0.0
2023-03-17 12:00:00,202.16,202.39,200.46,200.59,468.0,40,0.0
2023-03-17 13:00:00,200.6,201.45,199.07,200.77,5935.0,8,0.0
2023-03-17 14:00:00,200.81,201.86,197.96,199.29,7958.0,6,0.0
2023-03-17 15:00:00,199.26,200.01,197.88,199.54,6113.0,6,0.0
2023-03-17 16:00:00,199.52,200.03,198.16,198.49,5333.0,6,0.0
2023-03-17 17:00:00,198.5,199.88,197.9,198.13,5073.0,6,0.0
2023-03-17 18:00:00,198.15,198.5,195.89,196.8,5267.0,6,0.0
2023-03-17 19:00:00,196.83,198.32,196.6,198.14,4642.0,6,0.0
2023-03-20 10:00:00,196.45,197.41,195.95,196.16,545.0,40,0.0
2023-03-20 11:00:00,196.16,196.59,195.86,196.23,382.0,40,0.0
2023-03-20 12:00:00,196.31,198.0,195.69,197.91,343.0,40,0.0
2023-03-20 13:00:00,197.84,199.27,193.72,193.9,6964.0,8,0.0
2023-03-20 14:00:00,193.91,197.32,193.63,197.3,9051.0,6,0.0
2023-03-20 15:00:00,197.28,197.49,195.28,195.33,6263.0,6,0.0
2023-03-20 16:00:00,195.31,196.63,194.62,196.38,6779.0,6,0.0
2023-03-20 17:00:00,196.4,197.44,196.23,196.92,5983.0,6,0.0
2023-03-20 18:00:00,196.91,197.56,196.31,197.22,5683.0,6,0.0
2023-03-20 19:00:00,197.2,197.86,197.02,197.12,4332.0,6,0.0
2023-03-21 10:00:00,202.57,203.0,202.46,202.47,179.0,60,0.0
2023-03-21 11:00:00,202.46,203.46,202.01,203.1,391.0,40,0.0
2023-03-21 12:00:00,203.1,203.21,202.38,202.97,381.0,40,0.0
2023-03-21 13:00:00,202.93,203.86,200.15,201.38,5469.0,8,0.0
2023-03-21 14:00:00,201.4,201.96,198.75,199.49,7167.0,6,0.0
2023-03-21 15:00:00,199.5,199.76,197.93,199.03,6539.0,6,0.0
2023-03-21 16:00:00,199.02,201.04,198.88,200.51,4868.0,6,0.0
2023-03-21 17:00:00,200.5,200.94,199.91,200.08,4030.0,6,0.0
2023-03-21 18:00:00,200.09,201.53,199.95,201.28,3663.0,6,0.0
2023-03-21 19:00:00,201.26,202.54,201.2,202.51,2739.0,6,0.0
2023-03-22 10:00:00,202.88,202.95,202.75,202.83,121.0,16,0.0
2023-03-22 11:00:00,202.82,203.35,201.79,202.11,273.0,16,0.0
2023-03-22 12:00:00,202.11,202.25,201.05,201.26,231.0,40,0.0
2023-03-22 13:00:00,201.21,204.3,200.76,203.38,4864.0,8,0.0
2023-03-22 14:00:00,203.36,204.01,201.93,202.74,5349.0,6,0.0
2023-03-22 15:00:00,202.72,204.72,202.28,203.88,4528.0,6,0.0
2023-03-22 16:00:00,203.87,204.26,203.0,203.64,3971.0,6,0.0
2023-03-22 17:00:00,203.66,204.95,203.53,204.8,3492.0,6,0.0
2023-03-22 18:00:00,204.79,207.32,202.92,203.81,17515.0,6,0.0
2023-03-22 19:00:00,203.83,205.84,201.9,202.8,12912.0,6,0.0
2023-03-23 10:00:00,202.2,202.53,202.07,202.33,258.0,16,0.0
2023-03-23 11:00:00,202.34,203.05,201.99,202.35,351.0,16,0.0
2023-03-23 12:00:00,202.31,204.06,201.92,203.5,393.0,40,0.0
2023-03-23 13:00:00,203.45,205.33,202.5,204.4,5390.0,8,0.0
2023-03-23 14:00:00,204.41,207.15,204.0,206.52,6968.0,6,0.0
2023-03-23 15:00:00,206.55,207.81,206.14,206.96,6068.0,6,0.0
2023-03-23 16:00:00,206.94,207.8,205.73,206.19,6021.0,6,0.0
2023-03-23 17:00:00,206.2,206.83,205.13,205.6,6418.0,6,0.0
2023-03-23 18:00:00,205.6,205.91,202.2,204.04,8880.0,6,0.0
2023-03-23 19:00:00,204.05,205.21,202.1,203.94,8727.0,6,0.0
2023-03-24 10:00:00,203.17,206.16,202.33,205.2,710.0,40,0.0
2023-03-24 11:00:00,205.02,206.67,204.38,206.05,546.0,40,0.0
2023-03-24 12:00:00,206.05,206.36,204.97,205.9,532.0,40,0.0
2023-03-24 13:00:00,205.9,207.47,204.63,206.45,6153.0,8,0.0
2023-03-24 14:00:00,206.47,206.77,204.68,206.12,9007.0,6,0.0
2023-03-24 15:00:00,206.11,206.26,203.52,205.89,7927.0,6,0.0
2023-03-24 16:00:00,205.91,206.21,203.57,204.1,6093.0,6,0.0
2023-03-24 17:00:00,204.1,205.27,203.53,205.18,6201.0,6,0.0
2023-03-24 18:00:00,205.2,205.91,204.76,205.35,5236.0,6,0.0
2023-03-24 19:00:00,205.37,206.29,205.09,205.98,4628.0,6,0.0
2023-03-27 10:00:00,205.47,205.87,205.47,205.48,137.0,16,0.0
2023-03-27 11:00:00,205.47,206.53,205.47,205.89,322.0,16,0.0
2023-03-27 12:00:00,205.94,206.42,205.3,205.38,306.0,40,0.0
2023-03-27 13:00:00,205.35,205.61,203.07,204.93,4761.0,6,0.0
2023-03-27 14:00:00,204.96,205.81,203.27,203.32,5982.0,6,0.0
2023-03-27 15:00:00,203.33,203.7,201.36,201.51,5394.0,6,0.0
2023-03-27 16:00:00,201.52,202.97,201.34,202.27,4756.0,6,0.0
2023-03-27 17:00:00,202.29,202.94,201.44,202.29,5085.0,6,0.0
2023-03-27 18:00:00,202.29,203.99,202.06,203.94,3744.0,6,0.0
2023-03-27 19:00:00,203.95,204.14,202.62,203.05,3372.0,6,0.0
2023-03-28 10:00:00,201.1,201.15,200.65,200.96,68.0,40,0.0
2023-03-28 11:00:00,200.85,202.42,200.85,201.75,164.0,40,0.0
2023-03-28 12:00:00,201.75,201.89,200.37,200.92,197.0,40,0.0
2023-03-28 13:00:00,200.92,201.17,197.87,198.45,4824.0,8,0.0
2023-03-28 14:00:00,198.47,200.51,198.37,198.99,5901.0,6,0.0
2023-03-28 15:00:00,198.98,200.22,198.94,200.0,4257.0,6,0.0
2023-03-28 16:00:00,200.0,200.45,198.34,199.45,4058.0,6,0.0
2023-03-28 17:00:00,199.47,199.74,198.32,198.56,4534.0,6,0.0
2023-03-28 18:00:00,198.55,199.97,198.47,199.81,3106.0,6,0.0
2023-03-28 19:00:00,199.83,200.45,199.54,199.87,2721.0,6,0.0
2023-03-29 10:00:00,202.33,202.66,202.33,202.56,57.0,16,0.0
2023-03-29 11:00:00,202.49,202.85,202.47,202.58,148.0,16,0.0
2023-03-29 12:00:00,202.58,202.82,201.92,202.23,151.0,16,0.0
2023-03-29 13:00:00,202.36,203.92,202.3,203.29,3395.0,6,0.0
2023-03-29 14:00:00,203.31,203.62,202.49,202.75,4765.0,6,0.0
2023-03-29 15:00:00,202.75,204.46,202.69,204.45,3379.0,6,0.0
2023-03-29 16:00:00,204.46,204.99,204.0,204.39,3099.0,6,0.0
2023-03-29 17:00:00,204.38,205.25,204.27,205.13,3356.0,6,0.0
2023-03-29 18:00:00,205.13,205.32,204.52,205.24,2892.0,6,0.0
2023-03-29 19:00:00,205.23,205.44,204.88,205.41,2613.0,6,0.0
2023-03-30 10:00:00,205.65,206.11,205.6,205.79,163.0,16,0.0
2023-03-30 11:00:00,205.8,206.01,205.41,205.55,193.0,16,0.0
2023-03-30 12:00:00,205.63,205.85,204.14,204.5,451.0,40,0.0
2023-03-30 13:00:00,204.31,206.02,202.65,205.96,4760.0,8,0.0
2023-03-30 14:00:00,205.98,207.77,205.58,206.62,6492.0,6,0.0
2023-03-30 15:00:00,206.62,207.38,206.45,207.25,4852.0,6,0.0
2023-03-30 16:00:00,207.24,208.03,207.03,207.48,4317.0,6,0.0
2023-03-30 17:00:00,207.48,207.73,205.74,206.51,4012.0,6,0.0
2023-03-30 18:00:00,206.51,207.35,206.21,206.98,3425.0,6,0.0
2023-03-30 19:00:00,206.96,207.82,206.69,207.62,2311.0,6,0.0
2023-03-31 10:00:00,207.31,207.45,206.65,206.7,151.0,16,0.0
2023-03-31 11:00:00,206.7,207.52,206.29,206.6,239.0,16,0.0
2023-03-31 12:00:00,206.68,207.91,206.09,206.78,629.0,40,0.0
2023-03-31 13:00:00,206.66,209.68,206.56,209.15,4124.0,6,0.0
2023-03-31 14:00:00,209.17,210.47,209.1,209.86,6199.0,6,0.0
2023-03-31 15:00:00,209.84,210.4,209.54,210.01,3509.0,6,0.0
2023-03-31 16:00:00,210.01,210.22,209.08,209.15,3486.0,6,0.0
2023-03-31 17:00:00,209.15,209.84,208.63,209.76,2897.0,6,0.0
2023-03-31 18:00:00,209.77,210.32,209.43,210.27,2802.0,6,0.0
2023-03-31 19:00:00,210.28,211.39,210.27,210.63,3049.0,6,0.0
2023-04-03 10:00:00,209.82,209.94,209.45,209.5,109.0,40,0.0
2023-04-03 11:00:00,209.55,210.4,209.54,209.98,216.0,40,0.0
2023-04-03 12:00:00,209.98,210.01,208.31,209.37,341.0,40,0.0
2023-04-03 13:00:00,209.35,210.95,208.19,210.16,4437.0,8,0.0
2023-04-03 14:00:00,210.17,210.95,208.67,209.09,6131.0,6,0.0
2023-04-03 15:00:00,209.11,210.96,208.85,210.93,4964.0,6,0.0
2023-04-03 16:00:00,210.93,211.7,210.69,211.03,3602.0,6,0.0
2023-04-03 17:00:00,211.04,211.08,210.22,210.72,3167.0,6,0.0
2023-04-03 18:00:00,210.73,212.52,210.5,212.27,3229.0,6,0.0
2023-04-03 19:00:00,212.29,213.27,212.1,213.1,2770.0,6,0.0
2023-04-04 10:00:00,214.1,214.36,213.92,214.22,73.0,40,0.0
2023-04-04 11:00:00,214.21,214.4,213.92,214.39,180.0,40,0.0
2023-04-04 12:00:00,214.34,214.41,213.47,213.61,230.0,40,0.0
2023-04-04 13:00:00,213.61,214.92,212.75,214.9,4947.0,6,0.0
2023-04-04 14:00:00,214.89,216.19,214.09,214.62,6882.0,6,0.0
2023-04-04 15:00:00,214.62,214.98,213.56,213.58,5275.0,6,0.0
2023-04-04 16:00:00,213.55,213.84,212.51,213.03,4609.0,6,0.0
2023-04-04 17:00:00,213.03,214.18,212.7,213.62,3777.0,6,0.0
2023-04-04 18:00:00,213.62,214.13,213.19,213.42,3889.0,6,0.0
2023-04-04 19:00:00,213.41,214.35,213.14,213.92,3254.0,6,0.0
2023-04-05 10:00:00,214.0,214.24,213.71,214.15,91.0,8,0.0
2023-04-05 11:00:00,214.21,215.52,213.97,214.93,370.0,16,0.0
2023-04-05 12:00:00,214.94,215.56,214.35,214.66,385.0,40,0.0
2023-04-05 13:00:00,214.66,215.09,213.45,214.01,4176.0,8,0.0
2023-04-05 14:00:00,214.1,214.41,210.97,210.99,5653.0,8,0.0
2023-04-05 15:00:00,211.0,211.74,210.73,210.81,3374.0,8,0.0
2023-04-05 16:00:00,210.81,211.27,210.12,210.19,2914.0,8,0.0
2023-04-05 17:00:00,210.2,211.32,209.92,211.19,2621.0,8,0.0
2023-04-05 18:00:00,211.18,211.86,210.94,211.7,2310.0,8,0.0
2023-04-05 19:00:00,211.69,211.77,210.35,211.1,2483.0,6,0.0
2023-04-06 10:00:00,210.18,210.5,209.86,210.36,192.0,40,0.0
2023-04-06 11:00:00,210.36,211.26,210.36,211.12,152.0,40,0.0
2023-04-06 12:00:00,211.1,211.1,209.62,209.71,290.0,40,0.0
2023-04-06 13:00:00,209.73,209.99,208.62,209.63,3874.0,8,0.0
2023-04-06 14:00:00,209.63,211.28,209.49,210.29,5438.0,8,0.0
2023-04-06 15:00:00,210.31,213.65,210.16,213.25,3594.0,8,0.0
2023-04-06 16:00:00,213.26,214.09,212.89,213.64,3179.0,8,0.0
2023-04-06 17:00:00,213.66,216.22,213.56,216.07,2866.0,8,0.0
2023-04-06 18:00:00,216.08,216.89,215.8,215.86,3435.0,8,0.0
2023-04-06 19:00:00,215.88,216.89,215.77,216.5,2240.0,8,0.0
2023-04-10 10:00:00,215.63,215.63,215.47,215.62,20.0,40,0.0
2023-04-10 11:00:00,215.6,215.82,215.03,215.49,161.0,40,0.0
2023-04-10 12:00:00,215.49,215.58,214.6,214.78,241.0,40,0.0
2023-04-10 13:00:00,214.92,215.01,210.65,211.45,3834.0,8,0.0
2023-04-10 14:00:00,211.43,212.76,210.61,212.06,4512.0,8,0.0
2023-04-10 15:00:00,212.08,213.28,212.06,212.75,3004.0,8,0.0
2023-04-10 16:00:00,212.74,213.96,212.03,213.95,2681.0,8,0.0
2023-04-10 17:00:00,213.95,214.54,213.79,214.45,2777.0,8,0.0
2023-04-10 18:00:00,214.45,215.6,214.39,215.51,2595.0,8,0.0
2023-04-10 19:00:00,215.52,215.63,214.32,214.33,2095.0,6,0.0
2023-04-11 10:00:00,215.29,216.83,215.25,215.88,453.0,40,0.0
2023-04-11 11:00:00,215.88,216.02,214.38,215.04,228.0,40,0.0
2023-04-11 12:00:00,215.04,215.69,214.88,215.17,195.0,40,0.0
2023-04-11 13:00:00,215.07,216.21,214.37,215.34,2830.0,8,0.0
2023-04-11 14:00:00,215.35,215.73,213.78,214.36,4986.0,8,0.0
2023-04-11 15:00:00,214.36,215.35,214.09,214.75,3266.0,8,0.0
2023-04-11 16:00:00,214.76,214.92,213.87,214.68,2112.0,8,0.0
2023-04-11 17:00:00,214.7,214.94,214.17,214.76,1867.0,8,0.0
2023-04-11 18:00:00,214.76,215.16,214.34,214.64,1806.0,8,0.0
2023-04-11 19:00:00,214.65,214.9,213.91,213.96,1590.0,8,0.0
2023-04-12 10:00:00,213.53,213.66,212.99,213.11,97.0,16,0.0
2023-04-12 11:00:00,213.12,213.64,213.08,213.62,146.0,16,0.0
2023-04-12 12:00:00,213.63,216.74,212.92,215.62,745.0,40,0.0
2023-04-12 13:00:00,215.55,216.39,212.74,213.47,4294.0,8,0.0
2023-04-12 14:00:00,213.45,215.39,212.87,213.52,5618.0,8,0.0
2023-04-12 15:00:00,213.5,216.22,212.55,215.96,4041.0,8,0.0
2023-04-12 16:00:00,215.97,216.34,215.41,215.88,3185.0,8,0.0
2023-04-12 17:00:00,215.89,216.79,215.46,215.98,2732.0,8,0.0
2023-04-12 18:00:00,215.97,216.81,214.31,215.02,5153.0,8,0.0
2023-04-12 19:00:00,215.02,215.39,213.93,214.56,3143.0,8,0.0
2023-04-13 10:00:00,214.39,214.87,214.26,214.53,270.0,16,0.0
2023-04-13 11:00:00,214.62,214.68,214.24,214.36,119.0,16,0.0
2023-04-13 12:00:00,214.37,215.54,213.99,215.06,663.0,16,0.0
2023-04-13 13:00:00,215.06,219.52,214.46,218.88,3753.0,8,0.0
2023-04-13 14:00:00,218.85,219.71,217.75,218.11,5206.0,8,0.0
2023-04-13 15:00:00,218.1,218.98,217.76,218.94,3215.0,8,0.0
2023-04-13 16:00:00,218.95,219.23,218.1,218.7,2533.0,8,0.0
2023-04-13 17:00:00,218.71,219.9,218.34,219.74,2259.0,8,0.0
2023-04-13 18:00:00,219.74,220.7,219.5,220.65,2748.0,8,0.0
2023-04-13 19:00:00,220.64,221.11,219.57,219.63,2293.0,8,0.0
2023-04-14 10:00:00,218.73,219.17,218.05,218.28,327.0,16,0.0
2023-04-14 11:00:00,218.28,219.13,218.26,218.63,449.0,40,0.0
2023-04-14 12:00:00,218.63,219.04,217.95,218.48,363.0,40,0.0
2023-04-14 13:00:00,218.46,221.59,217.41,221.18,3340.0,8,0.0
2023-04-14 14:00:00,221.04,222.05,219.48,219.95,6186.0,8,0.0
2023-04-14 15:00:00,219.96,221.34,219.37,219.93,4422.0,8,0.0
2023-04-14 16:00:00,219.95,219.96,217.53,218.36,3473.0,8,0.0
2023-04-14 17:00:00,218.35,219.64,218.2,219.37,3191.0,8,0.0
2023-04-14 18:00:00,219.37,221.14,219.0,220.94,2817.0,8,0.0
2023-04-14 19:00:00,220.93,221.35,220.03,221.28,2701.0,8,0.0
2023-04-17 10:00:00,219.31,220.06,219.31,219.69,142.0,40,0.0
2023-04-17 11:00:00,219.67,220.05,219.43,219.93,268.0,40,0.0
2023-04-17 12:00:00,219.94,219.96,218.84,218.97,281.0,40,0.0
2023-04-17 13:00:00,219.02,220.86,218.44,219.06,3929.0,8,0.0
2023-04-17 14:00:00,219.05,220.77,218.55,219.09,5367.0,8,0.0
2023-04-17 15:00:00,219.08,219.17,217.53,217.59,3650.0,8,0.0
2023-04-17 16:00:00,217.56,218.78,217.09,218.7,2889.0,8,0.0
2023-04-17 17:00:00,218.71,219.29,218.49,218.56,2434.0,8,0.0
2023-04-17 18:00:00,218.57,218.94,218.22,218.81,2276.0,8,0.0
2023-04-17 19:00:00,218.81,219.47,218.74,219.38,1697.0,8,0.0
2023-04-18 10:00:00,220.11,220.56,220.02,220.18,84.0,40,0.0
2023-04-18 11:00:00,220.09,220.51,219.68,219.76,145.0,40,0.0
2023-04-18 12:00:00,219.76,220.47,219.76,220.24,184.0,40,0.0
2023-04-18 13:00:00,220.19,220.28,217.83,218.63,3259.0,8,0.0
2023-04-18 14:00:00,218.63,218.71,216.18,217.19,5946.0,8,0.0
2023-04-18 15:00:00,217.17,217.88,216.79,217.7,2964.0,8,0.0
2023-04-18 16:00:00,217.7,218.16,217.54,217.73,2273.0,8,0.0
2023-04-18 17:00:00,217.73,218.4,217.63,218.14,1988.0,8,0.0
2023-04-18 18:00:00,218.14,218.41,217.5,217.75,2133.0,8,0.0
2023-04-18 19:00:00,217.78,218.25,217.54,217.95,1533.0,8,0.0
2023-04-19 10:00:00,216.09,216.46,213.66,214.43,399.0,40,0.0
2023-04-19 11:00:00,214.43,215.05,214.26,214.38,287.0,40,0.0
2023-04-19 12:00:00,214.38,214.69,213.42,213.57,407.0,40,0.0
2023-04-19 13:00:00,213.57,215.86,212.85,213.93,3842.0,8,0.0
2023-04-19 14:00:00,213.93,215.55,213.9,214.91,4185.0,8,0.0
2023-04-19 15:00:00,214.91,216.38,214.91,216.0,3052.0,8,0.0
2023-04-19 16:00:00,216.01,216.25,215.4,215.69,2440.0,8,0.0
2023-04-19 17:00:00,215.69,217.29,215.65,216.58,2432.0,8,0.0
2023-04-19 18:00:00,216.6,216.93,215.82,216.53,2109.0,8,0.0
2023-04-19 19:00:00,216.54,216.78,215.83,215.86,1558.0,8,0.0
2023-04-20 10:00:00,212.86,213.42,212.85,213.34,399.0,40,0.0
2023-04-20 11:00:00,213.24,213.95,213.24,213.58,226.0,40,0.0
2023-04-20 12:00:00,213.57,213.89,213.07,213.52,360.0,40,0.0
2023-04-20 13:00:00,213.52,215.01,212.91,214.87,1733.0,8,0.0
2023-04-20 14:00:00,214.84,216.31,214.73,214.74,3595.0,8,0.0
2023-04-20 15:00:00,214.76,215.56,214.16,215.23,2489.0,8,0.0
2023-04-20 16:00:00,215.24,216.04,214.89,216.02,1836.0,8,0.0
2023-04-20 17:00:00,216.03,216.69,215.81,215.95,1766.0,8,0.0
2023-04-20 18:00:00,215.94,215.94,214.18,214.73,2136.0,8,0.0
2023-04-20 19:00:00,214.74,214.97,213.05,213.18,2026.0,8,0.0
2023-04-21 10:00:00,209.86,210.04,209.4,209.65,269.0,40,0.0
2023-04-21 11:00:00,209.68,210.66,209.68,210.18,370.0,40,0.0
2023-04-21 12:00:00,210.16,210.9,210.01,210.33,346.0,40,0.0
2023-04-21 13:00:00,210.39,212.13,209.46,210.88,3491.0,8,0.0
2023-04-21 14:00:00,210.85,212.14,209.74,211.72,4689.0,8,0.0
2023-04-21 15:00:00,211.76,212.71,211.63,212.57,3169.0,8,0.0
2023-04-21 16:00:00,212.59,212.78,211.89,212.33,2621.0,8,0.0
2023-04-21 17:00:00,212.33,212.93,211.62,212.69,2361.0,8,0.0
2023-04-21 18:00:00,212.7,213.36,212.45,212.85,2158.0,8,0.0
2023-04-21 19:00:00,212.85,212.93,212.07,212.31,1914.0,8,0.0
2023-04-24 10:00:00,212.42,212.46,211.96,212.4,165.0,8,0.0
2023-04-24 11:00:00,212.37,214.48,212.37,214.28,729.0,16,0.0
2023-04-24 12:00:00,214.14,214.19,213.32,213.51,259.0,40,0.0
2023-04-24 13:00:00,213.55,213.83,212.07,213.1,2764.0,8,0.0
2023-04-24 14:00:00,213.1,213.56,210.69,211.33,4351.0,8,0.0
2023-04-24 15:00:00,211.35,211.83,211.09,211.35,2809.0,8,0.0
2023-04-24 16:00:00,211.34,212.05,210.98,211.93,2165.0,8,0.0
2023-04-24 17:00:00,211.93,212.79,211.8,212.69,1877.0,8,0.0
2023-04-24 18:00:00,212.69,213.73,212.68,212.96,2198.0,8,0.0
2023-04-24 19:00:00,212.96,213.09,212.38,212.71,1863.0,8,0.0
2023-04-25 10:00:00,212.01,212.12,211.84,211.94,46.0,16,0.0
2023-04-25 11:00:00,211.98,212.23,211.65,211.95,106.0,40,0.0
2023-04-25 12:00:00,211.95,212.39,211.53,211.79,184.0,40,0.0
2023-04-25 13:00:00,211.8,212.19,208.93,209.25,2594.0,8,0.0
2023-04-25 14:00:00,209.25,210.09,208.94,209.31,3838.0,8,0.0
2023-04-25 15:00:00,209.32,210.62,208.95,209.18,2915.0,8,0.0
2023-04-25 16:00:00,209.18,210.0,208.81,209.6,2306.0,8,0.0
2023-04-25 17:00:00,209.61,209.94,207.98,208.53,2808.0,8,0.0
2023-04-25 18:00:00,208.54,209.2,207.74,208.64,2534.0,8,0.0
2023-04-25 19:00:00,208.65,208.82,207.92,208.03,2209.0,8,0.0
2023-04-26 10:00:00,211.31,211.43,209.86,210.01,178.0,60,0.0
2023-04-26 11:00:00,210.09,211.35,209.25,210.05,740.0,40,0.0
2023-04-26 12:00:00,210.1,211.47,209.89,211.14,391.0,40,0.0
2023-04-26 13:00:00,211.11,214.05,208.83,213.66,3452.0,8,0.0
2023-04-26 14:00:00,213.63,213.63,210.48,211.06,5300.0,8,0.0
2023-04-26 15:00:00,211.06,213.25,211.02,212.81,3907.0,8,0.0
2023-04-26 16:00:00,212.82,213.61,210.49,211.21,3705.0,8,0.0
2023-04-26 17:00:00,211.21,211.94,210.5,210.86,2885.0,8,0.0
2023-04-26 18:00:00,210.87,211.14,209.14,209.61,3041.0,8,0.0
2023-04-26 19:00:00,209.61,209.9,208.9,209.75,2473.0,8,0.0
2023-04-27 10:00:00,232.11,233.36,231.52,233.03,299.0,60,0.0
2023-04-27 11:00:00,232.71,235.27,232.71,234.07,738.0,40,0.0
2023-04-27 12:00:00,234.05,240.59,233.85,240.12,2500.0,16,0.0
2023-04-27 13:00:00,240.16,242.07,236.76,238.11,11662.0,16,0.0
2023-04-27 14:00:00,238.17,241.34,238.16,239.16,6205.0,9,0.0
2023-04-27 15:00:00,239.17,240.02,238.56,238.81,3858.0,8,0.0
2023-04-27 16:00:00,238.8,241.1,238.42,240.38,4150.0,8,0.0
2023-04-27 17:00:00,240.38,241.53,239.63,240.9,3511.0,8,0.0
2023-04-27 18:00:00,240.9,241.63,239.71,240.01,3527.0,8,0.0
2023-04-27 19:00:00,240.01,240.49,238.92,239.09,2864.0,8,0.0
2023-04-28 10:00:00,237.55,238.02,237.55,237.7,95.0,40,0.0
2023-04-28 11:00:00,237.74,239.06,237.48,239.05,226.0,40,0.0
2023-04-28 12:00:00,239.01,239.54,238.08,239.02,760.0,40,0.0
2023-04-28 13:00:00,238.85,240.06,236.77,236.94,4660.0,16,0.0
2023-04-28 14:00:00,236.9,238.95,235.68,236.21,5384.0,8,0.0
2023-04-28 15:00:00,236.25,237.62,235.71,236.94,4232.0,8,0.0
2023-04-28 16:00:00,236.94,237.62,236.07,237.57,3501.0,8,0.0
2023-04-28 17:00:00,237.58,239.91,236.9,239.45,4149.0,8,0.0
2023-04-28 18:00:00,239.46,240.38,238.65,240.26,3232.0,8,0.0
2023-04-28 19:00:00,240.24,240.26,237.72,238.29,3031.0,8,0.0
2023-05-01 10:00:00,239.46,239.53,239.43,239.53,10.0,40,0.0
2023-05-01 11:00:00,239.64,239.64,238.93,239.13,127.0,40,0.0
2023-05-01 12:00:00,239.24,239.51,238.45,239.16,176.0,40,0.0
2023-05-01 13:00:00,239.21,240.53,237.75,238.93,3190.0,16,0.0
2023-05-01 14:00:00,238.8,238.84,236.76,238.15,3568.0,8,0.0
2023-05-01 15:00:00,238.14,238.33,236.44,237.01,3505.0,8,0.0
2023-05-01 16:00:00,237.0,240.17,236.76,239.39,3491.0,8,0.0
2023-05-01 17:00:00,239.39,243.23,239.35,242.88,3140.0,8,0.0
2023-05-01 18:00:00,242.88,243.34,240.96,241.94,3633.0,8,0.0
2023-05-01 19:00:00,241.94,242.72,241.32,242.49,2809.0,8,0.0
2023-05-02 10:00:00,242.75,242.94,242.26,242.7,283.0,16,0.0
2023-05-02 11:00:00,242.64,242.88,242.15,242.21,178.0,16,0.0
2023-05-02 12:00:00,242.22,242.93,241.97,242.72,252.0,40,0.0
2023-05-02 13:00:00,242.73,244.81,241.48,242.12,3671.0,16,0.0
2023-05-02 14:00:00,242.15,242.51,239.73,239.88,3928.0,8,0.0
2023-05-02 15:00:00,239.88,240.9,239.25,239.93,4132.0,8,0.0
2023-05-02 16:00:00,239.9,241.13,239.77,240.82,2985.0,8,0.0
2023-05-02 17:00:00,240.82,241.07,239.74,240.7,2769.0,8,0.0
2023-05-02 18:00:00,240.72,240.78,239.37,240.08,2691.0,8,0.0
2023-05-02 19:00:00,240.08,240.27,238.95,239.24,2283.0,8,0.0
2023-05-03 10:00:00,239.71,239.8,239.51,239.53,44.0,16,0.0
2023-05-03 11:00:00,239.53,240.5,239.42,240.3,180.0,16,0.0
2023-05-03 12:00:00,240.23,240.49,239.43,239.74,275.0,40,0.0
2023-05-03 13:00:00,239.56,240.56,238.93,239.82,2429.0,8,0.0
2023-05-03 14:00:00,239.86,241.16,238.48,240.4,3128.0,8,0.0
2023-05-03 15:00:00,240.39,241.47,240.1,241.26,2976.0,8,0.0
2023-05-03 16:00:00,241.27,241.69,240.63,241.39,2294.0,8,0.0
2023-05-03 17:00:00,241.37,241.37,232.73,238.73,9098.0,8,0.0
2023-05-03 18:00:00,238.72,240.07,236.97,238.17,6384.0,16,0.0
2023-05-03 19:00:00,238.21,238.91,235.15,236.02,3917.0,16,0.0
2023-05-04 10:00:00,237.22,237.47,237.19,237.37,77.0,40,0.0
2023-05-04 11:00:00,237.41,238.24,237.34,238.03,219.0,40,0.0
2023-05-04 12:00:00,238.01,238.06,237.06,237.42,553.0,40,0.0
2023-05-04 13:00:00,237.3,237.87,234.54,235.21,3307.0,16,0.0
2023-05-04 14:00:00,235.17,236.54,234.63,236.05,4943.0,8,0.0
2023-05-04 15:00:00,236.04,237.98,235.91,237.0,4350.0,8,0.0
2023-05-04 16:00:00,237.0,237.61,236.35,237.59,3326.0,8,0.0
2023-05-04 17:00:00,237.59,238.14,236.84,237.73,3696.0,8,0.0
2023-05-04 18:00:00,237.75,237.79,234.85,234.9,3728.0,8,0.0
2023-05-04 19:00:00,234.89,235.27,233.54,233.63,2947.0,8,0.0
2023-05-05 10:00:00,234.91,235.18,234.72,235.03,170.0,40,0.0
2023-05-05 11:00:00,234.93,235.39,234.77,234.93,128.0,40,0.0
2023-05-05 12:00:00,234.93,235.12,233.92,234.36,390.0,40,0.0
2023-05-05 13:00:00,234.32,234.6,229.92,230.47,2958.0,8,0.0
2023-05-05 14:00:00,230.49,231.36,229.81,231.15,4232.0,8,0.0
2023-05-05 15:00:00,231.17,231.22,230.49,230.93,2586.0,8,0.0
2023-05-05 16:00:00,230.95,231.86,230.28,231.79,2584.0,8,0.0
2023-05-05 17:00:00,231.79,234.41,231.78,234.36,2319.0,8,0.0
2023-05-05 18:00:00,234.37,234.58,232.43,233.84,2714.0,8,0.0
2023-05-05 19:00:00,233.84,234.24,233.37,233.44,1750.0,8,0.0
2023-05-08 10:00:00,231.5,231.78,231.41,231.62,102.0,40,0.0
2023-05-08 11:00:00,231.7,231.99,231.25,231.4,93.0,40,0.0
2023-05-08 12:00:00,231.4,231.4,230.03,230.69,263.0,40,0.0
2023-05-08 13:00:00,230.74,232.68,229.86,230.89,2153.0,16,0.0
2023-05-08 14:00:00,230.89,231.93,230.24,231.6,3583.0,8,0.0
2023-05-08 15:00:00,231.59,232.85,231.36,232.12,2415.0,8,0.0
2023-05-08 16:00:00,232.14,233.23,232.01,233.22,1753.0,8,0.0
2023-05-08 17:00:00,233.23,235.56,232.99,234.47,2738.0,8,0.0
2023-05-08 18:00:00,234.47,234.82,232.85,234.4,2591.0,8,0.0
2023-05-08 19:00:00,234.4,234.66,233.2,233.52,1689.0,8,0.0
2023-05-09 10:00:00,231.47,231.79,231.46,231.79,34.0,40,0.0
2023-05-09 11:00:00,231.82,231.82,231.28,231.52,135.0,40,0.0
2023-05-09 12:00:00,231.52,232.15,231.23,231.45,137.0,40,0.0
2023-05-09 13:00:00,231.45,233.19,230.36,232.99,2274.0,8,0.0
2023-05-09 14:00:00,233.02,233.82,232.37,232.64,2961.0,8,0.0
2023-05-09 15:00:00,232.62,234.72,232.05,232.93,2957.0,8,0.0
2023-05-09 16:00:00,232.92,234.45,232.44,234.23,2153.0,8,0.0
2023-05-09 17:00:00,234.24,235.76,234.23,235.46,2436.0,8,0.0
2023-05-09 18:00:00,235.47,235.82,235.09,235.32,2251.0,8,0.0
2023-05-09 19:00:00,235.32,235.49,233.72,233.92,1949.0,8,0.0
2023-05-10 10:00:00,232.87,233.24,232.87,233.19,26.0,40,0.0
2023-05-10 11:00:00,233.2,234.89,233.17,234.73,281.0,40,0.0
2023-05-10 12:00:00,234.73,237.34,234.33,236.66,734.0,40,0.0
2023-05-10 13:00:00,236.65,237.06,234.21,234.38,2775.0,16,0.0
2023-05-10 14:00:00,234.41,235.72,230.67,231.63,4571.0,8,0.0
2023-05-10 15:00:00,231.64,233.85,231.26,233.11,2864.0,8,0.0
2023-05-10 16:00:00,233.09,233.64,232.38,232.75,2601.0,8,0.0
2023-05-10 17:00:00,232.75,233.37,231.33,232.22,3025.0,8,0.0
2023-05-10 18:00:00,232.2,233.81,232.16,233.81,3228.0,8,0.0
2023-05-10 19:00:00,233.82,234.4,233.31,233.9,2421.0,8,0.0
2023-05-11 10:00:00,234.05,234.05,233.51,233.52,76.0,16,0.0
2023-05-11 11:00:00,233.51,233.64,233.16,233.44,158.0,16,0.0
2023-05-11 12:00:00,233.46,234.42,233.38,233.63,260.0,16,0.0
2023-05-11 13:00:00,233.63,237.13,232.25,236.59,3285.0,16,0.0
2023-05-11 14:00:00,236.63,236.89,235.11,236.54,3478.0,8,0.0
2023-05-11 15:00:00,236.56,237.88,236.44,237.57,3250.0,8,0.0
2023-05-11 16:00:00,237.57,238.17,236.76,237.99,2443.0,8,0.0
2023-05-11 17:00:00,238.01,238.09,236.71,237.18,2508.0,8,0.0
2023-05-11 18:00:00,237.16,237.83,236.49,237.68,2227.0,8,0.0
2023-05-11 19:00:00,237.66,237.66,235.92,236.44,2142.0,8,0.0
2023-05-12 10:00:00,236.99,237.53,236.98,237.27,134.0,40,0.0
2023-05-12 11:00:00,237.19,238.34,237.11,237.96,380.0,40,0.0
2023-05-12 12:00:00,237.96,238.13,236.38,236.38,375.0,40,0.0
2023-05-12 13:00:00,236.37,237.4,233.97,234.55,2757.0,16,0.0
2023-05-12 14:00:00,234.52,234.97,233.33,234.06,3145.0,8,0.0
2023-05-12 15:00:00,234.06,235.0,233.31,234.22,2772.0,8,0.0
2023-05-12 16:00:00,234.22,234.31,231.42,231.95,2862.0,8,0.0
2023-05-12 17:00:00,231.93,232.87,231.74,232.14,2494.0,8,0.0
2023-05-12 18:00:00,232.16,232.91,231.78,232.78,2152.0,8,0.0
2023-05-12 19:00:00,232.79,233.66,232.28,233.62,1666.0,8,0.0
2023-05-15 10:00:00,236.02,236.49,235.97,236.49,79.0,40,0.0
2023-05-15 11:00:00,236.53,236.58,235.96,236.35,218.0,40,0.0
2023-05-15 12:00:00,236.36,237.06,235.97,236.0,346.0,40,0.0
2023-05-15 13:00:00,236.01,237.79,235.24,235.49,2870.0,8,0.0
2023-05-15 14:00:00,235.53,238.09,235.3,237.15,3761.0,8,0.0
2023-05-15 15:00:00,237.12,239.49,236.99,239.3,3053.0,8,0.0
2023-05-15 16:00:00,239.29,239.58,238.48,239.34,2679.0,8,0.0
2023-05-15 17:00:00,239.34,240.21,238.49,239.14,2847.0,8,0.0
2023-05-15 18:00:00,239.16,239.51,238.55,238.57,2208.0,8,0.0
2023-05-15 19:00:00,238.57,239.46,238.12,239.14,2007.0,8,0.0
2023-05-16 10:00:00,238.85,239.06,238.68,238.76,51.0,16,0.0
2023-05-16 11:00:00,238.82,238.86,237.94,237.97,149.0,16,0.0
2023-05-16 12:00:00,238.0,238.55,237.75,237.97,314.0,40,0.0
2023-05-16 13:00:00,237.96,238.5,235.15,237.34,3010.0,9,0.0
2023-05-16 14:00:00,237.38,238.26,236.5,238.06,3531.0,8,0.0
2023-05-16 15:00:00,238.08,238.66,237.08,237.84,2803.0,8,0.0
2023-05-16 16:00:00,237.84,239.01,237.52,238.98,2084.0,8,0.0
2023-05-16 17:00:00,238.98,239.03,237.95,238.65,2052.0,8,0.0
2023-05-16 18:00:00,238.67,239.59,238.33,239.45,2092.0,8,0.0
2023-05-16 19:00:00,239.45,239.56,239.01,239.01,1464.0,8,0.0
2023-05-17 10:00:00,238.72,238.72,238.21,238.61,92.0,16,0.0
2023-05-17 11:00:00,238.61,238.83,238.18,238.58,178.0,16,0.0
2023-05-17 12:00:00,238.64,238.65,237.95,238.34,192.0,40,0.0
2023-05-17 13:00:00,238.32,240.54,236.84,239.56,2991.0,16,0.0
2023-05-17 14:00:00,239.57,240.81,239.4,240.38,3386.0,8,0.0
2023-05-17 15:00:00,240.39,241.69,240.16,241.09,3276.0,8,0.0
2023-05-17 16:00:00,241.11,242.65,240.93,242.57,2286.0,8,0.0
2023-05-17 17:00:00,242.56,243.77,242.32,243.32,2428.0,8,0.0
2023-05-17 18:00:00,243.33,243.66,242.65,242.66,2275.0,8,0.0
2023-05-17 19:00:00,242.65,243.34,241.41,242.14,1940.0,8,0.0
2023-05-18 10:00:00,243.03,243.09,242.73,242.95,122.0,40,0.0
2023-05-18 11:00:00,242.98,243.31,242.68,243.1,245.0,40,0.0
2023-05-18 12:00:00,243.09,243.09,241.39,241.61,290.0,40,0.0
2023-05-18 13:00:00,241.63,244.37,240.59,242.9,2868.0,8,0.0
2023-05-18 14:00:00,242.92,243.84,241.82,242.37,3902.0,8,0.0
2023-05-18 15:00:00,242.39,243.63,241.54,242.73,3102.0,8,0.0
2023-05-18 16:00:00,242.73,243.95,241.93,243.64,3414.0,8,0.0
2023-05-18 17:00:00,243.67,245.83,243.67,244.08,3490.0,8,0.0
2023-05-18 18:00:00,244.08,244.79,243.8,244.54,2504.0,8,0.0
2023-05-18 19:00:00,244.56,246.39,244.41,246.31,2128.0,8,0.0
2023-05-19 10:00:00,247.66,247.66,246.56,246.73,174.0,40,0.0
2023-05-19 11:00:00,246.53,247.63,246.53,246.89,277.0,40,0.0
2023-05-19 12:00:00,246.91,246.99,245.92,246.36,311.0,40,0.0
2023-05-19 13:00:00,246.36,248.58,244.99,245.85,3141.0,16,0.0
2023-05-19 14:00:00,245.88,246.01,243.43,244.24,4391.0,8,0.0
2023-05-19 15:00:00,244.24,245.11,243.37,244.95,3942.0,8,0.0
2023-05-19 16:00:00,244.91,245.58,244.28,244.64,3152.0,8,0.0
2023-05-19 17:00:00,244.63,247.18,244.48,245.72,3712.0,8,0.0
2023-05-19 18:00:00,245.72,245.75,243.9,244.67,2993.0,8,0.0
2023-05-19 19:00:00,244.67,244.88,244.06,244.73,1914.0,8,0.0
2023-05-22 10:00:00,242.41,242.41,241.54,241.73,244.0,40,0.0
2023-05-22 11:00:00,241.71,243.77,241.71,243.71,266.0,40,0.0
2023-05-22 12:00:00,243.77,244.45,242.95,243.82,403.0,40,0.0
2023-05-22 13:00:00,243.83,253.07,243.48,252.73,4404.0,16,0.0
2023-05-22 14:00:00,252.65,253.45,250.43,251.17,4929.0,8,0.0
2023-05-22 15:00:00,251.2,251.46,249.62,250.12,3919.0,8,0.0
2023-05-22 16:00:00,250.1,250.73,248.87,250.51,2768.0,8,0.0
2023-05-22 17:00:00,250.51,251.26,249.82,249.87,2789.0,8,0.0
2023-05-22 18:00:00,249.88,250.23,249.09,249.3,2349.0,8,0.0
2023-05-22 19:00:00,249.3,249.73,248.04,248.35,1932.0,8,0.0
2023-05-23 10:00:00,247.04,247.69,247.04,247.53,278.0,40,0.0
2023-05-23 11:00:00,247.52,248.97,247.18,247.4,315.0,40,0.0
2023-05-23 12:00:00,247.48,248.02,246.53,246.66,271.0,40,0.0
2023-05-23 13:00:00,246.66,250.16,246.26,248.45,3062.0,16,0.0
2023-05-23 14:00:00,248.45,249.39,247.5,249.39,3689.0,8,0.0
2023-05-23 15:00:00,249.39,251.54,249.12,251.15,3199.0,8,0.0
2023-05-23 16:00:00,251.16,251.44,249.0,249.11,3172.0,8,0.0
2023-05-23 17:00:00,249.1,250.14,248.13,248.33,3049.0,8,0.0
2023-05-23 18:00:00,248.33,248.54,246.94,247.66,3502.0,8,0.0
2023-05-23 19:00:00,247.66,247.79,246.67,246.94,2085.0,8,0.0
2023-05-24 10:00:00,246.33,246.42,245.42,245.54,119.0,16,0.0
2023-05-24 11:00:00,245.59,245.75,244.5,244.91,210.0,40,0.0
2023-05-24 12:00:00,244.95,245.68,244.38,244.54,251.0,40,0.0
2023-05-24 13:00:00,244.55,247.87,244.22,246.66,2642.0,16,0.0
2023-05-24 14:00:00,246.58,247.55,245.34,245.66,3547.0,8,0.0
2023-05-24 15:00:00,245.67,247.59,245.37,246.97,3424.0,8,0.0
2023-05-24 16:00:00,246.99,247.33,245.99,246.7,2440.0,8,0.0
2023-05-24 17:00:00,246.7,247.9,246.12,247.77,2149.0,8,0.0
2023-05-24 18:00:00,247.77,247.99,247.09,247.74,2575.0,8,0.0
2023-05-24 19:00:00,247.75,249.53,247.51,248.75,2523.0,8,0.0
2023-05-25 10:00:00,250.25,250.25,248.0,248.51,220.0,40,0.0
2023-05-25 11:00:00,248.61,250.66,248.52,250.52,492.0,40,0.0
2023-05-25 12:00:00,250.45,252.3,249.95,251.97,639.0,40,0.0
2023-05-25 13:00:00,252.02,254.03,249.39,249.97,3970.0,16,0.0
2023-05-25 14:00:00,250.0,252.73,249.12,252.65,3826.0,8,0.0
2023-05-25 15:00:00,252.66,254.06,252.47,253.73,3936.0,8,0.0
2023-05-25 16:00:00,253.75,255.56,253.36,254.35,3563.0,8,0.0
2023-05-25 17:00:00,254.35,255.04,254.23,254.42,2371.0,8,0.0
2023-05-25 18:00:00,254.42,254.81,251.86,252.03,3574.0,8,0.0
2023-05-25 19:00:00,252.03,253.36,251.78,253.16,2461.0,8,0.0
2023-05-26 10:00:00,252.77,253.51,252.51,253.33,243.0,16,0.0
2023-05-26 11:00:00,253.27,254.53,253.27,253.97,195.0,40,0.0
2023-05-26 12:00:00,254.0,254.54,252.42,254.03,365.0,40,0.0
2023-05-26 13:00:00,254.06,255.79,252.56,255.54,2691.0,8,0.0
2023-05-26 14:00:00,255.53,258.31,254.72,256.95,4209.0,8,0.0
2023-05-26 15:00:00,256.96,259.26,256.76,258.95,3296.0,8,0.0
2023-05-26 16:00:00,258.94,259.59,258.16,259.2,2655.0,8,0.0
2023-05-26 17:00:00,259.2,259.78,258.49,259.23,2198.0,8,0.0
2023-05-26 18:00:00,259.22,261.71,258.97,261.52,2445.0,8,0.0
2023-05-26 19:00:00,261.54,262.26,261.21,261.94,1958.0,8,0.0
2023-05-30 10:00:00,267.67,268.08,266.53,266.53,157.0,60,0.0
2023-05-30 11:00:00,266.31,268.01,264.95,268.01,457.0,40,0.0
2023-05-30 12:00:00,267.94,268.73,266.62,267.22,474.0,40,0.0
2023-05-30 13:00:00,267.1,268.52,262.72,265.0,5043.0,16,0.0
2023-05-30 14:00:00,265.04,266.76,264.25,265.46,4490.0,8,0.0
2023-05-30 15:00:00,265.46,266.62,264.14,265.89,3679.0,8,0.0
2023-05-30 16:00:00,265.9,266.94,264.43,265.8,3117.0,8,0.0
2023-05-30 17:00:00,265.79,265.87,261.71,261.81,3419.0,8,0.0
2023-05-30 18:00:00,261.79,264.35,261.23,263.72,3571.0,8,0.0
2023-05-30 19:00:00,263.72,263.97,262.41,262.48,2141.0,8,0.0
2023-05-31 10:00:00,261.32,262.09,260.99,262.09,87.0,40,0.0
2023-05-31 11:00:00,262.05,262.54,260.54,260.87,395.0,40,0.0
2023-05-31 12:00:00,260.88,261.05,259.73,260.22,230.0,40,0.0
2023-05-31 13:00:00,260.25,263.29,258.39,262.01,3538.0,16,0.0
2023-05-31 14:00:00,262.05,263.92,261.35,263.22,3663.0,8,0.0
2023-05-31 15:00:00,263.19,263.99,261.99,262.48,3074.0,8,0.0
2023-05-31 16:00:00,262.49,262.79,261.07,261.97,2733.0,8,0.0
2023-05-31 17:00:00,261.97,263.77,261.86,263.45,2996.0,8,0.0
2023-05-31 18:00:00,263.44,263.89,262.61,263.04,2651.0,8,0.0
2023-05-31 19:00:00,263.06,263.67,261.5,263.29,2568.0,8,0.0
2023-06-01 10:00:00,264.4,268.21,264.22,267.11,468.0,40,0.0
2023-06-01 11:00:00,267.11,267.16,266.28,266.46,226.0,40,0.0
2023-06-01 12:00:00,266.46,266.62,265.11,265.84,370.0,40,0.0
2023-06-01 13:00:00,265.79,270.96,265.19,268.6,3802.0,16,0.0
2023-06-01 14:00:00,268.67,271.79,268.55,270.56,4303.0,8,0.0
2023-06-01 15:00:00,270.57,270.79,268.27,270.11,3578.0,8,0.0
2023-06-01 16:00:00,270.12,272.25,269.85,272.16,3323.0,8,0.0
2023-06-01 17:00:00,272.16,273.54,271.85,273.44,2996.0,8,0.0
2023-06-01 18:00:00,273.44,273.97,272.88,273.37,2681.0,8,0.0
2023-06-01 19:00:00,273.38,273.82,271.19,271.37,2461.0,8,0.0
2023-06-02 10:00:00,273.94,274.1,273.44,273.56,193.0,40,0.0
2023-06-02 11:00:00,273.4,273.9,273.3,273.79,230.0,40,0.0
2023-06-02 12:00:00,273.77,274.04,271.86,272.22,595.0,40,0.0
2023-06-02 13:00:00,272.23,275.27,271.05,271.51,3895.0,16,0.0
2023-06-02 14:00:00,271.54,274.4,271.29,274.36,3568.0,16,0.0
2023-06-02 15:00:00,274.39,274.52,272.23,273.45,2514.0,8,0.0
2023-06-02 16:00:00,273.48,274.33,272.7,274.14,1961.0,8,0.0
2023-06-02 17:00:00,274.14,274.48,273.59,273.98,2290.0,8,0.0
2023-06-02 18:00:00,273.99,274.13,272.5,273.26,2366.0,8,0.0
2023-06-02 19:00:00,273.28,273.34,272.07,272.62,1726.0,8,0.0
2023-06-05 10:00:00,270.25,270.52,269.96,270.22,116.0,40,0.0
2023-06-05 11:00:00,270.22,270.26,269.33,269.97,251.0,40,0.0
2023-06-05 12:00:00,269.96,270.36,269.37,269.89,290.0,40,0.0
2023-06-05 13:00:00,269.89,272.57,269.5,270.99,2910.0,16,0.0
2023-06-05 14:00:00,271.06,274.35,270.68,274.18,3615.0,16,0.0
2023-06-05 15:00:00,274.18,275.51,273.79,275.04,2478.0,8,0.0
2023-06-05 16:00:00,275.05,275.41,272.96,273.39,1977.0,8,0.0
2023-06-05 17:00:00,273.39,273.62,272.19,272.95,2194.0,8,0.0
2023-06-05 18:00:00,272.98,273.25,270.21,271.64,3365.0,8,0.0
2023-06-05 19:00:00,271.65,272.22,270.29,272.15,2612.0,8,0.0
2023-06-06 10:00:00,271.67,271.83,271.21,271.42,166.0,16,0.0
2023-06-06 11:00:00,271.42,272.43,271.42,271.6,169.0,40,0.0
2023-06-06 12:00:00,271.6,272.13,270.26,270.52,343.0,40,0.0
2023-06-06 13:00:00,270.58,274.1,269.51,273.53,3096.0,16,0.0
2023-06-06 14:00:00,273.53,276.46,273.51,275.52,3414.0,8,0.0
2023-06-06 15:00:00,275.52,276.11,274.49,275.88,2397.0,8,0.0
2023-06-06 16:00:00,275.88,276.2,273.35,273.42,2721.0,8,0.0
2023-06-06 17:00:00,273.39,274.53,273.37,273.66,2269.0,8,0.0
2023-06-06 18:00:00,273.68,273.73,271.61,271.99,2184.0,8,0.0
2023-06-06 19:00:00,272.01,272.43,271.03,271.49,2124.0,8,0.0
2023-06-07 10:00:00,270.55,270.72,270.39,270.6,60.0,40,0.0
2023-06-07 11:00:00,270.6,271.52,269.43,271.39,567.0,40,0.0
2023-06-07 12:00:00,271.39,271.53,270.07,270.51,514.0,40,0.0
2023-06-07 13:00:00,270.6,274.14,270.16,272.54,3083.0,16,0.0
2023-06-07 14:00:00,272.58,272.87,269.37,270.12,4049.0,8,0.0
2023-06-07 15:00:00,270.13,270.78,268.41,268.5,2876.0,8,0.0
2023-06-07 16:00:00,268.53,269.0,266.95,267.74,3155.0,8,0.0
2023-06-07 17:00:00,267.74,268.4,266.02,266.42,3060.0,8,0.0
2023-06-07 18:00:00,266.42,267.38,264.6,265.44,3214.0,8,0.0
2023-06-07 19:00:00,265.45,265.82,263.64,264.29,2850.0,8,0.0
2023-06-08 10:00:00,261.65,261.79,261.22,261.34,89.0,40,0.0
2023-06-08 11:00:00,261.38,261.64,261.09,261.4,225.0,40,0.0
2023-06-08 12:00:00,261.41,263.07,260.65,262.47,640.0,40,0.0
2023-06-08 13:00:00,262.47,262.76,258.84,261.21,3857.0,16,0.0
2023-06-08 14:00:00,261.24,265.68,259.91,265.67,3670.0,16,0.0
2023-06-08 15:00:00,265.68,267.49,265.59,266.44,2422.0,16,0.0
2023-06-08 16:00:00,266.42,267.55,266.11,267.08,1955.0,16,0.0
2023-06-08 17:00:00,267.08,267.52,264.7,265.44,1692.0,8,0.0
2023-06-08 18:00:00,265.47,265.61,264.54,264.81,1548.0,8,0.0
2023-06-08 19:00:00,264.81,265.65,264.48,265.13,1558.0,8,0.0
2023-06-09 10:00:00,262.71,262.82,261.9,262.61,149.0,16,0.0
2023-06-09 11:00:00,262.65,262.9,262.17,262.72,185.0,16,0.0
2023-06-09 12:00:00,262.72,263.25,262.55,262.64,370.0,40,0.0
2023-06-09 13:00:00,262.63,264.83,261.56,264.53,2811.0,16,0.0
2023-06-09 14:00:00,264.56,267.86,264.16,265.4,3702.0,16,0.0
2023-06-09 15:00:00,265.4,266.89,264.99,265.07,2579.0,8,0.0
2023-06-09 16:00:00,265.04,265.28,263.7,265.0,2390.0,16,0.0
2023-06-09 17:00:00,264.99,266.29,264.62,265.7,1958.0,8,0.0
2023-06-09 18:00:00,265.72,265.82,264.32,264.68,2058.0,8,0.0
2023-06-09 19:00:00,264.68,264.98,264.09,264.86,1841.0,8,0.0
2023-06-12 10:00:00,266.34,266.43,266.04,266.25,160.0,40,0.0
2023-06-12 11:00:00,266.24,266.7,266.24,266.38,76.0,40,0.0
2023-06-12 12:00:00,266.38,266.91,265.54,266.77,291.0,40,0.0
2023-06-12 13:00:00,266.79,269.08,265.14,267.65,2333.0,16,0.0
2023-06-12 14:00:00,267.69,269.0,267.05,268.18,2543.0,16,0.0
2023-06-12 15:00:00,268.19,269.0,267.53,268.92,1894.0,8,0.0
2023-06-12 16:00:00,268.93,269.41,268.56,269.18,1749.0,8,0.0
2023-06-12 17:00:00,269.12,269.86,268.52,269.86,2020.0,8,0.0
2023-06-12 18:00:00,269.85,270.04,268.76,269.82,2248.0,8,0.0
2023-06-12 19:00:00,269.83,271.61,269.63,270.68,2291.0,8,0.0
2023-06-13 10:00:00,272.88,272.88,271.95,272.36,158.0,16,0.0
2023-06-13 11:00:00,272.35,272.83,271.83,271.97,240.0,40,0.0
2023-06-13 12:00:00,271.97,274.19,271.87,274.19,828.0,40,0.0
2023-06-13 13:00:00,274.23,275.64,271.52,271.89,3154.0,16,0.0
2023-06-13 14:00:00,271.93,273.96,271.03,273.47,3490.0,16,0.0
2023-06-13 15:00:00,273.47,273.82,271.66,271.68,2666.0,8,0.0
2023-06-13 16:00:00,271.68,272.26,270.77,271.97,2457.0,8,0.0
2023-06-13 17:00:00,271.98,272.32,270.72,270.82,1804.0,8,0.0
2023-06-13 18:00:00,270.82,270.85,269.06,270.44,2732.0,8,0.0
2023-06-13 19:00:00,270.46,271.42,270.26,270.89,1880.0,8,0.0
2023-06-14 10:00:00,272.07,272.19,271.2,271.35,133.0,40,0.0
2023-06-14 11:00:00,271.45,272.15,271.45,271.45,250.0,40,0.0
2023-06-14 12:00:00,271.51,272.46,271.4,271.74,521.0,40,0.0
2023-06-14 13:00:00,271.74,273.68,270.4,273.6,2512.0,16,0.0
2023-06-14 14:00:00,273.63,274.9,272.88,272.9,2772.0,16,0.0
2023-06-14 15:00:00,272.87,274.04,271.75,272.05,1952.0,16,0.0
2023-06-14 16:00:00,272.08,272.73,271.34,272.09,1623.0,8,0.0
2023-06-14 17:00:00,272.09,272.14,270.79,271.37,1526.0,8,0.0
2023-06-14 18:00:00,271.36,272.25,268.25,271.29,4922.0,16,0.0
2023-06-14 19:00:00,271.32,273.11,270.39,271.88,2445.0,16,0.0
2023-06-15 10:00:00,272.21,272.22,271.26,271.45,168.0,16,0.0
2023-06-15 11:00:00,271.4,271.69,271.05,271.13,181.0,40,0.0
2023-06-15 12:00:00,271.1,271.7,270.02,271.48,405.0,40,0.0
2023-06-15 13:00:00,271.51,276.05,271.13,275.66,2951.0,16,0.0
2023-06-15 14:00:00,275.63,277.19,274.87,275.86,3165.0,16,0.0
2023-06-15 15:00:00,275.83,279.15,275.02,278.96,2982.0,8,0.0
2023-06-15 16:00:00,278.99,280.49,278.08,278.59,2694.0,8,0.0
2023-06-15 17:00:00,278.6,281.1,278.25,280.73,2552.0,8,0.0
2023-06-15 18:00:00,280.75,283.44,280.07,283.19,2927.0,8,0.0
2023-06-15 19:00:00,283.22,283.93,282.09,282.16,3021.0,8,0.0
2023-06-16 10:00:00,283.02,283.11,281.97,282.18,235.0,40,0.0
2023-06-16 11:00:00,282.01,283.86,282.01,283.17,308.0,40,0.0
2023-06-16 12:00:00,283.25,283.79,282.39,282.56,450.0,40,0.0
2023-06-16 13:00:00,282.59,285.43,280.1,280.9,5421.0,16,0.0
2023-06-16 14:00:00,281.05,283.76,280.55,282.13,4003.0,16,0.0
2023-06-16 15:00:00,282.13,285.62,281.89,284.88,3231.0,16,0.0
2023-06-16 16:00:00,284.88,287.77,284.66,287.19,2982.0,8,0.0
2023-06-16 17:00:00,287.18,287.33,284.57,285.84,2335.0,8,0.0
2023-06-16 18:00:00,285.86,285.99,282.7,283.45,2634.0,8,0.0
2023-06-16 19:00:00,283.45,284.07,282.29,283.32,2317.0,8,0.0
2023-06-20 10:00:00,277.49,278.01,277.17,278.01,161.0,60,0.0
2023-06-20 11:00:00,278.08,279.31,277.83,279.06,230.0,40,0.0
2023-06-20 12:00:00,279.07,279.42,278.26,279.17,282.0,40,0.0
2023-06-20 13:00:00,279.17,281.49,277.92,278.83,2828.0,16,0.0
2023-06-20 14:00:00,278.81,279.12,276.16,278.01,3655.0,16,0.0
2023-06-20 15:00:00,278.03,281.07,278.03,281.03,2760.0,8,0.0
2023-06-20 16:00:00,281.06,283.63,280.87,282.21,2575.0,8,0.0
2023-06-20 17:00:00,282.24,283.37,281.44,282.17,2011.0,8,0.0
2023-06-20 18:00:00,282.15,283.99,282.0,283.27,2328.0,8,0.0
2023-06-20 19:00:00,283.27,284.45,282.58,284.42,2103.0,8,0.0
2023-06-21 10:00:00,283.73,283.93,283.44,283.57,136.0,40,0.0
2023-06-21 11:00:00,283.58,283.82,282.9,283.14,322.0,40,0.0
2023-06-21 12:00:00,283.13,283.33,281.96,282.31,292.0,40,0.0
2023-06-21 13:00:00,282.29,283.73,280.56,280.93,3458.0,16,0.0
2023-06-21 14:00:00,280.94,283.15,278.8,279.34,4096.0,16,0.0
2023-06-21 15:00:00,279.37,279.98,278.27,278.89,3253.0,16,0.0
2023-06-21 16:00:00,278.89,279.89,278.66,279.15,2313.0,8,0.0
2023-06-21 17:00:00,279.16,280.41,278.71,280.37,2353.0,8,0.0
2023-06-21 18:00:00,280.43,282.62,280.26,282.33,2195.0,8,0.0
2023-06-21 19:00:00,282.32,282.6,281.31,281.85,1928.0,8,0.0
2023-06-22 10:00:00,279.47,279.62,279.16,279.38,108.0,40,0.0
2023-06-22 11:00:00,279.37,280.17,279.3,279.48,255.0,40,0.0
2023-06-22 12:00:00,279.5,279.75,279.04,279.24,232.0,40,0.0
2023-06-22 13:00:00,279.18,282.99,277.75,282.76,2951.0,16,0.0
2023-06-22 14:00:00,282.77,283.81,279.48,279.67,3020.0,16,0.0
2023-06-22 15:00:00,279.63,282.2,279.62,280.72,2353.0,8,0.0
2023-06-22 16:00:00,280.75,280.83,278.97,279.16,2164.0,8,0.0
2023-06-22 17:00:00,279.16,280.09,278.46,279.88,2124.0,8,0.0
2023-06-22 18:00:00,279.89,283.0,279.89,282.84,2173.0,8,0.0
2023-06-22 19:00:00,282.87,284.13,282.25,284.13,1828.0,8,0.0
2023-06-23 10:00:00,282.77,283.04,282.06,282.46,163.0,40,0.0
2023-06-23 11:00:00,282.45,284.03,282.45,283.0,292.0,40,0.0
2023-06-23 12:00:00,282.97,283.04,280.39,280.83,442.0,40,0.0
2023-06-23 13:00:00,280.74,282.62,278.87,280.83,3920.0,16,0.0
2023-06-23 14:00:00,280.82,283.36,280.34,282.24,3594.0,16,0.0
2023-06-23 15:00:00,282.25,284.75,281.92,284.5,2559.0,8,0.0
2023-06-23 16:00:00,284.51,287.32,284.47,287.14,2911.0,8,0.0
2023-06-23 17:00:00,287.17,289.04,286.55,287.81,2581.0,8,0.0
2023-06-23 18:00:00,287.79,288.39,285.89,286.4,2582.0,8,0.0
2023-06-23 19:00:00,286.37,286.98,285.17,286.64,2176.0,8,0.0
2023-06-26 10:00:00,288.9,289.39,288.82,289.24,119.0,40,0.0
2023-06-26 11:00:00,289.25,290.16,289.05,289.54,184.0,40,0.0
2023-06-26 12:00:00,289.58,289.92,289.04,289.43,298.0,40,0.0
2023-06-26 13:00:00,289.46,289.7,287.34,289.18,2778.0,16,0.0
2023-06-26 14:00:00,289.21,289.6,284.82,285.02,3305.0,16,0.0
2023-06-26 15:00:00,285.06,285.53,281.42,283.76,3474.0,16,0.0
2023-06-26 16:00:00,283.75,283.76,278.07,278.52,3650.0,16,0.0
2023-06-26 17:00:00,278.55,280.49,277.53,279.73,2549.0,8,0.0
2023-06-26 18:00:00,279.74,280.64,278.95,279.76,1884.0,8,0.0
2023-06-26 19:00:00,279.76,280.42,279.14,279.14,1849.0,8,0.0
2023-06-27 10:00:00,281.58,283.46,280.92,282.94,920.0,33,0.0
2023-06-27 11:00:00,282.81,282.91,281.53,281.82,618.0,33,0.0
2023-06-27 12:00:00,281.72,282.79,281.28,282.31,670.0,33,0.0
2023-06-27 13:00:00,282.26,284.45,280.51,284.07,5239.0,14,0.0
2023-06-27 14:00:00,284.03,285.11,281.47,283.99,8104.0,14,0.0
2023-06-27 15:00:00,283.98,286.59,282.9,286.28,7206.0,14,0.0
2023-06-27 16:00:00,286.27,287.38,285.9,286.97,6344.0,14,0.0
2023-06-27 17:00:00,286.97,287.94,285.76,287.88,5866.0,8,0.0
2023-06-27 18:00:00,287.86,289.26,287.16,287.25,6233.0,14,0.0
2023-06-27 19:00:00,287.28,288.24,286.3,287.14,4878.0,14,0.0
2023-06-28 10:00:00,285.47,285.75,285.2,285.75,166.0,33,0.0
2023-06-28 11:00:00,285.75,286.46,285.4,285.43,403.0,33,0.0
2023-06-28 12:00:00,285.43,286.24,284.96,285.41,377.0,33,0.0
2023-06-28 13:00:00,285.39,288.36,284.11,287.42,6276.0,14,0.0
2023-06-28 14:00:00,287.42,289.47,285.4,288.27,8282.0,14,0.0
2023-06-28 15:00:00,288.26,288.85,285.59,286.64,7076.0,14,0.0
2023-06-28 16:00:00,286.6,287.34,284.01,285.19,6914.0,14,0.0
2023-06-28 17:00:00,285.15,285.7,284.54,285.1,6247.0,14,0.0
2023-06-28 18:00:00,285.09,286.0,284.99,285.47,5946.0,14,0.0
2023-06-28 19:00:00,285.43,286.19,284.07,285.26,4799.0,14,0.0
2023-06-29 10:00:00,286.02,286.32,285.91,286.04,75.0,33,0.0
2023-06-29 11:00:00,285.78,286.42,285.53,285.9,343.0,33,0.0
2023-06-29 12:00:00,285.87,286.45,284.71,284.96,612.0,33,0.0
2023-06-29 13:00:00,284.83,286.44,283.96,284.55,6385.0,14,0.0
2023-06-29 14:00:00,284.53,285.25,282.15,282.82,8602.0,14,0.0
2023-06-29 15:00:00,282.84,283.96,282.47,283.51,6425.0,14,0.0
2023-06-29 16:00:00,283.53,284.23,282.46,282.62,5732.0,14,0.0
2023-06-29 17:00:00,282.55,283.04,281.62,281.74,5573.0,14,0.0
2023-06-29 18:00:00,281.71,282.23,280.66,281.13,5757.0,14,0.0
2023-06-29 19:00:00,281.12,282.01,280.61,280.72,4279.0,8,0.0
2023-06-30 10:00:00,282.83,283.3,282.74,283.03,168.0,33,0.0
2023-06-30 11:00:00,283.03,283.18,282.63,282.87,158.0,33,0.0
2023-06-30 12:00:00,282.83,284.75,282.83,284.02,732.0,33,0.0
2023-06-30 13:00:00,284.06,287.73,283.82,286.76,5534.0,14,0.0
2023-06-30 14:00:00,286.78,288.98,285.11,287.65,7380.0,14,0.0
2023-06-30 15:00:00,287.63,288.39,286.51,287.78,5376.0,14,0.0
2023-06-30 16:00:00,287.77,288.56,287.33,288.3,4576.0,14,0.0
2023-06-30 17:00:00,288.29,288.32,287.12,288.1,4324.0,14,0.0
2023-06-30 18:00:00,288.09,288.34,287.27,287.4,4527.0,14,0.0
2023-06-30 19:00:00,287.4,287.72,286.83,286.97,3849.0,14,0.0
2023-07-03 10:00:00,286.81,287.13,286.09,286.69,291.0,16,0.0
2023-07-03 11:00:00,286.78,287.18,286.38,286.6,138.0,40,0.0
2023-07-03 12:00:00,286.61,287.3,286.01,287.23,159.0,40,0.0
2023-07-03 13:00:00,287.19,289.08,285.47,288.94,2503.0,16,0.0
2023-07-03 14:00:00,289.09,289.27,285.06,285.4,2908.0,16,0.0
2023-07-03 15:00:00,285.4,286.16,284.77,286.09,1870.0,16,0.0
2023-07-03 16:00:00,286.09,286.49,285.85,286.09,1914.0,8,0.0
2023-07-05 10:00:00,284.6,285.02,284.38,284.97,72.0,40,0.0
2023-07-05 11:00:00,284.98,285.68,284.98,285.22,179.0,40,0.0
2023-07-05 12:00:00,285.23,286.48,284.99,286.44,244.0,40,0.0
2023-07-05 13:00:00,286.47,294.99,286.34,293.77,3944.0,16,0.0
2023-07-05 14:00:00,293.76,298.03,293.46,295.65,4813.0,8,0.0
2023-07-05 15:00:00,295.66,296.37,294.32,294.5,2836.0,16,0.0
2023-07-05 16:00:00,294.49,295.28,293.12,295.21,2673.0,16,0.0
2023-07-05 17:00:00,295.19,296.64,294.79,296.18,1922.0,16,0.0
2023-07-05 18:00:00,296.15,296.96,294.36,296.2,2339.0,16,0.0
2023-07-05 19:00:00,296.2,296.23,294.55,294.93,1726.0,16,0.0
2023-07-06 10:00:00,299.3,299.47,298.42,298.66,325.0,40,0.0
2023-07-06 11:00:00,298.67,300.02,298.62,299.25,557.0,40,0.0
2023-07-06 12:00:00,299.28,299.38,295.46,295.86,1103.0,40,0.0
2023-07-06 13:00:00,295.86,298.04,292.46,294.51,5686.0,16,0.0
2023-07-06 14:00:00,294.57,297.99,293.37,295.87,5471.0,16,0.0
2023-07-06 15:00:00,295.84,296.77,292.78,293.67,3566.0,16,0.0
2023-07-06 16:00:00,293.67,294.71,292.88,293.53,2545.0,8,0.0
2023-07-06 17:00:00,293.56,294.09,291.26,294.04,2610.0,8,0.0
2023-07-06 18:00:00,294.04,294.95,292.84,294.05,2120.0,16,0.0
2023-07-06 19:00:00,294.04,294.68,293.03,293.73,1618.0,16,0.0
2023-07-07 10:00:00,289.97,290.25,289.5,290.19,89.0,60,0.0
2023-07-07 11:00:00,290.21,293.56,290.02,292.62,325.0,40,0.0
2023-07-07 12:00:00,292.65,294.8,292.06,292.34,957.0,40,0.0
2023-07-07 13:00:00,292.31,293.69,289.35,290.57,4373.0,16,0.0
2023-07-07 14:00:00,290.56,292.14,288.62,291.52,3912.0,16,0.0
2023-07-07 15:00:00,291.51,292.51,291.28,292.18,2649.0,16,0.0
2023-07-07 16:00:00,292.2,293.16,291.7,292.74,2355.0,16,0.0
2023-07-07 17:00:00,292.74,294.9,292.65,294.86,2429.0,16,0.0
2023-07-07 18:00:00,294.86,296.09,292.97,293.27,2375.0,16,0.0
2023-07-07 19:00:00,293.26,293.4,290.92,291.05,1805.0,16,0.0
2023-07-10 10:00:00,290.32,292.52,289.92,291.95,228.0,40,0.0
2023-07-10 11:00:00,291.98,294.08,291.96,293.87,832.0,40,0.0
2023-07-10 12:00:00,293.83,294.32,292.43,293.54,653.0,40,0.0
2023-07-10 13:00:00,293.58,298.03,290.75,291.58,5815.0,16,0.0
2023-07-10 14:00:00,291.52,294.32,291.37,293.61,4435.0,16,0.0
2023-07-10 15:00:00,293.6,293.91,288.6,289.31,3374.0,16,0.0
2023-07-10 16:00:00,289.3,290.91,286.98,290.6,3303.0,8,0.0
2023-07-10 17:00:00,290.63,291.89,289.83,290.67,2440.0,16,0.0
2023-07-10 18:00:00,290.67,293.12,290.34,292.94,2478.0,8,0.0
2023-07-10 19:00:00,292.94,293.01,291.44,292.03,1689.0,16,0.0
2023-07-11 10:00:00,295.01,295.07,294.52,294.52,114.0,60,0.0
2023-07-11 11:00:00,294.49,295.21,294.48,295.13,230.0,40,0.0
2023-07-11 12:00:00,295.14,295.35,294.05,294.65,324.0,40,0.0
2023-07-11 13:00:00,294.66,296.44,291.86,293.55,3424.0,16,0.0
2023-07-11 14:00:00,293.51,295.81,292.8,295.41,3626.0,8,0.0
2023-07-11 15:00:00,295.43,298.92,295.36,298.91,3484.0,16,0.0
2023-07-11 16:00:00,298.93,300.09,297.25,298.19,2801.0,16,0.0
2023-07-11 17:00:00,298.18,298.63,296.11,297.28,2147.0,16,0.0
2023-07-11 18:00:00,297.29,297.4,295.2,296.66,2112.0,16,0.0
2023-07-11 19:00:00,296.65,297.99,296.37,297.76,1730.0,8,0.0
2023-07-12 10:00:00,299.6,299.6,299.15,299.43,81.0,40,0.0
2023-07-12 11:00:00,299.43,299.72,299.09,299.66,199.0,40,0.0
2023-07-12 12:00:00,299.67,303.08,298.86,301.45,761.0,40,0.0
2023-07-12 13:00:00,301.5,304.35,300.05,304.35,4429.0,16,0.0
2023-07-12 14:00:00,304.37,308.91,303.56,306.96,4862.0,16,0.0
2023-07-12 15:00:00,306.96,308.35,304.51,304.74,3669.0,16,0.0
2023-07-12 16:00:00,304.74,307.06,304.4,306.29,2824.0,16,0.0
2023-07-12 17:00:00,306.29,307.27,305.44,306.65,2008.0,16,0.0
2023-07-12 18:00:00,306.68,308.02,306.17,307.7,2395.0,16,0.0
2023-07-12 19:00:00,307.7,309.11,306.91,308.34,2104.0,16,0.0
2023-07-13 10:00:00,314.76,314.95,314.24,314.44,233.0,60,0.0
2023-07-13 11:00:00,314.39,314.46,313.27,313.6,342.0,40,0.0
2023-07-13 12:00:00,313.61,314.61,312.27,313.04,657.0,40,0.0
2023-07-13 13:00:00,313.07,316.09,312.09,313.25,4569.0,16,0.0
2023-07-13 14:00:00,313.23,313.62,310.32,312.03,4578.0,16,0.0
2023-07-13 15:00:00,312.03,314.2,311.83,313.84,2595.0,16,0.0
2023-07-13 16:00:00,313.83,315.18,313.8,314.85,2247.0,16,0.0
2023-07-13 17:00:00,314.84,315.23,314.14,314.78,1870.0,16,0.0
2023-07-13 18:00:00,314.77,315.26,313.67,313.88,1752.0,16,0.0
2023-07-13 19:00:00,313.89,314.81,313.35,314.73,1489.0,16,0.0
2023-07-14 10:00:00,311.92,312.21,311.23,311.87,203.0,40,0.0
2023-07-14 11:00:00,311.92,312.16,310.42,311.0,412.0,40,0.0
2023-07-14 12:00:00,311.04,311.32,310.08,310.17,476.0,40,0.0
2023-07-14 13:00:00,310.15,314.02,309.68,312.85,3957.0,16,0.0
2023-07-14 14:00:00,312.68,314.59,310.64,311.64,4463.0,16,0.0
2023-07-14 15:00:00,311.68,313.87,311.49,313.43,2580.0,16,0.0
2023-07-14 16:00:00,313.43,313.46,311.21,311.59,2214.0,16,0.0
2023-07-14 17:00:00,311.59,313.08,311.4,311.62,2194.0,16,0.0
2023-07-14 18:00:00,311.63,312.03,309.51,309.54,2469.0,16,0.0
2023-07-14 19:00:00,309.51,309.53,307.29,308.23,2722.0,16,0.0
2023-07-17 10:00:00,304.73,305.7,304.72,305.29,201.0,40,0.0
2023-07-17 11:00:00,305.35,306.71,305.35,305.69,298.0,40,0.0
2023-07-17 12:00:00,305.69,306.09,305.34,306.04,397.0,40,0.0
2023-07-17 13:00:00,306.04,310.08,304.68,306.35,4403.0,16,0.0
2023-07-17 14:00:00,306.34,307.42,304.82,305.6,3749.0,16,0.0
2023-07-17 15:00:00,305.64,308.23,305.13,308.16,2617.0,16,0.0
2023-07-17 16:00:00,308.19,309.58,307.67,309.35,2497.0,16,0.0
2023-07-17 17:00:00,309.36,309.99,308.4,309.7,1878.0,16,0.0
2023-07-17 18:00:00,309.7,310.78,309.52,310.25,2175.0,16,0.0
2023-07-17 19:00:00,310.25,311.08,309.97,310.91,1578.0,16,0.0
2023-07-18 10:00:00,310.56,310.72,310.04,310.1,100.0,16,0.0
2023-07-18 11:00:00,310.06,310.51,308.42,309.69,616.0,40,0.0
2023-07-18 12:00:00,309.7,310.01,308.54,309.1,484.0,40,0.0
2023-07-18 13:00:00,309.06,311.55,307.56,308.96,3698.0,16,0.0
2023-07-18 14:00:00,308.96,311.14,308.18,310.39,3041.0,16,0.0
2023-07-18 15:00:00,310.44,311.96,308.55,309.99,3547.0,16,0.0
2023-07-18 16:00:00,310.01,310.73,309.54,309.99,2389.0,16,0.0
2023-07-18 17:00:00,310.0,314.1,309.99,312.27,2546.0,16,0.0
2023-07-18 18:00:00,312.24,313.19,311.92,312.57,1952.0,16,0.0
2023-07-18 19:00:00,312.57,312.57,311.05,311.22,1549.0,16,0.0
2023-07-19 10:00:00,314.31,314.91,314.0,314.82,198.0,40,0.0
2023-07-19 11:00:00,314.72,314.72,312.72,313.4,370.0,40,0.0
2023-07-19 12:00:00,313.44,314.05,312.89,313.47,353.0,40,0.0
2023-07-19 13:00:00,313.5,315.12,310.45,313.95,3785.0,16,0.0
2023-07-19 14:00:00,314.0,316.52,312.55,314.77,3041.0,16,0.0
2023-07-19 15:00:00,314.78,318.59,313.79,317.5,2901.0,16,0.0
2023-07-19 16:00:00,317.49,317.96,314.45,316.53,3307.0,16,0.0
2023-07-19 17:00:00,316.51,316.94,313.22,313.97,2164.0,16,0.0
2023-07-19 18:00:00,313.96,314.45,312.88,314.27,1718.0,16,0.0
2023-07-19 19:00:00,314.26,315.92,314.26,315.2,1289.0,16,0.0
2023-07-20 10:00:00,311.95,312.68,311.86,312.57,99.0,60,0.0
2023-07-20 11:00:00,312.57,314.68,312.57,313.93,612.0,40,0.0
2023-07-20 12:00:00,313.78,313.91,312.43,313.26,419.0,40,0.0
2023-07-20 13:00:00,313.18,315.36,312.37,313.28,2563.0,16,0.0
2023-07-20 14:00:00,313.33,313.49,306.21,306.57,4491.0,16,0.0
2023-07-20 15:00:00,306.57,309.11,306.3,307.09,2679.0,8,0.0
2023-07-20 16:00:00,307.06,308.47,305.59,307.03,2288.0,16,0.0
2023-07-20 17:00:00,307.03,307.44,306.09,306.23,2183.0,16,0.0
2023-07-20 18:00:00,306.22,306.22,304.09,304.39,2279.0,16,0.0
2023-07-20 19:00:00,304.39,304.61,303.0,303.01,2180.0,16,0.0
2023-07-21 10:00:00,302.43,303.19,302.43,303.06,143.0,40,0.0
2023-07-21 11:00:00,303.08,303.46,302.25,302.29,236.0,40,0.0
2023-07-21 12:00:00,302.31,304.74,302.31,304.71,334.0,40,0.0
2023-07-21 13:00:00,304.71,305.24,300.62,301.19,2953.0,16,0.0
2023-07-21 14:00:00,301.13,301.86,296.98,298.19,4484.0,16,0.0
2023-07-21 15:00:00,298.15,298.67,294.03,294.82,3405.0,16,0.0
2023-07-21 16:00:00,294.82,295.25,291.15,293.91,3380.0,16,0.0
2023-07-21 17:00:00,293.91,297.4,293.66,296.55,2876.0,16,0.0
2023-07-21 18:00:00,296.56,296.6,294.16,294.71,2404.0,16,0.0
2023-07-21 19:00:00,294.66,294.93,293.08,294.69,2053.0,16,0.0
2023-07-24 10:00:00,295.2,295.35,294.99,295.02,26.0,40,0.0
2023-07-24 11:00:00,295.04,296.3,294.99,295.65,340.0,40,0.0
2023-07-24 12:00:00,295.57,295.84,294.84,295.4,357.0,40,0.0
2023-07-24 13:00:00,295.4,297.42,290.73,291.07,3823.0,16,0.0
2023-07-24 14:00:00,291.04,295.49,290.25,292.48,4351.0,16,0.0
2023-07-24 15:00:00,292.48,293.25,288.26,291.5,3244.0,16,0.0
2023-07-24 16:00:00,291.5,291.93,290.49,291.04,2401.0,16,0.0
2023-07-24 17:00:00,291.04,293.48,290.96,292.97,2062.0,16,0.0
2023-07-24 18:00:00,292.99,293.19,290.26,290.45,2001.0,16,0.0
2023-07-24 19:00:00,290.43,291.23,289.78,290.4,1601.0,16,0.0
2023-07-25 10:00:00,292.88,292.88,292.42,292.8,85.0,60,0.0
2023-07-25 11:00:00,292.8,295.23,292.8,295.19,387.0,40,0.0
2023-07-25 12:00:00,295.21,295.66,294.49,294.56,267.0,40,0.0
2023-07-25 13:00:00,294.55,298.19,293.66,295.17,2882.0,16,0.0
2023-07-25 14:00:00,295.18,295.41,291.88,292.68,3876.0,16,0.0
2023-07-25 15:00:00,292.68,294.48,292.52,294.07,2443.0,16,0.0
2023-07-25 16:00:00,294.05,296.16,293.61,295.87,2157.0,16,0.0
2023-07-25 17:00:00,295.88,296.23,294.72,294.84,1775.0,16,0.0
2023-07-25 18:00:00,294.83,295.91,294.03,294.61,1803.0,16,0.0
2023-07-25 19:00:00,294.6,295.25,294.38,294.89,1326.0,8,0.0
2023-07-26 10:00:00,299.72,299.81,299.21,299.26,97.0,60,0.0
2023-07-26 11:00:00,299.26,301.39,299.26,300.9,367.0,40,0.0
2023-07-26 12:00:00,300.91,301.41,300.36,300.54,553.0,40,0.0
2023-07-26 13:00:00,300.49,301.53,296.08,300.27,3947.0,16,0.0
2023-07-26 14:00:00,300.28,301.1,292.36,292.83,4381.0,8,0.0
2023-07-26 15:00:00,292.77,296.62,291.86,296.19,3269.0,16,0.0
2023-07-26 16:00:00,296.19,297.18,295.41,296.14,2461.0,16,0.0
2023-07-26 17:00:00,296.13,298.35,295.75,297.76,2460.0,16,0.0
2023-07-26 18:00:00,297.75,301.67,297.19,299.53,5171.0,16,0.0
2023-07-26 19:00:00,299.51,300.8,296.39,300.7,4085.0,16,0.0
2023-07-27 10:00:00,323.89,325.45,323.1,325.3,582.0,60,0.0
2023-07-27 11:00:00,325.12,328.19,323.73,328.0,1141.0,40,0.0
2023-07-27 12:00:00,328.07,329.76,326.38,327.05,1927.0,40,0.0
2023-07-27 13:00:00,327.03,328.14,320.08,322.51,7172.0,16,0.0
2023-07-27 14:00:00,322.58,324.36,317.51,317.54,8109.0,16,0.0
2023-07-27 15:00:00,317.54,320.95,317.32,317.98,5063.0,16,0.0
2023-07-27 16:00:00,317.99,319.43,315.38,316.54,4070.0,16,0.0
2023-07-27 17:00:00,316.57,316.57,313.41,314.47,5169.0,16,0.0
2023-07-27 18:00:00,314.44,316.07,312.05,312.31,4894.0,16,0.0
2023-07-27 19:00:00,312.28,314.38,311.82,312.16,3158.0,16,0.0
2023-07-28 10:00:00,315.57,315.83,315.03,315.45,127.0,60,0.0
2023-07-28 11:00:00,315.45,316.29,315.15,315.79,331.0,40,0.0
2023-07-28 12:00:00,315.78,316.14,315.01,315.54,489.0,40,0.0
2023-07-28 13:00:00,315.49,320.17,314.21,318.92,4363.0,16,0.0
2023-07-28 14:00:00,318.89,323.4,318.85,323.0,5264.0,16,0.0
2023-07-28 15:00:00,322.99,326.1,322.85,325.17,3914.0,16,0.0
2023-07-28 16:00:00,325.11,325.15,322.61,324.03,3100.0,8,0.0
2023-07-28 17:00:00,324.03,324.29,321.76,323.53,2829.0,16,0.0
2023-07-28 18:00:00,323.53,325.15,323.14,325.03,2571.0,16,0.0
2023-07-28 19:00:00,325.03,325.13,324.02,324.43,2164.0,16,0.0
2023-07-31 10:00:00,324.23,324.66,324.08,324.32,135.0,16,0.0
2023-07-31 11:00:00,324.34,324.84,324.06,324.43,238.0,40,0.0
2023-07-31 12:00:00,324.48,325.08,323.7,324.75,297.0,40,0.0
2023-07-31 13:00:00,324.76,325.53,322.54,323.24,4705.0,16,0.0
2023-07-31 14:00:00,323.28,324.25,321.53,323.44,4153.0,16,0.0
2023-07-31 15:00:00,323.46,324.08,321.28,322.14,2837.0,16,0.0
2023-07-31 16:00:00,322.14,322.61,319.96,320.0,2735.0,16,0.0
2023-07-31 17:00:00,319.99,320.68,319.01,319.7,2580.0,16,0.0
2023-07-31 18:00:00,319.72,320.42,319.19,319.91,2015.0,16,0.0
2023-07-31 19:00:00,319.93,319.97,318.34,318.46,1770.0,16,0.0
2023-08-01 10:00:00,318.51,318.51,317.42,318.19,128.0,16,0.0
2023-08-01 11:00:00,318.16,318.4,316.59,317.2,350.0,40,0.0
2023-08-01 12:00:00,317.21,317.62,315.11,315.77,449.0,40,0.0
2023-08-01 13:00:00,315.75,317.73,314.62,316.4,3871.0,16,0.0
2023-08-01 14:00:00,316.45,321.26,315.97,321.09,4643.0,16,0.0
2023-08-01 15:00:00,321.09,322.5,320.39,321.85,3062.0,16,0.0
2023-08-01 16:00:00,321.84,323.6,321.05,323.56,2423.0,16,0.0
2023-08-01 17:00:00,323.59,324.03,321.54,321.92,2179.0,16,0.0
2023-08-01 18:00:00,321.92,323.2,320.97,322.93,2103.0,16,0.0
2023-08-01 19:00:00,322.93,323.81,322.45,322.79,1553.0,16,0.0
2023-08-02 10:00:00,316.28,318.9,316.24,318.52,300.0,60,0.0
2023-08-02 11:00:00,318.47,319.65,318.39,318.59,386.0,40,0.0
2023-08-02 12:00:00,318.68,319.18,317.72,318.33,487.0,40,0.0
2023-08-02 13:00:00,318.26,318.52,315.28,317.59,3948.0,16,0.0
2023-08-02 14:00:00,317.56,317.69,313.86,314.0,4454.0,16,0.0
2023-08-02 15:00:00,314.0,314.32,311.69,311.93,3642.0,16,0.0
2023-08-02 16:00:00,311.91,313.38,310.59,313.38,3020.0,16,0.0
2023-08-02 17:00:00,313.33,314.68,313.01,314.39,2549.0,16,0.0
2023-08-02 18:00:00,314.37,315.44,314.21,315.03,2561.0,16,0.0
2023-08-02 19:00:00,315.03,315.52,312.64,313.81,2176.0,8,0.0
2023-08-03 10:00:00,312.64,313.26,312.39,312.46,186.0,40,0.0
2023-08-03 11:00:00,312.42,312.53,311.36,311.85,381.0,40,0.0
2023-08-03 12:00:00,311.85,312.0,310.46,310.83,451.0,40,0.0
2023-08-03 13:00:00,310.82,315.82,309.08,314.4,4229.0,16,0.0
2023-08-03 14:00:00,314.35,315.84,311.84,313.64,5190.0,16,0.0
2023-08-03 15:00:00,313.67,315.25,313.27,313.49,3652.0,16,0.0
2023-08-03 16:00:00,313.46,315.76,312.87,315.13,2564.0,16,0.0
2023-08-03 17:00:00,315.13,315.4,313.49,313.57,2318.0,16,0.0
2023-08-03 18:00:00,313.57,314.4,313.22,313.97,2448.0,16,0.0
2023-08-03 19:00:00,313.99,314.3,312.35,313.18,2255.0,16,0.0
2023-08-04 10:00:00,315.12,315.34,314.19,314.54,371.0,40,0.0
2023-08-04 11:00:00,314.54,315.01,313.69,314.12,225.0,40,0.0
2023-08-04 12:00:00,314.12,315.49,312.82,315.39,642.0,40,0.0
2023-08-04 13:00:00,315.44,318.31,313.98,314.02,4202.0,16,0.0
2023-08-04 14:00:00,313.97,314.67,312.73,313.69,4397.0,16,0.0
2023-08-04 15:00:00,313.7,315.23,313.43,315.01,2588.0,16,0.0
2023-08-04 16:00:00,315.0,316.43,314.4,315.36,2211.0,16,0.0
2023-08-04 17:00:00,315.36,315.42,313.22,313.35,2157.0,16,0.0
2023-08-04 18:00:00,313.32,313.33,310.17,311.31,3459.0,16,0.0
2023-08-04 19:00:00,311.28,312.27,310.55,310.88,2175.0,16,0.0
2023-08-07 10:00:00,312.3,312.31,311.45,311.71,133.0,40,0.0
2023-08-07 11:00:00,311.66,313.15,311.66,312.43,336.0,40,0.0
2023-08-07 12:00:00,312.4,313.15,312.1,312.6,211.0,40,0.0
2023-08-07 13:00:00,312.6,316.09,312.01,314.4,3375.0,16,0.0
2023-08-07 14:00:00,314.37,314.37,311.48,311.8,4327.0,16,0.0
2023-08-07 15:00:00,311.74,313.81,310.42,313.73,3133.0,16,0.0
2023-08-07 16:00:00,313.74,314.85,313.44,314.77,2439.0,16,0.0
2023-08-07 17:00:00,314.82,316.96,314.45,314.8,2445.0,16,0.0
2023-08-07 18:00:00,314.81,315.21,313.69,314.86,2143.0,16,0.0
2023-08-07 19:00:00,314.89,316.33,314.76,315.92,1715.0,16,0.0
2023-08-08 10:00:00,314.57,314.68,313.48,313.75,450.0,40,0.0
2023-08-08 11:00:00,313.75,314.23,313.29,314.04,464.0,40,0.0
2023-08-08 12:00:00,314.04,315.07,313.55,314.74,358.0,40,0.0
2023-08-08 13:00:00,314.74,317.76,313.85,314.12,3666.0,16,0.0
2023-08-08 14:00:00,314.09,314.95,311.89,311.92,4345.0,16,0.0
2023-08-08 15:00:00,311.94,312.6,310.08,310.63,3203.0,16,0.0
2023-08-08 16:00:00,310.61,312.59,310.42,311.65,2320.0,16,0.0
2023-08-08 17:00:00,311.67,313.02,311.35,312.56,2247.0,16,0.0
2023-08-08 18:00:00,312.54,313.96,311.61,313.68,2275.0,16,0.0
2023-08-08 19:00:00,313.68,313.77,311.64,312.27,1661.0,8,0.0
2023-08-09 10:00:00,313.31,313.56,312.65,312.79,180.0,40,0.0
2023-08-09 11:00:00,313.0,313.6,312.68,313.24,217.0,40,0.0
2023-08-09 12:00:00,313.24,313.33,312.89,313.1,214.0,40,0.0
2023-08-09 13:00:00,313.07,313.24,307.49,307.52,3199.0,16,0.0
2023-08-09 14:00:00,307.52,309.52,305.74,305.78,3858.0,16,0.0
2023-08-09 15:00:00,305.75,306.33,302.77,304.23,3668.0,16,0.0
2023-08-09 16:00:00,304.2,306.96,304.16,306.05,2624.0,16,0.0
2023-08-09 17:00:00,306.04,308.99,305.79,308.3,2302.0,16,0.0
2023-08-09 18:00:00,308.27,309.67,307.25,307.5,1852.0,16,0.0
2023-08-09 19:00:00,307.5,307.71,305.6,305.61,1996.0,16,0.0
2023-08-10 10:00:00,307.02,307.06,306.46,306.6,117.0,40,0.0
2023-08-10 11:00:00,306.61,306.75,306.38,306.59,148.0,40,0.0
2023-08-10 12:00:00,306.6,309.22,305.47,309.04,1450.0,40,0.0
2023-08-10 13:00:00,309.11,311.48,306.58,311.37,3731.0,16,0.0
2023-08-10 14:00:00,311.38,312.22,308.63,309.49,4491.0,16,0.0
2023-08-10 15:00:00,309.46,309.8,306.35,307.45,4196.0,16,0.0
2023-08-10 16:00:00,307.45,308.73,306.27,306.48,3224.0,16,0.0
2023-08-10 17:00:00,306.44,306.9,303.83,304.08,2702.0,16,0.0
2023-08-10 18:00:00,304.08,306.61,304.05,306.4,2888.0,16,0.0
2023-08-10 19:00:00,306.41,306.49,304.84,305.03,2276.0,16,0.0
2023-08-11 10:00:00,304.34,305.06,304.08,304.86,572.0,40,0.0
2023-08-11 11:00:00,304.91,305.69,304.82,305.26,348.0,40,0.0
2023-08-11 12:00:00,305.26,305.42,303.16,303.54,792.0,40,0.0
2023-08-11 13:00:00,303.5,303.89,300.73,301.63,3895.0,16,0.0
2023-08-11 14:00:00,301.6,304.63,301.6,302.59,4433.0,16,0.0
2023-08-11 15:00:00,302.58,302.92,300.3,301.32,2983.0,16,0.0
2023-08-11 16:00:00,301.28,303.14,301.13,301.9,2453.0,16,0.0
2023-08-11 17:00:00,301.92,302.65,300.62,301.08,2307.0,16,0.0
2023-08-11 18:00:00,301.1,303.13,300.99,302.66,2341.0,8,0.0
2023-08-11 19:00:00,302.62,303.16,301.63,302.64,1854.0,16,0.0
2023-08-14 10:00:00,301.93,303.09,301.77,302.95,566.0,40,0.0
2023-08-14 11:00:00,302.96,302.96,301.62,301.64,292.0,40,0.0
2023-08-14 12:00:00,301.59,301.63,300.12,300.51,460.0,40,0.0
2023-08-14 13:00:00,300.55,301.28,298.18,298.82,3908.0,16,0.0
2023-08-14 14:00:00,298.82,304.08,298.47,303.3,4343.0,16,0.0
2023-08-14 15:00:00,303.32,304.49,302.19,304.18,2593.0,16,0.0
2023-08-14 16:00:00,304.19,304.27,302.55,303.75,2283.0,16,0.0
2023-08-14 17:00:00,303.76,304.85,303.65,304.08,2078.0,16,0.0
2023-08-14 18:00:00,304.06,304.09,302.78,303.8,2329.0,16,0.0
2023-08-14 19:00:00,303.8,305.77,303.55,305.75,1783.0,8,0.0
2023-08-15 10:00:00,304.36,304.51,303.5,304.51,252.0,40,0.0
2023-08-15 11:00:00,304.51,305.24,304.05,304.11,428.0,40,0.0
2023-08-15 12:00:00,304.11,305.34,304.03,304.75,740.0,40,0.0
2023-08-15 13:00:00,304.78,306.98,303.19,303.29,3713.0,16,0.0
2023-08-15 14:00:00,303.26,303.77,301.51,302.88,3691.0,16,0.0
2023-08-15 15:00:00,302.88,304.05,302.11,303.44,2542.0,16,0.0
2023-08-15 16:00:00,303.44,303.97,302.77,303.24,2345.0,16,0.0
2023-08-15 17:00:00,303.26,303.83,302.25,302.62,2047.0,16,0.0
2023-08-15 18:00:00,302.62,302.95,301.96,302.72,2190.0,8,0.0
2023-08-15 19:00:00,302.73,302.74,299.96,300.64,2264.0,8,0.0
2023-08-16 10:00:00,301.54,301.59,300.93,301.12,197.0,40,0.0
2023-08-16 11:00:00,301.11,301.26,300.42,300.99,267.0,40,0.0
2023-08-16 12:00:00,300.99,301.09,299.96,299.97,383.0,40,0.0
2023-08-16 13:00:00,299.97,300.85,297.68,299.3,3195.0,16,0.0
2023-08-16 14:00:00,299.29,300.97,298.48,299.65,3484.0,16,0.0
2023-08-16 15:00:00,299.68,300.18,296.56,297.09,2767.0,16,0.0
2023-08-16 16:00:00,297.08,297.27,295.71,296.31,2292.0,8,0.0
2023-08-16 17:00:00,296.31,297.84,295.74,297.34,2322.0,8,0.0
2023-08-16 18:00:00,297.34,298.75,295.5,297.04,2906.0,16,0.0
2023-08-16 19:00:00,297.02,297.02,294.98,295.36,2371.0,8,0.0
2023-08-17 10:00:00,294.03,294.27,293.46,293.58,162.0,40,0.0
2023-08-17 11:00:00,293.6,294.02,293.19,293.68,165.0,40,0.0
2023-08-17 12:00:00,293.7,294.99,293.52,294.65,415.0,40,0.0
2023-08-17 13:00:00,294.58,295.96,291.96,294.12,2974.0,16,0.0
2023-08-17 14:00:00,294.13,294.72,290.39,292.59,3403.0,16,0.0
2023-08-17 15:00:00,292.58,293.3,291.42,292.16,2418.0,16,0.0
2023-08-17 16:00:00,292.19,293.8,290.88,293.8,2089.0,8,0.0
2023-08-17 17:00:00,293.81,294.21,290.97,291.2,2503.0,8,0.0
2023-08-17 18:00:00,291.17,291.23,287.63,288.28,3715.0,8,0.0
2023-08-17 19:00:00,288.27,288.78,285.53,285.54,3499.0,8,0.0
2023-08-18 10:00:00,281.88,282.37,281.8,282.1,131.0,60,0.0
2023-08-18 11:00:00,282.11,282.39,280.02,280.6,520.0,40,0.0
2023-08-18 12:00:00,280.64,280.77,279.22,280.38,555.0,40,0.0
2023-08-18 13:00:00,280.24,280.4,275.21,275.41,5083.0,16,0.0
2023-08-18 14:00:00,275.38,279.3,274.32,278.93,4059.0,9,0.0
2023-08-18 15:00:00,278.95,281.83,277.56,281.32,3402.0,8,0.0
2023-08-18 16:00:00,281.28,281.31,279.17,279.47,2660.0,8,0.0
2023-08-18 17:00:00,279.47,279.83,278.21,279.7,2842.0,8,0.0
2023-08-18 18:00:00,279.69,283.02,279.69,282.32,3777.0,8,0.0
2023-08-18 19:00:00,282.3,283.98,281.85,283.93,2951.0,8,0.0
2023-08-21 10:00:00,284.37,284.67,284.28,284.58,218.0,16,0.0
2023-08-21 11:00:00,284.58,285.51,284.58,284.9,328.0,40,0.0
2023-08-21 12:00:00,284.96,285.2,283.73,283.73,403.0,40,0.0
2023-08-21 13:00:00,283.69,287.45,281.77,286.32,3666.0,16,0.0
2023-08-21 14:00:00,286.37,287.93,284.95,285.66,3691.0,16,0.0
2023-08-21 15:00:00,285.67,286.81,284.86,286.4,2932.0,8,0.0
2023-08-21 16:00:00,286.37,289.04,286.26,288.97,3267.0,8,0.0
2023-08-21 17:00:00,288.97,290.02,287.98,289.37,3470.0,8,0.0
2023-08-21 18:00:00,289.37,290.37,289.07,289.87,3462.0,8,0.0
2023-08-21 19:00:00,289.89,290.43,289.48,290.22,2560.0,8,0.0
2023-08-22 10:00:00,291.94,292.26,291.81,291.89,179.0,40,0.0
2023-08-22 11:00:00,291.85,293.71,291.67,293.5,234.0,40,0.0
2023-08-22 12:00:00,293.44,293.61,292.43,292.97,352.0,40,0.0
2023-08-22 13:00:00,292.96,293.07,289.35,289.49,3619.0,16,0.0
2023-08-22 14:00:00,289.5,291.5,288.86,291.24,3282.0,16,0.0
2023-08-22 15:00:00,291.27,291.49,288.55,289.17,2831.0,8,0.0
2023-08-22 16:00:00,289.2,289.52,287.74,288.82,2416.0,8,0.0
2023-08-22 17:00:00,288.82,289.14,287.91,288.89,2182.0,8,0.0
2023-08-22 18:00:00,288.86,289.07,287.43,288.07,2751.0,8,0.0
2023-08-22 19:00:00,288.05,289.08,286.82,286.86,3243.0,8,0.0
2023-08-23 10:00:00,288.38,288.7,286.92,287.68,183.0,40,0.0
2023-08-23 11:00:00,287.73,287.88,286.66,287.57,267.0,40,0.0
2023-08-23 12:00:00,287.57,288.65,287.26,287.68,546.0,40,0.0
2023-08-23 13:00:00,287.67,293.67,287.41,293.45,3513.0,16,0.0
2023-08-23 14:00:00,293.48,294.9,291.82,294.9,3271.0,16,0.0
2023-08-23 15:00:00,294.89,297.3,294.28,296.93,2602.0,8,0.0
2023-08-23 16:00:00,296.94,296.98,294.46,294.58,2177.0,8,0.0
2023-08-23 17:00:00,294.58,296.79,294.25,296.36,2126.0,8,0.0
2023-08-23 18:00:00,296.37,296.37,294.49,295.83,2314.0,8,0.0
2023-08-23 19:00:00,295.84,296.43,295.09,295.1,2140.0,8,0.0
2023-08-24 10:00:00,299.6,300.16,299.6,300.09,136.0,60,0.0
2023-08-24 11:00:00,300.08,300.56,299.47,299.6,124.0,60,0.0
2023-08-24 12:00:00,299.79,299.79,298.41,298.93,496.0,40,0.0
2023-08-24 13:00:00,298.92,299.23,294.26,296.78,3698.0,16,0.0
2023-08-24 14:00:00,296.83,298.25,291.02,292.97,4428.0,16,0.0
2023-08-24 15:00:00,293.02,293.03,287.25,287.71,3069.0,16,0.0
2023-08-24 16:00:00,287.71,291.59,287.42,290.56,2522.0,16,0.0
2023-08-24 17:00:00,290.57,291.14,289.77,290.55,2329.0,16,0.0
2023-08-24 18:00:00,290.55,290.95,288.78,289.84,2602.0,8,0.0
2023-08-24 19:00:00,289.85,289.89,287.24,287.54,2807.0,8,0.0
2023-08-25 10:00:00,286.31,286.68,286.01,286.58,340.0,40,0.0
2023-08-25 11:00:00,286.59,286.69,286.16,286.56,209.0,40,0.0
2023-08-25 12:00:00,286.55,287.72,286.54,287.5,333.0,40,0.0
2023-08-25 13:00:00,287.49,287.52,285.15,286.87,3296.0,16,0.0
2023-08-25 14:00:00,286.83,288.26,276.84,277.71,6285.0,16,0.0
2023-08-25 15:00:00,277.75,280.75,275.98,277.65,4572.0,16,0.0
2023-08-25 16:00:00,277.65,279.97,277.62,279.15,3007.0,16,0.0
2023-08-25 17:00:00,279.15,280.2,278.9,280.09,2540.0,8,0.0
2023-08-25 18:00:00,280.09,285.21,279.97,284.94,3681.0,8,0.0
2023-08-25 19:00:00,284.96,286.75,284.29,286.0,2548.0,8,0.0
2023-08-28 10:00:00,286.09,286.31,285.82,286.08,168.0,16,0.0
2023-08-28 11:00:00,286.02,286.35,285.93,286.22,234.0,40,0.0
2023-08-28 12:00:00,286.2,288.04,286.12,287.87,399.0,40,0.0
2023-08-28 13:00:00,287.87,289.44,286.34,288.87,3274.0,16,0.0
2023-08-28 14:00:00,288.9,291.31,287.36,288.65,4353.0,16,0.0
2023-08-28 15:00:00,288.62,288.63,285.71,287.6,2701.0,16,0.0
2023-08-28 16:00:00,287.61,289.47,286.8,289.47,2252.0,9,0.0
2023-08-28 17:00:00,289.45,290.03,287.38,287.93,2451.0,8,0.0
2023-08-28 18:00:00,287.91,289.57,287.61,289.23,2082.0,16,0.0
2023-08-28 19:00:00,289.25,290.09,288.19,290.07,1611.0,8,0.0
2023-08-29 10:00:00,289.94,290.15,289.93,289.96,32.0,16,0.0
2023-08-29 11:00:00,289.97,290.09,289.76,289.77,147.0,16,0.0
2023-08-29 12:00:00,289.78,290.01,288.94,289.18,215.0,16,0.0
2023-08-29 13:00:00,289.18,290.07,288.16,289.27,2873.0,16,0.0
2023-08-29 14:00:00,289.3,293.16,289.2,292.76,3401.0,16,0.0
2023-08-29 15:00:00,292.77,298.1,292.67,298.09,2948.0,8,0.0
2023-08-29 16:00:00,298.12,298.33,295.9,296.64,2120.0,16,0.0
2023-08-29 17:00:00,296.61,297.38,296.01,296.59,1484.0,16,0.0
2023-08-29 18:00:00,296.59,298.66,296.59,297.86,1472.0,16,0.0
2023-08-29 19:00:00,297.86,298.96,297.39,298.94,1266.0,8,0.0
2023-08-30 10:00:00,296.88,297.3,296.67,297.3,203.0,40,0.0
2023-08-30 11:00:00,297.29,297.32,296.61,297.19,247.0,40,0.0
2023-08-30 12:00:00,297.11,299.31,296.93,298.29,628.0,40,0.0
2023-08-30 13:00:00,298.35,298.35,293.93,295.91,2341.0,16,0.0
2023-08-30 14:00:00,295.9,296.93,293.38,295.8,2940.0,16,0.0
2023-08-30 15:00:00,295.8,296.41,294.57,296.41,1713.0,16,0.0
2023-08-30 16:00:00,296.41,297.08,295.82,296.84,1453.0,16,0.0
2023-08-30 17:00:00,296.86,298.18,295.83,296.31,1642.0,16,0.0
2023-08-30 18:00:00,296.33,297.24,294.77,297.05,1803.0,16,0.0
2023-08-30 19:00:00,297.07,297.28,294.78,294.95,1214.0,16,0.0
2023-08-31 10:00:00,294.41,294.9,294.34,294.4,237.0,40,0.0
2023-08-31 11:00:00,294.43,295.83,294.35,295.83,133.0,40,0.0
2023-08-31 12:00:00,295.83,296.06,294.65,295.75,634.0,40,0.0
2023-08-31 13:00:00,295.74,299.25,294.54,298.48,2800.0,16,0.0
2023-08-31 14:00:00,298.51,300.62,297.93,300.1,2999.0,16,0.0
2023-08-31 15:00:00,300.1,301.02,298.75,299.34,2093.0,16,0.0
2023-08-31 16:00:00,299.3,299.35,295.66,297.04,1965.0,16,0.0
2023-08-31 17:00:00,297.01,298.02,296.71,297.32,1379.0,16,0.0
2023-08-31 18:00:00,297.31,298.5,296.83,296.84,1410.0,16,0.0
2023-08-31 19:00:00,296.84,298.27,296.79,298.08,1027.0,16,0.0
2023-09-01 10:00:00,296.89,297.3,296.68,297.19,225.0,40,0.0
2023-09-01 11:00:00,296.99,297.69,296.95,297.36,160.0,40,0.0
2023-09-01 12:00:00,297.36,300.24,297.1,299.29,754.0,40,0.0
2023-09-01 13:00:00,299.36,301.46,295.43,296.91,2584.0,16,0.0
2023-09-01 14:00:00,296.77,298.73,295.3,295.84,3328.0,16,0.0
2023-09-01 15:00:00,295.84,297.38,294.43,294.52,2162.0,16,0.0
2023-09-01 16:00:00,294.5,297.14,294.43,296.79,1514.0,16,0.0
2023-09-01 17:00:00,296.78,297.12,295.58,295.93,1106.0,16,0.0
2023-09-01 18:00:00,295.95,296.61,295.26,296.42,1150.0,16,0.0
2023-09-01 19:00:00,296.43,297.24,296.31,296.91,1072.0,16,0.0
2023-09-05 10:00:00,295.13,295.33,294.98,295.03,73.0,40,0.0
2023-09-05 11:00:00,295.02,295.49,294.46,295.09,110.0,40,0.0
2023-09-05 12:00:00,295.04,295.75,294.42,295.48,408.0,40,0.0
2023-09-05 13:00:00,295.45,298.68,294.65,296.86,2704.0,16,0.0
2023-09-05 14:00:00,296.85,299.83,296.31,298.75,3357.0,16,0.0
2023-09-05 15:00:00,298.75,301.28,297.5,297.86,2789.0,16,0.0
2023-09-05 16:00:00,297.86,299.95,297.79,299.36,1752.0,16,0.0
2023-09-05 17:00:00,299.36,301.11,299.16,300.52,1641.0,16,0.0
2023-09-05 18:00:00,300.55,301.27,299.76,300.98,1458.0,16,0.0
2023-09-05 19:00:00,300.95,301.05,299.48,301.0,1330.0,16,0.0
2023-09-06 10:00:00,298.4,302.91,298.28,302.25,991.0,40,0.0
2023-09-06 11:00:00,302.16,303.43,302.05,302.45,268.0,40,0.0
2023-09-06 12:00:00,302.32,302.52,301.33,302.02,386.0,40,0.0
2023-09-06 13:00:00,301.95,303.02,298.93,300.98,2764.0,16,0.0
2023-09-06 14:00:00,300.69,300.75,296.32,297.49,4061.0,16,0.0
2023-09-06 15:00:00,297.48,300.71,297.44,299.44,2273.0,16,0.0
2023-09-06 16:00:00,299.41,300.08,296.95,297.25,1789.0,16,0.0
2023-09-06 17:00:00,297.26,298.13,295.61,296.75,1726.0,16,0.0
2023-09-06 18:00:00,296.74,298.99,296.38,298.42,1676.0,16,0.0
2023-09-06 19:00:00,298.42,298.95,297.55,298.45,1221.0,16,0.0
2023-09-07 10:00:00,298.54,298.74,297.85,297.98,80.0,16,0.0
2023-09-07 11:00:00,297.98,298.9,297.87,298.45,169.0,40,0.0
2023-09-07 12:00:00,298.44,298.85,296.42,297.21,591.0,40,0.0
2023-09-07 13:00:00,297.2,300.78,296.96,300.78,2772.0,16,0.0
2023-09-07 14:00:00,300.79,306.87,299.92,305.91,5028.0,16,0.0
2023-09-07 15:00:00,305.95,306.93,292.14,294.65,4960.0,16,0.0
2023-09-07 16:00:00,294.64,298.64,294.19,297.44,4514.0,16,0.0
2023-09-07 17:00:00,297.48,300.5,296.59,300.46,2615.0,16,0.0
2023-09-07 18:00:00,300.49,301.28,299.18,299.85,2291.0,16,0.0
2023-09-07 19:00:00,299.86,300.14,297.91,298.86,1550.0,16,0.0
2023-09-08 10:00:00,298.8,298.99,298.47,298.82,231.0,16,0.0
2023-09-08 11:00:00,298.75,299.38,298.75,299.12,292.0,40,0.0
2023-09-08 12:00:00,299.12,300.94,299.04,300.08,402.0,40,0.0
2023-09-08 13:00:00,300.02,305.13,298.76,303.14,2929.0,16,0.0
2023-09-08 14:00:00,303.14,304.35,300.08,300.08,3139.0,16,0.0
2023-09-08 15:00:00,300.0,302.21,299.78,300.56,2014.0,16,0.0
2023-09-08 16:00:00,300.6,301.55,298.84,299.95,1757.0,16,0.0
2023-09-08 17:00:00,299.96,300.63,299.11,299.97,1462.0,16,0.0
2023-09-08 18:00:00,299.97,300.31,297.98,297.98,1742.0,16,0.0
2023-09-08 19:00:00,297.98,298.37,297.34,297.53,1181.0,16,0.0
2023-09-11 10:00:00,300.2,302.44,299.95,301.95,242.0,60,0.0
2023-09-11 11:00:00,301.62,302.19,301.0,301.4,567.0,40,0.0
2023-09-11 12:00:00,301.52,301.95,301.08,301.62,234.0,40,0.0
2023-09-11 13:00:00,301.61,306.29,300.92,303.95,3660.0,16,0.0
2023-09-11 14:00:00,303.98,306.13,302.79,303.47,3671.0,16,0.0
2023-09-11 15:00:00,303.52,305.31,301.24,302.75,2407.0,16,0.0
2023-09-11 16:00:00,302.74,303.99,302.48,303.35,1604.0,16,0.0
2023-09-11 17:00:00,303.37,308.84,303.31,307.72,2213.0,16,0.0
2023-09-11 18:00:00,307.73,308.08,306.49,307.26,1824.0,16,0.0
2023-09-11 19:00:00,307.25,308.9,306.24,308.14,1481.0,16,0.0
2023-09-12 10:00:00,308.29,308.39,307.61,307.86,195.0,16,0.0
2023-09-12 11:00:00,307.9,308.37,307.09,307.09,469.0,40,0.0
2023-09-12 12:00:00,307.16,307.61,306.53,306.68,405.0,40,0.0
2023-09-12 13:00:00,306.67,308.52,304.15,305.41,3246.0,16,0.0
2023-09-12 14:00:00,305.41,306.03,302.41,302.96,3425.0,16,0.0
2023-09-12 15:00:00,302.95,303.67,301.17,302.53,2252.0,16,0.0
2023-09-12 16:00:00,302.54,303.25,302.21,302.43,1568.0,16,0.0
2023-09-12 17:00:00,302.44,303.5,301.5,301.69,1753.0,16,0.0
2023-09-12 18:00:00,301.68,302.13,300.48,300.6,2017.0,16,0.0
2023-09-12 19:00:00,300.63,302.05,300.17,302.01,1665.0,8,0.0
2023-09-13 10:00:00,301.61,301.76,301.17,301.53,422.0,16,0.0
2023-09-13 11:00:00,301.4,302.36,301.38,302.22,224.0,40,0.0
2023-09-13 12:00:00,302.14,302.67,300.05,302.09,1395.0,40,0.0
2023-09-13 13:00:00,302.08,306.77,301.4,304.28,3404.0,16,0.0
2023-09-13 14:00:00,304.32,305.17,301.29,304.83,3612.0,16,0.0
2023-09-13 15:00:00,304.86,305.98,303.95,305.13,2279.0,16,0.0
2023-09-13 16:00:00,305.16,306.25,304.51,305.43,1893.0,16,0.0
2023-09-13 17:00:00,305.42,307.05,305.19,305.85,2003.0,16,0.0
2023-09-13 18:00:00,305.84,306.15,303.98,305.05,1771.0,16,0.0
2023-09-13 19:00:00,305.05,305.41,303.73,305.09,1589.0,16,0.0
2023-09-14 10:00:00,305.67,306.63,305.64,306.35,227.0,40,0.0
2023-09-14 11:00:00,306.36,306.69,306.28,306.35,240.0,16,0.0
2023-09-14 12:00:00,306.34,306.7,305.42,306.33,890.0,17,0.0
2023-09-14 13:00:00,306.13,308.32,305.63,307.02,2777.0,16,0.0
2023-09-14 14:00:00,307.05,309.75,305.03,309.24,3376.0,16,0.0
2023-09-14 15:00:00,309.27,311.33,308.94,310.67,2918.0,16,0.0
2023-09-14 16:00:00,310.66,310.69,309.02,310.57,2015.0,16,0.0
2023-09-14 17:00:00,310.58,311.39,309.84,310.42,1825.0,16,0.0
2023-09-14 18:00:00,310.39,311.1,309.77,310.9,1832.0,16,0.0
2023-09-14 19:00:00,310.9,312.76,310.88,311.16,1748.0,16,0.0
2023-09-15 10:00:00,312.18,312.47,311.91,312.47,132.0,40,0.0
2023-09-15 11:00:00,312.47,313.35,311.05,311.22,331.0,40,0.0
2023-09-15 12:00:00,311.23,311.8,310.15,310.32,582.0,40,0.0
2023-09-15 13:00:00,310.32,311.74,305.26,306.2,3714.0,16,0.0
2023-09-15 14:00:00,306.25,306.57,303.37,303.49,3406.0,16,0.0
2023-09-15 15:00:00,303.5,304.87,302.94,303.72,2580.0,16,0.0
2023-09-15 16:00:00,303.73,304.87,303.66,304.67,2131.0,16,0.0
2023-09-15 17:00:00,304.67,304.72,300.5,300.83,2452.0,16,0.0
2023-09-15 18:00:00,300.86,301.19,299.79,300.3,2268.0,16,0.0
2023-09-15 19:00:00,300.28,300.85,299.73,299.94,1910.0,8,0.0
2023-09-18 10:00:00,300.67,301.06,300.1,300.83,126.0,40,0.0
2023-09-18 11:00:00,300.81,300.86,298.5,298.58,319.0,40,0.0
2023-09-18 12:00:00,298.61,299.42,298.42,298.65,334.0,40,0.0
2023-09-18 13:00:00,298.58,302.3,297.64,301.31,3655.0,16,0.0
2023-09-18 14:00:00,301.28,302.53,300.13,301.63,3505.0,16,0.0
2023-09-18 15:00:00,301.59,303.5,301.2,302.58,2550.0,16,0.0
2023-09-18 16:00:00,302.59,302.89,301.54,301.57,1700.0,16,0.0
2023-09-18 17:00:00,301.57,302.6,300.85,301.94,1687.0,8,0.0
2023-09-18 18:00:00,301.94,302.64,300.0,300.63,1641.0,16,0.0
2023-09-18 19:00:00,300.62,301.88,300.28,301.59,1562.0,16,0.0
2023-09-19 10:00:00,302.81,302.81,302.19,302.63,123.0,40,0.0
2023-09-19 11:00:00,302.64,303.04,302.06,302.53,231.0,40,0.0
2023-09-19 12:00:00,302.47,302.61,301.49,301.89,312.0,40,0.0
2023-09-19 13:00:00,301.91,304.3,300.79,302.92,3984.0,16,0.0
2023-09-19 14:00:00,302.92,303.89,300.17,300.17,3522.0,16,0.0
2023-09-19 15:00:00,300.13,301.82,299.74,300.94,2656.0,16,0.0
2023-09-19 16:00:00,300.93,302.77,300.36,302.67,2204.0,16,0.0
2023-09-19 17:00:00,302.68,305.71,302.58,304.91,2692.0,16,0.0
2023-09-19 18:00:00,304.93,306.04,303.4,303.55,2177.0,16,0.0
2023-09-19 19:00:00,303.52,305.15,303.29,305.07,1789.0,16,0.0
2023-09-20 10:00:00,305.09,305.19,304.77,305.01,142.0,16,0.0
2023-09-20 11:00:00,305.03,305.28,304.61,304.83,145.0,16,0.0
2023-09-20 12:00:00,304.83,305.6,304.66,305.42,227.0,40,0.0
2023-09-20 13:00:00,305.43,307.94,304.06,307.37,3340.0,16,0.0
2023-09-20 14:00:00,307.38,307.95,304.55,304.78,3282.0,16,0.0
2023-09-20 15:00:00,304.79,305.68,303.61,305.42,2431.0,16,0.0
2023-09-20 16:00:00,305.39,305.66,304.58,304.83,1534.0,16,0.0
2023-09-20 17:00:00,304.86,304.97,302.63,303.39,1931.0,16,0.0
2023-09-20 18:00:00,303.41,305.68,301.7,303.28,5460.0,16,0.0
2023-09-20 19:00:00,303.29,303.69,299.35,299.93,2897.0,16,0.0
2023-09-21 10:00:00,295.75,295.75,294.85,295.59,328.0,40,0.0
2023-09-21 11:00:00,295.63,295.77,294.35,294.56,333.0,40,0.0
2023-09-21 12:00:00,294.53,295.0,292.6,293.3,649.0,40,0.0
2023-09-21 13:00:00,293.37,298.22,293.3,293.65,4678.0,16,0.0
2023-09-21 14:00:00,293.68,297.34,293.22,295.6,4454.0,16,0.0
2023-09-21 15:00:00,295.58,296.77,294.9,295.4,3001.0,8,0.0
2023-09-21 16:00:00,295.39,298.11,294.96,297.46,2662.0,16,0.0
2023-09-21 17:00:00,297.46,300.15,297.43,299.71,2841.0,16,0.0
2023-09-21 18:00:00,299.68,299.92,296.56,296.67,2413.0,16,0.0
2023-09-21 19:00:00,296.66,297.67,296.23,297.07,1987.0,16,0.0
2023-09-22 10:00:00,297.13,299.32,297.03,298.64,323.0,16,0.0
2023-09-22 11:00:00,298.6,298.6,297.59,298.06,296.0,40,0.0
2023-09-22 12:00:00,298.07,299.41,297.89,298.86,465.0,40,0.0
2023-09-22 13:00:00,298.88,304.38,298.07,303.83,4441.0,16,0.0
2023-09-22 14:00:00,303.8,305.28,302.3,304.8,3683.0,16,0.0
2023-09-22 15:00:00,304.84,305.0,300.8,300.88,2662.0,16,0.0
2023-09-22 16:00:00,300.88,302.73,300.74,302.02,1887.0,16,0.0
2023-09-22 17:00:00,302.01,302.07,299.75,299.92,2108.0,16,0.0
2023-09-22 18:00:00,299.9,301.13,299.38,300.06,2536.0,8,0.0
2023-09-22 19:00:00,300.04,302.43,299.85,300.19,2132.0,8,0.0
2023-09-25 10:00:00,298.6,298.82,297.65,298.11,310.0,40,0.0
2023-09-25 11:00:00,298.17,298.73,296.5,296.64,435.0,40,0.0
2023-09-25 12:00:00,296.64,297.82,296.3,297.33,455.0,40,0.0
2023-09-25 13:00:00,297.3,299.36,293.66,298.99,4391.0,16,0.0
2023-09-25 14:00:00,299.02,299.07,296.54,296.72,3717.0,16,0.0
2023-09-25 15:00:00,296.71,300.11,296.71,299.13,2978.0,16,0.0
2023-09-25 16:00:00,299.11,299.47,296.5,297.61,2010.0,16,0.0
2023-09-25 17:00:00,297.61,299.17,297.47,298.38,1945.0,16,0.0
2023-09-25 18:00:00,298.38,300.26,298.22,299.09,2247.0,16,0.0
2023-09-25 19:00:00,299.11,300.52,298.46,300.07,1785.0,8,0.0
2023-09-26 10:00:00,298.62,299.35,298.51,299.13,259.0,40,0.0
2023-09-26 11:00:00,299.09,299.95,298.91,299.58,208.0,40,0.0
2023-09-26 12:00:00,299.59,300.21,298.43,298.52,285.0,40,0.0
2023-09-26 13:00:00,298.5,298.73,296.39,296.98,3715.0,16,0.0
2023-09-26 14:00:00,296.94,300.19,295.95,299.77,3842.0,16,0.0
2023-09-26 15:00:00,299.77,299.88,297.97,298.24,2538.0,16,0.0
2023-09-26 16:00:00,298.27,299.69,297.83,298.45,2107.0,16,0.0
2023-09-26 17:00:00,298.44,298.6,297.18,297.95,2397.0,16,0.0
2023-09-26 18:00:00,297.95,299.11,297.69,298.19,2427.0,8,0.0
2023-09-26 19:00:00,298.19,299.81,297.83,299.42,2503.0,8,0.0
2023-09-27 10:00:00,299.97,300.08,299.5,299.89,93.0,40,0.0
2023-09-27 11:00:00,299.8,300.2,299.51,299.65,252.0,40,0.0
2023-09-27 12:00:00,299.68,299.87,298.9,299.73,487.0,40,0.0
2023-09-27 13:00:00,299.75,301.19,299.09,299.98,3023.0,16,0.0
2023-09-27 14:00:00,300.0,300.4,298.11,299.67,3642.0,16,0.0
2023-09-27 15:00:00,299.67,300.74,299.01,299.89,2642.0,16,0.0
2023-09-27 16:00:00,299.87,300.42,298.87,299.19,2429.0,16,0.0
2023-09-27 17:00:00,299.18,300.01,289.72,291.99,7390.0,8,0.0
2023-09-27 18:00:00,291.99,296.56,286.75,296.51,7789.0,16,0.0
2023-09-27 19:00:00,296.53,300.56,296.5,296.92,4815.0,16,0.0
2023-09-28 10:00:00,297.6,298.16,297.44,297.9,562.0,40,0.0
2023-09-28 11:00:00,297.85,298.36,297.39,297.76,393.0,40,0.0
2023-09-28 12:00:00,297.76,299.75,297.21,298.01,712.0,40,0.0
2023-09-28 13:00:00,298.0,300.63,296.69,299.98,3773.0,16,0.0
2023-09-28 14:00:00,299.96,304.61,299.93,303.71,4792.0,16,0.0
2023-09-28 15:00:00,303.68,305.8,302.18,305.14,3356.0,16,0.0
2023-09-28 16:00:00,305.17,306.22,304.37,304.38,2923.0,16,0.0
2023-09-28 17:00:00,304.38,305.06,302.63,302.67,2662.0,16,0.0
2023-09-28 18:00:00,302.69,303.89,301.4,302.6,2804.0,16,0.0
2023-09-28 19:00:00,302.6,304.57,302.57,303.72,2041.0,8,0.0
2023-09-29 10:00:00,305.15,305.56,304.81,305.15,227.0,40,0.0
2023-09-29 11:00:00,305.19,306.48,305.17,306.48,206.0,40,0.0
2023-09-29 12:00:00,306.47,308.66,306.38,308.24,569.0,40,0.0
2023-09-29 13:00:00,308.26,310.5,305.88,309.12,3690.0,16,0.0
2023-09-29 14:00:00,309.18,309.55,306.12,306.58,3586.0,16,0.0
2023-09-29 15:00:00,306.6,307.37,304.35,305.53,3219.0,16,0.0
2023-09-29 16:00:00,305.53,306.07,302.79,303.06,3095.0,16,0.0
2023-09-29 17:00:00,303.08,303.08,299.97,299.98,3282.0,16,0.0
2023-09-29 18:00:00,299.96,302.26,299.73,302.26,3361.0,8,0.0
2023-09-29 19:00:00,302.27,302.41,299.94,300.08,2848.0,8,0.0
2023-10-02 10:00:00,301.57,301.82,300.85,300.95,414.0,40,0.0
2023-10-02 11:00:00,300.9,302.45,300.87,301.1,361.0,40,0.0
2023-10-02 12:00:00,301.1,301.26,300.43,300.84,376.0,40,0.0
2023-10-02 13:00:00,300.82,306.0,300.07,304.47,4090.0,16,0.0
2023-10-02 14:00:00,304.24,306.99,303.99,304.84,5021.0,16,0.0
2023-10-02 15:00:00,304.87,307.08,303.5,303.67,3653.0,16,0.0
2023-10-02 16:00:00,303.7,305.04,302.97,303.44,2996.0,16,0.0
2023-10-02 17:00:00,303.43,304.64,302.56,303.98,2633.0,16,0.0
2023-10-02 18:00:00,303.98,305.3,302.94,303.37,2933.0,16,0.0
2023-10-02 19:00:00,303.34,305.21,302.8,305.19,2628.0,8,0.0
2023-10-03 10:00:00,307.45,308.49,307.38,307.83,301.0,40,0.0
2023-10-03 11:00:00,307.77,307.77,305.58,305.91,296.0,40,0.0
2023-10-03 12:00:00,305.9,306.01,304.4,304.5,558.0,40,0.0
2023-10-03 13:00:00,304.5,306.68,303.41,306.0,3457.0,16,0.0
2023-10-03 14:00:00,305.97,306.0,300.74,301.13,5376.0,16,0.0
2023-10-03 15:00:00,301.09,301.09,299.61,300.71,3425.0,8,0.0
2023-10-03 16:00:00,300.72,301.62,300.36,301.03,2688.0,16,0.0
2023-10-03 17:00:00,301.04,301.71,299.75,300.72,2736.0,8,0.0
2023-10-03 18:00:00,300.72,302.16,300.65,301.49,2840.0,8,0.0
2023-10-03 19:00:00,301.49,301.78,299.56,299.88,2715.0,8,0.0
2023-10-04 10:00:00,299.6,300.64,299.36,299.36,316.0,40,0.0
2023-10-04 11:00:00,299.41,302.06,299.41,301.56,601.0,40,0.0
2023-10-04 12:00:00,301.57,301.87,300.26,300.26,723.0,40,0.0
2023-10-04 13:00:00,300.23,302.75,297.93,299.93,3738.0,16,0.0
2023-10-04 14:00:00,299.92,304.32,299.4,302.19,4246.0,16,0.0
2023-10-04 15:00:00,302.19,306.1,301.76,306.1,3139.0,16,0.0
2023-10-04 16:00:00,306.07,306.25,303.51,304.48,2749.0,16,0.0
2023-10-04 17:00:00,304.45,305.24,303.49,304.29,2544.0,16,0.0
2023-10-04 18:00:00,304.25,305.68,303.88,305.41,2628.0,16,0.0
2023-10-04 19:00:00,305.43,306.81,305.38,306.29,2149.0,8,0.0
2023-10-05 10:00:00,305.11,305.47,304.68,305.0,196.0,40,0.0
2023-10-05 11:00:00,305.0,306.69,304.83,306.49,272.0,40,0.0
2023-10-05 12:00:00,306.51,306.97,304.06,304.38,614.0,40,0.0
2023-10-05 13:00:00,304.41,304.61,299.7,300.64,3219.0,16,0.0
2023-10-05 14:00:00,300.61,301.41,299.44,299.94,3573.0,8,0.0
2023-10-05 15:00:00,299.94,302.1,299.76,300.69,3270.0,8,0.0
2023-10-05 16:00:00,300.69,302.97,300.47,302.55,2525.0,8,0.0
2023-10-05 17:00:00,302.54,303.9,301.77,303.55,2788.0,8,0.0
2023-10-05 18:00:00,303.56,305.88,303.53,305.85,3073.0,8,0.0
2023-10-05 19:00:00,305.86,306.12,304.73,305.41,2410.0,8,0.0
2023-10-06 10:00:00,304.46,305.24,304.45,305.01,124.0,40,0.0
2023-10-06 11:00:00,305.01,305.08,303.91,304.03,270.0,40,0.0
2023-10-06 12:00:00,304.05,304.52,299.42,300.24,954.0,40,0.0
2023-10-06 13:00:00,300.15,303.76,299.5,302.09,3895.0,16,0.0
2023-10-06 14:00:00,302.12,307.45,300.86,307.3,4684.0,16,0.0
2023-10-06 15:00:00,307.32,310.36,306.84,310.28,3365.0,16,0.0
2023-10-06 16:00:00,310.25,311.48,310.19,310.72,2806.0,16,0.0
2023-10-06 17:00:00,310.73,313.43,310.63,313.01,2460.0,8,0.0
2023-10-06 18:00:00,313.01,313.9,312.66,313.7,2356.0,8,0.0
2023-10-06 19:00:00,313.73,315.57,313.27,315.13,2014.0,8,0.0
2023-10-09 10:00:00,312.23,312.74,312.1,312.46,134.0,40,0.0
2023-10-09 11:00:00,312.63,313.54,312.4,312.51,457.0,40,0.0
2023-10-09 12:00:00,312.51,313.07,311.41,311.41,553.0,40,0.0
2023-10-09 13:00:00,311.41,319.04,311.35,318.31,4658.0,16,0.0
2023-10-09 14:00:00,318.35,320.17,315.39,315.59,5299.0,16,0.0
2023-10-09 15:00:00,315.6,317.34,314.68,316.33,2932.0,16,0.0
2023-10-09 16:00:00,316.34,317.56,315.85,316.76,2271.0,16,0.0
2023-10-09 17:00:00,316.74,319.65,316.58,319.65,2523.0,16,0.0
2023-10-09 18:00:00,319.7,320.1,318.49,319.46,2889.0,16,0.0
2023-10-09 19:00:00,319.43,320.0,318.1,318.14,2210.0,16,0.0
2023-10-10 10:00:00,318.61,318.8,318.43,318.6,115.0,16,0.0
2023-10-10 11:00:00,318.61,319.18,318.54,318.67,348.0,40,0.0
2023-10-10 12:00:00,318.67,319.09,318.34,318.85,302.0,40,0.0
2023-10-10 13:00:00,318.94,320.6,318.12,320.04,3384.0,16,0.0
2023-10-10 14:00:00,320.04,322.05,318.76,321.98,3347.0,16,0.0
2023-10-10 15:00:00,321.98,324.56,321.36,323.86,2674.0,16,0.0
2023-10-10 16:00:00,323.86,323.89,321.99,322.34,2369.0,16,0.0
2023-10-10 17:00:00,322.32,322.79,319.78,322.49,3285.0,16,0.0
2023-10-10 18:00:00,322.49,323.0,321.63,322.03,2835.0,16,0.0
2023-10-10 19:00:00,322.04,323.18,322.0,322.53,2066.0,16,0.0
2023-10-11 10:00:00,322.03,322.59,322.02,322.43,162.0,16,0.0
2023-10-11 11:00:00,322.4,323.63,322.4,323.44,445.0,40,0.0
2023-10-11 12:00:00,323.44,323.61,322.24,323.04,534.0,40,0.0
2023-10-11 13:00:00,323.04,327.49,322.01,325.79,3450.0,16,0.0
2023-10-11 14:00:00,325.83,328.74,325.03,326.86,3931.0,16,0.0
2023-10-11 15:00:00,326.87,327.86,325.23,325.88,2870.0,16,0.0
2023-10-11 16:00:00,325.88,326.07,324.67,326.04,2588.0,16,0.0
2023-10-11 17:00:00,326.02,326.02,324.47,325.79,2344.0,16,0.0
2023-10-11 18:00:00,325.76,327.23,325.33,326.46,2836.0,16,0.0
2023-10-11 19:00:00,326.47,327.29,325.72,327.19,1903.0,16,0.0
2023-10-12 10:00:00,329.32,330.51,328.95,329.87,313.0,40,0.0
2023-10-12 11:00:00,329.81,330.09,328.91,328.99,349.0,40,0.0
2023-10-12 12:00:00,328.99,329.27,327.91,328.72,574.0,40,0.0
2023-10-12 13:00:00,328.72,328.72,326.64,327.2,3323.0,16,0.0
2023-10-12 14:00:00,327.23,330.44,326.84,328.02,3869.0,16,0.0
2023-10-12 15:00:00,328.02,328.47,327.11,328.24,2847.0,16,0.0
2023-10-12 16:00:00,328.24,328.97,327.45,328.46,2615.0,16,0.0
2023-10-12 17:00:00,328.46,328.76,325.45,325.68,3347.0,16,0.0
2023-10-12 18:00:00,325.67,325.97,322.64,324.67,3175.0,16,0.0
2023-10-12 19:00:00,324.68,325.8,324.55,325.01,2095.0,16,0.0
2023-10-13 10:00:00,319.84,320.75,319.08,320.54,397.0,40,0.0
2023-10-13 11:00:00,320.54,321.71,320.29,321.2,404.0,40,0.0
2023-10-13 12:00:00,321.27,323.58,321.0,323.37,463.0,40,0.0
2023-10-13 13:00:00,323.22,324.93,322.08,322.95,3270.0,16,0.0
2023-10-13 14:00:00,322.92,322.92,318.3,320.0,4365.0,16,0.0
2023-10-13 15:00:00,319.97,320.21,315.85,315.92,3688.0,16,0.0
2023-10-13 16:00:00,315.89,317.44,315.28,316.18,2965.0,16,0.0
2023-10-13 17:00:00,316.18,316.24,312.31,313.82,3567.0,16,0.0
2023-10-13 18:00:00,313.82,314.53,312.52,314.34,3442.0,16,0.0
2023-10-13 19:00:00,314.34,316.45,314.01,314.28,2900.0,16,0.0
2023-10-16 10:00:00,315.06,315.71,314.36,315.64,313.0,40,0.0
2023-10-16 11:00:00,315.64,315.92,314.45,315.65,275.0,40,0.0
2023-10-16 12:00:00,315.65,316.29,314.78,316.05,370.0,40,0.0
2023-10-16 13:00:00,316.07,318.79,315.47,316.29,3016.0,16,0.0
2023-10-16 14:00:00,316.32,319.99,316.22,319.13,3993.0,16,0.0
2023-10-16 15:00:00,319.12,320.06,318.46,319.47,2601.0,16,0.0
2023-10-16 16:00:00,319.47,320.33,318.92,319.76,2311.0,16,0.0
2023-10-16 17:00:00,319.76,321.17,318.53,320.94,2601.0,16,0.0
2023-10-16 18:00:00,320.94,321.73,320.61,321.13,2448.0,9,0.0
2023-10-16 19:00:00,321.15,321.48,320.75,321.1,1941.0,8,0.0
2023-10-17 10:00:00,320.99,321.32,320.64,320.72,293.0,16,0.0
2023-10-17 11:00:00,320.7,320.88,319.68,320.09,483.0,40,0.0
2023-10-17 12:00:00,319.95,320.14,319.01,319.38,619.0,40,0.0
2023-10-17 13:00:00,319.33,320.4,317.23,319.05,3937.0,16,0.0
2023-10-17 14:00:00,318.98,323.33,318.62,322.1,4005.0,16,0.0
2023-10-17 15:00:00,322.11,323.99,321.57,323.31,3170.0,16,0.0
2023-10-17 16:00:00,323.34,324.3,322.97,324.01,2638.0,16,0.0
2023-10-17 17:00:00,324.02,324.31,321.72,321.97,2657.0,16,0.0
2023-10-17 18:00:00,321.97,322.8,321.07,321.8,2955.0,16,0.0
2023-10-17 19:00:00,321.76,322.56,321.09,322.27,2448.0,16,0.0
2023-10-18 10:00:00,322.68,322.74,321.85,321.99,405.0,16,0.0
2023-10-18 11:00:00,321.99,322.33,321.96,322.12,218.0,16,0.0
2023-10-18 12:00:00,322.24,322.64,321.61,321.88,356.0,16,0.0
2023-10-18 13:00:00,321.84,325.77,320.97,322.79,3662.0,16,0.0
2023-10-18 14:00:00,322.78,324.23,318.25,318.61,5052.0,16,0.0
2023-10-18 15:00:00,318.62,321.82,318.24,320.87,3428.0,16,0.0
2023-10-18 16:00:00,320.83,321.85,320.29,321.05,3386.0,16,0.0
2023-10-18 17:00:00,321.05,322.86,319.35,320.56,3869.0,16,0.0
2023-10-18 18:00:00,320.52,320.71,318.23,318.79,3200.0,16,0.0
2023-10-18 19:00:00,318.79,318.79,315.86,315.86,2675.0,16,0.0
2023-10-19 10:00:00,316.45,317.63,316.1,317.56,184.0,40,0.0
2023-10-19 11:00:00,317.55,317.65,317.11,317.51,183.0,40,0.0
2023-10-19 12:00:00,317.55,318.92,317.47,318.82,550.0,40,0.0
2023-10-19 13:00:00,318.8,321.76,317.65,319.71,4027.0,16,0.0
2023-10-19 14:00:00,319.75,321.15,317.75,318.33,4069.0,16,0.0
2023-10-19 15:00:00,318.36,319.0,316.35,317.61,3306.0,16,0.0
2023-10-19 16:00:00,317.64,319.83,314.16,317.06,6237.0,16,0.0
2023-10-19 17:00:00,317.11,319.32,312.86,314.12,5022.0,16,0.0
2023-10-19 18:00:00,314.06,315.84,311.68,312.58,4183.0,16,0.0
2023-10-19 19:00:00,312.6,313.68,312.16,312.35,3142.0,8,0.0
2023-10-20 10:00:00,311.8,313.65,311.65,313.0,383.0,16,0.0
2023-10-20 11:00:00,312.97,314.36,312.69,313.93,363.0,40,0.0
2023-10-20 12:00:00,313.94,314.05,312.15,313.05,476.0,40,0.0
2023-10-20 13:00:00,313.19,316.0,311.98,312.4,4198.0,16,0.0
2023-10-20 14:00:00,312.4,313.59,306.47,306.54,4852.0,16,0.0
2023-10-20 15:00:00,306.49,310.32,306.42,309.98,3562.0,16,0.0
2023-10-20 16:00:00,310.01,311.33,308.28,311.14,3113.0,16,0.0
2023-10-20 17:00:00,311.17,312.8,310.07,312.67,3372.0,16,0.0
2023-10-20 18:00:00,312.71,312.72,309.56,310.06,3310.0,16,0.0
2023-10-20 19:00:00,310.09,310.52,309.1,309.6,2695.0,8,0.0
2023-10-23 10:00:00,305.7,306.7,305.48,306.68,272.0,16,0.0
2023-10-23 11:00:00,306.64,307.94,306.16,307.41,503.0,40,0.0
2023-10-23 12:00:00,307.35,308.6,306.89,308.16,494.0,40,0.0
2023-10-23 13:00:00,308.08,310.84,307.32,310.78,4482.0,16,0.0
2023-10-23 14:00:00,310.75,312.69,310.21,311.89,4381.0,16,0.0
2023-10-23 15:00:00,311.92,315.58,311.51,314.8,3390.0,16,0.0
2023-10-23 16:00:00,314.8,317.17,314.53,317.17,2861.0,8,0.0
2023-10-23 17:00:00,317.17,317.26,314.99,315.84,2767.0,16,0.0
2023-10-23 18:00:00,315.81,316.93,315.43,315.98,2721.0,8,0.0
2023-10-23 19:00:00,315.98,316.88,314.39,314.52,2609.0,16,0.0
2023-10-24 10:00:00,316.82,316.91,316.11,316.79,196.0,40,0.0
2023-10-24 11:00:00,316.8,318.59,316.37,317.93,334.0,40,0.0
2023-10-24 12:00:00,317.91,317.97,317.29,317.81,434.0,40,0.0
2023-10-24 13:00:00,317.8,317.85,314.02,316.51,4270.0,16,0.0
2023-10-24 14:00:00,316.48,318.26,315.22,317.26,4038.0,16,0.0
2023-10-24 15:00:00,317.29,317.67,313.85,315.72,3273.0,16,0.0
2023-10-24 16:00:00,315.74,315.93,310.98,311.53,2930.0,16,0.0
2023-10-24 17:00:00,311.53,313.22,310.58,312.27,2726.0,16,0.0
2023-10-24 18:00:00,312.24,313.33,311.4,312.68,2529.0,8,0.0
2023-10-24 19:00:00,312.68,313.05,311.5,312.88,2138.0,8,0.0
2023-10-25 10:00:00,309.48,309.51,308.42,309.33,164.0,40,0.0
2023-10-25 11:00:00,309.33,311.16,309.33,310.43,373.0,40,0.0
2023-10-25 12:00:00,310.43,311.93,310.02,310.24,742.0,40,0.0
2023-10-25 13:00:00,310.24,311.27,301.82,307.4,6296.0,16,0.0
2023-10-25 14:00:00,307.45,308.86,306.16,306.37,4928.0,16,0.0
2023-10-25 15:00:00,306.37,307.84,304.27,304.35,4108.0,16,0.0
2023-10-25 16:00:00,304.31,305.79,302.47,304.13,3412.0,16,0.0
2023-10-25 17:00:00,304.12,304.81,300.29,302.0,3255.0,16,0.0
2023-10-25 18:00:00,302.0,302.67,299.63,301.08,3494.0,8,0.0
2023-10-25 19:00:00,301.08,301.36,299.78,299.97,2883.0,8,0.0
2023-10-26 10:00:00,290.06,291.48,289.72,290.0,504.0,40,0.0
2023-10-26 11:00:00,290.12,291.24,286.86,287.53,1378.0,40,0.0
2023-10-26 12:00:00,287.56,289.19,286.09,287.95,1996.0,40,0.0
2023-10-26 13:00:00,287.95,298.08,279.41,282.45,12410.0,16,0.0
2023-10-26 14:00:00,282.41,293.7,280.53,289.57,10296.0,16,0.0
2023-10-26 15:00:00,289.57,290.08,284.95,289.37,6962.0,16,0.0
2023-10-26 16:00:00,289.4,289.6,283.78,285.32,5225.0,16,0.0
2023-10-26 17:00:00,285.32,287.38,284.88,287.29,3898.0,16,0.0
2023-10-26 18:00:00,287.29,291.98,286.85,290.96,4232.0,16,0.0
2023-10-26 19:00:00,290.96,293.16,289.12,289.12,3645.0,16,0.0
2023-10-27 10:00:00,291.33,291.97,291.14,291.56,145.0,40,0.0
2023-10-27 11:00:00,291.63,292.47,290.56,290.76,559.0,40,0.0
2023-10-27 12:00:00,290.8,292.34,290.66,292.09,723.0,40,0.0
2023-10-27 13:00:00,292.09,299.19,291.72,298.47,8588.0,16,0.0
2023-10-27 14:00:00,298.5,298.5,293.71,295.88,7825.0,16,0.0
2023-10-27 15:00:00,295.88,298.11,295.27,296.92,4603.0,16,0.0
2023-10-27 16:00:00,296.91,298.4,296.19,296.63,3812.0,16,0.0
2023-10-27 17:00:00,296.62,296.84,293.38,294.12,4072.0,16,0.0
2023-10-27 18:00:00,294.08,296.57,292.88,295.15,4410.0,16,0.0
2023-10-27 19:00:00,295.11,297.77,294.56,295.33,3673.0,16,0.0
2023-10-30 10:00:00,298.99,299.16,298.36,298.51,216.0,40,0.0
2023-10-30 11:00:00,298.58,299.96,298.37,299.92,309.0,40,0.0
2023-10-30 12:00:00,299.91,302.06,298.6,298.75,793.0,40,0.0
2023-10-30 13:00:00,298.73,307.73,297.85,307.71,5604.0,16,0.0
2023-10-30 14:00:00,307.74,309.24,301.77,302.69,6587.0,16,0.0
2023-10-30 15:00:00,302.66,304.71,302.29,304.01,4274.0,16,0.0
2023-10-30 16:00:00,303.99,304.54,300.99,301.76,3246.0,16,0.0
2023-10-30 17:00:00,301.75,304.77,301.51,304.53,3146.0,16,0.0
2023-10-30 18:00:00,304.51,304.9,302.66,303.46,2941.0,16,0.0
2023-10-30 19:00:00,303.49,304.76,302.15,302.97,2521.0,8,0.0
2023-10-31 10:00:00,302.19,303.54,302.05,302.51,749.0,40,0.0
2023-10-31 11:00:00,302.51,304.05,302.51,303.6,499.0,40,0.0
2023-10-31 12:00:00,303.63,304.53,302.78,303.3,790.0,40,0.0
2023-10-31 13:00:00,303.27,303.84,296.81,299.75,4786.0,16,0.0
2023-10-31 14:00:00,299.71,301.78,298.75,299.88,4894.0,16,0.0
2023-10-31 15:00:00,299.92,301.06,298.96,301.05,3346.0,16,0.0
2023-10-31 16:00:00,301.06,301.55,299.79,300.97,2716.0,16,0.0
2023-10-31 17:00:00,300.97,301.14,299.55,300.4,2463.0,16,0.0
2023-10-31 18:00:00,300.4,300.48,299.28,299.97,3014.0,16,0.0
2023-10-31 19:00:00,299.97,300.72,299.82,300.37,2651.0,8,0.0
2023-11-01 10:00:00,300.49,301.18,300.33,300.54,382.0,16,0.0
2023-11-01 11:00:00,300.55,300.68,298.87,299.13,325.0,40,0.0
2023-11-01 12:00:00,299.13,301.52,299.13,301.1,728.0,40,0.0
2023-11-01 13:00:00,301.19,304.43,300.78,302.9,3275.0,16,0.0
2023-11-01 14:00:00,303.07,307.82,302.68,307.49,4612.0,16,0.0
2023-11-01 15:00:00,307.52,308.67,306.37,306.91,3062.0,16,0.0
2023-11-01 16:00:00,306.91,306.97,305.66,306.39,2413.0,16,0.0
2023-11-01 17:00:00,306.39,306.83,304.79,305.41,2136.0,16,0.0
2023-11-01 18:00:00,305.45,309.17,305.45,308.73,4990.0,16,0.0
2023-11-01 19:00:00,308.73,312.43,308.68,312.26,3841.0,8,0.0
2023-11-02 10:00:00,314.24,314.6,314.2,314.53,184.0,40,0.0
2023-11-02 11:00:00,314.51,314.72,313.84,314.62,350.0,40,0.0
2023-11-02 12:00:00,314.71,316.74,314.61,316.67,723.0,40,0.0
2023-11-02 13:00:00,316.69,318.6,310.79,311.67,5394.0,16,0.0
2023-11-02 14:00:00,311.71,312.16,309.02,310.04,4998.0,16,0.0
2023-11-02 15:00:00,310.07,311.1,308.4,309.31,3466.0,16,0.0
2023-11-02 16:00:00,309.34,310.19,308.41,308.6,2889.0,16,0.0
2023-11-02 17:00:00,308.6,310.03,308.28,309.49,2382.0,8,0.0
2023-11-02 18:00:00,309.46,309.56,308.53,309.54,2084.0,8,0.0
2023-11-02 19:00:00,309.52,310.32,309.12,310.15,1777.0,8,0.0
2023-11-03 10:00:00,310.81,311.18,310.67,310.8,279.0,40,0.0
2023-11-03 11:00:00,310.8,311.71,310.56,311.46,294.0,40,0.0
2023-11-03 12:00:00,311.43,313.72,310.62,313.27,943.0,40,0.0
2023-11-03 13:00:00,313.37,315.07,311.88,314.56,4591.0,16,0.0
2023-11-03 14:00:00,314.56,315.23,311.15,312.46,4681.0,16,0.0
2023-11-03 15:00:00,312.51,313.3,310.97,312.3,3160.0,8,0.0
2023-11-03 16:00:00,312.33,313.76,311.81,313.38,2413.0,16,0.0
2023-11-03 17:00:00,313.37,314.47,312.59,314.23,2237.0,16,0.0
2023-11-03 18:00:00,314.21,315.44,313.95,315.29,2239.0,16,0.0
2023-11-03 19:00:00,315.26,315.4,314.29,314.32,1774.0,8,0.0
2023-11-06 13:00:00,314.82,315.36,314.28,315.17,245.0,40,0.0
2023-11-06 14:00:00,315.13,317.04,314.71,316.66,3126.0,16,0.0
2023-11-06 15:00:00,316.68,318.23,315.55,316.89,3587.0,16,0.0
2023-11-06 16:00:00,316.89,317.7,315.75,316.8,2223.0,16,0.0
2023-11-06 17:00:00,316.8,317.08,315.36,316.22,2043.0,16,0.0
2023-11-06 18:00:00,316.21,316.24,314.36,315.82,2273.0,16,0.0
2023-11-06 19:00:00,315.82,316.39,315.13,316.05,2218.0,16,0.0
2023-11-06 20:00:00,316.05,316.11,314.57,314.98,1865.0,8,0.0
2023-11-07 11:00:00,314.82,315.14,314.49,314.5,115.0,16,0.0
2023-11-07 12:00:00,314.5,315.6,314.5,315.07,248.0,40,0.0
2023-11-07 13:00:00,315.06,316.62,314.95,316.62,292.0,40,0.0
2023-11-07 14:00:00,316.67,318.19,315.07,317.67,2605.0,16,0.0
2023-11-07 15:00:00,317.73,320.91,316.86,320.18,3644.0,16,0.0
2023-11-07 16:00:00,320.18,320.35,318.78,319.59,2533.0,16,0.0
2023-11-07 17:00:00,319.59,319.79,318.24,319.46,2574.0,16,0.0
2023-11-07 18:00:00,319.47,320.57,319.33,320.11,2203.0,16,0.0
2023-11-07 19:00:00,320.11,320.63,319.36,319.7,1980.0,16,0.0
2023-11-07 20:00:00,319.68,319.87,318.79,319.11,1645.0,16,0.0
2023-11-08 11:00:00,318.25,318.32,318.05,318.3,155.0,40,0.0
2023-11-08 12:00:00,318.3,318.48,318.13,318.28,139.0,40,0.0
2023-11-08 13:00:00,318.3,318.86,318.2,318.86,267.0,40,0.0
2023-11-08 14:00:00,318.83,319.83,316.56,316.66,3389.0,16,0.0
2023-11-08 15:00:00,316.72,317.37,314.81,315.64,4024.0,16,0.0
2023-11-08 16:00:00,315.65,317.49,315.58,316.69,2789.0,16,0.0
2023-11-08 17:00:00,316.69,317.55,315.93,317.42,2256.0,16,0.0
2023-11-08 18:00:00,317.42,319.62,317.1,319.33,2164.0,16,0.0
2023-11-08 19:00:00,319.3,321.25,319.14,319.69,2182.0,16,0.0
2023-11-08 20:00:00,319.7,320.73,319.36,320.53,1639.0,16,0.0
2023-11-09 11:00:00,320.31,320.33,319.46,319.57,302.0,16,0.0
2023-11-09 12:00:00,319.62,320.02,319.51,319.94,143.0,40,0.0
2023-11-09 13:00:00,319.94,320.08,319.23,319.42,262.0,40,0.0
2023-11-09 14:00:00,319.46,322.08,318.75,322.04,3168.0,16,0.0
2023-11-09 15:00:00,322.05,322.34,319.24,320.95,3493.0,16,0.0
2023-11-09 16:00:00,320.95,323.73,320.95,323.6,2588.0,16,0.0
2023-11-09 17:00:00,323.54,324.07,321.22,323.13,2216.0,16,0.0
2023-11-09 18:00:00,323.13,323.25,320.16,321.53,3435.0,16,0.0
2023-11-09 19:00:00,321.54,321.7,318.76,319.68,3561.0,16,0.0
2023-11-09 20:00:00,319.64,320.24,319.02,319.51,2506.0,16,0.0
2023-11-10 11:00:00,317.49,317.54,317.21,317.52,69.0,40,0.0
2023-11-10 12:00:00,317.5,319.09,317.35,318.83,260.0,40,0.0
2023-11-10 13:00:00,318.76,320.11,318.3,320.04,439.0,40,0.0
2023-11-10 14:00:00,320.02,323.66,319.23,323.55,2694.0,16,0.0
2023-11-10 15:00:00,323.56,324.72,321.99,324.08,3679.0,16,0.0
2023-11-10 16:00:00,324.11,328.04,324.05,327.11,3633.0,16,0.0
2023-11-10 17:00:00,327.09,328.0,326.38,327.32,2620.0,16,0.0
2023-11-10 18:00:00,327.33,327.36,326.1,326.44,2322.0,16,0.0
2023-11-10 19:00:00,326.43,327.78,325.86,327.48,2209.0,16,0.0
2023-11-10 20:00:00,327.49,327.96,326.98,327.9,1836.0,16,0.0
2023-11-13 11:00:00,328.05,328.08,327.6,327.85,78.0,16,0.0
2023-11-13 12:00:00,327.86,328.18,327.01,327.09,266.0,16,0.0
2023-11-13 13:00:00,327.09,327.33,326.1,326.11,366.0,40,0.0
2023-11-13 14:00:00,326.14,328.76,325.6,328.37,3109.0,16,0.0
2023-11-13 15:00:00,328.38,332.2,327.82,330.66,4193.0,16,0.0
2023-11-13 16:00:00,330.66,332.21,330.49,330.84,2652.0,16,0.0
2023-11-13 17:00:00,330.84,330.94,329.85,330.64,2219.0,16,0.0
2023-11-13 18:00:00,330.65,330.75,329.7,329.96,2126.0,16,0.0
2023-11-13 19:00:00,329.93,331.17,329.69,330.66,1912.0,16,0.0
2023-11-13 20:00:00,330.66,330.82,329.39,329.76,1677.0,16,0.0
2023-11-14 11:00:00,330.26,330.4,330.08,330.39,110.0,40,0.0
2023-11-14 12:00:00,330.38,330.48,329.1,329.63,227.0,40,0.0
2023-11-14 13:00:00,329.64,335.61,329.18,335.23,1087.0,40,0.0
2023-11-14 14:00:00,335.24,336.72,333.16,336.64,3457.0,16,0.0
2023-11-14 15:00:00,336.63,337.99,333.55,333.67,4249.0,16,0.0
2023-11-14 16:00:00,333.67,335.48,333.6,334.56,2884.0,16,0.0
2023-11-14 17:00:00,334.61,335.68,334.0,335.62,2292.0,16,0.0
2023-11-14 18:00:00,335.64,336.78,335.49,335.93,2253.0,16,0.0
2023-11-14 19:00:00,335.92,337.09,335.09,337.01,2265.0,16,0.0
2023-11-14 20:00:00,336.95,337.15,336.28,336.96,1883.0,16,0.0
2023-11-15 11:00:00,338.94,339.31,338.68,339.24,123.0,40,0.0
2023-11-15 12:00:00,339.21,339.85,338.84,339.85,276.0,40,0.0
2023-11-15 13:00:00,339.92,340.48,338.42,338.8,717.0,40,0.0
2023-11-15 14:00:00,338.75,338.76,333.92,334.05,2862.0,16,0.0
2023-11-15 15:00:00,334.05,335.46,333.29,334.89,3722.0,16,0.0
2023-11-15 16:00:00,334.89,335.83,333.72,333.92,2946.0,16,0.0
2023-11-15 17:00:00,333.89,334.06,331.96,332.25,2552.0,16,0.0
2023-11-15 18:00:00,332.25,333.14,329.98,333.06,2647.0,16,0.0
2023-11-15 19:00:00,333.09,333.35,331.89,332.91,2044.0,16,0.0
2023-11-15 20:00:00,332.91,333.49,332.29,333.04,1835.0,16,0.0
2023-11-16 11:00:00,332.41,332.53,332.12,332.24,78.0,40,0.0
2023-11-16 12:00:00,332.21,332.21,330.4,330.48,306.0,40,0.0
2023-11-16 13:00:00,330.46,331.4,330.16,331.14,558.0,40,0.0
2023-11-16 14:00:00,331.17,331.3,326.24,330.81,3955.0,16,0.0
2023-11-16 15:00:00,330.84,331.17,327.71,329.62,4516.0,16,0.0
2023-11-16 16:00:00,329.61,330.69,329.2,329.57,3071.0,16,0.0
2023-11-16 17:00:00,329.6,331.97,329.49,331.43,2560.0,16,0.0
2023-11-16 18:00:00,331.43,332.57,330.91,331.97,2660.0,16,0.0
2023-11-16 19:00:00,331.97,333.49,331.51,333.12,2490.0,16,0.0
2023-11-16 20:00:00,333.09,333.99,332.71,333.93,1698.0,16,0.0
2023-11-17 11:00:00,334.49,334.54,332.76,332.96,210.0,40,0.0
2023-11-17 12:00:00,332.91,333.45,332.53,332.81,290.0,40,0.0
2023-11-17 13:00:00,333.03,333.43,332.13,332.38,380.0,40,0.0
2023-11-17 14:00:00,332.38,333.33,329.17,333.13,3209.0,16,0.0
2023-11-17 15:00:00,333.08,334.23,332.29,333.36,3307.0,16,0.0
2023-11-17 16:00:00,333.37,333.86,332.22,333.86,2648.0,16,0.0
2023-11-17 17:00:00,333.87,334.26,333.12,333.86,1957.0,16,0.0
2023-11-17 18:00:00,333.86,334.48,333.64,334.27,2052.0,16,0.0
2023-11-17 19:00:00,334.27,335.41,334.12,334.79,2015.0,16,0.0
2023-11-17 20:00:00,334.82,335.35,334.07,334.55,1790.0,16,0.0
2023-11-20 11:00:00,335.85,336.08,335.7,335.96,203.0,40,0.0
2023-11-20 12:00:00,335.96,335.96,334.14,334.51,256.0,40,0.0
2023-11-20 13:00:00,334.55,334.63,334.21,334.41,226.0,40,0.0
2023-11-20 14:00:00,334.39,340.75,333.53,340.23,3170.0,16,0.0
2023-11-20 15:00:00,340.26,341.76,338.11,339.64,3831.0,16,0.0
2023-11-20 16:00:00,339.66,339.79,338.31,338.76,2369.0,16,0.0
2023-11-20 17:00:00,338.75,338.95,337.4,337.41,2129.0,16,0.0
2023-11-20 18:00:00,337.41,339.05,337.14,338.69,2179.0,16,0.0
2023-11-20 19:00:00,338.69,339.98,338.23,339.68,2026.0,16,0.0
2023-11-20 20:00:00,339.67,340.23,339.3,339.7,1554.0,8,0.0
2023-11-21 11:00:00,339.51,339.61,339.01,339.07,166.0,16,0.0
2023-11-21 12:00:00,339.06,339.79,338.9,338.98,313.0,16,0.0
2023-11-21 13:00:00,339.01,339.01,337.85,337.93,295.0,40,0.0
2023-11-21 14:00:00,337.85,339.79,336.96,338.19,2489.0,16,0.0
2023-11-21 15:00:00,338.17,338.73,335.83,336.61,3196.0,16,0.0
2023-11-21 16:00:00,336.61,337.84,335.97,337.73,2147.0,16,0.0
2023-11-21 17:00:00,337.73,339.52,337.58,339.43,1855.0,16,0.0
2023-11-21 18:00:00,339.44,339.48,338.47,339.05,1839.0,16,0.0
2023-11-21 19:00:00,339.02,339.24,338.03,338.55,1874.0,16,0.0
2023-11-21 20:00:00,338.54,339.09,337.56,337.57,1648.0,16,0.0
2023-11-22 11:00:00,338.23,338.4,337.39,337.39,723.0,16,0.0
2023-11-22 12:00:00,337.39,338.32,337.32,337.62,212.0,40,0.0
2023-11-22 13:00:00,337.63,338.53,337.54,338.4,280.0,40,0.0
2023-11-22 14:00:00,338.4,342.69,337.98,340.09,2821.0,16,0.0
2023-11-22 15:00:00,340.12,342.82,339.12,341.21,3811.0,16,0.0
2023-11-22 16:00:00,341.19,341.64,340.55,341.54,2529.0,16,0.0
2023-11-22 17:00:00,341.51,342.01,340.71,341.11,2166.0,16,0.0
2023-11-22 18:00:00,341.14,341.98,340.95,341.83,1708.0,16,0.0
2023-11-22 19:00:00,341.83,342.31,340.21,341.23,2140.0,16,0.0
2023-11-22 20:00:00,341.23,341.46,340.83,341.26,1458.0,16,0.0
2023-11-24 11:00:00,341.54,341.59,341.2,341.23,492.0,16,0.0
2023-11-24 12:00:00,341.23,341.38,341.08,341.17,169.0,16,0.0
2023-11-24 13:00:00,341.14,341.31,340.98,341.23,187.0,16,0.0
2023-11-24 14:00:00,341.25,341.75,338.03,339.87,2355.0,16,0.0
2023-11-24 15:00:00,339.89,339.91,336.7,337.53,2528.0,16,0.0
2023-11-24 16:00:00,337.56,337.94,336.81,337.84,1902.0,16,0.0
2023-11-24 17:00:00,337.83,338.33,337.28,338.1,1669.0,16,0.0
2023-11-27 11:00:00,336.48,336.57,336.38,336.43,72.0,40,0.0
2023-11-27 12:00:00,336.44,337.08,336.44,336.72,195.0,40,0.0
2023-11-27 13:00:00,336.7,337.32,336.11,336.14,401.0,16,0.0
2023-11-27 14:00:00,336.19,339.44,335.36,337.88,2547.0,16,0.0
2023-11-27 15:00:00,337.91,339.73,337.61,338.87,2595.0,16,0.0
2023-11-27 16:00:00,338.88,339.78,338.24,339.51,1938.0,16,0.0
2023-11-27 17:00:00,339.51,339.78,338.86,339.49,1598.0,16,0.0
2023-11-27 18:00:00,339.49,339.63,336.34,337.11,2179.0,16,0.0
2023-11-27 19:00:00,337.14,337.37,334.27,334.81,2400.0,16,0.0
2023-11-27 20:00:00,334.81,335.53,334.56,335.11,1600.0,16,0.0
2023-11-28 11:00:00,334.76,334.77,334.21,334.42,222.0,16,0.0
2023-11-28 12:00:00,334.42,334.42,332.54,332.57,277.0,40,0.0
2023-11-28 13:00:00,332.58,333.43,332.36,333.32,396.0,40,0.0
2023-11-28 14:00:00,333.32,335.31,332.32,334.86,2614.0,16,0.0
2023-11-28 15:00:00,334.83,336.83,334.81,336.04,3009.0,16,0.0
2023-11-28 16:00:00,336.05,336.47,335.25,336.2,2200.0,16,0.0
2023-11-28 17:00:00,336.23,336.58,335.21,335.65,1904.0,16,0.0
2023-11-28 18:00:00,335.65,335.93,334.3,335.78,2353.0,16,0.0
2023-11-28 19:00:00,335.8,337.47,335.73,337.14,2025.0,16,0.0
2023-11-28 20:00:00,337.17,337.78,336.39,337.52,1670.0,16,0.0
2023-11-29 11:00:00,340.29,340.38,339.35,340.01,239.0,40,0.0
2023-11-29 12:00:00,339.8,340.54,339.6,340.16,280.0,40,0.0
2023-11-29 13:00:00,340.17,340.58,339.46,340.15,457.0,40,0.0
2023-11-29 14:00:00,340.18,340.25,336.56,336.66,2665.0,16,0.0
2023-11-29 15:00:00,336.65,337.06,331.74,333.38,4251.0,16,0.0
2023-11-29 16:00:00,333.37,333.95,330.72,332.4,2589.0,16,0.0
2023-11-29 17:00:00,332.4,334.29,331.64,333.91,1951.0,16,0.0
2023-11-29 18:00:00,333.92,334.15,332.96,333.38,1663.0,16,0.0
2023-11-29 19:00:00,333.36,333.79,332.08,333.71,1993.0,16,0.0
2023-11-29 20:00:00,333.71,333.72,332.25,332.56,1818.0,16,0.0
2023-11-30 11:00:00,333.21,333.35,332.8,332.81,229.0,40,0.0
2023-11-30 12:00:00,332.79,333.6,332.56,333.38,183.0,40,0.0
2023-11-30 13:00:00,333.39,333.44,331.97,332.08,447.0,40,0.0
2023-11-30 14:00:00,331.99,333.41,329.27,329.76,2638.0,16,0.0
2023-11-30 15:00:00,329.78,330.18,324.65,325.82,4205.0,16,0.0
2023-11-30 16:00:00,325.79,326.16,322.45,322.61,3132.0,16,0.0
2023-11-30 17:00:00,322.63,324.7,322.53,324.34,2205.0,16,0.0
2023-11-30 18:00:00,324.32,324.46,322.83,323.67,2071.0,16,0.0
2023-11-30 19:00:00,323.65,324.87,323.65,324.36,1956.0,16,0.0
2023-11-30 20:00:00,324.36,324.52,322.34,324.27,1819.0,16,0.0
2023-12-01 11:00:00,327.13,327.36,326.49,326.49,365.0,40,0.0
2023-12-01 12:00:00,326.49,326.58,324.81,324.92,565.0,40,0.0
2023-12-01 13:00:00,324.88,325.66,324.86,325.21,450.0,40,0.0
2023-12-01 14:00:00,325.16,326.62,322.55,322.76,2935.0,16,0.0
2023-12-01 15:00:00,322.83,324.62,320.81,321.28,3220.0,16,0.0
2023-12-01 16:00:00,321.29,324.57,320.72,324.11,3209.0,16,0.0
2023-12-01 17:00:00,324.11,324.13,322.61,323.43,2079.0,16,0.0
2023-12-01 18:00:00,323.43,323.49,321.73,322.89,1957.0,16,0.0
2023-12-01 19:00:00,322.92,325.48,322.92,325.16,2056.0,16,0.0
2023-12-01 20:00:00,325.16,325.17,324.31,324.55,1420.0,16,0.0
2023-12-04 11:00:00,322.72,322.81,321.87,321.96,165.0,40,0.0
2023-12-04 12:00:00,322.03,322.09,321.33,321.8,261.0,40,0.0
2023-12-04 13:00:00,321.8,321.8,318.48,318.48,533.0,40,0.0
2023-12-04 14:00:00,318.48,318.57,313.62,315.83,3773.0,16,0.0
2023-12-04 15:00:00,315.86,318.33,314.86,315.89,3741.0,16,0.0
2023-12-04 16:00:00,315.89,318.09,314.86,317.84,2477.0,16,0.0
2023-12-04 17:00:00,317.85,319.54,317.67,319.45,2107.0,16,0.0
2023-12-04 18:00:00,319.46,319.5,317.34,317.42,2049.0,8,0.0
2023-12-04 19:00:00,317.39,318.39,316.31,317.95,2056.0,8,0.0
2023-12-04 20:00:00,317.94,319.55,317.78,319.27,1789.0,8,0.0
2023-12-05 11:00:00,316.25,317.22,316.25,316.87,220.0,40,0.0
2023-12-05 12:00:00,316.94,317.38,316.56,317.26,396.0,40,0.0
2023-12-05 13:00:00,317.25,318.34,317.25,317.9,358.0,40,0.0
2023-12-05 14:00:00,317.88,320.53,316.01,319.35,3024.0,16,0.0
2023-12-05 15:00:00,319.3,321.8,317.5,320.14,4052.0,16,0.0
2023-12-05 16:00:00,320.15,320.45,315.32,316.2,3174.0,16,0.0
2023-12-05 17:00:00,316.21,317.85,315.85,316.96,2482.0,16,0.0
2023-12-05 18:00:00,316.98,317.04,315.95,316.78,2270.0,16,0.0
2023-12-05 19:00:00,316.78,318.12,316.68,318.01,2262.0,8,0.0
2023-12-05 20:00:00,317.98,318.62,317.73,317.85,1691.0,8,0.0
2023-12-06 11:00:00,320.19,320.2,319.42,319.66,348.0,40,0.0
2023-12-06 12:00:00,319.9,319.97,318.9,319.97,322.0,40,0.0
2023-12-06 13:00:00,319.87,320.41,319.31,320.36,533.0,40,0.0
2023-12-06 14:00:00,320.36,322.1,318.79,319.88,2980.0,16,0.0
2023-12-06 15:00:00,319.84,320.16,317.62,319.55,3358.0,16,0.0
2023-12-06 16:00:00,319.54,320.52,318.3,320.4,2749.0,16,0.0
2023-12-06 17:00:00,320.4,320.83,318.83,318.97,2185.0,16,0.0
2023-12-06 18:00:00,318.98,319.61,318.23,319.35,2114.0,16,0.0
2023-12-06 19:00:00,319.35,319.45,318.44,318.7,1871.0,8,0.0
2023-12-06 20:00:00,318.68,318.78,317.14,318.12,1615.0,8,0.0
2023-12-07 11:00:00,318.01,318.09,316.36,316.7,269.0,16,0.0
2023-12-07 12:00:00,316.72,317.33,316.59,317.24,461.0,16,0.0
2023-12-07 13:00:00,317.24,317.98,316.68,317.83,370.0,16,0.0
2023-12-07 14:00:00,317.92,324.25,316.9,321.52,3202.0,16,0.0
2023-12-07 15:00:00,321.52,324.43,320.92,323.77,3293.0,16,0.0
2023-12-07 16:00:00,323.8,326.79,323.58,326.77,2622.0,16,0.0
2023-12-07 17:00:00,326.8,328.13,325.97,326.87,2145.0,16,0.0
2023-12-07 18:00:00,326.87,327.56,326.32,327.11,1726.0,16,0.0
2023-12-07 19:00:00,327.08,327.71,326.29,326.34,1590.0,16,0.0
2023-12-07 20:00:00,326.35,327.45,326.21,326.61,1273.0,16,0.0
2023-12-08 11:00:00,327.55,327.55,326.26,326.33,253.0,40,0.0
2023-12-08 12:00:00,326.34,326.67,325.55,325.68,612.0,40,0.0
2023-12-08 13:00:00,325.75,325.88,322.85,323.57,857.0,16,0.0
2023-12-08 14:00:00,323.48,327.0,322.14,326.82,2989.0,16,0.0
2023-12-08 15:00:00,327.15,331.8,327.0,330.44,4142.0,16,0.0
2023-12-08 16:00:00,330.45,330.7,328.18,329.14,2557.0,16,0.0
2023-12-08 17:00:00,329.14,330.42,328.6,330.3,2133.0,16,0.0
2023-12-08 18:00:00,330.31,331.76,330.01,331.71,1846.0,16,0.0
2023-12-08 19:00:00,331.72,332.44,331.43,332.3,1756.0,16,0.0
2023-12-08 20:00:00,332.3,332.68,331.96,332.08,1440.0,16,0.0
2023-12-11 11:00:00,331.12,331.7,331.0,331.57,193.0,40,0.0
2023-12-11 12:00:00,331.57,331.87,331.21,331.44,151.0,40,0.0
2023-12-11 13:00:00,331.43,331.52,331.01,331.02,313.0,40,0.0
2023-12-11 14:00:00,331.03,331.46,322.6,324.9,5020.0,16,0.0
2023-12-11 15:00:00,324.9,325.16,320.35,321.38,4153.0,16,0.0
2023-12-11 16:00:00,321.35,321.77,319.94,320.4,2736.0,16,0.0
2023-12-11 17:00:00,320.4,323.2,320.11,323.07,2205.0,16,0.0
2023-12-11 18:00:00,323.05,325.51,322.93,324.91,2291.0,16,0.0
2023-12-11 19:00:00,324.91,325.83,324.21,325.36,1850.0,16,0.0
2023-12-11 20:00:00,325.36,325.36,324.18,324.65,1508.0,16,0.0
2023-12-12 11:00:00,325.08,325.4,324.94,325.36,222.0,16,0.0
2023-12-12 12:00:00,325.36,326.21,325.19,325.91,520.0,16,0.0
2023-12-12 13:00:00,325.91,326.24,323.38,323.99,836.0,16,0.0
2023-12-12 14:00:00,324.04,328.81,323.38,328.81,3184.0,16,0.0
2023-12-12 15:00:00,328.8,331.09,328.5,329.84,2872.0,16,0.0
2023-12-12 16:00:00,329.86,330.41,328.91,329.5,2019.0,16,0.0
2023-12-12 17:00:00,329.49,330.1,328.9,330.03,1805.0,16,0.0
2023-12-12 18:00:00,330.03,331.4,329.83,330.95,1774.0,16,0.0
2023-12-12 19:00:00,330.95,332.19,330.73,332.11,1561.0,16,0.0
2023-12-12 20:00:00,332.11,334.37,332.08,333.46,1940.0,16,0.0
2023-12-13 11:00:00,334.14,334.16,333.83,333.88,150.0,40,0.0
2023-12-13 12:00:00,333.84,333.94,333.22,333.29,358.0,40,0.0
2023-12-13 13:00:00,333.29,333.44,332.47,333.3,591.0,16,0.0
2023-12-13 14:00:00,333.3,338.26,332.82,336.24,2666.0,16,0.0
2023-12-13 15:00:00,336.23,336.84,334.76,335.75,2507.0,16,0.0
2023-12-13 16:00:00,335.75,336.02,333.8,333.92,2019.0,16,0.0
2023-12-13 17:00:00,333.92,334.42,333.31,333.6,1761.0,16,0.0
2023-12-13 18:00:00,333.59,335.08,332.58,334.05,1809.0,16,0.0
2023-12-13 19:00:00,334.04,337.21,333.8,335.92,4369.0,16,0.0
2023-12-13 20:00:00,335.96,336.76,333.89,334.85,3423.0,16,0.0
2023-12-14 11:00:00,336.1,336.1,335.67,336.04,193.0,40,0.0
2023-12-14 12:00:00,336.08,336.37,335.38,335.5,371.0,40,0.0
2023-12-14 13:00:00,335.54,335.75,334.88,335.75,461.0,40,0.0
2023-12-14 14:00:00,335.6,336.84,331.68,332.37,3623.0,16,0.0
2023-12-14 15:00:00,332.38,332.38,328.59,329.9,3627.0,16,0.0
2023-12-14 16:00:00,329.89,332.77,329.89,331.32,2804.0,16,0.0
2023-12-14 17:00:00,331.32,333.95,330.95,331.02,2244.0,16,0.0
2023-12-14 18:00:00,331.02,331.52,329.62,330.81,2364.0,16,0.0
2023-12-14 19:00:00,330.81,333.53,330.77,332.18,1971.0,16,0.0
2023-12-14 20:00:00,332.18,333.39,331.57,332.62,1692.0,16,0.0
2023-12-15 11:00:00,332.9,332.95,332.09,332.18,462.0,16,0.0
2023-12-15 12:00:00,332.19,332.68,332.05,332.16,173.0,16,0.0
2023-12-15 13:00:00,332.16,333.2,332.14,333.09,677.0,16,0.0
2023-12-15 14:00:00,333.09,338.58,330.85,336.29,4072.0,16,0.0
2023-12-15 15:00:00,336.32,337.99,335.39,336.59,3196.0,16,0.0
2023-12-15 16:00:00,336.59,337.68,335.25,335.85,2163.0,16,0.0
2023-12-15 17:00:00,335.86,336.12,334.28,334.47,1909.0,16,0.0
2023-12-15 18:00:00,334.47,335.02,332.93,333.79,1947.0,16,0.0
2023-12-15 19:00:00,333.76,335.93,333.45,335.91,1852.0,16,0.0
2023-12-15 20:00:00,335.91,336.5,335.12,336.14,1354.0,16,0.0
2023-12-18 11:00:00,333.66,333.85,333.2,333.22,196.0,40,0.0
2023-12-18 12:00:00,333.24,334.25,333.24,333.98,196.0,40,0.0
2023-12-18 13:00:00,333.96,334.92,333.96,334.87,197.0,40,0.0
2023-12-18 14:00:00,334.88,342.0,333.96,341.51,3118.0,16,0.0
2023-12-18 15:00:00,341.54,343.33,341.54,342.87,2715.0,16,0.0
2023-12-18 16:00:00,342.87,346.13,342.56,345.78,2242.0,16,0.0
2023-12-18 17:00:00,345.79,347.45,344.71,345.58,2053.0,16,0.0
2023-12-18 18:00:00,345.55,346.76,344.43,345.74,1871.0,16,0.0
2023-12-18 19:00:00,345.74,347.22,345.6,346.04,1509.0,16,0.0
2023-12-18 20:00:00,346.05,346.41,344.81,344.99,1318.0,16,0.0
2023-12-19 11:00:00,343.97,344.29,343.58,344.24,243.0,40,0.0
2023-12-19 12:00:00,344.23,345.66,344.19,345.13,298.0,40,0.0
2023-12-19 13:00:00,345.07,345.79,344.8,345.38,250.0,40,0.0
2023-12-19 14:00:00,345.48,353.47,344.89,352.62,2961.0,16,0.0
2023-12-19 15:00:00,352.64,353.28,349.77,350.64,3162.0,16,0.0
2023-12-19 16:00:00,350.64,351.41,349.94,350.77,1722.0,16,0.0
2023-12-19 17:00:00,350.77,350.82,349.18,349.84,1516.0,16,0.0
2023-12-19 18:00:00,349.85,350.88,349.57,350.84,1372.0,16,0.0
2023-12-19 19:00:00,350.84,351.81,350.48,350.75,1526.0,16,0.0
2023-12-19 20:00:00,350.75,351.08,349.59,350.95,1253.0,16,0.0
2023-12-20 11:00:00,348.41,348.52,347.46,347.66,166.0,40,0.0
2023-12-20 12:00:00,347.66,348.21,346.86,346.92,313.0,40,0.0
2023-12-20 13:00:00,346.95,347.45,346.36,347.13,366.0,40,0.0
2023-12-20 14:00:00,347.2,352.03,346.89,351.83,1997.0,16,0.0
2023-12-20 15:00:00,351.81,354.81,351.46,353.16,2725.0,16,0.0
2023-12-20 16:00:00,353.12,353.78,352.17,352.48,1798.0,16,0.0
2023-12-20 17:00:00,352.51,352.96,351.47,352.82,1702.0,16,0.0
2023-12-20 18:00:00,352.82,353.34,352.39,353.08,1606.0,16,0.0
2023-12-20 19:00:00,353.06,353.17,348.88,349.25,2491.0,16,0.0
2023-12-20 20:00:00,349.28,350.83,348.18,350.33,3576.0,16,0.0
2023-12-21 11:00:00,350.64,350.73,350.37,350.49,158.0,40,0.0
2023-12-21 12:00:00,350.63,351.83,350.63,351.66,269.0,40,0.0
2023-12-21 13:00:00,351.66,352.66,351.15,352.04,553.0,40,0.0
2023-12-21 14:00:00,352.04,356.16,351.34,351.87,2070.0,16,0.0
2023-12-21 15:00:00,351.94,353.38,351.01,351.84,3103.0,16,0.0
2023-12-21 16:00:00,351.85,352.51,350.72,351.04,2121.0,16,0.0
2023-12-21 17:00:00,351.05,351.05,349.14,349.96,2212.0,16,0.0
2023-12-21 18:00:00,349.96,351.88,349.92,351.84,2385.0,16,0.0
2023-12-21 19:00:00,351.82,353.55,351.66,352.38,1944.0,16,0.0
2023-12-21 20:00:00,352.36,353.02,351.31,352.79,1718.0,16,0.0
2023-12-22 11:00:00,353.45,353.68,353.35,353.45,68.0,40,0.0
2023-12-22 12:00:00,353.4,354.01,353.3,353.8,173.0,40,0.0
2023-12-22 13:00:00,353.81,356.24,353.8,356.04,428.0,40,0.0
2023-12-22 14:00:00,356.08,357.07,354.31,355.52,1569.0,16,0.0
2023-12-22 15:00:00,355.56,356.26,353.69,353.73,2111.0,16,0.0
2023-12-22 16:00:00,353.73,353.87,352.45,352.78,1943.0,16,0.0
2023-12-22 17:00:00,352.79,353.56,351.33,353.22,1712.0,16,0.0
2023-12-22 18:00:00,353.25,353.83,352.8,353.34,1186.0,16,0.0
2023-12-22 19:00:00,353.31,353.67,351.14,353.61,2511.0,16,0.0
2023-12-22 20:00:00,353.65,354.15,352.94,353.14,1627.0,16,0.0
2023-12-26 11:00:00,353.83,353.88,353.83,353.84,5.0,40,0.0
2023-12-26 12:00:00,353.88,354.01,353.58,353.87,60.0,40,0.0
2023-12-26 13:00:00,353.89,353.97,353.73,353.78,96.0,40,0.0
2023-12-26 14:00:00,353.78,355.89,353.38,355.81,1417.0,16,0.0
2023-12-26 15:00:00,355.8,356.88,355.05,355.86,1904.0,16,0.0
2023-12-26 16:00:00,355.85,356.06,354.78,355.33,1565.0,16,0.0
2023-12-26 17:00:00,355.3,355.48,354.15,354.46,1399.0,16,0.0
2023-12-26 18:00:00,354.47,354.7,353.42,354.01,1283.0,16,0.0
2023-12-26 19:00:00,354.04,354.93,353.85,354.71,1420.0,16,0.0
2023-12-26 20:00:00,354.74,355.29,354.61,355.13,1223.0,16,0.0
2023-12-27 11:00:00,354.45,354.64,354.37,354.6,94.0,40,0.0
2023-12-27 12:00:00,354.6,354.99,354.52,354.82,65.0,40,0.0
2023-12-27 13:00:00,354.81,355.88,354.81,355.69,173.0,40,0.0
2023-12-27 14:00:00,355.74,358.9,355.15,357.58,2014.0,16,0.0
2023-12-27 15:00:00,357.62,358.25,356.55,357.05,2243.0,16,0.0
2023-12-27 16:00:00,357.07,357.37,356.48,357.12,1619.0,16,0.0
2023-12-27 17:00:00,357.15,357.97,356.98,357.23,1505.0,16,0.0
2023-12-27 18:00:00,357.21,358.77,357.21,357.49,1653.0,16,0.0
2023-12-27 19:00:00,357.49,357.49,355.55,356.39,1995.0,16,0.0
2023-12-27 20:00:00,356.38,357.84,356.32,356.99,1445.0,16,0.0
2023-12-28 11:00:00,359.01,359.24,358.73,359.24,169.0,40,0.0
2023-12-28 12:00:00,359.2,359.5,358.86,359.37,109.0,40,0.0
2023-12-28 13:00:00,359.37,359.45,358.76,358.76,247.0,40,0.0
2023-12-28 14:00:00,358.75,361.1,358.6,359.04,1712.0,16,0.0
2023-12-28 15:00:00,359.04,360.69,358.29,360.28,2219.0,16,0.0
2023-12-28 16:00:00,360.27,360.33,359.2,359.59,2051.0,16,0.0
2023-12-28 17:00:00,359.58,360.71,358.94,360.71,1587.0,16,0.0
2023-12-28 18:00:00,360.7,361.8,360.24,360.94,2168.0,16,0.0
2023-12-28 19:00:00,360.94,361.21,360.0,360.1,1703.0,16,0.0
2023-12-28 20:00:00,360.1,360.23,358.33,358.7,1785.0,16,0.0
2023-12-29 11:00:00,358.79,358.97,358.71,358.97,63.0,16,0.0
2023-12-29 12:00:00,359.02,359.22,358.46,358.58,204.0,16,0.0
2023-12-29 13:00:00,358.58,358.69,357.92,358.16,100.0,40,0.0
2023-12-29 14:00:00,358.21,359.78,355.81,356.82,1732.0,16,0.0
2023-12-29 15:00:00,356.83,358.18,354.18,354.54,2782.0,16,0.0
2023-12-29 16:00:00,354.54,354.73,352.06,353.15,3015.0,16,0.0
2023-12-29 17:00:00,353.15,353.63,351.75,353.39,2261.0,16,0.0
2023-12-29 18:00:00,353.39,354.53,353.29,353.67,1835.0,16,0.0
2023-12-29 19:00:00,353.71,354.45,353.18,354.39,1706.0,16,0.0
2023-12-29 20:00:00,354.4,355.23,353.75,354.71,1780.0,16,0.0
2024-01-02 11:00:00,353.58,353.64,350.06,350.9,441.0,40,0.0
2024-01-02 12:00:00,350.93,351.51,350.08,350.35,333.0,40,0.0
2024-01-02 13:00:00,350.35,350.48,349.5,350.33,476.0,40,0.0
2024-01-02 14:00:00,350.39,352.94,342.46,344.36,3668.0,16,0.0
2024-01-02 15:00:00,344.32,345.46,339.95,340.61,4566.0,16,0.0
2024-01-02 16:00:00,340.59,345.82,340.59,345.61,3389.0,16,0.0
2024-01-02 17:00:00,345.62,346.74,343.47,343.5,2519.0,16,0.0
2024-01-02 18:00:00,343.49,344.42,342.91,343.06,2586.0,16,0.0
2024-01-02 19:00:00,343.09,344.29,342.32,343.06,2363.0,16,0.0
2024-01-02 20:00:00,343.08,344.54,342.22,343.99,1951.0,16,0.0
2024-01-03 11:00:00,344.56,344.61,343.59,344.1,562.0,40,0.0
2024-01-03 12:00:00,344.1,344.19,341.7,342.31,273.0,40,0.0
2024-01-03 13:00:00,342.36,343.49,342.16,342.64,296.0,40,0.0
2024-01-03 14:00:00,342.64,347.83,341.88,345.68,3225.0,16,0.0
2024-01-03 15:00:00,345.67,346.68,343.65,346.36,4007.0,16,0.0
2024-01-03 16:00:00,346.38,346.76,344.26,344.3,2862.0,16,0.0
2024-01-03 17:00:00,344.3,345.24,343.81,344.77,1939.0,16,0.0
2024-01-03 18:00:00,344.78,345.49,344.28,345.48,1957.0,16,0.0
2024-01-03 19:00:00,345.47,347.06,343.78,345.68,3484.0,16,0.0
2024-01-03 20:00:00,345.66,346.07,344.75,344.79,1954.0,16,0.0
2024-01-04 11:00:00,345.15,345.61,344.85,344.93,281.0,40,0.0
2024-01-04 12:00:00,344.93,345.53,344.22,345.39,372.0,40,0.0
2024-01-04 13:00:00,345.34,345.34,343.89,344.21,385.0,40,0.0
2024-01-04 14:00:00,344.18,345.69,343.25,345.14,1772.0,16,0.0
2024-01-04 15:00:00,345.11,345.8,344.03,344.61,2562.0,16,0.0
2024-01-04 16:00:00,344.61,347.2,344.61,346.92,2147.0,16,0.0
2024-01-04 17:00:00,346.89,347.61,346.26,347.46,2049.0,16,0.0
2024-01-04 18:00:00,347.46,348.05,346.52,347.6,1720.0,16,0.0
2024-01-04 19:00:00,347.6,347.75,346.51,346.98,1729.0,16,0.0
2024-01-04 20:00:00,347.0,347.56,346.07,346.82,1584.0,16,0.0
2024-01-05 11:00:00,344.76,344.93,343.68,344.23,232.0,40,0.0
2024-01-05 12:00:00,344.33,344.98,344.25,344.6,264.0,40,0.0
2024-01-05 13:00:00,344.6,346.13,344.14,345.9,953.0,40,0.0
2024-01-05 14:00:00,346.02,351.06,345.93,349.62,2788.0,16,0.0
2024-01-05 15:00:00,349.65,352.86,349.65,352.78,3028.0,16,0.0
2024-01-05 16:00:00,352.81,353.39,351.38,351.66,2245.0,16,0.0
2024-01-05 17:00:00,351.69,352.05,350.66,351.76,2365.0,16,0.0
2024-01-05 18:00:00,351.76,352.19,350.66,351.96,2388.0,16,0.0
2024-01-05 19:00:00,351.96,352.18,350.5,350.8,2291.0,16,0.0
2024-01-05 20:00:00,350.78,351.34,349.52,350.21,2030.0,16,0.0
2024-01-08 11:00:00,350.13,351.4,349.86,351.37,431.0,16,0.0
2024-01-08 12:00:00,351.43,352.47,351.35,352.02,187.0,40,0.0
2024-01-08 13:00:00,352.1,353.24,351.9,352.63,193.0,40,0.0
2024-01-08 14:00:00,352.66,355.99,352.33,354.01,2240.0,16,0.0
2024-01-08 15:00:00,353.98,354.71,352.0,354.12,2944.0,16,0.0
2024-01-08 16:00:00,354.16,354.67,353.49,354.0,2264.0,16,0.0
2024-01-08 17:00:00,354.02,356.46,353.87,356.4,1884.0,16,0.0
2024-01-08 18:00:00,356.4,356.47,355.56,356.15,1739.0,16,0.0
2024-01-08 19:00:00,356.15,357.55,355.65,357.24,1929.0,16,0.0
2024-01-08 20:00:00,357.24,358.4,356.94,358.28,1833.0,16,0.0
2024-01-09 11:00:00,357.53,357.53,356.83,356.95,152.0,40,0.0
2024-01-09 12:00:00,357.02,357.61,357.02,357.47,119.0,40,0.0
2024-01-09 13:00:00,357.51,357.56,356.08,356.21,211.0,40,0.0
2024-01-09 14:00:00,356.19,358.04,355.3,356.2,2331.0,16,0.0
2024-01-09 15:00:00,356.2,359.64,355.67,358.52,2873.0,16,0.0
2024-01-09 16:00:00,358.52,359.64,358.21,359.04,2312.0,16,0.0
2024-01-09 17:00:00,359.05,360.56,358.47,358.9,2185.0,16,0.0
2024-01-09 18:00:00,358.91,359.79,357.89,358.61,2251.0,16,0.0
2024-01-09 19:00:00,358.65,358.76,357.91,358.71,2253.0,16,0.0
2024-01-09 20:00:00,358.74,359.03,357.22,357.32,1956.0,16,0.0
2024-01-10 11:00:00,360.03,360.4,359.28,359.49,239.0,40,0.0
2024-01-10 12:00:00,359.49,360.12,359.07,359.34,214.0,40,0.0
2024-01-10 13:00:00,359.34,359.59,357.59,357.73,253.0,40,0.0
2024-01-10 14:00:00,357.72,367.51,357.65,366.64,2887.0,16,0.0
2024-01-10 15:00:00,366.69,368.22,365.21,367.54,3440.0,16,0.0
2024-01-10 16:00:00,367.53,371.02,367.53,370.6,3246.0,16,0.0
2024-01-10 17:00:00,370.6,372.13,369.93,371.67,2576.0,16,0.0
2024-01-10 18:00:00,371.67,371.93,370.01,370.25,2410.0,16,0.0
2024-01-10 19:00:00,370.25,372.86,370.15,372.11,2249.0,16,0.0
2024-01-10 20:00:00,372.11,372.16,369.71,370.56,2373.0,16,0.0
2024-01-11 11:00:00,372.48,372.63,371.85,372.13,138.0,40,0.0
2024-01-11 12:00:00,372.19,373.16,372.19,372.48,304.0,40,0.0
2024-01-11 13:00:00,372.47,372.47,368.83,369.9,954.0,40,0.0
2024-01-11 14:00:00,369.9,372.49,367.37,371.01,2606.0,16,0.0
2024-01-11 15:00:00,371.01,371.01,365.25,365.33,4230.0,16,0.0
2024-01-11 16:00:00,365.36,365.94,362.87,364.09,3673.0,16,0.0
2024-01-11 17:00:00,364.11,366.58,363.86,366.18,2740.0,16,0.0
2024-01-11 18:00:00,366.15,369.03,366.11,368.94,2580.0,16,0.0
2024-01-11 19:00:00,368.97,371.33,368.13,371.13,2613.0,16,0.0
2024-01-11 20:00:00,371.17,371.2,369.51,370.04,2414.0,16,0.0
2024-01-12 11:00:00,368.04,368.19,366.15,367.38,282.0,40,0.0
2024-01-12 12:00:00,367.37,367.97,367.23,367.85,308.0,40,0.0
2024-01-12 13:00:00,367.82,369.49,367.45,369.43,601.0,40,0.0
2024-01-12 14:00:00,369.43,375.49,369.15,374.01,3070.0,16,0.0
2024-01-12 15:00:00,374.05,375.25,372.51,374.64,3891.0,16,0.0
2024-01-12 16:00:00,374.63,376.94,374.01,374.35,3234.0,16,0.0
2024-01-12 17:00:00,374.39,374.79,373.28,374.35,2596.0,16,0.0
2024-01-12 18:00:00,374.35,374.95,374.02,374.28,2078.0,16,0.0
2024-01-12 19:00:00,374.25,375.45,374.2,374.21,2217.0,16,0.0
2024-01-12 20:00:00,374.21,374.28,373.3,374.06,1930.0,16,0.0
2024-01-16 11:00:00,372.04,372.61,371.94,372.61,135.0,40,0.0
2024-01-16 12:00:00,372.62,373.77,372.62,373.68,217.0,40,0.0
2024-01-16 13:00:00,373.65,374.07,372.95,373.65,486.0,40,0.0
2024-01-16 14:00:00,373.65,375.35,369.82,371.86,2439.0,16,0.0
2024-01-16 15:00:00,371.83,371.83,369.05,369.89,3527.0,16,0.0
2024-01-16 16:00:00,369.91,370.73,368.12,369.43,3660.0,16,0.0
2024-01-16 17:00:00,369.41,369.91,368.51,369.16,2654.0,16,0.0
2024-01-16 18:00:00,369.19,370.13,368.39,368.83,2248.0,16,0.0
2024-01-16 19:00:00,368.85,370.07,368.24,369.8,2046.0,16,0.0
2024-01-16 20:00:00,369.83,370.23,368.45,368.47,1667.0,16,0.0
2024-01-17 11:00:00,365.4,366.48,365.19,366.48,339.0,40,0.0
2024-01-17 12:00:00,366.48,367.18,366.38,366.74,448.0,40,0.0
2024-01-17 13:00:00,366.74,366.93,364.57,364.62,498.0,40,0.0
2024-01-17 14:00:00,364.6,366.69,360.49,360.49,2674.0,16,0.0
2024-01-17 15:00:00,360.6,364.77,358.57,364.32,4273.0,16,0.0
2024-01-17 16:00:00,364.32,366.75,364.29,365.79,2812.0,16,0.0
2024-01-17 17:00:00,365.83,366.54,365.36,366.29,2361.0,16,0.0
2024-01-17 18:00:00,366.26,366.59,364.76,364.98,2423.0,16,0.0
2024-01-17 19:00:00,364.98,367.34,364.64,367.1,2296.0,16,0.0
2024-01-17 20:00:00,367.1,367.17,365.43,366.54,1836.0,16,0.0
2024-01-18 11:00:00,370.32,371.83,370.29,370.99,248.0,40,0.0
2024-01-18 12:00:00,370.97,371.82,370.58,370.63,300.0,40,0.0
2024-01-18 13:00:00,370.69,371.33,369.54,370.35,557.0,40,0.0
2024-01-18 14:00:00,370.45,373.84,369.79,373.08,2770.0,16,0.0
2024-01-18 15:00:00,373.09,376.09,372.07,375.94,3508.0,16,0.0
2024-01-18 16:00:00,375.94,376.77,374.82,376.47,2973.0,16,0.0
2024-01-18 17:00:00,376.49,376.5,373.63,373.71,2679.0,16,0.0
2024-01-18 18:00:00,373.71,374.19,372.14,373.99,2639.0,16,0.0
2024-01-18 19:00:00,374.02,375.84,373.51,375.62,2664.0,16,0.0
2024-01-18 20:00:00,375.65,376.15,375.14,376.07,1964.0,16,0.0
2024-01-19 11:00:00,380.07,380.07,379.42,379.52,83.0,60,0.0
2024-01-19 12:00:00,379.57,379.71,378.58,379.44,175.0,60,0.0
2024-01-19 13:00:00,379.43,379.47,378.8,379.33,327.0,40,0.0
2024-01-19 14:00:00,379.29,382.36,377.83,380.66,3089.0,16,0.0
2024-01-19 15:00:00,380.69,381.83,379.93,381.43,3418.0,16,0.0
2024-01-19 16:00:00,381.43,381.83,380.51,381.61,2660.0,16,0.0
2024-01-19 17:00:00,381.6,382.53,380.57,382.51,2520.0,16,0.0
2024-01-19 18:00:00,382.51,383.9,382.17,382.73,2510.0,16,0.0
2024-01-19 19:00:00,382.76,383.95,382.28,383.58,2732.0,16,0.0
2024-01-19 20:00:00,383.58,384.27,382.18,382.18,2101.0,16,0.0
2024-01-22 11:00:00,386.35,386.6,386.35,386.59,76.0,60,0.0
2024-01-22 12:00:00,386.57,388.26,386.57,388.14,252.0,60,0.0
2024-01-22 13:00:00,388.01,388.06,386.33,387.04,379.0,40,0.0
2024-01-22 14:00:00,387.11,390.25,385.64,387.64,3236.0,16,0.0
2024-01-22 15:00:00,387.67,387.83,383.21,383.79,4607.0,16,0.0
2024-01-22 16:00:00,383.82,385.88,383.63,384.94,2715.0,16,0.0
2024-01-22 17:00:00,384.97,385.35,383.33,383.79,2469.0,16,0.0
2024-01-22 18:00:00,383.78,383.78,382.05,382.96,2699.0,16,0.0
2024-01-22 19:00:00,382.97,383.12,381.09,382.39,2478.0,16,0.0
2024-01-22 20:00:00,382.42,382.66,381.96,382.31,1820.0,16,0.0
2024-01-23 11:00:00,380.84,381.39,380.84,381.34,66.0,40,0.0
2024-01-23 12:00:00,381.35,381.99,381.35,381.89,106.0,40,0.0
2024-01-23 13:00:00,381.91,384.22,381.9,383.36,309.0,40,0.0
2024-01-23 14:00:00,383.32,386.85,382.47,386.53,2434.0,16,0.0
2024-01-23 15:00:00,386.5,388.29,385.43,386.92,3070.0,16,0.0
2024-01-23 16:00:00,386.9,387.47,384.35,386.02,2673.0,16,0.0
2024-01-23 17:00:00,386.02,386.97,384.97,386.84,2120.0,16,0.0
2024-01-23 18:00:00,386.86,386.96,382.8,384.05,2459.0,16,0.0
2024-01-23 19:00:00,384.06,384.17,382.0,383.53,2139.0,16,0.0
2024-01-23 20:00:00,383.57,385.24,383.39,385.22,1733.0,16,0.0
2024-01-24 11:00:00,388.4,388.54,388.23,388.41,79.0,60,0.0
2024-01-24 12:00:00,388.45,388.88,388.09,388.6,148.0,60,0.0
2024-01-24 13:00:00,388.61,389.3,388.27,388.45,255.0,40,0.0
2024-01-24 14:00:00,388.42,392.29,387.63,391.47,2219.0,16,0.0
2024-01-24 15:00:00,391.48,394.24,390.45,392.86,3237.0,16,0.0
2024-01-24 16:00:00,392.87,393.71,391.55,393.5,2884.0,16,0.0
2024-01-24 17:00:00,393.54,396.08,393.12,395.26,2708.0,16,0.0
2024-01-24 18:00:00,395.25,395.27,393.16,393.23,2863.0,16,0.0
2024-01-24 19:00:00,393.23,393.43,391.13,391.96,2995.0,16,0.0
2024-01-24 20:00:00,391.98,392.32,390.88,392.06,2219.0,16,0.0
2024-01-25 11:00:00,392.92,393.25,388.96,390.62,309.0,40,0.0
2024-01-25 12:00:00,390.62,391.28,388.94,389.11,374.0,40,0.0
2024-01-25 13:00:00,389.19,390.57,387.75,390.22,594.0,40,0.0
2024-01-25 14:00:00,390.23,393.38,385.49,392.08,2808.0,16,0.0
2024-01-25 15:00:00,392.09,395.36,392.01,394.63,3792.0,16,0.0
2024-01-25 16:00:00,394.63,394.63,392.53,393.58,2745.0,16,0.0
2024-01-25 17:00:00,393.57,394.18,391.64,392.34,2779.0,16,0.0
2024-01-25 18:00:00,392.35,393.23,391.19,391.74,2983.0,16,0.0
2024-01-25 19:00:00,391.74,393.43,390.35,393.42,2863.0,16,0.0
2024-01-25 20:00:00,393.39,393.55,392.02,393.04,2155.0,16,0.0
2024-01-26 11:00:00,391.7,392.86,391.29,391.93,192.0,40,0.0
2024-01-26 12:00:00,391.86,392.97,391.86,392.54,273.0,40,0.0
2024-01-26 13:00:00,392.54,392.89,391.52,392.17,385.0,40,0.0
2024-01-26 14:00:00,392.05,394.94,390.81,393.31,2145.0,16,0.0
2024-01-26 15:00:00,393.31,395.37,391.53,395.29,2831.0,16,0.0
2024-01-26 16:00:00,395.29,396.39,394.77,395.78,2370.0,16,0.0
2024-01-26 17:00:00,395.78,396.68,394.65,395.06,2619.0,16,0.0
2024-01-26 18:00:00,395.05,396.07,394.81,395.67,2208.0,16,0.0
2024-01-26 19:00:00,395.66,396.53,395.45,396.32,2082.0,16,0.0
2024-01-26 20:00:00,396.32,396.43,394.45,394.72,1544.0,16,0.0
2024-01-29 11:00:00,395.89,396.02,395.16,395.28,105.0,40,0.0
2024-01-29 12:00:00,395.28,395.71,395.01,395.36,133.0,40,0.0
2024-01-29 13:00:00,395.34,395.67,394.06,394.39,228.0,40,0.0
2024-01-29 14:00:00,394.48,399.68,392.94,398.42,2010.0,16,0.0
2024-01-29 15:00:00,398.45,400.21,397.21,397.97,3097.0,16,0.0
2024-01-29 16:00:00,397.94,399.83,397.71,398.98,2313.0,16,0.0
2024-01-29 17:00:00,399.0,400.65,398.86,400.31,2205.0,16,0.0
2024-01-29 18:00:00,400.35,400.4,399.67,399.92,1704.0,16,0.0
2024-01-29 19:00:00,399.93,401.28,399.9,401.0,1737.0,16,0.0
2024-01-29 20:00:00,401.04,402.82,401.02,401.13,2019.0,16,0.0
2024-01-30 11:00:00,402.95,403.24,402.53,402.68,95.0,40,0.0
2024-01-30 12:00:00,402.68,402.79,401.86,402.48,214.0,40,0.0
2024-01-30 13:00:00,402.5,402.7,401.04,401.24,326.0,40,0.0
2024-01-30 14:00:00,401.17,406.24,400.7,406.17,2570.0,16,0.0
2024-01-30 15:00:00,406.14,406.24,404.41,404.76,2888.0,16,0.0
2024-01-30 16:00:00,404.75,405.16,402.36,402.58,2565.0,16,0.0
2024-01-30 17:00:00,402.58,402.64,400.08,400.23,2653.0,16,0.0
2024-01-30 18:00:00,400.23,401.8,399.98,401.62,2119.0,16,0.0
2024-01-30 19:00:00,401.61,402.37,401.18,401.48,2051.0,16,0.0
2024-01-30 20:00:00,401.47,401.85,400.64,400.71,1547.0,16,0.0
2024-01-31 11:00:00,387.89,389.44,387.77,389.44,214.0,60,0.0
2024-01-31 12:00:00,389.44,391.45,389.44,391.35,391.0,60,0.0
2024-01-31 13:00:00,391.22,391.38,389.07,389.23,869.0,40,0.0
2024-01-31 14:00:00,389.2,394.63,386.92,394.15,2914.0,40,0.0
2024-01-31 15:00:00,394.23,396.15,391.8,392.4,2545.0,16,0.0
2024-01-31 16:00:00,392.4,395.62,392.35,395.36,2747.0,16,0.0
2024-01-31 17:00:00,395.31,397.89,394.17,394.58,2699.0,16,0.0
2024-01-31 18:00:00,394.58,396.35,394.3,395.37,2151.0,16,0.0
2024-01-31 19:00:00,395.41,397.32,393.26,394.43,3933.0,16,0.0
2024-01-31 20:00:00,394.52,394.58,391.02,391.13,3370.0,16,0.0
2024-02-01 11:00:00,393.96,394.1,393.01,393.02,158.0,60,0.0
2024-02-01 12:00:00,393.23,394.23,393.23,393.95,331.0,40,0.0
2024-02-01 13:00:00,393.94,394.83,393.05,394.29,556.0,40,0.0
2024-02-01 14:00:00,394.37,400.25,393.49,398.62,2412.0,40,0.0
2024-02-01 15:00:00,398.5,399.71,397.07,397.22,3103.0,16,0.0
2024-02-01 16:00:00,397.17,397.75,395.15,395.33,2639.0,16,0.0
2024-02-01 17:00:00,395.33,396.91,393.01,395.47,2784.0,16,0.0
2024-02-01 18:00:00,395.51,396.14,393.5,393.82,2623.0,16,0.0
2024-02-01 19:00:00,393.84,397.32,393.56,397.24,2664.0,16,0.0
2024-02-01 20:00:00,397.25,397.43,395.75,395.96,2394.0,16,0.0
2024-02-02 11:00:00,461.17,462.9,460.53,461.8,689.0,60,0.0
2024-02-02 12:00:00,461.91,465.3,460.13,461.97,1818.0,40,0.0
2024-02-02 13:00:00,461.98,463.03,459.45,460.54,3423.0,40,0.0
2024-02-02 14:00:00,460.57,476.96,452.88,474.05,11165.0,40,0.0
2024-02-02 15:00:00,474.15,479.17,471.94,477.94,5892.0,40,0.0
2024-02-02 16:00:00,477.97,479.58,473.98,477.62,3365.0,40,0.0
2024-02-02 17:00:00,477.65,485.68,477.65,480.55,3914.0,40,0.0
2024-02-02 18:00:00,480.56,481.2,475.37,478.18,2925.0,40,0.0
2024-02-02 19:00:00,478.18,480.63,474.8,475.77,2829.0,40,0.0
2024-02-02 20:00:00,475.8,477.65,472.51,474.96,2692.0,40,0.0
2024-02-05 11:00:00,471.68,472.48,471.62,472.34,265.0,40,0.0
2024-02-05 12:00:00,472.45,475.4,472.03,473.49,715.0,40,0.0
2024-02-05 13:00:00,473.46,473.47,470.93,471.99,851.0,40,0.0
2024-02-05 14:00:00,472.0,472.88,461.11,463.08,4450.0,40,0.0
2024-02-05 15:00:00,463.07,464.6,459.77,462.42,3594.0,40,0.0
2024-02-05 16:00:00,462.35,462.77,459.8,461.99,2441.0,40,0.0
2024-02-05 17:00:00,462.04,463.85,461.82,462.21,2494.0,16,0.0
2024-02-05 18:00:00,462.2,462.79,460.07,461.68,2555.0,16,0.0
2024-02-05 19:00:00,461.71,468.54,461.33,467.78,3032.0,16,0.0
2024-02-05 20:00:00,467.79,468.33,462.8,462.96,2228.0,16,0.0
2024-02-06 11:00:00,463.88,464.07,460.33,460.65,414.0,40,0.0
2024-02-06 12:00:00,460.52,461.18,459.94,461.18,430.0,40,0.0
2024-02-06 13:00:00,461.16,465.15,461.16,464.87,825.0,40,0.0
2024-02-06 14:00:00,464.77,466.74,457.61,457.9,2839.0,40,0.0
2024-02-06 15:00:00,457.82,457.82,453.79,454.88,2883.0,40,0.0
2024-02-06 16:00:00,454.93,459.12,454.27,456.92,2266.0,16,0.0
2024-02-06 17:00:00,456.93,458.21,456.05,457.53,1867.0,40,0.0
2024-02-06 18:00:00,457.53,458.1,455.49,457.39,1770.0,16,0.0
2024-02-06 19:00:00,457.39,457.6,456.0,456.59,1873.0,16,0.0
2024-02-06 20:00:00,456.64,456.95,454.31,455.35,1769.0,16,0.0
2024-02-07 11:00:00,454.01,455.27,454.01,455.27,173.0,40,0.0
2024-02-07 12:00:00,455.26,455.88,453.82,455.8,332.0,40,0.0
2024-02-07 13:00:00,455.79,456.53,455.59,456.2,381.0,40,0.0
2024-02-07 14:00:00,456.15,469.64,455.8,469.0,2847.0,40,0.0
2024-02-07 15:00:00,468.92,470.55,466.03,466.67,2781.0,40,0.0
2024-02-07 16:00:00,466.67,469.97,465.89,469.53,2062.0,16,0.0
2024-02-07 17:00:00,469.47,471.17,466.81,467.63,1862.0,16,0.0
2024-02-07 18:00:00,467.61,469.35,466.38,467.71,1807.0,16,0.0
2024-02-07 19:00:00,467.71,468.22,466.75,467.08,1856.0,16,0.0
2024-02-07 20:00:00,467.07,470.05,466.87,467.8,1908.0,16,0.0
2024-02-08 11:00:00,469.15,469.24,467.11,467.39,303.0,40,0.0
2024-02-08 12:00:00,467.39,467.87,467.34,467.37,224.0,40,0.0
2024-02-08 13:00:00,467.37,467.63,466.35,467.27,318.0,40,0.0
2024-02-08 14:00:00,467.25,468.95,464.78,467.17,2214.0,40,0.0
2024-02-08 15:00:00,467.12,469.13,465.97,468.91,2092.0,16,0.0
2024-02-08 16:00:00,468.97,470.23,468.57,469.84,1700.0,16,0.0
2024-02-08 17:00:00,469.8,469.91,466.67,467.29,1734.0,16,0.0
2024-02-08 18:00:00,467.33,467.93,464.84,467.09,1867.0,16,0.0
2024-02-08 19:00:00,467.08,468.98,465.34,468.61,1737.0,16,0.0
2024-02-08 20:00:00,468.61,470.14,468.37,469.73,1514.0,16,0.0
2024-02-09 11:00:00,473.34,473.92,472.82,473.43,187.0,60,0.0
2024-02-09 12:00:00,473.41,473.41,472.33,472.56,230.0,40,0.0
2024-02-09 13:00:00,472.59,473.51,472.21,473.43,503.0,40,0.0
2024-02-09 14:00:00,473.49,473.71,468.2,469.11,2351.0,40,0.0
2024-02-09 15:00:00,469.1,472.92,467.77,471.47,2334.0,40,0.0
2024-02-09 16:00:00,471.47,471.49,468.91,469.49,1716.0,16,0.0
2024-02-09 17:00:00,469.48,470.57,468.4,468.5,1759.0,16,0.0
2024-02-09 18:00:00,468.51,469.28,467.08,468.72,2144.0,16,0.0
2024-02-09 19:00:00,468.71,470.72,468.44,470.06,1633.0,16,0.0
2024-02-09 20:00:00,470.05,470.12,467.9,468.12,1583.0,16,0.0
2024-02-12 11:00:00,468.2,468.2,467.54,467.96,179.0,40,0.0
2024-02-12 12:00:00,467.98,468.27,467.76,468.07,149.0,40,0.0
2024-02-12 13:00:00,468.09,468.12,466.72,466.85,234.0,40,0.0
2024-02-12 14:00:00,466.82,476.05,466.6,476.05,2151.0,40,0.0
2024-02-12 15:00:00,476.12,477.74,473.13,476.22,2446.0,40,0.0
2024-02-12 16:00:00,476.25,478.66,474.95,477.72,1782.0,16,0.0
2024-02-12 17:00:00,477.71,478.23,475.52,476.1,1507.0,16,0.0
2024-02-12 18:00:00,476.1,476.2,469.9,469.9,1834.0,16,0.0
2024-02-12 19:00:00,469.89,470.28,466.15,468.95,2281.0,40,0.0
2024-02-12 20:00:00,468.95,470.92,468.57,468.83,1456.0,16,0.0
2024-02-13 11:00:00,465.62,465.62,464.84,464.86,89.0,60,0.0
2024-02-13 12:00:00,464.94,465.62,464.35,465.27,296.0,40,0.0
2024-02-13 13:00:00,465.32,467.06,458.76,460.12,1312.0,40,0.0
2024-02-13 14:00:00,460.12,463.24,454.6,461.93,3674.0,40,0.0
2024-02-13 15:00:00,461.9,467.28,459.86,464.02,2980.0,40,0.0
2024-02-13 16:00:00,464.04,466.96,464.03,464.26,1820.0,40,0.0
2024-02-13 17:00:00,464.26,465.73,463.36,464.17,1546.0,40,0.0
2024-02-13 18:00:00,464.17,465.64,463.97,464.2,1528.0,40,0.0
2024-02-13 19:00:00,464.19,464.19,460.85,461.1,1848.0,40,0.0
2024-02-13 20:00:00,461.1,461.39,458.43,459.42,2134.0,16,0.0
2024-02-14 11:00:00,464.41,464.98,463.62,464.39,334.0,60,0.0
2024-02-14 12:00:00,464.28,465.17,463.9,464.03,349.0,40,0.0
2024-02-14 13:00:00,464.09,464.99,463.86,464.28,467.0,40,0.0
2024-02-14 14:00:00,464.27,469.47,463.84,468.59,2531.0,40,0.0
2024-02-14 15:00:00,468.67,471.37,467.04,467.06,2218.0,40,0.0
2024-02-14 16:00:00,466.99,468.26,465.72,467.31,1704.0,40,0.0
2024-02-14 17:00:00,467.4,469.99,465.82,469.66,1517.0,40,0.0
2024-02-14 18:00:00,469.65,470.57,468.65,470.03,1431.0,16,0.0
2024-02-14 19:00:00,470.03,471.07,468.51,470.88,1666.0,16,0.0
2024-02-14 20:00:00,470.91,472.62,469.68,472.58,1774.0,16,0.0
2024-02-15 11:00:00,476.09,476.66,474.98,475.31,160.0,60,0.0
2024-02-15 12:00:00,475.18,475.37,473.95,474.24,255.0,40,0.0
2024-02-15 13:00:00,474.15,475.03,473.7,474.26,407.0,40,0.0
2024-02-15 14:00:00,474.26,478.12,471.84,474.23,2420.0,40,0.0
2024-02-15 15:00:00,474.21,481.58,474.21,481.02,2838.0,40,0.0
2024-02-15 16:00:00,480.98,487.68,479.06,487.05,2733.0,40,0.0
2024-02-15 17:00:00,487.08,488.09,485.12,485.89,1911.0,40,0.0
2024-02-15 18:00:00,485.89,488.05,485.85,486.42,1990.0,40,0.0
2024-02-15 19:00:00,486.44,487.13,484.86,486.68,1608.0,40,0.0
2024-02-15 20:00:00,486.68,487.05,484.04,484.49,1432.0,16,0.0
2024-02-16 11:00:00,483.38,483.44,482.83,483.17,152.0,40,0.0
2024-02-16 12:00:00,483.23,484.26,482.14,482.18,385.0,40,0.0
2024-02-16 13:00:00,482.27,482.98,479.25,480.41,970.0,40,0.0
2024-02-16 14:00:00,480.41,480.42,471.58,473.68,3545.0,40,0.0
2024-02-16 15:00:00,473.41,473.86,468.75,473.49,3239.0,40,0.0
2024-02-16 16:00:00,473.51,475.23,472.77,473.21,1986.0,40,0.0
2024-02-16 17:00:00,473.18,474.27,471.13,471.55,1645.0,40,0.0
2024-02-16 18:00:00,471.53,474.62,470.25,474.39,1806.0,16,0.0
2024-02-16 19:00:00,474.45,476.69,472.93,473.61,1855.0,16,0.0
2024-02-16 20:00:00,473.61,473.75,471.62,472.86,1644.0,16,0.0
2024-02-20 11:00:00,467.24,468.33,466.47,468.31,266.0,60,0.0
2024-02-20 12:00:00,468.39,470.11,468.39,468.64,481.0,40,0.0
2024-02-20 13:00:00,468.68,468.92,467.44,467.94,669.0,40,0.0
2024-02-20 14:00:00,467.93,475.44,466.01,471.48,2714.0,40,0.0
2024-02-20 15:00:00,471.46,472.53,465.97,470.6,3137.0,40,0.0
2024-02-20 16:00:00,470.6,472.39,468.38,468.48,2054.0,40,0.0
2024-02-20 17:00:00,468.39,468.87,466.26,467.5,1798.0,40,0.0
2024-02-20 18:00:00,467.47,468.4,466.45,468.18,1575.0,40,0.0
2024-02-20 19:00:00,468.22,469.6,467.64,469.5,1591.0,40,0.0
2024-02-20 20:00:00,469.53,470.18,467.85,469.65,1574.0,16,0.0
2024-02-21 11:00:00,469.89,470.05,469.2,469.53,126.0,40,0.0
2024-02-21 12:00:00,469.53,469.54,468.24,468.52,269.0,40,0.0
2024-02-21 13:00:00,468.53,468.72,467.87,468.11,384.0,40,0.0
2024-02-21 14:00:00,468.2,468.73,461.61,464.62,2968.0,40,0.0
2024-02-21 15:00:00,464.62,466.8,463.41,466.4,2119.0,40,0.0
2024-02-21 16:00:00,466.46,468.76,466.46,468.32,1643.0,40,0.0
2024-02-21 17:00:00,468.32,468.39,465.49,467.85,1458.0,40,0.0
2024-02-21 18:00:00,467.85,467.85,466.35,466.86,1312.0,40,0.0
2024-02-21 19:00:00,466.85,468.16,463.24,464.17,1762.0,40,0.0
2024-02-21 20:00:00,464.19,467.25,463.56,467.1,1312.0,40,0.0
2024-02-22 11:00:00,479.03,479.57,478.77,479.57,149.0,60,0.0
2024-02-22 12:00:00,479.48,480.42,478.16,478.56,455.0,60,0.0
2024-02-22 13:00:00,478.5,479.76,478.08,478.89,621.0,40,0.0
2024-02-22 14:00:00,478.89,482.91,475.95,482.67,3059.0,40,0.0
2024-02-22 15:00:00,482.67,486.72,481.4,482.79,2615.0,40,0.0
2024-02-22 16:00:00,482.76,487.71,482.69,486.58,1964.0,40,0.0
2024-02-22 17:00:00,486.58,488.32,485.93,488.23,1533.0,40,0.0
2024-02-22 18:00:00,488.2,488.78,487.24,488.46,1399.0,40,0.0
2024-02-22 19:00:00,488.46,489.77,488.0,488.44,1505.0,16,0.0
2024-02-22 20:00:00,488.44,489.41,487.42,488.68,1381.0,16,0.0
2024-02-23 11:00:00,487.45,487.54,486.12,486.41,180.0,40,0.0
2024-02-23 12:00:00,486.38,486.76,485.03,486.64,345.0,40,0.0
2024-02-23 13:00:00,486.64,489.6,486.62,489.5,332.0,40,0.0
2024-02-23 14:00:00,489.54,494.09,487.67,491.87,3071.0,40,0.0
2024-02-23 15:00:00,491.85,493.55,486.06,486.53,2880.0,40,0.0
2024-02-23 16:00:00,486.6,487.17,482.7,487.14,1958.0,40,0.0
2024-02-23 17:00:00,487.21,488.37,486.08,488.06,1416.0,40,0.0
2024-02-23 18:00:00,488.06,488.4,486.36,486.64,1152.0,40,0.0
2024-02-23 19:00:00,486.64,486.88,482.2,482.8,1916.0,40,0.0
2024-02-23 20:00:00,482.81,484.44,482.32,484.27,1291.0,40,0.0
2024-02-26 11:00:00,484.06,484.16,483.36,483.49,118.0,40,0.0
2024-02-26 12:00:00,483.48,483.55,481.86,483.22,259.0,40,0.0
2024-02-26 13:00:00,483.29,484.7,482.28,482.83,430.0,40,0.0
2024-02-26 14:00:00,482.85,485.96,481.29,481.7,2290.0,40,0.0
2024-02-26 15:00:00,481.58,483.59,480.46,481.94,2180.0,40,0.0
2024-02-26 16:00:00,481.91,484.44,481.29,484.03,1670.0,40,0.0
2024-02-26 17:00:00,484.03,485.56,483.17,483.98,1422.0,40,0.0
2024-02-26 18:00:00,483.95,484.55,482.79,484.55,1329.0,40,0.0
2024-02-26 19:00:00,484.54,485.36,483.8,483.99,1279.0,40,0.0
2024-02-26 20:00:00,484.08,484.5,482.24,482.67,1209.0,40,0.0
2024-02-27 11:00:00,480.4,480.53,480.08,480.19,92.0,40,0.0
2024-02-27 12:00:00,480.18,481.79,480.11,481.79,188.0,40,0.0
2024-02-27 13:00:00,481.92,482.01,479.97,481.41,355.0,40,0.0
2024-02-27 14:00:00,481.4,486.47,479.6,483.14,2053.0,40,0.0
2024-02-27 15:00:00,483.13,485.57,483.13,484.79,2072.0,40,0.0
2024-02-27 16:00:00,484.78,484.92,483.09,483.49,1325.0,40,0.0
2024-02-27 17:00:00,483.49,483.53,481.26,481.54,1361.0,40,0.0
2024-02-27 18:00:00,481.53,483.75,481.06,483.25,1171.0,40,0.0
2024-02-27 19:00:00,483.25,486.86,483.25,486.23,1252.0,40,0.0
2024-02-27 20:00:00,486.28,486.73,485.67,486.46,1046.0,16,0.0
2024-02-28 11:00:00,483.2,483.9,483.03,483.88,184.0,40,0.0
2024-02-28 12:00:00,483.92,484.63,483.73,483.8,1276.0,40,0.0
2024-02-28 13:00:00,483.69,484.1,482.97,483.52,222.0,40,0.0
2024-02-28 14:00:00,483.52,490.72,482.72,488.04,2386.0,40,0.0
2024-02-28 15:00:00,488.03,488.43,484.13,484.55,2096.0,40,0.0
2024-02-28 16:00:00,484.57,486.99,483.53,486.5,1453.0,40,0.0
2024-02-28 17:00:00,486.5,487.72,485.52,487.18,1244.0,40,0.0
2024-02-28 18:00:00,487.15,487.54,485.9,487.02,1101.0,40,0.0
2024-02-28 19:00:00,487.05,487.12,483.22,484.67,1186.0,40,0.0
2024-02-28 20:00:00,484.71,485.25,483.63,483.77,954.0,40,0.0
2024-02-29 11:00:00,484.23,485.32,484.12,484.73,231.0,60,0.0
2024-02-29 12:00:00,484.73,484.73,483.01,483.01,222.0,60,0.0
2024-02-29 13:00:00,483.03,488.44,482.25,487.37,821.0,60,0.0
2024-02-29 14:00:00,487.39,489.91,486.02,489.47,1976.0,40,0.0
2024-02-29 15:00:00,489.44,491.41,488.15,488.55,2103.0,40,0.0
2024-02-29 16:00:00,488.55,488.6,482.46,486.18,1975.0,40,0.0
2024-02-29 17:00:00,486.18,487.46,485.01,487.29,1418.0,40,0.0
2024-02-29 18:00:00,487.36,489.04,487.24,487.9,1246.0,40,0.0
2024-02-29 19:00:00,487.97,489.34,487.64,489.26,1372.0,16,0.0
2024-02-29 20:00:00,489.27,489.73,488.76,488.9,1352.0,16,0.0
2024-03-01 11:00:00,490.15,492.25,489.97,491.63,220.0,60,0.0
2024-03-01 12:00:00,491.79,491.79,490.46,490.53,324.0,60,0.0
2024-03-01 13:00:00,490.53,490.67,488.04,489.2,427.0,60,0.0
2024-03-01 14:00:00,489.31,500.46,488.84,499.28,2557.0,40,0.0
2024-03-01 15:00:00,499.38,501.6,497.15,497.53,2564.0,40,0.0
2024-03-01 16:00:00,497.57,500.45,497.38,499.23,1707.0,40,0.0
2024-03-01 17:00:00,499.23,501.1,498.84,500.87,1379.0,40,0.0
2024-03-01 18:00:00,500.88,503.65,500.67,503.35,1639.0,40,0.0
2024-03-01 19:00:00,503.3,504.02,500.95,503.42,1551.0,40,0.0
2024-03-01 20:00:00,503.42,503.42,500.93,502.68,1363.0,40,0.0
2024-03-04 11:00:00,501.56,501.65,500.94,501.47,114.0,60,0.0
2024-03-04 12:00:00,501.47,504.5,501.47,504.43,323.0,60,0.0
2024-03-04 13:00:00,504.35,504.69,503.27,503.35,289.0,60,0.0
2024-03-04 14:00:00,503.37,503.66,496.18,500.08,2618.0,40,0.0
2024-03-04 15:00:00,500.06,501.1,496.97,500.55,2450.0,40,0.0
2024-03-04 16:00:00,500.56,504.18,499.09,503.57,1761.0,40,0.0
2024-03-04 17:00:00,503.56,503.56,501.33,502.46,1517.0,40,0.0
2024-03-04 18:00:00,502.46,502.7,499.66,500.06,1286.0,40,0.0
2024-03-04 19:00:00,500.07,501.71,499.7,501.25,1310.0,40,0.0
2024-03-04 20:00:00,501.25,501.66,498.25,499.48,1196.0,40,0.0
2024-03-05 11:00:00,494.8,495.81,494.79,495.18,231.0,60,0.0
2024-03-05 12:00:00,495.17,496.29,493.84,494.23,282.0,60,0.0
2024-03-05 13:00:00,494.34,495.25,494.0,494.12,267.0,60,0.0
2024-03-05 14:00:00,494.05,495.44,491.98,493.72,1867.0,40,0.0
2024-03-05 15:00:00,493.79,494.81,487.97,489.41,2520.0,40,0.0
2024-03-05 16:00:00,489.41,491.46,487.95,491.13,1944.0,40,0.0
2024-03-05 17:00:00,491.12,494.1,490.81,492.72,1717.0,40,0.0
2024-03-05 18:00:00,492.73,492.8,488.64,488.76,1365.0,40,0.0
2024-03-05 19:00:00,488.76,490.46,488.22,489.64,1550.0,40,0.0
2024-03-05 20:00:00,489.64,490.32,487.86,488.56,1298.0,40,0.0
2024-03-06 11:00:00,493.28,493.49,491.84,492.93,319.0,60,0.0
2024-03-06 12:00:00,493.01,497.05,492.81,495.71,406.0,60,0.0
2024-03-06 13:00:00,495.7,496.45,495.5,496.23,439.0,60,0.0
2024-03-06 14:00:00,496.23,502.69,495.42,499.24,2256.0,40,0.0
2024-03-06 15:00:00,499.08,499.08,494.19,498.18,2409.0,40,0.0
2024-03-06 16:00:00,498.18,499.41,496.42,497.23,1642.0,40,0.0
2024-03-06 17:00:00,497.25,499.54,497.06,497.51,1269.0,40,0.0
2024-03-06 18:00:00,497.52,498.07,494.51,496.39,1699.0,40,0.0
2024-03-06 19:00:00,496.33,498.17,494.87,497.38,1998.0,40,0.0
2024-03-06 20:00:00,497.33,497.73,494.99,496.59,1433.0,40,0.0
2024-03-07 11:00:00,497.21,499.51,496.51,499.27,167.0,60,0.0
2024-03-07 12:00:00,499.27,500.67,498.8,498.95,227.0,60,0.0
2024-03-07 13:00:00,499.02,500.28,498.42,499.89,385.0,60,0.0
2024-03-07 14:00:00,499.77,508.58,499.46,506.53,2319.0,40,0.0
2024-03-07 15:00:00,506.46,509.66,505.6,507.07,2409.0,40,0.0
2024-03-07 16:00:00,507.07,514.25,506.58,513.92,2253.0,40,0.0
2024-03-07 17:00:00,513.92,519.58,513.37,513.57,2698.0,40,0.0
2024-03-07 18:00:00,513.55,514.51,511.87,512.7,2031.0,40,0.0
2024-03-07 19:00:00,512.7,513.34,510.01,510.26,1613.0,40,0.0
2024-03-07 20:00:00,510.27,512.59,508.56,512.45,1397.0,40,0.0
2024-03-08 11:00:00,513.49,513.72,512.96,513.13,298.0,60,0.0
2024-03-08 12:00:00,513.16,513.6,511.04,511.44,408.0,60,0.0
2024-03-08 13:00:00,511.56,517.57,511.41,516.27,924.0,60,0.0
2024-03-08 14:00:00,516.19,519.45,512.41,519.26,2538.0,40,0.0
2024-03-08 15:00:00,519.27,523.32,516.88,518.47,3089.0,16,0.0
2024-03-08 16:00:00,518.47,518.47,507.62,508.93,3504.0,40,0.0
2024-03-08 17:00:00,508.92,509.67,503.51,503.59,2471.0,40,0.0
2024-03-08 18:00:00,503.6,504.3,499.22,501.11,2461.0,40,0.0
2024-03-08 19:00:00,501.02,508.03,500.82,506.74,2127.0,40,0.0
2024-03-08 20:00:00,506.75,507.09,503.52,504.62,1715.0,40,0.0
2024-03-11 10:00:00,503.65,503.69,503.45,503.45,27.0,40,0.0
2024-03-11 11:00:00,503.34,503.61,497.13,499.49,525.0,60,0.0
2024-03-11 12:00:00,499.53,500.17,497.11,497.37,489.0,60,0.0
2024-03-11 13:00:00,497.23,498.05,478.63,480.73,4021.0,40,0.0
2024-03-11 14:00:00,480.78,488.61,475.88,487.05,4917.0,40,0.0
2024-03-11 15:00:00,486.96,489.15,483.35,488.28,2694.0,40,0.0
2024-03-11 16:00:00,488.24,488.24,484.72,486.65,1660.0,40,0.0
2024-03-11 17:00:00,486.65,487.01,483.39,485.75,1655.0,40,0.0
2024-03-11 18:00:00,485.76,487.47,484.98,485.92,1676.0,40,0.0
2024-03-11 19:00:00,485.92,486.15,482.93,484.04,1338.0,40,0.0
2024-03-12 10:00:00,486.43,487.77,486.28,487.76,185.0,60,0.0
2024-03-12 11:00:00,487.85,488.42,486.79,487.63,350.0,60,0.0
2024-03-12 12:00:00,487.48,494.51,485.09,490.64,1290.0,60,0.0
2024-03-12 13:00:00,490.65,494.29,484.49,494.13,3180.0,40,0.0
2024-03-12 14:00:00,494.2,502.09,491.99,497.23,3132.0,40,0.0
2024-03-12 15:00:00,497.3,501.44,496.2,496.26,2281.0,40,0.0
2024-03-12 16:00:00,496.26,497.14,492.63,493.85,2071.0,40,0.0
2024-03-12 17:00:00,493.87,495.36,492.4,494.41,1514.0,40,0.0
2024-03-12 18:00:00,494.42,499.42,493.38,499.42,1518.0,40,0.0
2024-03-12 19:00:00,499.41,499.5,496.88,499.29,1309.0,40,0.0
2024-03-13 10:00:00,498.78,499.28,498.42,499.26,203.0,60,0.0
2024-03-13 11:00:00,499.3,503.12,499.3,501.84,477.0,60,0.0
2024-03-13 12:00:00,501.74,501.74,498.0,498.23,560.0,60,0.0
2024-03-13 13:00:00,498.2,498.53,490.92,492.68,2511.0,40,0.0
2024-03-13 14:00:00,492.67,500.65,491.76,494.27,2850.0,40,0.0
2024-03-13 15:00:00,494.21,496.35,492.44,496.17,1723.0,40,0.0
2024-03-13 16:00:00,496.13,497.21,494.98,496.68,1116.0,40,0.0
2024-03-13 17:00:00,496.68,498.02,495.75,496.9,1153.0,40,0.0
2024-03-13 18:00:00,496.91,498.0,496.47,496.49,1024.0,40,0.0
2024-03-13 19:00:00,496.49,497.32,494.12,495.55,955.0,40,0.0
2024-03-14 10:00:00,498.12,498.55,497.75,498.0,191.0,60,0.0
2024-03-14 11:00:00,498.06,498.4,497.04,497.24,388.0,60,0.0
2024-03-14 12:00:00,497.24,497.73,494.81,495.74,730.0,60,0.0
2024-03-14 13:00:00,495.93,501.06,493.13,495.05,2671.0,40,0.0
2024-03-14 14:00:00,494.95,498.99,493.32,496.04,2455.0,40,0.0
2024-03-14 15:00:00,496.15,498.2,495.31,497.43,1587.0,40,0.0
2024-03-14 16:00:00,497.43,497.98,493.49,496.39,1666.0,40,0.0
2024-03-14 17:00:00,496.42,496.49,493.72,495.3,1291.0,40,0.0
2024-03-14 18:00:00,495.36,496.68,491.85,491.85,1612.0,40,0.0
2024-03-14 19:00:00,491.85,491.85,488.0,490.47,1533.0,40,0.0
2024-03-15 10:00:00,491.5,491.63,491.15,491.47,328.0,60,0.0
2024-03-15 11:00:00,491.47,493.39,491.39,493.05,249.0,60,0.0
2024-03-15 12:00:00,493.04,493.16,491.27,492.05,396.0,60,0.0
2024-03-15 13:00:00,492.06,492.51,483.92,487.07,3368.0,40,0.0
2024-03-15 14:00:00,487.1,488.83,484.25,487.32,2278.0,40,0.0
2024-03-15 15:00:00,487.33,487.49,483.8,484.84,1630.0,40,0.0
2024-03-15 16:00:00,484.83,485.46,482.13,482.7,1694.0,40,0.0
2024-03-15 17:00:00,482.69,484.72,482.67,483.78,1370.0,40,0.0
2024-03-15 18:00:00,483.81,484.55,483.11,483.12,1424.0,40,0.0
2024-03-15 19:00:00,483.16,484.01,481.18,483.2,1271.0,40,0.0
2024-03-18 11:00:00,488.58,501.44,488.58,490.37,373.0,60,0.0
2024-03-18 12:00:00,490.35,490.55,489.45,490.19,324.0,60,0.0
2024-03-18 13:00:00,490.19,491.95,486.69,486.78,2193.0,40,0.0
2024-03-18 14:00:00,486.9,492.97,486.9,492.95,1928.0,40,0.0
2024-03-18 15:00:00,492.97,493.38,490.53,491.92,1532.0,40,0.0
2024-03-18 16:00:00,491.91,494.08,491.43,491.87,1324.0,40,0.0
2024-03-18 17:00:00,491.89,494.26,491.58,493.26,1154.0,40,0.0
2024-03-18 18:00:00,493.26,494.68,492.97,494.05,1211.0,40,0.0
2024-03-18 19:00:00,494.06,495.75,492.9,495.61,970.0,40,0.0
2024-03-19 10:00:00,493.74,496.26,493.49,495.41,348.0,60,0.0
2024-03-19 11:00:00,495.24,495.37,491.83,492.98,352.0,60,0.0
2024-03-19 12:00:00,492.98,493.41,490.1,491.55,491.0,60,0.0
2024-03-19 13:00:00,491.54,491.54,481.22,485.64,2691.0,40,0.0
2024-03-19 14:00:00,485.64,489.24,485.31,487.43,1853.0,40,0.0
2024-03-19 15:00:00,487.43,490.71,487.43,490.69,1085.0,40,0.0
2024-03-19 16:00:00,490.69,494.56,490.32,493.76,1152.0,40,0.0
2024-03-19 17:00:00,493.76,494.99,493.06,494.38,1123.0,40,0.0
2024-03-19 18:00:00,494.36,494.48,492.99,493.38,998.0,40,0.0
2024-03-19 19:00:00,493.37,494.35,492.55,493.67,878.0,40,0.0
2024-03-20 10:00:00,495.11,496.62,494.5,495.27,373.0,60,0.0
2024-03-20 11:00:00,495.27,497.63,494.94,497.31,311.0,60,0.0
2024-03-20 12:00:00,497.31,499.35,496.92,498.22,496.0,60,0.0
2024-03-20 13:00:00,498.22,499.46,495.1,495.83,1493.0,40,0.0
2024-03-20 14:00:00,495.81,500.99,495.62,497.37,1777.0,40,0.0
2024-03-20 15:00:00,497.38,498.87,496.43,497.53,1039.0,40,0.0
2024-03-20 16:00:00,497.53,498.87,495.99,498.87,880.0,40,0.0
2024-03-20 17:00:00,498.94,499.34,497.09,497.74,1020.0,40,0.0
2024-03-20 18:00:00,497.83,506.95,497.83,504.48,3523.0,40,0.0
2024-03-20 19:00:00,504.52,507.93,504.33,505.34,1765.0,40,0.0
2024-03-21 10:00:00,510.06,510.17,509.5,509.98,142.0,60,0.0
2024-03-21 11:00:00,509.29,510.18,509.29,510.08,280.0,60,0.0
2024-03-21 12:00:00,510.08,514.0,510.06,512.06,737.0,60,0.0
2024-03-21 13:00:00,512.06,515.15,506.91,507.57,2356.0,40,0.0
2024-03-21 14:00:00,507.53,511.37,506.49,508.01,2254.0,40,0.0
2024-03-21 15:00:00,508.03,510.71,507.42,509.91,1480.0,40,0.0
2024-03-21 16:00:00,510.01,510.86,508.69,510.36,1028.0,40,0.0
2024-03-21 17:00:00,510.36,510.64,507.41,508.22,949.0,40,0.0
2024-03-21 18:00:00,508.24,508.99,505.91,507.31,1294.0,40,0.0
2024-03-21 19:00:00,507.35,508.41,507.12,507.98,813.0,40,0.0
2024-03-22 10:00:00,508.88,509.03,508.88,509.03,11.0,60,0.0
2024-03-22 11:00:00,509.04,510.54,506.68,507.04,553.0,60,0.0
2024-03-22 12:00:00,507.09,508.14,505.87,507.83,413.0,60,0.0
2024-03-22 13:00:00,507.82,508.68,504.08,505.26,1438.0,40,0.0
2024-03-22 14:00:00,505.27,506.65,504.45,505.64,1471.0,40,0.0
2024-03-22 15:00:00,505.63,506.24,504.99,506.01,1027.0,40,0.0
2024-03-22 16:00:00,506.02,508.23,505.75,507.98,1010.0,40,0.0
2024-03-22 17:00:00,507.98,509.28,507.08,508.8,888.0,40,0.0
2024-03-22 18:00:00,508.81,509.21,507.38,508.17,910.0,40,0.0
2024-03-22 19:00:00,508.17,508.71,507.39,508.51,679.0,40,0.0
2024-03-25 10:00:00,508.43,508.48,506.3,506.51,196.0,60,0.0
2024-03-25 11:00:00,506.51,506.51,505.04,505.75,211.0,60,0.0
2024-03-25 12:00:00,505.82,506.22,505.28,505.64,304.0,60,0.0
2024-03-25 13:00:00,505.66,506.38,500.12,503.35,1951.0,40,0.0
2024-03-25 14:00:00,503.41,506.55,502.97,505.52,1805.0,40,0.0
2024-03-25 15:00:00,505.56,506.11,503.57,505.08,1221.0,40,0.0
2024-03-25 16:00:00,505.09,506.95,504.55,505.81,967.0,40,0.0
2024-03-25 17:00:00,505.89,506.08,504.78,505.25,745.0,40,0.0
2024-03-25 18:00:00,505.25,505.73,504.16,504.95,758.0,40,0.0
2024-03-25 19:00:00,504.96,505.23,503.56,504.21,735.0,40,0.0
2024-03-26 10:00:00,504.17,505.18,504.1,504.94,265.0,60,0.0
2024-03-26 11:00:00,504.85,505.6,504.7,505.14,254.0,60,0.0
2024-03-26 12:00:00,505.23,505.34,504.48,504.82,160.0,60,0.0
2024-03-26 13:00:00,504.84,509.63,504.43,507.22,1623.0,40,0.0
2024-03-26 14:00:00,507.29,509.73,506.61,509.6,1649.0,40,0.0
2024-03-26 15:00:00,509.61,509.72,507.44,508.46,1090.0,40,0.0
2024-03-26 16:00:00,508.46,508.68,505.31,505.94,927.0,40,0.0
2024-03-26 17:00:00,505.94,506.91,504.22,504.55,1021.0,40,0.0
2024-03-26 18:00:00,504.55,505.47,503.91,504.38,921.0,40,0.0
2024-03-26 19:00:00,504.38,504.38,497.68,497.68,1284.0,40,0.0
2024-03-27 10:00:00,497.62,497.86,497.5,497.73,91.0,60,0.0
2024-03-27 11:00:00,497.63,498.71,496.96,498.48,223.0,60,0.0
2024-03-27 12:00:00,498.49,499.32,498.05,499.14,347.0,60,0.0
2024-03-27 13:00:00,499.15,500.07,490.72,491.5,1760.0,40,0.0
2024-03-27 14:00:00,491.46,493.27,488.76,490.24,2234.0,40,0.0
2024-03-27 15:00:00,490.23,490.91,487.97,490.09,1575.0,40,0.0
2024-03-27 16:00:00,490.08,492.71,489.58,491.42,1234.0,40,0.0
2024-03-27 17:00:00,491.41,492.23,490.75,491.97,1086.0,40,0.0
2024-03-27 18:00:00,491.97,492.76,490.55,491.33,1083.0,40,0.0
2024-03-27 19:00:00,491.33,493.93,490.34,493.78,1075.0,40,0.0
2024-03-28 10:00:00,492.39,494.17,492.27,493.08,376.0,60,0.0
2024-03-28 11:00:00,493.1,493.67,492.45,493.03,308.0,60,0.0
2024-03-28 12:00:00,493.03,493.9,492.7,493.62,268.0,60,0.0
2024-03-28 13:00:00,493.61,494.56,485.61,489.5,1997.0,40,0.0
2024-03-28 14:00:00,489.49,491.37,488.91,489.5,1766.0,40,0.0
2024-03-28 15:00:00,489.5,489.88,486.8,487.38,1457.0,40,0.0
2024-03-28 16:00:00,487.39,487.73,484.98,485.76,1537.0,40,0.0
2024-03-28 17:00:00,485.72,488.29,485.17,487.8,1360.0,16,0.0
2024-03-28 18:00:00,487.79,488.64,486.91,488.17,1348.0,16,0.0
2024-03-28 19:00:00,488.18,489.42,487.78,487.78,998.0,16,0.0
2024-04-01 10:00:00,489.26,489.43,489.14,489.21,48.0,60,0.0
2024-04-01 11:00:00,489.2,489.2,486.59,487.51,145.0,60,0.0
2024-04-01 12:00:00,487.55,487.62,486.57,486.98,184.0,60,0.0
2024-04-01 13:00:00,486.84,497.14,481.63,494.84,2562.0,40,0.0
2024-04-01 14:00:00,494.83,496.35,490.12,491.59,2263.0,40,0.0
2024-04-01 15:00:00,491.59,491.59,487.75,487.93,1644.0,40,0.0
2024-04-01 16:00:00,488.03,490.58,487.85,490.02,1176.0,40,0.0
2024-04-01 17:00:00,489.99,491.13,489.69,491.03,1029.0,40,0.0
2024-04-01 18:00:00,491.05,491.66,490.38,490.83,1045.0,40,0.0
2024-04-01 19:00:00,490.82,491.74,489.95,490.5,904.0,40,0.0
2024-04-02 10:00:00,491.09,491.12,489.16,489.7,453.0,60,0.0
2024-04-02 11:00:00,489.74,490.28,488.06,489.39,355.0,60,0.0
2024-04-02 12:00:00,489.39,489.78,486.31,486.86,992.0,40,0.0
2024-04-02 13:00:00,486.95,492.7,483.82,492.58,2449.0,40,0.0
2024-04-02 14:00:00,492.67,492.89,487.28,487.53,2081.0,40,0.0
2024-04-02 15:00:00,487.49,491.11,487.49,489.83,1363.0,40,0.0
2024-04-02 16:00:00,489.83,494.03,489.42,493.78,1279.0,40,0.0
2024-04-02 17:00:00,493.78,494.69,493.06,493.83,1190.0,40,0.0
2024-04-02 18:00:00,493.83,494.51,492.29,493.37,1023.0,40,0.0
2024-04-02 19:00:00,493.37,497.22,493.06,496.55,1129.0,16,0.0
2024-04-03 10:00:00,495.08,495.53,494.7,495.35,364.0,60,0.0
2024-04-03 11:00:00,495.39,499.34,495.39,499.28,471.0,60,0.0
2024-04-03 12:00:00,499.24,499.59,497.33,498.24,807.0,60,0.0
2024-04-03 13:00:00,498.24,503.94,497.55,501.35,2298.0,40,0.0
2024-04-03 14:00:00,501.64,505.84,501.64,505.44,2395.0,40,0.0
2024-04-03 15:00:00,505.52,506.84,504.83,505.58,1714.0,40,0.0
2024-04-03 16:00:00,505.59,505.98,503.75,504.85,1998.0,40,0.0
2024-04-03 17:00:00,504.86,506.03,504.61,505.49,1499.0,40,0.0
2024-04-03 18:00:00,505.47,506.6,504.47,505.67,1371.0,40,0.0
2024-04-03 19:00:00,505.6,506.05,502.39,505.91,1605.0,40,0.0
2024-04-04 10:00:00,513.29,513.66,513.07,513.54,150.0,60,0.0
2024-04-04 11:00:00,513.53,514.97,513.18,514.97,336.0,60,0.0
2024-04-04 12:00:00,514.97,516.4,513.88,516.26,620.0,60,0.0
2024-04-04 13:00:00,516.17,523.57,514.12,521.15,2699.0,40,0.0
2024-04-04 14:00:00,521.08,522.32,517.78,520.76,2362.0,40,0.0
2024-04-04 15:00:00,520.78,524.16,520.78,523.98,1879.0,40,0.0
2024-04-04 16:00:00,523.97,529.75,523.69,528.44,2053.0,40,0.0
2024-04-04 17:00:00,528.39,529.42,524.7,525.73,1815.0,40,0.0
2024-04-04 18:00:00,525.73,526.07,517.18,517.59,3406.0,40,0.0
2024-04-04 19:00:00,517.51,518.08,511.68,511.78,2607.0,40,0.0
2024-04-05 10:00:00,515.3,517.11,514.81,516.58,364.0,60,0.0
2024-04-05 11:00:00,516.68,516.93,513.37,515.67,511.0,60,0.0
2024-04-05 12:00:00,515.69,517.78,511.98,516.12,1212.0,60,0.0
2024-04-05 13:00:00,516.12,521.38,514.2,519.54,2612.0,40,0.0
2024-04-05 14:00:00,519.56,528.44,518.86,528.1,3362.0,40,0.0
2024-04-05 15:00:00,528.1,528.94,523.4,528.15,2414.0,40,0.0
2024-04-05 16:00:00,528.18,530.42,526.24,527.38,1857.0,40,0.0
2024-04-05 17:00:00,527.39,528.18,522.76,523.17,1831.0,40,0.0
2024-04-05 18:00:00,523.17,526.42,522.16,525.49,2088.0,40,0.0
2024-04-05 19:00:00,525.49,526.48,524.24,525.93,1228.0,40,0.0
2024-04-08 10:00:00,526.71,527.71,525.82,527.32,210.0,60,0.0
2024-04-08 11:00:00,527.32,528.09,526.1,526.33,374.0,60,0.0
2024-04-08 12:00:00,526.44,529.85,526.04,528.67,535.0,60,0.0
2024-04-08 13:00:00,528.74,531.11,522.02,524.6,2730.0,40,0.0
2024-04-08 14:00:00,524.56,528.49,522.93,526.99,2401.0,40,0.0
2024-04-08 15:00:00,526.99,527.11,521.37,522.81,1660.0,40,0.0
2024-04-08 16:00:00,522.73,523.2,519.29,521.7,1615.0,40,0.0
2024-04-08 17:00:00,521.72,521.72,519.57,521.11,1080.0,40,0.0
2024-04-08 18:00:00,521.15,521.88,519.49,521.2,1125.0,40,0.0
2024-04-08 19:00:00,521.26,521.42,519.24,519.49,1069.0,40,0.0
2024-04-09 10:00:00,519.95,520.17,518.02,519.86,263.0,60,0.0
2024-04-09 11:00:00,519.93,522.8,519.93,521.71,379.0,60,0.0
2024-04-09 12:00:00,521.7,522.63,521.06,521.89,436.0,60,0.0
2024-04-09 13:00:00,522.01,525.44,518.7,519.24,2097.0,40,0.0
2024-04-09 14:00:00,519.2,520.21,506.58,510.52,3885.0,40,0.0
2024-04-09 15:00:00,510.54,513.49,509.85,512.88,2317.0,40,0.0
2024-04-09 16:00:00,512.87,515.2,512.38,512.61,1474.0,40,0.0
2024-04-09 17:00:00,512.6,514.41,511.35,511.62,1485.0,40,0.0
2024-04-09 18:00:00,511.61,513.15,511.11,512.08,1457.0,40,0.0
2024-04-09 19:00:00,512.09,516.1,511.59,515.08,1432.0,40,0.0
2024-04-10 10:00:00,515.06,515.89,514.94,515.89,399.0,60,0.0
2024-04-10 11:00:00,515.89,516.57,515.49,516.57,227.0,60,0.0
2024-04-10 12:00:00,516.57,518.08,505.95,508.88,1426.0,60,0.0
2024-04-10 13:00:00,509.11,519.51,505.61,517.79,3390.0,40,0.0
2024-04-10 14:00:00,517.73,519.25,515.19,518.45,2976.0,40,0.0
2024-04-10 15:00:00,518.42,520.75,517.03,519.32,2105.0,40,0.0
2024-04-10 16:00:00,519.32,520.22,517.53,519.94,1212.0,40,0.0
2024-04-10 17:00:00,519.95,522.29,517.64,520.14,2027.0,40,0.0
2024-04-10 18:00:00,520.14,521.6,517.34,517.41,1969.0,40,0.0
2024-04-10 19:00:00,517.39,519.13,516.02,517.96,1362.0,40,0.0
2024-04-11 10:00:00,518.12,519.12,518.1,518.74,140.0,60,0.0
2024-04-11 11:00:00,518.77,519.24,517.82,518.03,519.0,60,0.0
2024-04-11 12:00:00,517.95,522.61,517.04,521.68,1021.0,60,0.0
2024-04-11 13:00:00,521.68,523.63,519.04,522.32,2130.0,40,0.0
2024-04-11 14:00:00,522.4,522.5,517.17,519.14,2434.0,40,0.0
2024-04-11 15:00:00,519.2,520.67,517.62,520.22,1649.0,40,0.0
2024-04-11 16:00:00,520.35,520.41,517.16,517.75,1392.0,40,0.0
2024-04-11 17:00:00,517.77,520.74,517.31,519.91,1595.0,40,0.0
2024-04-11 18:00:00,519.93,522.93,519.88,521.92,1546.0,40,0.0
2024-04-11 19:00:00,521.92,522.97,521.52,522.79,1000.0,40,0.0
2024-04-12 10:00:00,520.9,521.3,519.42,519.98,178.0,60,0.0
2024-04-12 11:00:00,520.01,520.62,518.93,519.99,395.0,60,0.0
2024-04-12 12:00:00,520.03,520.43,517.77,518.06,472.0,60,0.0
2024-04-12 13:00:00,518.01,519.88,514.18,516.49,2098.0,40,0.0
2024-04-12 14:00:00,516.21,517.15,511.88,513.03,2115.0,40,0.0
2024-04-12 15:00:00,513.04,517.28,512.76,516.27,1460.0,40,0.0
2024-04-12 16:00:00,516.27,516.48,513.03,513.04,1300.0,40,0.0
2024-04-12 17:00:00,513.07,513.9,509.98,512.14,1724.0,40,0.0
2024-04-12 18:00:00,512.11,512.53,509.87,510.06,1547.0,40,0.0
2024-04-12 19:00:00,510.06,511.58,509.18,511.5,1267.0,40,0.0
2024-04-15 10:00:00,517.36,522.15,517.34,520.41,383.0,60,0.0
2024-04-15 11:00:00,520.39,520.39,517.23,517.39,682.0,60,0.0
2024-04-15 12:00:00,517.43,519.61,516.89,518.51,743.0,60,0.0
2024-04-15 13:00:00,518.51,519.3,513.35,516.21,2244.0,40,0.0
2024-04-15 14:00:00,516.19,517.53,507.43,507.56,2657.0,40,0.0
2024-04-15 15:00:00,507.57,510.04,507.1,508.3,1924.0,40,0.0
2024-04-15 16:00:00,508.3,508.81,502.68,504.72,2014.0,40,0.0
2024-04-15 17:00:00,504.7,505.99,497.14,500.22,2711.0,40,0.0
2024-04-15 18:00:00,500.1,501.25,498.24,499.8,2240.0,40,0.0
2024-04-15 19:00:00,499.76,500.61,498.3,500.27,1483.0,40,0.0
2024-04-16 10:00:00,498.05,499.18,496.43,498.68,578.0,60,0.0
2024-04-16 11:00:00,498.62,500.94,498.05,500.48,572.0,60,0.0
2024-04-16 12:00:00,500.48,500.64,497.9,499.54,630.0,60,0.0
2024-04-16 13:00:00,499.19,503.57,496.97,502.51,2104.0,40,0.0
2024-04-16 14:00:00,502.45,504.44,497.7,500.68,2358.0,40,0.0
2024-04-16 15:00:00,500.68,503.45,500.37,501.46,1407.0,40,0.0
2024-04-16 16:00:00,501.46,503.57,500.83,501.92,1304.0,40,0.0
2024-04-16 17:00:00,501.92,502.53,499.19,500.81,1675.0,40,0.0
2024-04-16 18:00:00,500.77,503.94,499.51,502.38,1912.0,40,0.0
2024-04-16 19:00:00,502.38,502.9,499.97,500.92,1149.0,40,0.0
2024-04-17 10:00:00,501.4,503.8,501.4,502.66,297.0,60,0.0
2024-04-17 11:00:00,502.72,503.5,501.03,501.22,314.0,60,0.0
2024-04-17 12:00:00,501.24,502.7,500.9,502.47,262.0,60,0.0
2024-04-17 13:00:00,502.42,504.4,496.38,498.41,1772.0,40,0.0
2024-04-17 14:00:00,498.56,498.95,495.04,496.8,2466.0,40,0.0
2024-04-17 15:00:00,496.81,498.15,492.16,493.46,2118.0,40,0.0
2024-04-17 16:00:00,493.39,493.39,487.02,488.73,2228.0,40,0.0
2024-04-17 17:00:00,488.74,498.39,488.34,496.86,2759.0,40,0.0
2024-04-17 18:00:00,496.89,498.46,494.92,495.47,2059.0,40,0.0
2024-04-17 19:00:00,495.4,496.51,493.72,494.79,1653.0,40,0.0
2024-04-18 10:00:00,496.22,496.43,495.44,496.09,197.0,60,0.0
2024-04-18 11:00:00,496.09,497.3,495.48,497.09,175.0,60,0.0
2024-04-18 12:00:00,497.03,497.45,496.01,497.12,617.0,60,0.0
2024-04-18 13:00:00,497.13,505.52,496.36,502.23,3168.0,16,0.0
2024-04-18 14:00:00,502.15,510.6,500.98,509.4,3120.0,40,0.0
2024-04-18 15:00:00,509.41,511.93,507.17,507.74,2234.0,40,0.0
2024-04-18 16:00:00,507.75,510.26,506.4,506.75,2285.0,40,0.0
2024-04-18 17:00:00,506.75,507.29,503.16,504.9,2130.0,40,0.0
2024-04-18 18:00:00,504.85,505.69,500.57,500.86,2139.0,40,0.0
2024-04-18 19:00:00,500.86,503.08,500.69,502.62,1549.0,40,0.0
2024-04-19 10:00:00,498.72,499.04,496.45,498.51,322.0,60,0.0
2024-04-19 11:00:00,498.45,502.3,498.06,501.67,710.0,60,0.0
2024-04-19 12:00:00,501.66,507.05,501.07,506.04,946.0,60,0.0
2024-04-19 13:00:00,506.04,506.43,491.69,493.82,3095.0,40,0.0
2024-04-19 14:00:00,493.76,495.09,484.55,489.32,3456.0,40,0.0
2024-04-19 15:00:00,489.31,489.82,485.22,485.32,2353.0,40,0.0
2024-04-19 16:00:00,485.32,485.83,478.44,483.75,2610.0,16,0.0
2024-04-19 17:00:00,483.76,487.84,482.31,485.71,2038.0,40,0.0
2024-04-19 18:00:00,485.71,485.89,478.47,480.44,2650.0,40,0.0
2024-04-19 19:00:00,480.43,481.91,475.97,476.12,2079.0,40,0.0
2024-04-22 10:00:00,486.24,486.24,485.44,485.62,227.0,60,0.0
2024-04-22 11:00:00,485.72,487.99,484.49,486.79,609.0,60,0.0
2024-04-22 12:00:00,486.78,488.1,484.57,487.83,636.0,60,0.0
2024-04-22 13:00:00,487.86,491.57,482.63,482.77,3650.0,40,0.0
2024-04-22 14:00:00,482.81,485.18,473.39,475.05,4012.0,40,0.0
2024-04-22 15:00:00,475.03,480.21,473.79,480.05,2433.0,40,0.0
2024-04-22 16:00:00,480.04,481.97,478.65,479.61,1788.0,40,0.0
2024-04-22 17:00:00,479.61,485.66,479.29,485.05,2029.0,40,0.0
2024-04-22 18:00:00,485.05,488.52,483.81,485.47,2065.0,40,0.0
2024-04-22 19:00:00,485.47,485.73,482.06,483.1,1401.0,40,0.0
2024-04-23 10:00:00,486.41,488.08,486.01,487.73,261.0,60,0.0
2024-04-23 11:00:00,487.64,489.36,487.13,488.55,593.0,60,0.0
2024-04-23 12:00:00,488.55,488.75,486.95,488.49,488.0,60,0.0
2024-04-23 13:00:00,488.41,494.09,487.88,491.05,2571.0,40,0.0
2024-04-23 14:00:00,491.05,498.52,489.78,494.53,2622.0,40,0.0
2024-04-23 15:00:00,494.58,494.82,491.49,492.43,1886.0,40,0.0
2024-04-23 16:00:00,492.52,495.47,492.51,494.2,1576.0,40,0.0
2024-04-23 17:00:00,494.19,495.62,493.2,495.56,1330.0,40,0.0
2024-04-23 18:00:00,495.56,497.86,494.87,496.73,1495.0,40,0.0
2024-04-23 19:00:00,496.73,497.19,495.27,496.56,1161.0,40,0.0
2024-04-24 10:00:00,506.33,507.84,506.14,507.22,230.0,60,0.0
2024-04-24 11:00:00,506.92,509.19,506.2,509.12,529.0,60,0.0
2024-04-24 12:00:00,509.07,510.91,507.75,507.82,823.0,60,0.0
2024-04-24 13:00:00,507.78,509.63,497.16,499.73,4474.0,40,0.0
2024-04-24 14:00:00,499.75,501.76,494.46,496.94,3207.0,40,0.0
2024-04-24 15:00:00,496.9,497.62,485.85,486.06,2962.0,40,0.0
2024-04-24 16:00:00,485.98,490.36,484.55,490.13,2753.0,40,0.0
2024-04-24 17:00:00,490.16,493.38,489.63,492.57,2337.0,40,0.0
2024-04-24 18:00:00,492.58,492.62,488.92,489.67,2018.0,40,0.0
2024-04-24 19:00:00,489.66,494.53,489.66,494.12,1921.0,40,0.0
2024-04-25 10:00:00,429.93,430.03,424.25,425.82,909.0,60,0.0
2024-04-25 11:00:00,425.63,425.63,420.41,421.26,1499.0,60,0.0
2024-04-25 12:00:00,421.11,421.2,412.84,416.37,3008.0,60,0.0
2024-04-25 13:00:00,416.46,429.76,414.21,426.72,8940.0,40,0.0
2024-04-25 14:00:00,426.87,445.49,423.83,429.55,10836.0,40,0.0
2024-04-25 15:00:00,429.44,435.6,425.76,430.44,5954.0,40,0.0
2024-04-25 16:00:00,430.34,439.72,429.8,438.69,4422.0,40,0.0
2024-04-25 17:00:00,438.69,440.59,434.84,440.41,3765.0,16,0.0
2024-04-25 18:00:00,440.34,444.73,434.84,437.82,4032.0,40,0.0
2024-04-25 19:00:00,437.82,443.81,436.88,439.5,3057.0,40,0.0
2024-04-26 10:00:00,445.92,446.43,445.31,445.41,263.0,60,0.0
2024-04-26 11:00:00,445.65,448.28,445.54,447.48,612.0,60,0.0
2024-04-26 12:00:00,447.42,447.42,438.9,441.85,1389.0,60,0.0
2024-04-26 13:00:00,441.87,446.19,436.72,445.28,4300.0,40,0.0
2024-04-26 14:00:00,445.48,445.68,431.79,439.95,4860.0,16,0.0
2024-04-26 15:00:00,439.96,441.91,436.79,439.12,2958.0,40,0.0
2024-04-26 16:00:00,439.12,440.41,437.17,439.96,1981.0,40,0.0
2024-04-26 17:00:00,439.99,443.89,438.32,441.6,2029.0,16,0.0
2024-04-26 18:00:00,441.61,441.61,439.15,440.72,1907.0,16,0.0
2024-04-26 19:00:00,440.73,444.07,440.31,443.57,1599.0,16,0.0
2024-04-29 10:00:00,439.3,439.61,438.99,439.56,218.0,60,0.0
2024-04-29 11:00:00,439.57,439.73,437.13,437.48,463.0,60,0.0
2024-04-29 12:00:00,437.4,437.88,436.38,437.3,548.0,60,0.0
2024-04-29 13:00:00,437.28,439.4,432.4,434.71,3031.0,40,0.0
2024-04-29 14:00:00,434.67,436.83,433.8,435.97,2657.0,40,0.0
2024-04-29 15:00:00,435.96,436.11,429.11,431.36,2517.0,40,0.0
2024-04-29 16:00:00,431.37,432.88,429.41,431.59,1853.0,40,0.0
2024-04-29 17:00:00,431.59,434.04,430.43,433.38,1624.0,40,0.0
2024-04-29 18:00:00,433.38,433.38,429.85,430.34,1634.0,40,0.0
2024-04-29 19:00:00,430.27,430.82,428.41,429.32,1730.0,40,0.0
2024-04-30 10:00:00,428.85,429.95,428.72,429.95,231.0,60,0.0
2024-04-30 11:00:00,430.04,430.55,429.01,429.18,294.0,60,0.0
2024-04-30 12:00:00,429.25,430.26,427.84,429.15,657.0,60,0.0
2024-04-30 13:00:00,429.16,435.57,429.01,433.65,2317.0,40,0.0
2024-04-30 14:00:00,433.51,439.37,432.14,436.26,2595.0,40,0.0
2024-04-30 15:00:00,436.26,437.52,434.31,435.38,2045.0,40,0.0
2024-04-30 16:00:00,435.37,435.5,429.59,430.62,1731.0,40,0.0
2024-04-30 17:00:00,430.54,433.0,429.58,432.14,1537.0,40,0.0
2024-04-30 18:00:00,432.14,433.11,430.15,430.52,1502.0,40,0.0
2024-04-30 19:00:00,430.5,433.92,430.37,433.69,1373.0,16,0.0
2024-05-01 10:00:00,426.4,426.4,425.1,426.33,85.0,60,0.0
2024-05-01 11:00:00,426.39,426.91,425.27,425.54,201.0,60,0.0
2024-05-01 12:00:00,425.64,428.54,425.4,428.19,505.0,60,0.0
2024-05-01 13:00:00,428.21,432.74,426.86,432.6,2232.0,40,0.0
2024-05-01 14:00:00,432.74,438.12,432.15,435.87,2853.0,40,0.0
2024-05-01 15:00:00,435.87,436.41,431.71,434.39,1936.0,40,0.0
2024-05-01 16:00:00,434.39,436.53,433.57,436.19,1426.0,40,0.0
2024-05-01 17:00:00,436.11,439.71,434.99,439.54,1712.0,40,0.0
2024-05-01 18:00:00,439.56,448.92,438.62,448.48,4385.0,40,0.0
2024-05-01 19:00:00,448.58,449.67,440.33,442.07,3533.0,40,0.0
2024-05-02 10:00:00,441.03,441.44,440.89,441.16,239.0,60,0.0
2024-05-02 11:00:00,441.17,444.06,441.17,442.56,613.0,60,0.0
2024-05-02 12:00:00,442.49,443.6,440.98,441.09,684.0,60,0.0
2024-05-02 13:00:00,441.03,442.02,433.55,436.84,2841.0,40,0.0
2024-05-02 14:00:00,436.76,437.37,432.15,436.89,2683.0,40,0.0
2024-05-02 15:00:00,436.98,440.06,436.91,439.46,1927.0,40,0.0
2024-05-02 16:00:00,439.41,440.38,437.85,439.81,1543.0,40,0.0
2024-05-02 17:00:00,439.81,442.95,439.73,442.06,1475.0,40,0.0
2024-05-02 18:00:00,442.07,443.65,441.9,443.1,1346.0,40,0.0
2024-05-02 19:00:00,443.11,443.11,439.92,440.52,1247.0,40,0.0
2024-05-03 10:00:00,440.73,440.78,440.45,440.6,118.0,60,0.0
2024-05-03 11:00:00,440.57,440.8,439.08,439.42,299.0,60,0.0
2024-05-03 12:00:00,439.42,446.3,439.31,444.37,1389.0,60,0.0
2024-05-03 13:00:00,444.36,452.69,443.57,451.58,2866.0,40,0.0
2024-05-03 14:00:00,451.91,453.94,448.22,451.26,3239.0,40,0.0
2024-05-03 15:00:00,451.24,452.31,449.53,451.09,1898.0,40,0.0
2024-05-03 16:00:00,451.12,452.53,449.54,449.82,1607.0,40,0.0
2024-05-03 17:00:00,449.82,450.91,448.98,449.01,1373.0,40,0.0
2024-05-03 18:00:00,449.01,451.47,448.98,451.47,1155.0,40,0.0
2024-05-03 19:00:00,451.49,452.64,451.21,452.05,1182.0,40,0.0
2024-05-06 10:00:00,455.73,456.57,455.73,456.06,170.0,60,0.0
2024-05-06 11:00:00,456.03,456.03,454.16,454.42,404.0,60,0.0
2024-05-06 12:00:00,454.33,455.07,454.3,454.8,296.0,60,0.0
2024-05-06 13:00:00,454.81,457.7,453.03,455.55,2018.0,40,0.0
2024-05-06 14:00:00,455.56,457.41,453.41,457.38,1864.0,40,0.0
2024-05-06 15:00:00,457.45,460.4,456.87,459.06,1675.0,40,0.0
2024-05-06 16:00:00,459.05,459.6,457.55,459.48,1306.0,40,0.0
2024-05-06 17:00:00,459.49,460.28,458.4,459.02,1073.0,40,0.0
2024-05-06 18:00:00,459.02,464.04,458.96,463.48,1424.0,40,0.0
2024-05-06 19:00:00,463.52,464.9,462.86,464.19,1232.0,40,0.0
2024-05-07 10:00:00,463.69,464.03,462.56,464.03,186.0,60,0.0
2024-05-07 11:00:00,464.02,464.02,463.06,463.56,317.0,60,0.0
2024-05-07 12:00:00,463.56,464.58,463.56,464.54,234.0,60,0.0
2024-05-07 13:00:00,464.54,467.76,461.5,462.07,2183.0,40,0.0
2024-05-07 14:00:00,462.18,465.91,461.16,465.7,1963.0,40,0.0
2024-05-07 15:00:00,465.72,471.11,465.44,470.68,1786.0,40,0.0
2024-05-07 16:00:00,470.66,471.29,468.27,468.83,1444.0,40,0.0
2024-05-07 17:00:00,468.85,469.21,466.2,466.64,1307.0,40,0.0
2024-05-07 18:00:00,466.66,467.29,464.78,466.86,1301.0,40,0.0
2024-05-07 19:00:00,466.86,468.67,466.72,467.32,993.0,40,0.0
2024-05-08 10:00:00,469.01,469.07,468.56,468.76,172.0,60,0.0
2024-05-08 11:00:00,468.77,468.97,467.21,467.74,371.0,60,0.0
2024-05-08 12:00:00,467.79,468.06,464.21,465.47,705.0,60,0.0
2024-05-08 13:00:00,465.47,472.95,462.47,472.93,2205.0,40,0.0
2024-05-08 14:00:00,472.94,475.36,470.87,474.05,2055.0,40,0.0
2024-05-08 15:00:00,474.03,474.71,472.01,472.61,1588.0,40,0.0
2024-05-08 16:00:00,472.61,473.3,469.9,470.08,1197.0,40,0.0
2024-05-08 17:00:00,470.08,472.68,469.22,471.97,1184.0,40,0.0
2024-05-08 18:00:00,472.04,472.7,470.93,472.08,997.0,40,0.0
2024-05-08 19:00:00,472.07,473.42,471.49,472.73,802.0,40,0.0
2024-05-09 10:00:00,469.9,470.78,469.82,470.73,115.0,60,0.0
2024-05-09 11:00:00,470.75,471.1,470.41,470.96,224.0,60,0.0
2024-05-09 12:00:00,470.96,473.12,470.35,472.37,604.0,60,0.0
2024-05-09 13:00:00,472.36,474.29,467.47,470.68,2150.0,40,0.0
2024-05-09 14:00:00,470.69,474.59,469.83,474.19,1870.0,40,0.0
2024-05-09 15:00:00,474.27,475.54,473.2,473.7,1241.0,40,0.0
2024-05-09 16:00:00,473.71,475.25,473.57,474.74,939.0,40,0.0
2024-05-09 17:00:00,474.74,475.14,473.49,474.84,1056.0,40,0.0
2024-05-09 18:00:00,474.84,475.84,474.36,474.88,929.0,40,0.0
2024-05-09 19:00:00,474.94,475.38,474.47,474.73,740.0,40,0.0
2024-05-10 10:00:00,477.76,477.88,477.32,477.57,167.0,60,0.0
2024-05-10 11:00:00,477.56,477.84,477.1,477.36,120.0,60,0.0
2024-05-10 12:00:00,477.28,477.58,476.28,476.28,284.0,60,0.0
2024-05-10 13:00:00,476.25,477.85,474.37,476.0,1580.0,40,0.0
2024-05-10 14:00:00,475.99,476.13,469.43,471.35,2284.0,40,0.0
2024-05-10 15:00:00,471.35,473.02,470.66,472.69,1292.0,40,0.0
2024-05-10 16:00:00,472.61,475.48,472.36,474.68,1238.0,40,0.0
2024-05-10 17:00:00,474.72,475.46,474.13,474.88,986.0,40,0.0
2024-05-10 18:00:00,474.93,474.97,473.97,474.96,887.0,40,0.0
2024-05-10 19:00:00,474.94,476.05,474.81,475.27,798.0,40,0.0
2024-05-13 10:00:00,474.26,474.38,474.13,474.38,40.0,60,0.0
2024-05-13 11:00:00,474.27,474.88,474.27,474.82,75.0,60,0.0
2024-05-13 12:00:00,474.79,474.79,473.45,473.82,267.0,60,0.0
2024-05-13 13:00:00,473.84,474.57,462.75,466.48,2600.0,40,0.0
2024-05-13 14:00:00,466.49,470.31,465.43,466.6,2061.0,40,0.0
2024-05-13 15:00:00,466.6,467.11,465.37,466.47,1466.0,40,0.0
2024-05-13 16:00:00,466.47,469.14,466.47,467.56,1213.0,40,0.0
2024-05-13 17:00:00,467.54,468.56,465.97,466.88,1149.0,40,0.0
2024-05-13 18:00:00,466.88,468.25,466.04,467.94,1106.0,40,0.0
2024-05-13 19:00:00,467.95,468.49,467.44,468.21,774.0,40,0.0
2024-05-14 10:00:00,467.32,467.56,466.89,467.41,109.0,60,0.0
2024-05-14 11:00:00,467.44,467.45,465.45,465.57,213.0,60,0.0
2024-05-14 12:00:00,465.62,465.65,462.27,463.77,880.0,60,0.0
2024-05-14 13:00:00,463.96,464.4,459.84,462.81,2096.0,40,0.0
2024-05-14 14:00:00,462.94,469.17,462.46,468.96,2192.0,40,0.0
2024-05-14 15:00:00,468.97,471.23,468.37,469.08,1427.0,40,0.0
2024-05-14 16:00:00,469.08,469.64,467.8,468.69,1004.0,40,0.0
2024-05-14 17:00:00,468.69,469.0,467.49,468.65,1052.0,40,0.0
2024-05-14 18:00:00,468.65,471.88,468.51,471.47,1178.0,40,0.0
2024-05-14 19:00:00,471.48,472.3,471.15,472.0,934.0,40,0.0
2024-05-15 10:00:00,470.02,470.24,469.06,469.95,221.0,60,0.0
2024-05-15 11:00:00,470.03,471.09,470.03,470.96,209.0,60,0.0
2024-05-15 12:00:00,470.96,475.81,470.26,474.33,1077.0,60,0.0
2024-05-15 13:00:00,474.31,476.52,471.6,472.72,1971.0,40,0.0
2024-05-15 14:00:00,472.85,475.05,471.13,473.48,1825.0,40,0.0
2024-05-15 15:00:00,473.45,474.91,472.9,474.53,1164.0,40,0.0
2024-05-15 16:00:00,474.53,475.52,473.24,475.24,1018.0,40,0.0
2024-05-15 17:00:00,475.26,479.14,475.24,479.0,1209.0,40,0.0
2024-05-15 18:00:00,479.03,482.25,478.8,481.27,1466.0,40,0.0
2024-05-15 19:00:00,481.27,481.27,480.21,480.69,922.0,40,0.0
2024-05-16 10:00:00,479.05,479.46,478.02,478.51,208.0,60,0.0
2024-05-16 11:00:00,478.51,479.38,478.47,478.54,252.0,60,0.0
2024-05-16 12:00:00,478.47,478.73,475.96,476.77,668.0,60,0.0
2024-05-16 13:00:00,476.62,477.38,472.79,475.64,2340.0,40,0.0
2024-05-16 14:00:00,475.64,477.34,474.55,476.54,1902.0,40,0.0
2024-05-16 15:00:00,476.5,476.59,474.19,474.99,1402.0,40,0.0
2024-05-16 16:00:00,474.96,475.11,472.64,473.47,1305.0,40,0.0
2024-05-16 17:00:00,473.48,475.14,472.73,475.03,1278.0,40,0.0
2024-05-16 18:00:00,475.03,476.28,473.83,475.96,1166.0,40,0.0
2024-05-16 19:00:00,475.96,476.52,474.69,475.06,931.0,40,0.0
2024-05-17 10:00:00,471.77,472.05,470.07,471.02,256.0,60,0.0
2024-05-17 11:00:00,471.02,471.41,470.45,471.11,264.0,60,0.0
2024-05-17 12:00:00,471.11,471.98,470.41,471.74,381.0,60,0.0
2024-05-17 13:00:00,471.74,471.97,468.26,470.29,1828.0,40,0.0
2024-05-17 14:00:00,470.32,471.99,469.6,470.28,1648.0,40,0.0
2024-05-17 15:00:00,470.28,471.34,469.21,471.34,1041.0,40,0.0
2024-05-17 16:00:00,471.28,471.53,469.63,471.04,782.0,40,0.0
2024-05-17 17:00:00,471.02,471.66,470.4,471.37,769.0,40,0.0
2024-05-17 18:00:00,471.34,471.42,468.74,471.06,1030.0,40,0.0
2024-05-17 19:00:00,471.07,471.8,470.82,470.83,721.0,16,0.0
2024-05-20 10:00:00,472.16,472.4,471.81,471.81,52.0,60,0.0
2024-05-20 11:00:00,471.6,471.77,470.85,471.75,162.0,60,0.0
2024-05-20 12:00:00,471.82,471.82,470.48,470.57,223.0,60,0.0
2024-05-20 13:00:00,470.57,472.79,466.88,472.01,1788.0,40,0.0
2024-05-20 14:00:00,472.01,472.32,469.14,470.73,1694.0,40,0.0
2024-05-20 15:00:00,470.73,472.91,469.91,472.62,1119.0,40,0.0
2024-05-20 16:00:00,472.62,472.85,470.86,471.1,1055.0,40,0.0
2024-05-20 17:00:00,471.1,471.1,468.0,469.31,1210.0,40,0.0
2024-05-20 18:00:00,469.29,469.73,468.39,468.94,1020.0,40,0.0
2024-05-20 19:00:00,468.91,470.05,468.23,469.22,808.0,40,0.0
2024-05-21 10:00:00,467.72,467.72,467.13,467.19,195.0,60,0.0
2024-05-21 11:00:00,467.23,467.81,466.97,467.46,151.0,60,0.0
2024-05-21 12:00:00,467.41,467.46,466.33,466.46,228.0,60,0.0
2024-05-21 13:00:00,466.36,470.32,464.98,468.29,1825.0,40,0.0
2024-05-21 14:00:00,468.32,468.72,466.08,467.87,1337.0,40,0.0
2024-05-21 15:00:00,467.87,467.95,463.69,463.72,1339.0,40,0.0
2024-05-21 16:00:00,463.7,463.97,462.52,462.88,1314.0,40,0.0
2024-05-21 17:00:00,462.79,463.81,462.14,463.79,977.0,40,0.0
2024-05-21 18:00:00,463.79,465.2,463.72,464.74,924.0,40,0.0
2024-05-21 19:00:00,464.74,465.35,464.21,464.36,712.0,16,0.0
2024-05-22 10:00:00,463.61,466.11,462.85,465.82,364.0,60,0.0
2024-05-22 11:00:00,465.82,466.59,464.91,465.58,436.0,60,0.0
2024-05-22 12:00:00,465.48,467.54,465.27,467.47,338.0,60,0.0
2024-05-22 13:00:00,467.47,470.71,466.16,468.32,1610.0,40,0.0
2024-05-22 14:00:00,468.33,471.74,468.0,470.88,1795.0,40,0.0
2024-05-22 15:00:00,470.88,473.47,470.42,471.51,1294.0,40,0.0
2024-05-22 16:00:00,471.51,472.09,469.35,469.41,900.0,40,0.0
2024-05-22 17:00:00,469.39,471.22,468.62,469.78,1023.0,40,0.0
2024-05-22 18:00:00,469.77,469.8,466.04,467.83,1433.0,40,0.0
2024-05-22 19:00:00,467.83,468.84,465.49,467.18,896.0,40,0.0
2024-05-23 10:00:00,472.02,472.24,471.44,471.95,227.0,60,0.0
2024-05-23 11:00:00,472.03,473.62,471.92,473.05,320.0,60,0.0
2024-05-23 12:00:00,473.08,474.6,472.94,473.94,260.0,60,0.0
2024-05-23 13:00:00,473.94,474.26,465.37,466.04,1908.0,40,0.0
2024-05-23 14:00:00,466.08,469.32,464.98,466.03,2047.0,40,0.0
2024-05-23 15:00:00,466.03,472.33,466.03,471.74,1312.0,40,0.0
2024-05-23 16:00:00,471.74,472.37,467.5,467.68,1158.0,40,0.0
2024-05-23 17:00:00,467.67,468.15,463.69,463.69,1416.0,40,0.0
2024-05-23 18:00:00,463.68,463.9,461.39,461.73,1545.0,40,0.0
2024-05-23 19:00:00,461.73,465.06,461.67,464.71,1221.0,40,0.0
2024-05-24 10:00:00,467.29,467.88,467.15,467.87,110.0,60,0.0
2024-05-24 11:00:00,467.83,468.06,467.04,468.01,170.0,60,0.0
2024-05-24 12:00:00,468.04,468.08,467.26,467.75,377.0,60,0.0
2024-05-24 13:00:00,467.74,469.43,466.1,469.34,1431.0,40,0.0
2024-05-24 14:00:00,469.37,477.68,469.37,477.43,2406.0,40,0.0
2024-05-24 15:00:00,477.41,479.59,475.57,476.72,1710.0,40,0.0
2024-05-24 16:00:00,476.74,476.89,475.15,475.68,979.0,40,0.0
2024-05-24 17:00:00,475.68,477.13,475.09,476.26,991.0,40,0.0
2024-05-24 18:00:00,476.26,477.56,476.15,476.19,927.0,40,0.0
2024-05-24 19:00:00,476.15,476.19,474.5,475.6,867.0,40,0.0
2024-05-28 10:00:00,477.21,477.61,474.98,475.56,265.0,60,0.0
2024-05-28 11:00:00,475.69,476.93,475.69,475.94,247.0,60,0.0
2024-05-28 12:00:00,475.96,476.64,475.41,476.16,362.0,60,0.0
2024-05-28 13:00:00,476.2,480.48,474.71,476.73,1891.0,40,0.0
2024-05-28 14:00:00,476.7,477.42,475.02,476.66,1714.0,40,0.0
2024-05-28 15:00:00,476.73,477.16,475.3,477.13,1173.0,40,0.0
2024-05-28 16:00:00,477.14,478.14,476.56,477.33,986.0,40,0.0
2024-05-28 17:00:00,477.33,477.84,476.36,477.19,1108.0,40,0.0
2024-05-28 18:00:00,477.19,478.72,474.89,476.69,1303.0,40,0.0
2024-05-28 19:00:00,476.69,477.27,476.3,476.35,895.0,40,0.0
2024-05-29 10:00:00,474.8,475.29,474.77,474.9,241.0,60,0.0
2024-05-29 11:00:00,475.07,475.16,474.0,474.91,122.0,60,0.0
2024-05-29 12:00:00,474.97,476.38,474.37,474.8,342.0,60,0.0
2024-05-29 13:00:00,474.8,479.29,473.47,477.46,1793.0,40,0.0
2024-05-29 14:00:00,477.57,479.61,476.65,479.13,1762.0,40,0.0
2024-05-29 15:00:00,479.1,479.43,476.05,476.35,1139.0,40,0.0
2024-05-29 16:00:00,476.35,477.71,475.62,477.41,940.0,40,0.0
2024-05-29 17:00:00,477.41,477.41,474.49,475.85,1129.0,40,0.0
2024-05-29 18:00:00,475.85,476.4,474.98,475.17,915.0,40,0.0
2024-05-29 19:00:00,475.17,475.76,474.64,474.69,741.0,40,0.0
2024-05-30 10:00:00,471.86,472.14,471.12,472.14,126.0,60,0.0
2024-05-30 11:00:00,472.14,475.18,471.82,473.87,223.0,60,0.0
2024-05-30 12:00:00,473.86,474.99,473.31,473.73,304.0,60,0.0
2024-05-30 13:00:00,473.7,473.82,466.28,470.46,1985.0,40,0.0
2024-05-30 14:00:00,470.56,470.85,466.25,466.56,2082.0,40,0.0
2024-05-30 15:00:00,466.58,468.93,465.52,467.75,1538.0,40,0.0
2024-05-30 16:00:00,467.75,468.44,466.23,466.97,1118.0,40,0.0
2024-05-30 17:00:00,466.97,468.88,466.66,468.53,1019.0,40,0.0
2024-05-30 18:00:00,468.46,469.26,466.9,467.67,1124.0,40,0.0
2024-05-30 19:00:00,467.67,467.85,464.92,466.6,1546.0,40,0.0
2024-05-31 10:00:00,463.82,463.98,461.95,462.4,310.0,60,0.0
2024-05-31 11:00:00,462.46,466.01,462.46,465.31,322.0,60,0.0
2024-05-31 12:00:00,465.33,469.12,465.13,468.43,620.0,60,0.0
2024-05-31 13:00:00,468.25,468.8,462.07,462.1,1850.0,40,0.0
2024-05-31 14:00:00,462.12,463.22,454.34,456.89,2944.0,40,0.0
2024-05-31 15:00:00,456.87,457.41,454.97,455.29,1732.0,40,0.0
2024-05-31 16:00:00,455.3,458.49,454.67,458.25,1457.0,40,0.0
2024-05-31 17:00:00,458.23,459.96,458.16,458.64,1190.0,40,0.0
2024-05-31 18:00:00,458.64,459.91,458.17,459.79,1191.0,40,0.0
2024-05-31 19:00:00,459.84,462.92,459.41,462.69,1073.0,40,0.0
2024-06-03 10:00:00,467.64,468.48,467.64,467.93,93.0,60,0.0
2024-06-03 11:00:00,467.96,468.3,467.09,468.15,224.0,60,0.0
2024-06-03 12:00:00,468.14,468.34,466.91,467.2,400.0,60,0.0
2024-06-03 13:00:00,467.26,475.67,467.26,474.75,2235.0,40,0.0
2024-06-03 14:00:00,475.11,477.01,473.06,473.89,2533.0,40,0.0
2024-06-03 15:00:00,473.86,479.19,473.26,477.18,1885.0,40,0.0
2024-06-03 16:00:00,477.14,477.44,472.78,472.99,1695.0,40,0.0
2024-06-03 17:00:00,472.99,475.97,470.7,475.25,1455.0,40,0.0
2024-06-03 18:00:00,475.26,475.51,473.69,474.88,1069.0,40,0.0
2024-06-03 19:00:00,474.88,476.0,474.6,475.39,904.0,40,0.0
2024-06-04 10:00:00,472.85,473.59,472.77,472.95,101.0,60,0.0
2024-06-04 11:00:00,472.98,473.76,472.78,473.73,161.0,60,0.0
2024-06-04 12:00:00,473.74,475.77,473.54,475.23,232.0,60,0.0
2024-06-04 13:00:00,475.23,478.1,474.14,475.41,1452.0,40,0.0
2024-06-04 14:00:00,475.51,477.31,472.88,473.88,1990.0,40,0.0
2024-06-04 15:00:00,473.89,475.04,473.27,474.42,1422.0,40,0.0
2024-06-04 16:00:00,474.47,476.54,474.04,474.81,1082.0,40,0.0
2024-06-04 17:00:00,474.77,475.28,473.77,474.99,992.0,40,0.0
2024-06-04 18:00:00,474.91,478.48,474.87,477.55,1304.0,40,0.0
2024-06-04 19:00:00,477.55,477.62,474.96,476.43,1117.0,40,0.0
2024-06-05 10:00:00,477.7,483.16,477.56,482.04,436.0,60,0.0
2024-06-05 11:00:00,481.92,484.75,480.85,483.05,540.0,60,0.0
2024-06-05 12:00:00,483.24,483.26,481.1,482.39,500.0,60,0.0
2024-06-05 13:00:00,482.41,491.42,482.27,487.9,2358.0,40,0.0
2024-06-05 14:00:00,487.56,488.14,484.67,488.0,2396.0,40,0.0
2024-06-05 15:00:00,488.02,488.61,483.83,484.36,1588.0,40,0.0
2024-06-05 16:00:00,484.28,487.94,483.58,487.26,1130.0,40,0.0
2024-06-05 17:00:00,487.26,487.94,486.32,487.43,923.0,40,0.0
2024-06-05 18:00:00,487.41,489.53,486.84,489.21,961.0,40,0.0
2024-06-05 19:00:00,489.24,496.02,489.12,495.76,1585.0,40,0.0
2024-06-06 10:00:00,493.02,493.27,492.79,493.23,228.0,60,0.0
2024-06-06 11:00:00,493.31,493.78,493.14,493.78,186.0,60,0.0
2024-06-06 12:00:00,493.74,494.55,491.68,493.02,663.0,60,0.0
2024-06-06 13:00:00,493.03,496.32,491.22,493.48,2316.0,40,0.0
2024-06-06 14:00:00,493.53,502.29,493.36,496.43,2620.0,40,0.0
2024-06-06 15:00:00,496.41,498.61,495.15,495.7,1531.0,40,0.0
2024-06-06 16:00:00,495.71,497.05,495.25,496.5,1135.0,40,0.0
2024-06-06 17:00:00,496.5,498.86,496.28,497.18,1116.0,40,0.0
2024-06-06 18:00:00,497.18,497.52,494.95,495.49,1179.0,40,0.0
2024-06-06 19:00:00,495.49,495.49,490.44,491.27,1128.0,40,0.0
2024-06-07 10:00:00,493.94,494.13,493.73,493.87,118.0,60,0.0
2024-06-07 11:00:00,494.12,495.26,493.41,495.18,346.0,60,0.0
2024-06-07 12:00:00,495.18,496.02,491.03,492.8,1136.0,60,0.0
2024-06-07 13:00:00,492.79,495.27,489.84,493.53,1884.0,40,0.0
2024-06-07 14:00:00,493.52,497.52,490.4,496.27,1942.0,40,0.0
2024-06-07 15:00:00,496.25,496.63,494.07,496.25,1426.0,40,0.0
2024-06-07 16:00:00,496.28,498.47,496.07,498.4,1102.0,40,0.0
2024-06-07 17:00:00,498.4,498.4,496.83,496.83,909.0,40,0.0
2024-06-07 18:00:00,496.81,496.81,492.31,495.4,1649.0,40,0.0
2024-06-07 19:00:00,495.33,495.63,493.16,493.42,1173.0,40,0.0
2024-06-10 10:00:00,491.17,491.88,491.0,491.55,195.0,60,0.0
2024-06-10 11:00:00,491.56,492.22,491.56,492.17,216.0,60,0.0
2024-06-10 12:00:00,492.2,493.19,491.53,491.87,387.0,60,0.0
2024-06-10 13:00:00,491.85,496.27,491.59,494.96,1720.0,40,0.0
2024-06-10 14:00:00,494.83,496.84,494.41,496.63,1407.0,40,0.0
2024-06-10 15:00:00,496.62,501.25,495.98,500.26,1409.0,40,0.0
2024-06-10 16:00:00,500.33,501.92,499.11,500.14,1071.0,40,0.0
2024-06-10 17:00:00,500.14,500.14,497.4,499.31,1106.0,40,0.0
2024-06-10 18:00:00,499.33,499.93,497.77,499.6,1368.0,40,0.0
2024-06-10 19:00:00,499.6,501.45,499.45,501.32,987.0,40,0.0
2024-06-11 10:00:00,499.55,500.33,498.06,500.26,766.0,60,0.0
2024-06-11 11:00:00,500.32,500.48,499.36,499.98,283.0,60,0.0
2024-06-11 12:00:00,499.97,500.99,499.75,500.09,396.0,60,0.0
2024-06-11 13:00:00,500.09,502.92,497.83,499.89,1780.0,40,0.0
2024-06-11 14:00:00,499.91,504.7,499.77,502.56,1958.0,40,0.0
2024-06-11 15:00:00,502.55,502.95,499.53,499.98,1168.0,40,0.0
2024-06-11 16:00:00,499.98,500.09,498.15,499.71,925.0,40,0.0
2024-06-11 17:00:00,499.81,503.15,499.68,502.98,941.0,40,0.0
2024-06-11 18:00:00,502.98,505.49,502.65,505.39,1040.0,40,0.0
2024-06-11 19:00:00,505.39,506.91,505.13,505.82,967.0,40,0.0
2024-06-12 10:00:00,507.41,508.22,507.18,507.55,155.0,60,0.0
2024-06-12 11:00:00,507.55,507.55,506.85,507.08,257.0,60,0.0
2024-06-12 12:00:00,507.09,515.14,506.71,515.03,1118.0,60,0.0
2024-06-12 13:00:00,515.13,516.07,503.85,504.3,2995.0,40,0.0
2024-06-12 14:00:00,504.45,507.72,504.2,505.46,2289.0,40,0.0
2024-06-12 15:00:00,505.46,508.16,504.24,505.96,1389.0,40,0.0
2024-06-12 16:00:00,505.94,508.3,505.25,507.36,990.0,40,0.0
2024-06-12 17:00:00,507.39,509.6,507.36,508.63,1006.0,40,0.0
2024-06-12 18:00:00,508.61,508.61,504.21,505.95,2233.0,40,0.0
2024-06-12 19:00:00,505.92,508.83,505.09,507.38,1515.0,40,0.0
2024-06-13 10:00:00,505.69,506.61,505.67,505.81,221.0,60,0.0
2024-06-13 11:00:00,505.88,507.27,505.86,506.17,300.0,60,0.0
2024-06-13 12:00:00,506.24,508.86,506.01,507.1,668.0,60,0.0
2024-06-13 13:00:00,507.06,508.64,503.69,506.5,1911.0,40,0.0
2024-06-13 14:00:00,506.53,506.87,501.65,503.06,1849.0,40,0.0
2024-06-13 15:00:00,503.03,504.46,502.93,503.14,1076.0,40,0.0
2024-06-13 16:00:00,503.14,503.32,500.73,502.94,1419.0,40,0.0
2024-06-13 17:00:00,502.89,504.54,502.69,503.15,1061.0,40,0.0
2024-06-13 18:00:00,503.15,504.67,502.56,504.0,867.0,40,0.0
2024-06-13 19:00:00,503.99,504.56,503.55,504.23,841.0,40,0.0
2024-06-14 10:00:00,500.33,501.22,499.79,500.33,631.0,60,0.0
2024-06-14 11:00:00,500.37,501.21,499.82,500.02,254.0,60,0.0
2024-06-14 12:00:00,500.13,502.03,500.12,501.09,546.0,60,0.0
2024-06-14 13:00:00,501.09,506.89,500.98,505.21,1841.0,40,0.0
2024-06-14 14:00:00,505.05,505.67,501.61,503.15,1859.0,40,0.0
2024-06-14 15:00:00,503.16,503.45,500.65,502.3,1293.0,40,0.0
2024-06-14 16:00:00,502.32,502.77,501.55,502.56,913.0,40,0.0
2024-06-14 17:00:00,502.57,504.5,502.44,503.03,1020.0,40,0.0
2024-06-14 18:00:00,503.01,503.59,502.12,503.12,924.0,40,0.0
2024-06-14 19:00:00,503.06,504.16,502.67,503.39,772.0,40,0.0
2024-06-17 10:00:00,501.88,502.11,501.41,501.93,139.0,60,0.0
2024-06-17 11:00:00,501.93,503.02,501.91,502.29,221.0,60,0.0
2024-06-17 12:00:00,502.34,502.6,501.75,502.02,194.0,60,0.0
2024-06-17 13:00:00,502.02,502.25,495.85,498.58,1624.0,40,0.0
2024-06-17 14:00:00,498.73,500.94,497.27,499.17,1603.0,40,0.0
2024-06-17 15:00:00,499.17,501.96,499.17,501.83,1059.0,40,0.0
2024-06-17 16:00:00,501.82,502.82,500.15,501.88,912.0,40,0.0
2024-06-17 17:00:00,501.88,509.23,501.87,509.04,1281.0,40,0.0
2024-06-17 18:00:00,509.05,510.34,508.55,509.21,1547.0,40,0.0
2024-06-17 19:00:00,509.2,510.5,507.68,507.83,909.0,40,0.0
2024-06-18 10:00:00,505.52,505.68,504.78,505.11,202.0,60,0.0
2024-06-18 11:00:00,505.21,505.95,503.99,504.25,378.0,60,0.0
2024-06-18 12:00:00,504.26,506.2,504.17,505.46,582.0,60,0.0
2024-06-18 13:00:00,505.38,505.71,502.37,503.76,1565.0,40,0.0
2024-06-18 14:00:00,503.76,504.89,500.37,500.73,1798.0,40,0.0
2024-06-18 15:00:00,500.73,500.88,497.98,499.44,1514.0,40,0.0
2024-06-18 16:00:00,499.43,499.87,494.86,497.0,1284.0,40,0.0
2024-06-18 17:00:00,496.99,498.41,496.2,497.54,1069.0,40,0.0
2024-06-18 18:00:00,497.55,498.58,495.96,498.47,1076.0,40,0.0
2024-06-18 19:00:00,498.46,499.23,498.01,498.54,803.0,40,0.0
2024-06-20 10:00:00,501.61,504.6,501.5,503.07,316.0,60,0.0
2024-06-20 11:00:00,502.75,504.21,501.29,503.84,342.0,60,0.0
2024-06-20 12:00:00,503.8,503.8,502.09,502.76,377.0,60,0.0
2024-06-20 13:00:00,502.73,503.44,499.4,501.4,1637.0,40,0.0
2024-06-20 14:00:00,501.4,502.04,499.25,501.95,1664.0,40,0.0
2024-06-20 15:00:00,501.95,502.55,499.9,500.08,1201.0,40,0.0
2024-06-20 16:00:00,500.08,501.25,496.6,499.42,1504.0,40,0.0
2024-06-20 17:00:00,499.41,499.41,497.08,499.13,1350.0,40,0.0
2024-06-20 18:00:00,499.13,500.52,498.65,498.74,1313.0,40,0.0
2024-06-20 19:00:00,498.73,502.35,498.73,501.9,1278.0,40,0.0
2024-06-21 10:00:00,499.99,499.99,498.83,499.19,438.0,60,0.0
2024-06-21 11:00:00,499.18,501.13,499.18,500.03,499.0,60,0.0
2024-06-21 12:00:00,500.01,501.38,499.93,501.12,626.0,60,0.0
2024-06-21 13:00:00,501.12,503.41,496.19,497.25,2229.0,40,0.0
2024-06-21 14:00:00,497.25,499.06,496.24,497.65,1910.0,40,0.0
2024-06-21 15:00:00,497.65,497.8,493.7,496.21,1561.0,40,0.0
2024-06-21 16:00:00,496.25,496.25,492.4,492.45,1217.0,40,0.0
2024-06-21 17:00:00,492.44,494.19,492.28,493.6,1227.0,40,0.0
2024-06-21 18:00:00,493.6,495.27,493.21,493.85,1061.0,40,0.0
2024-06-21 19:00:00,493.86,495.25,493.81,494.72,844.0,40,0.0
2024-06-24 10:00:00,496.49,496.86,495.34,496.14,343.0,60,0.0
2024-06-24 11:00:00,496.15,498.39,496.11,496.86,377.0,60,0.0
2024-06-24 12:00:00,496.98,498.44,495.81,497.86,551.0,60,0.0
2024-06-24 13:00:00,497.89,507.57,497.16,504.62,2572.0,40,0.0
2024-06-24 14:00:00,504.55,506.15,497.14,500.14,2904.0,40,0.0
2024-06-24 15:00:00,500.21,503.12,498.94,501.89,1692.0,40,0.0
2024-06-24 16:00:00,501.89,502.39,499.5,499.75,1294.0,40,0.0
2024-06-24 17:00:00,499.7,500.12,494.93,495.92,1847.0,40,0.0
2024-06-24 18:00:00,495.91,497.3,494.11,497.0,1513.0,40,0.0
2024-06-24 19:00:00,496.98,498.0,496.39,497.49,1195.0,40,0.0
2024-06-25 10:00:00,498.49,498.66,497.79,498.01,333.0,60,0.0
2024-06-25 11:00:00,498.02,498.59,497.84,498.03,233.0,60,0.0
2024-06-25 12:00:00,498.03,498.52,497.0,497.98,533.0,60,0.0
2024-06-25 13:00:00,497.99,504.83,495.4,504.03,1982.0,40,0.0
2024-06-25 14:00:00,504.1,510.48,504.1,508.2,2561.0,40,0.0
2024-06-25 15:00:00,508.2,510.14,507.52,508.22,1426.0,40,0.0
2024-06-25 16:00:00,508.21,509.19,504.75,505.76,1245.0,40,0.0
2024-06-25 17:00:00,505.77,507.37,504.77,507.27,1156.0,40,0.0
2024-06-25 18:00:00,507.26,509.83,507.23,509.18,1203.0,40,0.0
2024-06-25 19:00:00,509.18,509.69,508.54,508.73,882.0,40,0.0
2024-06-26 10:00:00,510.22,510.48,508.01,508.17,344.0,60,0.0
2024-06-26 11:00:00,508.2,510.06,508.2,508.33,302.0,60,0.0
2024-06-26 12:00:00,508.34,508.54,507.18,508.02,247.0,60,0.0
2024-06-26 13:00:00,507.98,509.03,504.6,508.34,1775.0,40,0.0
2024-06-26 14:00:00,508.35,513.54,507.91,512.48,1915.0,40,0.0
2024-06-26 15:00:00,512.5,513.55,510.49,512.83,1471.0,40,0.0
2024-06-26 16:00:00,512.83,513.03,511.37,512.6,1030.0,40,0.0
2024-06-26 17:00:00,512.6,512.63,510.66,512.47,908.0,40,0.0
2024-06-26 18:00:00,512.44,512.69,510.71,510.93,886.0,40,0.0
2024-06-26 19:00:00,510.93,511.58,510.2,511.56,748.0,40,0.0
2024-06-27 10:00:00,513.81,513.91,513.64,513.67,118.0,60,0.0
2024-06-27 11:00:00,513.61,513.86,509.36,511.73,417.0,60,0.0
2024-06-27 12:00:00,511.74,514.35,511.6,514.28,568.0,60,0.0
2024-06-27 13:00:00,514.22,521.5,512.81,520.53,2208.0,40,0.0
2024-06-27 14:00:00,520.53,522.65,517.02,518.5,2264.0,40,0.0
2024-06-27 15:00:00,518.54,519.38,515.14,516.44,1621.0,40,0.0
2024-06-27 16:00:00,516.42,518.52,516.38,518.2,1164.0,40,0.0
2024-06-27 17:00:00,518.2,518.75,517.58,517.81,820.0,40,0.0
2024-06-27 18:00:00,517.77,517.87,516.06,517.83,986.0,40,0.0
2024-06-27 19:00:00,517.84,519.39,517.75,519.34,759.0,40,0.0
2024-06-28 10:00:00,522.6,522.6,521.57,521.67,215.0,60,0.0
2024-06-28 11:00:00,521.67,522.0,521.38,521.53,197.0,60,0.0
2024-06-28 12:00:00,521.5,522.28,517.24,517.4,808.0,60,0.0
2024-06-28 13:00:00,517.39,519.47,513.37,517.62,2278.0,40,0.0
2024-06-28 14:00:00,517.82,521.65,515.56,516.22,2096.0,40,0.0
2024-06-28 15:00:00,516.24,516.56,514.64,516.04,1367.0,40,0.0
2024-06-28 16:00:00,516.04,516.22,512.43,514.29,1576.0,40,0.0
2024-06-28 17:00:00,514.23,514.96,513.14,513.37,1145.0,40,0.0
2024-06-28 18:00:00,513.35,514.43,512.21,512.44,1075.0,40,0.0
2024-06-28 19:00:00,512.47,513.02,509.38,511.17,1202.0,40,0.0
2024-07-01 10:00:00,504.86,505.33,504.78,505.32,80.0,60,0.0
2024-07-01 11:00:00,505.32,508.54,505.28,507.25,401.0,60,0.0
2024-07-01 12:00:00,507.31,507.31,505.85,506.44,345.0,60,0.0
2024-07-01 13:00:00,506.57,506.9,494.48,496.42,2581.0,40,0.0
2024-07-01 14:00:00,496.68,498.28,493.04,497.18,2595.0,40,0.0
2024-07-01 15:00:00,497.18,499.9,496.4,499.81,1519.0,40,0.0
2024-07-01 16:00:00,499.81,502.3,499.34,501.28,1340.0,40,0.0
2024-07-01 17:00:00,501.15,503.43,500.72,503.02,1138.0,40,0.0
2024-07-01 18:00:00,503.0,503.65,502.09,503.56,1031.0,40,0.0
2024-07-01 19:00:00,503.55,504.0,502.44,503.58,864.0,40,0.0
2024-07-02 10:00:00,501.16,501.56,501.1,501.49,103.0,60,0.0
2024-07-02 11:00:00,501.48,501.94,500.41,500.86,158.0,60,0.0
2024-07-02 12:00:00,500.97,501.45,499.8,500.76,203.0,60,0.0
2024-07-02 13:00:00,500.63,503.44,499.17,501.97,1754.0,40,0.0
2024-07-02 14:00:00,502.04,505.13,501.09,503.77,2081.0,40,0.0
2024-07-02 15:00:00,503.87,507.42,502.68,505.02,1410.0,40,0.0
2024-07-02 16:00:00,505.01,506.86,503.97,506.76,1001.0,40,0.0
2024-07-02 17:00:00,506.75,510.29,506.75,509.97,1220.0,40,0.0
2024-07-02 18:00:00,509.98,510.01,508.22,509.33,1066.0,40,0.0
2024-07-02 19:00:00,509.3,509.78,508.22,508.47,669.0,40,0.0
2024-07-03 10:00:00,511.83,513.18,510.95,512.32,315.0,60,0.0
2024-07-03 11:00:00,512.12,512.41,511.34,511.84,291.0,60,0.0
2024-07-03 12:00:00,511.83,511.92,509.36,509.49,342.0,60,0.0
2024-07-03 13:00:00,509.45,510.6,505.38,509.73,1832.0,40,0.0
2024-07-03 14:00:00,509.95,510.31,506.15,508.05,2001.0,40,0.0
2024-07-03 15:00:00,508.05,510.13,506.81,510.11,1543.0,40,0.0
2024-07-03 16:00:00,510.13,511.03,509.02,509.83,1345.0,16,0.0
2024-07-05 10:00:00,511.05,511.13,510.7,511.0,55.0,60,0.0
2024-07-05 11:00:00,510.93,511.94,510.78,510.78,136.0,60,0.0
2024-07-05 12:00:00,510.84,512.13,510.11,510.56,641.0,60,0.0
2024-07-05 13:00:00,510.8,522.87,509.98,522.17,2390.0,40,0.0
2024-07-05 14:00:00,522.18,528.05,521.93,526.96,2676.0,40,0.0
2024-07-05 15:00:00,526.96,535.37,526.61,532.65,3059.0,40,0.0
2024-07-05 16:00:00,532.65,532.67,528.6,530.68,1733.0,40,0.0
2024-07-05 17:00:00,530.68,534.19,530.55,532.25,1647.0,40,0.0
2024-07-05 18:00:00,532.27,536.02,532.27,534.98,1334.0,40,0.0
2024-07-05 19:00:00,534.98,539.47,534.93,539.18,1282.0,40,0.0
2024-07-08 10:00:00,542.33,544.39,542.08,543.41,259.0,60,0.0
2024-07-08 11:00:00,543.33,543.33,540.44,542.36,411.0,60,0.0
2024-07-08 12:00:00,542.32,542.56,541.38,541.73,341.0,60,0.0
2024-07-08 13:00:00,541.74,544.07,530.1,531.45,3135.0,40,0.0
2024-07-08 14:00:00,531.54,532.51,528.63,529.81,2792.0,40,0.0
2024-07-08 15:00:00,529.81,534.05,529.65,533.26,1745.0,40,0.0
2024-07-08 16:00:00,533.32,533.32,529.23,529.24,1254.0,40,0.0
2024-07-08 17:00:00,529.24,530.33,528.77,529.73,967.0,40,0.0
2024-07-08 18:00:00,529.75,529.89,526.49,529.05,1165.0,40,0.0
2024-07-08 19:00:00,529.02,529.02,526.81,527.87,837.0,40,0.0
2024-07-09 10:00:00,531.7,531.77,531.55,531.64,66.0,60,0.0
2024-07-09 11:00:00,531.69,532.06,531.23,531.79,205.0,60,0.0
2024-07-09 12:00:00,531.64,532.46,530.94,532.32,296.0,60,0.0
2024-07-09 13:00:00,532.2,537.09,531.13,534.37,2036.0,40,0.0
2024-07-09 14:00:00,534.37,535.12,530.04,532.57,2182.0,40,0.0
2024-07-09 15:00:00,532.56,533.27,529.49,533.01,1455.0,40,0.0
2024-07-09 16:00:00,533.01,533.73,530.59,531.84,1205.0,40,0.0
2024-07-09 17:00:00,531.81,532.31,529.56,531.44,993.0,40,0.0
2024-07-09 18:00:00,531.43,531.86,530.56,530.97,904.0,40,0.0
2024-07-09 19:00:00,530.98,531.38,530.07,530.16,657.0,40,0.0
2024-07-10 10:00:00,531.33,532.5,531.09,531.95,209.0,60,0.0
2024-07-10 11:00:00,532.1,533.68,531.75,533.14,318.0,60,0.0
2024-07-10 12:00:00,533.14,533.61,531.93,532.43,289.0,60,0.0
2024-07-10 13:00:00,532.49,533.14,528.24,530.94,1647.0,40,0.0
2024-07-10 14:00:00,530.91,533.93,529.32,530.18,1736.0,40,0.0
2024-07-10 15:00:00,530.18,535.95,528.97,535.74,1607.0,40,0.0
2024-07-10 16:00:00,535.74,537.44,534.93,537.07,1335.0,40,0.0
2024-07-10 17:00:00,537.05,538.24,536.42,538.0,1083.0,40,0.0
2024-07-10 18:00:00,538.0,538.61,536.56,536.61,913.0,40,0.0
2024-07-10 19:00:00,536.52,536.52,533.48,533.54,884.0,40,0.0
2024-07-11 10:00:00,534.86,534.89,531.87,533.61,189.0,60,0.0
2024-07-11 11:00:00,533.83,534.93,533.75,534.15,107.0,60,0.0
2024-07-11 12:00:00,534.15,537.3,533.27,533.47,663.0,60,0.0
2024-07-11 13:00:00,533.38,535.11,528.56,530.21,2040.0,40,0.0
2024-07-11 14:00:00,530.22,530.22,519.99,520.89,2999.0,40,0.0
2024-07-11 15:00:00,520.9,521.29,512.93,514.66,2751.0,40,0.0
2024-07-11 16:00:00,514.65,516.61,512.93,513.69,1970.0,40,0.0
2024-07-11 17:00:00,513.75,514.16,509.39,510.23,1624.0,40,0.0
2024-07-11 18:00:00,510.23,512.51,508.23,512.2,1778.0,40,0.0
2024-07-11 19:00:00,512.18,513.71,510.61,512.86,1403.0,40,0.0
2024-07-12 10:00:00,511.01,511.57,504.85,506.33,573.0,60,0.0
2024-07-12 11:00:00,506.48,506.87,502.36,504.55,632.0,60,0.0
2024-07-12 12:00:00,504.49,504.49,500.41,500.98,1030.0,60,0.0
2024-07-12 13:00:00,500.97,501.55,494.06,500.01,3760.0,40,0.0
2024-07-12 14:00:00,499.9,507.85,497.67,503.96,3195.0,40,0.0
2024-07-12 15:00:00,503.9,506.92,503.38,504.49,1878.0,40,0.0
2024-07-12 16:00:00,504.42,504.87,501.62,504.66,1660.0,40,0.0
2024-07-12 17:00:00,504.64,506.08,502.73,504.48,1534.0,40,0.0
2024-07-12 18:00:00,504.48,505.14,502.61,503.29,1341.0,40,0.0
2024-07-12 19:00:00,503.27,503.27,498.62,499.2,1360.0,40,0.0
2024-07-15 10:00:00,496.26,497.23,495.95,497.23,259.0,60,0.0
2024-07-15 11:00:00,497.23,498.57,497.08,498.21,463.0,60,0.0
2024-07-15 12:00:00,498.22,498.74,497.65,497.97,353.0,60,0.0
2024-07-15 13:00:00,498.0,500.16,494.5,499.19,2423.0,40,0.0
2024-07-15 14:00:00,499.26,504.96,498.53,503.84,2389.0,40,0.0
2024-07-15 15:00:00,503.87,506.4,499.53,501.22,1823.0,40,0.0
2024-07-15 16:00:00,501.18,502.07,498.01,501.73,1622.0,40,0.0
2024-07-15 17:00:00,501.72,501.72,497.45,497.54,1448.0,40,0.0
2024-07-15 18:00:00,497.62,498.38,495.63,496.59,1392.0,40,0.0
2024-07-15 19:00:00,496.62,497.24,495.41,495.42,881.0,40,0.0
2024-07-16 10:00:00,496.06,497.11,495.87,496.92,152.0,60,0.0
2024-07-16 11:00:00,496.92,497.81,496.92,497.79,167.0,60,0.0
2024-07-16 12:00:00,497.83,498.44,496.94,497.64,306.0,60,0.0
2024-07-16 13:00:00,497.51,503.55,493.6,494.61,2087.0,40,0.0
2024-07-16 14:00:00,494.65,495.14,487.28,491.14,2944.0,40,0.0
2024-07-16 15:00:00,491.15,493.74,489.19,490.42,1571.0,40,0.0
2024-07-16 16:00:00,490.39,490.66,485.73,489.03,1741.0,40,0.0
2024-07-16 17:00:00,489.01,489.17,486.58,487.78,1241.0,40,0.0
2024-07-16 18:00:00,487.78,490.55,486.4,489.58,1336.0,40,0.0
2024-07-16 19:00:00,489.59,490.64,488.52,489.1,1016.0,40,0.0
2024-07-17 10:00:00,483.28,485.01,483.13,483.58,389.0,60,0.0
2024-07-17 11:00:00,483.48,483.86,480.85,481.45,543.0,60,0.0
2024-07-17 12:00:00,481.45,482.33,479.21,480.05,943.0,60,0.0
2024-07-17 13:00:00,480.03,480.03,472.34,474.61,3327.0,40,0.0
2024-07-17 14:00:00,474.61,474.86,469.57,469.69,3251.0,16,0.0
2024-07-17 15:00:00,469.66,472.11,468.15,469.0,2068.0,40,0.0
2024-07-17 16:00:00,468.99,469.09,463.91,465.4,2395.0,16,0.0
2024-07-17 17:00:00,465.41,465.43,459.52,462.28,2549.0,40,0.0
2024-07-17 18:00:00,462.27,463.85,460.6,461.63,2047.0,40,0.0
2024-07-17 19:00:00,461.57,462.52,459.66,459.68,1577.0,40,0.0
2024-07-18 10:00:00,465.73,466.51,464.22,466.43,311.0,60,0.0
2024-07-18 11:00:00,466.39,466.55,465.07,466.31,268.0,60,0.0
2024-07-18 12:00:00,466.3,470.62,466.25,470.41,586.0,60,0.0
2024-07-18 13:00:00,470.39,475.77,468.73,471.1,3777.0,40,0.0
2024-07-18 14:00:00,471.14,472.47,466.56,467.94,3007.0,40,0.0
2024-07-18 15:00:00,467.85,468.74,464.46,467.29,2570.0,40,0.0
2024-07-18 16:00:00,467.28,472.47,466.73,472.44,2092.0,40,0.0
2024-07-18 17:00:00,472.4,474.97,470.69,473.45,1944.0,40,0.0
2024-07-18 18:00:00,473.51,476.88,472.57,474.97,1958.0,40,0.0
2024-07-18 19:00:00,474.9,476.65,472.49,476.59,1533.0,40,0.0
2024-07-19 10:00:00,474.63,477.86,474.6,477.07,518.0,60,0.0
2024-07-19 11:00:00,477.1,477.99,476.46,477.48,465.0,60,0.0
2024-07-19 12:00:00,477.49,478.74,476.2,477.04,620.0,60,0.0
2024-07-19 13:00:00,477.07,484.72,474.88,481.68,2813.0,40,0.0
2024-07-19 14:00:00,481.67,486.48,480.62,484.76,2620.0,40,0.0
2024-07-19 15:00:00,484.76,486.21,477.13,481.33,2057.0,40,0.0
2024-07-19 16:00:00,481.34,481.34,475.93,479.09,1711.0,40,0.0
2024-07-19 17:00:00,479.08,479.85,477.02,479.07,1437.0,40,0.0
2024-07-19 18:00:00,479.04,479.83,475.92,478.5,1388.0,40,0.0
2024-07-19 19:00:00,478.47,479.54,476.23,476.31,1120.0,40,0.0
2024-07-22 10:00:00,482.98,484.28,482.84,483.6,182.0,60,0.0
2024-07-22 11:00:00,483.36,483.53,482.17,483.04,221.0,60,0.0
2024-07-22 12:00:00,483.28,485.02,483.06,484.89,370.0,60,0.0
2024-07-22 13:00:00,484.89,491.84,484.15,490.53,2414.0,40,0.0
2024-07-22 14:00:00,490.61,490.78,485.24,485.33,2348.0,40,0.0
2024-07-22 15:00:00,485.35,487.46,483.78,485.55,2186.0,40,0.0
2024-07-22 16:00:00,485.59,487.78,484.84,487.4,1475.0,40,0.0
2024-07-22 17:00:00,487.4,488.67,487.28,487.91,1204.0,40,0.0
2024-07-22 18:00:00,487.91,489.05,487.78,488.14,1079.0,40,0.0
2024-07-22 19:00:00,488.14,489.83,487.33,489.77,1049.0,40,0.0
2024-07-23 10:00:00,487.16,488.61,486.76,486.8,499.0,60,0.0
2024-07-23 11:00:00,486.77,489.32,486.3,488.27,401.0,60,0.0
2024-07-23 12:00:00,488.33,488.81,485.96,488.57,393.0,60,0.0
2024-07-23 13:00:00,488.33,494.05,487.38,490.04,2005.0,40,0.0
2024-07-23 14:00:00,490.04,492.68,488.05,488.79,1899.0,40,0.0
2024-07-23 15:00:00,488.83,494.98,488.71,491.98,1797.0,40,0.0
2024-07-23 16:00:00,491.99,492.47,489.24,490.65,1341.0,40,0.0
2024-07-23 17:00:00,490.63,493.4,490.36,492.86,1076.0,40,0.0
2024-07-23 18:00:00,492.82,492.82,490.54,490.86,948.0,40,0.0
2024-07-23 19:00:00,490.86,490.86,487.64,488.07,889.0,40,0.0
2024-07-24 10:00:00,478.24,479.01,477.1,478.08,576.0,60,0.0
2024-07-24 11:00:00,478.2,479.01,474.5,474.59,650.0,60,0.0
2024-07-24 12:00:00,474.71,475.05,472.05,474.46,866.0,60,0.0
2024-07-24 13:00:00,474.33,476.05,470.51,473.59,2606.0,40,0.0
2024-07-24 14:00:00,473.54,474.43,468.34,470.92,2377.0,40,0.0
2024-07-24 15:00:00,470.92,471.61,467.44,467.75,1685.0,40,0.0
2024-07-24 16:00:00,467.75,469.43,464.95,466.8,1839.0,40,0.0
2024-07-24 17:00:00,466.84,468.19,466.09,466.09,1339.0,16,0.0
2024-07-24 18:00:00,466.16,466.27,461.54,462.04,1664.0,40,0.0
2024-07-24 19:00:00,462.03,465.82,461.36,465.08,1466.0,40,0.0
2024-07-25 10:00:00,462.39,462.54,460.16,462.13,1003.0,60,0.0
2024-07-25 11:00:00,462.22,464.03,461.37,461.52,667.0,60,0.0
2024-07-25 12:00:00,461.38,466.35,459.25,466.04,1346.0,60,0.0
2024-07-25 13:00:00,465.89,465.99,451.39,452.25,3142.0,40,0.0
2024-07-25 14:00:00,452.18,458.1,442.53,457.79,4705.0,40,0.0
2024-07-25 15:00:00,457.74,460.96,454.61,457.55,2815.0,40,0.0
2024-07-25 16:00:00,457.51,461.62,456.08,460.11,2149.0,40,0.0
2024-07-25 17:00:00,460.14,462.11,456.8,459.26,1907.0,40,0.0
2024-07-25 18:00:00,459.27,459.72,454.66,455.6,2158.0,40,0.0
2024-07-25 19:00:00,455.61,460.62,455.6,457.44,1613.0,40,0.0
2024-07-26 10:00:00,462.07,462.07,460.14,460.48,574.0,60,0.0
2024-07-26 11:00:00,460.2,461.57,459.62,461.52,375.0,60,0.0
2024-07-26 12:00:00,461.47,462.28,459.53,460.4,875.0,60,0.0
2024-07-26 13:00:00,460.41,467.82,459.0,462.7,2713.0,40,0.0
2024-07-26 14:00:00,462.62,464.83,459.61,463.97,3121.0,40,0.0
2024-07-26 15:00:00,464.0,466.38,462.08,466.16,2206.0,40,0.0
2024-07-26 16:00:00,466.09,469.2,465.85,468.03,1864.0,40,0.0
2024-07-26 17:00:00,468.02,469.52,465.75,466.97,1661.0,40,0.0
2024-07-26 18:00:00,466.94,467.35,464.52,464.53,1435.0,40,0.0
2024-07-26 19:00:00,464.53,466.25,463.32,466.14,1338.0,40,0.0
2024-07-29 10:00:00,469.42,470.78,469.3,470.03,216.0,60,0.0
2024-07-29 11:00:00,469.98,470.95,469.2,469.93,536.0,60,0.0
2024-07-29 12:00:00,469.93,471.67,469.91,470.81,523.0,60,0.0
2024-07-29 13:00:00,470.67,471.08,464.86,470.4,2298.0,40,0.0
2024-07-29 14:00:00,470.4,472.43,467.31,468.94,2401.0,40,0.0
2024-07-29 15:00:00,468.94,469.84,466.65,469.6,1684.0,40,0.0
2024-07-29 16:00:00,469.6,473.72,469.6,472.57,1397.0,40,0.0
2024-07-29 17:00:00,472.61,472.98,468.82,468.82,1116.0,40,0.0
2024-07-29 18:00:00,468.82,468.82,465.2,466.59,1208.0,40,0.0
2024-07-29 19:00:00,466.59,467.19,465.77,465.91,948.0,40,0.0
2024-07-30 10:00:00,466.4,466.55,465.47,466.31,342.0,60,0.0
2024-07-30 11:00:00,466.25,466.8,465.6,465.85,485.0,60,0.0
2024-07-30 12:00:00,465.73,466.41,465.09,466.34,620.0,60,0.0
2024-07-30 13:00:00,466.33,472.43,464.67,466.11,1861.0,40,0.0
2024-07-30 14:00:00,465.99,468.96,464.77,467.64,1845.0,40,0.0
2024-07-30 15:00:00,467.64,467.69,461.36,461.87,1806.0,40,0.0
2024-07-30 16:00:00,461.85,463.11,457.31,457.38,1669.0,40,0.0
2024-07-30 17:00:00,457.5,463.56,456.64,463.08,1447.0,40,0.0
2024-07-30 18:00:00,463.09,464.37,462.3,463.24,1095.0,40,0.0
2024-07-30 19:00:00,463.18,463.94,461.67,463.09,1085.0,40,0.0
2024-07-31 10:00:00,463.28,464.53,463.2,463.56,627.0,60,0.0
2024-07-31 11:00:00,463.34,463.96,462.23,463.38,585.0,60,0.0
2024-07-31 12:00:00,463.37,467.54,463.25,467.16,971.0,60,0.0
2024-07-31 13:00:00,467.17,471.77,466.73,470.75,2387.0,40,0.0
2024-07-31 14:00:00,470.76,474.93,470.6,472.35,2364.0,40,0.0
2024-07-31 15:00:00,472.3,474.69,472.12,473.64,1578.0,40,0.0
2024-07-31 16:00:00,473.64,474.74,472.67,473.49,1363.0,40,0.0
2024-07-31 17:00:00,473.49,475.65,469.38,473.13,1739.0,40,0.0
2024-07-31 18:00:00,473.22,474.02,471.33,473.53,1856.0,40,0.0
2024-07-31 19:00:00,473.49,475.59,471.27,474.29,1952.0,40,0.0
2024-08-01 10:00:00,507.71,509.66,500.39,505.09,1614.0,60,0.0
2024-08-01 11:00:00,504.9,514.92,504.9,512.58,1936.0,60,0.0
2024-08-01 12:00:00,512.49,518.95,511.04,518.8,2536.0,60,0.0
2024-08-01 13:00:00,518.8,526.89,510.35,525.69,7958.0,40,0.0
2024-08-01 14:00:00,525.65,525.83,505.82,506.5,6514.0,40,0.0
2024-08-01 15:00:00,506.5,507.76,499.87,503.2,4818.0,40,0.0
2024-08-01 16:00:00,503.29,507.47,499.28,500.55,3229.0,40,0.0
2024-08-01 17:00:00,500.54,500.66,492.46,497.45,3547.0,40,0.0
2024-08-01 18:00:00,497.35,498.04,491.98,493.96,2983.0,40,0.0
2024-08-01 19:00:00,493.93,496.61,493.02,495.17,2254.0,40,0.0
2024-08-02 10:00:00,493.84,495.29,493.06,494.94,916.0,60,0.0
2024-08-02 11:00:00,494.69,495.85,493.05,493.3,875.0,60,0.0
2024-08-02 12:00:00,493.3,495.17,484.03,484.45,2829.0,60,0.0
2024-08-02 13:00:00,484.54,500.86,483.4,488.14,5590.0,40,0.0
2024-08-02 14:00:00,488.28,490.63,476.13,483.09,5894.0,40,0.0
2024-08-02 15:00:00,483.08,492.44,483.03,490.97,4136.0,40,0.0
2024-08-02 16:00:00,490.96,492.45,484.75,487.39,3155.0,40,0.0
2024-08-02 17:00:00,487.3,490.43,486.23,487.4,2193.0,40,0.0
2024-08-02 18:00:00,487.42,488.57,484.78,486.8,2096.0,40,0.0
2024-08-02 19:00:00,486.8,488.96,484.51,485.91,1684.0,40,0.0
2024-08-05 10:00:00,459.51,463.38,454.92,462.87,2241.0,60,0.0
2024-08-05 11:00:00,462.89,464.81,454.48,456.3,2382.0,60,0.0
2024-08-05 12:00:00,456.18,457.64,440.61,451.05,4277.0,60,0.0
2024-08-05 13:00:00,450.87,470.81,447.95,466.34,9222.0,40,0.0
2024-08-05 14:00:00,466.82,475.19,466.34,469.5,7099.0,40,0.0
2024-08-05 15:00:00,469.58,483.16,467.31,475.85,4609.0,40,0.0
2024-08-05 16:00:00,475.77,481.85,472.36,473.67,2900.0,40,0.0
2024-08-05 17:00:00,473.67,479.65,473.0,476.93,2389.0,40,0.0
2024-08-05 18:00:00,476.98,477.21,471.16,474.84,3303.0,40,0.0
2024-08-05 19:00:00,474.85,477.73,473.69,474.76,2363.0,40,0.0
2024-08-06 10:00:00,476.12,479.87,475.46,479.69,2039.0,60,0.0
2024-08-06 11:00:00,479.8,482.63,479.67,481.0,1167.0,60,0.0
2024-08-06 12:00:00,480.99,483.52,478.43,479.27,1306.0,60,0.0
2024-08-06 13:00:00,479.88,485.48,478.24,485.33,3822.0,40,0.0
2024-08-06 14:00:00,485.23,497.96,484.71,497.46,4598.0,40,0.0
2024-08-06 15:00:00,497.27,501.09,493.42,501.08,3492.0,40,0.0
2024-08-06 16:00:00,501.1,502.03,497.4,501.9,2333.0,40,0.0
2024-08-06 17:00:00,501.94,502.3,498.63,499.92,2018.0,40,0.0
2024-08-06 18:00:00,499.92,502.28,499.62,499.79,1911.0,40,0.0
2024-08-06 19:00:00,499.81,500.62,496.76,497.29,2213.0,40,0.0
2024-08-07 10:00:00,501.01,501.3,500.31,501.07,880.0,60,0.0
2024-08-07 11:00:00,501.06,502.95,500.32,501.31,660.0,60,0.0
2024-08-07 12:00:00,501.47,502.73,499.52,500.07,696.0,60,0.0
2024-08-07 13:00:00,500.13,509.87,499.58,507.79,3746.0,40,0.0
2024-08-07 14:00:00,507.87,509.3,498.38,500.3,3802.0,40,0.0
2024-08-07 15:00:00,500.33,501.25,492.55,496.0,3241.0,40,0.0
2024-08-07 16:00:00,496.09,497.32,491.31,494.0,2895.0,40,0.0
2024-08-07 17:00:00,494.0,494.85,489.76,490.87,2589.0,40,0.0
2024-08-07 18:00:00,490.87,492.06,486.75,490.19,2743.0,40,0.0
2024-08-07 19:00:00,490.21,494.86,490.21,493.71,2109.0,40,0.0
2024-08-08 10:00:00,488.13,489.02,486.89,488.44,1379.0,60,0.0
2024-08-08 11:00:00,488.4,490.25,487.81,488.5,621.0,60,0.0
2024-08-08 12:00:00,488.52,498.15,486.01,496.43,1535.0,60,0.0
2024-08-08 13:00:00,496.43,500.4,494.7,499.28,3484.0,40,0.0
2024-08-08 14:00:00,499.16,504.04,498.73,503.32,3010.0,40,0.0
2024-08-08 15:00:00,503.32,503.33,499.05,500.08,2293.0,40,0.0
2024-08-08 16:00:00,500.04,504.17,499.83,502.58,2236.0,40,0.0
2024-08-08 17:00:00,502.58,504.78,499.8,504.68,2119.0,40,0.0
2024-08-08 18:00:00,504.68,506.96,504.36,505.33,1864.0,40,0.0
2024-08-08 19:00:00,505.33,508.84,504.64,508.75,2017.0,40,0.0
2024-08-09 10:00:00,511.72,511.73,509.51,509.77,871.0,60,0.0
2024-08-09 11:00:00,509.78,510.8,501.36,504.96,1259.0,60,0.0
2024-08-09 12:00:00,505.07,505.35,499.38,502.51,1247.0,60,0.0
2024-08-09 13:00:00,502.37,513.15,501.56,511.33,3346.0,40,0.0
2024-08-09 14:00:00,511.44,514.09,509.56,512.47,3531.0,40,0.0
2024-08-09 15:00:00,512.51,515.01,511.79,511.92,2454.0,40,0.0
2024-08-09 16:00:00,511.93,513.0,510.24,512.74,1773.0,40,0.0
2024-08-09 17:00:00,512.8,516.63,512.4,514.82,1681.0,40,0.0
2024-08-09 18:00:00,514.82,515.42,513.51,514.26,1525.0,40,0.0
2024-08-09 19:00:00,514.19,515.65,513.78,514.37,1214.0,40,0.0
2024-08-12 10:00:00,517.54,518.23,517.24,517.85,432.0,60,0.0
2024-08-12 11:00:00,517.62,519.68,517.36,518.88,428.0,60,0.0
2024-08-12 12:00:00,518.84,519.21,516.02,516.86,426.0,60,0.0
2024-08-12 13:00:00,516.92,517.66,511.7,512.23,2149.0,40,0.0
2024-08-12 14:00:00,512.24,516.01,511.75,515.19,2040.0,40,0.0
2024-08-12 15:00:00,515.29,515.95,508.98,515.73,2180.0,40,0.0
2024-08-12 16:00:00,515.73,516.36,514.21,514.35,1320.0,40,0.0
2024-08-12 17:00:00,514.29,516.2,513.44,513.78,1495.0,40,0.0
2024-08-12 18:00:00,513.79,515.77,513.64,515.71,1313.0,40,0.0
2024-08-12 19:00:00,515.72,515.84,514.23,514.82,833.0,40,0.0
2024-08-13 10:00:00,518.39,518.49,515.09,515.37,1160.0,60,0.0
2024-08-13 11:00:00,515.52,517.12,515.52,516.63,795.0,60,0.0
2024-08-13 12:00:00,516.63,520.23,516.45,519.8,1208.0,60,0.0
2024-08-13 13:00:00,519.84,526.24,517.97,521.91,2559.0,40,0.0
2024-08-13 14:00:00,522.05,524.06,520.97,523.45,2086.0,40,0.0
2024-08-13 15:00:00,523.48,525.98,522.96,525.61,1351.0,40,0.0
2024-08-13 16:00:00,525.61,529.76,525.18,529.7,1195.0,40,0.0
2024-08-13 17:00:00,529.7,531.23,526.34,526.69,1654.0,40,0.0
2024-08-13 18:00:00,526.64,528.08,526.11,526.91,1253.0,40,0.0
2024-08-13 19:00:00,526.92,527.75,526.13,527.4,863.0,40,0.0
2024-08-14 10:00:00,526.73,527.6,526.4,526.49,709.0,60,0.0
2024-08-14 11:00:00,526.52,527.13,525.83,526.54,621.0,60,0.0
2024-08-14 12:00:00,526.48,528.36,523.56,527.44,1268.0,60,0.0
2024-08-14 13:00:00,527.53,533.76,527.4,530.23,2838.0,40,0.0
2024-08-14 14:00:00,530.11,532.39,525.42,529.15,2780.0,40,0.0
2024-08-14 15:00:00,529.18,533.29,529.08,533.08,1411.0,40,0.0
2024-08-14 16:00:00,533.05,533.57,526.08,527.31,1641.0,40,0.0
2024-08-14 17:00:00,527.3,527.31,524.53,526.18,1401.0,40,0.0
2024-08-14 18:00:00,526.15,526.18,524.7,525.46,1092.0,40,0.0
2024-08-14 19:00:00,525.43,525.74,522.95,524.89,1033.0,40,0.0
2024-08-15 10:00:00,527.96,528.16,527.25,527.27,595.0,60,0.0
2024-08-15 11:00:00,526.96,528.45,525.78,527.66,588.0,60,0.0
2024-08-15 12:00:00,527.64,532.43,527.15,530.85,840.0,60,0.0
2024-08-15 13:00:00,530.92,534.92,526.57,534.92,2187.0,40,0.0
2024-08-15 14:00:00,534.91,538.79,532.11,538.08,2134.0,40,0.0
2024-08-15 15:00:00,538.11,539.47,536.53,537.22,1423.0,40,0.0
2024-08-15 16:00:00,537.17,539.23,536.5,538.51,1069.0,40,0.0
2024-08-15 17:00:00,538.51,538.51,535.88,537.17,1116.0,40,0.0
2024-08-15 18:00:00,537.16,537.59,536.15,537.47,918.0,40,0.0
2024-08-15 19:00:00,537.47,538.28,536.75,537.45,831.0,40,0.0
2024-08-16 10:00:00,535.56,535.61,533.89,534.92,938.0,60,0.0
2024-08-16 11:00:00,535.06,535.45,533.21,533.37,635.0,60,0.0
2024-08-16 12:00:00,533.38,534.02,530.8,531.85,900.0,60,0.0
2024-08-16 13:00:00,531.79,533.14,528.14,529.02,2729.0,40,0.0
2024-08-16 14:00:00,529.0,530.35,526.18,526.39,2305.0,40,0.0
2024-08-16 15:00:00,526.4,528.76,524.67,528.29,1715.0,40,0.0
2024-08-16 16:00:00,528.22,530.28,528.08,529.63,1315.0,40,0.0
2024-08-16 17:00:00,529.66,530.04,528.38,528.67,1086.0,40,0.0
2024-08-16 18:00:00,528.68,528.76,527.44,528.36,1030.0,40,0.0
2024-08-16 19:00:00,528.35,529.23,528.21,528.32,793.0,40,0.0
2024-08-19 10:00:00,525.64,525.89,525.3,525.55,560.0,60,0.0
2024-08-19 11:00:00,525.27,526.21,524.83,526.05,362.0,60,0.0
2024-08-19 12:00:00,526.05,526.57,525.48,526.17,265.0,60,0.0
2024-08-19 13:00:00,526.19,531.4,523.7,527.93,2179.0,40,0.0
2024-08-19 14:00:00,527.93,529.57,522.68,527.11,2070.0,40,0.0
2024-08-19 15:00:00,527.13,527.72,523.12,524.01,1168.0,40,0.0
2024-08-19 16:00:00,524.07,526.68,523.99,526.42,997.0,40,0.0
2024-08-19 17:00:00,526.41,526.83,525.56,526.83,769.0,40,0.0
2024-08-19 18:00:00,526.81,527.81,526.3,527.13,792.0,40,0.0
2024-08-19 19:00:00,527.14,527.86,526.11,526.99,719.0,40,0.0
2024-08-20 10:00:00,528.36,528.63,528.06,528.09,537.0,60,0.0
2024-08-20 11:00:00,528.06,528.45,527.78,528.36,146.0,60,0.0
2024-08-20 12:00:00,528.34,528.71,527.83,528.13,251.0,60,0.0
2024-08-20 13:00:00,528.1,530.84,526.44,530.07,1670.0,40,0.0
2024-08-20 14:00:00,530.07,530.17,526.47,528.42,1819.0,40,0.0
2024-08-20 15:00:00,528.45,529.76,527.46,529.73,1159.0,40,0.0
2024-08-20 16:00:00,529.73,530.74,527.57,527.58,1056.0,40,0.0
2024-08-20 17:00:00,527.58,527.74,526.6,527.36,767.0,40,0.0
2024-08-20 18:00:00,527.36,527.75,526.6,527.06,796.0,40,0.0
2024-08-20 19:00:00,527.06,527.06,526.36,526.65,620.0,40,0.0
2024-08-21 10:00:00,525.95,526.9,525.95,526.9,346.0,60,0.0
2024-08-21 11:00:00,526.9,528.25,526.9,528.22,293.0,60,0.0
2024-08-21 12:00:00,528.22,529.33,527.8,528.54,408.0,60,0.0
2024-08-21 13:00:00,528.52,535.33,526.75,535.18,1826.0,40,0.0
2024-08-21 14:00:00,535.26,539.1,531.69,532.64,3114.0,40,0.0
2024-08-21 15:00:00,532.57,533.53,530.6,531.17,1872.0,40,0.0
2024-08-21 16:00:00,531.19,532.39,529.48,532.12,1306.0,40,0.0
2024-08-21 17:00:00,532.1,535.98,531.8,535.69,1125.0,40,0.0
2024-08-21 18:00:00,535.69,536.95,533.04,533.88,1323.0,40,0.0
2024-08-21 19:00:00,533.88,534.06,531.83,532.83,957.0,40,0.0
2024-08-22 10:00:00,535.42,536.9,535.39,536.39,249.0,60,0.0
2024-08-22 11:00:00,536.24,537.07,535.66,536.84,469.0,60,0.0
2024-08-22 12:00:00,536.86,537.56,536.1,537.16,371.0,60,0.0
2024-08-22 13:00:00,537.36,543.54,534.81,542.96,2271.0,40,0.0
2024-08-22 14:00:00,543.02,543.95,538.29,539.63,2976.0,40,0.0
2024-08-22 15:00:00,539.63,541.17,531.34,534.86,2244.0,40,0.0
2024-08-22 16:00:00,534.79,537.9,533.03,533.57,1666.0,40,0.0
2024-08-22 17:00:00,533.61,534.2,529.03,529.77,1577.0,40,0.0
2024-08-22 18:00:00,529.77,532.01,528.56,530.13,1519.0,40,0.0
2024-08-22 19:00:00,530.16,532.11,528.69,528.98,1167.0,40,0.0
2024-08-23 10:00:00,535.9,537.03,535.3,536.44,593.0,60,0.0
2024-08-23 11:00:00,536.31,536.59,535.38,535.72,342.0,60,0.0
2024-08-23 12:00:00,535.71,537.57,535.46,537.38,476.0,60,0.0
2024-08-23 13:00:00,537.39,538.86,534.16,536.81,1767.0,40,0.0
2024-08-23 14:00:00,536.85,539.61,528.65,531.01,3509.0,40,0.0
2024-08-23 15:00:00,530.95,533.85,528.81,530.7,2229.0,40,0.0
2024-08-23 16:00:00,530.75,530.91,524.91,526.56,1740.0,40,0.0
2024-08-23 17:00:00,526.56,528.5,525.61,527.18,1430.0,40,0.0
2024-08-23 18:00:00,527.17,528.7,526.9,527.39,1098.0,40,0.0
2024-08-23 19:00:00,527.43,529.18,526.78,527.34,985.0,40,0.0
2024-08-26 10:00:00,529.5,529.62,525.57,525.94,253.0,59,0.0
2024-08-26 11:00:00,525.94,526.14,523.56,525.03,712.0,59,0.0
2024-08-26 12:00:00,525.03,525.54,524.19,525.38,387.0,59,0.0
2024-08-26 13:00:00,525.47,527.9,519.59,522.01,2062.0,39,0.0
2024-08-26 14:00:00,522.08,522.22,514.8,519.94,2314.0,39,0.0
2024-08-26 15:00:00,519.94,521.87,518.46,519.81,1462.0,39,0.0
2024-08-26 16:00:00,519.71,522.24,518.9,520.87,1048.0,39,0.0
2024-08-26 17:00:00,520.89,521.61,518.53,518.93,873.0,39,0.0
2024-08-26 18:00:00,518.92,521.07,518.65,520.24,815.0,39,0.0
2024-08-26 19:00:00,520.23,520.99,519.01,519.09,748.0,39,0.0
2024-08-27 10:00:00,522.1,522.1,520.01,520.05,720.0,59,0.0
2024-08-27 11:00:00,519.99,521.03,519.22,520.95,484.0,59,0.0
2024-08-27 12:00:00,520.84,521.01,517.67,517.67,435.0,59,0.0
2024-08-27 13:00:00,517.78,520.06,514.63,518.99,1794.0,39,0.0
2024-08-27 14:00:00,519.01,523.37,519.01,522.81,1848.0,39,0.0
2024-08-27 15:00:00,522.77,523.83,519.22,520.5,1143.0,39,0.0
2024-08-27 16:00:00,520.5,521.83,519.65,520.13,829.0,39,0.0
2024-08-27 17:00:00,520.13,520.81,519.57,520.38,636.0,39,0.0
2024-08-27 18:00:00,520.37,520.67,518.5,519.08,665.0,39,0.0
2024-08-27 19:00:00,519.07,519.53,518.17,519.53,587.0,39,0.0
2024-08-28 10:00:00,519.57,520.12,519.53,519.83,552.0,59,0.0
2024-08-28 11:00:00,519.85,519.85,517.58,517.71,513.0,59,0.0
2024-08-28 12:00:00,517.81,519.29,517.48,519.01,505.0,59,0.0
2024-08-28 13:00:00,518.94,518.94,514.82,515.87,1585.0,39,0.0
2024-08-28 14:00:00,515.93,520.84,514.8,516.21,2341.0,39,0.0
2024-08-28 15:00:00,516.14,516.34,513.1,515.61,2063.0,39,0.0
2024-08-28 16:00:00,515.63,516.57,514.19,515.44,1030.0,39,0.0
2024-08-28 17:00:00,515.43,516.03,513.08,513.26,1122.0,39,0.0
2024-08-28 18:00:00,513.26,517.95,512.32,517.87,1423.0,39,0.0
2024-08-28 19:00:00,517.85,518.64,516.79,518.09,1088.0,39,0.0
2024-08-29 10:00:00,520.42,520.61,518.56,518.97,721.0,59,0.0
2024-08-29 11:00:00,518.91,519.4,517.41,519.25,897.0,59,0.0
2024-08-29 12:00:00,519.27,523.0,518.72,519.57,851.0,59,0.0
2024-08-29 13:00:00,519.57,526.51,517.76,525.15,2207.0,39,0.0
2024-08-29 14:00:00,525.19,526.91,520.07,523.56,2528.0,39,0.0
2024-08-29 15:00:00,523.56,525.51,523.04,524.76,1409.0,39,0.0
2024-08-29 16:00:00,524.77,526.37,523.01,523.77,1017.0,39,0.0
2024-08-29 17:00:00,523.67,523.67,519.7,521.47,1205.0,39,0.0
2024-08-29 18:00:00,521.47,521.47,515.64,517.48,2026.0,39,0.0
2024-08-29 19:00:00,517.37,519.2,516.13,517.65,1625.0,39,0.0
2024-08-30 10:00:00,521.1,521.49,520.88,521.41,408.0,59,0.0
2024-08-30 11:00:00,521.38,523.91,521.22,522.84,626.0,59,0.0
2024-08-30 12:00:00,522.84,524.11,522.02,522.39,635.0,59,0.0
2024-08-30 13:00:00,522.39,523.2,518.05,519.69,1822.0,39,0.0
2024-08-30 14:00:00,519.68,521.32,516.9,517.06,1881.0,39,0.0
2024-08-30 15:00:00,516.99,518.69,515.58,517.16,1618.0,39,0.0
2024-08-30 16:00:00,517.16,517.75,515.1,517.51,1248.0,39,0.0
2024-08-30 17:00:00,517.51,518.55,516.71,516.83,890.0,39,0.0
2024-08-30 18:00:00,516.85,519.53,516.73,519.02,921.0,39,0.0
2024-08-30 19:00:00,519.03,519.89,517.86,518.63,801.0,39,0.0
2024-09-03 10:00:00,515.98,517.36,515.74,516.73,821.0,63,0.0
2024-09-03 11:00:00,516.87,517.32,515.83,516.79,657.0,63,0.0
2024-09-03 12:00:00,516.79,518.38,516.56,517.29,511.0,63,0.0
2024-09-03 13:00:00,517.26,525.22,516.6,520.81,2558.0,42,0.0
2024-09-03 14:00:00,520.89,521.1,509.08,510.75,3783.0,42,0.0
2024-09-03 15:00:00,510.82,514.54,510.61,512.0,2122.0,42,0.0
2024-09-03 16:00:00,512.02,515.39,511.65,515.13,1658.0,42,0.0
2024-09-03 17:00:00,515.09,515.33,513.23,514.04,1364.0,42,0.0
2024-09-03 18:00:00,514.06,514.11,510.45,512.45,1947.0,42,0.0
2024-09-03 19:00:00,512.47,513.96,510.35,511.41,1496.0,42,0.0
2024-09-04 10:00:00,507.96,508.44,506.52,506.57,932.0,63,0.0
2024-09-04 11:00:00,506.8,508.07,505.85,507.27,781.0,63,0.0
2024-09-04 12:00:00,507.24,508.46,506.51,507.87,673.0,63,0.0
2024-09-04 13:00:00,507.88,511.03,503.97,510.17,2362.0,42,0.0
2024-09-04 14:00:00,510.03,512.74,504.75,512.53,3265.0,42,0.0
2024-09-04 15:00:00,512.55,515.09,512.39,514.58,1962.0,42,0.0
2024-09-04 16:00:00,514.57,516.31,512.63,515.1,1450.0,42,0.0
2024-09-04 17:00:00,515.04,515.41,514.15,514.53,1322.0,42,0.0
2024-09-04 18:00:00,514.54,515.31,513.03,513.6,1367.0,42,0.0
2024-09-04 19:00:00,513.53,515.3,513.36,514.87,1086.0,42,0.0
2024-09-05 10:00:00,513.08,513.6,512.63,512.81,1298.0,63,0.0
2024-09-05 11:00:00,512.8,513.67,512.1,512.14,879.0,63,0.0
2024-09-05 12:00:00,512.18,512.86,509.02,510.36,1258.0,63,0.0
2024-09-05 13:00:00,510.23,520.59,508.97,517.75,2298.0,42,0.0
2024-09-05 14:00:00,517.91,521.29,515.05,516.04,2614.0,42,0.0
2024-09-05 15:00:00,515.95,517.72,513.65,514.17,2255.0,42,0.0
2024-09-05 16:00:00,514.17,515.37,514.05,514.43,1304.0,42,0.0
2024-09-05 17:00:00,514.41,517.06,514.16,516.94,1277.0,42,0.0
2024-09-05 18:00:00,517.04,517.54,515.63,515.65,908.0,42,0.0
2024-09-05 19:00:00,515.65,516.35,513.81,514.66,993.0,42,0.0
2024-09-06 10:00:00,512.35,513.31,511.83,512.99,278.0,63,0.0
2024-09-06 11:00:00,512.84,514.93,512.84,514.12,317.0,63,0.0
2024-09-06 12:00:00,514.14,521.89,513.84,520.71,1832.0,63,0.0
2024-09-06 13:00:00,520.71,523.94,513.76,514.01,2905.0,42,0.0
2024-09-06 14:00:00,514.0,515.21,506.2,507.31,3630.0,42,0.0
2024-09-06 15:00:00,507.32,509.98,504.36,504.72,3158.0,42,0.0
2024-09-06 16:00:00,504.72,505.28,500.24,500.61,2051.0,42,0.0
2024-09-06 17:00:00,500.6,501.55,498.98,499.77,1860.0,42,0.0
2024-09-06 18:00:00,499.78,501.79,497.87,501.49,1955.0,42,0.0
2024-09-06 19:00:00,501.46,502.87,500.41,501.23,1468.0,42,0.0
2024-09-09 10:00:00,506.59,507.35,505.63,506.05,501.0,67,0.0
2024-09-09 11:00:00,505.62,506.08,503.7,504.42,885.0,67,0.0
2024-09-09 12:00:00,504.34,505.34,504.07,505.24,416.0,67,0.0
2024-09-09 13:00:00,505.24,510.9,503.84,509.23,1980.0,44,0.0
2024-09-09 14:00:00,509.22,509.93,503.42,503.42,2560.0,44,0.0
2024-09-09 15:00:00,503.4,504.71,501.67,504.07,1787.0,44,0.0
2024-09-09 16:00:00,504.0,507.98,503.95,506.81,1489.0,44,0.0
2024-09-09 17:00:00,506.81,507.55,505.33,505.79,1444.0,44,0.0
2024-09-09 18:00:00,505.71,505.86,502.48,503.97,1483.0,44,0.0
2024-09-09 19:00:00,503.96,504.91,502.93,504.72,1079.0,44,0.0
2024-09-10 10:00:00,502.04,502.93,501.44,502.09,878.0,67,0.0
2024-09-10 11:00:00,502.14,504.88,502.14,504.7,593.0,67,0.0
2024-09-10 12:00:00,504.76,507.17,504.67,507.01,498.0,67,0.0
2024-09-10 13:00:00,507.08,513.61,506.71,508.97,2117.0,44,0.0
2024-09-10 14:00:00,508.97,510.02,500.83,502.37,2700.0,44,0.0
2024-09-10 15:00:00,502.3,504.05,500.32,500.46,1754.0,44,0.0
2024-09-10 16:00:00,500.38,502.8,499.6,502.01,1289.0,44,0.0
2024-09-10 17:00:00,502.0,504.34,501.9,504.08,1174.0,44,0.0
2024-09-10 18:00:00,504.08,506.19,504.08,505.11,1228.0,44,0.0
2024-09-10 19:00:00,505.08,506.51,504.97,505.49,769.0,44,0.0
2024-09-11 10:00:00,503.13,503.94,502.54,503.64,1444.0,67,0.0
2024-09-11 11:00:00,503.7,506.1,503.36,505.34,280.0,67,0.0
2024-09-11 12:00:00,505.35,506.91,501.64,506.86,1015.0,67,0.0
2024-09-11 13:00:00,506.79,507.76,503.07,505.3,2008.0,44,0.0
2024-09-11 14:00:00,505.22,506.4,495.12,496.91,2674.0,44,0.0
2024-09-11 15:00:00,496.87,501.95,495.22,500.4,1923.0,44,0.0
2024-09-11 16:00:00,500.32,505.44,499.95,503.88,1627.0,44,0.0
2024-09-11 17:00:00,503.91,507.97,503.57,506.72,1434.0,44,0.0
2024-09-11 18:00:00,506.7,507.3,505.24,506.85,1325.0,44,0.0
2024-09-11 19:00:00,506.87,510.98,506.68,509.87,1242.0,44,0.0
2024-09-12 10:00:00,513.31,514.12,512.92,513.77,778.0,67,0.0
2024-09-12 11:00:00,513.49,514.13,512.91,513.92,362.0,67,0.0
2024-09-12 12:00:00,513.89,515.68,512.46,514.01,797.0,67,0.0
2024-09-12 13:00:00,514.02,519.58,513.3,518.1,2637.0,44,0.0
2024-09-12 14:00:00,518.19,521.54,516.58,518.28,2705.0,44,0.0
2024-09-12 15:00:00,518.23,520.61,517.17,518.52,1666.0,44,0.0
2024-09-12 16:00:00,518.55,521.37,517.98,521.37,1134.0,44,0.0
2024-09-12 17:00:00,521.45,524.92,521.3,524.86,1428.0,44,0.0
2024-09-12 18:00:00,524.86,525.82,522.19,525.26,1557.0,44,0.0
2024-09-12 19:00:00,525.19,526.03,523.87,524.79,1175.0,44,0.0
2024-09-13 10:00:00,527.0,527.21,526.38,526.69,149.0,67,0.0
2024-09-13 11:00:00,526.73,526.73,519.28,519.6,576.0,67,0.0
2024-09-13 12:00:00,519.7,521.18,518.04,518.04,747.0,67,0.0
2024-09-13 13:00:00,517.98,526.82,516.36,523.89,2740.0,44,0.0
2024-09-13 14:00:00,524.05,525.11,520.39,524.2,2262.0,44,0.0
2024-09-13 15:00:00,524.21,525.32,523.41,524.25,1217.0,44,0.0
2024-09-13 16:00:00,524.25,524.65,521.93,524.59,1080.0,44,0.0
2024-09-13 17:00:00,524.59,526.83,524.5,525.84,1217.0,44,0.0
2024-09-13 18:00:00,525.84,526.16,523.49,523.85,1167.0,44,0.0
2024-09-13 19:00:00,523.85,524.94,523.32,524.65,771.0,44,0.0
2024-09-16 10:00:00,524.71,524.89,523.98,524.41,141.0,67,0.0
2024-09-16 11:00:00,524.52,525.18,523.89,524.33,281.0,67,0.0
2024-09-16 12:00:00,524.26,524.42,522.86,523.99,673.0,67,0.0
2024-09-16 13:00:00,524.05,524.33,517.39,520.16,1860.0,44,0.0
2024-09-16 14:00:00,520.09,521.22,517.22,519.01,1827.0,44,0.0
2024-09-16 15:00:00,518.96,523.36,518.02,523.32,1278.0,44,0.0
2024-09-16 16:00:00,523.33,525.72,521.83,525.62,1177.0,44,0.0
2024-09-16 17:00:00,525.61,529.51,524.41,529.41,1273.0,44,0.0
2024-09-16 18:00:00,529.41,532.48,528.92,531.22,1659.0,44,0.0
2024-09-16 19:00:00,531.2,532.89,529.34,532.68,1198.0,44,0.0
2024-09-17 10:00:00,534.24,534.72,534.24,534.56,45.0,67,0.0
2024-09-17 11:00:00,534.56,536.25,534.23,536.07,317.0,67,0.0
2024-09-17 12:00:00,536.06,538.2,534.77,537.33,550.0,67,0.0
2024-09-17 13:00:00,537.32,541.85,535.67,540.47,2387.0,44,0.0
2024-09-17 14:00:00,540.77,540.84,534.09,534.75,2145.0,44,0.0
2024-09-17 15:00:00,534.67,536.03,532.83,535.14,1374.0,44,0.0
2024-09-17 16:00:00,535.09,535.8,530.81,532.15,1462.0,44,0.0
2024-09-17 17:00:00,532.15,534.45,530.44,533.05,1283.0,44,0.0
2024-09-17 18:00:00,532.79,535.78,532.79,533.45,1211.0,44,0.0
2024-09-17 19:00:00,533.45,534.57,533.08,533.53,776.0,44,0.0
2024-09-18 10:00:00,536.38,536.94,535.99,536.25,300.0,67,0.0
2024-09-18 11:00:00,536.24,537.56,536.24,536.8,253.0,67,0.0
2024-09-18 12:00:00,536.68,539.3,535.19,539.01,667.0,67,0.0
2024-09-18 13:00:00,539.03,539.39,535.07,536.2,1861.0,44,0.0
2024-09-18 14:00:00,536.28,539.2,534.93,538.11,1648.0,44,0.0
2024-09-18 15:00:00,538.08,538.08,533.98,534.18,1151.0,44,0.0
2024-09-18 16:00:00,534.17,536.48,533.72,536.28,933.0,44,0.0
2024-09-18 17:00:00,536.28,536.81,535.28,536.06,904.0,44,0.0
2024-09-18 18:00:00,535.98,543.91,534.86,539.83,4584.0,44,0.0
2024-09-18 19:00:00,539.83,542.33,536.77,538.74,3034.0,44,0.0
2024-09-19 10:00:00,549.17,550.09,548.76,549.72,383.0,67,0.0
2024-09-19 11:00:00,549.67,551.63,548.21,551.56,508.0,67,0.0
2024-09-19 12:00:00,551.71,552.43,549.83,550.35,531.0,67,0.0
2024-09-19 13:00:00,550.32,552.1,546.39,547.07,2432.0,44,0.0
2024-09-19 14:00:00,547.16,557.71,546.69,556.43,2530.0,44,0.0
2024-09-19 15:00:00,556.43,561.06,556.24,557.28,2001.0,44,0.0
2024-09-19 16:00:00,557.28,558.56,556.13,556.39,1312.0,44,0.0
2024-09-19 17:00:00,556.38,559.46,555.99,559.03,1197.0,44,0.0
2024-09-19 18:00:00,559.05,560.74,558.12,559.67,1320.0,44,0.0
2024-09-19 19:00:00,559.67,561.82,558.65,560.84,1283.0,44,0.0
2024-09-20 10:00:00,556.64,556.99,556.33,556.56,166.0,67,0.0
2024-09-20 11:00:00,556.55,558.33,556.43,557.94,223.0,67,0.0
2024-09-20 12:00:00,557.97,560.3,557.92,560.1,593.0,67,0.0
2024-09-20 13:00:00,560.11,563.54,557.43,558.75,2614.0,44,0.0
2024-09-20 14:00:00,558.93,561.45,558.19,558.2,2073.0,44,0.0
2024-09-20 15:00:00,558.21,562.42,556.21,562.04,1599.0,44,0.0
2024-09-20 16:00:00,562.11,564.25,561.89,562.98,1318.0,44,0.0
2024-09-20 17:00:00,563.01,563.52,561.7,562.77,1085.0,44,0.0
2024-09-20 18:00:00,562.76,563.29,561.02,563.06,1115.0,44,0.0
2024-09-20 19:00:00,563.03,563.96,562.26,563.71,957.0,44,0.0
2024-09-23 10:00:00,566.26,568.2,566.23,567.22,293.0,67,0.0
2024-09-23 11:00:00,567.18,569.04,565.24,568.47,680.0,67,0.0
2024-09-23 12:00:00,568.24,569.45,567.63,568.38,596.0,67,0.0
2024-09-23 13:00:00,568.51,572.02,565.34,571.23,2426.0,44,0.0
2024-09-23 14:00:00,571.16,573.61,567.39,568.5,2291.0,44,0.0
2024-09-23 15:00:00,568.5,568.52,564.65,565.55,1530.0,44,0.0
2024-09-23 16:00:00,565.51,565.63,563.07,563.39,1221.0,44,0.0
2024-09-23 17:00:00,563.39,565.16,562.27,564.91,1095.0,44,0.0
2024-09-23 18:00:00,564.93,565.71,563.28,565.12,956.0,44,0.0
2024-09-23 19:00:00,565.12,565.68,564.01,564.09,783.0,44,0.0
2024-09-24 10:00:00,566.85,567.93,566.72,566.8,390.0,67,0.0
2024-09-24 11:00:00,566.49,566.66,562.87,564.2,496.0,67,0.0
2024-09-24 12:00:00,563.94,565.24,563.91,564.59,285.0,67,0.0
2024-09-24 13:00:00,564.54,567.3,556.2,558.43,2947.0,44,0.0
2024-09-24 14:00:00,558.39,561.28,554.02,561.12,2834.0,44,0.0
2024-09-24 15:00:00,561.15,564.64,560.47,563.29,1688.0,44,0.0
2024-09-24 16:00:00,563.29,564.04,560.96,561.11,1300.0,44,0.0
2024-09-24 17:00:00,561.11,562.7,560.75,562.1,977.0,44,0.0
2024-09-24 18:00:00,562.09,562.8,561.17,562.42,876.0,44,0.0
2024-09-24 19:00:00,562.44,563.12,562.15,562.75,720.0,44,0.0
2024-09-25 10:00:00,561.41,561.56,561.3,561.41,289.0,67,0.0
2024-09-25 11:00:00,561.39,562.48,561.39,562.28,167.0,67,0.0
2024-09-25 12:00:00,562.28,563.82,562.27,562.98,227.0,67,0.0
2024-09-25 13:00:00,562.88,570.64,562.44,569.36,2056.0,44,0.0
2024-09-25 14:00:00,569.44,572.46,567.94,569.16,1868.0,44,0.0
2024-09-25 15:00:00,569.15,572.14,568.69,570.7,1343.0,44,0.0
2024-09-25 16:00:00,570.62,570.74,568.68,569.15,1092.0,44,0.0
2024-09-25 17:00:00,569.16,575.02,567.26,574.57,2090.0,44,0.0
2024-09-25 18:00:00,574.58,576.54,572.3,573.4,2539.0,44,0.0
2024-09-25 19:00:00,573.37,574.58,570.74,571.24,1046.0,44,0.0
2024-09-26 10:00:00,576.65,578.9,576.35,578.55,468.0,67,0.0
2024-09-26 11:00:00,578.45,579.46,576.83,578.25,641.0,67,0.0
2024-09-26 12:00:00,578.25,579.66,576.93,577.48,852.0,67,0.0
2024-09-26 13:00:00,577.62,577.62,572.04,572.92,2913.0,44,0.0
2024-09-26 14:00:00,572.76,573.0,562.99,563.89,2947.0,44,0.0
2024-09-26 15:00:00,563.88,566.74,562.7,566.07,1903.0,44,0.0
2024-09-26 16:00:00,566.07,566.07,562.28,563.49,1409.0,44,0.0
2024-09-26 17:00:00,563.49,565.13,562.22,564.72,1238.0,44,0.0
2024-09-26 18:00:00,564.72,567.58,564.21,567.2,1067.0,44,0.0
2024-09-26 19:00:00,567.17,569.18,566.93,568.1,978.0,44,0.0
2024-09-27 10:00:00,567.91,567.95,566.68,566.84,132.0,67,0.0
2024-09-27 11:00:00,566.77,567.96,566.63,567.96,443.0,67,0.0
2024-09-27 12:00:00,567.96,568.5,566.88,568.5,673.0,67,0.0
2024-09-27 13:00:00,568.11,570.4,567.1,567.39,1846.0,44,0.0
2024-09-27 14:00:00,567.5,568.44,564.9,566.66,1857.0,44,0.0
2024-09-27 15:00:00,566.53,566.85,564.43,564.9,1323.0,44,0.0
2024-09-27 16:00:00,564.91,569.14,564.77,568.78,1136.0,44,0.0
2024-09-27 17:00:00,568.81,569.73,566.96,568.98,1033.0,44,0.0
2024-09-27 18:00:00,568.98,569.34,566.79,568.66,1080.0,44,0.0
2024-09-27 19:00:00,568.63,568.65,566.46,566.46,745.0,44,0.0
2024-09-30 10:00:00,567.18,569.02,567.1,567.52,439.0,67,0.0
2024-09-30 11:00:00,567.32,567.32,564.17,564.41,676.0,67,0.0
2024-09-30 12:00:00,564.41,567.27,564.28,566.52,424.0,67,0.0
2024-09-30 13:00:00,566.5,569.99,564.76,567.03,1538.0,44,0.0
2024-09-30 14:00:00,566.98,569.46,564.69,569.27,1750.0,44,0.0
2024-09-30 15:00:00,569.27,573.83,569.27,571.81,1632.0,44,0.0
2024-09-30 16:00:00,571.81,574.4,571.51,572.67,1061.0,44,0.0
2024-09-30 17:00:00,572.7,573.0,569.42,570.03,1020.0,44,0.0
2024-09-30 18:00:00,570.03,570.33,566.73,568.61,1376.0,44,0.0
2024-09-30 19:00:00,568.58,570.7,567.9,570.67,794.0,44,0.0
2024-10-01 10:00:00,575.01,577.02,574.94,576.95,233.0,67,0.0
2024-10-01 11:00:00,576.76,577.54,575.06,575.96,357.0,67,0.0
2024-10-01 12:00:00,575.98,576.74,575.6,576.74,379.0,67,0.0
2024-10-01 13:00:00,576.79,582.68,573.93,578.01,3223.0,44,0.0
2024-10-01 14:00:00,577.98,581.76,574.54,575.38,3296.0,44,0.0
2024-10-01 15:00:00,575.38,575.6,569.9,573.11,2177.0,44,0.0
2024-10-01 16:00:00,573.08,576.98,572.78,576.3,1760.0,44,0.0
2024-10-01 17:00:00,576.29,578.17,572.97,578.15,1755.0,44,0.0
2024-10-01 18:00:00,578.15,579.8,578.0,578.51,1569.0,44,0.0
2024-10-01 19:00:00,578.51,579.32,575.66,576.62,1111.0,44,0.0
2024-10-02 10:00:00,575.89,579.41,574.98,578.98,1603.0,67,0.0
2024-10-02 11:00:00,578.6,578.74,576.89,577.09,716.0,67,0.0
2024-10-02 12:00:00,577.07,578.09,575.78,577.26,1157.0,67,0.0
2024-10-02 13:00:00,577.27,577.62,569.42,570.9,2472.0,44,0.0
2024-10-02 14:00:00,570.94,574.56,570.05,572.32,1743.0,44,0.0
2024-10-02 15:00:00,572.29,574.38,571.96,573.16,1198.0,44,0.0
2024-10-02 16:00:00,573.16,575.63,572.32,572.39,1047.0,44,0.0
2024-10-02 17:00:00,572.37,574.05,571.32,573.83,924.0,44,0.0
2024-10-02 18:00:00,573.83,574.12,572.21,572.91,820.0,44,0.0
2024-10-02 19:00:00,572.91,573.7,572.49,573.28,629.0,44,0.0
2024-10-03 10:00:00,568.13,570.17,567.67,569.93,913.0,67,0.0
2024-10-03 11:00:00,569.61,571.29,569.61,570.69,341.0,67,0.0
2024-10-03 12:00:00,570.71,571.47,569.25,569.57,453.0,67,0.0
2024-10-03 13:00:00,569.62,574.94,568.4,574.64,1732.0,44,0.0
2024-10-03 14:00:00,574.84,576.77,571.49,574.76,2445.0,44,0.0
2024-10-03 15:00:00,574.76,581.21,574.59,580.1,2015.0,44,0.0
2024-10-03 16:00:00,580.19,580.93,578.04,578.83,1357.0,44,0.0
2024-10-03 17:00:00,578.83,581.82,578.47,580.14,1250.0,44,0.0
2024-10-03 18:00:00,580.16,581.07,579.21,579.81,826.0,44,0.0
2024-10-03 19:00:00,579.81,582.24,579.31,581.98,773.0,44,0.0
2024-10-04 10:00:00,585.34,585.8,583.92,584.32,473.0,67,0.0
2024-10-04 11:00:00,584.2,585.14,582.79,583.32,424.0,67,0.0
2024-10-04 12:00:00,583.43,587.41,583.43,586.44,921.0,67,0.0
2024-10-04 13:00:00,586.47,588.31,581.59,584.11,2598.0,44,0.0
2024-10-04 14:00:00,584.04,586.27,581.28,583.81,2357.0,44,0.0
2024-10-04 15:00:00,583.72,587.02,583.05,585.86,1603.0,44,0.0
2024-10-04 16:00:00,585.92,587.48,584.43,586.85,1212.0,44,0.0
2024-10-04 17:00:00,586.87,591.64,586.65,590.05,1527.0,44,0.0
2024-10-04 18:00:00,590.09,592.93,589.7,592.78,1392.0,44,0.0
2024-10-04 19:00:00,592.78,594.59,592.41,594.31,1046.0,44,0.0
2024-10-07 10:00:00,595.85,595.88,594.03,594.35,1348.0,67,0.0
2024-10-07 11:00:00,594.49,594.67,593.4,594.39,522.0,67,0.0
2024-10-07 12:00:00,594.39,594.66,593.46,594.6,394.0,67,0.0
2024-10-07 13:00:00,594.6,602.54,593.6,595.09,3321.0,44,0.0
2024-10-07 14:00:00,595.14,597.91,594.04,596.06,2153.0,44,0.0
2024-10-07 15:00:00,595.97,595.98,593.54,594.65,1373.0,44,0.0
2024-10-07 16:00:00,594.65,594.67,591.65,592.52,1125.0,44,0.0
2024-10-07 17:00:00,592.53,593.07,590.34,591.13,1091.0,44,0.0
2024-10-07 18:00:00,591.11,591.11,584.01,584.21,1805.0,44,0.0
2024-10-07 19:00:00,584.16,586.22,583.88,584.48,1231.0,44,0.0
2024-10-08 10:00:00,588.08,588.83,587.11,588.33,589.0,67,0.0
2024-10-08 11:00:00,588.18,588.62,587.66,588.47,473.0,67,0.0
2024-10-08 12:00:00,588.49,588.77,587.47,587.95,520.0,67,0.0
2024-10-08 13:00:00,587.93,589.93,585.73,589.48,1787.0,44,0.0
2024-10-08 14:00:00,589.48,592.91,589.37,589.66,2360.0,44,0.0
2024-10-08 15:00:00,589.66,590.2,587.84,589.85,1260.0,44,0.0
2024-10-08 16:00:00,589.85,590.29,587.74,588.53,877.0,44,0.0
2024-10-08 17:00:00,588.53,588.72,586.71,587.56,1046.0,44,0.0
2024-10-08 18:00:00,587.56,589.99,587.56,589.43,880.0,44,0.0
2024-10-08 19:00:00,589.4,592.19,588.89,591.91,843.0,44,0.0
2024-10-09 10:00:00,592.59,593.98,592.57,593.74,688.0,67,0.0
2024-10-09 11:00:00,593.71,593.93,591.88,591.94,287.0,67,0.0
2024-10-09 12:00:00,591.87,592.9,591.27,592.63,427.0,67,0.0
2024-10-09 13:00:00,592.63,594.11,582.49,583.03,1872.0,44,0.0
2024-10-09 14:00:00,583.08,587.88,581.44,587.39,2184.0,44,0.0
2024-10-09 15:00:00,587.42,589.16,587.04,588.62,1356.0,44,0.0
2024-10-09 16:00:00,588.63,588.63,585.91,586.83,1302.0,44,0.0
2024-10-09 17:00:00,586.84,589.12,586.63,588.8,1052.0,44,0.0
2024-10-09 18:00:00,588.9,591.88,588.18,590.51,1168.0,44,0.0
2024-10-09 19:00:00,590.51,591.43,588.34,589.74,878.0,44,0.0
2024-10-10 10:00:00,589.37,590.24,588.88,589.15,547.0,67,0.0
2024-10-10 11:00:00,589.24,589.89,588.77,589.74,353.0,67,0.0
2024-10-10 12:00:00,589.73,589.85,584.7,586.87,988.0,67,0.0
2024-10-10 13:00:00,586.88,589.84,585.63,588.34,2031.0,44,0.0
2024-10-10 14:00:00,588.22,589.77,584.14,584.62,1920.0,44,0.0
2024-10-10 15:00:00,584.62,586.6,584.23,586.6,1091.0,44,0.0
2024-10-10 16:00:00,586.6,587.39,584.36,585.0,1048.0,44,0.0
2024-10-10 17:00:00,585.0,585.8,582.37,583.98,1091.0,44,0.0
2024-10-10 18:00:00,584.02,585.79,583.3,585.68,964.0,44,0.0
2024-10-10 19:00:00,585.68,585.69,584.23,585.43,766.0,44,0.0
2024-10-11 10:00:00,583.85,584.63,583.77,584.42,424.0,67,0.0
2024-10-11 11:00:00,584.42,585.06,584.36,584.57,281.0,67,0.0
2024-10-11 12:00:00,584.53,585.42,584.44,584.63,465.0,67,0.0
2024-10-11 13:00:00,584.63,586.36,582.48,586.27,1373.0,44,0.0
2024-10-11 14:00:00,586.2,588.06,583.14,584.12,1945.0,44,0.0
2024-10-11 15:00:00,584.18,587.08,583.21,586.91,1183.0,44,0.0
2024-10-11 16:00:00,586.91,587.64,585.91,587.44,953.0,44,0.0
2024-10-11 17:00:00,587.5,587.73,585.88,587.09,804.0,44,0.0
2024-10-11 18:00:00,587.09,589.79,586.82,588.53,965.0,44,0.0
2024-10-11 19:00:00,588.54,590.96,588.52,590.23,807.0,44,0.0
2024-10-14 10:00:00,592.71,594.34,592.71,593.93,254.0,67,0.0
2024-10-14 11:00:00,593.82,594.78,592.61,594.45,340.0,67,0.0
2024-10-14 12:00:00,594.54,594.65,593.63,594.15,369.0,67,0.0
2024-10-14 13:00:00,594.16,599.08,591.53,599.08,1993.0,44,0.0
2024-10-14 14:00:00,599.1,599.76,594.55,594.81,1970.0,44,0.0
2024-10-14 15:00:00,594.88,594.95,592.42,594.35,1626.0,44,0.0
2024-10-14 16:00:00,594.34,595.8,593.81,593.96,1018.0,44,0.0
2024-10-14 17:00:00,593.96,595.16,593.45,593.59,853.0,44,0.0
2024-10-14 18:00:00,593.54,593.57,592.36,592.55,858.0,44,0.0
2024-10-14 19:00:00,592.55,593.03,591.86,592.14,711.0,44,0.0
2024-10-15 10:00:00,589.38,589.88,589.18,589.88,213.0,67,0.0
2024-10-15 11:00:00,589.7,592.23,589.7,590.61,404.0,67,0.0
2024-10-15 12:00:00,590.63,592.12,589.57,591.91,482.0,67,0.0
2024-10-15 13:00:00,591.92,592.45,584.61,585.88,1932.0,44,0.0
2024-10-15 14:00:00,585.97,587.67,580.03,582.12,2859.0,44,0.0
2024-10-15 15:00:00,582.12,584.06,581.27,583.37,1659.0,44,0.0
2024-10-15 16:00:00,583.37,587.86,583.37,587.15,1319.0,44,0.0
2024-10-15 17:00:00,587.14,587.35,584.53,586.08,1120.0,44,0.0
2024-10-15 18:00:00,586.08,587.35,584.24,584.26,732.0,44,0.0
2024-10-15 19:00:00,584.32,584.74,581.64,583.87,1165.0,44,0.0
2024-10-16 10:00:00,587.02,587.37,586.86,587.08,784.0,67,0.0
2024-10-16 11:00:00,587.07,587.15,586.14,586.75,403.0,67,0.0
2024-10-16 12:00:00,586.75,586.81,583.13,583.13,400.0,67,0.0
2024-10-16 13:00:00,583.73,584.05,576.03,576.29,2091.0,44,0.0
2024-10-16 14:00:00,576.23,578.59,575.42,576.29,1779.0,44,0.0
2024-10-16 15:00:00,576.28,576.98,574.45,574.95,1262.0,44,0.0
2024-10-16 16:00:00,574.98,576.27,573.96,576.25,982.0,44,0.0
2024-10-16 17:00:00,576.28,576.67,573.85,574.84,877.0,44,0.0
2024-10-16 18:00:00,574.77,577.76,574.74,577.12,915.0,44,0.0
2024-10-16 19:00:00,577.12,577.83,576.26,576.89,713.0,44,0.0
2024-10-17 10:00:00,580.97,582.35,580.87,582.02,305.0,67,0.0
2024-10-17 11:00:00,581.6,582.06,579.63,579.97,383.0,67,0.0
2024-10-17 12:00:00,579.97,581.98,579.39,581.45,704.0,67,0.0
2024-10-17 13:00:00,581.43,584.5,576.23,577.19,1900.0,44,0.0
2024-10-17 14:00:00,577.39,578.46,575.03,576.33,1865.0,44,0.0
2024-10-17 15:00:00,576.33,581.61,575.19,581.61,1146.0,44,0.0
2024-10-17 16:00:00,581.62,581.91,578.84,579.39,817.0,44,0.0
2024-10-17 17:00:00,579.43,580.82,578.7,578.86,671.0,44,0.0
2024-10-17 18:00:00,578.84,578.84,575.86,577.87,1025.0,44,0.0
2024-10-17 19:00:00,577.88,578.01,576.25,576.96,733.0,44,0.0
2024-10-18 10:00:00,578.92,578.99,578.08,578.9,603.0,67,0.0
2024-10-18 11:00:00,578.9,580.24,578.48,579.98,309.0,67,0.0
2024-10-18 12:00:00,580.12,580.75,579.62,580.69,409.0,67,0.0
2024-10-18 13:00:00,580.69,583.65,577.99,581.44,1810.0,44,0.0
2024-10-18 14:00:00,581.49,582.66,578.27,578.7,1448.0,44,0.0
2024-10-18 15:00:00,578.7,580.93,578.43,578.52,988.0,44,0.0
2024-10-18 16:00:00,578.5,579.57,577.7,579.2,853.0,44,0.0
2024-10-18 17:00:00,579.16,580.71,578.73,578.92,824.0,44,0.0
2024-10-18 18:00:00,578.92,579.4,577.86,578.27,702.0,44,0.0
2024-10-18 19:00:00,578.24,578.28,575.89,575.94,617.0,44,0.0
2024-10-21 10:00:00,575.99,575.99,574.76,574.88,526.0,67,0.0
2024-10-21 11:00:00,575.19,575.78,574.3,574.83,535.0,67,0.0
2024-10-21 12:00:00,574.82,576.06,574.48,575.57,423.0,67,0.0
2024-10-21 13:00:00,575.56,576.7,571.26,572.74,1619.0,44,0.0
2024-10-21 14:00:00,572.83,573.71,569.84,571.58,1561.0,44,0.0
2024-10-21 15:00:00,571.54,571.63,568.97,571.38,1239.0,44,0.0
2024-10-21 16:00:00,571.41,573.43,571.37,573.02,776.0,44,0.0
2024-10-21 17:00:00,573.03,573.96,572.72,573.58,703.0,44,0.0
2024-10-21 18:00:00,573.64,573.64,572.09,572.17,639.0,44,0.0
2024-10-21 19:00:00,572.18,574.11,571.97,572.89,549.0,44,0.0
2024-10-22 10:00:00,571.86,572.53,571.57,572.27,527.0,67,0.0
2024-10-22 11:00:00,572.28,573.22,572.03,572.58,431.0,67,0.0
2024-10-22 12:00:00,572.59,573.48,570.61,571.87,737.0,67,0.0
2024-10-22 13:00:00,571.85,576.83,571.17,575.26,1608.0,44,0.0
2024-10-22 14:00:00,575.33,579.35,574.15,579.06,1765.0,44,0.0
2024-10-22 15:00:00,579.07,579.39,577.06,578.67,935.0,44,0.0
2024-10-22 16:00:00,578.68,579.19,576.89,578.93,824.0,44,0.0
2024-10-22 17:00:00,578.87,582.01,578.08,581.83,970.0,44,0.0
2024-10-22 18:00:00,581.84,583.29,580.2,580.35,996.0,44,0.0
2024-10-22 19:00:00,580.35,581.43,580.25,580.72,702.0,44,0.0
2024-10-23 10:00:00,580.94,583.56,580.11,581.37,1692.0,67,0.0
2024-10-23 11:00:00,581.36,582.55,581.15,582.14,218.0,67,0.0
2024-10-23 12:00:00,582.08,582.98,580.71,581.71,659.0,67,0.0
2024-10-23 13:00:00,581.87,584.58,577.4,579.48,1670.0,44,0.0
2024-10-23 14:00:00,579.46,581.33,575.73,579.31,1634.0,44,0.0
2024-10-23 15:00:00,579.34,579.62,572.27,573.33,1517.0,44,0.0
2024-10-23 16:00:00,573.22,573.27,568.17,569.1,1612.0,44,0.0
2024-10-23 17:00:00,569.05,569.05,564.75,565.08,1705.0,44,0.0
2024-10-23 18:00:00,565.05,565.3,562.72,563.21,1527.0,44,0.0
2024-10-23 19:00:00,563.18,564.64,562.3,564.06,1066.0,44,0.0
2024-10-24 10:00:00,568.42,569.43,568.15,568.27,328.0,67,0.0
2024-10-24 11:00:00,567.89,568.91,567.44,568.58,589.0,67,0.0
2024-10-24 12:00:00,568.57,568.75,566.47,566.5,634.0,67,0.0
2024-10-24 13:00:00,566.61,567.68,563.73,567.66,1631.0,44,0.0
2024-10-24 14:00:00,567.67,568.54,564.08,564.21,1500.0,44,0.0
2024-10-24 15:00:00,564.22,565.32,561.38,563.61,1138.0,44,0.0
2024-10-24 16:00:00,563.66,566.84,562.87,566.52,1114.0,44,0.0
2024-10-24 17:00:00,566.53,567.43,565.76,566.0,801.0,44,0.0
2024-10-24 18:00:00,566.0,566.95,565.56,566.67,657.0,44,0.0
2024-10-24 19:00:00,566.64,567.21,565.98,566.76,591.0,44,0.0
2024-10-25 10:00:00,572.66,572.75,571.89,571.97,111.0,67,0.0
2024-10-25 11:00:00,571.86,572.14,570.71,571.56,334.0,67,0.0
2024-10-25 12:00:00,571.5,573.34,571.49,573.29,344.0,67,0.0
2024-10-25 13:00:00,573.29,576.45,571.55,576.39,1706.0,44,0.0
2024-10-25 14:00:00,576.4,581.0,575.69,578.94,1899.0,44,0.0
2024-10-25 15:00:00,578.97,579.39,575.26,576.3,1316.0,44,0.0
2024-10-25 16:00:00,576.22,579.44,575.77,578.35,1090.0,44,0.0
2024-10-25 17:00:00,578.35,578.35,574.2,574.94,1296.0,44,0.0
2024-10-25 18:00:00,574.9,575.5,573.48,574.7,1224.0,44,0.0
2024-10-25 19:00:00,574.64,574.71,573.43,574.25,641.0,44,0.0
2024-10-28 10:00:00,580.46,581.48,580.23,580.43,248.0,67,0.0
2024-10-28 11:00:00,580.41,580.64,578.82,580.23,373.0,67,0.0
2024-10-28 12:00:00,580.11,581.35,579.29,581.01,462.0,67,0.0
2024-10-28 13:00:00,581.01,583.22,574.42,576.01,2013.0,44,0.0
2024-10-28 14:00:00,576.0,577.91,574.7,575.14,1724.0,44,0.0
2024-10-28 15:00:00,575.19,576.42,573.99,576.23,1526.0,44,0.0
2024-10-28 16:00:00,576.17,577.8,575.85,577.0,1060.0,44,0.0
2024-10-28 17:00:00,576.99,579.54,576.51,579.24,1155.0,44,0.0
2024-10-28 18:00:00,579.24,580.46,578.12,579.61,1233.0,44,0.0
2024-10-28 19:00:00,579.42,580.05,578.03,578.56,751.0,44,0.0
2024-10-29 10:00:00,579.38,579.93,579.05,579.28,472.0,67,0.0
2024-10-29 11:00:00,579.52,580.06,578.04,578.77,601.0,67,0.0
2024-10-29 12:00:00,578.72,579.1,577.42,578.85,385.0,67,0.0
2024-10-29 13:00:00,578.77,580.03,575.26,578.0,1548.0,44,0.0
2024-10-29 14:00:00,578.0,587.11,577.63,586.5,1977.0,44,0.0
2024-10-29 15:00:00,586.52,589.72,586.18,587.85,1597.0,44,0.0
2024-10-29 16:00:00,587.84,588.62,585.81,587.29,1113.0,44,0.0
2024-10-29 17:00:00,587.28,590.0,587.19,589.26,1093.0,44,0.0
2024-10-29 18:00:00,589.26,590.47,588.95,590.47,868.0,44,0.0
2024-10-29 19:00:00,590.44,593.3,590.07,593.01,791.0,44,0.0
2024-10-30 10:00:00,605.15,605.4,603.86,605.1,507.0,67,0.0
2024-10-30 11:00:00,605.25,607.55,604.37,606.19,682.0,67,0.0
2024-10-30 12:00:00,606.33,607.48,603.56,604.13,823.0,67,0.0
2024-10-30 13:00:00,604.15,604.58,591.96,594.53,3006.0,44,0.0
2024-10-30 14:00:00,594.55,598.65,594.38,597.63,2310.0,44,0.0
2024-10-30 15:00:00,597.57,600.28,594.18,599.71,1848.0,44,0.0
2024-10-30 16:00:00,599.71,599.99,596.49,597.22,1440.0,44,0.0
2024-10-30 17:00:00,597.19,597.24,592.85,593.89,1500.0,44,0.0
2024-10-30 18:00:00,593.89,596.03,592.7,593.42,1343.0,44,0.0
2024-10-30 19:00:00,593.36,594.97,589.19,592.39,1714.0,44,0.0
2024-10-31 10:00:00,569.5,569.8,567.22,569.52,691.0,67,0.0
2024-10-31 11:00:00,569.52,580.6,569.52,579.36,1684.0,67,0.0
2024-10-31 12:00:00,579.11,585.87,577.53,582.37,2405.0,67,0.0
2024-10-31 13:00:00,582.3,589.44,573.34,578.32,5066.0,44,0.0
2024-10-31 14:00:00,578.26,579.26,570.68,573.53,3590.0,44,0.0
2024-10-31 15:00:00,573.61,573.61,565.79,566.87,2575.0,44,0.0
2024-10-31 16:00:00,566.83,569.59,566.2,567.58,2040.0,44,0.0
2024-10-31 17:00:00,567.58,569.62,563.8,564.86,1821.0,44,0.0
2024-10-31 18:00:00,564.88,565.48,562.86,564.86,1676.0,44,0.0
2024-10-31 19:00:00,564.84,570.72,564.84,569.17,1667.0,44,0.0
2024-11-01 10:00:00,569.49,569.6,568.84,569.11,196.0,67,0.0
2024-11-01 11:00:00,569.1,570.14,568.85,569.39,413.0,67,0.0
2024-11-01 12:00:00,569.45,572.82,569.45,572.14,1088.0,67,0.0
2024-11-01 13:00:00,571.81,572.22,562.44,566.29,2502.0,44,0.0
2024-11-01 14:00:00,566.57,572.96,564.33,569.93,2340.0,44,0.0
2024-11-01 15:00:00,569.95,573.37,569.17,569.66,1590.0,44,0.0
2024-11-01 16:00:00,569.63,572.46,569.35,571.98,1188.0,44,0.0
2024-11-01 17:00:00,571.99,572.63,569.98,571.77,1169.0,44,0.0
2024-11-01 18:00:00,571.75,572.39,568.1,568.67,1253.0,44,0.0
2024-11-01 19:00:00,568.68,569.7,566.79,567.61,951.0,44,0.0
2024-11-04 11:00:00,565.13,565.83,564.99,565.35,342.0,67,0.0
2024-11-04 12:00:00,565.4,565.48,561.9,563.19,578.0,67,0.0
2024-11-04 13:00:00,563.28,563.56,562.26,563.26,617.0,67,0.0
2024-11-04 14:00:00,563.12,565.21,557.78,562.29,2136.0,44,0.0
2024-11-04 15:00:00,562.2,567.92,562.03,567.46,1750.0,44,0.0
2024-11-04 16:00:00,567.53,568.39,561.07,561.72,1554.0,44,0.0
2024-11-04 17:00:00,561.7,563.91,559.34,563.16,1341.0,44,0.0
2024-11-04 18:00:00,563.17,564.64,562.35,563.98,911.0,44,0.0
2024-11-04 19:00:00,563.98,564.47,561.26,561.67,954.0,44,0.0
2024-11-04 20:00:00,561.66,562.17,559.4,560.26,899.0,44,0.0
2024-11-05 11:00:00,562.64,563.38,562.37,563.13,337.0,67,0.0
2024-11-05 12:00:00,563.07,563.41,561.8,562.45,289.0,67,0.0
2024-11-05 13:00:00,562.5,563.09,561.9,562.22,384.0,67,0.0
2024-11-05 14:00:00,562.32,571.36,561.83,569.43,2032.0,44,0.0
2024-11-05 15:00:00,569.58,570.83,567.19,568.39,1722.0,44,0.0
2024-11-05 16:00:00,568.38,570.37,567.51,569.91,1050.0,44,0.0
2024-11-05 17:00:00,569.91,572.5,569.79,571.62,970.0,44,0.0
2024-11-05 18:00:00,571.62,572.51,569.29,569.3,862.0,44,0.0
2024-11-05 19:00:00,569.31,570.0,568.18,568.96,937.0,44,0.0
2024-11-05 20:00:00,568.92,571.51,568.7,571.29,734.0,44,0.0
2024-11-06 11:00:00,561.42,563.88,559.35,560.56,1216.0,67,0.0
2024-11-06 12:00:00,560.88,568.86,560.46,567.08,1704.0,67,0.0
2024-11-06 13:00:00,567.11,571.27,565.5,567.46,1266.0,67,0.0
2024-11-06 14:00:00,567.44,567.65,554.94,561.68,4028.0,44,0.0
2024-11-06 15:00:00,561.91,572.75,560.31,566.63,3001.0,44,0.0
2024-11-06 16:00:00,566.85,568.2,563.95,565.26,1730.0,44,0.0
2024-11-06 17:00:00,565.17,566.43,561.29,561.32,1399.0,44,0.0
2024-11-06 18:00:00,561.32,566.4,561.04,565.84,1286.0,44,0.0
2024-11-06 19:00:00,565.83,568.61,565.64,566.95,1321.0,44,0.0
2024-11-06 20:00:00,566.89,570.21,566.69,570.01,1043.0,44,0.0
2024-11-07 11:00:00,569.85,569.98,568.84,569.23,453.0,67,0.0
2024-11-07 12:00:00,569.41,572.53,569.2,572.3,518.0,67,0.0
2024-11-07 13:00:00,572.3,574.28,572.22,573.99,748.0,67,0.0
2024-11-07 14:00:00,573.98,587.24,573.55,584.25,2235.0,44,0.0
2024-11-07 15:00:00,584.29,590.73,583.87,588.95,2214.0,44,0.0
2024-11-07 16:00:00,588.97,592.93,587.74,592.9,1599.0,44,0.0
2024-11-07 17:00:00,592.92,592.92,588.62,591.6,1225.0,44,0.0
2024-11-07 18:00:00,591.6,592.34,589.98,591.46,1150.0,44,0.0
2024-11-07 19:00:00,591.45,593.33,591.21,593.0,1491.0,44,0.0
2024-11-07 20:00:00,593.03,594.51,591.66,591.78,1102.0,44,0.0
2024-11-08 11:00:00,588.49,589.35,587.09,588.74,671.0,67,0.0
2024-11-08 12:00:00,588.73,590.41,588.56,590.05,522.0,67,0.0
2024-11-08 13:00:00,590.11,590.56,588.36,589.12,895.0,67,0.0
2024-11-08 14:00:00,589.24,592.87,587.78,588.44,2039.0,44,0.0
2024-11-08 15:00:00,588.44,588.64,584.98,586.6,1768.0,44,0.0
2024-11-08 16:00:00,586.59,587.23,584.45,585.61,1237.0,44,0.0
2024-11-08 17:00:00,585.59,586.86,584.39,586.04,954.0,44,0.0
2024-11-08 18:00:00,586.04,588.24,585.51,587.8,901.0,44,0.0
2024-11-08 19:00:00,587.79,588.73,586.6,588.6,806.0,44,0.0
2024-11-08 20:00:00,588.63,589.06,587.45,588.32,728.0,44,0.0
2024-11-11 11:00:00,587.43,587.58,586.97,587.09,182.0,67,0.0
2024-11-11 12:00:00,587.09,590.65,587.09,589.79,814.0,67,0.0
2024-11-11 13:00:00,589.84,590.27,587.5,588.1,491.0,67,0.0
2024-11-11 14:00:00,588.12,588.59,576.74,576.79,2123.0,44,0.0
2024-11-11 15:00:00,576.84,582.17,576.43,580.91,1754.0,44,0.0
2024-11-11 16:00:00,580.91,583.13,579.49,582.59,1177.0,44,0.0
2024-11-11 17:00:00,582.58,582.9,580.8,582.23,834.0,44,0.0
2024-11-11 18:00:00,582.21,585.35,580.69,585.09,923.0,44,0.0
2024-11-11 19:00:00,585.09,585.33,582.76,582.85,811.0,44,0.0
2024-11-11 20:00:00,582.85,583.43,582.32,582.63,590.0,44,0.0
2024-11-12 11:00:00,580.43,581.47,579.96,580.35,415.0,67,0.0
2024-11-12 12:00:00,580.65,581.11,579.13,580.97,829.0,67,0.0
2024-11-12 13:00:00,581.02,587.39,579.93,585.5,857.0,67,0.0
2024-11-12 14:00:00,585.52,599.32,585.52,595.41,2571.0,44,0.0
2024-11-12 15:00:00,595.48,595.66,581.11,583.48,3041.0,44,0.0
2024-11-12 16:00:00,583.49,586.74,580.25,582.41,2108.0,44,0.0
2024-11-12 17:00:00,582.36,586.59,581.88,582.72,1481.0,44,0.0
2024-11-12 18:00:00,582.65,586.61,582.27,586.57,1237.0,44,0.0
2024-11-12 19:00:00,586.42,587.29,584.97,585.42,1607.0,44,0.0
2024-11-12 20:00:00,585.43,585.64,584.32,585.57,1434.0,44,0.0
2024-11-13 11:00:00,581.99,582.21,581.74,581.97,440.0,67,0.0
2024-11-13 12:00:00,582.0,583.55,581.88,583.02,718.0,67,0.0
2024-11-13 13:00:00,583.03,586.37,582.74,584.8,924.0,67,0.0
2024-11-13 14:00:00,584.81,585.5,575.01,576.83,2273.0,44,0.0
2024-11-13 15:00:00,576.82,582.33,576.33,579.49,1812.0,44,0.0
2024-11-13 16:00:00,579.5,582.0,578.7,581.81,1714.0,44,0.0
2024-11-13 17:00:00,581.76,585.14,581.36,583.7,1089.0,44,0.0
2024-11-13 18:00:00,583.7,585.38,582.83,584.72,993.0,44,0.0
2024-11-13 19:00:00,584.72,584.72,580.7,581.0,1112.0,44,0.0
2024-11-13 20:00:00,581.0,582.41,580.5,581.26,815.0,44,0.0
2024-11-14 11:00:00,579.1,580.5,578.52,580.23,654.0,67,0.0
2024-11-14 12:00:00,580.22,581.82,580.08,580.12,703.0,67,0.0
2024-11-14 13:00:00,580.12,580.46,576.57,578.04,939.0,67,0.0
2024-11-14 14:00:00,578.03,578.52,573.99,577.38,1794.0,44,0.0
2024-11-14 15:00:00,577.45,579.04,574.5,577.53,1688.0,44,0.0
2024-11-14 16:00:00,577.59,580.38,577.45,578.04,1182.0,44,0.0
2024-11-14 17:00:00,578.06,578.38,573.79,575.67,1167.0,44,0.0
2024-11-14 18:00:00,575.65,576.58,573.3,573.37,883.0,44,0.0
2024-11-14 19:00:00,573.37,575.48,573.37,574.74,971.0,44,0.0
2024-11-14 20:00:00,574.74,574.75,572.85,574.49,1012.0,44,0.0
2024-11-15 11:00:00,572.31,573.05,572.23,572.26,346.0,67,0.0
2024-11-15 12:00:00,572.3,573.49,572.16,573.36,455.0,67,0.0
2024-11-15 13:00:00,573.36,573.53,571.31,572.27,707.0,67,0.0
2024-11-15 14:00:00,572.27,572.36,566.14,566.97,1951.0,44,0.0
2024-11-15 15:00:00,567.03,567.3,562.0,563.16,2140.0,44,0.0
2024-11-15 16:00:00,563.16,565.12,559.22,560.4,1760.0,44,0.0
2024-11-15 17:00:00,560.33,560.43,554.07,555.34,2075.0,44,0.0
2024-11-15 18:00:00,555.27,556.38,551.87,552.92,1603.0,44,0.0
2024-11-15 19:00:00,552.9,556.99,552.68,555.78,1523.0,44,0.0
2024-11-15 20:00:00,555.83,556.13,552.22,552.27,1292.0,44,0.0
2024-11-18 11:00:00,553.27,553.63,552.99,553.36,279.0,67,0.0
2024-11-18 12:00:00,553.47,554.98,552.17,552.4,583.0,67,0.0
2024-11-18 13:00:00,552.47,553.0,550.04,552.69,857.0,67,0.0
2024-11-18 14:00:00,552.69,557.13,549.92,552.19,2429.0,44,0.0
2024-11-18 15:00:00,552.16,557.6,549.96,556.84,1986.0,44,0.0
2024-11-18 16:00:00,556.85,559.63,556.56,557.23,1378.0,44,0.0
2024-11-18 17:00:00,557.24,557.5,553.86,554.34,1089.0,44,0.0
2024-11-18 18:00:00,554.33,555.86,553.9,554.76,1098.0,44,0.0
2024-11-18 19:00:00,554.81,555.94,553.44,555.4,882.0,44,0.0
2024-11-18 20:00:00,555.4,555.82,554.63,555.53,651.0,44,0.0
2024-11-19 11:00:00,552.36,552.53,551.2,551.68,323.0,67,0.0
2024-11-19 12:00:00,551.7,552.56,550.82,552.42,618.0,67,0.0
2024-11-19 13:00:00,552.41,552.41,548.6,548.98,1057.0,67,0.0
2024-11-19 14:00:00,548.98,555.56,547.37,552.56,2045.0,44,0.0
2024-11-19 15:00:00,552.56,555.21,551.26,554.2,1657.0,44,0.0
2024-11-19 16:00:00,554.13,556.51,553.0,553.0,1152.0,44,0.0
2024-11-19 17:00:00,553.0,554.66,552.18,554.65,781.0,44,0.0
2024-11-19 18:00:00,554.68,558.33,554.35,557.8,976.0,44,0.0
2024-11-19 19:00:00,557.87,558.31,555.73,556.76,850.0,44,0.0
2024-11-19 20:00:00,556.76,559.5,556.51,558.92,624.0,44,0.0
2024-11-20 11:00:00,562.18,562.6,561.29,561.51,378.0,67,0.0
2024-11-20 12:00:00,561.5,562.98,561.33,562.87,480.0,67,0.0
2024-11-20 13:00:00,562.76,564.55,562.6,563.54,407.0,67,0.0
2024-11-20 14:00:00,563.59,564.96,557.6,557.67,1725.0,44,0.0
2024-11-20 15:00:00,557.66,559.31,554.04,559.15,1908.0,44,0.0
2024-11-20 16:00:00,559.15,565.47,558.1,565.17,1576.0,44,0.0
2024-11-20 17:00:00,565.11,566.05,560.65,561.16,1389.0,44,0.0
2024-11-20 18:00:00,561.21,561.52,559.0,560.28,894.0,44,0.0
2024-11-20 19:00:00,560.28,561.66,559.28,561.35,908.0,44,0.0
2024-11-20 20:00:00,561.39,564.43,560.79,563.94,746.0,44,0.0
2024-11-21 11:00:00,566.9,569.15,566.29,566.49,1210.0,67,0.0
2024-11-21 12:00:00,566.08,568.68,565.88,567.52,859.0,67,0.0
2024-11-21 13:00:00,567.51,569.81,567.08,568.79,1117.0,67,0.0
2024-11-21 14:00:00,568.77,571.23,556.26,557.13,2422.0,44,0.0
2024-11-21 15:00:00,557.18,559.04,549.02,556.49,2733.0,44,0.0
2024-11-21 16:00:00,556.56,558.89,555.94,558.18,2045.0,44,0.0
2024-11-21 17:00:00,558.19,561.93,557.22,560.63,1523.0,44,0.0
2024-11-21 18:00:00,560.63,562.74,560.52,561.8,1016.0,44,0.0
2024-11-21 19:00:00,561.79,562.45,560.07,562.45,1032.0,44,0.0
2024-11-21 20:00:00,562.45,563.72,561.61,562.74,806.0,44,0.0
2024-11-22 11:00:00,559.49,561.17,559.08,560.6,978.0,67,0.0
2024-11-22 12:00:00,560.93,562.02,560.07,561.58,911.0,67,0.0
2024-11-22 13:00:00,561.62,562.59,560.99,562.38,743.0,67,0.0
2024-11-22 14:00:00,562.35,563.69,556.39,560.43,1755.0,44,0.0
2024-11-22 15:00:00,560.17,561.93,557.1,558.67,1967.0,44,0.0
2024-11-22 16:00:00,558.67,558.69,554.48,556.36,1642.0,44,0.0
2024-11-22 17:00:00,556.43,559.92,556.08,559.28,1142.0,44,0.0
2024-11-22 18:00:00,559.29,561.15,558.31,558.59,1039.0,44,0.0
2024-11-22 19:00:00,558.59,558.98,556.96,558.93,906.0,44,0.0
2024-11-22 20:00:00,558.93,559.71,558.35,558.35,692.0,44,0.0
2024-11-25 11:00:00,560.26,560.62,559.98,560.34,359.0,67,0.0
2024-11-25 12:00:00,560.34,561.92,559.76,560.88,744.0,67,0.0
2024-11-25 13:00:00,560.88,562.15,560.8,561.14,594.0,67,0.0
2024-11-25 14:00:00,561.06,572.25,559.95,567.61,2208.0,44,0.0
2024-11-25 15:00:00,567.54,569.29,563.43,563.86,2083.0,44,0.0
2024-11-25 16:00:00,563.84,566.88,562.87,564.36,1214.0,44,0.0
2024-11-25 17:00:00,564.37,564.46,558.13,559.73,1494.0,44,0.0
2024-11-25 18:00:00,559.68,560.12,556.78,557.06,998.0,44,0.0
2024-11-25 19:00:00,557.06,560.09,556.3,560.09,889.0,44,0.0
2024-11-25 20:00:00,560.09,561.71,558.44,561.54,723.0,44,0.0
2024-11-26 11:00:00,564.18,566.27,564.13,565.98,541.0,67,0.0
2024-11-26 12:00:00,565.78,567.42,565.03,567.01,437.0,67,0.0
2024-11-26 13:00:00,566.95,566.95,565.33,566.28,406.0,67,0.0
2024-11-26 14:00:00,566.24,571.9,564.16,569.97,2045.0,44,0.0
2024-11-26 15:00:00,570.04,575.65,568.48,575.25,2080.0,44,0.0
2024-11-26 16:00:00,575.32,577.24,572.95,575.0,1494.0,44,0.0
2024-11-26 17:00:00,574.98,575.12,572.86,573.6,915.0,44,0.0
2024-11-26 18:00:00,573.6,575.82,573.01,575.15,885.0,44,0.0
2024-11-26 19:00:00,575.08,575.61,571.34,571.88,1126.0,44,0.0
2024-11-26 20:00:00,571.87,573.67,571.69,572.81,750.0,44,0.0
2024-11-27 11:00:00,573.37,573.42,572.94,573.35,163.0,67,0.0
2024-11-27 12:00:00,573.33,573.39,572.8,573.03,272.0,67,0.0
2024-11-27 13:00:00,573.02,575.06,572.61,574.57,481.0,67,0.0
2024-11-27 14:00:00,574.57,574.64,567.93,568.57,1529.0,44,0.0
2024-11-27 15:00:00,568.49,569.13,566.9,567.32,1596.0,44,0.0
2024-11-27 16:00:00,567.31,567.33,564.99,565.34,1218.0,44,0.0
2024-11-27 17:00:00,565.34,566.91,564.02,566.44,955.0,44,0.0
2024-11-27 18:00:00,566.45,569.05,566.3,568.96,830.0,44,0.0
2024-11-27 19:00:00,568.96,569.03,566.88,567.43,781.0,44,0.0
2024-11-27 20:00:00,567.38,568.46,567.34,568.15,688.0,44,0.0
2024-11-29 11:00:00,570.85,571.41,570.08,570.98,246.0,67,0.0
2024-11-29 12:00:00,570.85,570.85,569.0,569.29,347.0,67,0.0
2024-11-29 13:00:00,569.28,570.25,569.05,569.61,562.0,67,0.0
2024-11-29 14:00:00,569.63,572.63,566.64,572.63,1574.0,44,0.0
2024-11-29 15:00:00,572.67,574.05,571.42,573.52,1598.0,44,0.0
2024-11-29 16:00:00,573.5,578.2,573.44,575.98,1525.0,44,0.0
2024-11-29 17:00:00,575.98,575.98,573.13,574.15,1438.0,44,0.0
2024-12-02 11:00:00,573.48,575.17,573.39,574.77,562.0,67,0.0
2024-12-02 12:00:00,574.85,575.99,574.49,575.96,681.0,67,0.0
2024-12-02 13:00:00,575.86,577.87,575.71,576.45,676.0,67,0.0
2024-12-02 14:00:00,576.45,586.53,575.41,585.82,1941.0,44,0.0
2024-12-02 15:00:00,585.75,589.57,585.52,586.47,2322.0,44,0.0
2024-12-02 16:00:00,586.44,592.82,586.41,592.63,1486.0,44,0.0
2024-12-02 17:00:00,592.61,594.28,590.94,591.48,1432.0,44,0.0
2024-12-02 18:00:00,591.47,591.5,590.17,590.99,907.0,44,0.0
2024-12-02 19:00:00,590.99,591.42,589.54,590.57,859.0,44,0.0
2024-12-02 20:00:00,590.56,592.45,589.51,591.89,914.0,44,0.0
2024-12-03 11:00:00,593.57,593.95,593.19,593.87,164.0,67,0.0
2024-12-03 12:00:00,593.89,593.89,592.85,592.99,409.0,67,0.0
2024-12-03 13:00:00,593.0,595.62,593.0,594.85,609.0,67,0.0
2024-12-03 14:00:00,594.88,596.36,591.31,593.75,2456.0,44,0.0
2024-12-03 15:00:00,593.68,599.69,593.61,599.69,1942.0,44,0.0
2024-12-03 16:00:00,599.7,607.96,599.68,604.06,2437.0,44,0.0
2024-12-03 17:00:00,604.06,605.52,602.44,605.25,1380.0,44,0.0
2024-12-03 18:00:00,605.24,608.52,605.06,606.74,1195.0,44,0.0
2024-12-03 19:00:00,606.74,609.19,606.71,609.12,1186.0,44,0.0
2024-12-03 20:00:00,609.13,611.31,608.83,610.81,1165.0,44,0.0
2024-12-04 11:00:00,615.31,616.51,614.11,614.11,341.0,67,0.0
2024-12-04 12:00:00,614.2,614.22,610.44,611.24,829.0,67,0.0
2024-12-04 13:00:00,611.27,613.1,610.98,613.1,606.0,67,0.0
2024-12-04 14:00:00,613.14,615.97,609.2,613.48,2561.0,44,0.0
2024-12-04 15:00:00,613.16,617.44,609.17,609.7,2429.0,44,0.0
2024-12-04 16:00:00,609.68,610.27,604.94,607.88,1975.0,44,0.0
2024-12-04 17:00:00,607.87,610.63,607.83,610.22,1375.0,44,0.0
2024-12-04 18:00:00,610.26,611.1,607.49,610.0,1122.0,44,0.0
2024-12-04 19:00:00,609.93,612.02,609.22,611.71,1118.0,44,0.0
2024-12-04 20:00:00,611.71,614.64,611.7,613.63,991.0,44,0.0
2024-12-05 11:00:00,613.53,614.0,613.25,613.95,125.0,67,0.0
2024-12-05 12:00:00,613.78,615.04,613.29,614.7,373.0,67,0.0
2024-12-05 13:00:00,614.7,614.92,614.13,614.69,605.0,67,0.0
2024-12-05 14:00:00,614.65,619.44,611.22,612.26,1975.0,44,0.0
2024-12-05 15:00:00,612.26,614.21,610.17,611.0,1815.0,44,0.0
2024-12-05 16:00:00,611.0,611.77,610.14,611.53,1108.0,44,0.0
2024-12-05 17:00:00,611.51,613.02,609.85,610.21,1069.0,44,0.0
2024-12-05 18:00:00,610.18,610.18,606.9,608.53,1142.0,44,0.0
2024-12-05 19:00:00,608.53,610.23,608.04,608.4,899.0,44,0.0
2024-12-05 20:00:00,608.39,609.1,606.83,608.43,840.0,44,0.0
2024-12-06 11:00:00,607.3,607.75,606.84,606.86,427.0,67,0.0
2024-12-06 12:00:00,606.97,608.03,606.14,607.83,407.0,67,0.0
2024-12-06 13:00:00,607.72,609.6,607.36,608.27,975.0,67,0.0
2024-12-06 14:00:00,608.27,618.82,608.02,618.71,2336.0,44,0.0
2024-12-06 15:00:00,618.74,623.89,616.05,620.21,3237.0,44,0.0
2024-12-06 16:00:00,620.19,629.32,620.19,625.49,2305.0,44,0.0
2024-12-06 17:00:00,625.52,627.42,624.02,624.27,1573.0,44,0.0
2024-12-06 18:00:00,624.28,626.94,624.28,625.26,1286.0,44,0.0
2024-12-06 19:00:00,625.26,625.5,622.28,622.72,1231.0,44,0.0
2024-12-06 20:00:00,622.72,623.37,621.01,623.15,1054.0,44,0.0
2024-12-09 11:00:00,622.62,622.71,620.94,622.4,405.0,67,0.0
2024-12-09 12:00:00,622.61,624.16,622.4,623.54,353.0,67,0.0
2024-12-09 13:00:00,623.54,623.77,622.9,623.59,430.0,67,0.0
2024-12-09 14:00:00,623.56,625.87,619.4,622.33,2061.0,44,0.0
2024-12-09 15:00:00,622.23,622.81,609.95,610.04,2671.0,44,0.0
2024-12-09 16:00:00,610.0,611.54,605.95,610.77,1971.0,44,0.0
2024-12-09 17:00:00,610.68,612.36,608.82,609.77,1301.0,44,0.0
2024-12-09 18:00:00,609.77,613.35,609.09,612.79,1146.0,44,0.0
2024-12-09 19:00:00,612.81,613.08,608.68,610.19,1066.0,44,0.0
2024-12-09 20:00:00,610.19,611.56,609.14,611.17,847.0,44,0.0
2024-12-10 11:00:00,612.36,620.13,612.23,619.04,814.0,67,0.0
2024-12-10 12:00:00,619.03,619.89,617.58,618.29,488.0,67,0.0
2024-12-10 13:00:00,618.29,619.19,616.15,616.33,701.0,67,0.0
2024-12-10 14:00:00,616.36,623.56,612.7,622.04,2346.0,44,0.0
2024-12-10 15:00:00,622.06,625.06,618.25,618.81,2202.0,44,0.0
2024-12-10 16:00:00,618.86,620.12,614.91,619.81,1767.0,44,0.0
2024-12-10 17:00:00,619.82,621.21,618.58,619.97,1173.0,44,0.0
2024-12-10 18:00:00,619.96,620.24,617.75,617.91,919.0,44,0.0
2024-12-10 19:00:00,617.91,618.56,612.4,613.26,1229.0,44,0.0
2024-12-10 20:00:00,613.25,618.29,612.76,618.17,1097.0,44,0.0
2024-12-11 11:00:00,618.77,619.29,618.35,618.58,164.0,67,0.0
2024-12-11 12:00:00,618.56,620.05,618.53,619.89,320.0,67,0.0
2024-12-11 13:00:00,619.89,624.05,619.86,623.11,710.0,67,0.0
2024-12-11 14:00:00,623.1,633.59,621.09,633.54,2768.0,44,0.0
2024-12-11 15:00:00,633.52,637.85,631.85,633.93,2823.0,44,0.0
2024-12-11 16:00:00,633.96,635.4,632.54,633.25,1558.0,44,0.0
2024-12-11 17:00:00,633.3,636.0,632.78,634.97,1301.0,44,0.0
2024-12-11 18:00:00,634.96,635.17,632.6,633.15,1171.0,44,0.0
2024-12-11 19:00:00,633.22,633.24,630.31,631.34,1131.0,44,0.0
2024-12-11 20:00:00,631.34,634.42,631.29,633.69,902.0,44,0.0
2024-12-12 11:00:00,631.04,632.69,630.81,632.4,320.0,67,0.0
2024-12-12 12:00:00,632.49,633.74,628.36,628.57,766.0,67,0.0
2024-12-12 13:00:00,628.81,629.78,626.54,628.94,909.0,67,0.0
2024-12-12 14:00:00,628.94,633.04,626.64,632.86,1916.0,44,0.0
2024-12-12 15:00:00,632.77,635.97,630.56,633.67,2485.0,44,0.0
2024-12-12 16:00:00,633.71,634.78,631.9,631.93,1489.0,44,0.0
2024-12-12 17:00:00,631.87,635.23,631.64,632.73,1122.0,44,0.0
2024-12-12 18:00:00,632.72,632.95,629.43,629.82,963.0,44,0.0
2024-12-12 19:00:00,629.8,630.82,627.52,629.87,1035.0,44,0.0
2024-12-12 20:00:00,629.95,631.68,629.0,631.35,862.0,44,0.0
2024-12-13 11:00:00,627.41,627.7,625.47,625.54,320.0,67,0.0
2024-12-13 12:00:00,626.5,626.89,625.84,626.75,283.0,67,0.0
2024-12-13 13:00:00,626.73,628.03,626.5,627.08,264.0,67,0.0
2024-12-13 14:00:00,627.08,630.25,625.15,628.78,1948.0,44,0.0
2024-12-13 15:00:00,628.86,629.01,618.85,618.86,2073.0,44,0.0
2024-12-13 16:00:00,618.86,620.67,616.56,618.43,2104.0,44,0.0
2024-12-13 17:00:00,618.37,619.28,616.66,617.09,1283.0,44,0.0
2024-12-13 18:00:00,617.08,618.07,616.24,617.89,1047.0,44,0.0
2024-12-13 19:00:00,617.89,620.22,617.25,619.28,1047.0,44,0.0
2024-12-13 20:00:00,619.33,620.16,617.59,620.16,810.0,44,0.0
2024-12-16 11:00:00,623.17,623.56,622.99,623.28,230.0,67,0.0
2024-12-16 12:00:00,623.28,624.47,623.23,624.17,283.0,67,0.0
2024-12-16 13:00:00,624.25,628.57,623.99,628.29,576.0,67,0.0
2024-12-16 14:00:00,628.29,630.72,621.38,622.66,2115.0,44,0.0
2024-12-16 15:00:00,622.57,624.54,619.61,621.1,2607.0,44,0.0
2024-12-16 16:00:00,621.06,623.13,618.49,621.99,1743.0,44,0.0
2024-12-16 17:00:00,621.98,624.48,621.44,623.46,1188.0,44,0.0
2024-12-16 18:00:00,623.48,627.56,623.09,627.2,1338.0,44,0.0
2024-12-16 19:00:00,627.2,628.93,625.64,628.1,1084.0,44,0.0
2024-12-16 20:00:00,628.08,630.68,628.08,628.6,884.0,44,0.0
2024-12-17 11:00:00,624.65,625.37,624.06,624.73,374.0,67,0.0
2024-12-17 12:00:00,624.7,625.06,621.9,621.91,305.0,67,0.0
2024-12-17 13:00:00,622.01,623.92,621.77,623.73,419.0,67,0.0
2024-12-17 14:00:00,623.27,631.83,621.29,624.44,2487.0,44,0.0
2024-12-17 15:00:00,624.44,624.47,616.43,622.48,3048.0,44,0.0
2024-12-17 16:00:00,622.47,627.25,621.02,624.16,1857.0,44,0.0
2024-12-17 17:00:00,624.15,624.16,620.87,623.57,1538.0,44,0.0
2024-12-17 18:00:00,623.56,623.56,621.0,621.64,1138.0,44,0.0
2024-12-17 19:00:00,621.61,621.65,618.9,619.21,1051.0,44,0.0
2024-12-17 20:00:00,619.19,620.45,617.71,618.02,916.0,44,0.0
2024-12-18 11:00:00,620.6,622.47,620.58,621.88,281.0,67,0.0
2024-12-18 12:00:00,621.78,623.46,620.99,623.04,584.0,67,0.0
2024-12-18 13:00:00,623.05,623.13,619.18,619.3,611.0,67,0.0
2024-12-18 14:00:00,619.29,625.25,616.5,623.93,2213.0,44,0.0
2024-12-18 15:00:00,623.89,625.79,621.65,622.5,2151.0,44,0.0
2024-12-18 16:00:00,622.53,622.73,617.59,622.07,2031.0,44,0.0
2024-12-18 17:00:00,622.08,623.08,619.97,622.37,1161.0,44,0.0
2024-12-18 18:00:00,622.37,627.09,622.22,624.14,1333.0,44,0.0
2024-12-18 19:00:00,624.14,624.14,612.95,613.08,3203.0,44,0.0
2024-12-18 20:00:00,613.15,613.99,596.57,598.29,3820.0,44,0.0
2024-12-19 11:00:00,604.57,604.86,603.02,603.91,321.0,67,0.0
2024-12-19 12:00:00,603.91,607.54,603.91,607.2,652.0,67,0.0
2024-12-19 13:00:00,607.04,609.68,605.87,606.02,1082.0,67,0.0
2024-12-19 14:00:00,606.02,611.61,598.99,602.77,3841.0,44,0.0
2024-12-19 15:00:00,602.9,606.95,599.1,606.62,3367.0,44,0.0
2024-12-19 16:00:00,606.55,607.59,602.41,605.06,2476.0,44,0.0
2024-12-19 17:00:00,605.06,605.8,600.36,602.43,2084.0,44,0.0
2024-12-19 18:00:00,602.36,606.75,600.12,606.75,1817.0,44,0.0
2024-12-19 19:00:00,606.74,606.82,601.13,601.44,1650.0,44,0.0
2024-12-19 20:00:00,601.47,603.12,598.01,600.37,1446.0,44,0.0
2024-12-20 11:00:00,586.41,587.07,583.7,585.27,557.0,67,0.0
2024-12-20 12:00:00,585.75,586.77,582.75,586.08,763.0,67,0.0
2024-12-20 13:00:00,585.99,593.03,585.07,591.23,1330.0,67,0.0
2024-12-20 14:00:00,591.22,594.3,587.09,588.45,2862.0,44,0.0
2024-12-20 15:00:00,588.74,598.18,588.74,595.27,2856.0,44,0.0
2024-12-20 16:00:00,595.3,602.7,595.11,602.62,2224.0,44,0.0
2024-12-20 17:00:00,602.62,602.84,599.25,599.33,1762.0,44,0.0
2024-12-20 18:00:00,599.31,599.86,595.99,596.86,1614.0,44,0.0
2024-12-20 19:00:00,596.79,597.96,595.1,596.3,1548.0,44,0.0
2024-12-20 20:00:00,596.33,597.26,592.59,594.27,1337.0,44,0.0
2024-12-23 11:00:00,587.71,588.58,587.43,587.99,271.0,67,0.0
2024-12-23 12:00:00,588.09,589.44,587.59,589.15,509.0,67,0.0
2024-12-23 13:00:00,589.21,589.59,586.72,587.47,606.0,67,0.0
2024-12-23 14:00:00,587.53,598.79,587.16,592.78,2930.0,44,0.0
2024-12-23 15:00:00,592.68,592.86,586.13,592.16,2974.0,44,0.0
2024-12-23 16:00:00,592.17,597.55,592.16,596.53,1632.0,44,0.0
2024-12-23 17:00:00,596.54,599.5,596.54,597.21,1594.0,44,0.0
2024-12-23 18:00:00,597.21,600.26,597.05,599.77,1314.0,44,0.0
2024-12-23 19:00:00,599.75,600.3,598.04,598.31,1180.0,44,0.0
2024-12-23 20:00:00,598.22,598.78,596.22,598.56,1203.0,44,0.0
2024-12-24 11:00:00,602.51,603.02,602.22,602.71,81.0,67,0.0
2024-12-24 12:00:00,602.32,603.72,602.28,603.12,173.0,67,0.0
2024-12-24 13:00:00,603.03,605.36,602.79,604.86,362.0,67,0.0
2024-12-24 14:00:00,604.81,605.26,599.02,603.61,1879.0,44,0.0
2024-12-24 15:00:00,603.61,606.78,602.62,605.06,1740.0,44,0.0
2024-12-24 16:00:00,605.06,606.33,604.09,604.76,1213.0,44,0.0
2024-12-24 17:00:00,604.76,607.45,603.94,607.4,1251.0,44,0.0
2024-12-26 11:00:00,605.83,606.05,605.0,605.53,161.0,67,0.0
2024-12-26 12:00:00,605.88,606.07,604.89,605.28,153.0,67,0.0
2024-12-26 13:00:00,605.2,605.94,604.08,604.43,293.0,67,0.0
2024-12-26 14:00:00,604.47,605.99,598.77,601.93,1691.0,44,0.0
2024-12-26 15:00:00,601.93,604.38,601.46,603.02,1724.0,44,0.0
2024-12-26 16:00:00,603.02,603.02,600.99,602.14,1032.0,44,0.0
2024-12-26 17:00:00,602.14,602.91,599.5,600.86,1169.0,44,0.0
2024-12-26 18:00:00,600.86,603.96,600.8,603.3,992.0,44,0.0
2024-12-26 19:00:00,603.24,605.29,602.83,605.25,894.0,44,0.0
2024-12-26 20:00:00,605.24,605.45,604.29,604.57,696.0,44,0.0
2024-12-27 11:00:00,601.87,601.91,600.92,601.51,93.0,67,0.0
2024-12-27 12:00:00,601.65,602.58,601.65,602.05,133.0,67,0.0
2024-12-27 13:00:00,601.91,602.04,599.97,600.37,481.0,67,0.0
2024-12-27 14:00:00,600.2,601.32,593.81,594.92,2049.0,44,0.0
2024-12-27 15:00:00,595.08,595.22,589.64,593.74,3153.0,44,0.0
2024-12-27 16:00:00,593.76,595.24,590.02,590.68,1928.0,44,0.0
2024-12-27 17:00:00,590.64,592.47,589.63,592.28,1814.0,44,0.0
2024-12-27 18:00:00,592.21,595.61,592.09,595.19,1286.0,44,0.0
2024-12-27 19:00:00,595.17,597.8,594.88,597.33,1305.0,44,0.0
2024-12-27 20:00:00,597.34,597.34,595.05,595.1,1135.0,44,0.0
2024-12-30 11:00:00,596.95,597.53,596.21,596.54,146.0,67,0.0
2024-12-30 12:00:00,596.55,596.82,592.97,593.05,309.0,67,0.0
2024-12-30 13:00:00,593.04,593.37,588.15,589.29,571.0,67,0.0
2024-12-30 14:00:00,589.3,591.79,586.0,586.64,2143.0,44,0.0
2024-12-30 15:00:00,586.63,590.99,585.49,589.34,2869.0,44,0.0
2024-12-30 16:00:00,589.45,595.52,588.72,595.37,1833.0,44,0.0
2024-12-30 17:00:00,595.35,596.66,594.1,596.29,1439.0,44,0.0
2024-12-30 18:00:00,596.29,596.31,593.96,594.92,1372.0,44,0.0
2024-12-30 19:00:00,594.92,595.08,593.0,594.71,1178.0,44,0.0
2024-12-30 20:00:00,594.71,594.77,592.22,592.84,1031.0,44,0.0
2024-12-31 11:00:00,594.32,594.9,593.95,594.2,48.0,67,0.0
2024-12-31 12:00:00,594.26,594.95,591.93,591.93,171.0,67,0.0
2024-12-31 13:00:00,591.9,593.43,591.44,592.27,205.0,67,0.0
2024-12-31 14:00:00,592.5,593.45,589.1,592.51,1571.0,44,0.0
2024-12-31 15:00:00,592.52,593.66,589.63,590.78,2195.0,44,0.0
2024-12-31 16:00:00,590.78,591.51,588.14,590.51,1654.0,44,0.0
2024-12-31 17:00:00,590.5,590.75,586.0,589.19,1378.0,44,0.0
2024-12-31 18:00:00,589.17,590.12,586.38,586.42,1446.0,44,0.0
2024-12-31 19:00:00,586.35,588.6,585.65,588.45,1379.0,44,0.0
2024-12-31 20:00:00,588.48,590.38,587.52,588.68,1181.0,44,0.0
2025-01-02 11:00:00,591.3,593.16,590.95,593.07,589.0,67,0.0
2025-01-02 12:00:00,592.97,593.55,591.15,591.83,705.0,67,0.0
2025-01-02 13:00:00,591.83,593.02,591.3,592.71,779.0,67,0.0
2025-01-02 14:00:00,592.7,598.15,587.76,598.15,2670.0,44,0.0
2025-01-02 15:00:00,598.18,604.62,596.05,598.48,4096.0,44,0.0
2025-01-02 16:00:00,598.48,600.98,595.88,600.15,2388.0,44,0.0
2025-01-02 17:00:00,600.15,601.06,588.9,591.41,2858.0,44,0.0
2025-01-02 18:00:00,591.39,593.42,589.0,593.32,2459.0,44,0.0
2025-01-02 19:00:00,593.31,596.45,592.85,593.72,1877.0,44,0.0
2025-01-02 20:00:00,593.72,597.47,593.72,596.41,1528.0,44,0.0
2025-01-03 11:00:00,601.55,602.07,601.35,601.96,178.0,67,0.0
2025-01-03 12:00:00,600.91,601.1,600.49,601.02,176.0,67,0.0
2025-01-03 13:00:00,601.0,605.06,601.0,602.22,618.0,67,0.0
2025-01-03 14:00:00,602.25,609.15,601.89,602.91,2572.0,44,0.0
2025-01-03 15:00:00,602.83,604.35,596.86,598.15,3312.0,44,0.0
2025-01-03 16:00:00,598.24,601.86,596.24,600.6,2083.0,44,0.0
2025-01-03 17:00:00,600.6,604.27,600.2,603.63,1456.0,44,0.0
2025-01-03 18:00:00,603.65,605.71,603.28,603.72,1355.0,44,0.0
2025-01-03 19:00:00,603.63,606.23,603.36,605.6,1016.0,44,0.0
2025-01-03 20:00:00,605.61,605.61,602.6,603.31,890.0,44,0.0
2025-01-06 11:00:00,608.65,610.31,607.63,608.22,765.0,67,0.0
2025-01-06 12:00:00,608.26,609.77,607.73,609.53,644.0,67,0.0
2025-01-06 13:00:00,609.58,610.95,609.0,610.61,665.0,67,0.0
2025-01-06 14:00:00,610.61,614.27,606.71,608.79,3369.0,44,0.0
2025-01-06 15:00:00,608.7,618.89,605.41,618.45,2841.0,44,0.0
2025-01-06 16:00:00,618.45,623.64,617.2,620.71,2252.0,44,0.0
2025-01-06 17:00:00,620.7,623.68,619.06,620.17,1710.0,44,0.0
2025-01-06 18:00:00,620.17,621.34,618.06,618.71,1464.0,44,0.0
2025-01-06 19:00:00,618.77,622.1,618.11,621.23,1298.0,44,0.0
2025-01-06 20:00:00,621.23,626.88,620.9,626.79,1287.0,44,0.0
2025-01-07 11:00:00,624.53,624.79,621.46,624.06,618.0,67,0.0
2025-01-07 12:00:00,624.32,627.84,624.16,626.79,697.0,67,0.0
2025-01-07 13:00:00,626.8,629.6,625.92,629.54,639.0,67,0.0
2025-01-07 14:00:00,629.64,634.35,621.67,621.77,2819.0,44,0.0
2025-01-07 15:00:00,621.28,621.54,608.17,614.56,4186.0,44,0.0
2025-01-07 16:00:00,614.61,621.81,614.02,617.2,2737.0,44,0.0
2025-01-07 17:00:00,617.24,621.02,616.64,620.98,1764.0,44,0.0
2025-01-07 18:00:00,620.95,621.92,619.05,621.15,1463.0,44,0.0
2025-01-07 19:00:00,621.16,622.95,618.91,619.67,1385.0,44,0.0
2025-01-07 20:00:00,619.67,619.87,613.94,615.97,1464.0,44,0.0
2025-01-08 11:00:00,619.83,620.09,614.99,615.84,1200.0,67,0.0
2025-01-08 12:00:00,615.85,616.19,611.29,614.18,1156.0,67,0.0
2025-01-08 13:00:00,614.18,619.53,614.18,618.35,1477.0,67,0.0
2025-01-08 14:00:00,618.36,618.8,602.5,613.47,3504.0,44,0.0
2025-01-08 15:00:00,613.49,616.1,607.1,609.41,3466.0,44,0.0
2025-01-08 16:00:00,609.45,612.87,606.11,611.43,1982.0,44,0.0
2025-01-08 17:00:00,611.45,611.71,605.06,609.28,1995.0,44,0.0
2025-01-08 18:00:00,609.28,613.54,609.05,610.95,1630.0,44,0.0
2025-01-08 19:00:00,610.98,614.79,609.9,611.01,1840.0,44,0.0
2025-01-08 20:00:00,611.06,611.44,608.15,609.54,1049.0,44,0.0
2025-01-10 11:00:00,608.06,609.13,607.91,608.14,357.0,67,0.0
2025-01-10 12:00:00,608.13,608.55,606.76,608.21,624.0,67,0.0
2025-01-10 13:00:00,608.21,608.31,601.19,603.26,1585.0,67,0.0
2025-01-10 14:00:00,603.15,615.21,602.35,605.94,3498.0,44,0.0
2025-01-10 15:00:00,605.04,622.6,597.21,613.26,5931.0,44,0.0
2025-01-10 16:00:00,613.44,618.49,610.44,614.89,3566.0,44,0.0
2025-01-10 17:00:00,614.99,623.36,609.43,622.67,2904.0,44,0.0
2025-01-10 18:00:00,622.55,629.7,621.13,629.0,2838.0,44,0.0
2025-01-10 19:00:00,628.95,628.96,621.37,623.97,2483.0,44,0.0
2025-01-10 20:00:00,623.97,624.0,614.11,614.28,1972.0,44,0.0
2025-01-13 11:00:00,610.79,611.22,608.78,608.98,686.0,67,0.0
2025-01-13 12:00:00,609.24,613.9,608.48,612.8,898.0,67,0.0
2025-01-13 13:00:00,612.81,612.98,609.96,610.39,868.0,67,0.0
2025-01-13 14:00:00,610.41,611.03,598.25,604.23,3603.0,44,0.0
2025-01-13 15:00:00,604.25,606.23,600.03,601.88,2964.0,44,0.0
2025-01-13 16:00:00,602.03,604.78,599.89,599.92,2243.0,44,0.0
2025-01-13 17:00:00,599.92,606.47,598.62,606.35,2156.0,44,0.0
2025-01-13 18:00:00,606.35,607.65,605.03,606.85,1495.0,44,0.0
2025-01-13 19:00:00,606.79,608.18,604.89,607.02,1326.0,44,0.0
2025-01-13 20:00:00,607.02,607.48,605.28,606.34,1058.0,44,0.0
2025-01-14 11:00:00,609.93,610.17,608.32,608.53,357.0,67,0.0
2025-01-14 12:00:00,608.48,608.71,601.78,602.76,781.0,67,0.0
2025-01-14 13:00:00,602.75,609.15,601.71,605.46,1567.0,67,0.0
2025-01-14 14:00:00,605.48,607.12,595.98,598.18,3711.0,44,0.0
2025-01-14 15:00:00,598.17,603.33,590.59,593.52,3744.0,44,0.0
2025-01-14 16:00:00,593.62,595.78,590.17,590.48,2599.0,44,0.0
2025-01-14 17:00:00,590.48,592.87,589.24,591.7,1721.0,44,0.0
2025-01-14 18:00:00,591.62,597.6,591.39,596.54,1502.0,44,0.0
2025-01-14 19:00:00,596.49,597.36,591.79,592.08,1432.0,44,0.0
2025-01-14 20:00:00,591.95,592.43,588.4,591.04,1781.0,44,0.0
2025-01-15 11:00:00,597.13,598.76,597.13,598.58,260.0,67,0.0
2025-01-15 12:00:00,598.33,598.68,597.73,598.36,303.0,67,0.0
2025-01-15 13:00:00,598.4,608.17,598.16,605.38,1491.0,67,0.0
2025-01-15 14:00:00,605.44,613.34,604.44,612.04,3604.0,44,0.0
2025-01-15 15:00:00,612.04,617.95,611.98,614.36,3416.0,44,0.0
2025-01-15 16:00:00,614.43,617.28,613.71,614.44,2300.0,44,0.0
2025-01-15 17:00:00,614.38,616.92,613.23,615.58,1514.0,44,0.0
2025-01-15 18:00:00,615.58,620.61,615.58,619.26,1361.0,44,0.0
2025-01-15 19:00:00,619.27,622.14,618.75,621.13,1383.0,44,0.0
2025-01-15 20:00:00,621.16,621.62,618.94,619.49,1047.0,44,0.0
2025-01-16 11:00:00,610.49,610.62,607.8,610.09,266.0,67,0.0
2025-01-16 12:00:00,610.07,610.09,606.49,607.25,585.0,67,0.0
2025-01-16 13:00:00,607.23,609.36,606.95,609.03,764.0,67,0.0
2025-01-16 14:00:00,608.92,614.13,607.88,610.63,2390.0,44,0.0
2025-01-16 15:00:00,610.59,613.91,609.65,613.91,2396.0,44,0.0
2025-01-16 16:00:00,613.92,615.78,609.95,611.82,2130.0,44,0.0
2025-01-16 17:00:00,611.78,614.63,611.08,614.0,1386.0,44,0.0
2025-01-16 18:00:00,613.96,615.12,611.55,612.91,1416.0,44,0.0
2025-01-16 19:00:00,612.9,615.4,612.06,615.06,1305.0,44,0.0
2025-01-16 20:00:00,615.05,615.9,612.56,613.94,1163.0,44,0.0
2025-01-17 11:00:00,612.35,613.14,612.06,612.79,356.0,67,0.0
2025-01-17 12:00:00,612.68,613.55,611.9,613.41,422.0,67,0.0
2025-01-17 13:00:00,613.41,619.12,613.41,619.12,817.0,67,0.0
2025-01-17 14:00:00,619.15,625.41,612.89,614.29,3728.0,44,0.0
2025-01-17 15:00:00,614.24,620.8,603.66,611.57,4809.0,44,0.0
2025-01-17 16:00:00,611.57,615.69,611.12,612.35,2125.0,44,0.0
2025-01-17 17:00:00,612.34,614.5,610.97,613.68,1429.0,44,0.0
2025-01-17 18:00:00,613.68,616.55,613.17,614.15,1541.0,44,0.0
2025-01-17 19:00:00,614.16,615.06,612.48,613.18,1259.0,44,0.0
2025-01-17 20:00:00,613.11,614.27,612.42,613.53,1079.0,44,0.0
2025-01-21 11:00:00,613.14,613.89,609.53,609.88,417.0,67,0.0
2025-01-21 12:00:00,610.06,616.04,610.06,614.12,818.0,67,0.0
2025-01-21 13:00:00,614.12,615.76,613.68,615.05,354.0,67,0.0
2025-01-21 14:00:00,614.95,620.86,613.49,614.93,2373.0,44,0.0
2025-01-21 15:00:00,615.0,615.91,608.96,615.05,2701.0,44,0.0
2025-01-21 16:00:00,615.04,615.71,610.43,615.53,1645.0,44,0.0
2025-01-21 17:00:00,615.54,619.56,615.01,617.7,1754.0,44,0.0
2025-01-21 18:00:00,617.58,618.97,614.74,614.9,1429.0,44,0.0
2025-01-21 19:00:00,614.91,617.87,614.74,616.87,1201.0,44,0.0
2025-01-21 20:00:00,616.88,618.39,615.89,616.69,1040.0,44,0.0
2025-01-22 11:00:00,621.51,621.58,620.84,621.23,394.0,67,0.0
2025-01-22 12:00:00,621.07,624.39,621.07,623.67,654.0,67,0.0
2025-01-22 13:00:00,623.7,624.55,622.96,623.83,473.0,67,0.0
2025-01-22 14:00:00,623.96,625.34,619.2,624.25,2814.0,44,0.0
2025-01-22 15:00:00,624.14,629.34,624.1,626.2,2973.0,44,0.0
2025-01-22 16:00:00,626.17,633.15,626.15,632.33,1931.0,44,0.0
2025-01-22 17:00:00,632.44,633.34,628.63,630.51,1428.0,44,0.0
2025-01-22 18:00:00,630.42,631.07,626.13,626.64,1331.0,44,0.0
2025-01-22 19:00:00,626.59,627.28,624.69,626.49,1023.0,44,0.0
2025-01-22 20:00:00,626.53,626.98,625.02,625.7,906.0,44,0.0
2025-01-23 11:00:00,624.84,628.36,624.17,627.43,375.0,67,0.0
2025-01-23 12:00:00,627.43,627.43,625.38,626.6,339.0,67,0.0
2025-01-23 13:00:00,626.53,627.36,626.31,627.18,260.0,67,0.0
2025-01-23 14:00:00,627.18,628.42,620.98,626.61,2170.0,44,0.0
2025-01-23 15:00:00,626.56,629.25,624.01,627.15,2279.0,44,0.0
2025-01-23 16:00:00,627.15,630.68,626.72,629.25,1717.0,44,0.0
2025-01-23 17:00:00,629.23,630.28,627.57,630.06,1180.0,44,0.0
2025-01-23 18:00:00,630.05,632.01,629.5,631.34,1203.0,44,0.0
2025-01-23 19:00:00,631.34,631.9,628.5,631.49,1120.0,44,0.0
2025-01-23 20:00:00,631.49,632.93,630.89,632.22,954.0,44,0.0
2025-01-24 11:00:00,638.67,638.93,637.19,637.92,561.0,67,0.0
2025-01-24 12:00:00,638.25,641.36,637.28,641.07,489.0,67,0.0
2025-01-24 13:00:00,640.91,642.06,640.17,641.31,506.0,67,0.0
2025-01-24 14:00:00,641.29,646.64,624.16,642.45,7450.0,44,0.0
2025-01-24 15:00:00,642.58,643.43,639.75,642.2,3315.0,44,0.0
2025-01-24 16:00:00,642.18,647.86,641.99,645.18,2132.0,44,0.0
2025-01-24 17:00:00,645.17,649.73,644.24,649.68,2408.0,44,0.0
2025-01-24 18:00:00,649.64,651.77,644.47,645.35,2669.0,44,0.0
2025-01-24 19:00:00,645.33,647.17,643.72,644.57,2127.0,44,0.0
2025-01-24 20:00:00,644.56,646.81,644.54,645.47,1599.0,44,0.0
2025-01-27 11:00:00,611.72,618.93,605.94,618.13,1903.0,67,0.0
2025-01-27 12:00:00,618.46,631.51,617.87,630.21,1575.0,67,0.0
2025-01-27 13:00:00,630.25,639.26,628.69,630.8,1603.0,67,0.0
2025-01-27 14:00:00,630.59,640.52,623.91,637.45,5463.0,44,0.0
2025-01-27 15:00:00,637.33,662.53,636.86,657.69,6594.0,44,0.0
2025-01-27 16:00:00,657.7,663.39,654.61,655.27,5039.0,44,0.0
2025-01-27 17:00:00,655.27,656.3,648.1,648.53,3795.0,44,0.0
2025-01-27 18:00:00,648.52,653.74,648.03,649.43,3273.0,44,0.0
2025-01-27 19:00:00,649.39,654.6,644.13,647.0,3169.0,44,0.0
2025-01-27 20:00:00,646.99,655.43,646.61,655.38,2363.0,44,0.0
2025-01-28 11:00:00,663.16,663.86,661.4,663.1,485.0,67,0.0
2025-01-28 12:00:00,662.92,663.43,660.22,663.43,1000.0,67,0.0
2025-01-28 13:00:00,663.11,667.58,663.11,665.31,977.0,67,0.0
2025-01-28 14:00:00,665.31,674.94,664.28,669.07,4459.0,44,0.0
2025-01-28 15:00:00,669.0,672.54,659.34,668.21,4237.0,44,0.0
2025-01-28 16:00:00,668.2,678.29,666.68,678.07,3492.0,44,0.0
2025-01-28 17:00:00,678.04,680.64,675.2,677.68,2652.0,44,0.0
2025-01-28 18:00:00,677.66,682.21,677.09,678.26,2514.0,44,0.0
2025-01-28 19:00:00,678.29,681.24,676.19,678.68,2278.0,44,0.0
2025-01-28 20:00:00,678.68,678.71,675.84,676.64,1550.0,44,0.0
2025-01-29 11:00:00,678.36,678.83,677.41,678.82,289.0,67,0.0
2025-01-29 12:00:00,678.74,680.18,676.98,677.93,712.0,67,0.0
2025-01-29 13:00:00,677.91,677.91,675.46,677.08,753.0,67,0.0
2025-01-29 14:00:00,677.09,677.28,665.62,668.87,3120.0,44,0.0
2025-01-29 15:00:00,669.11,672.87,667.94,672.31,2534.0,44,0.0
2025-01-29 16:00:00,672.33,674.47,670.11,672.73,1787.0,44,0.0
2025-01-29 17:00:00,672.73,676.4,672.48,672.8,1559.0,44,0.0
2025-01-29 18:00:00,672.79,674.92,669.72,673.74,1824.0,44,0.0
2025-01-29 19:00:00,673.72,679.05,670.45,677.26,2909.0,44,0.0
2025-01-29 20:00:00,677.2,680.83,676.45,678.51,2285.0,44,0.0
2025-01-30 11:00:00,694.22,694.46,681.9,684.62,1226.0,67,0.0
2025-01-30 12:00:00,684.8,689.48,680.41,688.92,1363.0,67,0.0
2025-01-30 13:00:00,688.91,696.8,685.99,694.37,2071.0,67,0.0
2025-01-30 14:00:00,694.22,710.42,687.1,706.07,6589.0,44,0.0
2025-01-30 15:00:00,705.96,707.4,686.39,688.19,6152.0,44,0.0
2025-01-30 16:00:00,688.14,693.51,676.17,690.13,5832.0,44,0.0
2025-01-30 17:00:00,690.27,692.12,686.9,688.51,2438.0,44,0.0
2025-01-30 18:00:00,688.44,690.52,685.45,688.86,1944.0,44,0.0
2025-01-30 19:00:00,688.89,689.63,684.54,688.72,1918.0,44,0.0
2025-01-30 20:00:00,688.72,692.98,685.78,688.68,2156.0,44,0.0
2025-01-31 11:00:00,690.2,691.03,689.52,690.26,397.0,67,0.0
2025-01-31 12:00:00,690.02,691.55,690.02,691.31,320.0,67,0.0
2025-01-31 13:00:00,691.42,693.43,690.76,691.56,770.0,67,0.0
2025-01-31 14:00:00,691.47,704.93,689.52,703.63,3707.0,44,0.0
2025-01-31 15:00:00,703.63,703.8,695.5,699.71,3310.0,44,0.0
2025-01-31 16:00:00,699.69,702.47,698.21,702.21,2003.0,44,0.0
2025-01-31 17:00:00,702.21,702.24,696.46,697.67,1704.0,44,0.0
2025-01-31 18:00:00,697.63,698.76,692.72,697.29,2259.0,44,0.0
2025-01-31 19:00:00,697.29,698.14,688.21,690.63,2585.0,44,0.0
2025-01-31 20:00:00,690.62,690.62,685.38,687.37,2169.0,44,0.0
2025-02-03 11:00:00,677.63,678.05,672.14,674.25,731.0,67,0.0
2025-02-03 12:00:00,674.4,676.28,672.95,673.34,1081.0,67,0.0
2025-02-03 13:00:00,673.51,676.49,672.96,674.86,1137.0,67,0.0
2025-02-03 14:00:00,674.86,697.15,672.89,693.65,4780.0,44,0.0
2025-02-03 15:00:00,693.39,698.31,683.49,697.62,5873.0,44,0.0
2025-02-03 16:00:00,697.62,701.44,694.62,699.29,2919.0,44,0.0
2025-02-03 17:00:00,699.34,700.88,696.98,699.12,2353.0,44,0.0
2025-02-03 18:00:00,699.05,703.72,697.39,703.1,2099.0,44,0.0
2025-02-03 19:00:00,703.05,703.45,700.08,700.31,1524.0,44,0.0
2025-02-03 20:00:00,700.38,701.33,697.23,697.61,1294.0,44,0.0
2025-02-04 11:00:00,695.55,700.92,695.53,699.81,679.0,67,0.0
2025-02-04 12:00:00,699.97,704.39,699.97,702.71,966.0,67,0.0
2025-02-04 13:00:00,702.7,703.59,699.9,700.0,674.0,67,0.0
2025-02-04 14:00:00,700.04,703.51,691.47,696.0,3336.0,44,0.0
2025-02-04 15:00:00,695.76,706.52,693.86,705.83,3310.0,44,0.0
2025-02-04 16:00:00,705.81,706.65,701.71,704.49,1853.0,44,0.0
2025-02-04 17:00:00,704.47,705.99,702.41,703.24,1569.0,44,0.0
2025-02-04 18:00:00,703.17,707.1,701.98,705.68,1330.0,44,0.0
2025-02-04 19:00:00,705.68,707.43,704.59,705.25,1255.0,44,0.0
2025-02-04 20:00:00,705.25,706.71,703.69,704.09,1088.0,44,0.0
2025-02-05 11:00:00,701.33,701.44,700.0,701.41,304.0,67,0.0
2025-02-05 12:00:00,701.26,701.44,700.01,700.85,434.0,67,0.0
2025-02-05 13:00:00,700.96,703.19,700.11,702.87,763.0,67,0.0
2025-02-05 14:00:00,702.89,717.82,700.65,713.68,3227.0,44,0.0
2025-02-05 15:00:00,714.02,715.12,702.74,702.85,3795.0,44,0.0
2025-02-05 16:00:00,702.89,704.89,698.9,704.23,2926.0,44,0.0
2025-02-05 17:00:00,704.16,706.13,701.82,703.35,1737.0,44,0.0
2025-02-05 18:00:00,703.35,705.77,701.97,705.47,1298.0,44,0.0
2025-02-05 19:00:00,705.49,705.49,702.63,703.33,1149.0,44,0.0
2025-02-05 20:00:00,703.34,706.31,702.64,704.59,1015.0,44,0.0
2025-02-06 11:00:00,706.94,706.99,704.05,704.16,814.0,67,0.0
2025-02-06 12:00:00,704.49,706.22,702.14,706.04,643.0,67,0.0
2025-02-06 13:00:00,706.03,707.93,705.57,707.04,683.0,67,0.0
2025-02-06 14:00:00,707.1,714.01,703.36,713.94,2195.0,44,0.0
2025-02-06 15:00:00,713.76,718.6,711.21,715.54,3217.0,44,0.0
2025-02-06 16:00:00,715.54,717.57,712.64,713.4,1789.0,44,0.0
2025-02-06 17:00:00,713.4,713.4,709.42,711.4,1371.0,44,0.0
2025-02-06 18:00:00,711.46,713.38,708.31,709.21,1235.0,44,0.0
2025-02-06 19:00:00,709.07,709.8,704.26,706.09,1413.0,44,0.0
2025-02-06 20:00:00,706.09,709.57,705.56,708.51,1071.0,44,0.0
2025-02-07 11:00:00,712.71,713.45,712.59,713.27,372.0,67,0.0
2025-02-07 12:00:00,713.16,714.45,713.16,714.23,382.0,67,0.0
2025-02-07 13:00:00,714.22,715.18,713.45,714.67,865.0,67,0.0
2025-02-07 14:00:00,714.62,724.72,713.54,722.88,2624.0,44,0.0
2025-02-07 15:00:00,722.24,722.24,711.71,714.58,4053.0,44,0.0
2025-02-07 16:00:00,714.54,718.03,712.08,716.38,2532.0,44,0.0
2025-02-07 17:00:00,716.3,721.06,714.75,719.85,2341.0,44,0.0
2025-02-07 18:00:00,719.78,722.68,716.34,716.45,1783.0,44,0.0
2025-02-07 19:00:00,716.44,717.16,714.81,716.05,1403.0,44,0.0
2025-02-07 20:00:00,716.05,717.22,713.58,715.82,1146.0,44,0.0
2025-02-10 11:00:00,719.24,721.31,719.06,721.05,317.0,67,0.0
2025-02-10 12:00:00,720.99,720.99,719.13,720.37,516.0,67,0.0
2025-02-10 13:00:00,720.42,720.73,718.78,719.39,461.0,67,0.0
2025-02-10 14:00:00,719.39,720.76,711.2,715.68,2534.0,44,0.0
2025-02-10 15:00:00,715.64,718.14,711.6,716.09,2358.0,44,0.0
2025-02-10 16:00:00,716.1,719.76,715.24,719.01,1702.0,44,0.0
2025-02-10 17:00:00,719.0,719.0,713.51,714.99,1320.0,44,0.0
2025-02-10 18:00:00,714.99,715.7,713.48,715.41,1029.0,44,0.0
2025-02-10 19:00:00,715.4,715.4,713.22,714.58,1007.0,44,0.0
2025-02-10 20:00:00,714.58,717.32,714.03,716.4,1028.0,44,0.0
2025-02-11 11:00:00,713.88,714.52,713.87,714.45,52.0,67,0.0
2025-02-11 12:00:00,714.5,715.12,714.13,714.67,246.0,67,0.0
2025-02-11 13:00:00,714.68,715.89,712.93,713.09,516.0,67,0.0
2025-02-11 14:00:00,713.09,716.17,711.28,714.02,1994.0,44,0.0
2025-02-11 15:00:00,714.03,718.17,712.75,716.99,2056.0,44,0.0
2025-02-11 16:00:00,716.9,717.75,714.12,714.96,1446.0,44,0.0
2025-02-11 17:00:00,714.94,717.88,709.94,717.05,1585.0,44,0.0
2025-02-11 18:00:00,717.07,722.17,716.02,720.8,1527.0,44,0.0
2025-02-11 19:00:00,720.82,723.35,719.62,722.48,1381.0,44,0.0
2025-02-11 20:00:00,722.49,723.37,719.68,720.71,1108.0,44,0.0
2025-02-12 11:00:00,722.72,723.35,722.57,722.8,350.0,67,0.0
2025-02-12 12:00:00,722.8,722.8,720.54,720.93,527.0,67,0.0
2025-02-12 13:00:00,720.91,721.05,712.27,712.28,1188.0,67,0.0
2025-02-12 14:00:00,712.27,719.87,711.26,718.97,2351.0,44,0.0
2025-02-12 15:00:00,718.97,722.31,714.88,721.46,2862.0,44,0.0
2025-02-12 16:00:00,721.41,723.23,717.89,723.08,1681.0,44,0.0
2025-02-12 17:00:00,723.12,725.3,722.96,724.7,1543.0,44,0.0
2025-02-12 18:00:00,724.73,724.87,723.17,724.11,1141.0,44,0.0
2025-02-12 19:00:00,724.11,725.35,722.08,724.9,1174.0,44,0.0
2025-02-12 20:00:00,724.94,726.82,724.73,724.81,959.0,44,0.0
2025-02-13 11:00:00,724.01,725.3,723.88,724.48,585.0,67,0.0
2025-02-13 12:00:00,724.52,724.76,723.48,724.14,618.0,67,0.0
2025-02-13 13:00:00,724.14,725.86,723.79,724.9,911.0,67,0.0
2025-02-13 14:00:00,724.86,724.86,719.75,722.45,2615.0,44,0.0
2025-02-13 15:00:00,722.45,726.23,721.51,725.35,2148.0,44,0.0
2025-02-13 16:00:00,725.35,727.15,721.22,721.83,1516.0,44,0.0
2025-02-13 17:00:00,721.76,722.16,718.58,718.98,1356.0,44,0.0
2025-02-13 18:00:00,718.94,722.95,717.87,722.7,1740.0,44,0.0
2025-02-13 19:00:00,722.58,725.34,721.88,725.12,1146.0,44,0.0
2025-02-13 20:00:00,725.12,728.11,724.4,727.69,1042.0,44,0.0
2025-02-14 11:00:00,726.54,726.56,725.66,726.01,417.0,67,0.0
2025-02-14 12:00:00,725.99,726.43,725.85,726.22,614.0,67,0.0
2025-02-14 13:00:00,726.13,726.46,723.94,724.3,529.0,67,0.0
2025-02-14 14:00:00,724.33,732.26,724.18,730.38,2032.0,44,0.0
2025-02-14 15:00:00,730.36,733.04,728.31,732.78,2219.0,44,0.0
2025-02-14 16:00:00,732.81,738.61,731.33,736.13,2587.0,44,0.0
2025-02-14 17:00:00,736.13,736.13,732.82,736.02,1408.0,44,0.0
2025-02-14 18:00:00,735.98,738.01,734.87,737.12,1302.0,44,0.0
2025-02-14 19:00:00,737.11,739.09,736.6,738.73,1356.0,44,0.0
2025-02-14 20:00:00,738.71,740.49,737.89,739.33,1093.0,44,0.0
2025-02-18 11:00:00,733.91,735.05,733.26,735.05,373.0,67,0.0
2025-02-18 12:00:00,734.89,737.85,734.36,737.77,489.0,67,0.0
2025-02-18 13:00:00,737.7,737.84,736.27,736.76,524.0,67,0.0
2025-02-18 14:00:00,736.68,738.85,721.88,723.43,3289.0,44,0.0
2025-02-18 15:00:00,723.4,723.81,714.84,718.0,3103.0,44,0.0
2025-02-18 16:00:00,718.01,720.8,716.23,716.75,1780.0,44,0.0
2025-02-18 17:00:00,716.75,717.48,715.21,716.45,1332.0,44,0.0
2025-02-18 18:00:00,716.44,716.73,708.5,710.39,1868.0,44,0.0
2025-02-18 19:00:00,710.37,711.54,706.18,707.98,1816.0,44,0.0
2025-02-18 20:00:00,707.92,710.15,706.6,709.64,1295.0,44,0.0
2025-02-19 11:00:00,714.18,714.57,713.71,714.15,464.0,67,0.0
2025-02-19 12:00:00,714.21,715.62,713.11,713.19,387.0,67,0.0
2025-02-19 13:00:00,713.24,713.6,710.19,710.21,750.0,67,0.0
2025-02-19 14:00:00,710.2,710.73,698.07,701.06,3781.0,44,0.0
2025-02-19 15:00:00,701.12,701.6,695.02,697.82,3361.0,44,0.0
2025-02-19 16:00:00,697.76,705.6,697.28,704.47,2101.0,44,0.0
2025-02-19 17:00:00,704.47,706.06,702.13,702.21,1539.0,44,0.0
2025-02-19 18:00:00,702.2,702.84,701.04,701.86,1559.0,44,0.0
2025-02-19 19:00:00,701.87,705.6,701.62,704.46,1371.0,44,0.0
2025-02-19 20:00:00,704.49,705.08,700.73,701.94,1158.0,44,0.0
2025-02-20 11:00:00,699.75,700.25,698.66,699.84,367.0,67,0.0
2025-02-20 12:00:00,699.42,700.27,696.17,698.12,720.0,67,0.0
2025-02-20 13:00:00,698.04,698.72,697.64,698.38,768.0,67,0.0
2025-02-20 14:00:00,698.31,705.16,693.74,697.7,3041.0,44,0.0
2025-02-20 15:00:00,697.79,702.08,695.2,696.39,3116.0,44,0.0
2025-02-20 16:00:00,696.53,698.7,695.62,696.23,1707.0,44,0.0
2025-02-20 17:00:00,696.23,697.45,695.87,695.99,1163.0,44,0.0
2025-02-20 18:00:00,695.98,696.76,693.24,695.2,1203.0,44,0.0
2025-02-20 19:00:00,695.14,697.15,694.22,696.34,1007.0,44,0.0
2025-02-20 20:00:00,696.34,696.69,695.37,696.42,883.0,44,0.0
2025-02-21 11:00:00,697.91,698.68,697.62,697.91,416.0,67,0.0
2025-02-21 12:00:00,697.77,699.34,697.69,699.14,349.0,67,0.0
2025-02-21 13:00:00,699.19,700.28,699.01,699.65,414.0,67,0.0
2025-02-21 14:00:00,699.62,703.29,695.66,699.46,2227.0,44,0.0
2025-02-21 15:00:00,699.46,701.47,691.53,694.8,2459.0,44,0.0
2025-02-21 16:00:00,694.78,695.65,690.51,691.47,1542.0,44,0.0
2025-02-21 17:00:00,691.45,692.05,686.7,687.06,1589.0,44,0.0
2025-02-21 18:00:00,687.06,688.89,684.93,685.97,1681.0,44,0.0
2025-02-21 19:00:00,685.95,687.23,682.81,682.81,1640.0,44,0.0
2025-02-21 20:00:00,682.81,684.32,682.38,682.46,1220.0,44,0.0
2025-02-24 11:00:00,685.68,686.41,685.11,685.9,493.0,67,0.0
2025-02-24 12:00:00,685.93,686.13,684.56,685.7,591.0,67,0.0
2025-02-24 13:00:00,685.69,687.89,685.62,685.94,780.0,67,0.0
2025-02-24 14:00:00,685.84,686.53,671.77,671.83,3221.0,44,0.0
2025-02-24 15:00:00,671.96,672.75,662.23,663.32,4815.0,44,0.0
2025-02-24 16:00:00,663.31,670.98,663.05,668.58,2452.0,44,0.0
2025-02-24 17:00:00,668.47,674.0,667.87,672.22,1947.0,44,0.0
2025-02-24 18:00:00,672.23,673.39,670.68,671.11,1473.0,44,0.0
2025-02-24 19:00:00,671.0,671.78,669.01,669.58,1631.0,44,0.0
2025-02-24 20:00:00,669.65,671.35,668.81,669.38,1050.0,44,0.0
2025-02-25 11:00:00,663.15,665.84,662.5,665.33,549.0,67,0.0
2025-02-25 12:00:00,665.33,668.07,665.1,667.77,544.0,67,0.0
2025-02-25 13:00:00,667.67,669.66,667.06,667.94,766.0,67,0.0
2025-02-25 14:00:00,667.99,668.32,657.06,659.26,3289.0,44,0.0
2025-02-25 15:00:00,659.19,659.29,647.31,651.6,4469.0,44,0.0
2025-02-25 16:00:00,651.61,653.31,641.53,651.53,3641.0,44,0.0
2025-02-25 17:00:00,651.46,657.89,650.62,657.61,2221.0,44,0.0
2025-02-25 18:00:00,657.6,660.95,654.62,660.79,1798.0,44,0.0
2025-02-25 19:00:00,660.74,661.5,656.36,660.57,1626.0,44,0.0
2025-02-25 20:00:00,660.61,661.53,658.25,658.3,1568.0,44,0.0
2025-02-26 11:00:00,664.18,664.69,662.56,662.74,569.0,67,0.0
2025-02-26 12:00:00,662.67,663.2,661.58,663.2,901.0,67,0.0
2025-02-26 13:00:00,663.2,663.74,661.26,661.41,822.0,67,0.0
2025-02-26 14:00:00,661.42,671.95,657.74,671.78,3182.0,44,0.0
2025-02-26 15:00:00,671.77,679.62,670.9,677.57,3684.0,44,0.0
2025-02-26 16:00:00,677.57,682.5,677.01,679.23,1968.0,44,0.0
2025-02-26 17:00:00,679.24,680.47,673.71,674.52,1629.0,44,0.0
2025-02-26 18:00:00,674.38,675.87,669.16,669.47,1723.0,44,0.0
2025-02-26 19:00:00,669.48,673.89,668.66,670.52,1615.0,44,0.0
2025-02-26 20:00:00,670.51,673.59,669.93,673.52,1102.0,44,0.0
2025-02-27 11:00:00,682.15,682.71,681.52,681.96,600.0,67,0.0
2025-02-27 12:00:00,682.1,684.79,681.63,683.11,812.0,67,0.0
2025-02-27 13:00:00,683.1,684.42,680.15,682.33,1128.0,67,0.0
2025-02-27 14:00:00,682.18,687.95,662.13,662.92,3782.0,44,0.0
2025-02-27 15:00:00,662.9,673.71,660.47,670.23,3589.0,44,0.0
2025-02-27 16:00:00,670.26,675.68,668.46,669.32,1912.0,44,0.0
2025-02-27 17:00:00,669.36,672.27,668.08,669.4,1342.0,44,0.0
2025-02-27 18:00:00,669.4,673.01,668.69,670.52,1441.0,44,0.0
2025-02-27 19:00:00,670.54,670.92,661.29,663.2,1980.0,44,0.0
2025-02-27 20:00:00,663.29,663.56,658.48,658.7,1853.0,44,0.0
2025-02-28 11:00:00,662.08,664.0,661.85,663.3,442.0,67,0.0
2025-02-28 12:00:00,663.04,663.31,659.15,660.07,991.0,67,0.0
2025-02-28 13:00:00,660.07,663.73,659.02,660.41,1335.0,67,0.0
2025-02-28 14:00:00,660.59,662.15,642.15,654.85,3856.0,44,0.0
2025-02-28 15:00:00,654.4,664.3,652.37,664.26,4004.0,44,0.0
2025-02-28 16:00:00,664.3,665.83,657.73,659.72,2200.0,44,0.0
2025-02-28 17:00:00,659.72,662.19,654.77,654.77,1875.0,44,0.0
2025-02-28 18:00:00,654.69,659.35,653.79,655.08,2191.0,44,0.0
2025-02-28 19:00:00,655.07,662.66,654.66,661.85,1771.0,44,0.0
2025-02-28 20:00:00,661.78,663.08,659.49,660.83,1595.0,44,0.0
2025-03-03 11:00:00,671.91,672.97,671.7,672.3,651.0,67,0.0
2025-03-03 12:00:00,671.95,673.97,671.76,672.27,724.0,67,0.0
2025-03-03 13:00:00,672.25,672.71,671.58,672.15,934.0,67,0.0
2025-03-03 14:00:00,672.11,680.55,664.62,665.26,3112.0,44,0.0
2025-03-03 15:00:00,665.08,672.94,662.34,666.0,3024.0,44,0.0
2025-03-03 16:00:00,666.12,671.37,665.68,668.13,1801.0,44,0.0
2025-03-03 17:00:00,668.0,670.16,665.45,666.69,1238.0,44,0.0
2025-03-03 18:00:00,666.65,666.65,659.81,663.78,2263.0,44,0.0
2025-03-03 19:00:00,663.58,666.51,659.45,659.68,1910.0,44,0.0
2025-03-03 20:00:00,659.68,659.68,650.41,651.82,2938.0,44,0.0
2025-03-04 11:00:00,653.05,653.81,651.41,652.66,1156.0,67,0.0
2025-03-04 12:00:00,652.58,653.15,643.62,643.84,1718.0,67,0.0
2025-03-04 13:00:00,643.92,644.17,640.23,641.42,1586.0,67,0.0
2025-03-04 14:00:00,641.38,646.4,632.37,635.11,5250.0,44,0.0
2025-03-04 15:00:00,634.91,636.98,623.94,627.52,6787.0,44,0.0
2025-03-04 16:00:00,627.45,632.68,623.16,631.26,4455.0,44,0.0
2025-03-04 17:00:00,631.33,633.94,628.69,630.09,3039.0,44,0.0
2025-03-04 18:00:00,630.0,638.91,628.41,638.12,2906.0,44,0.0
2025-03-04 19:00:00,638.09,646.03,638.09,644.38,2760.0,44,0.0
2025-03-04 20:00:00,644.31,649.23,640.43,641.8,2664.0,44,0.0
2025-03-05 11:00:00,643.98,645.03,641.58,642.41,978.0,67,0.0
2025-03-05 12:00:00,642.82,644.17,641.32,642.66,1293.0,67,0.0
2025-03-05 13:00:00,642.69,643.22,639.9,641.97,1469.0,67,0.0
2025-03-05 14:00:00,641.66,647.34,637.66,640.34,3336.0,44,0.0
2025-03-05 15:00:00,640.42,648.63,639.7,644.0,3811.0,44,0.0
2025-03-05 16:00:00,643.9,643.94,637.11,641.65,2551.0,44,0.0
2025-03-05 17:00:00,641.43,651.38,640.19,651.05,2751.0,44,0.0
2025-03-05 18:00:00,651.05,652.91,645.54,652.53,2962.0,44,0.0
2025-03-05 19:00:00,652.57,657.26,651.98,654.43,2455.0,44,0.0
2025-03-05 20:00:00,654.42,658.83,653.84,656.39,2158.0,44,0.0
2025-03-06 11:00:00,645.01,653.5,643.9,649.95,1433.0,67,0.0
2025-03-06 12:00:00,649.8,652.14,648.66,650.96,951.0,67,0.0
2025-03-06 13:00:00,650.88,650.88,645.89,648.05,1254.0,67,0.0
2025-03-06 14:00:00,648.07,650.05,641.83,643.24,3386.0,44,0.0
2025-03-06 15:00:00,643.24,649.94,641.95,646.71,3045.0,44,0.0
2025-03-06 16:00:00,646.94,648.19,636.93,637.15,2481.0,44,0.0
2025-03-06 17:00:00,637.08,637.8,630.14,633.22,2652.0,44,0.0
2025-03-06 18:00:00,633.22,634.2,627.27,629.62,2202.0,44,0.0
2025-03-06 19:00:00,629.57,631.31,623.6,625.55,2670.0,44,0.0
2025-03-06 20:00:00,625.4,628.94,624.61,625.38,2189.0,44,0.0
2025-03-07 11:00:00,628.44,628.7,626.96,627.06,891.0,67,0.0
2025-03-07 12:00:00,627.02,627.46,624.94,625.1,844.0,67,0.0
2025-03-07 13:00:00,625.08,630.65,623.67,625.75,2025.0,67,0.0
2025-03-07 14:00:00,625.39,634.0,621.64,628.2,3989.0,44,0.0
2025-03-07 15:00:00,627.95,629.41,610.68,613.91,4559.0,44,0.0
2025-03-07 16:00:00,613.91,614.73,600.13,601.06,3715.0,44,0.0
2025-03-07 17:00:00,601.15,612.49,600.65,607.72,3364.0,44,0.0
2025-03-07 18:00:00,607.62,622.02,607.42,621.8,3630.0,44,0.0
2025-03-07 19:00:00,621.78,627.55,619.53,624.22,2823.0,44,0.0
2025-03-07 20:00:00,624.12,626.51,620.52,622.54,2045.0,44,0.0
2025-03-10 10:00:00,615.72,616.13,611.89,613.96,1047.0,67,0.0
2025-03-10 11:00:00,613.98,616.99,613.86,614.97,1371.0,67,0.0
2025-03-10 12:00:00,614.98,614.98,606.11,609.3,1457.0,67,0.0
2025-03-10 13:00:00,609.31,611.42,602.78,604.64,4540.0,44,0.0
2025-03-10 14:00:00,604.5,604.5,586.38,586.85,5089.0,44,0.0
2025-03-10 15:00:00,587.18,599.82,586.77,594.94,4094.0,44,0.0
2025-03-10 16:00:00,594.77,597.39,590.55,592.82,2704.0,44,0.0
2025-03-10 17:00:00,592.64,595.11,589.29,591.17,2501.0,44,0.0
2025-03-10 18:00:00,591.05,593.84,589.3,589.63,2298.0,44,0.0
2025-03-10 19:00:00,589.58,600.48,589.23,594.22,2477.0,44,0.0
2025-03-11 10:00:00,601.93,602.7,600.74,601.17,887.0,67,0.0
2025-03-11 11:00:00,601.11,603.04,597.61,602.73,1108.0,67,0.0
2025-03-11 12:00:00,602.72,603.21,596.31,596.82,1149.0,67,0.0
2025-03-11 13:00:00,596.82,612.61,591.0,609.28,4366.0,44,0.0
2025-03-11 14:00:00,609.19,612.95,598.83,600.06,4867.0,44,0.0
2025-03-11 15:00:00,600.14,609.41,598.62,604.66,3575.0,44,0.0
2025-03-11 16:00:00,604.67,606.79,600.04,600.21,2351.0,44,0.0
2025-03-11 17:00:00,600.21,602.52,595.2,600.51,2352.0,44,0.0
2025-03-11 18:00:00,600.51,613.69,600.36,611.13,2928.0,44,0.0
2025-03-11 19:00:00,611.13,614.07,606.31,608.89,2248.0,44,0.0
2025-03-12 10:00:00,611.91,612.95,611.35,612.52,604.0,67,0.0
2025-03-12 11:00:00,612.49,613.62,612.23,613.02,437.0,67,0.0
2025-03-12 12:00:00,613.05,623.89,612.35,622.77,2183.0,67,0.0
2025-03-12 13:00:00,622.91,632.44,620.31,622.46,5953.0,44,0.0
2025-03-12 14:00:00,622.38,628.12,613.21,613.41,4060.0,44,0.0
2025-03-12 15:00:00,613.54,618.72,608.74,618.55,2907.0,44,0.0
2025-03-12 16:00:00,618.58,623.57,616.91,620.4,2553.0,44,0.0
2025-03-12 17:00:00,620.4,622.41,614.26,614.27,1905.0,44,0.0
2025-03-12 18:00:00,614.27,621.47,614.03,620.93,1614.0,44,0.0
2025-03-12 19:00:00,620.81,621.9,617.76,618.53,1460.0,44,0.0
2025-03-13 10:00:00,617.85,617.95,615.48,616.41,841.0,67,0.0
2025-03-13 11:00:00,616.38,617.49,613.27,615.3,989.0,67,0.0
2025-03-13 12:00:00,615.36,618.94,613.78,617.03,1089.0,67,0.0
2025-03-13 13:00:00,617.17,619.82,596.53,596.83,3700.0,44,0.0
2025-03-13 14:00:00,596.92,606.06,595.44,600.55,4001.0,44,0.0
2025-03-13 15:00:00,600.69,602.1,592.61,592.63,2783.0,44,0.0
2025-03-13 16:00:00,592.7,597.13,591.11,592.44,2521.0,44,0.0
2025-03-13 17:00:00,592.41,592.75,585.89,587.52,2396.0,44,0.0
2025-03-13 18:00:00,587.51,596.56,587.51,596.44,2201.0,44,0.0
2025-03-13 19:00:00,596.4,597.56,589.79,590.51,1775.0,44,0.0
2025-03-14 10:00:00,600.07,600.74,598.12,600.46,796.0,67,0.0
2025-03-14 11:00:00,600.12,603.14,599.41,601.25,1012.0,67,0.0
2025-03-14 12:00:00,601.28,604.09,601.13,602.84,825.0,67,0.0
2025-03-14 13:00:00,603.04,606.24,597.83,598.21,2891.0,44,0.0
2025-03-14 14:00:00,597.47,602.52,594.85,602.52,3369.0,44,0.0
2025-03-14 15:00:00,602.5,607.45,601.35,606.89,2296.0,44,0.0
2025-03-14 16:00:00,606.85,607.67,604.73,606.11,1826.0,44,0.0
2025-03-14 17:00:00,606.01,607.11,602.97,604.15,1427.0,44,0.0
2025-03-14 18:00:00,604.24,607.26,603.94,606.34,1248.0,44,0.0
2025-03-14 19:00:00,606.34,607.22,604.32,605.87,1056.0,44,0.0
2025-03-17 10:00:00,605.9,606.94,605.0,606.54,596.0,67,0.0
2025-03-17 11:00:00,606.45,608.71,606.45,608.18,747.0,67,0.0
2025-03-17 12:00:00,608.21,612.17,607.57,611.78,1036.0,67,0.0
2025-03-17 13:00:00,611.74,612.76,604.42,607.71,2939.0,44,0.0
2025-03-17 14:00:00,607.68,608.19,599.06,600.52,3339.0,44,0.0
2025-03-17 15:00:00,600.57,602.07,597.89,599.0,2228.0,44,0.0
2025-03-17 16:00:00,598.98,602.59,597.9,599.68,1648.0,44,0.0
2025-03-17 17:00:00,599.7,602.8,598.7,602.13,1330.0,44,0.0
2025-03-17 18:00:00,602.13,606.36,601.2,605.5,1609.0,44,0.0
2025-03-17 19:00:00,605.5,607.01,604.84,605.74,1259.0,44,0.0
2025-03-18 10:00:00,603.22,604.13,601.48,601.84,827.0,67,0.0
2025-03-18 11:00:00,601.84,602.35,601.03,602.01,747.0,67,0.0
2025-03-18 12:00:00,601.96,602.91,600.15,600.31,1091.0,67,0.0
2025-03-18 13:00:00,600.3,601.29,581.19,581.25,3434.0,44,0.0
2025-03-18 14:00:00,581.11,582.96,575.71,577.72,4148.0,44,0.0
2025-03-18 15:00:00,577.77,579.95,574.47,577.76,2814.0,44,0.0
2025-03-18 16:00:00,577.77,581.03,577.15,580.44,2058.0,44,0.0
2025-03-18 17:00:00,580.46,582.93,576.68,580.53,2040.0,44,0.0
2025-03-18 18:00:00,580.51,585.68,578.92,584.34,2007.0,44,0.0
2025-03-18 19:00:00,584.25,584.85,579.66,579.75,1538.0,44,0.0
2025-03-19 10:00:00,582.21,583.25,582.1,582.33,292.0,67,0.0
2025-03-19 11:00:00,582.61,584.95,582.46,584.95,517.0,67,0.0
2025-03-19 12:00:00,585.16,585.46,582.66,583.8,863.0,67,0.0
2025-03-19 13:00:00,583.81,584.74,578.45,584.08,2811.0,44,0.0
2025-03-19 14:00:00,584.25,588.02,579.74,580.12,2830.0,44,0.0
2025-03-19 15:00:00,579.97,582.69,579.02,581.97,2203.0,44,0.0
2025-03-19 16:00:00,581.92,582.38,577.38,578.91,1950.0,44,0.0
2025-03-19 17:00:00,578.91,579.17,574.67,578.24,1924.0,44,0.0
2025-03-19 18:00:00,578.16,586.55,576.79,586.28,2943.0,44,0.0
2025-03-19 19:00:00,586.21,592.0,583.78,590.37,2407.0,44,0.0
2025-03-20 10:00:00,584.86,585.21,577.95,582.05,1720.0,67,0.0
2025-03-20 11:00:00,582.06,583.73,581.54,583.43,830.0,67,0.0
2025-03-20 12:00:00,583.42,583.64,580.54,581.53,979.0,67,0.0
2025-03-20 13:00:00,581.5,596.47,579.35,596.13,3387.0,44,0.0
2025-03-20 14:00:00,596.03,609.32,595.92,607.77,4812.0,44,0.0
2025-03-20 15:00:00,607.82,609.94,604.06,604.41,2867.0,44,0.0
2025-03-20 16:00:00,604.42,605.57,599.22,600.31,2460.0,44,0.0
2025-03-20 17:00:00,600.32,602.34,595.32,595.78,1912.0,44,0.0
2025-03-20 18:00:00,595.78,596.95,589.03,590.27,2263.0,44,0.0
2025-03-20 19:00:00,590.25,592.07,586.02,586.65,1952.0,44,0.0
2025-03-21 10:00:00,584.07,585.87,584.06,585.24,608.0,67,0.0
2025-03-21 11:00:00,585.6,588.1,585.39,586.17,802.0,67,0.0
2025-03-21 12:00:00,586.17,587.46,581.93,582.61,976.0,67,0.0
2025-03-21 13:00:00,582.57,590.39,576.01,588.41,4143.0,44,0.0
2025-03-21 14:00:00,588.62,592.61,585.41,592.37,3488.0,44,0.0
2025-03-21 15:00:00,592.44,594.79,587.45,587.83,2731.0,44,0.0
2025-03-21 16:00:00,587.79,597.29,586.81,597.02,2505.0,44,0.0
2025-03-21 17:00:00,596.98,596.98,591.61,593.72,1980.0,44,0.0
2025-03-21 18:00:00,593.65,595.27,592.85,594.54,1553.0,44,0.0
2025-03-21 19:00:00,594.51,595.82,593.12,593.54,1533.0,44,0.0
2025-03-24 10:00:00,608.13,611.27,607.8,610.52,570.0,67,0.0
2025-03-24 11:00:00,610.41,613.85,610.08,613.16,904.0,67,0.0
2025-03-24 12:00:00,613.19,613.36,610.14,611.25,922.0,67,0.0
2025-03-24 13:00:00,611.25,622.31,611.09,620.29,4099.0,44,0.0
2025-03-24 14:00:00,620.31,620.68,615.54,616.35,2766.0,44,0.0
2025-03-24 15:00:00,616.43,617.11,612.49,615.24,1895.0,44,0.0
2025-03-24 16:00:00,615.16,616.71,613.24,616.7,1550.0,44,0.0
2025-03-24 17:00:00,616.66,616.96,613.63,615.11,1299.0,44,0.0
2025-03-24 18:00:00,615.11,617.21,613.24,616.64,1409.0,44,0.0
2025-03-24 19:00:00,616.71,617.8,616.21,617.02,1019.0,44,0.0
2025-03-25 10:00:00,618.97,621.12,618.09,620.29,745.0,67,0.0
2025-03-25 11:00:00,620.39,625.51,620.39,624.08,888.0,67,0.0
2025-03-25 12:00:00,624.73,625.24,622.73,624.75,821.0,67,0.0
2025-03-25 13:00:00,624.72,629.85,621.0,627.55,3612.0,44,0.0
2025-03-25 14:00:00,627.75,633.61,623.08,630.47,3516.0,44,0.0
2025-03-25 15:00:00,630.39,631.68,626.32,626.63,1767.0,44,0.0
2025-03-25 16:00:00,626.68,627.96,625.63,627.32,1439.0,44,0.0
2025-03-25 17:00:00,627.32,629.66,624.98,625.28,1284.0,44,0.0
2025-03-25 18:00:00,625.28,626.3,623.27,623.96,1239.0,44,0.0
2025-03-25 19:00:00,623.96,625.57,623.89,624.73,1071.0,44,0.0
2025-03-26 10:00:00,625.97,627.96,625.32,627.8,349.0,67,0.0
2025-03-26 11:00:00,627.72,628.66,626.87,628.13,1002.0,67,0.0
2025-03-26 12:00:00,627.91,628.24,624.94,625.04,606.0,67,0.0
2025-03-26 13:00:00,625.07,626.26,614.65,615.44,3081.0,44,0.0
2025-03-26 14:00:00,615.39,618.32,610.33,617.3,3169.0,44,0.0
2025-03-26 15:00:00,617.24,618.81,613.57,614.77,1969.0,44,0.0
2025-03-26 16:00:00,614.73,615.56,610.01,610.28,1733.0,44,0.0
2025-03-26 17:00:00,610.18,613.32,610.11,611.68,1674.0,44,0.0
2025-03-26 18:00:00,611.75,612.22,606.48,606.72,1428.0,44,0.0
2025-03-26 19:00:00,606.74,610.38,606.74,609.39,1301.0,44,0.0
2025-03-27 10:00:00,608.75,609.46,607.46,607.46,670.0,67,0.0
2025-03-27 11:00:00,607.27,608.39,604.77,606.74,1059.0,67,0.0
2025-03-27 12:00:00,606.74,607.91,605.22,606.51,628.0,67,0.0
2025-03-27 13:00:00,606.35,608.67,599.27,608.29,3214.0,44,0.0
2025-03-27 14:00:00,608.08,613.91,607.42,613.43,2885.0,44,0.0
2025-03-27 15:00:00,613.41,614.0,606.46,606.7,1789.0,44,0.0
2025-03-27 16:00:00,606.7,610.88,605.49,605.61,1734.0,44,0.0
2025-03-27 17:00:00,605.61,607.69,604.41,604.62,1537.0,44,0.0
2025-03-27 18:00:00,604.62,608.03,604.53,604.9,1444.0,44,0.0
2025-03-27 19:00:00,604.89,607.84,604.64,605.0,1188.0,44,0.0
2025-03-28 10:00:00,600.31,603.12,599.83,602.16,503.0,67,0.0
2025-03-28 11:00:00,602.01,602.45,599.94,601.92,554.0,67,0.0
2025-03-28 12:00:00,602.13,602.5,597.71,597.74,786.0,67,0.0
2025-03-28 13:00:00,597.75,601.4,593.21,593.64,2813.0,44,0.0
2025-03-28 14:00:00,593.25,595.0,584.02,585.06,3584.0,44,0.0
2025-03-28 15:00:00,585.08,587.63,583.06,584.02,2398.0,44,0.0
2025-03-28 16:00:00,584.02,585.47,581.2,581.93,1737.0,44,0.0
2025-03-28 17:00:00,581.92,583.63,579.55,580.54,1697.0,44,0.0
2025-03-28 18:00:00,580.57,581.92,575.48,575.79,1951.0,44,0.0
2025-03-28 19:00:00,575.85,576.68,574.8,575.85,1637.0,44,0.0
2025-03-31 10:00:00,565.55,566.15,564.52,565.38,1007.0,67,0.0
2025-03-31 11:00:00,565.75,566.31,560.75,562.9,850.0,67,0.0
2025-03-31 12:00:00,562.62,565.93,562.62,565.85,650.0,67,0.0
2025-03-31 13:00:00,565.86,567.75,553.12,560.51,4387.0,44,0.0
2025-03-31 14:00:00,560.39,565.9,558.9,562.19,4709.0,44,0.0
2025-03-31 15:00:00,562.31,572.09,561.06,569.0,3787.0,44,0.0
2025-03-31 16:00:00,569.07,572.44,567.15,569.32,2656.0,44,0.0
2025-03-31 17:00:00,569.27,574.22,568.85,569.65,2503.0,44,0.0
2025-03-31 18:00:00,569.72,576.2,569.56,573.06,2654.0,44,0.0
2025-03-31 19:00:00,572.98,578.46,572.64,576.44,2215.0,44,0.0
2025-04-01 10:00:00,579.68,579.83,575.0,576.38,1116.0,67,0.0
2025-04-01 11:00:00,576.47,576.72,571.3,573.22,1397.0,67,0.0
2025-04-01 12:00:00,573.18,574.14,571.39,573.26,1224.0,67,0.0
2025-04-01 13:00:00,573.26,580.2,569.73,576.04,2836.0,44,0.0
2025-04-01 14:00:00,576.49,582.98,573.94,582.61,3276.0,44,0.0
2025-04-01 15:00:00,582.58,585.92,581.43,584.93,2221.0,44,0.0
2025-04-01 16:00:00,584.98,589.61,584.43,587.7,2415.0,44,0.0
2025-04-01 17:00:00,587.7,588.58,583.49,583.7,1558.0,44,0.0
2025-04-01 18:00:00,583.76,583.88,578.25,581.25,1829.0,44,0.0
2025-04-01 19:00:00,581.22,585.41,580.95,584.3,1252.0,44,0.0
2025-04-02 10:00:00,583.13,583.24,579.92,581.0,571.0,67,0.0
2025-04-02 11:00:00,581.14,581.22,577.01,577.15,933.0,67,0.0
2025-04-02 12:00:00,577.16,577.44,575.7,577.16,816.0,67,0.0
2025-04-02 13:00:00,577.14,589.32,572.0,586.03,3117.0,44,0.0
2025-04-02 14:00:00,585.8,589.07,581.71,586.0,2594.0,44,0.0
2025-04-02 15:00:00,585.98,587.28,576.84,582.94,2515.0,44,0.0
2025-04-02 16:00:00,582.94,591.6,582.93,591.11,2232.0,44,0.0
2025-04-02 17:00:00,591.18,592.35,583.94,586.06,1850.0,44,0.0
2025-04-02 18:00:00,585.98,586.4,579.22,579.24,1831.0,44,0.0
2025-04-02 19:00:00,579.32,584.98,579.32,584.33,1681.0,44,0.0
2025-04-03 10:00:00,562.0,562.15,556.87,557.32,1744.0,67,0.0
2025-04-03 11:00:00,557.22,559.72,555.87,557.39,1411.0,67,0.0
2025-04-03 12:00:00,557.4,557.4,549.78,549.96,1707.0,67,0.0
2025-04-03 13:00:00,549.96,551.3,536.36,543.4,5883.0,44,0.0
2025-04-03 14:00:00,542.91,544.65,534.82,536.6,4972.0,44,0.0
2025-04-03 15:00:00,536.48,551.7,536.21,549.94,4119.0,44,0.0
2025-04-03 16:00:00,549.86,552.29,547.63,547.96,3262.0,44,0.0
2025-04-03 17:00:00,548.01,548.75,543.2,543.39,2347.0,44,0.0
2025-04-03 18:00:00,543.36,544.21,538.26,539.79,2562.0,44,0.0
2025-04-03 19:00:00,539.63,540.34,531.79,535.13,2712.0,44,0.0
2025-04-04 10:00:00,524.62,525.43,502.93,507.72,3194.0,67,0.0
2025-04-04 11:00:00,508.03,511.94,499.9,507.36,4121.0,67,0.0
2025-04-04 12:00:00,507.05,509.28,501.66,508.85,3443.0,67,0.0
2025-04-04 13:00:00,508.89,517.58,502.06,515.73,7575.0,44,0.0
2025-04-04 14:00:00,515.61,517.29,494.22,505.59,7073.0,44,0.0
2025-04-04 15:00:00,505.49,515.12,504.54,508.73,6980.0,44,0.0
2025-04-04 16:00:00,508.56,513.49,504.8,510.54,4984.0,44,0.0
2025-04-04 17:00:00,510.55,514.76,504.7,514.63,4486.0,44,0.0
2025-04-04 18:00:00,514.76,516.79,503.67,506.63,4249.0,44,0.0
2025-04-04 19:00:00,506.65,514.92,504.29,513.75,3888.0,44,0.0
2025-04-07 10:00:00,484.76,497.04,484.1,492.81,3214.0,67,0.0
2025-04-07 11:00:00,492.47,493.82,484.96,486.39,2871.0,67,0.0
2025-04-07 12:00:00,486.5,496.91,482.93,494.17,3361.0,67,0.0
2025-04-07 13:00:00,493.93,498.69,481.0,497.77,7304.0,44,0.0
2025-04-07 14:00:00,497.7,538.92,496.28,516.47,13437.0,44,0.0
2025-04-07 15:00:00,516.58,522.1,499.74,511.63,9080.0,44,0.0
2025-04-07 16:00:00,511.52,514.36,504.56,507.92,5336.0,44,0.0
2025-04-07 17:00:00,507.71,524.79,507.0,523.78,6798.0,44,0.0
2025-04-07 18:00:00,524.02,525.15,514.75,516.44,6225.0,44,0.0
2025-04-07 19:00:00,516.44,521.06,512.79,513.62,4800.0,44,0.0
2025-04-08 10:00:00,517.56,520.62,516.82,519.3,1120.0,67,0.0
2025-04-08 11:00:00,519.69,537.58,519.69,536.18,2807.0,67,0.0
2025-04-08 12:00:00,536.28,537.49,530.78,536.13,2614.0,67,0.0
2025-04-08 13:00:00,535.97,546.97,535.59,543.13,5861.0,44,0.0
2025-04-08 14:00:00,543.08,545.46,532.4,532.4,5044.0,44,0.0
2025-04-08 15:00:00,532.38,535.69,525.53,529.46,4378.0,44,0.0
2025-04-08 16:00:00,529.31,530.12,517.96,518.22,4762.0,44,0.0
2025-04-08 17:00:00,518.22,524.46,513.63,521.65,5428.0,44,0.0
2025-04-08 18:00:00,521.66,523.53,513.88,515.03,4485.0,44,0.0
2025-04-08 19:00:00,514.96,515.68,504.39,504.39,4371.0,44,0.0
2025-04-09 10:00:00,514.75,517.24,509.06,514.07,2409.0,67,0.0
2025-04-09 11:00:00,513.52,513.85,495.36,500.94,3290.0,67,0.0
2025-04-09 12:00:00,500.92,509.14,497.89,506.82,1393.0,67,0.0
2025-04-09 13:00:00,507.0,516.86,504.65,512.55,5255.0,44,0.0
2025-04-09 14:00:00,512.46,517.73,502.38,502.49,5766.0,44,0.0
2025-04-09 15:00:00,502.42,511.96,502.13,506.08,4218.0,44,0.0
2025-04-09 16:00:00,505.96,513.59,504.77,511.58,2679.0,44,0.0
2025-04-09 17:00:00,511.64,563.59,507.28,563.47,13007.0,44,0.0
2025-04-09 18:00:00,563.47,578.07,560.05,569.25,10783.0,44,0.0
2025-04-09 19:00:00,569.16,586.46,565.5,582.99,4726.0,44,0.0
2025-04-10 10:00:00,569.62,573.39,569.18,570.33,1065.0,67,0.0
2025-04-10 11:00:00,570.46,578.92,570.25,576.15,999.0,67,0.0
2025-04-10 12:00:00,576.13,577.53,569.67,572.89,2195.0,67,0.0
2025-04-10 13:00:00,572.92,580.7,561.58,562.16,5792.0,44,0.0
2025-04-10 14:00:00,562.09,565.29,553.17,553.74,5843.0,44,0.0
2025-04-10 15:00:00,553.9,559.41,544.33,545.47,4459.0,44,0.0
2025-04-10 16:00:00,545.34,548.3,535.32,547.25,6458.0,44,0.0
2025-04-10 17:00:00,547.2,553.22,538.44,548.57,5598.0,44,0.0
2025-04-10 18:00:00,548.58,555.0,543.23,549.56,5001.0,44,0.0
2025-04-10 19:00:00,549.55,553.15,539.79,540.54,4192.0,44,0.0
2025-04-11 10:00:00,552.34,553.89,549.67,551.35,1645.0,67,0.0
2025-04-11 11:00:00,551.29,552.38,544.27,548.0,1777.0,67,0.0
2025-04-11 12:00:00,547.84,551.4,543.56,544.35,1757.0,67,0.0
2025-04-11 13:00:00,544.23,546.98,531.39,541.21,5260.0,44,0.0
2025-04-11 14:00:00,540.35,541.82,528.73,534.73,6409.0,44,0.0
2025-04-11 15:00:00,534.55,540.15,530.63,537.77,3801.0,44,0.0
2025-04-11 16:00:00,537.86,542.41,535.31,539.7,2924.0,44,0.0
2025-04-11 17:00:00,539.8,543.79,535.96,542.0,3275.0,44,0.0
2025-04-11 18:00:00,542.07,542.65,538.96,539.9,2687.0,44,0.0
2025-04-11 19:00:00,539.91,544.71,539.8,543.39,2063.0,44,0.0
2025-04-14 10:00:00,552.57,553.21,551.55,552.4,456.0,67,0.0
2025-04-14 11:00:00,552.71,556.15,545.94,549.16,1378.0,67,0.0
2025-04-14 12:00:00,549.21,552.35,547.64,552.09,1405.0,67,0.0
2025-04-14 13:00:00,552.12,557.22,539.92,543.59,3689.0,44,0.0
2025-04-14 14:00:00,544.0,546.38,541.84,541.91,1567.0,44,0.0
2025-04-14 15:00:00,542.04,542.62,532.54,533.43,2596.0,44,0.0
2025-04-14 16:00:00,533.4,535.17,528.18,528.68,3081.0,44,0.0
2025-04-14 17:00:00,528.66,534.37,528.35,533.79,2465.0,44,0.0
2025-04-14 18:00:00,533.72,535.16,532.49,533.58,1681.0,44,0.0
2025-04-14 19:00:00,533.56,536.17,533.37,534.15,1391.0,44,0.0
2025-04-15 10:00:00,532.16,533.42,531.85,532.91,841.0,67,0.0
2025-04-15 11:00:00,532.68,533.01,529.32,530.59,1042.0,67,0.0
2025-04-15 12:00:00,530.51,531.67,528.59,531.49,1409.0,67,0.0
2025-04-15 13:00:00,531.39,537.64,529.03,532.4,2493.0,44,0.0
2025-04-15 14:00:00,532.52,534.28,526.59,529.44,3390.0,44,0.0
2025-04-15 15:00:00,529.45,532.08,528.43,530.26,1934.0,44,0.0
2025-04-15 16:00:00,530.26,531.39,524.32,524.39,1642.0,44,0.0
2025-04-15 17:00:00,524.32,524.89,519.44,520.64,2315.0,44,0.0
2025-04-15 18:00:00,520.63,521.35,517.38,519.22,1785.0,44,0.0
2025-04-15 19:00:00,519.13,522.25,518.92,520.92,1327.0,44,0.0
2025-04-16 10:00:00,513.02,514.81,512.03,512.52,1409.0,67,0.0
2025-04-16 11:00:00,512.65,514.25,510.34,513.41,1074.0,67,0.0
2025-04-16 12:00:00,513.26,514.0,510.02,510.36,1400.0,67,0.0
2025-04-16 13:00:00,510.34,511.8,506.5,506.66,3235.0,44,0.0
2025-04-16 14:00:00,506.6,510.84,506.06,508.98,2307.0,44,0.0
2025-04-16 15:00:00,509.02,513.03,506.71,509.41,1970.0,44,0.0
2025-04-16 16:00:00,509.43,512.61,509.02,511.34,1586.0,44,0.0
2025-04-16 17:00:00,511.27,511.82,498.12,498.79,2594.0,44,0.0
2025-04-16 18:00:00,498.65,502.57,498.01,498.04,2540.0,44,0.0
2025-04-16 19:00:00,498.05,498.66,495.52,497.12,1746.0,44,0.0
2025-04-17 10:00:00,508.31,508.32,504.69,505.17,1363.0,67,0.0
2025-04-17 11:00:00,505.48,506.9,503.82,506.0,1159.0,67,0.0
2025-04-17 12:00:00,505.9,509.17,505.4,507.49,1207.0,67,0.0
2025-04-17 13:00:00,507.5,508.26,500.55,505.41,2481.0,44,0.0
2025-04-17 14:00:00,505.31,505.35,497.86,500.77,2970.0,44,0.0
2025-04-17 15:00:00,500.86,505.12,500.46,500.69,2120.0,44,0.0
2025-04-17 16:00:00,500.69,505.17,499.07,501.69,2489.0,44,0.0
2025-04-17 17:00:00,501.59,503.47,499.88,502.73,1610.0,44,0.0
2025-04-17 18:00:00,502.68,507.02,502.39,503.72,1890.0,44,0.0
2025-04-17 19:00:00,503.72,503.99,500.45,502.21,1530.0,44,0.0
2025-04-21 10:00:00,495.09,495.25,494.5,495.0,133.0,67,0.0
2025-04-21 11:00:00,494.99,495.58,491.58,492.25,423.0,67,0.0
2025-04-21 12:00:00,492.22,493.38,491.79,492.26,316.0,67,0.0
2025-04-21 13:00:00,492.36,493.28,484.54,484.58,1975.0,44,0.0
2025-04-21 14:00:00,484.54,485.97,482.87,485.79,2163.0,44,0.0
2025-04-21 15:00:00,485.78,485.99,479.66,481.59,1774.0,44,0.0
2025-04-21 16:00:00,481.59,484.43,481.59,482.72,1368.0,44,0.0
2025-04-21 17:00:00,482.72,484.4,481.66,483.15,1366.0,44,0.0
2025-04-21 18:00:00,483.17,484.85,482.25,483.04,1341.0,44,0.0
2025-04-21 19:00:00,483.03,485.1,482.96,484.85,1234.0,44,0.0
2025-04-22 10:00:00,487.94,488.4,487.09,488.29,995.0,67,0.0
2025-04-22 11:00:00,488.31,488.74,486.97,488.05,848.0,67,0.0
2025-04-22 12:00:00,488.07,490.54,487.45,490.35,1577.0,67,0.0
2025-04-22 13:00:00,490.34,493.07,487.8,492.38,2174.0,44,0.0
2025-04-22 14:00:00,492.4,494.29,486.2,491.21,2193.0,44,0.0
2025-04-22 15:00:00,491.21,496.61,490.99,496.05,1808.0,44,0.0
2025-04-22 16:00:00,496.24,506.62,496.09,501.25,2627.0,44,0.0
2025-04-22 17:00:00,501.25,502.65,493.86,493.89,2538.0,44,0.0
2025-04-22 18:00:00,493.82,499.89,493.59,498.91,1510.0,44,0.0
2025-04-22 19:00:00,498.98,499.23,494.64,498.45,1239.0,44,0.0
2025-04-23 10:00:00,519.8,523.82,519.07,523.3,799.0,67,0.0
2025-04-23 11:00:00,523.22,525.85,521.79,523.21,1164.0,67,0.0
2025-04-23 12:00:00,523.47,529.12,521.81,526.6,1425.0,67,0.0
2025-04-23 13:00:00,526.59,535.01,525.84,529.35,4412.0,44,0.0
2025-04-23 14:00:00,529.48,531.97,525.74,528.26,3354.0,44,0.0
2025-04-23 15:00:00,528.35,529.53,519.38,521.53,2892.0,44,0.0
2025-04-23 16:00:00,521.51,522.77,516.36,521.61,2245.0,44,0.0
2025-04-23 17:00:00,521.61,523.52,519.56,522.05,1844.0,44,0.0
2025-04-23 18:00:00,522.04,523.62,519.82,520.73,1759.0,44,0.0
2025-04-23 19:00:00,520.71,521.87,516.4,517.92,1613.0,44,0.0
2025-04-24 10:00:00,516.43,520.35,514.7,519.03,1355.0,67,0.0
2025-04-24 11:00:00,519.17,519.23,515.95,517.86,1111.0,67,0.0
2025-04-24 12:00:00,517.72,521.27,517.22,520.23,1256.0,67,0.0
2025-04-24 13:00:00,520.21,526.71,517.27,525.85,2337.0,44,0.0
2025-04-24 14:00:00,525.86,531.25,525.25,530.01,2426.0,44,0.0
2025-04-24 15:00:00,530.0,531.46,526.98,528.79,1653.0,44,0.0
2025-04-24 16:00:00,528.8,531.07,527.46,530.57,1370.0,44,0.0
2025-04-24 17:00:00,530.58,530.8,528.07,529.76,1217.0,44,0.0
2025-04-24 18:00:00,529.73,532.62,529.68,530.97,1222.0,44,0.0
2025-04-24 19:00:00,530.95,531.21,527.93,531.21,1137.0,44,0.0
2025-04-25 10:00:00,552.89,552.96,547.34,548.71,1445.0,67,0.0
2025-04-25 11:00:00,548.98,550.56,545.87,547.1,1102.0,67,0.0
2025-04-25 12:00:00,547.17,548.26,545.16,546.25,1266.0,67,0.0
2025-04-25 13:00:00,546.32,549.07,536.12,538.12,3017.0,44,0.0
2025-04-25 14:00:00,538.54,545.06,537.5,541.87,2847.0,44,0.0
2025-04-25 15:00:00,542.04,543.84,537.86,540.87,1921.0,44,0.0
2025-04-25 16:00:00,540.92,545.76,540.17,545.49,1691.0,44,0.0
2025-04-25 17:00:00,545.46,549.55,542.03,543.81,2140.0,44,0.0
2025-04-25 18:00:00,543.85,548.51,543.41,546.94,1580.0,44,0.0
2025-04-25 19:00:00,546.94,548.01,545.45,546.65,1267.0,44,0.0
2025-04-28 10:00:00,552.84,553.23,550.8,551.13,704.0,67,0.0
2025-04-28 11:00:00,551.12,555.05,550.95,554.87,576.0,67,0.0
2025-04-28 12:00:00,554.87,558.36,553.57,556.17,868.0,67,0.0
2025-04-28 13:00:00,556.12,558.16,546.15,548.24,2847.0,44,0.0
2025-04-28 14:00:00,548.26,551.58,546.54,549.38,2654.0,44,0.0
2025-04-28 15:00:00,549.42,550.2,540.5,544.55,2208.0,44,0.0
2025-04-28 16:00:00,544.42,545.82,542.13,544.59,1613.0,44,0.0
2025-04-28 17:00:00,544.66,547.48,543.42,547.09,1445.0,44,0.0
2025-04-28 18:00:00,547.15,548.33,545.38,548.2,1322.0,44,0.0
2025-04-28 19:00:00,548.27,549.99,547.86,549.63,1316.0,44,0.0
2025-04-29 10:00:00,551.57,551.89,546.01,548.36,1262.0,67,0.0
2025-04-29 11:00:00,548.34,549.96,547.35,548.71,1130.0,67,0.0
2025-04-29 12:00:00,548.73,549.97,545.19,546.16,1416.0,67,0.0
2025-04-29 13:00:00,546.01,550.84,542.75,550.0,2435.0,44,0.0
2025-04-29 14:00:00,550.08,554.97,548.6,551.46,2277.0,44,0.0
2025-04-29 15:00:00,551.45,552.14,548.25,550.15,1638.0,44,0.0
2025-04-29 16:00:00,550.17,553.1,548.42,549.09,1508.0,44,0.0
2025-04-29 17:00:00,549.07,555.15,548.16,555.06,1399.0,44,0.0
2025-04-29 18:00:00,555.06,556.31,554.46,554.84,1369.0,44,0.0
2025-04-29 19:00:00,554.79,555.09,552.9,553.86,1099.0,44,0.0
2025-04-30 10:00:00,551.12,551.13,548.57,549.46,777.0,67,0.0
2025-04-30 11:00:00,549.59,550.2,547.65,548.45,973.0,67,0.0
2025-04-30 12:00:00,548.49,548.8,538.79,541.17,2160.0,67,0.0
2025-04-30 13:00:00,541.18,541.37,529.55,531.58,3363.0,44,0.0
2025-04-30 14:00:00,531.51,538.92,530.86,535.12,2689.0,44,0.0
2025-04-30 15:00:00,535.15,541.18,535.15,540.32,2002.0,44,0.0
2025-04-30 16:00:00,540.31,541.42,534.92,538.75,1826.0,44,0.0
2025-04-30 17:00:00,538.8,541.61,536.18,539.6,1682.0,44,0.0
2025-04-30 18:00:00,539.7,542.77,538.42,539.89,2147.0,44,0.0
2025-04-30 19:00:00,539.87,543.88,539.43,543.77,1469.0,44,0.0
2025-05-01 10:00:00,584.42,584.47,579.63,581.91,553.0,67,0.0
2025-05-01 11:00:00,581.36,585.14,580.86,584.73,763.0,67,0.0
2025-05-01 12:00:00,584.51,590.09,583.22,587.9,1277.0,67,0.0
2025-05-01 13:00:00,587.87,594.51,570.44,570.54,5905.0,44,0.0
2025-05-01 14:00:00,571.13,584.89,571.13,583.17,4981.0,44,0.0
2025-05-01 15:00:00,583.17,583.64,573.93,574.93,2901.0,44,0.0
2025-05-01 16:00:00,574.94,576.26,571.7,574.16,2406.0,44,0.0
2025-05-01 17:00:00,574.16,578.0,572.12,573.6,1725.0,44,0.0
2025-05-01 18:00:00,573.61,579.52,573.34,579.2,1788.0,44,0.0
2025-05-01 19:00:00,579.17,579.76,575.18,575.56,1406.0,44,0.0
2025-05-02 10:00:00,576.87,579.61,576.71,579.25,599.0,67,0.0
2025-05-02 11:00:00,578.74,579.04,576.86,577.15,529.0,67,0.0
2025-05-02 12:00:00,577.19,589.06,577.19,587.53,1590.0,67,0.0
2025-05-02 13:00:00,587.67,588.59,578.11,584.6,3262.0,44,0.0
2025-05-02 14:00:00,584.53,597.18,583.74,595.46,3875.0,44,0.0
2025-05-02 15:00:00,595.46,599.68,595.05,598.55,2407.0,44,0.0
2025-05-02 16:00:00,598.55,603.83,598.43,600.4,2326.0,44,0.0
2025-05-02 17:00:00,600.42,601.17,598.16,600.93,1746.0,44,0.0
2025-05-02 18:00:00,600.94,604.03,600.47,600.72,1666.0,44,0.0
2025-05-02 19:00:00,600.72,600.87,596.55,597.47,1558.0,44,0.0
2025-05-05 10:00:00,591.45,592.25,590.34,591.48,373.0,67,0.0
2025-05-05 11:00:00,591.77,591.99,590.07,590.47,695.0,67,0.0
2025-05-05 12:00:00,590.56,591.57,588.87,589.09,765.0,67,0.0
2025-05-05 13:00:00,589.09,599.05,587.8,598.95,2534.0,44,0.0
2025-05-05 14:00:00,599.25,602.11,596.19,599.81,2855.0,44,0.0
2025-05-05 15:00:00,599.74,600.2,596.68,599.11,1634.0,44,0.0
2025-05-05 16:00:00,599.12,600.88,598.96,600.42,1362.0,44,0.0
2025-05-05 17:00:00,600.39,602.92,599.63,601.49,1428.0,44,0.0
2025-05-05 18:00:00,601.46,601.69,599.38,599.87,1277.0,44,0.0
2025-05-05 19:00:00,599.87,602.54,599.49,600.84,1262.0,44,0.0
2025-05-06 10:00:00,591.14,591.91,590.68,591.26,554.0,67,0.0
2025-05-06 11:00:00,591.49,593.23,590.95,591.58,893.0,67,0.0
2025-05-06 12:00:00,591.47,592.47,590.75,592.2,779.0,67,0.0
2025-05-06 13:00:00,592.11,595.77,589.28,590.39,2068.0,44,0.0
2025-05-06 14:00:00,590.47,594.48,588.43,591.67,2321.0,44,0.0
2025-05-06 15:00:00,591.7,593.38,589.8,590.0,1549.0,44,0.0
2025-05-06 16:00:00,590.0,593.0,588.11,588.52,2090.0,44,0.0
2025-05-06 17:00:00,588.52,590.59,586.45,587.16,1764.0,44,0.0
2025-05-06 18:00:00,587.17,590.62,587.17,590.62,1402.0,44,0.0
2025-05-06 19:00:00,590.6,590.69,588.63,589.42,1091.0,44,0.0
2025-05-07 10:00:00,591.1,591.58,590.43,591.06,435.0,67,0.0
2025-05-07 11:00:00,591.16,592.81,591.03,592.1,666.0,67,0.0
2025-05-07 12:00:00,592.09,592.09,588.98,589.88,661.0,67,0.0
2025-05-07 13:00:00,589.9,591.17,586.44,590.76,2147.0,44,0.0
2025-05-07 14:00:00,590.85,596.12,589.57,590.66,2452.0,44,0.0
2025-05-07 15:00:00,590.73,594.4,588.91,594.01,2374.0,44,0.0
2025-05-07 16:00:00,593.95,596.85,593.74,596.5,1722.0,44,0.0
2025-05-07 17:00:00,596.52,597.3,594.67,595.74,1626.0,44,0.0
2025-05-07 18:00:00,595.69,598.31,590.41,597.89,3097.0,44,0.0
2025-05-07 19:00:00,597.89,602.83,594.05,600.22,2339.0,44,0.0
2025-05-08 10:00:00,609.3,609.56,606.79,608.75,842.0,67,0.0
2025-05-08 11:00:00,608.66,609.53,606.96,606.96,853.0,67,0.0
2025-05-08 12:00:00,606.86,608.77,605.88,607.12,1108.0,67,0.0
2025-05-08 13:00:00,607.13,610.86,601.05,601.38,2302.0,44,0.0
2025-05-08 14:00:00,601.41,603.29,596.38,598.16,2784.0,44,0.0
2025-05-08 15:00:00,598.14,607.36,597.47,604.49,2636.0,44,0.0
2025-05-08 16:00:00,604.47,609.31,604.39,608.85,1643.0,44,0.0
2025-05-08 17:00:00,608.89,609.19,606.9,607.8,1592.0,44,0.0
2025-05-08 18:00:00,607.78,609.0,605.43,605.6,1501.0,44,0.0
2025-05-08 19:00:00,605.53,605.99,601.8,601.84,1623.0,44,0.0
2025-05-09 10:00:00,602.28,605.11,601.67,604.0,561.0,67,0.0
2025-05-09 11:00:00,603.98,605.76,600.55,601.99,955.0,67,0.0
2025-05-09 12:00:00,602.03,604.19,601.69,603.38,762.0,67,0.0
2025-05-09 13:00:00,603.42,606.58,598.84,600.88,1838.0,44,0.0
2025-05-09 14:00:00,600.8,601.86,591.63,597.07,2829.0,44,0.0
2025-05-09 15:00:00,597.04,599.24,596.51,599.17,1850.0,44,0.0
2025-05-09 16:00:00,599.14,599.23,594.51,594.76,1728.0,44,0.0
2025-05-09 17:00:00,594.81,595.57,593.49,594.46,1471.0,44,0.0
2025-05-09 18:00:00,594.42,594.46,592.08,592.6,1350.0,44,0.0
2025-05-09 19:00:00,592.6,594.59,592.6,593.82,1134.0,44,0.0
2025-05-12 10:00:00,632.05,634.78,629.49,631.29,1133.0,67,0.0
2025-05-12 11:00:00,630.98,631.48,624.13,624.92,1767.0,67,0.0
2025-05-12 12:00:00,624.39,631.95,623.35,629.06,1734.0,67,0.0
2025-05-12 13:00:00,629.05,633.22,620.87,624.35,3422.0,44,0.0
2025-05-12 14:00:00,624.43,633.2,624.07,630.41,3478.0,44,0.0
2025-05-12 15:00:00,630.47,633.69,629.46,629.6,2366.0,44,0.0
2025-05-12 16:00:00,629.6,636.38,629.23,635.87,2160.0,44,0.0
2025-05-12 17:00:00,635.79,639.09,635.48,637.49,1880.0,44,0.0
2025-05-12 18:00:00,637.5,639.3,636.46,637.05,1595.0,44,0.0
2025-05-12 19:00:00,637.01,639.18,636.28,638.81,1426.0,44,0.0
2025-05-13 10:00:00,635.44,637.41,634.77,635.85,584.0,67,0.0
2025-05-13 11:00:00,635.85,642.21,635.85,641.52,714.0,67,0.0
2025-05-13 12:00:00,641.73,648.11,641.53,645.03,1729.0,67,0.0
2025-05-13 13:00:00,644.91,651.84,642.63,651.33,2775.0,44,0.0
2025-05-13 14:00:00,651.39,656.73,649.51,655.34,3003.0,44,0.0
2025-05-13 15:00:00,655.25,660.66,655.0,659.21,2299.0,44,0.0
2025-05-13 16:00:00,659.22,660.18,656.75,658.44,1901.0,44,0.0
2025-05-13 17:00:00,658.46,658.65,653.6,654.68,1734.0,44,0.0
2025-05-13 18:00:00,654.63,657.78,653.59,657.78,1676.0,44,0.0
2025-05-13 19:00:00,657.74,660.12,657.04,657.64,1433.0,44,0.0
2025-05-14 10:00:00,655.58,657.33,655.23,656.21,465.0,67,0.0
2025-05-14 11:00:00,656.24,663.95,656.24,662.51,1013.0,67,0.0
2025-05-14 12:00:00,662.53,663.14,660.27,660.86,857.0,67,0.0
2025-05-14 13:00:00,660.89,662.83,654.21,656.54,2662.0,44,0.0
2025-05-14 14:00:00,656.64,659.27,655.1,658.43,2579.0,44,0.0
2025-05-14 15:00:00,658.51,658.51,655.36,656.2,1906.0,44,0.0
2025-05-14 16:00:00,656.18,659.2,655.8,658.14,1495.0,44,0.0
2025-05-14 17:00:00,658.09,659.98,655.23,659.56,1490.0,44,0.0
2025-05-14 18:00:00,659.59,660.43,657.78,658.94,1433.0,44,0.0
2025-05-14 19:00:00,658.94,659.22,656.48,657.06,1167.0,44,0.0
2025-05-15 10:00:00,648.59,649.43,647.78,648.84,877.0,67,0.0
2025-05-15 11:00:00,648.85,652.56,648.85,649.42,948.0,67,0.0
2025-05-15 12:00:00,648.7,651.82,648.06,648.43,1431.0,67,0.0
2025-05-15 13:00:00,648.43,656.54,648.19,651.31,2651.0,44,0.0
2025-05-15 14:00:00,651.28,652.39,646.72,649.04,2500.0,44,0.0
2025-05-15 15:00:00,649.04,652.5,648.81,652.13,1640.0,44,0.0
2025-05-15 16:00:00,652.15,654.13,651.03,653.49,1506.0,44,0.0
2025-05-15 17:00:00,653.52,657.02,653.28,653.99,1562.0,44,0.0
2025-05-15 18:00:00,653.99,653.99,651.21,651.57,1504.0,44,0.0
2025-05-15 19:00:00,651.57,652.34,638.47,643.91,3339.0,44,0.0
2025-05-16 10:00:00,642.62,643.83,642.07,643.45,646.0,67,0.0
2025-05-16 11:00:00,643.28,644.57,641.99,643.51,681.0,67,0.0
2025-05-16 12:00:00,643.25,643.55,640.24,640.42,1085.0,67,0.0
2025-05-16 13:00:00,640.36,641.03,632.67,637.94,3291.0,44,0.0
2025-05-16 14:00:00,638.03,638.1,625.99,630.97,3155.0,44,0.0
2025-05-16 15:00:00,630.96,634.81,628.8,633.88,2056.0,44,0.0
2025-05-16 16:00:00,633.87,635.23,632.24,634.65,1574.0,44,0.0
2025-05-16 17:00:00,634.64,635.25,632.72,633.6,1423.0,44,0.0
2025-05-16 18:00:00,633.6,639.44,633.37,639.25,1494.0,44,0.0
2025-05-16 19:00:00,639.17,640.18,637.86,638.08,1295.0,44,0.0
2025-05-19 10:00:00,626.92,630.07,625.89,628.18,798.0,67,0.0
2025-05-19 11:00:00,628.1,629.28,626.66,628.5,801.0,67,0.0
2025-05-19 12:00:00,628.25,629.18,626.81,628.52,1041.0,67,0.0
2025-05-19 13:00:00,628.53,638.1,624.81,637.25,2711.0,44,0.0
2025-05-19 14:00:00,637.25,641.08,636.99,638.55,2282.0,44,0.0
2025-05-19 15:00:00,638.57,642.75,637.93,639.67,1550.0,44,0.0
2025-05-19 16:00:00,639.65,641.71,638.97,641.46,1211.0,44,0.0
2025-05-19 17:00:00,641.46,642.36,639.73,640.0,1187.0,44,0.0
2025-05-19 18:00:00,640.0,641.06,638.54,640.27,1211.0,44,0.0
2025-05-19 19:00:00,640.25,640.66,638.34,638.47,1046.0,44,0.0
2025-05-20 10:00:00,637.04,638.38,637.04,638.11,493.0,67,0.0
2025-05-20 11:00:00,637.89,639.33,637.51,638.99,621.0,67,0.0
2025-05-20 12:00:00,638.97,639.19,637.05,637.43,908.0,67,0.0
2025-05-20 13:00:00,637.41,638.79,633.87,636.6,1990.0,44,0.0
2025-05-20 14:00:00,636.56,638.91,635.99,636.79,1716.0,44,0.0
2025-05-20 15:00:00,636.74,638.45,636.26,637.6,1204.0,44,0.0
2025-05-20 16:00:00,637.56,639.13,636.38,638.52,1099.0,44,0.0
2025-05-20 17:00:00,638.53,638.79,635.24,636.4,1188.0,44,0.0
2025-05-20 18:00:00,636.4,636.56,633.26,634.22,1462.0,44,0.0
2025-05-20 19:00:00,634.15,636.13,632.1,635.1,1080.0,44,0.0
2025-05-21 10:00:00,630.25,630.49,627.06,630.23,801.0,67,0.0
2025-05-21 11:00:00,630.17,633.12,630.17,632.82,1080.0,67,0.0
2025-05-21 12:00:00,632.84,633.02,630.82,631.81,1246.0,67,0.0
2025-05-21 13:00:00,631.8,642.54,629.96,639.61,2108.0,44,0.0
2025-05-21 14:00:00,639.68,644.65,638.86,644.64,2487.0,44,0.0
2025-05-21 15:00:00,644.63,646.31,641.88,641.88,1987.0,44,0.0
2025-05-21 16:00:00,641.88,643.54,640.56,640.8,1447.0,44,0.0
2025-05-21 17:00:00,640.82,641.04,629.99,636.59,3403.0,44,0.0
2025-05-21 18:00:00,636.59,637.52,634.08,634.52,2367.0,44,0.0
2025-05-21 19:00:00,634.53,635.76,631.64,635.62,1922.0,44,0.0
2025-05-22 10:00:00,637.05,637.89,636.41,636.59,372.0,67,0.0
2025-05-22 11:00:00,636.63,638.44,634.88,635.35,1306.0,67,0.0
2025-05-22 12:00:00,635.26,637.32,632.28,637.32,1291.0,67,0.0
2025-05-22 13:00:00,637.25,641.36,630.43,640.97,2496.0,44,0.0
2025-05-22 14:00:00,641.05,642.94,635.93,638.39,2640.0,44,0.0
2025-05-22 15:00:00,638.41,639.38,634.96,637.2,1730.0,44,0.0
2025-05-22 16:00:00,637.28,639.47,635.91,636.18,1347.0,44,0.0
2025-05-22 17:00:00,636.18,639.75,635.41,639.1,1339.0,44,0.0
2025-05-22 18:00:00,639.1,639.6,637.6,639.43,1262.0,44,0.0
2025-05-22 19:00:00,639.45,641.71,638.42,638.83,1093.0,44,0.0
2025-05-23 10:00:00,635.99,636.31,633.79,636.01,898.0,67,0.0
2025-05-23 11:00:00,636.01,636.85,624.77,625.17,2220.0,67,0.0
2025-05-23 12:00:00,625.02,625.99,619.86,620.46,2184.0,67,0.0
2025-05-23 13:00:00,620.28,629.58,618.34,626.32,3337.0,44,0.0
2025-05-23 14:00:00,626.39,630.41,625.46,626.35,2693.0,44,0.0
2025-05-23 15:00:00,626.42,629.91,626.18,628.28,2036.0,44,0.0
2025-05-23 16:00:00,628.34,630.35,627.68,629.46,1670.0,44,0.0
2025-05-23 17:00:00,629.45,632.16,628.99,630.91,1407.0,44,0.0
2025-05-23 18:00:00,630.91,631.88,629.4,629.74,1467.0,44,0.0
2025-05-23 19:00:00,629.71,630.84,627.63,629.07,1215.0,44,0.0
2025-05-27 10:00:00,640.69,641.66,639.15,639.23,499.0,67,0.0
2025-05-27 11:00:00,639.16,640.53,637.22,639.97,750.0,67,0.0
2025-05-27 12:00:00,639.97,640.8,638.92,639.39,782.0,67,0.0
2025-05-27 13:00:00,639.4,640.08,632.52,635.91,2208.0,44,0.0
2025-05-27 14:00:00,635.9,639.15,635.78,635.83,1929.0,44,0.0
2025-05-27 15:00:00,635.83,638.11,635.82,636.62,1341.0,44,0.0
2025-05-27 16:00:00,636.61,642.43,636.43,640.55,1317.0,44,0.0
2025-05-27 17:00:00,640.55,642.51,640.5,641.61,1021.0,44,0.0
2025-05-27 18:00:00,641.57,642.78,640.22,640.3,958.0,44,0.0
2025-05-27 19:00:00,640.26,641.35,639.76,640.97,913.0,44,0.0
2025-05-28 10:00:00,639.95,643.13,639.86,643.13,365.0,67,0.0
2025-05-28 11:00:00,642.83,642.83,641.04,641.97,559.0,67,0.0
2025-05-28 12:00:00,641.83,642.79,641.29,641.6,764.0,67,0.0
2025-05-28 13:00:00,641.59,650.62,641.07,645.05,2194.0,44,0.0
2025-05-28 14:00:00,644.98,646.14,643.26,643.63,1787.0,44,0.0
2025-05-28 15:00:00,643.59,645.75,643.43,644.05,1209.0,44,0.0
2025-05-28 16:00:00,644.12,647.09,644.12,646.31,966.0,44,0.0
2025-05-28 17:00:00,646.32,647.23,645.18,645.4,832.0,44,0.0
2025-05-28 18:00:00,645.36,646.71,643.23,645.61,991.0,44,0.0
2025-05-28 19:00:00,645.61,646.68,644.79,645.13,1074.0,44,0.0
2025-05-29 10:00:00,654.81,655.14,652.71,654.99,463.0,67,0.0
2025-05-29 11:00:00,654.99,654.99,649.83,650.06,719.0,67,0.0
2025-05-29 12:00:00,649.42,651.61,648.2,649.18,1077.0,67,0.0
2025-05-29 13:00:00,649.12,652.94,645.45,646.8,2259.0,44,0.0
2025-05-29 14:00:00,646.76,647.59,642.36,646.66,2122.0,44,0.0
2025-05-29 15:00:00,646.68,647.3,639.33,640.46,1691.0,44,0.0
2025-05-29 16:00:00,640.44,646.31,639.88,645.17,1881.0,44,0.0
2025-05-29 17:00:00,645.12,646.32,643.36,643.86,1354.0,44,0.0
2025-05-29 18:00:00,643.86,644.87,641.59,643.25,1301.0,44,0.0
2025-05-29 19:00:00,643.25,645.2,642.9,643.89,1123.0,44,0.0
2025-05-30 10:00:00,641.99,643.24,641.97,642.97,444.0,67,0.0
2025-05-30 11:00:00,643.05,645.04,642.82,643.91,718.0,67,0.0
2025-05-30 12:00:00,643.94,644.75,638.95,641.93,1700.0,67,0.0
2025-05-30 13:00:00,641.92,643.42,638.71,641.44,2049.0,44,0.0
2025-05-30 14:00:00,641.77,646.69,641.77,643.32,2057.0,44,0.0
2025-05-30 15:00:00,643.33,645.04,642.36,643.91,1405.0,44,0.0
2025-05-30 16:00:00,643.92,644.85,632.47,634.41,2386.0,44,0.0
2025-05-30 17:00:00,634.33,639.78,633.84,638.65,1707.0,44,0.0
2025-05-30 18:00:00,638.62,642.9,638.62,642.36,1712.0,44,0.0
2025-05-30 19:00:00,642.34,645.21,642.08,644.42,1444.0,44,0.0
2025-06-02 10:00:00,641.11,641.32,639.49,641.06,597.0,67,0.0
2025-06-02 11:00:00,641.08,644.19,639.92,643.02,647.0,67,0.0
2025-06-02 12:00:00,643.03,646.09,642.53,645.99,1050.0,67,0.0
2025-06-02 13:00:00,645.49,660.23,643.12,652.4,2899.0,44,0.0
2025-06-02 14:00:00,652.04,658.55,648.54,658.19,2711.0,44,0.0
2025-06-02 15:00:00,658.1,662.64,656.34,661.72,2148.0,44,0.0
2025-06-02 16:00:00,661.81,664.22,661.22,663.55,1908.0,44,0.0
2025-06-02 17:00:00,663.65,667.4,663.55,664.82,1881.0,44,0.0
2025-06-02 18:00:00,664.8,670.53,664.08,670.17,1871.0,44,0.0
2025-06-02 19:00:00,670.16,672.87,669.05,670.46,1676.0,44,0.0
2025-06-03 10:00:00,668.77,670.38,667.87,670.38,523.0,67,0.0
2025-06-03 11:00:00,670.35,671.37,670.1,670.36,535.0,67,0.0
2025-06-03 12:00:00,670.37,671.01,669.03,670.44,742.0,67,0.0
2025-06-03 13:00:00,670.52,674.97,664.6,666.54,2664.0,44,0.0
2025-06-03 14:00:00,666.63,669.27,664.75,666.75,2382.0,44,0.0
2025-06-03 15:00:00,666.75,668.04,664.99,666.72,1450.0,44,0.0
2025-06-03 16:00:00,666.7,672.03,666.42,669.74,1319.0,44,0.0
2025-06-03 17:00:00,669.67,669.98,667.23,669.0,1092.0,44,0.0
2025-06-03 18:00:00,669.01,669.23,666.78,667.25,1172.0,44,0.0
2025-06-03 19:00:00,667.25,668.85,666.64,667.21,894.0,44,0.0
2025-06-04 10:00:00,668.99,670.0,668.66,669.85,382.0,67,0.0
2025-06-04 11:00:00,669.76,670.31,669.07,669.97,427.0,67,0.0
2025-06-04 12:00:00,669.97,670.87,667.16,667.97,710.0,67,0.0
2025-06-04 13:00:00,667.96,682.13,667.67,681.86,2539.0,44,0.0
2025-06-04 14:00:00,681.63,685.91,675.66,682.36,3200.0,44,0.0
2025-06-04 15:00:00,682.36,683.97,680.05,680.95,1837.0,44,0.0
2025-06-04 16:00:00,680.99,682.71,679.33,682.56,1532.0,44,0.0
2025-06-04 17:00:00,682.56,684.6,682.45,684.21,1412.0,44,0.0
2025-06-04 18:00:00,684.24,687.51,683.47,686.52,1348.0,44,0.0
2025-06-04 19:00:00,686.53,687.48,684.49,685.02,1237.0,44,0.0
2025-06-05 10:00:00,689.8,692.0,687.82,689.99,865.0,67,0.0
2025-06-05 11:00:00,689.73,690.21,688.27,689.18,601.0,67,0.0
2025-06-05 12:00:00,689.25,692.39,688.33,689.96,1438.0,67,0.0
2025-06-05 13:00:00,690.12,692.4,684.67,686.18,2837.0,44,0.0
2025-06-05 14:00:00,686.25,693.88,685.64,691.0,2803.0,44,0.0
2025-06-05 15:00:00,690.96,692.13,687.89,690.29,1735.0,44,0.0
2025-06-05 16:00:00,690.32,690.92,684.82,684.86,1916.0,44,0.0
2025-06-05 17:00:00,684.76,689.63,683.43,687.1,1677.0,44,0.0
2025-06-05 18:00:00,687.1,689.02,682.87,687.69,1762.0,44,0.0
2025-06-05 19:00:00,687.7,688.03,681.93,685.33,2099.0,44,0.0
2025-06-06 10:00:00,688.64,689.85,688.34,689.04,309.0,67,0.0
2025-06-06 11:00:00,688.63,690.39,687.8,689.68,771.0,67,0.0
2025-06-06 12:00:00,689.66,695.08,688.91,694.15,1244.0,67,0.0
2025-06-06 13:00:00,694.26,702.15,693.69,698.81,2804.0,44,0.0
2025-06-06 14:00:00,698.88,701.11,694.27,695.69,2491.0,44,0.0
2025-06-06 15:00:00,695.66,697.38,691.39,695.01,2034.0,44,0.0
2025-06-06 16:00:00,694.93,695.51,692.09,693.42,1514.0,44,0.0
2025-06-06 17:00:00,693.51,696.45,693.15,696.06,1184.0,44,0.0
2025-06-06 18:00:00,696.06,698.95,696.06,697.84,1337.0,44,0.0
2025-06-06 19:00:00,697.81,698.4,696.28,698.07,1220.0,44,0.0
2025-06-09 10:00:00,696.41,696.76,695.58,695.95,84.0,67,0.0
2025-06-09 11:00:00,696.05,698.83,695.88,697.92,610.0,67,0.0
2025-06-09 12:00:00,697.98,698.14,696.56,697.24,741.0,67,0.0
2025-06-09 13:00:00,697.24,704.55,695.84,700.3,2431.0,44,0.0
2025-06-09 14:00:00,700.38,703.1,699.37,700.3,2149.0,44,0.0
2025-06-09 15:00:00,700.31,700.8,697.69,699.7,1550.0,44,0.0
2025-06-09 16:00:00,699.69,700.15,698.07,699.23,1055.0,44,0.0
2025-06-09 17:00:00,699.21,701.04,698.38,699.54,995.0,44,0.0
2025-06-09 18:00:00,699.51,699.78,695.86,697.62,1072.0,44,0.0
2025-06-09 19:00:00,697.61,697.66,694.85,695.01,865.0,44,0.0
2025-06-10 10:00:00,695.17,701.94,695.15,699.23,821.0,67,0.0
2025-06-10 11:00:00,699.07,700.39,696.84,700.19,683.0,67,0.0
2025-06-10 12:00:00,700.37,701.7,699.76,701.46,420.0,67,0.0
2025-06-10 13:00:00,701.39,703.17,695.95,699.7,2259.0,44,0.0
2025-06-10 14:00:00,699.77,701.03,697.36,697.68,1926.0,44,0.0
2025-06-10 15:00:00,697.68,697.68,691.09,696.25,2090.0,44,0.0
2025-06-10 16:00:00,696.22,698.67,696.03,698.25,1359.0,44,0.0
2025-06-10 17:00:00,698.25,698.88,695.96,696.53,1040.0,44,0.0
2025-06-10 18:00:00,696.53,701.54,694.74,700.7,1411.0,44,0.0
2025-06-10 19:00:00,700.65,701.99,698.42,700.48,1249.0,44,0.0
2025-06-11 10:00:00,699.02,699.39,698.63,698.8,349.0,67,0.0
2025-06-11 11:00:00,699.01,699.82,698.02,699.6,565.0,67,0.0
2025-06-11 12:00:00,699.83,705.57,698.69,703.91,1018.0,67,0.0
2025-06-11 13:00:00,703.61,707.99,699.94,701.49,2077.0,44,0.0
2025-06-11 14:00:00,701.5,703.39,700.25,702.23,1827.0,44,0.0
2025-06-11 15:00:00,702.24,702.94,698.0,699.28,1547.0,44,0.0
2025-06-11 16:00:00,699.28,700.94,697.04,699.33,1337.0,44,0.0
2025-06-11 17:00:00,699.33,700.81,697.49,697.7,1057.0,44,0.0
2025-06-11 18:00:00,697.7,698.02,694.25,696.02,2128.0,44,0.0
2025-06-11 19:00:00,695.93,696.41,692.65,692.69,1391.0,44,0.0
2025-06-12 10:00:00,690.82,691.05,689.41,690.1,860.0,67,0.0
2025-06-12 11:00:00,690.45,690.83,687.56,687.73,699.0,67,0.0
2025-06-12 12:00:00,687.81,691.09,687.72,690.95,985.0,67,0.0
2025-06-12 13:00:00,690.93,693.1,687.07,687.69,2072.0,44,0.0
2025-06-12 14:00:00,687.78,693.21,686.43,691.72,1980.0,44,0.0
2025-06-12 15:00:00,691.73,694.62,690.78,691.72,1538.0,44,0.0
2025-06-12 16:00:00,691.72,692.53,689.71,690.32,1275.0,44,0.0
2025-06-12 17:00:00,690.31,691.52,690.09,690.89,974.0,44,0.0
2025-06-12 18:00:00,690.88,693.55,690.78,693.54,979.0,44,0.0
2025-06-12 19:00:00,693.47,693.75,692.62,693.09,725.0,44,0.0
2025-06-13 10:00:00,679.4,680.89,679.25,680.46,241.0,67,0.0
2025-06-13 11:00:00,680.36,683.8,678.95,682.42,671.0,67,0.0
2025-06-13 12:00:00,682.47,685.04,681.46,683.64,411.0,67,0.0
2025-06-13 13:00:00,683.64,693.51,682.6,691.42,1912.0,44,0.0
2025-06-13 14:00:00,692.2,693.24,686.09,689.33,2315.0,44,0.0
2025-06-13 15:00:00,689.29,692.9,689.06,692.71,1601.0,44,0.0
2025-06-13 16:00:00,692.64,693.73,691.22,692.33,1217.0,44,0.0
2025-06-13 17:00:00,692.32,692.41,688.93,690.4,1231.0,44,0.0
2025-06-13 18:00:00,690.38,690.83,682.88,683.74,2166.0,44,0.0
2025-06-13 19:00:00,683.72,684.12,681.33,681.8,1587.0,44,0.0
2025-06-16 10:00:00,687.01,688.04,686.9,687.87,204.0,67,0.0
2025-06-16 11:00:00,687.3,688.9,686.24,688.77,655.0,67,0.0
2025-06-16 12:00:00,688.77,688.96,688.1,688.36,375.0,67,0.0
2025-06-16 13:00:00,688.36,704.61,688.35,696.06,5170.0,44,0.0
2025-06-16 14:00:00,696.06,706.81,696.06,703.76,3129.0,44,0.0
2025-06-16 15:00:00,703.75,704.93,700.32,700.61,2018.0,44,0.0
2025-06-16 16:00:00,700.61,700.96,696.09,698.56,1853.0,44,0.0
2025-06-16 17:00:00,698.57,702.13,698.48,700.95,1462.0,44,0.0
2025-06-16 18:00:00,700.95,703.29,700.73,701.84,1273.0,44,0.0
2025-06-16 19:00:00,701.84,702.09,699.97,700.71,1074.0,44,0.0
2025-06-17 10:00:00,698.44,699.71,696.58,697.45,808.0,67,0.0
2025-06-17 11:00:00,697.54,701.17,697.29,701.03,483.0,67,0.0
2025-06-17 12:00:00,701.05,701.55,699.59,700.09,547.0,67,0.0
2025-06-17 13:00:00,700.1,705.42,697.16,701.49,2097.0,44,0.0
2025-06-17 14:00:00,701.56,702.0,698.61,700.83,1705.0,44,0.0
2025-06-17 15:00:00,700.9,705.59,700.17,703.69,1553.0,44,0.0
2025-06-17 16:00:00,703.7,705.33,700.62,700.79,1419.0,44,0.0
2025-06-17 17:00:00,700.73,701.66,697.59,697.9,1517.0,44,0.0
2025-06-17 18:00:00,697.83,699.59,696.63,699.55,1598.0,44,0.0
2025-06-17 19:00:00,699.52,699.71,697.37,697.69,978.0,44,0.0
2025-06-18 10:00:00,701.23,701.43,697.95,698.36,364.0,67,0.0
2025-06-18 11:00:00,698.36,699.94,697.18,699.16,741.0,67,0.0
2025-06-18 12:00:00,699.09,699.77,698.36,698.55,636.0,67,0.0
2025-06-18 13:00:00,698.55,700.56,696.0,698.8,1414.0,44,0.0
2025-06-18 14:00:00,698.74,701.29,697.76,700.61,1696.0,44,0.0
2025-06-18 15:00:00,700.61,701.29,698.94,699.06,1278.0,44,0.0
2025-06-18 16:00:00,699.06,699.84,698.35,699.09,1142.0,44,0.0
2025-06-18 17:00:00,699.09,699.79,696.0,698.73,1247.0,44,0.0
2025-06-18 18:00:00,698.88,700.27,694.72,695.8,2127.0,44,0.0
2025-06-18 19:00:00,695.74,698.87,694.87,697.11,1588.0,44,0.0
2025-06-20 10:00:00,695.01,695.21,694.07,694.58,472.0,67,0.0
2025-06-20 11:00:00,694.86,698.36,694.41,697.33,1022.0,67,0.0
2025-06-20 12:00:00,697.31,699.39,697.18,699.16,765.0,67,0.0
2025-06-20 13:00:00,699.15,702.67,693.23,693.28,2263.0,44,0.0
2025-06-20 14:00:00,693.31,693.75,686.04,687.04,3048.0,44,0.0
2025-06-20 15:00:00,686.91,689.0,684.29,687.5,2338.0,44,0.0
2025-06-20 16:00:00,687.46,690.12,687.11,689.23,1540.0,44,0.0
2025-06-20 17:00:00,689.25,690.11,682.15,683.45,1750.0,44,0.0
2025-06-20 18:00:00,683.41,685.29,682.11,682.32,1630.0,44,0.0
2025-06-20 19:00:00,682.32,683.01,679.79,681.85,1422.0,44,0.0
2025-06-23 10:00:00,684.59,685.05,682.99,683.37,598.0,67,0.0
2025-06-23 11:00:00,683.44,683.71,680.33,682.36,1201.0,67,0.0
2025-06-23 12:00:00,682.12,685.02,681.4,685.02,688.0,67,0.0
2025-06-23 13:00:00,684.98,686.02,678.59,681.61,2463.0,44,0.0
2025-06-23 14:00:00,681.59,689.59,681.58,688.53,2595.0,44,0.0
2025-06-23 15:00:00,688.6,693.31,688.32,691.05,2089.0,44,0.0
2025-06-23 16:00:00,691.04,691.49,684.03,688.62,2589.0,44,0.0
2025-06-23 17:00:00,688.72,696.1,687.93,695.44,2318.0,44,0.0
2025-06-23 18:00:00,695.46,696.68,694.6,694.81,1347.0,44,0.0
2025-06-23 19:00:00,694.81,697.07,694.81,696.47,1145.0,44,0.0
2025-06-24 10:00:00,704.16,704.39,702.59,703.01,553.0,67,0.0
2025-06-24 11:00:00,703.04,704.97,702.88,704.24,671.0,67,0.0
2025-06-24 12:00:00,704.23,704.98,703.05,704.62,472.0,67,0.0
2025-06-24 13:00:00,704.47,712.77,703.39,708.43,2628.0,44,0.0
2025-06-24 14:00:00,708.33,708.81,701.96,704.16,2592.0,44,0.0
2025-06-24 15:00:00,704.23,710.41,704.23,707.39,1960.0,44,0.0
2025-06-24 16:00:00,707.37,707.98,705.5,707.95,1510.0,44,0.0
2025-06-24 17:00:00,707.92,711.14,707.75,709.85,1518.0,44,0.0
2025-06-24 18:00:00,709.97,711.79,709.79,711.36,1292.0,44,0.0
2025-06-24 19:00:00,711.36,712.22,710.14,710.64,1142.0,44,0.0
2025-06-25 10:00:00,711.27,711.87,711.02,711.65,373.0,67,0.0
2025-06-25 11:00:00,711.72,714.51,711.55,714.47,351.0,67,0.0
2025-06-25 12:00:00,714.13,716.6,713.89,716.4,339.0,67,0.0
2025-06-25 13:00:00,716.41,717.11,710.22,712.93,2305.0,44,0.0
2025-06-25 14:00:00,713.07,714.81,709.97,713.06,1808.0,44,0.0
2025-06-25 15:00:00,713.06,713.94,711.22,711.33,1445.0,44,0.0
2025-06-25 16:00:00,711.36,711.83,708.25,708.6,1349.0,44,0.0
2025-06-25 17:00:00,708.61,708.91,705.33,705.5,1297.0,44,0.0
2025-06-25 18:00:00,705.52,707.98,705.26,707.35,1133.0,44,0.0
2025-06-25 19:00:00,707.35,709.16,707.31,708.89,896.0,44,0.0
2025-06-26 10:00:00,712.89,714.45,712.33,713.13,432.0,67,0.0
2025-06-26 11:00:00,713.07,714.3,713.04,714.02,433.0,67,0.0
2025-06-26 12:00:00,714.07,714.29,712.22,712.92,536.0,67,0.0
2025-06-26 13:00:00,712.92,717.02,710.89,716.72,2387.0,44,0.0
2025-06-26 14:00:00,716.79,722.07,714.96,718.63,3258.0,44,0.0
2025-06-26 15:00:00,718.58,723.41,718.56,722.46,1942.0,44,0.0
2025-06-26 16:00:00,722.51,724.39,721.72,723.53,1512.0,44,0.0
2025-06-26 17:00:00,723.52,726.08,722.99,725.5,1440.0,44,0.0
2025-06-26 18:00:00,725.52,728.0,725.33,725.8,1599.0,44,0.0
2025-06-26 19:00:00,725.8,726.69,724.81,725.17,1105.0,44,0.0
2025-06-27 10:00:00,731.49,731.61,730.75,731.16,234.0,67,0.0
2025-06-27 11:00:00,731.05,732.39,730.73,731.86,351.0,67,0.0
2025-06-27 12:00:00,731.84,732.15,728.91,730.04,876.0,67,0.0
2025-06-27 13:00:00,730.04,733.96,723.98,731.91,2327.0,44,0.0
2025-06-27 14:00:00,731.99,735.19,728.1,728.92,2690.0,44,0.0
2025-06-27 15:00:00,728.86,731.62,727.55,731.6,1534.0,44,0.0
2025-06-27 16:00:00,731.52,731.52,729.66,730.9,1077.0,44,0.0
2025-06-27 17:00:00,730.85,731.48,728.15,730.4,1427.0,44,0.0
2025-06-27 18:00:00,730.38,731.15,725.71,726.48,1769.0,44,0.0
2025-06-27 19:00:00,726.47,729.89,726.47,729.77,1108.0,44,0.0
2025-06-30 10:00:00,746.35,748.45,745.81,747.56,491.0,67,0.0
2025-06-30 11:00:00,747.43,747.99,745.82,747.42,697.0,67,0.0
2025-06-30 12:00:00,747.31,747.67,745.4,745.92,579.0,67,0.0
2025-06-30 13:00:00,745.99,746.39,737.42,742.51,2861.0,44,0.0
2025-06-30 14:00:00,742.52,747.64,740.83,741.02,3065.0,44,0.0
2025-06-30 15:00:00,741.07,743.11,737.3,737.98,2256.0,44,0.0
2025-06-30 16:00:00,738.06,743.21,737.98,741.99,1710.0,44,0.0
2025-06-30 17:00:00,741.97,742.31,738.74,739.51,1144.0,44,0.0
2025-06-30 18:00:00,739.48,739.66,734.14,736.35,1788.0,44,0.0
2025-06-30 19:00:00,736.42,738.15,736.23,737.62,1268.0,44,0.0
2025-07-01 10:00:00,738.81,739.02,737.7,738.06,174.0,67,0.0
2025-07-01 11:00:00,738.11,738.67,737.22,737.46,504.0,67,0.0
2025-07-01 12:00:00,737.46,738.19,734.35,735.64,599.0,67,0.0
2025-07-01 13:00:00,735.5,737.42,730.32,734.77,2192.0,44,0.0
2025-07-01 14:00:00,734.78,736.88,723.98,724.88,3171.0,44,0.0
2025-07-01 15:00:00,724.86,725.26,717.89,719.15,2890.0,44,0.0
2025-07-01 16:00:00,719.23,721.75,715.2,720.98,2244.0,44,0.0
2025-07-01 17:00:00,720.97,722.89,719.45,721.23,1600.0,44,0.0
2025-07-01 18:00:00,721.31,722.32,718.15,718.17,1335.0,44,0.0
2025-07-01 19:00:00,718.17,719.32,716.5,718.69,1348.0,44,0.0
2025-07-02 10:00:00,718.31,718.62,717.81,718.12,317.0,67,0.0
2025-07-02 11:00:00,718.33,718.38,716.42,716.42,488.0,67,0.0
2025-07-02 12:00:00,716.55,717.2,711.47,713.27,833.0,67,0.0
2025-07-02 13:00:00,713.52,719.07,713.11,713.98,2264.0,44,0.0
2025-07-02 14:00:00,713.96,719.99,713.81,718.67,2159.0,44,0.0
2025-07-02 15:00:00,718.8,719.87,715.92,717.71,1478.0,44,0.0
2025-07-02 16:00:00,717.71,719.38,717.64,717.9,1084.0,44,0.0
2025-07-02 17:00:00,717.91,718.12,714.3,716.41,1182.0,44,0.0
2025-07-02 18:00:00,716.46,716.63,713.44,713.7,1056.0,44,0.0
2025-07-02 19:00:00,713.72,714.42,713.03,713.43,920.0,44,0.0
2025-07-03 10:00:00,715.52,720.07,715.34,718.1,514.0,67,0.0
2025-07-03 11:00:00,718.08,718.82,716.94,718.12,448.0,67,0.0
2025-07-03 12:00:00,718.13,723.32,717.72,721.23,869.0,67,0.0
2025-07-03 13:00:00,721.27,728.66,719.64,720.28,3170.0,44,0.0
2025-07-03 14:00:00,720.37,721.8,714.2,716.26,3018.0,44,0.0
2025-07-03 15:00:00,716.24,719.73,715.77,717.45,1910.0,44,0.0
2025-07-03 16:00:00,717.46,720.2,717.42,718.59,1659.0,44,0.0
2025-07-07 10:00:00,716.27,716.56,716.03,716.16,166.0,67,0.0
2025-07-07 11:00:00,716.2,716.45,715.8,716.39,237.0,67,0.0
2025-07-07 12:00:00,716.35,717.51,715.68,716.38,710.0,67,0.0
2025-07-07 13:00:00,716.33,724.02,713.25,722.92,2131.0,44,0.0
2025-07-07 14:00:00,722.91,726.76,721.49,723.66,2364.0,44,0.0
2025-07-07 15:00:00,723.6,725.76,722.49,723.15,1362.0,44,0.0
2025-07-07 16:00:00,723.15,723.66,720.09,721.43,1617.0,44,0.0
2025-07-07 17:00:00,721.34,723.61,720.33,721.4,1268.0,44,0.0
2025-07-07 18:00:00,721.41,722.33,718.92,722.22,1371.0,44,0.0
2025-07-07 19:00:00,722.22,722.65,718.29,718.71,938.0,44,0.0
2025-07-08 10:00:00,722.9,723.08,721.82,722.83,249.0,67,0.0
2025-07-08 11:00:00,722.51,722.71,721.73,722.11,621.0,67,0.0
2025-07-08 12:00:00,722.0,722.29,720.35,721.64,844.0,67,0.0
2025-07-08 13:00:00,721.65,722.65,716.31,718.87,1934.0,44,0.0
2025-07-08 14:00:00,718.98,721.12,714.69,716.02,2173.0,44,0.0
2025-07-08 15:00:00,716.09,719.49,714.9,719.07,1576.0,44,0.0
2025-07-08 16:00:00,719.09,721.18,717.96,720.8,1305.0,44,0.0
2025-07-08 17:00:00,720.83,721.6,718.92,720.55,1105.0,44,0.0
2025-07-08 18:00:00,720.52,720.92,718.08,718.4,1012.0,44,0.0
2025-07-08 19:00:00,718.4,718.99,717.52,718.33,846.0,44,0.0
2025-07-09 10:00:00,722.16,722.41,721.54,721.78,342.0,67,0.0
2025-07-09 11:00:00,721.86,722.99,721.7,722.92,431.0,67,0.0
2025-07-09 12:00:00,722.88,723.0,721.81,722.03,459.0,67,0.0
2025-07-09 13:00:00,721.98,733.05,721.86,732.36,2558.0,44,0.0
2025-07-09 14:00:00,732.28,736.33,729.6,731.57,3153.0,44,0.0
2025-07-09 15:00:00,731.46,736.77,730.78,735.05,2016.0,44,0.0
2025-07-09 16:00:00,735.11,737.24,734.61,734.77,1555.0,44,0.0
2025-07-09 17:00:00,734.76,735.23,731.83,732.79,1566.0,44,0.0
2025-07-09 18:00:00,732.79,736.01,732.74,735.56,1477.0,44,0.0
2025-07-09 19:00:00,735.58,735.97,733.69,734.13,1114.0,44,0.0
2025-07-10 10:00:00,732.6,733.21,732.47,732.84,91.0,67,0.0
2025-07-10 11:00:00,733.07,733.1,731.99,732.38,455.0,67,0.0
2025-07-10 12:00:00,732.46,732.46,729.78,730.37,694.0,67,0.0
2025-07-10 13:00:00,730.41,735.33,725.49,726.05,2493.0,44,0.0
2025-07-10 14:00:00,725.97,725.97,719.44,725.04,2914.0,44,0.0
2025-07-10 15:00:00,725.05,727.22,723.16,726.83,1718.0,44,0.0
2025-07-10 16:00:00,726.88,727.02,724.76,725.36,1145.0,44,0.0
2025-07-10 17:00:00,725.43,725.97,723.44,724.57,1158.0,44,0.0
2025-07-10 18:00:00,724.58,724.89,723.82,724.59,953.0,44,0.0
2025-07-10 19:00:00,724.54,727.21,724.54,727.02,838.0,44,0.0
2025-07-11 10:00:00,722.34,722.98,721.9,722.33,469.0,67,0.0
2025-07-11 11:00:00,722.41,724.01,721.71,723.62,477.0,67,0.0
2025-07-11 12:00:00,723.57,723.79,722.45,723.14,437.0,67,0.0
2025-07-11 13:00:00,723.14,724.73,709.54,714.27,2897.0,44,0.0
2025-07-11 14:00:00,714.22,717.14,712.78,714.89,2431.0,44,0.0
2025-07-11 15:00:00,714.9,719.3,714.76,718.04,2240.0,44,0.0
2025-07-11 16:00:00,718.08,721.28,717.84,720.22,1380.0,44,0.0
2025-07-11 17:00:00,720.22,721.45,717.0,717.91,1338.0,44,0.0
2025-07-11 18:00:00,717.89,719.78,717.82,718.78,1183.0,44,0.0
2025-07-11 19:00:00,718.74,719.22,716.88,718.2,1111.0,44,0.0
2025-07-14 10:00:00,716.09,716.17,715.53,715.53,94.0,67,0.0
2025-07-14 11:00:00,715.59,716.0,714.9,715.35,372.0,67,0.0
2025-07-14 12:00:00,715.34,716.34,715.12,715.96,218.0,67,0.0
2025-07-14 13:00:00,715.59,723.65,715.15,720.91,2324.0,44,0.0
2025-07-14 14:00:00,721.03,723.45,718.09,722.93,2172.0,44,0.0
2025-07-14 15:00:00,722.92,727.63,720.42,723.33,2701.0,44,0.0
2025-07-14 16:00:00,723.3,725.55,722.46,724.4,1288.0,44,0.0
2025-07-14 17:00:00,724.38,725.06,721.91,722.39,1228.0,44,0.0
2025-07-14 18:00:00,722.38,724.37,720.92,721.15,1108.0,44,0.0
2025-07-14 19:00:00,721.18,722.19,720.03,720.33,969.0,44,0.0
2025-07-15 10:00:00,724.84,725.36,724.41,724.68,111.0,67,0.0
2025-07-15 11:00:00,724.67,725.34,724.26,724.56,437.0,67,0.0
2025-07-15 12:00:00,724.58,724.58,721.5,724.03,1034.0,67,0.0
2025-07-15 13:00:00,723.97,725.4,716.86,717.8,2675.0,44,0.0
2025-07-15 14:00:00,717.9,717.97,713.77,714.1,3055.0,44,0.0
2025-07-15 15:00:00,714.17,719.64,714.15,719.36,1745.0,44,0.0
2025-07-15 16:00:00,719.33,719.79,714.86,715.0,1529.0,44,0.0
2025-07-15 17:00:00,714.98,718.23,713.83,718.23,1409.0,44,0.0
2025-07-15 18:00:00,718.19,718.43,713.49,713.55,1329.0,44,0.0
2025-07-15 19:00:00,713.46,714.39,711.64,712.81,1334.0,44,0.0
2025-07-16 10:00:00,712.2,714.29,712.03,713.74,187.0,67,0.0
2025-07-16 11:00:00,713.78,713.78,711.93,712.43,650.0,67,0.0
2025-07-16 12:00:00,712.43,714.29,712.01,713.91,528.0,67,0.0
2025-07-16 13:00:00,713.9,714.42,703.79,704.11,2568.0,44,0.0
2025-07-16 14:00:00,704.11,709.34,703.81,706.98,2493.0,44,0.0
2025-07-16 15:00:00,706.89,707.9,699.2,704.22,3189.0,44,0.0
2025-07-16 16:00:00,704.12,704.68,700.73,703.94,1960.0,44,0.0
2025-07-16 17:00:00,703.92,705.47,701.21,704.27,1443.0,44,0.0
2025-07-16 18:00:00,704.26,704.37,702.38,703.41,1279.0,44,0.0
2025-07-16 19:00:00,703.41,703.57,701.9,702.72,1020.0,44,0.0
2025-07-17 10:00:00,706.85,707.03,705.35,706.02,205.0,67,0.0
2025-07-17 11:00:00,706.13,706.18,704.85,705.28,587.0,67,0.0
2025-07-17 12:00:00,705.28,707.45,704.44,706.86,615.0,67,0.0
2025-07-17 13:00:00,706.7,707.68,700.84,701.65,2383.0,44,0.0
2025-07-17 14:00:00,701.68,702.03,696.9,700.99,2628.0,44,0.0
2025-07-17 15:00:00,700.99,703.3,699.91,702.1,1915.0,44,0.0
2025-07-17 16:00:00,702.1,704.3,701.58,702.6,1388.0,44,0.0
2025-07-17 17:00:00,702.6,702.69,700.25,701.55,1164.0,44,0.0
2025-07-17 18:00:00,701.58,701.81,700.42,701.67,1169.0,44,0.0
2025-07-17 19:00:00,701.66,702.17,700.76,701.04,912.0,44,0.0
2025-07-18 10:00:00,702.93,702.99,701.92,702.67,269.0,67,0.0
2025-07-18 11:00:00,702.77,703.95,702.05,702.63,823.0,67,0.0
2025-07-18 12:00:00,702.63,702.82,701.56,701.86,390.0,67,0.0
2025-07-18 13:00:00,701.65,705.72,695.18,696.05,2591.0,44,0.0
2025-07-18 14:00:00,696.57,697.24,691.49,697.12,2757.0,44,0.0
2025-07-18 15:00:00,697.18,700.97,696.85,700.34,1664.0,44,0.0
2025-07-18 16:00:00,700.34,700.34,697.87,698.64,1381.0,44,0.0
2025-07-18 17:00:00,698.65,700.65,697.94,698.43,1257.0,44,0.0
2025-07-18 18:00:00,698.43,701.74,698.34,701.2,1222.0,44,0.0
2025-07-18 19:00:00,701.16,704.2,701.13,702.98,1115.0,44,0.0
2025-07-21 10:00:00,707.93,708.44,707.83,707.92,239.0,67,0.0
2025-07-21 11:00:00,707.96,708.31,706.98,707.94,341.0,67,0.0
2025-07-21 12:00:00,707.91,708.02,706.29,706.52,333.0,67,0.0
2025-07-21 13:00:00,706.37,716.74,705.52,714.56,2368.0,44,0.0
2025-07-21 14:00:00,714.64,716.26,711.71,711.8,2175.0,44,0.0
2025-07-21 15:00:00,711.82,713.38,711.19,712.25,1316.0,44,0.0
2025-07-21 16:00:00,712.2,714.85,710.57,714.18,1318.0,44,0.0
2025-07-21 17:00:00,714.18,715.03,712.81,714.26,1193.0,44,0.0
2025-07-21 18:00:00,714.22,714.98,713.21,713.56,1058.0,44,0.0
2025-07-21 19:00:00,713.55,714.28,712.15,712.41,962.0,44,0.0
2025-07-22 10:00:00,714.0,715.56,713.78,715.41,231.0,67,0.0
2025-07-22 11:00:00,715.35,716.55,715.0,716.34,416.0,67,0.0
2025-07-22 12:00:00,716.09,716.48,715.93,716.11,301.0,67,0.0
2025-07-22 13:00:00,716.09,717.02,702.67,703.99,2726.0,44,0.0
2025-07-22 14:00:00,703.95,707.04,701.24,704.37,2411.0,44,0.0
2025-07-22 15:00:00,704.3,706.03,703.16,704.04,1353.0,44,0.0
2025-07-22 16:00:00,704.12,705.72,702.37,704.45,1390.0,44,0.0
2025-07-22 17:00:00,704.43,705.09,703.04,703.51,1034.0,44,0.0
2025-07-22 18:00:00,703.47,706.56,702.23,705.96,1163.0,44,0.0
2025-07-22 19:00:00,705.96,708.47,705.59,706.52,821.0,44,0.0
2025-07-23 10:00:00,707.85,708.71,707.72,708.43,263.0,67,0.0
2025-07-23 11:00:00,708.43,708.43,706.35,706.87,347.0,67,0.0
2025-07-23 12:00:00,706.86,707.74,704.76,705.55,647.0,67,0.0
2025-07-23 13:00:00,705.51,710.07,704.81,706.06,2459.0,44,0.0
2025-07-23 14:00:00,706.19,708.8,705.55,708.53,1669.0,44,0.0
2025-07-23 15:00:00,708.56,714.33,707.37,713.29,1654.0,44,0.0
2025-07-23 16:00:00,713.09,713.38,709.18,710.09,1463.0,44,0.0
2025-07-23 17:00:00,710.09,713.27,709.85,713.04,1076.0,44,0.0
2025-07-23 18:00:00,713.03,713.72,712.44,713.6,1178.0,44,0.0
2025-07-23 19:00:00,713.58,714.13,711.89,712.84,921.0,44,0.0
2025-07-24 10:00:00,716.08,718.27,714.94,717.79,422.0,67,0.0
2025-07-24 11:00:00,717.68,718.83,716.81,717.59,673.0,67,0.0
2025-07-24 12:00:00,717.64,718.42,716.0,717.66,718.0,67,0.0
2025-07-24 13:00:00,717.7,723.19,715.2,720.33,2975.0,44,0.0
2025-07-24 14:00:00,720.48,722.29,715.44,720.44,2697.0,44,0.0
2025-07-24 15:00:00,720.44,720.68,715.71,716.57,1748.0,44,0.0
2025-07-24 16:00:00,716.53,716.6,713.9,715.2,1518.0,44,0.0
2025-07-24 17:00:00,715.22,717.06,714.46,714.96,1202.0,44,0.0
2025-07-24 18:00:00,714.96,718.3,714.96,717.01,1146.0,44,0.0
2025-07-24 19:00:00,716.98,718.49,716.81,717.5,945.0,44,0.0
2025-07-25 10:00:00,716.78,717.65,716.42,717.59,112.0,67,0.0
2025-07-25 11:00:00,717.38,717.5,715.96,716.41,230.0,67,0.0
2025-07-25 12:00:00,716.32,717.35,715.92,717.0,250.0,67,0.0
2025-07-25 13:00:00,717.04,719.11,713.09,717.95,1841.0,44,0.0
2025-07-25 14:00:00,717.93,719.58,715.16,716.85,2038.0,44,0.0
2025-07-25 15:00:00,716.75,718.12,716.12,717.64,1320.0,44,0.0
2025-07-25 16:00:00,717.66,719.34,716.64,719.09,1248.0,44,0.0
2025-07-25 17:00:00,719.04,720.4,717.41,718.22,1216.0,44,0.0
2025-07-25 18:00:00,718.24,718.37,715.7,716.16,1255.0,44,0.0
2025-07-25 19:00:00,716.15,716.34,712.02,712.1,1178.0,44,0.0
2025-07-28 10:00:00,716.65,716.73,714.89,715.57,395.0,67,0.0
2025-07-28 11:00:00,715.79,716.51,714.88,715.12,593.0,67,0.0
2025-07-28 12:00:00,715.17,716.22,714.8,716.02,391.0,67,0.0
2025-07-28 13:00:00,716.16,724.4,714.12,721.48,2796.0,44,0.0
2025-07-28 14:00:00,721.59,722.29,717.6,718.2,2304.0,44,0.0
2025-07-28 15:00:00,718.17,718.38,715.25,717.09,1676.0,44,0.0
2025-07-28 16:00:00,716.99,717.22,715.6,716.63,1340.0,44,0.0
2025-07-28 17:00:00,716.62,716.72,713.72,713.91,1336.0,44,0.0
2025-07-28 18:00:00,713.87,714.68,712.47,714.54,1424.0,44,0.0
2025-07-28 19:00:00,714.54,715.02,713.6,714.83,924.0,44,0.0
2025-07-29 10:00:00,720.39,720.46,719.91,719.93,99.0,67,0.0
2025-07-29 11:00:00,719.78,719.83,717.26,718.03,415.0,67,0.0
2025-07-29 12:00:00,718.03,719.26,717.95,718.49,372.0,67,0.0
2025-07-29 13:00:00,718.65,723.89,714.01,716.33,2448.0,44,0.0
2025-07-29 14:00:00,716.51,716.58,712.37,713.79,2221.0,44,0.0
2025-07-29 15:00:00,713.81,714.05,709.69,711.92,2144.0,44,0.0
2025-07-29 16:00:00,711.93,712.39,708.35,711.12,1597.0,44,0.0
2025-07-29 17:00:00,711.08,711.62,708.13,708.89,1506.0,44,0.0
2025-07-29 18:00:00,708.89,709.22,706.46,706.48,1296.0,44,0.0
2025-07-29 19:00:00,706.41,707.76,702.86,703.66,1451.0,44,0.0
2025-07-30 10:00:00,707.05,708.1,706.95,707.31,208.0,67,0.0
2025-07-30 11:00:00,707.17,707.49,705.57,705.71,820.0,67,0.0
2025-07-30 12:00:00,705.72,706.25,704.62,705.02,1132.0,67,0.0
2025-07-30 13:00:00,705.01,709.42,699.48,701.57,2746.0,44,0.0
