DateTime,Open,High,Low,Close,Tick_Volume,Spread,Real_Volume
2025-08-18 13:00:00,519.75,521.66,517.46,518.27,1852.0,22,0.0
2025-08-18 14:00:00,518.31,519.31,516.78,517.27,2352.0,22,0.0
2025-08-18 15:00:00,517.23,517.32,514.92,516.05,1854.0,22,0.0
2025-08-18 16:00:00,516.04,516.91,514.87,515.1,1436.0,22,0.0
2025-08-18 17:00:00,515.09,516.09,514.34,514.6,1083.0,22,0.0
2025-08-18 18:00:00,514.61,515.44,514.39,514.71,1202.0,22,0.0
2025-08-18 19:00:00,514.7,515.09,513.12,514.16,1460.0,22,0.0
2025-08-19 10:00:00,516.14,516.15,515.26,515.44,310.0,67,0.0
2025-08-19 11:00:00,515.7,515.83,515.21,515.69,298.0,67,0.0
2025-08-19 12:00:00,515.69,515.8,515.25,515.38,297.0,67,0.0
2025-08-19 13:00:00,515.47,515.47,510.63,512.61,1907.0,22,0.0
2025-08-19 14:00:00,512.67,513.16,508.71,508.9,2538.0,22,0.0
2025-08-19 15:00:00,508.89,509.09,507.67,508.86,1886.0,22,0.0
2025-08-19 16:00:00,508.86,510.03,508.79,509.47,1699.0,22,0.0
2025-08-19 17:00:00,509.47,510.98,508.9,510.33,1501.0,22,0.0
2025-08-19 18:00:00,510.33,510.33,508.42,508.78,1330.0,22,0.0
2025-08-19 19:00:00,508.75,508.8,507.68,508.15,1410.0,22,0.0
2025-08-20 10:00:00,509.27,509.51,508.8,509.39,57.0,67,0.0
2025-08-20 11:00:00,509.19,509.4,507.93,508.66,247.0,67,0.0
2025-08-20 12:00:00,508.54,509.75,508.54,509.39,386.0,67,0.0
2025-08-20 13:00:00,509.43,510.03,505.3,505.68,3003.0,22,0.0
2025-08-20 14:00:00,505.57,507.3,505.23,505.85,3650.0,22,0.0
2025-08-20 15:00:00,505.85,506.05,503.51,503.87,2837.0,22,0.0
2025-08-20 16:00:00,503.9,505.49,503.81,504.17,2107.0,22,0.0
2025-08-20 17:00:00,504.15,506.67,504.11,505.79,1844.0,22,0.0
2025-08-20 18:00:00,505.8,505.8,503.9,503.95,1941.0,22,0.0
2025-08-20 19:00:00,503.96,506.52,503.84,505.64,2053.0,22,0.0
2025-08-21 10:00:00,504.94,505.2,504.44,504.88,213.0,67,0.0
2025-08-21 11:00:00,504.91,505.0,503.78,504.24,376.0,67,0.0
2025-08-21 12:00:00,503.98,504.46,503.07,503.68,338.0,67,0.0
2025-08-21 13:00:00,503.64,505.07,502.19,503.09,1989.0,22,0.0
2025-08-21 14:00:00,503.06,507.49,502.85,506.65,2489.0,22,0.0
2025-08-21 15:00:00,506.71,507.29,505.36,506.41,1779.0,22,0.0
2025-08-21 16:00:00,506.41,506.79,504.31,504.51,1696.0,22,0.0
2025-08-21 17:00:00,504.55,505.87,503.84,505.19,1711.0,22,0.0
2025-08-21 18:00:00,505.19,505.8,504.77,505.64,1465.0,22,0.0
2025-08-21 19:00:00,505.53,506.35,504.58,504.6,1503.0,22,0.0
2025-08-22 10:00:00,505.53,505.57,505.52,505.52,22.0,67,0.0
2025-08-22 11:00:00,505.49,505.54,504.32,504.52,217.0,67,0.0
2025-08-22 12:00:00,504.53,504.88,504.33,504.52,265.0,67,0.0
2025-08-22 13:00:00,504.47,506.32,502.19,503.77,1863.0,22,0.0
2025-08-22 14:00:00,504.13,510.59,503.99,509.75,4417.0,22,0.0
2025-08-22 15:00:00,509.75,510.59,507.03,507.14,2377.0,22,0.0
2025-08-22 16:00:00,507.18,507.72,505.95,506.17,1738.0,22,0.0
2025-08-22 17:00:00,506.18,508.02,506.1,507.98,1493.0,22,0.0
2025-08-22 18:00:00,508.0,508.44,507.58,507.89,1217.0,22,0.0
2025-08-22 19:00:00,507.88,507.91,505.67,506.29,1593.0,22,0.0
2025-08-25 10:00:00,505.25,506.16,504.79,505.67,254.0,67,0.0
2025-08-25 11:00:00,505.59,506.24,504.45,504.64,294.0,67,0.0
2025-08-25 12:00:00,504.65,504.8,504.31,504.73,200.0,67,0.0
2025-08-25 13:00:00,504.64,507.79,503.45,506.66,1995.0,22,0.0
2025-08-25 14:00:00,506.66,507.98,506.0,507.27,2182.0,22,0.0
2025-08-25 15:00:00,507.23,508.07,506.6,507.09,1566.0,22,0.0
2025-08-25 16:00:00,507.06,507.73,506.61,506.71,1216.0,22,0.0
2025-08-25 17:00:00,506.73,506.76,504.68,505.12,1377.0,22,0.0
2025-08-25 18:00:00,505.11,505.54,504.57,504.61,1141.0,22,0.0
2025-08-25 19:00:00,504.62,505.37,504.41,504.99,1269.0,22,0.0
2025-08-26 10:00:00,504.3,504.44,503.9,504.17,258.0,67,0.0
2025-08-26 11:00:00,504.22,504.27,503.15,503.62,161.0,67,0.0
2025-08-26 12:00:00,503.61,504.06,503.46,503.87,243.0,67,0.0
2025-08-26 13:00:00,503.87,504.82,502.01,502.83,1662.0,22,0.0
2025-08-26 14:00:00,502.84,504.57,502.65,502.67,2030.0,22,0.0
2025-08-26 15:00:00,502.68,503.2,502.02,502.23,1380.0,22,0.0
2025-08-26 16:00:00,502.24,502.67,500.26,500.72,1309.0,22,0.0
2025-08-26 17:00:00,500.71,500.96,498.54,498.78,1593.0,22,0.0
2025-08-26 18:00:00,498.78,499.73,498.42,498.9,1425.0,22,0.0
2025-08-26 19:00:00,498.9,500.02,498.57,498.58,1594.0,22,0.0
2025-08-27 10:00:00,502.93,502.93,502.42,502.57,34.0,67,0.0
2025-08-27 11:00:00,502.48,503.9,502.23,503.85,227.0,67,0.0
2025-08-27 12:00:00,503.85,504.0,502.91,503.49,241.0,67,0.0
2025-08-27 13:00:00,503.48,503.8,499.79,500.15,1744.0,22,0.0
2025-08-27 14:00:00,500.14,505.0,500.06,503.82,2343.0,22,0.0
2025-08-27 15:00:00,503.84,504.73,503.39,504.51,1502.0,22,0.0
2025-08-27 16:00:00,504.52,505.45,503.35,504.91,1350.0,22,0.0
2025-08-27 17:00:00,504.9,506.45,504.81,506.23,1199.0,22,0.0
2025-08-27 18:00:00,506.22,506.73,505.59,506.18,1041.0,22,0.0
2025-08-27 19:00:00,506.15,506.57,504.88,506.53,1508.0,22,0.0
2025-08-28 10:00:00,507.33,508.16,507.33,508.07,51.0,67,0.0
2025-08-28 11:00:00,508.16,508.85,507.12,508.85,145.0,67,0.0
2025-08-28 12:00:00,508.86,509.17,507.39,507.64,400.0,67,0.0
2025-08-28 13:00:00,507.68,509.84,505.42,506.57,2180.0,22,0.0
2025-08-28 14:00:00,506.62,507.58,505.73,506.93,2494.0,22,0.0
2025-08-28 15:00:00,506.92,508.58,506.87,507.98,1704.0,22,0.0
2025-08-28 16:00:00,507.97,508.91,507.56,507.71,1293.0,22,0.0
2025-08-28 17:00:00,507.71,508.93,507.41,508.25,1161.0,22,0.0
2025-08-28 18:00:00,508.25,509.6,508.11,509.46,1080.0,22,0.0
2025-08-28 19:00:00,509.46,510.23,509.37,510.18,1147.0,22,0.0
2025-08-29 10:00:00,508.81,508.81,508.24,508.29,53.0,67,0.0
2025-08-29 11:00:00,508.29,508.79,508.25,508.42,92.0,67,0.0
2025-08-29 12:00:00,508.29,508.82,507.81,508.64,217.0,67,0.0
2025-08-29 13:00:00,508.73,509.27,504.63,504.7,1737.0,22,0.0
2025-08-29 14:00:00,504.65,506.81,504.4,506.7,2787.0,22,0.0
2025-08-29 15:00:00,506.72,508.25,506.34,507.16,1867.0,22,0.0
2025-08-29 16:00:00,507.16,508.7,507.14,508.56,1493.0,22,0.0
2025-08-29 17:00:00,508.52,508.83,507.22,508.53,1406.0,22,0.0
2025-08-29 18:00:00,508.53,508.9,507.56,508.35,1122.0,22,0.0
2025-08-29 19:00:00,508.35,508.88,508.06,508.58,1320.0,22,0.0
2025-09-02 10:00:00,504.19,504.19,502.83,503.09,106.0,67,0.0
2025-09-02 11:00:00,503.23,503.24,502.46,503.0,242.0,67,0.0
2025-09-02 12:00:00,503.03,503.03,500.58,500.99,405.0,67,0.0
2025-09-02 13:00:00,500.91,504.23,496.63,503.39,2703.0,22,0.0
2025-09-02 14:00:00,503.55,505.3,502.34,502.77,3217.0,22,0.0
2025-09-02 15:00:00,502.78,503.16,500.2,500.62,2277.0,22,0.0
2025-09-02 16:00:00,500.6,501.65,500.53,501.39,1649.0,22,0.0
2025-09-02 17:00:00,501.42,502.95,500.19,502.17,1738.0,22,0.0
2025-09-02 18:00:00,502.17,503.25,501.29,502.71,1527.0,22,0.0
2025-09-02 19:00:00,502.71,504.11,502.71,503.83,1396.0,22,0.0
2025-09-03 10:00:00,504.32,504.33,503.5,503.94,196.0,67,0.0
2025-09-03 11:00:00,503.94,504.19,503.02,503.48,238.0,67,0.0
2025-09-03 12:00:00,503.71,503.77,501.91,502.75,355.0,67,0.0
2025-09-03 13:00:00,502.8,507.67,502.29,504.47,2181.0,22,0.0
2025-09-03 14:00:00,504.51,506.91,504.25,506.57,2583.0,22,0.0
2025-09-03 15:00:00,506.58,506.83,504.77,505.31,1799.0,22,0.0
2025-09-03 16:00:00,505.3,505.52,503.42,503.5,1504.0,22,0.0
2025-09-03 17:00:00,503.5,504.63,502.84,503.24,1455.0,22,0.0
2025-09-03 18:00:00,503.22,503.44,502.46,502.94,1324.0,22,0.0
2025-09-03 19:00:00,502.92,504.11,502.21,504.01,1384.0,22,0.0
2025-09-04 10:00:00,504.45,504.71,504.2,504.31,67.0,67,0.0
2025-09-04 11:00:00,504.27,504.35,504.05,504.25,158.0,67,0.0
2025-09-04 12:00:00,504.21,504.25,503.34,503.92,195.0,67,0.0
2025-09-04 13:00:00,503.94,506.58,502.96,503.82,1925.0,22,0.0
2025-09-04 14:00:00,503.78,507.54,503.07,507.41,2289.0,22,0.0
2025-09-04 15:00:00,507.41,507.92,506.05,506.78,1574.0,22,0.0
2025-09-04 16:00:00,506.79,506.97,505.72,506.26,1186.0,22,0.0
2025-09-04 17:00:00,506.26,507.56,506.08,507.2,1056.0,22,0.0
2025-09-04 18:00:00,507.16,508.02,506.83,507.42,1054.0,22,0.0
2025-09-04 19:00:00,507.43,507.51,506.43,506.63,1344.0,22,0.0
2025-09-05 10:00:00,509.34,509.59,508.96,509.16,105.0,67,0.0
2025-09-05 11:00:00,509.04,509.05,508.31,508.46,152.0,67,0.0
2025-09-05 12:00:00,508.46,511.57,508.07,511.47,573.0,67,0.0
2025-09-05 13:00:00,511.46,512.05,499.68,502.35,3390.0,22,0.0
2025-09-05 14:00:00,502.36,502.36,494.99,495.19,4118.0,22,0.0
2025-09-05 15:00:00,495.23,497.59,494.47,496.22,3440.0,22,0.0
2025-09-05 16:00:00,496.24,497.05,493.91,495.03,2355.0,22,0.0
2025-09-05 17:00:00,495.01,495.17,493.26,493.4,2157.0,22,0.0
2025-09-05 18:00:00,493.43,494.61,492.33,493.06,2349.0,22,0.0
2025-09-05 19:00:00,493.06,495.0,492.28,493.55,2254.0,22,0.0
2025-09-08 10:00:00,500.07,500.19,499.72,499.79,92.0,67,0.0
2025-09-08 11:00:00,499.72,499.72,498.21,498.29,262.0,67,0.0
2025-09-08 12:00:00,498.25,498.34,497.26,497.59,299.0,67,0.0
2025-09-08 13:00:00,497.57,500.08,494.8,498.7,2535.0,22,0.0
2025-09-08 14:00:00,498.65,500.73,498.22,500.05,2473.0,22,0.0
2025-09-08 15:00:00,500.05,501.07,499.29,500.31,1689.0,22,0.0
2025-09-08 16:00:00,500.3,500.3,497.67,498.55,1340.0,22,0.0
2025-09-08 17:00:00,498.57,498.59,497.44,497.77,1228.0,22,0.0
2025-09-08 18:00:00,497.77,498.46,497.6,498.03,1128.0,22,0.0
2025-09-08 19:00:00,498.02,498.11,497.04,497.28,979.0,22,0.0
2025-09-09 10:00:00,499.92,500.01,499.5,499.59,62.0,67,0.0
2025-09-09 11:00:00,499.76,500.03,499.38,499.97,126.0,67,0.0
2025-09-09 12:00:00,499.97,500.7,499.94,500.24,271.0,67,0.0
2025-09-09 13:00:00,500.18,501.84,499.64,500.79,1792.0,22,0.0
2025-09-09 14:00:00,500.82,502.11,498.7,499.61,2465.0,22,0.0
2025-09-09 15:00:00,499.61,500.13,498.63,499.31,1518.0,22,0.0
2025-09-09 16:00:00,499.34,499.52,498.17,498.73,1406.0,22,0.0
2025-09-09 17:00:00,498.76,499.46,498.4,498.79,1231.0,22,0.0
2025-09-09 18:00:00,498.82,499.3,498.2,498.89,1274.0,22,0.0
2025-09-09 19:00:00,498.89,498.89,497.61,498.01,997.0,22,0.0
2025-09-10 10:00:00,498.31,501.89,498.28,500.97,336.0,67,0.0
2025-09-10 11:00:00,501.01,504.03,500.29,503.93,451.0,67,0.0
2025-09-10 12:00:00,504.0,507.38,503.89,506.01,855.0,67,0.0
2025-09-10 13:00:00,506.18,506.26,496.65,500.46,3196.0,22,0.0
2025-09-10 14:00:00,500.39,502.79,499.61,499.69,3696.0,22,0.0
2025-09-10 15:00:00,499.7,501.43,498.42,500.73,2681.0,22,0.0
2025-09-10 16:00:00,500.72,500.72,498.74,499.37,1832.0,22,0.0
2025-09-10 17:00:00,499.4,501.26,499.4,500.6,1698.0,22,0.0
2025-09-10 18:00:00,500.6,501.5,499.89,501.49,1721.0,22,0.0
2025-09-10 19:00:00,501.49,501.77,498.95,500.25,1971.0,22,0.0
2025-09-11 10:00:00,501.96,502.87,501.86,502.19,102.0,67,0.0
2025-09-11 11:00:00,502.15,502.15,501.43,501.58,173.0,67,0.0
2025-09-11 12:00:00,501.58,502.53,500.1,502.1,464.0,67,0.0
2025-09-11 13:00:00,502.06,503.26,497.81,500.14,2365.0,22,0.0
2025-09-11 14:00:00,500.23,503.02,499.74,500.75,2983.0,22,0.0
2025-09-11 15:00:00,500.75,502.84,500.71,501.89,1753.0,22,0.0
2025-09-11 16:00:00,501.89,503.02,500.73,501.0,1621.0,22,0.0
2025-09-11 17:00:00,501.0,501.26,499.72,499.91,1565.0,22,0.0
2025-09-11 18:00:00,499.92,501.04,499.58,500.62,1520.0,22,0.0
2025-09-11 19:00:00,500.62,500.83,500.3,500.41,1352.0,22,0.0
2025-09-12 10:00:00,507.71,508.26,507.14,507.41,168.0,67,0.0
2025-09-12 11:00:00,507.41,507.44,504.4,506.04,468.0,67,0.0
2025-09-12 12:00:00,506.31,509.08,506.2,506.86,550.0,67,0.0
2025-09-12 13:00:00,506.86,507.97,503.58,507.82,3031.0,22,0.0
2025-09-12 14:00:00,507.88,509.16,506.42,508.98,3221.0,22,0.0
2025-09-12 15:00:00,508.94,511.67,508.44,511.13,2900.0,22,0.0
2025-09-12 16:00:00,511.12,512.41,510.63,512.22,1991.0,22,0.0
2025-09-12 17:00:00,512.2,512.27,511.09,511.74,1819.0,22,0.0
2025-09-12 18:00:00,511.74,512.1,510.58,512.09,1701.0,22,0.0
2025-09-12 19:00:00,512.09,512.37,510.16,510.54,1656.0,22,0.0
2025-09-15 10:00:00,507.93,507.98,505.78,506.02,333.0,67,0.0
2025-09-15 11:00:00,506.28,506.56,504.78,506.24,472.0,67,0.0
2025-09-15 12:00:00,506.23,506.63,505.02,506.56,455.0,67,0.0
2025-09-15 13:00:00,506.59,511.54,506.54,510.17,2465.0,22,0.0
2025-09-15 14:00:00,510.21,512.35,510.15,512.35,2692.0,22,0.0
2025-09-15 15:00:00,512.36,514.1,512.04,513.05,2049.0,22,0.0
2025-09-15 16:00:00,513.05,513.24,511.7,511.8,1338.0,22,0.0
2025-09-15 17:00:00,511.77,512.65,511.3,512.59,1231.0,22,0.0
2025-09-15 18:00:00,512.59,513.43,512.3,513.13,1082.0,22,0.0
2025-09-15 19:00:00,513.13,514.25,512.96,514.09,1127.0,22,0.0
2025-09-16 10:00:00,516.8,516.83,516.6,516.66,164.0,67,0.0
2025-09-16 11:00:00,516.53,516.66,515.48,516.01,327.0,67,0.0
2025-09-16 12:00:00,516.01,516.14,514.78,514.78,404.0,67,0.0
2025-09-16 13:00:00,514.79,516.8,510.67,510.8,2736.0,22,0.0
2025-09-16 14:00:00,510.81,513.51,510.11,512.8,2897.0,22,0.0
2025-09-16 15:00:00,512.86,513.14,511.66,512.5,1684.0,22,0.0
2025-09-16 16:00:00,512.49,513.29,512.13,512.89,1353.0,22,0.0
2025-09-16 17:00:00,512.93,513.72,511.81,511.82,1395.0,22,0.0
2025-09-16 18:00:00,511.82,511.98,509.8,510.12,1576.0,22,0.0
2025-09-16 19:00:00,510.11,510.21,508.84,508.84,1770.0,22,0.0
2025-09-17 10:00:00,510.07,510.54,509.85,510.24,173.0,67,0.0
2025-09-17 11:00:00,510.27,510.39,509.36,509.36,236.0,67,0.0
2025-09-17 12:00:00,509.37,510.13,509.24,510.02,183.0,67,0.0
2025-09-17 13:00:00,510.04,510.29,505.49,505.96,2133.0,22,0.0
2025-09-17 14:00:00,506.0,508.12,505.45,506.78,2544.0,22,0.0
2025-09-17 15:00:00,506.79,507.82,506.36,507.77,1615.0,22,0.0
2025-09-17 16:00:00,507.77,508.24,507.0,507.64,1275.0,22,0.0
2025-09-17 17:00:00,507.63,509.46,507.63,509.1,1324.0,22,0.0
2025-09-17 18:00:00,509.12,509.88,506.06,508.25,4199.0,22,0.0
2025-09-17 19:00:00,508.26,510.8,508.15,509.3,2808.0,22,0.0
2025-09-18 10:00:00,512.89,512.96,511.8,512.07,289.0,67,0.0
2025-09-18 11:00:00,512.06,512.25,510.68,512.03,410.0,67,0.0
2025-09-18 12:00:00,512.03,512.15,510.65,510.65,390.0,67,0.0
2025-09-18 13:00:00,510.66,510.86,507.05,509.54,2630.0,22,0.0
2025-09-18 14:00:00,509.54,512.56,508.74,510.69,2859.0,22,0.0
2025-09-18 15:00:00,510.69,511.03,507.69,507.69,2132.0,22,0.0
2025-09-18 16:00:00,507.65,509.15,507.43,509.02,1644.0,22,0.0
2025-09-18 17:00:00,509.06,509.6,507.92,507.92,1395.0,22,0.0
2025-09-18 18:00:00,507.88,508.44,507.4,508.34,1518.0,22,0.0
2025-09-18 19:00:00,508.33,509.17,507.87,507.92,1666.0,22,0.0
2025-09-19 10:00:00,509.13,509.27,507.56,507.94,134.0,67,0.0
2025-09-19 11:00:00,508.38,509.05,508.06,509.05,130.0,67,0.0
2025-09-19 12:00:00,509.05,509.12,508.53,508.54,264.0,67,0.0
2025-09-19 13:00:00,508.53,514.36,508.53,513.83,2854.0,22,0.0
2025-09-19 14:00:00,513.89,514.15,511.47,513.24,2711.0,22,0.0
2025-09-19 15:00:00,513.24,513.43,510.88,511.39,1837.0,22,0.0
2025-09-19 16:00:00,511.39,512.81,511.39,511.84,1397.0,22,0.0
2025-09-19 17:00:00,511.84,512.16,510.49,510.89,1245.0,22,0.0
2025-09-19 18:00:00,510.91,511.41,509.87,510.95,1376.0,22,0.0
2025-09-19 19:00:00,510.98,511.43,510.36,510.47,1366.0,22,0.0
2025-09-22 10:00:00,514.34,514.36,513.84,513.84,76.0,67,0.0
2025-09-22 11:00:00,513.94,514.29,513.12,513.87,232.0,67,0.0
2025-09-22 12:00:00,513.88,514.34,513.39,514.31,247.0,67,0.0
2025-09-22 13:00:00,514.31,517.0,513.66,513.99,2417.0,22,0.0
2025-09-22 14:00:00,513.99,516.06,512.04,515.42,2890.0,22,0.0
2025-09-22 15:00:00,515.39,515.75,513.26,513.37,2034.0,22,0.0
2025-09-22 16:00:00,513.4,515.43,512.09,514.43,2344.0,22,0.0
2025-09-22 17:00:00,514.38,514.81,513.92,514.02,1528.0,22,0.0
2025-09-22 18:00:00,514.02,515.03,513.14,513.43,1487.0,22,0.0
2025-09-22 19:00:00,513.44,514.07,512.68,513.56,1611.0,22,0.0
2025-09-23 10:00:00,514.5,514.7,513.62,513.98,103.0,67,0.0
2025-09-23 11:00:00,514.08,514.23,513.77,514.11,142.0,67,0.0
2025-09-23 12:00:00,514.15,514.78,513.96,514.76,292.0,67,0.0
2025-09-23 13:00:00,514.73,514.97,509.88,511.19,2036.0,22,0.0
2025-09-23 14:00:00,511.19,512.52,510.35,510.57,2315.0,22,0.0
2025-09-23 15:00:00,510.57,510.9,509.37,509.84,1648.0,22,0.0
2025-09-23 16:00:00,509.85,510.83,509.57,509.92,1380.0,22,0.0
2025-09-23 17:00:00,509.92,510.01,508.39,509.4,2157.0,22,0.0
2025-09-23 18:00:00,509.4,510.0,508.08,508.24,1673.0,22,0.0
2025-09-23 19:00:00,508.25,508.79,506.79,508.63,1877.0,22,0.0
2025-09-24 10:00:00,509.87,509.98,509.3,509.41,71.0,67,0.0
2025-09-24 11:00:00,509.41,509.79,509.15,509.67,142.0,67,0.0
2025-09-24 12:00:00,509.58,509.89,509.56,509.8,100.0,67,0.0
2025-09-24 13:00:00,509.82,511.51,506.5,508.15,2348.0,22,0.0
2025-09-24 14:00:00,508.11,510.23,507.54,508.85,2298.0,22,0.0
2025-09-24 15:00:00,508.82,510.35,507.71,507.74,1928.0,22,0.0
2025-09-24 16:00:00,507.75,508.31,506.92,506.97,1872.0,22,0.0
2025-09-24 17:00:00,507.0,507.77,506.43,507.12,1430.0,22,0.0
2025-09-24 18:00:00,507.12,509.15,506.99,509.14,1201.0,22,0.0
2025-09-24 19:00:00,509.12,509.63,508.55,508.76,1393.0,22,0.0
2025-09-25 10:00:00,509.02,509.48,508.77,508.95,226.0,67,0.0
2025-09-25 11:00:00,508.96,509.11,507.17,507.37,353.0,67,0.0
2025-09-25 12:00:00,507.33,508.1,506.32,506.92,684.0,67,0.0
2025-09-25 13:00:00,506.97,509.34,505.0,505.68,3105.0,22,0.0
2025-09-25 14:00:00,505.65,509.49,504.54,509.17,3013.0,22,0.0
2025-09-25 15:00:00,509.17,509.27,507.24,508.15,2075.0,22,0.0
2025-09-25 16:00:00,508.15,508.53,507.05,507.52,1550.0,22,0.0
2025-09-25 17:00:00,507.52,507.71,506.65,506.71,1565.0,22,0.0
2025-09-25 18:00:00,506.71,507.14,505.93,506.66,1821.0,22,0.0
2025-09-25 19:00:00,506.63,507.23,505.8,506.12,1725.0,22,0.0
2025-09-26 10:00:00,508.86,510.05,508.57,508.72,307.0,67,0.0
2025-09-26 11:00:00,508.65,509.52,508.52,508.99,310.0,67,0.0
2025-09-26 12:00:00,508.9,511.17,508.36,510.03,641.0,67,0.0
2025-09-26 13:00:00,509.96,513.39,507.3,512.22,2654.0,22,0.0
2025-09-26 14:00:00,512.2,512.33,506.39,507.15,3720.0,22,0.0
2025-09-26 15:00:00,507.18,507.7,506.15,506.32,2237.0,22,0.0
2025-09-26 16:00:00,506.32,508.68,506.16,508.49,1751.0,22,0.0
2025-09-26 17:00:00,508.48,509.25,507.73,508.04,1356.0,22,0.0
2025-09-26 18:00:00,508.0,510.81,507.97,510.77,1444.0,22,0.0
2025-09-26 19:00:00,510.76,511.58,510.61,511.22,1482.0,22,0.0
2025-09-29 10:00:00,512.48,513.06,512.26,512.68,126.0,67,0.0
2025-09-29 11:00:00,512.74,512.74,511.84,512.29,238.0,67,0.0
2025-09-29 12:00:00,512.23,512.73,512.1,512.67,154.0,67,0.0
2025-09-29 13:00:00,512.7,515.26,508.24,514.81,2453.0,22,0.0
2025-09-29 14:00:00,514.84,516.27,513.67,513.68,2883.0,22,0.0
2025-09-29 15:00:00,513.71,514.03,511.84,513.03,2018.0,22,0.0
2025-09-29 16:00:00,513.05,515.16,512.99,514.27,1658.0,22,0.0
2025-09-29 17:00:00,514.27,514.88,513.8,513.84,1550.0,22,0.0
2025-09-29 18:00:00,513.84,514.45,513.44,514.16,1250.0,22,0.0
2025-09-29 19:00:00,514.13,514.43,513.31,513.9,1598.0,22,0.0
2025-09-30 10:00:00,512.71,513.07,512.36,512.91,57.0,67,0.0
2025-09-30 11:00:00,513.06,513.39,512.86,512.87,81.0,67,0.0
2025-09-30 12:00:00,512.94,514.14,512.75,513.51,147.0,67,0.0
2025-09-30 13:00:00,513.42,513.88,508.97,512.19,1907.0,22,0.0
2025-09-30 14:00:00,512.11,516.26,511.79,516.13,2923.0,22,0.0
2025-09-30 15:00:00,516.08,517.04,513.97,515.35,2493.0,22,0.0
2025-09-30 16:00:00,515.32,516.25,514.53,514.91,1703.0,22,0.0
2025-09-30 17:00:00,514.91,515.15,514.01,514.55,1807.0,22,0.0
2025-09-30 18:00:00,514.55,517.35,513.65,517.19,1866.0,22,0.0
2025-09-30 19:00:00,517.18,517.45,515.83,515.87,1864.0,22,0.0
2025-10-01 10:00:00,512.91,513.21,512.3,512.61,90.0,67,0.0
2025-10-01 11:00:00,512.53,513.72,512.53,513.58,133.0,67,0.0
2025-10-01 12:00:00,513.57,513.94,512.81,513.45,263.0,67,0.0
2025-10-01 13:00:00,513.55,516.4,511.56,512.06,2459.0,22,0.0
2025-10-01 14:00:00,511.99,513.65,511.15,513.65,2692.0,22,0.0
2025-10-01 15:00:00,513.66,514.67,512.79,513.33,2093.0,22,0.0
2025-10-01 16:00:00,513.34,516.46,513.28,516.41,1892.0,22,0.0
2025-10-01 17:00:00,516.44,518.94,516.07,517.06,1950.0,22,0.0
2025-10-01 18:00:00,517.05,519.3,516.9,518.79,1587.0,22,0.0
2025-10-01 19:00:00,518.78,519.21,517.73,517.95,1637.0,22,0.0
2025-10-02 10:00:00,517.98,517.98,517.26,517.42,212.0,67,0.0
2025-10-02 11:00:00,517.52,518.59,517.25,517.32,391.0,67,0.0
2025-10-02 12:00:00,517.28,517.87,516.11,517.82,554.0,67,0.0
2025-10-02 13:00:00,517.89,520.77,515.82,517.86,2508.0,22,0.0
2025-10-02 14:00:00,517.89,518.54,514.4,514.48,3276.0,22,0.0
2025-10-02 15:00:00,514.49,514.51,510.18,513.65,4635.0,22,0.0
2025-10-02 16:00:00,513.62,515.01,513.03,514.89,1904.0,22,0.0
2025-10-02 17:00:00,514.89,516.64,514.52,516.56,1775.0,22,0.0
2025-10-02 18:00:00,516.56,517.0,515.99,516.49,1543.0,22,0.0
2025-10-02 19:00:00,516.48,516.79,515.81,515.83,1459.0,22,0.0
2025-10-03 10:00:00,516.02,516.16,515.79,515.79,48.0,67,0.0
2025-10-03 11:00:00,515.76,515.92,515.29,515.86,115.0,67,0.0
2025-10-03 12:00:00,515.84,516.07,514.34,514.56,243.0,67,0.0
2025-10-03 13:00:00,514.67,518.55,514.47,518.23,2002.0,22,0.0
2025-10-03 14:00:00,518.28,519.22,515.57,519.2,2789.0,22,0.0
2025-10-03 15:00:00,519.19,519.45,518.34,519.14,1859.0,22,0.0
2025-10-03 16:00:00,519.12,519.88,518.49,518.58,1579.0,22,0.0
2025-10-03 17:00:00,518.54,518.89,516.74,517.05,2484.0,22,0.0
2025-10-03 18:00:00,517.03,518.38,516.1,516.77,1931.0,22,0.0
2025-10-03 19:00:00,516.77,517.72,516.64,516.84,1553.0,22,0.0
2025-10-06 10:00:00,518.06,519.53,517.79,519.07,96.0,67,0.0
2025-10-06 11:00:00,518.81,519.87,518.34,518.89,353.0,67,0.0
2025-10-06 12:00:00,518.82,519.11,517.7,517.86,308.0,67,0.0
2025-10-06 13:00:00,517.87,523.66,517.5,522.4,2666.0,22,0.0
2025-10-06 14:00:00,522.43,523.95,520.54,523.64,3002.0,22,0.0
2025-10-06 15:00:00,523.65,524.62,522.8,524.57,1854.0,22,0.0
2025-10-06 16:00:00,524.6,524.79,522.73,523.24,1575.0,22,0.0
2025-10-06 17:00:00,523.24,528.43,523.09,528.02,2021.0,22,0.0
2025-10-06 18:00:00,528.03,530.08,526.75,529.01,2266.0,22,0.0
2025-10-06 19:00:00,529.02,529.82,527.98,529.76,1774.0,22,0.0
2025-10-07 10:00:00,526.78,527.45,526.77,527.28,94.0,67,0.0
2025-10-07 11:00:00,527.06,527.44,526.22,526.64,162.0,67,0.0
2025-10-07 12:00:00,526.53,527.69,526.43,527.64,211.0,67,0.0
2025-10-07 13:00:00,527.44,528.76,523.5,524.49,2476.0,22,0.0
2025-10-07 14:00:00,524.46,526.83,524.39,525.45,2737.0,22,0.0
2025-10-07 15:00:00,525.49,525.62,521.91,522.24,3642.0,22,0.0
2025-10-07 16:00:00,522.21,523.85,521.32,521.86,2501.0,22,0.0
2025-10-07 17:00:00,521.85,522.33,521.24,521.45,1661.0,22,0.0
2025-10-07 18:00:00,521.47,522.54,520.85,522.41,1381.0,22,0.0
2025-10-07 19:00:00,522.43,523.64,521.94,523.26,1378.0,22,0.0
2025-10-08 10:00:00,523.56,523.85,523.09,523.85,87.0,67,0.0
2025-10-08 11:00:00,523.77,524.65,523.77,524.2,173.0,67,0.0
2025-10-08 12:00:00,524.15,524.28,522.69,522.75,206.0,67,0.0
2025-10-08 13:00:00,522.75,526.22,522.27,525.12,1848.0,22,0.0
2025-10-08 14:00:00,525.15,526.29,523.52,523.82,2469.0,22,0.0
2025-10-08 15:00:00,523.81,525.07,523.78,524.22,1491.0,22,0.0
2025-10-08 16:00:00,524.22,524.3,523.03,523.65,1255.0,22,0.0
2025-10-08 17:00:00,523.65,524.21,522.98,523.43,1263.0,22,0.0
2025-10-08 18:00:00,523.43,524.63,522.68,523.33,1319.0,22,0.0
2025-10-08 19:00:00,523.32,524.55,522.98,524.33,1258.0,22,0.0
2025-10-09 10:00:00,524.29,524.46,523.33,523.97,97.0,67,0.0
2025-10-09 11:00:00,524.0,524.28,523.28,523.28,179.0,67,0.0
2025-10-09 12:00:00,523.31,523.31,520.3,523.13,488.0,67,0.0
2025-10-09 13:00:00,523.14,523.51,519.24,521.16,2221.0,22,0.0
2025-10-09 14:00:00,521.26,522.04,520.54,521.1,2538.0,22,0.0
2025-10-09 15:00:00,521.1,521.34,517.53,519.0,2309.0,22,0.0
2025-10-09 16:00:00,519.0,519.65,517.12,517.5,1908.0,22,0.0
2025-10-09 17:00:00,517.5,519.02,517.4,518.89,1637.0,22,0.0
2025-10-09 18:00:00,518.89,519.74,518.62,519.57,1318.0,22,0.0
2025-10-09 19:00:00,519.56,521.13,516.86,520.06,2940.0,22,0.0
2025-10-10 10:00:00,520.66,521.69,520.66,521.39,134.0,67,0.0
2025-10-10 11:00:00,521.42,521.6,520.85,521.43,112.0,67,0.0
2025-10-10 12:00:00,521.37,522.07,521.29,521.86,234.0,67,0.0
2025-10-10 13:00:00,521.86,522.93,518.79,521.9,2096.0,22,0.0
2025-10-10 14:00:00,522.03,522.21,517.79,518.77,2809.0,22,0.0
2025-10-10 15:00:00,518.66,518.66,513.47,515.73,8244.0,22,0.0
2025-10-10 16:00:00,515.66,516.01,513.29,513.7,3255.0,22,0.0
2025-10-10 17:00:00,513.67,514.34,512.69,513.84,2648.0,22,0.0
2025-10-10 18:00:00,513.86,515.25,513.26,513.92,2254.0,22,0.0
2025-10-10 19:00:00,513.92,514.64,511.32,512.58,1933.0,22,0.0
2025-10-13 10:00:00,517.83,518.07,517.52,517.76,122.0,67,0.0
2025-10-13 11:00:00,517.76,517.76,514.97,516.74,560.0,67,0.0
2025-10-13 12:00:00,516.73,517.2,515.81,516.33,289.0,67,0.0
2025-10-13 13:00:00,516.22,516.38,511.81,514.23,2408.0,22,0.0
2025-10-13 14:00:00,514.22,515.09,511.99,512.81,3000.0,22,0.0
2025-10-13 15:00:00,512.82,513.31,511.04,512.4,2211.0,22,0.0
2025-10-13 16:00:00,512.43,513.83,512.04,513.58,1654.0,22,0.0
2025-10-13 17:00:00,513.59,513.97,511.55,512.69,1283.0,22,0.0
2025-10-13 18:00:00,512.69,514.11,512.47,512.77,1216.0,22,0.0
2025-10-13 19:00:00,512.8,514.01,512.41,513.53,1008.0,22,0.0
2025-10-14 10:00:00,509.56,509.61,507.58,508.42,237.0,67,0.0
2025-10-14 11:00:00,508.63,509.94,508.32,509.59,293.0,67,0.0
2025-10-14 12:00:00,509.64,510.14,508.23,509.68,350.0,67,0.0
2025-10-14 13:00:00,509.72,510.52,505.19,509.29,1792.0,22,0.0
2025-10-14 14:00:00,509.24,510.13,508.33,509.31,2149.0,22,0.0
2025-10-14 15:00:00,509.32,511.37,509.17,510.67,1790.0,22,0.0
2025-10-14 16:00:00,510.67,512.97,510.26,512.54,1551.0,22,0.0
2025-10-14 17:00:00,512.52,514.34,511.93,513.82,1447.0,22,0.0
2025-10-14 18:00:00,513.82,514.58,513.52,514.44,1240.0,22,0.0
2025-10-14 19:00:00,514.44,514.6,510.39,510.61,1533.0,22,0.0
2025-10-15 10:00:00,514.09,514.09,513.6,513.75,98.0,67,0.0
2025-10-15 11:00:00,513.68,513.75,512.78,513.13,216.0,67,0.0
2025-10-15 12:00:00,513.12,515.47,512.72,515.32,371.0,67,0.0
2025-10-15 13:00:00,515.49,515.49,512.98,514.41,1955.0,22,0.0
2025-10-15 14:00:00,514.42,516.48,514.3,515.82,2263.0,22,0.0
2025-10-15 15:00:00,515.85,516.43,513.09,514.1,2069.0,22,0.0
2025-10-15 16:00:00,514.07,514.73,512.49,512.55,1644.0,22,0.0
2025-10-15 17:00:00,512.56,512.72,509.36,512.55,2283.0,22,0.0
2025-10-15 18:00:00,512.55,513.52,511.73,513.29,1366.0,22,0.0
2025-10-15 19:00:00,513.29,513.69,511.77,512.04,894.0,22,0.0
2025-10-16 10:00:00,514.3,515.35,513.73,514.31,183.0,67,0.0
2025-10-16 11:00:00,514.31,514.66,514.19,514.19,148.0,67,0.0
2025-10-16 12:00:00,513.96,514.21,513.14,514.08,276.0,67,0.0
2025-10-16 13:00:00,514.06,514.9,510.87,513.68,1812.0,22,0.0
2025-10-16 14:00:00,513.7,516.17,512.36,514.31,2323.0,22,0.0
2025-10-16 15:00:00,514.34,515.62,512.76,513.16,2081.0,22,0.0
2025-10-16 16:00:00,513.15,513.52,509.35,512.4,2661.0,22,0.0
2025-10-16 17:00:00,512.38,512.55,509.91,510.37,2371.0,22,0.0
2025-10-16 18:00:00,510.35,510.35,507.49,509.84,2471.0,22,0.0
2025-10-16 19:00:00,509.83,510.16,508.03,509.54,1691.0,22,0.0
2025-10-17 10:00:00,506.74,507.97,506.08,507.65,416.0,67,0.0
2025-10-17 11:00:00,507.65,508.99,507.21,508.69,474.0,67,0.0
2025-10-17 12:00:00,508.61,510.0,508.61,509.05,355.0,67,0.0
2025-10-17 13:00:00,509.21,511.15,506.67,509.32,1998.0,22,0.0
2025-10-17 14:00:00,509.37,511.91,508.38,508.9,2801.0,22,0.0
2025-10-17 15:00:00,508.93,510.89,508.0,510.47,2431.0,22,0.0
2025-10-17 16:00:00,510.47,513.66,510.47,512.47,2020.0,22,0.0
2025-10-17 17:00:00,512.48,512.62,510.6,512.46,1829.0,22,0.0
2025-10-17 18:00:00,512.45,514.6,512.45,513.66,1657.0,22,0.0
2025-10-17 19:00:00,513.69,514.8,513.6,513.65,1222.0,22,0.0
2025-10-20 10:00:00,514.33,514.33,512.19,512.54,258.0,67,0.0
2025-10-20 11:00:00,512.67,513.41,512.07,512.87,405.0,67,0.0
2025-10-20 12:00:00,512.85,513.64,512.29,513.61,363.0,67,0.0
2025-10-20 13:00:00,513.61,515.08,512.75,513.68,1543.0,22,0.0
2025-10-20 14:00:00,513.78,517.96,513.6,517.37,2250.0,22,0.0
2025-10-20 15:00:00,517.38,517.71,516.09,516.55,1564.0,22,0.0
2025-10-20 16:00:00,516.56,516.66,515.36,515.79,1037.0,22,0.0
2025-10-20 17:00:00,515.78,517.33,515.74,516.97,889.0,22,0.0
2025-10-20 18:00:00,516.97,517.35,515.85,515.94,924.0,22,0.0
2025-10-20 19:00:00,515.92,516.14,515.0,515.73,887.0,22,0.0
2025-10-21 10:00:00,515.98,516.59,515.98,516.4,33.0,67,0.0
2025-10-21 11:00:00,516.44,516.52,515.67,516.16,387.0,67,0.0
2025-10-21 12:00:00,516.22,516.52,515.57,516.35,377.0,67,0.0
2025-10-21 13:00:00,516.31,517.67,515.36,517.18,1708.0,22,0.0
2025-10-21 14:00:00,517.19,517.51,513.46,515.77,2118.0,22,0.0
2025-10-21 15:00:00,515.77,516.82,514.93,515.05,1542.0,22,0.0
2025-10-21 16:00:00,515.01,515.38,513.66,513.73,1196.0,22,0.0
2025-10-21 17:00:00,513.74,514.28,512.37,514.18,1603.0,22,0.0
2025-10-21 18:00:00,514.17,516.45,514.17,516.4,1286.0,22,0.0
2025-10-21 19:00:00,516.4,516.9,515.72,516.64,1191.0,22,0.0
2025-10-22 10:00:00,516.94,518.52,516.94,517.73,212.0,67,0.0
2025-10-22 11:00:00,517.38,517.99,517.2,517.77,172.0,67,0.0
2025-10-22 12:00:00,517.75,519.16,517.75,518.63,283.0,67,0.0
2025-10-22 13:00:00,518.59,522.77,518.15,521.69,2271.0,22,0.0
2025-10-22 14:00:00,521.8,524.15,520.52,524.15,3583.0,22,0.0
2025-10-22 15:00:00,524.08,524.46,521.36,522.97,2391.0,22,0.0
2025-10-22 16:00:00,522.97,523.41,520.24,522.17,2290.0,22,0.0
2025-10-22 17:00:00,522.17,522.46,517.05,518.07,2114.0,22,0.0
2025-10-22 18:00:00,518.04,519.53,517.93,518.75,1680.0,22,0.0
2025-10-22 19:00:00,518.76,520.23,518.22,519.46,1319.0,22,0.0
2025-10-23 10:00:00,521.43,521.56,520.74,521.24,115.0,67,0.0
2025-10-23 11:00:00,521.25,521.25,519.82,519.92,274.0,67,0.0
2025-10-23 12:00:00,520.02,520.86,519.72,520.86,293.0,67,0.0
2025-10-23 13:00:00,520.93,522.38,517.95,521.03,1940.0,22,0.0
2025-10-23 14:00:00,521.06,522.51,519.99,521.98,2358.0,22,0.0
2025-10-23 15:00:00,521.97,522.88,520.77,521.79,1648.0,22,0.0
2025-10-23 16:00:00,521.79,523.22,521.33,521.67,1222.0,22,0.0
2025-10-23 17:00:00,521.68,522.4,520.91,522.12,1164.0,22,0.0
2025-10-23 18:00:00,522.12,522.88,522.04,522.42,926.0,22,0.0
2025-10-23 19:00:00,522.42,522.48,521.32,521.42,829.0,22,0.0
2025-10-24 10:00:00,521.94,523.74,519.84,520.26,404.0,67,0.0
2025-10-24 11:00:00,520.36,521.17,518.85,521.02,287.0,67,0.0
2025-10-24 12:00:00,521.02,523.66,520.65,522.3,597.0,67,0.0
2025-10-24 13:00:00,522.34,524.3,519.86,522.22,1995.0,22,0.0
2025-10-24 14:00:00,522.26,523.02,521.33,522.22,2040.0,22,0.0
2025-10-24 15:00:00,522.28,523.02,521.37,521.57,1444.0,22,0.0
2025-10-24 16:00:00,521.59,524.27,521.59,523.71,1345.0,22,0.0
2025-10-24 17:00:00,523.71,524.12,522.66,523.66,1249.0,22,0.0
2025-10-24 18:00:00,523.64,524.6,523.14,524.33,1171.0,22,0.0
2025-10-24 19:00:00,524.33,524.6,523.89,524.15,879.0,22,0.0
2025-10-27 10:00:00,528.69,529.24,528.28,528.92,185.0,67,0.0
2025-10-27 11:00:00,528.93,529.87,527.75,529.51,370.0,67,0.0
2025-10-27 12:00:00,529.51,530.79,529.51,530.13,375.0,67,0.0
2025-10-27 13:00:00,530.35,531.42,528.23,530.87,2383.0,22,0.0
2025-10-27 14:00:00,530.88,533.84,530.85,532.06,3224.0,22,0.0
2025-10-27 15:00:00,532.04,532.72,531.26,531.81,2018.0,22,0.0
2025-10-27 16:00:00,531.81,532.09,530.27,530.68,1626.0,22,0.0
2025-10-27 17:00:00,530.68,531.27,529.78,531.19,1261.0,22,0.0
2025-10-27 18:00:00,531.19,532.93,530.47,532.83,1457.0,22,0.0
2025-10-27 19:00:00,532.84,532.93,531.69,531.85,1353.0,22,0.0
2025-10-28 10:00:00,531.9,532.31,531.56,531.74,151.0,67,0.0
2025-10-28 11:00:00,531.95,532.22,531.5,531.74,232.0,67,0.0
2025-10-28 12:00:00,531.71,532.82,531.56,532.77,258.0,67,0.0
2025-10-28 13:00:00,532.81,556.49,532.81,545.63,10318.0,22,0.0
2025-10-28 14:00:00,545.61,546.86,541.48,541.77,4525.0,22,0.0
2025-10-28 15:00:00,541.8,544.1,540.11,540.64,3308.0,22,0.0
2025-10-28 16:00:00,540.63,542.78,540.41,541.81,2734.0,22,0.0
2025-10-28 17:00:00,541.81,542.73,541.25,541.74,2152.0,22,0.0
2025-10-28 18:00:00,541.73,544.75,541.32,544.41,2122.0,22,0.0
2025-10-28 19:00:00,544.46,544.65,542.42,543.19,1832.0,22,0.0
2025-10-29 10:00:00,542.15,543.18,542.15,542.81,346.0,67,0.0
2025-10-29 11:00:00,542.63,544.61,542.44,543.46,659.0,67,0.0
2025-10-29 12:00:00,543.45,544.02,542.55,543.87,571.0,67,0.0
2025-10-29 13:00:00,543.98,545.82,537.51,537.99,3023.0,22,0.0
2025-10-29 14:00:00,537.97,538.35,536.49,537.22,3385.0,22,0.0
2025-10-29 15:00:00,537.15,538.82,536.02,537.91,2482.0,22,0.0
2025-10-29 16:00:00,537.92,538.69,537.41,538.08,2008.0,22,0.0
2025-10-29 17:00:00,538.11,538.8,537.21,538.22,1999.0,22,0.0
2025-10-29 18:00:00,538.22,539.79,536.24,538.1,4023.0,22,0.0
2025-10-29 19:00:00,538.1,539.17,537.43,538.53,2852.0,22,0.0
2025-10-30 10:00:00,523.7,529.2,523.7,527.11,1129.0,67,0.0
2025-10-30 11:00:00,526.99,531.5,525.81,530.2,1064.0,67,0.0
2025-10-30 12:00:00,530.07,530.88,526.77,527.52,1643.0,67,0.0
2025-10-30 13:00:00,527.36,534.12,524.15,527.31,5311.0,22,0.0
2025-10-30 14:00:00,527.29,530.77,523.45,527.44,6644.0,22,0.0
2025-10-30 15:00:00,527.55,527.59,521.49,522.13,4704.0,22,0.0
2025-10-30 16:00:00,522.11,527.0,522.01,525.48,3726.0,22,0.0
2025-10-30 17:00:00,525.5,526.97,524.76,525.98,2589.0,22,0.0
2025-10-30 18:00:00,525.98,526.24,521.64,522.88,2667.0,22,0.0
2025-10-30 19:00:00,522.86,523.69,521.43,523.13,2158.0,22,0.0
2025-10-31 10:00:00,526.94,527.27,526.57,526.57,151.0,67,0.0
2025-10-31 11:00:00,526.57,527.49,526.26,527.31,200.0,67,0.0
2025-10-31 12:00:00,527.31,529.59,526.9,528.43,696.0,67,0.0
2025-10-31 13:00:00,528.42,529.8,517.16,518.55,3857.0,22,0.0
2025-10-31 14:00:00,518.52,520.23,514.39,520.18,5406.0,22,0.0
2025-10-31 15:00:00,520.22,521.23,515.74,515.92,3621.0,22,0.0
2025-10-31 16:00:00,515.88,517.9,515.21,516.53,2831.0,22,0.0
2025-10-31 17:00:00,516.52,516.75,515.24,515.96,2272.0,22,0.0
2025-10-31 18:00:00,515.95,517.66,515.36,516.54,1988.0,22,0.0
2025-10-31 19:00:00,516.52,518.89,516.27,518.17,1882.0,22,0.0
2025-11-03 11:00:00,517.99,518.61,517.56,517.75,207.0,67,0.0
2025-11-03 12:00:00,517.81,521.79,517.36,520.16,594.0,67,0.0
2025-11-03 13:00:00,520.06,520.76,519.54,519.85,463.0,67,0.0
2025-11-03 14:00:00,519.87,524.08,511.98,521.59,4471.0,22,0.0
2025-11-03 15:00:00,521.75,522.02,517.91,519.14,3542.0,22,0.0
2025-11-03 16:00:00,519.13,519.2,516.94,518.39,2330.0,22,0.0
2025-11-03 17:00:00,518.42,519.57,517.58,517.58,1999.0,22,0.0
2025-11-03 18:00:00,517.62,517.68,515.89,515.96,1766.0,22,0.0
2025-11-03 19:00:00,515.98,516.45,514.96,515.65,1824.0,22,0.0
2025-11-03 20:00:00,515.67,516.04,513.78,514.42,1754.0,22,0.0
2025-11-04 11:00:00,511.85,512.77,511.66,512.23,172.0,67,0.0
2025-11-04 12:00:00,512.24,512.87,511.16,512.37,408.0,67,0.0
2025-11-04 13:00:00,512.33,512.84,511.31,512.09,567.0,67,0.0
2025-11-04 14:00:00,512.12,512.8,506.79,511.74,3060.0,22,0.0
2025-11-04 15:00:00,511.8,514.67,511.25,513.2,3054.0,22,0.0
2025-11-04 16:00:00,513.23,513.92,511.94,512.6,2584.0,22,0.0
2025-11-04 17:00:00,512.6,512.6,510.47,510.67,2160.0,22,0.0
2025-11-04 18:00:00,510.63,511.49,509.11,511.38,2205.0,22,0.0
2025-11-04 19:00:00,511.34,512.91,510.59,512.83,2355.0,22,0.0
2025-11-04 20:00:00,512.84,513.62,512.3,513.53,1977.0,22,0.0
2025-11-05 11:00:00,511.34,512.62,511.28,512.58,200.0,67,0.0
2025-11-05 12:00:00,512.57,513.2,512.04,512.58,497.0,67,0.0
2025-11-05 13:00:00,512.48,513.75,511.98,513.11,485.0,67,0.0
2025-11-05 14:00:00,513.05,513.52,510.27,511.1,2053.0,22,0.0
2025-11-05 15:00:00,511.13,513.96,509.64,509.66,3020.0,22,0.0
2025-11-05 16:00:00,509.66,510.19,507.39,508.19,2770.0,22,0.0
2025-11-05 17:00:00,508.16,508.68,507.44,507.87,1771.0,22,0.0
2025-11-05 18:00:00,507.86,508.73,507.42,508.54,1512.0,22,0.0
2025-11-05 19:00:00,508.5,508.5,506.94,507.43,1580.0,22,0.0
2025-11-05 20:00:00,507.43,507.52,506.1,506.61,1496.0,22,0.0
2025-11-06 11:00:00,504.73,505.56,504.65,505.37,188.0,67,0.0
2025-11-06 12:00:00,505.37,505.49,505.04,505.25,271.0,67,0.0
2025-11-06 13:00:00,505.25,505.93,505.25,505.44,358.0,67,0.0
2025-11-06 14:00:00,505.39,505.75,497.71,498.35,2841.0,22,0.0
2025-11-06 15:00:00,498.38,501.09,495.07,495.3,4231.0,22,0.0
2025-11-06 16:00:00,495.35,497.7,495.25,497.07,3257.0,22,0.0
2025-11-06 17:00:00,497.11,497.66,496.1,497.19,2270.0,22,0.0
2025-11-06 18:00:00,497.15,498.61,495.64,497.78,2037.0,22,0.0
2025-11-06 19:00:00,497.77,499.82,497.3,499.33,2030.0,22,0.0
2025-11-06 20:00:00,499.32,499.48,496.76,496.81,2036.0,22,0.0
2025-11-07 11:00:00,495.24,495.35,493.26,494.59,525.0,67,0.0
2025-11-07 12:00:00,494.74,495.26,493.32,493.8,473.0,67,0.0
2025-11-07 13:00:00,493.78,496.3,493.5,495.56,697.0,67,0.0
2025-11-07 14:00:00,495.53,498.23,493.58,494.54,3021.0,22,0.0
2025-11-07 15:00:00,494.59,496.09,492.44,494.28,4007.0,22,0.0
2025-11-07 16:00:00,494.29,494.96,493.03,494.14,2835.0,22,0.0
2025-11-07 17:00:00,494.17,494.82,492.77,493.85,2280.0,22,0.0
2025-11-07 18:00:00,493.84,495.73,493.31,494.04,1942.0,22,0.0
2025-11-07 19:00:00,494.06,496.6,493.83,495.13,2131.0,22,0.0
2025-11-07 20:00:00,495.1,496.37,494.36,495.77,2380.0,22,0.0
2025-11-10 11:00:00,500.98,501.34,500.62,501.08,187.0,67,0.0
2025-11-10 12:00:00,501.08,501.08,499.47,500.09,358.0,67,0.0
2025-11-10 13:00:00,500.09,500.69,499.77,500.27,406.0,67,0.0
2025-11-10 14:00:00,500.29,503.5,497.83,502.33,2491.0,22,0.0
2025-11-10 15:00:00,502.37,505.55,501.17,501.4,3245.0,22,0.0
2025-11-10 16:00:00,501.42,502.0,499.12,499.94,2309.0,22,0.0
2025-11-10 17:00:00,499.94,502.31,499.32,502.17,1710.0,22,0.0
2025-11-10 18:00:00,502.19,505.01,502.1,504.02,1432.0,22,0.0
2025-11-10 19:00:00,504.03,505.68,503.07,505.22,1421.0,22,0.0
2025-11-10 20:00:00,505.22,505.86,504.14,505.16,1289.0,22,0.0
2025-11-11 11:00:00,504.11,504.3,502.88,503.21,453.0,67,0.0
2025-11-11 12:00:00,503.44,504.03,502.64,503.15,315.0,67,0.0
2025-11-11 13:00:00,503.14,503.47,502.23,503.36,307.0,67,0.0
2025-11-11 14:00:00,503.36,504.56,501.53,503.79,1842.0,22,0.0
2025-11-11 15:00:00,503.78,505.26,501.99,502.13,2608.0,22,0.0
2025-11-11 16:00:00,502.12,503.36,501.47,503.24,1820.0,22,0.0
2025-11-11 17:00:00,503.24,504.74,503.17,504.35,1424.0,22,0.0
2025-11-11 18:00:00,504.34,507.41,503.67,507.39,1532.0,22,0.0
2025-11-11 19:00:00,507.38,508.45,507.08,508.16,1507.0,22,0.0
2025-11-11 20:00:00,508.18,508.61,507.65,508.26,1335.0,22,0.0
2025-11-12 11:00:00,509.45,509.46,508.18,508.72,326.0,67,0.0
2025-11-12 12:00:00,508.51,509.9,508.47,509.28,190.0,67,0.0
2025-11-12 13:00:00,509.32,509.76,509.12,509.66,174.0,67,0.0
2025-11-12 14:00:00,509.61,509.61,505.54,506.25,1919.0,22,0.0
2025-11-12 15:00:00,506.23,506.32,502.42,502.85,3035.0,22,0.0
2025-11-12 16:00:00,502.88,503.03,498.23,498.77,3043.0,22,0.0
2025-11-12 17:00:00,498.78,504.56,498.75,504.51,2660.0,22,0.0
2025-11-12 18:00:00,504.54,508.77,503.42,507.82,3274.0,22,0.0
2025-11-12 19:00:00,507.82,510.51,507.57,509.48,2247.0,22,0.0
2025-11-12 20:00:00,509.48,510.61,508.76,510.15,2082.0,22,0.0
2025-11-13 11:00:00,508.6,509.15,508.1,508.44,258.0,67,0.0
2025-11-13 12:00:00,508.43,511.47,507.65,511.29,383.0,67,0.0
2025-11-13 13:00:00,511.18,512.44,508.86,509.7,616.0,67,0.0
2025-11-13 14:00:00,509.45,510.39,504.56,508.61,2505.0,22,0.0
2025-11-13 15:00:00,508.64,512.55,508.57,510.38,3978.0,22,0.0
2025-11-13 16:00:00,510.34,511.19,507.44,507.74,3267.0,22,0.0
2025-11-13 17:00:00,507.7,509.08,506.23,506.47,2294.0,22,0.0
2025-11-13 18:00:00,506.48,507.0,504.36,504.8,2429.0,22,0.0
2025-11-13 19:00:00,504.78,504.92,501.3,501.72,2778.0,22,0.0
2025-11-13 20:00:00,501.68,503.21,500.39,502.2,2678.0,22,0.0
2025-11-14 11:00:00,500.28,500.28,498.14,499.19,567.0,67,0.0
2025-11-14 12:00:00,499.22,500.09,497.58,498.99,1210.0,67,0.0
2025-11-14 13:00:00,499.13,499.7,496.75,496.97,1050.0,67,0.0
2025-11-14 14:00:00,496.97,502.1,495.77,501.46,3075.0,22,0.0
2025-11-14 15:00:00,501.5,506.48,500.8,505.98,3900.0,22,0.0
2025-11-14 16:00:00,506.0,509.63,505.76,509.54,2978.0,22,0.0
2025-11-14 17:00:00,509.5,510.46,507.16,507.38,2442.0,22,0.0
2025-11-14 18:00:00,507.38,508.71,506.53,508.48,2259.0,22,0.0
2025-11-14 19:00:00,508.44,510.38,508.38,509.99,2080.0,22,0.0
2025-11-14 20:00:00,509.99,510.63,508.68,508.78,2063.0,22,0.0
2025-11-17 11:00:00,507.49,508.95,507.49,508.44,326.0,67,0.0
2025-11-17 12:00:00,508.45,508.63,507.55,507.76,595.0,67,0.0
2025-11-17 13:00:00,507.65,508.06,506.31,507.25,439.0,67,0.0
2025-11-17 14:00:00,507.19,510.86,504.92,507.92,2620.0,22,0.0
2025-11-17 15:00:00,508.0,508.38,505.6,506.62,3335.0,22,0.0
2025-11-17 16:00:00,506.65,509.22,504.64,509.19,2544.0,22,0.0
2025-11-17 17:00:00,509.21,509.82,507.22,507.26,2100.0,22,0.0
2025-11-17 18:00:00,507.23,508.21,505.56,505.61,1894.0,22,0.0
2025-11-17 19:00:00,505.6,506.26,504.32,504.32,2384.0,22,0.0
2025-11-17 20:00:00,504.28,506.16,503.94,505.78,2495.0,22,0.0
2025-11-18 11:00:00,500.71,501.18,499.11,499.74,388.0,67,0.0
2025-11-18 12:00:00,499.82,499.87,496.93,497.18,850.0,67,0.0
2025-11-18 13:00:00,497.18,498.21,494.99,495.8,981.0,67,0.0
2025-11-18 14:00:00,495.83,499.74,492.1,492.99,3893.0,22,0.0
2025-11-18 15:00:00,492.94,495.49,488.04,488.42,7504.0,22,0.0
2025-11-18 16:00:00,488.37,493.32,485.85,490.43,5080.0,22,0.0
2025-11-18 17:00:00,490.47,491.71,486.93,491.55,3548.0,22,0.0
2025-11-18 18:00:00,491.59,492.3,490.62,491.14,3124.0,22,0.0
2025-11-18 19:00:00,491.14,494.21,490.99,493.83,2765.0,22,0.0
2025-11-18 20:00:00,493.82,494.52,492.6,493.48,2712.0,22,0.0
2025-11-19 11:00:00,493.13,494.08,492.95,493.09,244.0,67,0.0
2025-11-19 12:00:00,493.09,493.16,491.53,491.77,417.0,67,0.0
2025-11-19 13:00:00,491.68,491.81,490.46,491.05,400.0,67,0.0
2025-11-19 14:00:00,491.1,493.83,487.11,493.65,3087.0,22,0.0
2025-11-19 15:00:00,493.72,494.12,486.85,487.24,3870.0,22,0.0
2025-11-19 16:00:00,487.2,488.65,486.63,487.85,3371.0,22,0.0
2025-11-19 17:00:00,487.81,488.13,483.2,484.75,3707.0,22,0.0
2025-11-19 18:00:00,484.71,486.34,484.23,485.16,2811.0,22,0.0
2025-11-19 19:00:00,485.2,485.24,481.86,484.09,2946.0,22,0.0
2025-11-19 20:00:00,484.07,487.6,483.93,486.84,2666.0,22,0.0
2025-11-20 11:00:00,490.17,491.23,489.81,491.15,196.0,67,0.0
2025-11-20 12:00:00,491.17,493.5,490.6,493.21,311.0,67,0.0
2025-11-20 13:00:00,493.2,494.01,491.64,492.55,616.0,67,0.0
2025-11-20 14:00:00,492.51,493.29,489.59,492.82,3121.0,22,0.0
2025-11-20 15:00:00,492.87,493.41,490.43,490.63,3953.0,22,0.0
2025-11-20 16:00:00,490.66,490.66,482.14,482.3,5175.0,22,0.0
2025-11-20 17:00:00,482.23,483.16,479.12,480.35,6445.0,22,0.0
2025-11-20 18:00:00,480.31,483.24,478.22,479.17,4561.0,22,0.0
2025-11-20 19:00:00,479.2,480.32,478.44,480.11,3812.0,22,0.0
2025-11-20 20:00:00,480.06,480.45,476.21,476.7,3374.0,22,0.0
2025-11-21 11:00:00,476.74,477.3,475.35,475.59,368.0,67,0.0
2025-11-21 12:00:00,475.69,479.38,473.92,478.1,1057.0,67,0.0
2025-11-21 13:00:00,478.01,478.36,476.34,478.02,687.0,67,0.0
2025-11-21 14:00:00,477.99,478.93,472.97,474.28,3733.0,22,0.0
2025-11-21 15:00:00,474.4,474.94,469.33,470.59,7532.0,22,0.0
2025-11-21 16:00:00,470.53,473.69,468.2,473.55,4951.0,22,0.0
2025-11-21 17:00:00,473.63,475.63,472.91,473.68,3690.0,22,0.0
2025-11-21 18:00:00,473.68,476.55,470.94,474.57,3622.0,22,0.0
2025-11-21 19:00:00,474.5,476.75,474.07,474.64,3127.0,22,0.0
2025-11-21 20:00:00,474.59,475.27,472.61,473.23,2878.0,22,0.0
2025-11-24 11:00:00,473.45,474.45,473.38,474.14,132.0,67,0.0
2025-11-24 12:00:00,474.02,474.29,473.16,474.06,623.0,67,0.0
2025-11-24 13:00:00,474.09,474.59,472.45,472.56,389.0,67,0.0
2025-11-24 14:00:00,472.5,475.82,467.95,470.51,3664.0,22,0.0
2025-11-24 15:00:00,470.61,475.0,470.45,473.73,4610.0,22,0.0
2025-11-24 16:00:00,473.73,476.74,473.16,475.91,2941.0,22,0.0
2025-11-24 17:00:00,475.87,476.26,474.54,475.71,2146.0,22,0.0
2025-11-24 18:00:00,475.7,475.95,474.11,475.1,1807.0,22,0.0
2025-11-24 19:00:00,475.09,475.27,473.76,474.51,1642.0,22,0.0
2025-11-24 20:00:00,474.51,474.92,473.82,474.23,1623.0,22,0.0
2025-11-25 11:00:00,471.03,471.53,469.11,470.0,739.0,67,0.0
2025-11-25 12:00:00,469.99,471.33,469.44,470.46,501.0,67,0.0
2025-11-25 13:00:00,470.44,472.08,470.41,470.98,491.0,67,0.0
2025-11-25 14:00:00,471.16,474.66,464.8,469.5,3585.0,22,0.0
2025-11-25 15:00:00,469.45,471.91,465.22,471.49,4647.0,22,0.0
2025-11-25 16:00:00,471.46,474.3,470.66,473.75,2790.0,22,0.0
2025-11-25 17:00:00,473.73,477.02,473.35,475.56,2390.0,22,0.0
2025-11-25 18:00:00,475.56,477.15,475.54,476.81,1815.0,22,0.0
2025-11-25 19:00:00,476.79,477.61,475.31,476.16,1826.0,22,0.0
2025-11-25 20:00:00,476.16,478.22,476.13,477.96,1755.0,22,0.0
2025-11-26 11:00:00,479.36,479.56,478.51,478.6,106.0,67,0.0
2025-11-26 12:00:00,478.63,478.73,477.38,478.71,371.0,67,0.0
2025-11-26 13:00:00,478.66,485.93,478.58,485.51,929.0,67,0.0
2025-11-26 14:00:00,485.38,487.31,481.29,482.75,3474.0,22,0.0
2025-11-26 15:00:00,482.59,485.76,481.13,484.84,3864.0,22,0.0
2025-11-26 16:00:00,484.88,488.16,484.64,487.88,2208.0,22,0.0
2025-11-26 17:00:00,487.93,488.17,486.24,487.49,1977.0,22,0.0
2025-11-26 18:00:00,487.48,487.54,485.53,486.21,1976.0,22,0.0
2025-11-26 19:00:00,486.21,486.98,485.51,486.42,1569.0,22,0.0
2025-11-26 20:00:00,486.42,487.53,486.02,487.28,1459.0,22,0.0
2025-11-28 11:00:00,488.46,489.23,487.66,488.48,155.0,67,0.0
2025-11-28 12:00:00,488.47,489.45,488.11,488.62,339.0,67,0.0
2025-11-28 13:00:00,488.64,489.06,487.62,488.35,278.0,67,0.0
2025-11-28 14:00:00,488.27,491.64,486.43,491.19,2164.0,22,0.0
2025-11-28 15:00:00,491.23,491.67,489.75,491.56,2469.0,22,0.0
2025-11-28 16:00:00,491.55,492.5,490.86,492.26,1929.0,22,0.0
2025-11-28 17:00:00,492.26,492.26,490.56,491.89,2192.0,22,0.0
2025-12-01 11:00:00,488.36,488.56,487.88,488.37,184.0,67,0.0
2025-12-01 12:00:00,488.37,488.92,487.77,488.35,338.0,67,0.0
2025-12-01 13:00:00,488.4,489.26,488.11,489.18,369.0,67,0.0
2025-12-01 14:00:00,489.22,489.73,484.55,487.79,2448.0,22,0.0
2025-12-01 15:00:00,487.75,488.61,485.6,488.45,3343.0,22,0.0
2025-12-01 16:00:00,488.45,489.75,487.29,488.76,2131.0,22,0.0
2025-12-01 17:00:00,488.8,489.27,487.56,488.83,1630.0,22,0.0
2025-12-01 18:00:00,488.83,489.26,488.29,488.73,1372.0,22,0.0
2025-12-01 19:00:00,488.73,488.85,486.67,486.84,1730.0,22,0.0
2025-12-01 20:00:00,486.8,488.0,486.67,487.82,1541.0,22,0.0
2025-12-02 11:00:00,487.04,487.54,486.75,487.0,103.0,67,0.0
2025-12-02 12:00:00,486.9,487.01,486.23,486.53,190.0,67,0.0
2025-12-02 13:00:00,486.61,486.92,485.87,486.77,169.0,67,0.0
2025-12-02 14:00:00,486.83,489.01,485.96,488.84,2100.0,22,0.0
2025-12-02 15:00:00,488.89,491.82,488.83,491.61,3001.0,22,0.0
2025-12-02 16:00:00,491.57,492.12,488.96,490.17,2685.0,22,0.0
2025-12-02 17:00:00,490.14,493.32,490.08,490.42,1878.0,22,0.0
2025-12-02 18:00:00,490.39,491.11,489.58,490.03,1831.0,22,0.0
2025-12-02 19:00:00,490.01,490.53,489.05,490.06,1647.0,22,0.0
2025-12-02 20:00:00,490.06,490.32,489.47,489.85,1374.0,22,0.0
2025-12-03 11:00:00,489.05,489.32,488.56,488.94,168.0,67,0.0
2025-12-03 12:00:00,489.0,489.22,488.45,488.94,234.0,67,0.0
2025-12-03 13:00:00,488.94,489.23,488.72,488.89,184.0,67,0.0
2025-12-03 14:00:00,488.76,488.97,474.72,476.52,6655.0,22,0.0
2025-12-03 15:00:00,476.45,483.73,474.77,480.9,7341.0,22,0.0
2025-12-03 16:00:00,480.93,481.46,478.46,479.73,3431.0,22,0.0
2025-12-03 17:00:00,479.73,482.73,479.54,482.71,2603.0,22,0.0
2025-12-03 18:00:00,482.71,483.34,479.77,480.23,2006.0,22,0.0
2025-12-03 19:00:00,480.21,482.57,480.07,482.56,1767.0,22,0.0
2025-12-03 20:00:00,482.55,482.69,479.93,480.42,1709.0,22,0.0
2025-12-04 11:00:00,478.8,479.1,478.15,478.91,269.0,67,0.0
2025-12-04 12:00:00,478.84,479.55,478.84,479.27,127.0,67,0.0
2025-12-04 13:00:00,479.11,479.24,478.24,478.58,204.0,67,0.0
2025-12-04 14:00:00,478.62,480.59,476.19,477.52,2806.0,22,0.0
2025-12-04 15:00:00,477.47,478.87,476.32,477.52,3116.0,22,0.0
2025-12-04 16:00:00,477.51,478.5,476.03,478.16,2335.0,22,0.0
2025-12-04 17:00:00,478.13,478.49,477.53,478.37,1879.0,22,0.0
2025-12-04 18:00:00,478.36,479.66,476.91,478.06,2226.0,22,0.0
2025-12-04 19:00:00,478.06,478.81,476.24,478.4,2198.0,22,0.0
2025-12-04 20:00:00,478.36,479.48,477.96,478.85,1666.0,22,0.0
2025-12-05 11:00:00,482.03,482.66,481.71,482.18,144.0,67,0.0
2025-12-05 12:00:00,481.89,482.37,481.39,481.69,195.0,67,0.0
2025-12-05 13:00:00,481.49,481.98,480.07,480.52,447.0,67,0.0
2025-12-05 14:00:00,480.5,482.6,479.9,481.08,2236.0,22,0.0
2025-12-05 15:00:00,481.15,482.91,480.5,481.25,3020.0,22,0.0
2025-12-05 16:00:00,481.21,481.6,478.43,479.54,2844.0,22,0.0
2025-12-05 17:00:00,479.49,480.37,479.25,480.27,1917.0,22,0.0
2025-12-05 18:00:00,480.27,481.36,479.85,481.04,1635.0,22,0.0
2025-12-05 19:00:00,481.07,481.69,480.78,481.43,1616.0,22,0.0
2025-12-05 20:00:00,481.39,481.99,481.04,481.86,1221.0,22,0.0
2025-12-08 11:00:00,483.02,483.2,482.76,482.86,84.0,67,0.0
2025-12-08 12:00:00,482.8,483.45,482.53,482.95,217.0,67,0.0
2025-12-08 13:00:00,483.13,483.17,482.2,482.56,194.0,67,0.0
2025-12-08 14:00:00,482.61,489.29,481.86,488.58,2258.0,22,0.0
2025-12-08 15:00:00,488.55,490.1,487.91,489.19,2804.0,22,0.0
2025-12-08 16:00:00,489.21,491.77,489.03,490.69,2355.0,22,0.0
2025-12-08 17:00:00,490.69,491.56,489.82,490.7,1809.0,22,0.0
2025-12-08 18:00:00,490.69,491.17,488.88,489.35,1893.0,22,0.0
2025-12-08 19:00:00,489.3,490.28,488.92,489.23,1658.0,22,0.0
2025-12-08 20:00:00,489.27,489.78,488.82,489.73,1385.0,22,0.0
2025-12-09 11:00:00,490.05,491.18,489.89,490.8,562.0,67,0.0
2025-12-09 12:00:00,490.64,491.0,490.08,490.36,151.0,67,0.0
2025-12-09 13:00:00,490.25,490.49,489.38,489.67,191.0,67,0.0
2025-12-09 14:00:00,489.57,490.72,487.61,490.69,1930.0,22,0.0
2025-12-09 15:00:00,490.7,491.43,489.43,490.53,2233.0,22,0.0
2025-12-09 16:00:00,490.52,491.41,489.33,491.33,1465.0,22,0.0
2025-12-09 17:00:00,491.32,491.58,488.99,489.27,1375.0,22,0.0
2025-12-09 18:00:00,489.25,490.68,489.18,490.52,1113.0,22,0.0
2025-12-09 19:00:00,490.52,490.56,489.5,490.23,1120.0,22,0.0
2025-12-09 20:00:00,490.23,490.9,490.12,490.72,1115.0,22,0.0
2025-12-10 11:00:00,490.68,490.69,484.62,486.54,592.0,67,0.0
2025-12-10 12:00:00,486.65,486.93,482.87,483.34,763.0,67,0.0
2025-12-10 13:00:00,483.3,485.82,483.03,483.69,757.0,67,0.0
2025-12-10 14:00:00,483.86,483.86,478.0,479.88,3275.0,22,0.0
2025-12-10 15:00:00,479.85,480.57,477.87,478.21,3411.0,22,0.0
2025-12-10 16:00:00,478.21,480.79,477.61,480.43,2223.0,22,0.0
2025-12-10 17:00:00,480.41,481.9,479.69,480.22,1616.0,22,0.0
2025-12-10 18:00:00,480.21,480.26,476.16,477.22,2212.0,22,0.0
2025-12-10 19:00:00,477.2,478.62,474.59,477.79,4797.0,22,0.0
2025-12-10 20:00:00,477.83,479.1,476.65,477.58,2601.0,22,0.0
2025-12-11 11:00:00,473.84,474.9,473.68,474.22,239.0,67,0.0
2025-12-11 12:00:00,474.18,476.71,474.18,476.15,329.0,67,0.0
2025-12-11 13:00:00,476.19,476.2,474.41,475.07,397.0,67,0.0
2025-12-11 14:00:00,475.12,480.63,474.36,477.82,2758.0,22,0.0
2025-12-11 15:00:00,477.78,481.63,477.2,480.31,3641.0,22,0.0
2025-12-11 16:00:00,480.22,481.02,478.42,478.87,2449.0,22,0.0
2025-12-11 17:00:00,478.87,480.87,478.8,479.85,1880.0,22,0.0
2025-12-11 18:00:00,479.82,485.4,479.67,484.4,2985.0,22,0.0
2025-12-11 19:00:00,484.4,485.51,483.72,483.96,2029.0,22,0.0
2025-12-11 20:00:00,483.91,484.58,482.32,482.92,1583.0,22,0.0
2025-12-12 11:00:00,481.33,481.94,480.09,481.02,366.0,67,0.0
2025-12-12 12:00:00,481.02,481.32,480.4,480.68,216.0,67,0.0
2025-12-12 13:00:00,480.87,482.87,480.69,482.6,333.0,67,0.0
2025-12-12 14:00:00,482.45,482.91,477.96,480.4,2683.0,22,0.0
2025-12-12 15:00:00,480.42,480.7,475.93,477.21,3596.0,22,0.0
2025-12-12 16:00:00,477.13,477.98,475.9,476.62,4183.0,22,0.0
2025-12-12 17:00:00,476.57,478.72,476.37,477.93,2321.0,22,0.0
2025-12-12 18:00:00,477.94,478.88,477.74,478.59,1936.0,22,0.0
2025-12-12 19:00:00,478.57,478.91,477.74,478.02,1627.0,22,0.0
2025-12-12 20:00:00,478.04,478.21,476.98,477.53,1673.0,22,0.0
2025-12-15 11:00:00,478.71,478.88,477.85,478.5,102.0,67,0.0
2025-12-15 12:00:00,478.49,478.49,477.33,477.45,107.0,67,0.0
2025-12-15 13:00:00,477.41,478.8,477.21,478.27,441.0,67,0.0
2025-12-15 14:00:00,478.3,479.8,474.9,475.06,2404.0,22,0.0
2025-12-15 15:00:00,475.1,475.32,472.02,473.55,3922.0,22,0.0
2025-12-15 16:00:00,473.59,475.0,472.61,473.51,2412.0,22,0.0
2025-12-15 17:00:00,473.5,474.62,473.21,473.68,1947.0,22,0.0
2025-12-15 18:00:00,473.67,474.3,472.71,473.46,1697.0,22,0.0
2025-12-15 19:00:00,473.45,474.38,473.07,473.76,1675.0,22,0.0
2025-12-15 20:00:00,473.74,474.88,473.12,474.7,1573.0,22,0.0
2025-12-16 11:00:00,472.43,474.51,472.27,473.75,118.0,67,0.0
2025-12-16 12:00:00,473.39,473.52,472.78,472.99,147.0,67,0.0
2025-12-16 13:00:00,473.05,474.12,472.21,472.26,365.0,67,0.0
2025-12-16 14:00:00,472.19,474.67,470.19,474.25,2266.0,22,0.0
2025-12-16 15:00:00,474.31,474.65,471.58,474.13,3363.0,22,0.0
2025-12-16 16:00:00,474.15,474.57,472.46,474.51,2417.0,22,0.0
2025-12-16 17:00:00,474.54,474.77,471.78,472.07,2121.0,22,0.0
2025-12-16 18:00:00,472.02,475.45,471.82,475.3,2130.0,22,0.0
2025-12-16 19:00:00,475.33,476.07,473.45,475.7,1971.0,22,0.0
2025-12-16 20:00:00,475.69,476.74,475.61,475.9,1704.0,22,0.0
2025-12-17 11:00:00,476.46,477.97,476.41,477.63,238.0,67,0.0
2025-12-17 12:00:00,477.53,478.87,476.82,477.83,267.0,67,0.0
2025-12-17 13:00:00,477.83,478.22,474.96,477.55,517.0,67,0.0
2025-12-17 14:00:00,477.41,477.77,474.81,476.17,2064.0,22,0.0
2025-12-17 15:00:00,476.13,477.67,474.93,475.85,3454.0,22,0.0
2025-12-17 16:00:00,475.83,476.82,474.73,475.49,2918.0,22,0.0
2025-12-17 17:00:00,475.49,477.56,475.25,477.41,2512.0,22,0.0
2025-12-17 18:00:00,477.42,478.37,477.07,478.23,2125.0,22,0.0
2025-12-17 19:00:00,478.26,479.31,477.85,478.6,2032.0,22,0.0
2025-12-17 20:00:00,478.6,478.93,477.39,478.17,1765.0,22,0.0
2025-12-18 11:00:00,478.55,478.75,478.17,478.49,45.0,67,0.0
2025-12-18 12:00:00,478.39,478.39,477.59,477.95,125.0,67,0.0
2025-12-18 13:00:00,477.81,479.64,477.45,478.88,493.0,67,0.0
2025-12-18 14:00:00,478.86,483.26,476.94,482.89,2345.0,22,0.0
2025-12-18 15:00:00,482.92,487.02,482.4,486.99,3954.0,22,0.0
2025-12-18 16:00:00,487.01,489.04,486.58,486.66,2555.0,22,0.0
2025-12-18 17:00:00,486.65,486.8,483.68,486.29,2820.0,22,0.0
2025-12-18 18:00:00,486.28,486.86,485.44,485.84,1845.0,22,0.0
2025-12-18 19:00:00,485.84,485.84,483.32,483.56,2224.0,22,0.0
2025-12-18 20:00:00,483.53,485.06,482.91,484.98,1969.0,22,0.0
2025-12-19 11:00:00,483.61,484.27,483.42,484.24,113.0,67,0.0
2025-12-19 12:00:00,483.88,484.37,483.42,483.88,232.0,67,0.0
2025-12-19 13:00:00,483.88,484.91,483.71,484.36,164.0,67,0.0
2025-12-19 14:00:00,484.36,487.86,482.24,486.1,2511.0,22,0.0
2025-12-19 15:00:00,486.06,486.85,483.58,483.93,2833.0,22,0.0
2025-12-19 16:00:00,483.94,485.17,483.66,483.85,2020.0,22,0.0
2025-12-19 17:00:00,483.87,485.55,483.73,484.47,1766.0,22,0.0
2025-12-19 18:00:00,484.46,484.79,483.97,484.14,1214.0,22,0.0
2025-12-19 19:00:00,484.14,484.32,483.37,483.39,1467.0,22,0.0
2025-12-19 20:00:00,483.35,483.5,481.95,482.28,1557.0,22,0.0
2025-12-22 11:00:00,486.67,487.08,486.39,486.51,67.0,67,0.0
2025-12-22 12:00:00,486.51,486.92,485.96,486.86,115.0,67,0.0
2025-12-22 13:00:00,486.86,487.01,486.33,486.71,222.0,67,0.0
2025-12-22 14:00:00,486.89,487.89,482.13,484.37,2416.0,22,0.0
2025-12-22 15:00:00,484.33,484.65,483.24,484.21,2548.0,22,0.0
2025-12-22 16:00:00,484.24,485.79,484.19,485.79,1724.0,22,0.0
2025-12-22 17:00:00,485.82,485.93,485.09,485.52,1357.0,22,0.0
2025-12-22 18:00:00,485.51,485.74,485.0,485.24,1084.0,22,0.0
2025-12-22 19:00:00,485.24,485.41,484.22,484.35,1212.0,22,0.0
2025-12-22 20:00:00,484.35,484.97,484.0,484.06,1063.0,22,0.0
2025-12-23 11:00:00,484.7,484.95,484.7,484.89,30.0,67,0.0
2025-12-23 12:00:00,484.87,485.22,484.44,484.79,152.0,67,0.0
2025-12-23 13:00:00,484.79,485.34,484.08,484.16,143.0,67,0.0
2025-12-23 14:00:00,484.36,486.96,483.72,485.2,1775.0,22,0.0
2025-12-23 15:00:00,485.22,485.86,484.97,485.25,2014.0,22,0.0
2025-12-23 16:00:00,485.25,486.69,485.24,485.91,1412.0,22,0.0
2025-12-23 17:00:00,485.91,486.66,485.47,485.65,1076.0,22,0.0
2025-12-23 18:00:00,485.65,486.62,485.55,486.32,1127.0,22,0.0
2025-12-23 19:00:00,486.33,486.87,486.31,486.72,999.0,22,0.0
2025-12-23 20:00:00,486.72,486.87,486.43,486.48,765.0,22,0.0
2025-12-24 12:00:00,485.79,486.46,485.74,486.36,64.0,67,0.0
2025-12-24 13:00:00,486.17,486.63,485.86,486.5,64.0,67,0.0
2025-12-24 14:00:00,486.54,487.47,484.04,486.05,1263.0,22,0.0
2025-12-24 15:00:00,486.05,487.44,485.88,487.38,1329.0,22,0.0
2025-12-24 16:00:00,487.38,488.58,487.24,488.2,1113.0,22,0.0
2025-12-24 17:00:00,488.24,488.32,487.12,487.45,1413.0,22,0.0
2025-12-26 11:00:00,486.41,486.41,486.2,486.38,21.0,67,0.0
2025-12-26 12:00:00,486.31,486.63,486.31,486.38,29.0,67,0.0
2025-12-26 13:00:00,486.45,487.14,486.28,486.57,88.0,67,0.0
2025-12-26 14:00:00,486.85,487.47,485.54,486.31,1464.0,22,0.0
2025-12-26 15:00:00,486.31,486.49,485.4,486.34,1647.0,22,0.0
2025-12-26 16:00:00,486.33,487.23,486.0,486.72,1170.0,22,0.0
2025-12-26 17:00:00,486.72,487.5,486.15,486.58,1149.0,22,0.0
2025-12-26 18:00:00,486.58,487.06,485.69,486.96,1015.0,22,0.0
2025-12-26 19:00:00,486.95,487.31,486.6,486.86,825.0,22,0.0
2025-12-26 20:00:00,486.87,486.97,486.33,486.77,775.0,22,0.0
2025-12-29 11:00:00,485.53,486.1,485.45,485.98,27.0,67,0.0
2025-12-29 12:00:00,486.07,486.08,485.38,485.38,62.0,67,0.0
2025-12-29 13:00:00,485.3,485.55,484.17,484.47,142.0,67,0.0
2025-12-29 14:00:00,484.5,487.71,483.41,486.91,1718.0,22,0.0
2025-12-29 15:00:00,486.91,487.36,486.0,486.51,2048.0,22,0.0
2025-12-29 16:00:00,486.54,486.69,484.43,485.02,1675.0,22,0.0
2025-12-29 17:00:00,485.01,485.28,484.13,484.83,1238.0,22,0.0
2025-12-29 18:00:00,484.81,485.37,484.52,485.05,1080.0,22,0.0
2025-12-29 19:00:00,485.05,486.99,484.54,486.8,1209.0,22,0.0
2025-12-29 20:00:00,486.8,486.87,486.24,486.3,866.0,22,0.0
2025-12-30 11:00:00,485.39,485.53,484.68,485.34,120.0,67,0.0
2025-12-30 12:00:00,485.39,485.39,484.51,484.87,71.0,67,0.0
2025-12-30 13:00:00,484.89,485.25,484.34,484.84,159.0,67,0.0
2025-12-30 14:00:00,484.69,488.49,484.12,487.64,1639.0,22,0.0
2025-12-30 15:00:00,487.65,488.23,486.47,488.17,2029.0,22,0.0
2025-12-30 16:00:00,488.15,489.04,487.41,487.51,1571.0,22,0.0
2025-12-30 17:00:00,487.5,487.95,487.23,487.77,1051.0,22,0.0
2025-12-30 18:00:00,487.77,488.24,487.35,488.06,1014.0,22,0.0
2025-12-30 19:00:00,488.06,488.17,487.07,487.12,1036.0,22,0.0
2025-12-30 20:00:00,487.12,487.86,486.77,487.8,928.0,22,0.0
2025-12-31 11:00:00,486.22,486.81,486.11,486.81,33.0,67,0.0
2025-12-31 12:00:00,486.68,486.92,486.32,486.52,57.0,67,0.0
2025-12-31 13:00:00,486.52,487.54,486.5,487.06,50.0,67,0.0
2025-12-31 14:00:00,487.12,487.41,484.63,485.44,1399.0,22,0.0
2025-12-31 15:00:00,485.41,485.64,483.94,484.05,1904.0,22,0.0
2025-12-31 16:00:00,484.05,485.26,483.67,485.18,1277.0,22,0.0
2025-12-31 17:00:00,485.18,485.24,484.32,484.87,1000.0,22,0.0
2025-12-31 18:00:00,484.88,485.92,484.8,485.68,999.0,22,0.0
2025-12-31 19:00:00,485.68,486.08,484.41,484.42,1058.0,22,0.0
2025-12-31 20:00:00,484.43,484.43,482.67,483.29,1268.0,22,0.0
2026-01-02 11:00:00,485.09,485.23,484.49,484.82,90.0,67,0.0
2026-01-02 12:00:00,484.67,484.89,484.19,484.83,138.0,67,0.0
2026-01-02 13:00:00,484.83,485.24,484.73,484.88,141.0,67,0.0
2026-01-02 14:00:00,485.02,485.23,478.87,479.79,2446.0,22,0.0
2026-01-02 15:00:00,479.84,480.39,472.96,473.43,4093.0,22,0.0
2026-01-02 16:00:00,473.43,473.5,471.81,472.61,3037.0,22,0.0
2026-01-02 17:00:00,472.59,473.44,471.46,471.7,2060.0,22,0.0
2026-01-02 18:00:00,471.69,472.06,469.54,469.91,1779.0,22,0.0
2026-01-02 19:00:00,469.91,472.68,469.79,471.33,2054.0,22,0.0
2026-01-02 20:00:00,471.33,472.25,470.85,470.88,1442.0,22,0.0
2026-01-05 11:00:00,472.38,472.75,472.22,472.5,108.0,67,0.0
2026-01-05 12:00:00,472.63,472.68,471.89,472.29,172.0,67,0.0
2026-01-05 13:00:00,472.35,472.58,471.61,472.52,262.0,67,0.0
2026-01-05 14:00:00,472.56,473.87,468.76,471.88,2758.0,22,0.0
2026-01-05 15:00:00,472.06,472.78,471.18,471.74,3273.0,22,0.0
2026-01-05 16:00:00,471.73,474.84,471.62,474.42,2258.0,22,0.0
2026-01-05 17:00:00,474.43,475.4,474.09,474.09,1926.0,22,0.0
2026-01-05 18:00:00,474.1,474.74,473.11,474.39,1634.0,22,0.0
2026-01-05 19:00:00,474.39,475.2,472.84,473.32,1649.0,22,0.0
2026-01-05 20:00:00,473.31,473.82,472.72,472.73,1211.0,22,0.0
2026-01-06 11:00:00,471.67,471.97,471.52,471.75,55.0,67,0.0
2026-01-06 12:00:00,471.72,472.03,471.69,471.94,78.0,67,0.0
2026-01-06 13:00:00,471.84,472.62,471.53,471.86,191.0,67,0.0
2026-01-06 14:00:00,471.86,473.25,470.23,470.9,2053.0,22,0.0
2026-01-06 15:00:00,470.91,471.98,469.14,471.53,2722.0,22,0.0
2026-01-06 16:00:00,471.49,471.82,470.48,470.65,1797.0,22,0.0
2026-01-06 17:00:00,470.65,475.13,470.48,474.95,1787.0,22,0.0
2026-01-06 18:00:00,474.94,475.68,473.28,475.57,1494.0,22,0.0
2026-01-06 19:00:00,475.57,476.45,474.87,476.17,1317.0,22,0.0
2026-01-06 20:00:00,476.15,477.16,475.67,476.95,1134.0,22,0.0
2026-01-07 11:00:00,476.32,476.68,476.2,476.39,43.0,67,0.0
2026-01-07 12:00:00,476.52,477.64,476.27,476.78,178.0,67,0.0
2026-01-07 13:00:00,476.76,478.11,476.32,477.84,291.0,67,0.0
2026-01-07 14:00:00,477.91,484.36,476.51,482.97,2754.0,22,0.0
2026-01-07 15:00:00,483.02,487.04,481.77,487.04,3668.0,22,0.0
2026-01-07 16:00:00,487.08,488.99,486.14,487.22,2695.0,22,0.0
2026-01-07 17:00:00,487.22,488.48,486.94,488.2,1890.0,22,0.0
2026-01-07 18:00:00,488.2,488.25,486.9,486.93,1533.0,22,0.0
2026-01-07 19:00:00,486.9,486.9,484.25,484.32,1646.0,22,0.0
2026-01-07 20:00:00,484.32,484.53,482.86,483.29,1389.0,22,0.0
2026-01-08 11:00:00,480.76,481.16,479.83,480.2,175.0,67,0.0
2026-01-08 12:00:00,479.75,480.41,479.24,479.38,167.0,67,0.0
2026-01-08 13:00:00,479.45,480.41,478.51,479.89,327.0,67,0.0
2026-01-08 14:00:00,479.83,481.67,475.24,477.32,2559.0,22,0.0
2026-01-08 15:00:00,477.29,478.79,476.68,477.36,3131.0,22,0.0
2026-01-08 16:00:00,477.38,478.03,475.82,478.02,2431.0,22,0.0
2026-01-08 17:00:00,478.02,478.25,476.89,477.54,1621.0,22,0.0
2026-01-08 18:00:00,477.57,477.67,476.41,476.48,1563.0,22,0.0
2026-01-08 19:00:00,476.48,476.7,475.43,475.91,1571.0,22,0.0
2026-01-08 20:00:00,475.89,478.05,475.81,477.26,1227.0,22,0.0
2026-01-09 11:00:00,475.58,475.62,475.18,475.54,122.0,67,0.0
2026-01-09 12:00:00,475.39,475.59,474.89,475.59,349.0,67,0.0
2026-01-09 13:00:00,475.61,476.24,475.12,475.85,297.0,67,0.0
2026-01-09 14:00:00,475.91,475.91,471.58,472.21,2798.0,22,0.0
2026-01-09 15:00:00,472.15,475.96,471.58,473.28,3338.0,22,0.0
2026-01-09 16:00:00,473.27,477.34,473.27,477.18,2141.0,22,0.0
2026-01-09 17:00:00,477.19,477.41,476.17,476.31,1462.0,22,0.0
2026-01-09 18:00:00,476.28,478.58,475.21,478.29,1579.0,22,0.0
2026-01-09 19:00:00,478.29,478.59,477.61,478.13,1194.0,22,0.0
2026-01-09 20:00:00,478.12,479.14,477.87,478.98,1023.0,22,0.0
2025-08-14 16:00:00,522.55,524.19,521.72,523.07,1549.0,22,0.0
2025-08-14 17:00:00,523.07,523.33,521.48,521.66,948.0,22,0.0
2025-08-14 18:00:00,521.66,521.98,519.32,520.13,1399.0,22,0.0
2025-08-14 19:00:00,520.13,521.27,519.7,521.22,1335.0,22,0.0
2025-08-15 10:00:00,522.48,522.71,522.19,522.32,57.0,67,0.0
2025-08-15 11:00:00,522.26,522.8,522.1,522.56,112.0,67,0.0
2025-08-15 12:00:00,522.51,522.74,521.79,522.06,172.0,67,0.0
2025-08-15 13:00:00,522.05,522.95,519.83,521.42,1723.0,22,0.0
2025-08-15 14:00:00,521.32,523.65,520.48,520.84,2277.0,22,0.0
2025-08-15 15:00:00,520.85,524.0,520.85,523.05,1656.0,22,0.0
2025-08-15 16:00:00,523.09,524.27,522.66,524.05,1390.0,22,0.0
2025-08-15 17:00:00,524.05,525.05,523.68,524.98,1161.0,22,0.0
2025-08-15 18:00:00,524.98,525.21,521.9,522.28,1420.0,22,0.0
2025-08-15 19:00:00,522.28,522.52,521.55,522.41,1096.0,22,0.0
2025-08-18 10:00:00,519.54,520.54,519.43,520.49,252.0,67,0.0
2025-08-18 11:00:00,520.23,520.4,519.32,519.62,274.0,67,0.0
2025-08-18 12:00:00,519.62,519.75,519.3,519.75,123.0,67,0.0
2025-08-14 15:00:00,523.43,523.95,520.99,522.55,1958.0,22,0.0
2025-08-12 13:00:00,523.18,526.75,522.57,523.84,2292.0,22,0.0
2025-08-12 14:00:00,523.77,525.98,521.91,524.19,3000.0,22,0.0
2025-08-12 15:00:00,524.2,526.41,523.94,526.1,1874.0,22,0.0
2025-08-12 16:00:00,526.12,527.92,525.43,527.43,1461.0,22,0.0
2025-08-12 17:00:00,527.43,528.45,526.83,528.35,1167.0,22,0.0
2025-08-12 18:00:00,528.35,530.1,528.29,528.86,1432.0,22,0.0
2025-08-12 19:00:00,528.85,529.28,528.04,528.71,1134.0,22,0.0
2025-08-13 10:00:00,529.13,529.64,528.87,528.98,174.0,67,0.0
2025-08-13 11:00:00,529.09,529.09,528.3,528.58,210.0,67,0.0
2025-08-13 12:00:00,528.62,529.83,528.42,529.58,227.0,67,0.0
2025-08-13 13:00:00,529.44,531.67,528.04,529.4,1770.0,22,0.0
2025-08-13 14:00:00,529.36,530.92,528.7,529.49,2209.0,22,0.0
2025-08-13 15:00:00,529.46,529.47,526.03,527.09,2105.0,22,0.0
2025-08-13 16:00:00,527.1,527.73,524.13,524.32,1503.0,22,0.0
2025-08-13 17:00:00,524.32,524.77,522.8,523.02,1415.0,22,0.0
2025-08-13 18:00:00,523.02,523.7,521.52,521.81,1389.0,22,0.0
2025-08-13 19:00:00,521.81,522.22,518.81,519.02,1517.0,22,0.0
2025-08-14 10:00:00,521.88,521.89,521.41,521.53,56.0,67,0.0
2025-08-14 11:00:00,521.44,521.63,521.07,521.35,145.0,67,0.0
2025-08-14 12:00:00,521.29,521.66,519.29,520.35,583.0,67,0.0
2025-08-14 13:00:00,520.5,523.45,519.1,522.34,2158.0,22,0.0
2025-08-14 14:00:00,522.38,525.07,521.03,523.42,2251.0,22,0.0
2025-08-08 15:00:00,520.18,521.04,518.66,520.53,1608.0,22,0.0
2025-08-08 16:00:00,520.49,521.09,520.19,520.86,1087.0,22,0.0
2025-08-08 17:00:00,520.85,522.08,520.43,521.89,1014.0,22,0.0
2025-08-08 18:00:00,521.92,522.45,521.56,521.8,890.0,22,0.0
2025-08-08 19:00:00,521.8,521.89,519.97,520.02,867.0,22,0.0
2025-08-11 10:00:00,523.34,523.8,523.27,523.47,71.0,67,0.0
2025-08-11 11:00:00,523.18,523.38,522.16,522.6,440.0,67,0.0
2025-08-11 12:00:00,522.62,522.86,521.98,522.25,361.0,67,0.0
2025-08-11 13:00:00,522.21,522.91,518.85,522.75,1604.0,22,0.0
2025-08-11 14:00:00,522.76,524.34,521.97,524.2,2085.0,22,0.0
2025-08-11 15:00:00,524.2,525.87,523.25,525.24,1733.0,22,0.0
2025-08-11 16:00:00,525.23,526.72,524.6,524.93,1345.0,22,0.0
2025-08-11 17:00:00,524.94,525.8,522.62,522.79,1225.0,22,0.0
2025-08-11 18:00:00,522.79,523.17,520.83,521.07,1439.0,22,0.0
2025-08-11 19:00:00,521.08,521.18,520.06,520.66,1138.0,22,0.0
2025-08-12 10:00:00,522.23,522.23,521.15,521.27,146.0,67,0.0
2025-08-12 11:00:00,521.26,521.49,520.95,521.44,215.0,67,0.0
2025-08-12 12:00:00,521.44,523.7,521.29,523.05,502.0,67,0.0
2025-08-08 13:00:00,519.79,523.49,519.76,522.45,1552.0,22,0.0
2025-08-08 14:00:00,522.45,522.72,520.04,520.14,2015.0,22,0.0
2025-08-07 14:00:00,524.59,525.64,522.75,524.65,2645.0,22,0.0
2025-08-07 15:00:00,524.62,524.87,521.52,521.59,1769.0,22,0.0
2025-08-07 16:00:00,521.55,522.14,519.86,521.15,1686.0,22,0.0
2025-08-07 17:00:00,521.15,521.57,519.64,520.16,1753.0,22,0.0
2025-08-07 18:00:00,520.13,520.28,516.82,518.12,1839.0,22,0.0
2025-08-07 19:00:00,518.12,518.93,517.64,518.36,1325.0,22,0.0
2025-08-08 10:00:00,521.34,521.72,521.24,521.68,221.0,67,0.0
2025-08-08 11:00:00,521.73,521.76,521.23,521.23,101.0,67,0.0
2025-08-08 12:00:00,521.2,521.36,519.12,519.78,416.0,67,0.0
2025-08-07 13:00:00,527.08,527.87,522.79,524.59,2160.0,22,0.0
2025-08-06 18:00:00,525.09,525.95,524.56,525.19,1154.0,22,0.0
2025-08-06 19:00:00,525.19,525.36,523.77,523.84,1114.0,22,0.0
2025-08-07 10:00:00,527.35,528.54,527.25,528.36,350.0,67,0.0
2025-08-07 11:00:00,528.23,528.91,526.62,527.16,343.0,67,0.0
2025-08-07 12:00:00,527.12,527.34,526.82,527.03,262.0,67,0.0
2025-08-06 13:00:00,529.31,530.62,525.49,525.73,1963.0,22,0.0
2025-08-06 14:00:00,525.73,526.95,523.84,525.21,2804.0,22,0.0
2025-08-06 15:00:00,525.24,526.04,524.48,525.79,2141.0,22,0.0
2025-08-06 16:00:00,525.79,526.43,525.08,525.38,1405.0,22,0.0
2025-08-06 17:00:00,525.38,525.53,524.53,525.09,1241.0,22,0.0
2025-07-31 17:00:00,535.78,536.07,532.21,532.73,2813.0,22,0.0
2025-07-31 18:00:00,532.67,534.19,531.91,532.88,2824.0,22,0.0
2025-07-31 19:00:00,532.89,534.43,531.27,533.92,2061.0,22,0.0
2025-08-01 10:00:00,536.64,536.94,535.2,535.46,579.0,67,0.0
2025-08-01 11:00:00,535.59,537.48,535.21,537.29,622.0,67,0.0
2025-08-01 12:00:00,537.43,537.72,531.62,532.08,919.0,67,0.0
2025-08-01 13:00:00,532.09,534.86,527.68,528.8,3854.0,22,0.0
2025-08-01 14:00:00,528.75,529.14,524.53,524.88,4091.0,22,0.0
2025-08-01 15:00:00,524.92,524.93,521.96,523.58,2895.0,22,0.0
2025-08-01 16:00:00,523.56,524.15,520.2,520.36,2143.0,22,0.0
2025-08-01 17:00:00,520.35,523.31,520.18,522.73,2267.0,22,0.0
2025-08-01 18:00:00,522.71,524.28,521.83,523.82,1963.0,22,0.0
2025-08-01 19:00:00,523.81,524.07,522.55,523.47,1738.0,22,0.0
2025-08-04 10:00:00,527.2,527.4,526.7,527.14,434.0,67,0.0
2025-08-04 11:00:00,527.14,527.15,526.54,526.71,328.0,67,0.0
2025-08-04 12:00:00,526.72,527.16,526.46,527.09,297.0,67,0.0
2025-08-04 13:00:00,527.16,535.65,525.83,535.46,2418.0,22,0.0
2025-08-04 14:00:00,535.49,536.15,533.22,533.88,3124.0,22,0.0
2025-08-04 15:00:00,533.86,534.82,532.48,534.65,2122.0,22,0.0
2025-08-04 16:00:00,534.65,536.63,534.54,536.35,1627.0,22,0.0
2025-08-04 17:00:00,536.35,537.5,536.12,537.04,1338.0,22,0.0
2025-08-04 18:00:00,537.05,537.27,534.96,535.16,1447.0,22,0.0
2025-08-04 19:00:00,535.13,536.0,533.36,533.67,1278.0,22,0.0
2025-08-05 10:00:00,536.84,537.86,536.81,537.78,103.0,67,0.0
2025-08-05 11:00:00,537.61,537.79,537.16,537.51,195.0,67,0.0
2025-08-05 12:00:00,537.46,537.61,536.83,537.14,456.0,67,0.0
2025-08-05 13:00:00,537.26,537.46,533.99,534.49,1712.0,22,0.0
2025-08-05 14:00:00,534.06,534.22,531.07,531.18,2392.0,22,0.0
2025-08-05 15:00:00,531.17,532.19,529.94,531.4,1942.0,22,0.0
2025-08-05 16:00:00,531.36,532.45,530.84,531.19,1499.0,22,0.0
2025-08-05 17:00:00,531.17,531.79,530.34,531.63,1186.0,22,0.0
2025-08-05 18:00:00,531.64,531.68,527.64,528.24,1561.0,22,0.0
2025-08-05 19:00:00,528.23,528.65,527.73,527.77,1017.0,22,0.0
2025-08-06 10:00:00,530.61,530.96,530.29,530.74,160.0,67,0.0
2025-08-06 11:00:00,530.6,531.34,530.39,530.42,265.0,67,0.0
2025-08-06 12:00:00,530.51,530.52,528.71,529.32,525.0,67,0.0
2025-07-31 16:00:00,536.0,536.55,534.48,535.76,2614.0,22,0.0
2025-07-31 15:00:00,534.39,537.0,534.39,536.04,3869.0,22,0.0
2025-07-30 15:00:00,512.65,512.85,511.75,512.28,1299.0,22,0.0
2025-07-30 16:00:00,512.28,512.87,511.93,512.17,1098.0,22,0.0
2025-07-30 17:00:00,512.17,512.53,511.5,512.19,987.0,22,0.0
2025-07-30 18:00:00,512.17,512.72,509.87,509.94,2149.0,22,0.0
2025-07-30 19:00:00,509.9,511.05,508.81,510.08,2416.0,22,0.0
2025-07-31 10:00:00,554.89,557.88,554.67,556.03,514.0,67,0.0
2025-07-31 11:00:00,556.2,557.81,553.44,553.6,1009.0,67,0.0
2025-07-31 12:00:00,553.69,560.98,553.69,556.91,1483.0,67,0.0
2025-07-31 13:00:00,556.9,560.41,535.46,535.52,5994.0,22,0.0
2025-07-31 14:00:00,535.6,539.43,533.71,534.42,6233.0,22,0.0
2025-07-30 14:00:00,511.75,513.6,511.15,512.67,1796.0,22,0.0
2021-10-27 17:00:00,325.12,326.05,325.12,325.82,520.0,8,0.0
2021-10-28 10:00:00,324.36,324.45,323.97,324.3,55.0,20,0.0
2021-10-28 11:00:00,324.28,325.64,324.28,324.65,243.0,20,0.0
2021-10-28 12:00:00,324.67,325.21,323.97,324.19,339.0,20,0.0
2021-10-28 13:00:00,324.24,325.01,321.33,321.78,3547.0,8,0.0
2021-10-28 14:00:00,321.75,323.14,321.39,322.42,3161.0,8,0.0
2021-10-28 15:00:00,322.44,324.32,322.37,323.74,1841.0,8,0.0
2021-10-28 16:00:00,323.76,323.95,322.24,322.55,1437.0,8,0.0
2021-10-28 17:00:00,322.58,323.59,322.42,323.59,1175.0,8,0.0
2021-10-28 18:00:00,323.61,323.97,323.41,323.47,1017.0,8,0.0
2021-10-28 19:00:00,323.45,323.83,322.85,323.29,1103.0,8,0.0
2021-10-29 10:00:00,324.33,324.56,323.36,323.66,143.0,40,0.0
2021-10-29 11:00:00,323.74,324.08,323.48,324.08,156.0,40,0.0
2021-10-29 12:00:00,324.05,325.03,324.03,324.6,235.0,20,0.0
2021-10-29 13:00:00,324.62,327.82,323.37,325.35,3600.0,8,0.0
2021-10-29 14:00:00,325.37,328.64,325.02,327.81,2988.0,8,0.0
2021-10-29 15:00:00,327.83,328.71,327.28,327.44,1869.0,8,0.0
2021-10-29 16:00:00,327.46,329.14,327.21,329.14,1278.0,8,0.0
2021-10-29 17:00:00,329.15,330.3,329.05,330.07,1179.0,8,0.0
2021-10-29 18:00:00,330.06,330.61,329.79,329.95,1508.0,8,0.0
2021-10-29 19:00:00,329.94,330.46,329.7,330.19,1395.0,8,0.0
2021-11-01 10:00:00,332.95,333.15,332.48,332.76,102.0,40,0.0
2021-11-01 11:00:00,332.78,332.84,331.95,332.34,181.0,40,0.0
2021-11-01 12:00:00,332.39,332.45,331.64,332.05,279.0,20,0.0
2021-11-01 13:00:00,332.01,332.06,327.14,327.55,3491.0,8,0.0
2021-11-01 14:00:00,327.52,327.93,326.33,326.49,3172.0,8,0.0
2021-11-01 15:00:00,326.47,328.2,326.47,328.16,1713.0,8,0.0
2021-11-01 16:00:00,328.18,328.63,327.6,327.69,1148.0,8,0.0
2021-11-01 17:00:00,327.67,328.29,327.3,328.14,1221.0,8,0.0
2021-11-01 18:00:00,328.12,328.69,327.77,328.68,1273.0,8,0.0
2021-11-01 19:00:00,328.66,328.82,328.41,328.73,776.0,8,0.0
2021-11-02 10:00:00,330.52,330.64,329.93,330.55,78.0,40,0.0
2021-11-02 11:00:00,330.42,330.64,330.03,330.11,139.0,40,0.0
2021-11-02 12:00:00,330.13,330.35,329.82,330.23,134.0,20,0.0
2021-11-02 13:00:00,330.25,332.94,329.81,332.03,3198.0,8,0.0
2021-11-02 14:00:00,332.05,332.43,331.0,332.17,2776.0,8,0.0
2021-11-02 15:00:00,332.2,333.23,331.73,332.78,2242.0,8,0.0
2021-11-02 16:00:00,332.8,332.94,332.04,332.53,1421.0,8,0.0
2021-11-02 17:00:00,332.54,333.05,332.15,332.64,1169.0,8,0.0
2021-11-02 18:00:00,332.62,333.05,332.01,333.05,1491.0,8,0.0
2021-11-02 19:00:00,333.04,333.38,332.77,333.35,755.0,8,0.0
2021-11-03 10:00:00,334.35,334.38,333.86,333.92,50.0,40,0.0
2021-11-03 11:00:00,333.82,334.2,333.58,334.17,73.0,40,0.0
2021-11-03 12:00:00,334.16,334.2,333.62,333.76,134.0,20,0.0
2021-11-03 13:00:00,333.77,334.45,331.28,332.82,1926.0,8,0.0
2021-11-03 14:00:00,332.83,332.93,330.75,331.45,2568.0,8,0.0
2021-11-03 15:00:00,331.46,331.99,330.72,331.94,1421.0,8,0.0
2021-11-03 16:00:00,331.95,332.01,331.15,331.7,1160.0,8,0.0
2021-11-03 17:00:00,331.72,332.49,331.4,332.04,843.0,8,0.0
2021-11-03 18:00:00,332.06,334.72,331.77,333.97,2928.0,8,0.0
2021-11-03 19:00:00,333.99,334.58,333.74,334.51,1534.0,8,0.0
2021-11-04 10:00:00,334.31,334.46,334.04,334.45,115.0,9,0.0
2021-11-04 11:00:00,334.47,334.51,334.22,334.5,106.0,20,0.0
2021-11-04 12:00:00,334.52,334.65,333.93,334.01,217.0,20,0.0
2021-11-04 13:00:00,334.02,334.24,329.44,333.45,2534.0,8,0.0
2021-11-04 14:00:00,333.46,336.07,333.21,334.95,3047.0,8,0.0
2021-11-04 15:00:00,334.93,335.49,334.25,335.4,2367.0,8,0.0
2021-11-04 16:00:00,335.38,335.63,334.77,335.45,1431.0,8,0.0
2021-11-04 17:00:00,335.44,336.36,334.97,336.2,1303.0,8,0.0
2021-11-04 18:00:00,336.18,336.21,335.28,335.72,1281.0,8,0.0
2021-11-04 19:00:00,335.7,335.98,335.27,335.5,1177.0,8,0.0
2021-11-05 10:00:00,337.56,337.93,337.06,337.21,98.0,40,0.0
2021-11-05 11:00:00,337.09,337.45,335.46,335.71,207.0,40,0.0
2021-11-05 12:00:00,335.69,337.4,335.65,337.19,272.0,40,0.0
2021-11-05 13:00:00,337.27,338.64,335.88,337.37,2320.0,8,0.0
2021-11-05 14:00:00,337.39,337.73,336.76,336.95,2698.0,8,0.0
2021-11-05 15:00:00,336.97,337.48,336.12,337.09,1650.0,8,0.0
2021-11-05 16:00:00,337.08,337.15,336.02,336.2,1758.0,8,0.0
2021-11-05 17:00:00,336.21,336.35,334.38,334.87,2262.0,8,0.0
2021-11-05 18:00:00,334.85,335.84,334.78,335.8,1639.0,8,0.0
2021-11-05 19:00:00,335.83,336.95,335.23,336.37,1441.0,8,0.0
2021-11-08 11:00:00,337.14,337.41,337.1,337.41,42.0,20,0.0
2021-11-08 12:00:00,337.38,337.38,336.51,337.03,186.0,20,0.0
2021-11-08 13:00:00,337.02,337.25,336.93,337.2,148.0,20,0.0
2021-11-08 14:00:00,337.16,337.54,335.26,335.79,2511.0,8,0.0
2021-11-08 15:00:00,335.81,335.93,334.64,335.3,2751.0,8,0.0
2021-11-08 16:00:00,335.28,335.47,334.65,334.87,1611.0,8,0.0
2021-11-08 17:00:00,334.88,335.29,334.4,335.19,1338.0,8,0.0
2021-11-08 18:00:00,335.21,336.47,335.05,336.33,1369.0,8,0.0
2021-11-08 19:00:00,336.31,337.4,336.19,337.39,1002.0,8,0.0
2021-11-08 20:00:00,337.37,337.37,336.22,336.22,815.0,8,0.0
2021-11-09 11:00:00,337.08,337.29,336.93,337.06,98.0,20,0.0
2021-11-09 12:00:00,337.01,337.1,335.98,336.14,194.0,20,0.0
2021-11-09 13:00:00,336.15,337.22,336.01,337.04,220.0,20,0.0
2021-11-09 14:00:00,337.06,338.37,336.53,336.77,3087.0,8,0.0
2021-11-09 15:00:00,336.73,337.76,336.01,336.99,4346.0,8,0.0
2021-11-09 16:00:00,337.0,337.2,336.1,336.58,2612.0,8,0.0
2021-11-09 17:00:00,336.54,336.76,335.74,336.04,2488.0,8,0.0
2021-11-09 18:00:00,336.03,336.22,334.51,334.69,1736.0,8,0.0
2021-11-09 19:00:00,334.67,335.97,334.6,335.92,1404.0,8,0.0
2021-11-09 20:00:00,335.9,336.31,335.43,336.21,1235.0,8,0.0
2021-11-10 11:00:00,334.45,335.15,334.4,334.76,136.0,40,0.0
2021-11-10 12:00:00,334.79,335.38,334.69,335.08,167.0,40,0.0
2021-11-10 13:00:00,335.04,335.71,333.96,334.58,344.0,20,0.0
2021-11-10 14:00:00,334.62,335.13,331.04,332.85,3038.0,8,0.0
2021-11-10 15:00:00,332.87,333.91,332.52,333.05,2798.0,8,0.0
2021-11-10 16:00:00,333.06,333.66,331.6,332.4,1914.0,8,0.0
2021-11-10 17:00:00,332.42,332.81,332.08,332.76,1360.0,8,0.0
2021-11-10 18:00:00,332.75,332.79,329.9,330.35,2481.0,8,0.0
2021-11-10 19:00:00,330.33,331.6,329.88,330.83,2872.0,8,0.0
2021-11-10 20:00:00,330.86,331.45,330.41,330.57,1830.0,8,0.0
2021-11-11 11:00:00,331.99,332.08,331.83,332.08,53.0,40,0.0
2021-11-11 12:00:00,332.06,332.68,332.05,332.38,137.0,40,0.0
2021-11-11 13:00:00,332.28,332.64,332.03,332.48,159.0,20,0.0
2021-11-11 14:00:00,332.55,333.09,330.9,333.06,1761.0,8,0.0
2021-11-11 15:00:00,333.03,333.34,332.19,332.53,2343.0,8,0.0
2021-11-11 16:00:00,332.5,333.73,332.3,333.32,1377.0,8,0.0
2021-11-11 17:00:00,333.35,333.49,332.6,333.03,1372.0,8,0.0
2021-11-11 18:00:00,333.02,333.43,332.6,333.2,1129.0,8,0.0
2021-11-11 19:00:00,333.22,333.39,332.37,332.43,1030.0,8,0.0
2021-11-11 20:00:00,332.45,332.55,332.0,332.45,1064.0,8,0.0
2021-11-12 11:00:00,333.58,333.63,333.3,333.43,54.0,20,0.0
2021-11-12 12:00:00,333.46,333.75,333.21,333.34,132.0,20,0.0
2021-11-12 13:00:00,333.37,333.86,333.11,333.74,165.0,20,0.0
2021-11-12 14:00:00,333.72,335.53,333.71,334.37,2042.0,8,0.0
2021-11-12 15:00:00,334.35,335.39,334.08,335.32,1902.0,8,0.0
2021-11-12 16:00:00,335.35,336.91,335.11,336.63,1842.0,8,0.0
2021-11-12 17:00:00,336.64,336.92,336.36,336.63,1215.0,8,0.0
2021-11-12 18:00:00,336.64,336.81,336.2,336.7,875.0,8,0.0
2021-11-12 19:00:00,336.71,336.79,336.12,336.23,915.0,8,0.0
2021-11-12 20:00:00,336.25,337.16,336.16,336.83,712.0,8,0.0
2021-11-15 11:00:00,339.01,339.05,338.59,338.75,75.0,40,0.0
2021-11-15 12:00:00,338.66,338.81,338.39,338.53,79.0,40,0.0
2021-11-15 13:00:00,338.54,339.52,338.53,338.97,214.0,40,0.0
2021-11-15 14:00:00,339.01,339.01,335.53,336.3,2266.0,8,0.0
2021-11-15 15:00:00,336.31,336.32,334.59,335.27,2633.0,8,0.0
2021-11-15 16:00:00,335.26,335.77,334.2,334.96,1782.0,8,0.0
2021-11-15 17:00:00,334.94,335.26,334.01,334.8,1650.0,8,0.0
2021-11-15 18:00:00,334.81,335.62,334.66,334.96,1133.0,8,0.0
2021-11-15 19:00:00,334.97,335.47,334.45,335.42,1077.0,8,0.0
2021-11-15 20:00:00,335.4,335.93,335.27,335.88,1015.0,8,0.0
2021-11-16 11:00:00,336.62,337.78,336.58,337.24,94.0,20,0.0
2021-11-16 12:00:00,337.17,337.17,336.52,336.62,150.0,20,0.0
2021-11-16 13:00:00,336.6,337.03,336.33,336.34,185.0,20,0.0
2021-11-16 14:00:00,336.3,337.51,335.46,336.99,2077.0,8,0.0
2021-11-16 15:00:00,337.02,337.98,336.66,337.67,2460.0,8,0.0
2021-11-16 16:00:00,337.65,339.92,337.65,339.03,1837.0,8,0.0
2021-11-16 17:00:00,339.06,340.38,339.0,340.28,1135.0,8,0.0
2021-11-16 18:00:00,340.27,340.49,339.79,340.32,1069.0,8,0.0
2021-11-16 19:00:00,340.31,340.62,339.78,339.81,1054.0,8,0.0
2021-11-16 20:00:00,339.79,340.32,339.57,340.09,898.0,8,0.0
2021-11-17 11:00:00,339.67,339.9,339.49,339.73,93.0,20,0.0
2021-11-17 12:00:00,339.8,340.01,338.92,339.14,161.0,20,0.0
2021-11-17 13:00:00,339.11,339.69,338.69,339.41,202.0,20,0.0
2021-11-17 14:00:00,339.42,340.24,338.06,338.1,1922.0,8,0.0
2021-11-17 15:00:00,338.13,340.15,338.13,339.81,2111.0,8,0.0
2021-11-17 16:00:00,339.8,342.08,339.79,341.99,1479.0,8,0.0
2021-11-17 17:00:00,342.01,342.13,340.12,340.31,1939.0,8,0.0
2021-11-17 18:00:00,340.3,340.74,339.72,340.16,1333.0,8,0.0
2021-11-17 19:00:00,340.18,340.24,339.44,339.83,1045.0,8,0.0
2021-11-17 20:00:00,339.84,340.05,339.44,340.04,769.0,8,0.0
2021-11-18 11:00:00,339.98,340.25,339.58,340.24,112.0,8,0.0
2021-11-18 12:00:00,340.2,340.2,338.98,339.12,144.0,20,0.0
2021-11-18 13:00:00,339.15,339.27,338.42,338.51,319.0,20,0.0
2021-11-18 14:00:00,338.49,340.3,337.05,339.98,2083.0,8,0.0
2021-11-18 15:00:00,340.0,340.28,338.64,339.32,3162.0,8,0.0
2021-11-18 16:00:00,339.29,342.02,339.13,341.43,2209.0,8,0.0
2021-11-18 17:00:00,341.42,342.41,340.28,340.74,1777.0,8,0.0
2021-11-18 18:00:00,340.72,341.48,340.67,341.03,1375.0,8,0.0
2021-11-18 19:00:00,341.01,341.23,340.54,340.9,1408.0,8,0.0
2021-11-18 20:00:00,340.93,341.44,340.67,341.35,1027.0,8,0.0
2021-11-19 11:00:00,343.1,343.17,342.55,342.96,92.0,40,0.0
2021-11-19 12:00:00,342.9,343.85,342.62,343.85,139.0,40,0.0
2021-11-19 13:00:00,343.91,343.97,341.89,342.06,210.0,40,0.0
2021-11-19 14:00:00,342.12,344.35,341.42,344.28,2286.0,8,0.0
2021-11-19 15:00:00,344.25,345.05,342.6,342.72,2883.0,8,0.0
2021-11-19 16:00:00,342.7,343.97,342.65,343.38,1652.0,8,0.0
2021-11-19 17:00:00,343.39,344.18,343.17,343.4,1254.0,8,0.0
2021-11-19 18:00:00,343.42,343.92,342.62,343.19,1599.0,8,0.0
2021-11-19 19:00:00,343.21,343.37,342.83,342.89,1221.0,8,0.0
2021-11-19 20:00:00,342.87,343.65,342.82,343.12,856.0,8,0.0
2021-11-22 11:00:00,344.07,344.51,343.96,344.51,105.0,40,0.0
2021-11-22 12:00:00,344.46,344.46,343.77,344.09,226.0,20,0.0
2021-11-22 13:00:00,344.04,344.15,343.68,343.89,179.0,20,0.0
2021-11-22 14:00:00,343.88,348.22,343.29,346.89,2101.0,8,0.0
2021-11-22 15:00:00,346.92,349.61,346.92,347.64,3669.0,8,0.0
2021-11-22 16:00:00,347.68,348.04,342.84,343.53,3687.0,8,0.0
2021-11-22 17:00:00,343.55,343.84,341.54,342.2,3420.0,8,0.0
2021-11-22 18:00:00,342.18,343.08,341.7,342.53,1806.0,8,0.0
2021-11-22 19:00:00,342.55,343.82,342.47,343.27,1324.0,8,0.0
2021-11-22 20:00:00,343.29,343.79,342.19,342.28,1153.0,8,0.0
2021-11-23 11:00:00,338.08,338.42,337.6,338.19,133.0,60,0.0
2021-11-23 12:00:00,338.13,339.05,337.78,338.37,210.0,40,0.0
2021-11-23 13:00:00,338.32,338.75,337.88,337.91,327.0,40,0.0
2021-11-23 14:00:00,337.97,339.39,334.28,339.03,2645.0,8,0.0
2021-11-23 15:00:00,339.01,339.01,333.53,334.37,4545.0,8,0.0
2021-11-23 16:00:00,334.39,336.36,333.9,335.52,3296.0,8,0.0
2021-11-23 17:00:00,335.55,335.64,334.16,334.52,2649.0,8,0.0
2021-11-23 18:00:00,334.49,336.21,334.24,335.63,2609.0,8,0.0
2021-11-23 19:00:00,335.62,336.62,334.58,336.23,2332.0,8,0.0
2021-11-23 20:00:00,336.25,337.19,335.85,336.86,1881.0,8,0.0
2021-11-24 11:00:00,335.93,337.29,335.76,336.83,130.0,20,0.0
2021-11-24 12:00:00,336.91,337.13,336.08,336.64,162.0,20,0.0
2021-11-24 13:00:00,336.63,337.74,335.56,335.76,278.0,20,0.0
2021-11-24 14:00:00,335.72,336.58,333.91,334.99,2649.0,8,0.0
2021-11-24 15:00:00,334.96,336.4,334.01,335.41,3675.0,8,0.0
2021-11-24 16:00:00,335.4,336.68,334.67,335.9,2301.0,8,0.0
2021-11-24 17:00:00,335.87,336.57,335.76,336.24,1531.0,8,0.0
2021-11-24 18:00:00,336.25,336.51,335.98,336.28,1310.0,8,0.0
2021-11-24 19:00:00,336.26,336.91,335.44,336.46,2056.0,8,0.0
2021-11-24 20:00:00,336.44,337.67,336.27,337.29,1138.0,8,0.0
2021-11-26 11:00:00,333.47,335.28,333.31,334.08,249.0,40,0.0
2021-11-26 12:00:00,333.99,335.0,333.81,333.87,331.0,40,0.0
2021-11-26 13:00:00,333.76,334.65,333.5,334.16,267.0,20,0.0
2021-11-26 14:00:00,334.1,337.84,333.95,336.41,3042.0,8,0.0
2021-11-26 15:00:00,336.37,336.74,333.06,333.46,4783.0,8,0.0
2021-11-26 16:00:00,333.43,333.43,330.31,330.93,3475.0,8,0.0
2021-11-26 17:00:00,330.95,332.38,330.55,331.87,2446.0,8,0.0
2021-11-29 11:00:00,334.11,334.22,333.65,333.76,168.0,20,0.0
2021-11-29 12:00:00,333.74,333.79,333.09,333.55,190.0,20,0.0
2021-11-29 13:00:00,333.63,334.35,333.16,334.16,275.0,20,0.0
2021-11-29 14:00:00,334.21,337.6,333.94,337.12,3030.0,8,0.0
2021-11-29 15:00:00,337.08,338.98,336.81,337.49,4449.0,8,0.0
2021-11-29 16:00:00,337.5,338.02,336.06,337.92,2463.0,8,0.0
2021-11-29 17:00:00,337.94,338.08,337.23,337.67,1461.0,8,0.0
2021-11-29 18:00:00,337.69,338.2,337.35,337.64,1100.0,8,0.0
2021-11-29 19:00:00,337.65,337.74,336.61,337.44,1135.0,8,0.0
2021-11-29 20:00:00,337.42,337.78,336.99,337.22,1164.0,8,0.0
2021-11-30 11:00:00,335.55,336.18,335.11,335.11,164.0,40,0.0
2021-11-30 12:00:00,335.2,335.88,334.91,335.24,251.0,40,0.0
2021-11-30 13:00:00,335.21,336.62,334.68,336.2,194.0,20,0.0
2021-11-30 14:00:00,336.23,336.57,334.04,335.92,3309.0,8,0.0
2021-11-30 15:00:00,335.94,337.73,332.1,332.12,5992.0,8,0.0
2021-11-30 16:00:00,332.16,332.29,328.98,329.95,6253.0,8,0.0
2021-11-30 17:00:00,329.94,331.24,329.57,330.38,3859.0,8,0.0
2021-11-30 18:00:00,330.36,331.95,329.96,331.94,2690.0,8,0.0
2021-11-30 19:00:00,331.93,332.49,331.0,331.49,2949.0,8,0.0
2021-11-30 20:00:00,331.48,331.63,330.57,331.5,2512.0,8,0.0
2021-12-01 11:00:00,336.25,336.57,336.03,336.36,101.0,60,0.0
2021-12-01 12:00:00,336.3,337.0,336.28,336.58,191.0,40,0.0
2021-12-01 13:00:00,336.6,336.6,334.98,334.98,226.0,40,0.0
2021-12-01 14:00:00,335.0,336.76,334.13,335.79,2700.0,8,0.0
2021-12-01 15:00:00,335.81,336.05,333.85,335.57,3961.0,8,0.0
2021-12-01 16:00:00,335.61,338.49,334.91,337.27,2971.0,8,0.0
2021-12-01 17:00:00,337.24,339.21,335.67,335.84,2962.0,8,0.0
2021-12-01 18:00:00,335.82,337.05,334.16,335.68,4792.0,8,0.0
2021-12-01 19:00:00,335.67,335.9,333.8,334.57,4317.0,8,0.0
2021-12-01 20:00:00,334.58,334.84,331.88,332.91,4470.0,8,0.0
2021-12-02 11:00:00,331.5,331.85,330.67,331.08,241.0,40,0.0
2021-12-02 12:00:00,331.15,331.46,329.17,330.76,448.0,40,0.0
2021-12-02 13:00:00,330.8,331.54,329.42,330.2,382.0,40,0.0
2021-12-02 14:00:00,330.27,333.41,328.47,332.15,3637.0,8,0.0
2021-12-02 15:00:00,332.16,332.56,327.79,329.55,6656.0,8,0.0
2021-12-02 16:00:00,329.53,331.11,328.56,329.8,5745.0,8,0.0
2021-12-02 17:00:00,329.78,331.71,329.55,330.9,3818.0,8,0.0
2021-12-02 18:00:00,330.93,331.64,329.52,330.26,4255.0,8,0.0
2021-12-02 19:00:00,330.24,330.72,329.15,329.76,3446.0,8,0.0
2021-12-02 20:00:00,329.8,331.36,329.6,330.75,2719.0,8,0.0
2021-12-03 11:00:00,327.85,329.25,327.81,329.19,102.0,40,0.0
2021-12-03 12:00:00,329.26,330.34,329.23,330.11,186.0,40,0.0
2021-12-03 13:00:00,330.18,333.26,330.18,331.22,525.0,40,0.0
2021-12-03 14:00:00,331.31,332.6,327.11,327.41,4047.0,8,0.0
2021-12-03 15:00:00,327.35,327.62,321.2,321.95,8403.0,8,0.0
2021-12-03 16:00:00,321.92,323.29,319.48,319.93,6670.0,8,0.0
2021-12-03 17:00:00,319.95,321.31,319.41,320.21,4425.0,8,0.0
2021-12-03 18:00:00,320.19,320.57,318.31,318.67,3901.0,8,0.0
2021-12-03 19:00:00,318.65,320.72,317.99,319.87,4983.0,8,0.0
2021-12-03 20:00:00,319.88,321.49,319.33,320.24,3745.0,8,0.0
2021-12-06 11:00:00,320.73,322.45,320.7,322.18,297.0,20,0.0
2021-12-06 12:00:00,322.24,322.62,321.75,322.09,333.0,20,0.0
2021-12-06 13:00:00,322.05,323.52,322.01,323.18,434.0,20,0.0
2021-12-06 14:00:00,323.15,324.7,319.19,320.36,4471.0,8,0.0
2021-12-06 15:00:00,320.34,323.45,319.24,322.41,7072.0,8,0.0
2021-12-06 16:00:00,322.43,323.13,321.5,322.11,4741.0,8,0.0
2021-12-06 17:00:00,322.13,324.03,321.83,323.91,2612.0,8,0.0
2021-12-06 18:00:00,323.92,325.57,323.71,325.28,2251.0,8,0.0
2021-12-06 19:00:00,325.29,327.32,324.42,325.39,3307.0,8,0.0
2021-12-06 20:00:00,325.37,326.57,325.37,326.44,2267.0,8,0.0
2021-12-07 11:00:00,332.41,332.54,331.36,331.66,150.0,60,0.0
2021-12-07 12:00:00,331.64,331.64,330.78,331.26,281.0,60,0.0
2021-12-07 13:00:00,331.24,331.44,330.99,331.18,216.0,40,0.0
2021-12-07 14:00:00,331.21,332.71,330.01,332.5,3349.0,8,0.0
2021-12-07 15:00:00,332.48,335.56,332.05,335.22,3493.0,8,0.0
2021-12-07 16:00:00,335.24,335.75,334.65,334.97,2506.0,8,0.0
2021-12-07 17:00:00,334.95,335.73,334.63,335.43,1356.0,8,0.0
2021-12-07 18:00:00,335.44,335.58,334.6,335.18,1309.0,8,0.0
2021-12-07 19:00:00,335.17,335.21,333.52,333.85,1491.0,8,0.0
2021-12-07 20:00:00,333.83,334.09,332.81,333.58,1704.0,8,0.0
2021-12-08 11:00:00,336.09,337.87,336.04,336.79,376.0,40,0.0
2021-12-08 12:00:00,336.68,337.06,335.2,335.7,310.0,40,0.0
2021-12-08 13:00:00,335.74,335.86,334.05,334.26,243.0,40,0.0
2021-12-08 14:00:00,334.17,335.39,332.27,332.76,3271.0,8,0.0
2021-12-08 15:00:00,332.72,333.48,331.44,331.67,4731.0,8,0.0
2021-12-08 16:00:00,331.65,332.22,330.76,331.6,2622.0,8,0.0
2021-12-08 17:00:00,331.58,331.84,330.93,331.52,1709.0,8,0.0
2021-12-08 18:00:00,331.55,332.86,331.31,332.57,1321.0,8,0.0
2021-12-08 19:00:00,332.59,333.07,332.07,333.05,1465.0,8,0.0
2021-12-08 20:00:00,333.06,333.19,332.59,332.76,1068.0,8,0.0
2021-12-09 11:00:00,333.79,333.79,333.21,333.53,77.0,40,0.0
2021-12-09 12:00:00,333.38,334.05,333.38,333.79,88.0,20,0.0
2021-12-09 13:00:00,333.68,333.93,333.29,333.69,170.0,20,0.0
2021-12-09 14:00:00,333.74,336.3,333.7,334.53,2524.0,8,0.0
2021-12-09 15:00:00,334.56,334.92,333.09,333.84,3649.0,8,0.0
2021-12-09 16:00:00,333.86,335.24,333.26,334.25,2047.0,8,0.0
2021-12-09 17:00:00,334.23,334.76,333.42,334.69,1757.0,8,0.0
2021-12-09 18:00:00,334.71,334.89,333.23,334.22,2082.0,8,0.0
2021-12-09 19:00:00,334.21,334.77,333.49,333.79,2113.0,8,0.0
2021-12-09 20:00:00,333.77,333.97,332.04,333.62,2102.0,8,0.0
2021-12-10 11:00:00,333.77,333.92,333.72,333.87,53.0,8,0.0
2021-12-10 12:00:00,333.86,333.86,332.92,333.02,120.0,8,0.0
2021-12-10 13:00:00,333.04,335.98,332.62,335.52,416.0,20,0.0
2021-12-10 14:00:00,335.56,338.34,334.21,338.12,3769.0,8,0.0
2021-12-10 15:00:00,338.14,342.61,338.05,340.88,5803.0,8,0.0
2021-12-10 16:00:00,340.87,340.87,338.29,339.88,3756.0,8,0.0
2021-12-10 17:00:00,339.9,340.2,338.21,340.17,2467.0,8,0.0
2021-12-10 18:00:00,340.18,340.85,339.86,340.46,2115.0,8,0.0
2021-12-10 19:00:00,340.44,341.01,339.53,339.87,1920.0,8,0.0
2021-12-10 20:00:00,339.85,341.79,339.71,341.35,1363.0,8,0.0
2021-12-13 11:00:00,343.25,343.49,342.44,342.64,142.0,40,0.0
2021-12-13 12:00:00,342.68,343.0,342.36,342.61,120.0,40,0.0
2021-12-13 13:00:00,342.67,342.92,342.5,342.65,213.0,20,0.0
2021-12-13 14:00:00,342.64,342.64,339.67,341.46,3383.0,8,0.0
2021-12-13 15:00:00,341.47,343.67,340.75,341.66,4968.0,8,0.0
2021-12-13 16:00:00,341.64,342.04,340.51,341.0,4073.0,8,0.0
2021-12-13 17:00:00,340.99,341.67,340.35,341.25,2119.0,8,0.0
2021-12-13 18:00:00,341.24,341.74,340.46,341.22,1897.0,8,0.0
2021-12-13 19:00:00,341.2,342.01,341.02,342.01,1732.0,8,0.0
2021-12-13 20:00:00,342.0,342.12,341.13,341.28,1602.0,8,0.0
2021-12-14 11:00:00,336.18,336.68,335.87,336.18,148.0,60,0.0
2021-12-14 12:00:00,336.24,337.19,336.02,336.51,174.0,60,0.0
2021-12-14 13:00:00,336.53,336.88,333.59,335.07,379.0,40,0.0
2021-12-14 14:00:00,335.04,335.08,329.59,329.95,4791.0,8,0.0
2021-12-14 15:00:00,329.96,330.22,326.25,326.72,5107.0,8,0.0
2021-12-14 16:00:00,326.7,326.85,324.75,325.81,4558.0,8,0.0
2021-12-14 17:00:00,325.83,325.94,324.03,324.82,2660.0,8,0.0
2021-12-14 18:00:00,324.84,326.07,324.73,325.17,2065.0,8,0.0
2021-12-14 19:00:00,325.19,327.41,325.14,326.96,2341.0,8,0.0
2021-12-14 20:00:00,326.94,329.57,326.93,327.87,2155.0,8,0.0
2021-12-15 11:00:00,328.02,328.17,327.03,328.07,138.0,20,0.0
2021-12-15 12:00:00,328.05,328.28,327.72,327.88,249.0,20,0.0
2021-12-15 13:00:00,327.97,329.11,327.53,327.66,313.0,20,0.0
2021-12-15 14:00:00,327.65,329.69,327.55,329.13,3069.0,8,0.0
2021-12-15 15:00:00,329.17,330.51,328.44,329.63,3797.0,8,0.0
2021-12-15 16:00:00,329.61,329.85,325.56,325.68,2561.0,8,0.0
2021-12-15 17:00:00,325.67,326.5,325.21,325.7,1918.0,8,0.0
2021-12-15 18:00:00,325.68,326.42,325.25,326.18,1732.0,8,0.0
2021-12-15 19:00:00,326.13,329.87,324.4,328.96,7308.0,8,0.0
2021-12-15 20:00:00,328.93,334.12,328.7,332.86,4895.0,8,0.0
2021-12-16 11:00:00,336.59,337.53,336.31,336.8,196.0,60,0.0
2021-12-16 12:00:00,336.85,337.01,335.96,336.12,279.0,40,0.0
2021-12-16 13:00:00,336.14,336.43,334.47,335.18,368.0,40,0.0
2021-12-16 14:00:00,335.02,336.6,332.02,332.08,3294.0,8,0.0
2021-12-16 15:00:00,332.09,332.72,330.49,331.52,5179.0,8,0.0
2021-12-16 16:00:00,331.51,331.66,327.63,327.75,3946.0,8,0.0
2021-12-16 17:00:00,327.73,328.17,325.81,325.88,3397.0,8,0.0
2021-12-16 18:00:00,325.89,327.8,325.85,326.96,2400.0,8,0.0
2021-12-16 19:00:00,326.97,327.33,322.98,324.52,3552.0,8,0.0
2021-12-16 20:00:00,324.54,326.73,323.69,326.04,3777.0,8,0.0
2021-12-17 11:00:00,321.66,323.4,321.55,322.89,185.0,60,0.0
2021-12-17 12:00:00,322.77,322.97,320.47,321.52,233.0,40,0.0
2021-12-17 13:00:00,321.51,322.15,320.69,322.08,339.0,40,0.0
2021-12-17 14:00:00,322.15,323.54,318.95,321.26,4578.0,8,0.0
2021-12-17 15:00:00,321.24,322.54,317.19,322.36,7205.0,8,0.0
2021-12-17 16:00:00,322.38,323.73,319.86,320.81,5022.0,8,0.0
2021-12-17 17:00:00,320.79,322.97,319.59,321.57,4305.0,8,0.0
2021-12-17 18:00:00,321.54,323.8,320.85,323.65,3446.0,8,0.0
2021-12-17 19:00:00,323.67,324.35,322.26,323.77,3346.0,8,0.0
2021-12-17 20:00:00,323.75,324.83,322.09,322.97,3232.0,8,0.0
2021-12-20 11:00:00,318.75,319.33,318.48,319.33,150.0,60,0.0
2021-12-20 12:00:00,319.18,319.56,319.04,319.21,179.0,40,0.0
2021-12-20 13:00:00,319.13,319.26,318.14,318.51,294.0,40,0.0
2021-12-20 14:00:00,318.55,322.68,318.44,321.29,4555.0,8,0.0
2021-12-20 15:00:00,321.27,321.37,318.56,319.27,5471.0,8,0.0
2021-12-20 16:00:00,319.24,319.6,317.51,319.12,4008.0,8,0.0
2021-12-20 17:00:00,319.14,320.2,318.35,318.62,3102.0,8,0.0
2021-12-20 18:00:00,318.6,319.39,317.9,318.69,2881.0,8,0.0
2021-12-20 19:00:00,318.67,320.03,318.5,319.22,2836.0,8,0.0
2021-12-20 20:00:00,319.24,320.34,318.57,319.16,2505.0,8,0.0
2021-12-21 11:00:00,321.98,323.22,321.96,323.22,106.0,60,0.0
2021-12-21 12:00:00,323.17,323.21,322.79,323.2,131.0,40,0.0
2021-12-21 13:00:00,323.22,323.3,322.63,323.14,263.0,40,0.0
2021-12-21 14:00:00,323.12,324.33,321.28,322.06,3467.0,8,0.0
2021-12-21 15:00:00,322.08,322.51,319.72,321.14,4470.0,8,0.0
2021-12-21 16:00:00,321.13,323.93,320.98,323.22,2793.0,8,0.0
2021-12-21 17:00:00,323.24,325.75,322.92,325.68,2390.0,8,0.0
2021-12-21 18:00:00,325.7,326.15,325.16,325.77,1874.0,8,0.0
2021-12-21 19:00:00,325.79,327.59,325.62,327.59,1719.0,8,0.0
2021-12-21 20:00:00,327.58,327.58,325.74,325.92,1513.0,8,0.0
2021-12-22 11:00:00,326.82,328.09,326.82,328.09,135.0,40,0.0
2021-12-22 12:00:00,328.02,328.1,326.61,326.61,186.0,40,0.0
2021-12-22 13:00:00,326.68,327.21,326.04,326.69,213.0,40,0.0
2021-12-22 14:00:00,326.73,329.12,325.68,328.12,3089.0,8,0.0
2021-12-22 15:00:00,328.14,331.01,327.07,330.83,3815.0,8,0.0
2021-12-22 16:00:00,330.84,331.38,330.24,331.19,2095.0,8,0.0
2021-12-22 17:00:00,331.21,331.48,330.37,331.1,1886.0,8,0.0
2021-12-22 18:00:00,331.12,331.12,329.94,330.61,1652.0,8,0.0
2021-12-22 19:00:00,330.62,331.43,330.16,331.35,1773.0,8,0.0
2021-12-22 20:00:00,331.36,331.9,331.21,331.84,1067.0,8,0.0
2021-12-23 11:00:00,333.57,333.95,333.41,333.84,90.0,40,0.0
2021-12-23 12:00:00,333.84,333.91,333.15,333.6,190.0,40,0.0
2021-12-23 13:00:00,333.6,333.86,332.57,333.1,242.0,40,0.0
2021-12-23 14:00:00,333.1,334.87,332.61,334.77,4204.0,8,0.0
2021-12-23 15:00:00,334.75,336.3,334.54,335.54,4804.0,8,0.0
2021-12-23 16:00:00,335.55,335.85,334.86,335.15,2841.0,8,0.0
2021-12-23 17:00:00,335.15,335.32,334.27,334.76,2014.0,8,0.0
2021-12-23 18:00:00,334.75,334.86,333.98,334.5,1718.0,8,0.0
2021-12-23 19:00:00,334.51,335.62,334.51,335.34,1869.0,8,0.0
2021-12-23 20:00:00,335.33,335.6,334.97,335.59,1644.0,8,0.0
2021-12-27 11:00:00,336.04,336.04,335.34,335.44,109.0,20,0.0
2021-12-27 12:00:00,335.48,336.31,335.27,336.17,188.0,20,0.0
2021-12-27 13:00:00,336.19,336.71,336.1,336.56,190.0,20,0.0
2021-12-27 14:00:00,336.56,339.21,335.31,339.09,2855.0,8,0.0
2021-12-27 15:00:00,339.12,340.6,339.08,340.25,4010.0,8,0.0
2021-12-27 16:00:00,340.26,340.59,339.54,339.82,2987.0,8,0.0
2021-12-27 17:00:00,339.81,340.88,339.78,340.53,2063.0,8,0.0
2021-12-27 18:00:00,340.53,341.14,340.32,341.13,1502.0,8,0.0
2021-12-27 19:00:00,341.13,341.25,340.8,340.84,1607.0,8,0.0
2021-12-27 20:00:00,340.83,342.0,340.58,341.99,1457.0,8,0.0
2021-12-28 11:00:00,343.57,343.68,342.91,343.16,167.0,40,0.0
2021-12-28 12:00:00,343.11,344.17,343.06,343.98,198.0,40,0.0
2021-12-28 13:00:00,343.96,344.15,342.99,342.99,248.0,40,0.0
2021-12-28 14:00:00,343.01,343.72,340.21,342.9,3187.0,8,0.0
2021-12-28 15:00:00,342.86,342.96,340.85,342.3,4986.0,8,0.0
2021-12-28 16:00:00,342.29,343.02,340.92,342.61,3314.0,8,0.0
2021-12-28 17:00:00,342.6,342.92,340.7,341.41,2592.0,8,0.0
2021-12-28 18:00:00,341.4,341.63,340.94,341.1,2382.0,8,0.0
2021-12-28 19:00:00,341.09,341.5,340.48,341.35,2281.0,8,0.0
2021-12-29 11:00:00,342.16,342.24,341.45,341.67,436.0,20,0.0
2021-12-29 12:00:00,341.66,341.95,341.36,341.61,194.0,20,0.0
2021-12-29 13:00:00,341.62,341.67,340.64,341.05,162.0,20,0.0
2021-12-29 14:00:00,341.05,344.15,341.05,343.79,2791.0,8,0.0
2021-12-29 15:00:00,343.8,343.87,340.81,341.83,5049.0,8,0.0
2021-12-29 16:00:00,341.82,342.31,340.5,340.67,2806.0,8,0.0
2021-12-29 17:00:00,340.69,340.72,339.61,340.63,1937.0,8,0.0
2021-12-29 18:00:00,340.63,341.2,340.45,341.09,1683.0,8,0.0
2021-12-29 19:00:00,341.08,341.84,340.71,341.7,1582.0,8,0.0
2021-12-30 11:00:00,341.84,342.23,341.73,342.22,108.0,20,0.0
2021-12-30 12:00:00,342.13,342.8,342.1,342.6,240.0,20,0.0
2021-12-30 13:00:00,342.6,342.65,342.15,342.57,153.0,20,0.0
2021-12-30 14:00:00,342.56,342.57,340.75,341.12,2646.0,8,0.0
2021-12-30 15:00:00,341.1,343.05,340.96,341.4,3476.0,8,0.0
2021-12-30 16:00:00,341.4,342.3,341.08,341.41,2281.0,8,0.0
2021-12-30 17:00:00,341.42,341.72,341.06,341.34,1562.0,8,0.0
2021-12-30 18:00:00,341.35,341.35,340.57,340.8,1427.0,8,0.0
2021-12-30 19:00:00,340.8,341.11,340.15,341.04,1675.0,8,0.0
2021-12-30 20:00:00,341.05,341.09,340.14,340.18,1611.0,8,0.0
2021-12-31 11:00:00,338.23,338.23,337.93,338.06,58.0,40,0.0
2021-12-31 12:00:00,338.07,338.66,337.99,338.51,78.0,40,0.0
2021-12-31 13:00:00,338.56,338.96,338.23,338.73,146.0,40,0.0
2021-12-31 14:00:00,338.75,339.21,337.03,337.28,3128.0,8,0.0
2021-12-31 15:00:00,337.27,338.02,336.0,336.81,4178.0,8,0.0
2021-12-31 16:00:00,336.81,336.92,335.77,336.27,2646.0,8,0.0
2021-12-31 17:00:00,336.27,337.05,335.98,336.97,2101.0,8,0.0
2021-12-31 18:00:00,336.97,337.91,336.86,337.18,1908.0,8,0.0
2021-12-31 19:00:00,337.18,337.88,336.67,337.06,2221.0,8,0.0
2022-01-03 11:00:00,337.16,337.93,337.16,337.6,233.0,20,0.0
2022-01-03 12:00:00,337.6,337.68,337.37,337.51,204.0,20,0.0
2022-01-03 13:00:00,337.52,337.74,336.02,336.51,332.0,20,0.0
2022-01-03 14:00:00,336.51,337.6,329.64,330.16,4328.0,8,0.0
2022-01-03 15:00:00,330.21,332.66,329.74,332.09,7694.0,8,0.0
2022-01-03 16:00:00,332.08,332.63,331.0,331.62,4716.0,8,0.0
2022-01-03 17:00:00,331.62,332.87,331.25,332.13,2933.0,8,0.0
2022-01-03 18:00:00,332.14,333.82,331.71,333.45,2290.0,8,0.0
2022-01-03 19:00:00,333.45,334.23,333.29,333.45,2293.0,8,0.0
2022-01-03 20:00:00,333.44,334.1,333.11,333.47,1890.0,8,0.0
2022-01-04 11:00:00,336.03,336.25,335.15,335.27,298.0,40,0.0
2022-01-04 12:00:00,335.33,335.41,334.22,334.86,349.0,40,0.0
2022-01-04 13:00:00,334.87,335.34,334.64,334.96,247.0,40,0.0
2022-01-04 14:00:00,335.0,335.09,332.32,333.9,3596.0,8,0.0
2022-01-04 15:00:00,333.82,334.27,329.24,329.91,6975.0,8,0.0
2022-01-04 16:00:00,329.93,329.99,327.47,327.91,6984.0,8,0.0
2022-01-04 17:00:00,327.89,328.16,326.49,327.24,4315.0,8,0.0
2022-01-04 18:00:00,327.25,328.3,326.43,326.5,4002.0,8,0.0
2022-01-04 19:00:00,326.49,327.9,326.03,327.58,3881.0,8,0.0
2022-01-04 20:00:00,327.59,329.66,327.58,329.5,3105.0,8,0.0
2022-01-05 11:00:00,328.08,328.56,327.83,328.31,180.0,40,0.0
2022-01-05 12:00:00,328.3,328.3,327.12,327.57,189.0,40,0.0
2022-01-05 13:00:00,327.58,327.65,326.73,327.6,254.0,40,0.0
2022-01-05 14:00:00,327.6,327.6,320.74,322.71,5069.0,8,0.0
2022-01-05 15:00:00,322.69,323.48,321.52,322.65,7107.0,8,0.0
2022-01-05 16:00:00,322.68,323.12,321.67,321.74,3654.0,8,0.0
2022-01-05 17:00:00,321.72,322.3,320.09,320.48,3697.0,8,0.0
2022-01-05 18:00:00,320.49,321.5,320.27,321.09,3325.0,8,0.0
2022-01-05 19:00:00,321.09,322.68,318.42,318.9,7829.0,8,0.0
2022-01-05 20:00:00,318.92,319.18,317.62,318.05,6088.0,8,0.0
2022-01-06 11:00:00,315.3,315.62,314.31,314.83,372.0,40,0.0
2022-01-06 12:00:00,314.94,316.0,314.39,314.6,656.0,40,0.0
2022-01-06 13:00:00,314.58,315.51,314.46,314.7,447.0,40,0.0
2022-01-06 14:00:00,314.77,317.31,311.32,314.43,5500.0,8,0.0
2022-01-06 15:00:00,314.4,318.6,312.53,317.91,11638.0,8,0.0
2022-01-06 16:00:00,317.94,318.38,314.57,316.1,8294.0,8,0.0
2022-01-06 17:00:00,316.08,317.75,314.81,315.9,6248.0,8,0.0
2022-01-06 18:00:00,315.9,316.43,314.48,315.32,4625.0,8,0.0
2022-01-06 19:00:00,315.3,316.12,314.29,314.84,5038.0,8,0.0
2022-01-06 20:00:00,314.83,316.13,313.32,313.5,4686.0,8,0.0
2022-01-07 11:00:00,314.97,315.86,314.73,314.77,270.0,40,0.0
2022-01-07 12:00:00,314.84,315.59,314.61,314.73,290.0,20,0.0
2022-01-07 13:00:00,314.72,315.75,311.84,312.82,1192.0,20,0.0
2022-01-07 14:00:00,312.86,316.39,312.19,315.59,9319.0,8,0.0
2022-01-07 15:00:00,315.61,316.05,310.01,310.84,9600.0,8,0.0
2022-01-07 16:00:00,310.82,314.35,310.75,313.48,7983.0,8,0.0
2022-01-07 17:00:00,313.5,313.76,312.32,313.69,5325.0,8,0.0
2022-01-07 18:00:00,313.71,314.42,313.36,313.71,4596.0,8,0.0
2022-01-07 19:00:00,313.72,315.18,313.25,314.87,4991.0,8,0.0
2022-01-07 20:00:00,314.88,315.6,314.4,314.46,4292.0,8,0.0
2022-01-10 11:00:00,313.17,313.2,311.99,312.82,244.0,40,0.0
2022-01-10 12:00:00,312.83,313.26,308.87,309.01,532.0,20,0.0
2022-01-10 13:00:00,309.01,310.08,308.62,309.82,753.0,20,0.0
2022-01-10 14:00:00,309.82,310.54,306.51,306.95,8916.0,8,0.0
2022-01-10 15:00:00,306.91,306.98,304.61,306.37,10772.0,8,0.0
2022-01-10 16:00:00,306.35,308.85,306.19,307.8,8310.0,8,0.0
2022-01-10 17:00:00,307.79,308.4,305.54,307.17,6069.0,8,0.0
2022-01-10 18:00:00,307.16,310.66,307.12,310.15,7320.0,8,0.0
2022-01-10 19:00:00,310.16,312.79,309.97,311.85,7203.0,8,0.0
2022-01-10 20:00:00,311.86,313.29,310.36,312.77,6350.0,8,0.0
2022-01-11 11:00:00,316.12,316.31,315.8,315.92,231.0,60,0.0
2022-01-11 12:00:00,315.92,316.43,314.9,314.9,252.0,40,0.0
2022-01-11 13:00:00,314.85,315.6,313.83,313.95,375.0,40,0.0
2022-01-11 14:00:00,313.94,314.14,309.81,312.1,9354.0,8,0.0
2022-01-11 15:00:00,312.12,313.77,310.38,311.55,12116.0,8,0.0
2022-01-11 16:00:00,311.57,316.53,311.45,316.3,8114.0,8,0.0
2022-01-11 17:00:00,316.31,316.43,314.23,314.7,5368.0,8,0.0
2022-01-11 18:00:00,314.71,315.51,313.86,314.83,4272.0,8,0.0
2022-01-11 19:00:00,314.81,315.72,314.0,315.13,4272.0,8,0.0
2022-01-11 20:00:00,315.15,316.1,314.6,314.91,3437.0,8,0.0
2022-01-12 11:00:00,316.42,316.5,316.01,316.03,170.0,40,0.0
2022-01-12 12:00:00,316.03,316.28,315.35,315.86,272.0,40,0.0
2022-01-12 13:00:00,315.86,318.99,315.48,318.92,998.0,20,0.0
2022-01-12 14:00:00,318.92,321.88,317.91,321.8,7648.0,8,0.0
2022-01-12 15:00:00,321.82,323.33,318.47,318.79,10739.0,8,0.0
2022-01-12 16:00:00,318.77,320.09,317.74,319.44,8796.0,8,0.0
2022-01-12 17:00:00,319.46,320.14,318.18,319.74,4949.0,8,0.0
2022-01-12 18:00:00,319.76,319.9,318.35,318.5,5206.0,8,0.0
2022-01-12 19:00:00,318.52,319.06,317.94,318.04,4759.0,8,0.0
2022-01-12 20:00:00,318.04,318.25,317.0,318.2,4608.0,8,0.0
2022-01-13 11:00:00,318.77,318.96,317.77,317.77,301.0,20,0.0
2022-01-13 12:00:00,317.76,318.94,317.36,318.72,291.0,20,0.0
2022-01-13 13:00:00,318.72,320.59,318.18,320.09,589.0,20,0.0
2022-01-13 14:00:00,320.15,321.12,318.11,318.75,5738.0,8,0.0
2022-01-13 15:00:00,318.7,318.88,314.21,314.24,8517.0,8,0.0
2022-01-13 16:00:00,314.23,314.69,312.04,313.54,8529.0,8,0.0
2022-01-13 17:00:00,313.54,313.54,308.8,309.51,9201.0,8,0.0
2022-01-13 18:00:00,309.49,310.74,308.51,310.23,7116.0,8,0.0
2022-01-13 19:00:00,310.24,310.95,307.42,307.79,6084.0,8,0.0
2022-01-13 20:00:00,307.81,307.83,305.45,306.19,6231.0,8,0.0
2022-01-14 11:00:00,305.4,305.62,304.15,304.8,357.0,20,0.0
2022-01-14 12:00:00,304.84,305.07,301.67,301.83,744.0,20,0.0
2022-01-14 13:00:00,301.7,302.66,301.45,302.43,1036.0,20,0.0
2022-01-14 14:00:00,302.33,309.63,302.03,308.81,10309.0,8,0.0
2022-01-14 15:00:00,308.83,309.06,306.6,307.92,13260.0,8,0.0
2022-01-14 16:00:00,307.92,308.76,306.1,308.22,9583.0,8,0.0
2022-01-14 17:00:00,308.23,309.13,307.53,307.67,6303.0,8,0.0
2022-01-14 18:00:00,307.66,308.6,306.68,308.37,5991.0,8,0.0
2022-01-14 19:00:00,308.35,309.09,307.57,307.61,6887.0,8,0.0
2022-01-14 20:00:00,307.62,310.18,307.57,310.16,5367.0,8,0.0
2022-01-18 11:00:00,304.18,304.18,303.35,303.85,301.0,60,0.0
2022-01-18 12:00:00,303.9,305.08,303.9,305.02,429.0,40,0.0
2022-01-18 13:00:00,304.96,307.11,300.12,305.79,2476.0,40,0.0
2022-01-18 14:00:00,305.79,307.96,302.27,307.01,9688.0,8,0.0
2022-01-18 15:00:00,306.97,309.68,306.0,306.61,12224.0,8,0.0
2022-01-18 16:00:00,306.63,306.7,304.5,306.33,6283.0,8,0.0
2022-01-18 17:00:00,306.31,306.56,304.39,304.58,5143.0,8,0.0
2022-01-18 18:00:00,304.6,304.84,303.22,304.11,5400.0,8,0.0
2022-01-18 19:00:00,304.11,304.86,303.58,304.19,5137.0,8,0.0
2022-01-18 20:00:00,304.21,304.4,301.91,301.92,4816.0,8,0.0
2022-01-19 11:00:00,304.32,304.61,303.98,304.35,264.0,40,0.0
2022-01-19 12:00:00,304.33,304.81,304.11,304.81,275.0,40,0.0
2022-01-19 13:00:00,304.81,306.78,304.72,306.67,683.0,20,0.0
2022-01-19 14:00:00,306.69,313.79,305.21,313.27,9697.0,8,0.0
2022-01-19 15:00:00,313.29,313.81,307.24,307.84,12425.0,8,0.0
2022-01-19 16:00:00,307.83,309.24,306.21,308.55,11465.0,8,0.0
2022-01-19 17:00:00,308.54,311.25,308.54,311.16,8208.0,8,0.0
2022-01-19 18:00:00,311.14,311.24,308.97,309.48,7936.0,8,0.0
2022-01-19 19:00:00,309.46,309.8,307.49,308.23,8249.0,8,0.0
2022-01-19 20:00:00,308.21,308.78,305.61,306.18,6565.0,8,0.0
2022-01-20 11:00:00,306.96,307.74,306.96,307.39,312.0,20,0.0
2022-01-20 12:00:00,307.31,307.8,306.55,307.66,527.0,20,0.0
2022-01-20 13:00:00,307.66,309.73,307.18,309.06,639.0,20,0.0
2022-01-20 14:00:00,309.06,311.39,307.34,310.97,7406.0,8,0.0
2022-01-20 15:00:00,310.98,311.53,309.02,309.86,7471.0,8,0.0
2022-01-20 16:00:00,309.84,311.26,309.78,310.61,6383.0,8,0.0
2022-01-20 17:00:00,310.61,311.1,309.28,309.54,5742.0,8,0.0
2022-01-20 18:00:00,309.52,309.59,307.59,307.65,7317.0,8,0.0
2022-01-20 19:00:00,307.67,308.95,305.8,305.95,9776.0,8,0.0
2022-01-20 20:00:00,305.97,306.64,303.61,304.06,8713.0,8,0.0
2022-01-21 11:00:00,303.1,303.17,301.71,302.68,361.0,20,0.0
2022-01-21 12:00:00,302.65,302.86,300.69,300.86,535.0,20,0.0
2022-01-21 13:00:00,300.85,302.09,300.71,301.62,585.0,20,0.0
2022-01-21 14:00:00,301.62,303.07,297.68,299.0,12311.0,8,0.0
2022-01-21 15:00:00,298.99,302.49,297.53,301.09,20774.0,8,0.0
2022-01-21 16:00:00,301.1,304.0,300.96,302.33,18361.0,8,0.0
2022-01-21 17:00:00,302.32,303.23,300.48,301.24,15225.0,8,0.0
2022-01-21 18:00:00,301.22,301.88,299.11,300.34,12559.0,8,0.0
2022-01-21 19:00:00,300.33,301.37,298.63,298.74,12102.0,8,0.0
2022-01-21 20:00:00,298.75,299.59,296.95,298.25,14322.0,8,0.0
2022-01-24 11:00:00,294.73,296.99,294.57,296.62,767.0,40,0.0
2022-01-24 12:00:00,296.61,297.17,295.06,295.24,857.0,20,0.0
2022-01-24 13:00:00,295.22,295.37,292.74,292.75,1600.0,20,0.0
2022-01-24 14:00:00,292.74,293.77,289.01,290.41,20210.0,8,0.0
2022-01-24 15:00:00,290.37,292.15,284.48,286.18,27559.0,8,0.0
2022-01-24 16:00:00,286.16,286.38,279.92,281.92,19908.0,8,0.0
2022-01-24 17:00:00,281.9,285.87,275.98,284.67,23034.0,8,0.0
2022-01-24 18:00:00,284.65,290.32,283.9,289.78,20807.0,8,0.0
2022-01-24 19:00:00,289.76,291.69,285.42,289.51,21301.0,8,0.0
2022-01-24 20:00:00,289.49,295.94,288.66,293.71,16646.0,8,0.0
2022-01-25 11:00:00,293.45,294.32,291.98,293.15,493.0,20,0.0
2022-01-25 12:00:00,293.21,293.72,291.56,292.42,653.0,40,0.0
2022-01-25 13:00:00,292.44,292.58,290.2,292.24,963.0,20,0.0
2022-01-25 14:00:00,292.35,293.66,286.81,287.91,18852.0,8,0.0
2022-01-25 15:00:00,287.95,290.56,286.97,287.94,24579.0,8,0.0
2022-01-25 16:00:00,287.94,288.41,285.07,285.67,17745.0,8,0.0
2022-01-25 17:00:00,285.66,288.61,285.33,288.24,14089.0,8,0.0
2022-01-25 18:00:00,288.25,292.23,287.24,292.14,12335.0,8,0.0
2022-01-25 19:00:00,292.16,294.89,291.14,294.68,10418.0,8,0.0
2022-01-25 20:00:00,294.7,294.76,289.64,290.89,11611.0,8,0.0
2022-01-26 11:00:00,299.44,300.2,298.5,299.09,549.0,60,0.0
2022-01-26 12:00:00,299.18,300.74,297.9,300.3,1139.0,20,0.0
2022-01-26 13:00:00,300.1,304.69,299.96,304.57,2720.0,20,0.0
2022-01-26 14:00:00,304.59,308.24,300.24,301.2,13526.0,8,0.0
2022-01-26 15:00:00,301.18,303.07,298.45,300.38,18461.0,8,0.0
2022-01-26 16:00:00,300.4,302.18,298.93,300.03,13462.0,8,0.0
2022-01-26 17:00:00,300.05,304.14,300.05,303.12,7553.0,8,0.0
2022-01-26 18:00:00,303.11,303.22,301.09,301.71,8111.0,8,0.0
2022-01-26 19:00:00,301.7,306.52,296.11,298.61,40312.0,8,0.0
2022-01-26 20:00:00,298.56,298.56,292.98,295.67,27410.0,8,0.0
2022-01-27 11:00:00,296.53,299.04,296.09,298.63,740.0,20,0.0
2022-01-27 12:00:00,298.63,299.97,296.84,299.26,898.0,40,0.0
2022-01-27 13:00:00,299.34,301.1,298.82,301.07,876.0,20,0.0
2022-01-27 14:00:00,301.06,307.07,300.98,306.24,12930.0,8,0.0
2022-01-27 15:00:00,306.22,306.68,302.27,304.81,21153.0,8,0.0
2022-01-27 16:00:00,304.79,306.46,303.56,305.27,14815.0,8,0.0
2022-01-27 17:00:00,305.26,305.33,300.14,302.09,14163.0,8,0.0
2022-01-27 18:00:00,302.08,302.68,298.43,299.99,17366.0,8,0.0
2022-01-27 19:00:00,299.97,301.78,298.17,298.93,16577.0,8,0.0
2022-01-27 20:00:00,298.9,301.13,297.86,300.79,12777.0,8,0.0
2022-01-28 11:00:00,300.04,300.41,298.44,299.47,530.0,20,0.0
2022-01-28 12:00:00,299.51,299.98,295.52,296.48,1049.0,20,0.0
2022-01-28 13:00:00,296.45,301.35,296.11,300.48,1511.0,20,0.0
2022-01-28 14:00:00,300.59,300.85,294.47,295.03,13456.0,8,0.0
2022-01-28 15:00:00,295.1,302.15,294.4,302.05,18919.0,8,0.0
2022-01-28 16:00:00,302.07,305.3,300.88,305.02,15315.0,8,0.0
2022-01-28 17:00:00,305.03,305.17,302.16,302.38,13327.0,8,0.0
2022-01-28 18:00:00,302.39,304.48,302.29,303.53,12909.0,8,0.0
2022-01-28 19:00:00,303.51,304.28,299.87,303.01,12178.0,8,0.0
2022-01-28 20:00:00,303.0,305.45,302.7,305.28,9171.0,8,0.0
2022-01-31 11:00:00,309.24,309.56,308.22,309.0,453.0,40,0.0
2022-01-31 12:00:00,309.0,309.33,306.69,307.93,713.0,40,0.0
2022-01-31 13:00:00,307.93,308.49,307.1,308.36,839.0,20,0.0
2022-01-31 14:00:00,308.39,310.73,306.3,310.7,10905.0,8,0.0
2022-01-31 15:00:00,310.71,312.26,308.0,308.62,11748.0,8,0.0
2022-01-31 16:00:00,308.59,310.3,306.99,309.65,9023.0,8,0.0
2022-01-31 17:00:00,309.66,309.75,307.5,308.16,6920.0,8,0.0
2022-01-31 18:00:00,308.18,308.52,307.23,307.71,5942.0,8,0.0
2022-01-31 19:00:00,307.69,309.04,307.51,308.81,4960.0,8,0.0
2022-01-31 20:00:00,308.81,309.74,306.91,308.99,6224.0,8,0.0
2022-02-01 11:00:00,310.34,310.73,309.63,309.73,462.0,20,0.0
2022-02-01 12:00:00,309.73,310.81,309.19,310.54,470.0,20,0.0
2022-02-01 13:00:00,310.54,311.5,310.12,310.62,548.0,20,0.0
2022-02-01 14:00:00,310.68,310.95,305.94,307.0,11168.0,8,0.0
2022-02-01 15:00:00,307.02,307.7,305.22,306.97,15911.0,8,0.0
2022-02-01 16:00:00,306.94,308.58,306.51,308.26,10397.0,8,0.0
2022-02-01 17:00:00,308.24,308.45,305.78,306.59,8176.0,8,0.0
2022-02-01 18:00:00,306.57,306.7,305.59,306.03,5518.0,8,0.0
2022-02-01 19:00:00,306.05,306.38,305.03,305.99,6741.0,8,0.0
2022-02-01 20:00:00,305.98,308.14,305.8,307.58,5257.0,8,0.0
2022-02-02 11:00:00,309.89,310.23,309.19,310.19,253.0,40,0.0
2022-02-02 12:00:00,310.19,310.78,309.6,310.73,409.0,20,0.0
2022-02-02 13:00:00,310.73,310.74,309.46,309.51,528.0,20,0.0
2022-02-02 14:00:00,309.51,313.73,308.78,313.6,9602.0,8,0.0
2022-02-02 15:00:00,313.62,315.03,311.6,312.28,12987.0,8,0.0
2022-02-02 16:00:00,312.29,312.56,309.47,311.04,10307.0,8,0.0
2022-02-02 17:00:00,311.02,312.63,310.44,312.57,6703.0,8,0.0
2022-02-02 18:00:00,312.55,312.61,310.78,311.61,6376.0,8,0.0
2022-02-02 19:00:00,311.61,313.17,311.21,312.59,7305.0,8,0.0
2022-02-02 20:00:00,312.57,313.67,312.18,313.29,7105.0,8,0.0
2022-02-03 11:00:00,309.46,310.2,308.89,310.14,317.0,40,0.0
2022-02-03 12:00:00,310.1,310.66,309.43,310.35,434.0,40,0.0
2022-02-03 13:00:00,310.32,310.76,308.9,309.17,869.0,20,0.0
2022-02-03 14:00:00,309.31,310.67,307.48,308.83,11759.0,8,0.0
2022-02-03 15:00:00,308.83,311.14,308.35,309.18,13636.0,8,0.0
2022-02-03 16:00:00,309.19,309.42,307.44,307.63,8936.0,8,0.0
2022-02-03 17:00:00,307.65,307.9,305.99,306.44,7782.0,8,0.0
2022-02-03 18:00:00,306.42,306.67,305.12,305.38,6313.0,8,0.0
2022-02-03 19:00:00,305.36,305.77,302.65,303.59,6840.0,8,0.0
2022-02-03 20:00:00,303.61,304.66,302.45,302.71,6570.0,8,0.0
2022-02-04 11:00:00,302.15,302.26,299.99,300.31,625.0,20,0.0
2022-02-04 12:00:00,300.29,302.32,299.87,302.19,682.0,20,0.0
2022-02-04 13:00:00,302.25,303.16,298.73,298.73,1559.0,20,0.0
2022-02-04 14:00:00,298.67,304.54,297.11,304.23,10326.0,8,0.0
2022-02-04 15:00:00,304.21,306.33,302.47,303.34,16016.0,8,0.0
2022-02-04 16:00:00,303.33,305.97,302.74,305.08,10906.0,8,0.0
2022-02-04 17:00:00,305.09,306.91,304.53,306.31,10156.0,8,0.0
2022-02-04 18:00:00,306.32,308.04,306.32,307.52,7338.0,8,0.0
2022-02-04 19:00:00,307.54,307.82,306.21,307.4,7863.0,8,0.0
2022-02-04 20:00:00,307.42,308.7,307.04,307.18,6087.0,8,0.0
2022-02-07 11:00:00,305.17,305.52,304.81,305.4,177.0,40,0.0
2022-02-07 12:00:00,305.27,306.7,305.27,306.61,330.0,40,0.0
2022-02-07 13:00:00,306.6,307.27,305.82,306.96,622.0,20,0.0
2022-02-07 14:00:00,306.96,307.69,304.92,305.26,8808.0,8,0.0
2022-02-07 15:00:00,305.28,306.65,304.61,305.19,10604.0,8,0.0
2022-02-07 16:00:00,305.18,305.41,302.22,303.03,9007.0,8,0.0
2022-02-07 17:00:00,303.01,303.32,301.71,301.95,7019.0,8,0.0
2022-02-07 18:00:00,301.95,303.67,301.84,303.39,5655.0,8,0.0
2022-02-07 19:00:00,303.39,304.29,302.74,303.68,5290.0,8,0.0
2022-02-07 20:00:00,303.68,304.78,301.66,301.7,6593.0,8,0.0
2022-02-08 11:00:00,301.77,301.91,300.61,300.93,597.0,20,0.0
2022-02-08 12:00:00,301.01,301.3,299.78,301.06,575.0,20,0.0
2022-02-08 13:00:00,301.07,302.12,300.17,301.35,608.0,20,0.0
2022-02-08 14:00:00,301.21,302.97,300.02,300.26,8287.0,8,0.0
2022-02-08 15:00:00,300.24,302.97,299.85,302.21,12131.0,8,0.0
2022-02-08 16:00:00,302.23,304.99,302.17,304.27,7385.0,8,0.0
2022-02-08 17:00:00,304.27,305.4,303.5,304.5,4820.0,8,0.0
2022-02-08 18:00:00,304.5,304.61,303.25,304.58,5129.0,8,0.0
2022-02-08 19:00:00,304.6,304.95,303.02,303.35,6125.0,8,0.0
2022-02-08 20:00:00,303.33,304.94,302.68,303.95,6445.0,8,0.0
2022-02-09 11:00:00,307.01,307.95,307.01,307.7,147.0,60,0.0
2022-02-09 12:00:00,307.71,308.67,307.44,308.49,377.0,40,0.0
2022-02-09 13:00:00,308.49,309.15,308.13,308.13,339.0,20,0.0
2022-02-09 14:00:00,308.2,311.82,308.16,309.21,7531.0,8,0.0
2022-02-09 15:00:00,309.19,309.79,307.31,308.55,9163.0,8,0.0
2022-02-09 16:00:00,308.56,308.99,307.42,307.81,6135.0,8,0.0
2022-02-09 17:00:00,307.8,308.89,307.6,308.84,4324.0,8,0.0
2022-02-09 18:00:00,308.85,308.94,308.12,308.52,3234.0,8,0.0
2022-02-09 19:00:00,308.52,310.1,308.51,309.39,2886.0,8,0.0
2022-02-09 20:00:00,309.39,310.71,308.45,309.89,4079.0,8,0.0
2022-02-10 11:00:00,310.02,310.05,309.13,309.39,146.0,8,0.0
2022-02-10 12:00:00,309.4,310.45,309.4,310.3,199.0,20,0.0
2022-02-10 13:00:00,310.36,310.99,306.58,306.68,1191.0,20,0.0
2022-02-10 14:00:00,306.58,307.65,303.18,307.27,10838.0,8,0.0
2022-02-10 15:00:00,307.29,309.04,305.75,306.16,13686.0,8,0.0
2022-02-10 16:00:00,306.14,306.56,303.98,305.78,10157.0,8,0.0
2022-02-10 17:00:00,305.8,306.98,302.98,304.22,9791.0,8,0.0
2022-02-10 18:00:00,304.2,304.71,301.43,303.07,10708.0,8,0.0
2022-02-10 19:00:00,303.06,303.45,301.51,302.14,10098.0,8,0.0
2022-02-10 20:00:00,302.15,303.19,300.65,301.12,9110.0,8,0.0
2022-02-11 11:00:00,300.25,300.27,299.39,300.27,248.0,20,0.0
2022-02-11 12:00:00,300.27,302.71,300.27,301.82,537.0,20,0.0
2022-02-11 13:00:00,301.79,303.54,301.55,303.09,512.0,20,0.0
2022-02-11 14:00:00,303.19,304.2,300.91,301.4,7656.0,8,0.0
2022-02-11 15:00:00,301.39,302.85,298.96,300.09,14215.0,8,0.0
2022-02-11 16:00:00,300.1,301.25,299.16,300.33,10618.0,8,0.0
2022-02-11 17:00:00,300.3,301.19,299.18,299.38,6854.0,8,0.0
2022-02-11 18:00:00,299.36,300.29,295.07,295.97,12977.0,8,0.0
2022-02-11 19:00:00,295.95,298.21,295.0,296.1,17630.0,8,0.0
2022-02-11 20:00:00,296.12,297.54,294.19,295.38,11830.0,8,0.0
2022-02-14 11:00:00,291.13,291.86,290.67,291.63,454.0,40,0.0
2022-02-14 12:00:00,291.55,294.47,290.11,294.04,1070.0,20,0.0
2022-02-14 13:00:00,294.04,294.67,292.35,292.8,884.0,20,0.0
2022-02-14 14:00:00,292.88,295.66,292.29,294.41,9463.0,8,0.0
2022-02-14 15:00:00,294.39,294.88,291.86,293.7,14284.0,8,0.0
2022-02-14 16:00:00,293.72,296.51,293.53,295.47,10431.0,8,0.0
2022-02-14 17:00:00,295.47,296.28,294.98,295.58,6774.0,8,0.0
2022-02-14 18:00:00,295.59,296.4,291.89,292.15,9848.0,8,0.0
2022-02-14 19:00:00,292.14,294.82,291.11,294.0,16930.0,8,0.0
2022-02-14 20:00:00,294.01,295.3,292.96,294.94,12027.0,8,0.0
2022-02-15 11:00:00,300.1,301.11,299.83,300.58,326.0,60,0.0
2022-02-15 12:00:00,300.6,301.25,300.2,300.88,291.0,40,0.0
2022-02-15 13:00:00,300.89,301.12,299.3,299.4,471.0,20,0.0
2022-02-15 14:00:00,299.42,300.37,298.48,298.94,6442.0,8,0.0
2022-02-15 15:00:00,298.95,300.28,297.82,299.45,8661.0,8,0.0
2022-02-15 16:00:00,299.46,299.89,298.73,299.0,5086.0,8,0.0
2022-02-15 17:00:00,299.01,299.27,296.61,297.54,5902.0,8,0.0
2022-02-15 18:00:00,297.55,298.55,297.39,298.46,3493.0,8,0.0
2022-02-15 19:00:00,298.47,299.16,297.73,299.0,4514.0,8,0.0
2022-02-15 20:00:00,299.0,299.68,298.16,299.19,4918.0,8,0.0
2022-02-16 11:00:00,300.06,300.25,299.85,300.14,174.0,20,0.0
2022-02-16 12:00:00,300.14,300.36,298.92,299.06,401.0,20,0.0
2022-02-16 13:00:00,299.12,300.36,298.45,298.5,485.0,20,0.0
2022-02-16 14:00:00,298.37,298.85,293.69,294.01,6678.0,8,0.0
2022-02-16 15:00:00,293.99,295.08,293.64,294.72,7872.0,8,0.0
2022-02-16 16:00:00,294.73,296.69,294.56,296.66,5290.0,8,0.0
2022-02-16 17:00:00,296.67,297.25,295.48,296.26,4412.0,8,0.0
2022-02-16 18:00:00,296.24,296.99,295.79,296.66,3376.0,8,0.0
2022-02-16 19:00:00,296.66,299.79,295.74,299.57,12331.0,8,0.0
2022-02-16 20:00:00,299.56,300.82,299.52,300.02,5469.0,8,0.0
2022-02-17 11:00:00,297.38,297.45,296.96,297.32,171.0,40,0.0
2022-02-17 12:00:00,297.35,298.26,297.27,298.08,218.0,40,0.0
2022-02-17 13:00:00,298.11,298.44,295.5,295.92,650.0,40,0.0
2022-02-17 14:00:00,295.93,296.87,294.39,294.9,6844.0,8,0.0
2022-02-17 15:00:00,294.92,295.18,293.51,294.4,8358.0,8,0.0
2022-02-17 16:00:00,294.39,295.33,294.19,294.55,5237.0,8,0.0
2022-02-17 17:00:00,294.57,294.79,293.17,293.95,4275.0,8,0.0
2022-02-17 18:00:00,293.94,294.09,293.08,293.54,3769.0,8,0.0
2022-02-17 19:00:00,293.53,293.76,292.28,292.36,3693.0,8,0.0
2022-02-17 20:00:00,292.35,292.57,291.37,292.04,4264.0,8,0.0
2022-02-18 11:00:00,292.83,293.03,292.39,292.68,256.0,20,0.0
2022-02-18 12:00:00,292.68,292.91,292.26,292.87,228.0,20,0.0
2022-02-18 13:00:00,292.88,293.16,290.77,291.77,672.0,20,0.0
2022-02-18 14:00:00,291.76,293.77,289.9,291.26,8218.0,8,0.0
2022-02-18 15:00:00,291.27,291.46,288.24,289.46,9328.0,8,0.0
2022-02-18 16:00:00,289.45,290.63,288.4,289.3,8476.0,8,0.0
2022-02-18 17:00:00,289.28,290.29,287.38,287.44,8293.0,8,0.0
2022-02-18 18:00:00,287.47,287.95,286.26,287.6,5920.0,8,0.0
2022-02-18 19:00:00,287.58,290.22,287.58,289.86,7189.0,8,0.0
2022-02-18 20:00:00,289.84,290.5,286.88,288.47,9071.0,8,0.0
2022-02-22 11:00:00,285.06,285.15,284.07,284.84,252.0,60,0.0
2022-02-22 12:00:00,284.93,285.93,283.87,285.49,464.0,40,0.0
2022-02-22 13:00:00,285.58,286.07,284.52,285.75,500.0,40,0.0
2022-02-22 14:00:00,285.75,291.49,283.93,289.31,8061.0,8,0.0
2022-02-22 15:00:00,289.33,290.49,288.06,288.21,12825.0,8,0.0
2022-02-22 16:00:00,288.23,288.46,286.16,286.82,11470.0,8,0.0
2022-02-22 17:00:00,286.81,287.45,286.4,286.64,7282.0,8,0.0
2022-02-22 18:00:00,286.66,286.98,285.49,285.78,7115.0,8,0.0
2022-02-22 19:00:00,285.77,289.15,285.06,288.26,16389.0,8,0.0
2022-02-22 20:00:00,288.28,290.19,287.78,288.24,12389.0,8,0.0
2022-02-23 11:00:00,290.37,290.6,289.38,289.43,225.0,40,0.0
2022-02-23 12:00:00,289.56,290.96,289.44,290.76,374.0,40,0.0
2022-02-23 13:00:00,290.76,291.29,290.13,290.61,252.0,20,0.0
2022-02-23 14:00:00,290.6,291.64,288.7,289.19,9894.0,8,0.0
2022-02-23 15:00:00,289.17,289.91,286.71,287.12,11370.0,8,0.0
2022-02-23 16:00:00,287.1,288.42,285.99,287.51,8525.0,8,0.0
2022-02-23 17:00:00,287.52,288.3,285.94,286.24,6627.0,8,0.0
2022-02-23 18:00:00,286.25,286.25,284.25,284.86,6663.0,8,0.0
2022-02-23 19:00:00,284.84,285.33,281.75,281.95,9905.0,8,0.0
2022-02-23 20:00:00,281.94,282.45,281.01,281.02,7900.0,8,0.0
2022-02-24 11:00:00,271.46,272.14,269.76,272.01,754.0,40,0.0
2022-02-24 12:00:00,271.97,272.09,270.15,271.22,1080.0,20,0.0
2022-02-24 13:00:00,271.23,272.55,269.92,271.07,1587.0,20,0.0
2022-02-24 14:00:00,270.99,278.87,270.86,277.89,15286.0,8,0.0
2022-02-24 15:00:00,277.87,283.6,276.73,282.7,19244.0,8,0.0
2022-02-24 16:00:00,282.72,286.41,282.36,284.88,14210.0,8,0.0
2022-02-24 17:00:00,284.87,285.1,281.48,283.16,11066.0,8,0.0
2022-02-24 18:00:00,283.16,288.47,282.68,286.06,13194.0,8,0.0
2022-02-24 19:00:00,286.05,290.11,285.15,289.69,15088.0,8,0.0
2022-02-24 20:00:00,289.71,293.45,289.02,293.24,8985.0,8,0.0
2022-02-25 11:00:00,292.94,293.34,291.28,292.54,984.0,20,0.0
2022-02-25 12:00:00,292.54,295.94,291.67,295.24,800.0,40,0.0
2022-02-25 13:00:00,295.06,297.55,294.8,295.48,590.0,40,0.0
2022-02-25 14:00:00,295.42,296.12,291.6,292.43,11879.0,8,0.0
2022-02-25 15:00:00,292.41,296.03,291.76,295.05,13643.0,8,0.0
2022-02-25 16:00:00,295.04,297.12,294.16,297.07,8209.0,8,0.0
2022-02-25 17:00:00,297.06,297.35,295.03,295.25,6474.0,8,0.0
2022-02-25 18:00:00,295.26,296.4,294.52,295.81,7865.0,8,0.0
2022-02-25 19:00:00,295.82,296.64,294.89,295.96,9835.0,8,0.0
2022-02-25 20:00:00,295.97,297.34,295.16,296.93,7526.0,8,0.0
2022-02-28 11:00:00,292.43,293.14,292.24,292.85,640.0,40,0.0
2022-02-28 12:00:00,292.77,294.52,292.62,292.85,827.0,20,0.0
2022-02-28 13:00:00,293.01,293.77,291.73,292.41,707.0,40,0.0
2022-02-28 14:00:00,292.41,296.87,292.22,296.44,9315.0,8,0.0
2022-02-28 15:00:00,296.36,297.63,293.8,296.78,10521.0,8,0.0
2022-02-28 16:00:00,296.8,298.48,296.27,297.83,8603.0,8,0.0
2022-02-28 17:00:00,297.82,298.07,294.36,294.94,8334.0,8,0.0
2022-02-28 18:00:00,294.92,296.69,294.77,295.77,7230.0,8,0.0
2022-02-28 19:00:00,295.75,295.76,292.97,294.49,10762.0,8,0.0
2022-02-28 20:00:00,294.48,295.61,293.16,295.09,8733.0,8,0.0
2022-03-01 11:00:00,296.92,297.01,296.05,296.42,202.0,40,0.0
2022-03-01 12:00:00,296.52,296.83,293.04,296.11,747.0,40,0.0
2022-03-01 13:00:00,296.09,298.27,295.55,297.92,512.0,40,0.0
2022-03-01 14:00:00,297.84,298.83,295.48,298.43,7140.0,8,0.0
2022-03-01 15:00:00,298.46,299.92,297.21,297.47,12708.0,8,0.0
2022-03-01 16:00:00,297.48,298.56,294.75,295.14,10610.0,8,0.0
2022-03-01 17:00:00,295.15,297.16,294.54,296.47,9235.0,8,0.0
2022-03-01 18:00:00,296.46,297.13,294.22,294.76,9158.0,8,0.0
2022-03-01 19:00:00,294.76,295.87,294.08,294.18,8790.0,8,0.0
2022-03-01 20:00:00,294.2,296.31,292.94,293.07,9979.0,8,0.0
2022-03-02 11:00:00,296.04,297.39,295.89,296.87,368.0,40,0.0
2022-03-02 12:00:00,296.88,297.29,295.95,297.26,503.0,20,0.0
2022-03-02 13:00:00,297.29,297.32,294.96,295.51,578.0,20,0.0
2022-03-02 14:00:00,295.51,298.33,294.48,296.29,8327.0,8,0.0
2022-03-02 15:00:00,296.31,297.89,293.66,296.27,15204.0,8,0.0
2022-03-02 16:00:00,296.25,299.52,295.3,298.23,10882.0,8,0.0
2022-03-02 17:00:00,298.25,299.58,298.0,299.01,6774.0,8,0.0
2022-03-02 18:00:00,299.03,300.63,298.9,299.63,5866.0,8,0.0
2022-03-02 19:00:00,299.64,301.02,299.41,300.58,5569.0,8,0.0
2022-03-02 20:00:00,300.57,301.35,299.71,300.05,5189.0,8,0.0
2022-03-03 11:00:00,298.26,299.29,297.63,298.17,432.0,40,0.0
2022-03-03 12:00:00,298.17,299.23,298.06,298.8,370.0,20,0.0
2022-03-03 13:00:00,298.86,302.15,298.86,301.82,426.0,20,0.0
2022-03-03 14:00:00,301.84,303.6,300.48,300.86,7387.0,8,0.0
2022-03-03 15:00:00,300.91,301.29,296.38,296.41,9253.0,8,0.0
2022-03-03 16:00:00,296.42,297.63,295.99,297.2,8143.0,8,0.0
2022-03-03 17:00:00,297.2,299.3,295.68,297.68,10143.0,8,0.0
2022-03-03 18:00:00,297.67,298.48,296.72,297.8,7539.0,8,0.0
2022-03-03 19:00:00,297.79,298.25,295.19,295.87,6600.0,8,0.0
2022-03-03 20:00:00,295.85,295.85,294.24,294.45,6277.0,8,0.0
2022-03-04 11:00:00,293.22,293.84,292.98,293.46,703.0,20,0.0
2022-03-04 12:00:00,293.49,293.93,292.56,293.27,1076.0,20,0.0
2022-03-04 13:00:00,293.38,294.57,292.8,293.29,1265.0,20,0.0
2022-03-04 14:00:00,293.29,295.54,289.62,292.11,7015.0,8,0.0
2022-03-04 15:00:00,292.09,292.77,289.17,289.5,11616.0,8,0.0
2022-03-04 16:00:00,289.51,289.69,287.13,288.85,9219.0,8,0.0
2022-03-04 17:00:00,288.86,291.87,288.59,290.77,10129.0,8,0.0
2022-03-04 18:00:00,290.78,292.49,289.0,289.12,7920.0,8,0.0
2022-03-04 19:00:00,289.14,290.33,287.71,287.86,8132.0,8,0.0
2022-03-04 20:00:00,287.88,289.3,287.65,288.46,8597.0,8,0.0
2022-03-07 11:00:00,284.11,285.17,283.68,285.17,526.0,40,0.0
2022-03-07 12:00:00,285.2,287.51,284.97,286.65,675.0,40,0.0
2022-03-07 13:00:00,286.63,288.7,286.32,288.33,440.0,40,0.0
2022-03-07 14:00:00,288.47,289.64,283.46,283.46,9324.0,8,0.0
2022-03-07 15:00:00,283.48,283.71,278.97,280.18,11774.0,8,0.0
2022-03-07 16:00:00,280.19,284.41,280.04,282.68,10304.0,8,0.0
2022-03-07 17:00:00,282.68,282.92,280.87,281.62,8220.0,8,0.0
2022-03-07 18:00:00,281.61,284.12,281.19,283.15,7698.0,8,0.0
2022-03-07 19:00:00,283.17,284.31,281.16,281.66,7652.0,8,0.0
2022-03-07 20:00:00,281.68,281.97,280.01,280.74,6659.0,8,0.0
2022-03-08 11:00:00,279.67,279.67,278.16,279.28,729.0,20,0.0
2022-03-08 12:00:00,279.26,280.76,278.3,279.11,849.0,40,0.0
2022-03-08 13:00:00,279.11,279.26,277.06,278.43,926.0,20,0.0
2022-03-08 14:00:00,278.44,280.21,275.08,275.3,13544.0,8,0.0
2022-03-08 15:00:00,275.25,275.6,270.61,275.13,18383.0,8,0.0
2022-03-08 16:00:00,275.15,275.54,269.97,272.95,14872.0,8,0.0
2022-03-08 17:00:00,272.97,283.11,272.92,282.87,16497.0,8,0.0
2022-03-08 18:00:00,282.89,283.9,277.0,277.04,12839.0,8,0.0
2022-03-08 19:00:00,277.04,280.43,275.68,278.9,14254.0,8,0.0
2022-03-08 20:00:00,278.88,280.85,275.78,276.05,11687.0,8,0.0
2022-03-09 11:00:00,281.95,282.94,281.34,281.48,358.0,60,0.0
2022-03-09 12:00:00,281.43,283.45,280.89,283.27,616.0,40,0.0
2022-03-09 13:00:00,283.3,283.68,282.97,283.3,601.0,20,0.0
2022-03-09 14:00:00,283.09,284.36,280.75,283.63,9819.0,8,0.0
2022-03-09 15:00:00,283.65,286.91,282.79,286.46,10251.0,8,0.0
2022-03-09 16:00:00,286.47,286.56,284.46,284.97,7268.0,8,0.0
2022-03-09 17:00:00,284.99,287.53,284.7,286.8,6455.0,8,0.0
2022-03-09 18:00:00,286.83,286.96,285.53,286.41,6445.0,8,0.0
2022-03-09 19:00:00,286.42,288.43,286.3,287.46,6711.0,8,0.0
2022-03-09 20:00:00,287.48,289.54,287.31,288.6,5393.0,8,0.0
2022-03-10 11:00:00,283.1,284.13,281.96,282.59,1011.0,40,0.0
2022-03-10 12:00:00,282.34,283.35,282.05,282.31,1192.0,20,0.0
2022-03-10 13:00:00,282.23,285.55,281.9,282.21,1191.0,40,0.0
2022-03-10 14:00:00,282.27,284.99,282.07,284.17,9642.0,8,0.0
2022-03-10 15:00:00,284.15,284.94,281.82,282.14,11237.0,8,0.0
2022-03-10 16:00:00,282.14,282.14,280.55,281.55,7871.0,8,0.0
2022-03-10 17:00:00,281.57,282.94,281.37,282.28,6218.0,8,0.0
2022-03-10 18:00:00,282.29,285.03,282.2,284.59,7229.0,8,0.0
2022-03-10 19:00:00,284.59,286.56,284.29,286.14,8068.0,8,0.0
2022-03-10 20:00:00,286.16,286.3,284.56,285.13,6806.0,8,0.0
2022-03-11 11:00:00,286.97,292.26,285.63,290.06,1314.0,40,0.0
2022-03-11 12:00:00,290.0,291.33,289.09,289.43,727.0,20,0.0
2022-03-11 13:00:00,289.41,289.55,288.16,288.68,569.0,20,0.0
2022-03-11 14:00:00,288.61,289.4,286.06,286.83,8011.0,8,0.0
2022-03-11 15:00:00,286.81,288.0,284.9,287.26,10184.0,8,0.0
2022-03-11 16:00:00,287.24,287.26,283.81,284.44,9208.0,8,0.0
2022-03-11 17:00:00,284.42,285.17,283.21,284.21,7232.0,8,0.0
2022-03-11 18:00:00,284.21,286.26,283.97,284.44,5722.0,8,0.0
2022-03-11 19:00:00,284.45,285.4,283.15,283.77,6585.0,8,0.0
2022-03-11 20:00:00,283.79,283.82,281.4,281.82,5434.0,8,0.0
2022-03-14 10:00:00,282.8,283.4,281.42,282.19,789.0,20,0.0
2022-03-14 11:00:00,282.16,282.45,279.02,279.46,1112.0,20,0.0
2022-03-14 12:00:00,279.44,282.2,279.35,282.0,899.0,40,0.0
2022-03-14 13:00:00,281.97,284.69,279.94,282.99,9892.0,8,0.0
2022-03-14 14:00:00,282.96,285.33,281.97,284.37,10749.0,8,0.0
2022-03-14 15:00:00,284.38,284.51,281.64,282.07,8383.0,8,0.0
2022-03-14 16:00:00,282.05,282.05,278.64,279.06,8570.0,8,0.0
2022-03-14 17:00:00,279.07,279.61,278.02,278.81,6861.0,8,0.0
2022-03-14 18:00:00,278.83,279.13,277.48,278.46,6831.0,8,0.0
2022-03-14 19:00:00,278.47,279.2,276.54,277.56,6873.0,8,0.0
2022-03-15 10:00:00,276.16,278.4,275.88,278.01,559.0,20,0.0
2022-03-15 11:00:00,278.01,278.7,277.09,277.69,1005.0,20,0.0
2022-03-15 12:00:00,277.69,280.74,276.95,279.18,796.0,20,0.0
2022-03-15 13:00:00,279.17,281.75,278.69,280.28,8874.0,8,0.0
2022-03-15 14:00:00,280.29,281.94,279.33,280.97,10740.0,8,0.0
2022-03-15 15:00:00,280.99,284.76,280.65,282.78,8927.0,8,0.0
2022-03-15 16:00:00,282.76,285.18,281.6,284.49,7510.0,8,0.0
2022-03-15 17:00:00,284.47,284.81,282.94,284.41,5900.0,8,0.0
2022-03-15 18:00:00,284.39,284.94,282.49,284.87,6417.0,8,0.0
2022-03-15 19:00:00,284.86,286.96,284.6,286.37,4423.0,8,0.0
2022-03-16 10:00:00,291.71,292.27,291.17,292.17,388.0,40,0.0
2022-03-16 11:00:00,292.24,292.24,290.97,291.58,416.0,40,0.0
2022-03-16 12:00:00,291.58,292.03,289.12,289.31,534.0,20,0.0
2022-03-16 13:00:00,289.31,292.13,288.43,290.53,7853.0,8,0.0
2022-03-16 14:00:00,290.54,292.73,289.7,291.73,10406.0,8,0.0
2022-03-16 15:00:00,291.71,291.78,290.71,290.89,5870.0,8,0.0
2022-03-16 16:00:00,290.92,291.51,288.96,289.34,5251.0,8,0.0
2022-03-16 17:00:00,289.34,289.45,287.61,288.99,5849.0,8,0.0
2022-03-16 18:00:00,288.87,289.67,283.14,288.58,19592.0,8,0.0
2022-03-16 19:00:00,288.59,291.52,288.1,291.15,9358.0,8,0.0
2022-03-17 10:00:00,293.74,293.83,291.61,293.79,704.0,40,0.0
2022-03-17 11:00:00,293.87,294.02,292.88,293.47,469.0,20,0.0
2022-03-17 12:00:00,293.48,294.3,291.91,292.31,782.0,20,0.0
2022-03-17 13:00:00,292.22,293.7,291.23,293.36,7775.0,8,0.0
2022-03-17 14:00:00,293.34,294.39,289.88,290.99,10701.0,8,0.0
2022-03-17 15:00:00,290.98,291.43,289.29,290.66,6686.0,8,0.0
2022-03-17 16:00:00,290.67,292.15,290.27,291.86,5912.0,8,0.0
2022-03-17 17:00:00,291.87,294.02,291.07,293.46,5639.0,8,0.0
2022-03-17 18:00:00,293.47,293.74,292.1,293.26,4948.0,8,0.0
2022-03-17 19:00:00,293.25,294.54,292.27,294.42,4348.0,8,0.0
2022-03-18 10:00:00,293.16,293.63,292.75,293.02,370.0,20,0.0
2022-03-18 11:00:00,293.02,293.3,292.36,293.14,325.0,20,0.0
2022-03-18 12:00:00,293.16,293.7,292.57,293.2,604.0,20,0.0
2022-03-18 13:00:00,293.19,295.07,292.66,295.01,9180.0,8,0.0
2022-03-18 14:00:00,295.03,297.14,294.54,295.5,9792.0,8,0.0
2022-03-18 15:00:00,295.49,297.91,295.29,296.63,7597.0,8,0.0
2022-03-18 16:00:00,296.63,298.06,296.01,297.6,4781.0,8,0.0
2022-03-18 17:00:00,297.6,298.5,297.38,298.24,3621.0,8,0.0
2022-03-18 18:00:00,298.23,298.88,297.68,298.8,3535.0,8,0.0
2022-03-18 19:00:00,298.8,300.9,298.63,300.51,3292.0,8,0.0
2022-03-21 10:00:00,299.61,299.62,298.64,299.07,185.0,20,0.0
2022-03-21 11:00:00,299.19,299.95,299.15,299.4,363.0,20,0.0
2022-03-21 12:00:00,299.34,299.38,298.13,298.38,428.0,20,0.0
2022-03-21 13:00:00,298.28,300.05,296.7,297.07,7167.0,8,0.0
2022-03-21 14:00:00,297.08,298.36,295.53,298.02,7969.0,8,0.0
2022-03-21 15:00:00,298.03,299.68,297.55,299.28,6262.0,8,0.0
2022-03-21 16:00:00,299.29,299.38,295.88,296.07,9388.0,8,0.0
2022-03-21 17:00:00,296.09,296.62,294.81,296.22,7593.0,8,0.0
2022-03-21 18:00:00,296.23,297.83,295.7,296.41,6499.0,8,0.0
2022-03-21 19:00:00,296.39,297.88,296.22,297.16,5112.0,8,0.0
2022-03-22 10:00:00,299.98,300.16,299.73,300.07,169.0,40,0.0
2022-03-22 11:00:00,300.02,300.02,298.93,299.17,339.0,40,0.0
2022-03-22 12:00:00,299.23,299.49,298.7,299.26,426.0,20,0.0
2022-03-22 13:00:00,299.24,301.25,298.61,299.79,7540.0,8,0.0
2022-03-22 14:00:00,299.81,304.12,299.81,303.25,6198.0,8,0.0
2022-03-22 15:00:00,303.27,304.9,302.82,303.65,4981.0,8,0.0
2022-03-22 16:00:00,303.64,304.06,302.38,303.08,4731.0,8,0.0
2022-03-22 17:00:00,303.07,303.43,302.2,303.35,3955.0,8,0.0
2022-03-22 18:00:00,303.34,303.42,302.26,302.96,4358.0,8,0.0
2022-03-22 19:00:00,302.97,304.17,302.92,303.76,3402.0,8,0.0
2022-03-23 10:00:00,302.35,302.63,301.86,302.15,254.0,20,0.0
2022-03-23 11:00:00,302.16,302.52,300.9,301.2,413.0,20,0.0
2022-03-23 12:00:00,301.21,301.74,301.17,301.3,324.0,20,0.0
2022-03-23 13:00:00,301.31,301.77,297.65,299.64,6924.0,8,0.0
2022-03-23 14:00:00,299.62,302.48,299.13,301.01,7136.0,8,0.0
2022-03-23 15:00:00,301.03,302.17,300.82,302.13,5484.0,8,0.0
2022-03-23 16:00:00,302.14,303.15,301.27,302.07,5508.0,8,0.0
2022-03-23 17:00:00,302.08,302.34,300.48,301.23,5100.0,8,0.0
2022-03-23 18:00:00,301.23,301.75,300.15,300.73,4709.0,8,0.0
2022-03-23 19:00:00,300.75,301.24,300.26,301.16,3970.0,8,0.0
2022-03-24 10:00:00,301.36,301.46,300.63,300.77,326.0,20,0.0
2022-03-24 11:00:00,300.72,301.49,300.44,300.93,843.0,20,0.0
2022-03-24 12:00:00,300.89,301.07,300.05,300.73,395.0,20,0.0
2022-03-24 13:00:00,300.71,301.16,298.25,299.18,6660.0,8,0.0
2022-03-24 14:00:00,299.21,300.4,298.25,299.3,8736.0,8,0.0
2022-03-24 15:00:00,299.29,301.64,298.99,301.11,5465.0,8,0.0
2022-03-24 16:00:00,301.12,301.65,300.2,300.64,4382.0,8,0.0
2022-03-24 17:00:00,300.66,301.17,300.36,300.84,3458.0,8,0.0
2022-03-24 18:00:00,300.83,301.85,300.77,301.76,3549.0,8,0.0
2022-03-24 19:00:00,301.76,303.01,301.41,302.82,2839.0,8,0.0
2022-03-25 10:00:00,304.46,305.03,304.1,304.93,221.0,40,0.0
2022-03-25 11:00:00,304.93,305.98,304.36,305.85,274.0,40,0.0
2022-03-25 12:00:00,305.79,306.03,305.1,305.6,307.0,20,0.0
2022-03-25 13:00:00,305.6,305.61,302.84,302.87,5609.0,8,0.0
2022-03-25 14:00:00,302.89,305.11,301.76,303.46,6593.0,8,0.0
2022-03-25 15:00:00,303.48,303.68,299.2,299.85,8374.0,8,0.0
2022-03-25 16:00:00,299.86,301.52,299.68,301.05,5773.0,8,0.0
2022-03-25 17:00:00,301.06,302.38,300.58,302.33,4649.0,8,0.0
2022-03-25 18:00:00,302.33,302.82,301.93,302.77,4036.0,8,0.0
2022-03-25 19:00:00,302.77,302.87,300.85,301.6,4179.0,8,0.0
2022-03-28 10:00:00,303.1,303.37,302.78,303.23,355.0,20,0.0
2022-03-28 11:00:00,303.24,304.37,303.24,304.37,305.0,20,0.0
2022-03-28 12:00:00,304.44,304.52,303.55,303.72,250.0,20,0.0
2022-03-28 13:00:00,303.65,310.39,303.17,309.97,7691.0,8,0.0
2022-03-28 14:00:00,309.99,310.3,306.98,309.29,8958.0,8,0.0
2022-03-28 15:00:00,309.3,309.47,305.39,305.64,7220.0,8,0.0
2022-03-28 16:00:00,305.63,306.95,304.96,306.85,4349.0,8,0.0
2022-03-28 17:00:00,306.86,307.85,306.57,307.52,3589.0,8,0.0
2022-03-28 18:00:00,307.53,309.56,307.21,309.56,4141.0,8,0.0
2022-03-28 19:00:00,309.56,309.98,309.06,309.89,2740.0,8,0.0
2022-03-29 10:00:00,311.87,312.01,311.3,311.66,191.0,40,0.0
2022-03-29 11:00:00,311.64,312.52,310.89,312.05,601.0,20,0.0
2022-03-29 12:00:00,312.06,314.47,311.87,313.5,648.0,20,0.0
2022-03-29 13:00:00,313.51,314.29,311.24,312.63,8560.0,8,0.0
2022-03-29 14:00:00,312.64,313.14,308.98,310.79,11586.0,8,0.0
2022-03-29 15:00:00,310.81,312.53,310.72,312.06,6289.0,8,0.0
2022-03-29 16:00:00,312.08,312.54,311.12,312.32,4324.0,8,0.0
2022-03-29 17:00:00,312.32,313.38,311.68,313.31,4016.0,8,0.0
2022-03-29 18:00:00,313.33,314.7,312.93,314.32,3232.0,8,0.0
2022-03-29 19:00:00,314.32,315.57,314.05,315.48,2619.0,8,0.0
2022-03-30 10:00:00,313.75,313.82,312.91,313.52,229.0,20,0.0
2022-03-30 11:00:00,313.54,314.33,313.54,314.22,236.0,20,0.0
2022-03-30 12:00:00,314.19,314.19,312.39,312.99,723.0,20,0.0
2022-03-30 13:00:00,312.99,314.87,312.52,312.86,6068.0,8,0.0
2022-03-30 14:00:00,312.88,314.04,312.14,312.52,8605.0,8,0.0
2022-03-30 15:00:00,312.54,313.6,311.51,313.59,4886.0,8,0.0
2022-03-30 16:00:00,313.6,315.7,313.29,315.58,4125.0,8,0.0
2022-03-30 17:00:00,315.59,315.87,313.93,314.03,3693.0,8,0.0
2022-03-30 18:00:00,314.02,314.62,313.41,313.58,3363.0,8,0.0
2022-03-30 19:00:00,313.59,313.75,312.26,312.92,3466.0,8,0.0
2022-03-31 10:00:00,314.81,314.88,314.42,314.42,137.0,40,0.0
2022-03-31 11:00:00,314.39,314.66,313.89,314.58,204.0,40,0.0
2022-03-31 12:00:00,314.57,314.8,313.93,314.46,279.0,20,0.0
2022-03-31 13:00:00,314.39,314.97,311.21,311.81,5957.0,8,0.0
2022-03-31 14:00:00,311.79,313.77,310.92,313.25,7438.0,8,0.0
2022-03-31 15:00:00,313.27,313.69,311.85,312.3,4306.0,8,0.0
2022-03-31 16:00:00,312.3,312.42,310.51,310.74,3167.0,8,0.0
2022-03-31 17:00:00,310.75,311.95,310.62,311.38,3475.0,8,0.0
2022-03-31 18:00:00,311.38,312.04,310.39,312.03,3995.0,8,0.0
2022-03-31 19:00:00,312.05,312.72,310.29,310.44,3895.0,8,0.0
2022-04-01 10:00:00,310.21,310.32,309.83,310.02,188.0,20,0.0
2022-04-01 11:00:00,310.1,310.42,309.97,310.4,275.0,20,0.0
2022-04-01 12:00:00,310.32,310.41,309.18,309.43,565.0,20,0.0
2022-04-01 13:00:00,309.43,310.02,306.74,306.88,6828.0,8,0.0
2022-04-01 14:00:00,306.86,309.36,306.21,308.66,7795.0,8,0.0
2022-04-01 15:00:00,308.68,308.89,305.52,305.77,5489.0,8,0.0
2022-04-01 16:00:00,305.75,306.71,305.47,305.98,4064.0,8,0.0
2022-04-01 17:00:00,305.99,307.25,305.95,306.85,3854.0,8,0.0
2022-04-01 18:00:00,306.84,308.39,306.56,307.43,4592.0,8,0.0
2022-04-01 19:00:00,307.41,308.01,305.85,306.03,4349.0,8,0.0
2022-04-04 10:00:00,310.51,311.06,310.48,310.6,120.0,60,0.0
2022-04-04 11:00:00,310.57,310.99,310.25,310.65,170.0,60,0.0
2022-04-04 12:00:00,310.71,310.82,309.55,309.62,201.0,40,0.0
2022-04-04 13:00:00,309.61,314.22,309.54,313.9,6370.0,8,0.0
2022-04-04 14:00:00,313.92,314.25,312.02,312.43,6574.0,8,0.0
2022-04-04 15:00:00,312.42,313.93,312.38,313.23,3496.0,8,0.0
2022-04-04 16:00:00,313.23,314.0,312.98,313.23,2435.0,8,0.0
2022-04-04 17:00:00,313.21,313.81,312.63,313.75,2279.0,8,0.0
2022-04-04 18:00:00,313.75,314.37,313.03,314.05,2267.0,8,0.0
2022-04-04 19:00:00,314.05,314.42,313.84,313.95,1929.0,8,0.0
2022-04-05 10:00:00,314.4,314.94,313.9,314.3,321.0,20,0.0
2022-04-05 11:00:00,314.31,314.82,314.31,314.52,155.0,20,0.0
2022-04-05 12:00:00,314.51,314.66,313.62,313.82,282.0,20,0.0
2022-04-05 13:00:00,313.79,314.71,311.87,313.0,5651.0,8,0.0
2022-04-05 14:00:00,312.98,314.08,311.61,312.91,7687.0,8,0.0
2022-04-05 15:00:00,312.91,313.1,311.46,311.78,4709.0,8,0.0
2022-04-05 16:00:00,311.79,312.08,310.48,311.7,4184.0,8,0.0
2022-04-05 17:00:00,311.68,312.64,310.97,311.49,3293.0,8,0.0
2022-04-05 18:00:00,311.47,312.45,311.23,311.82,3676.0,8,0.0
2022-04-05 19:00:00,311.82,312.08,310.07,310.61,3619.0,8,0.0
2022-04-06 10:00:00,307.02,307.22,305.79,305.96,400.0,40,0.0
2022-04-06 11:00:00,305.96,306.18,304.19,304.42,384.0,40,0.0
2022-04-06 12:00:00,304.41,305.1,304.26,304.78,409.0,20,0.0
2022-04-06 13:00:00,304.78,306.91,302.2,302.92,9233.0,8,0.0
2022-04-06 14:00:00,302.94,303.14,301.11,301.59,8608.0,8,0.0
2022-04-06 15:00:00,301.57,301.8,299.42,299.5,6183.0,8,0.0
2022-04-06 16:00:00,299.48,299.96,297.73,297.87,4595.0,8,0.0
2022-04-06 17:00:00,297.86,299.58,297.06,298.92,4387.0,8,0.0
2022-04-06 18:00:00,298.94,301.79,296.65,301.79,17397.0,8,0.0
2022-04-06 19:00:00,301.79,302.83,298.66,300.02,8065.0,8,0.0
2022-04-07 10:00:00,300.49,300.61,299.72,299.88,220.0,20,0.0
2022-04-07 11:00:00,299.88,300.72,299.15,299.79,332.0,20,0.0
2022-04-07 12:00:00,299.77,299.84,297.64,297.85,385.0,40,0.0
2022-04-07 13:00:00,297.85,301.63,295.87,301.3,8299.0,8,0.0
2022-04-07 14:00:00,301.29,302.54,299.86,301.48,10147.0,8,0.0
2022-04-07 15:00:00,301.47,302.21,298.73,299.09,6709.0,8,0.0
2022-04-07 16:00:00,299.09,300.21,298.57,299.21,5171.0,8,0.0
2022-04-07 17:00:00,299.21,301.21,299.12,301.05,5244.0,8,0.0
2022-04-07 18:00:00,301.03,302.38,300.07,302.25,5867.0,8,0.0
2022-04-07 19:00:00,302.24,303.55,302.14,302.96,4327.0,8,0.0
2022-04-08 10:00:00,301.56,302.28,300.92,302.21,238.0,20,0.0
2022-04-08 11:00:00,302.21,302.55,301.37,302.09,507.0,20,0.0
2022-04-08 12:00:00,302.08,302.47,300.35,300.45,292.0,40,0.0
2022-04-08 13:00:00,300.45,300.61,296.68,296.78,7609.0,8,0.0
2022-04-08 14:00:00,296.76,300.08,296.69,300.06,9256.0,8,0.0
2022-04-08 15:00:00,300.04,300.61,299.02,300.28,6222.0,8,0.0
2022-04-08 16:00:00,300.26,301.02,299.66,300.5,5439.0,8,0.0
2022-04-08 17:00:00,300.49,300.49,298.72,298.75,3714.0,8,0.0
2022-04-08 18:00:00,298.74,299.02,296.69,298.2,4950.0,8,0.0
2022-04-08 19:00:00,298.2,298.48,297.0,297.84,4510.0,8,0.0
2022-04-11 10:00:00,293.5,294.5,292.29,293.65,290.0,40,0.0
2022-04-11 11:00:00,293.83,294.34,292.81,292.99,447.0,40,0.0
2022-04-11 12:00:00,292.99,293.06,291.8,292.3,388.0,20,0.0
2022-04-11 13:00:00,292.29,292.51,287.55,287.56,11006.0,8,0.0
2022-04-11 14:00:00,287.6,288.37,285.31,286.38,11095.0,8,0.0
2022-04-11 15:00:00,286.34,286.68,285.22,285.94,5091.0,8,0.0
2022-04-11 16:00:00,285.94,286.79,285.45,286.79,3394.0,8,0.0
2022-04-11 17:00:00,286.79,287.52,286.45,286.87,4394.0,8,0.0
2022-04-11 18:00:00,286.87,287.65,286.17,286.99,4175.0,8,0.0
2022-04-11 19:00:00,287.0,287.68,284.93,285.04,3356.0,8,0.0
2022-04-12 10:00:00,286.14,286.38,285.5,285.86,271.0,20,0.0
2022-04-12 11:00:00,285.86,286.38,284.92,286.34,457.0,20,0.0
2022-04-12 12:00:00,286.35,290.51,286.17,290.0,1209.0,20,0.0
2022-04-12 13:00:00,290.0,290.54,286.58,290.13,8425.0,8,0.0
2022-04-12 14:00:00,290.15,290.64,286.01,286.32,10304.0,8,0.0
2022-04-12 15:00:00,286.3,287.87,285.84,286.29,6063.0,8,0.0
2022-04-12 16:00:00,286.3,286.43,284.42,285.06,6746.0,8,0.0
2022-04-12 17:00:00,285.05,286.16,283.57,283.79,6175.0,8,0.0
2022-04-12 18:00:00,283.77,284.45,280.42,282.28,6524.0,8,0.0
2022-04-12 19:00:00,282.27,282.34,280.43,281.52,4885.0,8,0.0
2022-04-13 10:00:00,282.66,285.01,282.66,284.82,358.0,40,0.0
2022-04-13 11:00:00,284.78,284.78,283.01,283.06,409.0,20,0.0
2022-04-13 12:00:00,283.12,283.57,282.22,282.74,579.0,20,0.0
2022-04-13 13:00:00,282.69,283.77,281.23,282.66,8161.0,8,0.0
2022-04-13 14:00:00,282.68,285.18,282.29,283.55,7459.0,8,0.0
2022-04-13 15:00:00,283.53,286.01,283.53,285.59,4384.0,8,0.0
2022-04-13 16:00:00,285.59,286.44,285.16,286.02,3360.0,8,0.0
2022-04-13 17:00:00,286.03,286.77,285.19,285.86,3225.0,8,0.0
2022-04-13 18:00:00,285.87,287.33,285.71,287.13,2796.0,8,0.0
2022-04-13 19:00:00,287.14,288.49,286.69,288.06,2761.0,8,0.0
2022-04-14 10:00:00,288.16,288.35,287.59,288.06,238.0,8,0.0
2022-04-14 11:00:00,288.01,288.13,286.51,286.64,507.0,20,0.0
2022-04-14 12:00:00,286.62,287.73,286.59,287.18,704.0,20,0.0
2022-04-14 13:00:00,287.18,289.35,284.64,285.02,7288.0,8,0.0
2022-04-14 14:00:00,285.05,285.35,282.57,283.6,8062.0,8,0.0
2022-04-14 15:00:00,283.61,284.66,282.95,283.09,5118.0,8,0.0
2022-04-14 16:00:00,283.07,283.29,281.39,282.05,3293.0,8,0.0
2022-04-14 17:00:00,282.07,283.05,281.83,283.02,3432.0,8,0.0
2022-04-14 18:00:00,283.01,283.41,281.14,281.14,3823.0,8,0.0
2022-04-14 19:00:00,281.16,281.5,279.92,280.38,3027.0,8,0.0
2022-04-18 10:00:00,277.4,278.79,277.37,278.43,190.0,40,0.0
2022-04-18 11:00:00,278.43,279.38,278.43,278.84,177.0,40,0.0
2022-04-18 12:00:00,278.84,279.17,277.64,278.66,363.0,40,0.0
2022-04-18 13:00:00,278.68,281.8,278.33,279.77,8483.0,8,0.0
2022-04-18 14:00:00,279.76,282.36,279.6,280.94,7165.0,8,0.0
2022-04-18 15:00:00,280.95,281.28,279.26,279.88,4497.0,8,0.0
2022-04-18 16:00:00,279.89,279.97,278.53,278.81,4333.0,8,0.0
2022-04-18 17:00:00,278.81,281.27,278.55,280.83,4270.0,8,0.0
2022-04-18 18:00:00,280.84,281.37,280.14,280.39,4567.0,8,0.0
2022-04-18 19:00:00,280.38,280.56,278.8,279.03,3393.0,8,0.0
2022-04-19 10:00:00,279.21,280.28,279.01,279.73,368.0,8,0.0
2022-04-19 11:00:00,279.7,280.58,279.64,280.5,479.0,20,0.0
2022-04-19 12:00:00,280.49,280.81,279.5,279.75,524.0,20,0.0
2022-04-19 13:00:00,279.8,282.31,278.33,282.31,11425.0,8,0.0
2022-04-19 14:00:00,282.32,284.65,281.98,283.83,6510.0,8,0.0
2022-04-19 15:00:00,283.81,284.75,283.5,284.2,3892.0,8,0.0
2022-04-19 16:00:00,284.2,284.24,283.19,283.72,2722.0,8,0.0
2022-04-19 17:00:00,283.71,283.96,282.9,283.45,2876.0,8,0.0
2022-04-19 18:00:00,283.45,284.23,282.83,284.18,3948.0,8,0.0
2022-04-19 19:00:00,284.17,286.02,283.97,285.17,2817.0,8,0.0
2022-04-20 10:00:00,285.87,286.14,285.37,285.98,326.0,20,0.0
2022-04-20 11:00:00,285.96,288.69,285.69,288.17,472.0,20,0.0
2022-04-20 12:00:00,288.24,288.47,287.28,288.4,610.0,20,0.0
2022-04-20 13:00:00,288.41,289.64,285.91,286.3,6725.0,8,0.0
2022-04-20 14:00:00,286.33,288.79,285.71,287.99,8285.0,8,0.0
2022-04-20 15:00:00,288.0,288.05,286.13,287.09,5355.0,8,0.0
2022-04-20 16:00:00,287.08,287.28,285.28,286.39,4635.0,8,0.0
2022-04-20 17:00:00,286.37,287.92,286.03,287.48,4232.0,8,0.0
2022-04-20 18:00:00,287.47,287.88,285.46,286.02,3959.0,8,0.0
2022-04-20 19:00:00,286.0,287.4,285.94,287.22,4013.0,8,0.0
2022-04-21 10:00:00,288.39,288.85,288.33,288.67,119.0,40,0.0
2022-04-21 11:00:00,288.66,289.61,288.38,289.28,343.0,20,0.0
2022-04-21 12:00:00,289.27,289.61,288.65,289.18,482.0,20,0.0
2022-04-21 13:00:00,289.07,293.21,288.18,291.68,9040.0,8,0.0
2022-04-21 14:00:00,291.71,291.94,288.43,288.88,8647.0,8,0.0
2022-04-21 15:00:00,288.86,289.98,286.12,286.13,6702.0,8,0.0
2022-04-21 16:00:00,286.12,287.83,285.79,286.41,5558.0,8,0.0
2022-04-21 17:00:00,286.38,286.62,284.83,285.06,7563.0,8,0.0
2022-04-21 18:00:00,285.04,285.04,282.35,282.68,5853.0,8,0.0
2022-04-21 19:00:00,282.7,282.74,280.47,281.38,4742.0,8,0.0
2022-04-22 10:00:00,279.72,280.84,278.94,280.2,522.0,40,0.0
2022-04-22 11:00:00,280.15,281.65,279.97,281.48,511.0,20,0.0
2022-04-22 12:00:00,281.5,282.2,280.73,281.02,524.0,20,0.0
2022-04-22 13:00:00,281.12,283.11,279.64,280.43,11415.0,8,0.0
2022-04-22 14:00:00,280.44,282.22,278.89,279.59,11481.0,8,0.0
2022-04-22 15:00:00,279.56,280.26,277.1,277.2,7754.0,8,0.0
2022-04-22 16:00:00,277.18,278.29,276.74,277.08,5120.0,8,0.0
2022-04-22 17:00:00,277.07,277.68,275.76,275.77,4574.0,8,0.0
2022-04-22 18:00:00,275.76,276.96,274.93,275.53,4378.0,8,0.0
2022-04-22 19:00:00,275.55,277.65,274.93,276.14,6377.0,8,0.0
2022-04-25 10:00:00,271.57,271.6,270.91,271.36,307.0,40,0.0
2022-04-25 11:00:00,271.35,271.59,270.5,271.27,454.0,40,0.0
2022-04-25 12:00:00,271.24,273.35,271.09,273.15,661.0,20,0.0
2022-04-25 13:00:00,273.13,275.04,270.68,272.51,12724.0,8,0.0
2022-04-25 14:00:00,272.49,277.9,272.36,275.46,15684.0,8,0.0
2022-04-25 15:00:00,275.48,275.95,272.7,273.9,11507.0,8,0.0
2022-04-25 16:00:00,273.92,277.08,273.45,275.74,11305.0,8,0.0
2022-04-25 17:00:00,275.71,278.04,274.91,275.87,10173.0,8,0.0
2022-04-25 18:00:00,275.86,279.31,275.24,278.08,9495.0,8,0.0
2022-04-25 19:00:00,278.05,280.62,276.46,280.22,7481.0,8,0.0
2022-04-26 10:00:00,280.56,280.8,279.45,279.75,396.0,8,0.0
2022-04-26 11:00:00,279.77,280.14,279.21,279.8,405.0,20,0.0
2022-04-26 12:00:00,279.82,280.19,278.63,279.1,541.0,20,0.0
2022-04-26 13:00:00,279.04,279.15,274.92,275.07,7876.0,8,0.0
2022-04-26 14:00:00,275.09,276.36,272.96,272.96,10392.0,8,0.0
2022-04-26 15:00:00,272.94,273.32,271.9,272.15,7034.0,8,0.0
2022-04-26 16:00:00,272.17,275.1,272.16,274.65,6365.0,8,0.0
2022-04-26 17:00:00,274.64,274.67,272.48,272.98,5582.0,8,0.0
2022-04-26 18:00:00,272.97,273.93,272.28,273.74,7285.0,8,0.0
2022-04-26 19:00:00,273.76,274.44,270.36,271.31,6223.0,8,0.0
2022-04-27 10:00:00,284.45,284.6,283.18,284.17,496.0,60,0.0
2022-04-27 11:00:00,284.17,284.39,278.83,279.2,1502.0,20,0.0
2022-04-27 12:00:00,279.2,281.63,278.29,281.27,1668.0,20,0.0
2022-04-27 13:00:00,281.31,286.39,279.44,284.98,13384.0,8,0.0
2022-04-27 14:00:00,285.0,287.1,279.07,285.53,16988.0,8,0.0
2022-04-27 15:00:00,285.55,289.03,285.4,285.97,14424.0,8,0.0
2022-04-27 16:00:00,285.99,290.88,284.86,288.88,9655.0,8,0.0
2022-04-27 17:00:00,288.9,289.7,286.64,289.26,11342.0,8,0.0
2022-04-27 18:00:00,289.23,289.29,285.42,285.71,7799.0,8,0.0
2022-04-27 19:00:00,285.69,286.14,283.37,284.72,8895.0,8,0.0
2022-04-28 10:00:00,287.07,287.24,286.8,286.85,270.0,40,0.0
2022-04-28 11:00:00,286.93,287.98,286.73,286.98,459.0,20,0.0
2022-04-28 12:00:00,286.98,287.36,284.58,285.38,838.0,20,0.0
2022-04-28 13:00:00,285.48,287.46,281.36,282.84,8091.0,8,0.0
2022-04-28 14:00:00,282.82,285.65,281.64,282.87,14829.0,8,0.0
2022-04-28 15:00:00,282.89,285.54,282.33,283.49,10982.0,8,0.0
2022-04-28 16:00:00,283.51,288.01,282.83,287.99,8147.0,8,0.0
2022-04-28 17:00:00,287.99,289.46,287.78,289.15,8024.0,8,0.0
2022-04-28 18:00:00,289.13,290.77,288.54,290.52,5424.0,8,0.0
2022-04-28 19:00:00,290.5,290.88,289.25,289.62,5496.0,8,0.0
2022-04-29 10:00:00,289.14,289.81,288.93,289.24,355.0,20,0.0
2022-04-29 11:00:00,289.11,289.33,287.92,288.28,722.0,20,0.0
2022-04-29 12:00:00,288.25,289.26,287.89,288.44,732.0,20,0.0
2022-04-29 13:00:00,288.32,289.8,286.61,287.28,12347.0,8,0.0
2022-04-29 14:00:00,287.3,287.43,283.69,284.47,15294.0,8,0.0
2022-04-29 15:00:00,284.45,285.49,283.33,284.04,10554.0,8,0.0
2022-04-29 16:00:00,284.03,284.19,282.81,283.1,6346.0,8,0.0
2022-04-29 17:00:00,283.09,284.38,282.44,282.46,6585.0,8,0.0
2022-04-29 18:00:00,282.48,282.69,280.68,281.15,6484.0,8,0.0
2022-04-29 19:00:00,281.13,281.19,279.1,279.25,7220.0,8,0.0
2022-05-02 10:00:00,278.63,278.74,277.98,278.2,227.0,20,0.0
2022-05-02 11:00:00,278.2,278.33,275.43,275.84,609.0,20,0.0
2022-05-02 12:00:00,275.88,276.9,275.42,276.12,670.0,20,0.0
2022-05-02 13:00:00,276.08,280.39,276.07,279.79,13405.0,8,0.0
2022-05-02 14:00:00,279.76,282.38,276.96,279.87,22764.0,8,0.0
2022-05-02 15:00:00,279.89,280.72,277.64,280.69,15340.0,8,0.0
2022-05-02 16:00:00,280.68,282.21,279.59,280.18,12578.0,8,0.0
2022-05-02 17:00:00,280.16,280.67,278.52,279.24,9156.0,8,0.0
2022-05-02 18:00:00,279.22,280.13,277.34,278.23,11220.0,8,0.0
2022-05-02 19:00:00,278.21,284.33,277.98,282.13,12114.0,8,0.0
2022-05-03 10:00:00,284.5,284.75,282.99,283.3,459.0,20,0.0
2022-05-03 11:00:00,283.3,284.18,282.99,283.97,609.0,20,0.0
2022-05-03 12:00:00,283.98,284.88,283.98,284.67,690.0,20,0.0
2022-05-03 13:00:00,284.69,284.7,281.2,283.26,6978.0,8,0.0
2022-05-03 14:00:00,283.21,284.06,280.16,281.18,9211.0,8,0.0
2022-05-03 15:00:00,281.16,283.47,280.67,282.38,7748.0,8,0.0
2022-05-03 16:00:00,282.37,283.61,280.76,281.71,10198.0,8,0.0
2022-05-03 17:00:00,281.73,283.38,281.44,282.39,7825.0,8,0.0
2022-05-03 18:00:00,282.37,282.46,280.04,282.24,10360.0,8,0.0
2022-05-03 19:00:00,282.26,282.85,280.16,280.6,9846.0,8,0.0
2022-05-04 10:00:00,282.2,282.32,281.95,282.16,198.0,20,0.0
2022-05-04 11:00:00,282.16,282.91,282.06,282.18,274.0,20,0.0
2022-05-04 12:00:00,282.18,282.47,281.74,281.93,312.0,20,0.0
2022-05-04 13:00:00,281.92,284.15,280.45,280.48,7627.0,8,0.0
2022-05-04 14:00:00,280.5,281.33,277.66,277.96,9367.0,8,0.0
2022-05-04 15:00:00,277.94,279.53,276.65,279.25,6505.0,8,0.0
2022-05-04 16:00:00,279.24,282.08,278.99,282.07,5892.0,8,0.0
2022-05-04 17:00:00,282.05,283.76,281.41,283.19,6054.0,8,0.0
2022-05-04 18:00:00,283.1,286.12,278.19,285.52,24149.0,8,0.0
2022-05-04 19:00:00,285.54,289.51,284.72,289.23,8421.0,8,0.0
2022-05-05 10:00:00,287.54,288.19,287.44,287.59,325.0,20,0.0
2022-05-05 11:00:00,287.65,288.23,287.07,287.55,787.0,20,0.0
2022-05-05 12:00:00,287.65,288.05,286.92,287.02,616.0,20,0.0
2022-05-05 13:00:00,287.01,287.05,282.08,282.32,8878.0,8,0.0
2022-05-05 14:00:00,282.34,282.39,275.79,277.53,16848.0,8,0.0
2022-05-05 15:00:00,277.52,278.63,275.45,276.13,12052.0,8,0.0
2022-05-05 16:00:00,276.12,278.26,275.18,276.87,14884.0,8,0.0
2022-05-05 17:00:00,276.85,278.13,275.61,276.0,13784.0,8,0.0
2022-05-05 18:00:00,275.99,277.21,275.22,276.35,11166.0,8,0.0
2022-05-05 19:00:00,276.37,276.66,274.26,276.0,8846.0,8,0.0
2022-05-06 10:00:00,276.02,276.24,275.42,275.55,223.0,8,0.0
2022-05-06 11:00:00,275.59,276.1,274.38,275.54,688.0,20,0.0
2022-05-06 12:00:00,275.54,278.45,274.47,274.57,1230.0,20,0.0
2022-05-06 13:00:00,274.62,275.93,271.28,271.86,8602.0,8,0.0
2022-05-06 14:00:00,271.92,278.64,271.64,277.72,14815.0,8,0.0
2022-05-06 15:00:00,277.69,279.14,275.27,275.71,17088.0,8,0.0
2022-05-06 16:00:00,275.69,278.19,275.3,278.02,17015.0,8,0.0
2022-05-06 17:00:00,278.04,278.64,274.04,274.17,14625.0,8,0.0
2022-05-06 18:00:00,274.16,275.17,272.71,273.34,14663.0,8,0.0
2022-05-06 19:00:00,273.32,274.91,271.2,273.94,11277.0,8,0.0
2022-05-09 10:00:00,269.22,269.36,267.19,267.54,473.0,40,0.0
2022-05-09 11:00:00,267.55,268.66,266.62,268.55,825.0,20,0.0
2022-05-09 12:00:00,268.63,269.47,267.57,268.53,989.0,20,0.0
2022-05-09 13:00:00,268.55,272.22,267.47,268.07,18354.0,8,0.0
2022-05-09 14:00:00,268.11,268.5,264.45,265.85,18405.0,8,0.0
2022-05-09 15:00:00,265.83,267.74,264.87,266.96,12714.0,8,0.0
2022-05-09 16:00:00,266.95,269.12,265.9,266.72,11630.0,8,0.0
2022-05-09 17:00:00,266.71,267.36,265.17,265.57,9237.0,8,0.0
2022-05-09 18:00:00,265.56,266.89,264.65,266.5,9690.0,8,0.0
2022-05-09 19:00:00,266.48,267.38,264.01,264.15,10170.0,8,0.0
2022-05-10 10:00:00,267.59,268.37,267.38,267.67,389.0,40,0.0
2022-05-10 11:00:00,267.6,268.12,266.53,267.92,675.0,20,0.0
2022-05-10 12:00:00,267.89,270.65,267.89,270.58,910.0,20,0.0
2022-05-10 13:00:00,270.6,272.79,268.98,271.79,12612.0,8,0.0
2022-05-10 14:00:00,271.77,273.43,267.28,267.42,18777.0,8,0.0
2022-05-10 15:00:00,267.41,268.61,264.97,267.94,18218.0,8,0.0
2022-05-10 16:00:00,267.92,269.21,266.76,267.5,17624.0,8,0.0
2022-05-10 17:00:00,267.52,273.61,267.16,273.53,15119.0,8,0.0
2022-05-10 18:00:00,273.55,273.6,270.82,271.54,16777.0,8,0.0
2022-05-10 19:00:00,271.57,272.5,269.06,269.26,12103.0,8,0.0
2022-05-11 10:00:00,272.39,273.44,271.85,273.25,264.0,40,0.0
2022-05-11 11:00:00,273.19,273.5,272.29,272.99,406.0,20,0.0
2022-05-11 12:00:00,273.0,273.47,263.4,264.36,1657.0,20,0.0
2022-05-11 13:00:00,264.36,271.26,263.72,269.23,13461.0,8,0.0
2022-05-11 14:00:00,269.27,269.52,264.85,265.69,27328.0,8,0.0
2022-05-11 15:00:00,265.72,267.42,263.72,265.39,17749.0,8,0.0
2022-05-11 16:00:00,265.37,266.22,263.21,263.21,12111.0,8,0.0
2022-05-11 17:00:00,263.19,263.98,261.2,261.34,12919.0,8,0.0
2022-05-11 18:00:00,261.35,264.34,261.06,261.45,17028.0,8,0.0
2022-05-11 19:00:00,261.44,262.31,259.94,260.07,9917.0,8,0.0
2022-05-12 10:00:00,257.06,258.8,257.05,258.76,364.0,40,0.0
2022-05-12 11:00:00,258.3,259.15,256.37,256.79,617.0,20,0.0
2022-05-12 12:00:00,256.78,258.16,256.68,257.43,1056.0,20,0.0
2022-05-12 13:00:00,257.44,258.87,252.9,254.68,17589.0,8,0.0
2022-05-12 14:00:00,254.69,258.75,253.52,258.24,29335.0,8,0.0
2022-05-12 15:00:00,258.26,259.77,254.72,254.74,17490.0,8,0.0
2022-05-12 16:00:00,254.73,256.3,253.67,254.51,15729.0,8,0.0
2022-05-12 17:00:00,254.5,255.07,250.22,250.56,13519.0,8,0.0
2022-05-12 18:00:00,250.54,251.65,249.94,250.77,11532.0,8,0.0
2022-05-12 19:00:00,250.79,254.23,250.62,252.94,15463.0,8,0.0
2022-05-13 10:00:00,259.54,259.9,259.22,259.79,201.0,60,0.0
2022-05-13 11:00:00,259.74,259.99,259.18,259.99,304.0,40,0.0
2022-05-13 12:00:00,260.0,260.01,258.97,259.46,400.0,40,0.0
2022-05-13 13:00:00,259.26,260.43,255.27,259.36,11468.0,8,0.0
2022-05-13 14:00:00,259.38,262.01,258.98,260.69,11100.0,8,0.0
2022-05-13 15:00:00,260.7,261.83,259.61,261.2,6746.0,8,0.0
2022-05-13 16:00:00,261.22,262.96,261.04,261.47,4387.0,8,0.0
2022-05-13 17:00:00,261.47,261.72,259.04,259.22,6133.0,8,0.0
2022-05-13 18:00:00,259.2,260.32,257.74,260.16,8873.0,8,0.0
2022-05-13 19:00:00,260.17,261.73,259.91,260.55,5575.0,8,0.0
2022-05-16 10:00:00,259.36,259.98,259.32,259.73,673.0,20,0.0
2022-05-16 11:00:00,259.74,260.21,259.35,259.56,392.0,20,0.0
2022-05-16 12:00:00,259.56,261.87,259.39,260.04,587.0,20,0.0
2022-05-16 13:00:00,260.12,260.3,255.51,256.49,10131.0,8,0.0
2022-05-16 14:00:00,256.47,258.56,255.64,257.02,14194.0,8,0.0
2022-05-16 15:00:00,257.01,260.49,256.54,260.14,10335.0,8,0.0
2022-05-16 16:00:00,260.15,260.7,259.32,259.93,7767.0,8,0.0
2022-05-16 17:00:00,259.91,264.14,259.59,263.89,7461.0,8,0.0
2022-05-16 18:00:00,263.9,265.57,263.3,263.89,6952.0,8,0.0
2022-05-16 19:00:00,263.89,264.21,261.36,261.64,5670.0,8,0.0
2022-05-17 10:00:00,265.96,266.19,265.05,265.81,723.0,20,0.0
2022-05-17 11:00:00,265.84,266.19,264.83,265.5,974.0,20,0.0
2022-05-17 12:00:00,265.33,265.84,264.43,264.87,688.0,20,0.0
2022-05-17 13:00:00,264.92,267.92,264.35,265.34,8115.0,8,0.0
2022-05-17 14:00:00,265.37,265.97,262.05,262.71,9373.0,8,0.0
2022-05-17 15:00:00,262.69,265.69,262.44,264.61,5326.0,8,0.0
2022-05-17 16:00:00,264.61,265.52,264.1,264.53,4711.0,8,0.0
2022-05-17 17:00:00,264.53,264.84,263.87,264.13,4064.0,8,0.0
2022-05-17 18:00:00,264.13,265.97,262.11,265.44,14223.0,8,0.0
2022-05-17 19:00:00,265.43,266.45,265.39,265.74,5492.0,8,0.0
2022-05-18 10:00:00,265.38,265.64,264.76,264.98,332.0,20,0.0
2022-05-18 11:00:00,265.04,265.45,263.81,263.88,438.0,20,0.0
2022-05-18 12:00:00,263.79,264.63,263.2,263.4,465.0,20,0.0
2022-05-18 13:00:00,263.5,263.9,261.05,261.23,6879.0,8,0.0
2022-05-18 14:00:00,261.22,262.22,259.74,260.26,9481.0,8,0.0
2022-05-18 15:00:00,260.26,260.26,256.78,256.83,5644.0,8,0.0
2022-05-18 16:00:00,256.85,257.91,256.37,257.8,5776.0,8,0.0
2022-05-18 17:00:00,257.79,257.8,254.4,255.15,5273.0,8,0.0
2022-05-18 18:00:00,255.16,255.81,253.91,254.1,7096.0,8,0.0
2022-05-18 19:00:00,254.07,254.9,253.69,254.27,5851.0,8,0.0
2022-05-19 10:00:00,250.07,251.72,250.07,251.36,494.0,40,0.0
2022-05-19 11:00:00,251.36,252.75,251.23,252.58,646.0,20,0.0
2022-05-19 12:00:00,252.58,252.66,251.18,252.28,700.0,20,0.0
2022-05-19 13:00:00,252.31,255.94,251.95,254.4,11890.0,8,0.0
2022-05-19 14:00:00,254.39,256.79,253.64,255.84,20460.0,8,0.0
2022-05-19 15:00:00,255.86,257.59,254.84,256.32,12727.0,8,0.0
2022-05-19 16:00:00,256.34,257.54,253.0,253.79,8825.0,8,0.0
2022-05-19 17:00:00,253.81,254.42,251.84,254.27,10748.0,8,0.0
2022-05-19 18:00:00,254.24,256.09,252.91,255.59,12173.0,8,0.0
2022-05-19 19:00:00,255.61,256.36,252.79,253.87,9140.0,8,0.0
2022-05-20 10:00:00,257.21,257.59,257.11,257.17,257.0,40,0.0
2022-05-20 11:00:00,257.15,258.31,256.61,257.65,589.0,20,0.0
2022-05-20 12:00:00,257.63,257.69,256.17,256.69,435.0,20,0.0
2022-05-20 13:00:00,256.77,258.5,255.83,257.29,9799.0,8,0.0
2022-05-20 14:00:00,257.28,257.79,253.29,253.39,12093.0,8,0.0
2022-05-20 15:00:00,253.42,253.84,252.14,252.35,9582.0,8,0.0
2022-05-20 16:00:00,252.34,252.53,247.9,249.53,11002.0,8,0.0
2022-05-20 17:00:00,249.52,250.48,247.99,249.92,10799.0,8,0.0
2022-05-20 18:00:00,249.94,250.04,247.35,248.23,10203.0,8,0.0
2022-05-20 19:00:00,248.22,251.43,246.4,250.54,8478.0,8,0.0
2022-05-23 10:00:00,253.57,255.68,253.26,255.35,611.0,40,0.0
2022-05-23 11:00:00,255.37,255.85,254.45,255.13,763.0,20,0.0
2022-05-23 12:00:00,255.27,255.94,254.51,254.9,797.0,40,0.0
2022-05-23 13:00:00,254.9,258.04,253.39,256.68,10696.0,8,0.0
2022-05-23 14:00:00,256.7,258.78,255.02,257.52,16322.0,8,0.0
2022-05-23 15:00:00,257.53,260.3,257.09,260.04,10018.0,8,0.0
2022-05-23 16:00:00,260.05,261.46,259.72,260.0,6544.0,8,0.0
2022-05-23 17:00:00,260.0,260.33,259.1,260.02,5525.0,8,0.0
2022-05-23 18:00:00,260.03,260.89,259.44,259.64,6195.0,8,0.0
2022-05-23 19:00:00,259.67,260.47,259.03,259.4,5534.0,8,0.0
2022-05-24 10:00:00,257.48,258.31,257.37,257.51,423.0,20,0.0
2022-05-24 11:00:00,257.52,258.57,257.51,257.81,459.0,20,0.0
2022-05-24 12:00:00,257.82,258.34,257.29,258.13,466.0,20,0.0
2022-05-24 13:00:00,258.21,259.47,256.27,256.43,7868.0,8,0.0
2022-05-24 14:00:00,256.41,256.87,253.48,255.14,14044.0,8,0.0
2022-05-24 15:00:00,255.12,257.86,254.68,257.33,10135.0,8,0.0
2022-05-24 16:00:00,257.32,259.52,256.93,257.85,8701.0,8,0.0
2022-05-24 17:00:00,257.83,259.32,256.48,258.57,8021.0,8,0.0
2022-05-24 18:00:00,258.59,259.65,256.97,257.62,9389.0,8,0.0
2022-05-24 19:00:00,257.6,261.28,257.44,259.69,7958.0,8,0.0
2022-05-25 10:00:00,259.6,259.93,259.3,259.47,482.0,8,0.0
2022-05-25 11:00:00,259.47,259.99,257.64,258.06,785.0,20,0.0
2022-05-25 12:00:00,258.07,259.19,257.63,258.37,520.0,20,0.0
2022-05-25 13:00:00,258.38,261.3,257.48,259.21,7544.0,8,0.0
2022-05-25 14:00:00,259.23,260.82,257.08,259.61,10878.0,8,0.0
2022-05-25 15:00:00,259.6,260.05,258.09,259.43,6968.0,8,0.0
2022-05-25 16:00:00,259.44,260.12,258.51,259.73,5619.0,8,0.0
2022-05-25 17:00:00,259.71,260.58,258.65,260.25,4523.0,8,0.0
2022-05-25 18:00:00,260.25,264.13,258.71,263.65,14040.0,8,0.0
2022-05-25 19:00:00,263.66,264.52,262.01,262.72,5404.0,8,0.0
2022-05-26 10:00:00,262.76,263.89,262.76,263.61,655.0,20,0.0
2022-05-26 11:00:00,263.61,264.66,263.0,263.6,769.0,20,0.0
2022-05-26 12:00:00,263.6,263.66,262.45,263.54,765.0,20,0.0
2022-05-26 13:00:00,263.54,265.04,261.4,264.5,6435.0,8,0.0
2022-05-26 14:00:00,264.52,266.15,263.85,265.08,7999.0,8,0.0
2022-05-26 15:00:00,265.09,266.13,264.47,264.88,4419.0,8,0.0
2022-05-26 16:00:00,264.9,266.16,264.53,266.06,3227.0,8,0.0
2022-05-26 17:00:00,266.06,266.67,265.87,266.55,3298.0,8,0.0
2022-05-26 18:00:00,266.54,266.77,265.64,266.06,3611.0,8,0.0
2022-05-26 19:00:00,266.06,266.18,264.84,266.11,3990.0,8,0.0
2022-05-27 10:00:00,267.55,267.57,266.93,267.38,259.0,20,0.0
2022-05-27 11:00:00,267.3,267.33,266.0,266.0,320.0,20,0.0
2022-05-27 12:00:00,266.0,268.48,265.99,268.0,820.0,20,0.0
2022-05-27 13:00:00,267.95,270.9,267.11,270.75,7472.0,8,0.0
2022-05-27 14:00:00,270.76,272.23,270.5,271.13,6763.0,8,0.0
2022-05-27 15:00:00,271.13,272.3,270.73,272.17,4049.0,8,0.0
2022-05-27 16:00:00,272.17,272.39,271.15,271.57,3163.0,8,0.0
2022-05-27 17:00:00,271.58,271.93,270.64,270.82,2827.0,8,0.0
2022-05-27 18:00:00,270.82,271.06,270.37,271.06,2685.0,8,0.0
2022-05-27 19:00:00,271.05,272.46,270.88,272.19,2389.0,8,0.0
2022-05-31 10:00:00,271.99,272.69,271.59,272.49,544.0,8,0.0
2022-05-31 11:00:00,272.63,272.99,272.17,272.41,519.0,20,0.0
2022-05-31 12:00:00,272.43,272.43,270.83,271.09,477.0,20,0.0
2022-05-31 13:00:00,271.09,272.9,269.28,270.76,8178.0,8,0.0
2022-05-31 14:00:00,270.75,271.36,268.89,271.11,11001.0,8,0.0
2022-05-31 15:00:00,271.09,273.37,270.15,272.94,7450.0,8,0.0
2022-05-31 16:00:00,272.92,273.86,271.98,273.28,4746.0,8,0.0
2022-05-31 17:00:00,273.26,273.48,271.57,273.22,5241.0,8,0.0
2022-05-31 18:00:00,273.2,273.75,271.08,271.51,6093.0,8,0.0
2022-05-31 19:00:00,271.48,274.71,270.94,273.77,4936.0,8,0.0
2022-06-01 10:00:00,271.6,272.42,271.56,272.04,399.0,20,0.0
2022-06-01 11:00:00,272.01,273.8,271.98,273.6,613.0,20,0.0
2022-06-01 12:00:00,273.56,274.54,273.41,273.72,415.0,20,0.0
2022-06-01 13:00:00,273.78,277.62,273.47,277.24,9077.0,8,0.0
2022-06-01 14:00:00,277.23,277.47,271.6,273.45,11427.0,8,0.0
2022-06-01 15:00:00,273.47,273.47,270.9,271.23,8431.0,8,0.0
2022-06-01 16:00:00,271.22,271.35,270.01,270.75,6295.0,8,0.0
2022-06-01 17:00:00,270.76,272.03,270.24,271.63,6307.0,8,0.0
2022-06-01 18:00:00,271.61,274.41,271.49,273.55,7200.0,8,0.0
2022-06-01 19:00:00,273.57,274.53,272.99,273.88,5863.0,8,0.0
2022-06-02 10:00:00,274.18,274.62,273.92,274.59,299.0,20,0.0
2022-06-02 11:00:00,274.58,274.74,273.83,274.28,457.0,20,0.0
2022-06-02 12:00:00,274.43,274.49,273.23,273.28,442.0,20,0.0
2022-06-02 13:00:00,273.23,275.47,261.55,266.16,16786.0,8,0.0
2022-06-02 14:00:00,266.13,267.7,264.49,266.24,12786.0,8,0.0
2022-06-02 15:00:00,266.22,269.0,266.02,267.98,6337.0,8,0.0
2022-06-02 16:00:00,268.0,270.79,267.82,270.63,4590.0,8,0.0
2022-06-02 17:00:00,270.64,272.33,270.35,272.32,4609.0,8,0.0
2022-06-02 18:00:00,272.34,273.37,272.09,272.33,4318.0,8,0.0
2022-06-02 19:00:00,272.31,273.86,272.23,273.85,3812.0,8,0.0
2022-06-03 10:00:00,273.23,273.23,272.17,272.3,277.0,20,0.0
2022-06-03 11:00:00,272.3,272.98,271.55,271.6,697.0,20,0.0
2022-06-03 12:00:00,271.63,272.69,270.08,270.44,904.0,20,0.0
2022-06-03 13:00:00,270.38,272.79,269.46,272.08,8697.0,8,0.0
2022-06-03 14:00:00,272.09,273.38,270.43,270.74,12100.0,8,0.0
2022-06-03 15:00:00,270.72,270.77,268.36,269.29,5726.0,8,0.0
2022-06-03 16:00:00,269.28,270.82,268.84,270.65,4710.0,8,0.0
2022-06-03 17:00:00,270.67,271.45,269.13,269.7,5262.0,8,0.0
2022-06-03 18:00:00,269.72,270.75,269.47,270.13,4471.0,8,0.0
2022-06-03 19:00:00,270.14,270.35,268.44,269.32,3996.0,8,0.0
2022-06-06 10:00:00,273.09,273.55,273.0,273.5,290.0,20,0.0
2022-06-06 11:00:00,273.44,273.44,272.59,273.0,316.0,20,0.0
2022-06-06 12:00:00,273.0,273.43,272.61,272.65,310.0,20,0.0
2022-06-06 13:00:00,272.65,273.81,271.29,273.22,6959.0,8,0.0
2022-06-06 14:00:00,273.24,274.14,272.5,273.63,7809.0,8,0.0
2022-06-06 15:00:00,273.64,273.9,269.78,270.42,5901.0,8,0.0
2022-06-06 16:00:00,270.42,270.47,268.14,269.51,5520.0,8,0.0
2022-06-06 17:00:00,269.49,270.15,268.44,270.1,4639.0,8,0.0
2022-06-06 18:00:00,270.11,270.21,267.83,268.64,5302.0,8,0.0
2022-06-06 19:00:00,268.67,268.85,267.2,268.42,4165.0,8,0.0
2022-06-07 10:00:00,267.03,267.05,265.48,265.5,456.0,20,0.0
2022-06-07 11:00:00,265.51,266.76,265.51,266.58,645.0,20,0.0
2022-06-07 12:00:00,266.58,266.63,265.09,265.26,595.0,20,0.0
2022-06-07 13:00:00,265.26,269.43,265.22,268.39,6554.0,8,0.0
2022-06-07 14:00:00,268.39,271.94,267.58,270.88,7289.0,8,0.0
2022-06-07 15:00:00,270.88,271.53,269.81,270.64,5304.0,8,0.0
2022-06-07 16:00:00,270.65,270.99,269.56,270.7,4329.0,8,0.0
2022-06-07 17:00:00,270.71,271.18,270.44,270.69,3185.0,8,0.0
2022-06-07 18:00:00,270.71,272.04,270.59,271.62,3018.0,8,0.0
2022-06-07 19:00:00,271.61,272.7,271.56,272.36,2318.0,8,0.0
2022-06-08 10:00:00,271.42,272.14,270.82,271.89,829.0,20,0.0
2022-06-08 11:00:00,271.84,272.25,271.52,271.78,803.0,20,0.0
2022-06-08 12:00:00,271.77,271.98,270.95,271.28,363.0,20,0.0
2022-06-08 13:00:00,271.14,272.87,270.62,272.14,5169.0,8,0.0
2022-06-08 14:00:00,272.14,272.95,271.05,271.26,7761.0,8,0.0
2022-06-08 15:00:00,271.28,272.58,270.92,271.97,4854.0,8,0.0
2022-06-08 16:00:00,271.99,272.3,270.58,271.17,4525.0,8,0.0
2022-06-08 17:00:00,271.15,271.19,269.78,270.66,4012.0,8,0.0
2022-06-08 18:00:00,270.66,270.99,269.57,270.76,4065.0,8,0.0
2022-06-08 19:00:00,270.78,271.44,270.01,270.84,3216.0,8,0.0
2022-06-09 10:00:00,271.31,272.27,271.1,271.4,494.0,20,0.0
2022-06-09 11:00:00,271.33,271.63,270.57,270.59,601.0,20,0.0
2022-06-09 12:00:00,270.58,270.94,268.77,268.83,926.0,20,0.0
2022-06-09 13:00:00,268.82,272.06,267.09,271.94,6533.0,8,0.0
2022-06-09 14:00:00,271.96,272.66,270.75,271.24,10156.0,8,0.0
2022-06-09 15:00:00,271.26,272.21,270.1,271.2,6441.0,8,0.0
2022-06-09 16:00:00,271.22,271.88,270.23,271.64,4742.0,8,0.0
2022-06-09 17:00:00,271.66,271.97,270.09,270.83,4002.0,8,0.0
2022-06-09 18:00:00,270.82,270.84,268.28,268.3,4026.0,8,0.0
2022-06-09 19:00:00,268.32,268.34,266.29,266.42,3685.0,8,0.0
2022-06-10 10:00:00,265.15,265.57,264.85,265.01,511.0,20,0.0
2022-06-10 11:00:00,265.03,265.77,264.74,265.61,630.0,20,0.0
2022-06-10 12:00:00,265.54,266.43,260.03,260.03,1653.0,20,0.0
2022-06-10 13:00:00,259.97,261.3,255.62,256.24,9565.0,8,0.0
2022-06-10 14:00:00,256.12,256.13,253.93,254.02,10718.0,8,0.0
2022-06-10 15:00:00,254.03,255.45,253.99,255.15,6394.0,8,0.0
2022-06-10 16:00:00,255.14,255.52,254.09,254.34,4872.0,8,0.0
2022-06-10 17:00:00,254.34,255.59,253.85,255.03,4886.0,8,0.0
2022-06-10 18:00:00,255.04,256.11,254.47,255.87,4957.0,8,0.0
2022-06-10 19:00:00,255.88,256.43,254.5,254.78,5514.0,8,0.0
2022-06-13 10:00:00,245.94,246.77,245.77,246.43,543.0,40,0.0
2022-06-13 11:00:00,246.58,247.05,245.95,246.23,899.0,20,0.0
2022-06-13 12:00:00,246.23,247.25,246.2,246.82,883.0,20,0.0
2022-06-13 13:00:00,246.75,248.99,244.17,247.35,9841.0,8,0.0
2022-06-13 14:00:00,247.33,248.57,245.38,245.7,11323.0,8,0.0
2022-06-13 15:00:00,245.72,246.63,244.45,245.45,8505.0,8,0.0
2022-06-13 16:00:00,245.46,247.56,245.19,245.39,8598.0,8,0.0
2022-06-13 17:00:00,245.4,246.11,244.23,245.78,5363.0,8,0.0
2022-06-13 18:00:00,245.76,245.8,243.52,243.55,5871.0,8,0.0
2022-06-13 19:00:00,243.56,244.17,241.49,242.02,9518.0,8,0.0
2022-06-14 10:00:00,244.07,244.8,243.22,244.75,483.0,20,0.0
2022-06-14 11:00:00,244.74,244.74,243.12,243.15,651.0,20,0.0
2022-06-14 12:00:00,243.12,245.15,242.97,243.34,1074.0,20,0.0
2022-06-14 13:00:00,243.27,245.14,241.83,243.53,8299.0,8,0.0
2022-06-14 14:00:00,243.51,244.21,241.47,243.24,10805.0,6,0.0
2022-06-14 15:00:00,243.23,244.29,241.85,244.07,8785.0,8,0.0
2022-06-14 16:00:00,244.09,244.18,242.81,244.13,6393.0,8,0.0
2022-06-14 17:00:00,244.12,245.7,243.28,243.55,6006.0,8,0.0
2022-06-14 18:00:00,243.56,244.43,242.94,243.02,5244.0,8,0.0
2022-06-14 19:00:00,243.0,245.42,242.19,244.75,5044.0,8,0.0
2022-06-15 10:00:00,246.13,246.26,245.63,245.86,414.0,20,0.0
2022-06-15 11:00:00,245.89,247.63,245.34,247.54,673.0,20,0.0
2022-06-15 12:00:00,247.56,248.21,246.27,247.59,1071.0,20,0.0
2022-06-15 13:00:00,247.65,250.74,246.97,249.48,7171.0,8,0.0
2022-06-15 14:00:00,249.46,250.09,248.17,248.77,8411.0,8,0.0
2022-06-15 15:00:00,248.79,249.41,248.06,249.15,5395.0,8,0.0
2022-06-15 16:00:00,249.16,250.57,248.7,248.86,3690.0,8,0.0
2022-06-15 17:00:00,248.87,250.35,248.8,249.93,4048.0,8,0.0
2022-06-15 18:00:00,249.93,253.82,246.38,251.21,30126.0,8,0.0
2022-06-15 19:00:00,251.19,255.25,250.95,252.03,14813.0,8,0.0
2022-06-16 10:00:00,244.5,245.15,243.81,244.42,995.0,40,0.0
2022-06-16 11:00:00,244.57,245.74,244.38,245.26,1774.0,20,0.0
2022-06-16 12:00:00,245.34,247.75,245.05,246.24,850.0,40,0.0
2022-06-16 13:00:00,246.25,247.37,244.84,246.62,8075.0,8,0.0
2022-06-16 14:00:00,246.6,246.6,243.53,244.18,8452.0,8,0.0
2022-06-16 15:00:00,244.17,246.15,244.13,245.3,6077.0,8,0.0
2022-06-16 16:00:00,245.29,245.34,244.1,245.18,5840.0,8,0.0
2022-06-16 17:00:00,245.2,246.22,243.52,243.53,7353.0,8,0.0
2022-06-16 18:00:00,243.52,244.57,242.98,243.45,4668.0,8,0.0
2022-06-16 19:00:00,243.43,245.08,243.38,243.8,5851.0,8,0.0
2022-06-17 10:00:00,246.88,247.64,246.67,246.98,414.0,40,0.0
2022-06-17 11:00:00,246.92,248.09,246.92,247.1,592.0,20,0.0
2022-06-17 12:00:00,247.12,247.44,246.08,246.18,516.0,20,0.0
2022-06-17 13:00:00,246.18,248.86,243.93,247.71,8790.0,8,0.0
2022-06-17 14:00:00,247.74,247.85,243.94,245.04,11071.0,8,0.0
2022-06-17 15:00:00,245.06,248.58,244.38,246.82,9586.0,8,0.0
2022-06-17 16:00:00,246.83,248.75,246.33,248.57,7550.0,8,0.0
2022-06-17 17:00:00,248.59,250.42,248.48,249.63,6588.0,8,0.0
2022-06-17 18:00:00,249.65,250.37,249.14,249.3,6255.0,8,0.0
2022-06-17 19:00:00,249.32,249.89,248.05,248.76,6022.0,8,0.0
2022-06-21 10:00:00,251.33,251.63,250.92,251.52,237.0,40,0.0
2022-06-21 11:00:00,251.45,251.45,250.39,250.64,286.0,20,0.0
2022-06-21 12:00:00,250.64,251.5,249.97,250.07,479.0,20,0.0
2022-06-21 13:00:00,250.07,254.27,249.41,253.02,6573.0,8,0.0
2022-06-21 14:00:00,253.05,254.65,252.7,254.25,5743.0,8,0.0
2022-06-21 15:00:00,254.25,254.33,253.08,253.28,3764.0,8,0.0
2022-06-21 16:00:00,253.27,253.74,252.72,253.64,3768.0,8,0.0
2022-06-21 17:00:00,253.64,254.1,252.89,253.16,2743.0,8,0.0
2022-06-21 18:00:00,253.17,253.93,252.57,253.9,3352.0,8,0.0
2022-06-21 19:00:00,253.92,254.4,253.74,254.08,2407.0,8,0.0
2022-06-22 10:00:00,248.34,249.25,248.34,249.09,347.0,40,0.0
2022-06-22 11:00:00,249.11,249.61,249.04,249.25,325.0,20,0.0
2022-06-22 12:00:00,249.25,249.51,248.55,249.36,479.0,20,0.0
2022-06-22 13:00:00,249.37,254.44,248.85,253.92,7615.0,8,0.0
2022-06-22 14:00:00,253.94,257.09,253.27,256.97,8282.0,8,0.0
2022-06-22 15:00:00,256.99,257.05,253.97,254.01,6566.0,8,0.0
2022-06-22 16:00:00,253.99,254.89,253.34,254.82,5006.0,8,0.0
2022-06-22 17:00:00,254.84,255.5,254.29,255.01,3622.0,8,0.0
2022-06-22 18:00:00,255.01,256.4,254.96,255.51,3714.0,8,0.0
2022-06-22 19:00:00,255.53,255.96,252.69,253.29,4574.0,8,0.0
2022-06-23 10:00:00,254.85,256.27,254.14,256.09,546.0,20,0.0
2022-06-23 11:00:00,256.09,256.09,255.17,255.76,893.0,20,0.0
2022-06-23 12:00:00,255.72,255.82,253.57,254.35,707.0,20,0.0
2022-06-23 13:00:00,254.37,256.25,253.56,256.19,7911.0,8,0.0
2022-06-23 14:00:00,256.18,258.4,254.68,258.3,12476.0,8,0.0
2022-06-23 15:00:00,258.28,258.34,256.3,256.37,6292.0,8,0.0
2022-06-23 16:00:00,256.38,256.58,254.81,255.29,6186.0,8,0.0
2022-06-23 17:00:00,255.29,256.96,254.82,256.94,5592.0,8,0.0
2022-06-23 18:00:00,256.95,258.28,256.74,257.86,4170.0,8,0.0
2022-06-23 19:00:00,257.84,258.78,257.5,258.44,3334.0,8,0.0
2022-06-24 10:00:00,261.76,261.96,261.44,261.6,258.0,40,0.0
2022-06-24 11:00:00,261.58,261.83,261.11,261.52,253.0,20,0.0
2022-06-24 12:00:00,261.49,261.51,260.95,261.24,342.0,20,0.0
2022-06-24 13:00:00,261.24,266.44,261.14,264.13,5862.0,8,0.0
2022-06-24 14:00:00,264.16,266.64,263.97,264.79,8031.0,8,0.0
2022-06-24 15:00:00,264.79,265.56,263.38,264.24,4570.0,8,0.0
2022-06-24 16:00:00,264.26,264.62,263.33,264.17,2865.0,8,0.0
2022-06-24 17:00:00,264.17,264.35,263.56,263.86,2410.0,8,0.0
2022-06-24 18:00:00,263.87,265.08,263.61,264.96,2142.0,8,0.0
2022-06-24 19:00:00,264.97,265.54,264.58,265.51,1376.0,8,0.0
2022-06-27 10:00:00,269.07,269.07,268.32,268.61,234.0,40,0.0
2022-06-27 11:00:00,268.61,269.19,268.51,268.96,221.0,40,0.0
2022-06-27 12:00:00,268.96,269.05,267.5,267.81,477.0,20,0.0
2022-06-27 13:00:00,267.76,268.68,264.73,265.46,6085.0,8,0.0
2022-06-27 14:00:00,265.47,267.09,265.11,266.97,7597.0,8,0.0
2022-06-27 15:00:00,266.96,267.09,265.04,265.9,4695.0,8,0.0
2022-06-27 16:00:00,265.91,266.03,264.54,265.49,4363.0,8,0.0
2022-06-27 17:00:00,265.48,265.59,264.28,264.47,3953.0,8,0.0
2022-06-27 18:00:00,264.46,265.37,264.23,264.66,3717.0,8,0.0
2022-06-27 19:00:00,264.66,264.82,263.68,264.69,3824.0,8,0.0
2022-06-28 10:00:00,265.32,265.96,265.11,265.8,312.0,20,0.0
2022-06-28 11:00:00,265.8,266.48,265.75,266.27,454.0,20,0.0
2022-06-28 12:00:00,266.29,266.39,264.57,265.24,495.0,20,0.0
2022-06-28 13:00:00,265.25,266.82,262.96,263.21,7096.0,8,0.0
2022-06-28 14:00:00,263.2,263.47,261.34,262.31,7695.0,8,0.0
2022-06-28 15:00:00,262.3,262.3,258.88,259.2,5905.0,8,0.0
2022-06-28 16:00:00,259.2,259.4,258.03,259.01,5014.0,8,0.0
2022-06-28 17:00:00,258.99,259.22,257.95,258.8,4811.0,8,0.0
2022-06-28 18:00:00,258.81,259.32,256.81,257.39,3684.0,8,0.0
2022-06-28 19:00:00,257.38,257.56,256.45,256.78,3686.0,8,0.0
2022-06-29 10:00:00,255.62,255.98,255.26,255.85,435.0,20,0.0
2022-06-29 11:00:00,255.85,256.9,255.54,256.73,418.0,20,0.0
2022-06-29 12:00:00,256.79,257.62,255.47,256.35,782.0,20,0.0
2022-06-29 13:00:00,256.44,260.7,255.71,260.65,8004.0,8,0.0
2022-06-29 14:00:00,260.63,261.85,259.26,260.83,11513.0,8,0.0
2022-06-29 15:00:00,260.84,261.86,260.07,260.25,7185.0,8,0.0
2022-06-29 16:00:00,260.23,260.45,258.54,259.6,5590.0,8,0.0
2022-06-29 17:00:00,259.6,260.46,259.08,260.46,4202.0,8,0.0
2022-06-29 18:00:00,260.44,261.52,259.83,259.86,3786.0,8,0.0
2022-06-29 19:00:00,259.86,260.73,259.49,259.79,3913.0,8,0.0
2022-06-30 10:00:00,255.0,255.53,254.37,255.32,244.0,60,0.0
2022-06-30 11:00:00,255.33,255.99,254.81,255.32,415.0,40,0.0
2022-06-30 12:00:00,255.33,258.17,254.99,255.83,866.0,40,0.0
2022-06-30 13:00:00,255.83,258.78,254.55,254.62,7129.0,8,0.0
2022-06-30 14:00:00,254.63,256.84,252.82,256.76,10251.0,8,0.0
2022-06-30 15:00:00,256.74,258.57,256.09,258.41,6910.0,8,0.0
2022-06-30 16:00:00,258.41,259.46,256.88,258.58,5870.0,8,0.0
2022-06-30 17:00:00,258.57,259.18,257.15,258.82,4977.0,8,0.0
2022-06-30 18:00:00,258.8,259.08,256.51,256.85,6154.0,8,0.0
2022-06-30 19:00:00,256.86,258.55,255.12,257.08,6171.0,8,0.0
2022-07-01 10:00:00,256.88,257.25,255.24,255.51,828.0,20,0.0
2022-07-01 11:00:00,255.57,256.36,254.83,255.03,739.0,20,0.0
2022-07-01 12:00:00,255.04,256.74,254.9,256.42,599.0,20,0.0
2022-07-01 13:00:00,256.4,258.27,254.53,257.7,8004.0,8,0.0
2022-07-01 14:00:00,257.72,258.8,254.88,255.97,12596.0,8,0.0
2022-07-01 15:00:00,255.95,257.39,255.48,255.94,8466.0,8,0.0
2022-07-01 16:00:00,255.95,257.01,255.39,255.95,5275.0,8,0.0
2022-07-01 17:00:00,255.93,257.64,255.8,257.51,4839.0,8,0.0
2022-07-01 18:00:00,257.49,258.79,256.87,258.63,3877.0,8,0.0
2022-07-01 19:00:00,258.63,259.65,258.12,259.26,4022.0,8,0.0
2022-07-05 10:00:00,257.35,258.57,257.25,258.19,180.0,40,0.0
2022-07-05 11:00:00,258.18,258.48,256.91,256.95,327.0,40,0.0
2022-07-05 12:00:00,256.95,256.95,255.47,255.83,506.0,20,0.0
2022-07-05 13:00:00,255.84,256.76,254.66,256.11,8244.0,8,0.0
2022-07-05 14:00:00,256.09,258.69,255.47,257.15,11134.0,8,0.0
2022-07-05 15:00:00,257.13,258.01,255.87,257.28,7427.0,8,0.0
2022-07-05 16:00:00,257.29,258.45,256.48,257.48,5517.0,8,0.0
2022-07-05 17:00:00,257.48,260.22,257.42,259.56,4550.0,8,0.0
2022-07-05 18:00:00,259.58,262.17,258.97,262.02,4800.0,8,0.0
2022-07-05 19:00:00,262.03,262.65,260.89,262.18,4532.0,8,0.0
2022-07-06 10:00:00,262.76,263.32,262.52,262.64,342.0,20,0.0
2022-07-06 11:00:00,262.63,262.67,261.67,261.76,652.0,20,0.0
2022-07-06 12:00:00,261.76,263.6,261.4,262.99,690.0,20,0.0
2022-07-06 13:00:00,262.99,265.26,262.34,265.13,8644.0,8,0.0
2022-07-06 14:00:00,265.12,266.07,263.54,264.86,11103.0,8,0.0
2022-07-06 15:00:00,264.86,264.96,262.74,264.1,6186.0,8,0.0
2022-07-06 16:00:00,264.1,264.66,263.8,264.51,3981.0,8,0.0
2022-07-06 17:00:00,264.53,265.25,264.47,265.02,3024.0,8,0.0
2022-07-06 18:00:00,265.02,267.23,264.11,267.23,11672.0,8,0.0
2022-07-06 19:00:00,267.25,267.9,266.6,266.69,3866.0,8,0.0
2022-07-07 10:00:00,265.99,266.32,265.19,266.12,600.0,20,0.0
2022-07-07 11:00:00,266.31,267.08,266.13,267.08,530.0,20,0.0
2022-07-07 12:00:00,267.08,267.18,265.9,266.28,604.0,20,0.0
2022-07-07 13:00:00,266.21,268.1,264.5,267.65,5363.0,8,0.0
2022-07-07 14:00:00,267.67,268.98,266.79,267.99,6800.0,8,0.0
2022-07-07 15:00:00,268.01,268.47,266.98,267.94,4088.0,8,0.0
2022-07-07 16:00:00,267.96,267.99,267.3,267.62,2986.0,8,0.0
2022-07-07 17:00:00,267.61,268.0,267.19,267.97,2381.0,8,0.0
2022-07-07 18:00:00,267.96,268.28,267.55,267.74,2061.0,8,0.0
2022-07-07 19:00:00,267.74,268.89,267.65,267.92,1833.0,8,0.0
2022-07-08 10:00:00,266.95,268.12,266.37,266.42,445.0,20,0.0
2022-07-08 11:00:00,266.6,267.72,266.6,267.43,572.0,20,0.0
2022-07-08 12:00:00,267.45,267.51,263.95,265.5,1115.0,20,0.0
2022-07-08 13:00:00,265.48,266.17,263.38,263.82,6816.0,8,0.0
2022-07-08 14:00:00,263.84,265.73,263.21,265.68,7548.0,8,0.0
2022-07-08 15:00:00,265.7,267.94,265.66,267.91,3912.0,8,0.0
2022-07-08 16:00:00,267.92,267.94,265.13,265.27,4523.0,8,0.0
2022-07-08 17:00:00,265.28,266.88,264.96,266.57,3367.0,8,0.0
2022-07-08 18:00:00,266.55,267.8,266.19,267.67,3013.0,8,0.0
2022-07-08 19:00:00,267.68,267.86,267.05,267.53,3282.0,8,0.0
2022-07-11 10:00:00,265.36,266.02,265.23,265.77,346.0,20,0.0
2022-07-11 11:00:00,265.87,266.26,265.01,265.29,409.0,20,0.0
2022-07-11 12:00:00,265.32,265.77,265.04,265.55,307.0,20,0.0
2022-07-11 13:00:00,265.63,265.78,262.09,262.46,5927.0,8,0.0
2022-07-11 14:00:00,262.44,265.05,262.19,263.93,6847.0,8,0.0
2022-07-11 15:00:00,263.91,264.91,263.8,264.66,4429.0,8,0.0
2022-07-11 16:00:00,264.64,265.29,264.3,264.76,2933.0,8,0.0
2022-07-11 17:00:00,264.76,266.44,264.7,265.96,2821.0,8,0.0
2022-07-11 18:00:00,265.96,266.02,264.59,264.59,2875.0,8,0.0
2022-07-11 19:00:00,264.57,264.75,263.93,264.42,2694.0,8,0.0
2022-07-12 10:00:00,262.41,263.94,262.38,263.3,806.0,20,0.0
2022-07-12 11:00:00,263.24,265.73,263.06,264.23,1124.0,20,0.0
2022-07-12 12:00:00,264.14,265.23,263.84,264.73,757.0,40,0.0
2022-07-12 13:00:00,264.86,266.08,258.66,258.68,7505.0,8,0.0
2022-07-12 14:00:00,258.65,258.65,255.85,257.19,10777.0,8,0.0
2022-07-12 15:00:00,257.22,257.97,256.49,256.93,5226.0,8,0.0
2022-07-12 16:00:00,256.92,257.89,256.72,257.61,3850.0,8,0.0
2022-07-12 17:00:00,257.61,258.16,256.34,256.5,3158.0,8,0.0
2022-07-12 18:00:00,256.51,256.54,254.63,254.68,2506.0,8,0.0
2022-07-12 19:00:00,254.67,254.67,251.96,252.59,3952.0,8,0.0
2022-07-13 10:00:00,254.74,254.74,254.22,254.6,109.0,40,0.0
2022-07-13 11:00:00,254.67,255.17,254.13,255.15,344.0,20,0.0
2022-07-13 12:00:00,255.15,256.26,246.82,250.04,1723.0,20,0.0
2022-07-13 13:00:00,250.03,252.28,248.23,250.03,10817.0,8,0.0
2022-07-13 14:00:00,250.05,250.85,248.24,250.42,12231.0,8,0.0
2022-07-13 15:00:00,250.44,251.84,249.26,250.46,7355.0,8,0.0
2022-07-13 16:00:00,250.48,252.7,250.43,252.7,4887.0,8,0.0
2022-07-13 17:00:00,252.68,253.45,251.81,252.39,4618.0,8,0.0
2022-07-13 18:00:00,252.38,252.92,250.44,252.9,7626.0,8,0.0
2022-07-13 19:00:00,252.89,253.33,251.84,252.03,4504.0,8,0.0
2022-07-14 10:00:00,250.33,250.93,250.01,250.61,625.0,20,0.0
2022-07-14 11:00:00,250.61,250.78,249.77,250.27,499.0,20,0.0
2022-07-14 12:00:00,250.28,250.9,249.7,250.25,657.0,20,0.0
2022-07-14 13:00:00,250.21,251.25,247.73,247.75,7550.0,8,0.0
2022-07-14 14:00:00,247.73,249.45,245.86,248.51,8018.0,8,0.0
2022-07-14 15:00:00,248.53,251.98,248.34,251.45,9325.0,8,0.0
2022-07-14 16:00:00,251.47,251.83,249.78,250.37,5126.0,8,0.0
2022-07-14 17:00:00,250.39,253.02,250.12,252.74,4711.0,8,0.0
2022-07-14 18:00:00,252.75,254.95,252.63,254.33,4308.0,8,0.0
2022-07-14 19:00:00,254.33,255.04,253.57,254.17,3318.0,8,0.0
2022-07-15 10:00:00,254.46,254.67,254.11,254.63,287.0,20,0.0
2022-07-15 11:00:00,254.66,254.86,253.58,253.68,512.0,20,0.0
2022-07-15 12:00:00,253.71,255.99,252.82,255.52,1092.0,20,0.0
2022-07-15 13:00:00,255.52,258.57,253.95,257.7,6661.0,8,0.0
2022-07-15 14:00:00,257.73,260.28,257.73,258.7,9427.0,8,0.0
2022-07-15 15:00:00,258.72,259.23,257.06,257.13,4312.0,8,0.0
2022-07-15 16:00:00,257.13,257.3,255.88,256.09,3552.0,8,0.0
2022-07-15 17:00:00,256.1,256.54,255.13,255.78,2656.0,8,0.0
2022-07-15 18:00:00,255.78,255.86,254.7,255.46,2725.0,8,0.0
2022-07-15 19:00:00,255.48,256.0,255.05,255.87,1842.0,8,0.0
2022-07-18 10:00:00,259.47,260.02,259.37,259.96,121.0,20,0.0
2022-07-18 11:00:00,259.9,259.98,259.55,259.65,186.0,20,0.0
2022-07-18 12:00:00,259.67,259.81,258.39,259.04,421.0,20,0.0
2022-07-18 13:00:00,259.04,260.46,258.38,259.82,6807.0,8,0.0
2022-07-18 14:00:00,259.8,260.74,257.6,258.29,7090.0,8,0.0
2022-07-18 15:00:00,258.31,258.83,256.83,258.72,3876.0,8,0.0
2022-07-18 16:00:00,258.74,259.19,258.29,258.58,2672.0,8,0.0
2022-07-18 17:00:00,258.57,258.76,255.58,255.77,3756.0,8,0.0
2022-07-18 18:00:00,255.75,256.38,255.15,255.16,4869.0,8,0.0
2022-07-18 19:00:00,255.18,255.62,253.85,253.98,4174.0,8,0.0
2022-07-19 10:00:00,255.7,256.65,255.65,256.5,377.0,20,0.0
2022-07-19 11:00:00,256.47,256.5,255.82,256.27,525.0,20,0.0
2022-07-19 12:00:00,256.24,256.48,255.75,256.37,477.0,20,0.0
2022-07-19 13:00:00,256.37,258.14,253.6,255.42,7193.0,8,0.0
2022-07-19 14:00:00,255.44,257.11,253.97,256.96,6860.0,8,0.0
2022-07-19 15:00:00,256.97,257.94,256.77,257.42,3169.0,8,0.0
2022-07-19 16:00:00,257.43,257.95,256.65,257.88,2804.0,8,0.0
2022-07-19 17:00:00,257.87,258.81,257.44,258.73,2189.0,8,0.0
2022-07-19 18:00:00,258.72,259.12,257.68,258.54,2738.0,8,0.0
2022-07-19 19:00:00,258.56,259.13,258.22,258.98,2429.0,8,0.0
2022-07-20 10:00:00,259.52,259.61,257.87,258.47,491.0,20,0.0
2022-07-20 11:00:00,258.47,258.59,258.15,258.23,179.0,20,0.0
2022-07-20 12:00:00,258.23,258.8,257.91,258.64,418.0,20,0.0
2022-07-20 13:00:00,258.65,261.63,258.51,260.01,6667.0,8,0.0
2022-07-20 14:00:00,260.03,263.08,259.52,263.08,5838.0,8,0.0
2022-07-20 15:00:00,263.06,263.7,262.01,263.68,3690.0,8,0.0
2022-07-20 16:00:00,263.69,264.78,261.85,262.85,3695.0,8,0.0
2022-07-20 17:00:00,262.84,263.0,260.21,261.01,6350.0,8,0.0
2022-07-20 18:00:00,261.0,262.88,260.98,262.07,4590.0,8,0.0
2022-07-20 19:00:00,262.08,262.93,261.8,262.43,3274.0,8,0.0
2022-07-21 10:00:00,260.06,260.6,259.95,260.07,222.0,40,0.0
2022-07-21 11:00:00,260.21,260.35,259.86,260.14,248.0,20,0.0
2022-07-21 12:00:00,260.13,261.94,260.1,261.14,692.0,20,0.0
2022-07-21 13:00:00,261.15,261.5,256.96,260.1,11082.0,8,0.0
2022-07-21 14:00:00,260.09,261.23,257.23,259.05,10559.0,8,0.0
2022-07-21 15:00:00,259.03,261.5,258.89,261.29,4937.0,8,0.0
2022-07-21 16:00:00,261.28,264.29,261.21,264.15,4325.0,8,0.0
2022-07-21 17:00:00,264.15,264.54,263.1,263.7,4407.0,8,0.0
2022-07-21 18:00:00,263.71,264.28,263.22,263.65,3534.0,8,0.0
2022-07-21 19:00:00,263.66,264.49,263.43,264.07,3187.0,8,0.0
2022-07-22 10:00:00,264.32,264.69,263.99,264.45,358.0,20,0.0
2022-07-22 11:00:00,264.41,265.3,264.1,265.3,563.0,20,0.0
2022-07-22 12:00:00,265.27,265.45,264.88,265.2,285.0,20,0.0
2022-07-22 13:00:00,265.2,265.64,262.34,263.12,8371.0,8,0.0
2022-07-22 14:00:00,263.14,263.84,261.83,262.55,7324.0,8,0.0
2022-07-22 15:00:00,262.53,262.62,259.59,260.74,5486.0,8,0.0
2022-07-22 16:00:00,260.74,261.03,259.28,260.32,4701.0,8,0.0
2022-07-22 17:00:00,260.34,260.34,258.98,259.82,3626.0,8,0.0
2022-07-22 18:00:00,259.84,260.19,259.06,259.92,3944.0,8,0.0
2022-07-22 19:00:00,259.93,260.82,259.44,259.95,3324.0,8,0.0
2022-07-25 10:00:00,261.74,262.11,261.37,261.64,248.0,20,0.0
2022-07-25 11:00:00,261.67,261.73,261.11,261.32,327.0,20,0.0
2022-07-25 12:00:00,261.32,261.76,261.19,261.65,350.0,20,0.0
2022-07-25 13:00:00,261.48,261.64,257.06,257.99,7201.0,8,0.0
2022-07-25 14:00:00,258.01,259.09,256.75,258.79,8309.0,8,0.0
2022-07-25 15:00:00,258.79,259.59,257.79,259.11,4933.0,8,0.0
2022-07-25 16:00:00,259.12,259.52,258.02,258.98,4790.0,8,0.0
2022-07-25 17:00:00,258.98,259.59,258.14,258.14,3243.0,8,0.0
2022-07-25 18:00:00,258.15,258.29,257.2,257.36,3031.0,8,0.0
2022-07-25 19:00:00,257.35,257.76,256.8,257.65,3104.0,8,0.0
2022-07-26 10:00:00,259.07,259.14,257.66,258.43,197.0,40,0.0
2022-07-26 11:00:00,258.44,258.55,257.79,258.34,185.0,40,0.0
2022-07-26 12:00:00,258.26,258.93,257.99,258.39,325.0,20,0.0
2022-07-26 13:00:00,258.4,260.49,253.59,255.55,7049.0,8,0.0
2022-07-26 14:00:00,255.53,255.86,252.78,253.52,5260.0,8,0.0
2022-07-26 15:00:00,253.53,253.72,250.56,250.93,3512.0,8,0.0
2022-07-26 16:00:00,250.92,251.41,249.84,250.18,3570.0,8,0.0
2022-07-26 17:00:00,250.17,251.26,249.92,250.04,2770.0,8,0.0
2022-07-26 18:00:00,250.05,251.35,249.6,250.19,3214.0,8,0.0
2022-07-26 19:00:00,250.19,251.58,249.48,251.35,2732.0,8,0.0
2022-07-27 10:00:00,260.77,261.46,260.65,261.39,213.0,60,0.0
2022-07-27 11:00:00,261.39,261.54,259.02,260.09,617.0,40,0.0
2022-07-27 12:00:00,260.09,261.91,258.69,260.89,1312.0,20,0.0
2022-07-27 13:00:00,260.88,264.9,258.74,263.63,10829.0,8,0.0
2022-07-27 14:00:00,263.61,264.83,262.56,263.12,6113.0,8,0.0
2022-07-27 15:00:00,263.11,264.78,262.89,264.25,4203.0,8,0.0
2022-07-27 16:00:00,264.26,265.46,263.49,263.79,3130.0,8,0.0
2022-07-27 17:00:00,263.78,264.39,263.64,264.11,2727.0,8,0.0
2022-07-27 18:00:00,264.1,268.92,263.78,267.84,12340.0,8,0.0
2022-07-27 19:00:00,267.83,269.46,267.49,268.96,5763.0,8,0.0
2022-07-28 10:00:00,266.39,267.28,266.35,267.12,253.0,40,0.0
2022-07-28 11:00:00,267.19,267.52,266.82,266.82,272.0,20,0.0
2022-07-28 12:00:00,266.9,268.48,265.57,267.43,969.0,20,0.0
2022-07-28 13:00:00,267.38,271.34,267.14,269.5,10297.0,8,0.0
2022-07-28 14:00:00,269.52,273.14,269.48,273.14,11560.0,8,0.0
2022-07-28 15:00:00,273.15,275.18,273.0,274.05,6413.0,8,0.0
2022-07-28 16:00:00,274.07,274.76,273.5,273.97,3842.0,8,0.0
2022-07-28 17:00:00,273.97,277.0,273.74,276.65,3858.0,8,0.0
2022-07-28 18:00:00,276.65,277.32,275.81,277.1,3545.0,8,0.0
2022-07-28 19:00:00,277.09,277.75,276.39,276.51,2718.0,8,0.0
2022-07-29 10:00:00,277.59,278.01,277.31,277.56,546.0,20,0.0
2022-07-29 11:00:00,277.54,278.0,277.37,277.6,415.0,20,0.0
2022-07-29 12:00:00,277.57,277.63,276.41,276.84,593.0,20,0.0
2022-07-29 13:00:00,276.84,279.25,275.89,279.21,7446.0,8,0.0
2022-07-29 14:00:00,279.23,281.02,278.77,279.55,7046.0,8,0.0
2022-07-29 15:00:00,279.53,279.54,277.22,279.24,5333.0,8,0.0
2022-07-29 16:00:00,279.24,279.9,278.11,279.65,3600.0,8,0.0
2022-07-29 17:00:00,279.67,279.98,278.94,279.81,2713.0,8,0.0
2022-07-29 18:00:00,279.83,280.74,279.61,280.56,2448.0,8,0.0
2022-07-29 19:00:00,280.58,281.62,280.49,281.53,2109.0,8,0.0
2022-08-01 10:00:00,279.59,279.66,279.25,279.4,97.0,40,0.0
2022-08-01 11:00:00,279.4,279.89,278.59,279.54,496.0,20,0.0
2022-08-01 12:00:00,279.55,279.68,278.46,278.58,377.0,20,0.0
2022-08-01 13:00:00,278.51,278.9,276.66,278.56,7049.0,8,0.0
2022-08-01 14:00:00,278.43,281.11,277.63,281.03,6860.0,8,0.0
2022-08-01 15:00:00,281.04,281.17,279.77,280.24,4606.0,8,0.0
2022-08-01 16:00:00,280.26,280.39,278.14,278.68,4259.0,8,0.0
2022-08-01 17:00:00,278.67,278.68,275.74,277.03,4658.0,8,0.0
2022-08-01 18:00:00,277.03,278.2,276.47,278.13,4286.0,8,0.0
2022-08-01 19:00:00,278.13,278.74,277.62,278.0,3028.0,8,0.0
2022-08-02 10:00:00,275.15,275.49,274.64,275.45,304.0,40,0.0
2022-08-02 11:00:00,275.47,276.41,275.47,275.89,575.0,20,0.0
2022-08-02 12:00:00,275.86,276.23,275.38,275.95,338.0,20,0.0
2022-08-02 13:00:00,275.95,276.6,272.87,273.75,7933.0,8,0.0
2022-08-02 14:00:00,273.76,275.66,272.3,274.85,9262.0,8,0.0
2022-08-02 15:00:00,274.86,275.47,274.07,274.73,4868.0,8,0.0
2022-08-02 16:00:00,274.75,277.78,274.71,277.15,4083.0,8,0.0
2022-08-02 17:00:00,277.15,277.19,273.36,273.94,5655.0,8,0.0
2022-08-02 18:00:00,273.96,275.24,273.79,274.88,4808.0,8,0.0
2022-08-02 19:00:00,274.86,275.53,274.06,275.13,3970.0,8,0.0
2022-08-03 10:00:00,276.04,276.16,275.53,275.81,236.0,20,0.0
2022-08-03 11:00:00,275.81,276.34,275.32,275.79,439.0,20,0.0
2022-08-03 12:00:00,275.79,277.5,275.6,277.01,485.0,20,0.0
2022-08-03 13:00:00,277.05,279.11,276.47,278.79,5700.0,8,0.0
2022-08-03 14:00:00,278.77,280.2,277.98,278.74,6764.0,8,0.0
2022-08-03 15:00:00,278.76,281.33,278.49,281.18,4094.0,8,0.0
2022-08-03 16:00:00,281.19,282.76,280.54,282.25,3870.0,8,0.0
2022-08-03 17:00:00,282.27,283.41,282.26,282.97,3125.0,8,0.0
2022-08-03 18:00:00,282.99,282.99,282.24,282.59,2729.0,8,0.0
2022-08-03 19:00:00,282.58,283.13,282.26,282.93,2157.0,8,0.0
2022-08-04 10:00:00,282.03,283.21,281.97,282.8,273.0,20,0.0
2022-08-04 11:00:00,282.8,282.95,281.56,281.72,605.0,20,0.0
2022-08-04 12:00:00,281.72,282.74,281.32,282.53,330.0,20,0.0
2022-08-04 13:00:00,282.61,283.33,281.06,282.67,6090.0,8,0.0
2022-08-04 14:00:00,282.65,283.28,280.09,281.66,7443.0,8,0.0
2022-08-04 15:00:00,281.65,282.86,280.46,282.69,4910.0,8,0.0
2022-08-04 16:00:00,282.69,283.66,281.28,281.28,3817.0,8,0.0
2022-08-04 17:00:00,281.26,282.97,281.26,282.56,2896.0,8,0.0
2022-08-04 18:00:00,282.57,283.2,282.02,282.98,3154.0,8,0.0
2022-08-04 19:00:00,282.98,283.61,282.64,282.65,2346.0,8,0.0
2022-08-05 10:00:00,283.55,283.72,283.0,283.56,1181.0,20,0.0
2022-08-05 11:00:00,283.56,283.71,283.09,283.69,307.0,20,0.0
2022-08-05 12:00:00,283.7,284.2,279.43,279.76,1079.0,20,0.0
2022-08-05 13:00:00,279.73,281.81,278.45,281.4,6899.0,8,0.0
2022-08-05 14:00:00,281.41,283.56,281.0,282.07,5928.0,8,0.0
2022-08-05 15:00:00,282.05,282.1,279.35,280.08,4756.0,8,0.0
2022-08-05 16:00:00,280.1,281.54,279.95,281.41,3599.0,8,0.0
2022-08-05 17:00:00,281.41,282.61,281.25,281.96,3197.0,8,0.0
2022-08-05 18:00:00,281.95,282.33,281.21,281.68,3028.0,8,0.0
2022-08-05 19:00:00,281.68,282.15,281.34,282.15,2581.0,8,0.0
2022-08-08 10:00:00,283.03,284.15,282.99,284.08,169.0,20,0.0
2022-08-08 11:00:00,284.05,284.31,283.65,284.2,294.0,20,0.0
2022-08-08 12:00:00,284.21,284.81,284.18,284.78,312.0,20,0.0
2022-08-08 13:00:00,284.78,285.76,282.28,285.16,4866.0,8,0.0
2022-08-08 14:00:00,285.17,285.81,283.01,283.38,5216.0,8,0.0
2022-08-08 15:00:00,283.38,284.05,281.01,282.43,4720.0,8,0.0
2022-08-08 16:00:00,282.42,282.46,280.19,281.11,4552.0,8,0.0
2022-08-08 17:00:00,281.09,281.4,279.9,280.6,3347.0,8,0.0
2022-08-08 18:00:00,280.62,280.63,279.2,279.84,4028.0,8,0.0
2022-08-08 19:00:00,279.84,280.28,279.38,280.22,2719.0,8,0.0
2022-08-09 10:00:00,280.21,280.24,278.09,278.79,330.0,8,0.0
2022-08-09 11:00:00,278.81,279.48,278.49,278.71,394.0,20,0.0
2022-08-09 12:00:00,278.73,279.45,278.4,278.72,335.0,20,0.0
2022-08-09 13:00:00,278.7,280.12,277.49,277.77,5848.0,8,0.0
2022-08-09 14:00:00,277.79,281.23,277.75,280.52,5907.0,8,0.0
2022-08-09 15:00:00,280.54,281.8,279.49,280.87,4537.0,8,0.0
2022-08-09 16:00:00,280.87,281.05,279.78,280.12,3512.0,8,0.0
2022-08-09 17:00:00,280.11,282.49,279.71,282.11,3081.0,8,0.0
2022-08-09 18:00:00,282.1,282.49,280.84,282.16,3952.0,8,0.0
2022-08-09 19:00:00,282.14,282.95,281.8,282.15,2578.0,8,0.0
2022-08-10 10:00:00,282.68,283.07,282.41,282.63,385.0,20,0.0
2022-08-10 11:00:00,282.63,283.72,282.49,283.7,199.0,20,0.0
2022-08-10 12:00:00,283.69,289.74,283.46,289.03,1441.0,20,0.0
2022-08-10 13:00:00,289.03,289.14,286.87,288.51,7019.0,8,0.0
2022-08-10 14:00:00,288.53,289.16,286.94,288.3,6376.0,8,0.0
2022-08-10 15:00:00,288.32,289.54,288.25,288.55,4010.0,8,0.0
2022-08-10 16:00:00,288.56,288.69,287.55,288.08,2944.0,8,0.0
2022-08-10 17:00:00,288.09,288.89,287.73,288.38,2537.0,8,0.0
2022-08-10 18:00:00,288.38,288.83,288.01,288.08,2441.0,8,0.0
2022-08-10 19:00:00,288.08,289.14,287.85,289.11,2169.0,8,0.0
2022-08-11 10:00:00,289.34,289.43,289.09,289.2,158.0,20,0.0
2022-08-11 11:00:00,289.19,289.67,289.14,289.62,207.0,20,0.0
2022-08-11 12:00:00,289.62,291.19,289.62,291.0,674.0,20,0.0
2022-08-11 13:00:00,290.91,290.96,288.41,288.83,3922.0,8,0.0
2022-08-11 14:00:00,288.83,290.32,287.78,288.26,4418.0,8,0.0
2022-08-11 15:00:00,288.27,288.61,286.93,288.42,5118.0,8,0.0
2022-08-11 16:00:00,288.42,288.95,287.75,288.47,3400.0,8,0.0
2022-08-11 17:00:00,288.48,289.06,288.07,288.21,3025.0,8,0.0
2022-08-11 18:00:00,288.21,288.21,286.4,287.04,3451.0,8,0.0
2022-08-11 19:00:00,287.03,287.46,286.45,286.9,2817.0,8,0.0
2022-08-12 10:00:00,288.46,288.5,288.28,288.31,93.0,40,0.0
2022-08-12 11:00:00,288.33,288.33,287.29,287.84,276.0,20,0.0
2022-08-12 12:00:00,287.83,288.72,287.51,288.21,390.0,20,0.0
2022-08-12 13:00:00,288.23,288.76,287.06,287.85,4612.0,8,0.0
2022-08-12 14:00:00,287.84,288.92,286.76,288.36,6090.0,8,0.0
2022-08-12 15:00:00,288.38,289.52,287.99,288.65,3557.0,8,0.0
2022-08-12 16:00:00,288.67,289.34,288.61,288.93,2137.0,8,0.0
2022-08-12 17:00:00,288.93,290.0,288.66,289.77,1679.0,8,0.0
2022-08-12 18:00:00,289.77,290.65,289.64,290.52,1796.0,8,0.0
2022-08-12 19:00:00,290.52,291.14,290.39,290.91,1732.0,8,0.0
2022-08-15 10:00:00,290.47,291.19,290.34,290.94,281.0,20,0.0
2022-08-15 11:00:00,290.97,291.29,290.0,290.17,255.0,20,0.0
2022-08-15 12:00:00,290.17,291.04,290.05,290.21,453.0,20,0.0
2022-08-15 13:00:00,290.15,292.23,290.04,291.76,3495.0,8,0.0
2022-08-15 14:00:00,291.75,291.78,289.74,290.07,4309.0,8,0.0
2022-08-15 15:00:00,290.09,292.38,289.84,292.28,3142.0,8,0.0
2022-08-15 16:00:00,292.3,292.52,291.86,292.37,2369.0,8,0.0
2022-08-15 17:00:00,292.38,292.83,292.16,292.76,2079.0,8,0.0
2022-08-15 18:00:00,292.76,293.75,292.43,293.46,2209.0,8,0.0
2022-08-15 19:00:00,293.47,293.58,292.88,292.96,1579.0,8,0.0
2022-08-16 10:00:00,292.32,292.32,292.0,292.15,41.0,20,0.0
2022-08-16 11:00:00,292.08,292.69,292.08,292.33,327.0,20,0.0
2022-08-16 12:00:00,292.31,292.56,291.63,292.12,329.0,20,0.0
2022-08-16 13:00:00,292.01,292.29,290.72,291.94,4355.0,8,0.0
2022-08-16 14:00:00,291.94,291.94,289.87,290.48,4808.0,8,0.0
2022-08-16 15:00:00,290.46,292.89,290.4,292.56,3220.0,8,0.0
2022-08-16 16:00:00,292.57,292.64,291.45,291.75,2194.0,8,0.0
2022-08-16 17:00:00,291.75,292.86,291.65,292.61,1733.0,8,0.0
2022-08-16 18:00:00,292.61,293.42,290.54,291.42,3367.0,8,0.0
2022-08-16 19:00:00,291.41,292.59,290.96,292.42,2502.0,8,0.0
2022-08-17 10:00:00,290.1,290.25,289.22,289.8,308.0,40,0.0
2022-08-17 11:00:00,289.82,290.27,289.36,289.54,403.0,20,0.0
2022-08-17 12:00:00,289.52,290.2,289.1,289.84,560.0,20,0.0
2022-08-17 13:00:00,289.85,292.27,289.03,292.06,5298.0,8,0.0
2022-08-17 14:00:00,292.04,292.42,290.15,290.5,5552.0,8,0.0
2022-08-17 15:00:00,290.52,291.66,290.18,290.44,3980.0,8,0.0
2022-08-17 16:00:00,290.45,291.77,290.43,291.47,2983.0,8,0.0
2022-08-17 17:00:00,291.47,291.92,290.93,291.59,2599.0,8,0.0
2022-08-17 18:00:00,291.59,293.31,291.31,292.09,8971.0,8,0.0
2022-08-17 19:00:00,292.09,292.66,290.88,291.21,3849.0,8,0.0
2022-08-18 10:00:00,291.12,291.54,291.08,291.18,243.0,8,0.0
2022-08-18 11:00:00,291.17,291.43,291.09,291.41,202.0,20,0.0
2022-08-18 12:00:00,291.42,291.98,291.36,291.52,343.0,20,0.0
2022-08-18 13:00:00,291.53,291.74,289.64,289.92,4577.0,8,0.0
2022-08-18 14:00:00,289.94,290.86,289.04,290.43,5413.0,8,0.0
2022-08-18 15:00:00,290.44,291.57,289.87,291.1,4059.0,8,0.0
2022-08-18 16:00:00,291.1,291.48,290.1,290.7,3260.0,8,0.0
2022-08-18 17:00:00,290.69,291.38,290.5,290.9,3011.0,8,0.0
2022-08-18 18:00:00,290.89,291.28,290.48,291.07,3436.0,8,0.0
2022-08-18 19:00:00,291.07,291.83,290.83,290.93,2665.0,8,0.0
2022-08-19 10:00:00,286.98,287.33,286.4,286.74,260.0,40,0.0
2022-08-19 11:00:00,286.74,287.89,286.59,287.29,496.0,20,0.0
2022-08-19 12:00:00,287.29,287.3,286.67,287.0,206.0,20,0.0
2022-08-19 13:00:00,287.05,289.22,286.29,286.54,5357.0,8,0.0
2022-08-19 14:00:00,286.51,287.59,286.22,286.24,4743.0,8,0.0
2022-08-19 15:00:00,286.23,287.16,285.88,286.43,3106.0,8,0.0
2022-08-19 16:00:00,286.43,287.07,286.22,286.68,2298.0,8,0.0
2022-08-19 17:00:00,286.69,286.87,285.57,286.36,2056.0,8,0.0
2022-08-19 18:00:00,286.35,286.53,285.76,286.03,2240.0,8,0.0
2022-08-19 19:00:00,286.02,286.68,285.53,286.28,1891.0,8,0.0
2022-08-22 10:00:00,281.32,281.89,281.32,281.62,130.0,60,0.0
2022-08-22 11:00:00,281.69,281.89,281.17,281.4,209.0,40,0.0
2022-08-22 12:00:00,281.33,281.4,280.5,280.94,249.0,40,0.0
2022-08-22 13:00:00,280.86,282.33,278.95,279.89,5006.0,8,0.0
2022-08-22 14:00:00,279.87,280.41,278.18,278.21,4514.0,8,0.0
2022-08-22 15:00:00,278.19,279.32,277.75,279.11,3232.0,8,0.0
2022-08-22 16:00:00,279.11,279.31,278.57,278.97,2753.0,8,0.0
2022-08-22 17:00:00,278.96,279.01,278.04,278.2,2362.0,8,0.0
2022-08-22 18:00:00,278.19,278.48,277.3,277.67,2209.0,8,0.0
2022-08-22 19:00:00,277.66,278.35,277.19,277.2,2056.0,8,0.0
2022-08-23 10:00:00,277.91,278.01,277.36,277.81,173.0,20,0.0
2022-08-23 11:00:00,277.79,277.86,277.48,277.86,153.0,20,0.0
2022-08-23 12:00:00,277.86,277.95,276.7,276.82,294.0,20,0.0
2022-08-23 13:00:00,276.77,278.35,276.12,277.3,4918.0,8,0.0
2022-08-23 14:00:00,277.32,278.8,276.1,276.17,6509.0,8,0.0
2022-08-23 15:00:00,276.18,276.85,275.87,276.52,4167.0,8,0.0
2022-08-23 16:00:00,276.53,276.67,275.36,276.54,3201.0,8,0.0
2022-08-23 17:00:00,276.54,277.28,276.14,276.71,3319.0,8,0.0
2022-08-23 18:00:00,276.72,277.48,276.53,277.0,2671.0,8,0.0
2022-08-23 19:00:00,276.98,277.43,276.55,276.68,2206.0,8,0.0
2022-08-24 10:00:00,276.1,276.24,275.76,275.77,134.0,20,0.0
2022-08-24 11:00:00,275.78,277.14,275.62,276.58,246.0,20,0.0
2022-08-24 12:00:00,276.58,277.16,275.92,276.15,444.0,20,0.0
2022-08-24 13:00:00,276.16,276.43,274.58,275.87,5219.0,8,0.0
2022-08-24 14:00:00,275.91,276.44,275.15,275.53,4949.0,8,0.0
2022-08-24 15:00:00,275.54,277.16,275.23,276.94,3387.0,8,0.0
2022-08-24 16:00:00,276.92,277.18,275.42,275.94,2606.0,8,0.0
2022-08-24 17:00:00,275.94,276.24,275.45,275.8,2115.0,8,0.0
2022-08-24 18:00:00,275.82,276.19,275.53,276.11,1943.0,8,0.0
2022-08-24 19:00:00,276.11,276.9,275.94,276.8,1523.0,8,0.0
2022-08-25 10:00:00,277.1,277.82,276.96,277.68,300.0,20,0.0
2022-08-25 11:00:00,277.58,278.05,277.37,277.59,314.0,20,0.0
2022-08-25 12:00:00,277.62,277.73,277.07,277.48,342.0,20,0.0
2022-08-25 13:00:00,277.52,277.7,274.51,276.69,4668.0,8,0.0
2022-08-25 14:00:00,276.71,277.61,276.58,276.89,4205.0,8,0.0
2022-08-25 15:00:00,276.88,277.03,274.98,275.73,3442.0,8,0.0
2022-08-25 16:00:00,275.73,276.02,275.19,275.7,3161.0,8,0.0
2022-08-25 17:00:00,275.7,276.77,275.48,276.74,2685.0,8,0.0
2022-08-25 18:00:00,276.74,276.91,276.06,276.5,2149.0,8,0.0
2022-08-25 19:00:00,276.49,277.94,276.38,277.9,1872.0,8,0.0
2022-08-26 10:00:00,277.05,277.56,276.88,277.5,106.0,20,0.0
2022-08-26 11:00:00,277.49,277.72,277.06,277.6,384.0,20,0.0
2022-08-26 12:00:00,277.59,278.96,277.31,278.83,563.0,20,0.0
2022-08-26 13:00:00,278.78,280.58,278.31,279.57,4736.0,8,0.0
2022-08-26 14:00:00,279.57,280.28,273.69,274.06,16802.0,8,0.0
2022-08-26 15:00:00,274.05,274.2,271.48,272.3,7604.0,8,0.0
2022-08-26 16:00:00,272.32,272.73,271.12,272.68,4098.0,8,0.0
2022-08-26 17:00:00,272.67,273.06,271.48,271.63,3266.0,8,0.0
2022-08-26 18:00:00,271.62,271.73,270.24,270.38,3050.0,8,0.0
2022-08-26 19:00:00,270.35,270.58,269.13,269.2,2194.0,8,0.0
2022-08-29 10:00:00,264.97,265.39,264.82,265.21,232.0,40,0.0
2022-08-29 11:00:00,265.26,265.38,264.83,265.13,317.0,40,0.0
2022-08-29 12:00:00,265.11,266.24,264.98,265.4,482.0,20,0.0
2022-08-29 13:00:00,265.52,267.3,264.92,265.13,5754.0,8,0.0
2022-08-29 14:00:00,265.11,266.55,264.18,264.25,7095.0,8,0.0
2022-08-29 15:00:00,264.26,265.29,263.82,265.1,5339.0,8,0.0
2022-08-29 16:00:00,265.1,266.57,264.67,265.99,4470.0,8,0.0
2022-08-29 17:00:00,266.0,266.72,265.46,265.75,3808.0,8,0.0
2022-08-29 18:00:00,265.75,265.86,264.67,265.39,3904.0,8,0.0
2022-08-29 19:00:00,265.37,266.44,265.32,266.3,3231.0,8,0.0
2022-08-30 10:00:00,267.98,268.46,267.8,267.8,228.0,40,0.0
2022-08-30 11:00:00,267.74,267.91,267.31,267.47,428.0,20,0.0
2022-08-30 12:00:00,267.55,267.56,266.27,266.52,453.0,20,0.0
2022-08-30 13:00:00,266.49,266.98,265.02,265.35,5895.0,8,0.0
2022-08-30 14:00:00,265.33,265.41,260.95,262.3,8015.0,8,0.0
2022-08-30 15:00:00,262.28,263.29,261.79,262.64,8317.0,8,0.0
2022-08-30 16:00:00,262.62,263.58,261.63,262.15,4759.0,8,0.0
2022-08-30 17:00:00,262.14,262.33,260.63,261.83,4196.0,8,0.0
2022-08-30 18:00:00,261.81,262.23,261.18,261.88,4569.0,8,0.0
2022-08-30 19:00:00,261.86,263.36,261.78,262.82,4147.0,8,0.0
2022-08-31 10:00:00,263.24,265.41,263.09,264.92,574.0,20,0.0
2022-08-31 11:00:00,264.86,264.92,263.98,264.2,609.0,20,0.0
2022-08-31 12:00:00,264.2,266.33,263.96,265.06,642.0,20,0.0
2022-08-31 13:00:00,265.07,267.07,263.9,265.74,7466.0,8,0.0
2022-08-31 14:00:00,265.75,265.8,263.22,263.85,9516.0,8,0.0
2022-08-31 15:00:00,263.85,264.84,262.14,264.55,6122.0,8,0.0
2022-08-31 16:00:00,264.57,264.86,263.38,263.64,4269.0,8,0.0
2022-08-31 17:00:00,263.62,264.0,262.33,262.84,3580.0,8,0.0
2022-08-31 18:00:00,262.82,263.51,262.0,262.36,3916.0,8,0.0
2022-08-31 19:00:00,262.36,263.87,262.1,263.5,3926.0,8,0.0
2022-09-01 10:00:00,258.88,259.39,258.86,259.3,191.0,60,0.0
2022-09-01 11:00:00,259.29,259.98,259.25,259.55,341.0,40,0.0
2022-09-01 12:00:00,259.58,259.75,258.26,258.48,527.0,20,0.0
2022-09-01 13:00:00,258.54,259.54,257.88,259.44,5907.0,8,0.0
2022-09-01 14:00:00,259.37,259.78,255.63,255.65,6903.0,8,0.0
2022-09-01 15:00:00,255.67,256.92,255.39,255.75,5451.0,8,0.0
2022-09-01 16:00:00,255.74,256.87,255.48,255.79,4107.0,8,0.0
2022-09-01 17:00:00,255.81,257.47,255.68,256.43,4058.0,8,0.0
2022-09-01 18:00:00,256.43,258.54,256.02,258.07,5933.0,8,0.0
2022-09-01 19:00:00,258.05,259.47,257.95,258.61,4330.0,8,0.0
2022-09-02 10:00:00,259.86,260.0,258.89,259.13,521.0,20,0.0
2022-09-02 11:00:00,259.18,259.7,258.79,259.23,235.0,20,0.0
2022-09-02 12:00:00,259.3,262.29,258.97,260.77,1031.0,20,0.0
2022-09-02 13:00:00,260.74,262.85,260.48,261.66,6397.0,8,0.0
2022-09-02 14:00:00,261.68,264.69,260.78,263.25,6688.0,8,0.0
2022-09-02 15:00:00,263.24,263.99,262.98,263.34,5021.0,8,0.0
2022-09-02 16:00:00,263.35,263.4,258.67,259.41,8286.0,8,0.0
2022-09-02 17:00:00,259.38,259.38,255.82,255.84,8834.0,8,0.0
2022-09-02 18:00:00,255.85,256.97,255.57,256.14,6501.0,8,0.0
2022-09-02 19:00:00,256.11,256.98,254.45,254.45,5024.0,8,0.0
2022-09-06 10:00:00,257.42,258.37,257.38,257.69,401.0,40,0.0
2022-09-06 11:00:00,257.69,257.69,256.22,256.94,501.0,20,0.0
2022-09-06 12:00:00,256.96,257.7,256.49,257.06,404.0,20,0.0
2022-09-06 13:00:00,256.93,257.77,254.66,255.48,5943.0,8,0.0
2022-09-06 14:00:00,255.49,256.83,252.64,256.43,10364.0,8,0.0
2022-09-06 15:00:00,256.45,257.05,255.18,256.05,9327.0,8,0.0
2022-09-06 16:00:00,256.03,256.15,253.43,254.28,6339.0,8,0.0
2022-09-06 17:00:00,254.26,254.28,251.91,252.9,5527.0,8,0.0
2022-09-06 18:00:00,252.91,254.12,252.83,253.38,6159.0,8,0.0
2022-09-06 19:00:00,253.4,254.26,252.55,253.5,5464.0,8,0.0
2022-09-07 10:00:00,253.7,253.72,253.13,253.63,354.0,8,0.0
2022-09-07 11:00:00,253.62,253.78,252.73,253.62,668.0,8,0.0
2022-09-07 12:00:00,253.68,254.58,253.44,254.29,491.0,20,0.0
2022-09-07 13:00:00,254.26,255.85,253.99,255.02,4731.0,8,0.0
2022-09-07 14:00:00,255.0,255.23,253.18,254.13,6653.0,8,0.0
2022-09-07 15:00:00,254.15,255.69,253.85,255.21,4190.0,8,0.0
2022-09-07 16:00:00,255.21,256.4,254.6,256.06,3633.0,8,0.0
2022-09-07 17:00:00,256.07,257.02,255.22,256.94,3558.0,8,0.0
2022-09-07 18:00:00,256.94,258.52,256.81,258.26,3872.0,8,0.0
2022-09-07 19:00:00,258.28,258.79,258.13,258.43,2713.0,8,0.0
2022-09-08 10:00:00,258.24,258.75,258.23,258.6,232.0,8,0.0
2022-09-08 11:00:00,258.59,258.63,257.77,258.01,275.0,8,0.0
2022-09-08 12:00:00,258.02,258.66,256.33,256.97,750.0,20,0.0
2022-09-08 13:00:00,256.94,258.4,255.48,257.82,9111.0,8,0.0
2022-09-08 14:00:00,257.85,259.66,256.35,259.64,8031.0,8,0.0
2022-09-08 15:00:00,259.66,260.38,258.73,258.81,4262.0,8,0.0
2022-09-08 16:00:00,258.81,258.96,254.75,256.24,7855.0,8,0.0
2022-09-08 17:00:00,256.25,257.82,255.42,256.77,5671.0,8,0.0
2022-09-08 18:00:00,256.76,257.78,256.27,256.67,5310.0,8,0.0
2022-09-08 19:00:00,256.65,257.42,256.01,256.5,3614.0,8,0.0
2022-09-09 10:00:00,261.22,261.67,260.94,261.59,264.0,40,0.0
2022-09-09 11:00:00,261.58,261.63,260.64,261.08,450.0,20,0.0
2022-09-09 12:00:00,261.11,261.46,261.0,261.12,274.0,20,0.0
2022-09-09 13:00:00,261.08,262.9,260.02,262.38,5799.0,8,0.0
2022-09-09 14:00:00,262.37,265.11,262.2,264.78,5562.0,8,0.0
2022-09-09 15:00:00,264.79,265.01,263.24,263.77,4230.0,8,0.0
2022-09-09 16:00:00,263.77,264.0,262.69,263.93,4227.0,8,0.0
2022-09-09 17:00:00,263.93,264.42,263.5,264.22,2192.0,8,0.0
2022-09-09 18:00:00,264.22,264.55,263.95,264.36,2372.0,8,0.0
2022-09-09 19:00:00,264.36,265.12,264.06,265.01,2062.0,8,0.0
2022-09-12 10:00:00,265.91,266.14,265.35,265.52,544.0,20,0.0
2022-09-12 11:00:00,265.46,265.68,265.01,265.63,476.0,20,0.0
2022-09-12 12:00:00,265.63,265.7,264.38,264.95,374.0,20,0.0
2022-09-12 13:00:00,265.01,267.31,264.66,266.9,3738.0,8,0.0
2022-09-12 14:00:00,266.92,267.38,266.28,266.66,4469.0,8,0.0
2022-09-12 15:00:00,266.68,267.21,265.33,265.6,3819.0,8,0.0
2022-09-12 16:00:00,265.6,266.36,265.16,266.14,4033.0,8,0.0
2022-09-12 17:00:00,266.14,266.96,265.6,266.83,2855.0,8,0.0
2022-09-12 18:00:00,266.83,266.88,265.8,266.45,3431.0,8,0.0
2022-09-12 19:00:00,266.43,266.75,265.79,266.45,2318.0,8,0.0
2022-09-13 10:00:00,267.74,268.4,267.74,268.32,154.0,40,0.0
2022-09-13 11:00:00,268.31,268.82,268.15,268.76,234.0,20,0.0
2022-09-13 12:00:00,268.7,269.35,258.93,259.19,1629.0,20,0.0
2022-09-13 13:00:00,259.03,260.37,257.38,257.4,7350.0,8,0.0
2022-09-13 14:00:00,257.38,257.66,255.57,255.74,7570.0,8,0.0
2022-09-13 15:00:00,255.75,255.93,254.59,255.21,5461.0,8,0.0
2022-09-13 16:00:00,255.19,256.03,254.94,255.83,4030.0,8,0.0
2022-09-13 17:00:00,255.81,256.91,255.47,255.74,3934.0,8,0.0
2022-09-13 18:00:00,255.75,255.85,253.98,254.18,3586.0,8,0.0
2022-09-13 19:00:00,254.17,254.28,251.79,252.04,3442.0,8,0.0
2022-09-14 10:00:00,253.96,254.18,253.11,253.4,174.0,40,0.0
2022-09-14 11:00:00,253.4,253.42,251.96,252.07,536.0,20,0.0
2022-09-14 12:00:00,252.11,253.5,252.03,253.35,679.0,20,0.0
2022-09-14 13:00:00,253.32,254.18,251.09,253.43,6164.0,8,0.0
2022-09-14 14:00:00,253.45,253.8,250.86,253.37,9236.0,8,0.0
2022-09-14 15:00:00,253.35,253.97,251.87,251.92,6083.0,8,0.0
2022-09-14 16:00:00,251.94,252.66,251.39,252.45,4839.0,8,0.0
2022-09-14 17:00:00,252.46,252.91,250.53,250.75,4325.0,8,0.0
2022-09-14 18:00:00,250.73,251.79,250.33,250.72,5345.0,8,0.0
2022-09-14 19:00:00,250.74,251.41,249.84,251.14,4784.0,8,0.0
2022-09-15 10:00:00,252.33,252.35,251.04,251.51,183.0,20,0.0
2022-09-15 11:00:00,251.53,252.08,251.4,251.54,316.0,20,0.0
2022-09-15 12:00:00,251.49,251.86,250.68,251.43,573.0,20,0.0
2022-09-15 13:00:00,251.47,251.71,248.31,250.35,6218.0,8,0.0
2022-09-15 14:00:00,250.36,251.35,245.55,245.59,7702.0,8,0.0
2022-09-15 15:00:00,245.6,247.35,245.16,245.77,6161.0,8,0.0
2022-09-15 16:00:00,245.75,246.6,245.23,246.52,4622.0,8,0.0
2022-09-15 17:00:00,246.53,248.39,246.52,246.98,5218.0,8,0.0
2022-09-15 18:00:00,246.98,247.03,245.45,245.57,4919.0,8,0.0
2022-09-15 19:00:00,245.59,245.69,243.98,244.83,3923.0,8,0.0
2022-09-16 10:00:00,243.11,243.62,242.69,243.51,191.0,40,0.0
2022-09-16 11:00:00,243.51,243.89,242.92,243.5,455.0,20,0.0
2022-09-16 12:00:00,243.46,243.53,242.54,242.69,416.0,20,0.0
2022-09-16 13:00:00,242.78,244.47,242.06,242.63,6961.0,8,0.0
2022-09-16 14:00:00,242.65,244.44,242.38,242.39,10060.0,8,0.0
2022-09-16 15:00:00,242.41,244.22,242.36,244.1,6748.0,8,0.0
2022-09-16 16:00:00,244.09,244.17,242.33,243.15,4535.0,8,0.0
2022-09-16 17:00:00,243.13,243.31,242.12,242.39,4047.0,8,0.0
2022-09-16 18:00:00,242.4,244.15,242.03,243.67,4788.0,8,0.0
2022-09-16 19:00:00,243.65,245.13,243.59,244.38,5457.0,8,0.0
2022-09-19 10:00:00,242.27,242.33,241.94,242.27,160.0,40,0.0
2022-09-19 11:00:00,242.28,242.61,242.03,242.05,429.0,20,0.0
2022-09-19 12:00:00,242.1,243.21,242.08,242.9,369.0,20,0.0
2022-09-19 13:00:00,242.89,243.91,241.9,243.57,5339.0,8,0.0
2022-09-19 14:00:00,243.59,244.53,242.67,243.57,7543.0,8,0.0
2022-09-19 15:00:00,243.59,244.12,241.61,241.64,5351.0,8,0.0
2022-09-19 16:00:00,241.62,242.78,240.82,242.53,5293.0,8,0.0
2022-09-19 17:00:00,242.51,242.7,241.71,242.27,4092.0,8,0.0
2022-09-19 18:00:00,242.28,243.04,241.83,243.02,4657.0,8,0.0
2022-09-19 19:00:00,243.03,245.09,243.03,244.45,4678.0,8,0.0
2022-09-20 10:00:00,242.23,242.74,242.16,242.68,100.0,40,0.0
2022-09-20 11:00:00,242.84,243.25,242.73,242.82,237.0,20,0.0
2022-09-20 12:00:00,242.89,242.95,242.09,242.69,474.0,20,0.0
2022-09-20 13:00:00,242.73,243.38,240.99,242.43,4886.0,8,0.0
2022-09-20 14:00:00,242.42,242.94,241.2,242.72,6726.0,8,0.0
2022-09-20 15:00:00,242.71,243.39,241.98,243.3,4412.0,8,0.0
2022-09-20 16:00:00,243.29,243.46,241.5,241.92,3418.0,8,0.0
2022-09-20 17:00:00,241.93,242.1,239.6,239.83,3812.0,8,0.0
2022-09-20 18:00:00,239.81,241.62,239.78,241.44,4885.0,8,0.0
2022-09-20 19:00:00,241.45,242.93,241.24,242.69,4145.0,8,0.0
2022-09-21 10:00:00,242.96,242.98,242.39,242.65,208.0,8,0.0
2022-09-21 11:00:00,242.59,243.12,242.38,243.04,265.0,8,0.0
2022-09-21 12:00:00,243.0,244.34,242.74,244.34,576.0,20,0.0
2022-09-21 13:00:00,244.36,245.43,243.56,244.77,4156.0,8,0.0
2022-09-21 14:00:00,244.77,245.12,243.62,243.9,4671.0,8,0.0
2022-09-21 15:00:00,243.91,244.56,243.42,244.45,3071.0,8,0.0
2022-09-21 16:00:00,244.42,245.63,244.21,244.98,2161.0,8,0.0
2022-09-21 17:00:00,244.98,246.31,244.62,245.96,2379.0,8,0.0
2022-09-21 18:00:00,245.98,247.6,240.27,246.23,30325.0,8,0.0
2022-09-21 19:00:00,246.24,246.69,239.97,239.97,15110.0,8,0.0
2022-09-22 10:00:00,239.25,239.85,239.01,239.57,353.0,20,0.0
2022-09-22 11:00:00,239.62,239.75,237.6,239.28,877.0,20,0.0
2022-09-22 12:00:00,239.28,240.28,238.54,239.55,842.0,20,0.0
2022-09-22 13:00:00,239.55,240.82,237.44,240.23,6465.0,8,0.0
2022-09-22 14:00:00,240.2,240.96,239.29,239.52,8174.0,8,0.0
2022-09-22 15:00:00,239.5,241.22,239.1,241.04,4954.0,8,0.0
2022-09-22 16:00:00,241.05,241.58,240.12,240.2,5144.0,8,0.0
2022-09-22 17:00:00,240.2,241.71,239.66,241.24,4101.0,8,0.0
2022-09-22 18:00:00,241.23,241.73,239.71,241.69,4604.0,8,0.0
2022-09-22 19:00:00,241.68,243.33,241.68,242.6,5670.0,8,0.0
2022-09-23 10:00:00,237.9,237.9,237.08,237.14,210.0,60,0.0
2022-09-23 11:00:00,237.15,238.0,237.14,237.86,507.0,20,0.0
2022-09-23 12:00:00,237.95,238.38,237.76,238.17,525.0,20,0.0
2022-09-23 13:00:00,238.09,240.34,238.03,238.71,6959.0,8,0.0
2022-09-23 14:00:00,238.7,241.02,238.28,240.04,8473.0,8,0.0
2022-09-23 15:00:00,240.02,240.71,237.98,238.13,6265.0,8,0.0
2022-09-23 16:00:00,238.14,238.38,237.43,238.21,4595.0,8,0.0
2022-09-23 17:00:00,238.22,238.65,237.22,237.65,4432.0,8,0.0
2022-09-23 18:00:00,237.65,237.87,235.12,235.33,5576.0,8,0.0
2022-09-23 19:00:00,235.32,238.01,235.26,237.82,5671.0,8,0.0
2022-09-26 10:00:00,236.42,237.15,236.24,236.87,563.0,20,0.0
2022-09-26 11:00:00,236.87,237.23,236.33,236.75,785.0,20,0.0
2022-09-26 12:00:00,236.76,238.25,236.2,238.24,694.0,20,0.0
2022-09-26 13:00:00,238.24,240.62,235.86,240.45,7252.0,8,0.0
2022-09-26 14:00:00,240.49,241.36,239.7,240.47,8241.0,8,0.0
2022-09-26 15:00:00,240.49,240.73,238.28,239.56,7629.0,8,0.0
2022-09-26 16:00:00,239.58,239.66,237.7,238.99,6024.0,8,0.0
2022-09-26 17:00:00,238.97,239.03,236.83,236.9,5460.0,8,0.0
2022-09-26 18:00:00,236.88,238.84,236.82,238.47,6482.0,8,0.0
2022-09-26 19:00:00,238.45,238.95,237.44,237.9,6389.0,8,0.0
2022-09-27 10:00:00,239.26,240.12,239.17,239.9,561.0,20,0.0
2022-09-27 11:00:00,239.79,240.55,239.75,240.26,540.0,20,0.0
2022-09-27 12:00:00,240.28,240.72,239.71,239.79,512.0,20,0.0
2022-09-27 13:00:00,239.7,241.69,239.15,239.98,5622.0,8,0.0
2022-09-27 14:00:00,240.0,240.05,238.32,239.47,9352.0,8,0.0
2022-09-27 15:00:00,239.49,239.76,236.59,236.65,8008.0,8,0.0
2022-09-27 16:00:00,236.66,236.76,234.42,235.58,8574.0,8,0.0
2022-09-27 17:00:00,235.56,235.77,234.58,235.1,7394.0,8,0.0
2022-09-27 18:00:00,235.12,236.8,234.73,236.32,6074.0,8,0.0
2022-09-27 19:00:00,236.34,236.68,235.1,235.85,5659.0,8,0.0
2022-09-28 10:00:00,232.58,236.66,232.58,235.15,1989.0,40,0.0
2022-09-28 11:00:00,235.15,235.4,233.88,234.4,859.0,20,0.0
2022-09-28 12:00:00,234.5,237.2,234.49,236.31,974.0,20,0.0
2022-09-28 13:00:00,236.21,237.01,234.76,235.05,11332.0,8,0.0
2022-09-28 14:00:00,235.06,239.18,234.65,238.81,9671.0,8,0.0
2022-09-28 15:00:00,238.79,239.77,237.77,239.73,6332.0,8,0.0
2022-09-28 16:00:00,239.74,240.96,239.43,239.88,4302.0,8,0.0
2022-09-28 17:00:00,239.9,240.85,239.34,239.89,4296.0,8,0.0
2022-09-28 18:00:00,239.88,240.76,239.67,240.36,3838.0,8,0.0
2022-09-28 19:00:00,240.36,241.79,240.27,241.64,3300.0,8,0.0
2022-09-29 10:00:00,238.69,238.9,237.55,238.18,504.0,20,0.0
2022-09-29 11:00:00,238.33,239.2,238.28,238.39,913.0,20,0.0
2022-09-29 12:00:00,238.39,238.7,236.84,237.65,964.0,20,0.0
2022-09-29 13:00:00,237.65,239.84,235.9,235.93,6829.0,8,0.0
2022-09-29 14:00:00,235.95,236.32,234.3,235.34,9214.0,8,0.0
2022-09-29 15:00:00,235.32,236.97,235.04,236.68,7865.0,8,0.0
2022-09-29 16:00:00,236.67,236.81,235.04,235.17,4934.0,8,0.0
2022-09-29 17:00:00,235.15,236.12,234.86,234.93,4363.0,8,0.0
2022-09-29 18:00:00,234.91,235.73,234.44,234.83,4351.0,8,0.0
2022-09-29 19:00:00,234.82,237.28,234.82,236.67,4494.0,8,0.0
2022-09-30 10:00:00,239.04,239.89,238.61,239.04,442.0,20,0.0
2022-09-30 11:00:00,239.15,239.15,237.6,238.71,628.0,20,0.0
2022-09-30 12:00:00,238.71,240.22,236.36,238.99,1454.0,20,0.0
2022-09-30 13:00:00,238.99,240.39,237.17,238.69,10642.0,8,0.0
2022-09-30 14:00:00,238.67,239.35,237.47,238.88,10926.0,8,0.0
2022-09-30 15:00:00,238.86,240.43,237.51,237.51,6694.0,8,0.0
2022-09-30 16:00:00,237.5,237.54,236.34,236.87,4988.0,8,0.0
2022-09-30 17:00:00,236.86,236.91,234.94,235.54,4490.0,8,0.0
2022-09-30 18:00:00,235.53,236.16,234.63,234.77,5418.0,8,0.0
2022-09-30 19:00:00,234.76,236.06,234.65,234.84,5133.0,8,0.0
2022-10-03 10:00:00,232.98,234.3,232.93,233.92,663.0,20,0.0
2022-10-03 11:00:00,233.87,234.72,233.58,234.62,455.0,20,0.0
2022-10-03 12:00:00,234.63,235.49,234.09,235.03,571.0,20,0.0
2022-10-03 13:00:00,234.98,237.02,234.56,234.81,6203.0,8,0.0
2022-10-03 14:00:00,234.83,238.04,234.83,237.34,8721.0,8,0.0
2022-10-03 15:00:00,237.32,238.02,236.62,237.13,4688.0,8,0.0
2022-10-03 16:00:00,237.14,237.9,236.79,237.68,4411.0,8,0.0
2022-10-03 17:00:00,237.67,239.54,237.66,239.36,3629.0,8,0.0
2022-10-03 18:00:00,239.36,241.5,239.33,241.23,3437.0,8,0.0
2022-10-03 19:00:00,241.24,241.36,240.55,240.84,2387.0,8,0.0
2022-10-04 10:00:00,244.75,245.86,244.56,245.57,361.0,40,0.0
2022-10-04 11:00:00,245.52,245.72,245.25,245.43,462.0,20,0.0
2022-10-04 12:00:00,245.45,245.61,244.04,244.6,603.0,20,0.0
2022-10-04 13:00:00,244.55,249.1,244.14,249.05,6518.0,8,0.0
2022-10-04 14:00:00,249.04,250.21,248.5,249.46,6998.0,8,0.0
2022-10-04 15:00:00,249.45,249.78,248.12,248.41,4104.0,8,0.0
2022-10-04 16:00:00,248.41,249.08,247.63,247.92,3640.0,8,0.0
2022-10-04 17:00:00,247.9,248.19,246.54,247.97,4028.0,8,0.0
2022-10-04 18:00:00,247.99,248.98,247.31,248.74,3837.0,8,0.0
2022-10-04 19:00:00,248.72,248.89,247.41,247.9,4187.0,8,0.0
2022-10-05 10:00:00,246.08,247.08,245.91,246.92,719.0,20,0.0
2022-10-05 11:00:00,247.0,247.07,246.55,246.72,628.0,20,0.0
2022-10-05 12:00:00,246.72,246.81,245.65,245.97,541.0,20,0.0
2022-10-05 13:00:00,245.81,247.22,245.13,246.03,5763.0,8,0.0
2022-10-05 14:00:00,246.01,246.02,243.99,244.24,8077.0,8,0.0
2022-10-05 15:00:00,244.23,245.82,244.16,245.51,4973.0,8,0.0
2022-10-05 16:00:00,245.52,248.14,244.89,247.53,4975.0,8,0.0
2022-10-05 17:00:00,247.52,248.8,247.43,247.47,3806.0,8,0.0
2022-10-05 18:00:00,247.47,249.47,247.31,249.43,4403.0,8,0.0
2022-10-05 19:00:00,249.45,250.45,249.37,250.22,3510.0,8,0.0
2022-10-06 10:00:00,246.59,246.8,246.21,246.65,331.0,40,0.0
2022-10-06 11:00:00,246.65,247.91,246.65,247.63,518.0,20,0.0
2022-10-06 12:00:00,247.6,249.35,247.15,248.73,585.0,20,0.0
2022-10-06 13:00:00,248.73,250.22,247.27,248.26,6022.0,8,0.0
2022-10-06 14:00:00,248.28,249.21,246.01,249.14,9239.0,8,0.0
2022-10-06 15:00:00,249.15,249.87,247.96,248.33,7280.0,8,0.0
2022-10-06 16:00:00,248.32,248.83,247.71,248.21,5222.0,8,0.0
2022-10-06 17:00:00,248.23,248.44,247.43,248.1,4359.0,8,0.0
2022-10-06 18:00:00,248.12,248.14,246.39,247.2,4706.0,8,0.0
2022-10-06 19:00:00,247.19,247.78,246.44,247.22,4705.0,8,0.0
2022-10-07 10:00:00,245.62,245.88,245.26,245.52,785.0,20,0.0
2022-10-07 11:00:00,245.53,245.91,245.35,245.52,516.0,20,0.0
2022-10-07 12:00:00,245.51,246.0,241.08,242.33,1267.0,20,0.0
2022-10-07 13:00:00,242.29,242.45,236.73,237.15,9249.0,8,0.0
2022-10-07 14:00:00,237.13,237.19,235.04,235.83,8002.0,8,0.0
2022-10-07 15:00:00,235.85,236.59,235.35,235.87,5575.0,8,0.0
2022-10-07 16:00:00,235.85,236.15,234.44,234.69,3956.0,8,0.0
2022-10-07 17:00:00,234.68,235.03,234.22,234.27,3396.0,8,0.0
2022-10-07 18:00:00,234.28,234.68,233.78,234.67,3651.0,8,0.0
2022-10-07 19:00:00,234.68,234.98,233.04,234.0,2862.0,8,0.0
2022-10-10 10:00:00,233.85,233.94,232.86,232.9,479.0,8,0.0
2022-10-10 11:00:00,232.94,233.52,232.9,233.4,148.0,20,0.0
2022-10-10 12:00:00,233.39,233.47,232.53,233.47,351.0,20,0.0
2022-10-10 13:00:00,233.51,234.38,230.44,230.84,6830.0,8,0.0
2022-10-10 14:00:00,230.85,231.45,228.22,228.89,7848.0,8,0.0
2022-10-10 15:00:00,228.87,230.13,228.29,229.06,5696.0,8,0.0
2022-10-10 16:00:00,229.04,229.06,227.26,227.27,3473.0,8,0.0
2022-10-10 17:00:00,227.28,230.54,226.61,229.87,5441.0,8,0.0
2022-10-10 18:00:00,229.85,230.63,228.81,229.53,4972.0,8,0.0
2022-10-10 19:00:00,229.52,230.58,229.3,229.57,5058.0,8,0.0
2022-10-11 10:00:00,226.79,227.81,226.64,227.67,508.0,20,0.0
2022-10-11 11:00:00,227.66,228.13,227.64,228.01,720.0,20,0.0
2022-10-11 12:00:00,227.97,229.11,227.89,228.45,409.0,20,0.0
2022-10-11 13:00:00,228.43,228.65,225.06,225.26,6677.0,8,0.0
2022-10-11 14:00:00,225.25,226.98,224.77,225.69,8714.0,8,0.0
2022-10-11 15:00:00,225.67,228.87,225.41,227.94,7305.0,8,0.0
2022-10-11 16:00:00,227.95,228.92,227.07,228.12,5113.0,8,0.0
2022-10-11 17:00:00,228.12,228.3,227.07,228.14,5163.0,8,0.0
2022-10-11 18:00:00,228.14,228.34,224.66,224.85,6525.0,8,0.0
2022-10-11 19:00:00,224.84,225.36,223.95,225.2,6907.0,8,0.0
2022-10-12 10:00:00,227.05,227.46,226.33,226.67,444.0,20,0.0
2022-10-12 11:00:00,226.66,227.23,226.39,226.8,483.0,20,0.0
2022-10-12 12:00:00,226.75,227.27,224.32,225.32,793.0,20,0.0
2022-10-12 13:00:00,225.3,226.72,223.98,226.22,6195.0,8,0.0
2022-10-12 14:00:00,226.24,226.45,223.81,224.17,7938.0,8,0.0
2022-10-12 15:00:00,224.19,226.03,224.15,225.71,5840.0,8,0.0
2022-10-12 16:00:00,225.71,226.26,224.41,225.37,4012.0,8,0.0
2022-10-12 17:00:00,225.37,226.82,225.37,226.23,3224.0,8,0.0
2022-10-12 18:00:00,226.22,227.71,225.62,226.0,10443.0,8,0.0
2022-10-12 19:00:00,225.99,226.74,225.77,226.51,3505.0,8,0.0
2022-10-13 10:00:00,225.47,226.04,225.3,225.68,376.0,20,0.0
2022-10-13 11:00:00,225.71,227.44,225.6,227.1,741.0,20,0.0
2022-10-13 12:00:00,226.99,228.69,218.67,219.7,2280.0,20,0.0
2022-10-13 13:00:00,219.66,222.99,218.82,222.91,10840.0,8,0.0
2022-10-13 14:00:00,222.89,226.39,222.65,224.97,12590.0,8,0.0
2022-10-13 15:00:00,224.95,234.32,224.58,232.77,20196.0,8,0.0
2022-10-13 16:00:00,232.79,234.05,231.38,232.91,10468.0,8,0.0
2022-10-13 17:00:00,232.93,235.76,232.41,234.73,6685.0,8,0.0
2022-10-13 18:00:00,234.72,235.81,233.5,235.44,6492.0,8,0.0
2022-10-13 19:00:00,235.43,235.92,233.74,234.67,4997.0,8,0.0
2022-10-14 10:00:00,232.62,234.33,232.41,234.26,1061.0,20,0.0
2022-10-14 11:00:00,234.25,234.71,232.29,232.29,405.0,20,0.0
2022-10-14 12:00:00,232.29,236.52,232.29,235.72,799.0,40,0.0
2022-10-14 13:00:00,235.86,237.06,233.6,233.99,11715.0,8,0.0
2022-10-14 14:00:00,234.01,234.01,230.14,231.34,18740.0,8,0.0
2022-10-14 15:00:00,231.35,232.82,229.74,230.08,8640.0,8,0.0
2022-10-14 16:00:00,230.06,230.82,228.86,229.61,7447.0,8,0.0
2022-10-14 17:00:00,229.63,230.54,229.35,230.5,5259.0,8,0.0
2022-10-14 18:00:00,230.51,230.51,228.86,229.74,4912.0,8,0.0
2022-10-14 19:00:00,229.76,230.43,228.83,229.85,4329.0,8,0.0
2022-10-17 10:00:00,231.16,232.35,231.04,231.99,657.0,20,0.0
2022-10-17 11:00:00,231.75,232.06,231.14,231.85,314.0,20,0.0
2022-10-17 12:00:00,231.73,233.09,231.19,232.81,535.0,20,0.0
2022-10-17 13:00:00,232.9,238.75,232.85,236.97,8331.0,8,0.0
2022-10-17 14:00:00,236.99,237.86,235.24,235.69,8371.0,8,0.0
2022-10-17 15:00:00,235.68,237.27,234.95,236.89,5044.0,8,0.0
2022-10-17 16:00:00,236.89,237.04,235.6,235.86,4327.0,8,0.0
2022-10-17 17:00:00,235.85,237.37,235.42,237.27,3629.0,8,0.0
2022-10-17 18:00:00,237.27,237.82,236.86,237.24,3403.0,8,0.0
2022-10-17 19:00:00,237.22,237.38,236.56,237.29,3418.0,8,0.0
2022-10-18 10:00:00,241.23,241.69,240.74,240.93,560.0,20,0.0
2022-10-18 11:00:00,240.88,242.35,240.83,242.06,636.0,20,0.0
2022-10-18 12:00:00,242.04,243.69,242.02,243.43,799.0,20,0.0
2022-10-18 13:00:00,243.41,243.85,239.53,239.78,8385.0,8,0.0
2022-10-18 14:00:00,239.76,241.13,238.5,239.36,7504.0,8,0.0
2022-10-18 15:00:00,239.35,239.37,235.18,237.03,7178.0,8,0.0
2022-10-18 16:00:00,237.02,238.84,236.74,237.96,6160.0,8,0.0
2022-10-18 17:00:00,237.94,239.07,236.72,238.85,6287.0,8,0.0
2022-10-18 18:00:00,238.85,238.97,236.02,237.24,7011.0,8,0.0
2022-10-18 19:00:00,237.22,238.77,236.4,238.59,5241.0,8,0.0
2022-10-19 10:00:00,240.09,240.25,237.3,238.12,915.0,20,0.0
2022-10-19 11:00:00,238.16,238.4,236.19,237.37,1081.0,20,0.0
2022-10-19 12:00:00,237.36,237.38,236.06,236.52,838.0,20,0.0
2022-10-19 13:00:00,236.51,238.37,235.87,237.02,7572.0,8,0.0
2022-10-19 14:00:00,237.0,239.41,236.55,237.59,7865.0,8,0.0
2022-10-19 15:00:00,237.6,238.14,236.35,237.16,6465.0,8,0.0
2022-10-19 16:00:00,237.15,237.21,235.19,235.51,5270.0,8,0.0
2022-10-19 17:00:00,235.49,235.67,234.1,234.99,5937.0,8,0.0
2022-10-19 18:00:00,234.97,236.03,234.61,234.64,4849.0,8,0.0
2022-10-19 19:00:00,234.64,235.88,234.48,235.69,4073.0,8,0.0
2022-10-20 10:00:00,235.17,237.44,234.76,236.84,673.0,20,0.0
2022-10-20 11:00:00,236.83,237.55,236.09,236.43,804.0,20,0.0
2022-10-20 12:00:00,236.49,238.9,235.04,235.49,1256.0,20,0.0
2022-10-20 13:00:00,235.51,239.14,235.13,238.69,8015.0,8,0.0
2022-10-20 14:00:00,238.71,241.11,238.33,240.2,6962.0,8,0.0
2022-10-20 15:00:00,240.22,240.39,238.68,239.43,4725.0,8,0.0
2022-10-20 16:00:00,239.43,239.45,236.69,237.72,5400.0,8,0.0
2022-10-20 17:00:00,237.71,237.96,235.14,235.77,5248.0,8,0.0
2022-10-20 18:00:00,235.75,236.0,234.68,235.6,4682.0,8,0.0
2022-10-20 19:00:00,235.59,236.43,235.17,235.83,3789.0,8,0.0
2022-10-21 10:00:00,233.84,234.08,233.56,234.03,200.0,20,0.0
2022-10-21 11:00:00,233.98,234.65,233.84,234.08,535.0,20,0.0
2022-10-21 12:00:00,234.08,234.35,233.0,234.18,609.0,20,0.0
2022-10-21 13:00:00,234.2,237.78,233.66,237.78,15176.0,8,0.0
2022-10-21 14:00:00,237.79,238.52,235.69,235.74,13113.0,8,0.0
2022-10-21 15:00:00,235.76,238.75,234.9,238.75,11173.0,8,0.0
2022-10-21 16:00:00,238.73,239.58,237.67,238.97,7957.0,8,0.0
2022-10-21 17:00:00,238.98,240.96,238.9,240.81,4389.0,8,0.0
2022-10-21 18:00:00,240.83,241.76,240.32,240.91,4361.0,8,0.0
2022-10-21 19:00:00,240.93,242.43,240.81,242.26,2830.0,8,0.0
2022-10-24 10:00:00,242.91,243.86,241.85,243.57,808.0,20,0.0
2022-10-24 11:00:00,243.57,244.54,243.04,244.18,807.0,20,0.0
2022-10-24 12:00:00,244.19,244.82,243.31,244.22,711.0,20,0.0
2022-10-24 13:00:00,244.24,245.44,241.39,244.35,10853.0,8,0.0
2022-10-24 14:00:00,244.37,244.41,241.03,243.98,13266.0,8,0.0
2022-10-24 15:00:00,243.99,245.58,243.11,245.51,8312.0,8,0.0
2022-10-24 16:00:00,245.51,246.44,245.02,245.79,5016.0,8,0.0
2022-10-24 17:00:00,245.78,245.81,244.58,245.03,3736.0,8,0.0
2022-10-24 18:00:00,245.03,246.89,244.94,246.87,3540.0,8,0.0
2022-10-24 19:00:00,246.86,247.57,246.69,246.79,2817.0,8,0.0
2022-10-25 10:00:00,246.65,247.16,246.36,247.16,662.0,8,0.0
2022-10-25 11:00:00,247.18,247.81,246.9,247.14,388.0,20,0.0
2022-10-25 12:00:00,247.03,247.53,246.78,247.38,482.0,20,0.0
2022-10-25 13:00:00,247.38,249.5,245.56,249.2,6868.0,8,0.0
2022-10-25 14:00:00,249.18,249.43,247.47,248.33,6463.0,8,0.0
2022-10-25 15:00:00,248.35,249.71,248.05,249.49,3596.0,8,0.0
2022-10-25 16:00:00,249.5,249.67,248.51,248.6,2764.0,8,0.0
2022-10-25 17:00:00,248.6,249.13,247.89,248.85,3888.0,8,0.0
2022-10-25 18:00:00,248.84,249.82,248.78,249.26,2563.0,8,0.0
2022-10-25 19:00:00,249.25,250.35,249.09,250.02,2392.0,8,0.0
2022-10-26 10:00:00,235.14,235.38,234.15,234.28,557.0,60,0.0
2022-10-26 11:00:00,234.27,235.47,232.9,234.31,1146.0,20,0.0
2022-10-26 12:00:00,234.31,235.09,233.07,233.64,1591.0,20,0.0
2022-10-26 13:00:00,233.6,234.32,229.92,230.88,16075.0,8,0.0
2022-10-26 14:00:00,230.86,236.95,230.58,234.98,13223.0,8,0.0
2022-10-26 15:00:00,234.98,238.03,234.98,236.26,6353.0,8,0.0
2022-10-26 16:00:00,236.26,236.9,234.58,234.7,5025.0,8,0.0
2022-10-26 17:00:00,234.68,234.92,233.02,234.83,5431.0,8,0.0
2022-10-26 18:00:00,234.81,235.51,232.72,233.17,3792.0,8,0.0
2022-10-26 19:00:00,233.16,233.16,232.09,232.63,3138.0,8,0.0
2022-10-27 10:00:00,230.6,230.78,229.79,229.86,431.0,20,0.0
2022-10-27 11:00:00,230.0,230.57,229.69,230.04,581.0,20,0.0
2022-10-27 12:00:00,230.01,231.92,229.83,231.54,875.0,20,0.0
2022-10-27 13:00:00,231.63,233.39,226.54,227.01,9276.0,8,0.0
2022-10-27 14:00:00,227.0,230.42,226.62,227.65,9458.0,8,0.0
2022-10-27 15:00:00,227.63,228.78,226.78,227.01,8517.0,8,0.0
2022-10-27 16:00:00,226.99,227.29,225.51,226.32,5057.0,8,0.0
2022-10-27 17:00:00,226.34,227.4,225.91,226.4,4132.0,8,0.0
2022-10-27 18:00:00,226.39,226.93,225.84,226.08,3003.0,8,0.0
2022-10-27 19:00:00,226.06,227.71,225.82,227.2,3646.0,8,0.0
2022-10-28 10:00:00,223.86,224.01,223.46,223.95,155.0,40,0.0
2022-10-28 11:00:00,223.95,224.6,223.41,224.47,337.0,40,0.0
2022-10-28 12:00:00,224.39,226.2,223.87,224.93,1078.0,20,0.0
2022-10-28 13:00:00,225.03,230.63,224.87,228.95,8628.0,8,0.0
2022-10-28 14:00:00,228.97,234.9,228.11,233.38,11240.0,8,0.0
2022-10-28 15:00:00,233.4,234.28,231.8,232.2,5384.0,8,0.0
2022-10-28 16:00:00,232.22,233.51,231.43,232.7,3874.0,8,0.0
2022-10-28 17:00:00,232.72,233.74,232.63,233.54,2711.0,8,0.0
2022-10-28 18:00:00,233.54,235.93,233.53,235.42,3068.0,8,0.0
2022-10-28 19:00:00,235.42,236.1,234.96,235.74,2119.0,8,0.0
2022-10-31 10:00:00,233.31,233.55,232.56,233.11,322.0,20,0.0
2022-10-31 11:00:00,233.19,234.24,233.19,233.74,386.0,20,0.0
2022-10-31 12:00:00,233.74,233.81,233.13,233.45,462.0,20,0.0
2022-10-31 13:00:00,233.36,234.57,231.34,231.82,6705.0,8,0.0
2022-10-31 14:00:00,231.8,232.87,230.8,231.59,5475.0,8,0.0
2022-10-31 15:00:00,231.59,233.83,231.59,232.99,4495.0,8,0.0
2022-10-31 16:00:00,233.01,234.05,232.15,232.4,4169.0,8,0.0
2022-10-31 17:00:00,232.41,233.48,231.98,233.1,3242.0,8,0.0
2022-10-31 18:00:00,233.09,233.48,232.56,232.79,3487.0,8,0.0
2022-10-31 19:00:00,232.79,232.91,231.67,232.6,2982.0,8,0.0
2022-11-01 10:00:00,234.05,234.95,233.87,234.94,255.0,20,0.0
2022-11-01 11:00:00,234.9,234.9,233.25,234.34,249.0,20,0.0
2022-11-01 12:00:00,234.34,234.54,233.8,234.04,374.0,20,0.0
2022-11-01 13:00:00,234.06,235.34,229.96,230.27,6502.0,8,0.0
2022-11-01 14:00:00,230.3,230.57,227.75,228.4,10550.0,8,0.0
2022-11-01 15:00:00,228.38,230.21,228.28,229.09,5820.0,8,0.0
2022-11-01 16:00:00,229.08,229.83,226.96,228.12,5318.0,8,0.0
2022-11-01 17:00:00,228.1,228.2,227.0,227.88,3288.0,8,0.0
2022-11-01 18:00:00,227.9,228.57,227.7,228.32,3156.0,8,0.0
2022-11-01 19:00:00,228.3,228.67,227.8,228.29,2624.0,8,0.0
2022-11-02 10:00:00,228.26,228.37,227.49,227.87,456.0,8,0.0
2022-11-02 11:00:00,227.9,228.3,227.56,228.17,386.0,20,0.0
2022-11-02 12:00:00,228.2,228.54,227.27,228.31,522.0,20,0.0
2022-11-02 13:00:00,228.3,228.92,226.08,226.13,4829.0,8,0.0
2022-11-02 14:00:00,226.11,226.77,225.67,226.06,4620.0,8,0.0
2022-11-02 15:00:00,226.05,226.33,224.34,224.68,3292.0,8,0.0
2022-11-02 16:00:00,224.7,225.41,224.16,225.21,2839.0,8,0.0
2022-11-02 17:00:00,225.22,226.8,224.84,226.31,2712.0,8,0.0
2022-11-02 18:00:00,226.31,230.92,223.88,224.62,38161.0,8,0.0
2022-11-02 19:00:00,224.61,226.1,220.66,221.5,13186.0,8,0.0
2022-11-03 10:00:00,219.78,219.96,218.26,218.75,672.0,20,0.0
2022-11-03 11:00:00,218.79,218.93,218.45,218.63,440.0,20,0.0
2022-11-03 12:00:00,218.64,219.44,218.63,219.09,543.0,20,0.0
2022-11-03 13:00:00,218.99,219.98,216.11,216.2,7566.0,8,0.0
2022-11-03 14:00:00,216.22,218.42,215.73,217.52,8936.0,8,0.0
2022-11-03 15:00:00,217.52,218.19,215.58,215.8,5825.0,6,0.0
2022-11-03 16:00:00,215.79,218.12,215.53,217.84,5212.0,8,0.0
2022-11-03 17:00:00,217.83,217.91,215.92,216.25,3384.0,8,0.0
2022-11-03 18:00:00,216.24,216.54,215.58,216.21,2984.0,8,0.0
2022-11-03 19:00:00,216.2,216.24,214.84,214.89,2566.0,8,0.0
2022-11-04 10:00:00,215.27,215.56,214.77,215.33,278.0,20,0.0
2022-11-04 11:00:00,215.33,215.33,214.68,214.89,617.0,20,0.0
2022-11-04 12:00:00,214.89,215.78,211.76,215.75,1496.0,20,0.0
2022-11-04 13:00:00,215.78,218.0,213.06,216.02,8787.0,8,0.0
2022-11-04 14:00:00,216.03,219.58,215.18,218.16,10083.0,8,0.0
2022-11-04 15:00:00,218.18,218.5,215.09,215.32,7756.0,6,0.0
2022-11-04 16:00:00,215.31,218.21,214.71,217.19,6890.0,8,0.0
2022-11-04 17:00:00,217.2,217.42,215.73,216.57,6465.0,8,0.0
2022-11-04 18:00:00,216.55,218.73,215.95,218.53,5583.0,8,0.0
2022-11-04 19:00:00,218.55,220.53,218.13,220.53,4525.0,8,0.0
2022-11-07 11:00:00,221.65,222.97,221.61,221.94,555.0,20,0.0
2022-11-07 12:00:00,221.99,222.55,221.62,222.08,604.0,20,0.0
2022-11-07 13:00:00,222.08,222.19,220.61,221.08,714.0,20,0.0
2022-11-07 14:00:00,221.11,223.71,220.54,223.48,6332.0,8,0.0
2022-11-07 15:00:00,223.5,225.97,223.48,225.95,7424.0,8,0.0
2022-11-07 16:00:00,225.97,226.06,222.91,222.91,5690.0,8,0.0
2022-11-07 17:00:00,222.89,223.87,222.41,223.87,3682.0,8,0.0
2022-11-07 18:00:00,223.86,225.8,223.79,225.79,3332.0,8,0.0
2022-11-07 19:00:00,225.8,227.91,225.8,227.34,2851.0,8,0.0
2022-11-07 20:00:00,227.36,227.93,227.08,227.37,2118.0,8,0.0
2022-11-08 11:00:00,227.45,228.5,227.43,228.5,213.0,20,0.0
2022-11-08 12:00:00,228.5,228.65,227.86,228.3,182.0,20,0.0
2022-11-08 13:00:00,228.3,229.06,227.91,228.71,481.0,20,0.0
2022-11-08 14:00:00,228.7,229.88,227.03,229.22,5173.0,8,0.0
2022-11-08 15:00:00,229.2,230.22,228.15,228.85,6233.0,8,0.0
2022-11-08 16:00:00,228.85,231.01,227.95,230.5,3882.0,8,0.0
2022-11-08 17:00:00,230.52,231.13,229.88,230.29,3126.0,8,0.0
2022-11-08 18:00:00,230.29,230.78,226.54,226.83,5255.0,8,0.0
2022-11-08 19:00:00,226.81,227.69,225.33,227.15,7351.0,8,0.0
2022-11-08 20:00:00,227.17,229.97,227.11,229.39,5046.0,8,0.0
2022-11-09 11:00:00,227.54,228.29,227.41,227.85,475.0,20,0.0
2022-11-09 12:00:00,227.89,228.02,227.01,227.69,610.0,20,0.0
2022-11-09 13:00:00,227.69,228.62,226.09,226.67,797.0,20,0.0
2022-11-09 14:00:00,226.67,228.04,226.0,226.71,5475.0,8,0.0
2022-11-09 15:00:00,226.7,228.14,224.83,225.4,7915.0,8,0.0
2022-11-09 16:00:00,225.43,227.79,225.39,226.71,5879.0,8,0.0
2022-11-09 17:00:00,226.7,227.18,225.97,226.1,4388.0,8,0.0
2022-11-09 18:00:00,226.12,226.49,224.3,224.73,5378.0,8,0.0
2022-11-09 19:00:00,224.75,225.65,223.84,223.98,4209.0,8,0.0
2022-11-09 20:00:00,223.96,225.09,223.89,224.54,3618.0,8,0.0
2022-11-10 11:00:00,224.53,225.28,224.24,225.03,973.0,8,0.0
2022-11-10 12:00:00,225.13,225.19,224.26,224.83,742.0,20,0.0
2022-11-10 13:00:00,224.87,233.89,224.67,233.59,1974.0,20,0.0
2022-11-10 14:00:00,233.68,239.46,232.63,239.35,10229.0,8,0.0
2022-11-10 15:00:00,239.37,239.77,236.81,238.21,9824.0,8,0.0
2022-11-10 16:00:00,238.23,239.47,237.02,239.46,5675.0,8,0.0
2022-11-10 17:00:00,239.45,240.23,238.41,238.5,5091.0,8,0.0
2022-11-10 18:00:00,238.52,239.56,238.15,239.07,5603.0,8,0.0
2022-11-10 19:00:00,239.06,239.36,238.22,239.14,3796.0,8,0.0
2022-11-10 20:00:00,239.12,240.74,238.66,240.6,3003.0,8,0.0
2022-11-11 11:00:00,243.4,243.6,242.43,242.81,317.0,40,0.0
2022-11-11 12:00:00,242.81,243.7,242.52,243.54,362.0,20,0.0
2022-11-11 13:00:00,243.55,243.86,242.84,242.98,311.0,20,0.0
2022-11-11 14:00:00,242.98,244.4,240.63,243.11,6912.0,8,0.0
2022-11-11 15:00:00,243.1,246.06,241.9,245.14,10029.0,8,0.0
2022-11-11 16:00:00,245.15,245.54,241.88,243.95,7062.0,8,0.0
2022-11-11 17:00:00,243.94,246.52,243.35,245.93,4931.0,8,0.0
2022-11-11 18:00:00,245.91,247.43,245.87,247.0,3721.0,8,0.0
2022-11-11 19:00:00,247.0,247.1,245.98,246.63,3992.0,8,0.0
2022-11-11 20:00:00,246.65,246.92,245.4,246.86,3742.0,8,0.0
2022-11-14 11:00:00,244.77,245.18,244.56,244.75,265.0,20,0.0
2022-11-14 12:00:00,244.82,244.85,243.58,243.58,798.0,20,0.0
2022-11-14 13:00:00,243.58,244.0,242.81,243.19,530.0,20,0.0
2022-11-14 14:00:00,243.17,243.92,238.57,240.86,7960.0,8,0.0
2022-11-14 15:00:00,240.88,242.55,240.48,241.02,6940.0,8,0.0
2022-11-14 16:00:00,241.01,242.47,240.16,241.68,5791.0,8,0.0
2022-11-14 17:00:00,241.67,242.5,241.08,241.9,4235.0,8,0.0
2022-11-14 18:00:00,241.92,242.97,241.86,242.88,2949.0,8,0.0
2022-11-14 19:00:00,242.88,243.23,241.97,242.58,3657.0,8,0.0
2022-11-14 20:00:00,242.6,243.12,241.76,242.3,3374.0,8,0.0
2022-11-15 11:00:00,243.27,243.48,243.04,243.26,356.0,20,0.0
2022-11-15 12:00:00,243.26,244.17,242.89,244.07,523.0,20,0.0
2022-11-15 13:00:00,244.06,248.96,243.91,247.44,1145.0,20,0.0
2022-11-15 14:00:00,247.45,247.59,243.31,244.64,6429.0,8,0.0
2022-11-15 15:00:00,244.63,245.37,242.9,243.82,6054.0,8,0.0
2022-11-15 16:00:00,243.8,244.88,242.96,244.59,5785.0,8,0.0
2022-11-15 17:00:00,244.57,244.57,243.42,243.98,4331.0,8,0.0
2022-11-15 18:00:00,243.99,244.29,239.59,240.69,10705.0,8,0.0
2022-11-15 19:00:00,240.69,242.25,239.32,241.91,11890.0,8,0.0
2022-11-15 20:00:00,241.92,242.6,241.28,241.74,4626.0,8,0.0
2022-11-16 11:00:00,241.8,242.18,240.95,241.48,943.0,20,0.0
2022-11-16 12:00:00,241.63,241.91,241.15,241.77,722.0,20,0.0
2022-11-16 13:00:00,241.77,242.11,240.24,240.84,907.0,20,0.0
2022-11-16 14:00:00,240.89,243.6,240.86,242.7,6661.0,8,0.0
2022-11-16 15:00:00,242.73,242.94,240.42,240.7,7267.0,8,0.0
2022-11-16 16:00:00,240.72,242.53,240.62,242.2,4072.0,8,0.0
2022-11-16 17:00:00,242.21,243.75,241.81,242.95,5083.0,8,0.0
2022-11-16 18:00:00,242.94,243.45,241.75,241.94,3769.0,8,0.0
2022-11-16 19:00:00,241.93,242.85,241.71,242.8,3599.0,8,0.0
2022-11-16 20:00:00,242.78,242.83,241.88,242.25,3224.0,8,0.0
2022-11-17 11:00:00,239.86,240.51,239.13,240.38,815.0,20,0.0
2022-11-17 12:00:00,240.34,240.51,239.08,239.39,595.0,20,0.0
2022-11-17 13:00:00,239.42,239.42,237.68,237.82,904.0,20,0.0
2022-11-17 14:00:00,237.7,240.52,237.23,239.76,5692.0,8,0.0
2022-11-17 15:00:00,239.75,241.48,239.27,240.18,5625.0,8,0.0
2022-11-17 16:00:00,240.17,242.61,239.88,242.59,4358.0,8,0.0
2022-11-17 17:00:00,242.61,243.1,241.49,242.55,4520.0,8,0.0
2022-11-17 18:00:00,242.55,243.22,242.1,242.51,3527.0,8,0.0
2022-11-17 19:00:00,242.51,242.76,241.23,241.79,4191.0,8,0.0
2022-11-17 20:00:00,241.79,241.95,240.17,241.04,3582.0,8,0.0
2022-11-18 11:00:00,243.11,243.51,243.04,243.27,514.0,20,0.0
2022-11-18 12:00:00,243.27,243.57,242.7,243.25,605.0,20,0.0
2022-11-18 13:00:00,243.23,243.65,242.88,243.64,336.0,20,0.0
2022-11-18 14:00:00,243.61,244.57,240.03,241.64,6732.0,8,0.0
2022-11-18 15:00:00,241.66,241.79,239.49,239.73,6519.0,8,0.0
2022-11-18 16:00:00,239.75,240.43,239.02,239.94,4853.0,8,0.0
2022-11-18 17:00:00,239.92,240.16,239.1,239.5,4007.0,8,0.0
2022-11-18 18:00:00,239.5,240.21,239.09,239.4,3367.0,8,0.0
2022-11-18 19:00:00,239.39,239.72,239.04,239.41,3403.0,8,0.0
2022-11-18 20:00:00,239.4,241.39,239.37,241.39,3103.0,8,0.0
2022-11-21 11:00:00,239.65,239.85,239.27,239.43,208.0,20,0.0
2022-11-21 12:00:00,239.47,240.12,239.35,240.12,450.0,20,0.0
2022-11-21 13:00:00,240.15,240.78,239.94,240.78,387.0,20,0.0
2022-11-21 14:00:00,240.78,244.62,240.43,243.24,5966.0,8,0.0
2022-11-21 15:00:00,243.26,243.55,241.21,241.86,6429.0,8,0.0
2022-11-21 16:00:00,241.86,243.02,241.61,242.26,4779.0,8,0.0
2022-11-21 17:00:00,242.26,242.59,241.32,241.52,3986.0,8,0.0
2022-11-21 18:00:00,241.51,243.08,241.48,242.56,3520.0,8,0.0
2022-11-21 19:00:00,242.55,242.88,242.07,242.31,3021.0,8,0.0
2022-11-21 20:00:00,242.29,242.85,242.05,242.2,2583.0,8,0.0
2022-11-22 11:00:00,242.37,242.46,241.06,241.44,945.0,20,0.0
2022-11-22 12:00:00,241.41,242.16,241.31,241.95,536.0,20,0.0
2022-11-22 13:00:00,241.91,243.23,241.78,242.99,491.0,20,0.0
2022-11-22 14:00:00,242.96,243.73,240.66,241.38,4681.0,8,0.0
2022-11-22 15:00:00,241.36,243.12,241.28,243.06,5314.0,8,0.0
2022-11-22 16:00:00,243.06,243.11,242.07,242.5,3612.0,8,0.0
2022-11-22 17:00:00,242.49,243.25,242.45,242.86,2595.0,8,0.0
2022-11-22 18:00:00,242.85,244.16,242.6,244.13,2395.0,8,0.0
2022-11-22 19:00:00,244.13,244.39,243.53,244.0,2260.0,8,0.0
2022-11-22 20:00:00,244.0,244.65,243.99,244.47,1627.0,8,0.0
2022-11-23 11:00:00,245.15,245.96,244.97,245.88,531.0,20,0.0
2022-11-23 12:00:00,245.87,245.87,245.21,245.66,428.0,20,0.0
2022-11-23 13:00:00,245.61,245.69,245.06,245.3,314.0,20,0.0
2022-11-23 14:00:00,245.41,246.72,244.23,246.38,4421.0,8,0.0
2022-11-23 15:00:00,246.41,247.59,245.85,247.37,4739.0,8,0.0
2022-11-23 16:00:00,247.36,247.67,245.03,245.58,3322.0,8,0.0
2022-11-23 17:00:00,245.57,246.37,244.99,245.3,2980.0,8,0.0
2022-11-23 18:00:00,245.31,247.04,245.13,246.62,2490.0,8,0.0
2022-11-23 19:00:00,246.64,248.19,246.0,247.69,7931.0,8,0.0
2022-11-23 20:00:00,247.68,248.22,247.25,247.46,2219.0,8,0.0
2022-11-25 11:00:00,247.84,248.09,247.25,247.45,397.0,20,0.0
2022-11-25 12:00:00,247.43,247.64,246.96,247.01,344.0,20,0.0
2022-11-25 13:00:00,247.01,247.49,246.99,247.0,267.0,20,0.0
2022-11-25 14:00:00,247.02,248.65,246.15,247.81,3983.0,8,0.0
2022-11-25 15:00:00,247.8,248.11,247.37,247.93,2979.0,8,0.0
2022-11-25 16:00:00,247.93,248.14,246.71,247.47,2252.0,8,0.0
2022-11-25 17:00:00,247.47,248.0,247.12,247.56,2185.0,8,0.0
2022-11-28 11:00:00,245.63,246.04,245.46,245.79,456.0,20,0.0
2022-11-28 12:00:00,245.8,246.24,245.76,245.82,469.0,20,0.0
2022-11-28 13:00:00,245.82,246.42,245.45,246.16,498.0,20,0.0
2022-11-28 14:00:00,246.14,246.53,244.62,244.87,3994.0,8,0.0
2022-11-28 15:00:00,244.86,245.15,242.6,242.94,4446.0,8,0.0
2022-11-28 16:00:00,242.93,243.28,242.3,243.07,3597.0,8,0.0
2022-11-28 17:00:00,243.07,243.65,241.95,241.99,4616.0,8,0.0
2022-11-28 18:00:00,241.99,242.51,241.43,241.56,2076.0,8,0.0
2022-11-28 19:00:00,241.56,241.7,240.78,241.56,2134.0,8,0.0
2022-11-28 20:00:00,241.57,241.59,240.76,241.26,1579.0,8,0.0
2022-11-29 11:00:00,242.23,242.34,241.96,242.29,247.0,20,0.0
2022-11-29 12:00:00,242.29,242.29,241.7,242.1,345.0,20,0.0
2022-11-29 13:00:00,242.09,242.11,241.08,241.58,674.0,20,0.0
2022-11-29 14:00:00,241.55,242.75,240.3,240.56,5005.0,8,0.0
2022-11-29 15:00:00,240.56,241.43,240.07,240.6,5117.0,8,0.0
2022-11-29 16:00:00,240.62,240.7,238.18,239.63,5753.0,8,0.0
2022-11-29 17:00:00,239.63,240.34,239.38,240.09,3467.0,8,0.0
2022-11-29 18:00:00,240.09,240.21,238.98,240.04,3102.0,8,0.0
2022-11-29 19:00:00,240.05,240.87,239.58,239.99,3464.0,8,0.0
2022-11-29 20:00:00,239.99,240.34,239.41,239.82,2607.0,8,0.0
2022-11-30 11:00:00,241.0,241.54,240.93,241.45,253.0,20,0.0
2022-11-30 12:00:00,241.39,241.39,241.07,241.18,179.0,20,0.0
2022-11-30 13:00:00,241.11,241.9,240.32,240.71,444.0,20,0.0
2022-11-30 14:00:00,240.7,243.9,239.78,243.42,5809.0,8,0.0
2022-11-30 15:00:00,243.45,243.78,240.91,241.01,5418.0,8,0.0
2022-11-30 16:00:00,241.02,242.19,240.53,242.05,3729.0,8,0.0
2022-11-30 17:00:00,242.03,242.44,241.22,241.82,3105.0,8,0.0
2022-11-30 18:00:00,241.81,246.9,241.36,246.53,14374.0,8,0.0
2022-11-30 19:00:00,246.51,250.66,246.46,250.48,11088.0,8,0.0
2022-11-30 20:00:00,250.49,252.52,250.14,251.81,3613.0,8,0.0
2022-12-01 11:00:00,253.17,253.61,252.9,253.61,393.0,20,0.0
2022-12-01 12:00:00,253.67,254.03,253.07,253.85,508.0,20,0.0
2022-12-01 13:00:00,253.85,255.62,253.85,254.24,805.0,20,0.0
2022-12-01 14:00:00,254.24,256.05,253.1,254.75,5964.0,8,0.0
2022-12-01 15:00:00,254.79,255.5,250.87,253.92,7987.0,8,0.0
2022-12-01 16:00:00,253.94,254.03,252.57,253.14,6044.0,8,0.0
2022-12-01 17:00:00,253.15,254.35,252.27,254.26,4800.0,8,0.0
2022-12-01 18:00:00,254.27,255.02,253.6,254.4,3839.0,8,0.0
2022-12-01 19:00:00,254.38,255.9,254.04,255.79,3595.0,8,0.0
2022-12-01 20:00:00,255.79,256.06,255.04,255.85,2696.0,8,0.0
2022-12-02 11:00:00,254.22,254.28,253.94,254.05,131.0,40,0.0
2022-12-02 12:00:00,254.05,254.16,253.58,253.92,344.0,20,0.0
2022-12-02 13:00:00,253.93,254.2,248.04,249.75,1352.0,20,0.0
2022-12-02 14:00:00,249.71,251.4,248.72,250.61,7521.0,8,0.0
2022-12-02 15:00:00,250.6,252.7,250.05,251.53,7544.0,8,0.0
2022-12-02 16:00:00,251.51,253.72,250.79,252.74,4866.0,8,0.0
2022-12-02 17:00:00,252.75,253.89,252.34,252.9,3628.0,8,0.0
2022-12-02 18:00:00,252.91,253.7,252.19,253.37,2902.0,8,0.0
2022-12-02 19:00:00,253.38,254.4,252.88,254.32,2834.0,8,0.0
2022-12-02 20:00:00,254.32,255.97,254.03,254.35,3177.0,8,0.0
2022-12-05 11:00:00,253.51,254.18,253.42,254.05,232.0,20,0.0
2022-12-05 12:00:00,254.07,254.22,253.44,253.67,294.0,20,0.0
2022-12-05 13:00:00,253.77,253.81,253.04,253.17,433.0,20,0.0
2022-12-05 14:00:00,253.17,253.75,251.38,252.55,5654.0,8,0.0
2022-12-05 15:00:00,252.49,252.76,250.95,252.66,6825.0,8,0.0
2022-12-05 16:00:00,252.67,253.28,250.38,250.8,3663.0,8,0.0
2022-12-05 17:00:00,250.8,250.9,249.07,249.09,3068.0,8,0.0
2022-12-05 18:00:00,249.11,249.85,248.65,248.65,2790.0,8,0.0
2022-12-05 19:00:00,248.64,249.07,247.97,248.67,2951.0,8,0.0
2022-12-05 20:00:00,248.66,249.82,248.39,249.15,2635.0,8,0.0
2022-12-06 11:00:00,249.8,250.34,249.67,250.26,492.0,20,0.0
2022-12-06 12:00:00,250.26,250.58,250.07,250.17,427.0,20,0.0
2022-12-06 13:00:00,250.17,250.74,249.94,250.74,739.0,20,0.0
2022-12-06 14:00:00,250.75,251.77,248.13,248.15,5525.0,8,0.0
2022-12-06 15:00:00,248.16,248.21,246.32,247.01,5963.0,8,0.0
2022-12-06 16:00:00,247.02,247.19,246.12,246.39,4542.0,8,0.0
2022-12-06 17:00:00,246.41,246.66,245.13,245.29,3905.0,8,0.0
2022-12-06 18:00:00,245.29,245.59,244.32,245.2,3441.0,8,0.0
2022-12-06 19:00:00,245.2,245.24,243.88,244.35,2945.0,8,0.0
2022-12-06 20:00:00,244.35,245.07,243.69,245.03,2813.0,8,0.0
2022-12-07 11:00:00,243.88,244.3,243.18,243.37,578.0,20,0.0
2022-12-07 12:00:00,243.35,243.65,241.89,242.48,372.0,20,0.0
2022-12-07 13:00:00,242.53,243.75,242.23,243.58,503.0,20,0.0
2022-12-07 14:00:00,243.57,245.53,242.62,242.84,5483.0,8,0.0
2022-12-07 15:00:00,242.71,245.81,242.12,245.55,9851.0,8,0.0
2022-12-07 16:00:00,245.55,246.06,243.2,244.03,5572.0,8,0.0
2022-12-07 17:00:00,244.04,245.03,243.47,244.93,4318.0,8,0.0
2022-12-07 18:00:00,244.93,245.86,244.54,244.62,3653.0,8,0.0
2022-12-07 19:00:00,244.63,245.1,244.0,244.16,3133.0,8,0.0
2022-12-07 20:00:00,244.17,244.79,243.7,244.47,2918.0,8,0.0
2022-12-08 11:00:00,244.07,244.49,243.93,244.31,270.0,20,0.0
2022-12-08 12:00:00,244.38,244.77,243.92,244.54,260.0,20,0.0
2022-12-08 13:00:00,244.53,245.57,244.46,245.06,334.0,20,0.0
2022-12-08 14:00:00,245.14,245.88,242.98,245.83,5107.0,8,0.0
2022-12-08 15:00:00,245.85,247.2,245.63,246.84,6319.0,8,0.0
2022-12-08 16:00:00,246.86,247.65,245.75,247.2,4456.0,8,0.0
2022-12-08 17:00:00,247.2,247.58,246.62,247.43,3743.0,8,0.0
2022-12-08 18:00:00,247.44,248.64,247.16,248.09,3643.0,8,0.0
2022-12-08 19:00:00,248.07,248.07,246.0,246.73,4629.0,8,0.0
2022-12-08 20:00:00,246.73,247.82,245.99,247.17,2914.0,8,0.0
2022-12-09 11:00:00,247.77,248.05,247.59,247.92,372.0,20,0.0
2022-12-09 12:00:00,247.92,248.73,247.78,248.68,353.0,20,0.0
2022-12-09 13:00:00,248.67,248.81,243.17,246.13,895.0,20,0.0
2022-12-09 14:00:00,246.13,246.33,244.28,245.33,6664.0,8,0.0
2022-12-09 15:00:00,245.35,247.66,244.07,247.66,9102.0,8,0.0
2022-12-09 16:00:00,247.68,248.22,246.35,247.31,4911.0,8,0.0
2022-12-09 17:00:00,247.31,247.83,246.77,247.3,3524.0,8,0.0
2022-12-09 18:00:00,247.28,247.28,246.23,246.87,3404.0,8,0.0
2022-12-09 19:00:00,246.85,247.09,246.11,246.79,2871.0,8,0.0
2022-12-09 20:00:00,246.77,247.4,246.3,246.32,2561.0,8,0.0
2022-12-12 13:00:00,246.71,246.77,245.99,246.29,307.0,20,0.0
2022-12-12 14:00:00,246.32,252.05,245.63,251.09,5892.0,8,0.0
2022-12-12 15:00:00,251.11,251.22,248.7,249.66,5532.0,8,0.0
2022-12-12 16:00:00,249.67,250.79,249.51,250.25,3821.0,8,0.0
2022-12-12 17:00:00,250.25,250.32,249.6,250.13,2902.0,8,0.0
2022-12-12 18:00:00,250.12,250.77,249.62,250.26,3403.0,8,0.0
2022-12-12 19:00:00,250.27,251.05,249.63,250.9,2545.0,8,0.0
2022-12-12 20:00:00,250.92,251.4,250.66,250.83,2677.0,8,0.0
2022-12-13 11:00:00,253.78,255.05,253.59,254.48,275.0,40,0.0
2022-12-13 12:00:00,254.39,255.78,253.96,255.57,370.0,20,0.0
2022-12-13 13:00:00,255.55,264.67,254.92,262.16,1929.0,20,0.0
2022-12-13 14:00:00,262.23,263.81,260.77,262.23,12249.0,8,0.0
2022-12-13 15:00:00,262.21,262.4,258.28,259.82,14649.0,8,0.0
2022-12-13 16:00:00,259.84,261.14,257.19,257.84,9718.0,8,0.0
2022-12-13 17:00:00,257.84,258.27,253.0,254.52,10832.0,8,0.0
2022-12-13 18:00:00,254.51,255.89,253.43,255.53,7181.0,8,0.0
2022-12-13 19:00:00,255.51,257.35,254.94,255.87,6017.0,8,0.0
2022-12-13 20:00:00,255.86,256.6,254.46,256.14,5496.0,8,0.0
2022-12-14 11:00:00,256.89,256.95,256.08,256.69,386.0,20,0.0
2022-12-14 12:00:00,256.69,257.27,256.68,256.93,290.0,20,0.0
2022-12-14 13:00:00,256.95,257.68,256.65,257.55,258.0,20,0.0
2022-12-14 14:00:00,257.57,260.72,256.09,260.45,5965.0,8,0.0
2022-12-14 15:00:00,260.46,261.01,259.73,260.56,5319.0,8,0.0
2022-12-14 16:00:00,260.55,262.48,260.39,261.71,4078.0,8,0.0
2022-12-14 17:00:00,261.71,261.71,260.3,260.75,3614.0,8,0.0
2022-12-14 18:00:00,260.76,261.98,260.35,261.3,3802.0,8,0.0
2022-12-14 19:00:00,261.38,261.46,254.23,256.55,36236.0,8,0.0
2022-12-14 20:00:00,256.52,260.46,255.65,257.02,16065.0,8,0.0
2022-12-15 11:00:00,253.52,254.04,253.45,254.03,181.0,40,0.0
2022-12-15 12:00:00,254.04,255.26,254.03,255.25,421.0,20,0.0
2022-12-15 13:00:00,255.25,255.32,253.09,254.14,866.0,20,0.0
2022-12-15 14:00:00,254.15,254.58,250.8,251.15,6728.0,8,0.0
2022-12-15 15:00:00,251.19,251.47,249.46,249.7,7550.0,8,0.0
2022-12-15 16:00:00,249.68,250.15,248.29,248.5,5624.0,8,0.0
2022-12-15 17:00:00,248.5,249.36,248.07,248.38,4107.0,8,0.0
2022-12-15 18:00:00,248.41,248.55,247.24,248.06,3896.0,8,0.0
2022-12-15 19:00:00,248.06,249.66,247.83,249.58,4018.0,8,0.0
2022-12-15 20:00:00,249.58,250.07,248.35,248.42,3862.0,8,0.0
2022-12-16 11:00:00,246.45,247.61,246.08,246.91,557.0,20,0.0
2022-12-16 12:00:00,246.97,247.71,246.22,247.67,699.0,20,0.0
2022-12-16 13:00:00,247.67,247.69,246.59,247.14,409.0,20,0.0
2022-12-16 14:00:00,247.14,249.7,245.75,248.49,9375.0,8,0.0
2022-12-16 15:00:00,248.5,248.5,244.72,245.36,7068.0,8,0.0
2022-12-16 16:00:00,245.38,245.49,243.49,243.68,5865.0,8,0.0
2022-12-16 17:00:00,243.68,244.98,243.44,243.77,4210.0,8,0.0
2022-12-16 18:00:00,243.77,244.53,243.57,244.06,3322.0,8,0.0
2022-12-16 19:00:00,244.07,245.37,243.69,244.98,3491.0,8,0.0
2022-12-16 20:00:00,244.99,247.38,244.5,247.0,4333.0,8,0.0
2022-12-19 11:00:00,245.86,246.24,245.56,245.7,214.0,20,0.0
2022-12-19 12:00:00,245.69,246.19,245.53,245.96,289.0,20,0.0
2022-12-19 13:00:00,245.96,245.98,245.08,245.19,415.0,20,0.0
2022-12-19 14:00:00,245.17,245.27,241.13,241.51,5400.0,8,0.0
2022-12-19 15:00:00,241.5,242.84,240.15,241.15,6106.0,8,0.0
2022-12-19 16:00:00,241.13,241.14,238.95,240.7,4624.0,8,0.0
2022-12-19 17:00:00,240.72,241.23,240.34,240.56,3312.0,8,0.0
2022-12-19 18:00:00,240.56,240.85,239.24,239.3,3195.0,8,0.0
2022-12-19 19:00:00,239.28,239.76,238.64,239.27,3601.0,8,0.0
2022-12-19 20:00:00,239.28,239.68,238.59,238.91,2913.0,8,0.0
2022-12-20 11:00:00,239.36,239.99,239.34,239.53,390.0,20,0.0
2022-12-20 12:00:00,239.64,239.75,238.55,238.62,275.0,20,0.0
2022-12-20 13:00:00,238.61,239.13,238.46,238.81,419.0,20,0.0
2022-12-20 14:00:00,238.83,240.73,238.3,240.47,6446.0,8,0.0
2022-12-20 15:00:00,240.49,242.37,239.85,241.04,7706.0,8,0.0
2022-12-20 16:00:00,241.02,241.62,239.13,241.05,6618.0,8,0.0
2022-12-20 17:00:00,241.07,242.08,240.79,241.8,4814.0,8,0.0
2022-12-20 18:00:00,241.83,242.78,241.02,241.96,4175.0,8,0.0
2022-12-20 19:00:00,241.98,242.68,241.34,241.54,4091.0,8,0.0
2022-12-20 20:00:00,241.54,242.56,241.21,242.19,3154.0,8,0.0
2022-12-21 11:00:00,242.28,242.55,242.07,242.29,351.0,8,0.0
2022-12-21 12:00:00,242.26,242.44,241.51,242.27,360.0,20,0.0
2022-12-21 13:00:00,242.26,242.71,242.2,242.39,392.0,20,0.0
2022-12-21 14:00:00,242.43,243.54,240.0,242.01,5422.0,8,0.0
2022-12-21 15:00:00,242.02,244.39,241.83,244.26,6077.0,8,0.0
2022-12-21 16:00:00,244.28,245.26,243.36,243.55,4167.0,8,0.0
2022-12-21 17:00:00,243.56,245.04,243.36,244.97,3597.0,8,0.0
2022-12-21 18:00:00,244.97,245.48,244.3,244.67,3150.0,8,0.0
2022-12-21 19:00:00,244.67,245.5,244.36,244.63,3564.0,8,0.0
2022-12-21 20:00:00,244.64,244.98,243.85,244.19,2861.0,8,0.0
2022-12-22 11:00:00,244.07,244.08,243.41,243.87,261.0,8,0.0
2022-12-22 12:00:00,243.94,244.03,243.15,243.4,507.0,20,0.0
2022-12-22 13:00:00,243.37,243.47,239.91,240.36,687.0,20,0.0
2022-12-22 14:00:00,240.32,241.69,238.84,239.36,5494.0,8,0.0
2022-12-22 15:00:00,239.34,239.34,234.59,236.06,6884.0,8,0.0
2022-12-22 16:00:00,236.06,236.35,234.92,235.97,4619.0,8,0.0
2022-12-22 17:00:00,235.95,236.32,234.68,235.32,4347.0,8,0.0
2022-12-22 18:00:00,235.32,235.32,233.74,234.88,3842.0,8,0.0
2022-12-22 19:00:00,234.88,236.74,234.88,236.67,4816.0,8,0.0
2022-12-22 20:00:00,236.68,237.72,236.33,237.3,4599.0,8,0.0
2022-12-23 11:00:00,238.77,239.44,238.06,238.06,372.0,20,0.0
2022-12-23 12:00:00,238.06,239.13,238.01,238.97,548.0,20,0.0
2022-12-23 13:00:00,238.95,240.38,236.5,237.65,1135.0,20,0.0
2022-12-23 14:00:00,237.62,237.95,234.07,234.33,8715.0,8,0.0
2022-12-23 15:00:00,234.34,238.59,233.81,236.8,12064.0,8,0.0
2022-12-23 16:00:00,236.79,238.4,235.69,237.82,6660.0,8,0.0
2022-12-23 17:00:00,237.82,238.7,237.39,237.77,4972.0,8,0.0
2022-12-23 18:00:00,237.79,238.26,237.04,237.32,4190.0,8,0.0
2022-12-23 19:00:00,237.32,238.11,237.09,238.04,3256.0,8,0.0
2022-12-23 20:00:00,238.06,238.43,237.4,237.94,3133.0,8,0.0
2022-12-27 11:00:00,239.49,239.86,239.41,239.79,135.0,40,0.0
2022-12-27 12:00:00,239.79,239.79,239.23,239.44,232.0,20,0.0
2022-12-27 13:00:00,239.46,239.63,238.4,238.57,522.0,20,0.0
2022-12-27 14:00:00,238.68,239.25,235.68,236.66,5347.0,8,0.0
2022-12-27 15:00:00,236.64,238.36,235.7,237.37,6672.0,8,0.0
2022-12-27 16:00:00,237.38,238.02,237.04,237.4,4933.0,8,0.0
2022-12-27 17:00:00,237.41,238.27,236.72,237.13,3642.0,8,0.0
2022-12-27 18:00:00,237.12,237.67,236.31,236.5,2818.0,8,0.0
2022-12-27 19:00:00,236.49,237.07,235.83,236.46,2994.0,8,0.0
2022-12-27 20:00:00,236.48,237.57,236.3,237.34,2493.0,8,0.0
2022-12-28 11:00:00,237.02,237.37,236.84,237.12,224.0,20,0.0
2022-12-28 12:00:00,237.13,237.35,237.05,237.12,393.0,20,0.0
2022-12-28 13:00:00,237.12,237.28,236.64,236.81,229.0,20,0.0
2022-12-28 14:00:00,236.79,239.09,236.4,238.4,7132.0,8,0.0
2022-12-28 15:00:00,238.37,239.57,236.76,236.81,7737.0,8,0.0
2022-12-28 16:00:00,236.81,237.04,235.42,235.63,4932.0,8,0.0
2022-12-28 17:00:00,235.61,236.82,235.11,236.72,3977.0,8,0.0
2022-12-28 18:00:00,236.74,237.59,235.9,236.04,3789.0,8,0.0
2022-12-28 19:00:00,236.06,236.35,235.35,235.58,3584.0,8,0.0
2022-12-28 20:00:00,235.57,235.6,234.57,234.59,2968.0,8,0.0
2022-12-29 11:00:00,235.67,235.97,234.95,235.58,180.0,20,0.0
2022-12-29 12:00:00,235.55,235.59,235.02,235.37,346.0,20,0.0
2022-12-29 13:00:00,235.37,236.31,235.22,236.07,407.0,20,0.0
2022-12-29 14:00:00,235.92,238.5,234.94,237.92,5880.0,8,0.0
2022-12-29 15:00:00,237.94,239.82,237.56,239.69,5088.0,8,0.0
2022-12-29 16:00:00,239.7,240.74,239.06,240.61,3314.0,8,0.0
2022-12-29 17:00:00,240.63,240.98,240.17,240.43,2576.0,8,0.0
2022-12-29 18:00:00,240.42,240.99,239.91,240.9,2748.0,8,0.0
2022-12-29 19:00:00,240.89,241.39,240.67,240.72,2477.0,8,0.0
2022-12-29 20:00:00,240.72,241.76,240.69,241.2,2234.0,8,0.0
2022-12-30 11:00:00,239.58,239.85,239.14,239.29,411.0,20,0.0
2022-12-30 12:00:00,239.26,239.52,238.43,238.43,410.0,20,0.0
2022-12-30 13:00:00,238.32,238.42,237.92,238.25,217.0,20,0.0
2022-12-30 14:00:00,238.26,238.81,236.51,237.86,7766.0,8,0.0
2022-12-30 15:00:00,237.88,238.87,237.0,237.84,6183.0,8,0.0
2022-12-30 16:00:00,237.82,238.79,237.36,238.7,4087.0,8,0.0
2022-12-30 17:00:00,238.7,239.22,238.24,239.04,3138.0,8,0.0
2022-12-30 18:00:00,239.05,239.07,237.15,237.43,4101.0,8,0.0
2022-12-30 19:00:00,237.44,237.64,236.87,237.54,2944.0,8,0.0
2022-12-30 20:00:00,237.55,238.86,237.51,238.51,3230.0,8,0.0
2023-01-03 11:00:00,242.59,242.61,239.6,240.78,367.0,40,0.0
2023-01-03 12:00:00,240.74,241.47,240.45,241.19,365.0,20,0.0
2023-01-03 13:00:00,241.16,242.23,240.58,241.99,636.0,20,0.0
2023-01-03 14:00:00,242.02,245.57,241.07,241.07,9183.0,8,0.0
2023-01-03 15:00:00,241.07,241.63,238.13,239.5,8652.0,8,0.0
2023-01-03 16:00:00,239.48,239.65,237.32,238.01,6150.0,8,0.0
2023-01-03 17:00:00,238.03,238.8,237.44,237.98,4515.0,8,0.0
2023-01-03 18:00:00,237.96,238.58,237.23,238.39,3935.0,8,0.0
2023-01-03 19:00:00,238.41,239.77,237.73,239.24,5076.0,8,0.0
2023-01-03 20:00:00,239.25,240.18,239.06,239.37,3845.0,8,0.0
2023-01-04 11:00:00,234.32,234.72,233.93,234.52,235.0,40,0.0
2023-01-04 12:00:00,234.51,235.01,232.52,233.2,568.0,20,0.0
2023-01-04 13:00:00,233.18,234.22,232.45,232.6,968.0,20,0.0
2023-01-04 14:00:00,232.54,233.71,228.13,228.84,10152.0,8,0.0
2023-01-04 15:00:00,228.82,229.28,225.83,227.36,11328.0,8,0.0
2023-01-04 16:00:00,227.37,229.61,226.55,228.68,6003.0,8,0.0
2023-01-04 17:00:00,228.7,229.58,227.79,227.81,3735.0,8,0.0
2023-01-04 18:00:00,227.79,229.02,227.25,228.37,3577.0,6,0.0
2023-01-04 19:00:00,228.39,229.23,225.8,227.94,12938.0,6,0.0
2023-01-04 20:00:00,227.95,228.67,226.39,226.55,4729.0,8,0.0
2023-01-05 11:00:00,228.94,229.48,228.79,229.26,309.0,40,0.0
2023-01-05 12:00:00,229.26,229.62,228.62,228.68,266.0,20,0.0
2023-01-05 13:00:00,228.72,228.8,226.7,227.01,973.0,20,0.0
2023-01-05 14:00:00,227.01,227.64,223.49,224.95,7297.0,8,0.0
2023-01-05 15:00:00,224.96,226.01,223.67,224.0,8283.0,8,0.0
2023-01-05 16:00:00,224.02,224.6,222.9,222.92,4297.0,8,0.0
2023-01-05 17:00:00,222.94,223.48,222.07,222.07,3520.0,6,0.0
2023-01-05 18:00:00,222.07,223.55,221.59,223.39,5345.0,8,0.0
2023-01-05 19:00:00,223.43,224.49,222.84,224.11,3887.0,6,0.0
2023-01-05 20:00:00,224.1,224.11,222.13,222.14,2405.0,8,0.0
2023-01-06 11:00:00,221.74,221.91,221.43,221.57,175.0,8,0.0
2023-01-06 12:00:00,221.59,222.08,221.27,221.96,203.0,20,0.0
2023-01-06 13:00:00,221.99,225.62,221.22,224.87,1434.0,20,0.0
2023-01-06 14:00:00,224.78,224.98,219.19,219.85,8273.0,8,0.0
2023-01-06 15:00:00,219.88,222.98,219.82,222.64,11785.0,8,0.0
2023-01-06 16:00:00,222.66,223.26,221.67,222.7,5069.0,6,0.0
2023-01-06 17:00:00,222.72,222.87,221.72,222.13,3898.0,6,0.0
2023-01-06 18:00:00,222.13,223.93,222.1,223.85,3144.0,6,0.0
2023-01-06 19:00:00,223.87,225.52,223.76,225.26,3718.0,8,0.0
2023-01-06 20:00:00,225.25,225.57,224.8,225.03,2446.0,8,0.0
2023-01-09 11:00:00,225.8,225.98,225.39,225.62,162.0,20,0.0
2023-01-09 12:00:00,225.59,225.94,225.5,225.8,162.0,20,0.0
2023-01-09 13:00:00,225.8,226.46,225.42,225.77,329.0,20,0.0
2023-01-09 14:00:00,225.83,228.84,225.37,228.76,6093.0,8,0.0
2023-01-09 15:00:00,228.78,230.01,227.96,229.26,5740.0,8,0.0
2023-01-09 16:00:00,229.27,231.02,229.27,230.12,3489.0,8,0.0
2023-01-09 17:00:00,230.12,230.7,229.81,230.51,2849.0,8,0.0
2023-01-09 18:00:00,230.49,230.71,228.5,228.96,3547.0,8,0.0
2023-01-09 19:00:00,228.94,229.76,227.57,227.71,4351.0,8,0.0
2023-01-09 20:00:00,227.73,227.99,226.67,227.34,3326.0,8,0.0
2023-01-10 11:00:00,227.71,227.71,225.93,226.31,293.0,8,0.0
2023-01-10 12:00:00,226.29,226.52,225.54,226.39,466.0,20,0.0
2023-01-10 13:00:00,226.39,228.35,226.1,228.29,597.0,20,0.0
2023-01-10 14:00:00,228.34,230.44,226.82,229.67,8874.0,8,0.0
2023-01-10 15:00:00,229.66,231.08,227.12,228.5,9400.0,8,0.0
2023-01-10 16:00:00,228.51,229.31,227.43,228.01,5592.0,8,0.0
2023-01-10 17:00:00,228.0,228.68,227.26,228.04,3959.0,6,0.0
2023-01-10 18:00:00,228.06,228.88,227.8,228.51,3272.0,6,0.0
2023-01-10 19:00:00,228.52,228.76,227.67,227.83,3029.0,6,0.0
2023-01-10 20:00:00,227.83,228.12,227.25,227.72,2552.0,6,0.0
2023-01-11 11:00:00,229.1,229.57,228.67,229.24,170.0,20,0.0
2023-01-11 12:00:00,229.25,229.88,228.7,229.61,293.0,20,0.0
2023-01-11 13:00:00,229.56,230.59,229.49,230.51,404.0,20,0.0
2023-01-11 14:00:00,230.43,233.65,229.92,231.76,5692.0,8,0.0
2023-01-11 15:00:00,231.77,233.45,231.25,232.34,5499.0,8,0.0
2023-01-11 16:00:00,232.35,233.77,232.31,233.57,3245.0,8,0.0
2023-01-11 17:00:00,233.59,234.07,233.27,233.57,2753.0,8,0.0
2023-01-11 18:00:00,233.58,234.31,232.86,233.8,2839.0,8,0.0
2023-01-11 19:00:00,233.79,234.23,233.49,234.19,2147.0,8,0.0
2023-01-11 20:00:00,234.19,234.44,233.84,234.27,1671.0,8,0.0
2023-01-12 11:00:00,235.24,235.24,234.92,235.0,131.0,20,0.0
2023-01-12 12:00:00,235.0,235.36,234.89,235.21,225.0,20,0.0
2023-01-12 13:00:00,235.21,236.42,230.65,236.4,1959.0,20,0.0
2023-01-12 14:00:00,236.4,237.02,233.24,234.46,8083.0,8,0.0
2023-01-12 15:00:00,234.49,238.92,234.43,237.07,11927.0,8,0.0
2023-01-12 16:00:00,237.09,238.71,236.49,238.55,8296.0,8,0.0
2023-01-12 17:00:00,238.55,239.41,237.78,239.05,3845.0,8,0.0
2023-01-12 18:00:00,239.06,239.67,237.42,239.45,5337.0,8,0.0
2023-01-12 19:00:00,239.47,239.63,237.71,238.11,4876.0,8,0.0
2023-01-12 20:00:00,238.1,238.12,237.33,237.55,3498.0,8,0.0
2023-01-13 11:00:00,238.49,238.6,237.5,237.61,272.0,20,0.0
2023-01-13 12:00:00,237.6,237.92,236.48,236.85,327.0,20,0.0
2023-01-13 13:00:00,236.85,237.03,236.25,236.35,397.0,20,0.0
2023-01-13 14:00:00,236.32,237.39,234.74,236.32,6362.0,8,0.0
2023-01-13 15:00:00,236.28,237.33,235.96,236.4,7737.0,8,0.0
2023-01-13 16:00:00,236.4,236.51,234.76,235.34,4822.0,8,0.0
2023-01-13 17:00:00,235.33,236.24,235.24,236.18,2778.0,8,0.0
2023-01-13 18:00:00,236.2,237.39,235.98,237.35,2693.0,8,0.0
2023-01-13 19:00:00,237.36,238.23,237.11,237.9,2695.0,8,0.0
2023-01-13 20:00:00,237.92,239.01,237.8,238.7,1782.0,8,0.0
2023-01-17 11:00:00,238.74,238.8,238.45,238.59,187.0,8,0.0
2023-01-17 12:00:00,238.63,239.01,235.24,235.64,807.0,20,0.0
2023-01-17 13:00:00,235.59,236.75,235.55,235.98,929.0,20,0.0
2023-01-17 14:00:00,235.84,239.5,235.76,239.43,7566.0,8,0.0
2023-01-17 15:00:00,239.46,240.62,238.1,239.42,6552.0,8,0.0
2023-01-17 16:00:00,239.4,239.58,237.93,239.06,4205.0,8,0.0
2023-01-17 17:00:00,239.08,239.45,238.64,239.21,2878.0,8,0.0
2023-01-17 18:00:00,239.21,240.5,238.97,240.4,2825.0,8,0.0
2023-01-17 19:00:00,240.41,240.47,239.29,239.54,3008.0,8,0.0
2023-01-17 20:00:00,239.52,240.16,239.49,240.01,1853.0,8,0.0
2023-01-18 11:00:00,239.7,240.49,239.67,240.4,170.0,8,0.0
2023-01-18 12:00:00,240.4,241.18,240.19,241.08,239.0,20,0.0
2023-01-18 13:00:00,241.05,242.55,240.29,241.26,670.0,20,0.0
2023-01-18 14:00:00,241.31,243.63,239.86,240.84,7007.0,8,0.0
2023-01-18 15:00:00,240.86,241.79,237.31,237.99,8025.0,8,0.0
2023-01-18 16:00:00,237.98,238.23,236.1,237.1,5679.0,8,0.0
2023-01-18 17:00:00,237.08,237.4,236.64,236.95,3684.0,8,0.0
2023-01-18 18:00:00,236.97,237.14,236.0,236.86,3218.0,8,0.0
2023-01-18 19:00:00,236.87,237.7,236.56,236.89,2839.0,8,0.0
2023-01-18 20:00:00,236.89,237.14,235.85,235.94,2534.0,8,0.0
2023-01-19 11:00:00,234.02,234.03,233.36,233.75,265.0,40,0.0
2023-01-19 12:00:00,233.82,234.24,233.59,233.8,365.0,20,0.0
2023-01-19 13:00:00,233.8,234.13,232.96,233.77,805.0,20,0.0
2023-01-19 14:00:00,233.8,235.06,231.68,232.63,5712.0,8,0.0
2023-01-19 15:00:00,232.61,233.1,230.56,230.83,7595.0,8,0.0
2023-01-19 16:00:00,230.81,231.81,230.4,230.76,4329.0,8,0.0
2023-01-19 17:00:00,230.74,231.57,230.64,231.34,3304.0,6,0.0
2023-01-19 18:00:00,231.36,233.69,231.31,232.95,4301.0,8,0.0
2023-01-19 19:00:00,232.94,234.11,232.62,233.59,3496.0,8,0.0
2023-01-19 20:00:00,233.6,233.8,232.96,232.99,2441.0,8,0.0
2023-01-20 11:00:00,232.6,232.78,231.94,232.23,395.0,8,0.0
2023-01-20 12:00:00,232.22,232.93,232.04,232.5,358.0,20,0.0
2023-01-20 13:00:00,232.5,232.86,232.4,232.59,450.0,20,0.0
2023-01-20 14:00:00,232.58,236.66,232.37,235.39,8199.0,8,0.0
2023-01-20 15:00:00,235.41,236.45,234.86,235.81,5965.0,8,0.0
2023-01-20 16:00:00,235.81,238.37,235.73,238.23,3888.0,8,0.0
2023-01-20 17:00:00,238.21,238.54,237.83,238.02,2657.0,8,0.0
2023-01-20 18:00:00,238.03,239.3,237.29,239.2,3541.0,8,0.0
2023-01-20 19:00:00,239.21,239.5,238.79,239.24,2315.0,8,0.0
2023-01-20 20:00:00,239.23,240.43,239.19,239.59,2113.0,8,0.0
2023-01-23 11:00:00,240.16,240.16,239.47,239.5,167.0,20,0.0
2023-01-23 12:00:00,239.5,240.26,239.5,239.99,243.0,20,0.0
2023-01-23 13:00:00,240.05,241.06,240.05,240.74,603.0,20,0.0
2023-01-23 14:00:00,240.75,242.22,239.35,241.24,6678.0,8,0.0
2023-01-23 15:00:00,241.25,243.02,240.24,242.29,5613.0,8,0.0
2023-01-23 16:00:00,242.3,244.82,242.3,244.25,4137.0,8,0.0
2023-01-23 17:00:00,244.26,244.26,243.29,243.87,3220.0,8,0.0
2023-01-23 18:00:00,243.88,244.18,243.41,243.44,2574.0,8,0.0
2023-01-23 19:00:00,243.46,243.53,241.3,242.18,4387.0,8,0.0
2023-01-23 20:00:00,242.2,242.49,241.71,241.95,3292.0,8,0.0
2023-01-24 11:00:00,242.37,242.46,241.65,242.01,239.0,8,0.0
2023-01-24 12:00:00,241.98,242.36,241.66,242.31,232.0,20,0.0
2023-01-24 13:00:00,242.31,242.33,241.13,241.49,489.0,20,0.0
2023-01-24 14:00:00,241.53,242.83,240.56,241.55,6212.0,8,0.0
2023-01-24 15:00:00,241.58,243.57,241.28,242.58,6638.0,8,0.0
2023-01-24 16:00:00,242.58,242.61,241.36,241.71,4221.0,8,0.0
2023-01-24 17:00:00,241.72,242.13,241.12,241.45,3407.0,8,0.0
2023-01-24 18:00:00,241.43,242.51,240.87,242.04,3617.0,8,0.0
2023-01-24 19:00:00,242.04,242.3,241.27,242.13,3068.0,8,0.0
2023-01-24 20:00:00,242.13,242.19,240.1,240.28,2495.0,8,0.0
2023-01-25 11:00:00,235.47,236.31,234.84,235.38,433.0,40,0.0
2023-01-25 12:00:00,235.37,236.09,234.74,235.33,906.0,20,0.0
2023-01-25 13:00:00,235.33,235.74,233.93,234.19,1452.0,20,0.0
2023-01-25 14:00:00,234.19,234.59,230.58,231.14,10692.0,8,0.0
2023-01-25 15:00:00,231.16,235.03,230.83,234.24,10649.0,8,0.0
2023-01-25 16:00:00,234.25,240.58,233.93,240.08,10311.0,8,0.0
2023-01-25 17:00:00,240.08,240.32,237.58,238.87,5531.0,8,0.0
2023-01-25 18:00:00,238.89,241.17,238.64,239.99,5245.0,8,0.0
2023-01-25 19:00:00,240.01,242.94,239.56,241.02,6071.0,8,0.0
2023-01-25 20:00:00,241.04,241.77,239.85,240.29,3817.0,8,0.0
2023-01-26 11:00:00,241.3,241.39,241.11,241.24,95.0,40,0.0
2023-01-26 12:00:00,241.23,241.4,240.89,241.04,274.0,20,0.0
2023-01-26 13:00:00,241.04,241.56,240.28,241.26,852.0,20,0.0
2023-01-26 14:00:00,241.26,245.7,241.25,242.81,8329.0,8,0.0
2023-01-26 15:00:00,242.83,245.11,241.68,242.16,9070.0,8,0.0
2023-01-26 16:00:00,242.15,244.37,241.89,244.25,6767.0,8,0.0
2023-01-26 17:00:00,244.26,245.36,243.93,243.95,3934.0,8,0.0
2023-01-26 18:00:00,243.94,244.92,243.0,244.38,3664.0,8,0.0
2023-01-26 19:00:00,244.38,246.09,244.11,245.82,2987.0,8,0.0
2023-01-26 20:00:00,245.82,247.03,245.68,246.34,2546.0,8,0.0
2023-01-27 11:00:00,246.96,247.09,246.72,246.84,167.0,20,0.0
2023-01-27 12:00:00,246.81,247.26,246.7,246.81,244.0,20,0.0
2023-01-27 13:00:00,246.75,247.81,246.68,247.33,574.0,20,0.0
2023-01-27 14:00:00,247.34,248.97,247.01,247.52,6541.0,8,0.0
2023-01-27 15:00:00,247.51,248.62,246.47,247.15,7538.0,8,0.0
2023-01-27 16:00:00,247.16,248.49,246.79,247.96,4668.0,8,0.0
2023-01-27 17:00:00,247.97,248.48,247.59,248.2,3749.0,8,0.0
2023-01-27 18:00:00,248.21,248.34,247.42,248.11,3020.0,8,0.0
2023-01-27 19:00:00,248.1,248.4,247.86,248.24,2661.0,8,0.0
2023-01-27 20:00:00,248.25,249.46,248.23,249.07,2299.0,8,0.0
2023-01-30 11:00:00,244.5,244.5,243.47,244.28,278.0,40,0.0
2023-01-30 12:00:00,244.29,244.49,243.88,244.28,359.0,20,0.0
2023-01-30 13:00:00,244.32,244.39,243.57,244.06,565.0,20,0.0
2023-01-30 14:00:00,244.06,245.13,243.14,244.34,5841.0,8,0.0
2023-01-30 15:00:00,244.32,244.62,241.86,242.58,6614.0,8,0.0
2023-01-30 16:00:00,242.56,243.65,242.27,243.25,4866.0,8,0.0
2023-01-30 17:00:00,243.24,243.68,242.2,242.52,4240.0,8,0.0
2023-01-30 18:00:00,242.5,243.16,242.05,242.48,3587.0,8,0.0
2023-01-30 19:00:00,242.47,242.76,241.78,242.19,3002.0,8,0.0
2023-01-30 20:00:00,242.19,242.69,241.79,242.62,2435.0,8,0.0
2023-01-31 11:00:00,240.59,241.39,240.42,241.38,285.0,20,0.0
2023-01-31 12:00:00,241.35,241.92,241.09,241.88,288.0,20,0.0
2023-01-31 13:00:00,241.89,244.12,241.69,243.49,817.0,20,0.0
2023-01-31 14:00:00,243.49,244.3,242.5,243.37,6139.0,8,0.0
2023-01-31 15:00:00,243.44,245.13,243.19,244.25,7053.0,8,0.0
2023-01-31 16:00:00,244.27,245.93,244.27,245.44,4079.0,8,0.0
2023-01-31 17:00:00,245.43,246.03,244.84,245.74,2981.0,8,0.0
2023-01-31 18:00:00,245.74,246.31,245.21,246.23,2504.0,8,0.0
2023-01-31 19:00:00,246.24,246.59,246.1,246.17,2371.0,8,0.0
2023-01-31 20:00:00,246.19,246.48,245.55,246.28,2023.0,8,0.0
2023-02-01 11:00:00,246.57,246.95,246.55,246.84,135.0,8,0.0
2023-02-01 12:00:00,246.89,247.48,246.82,247.38,198.0,8,0.0
2023-02-01 13:00:00,247.37,247.4,246.93,247.34,360.0,20,0.0
2023-02-01 14:00:00,247.38,247.95,245.84,246.82,5423.0,8,0.0
2023-02-01 15:00:00,246.84,246.98,245.21,245.73,7480.0,8,0.0
2023-02-01 16:00:00,245.75,246.87,245.39,246.77,3389.0,8,0.0
2023-02-01 17:00:00,246.79,246.89,246.3,246.5,3043.0,8,0.0
2023-02-01 18:00:00,246.48,247.33,246.39,246.68,3209.0,8,0.0
2023-02-01 19:00:00,246.7,252.68,245.09,251.79,25080.0,8,0.0
2023-02-01 20:00:00,251.78,254.75,251.61,253.93,9284.0,8,0.0
2023-02-02 11:00:00,253.83,254.03,253.26,253.44,261.0,8,0.0
2023-02-02 12:00:00,253.44,254.4,252.91,254.4,416.0,20,0.0
2023-02-02 13:00:00,254.38,255.89,254.12,255.34,875.0,20,0.0
2023-02-02 14:00:00,255.39,260.22,255.03,257.69,10410.0,8,0.0
2023-02-02 15:00:00,257.71,260.35,256.81,259.74,9433.0,8,0.0
2023-02-02 16:00:00,259.72,262.67,259.43,260.96,6174.0,8,0.0
2023-02-02 17:00:00,260.96,261.44,260.2,261.16,4408.0,8,0.0
2023-02-02 18:00:00,261.18,264.1,260.87,263.9,3565.0,8,0.0
2023-02-02 19:00:00,263.9,264.24,260.48,261.02,6803.0,8,0.0
2023-02-02 20:00:00,261.04,262.57,260.45,262.04,5904.0,8,0.0
2023-02-03 11:00:00,260.91,262.17,260.82,261.49,367.0,20,0.0
2023-02-03 12:00:00,261.47,261.99,260.84,261.95,454.0,20,0.0
2023-02-03 13:00:00,261.92,262.42,257.67,258.7,1348.0,20,0.0
2023-02-03 14:00:00,258.73,261.72,257.55,261.43,10171.0,8,0.0
2023-02-03 15:00:00,261.4,263.73,260.15,261.33,13853.0,8,0.0
2023-02-03 16:00:00,261.34,263.32,260.75,260.95,7448.0,8,0.0
2023-02-03 17:00:00,260.93,262.35,259.71,259.96,5805.0,8,0.0
2023-02-03 18:00:00,259.94,260.0,257.77,258.27,8427.0,0,0.0
2023-02-03 19:00:00,258.27,258.51,257.03,257.29,6484.0,0,0.0
2023-02-03 20:00:00,257.28,258.23,256.67,257.29,4297.0,0,0.0
2023-02-06 11:00:00,255.24,255.36,254.66,255.35,198.0,20,0.0
2023-02-06 12:00:00,255.64,256.08,255.25,255.52,278.0,20,0.0
2023-02-06 13:00:00,255.63,255.69,254.5,254.75,339.0,20,0.0
2023-02-06 14:00:00,254.73,257.15,254.73,256.12,2475.0,8,0.0
2023-02-06 15:00:00,256.13,257.38,254.26,256.61,5100.0,8,0.0
2023-02-06 16:00:00,256.62,257.75,256.25,256.46,3368.0,8,0.0
2023-02-06 17:00:00,256.47,256.81,255.95,256.26,2956.0,8,0.0
2023-02-06 18:00:00,256.27,256.55,255.16,255.68,2869.0,8,0.0
2023-02-06 19:00:00,255.67,256.73,255.67,256.48,2761.0,8,0.0
2023-02-06 20:00:00,256.48,256.66,255.55,256.29,2234.0,8,0.0
2023-02-07 11:00:00,258.04,258.38,257.51,258.22,286.0,20,0.0
2023-02-07 12:00:00,258.27,259.37,258.1,259.37,309.0,20,0.0
2023-02-07 13:00:00,259.35,260.62,259.01,259.52,876.0,20,0.0
2023-02-07 14:00:00,259.48,262.88,259.08,260.23,9201.0,8,0.0
2023-02-07 15:00:00,260.23,263.1,260.01,261.99,7494.0,8,0.0
2023-02-07 16:00:00,262.01,264.06,261.41,263.57,4631.0,8,0.0
2023-02-07 17:00:00,263.57,267.77,262.32,266.76,11670.0,8,0.0
2023-02-07 18:00:00,266.74,267.35,260.89,261.94,19157.0,8,0.0
2023-02-07 19:00:00,261.92,266.76,261.83,266.03,11870.0,8,0.0
2023-02-07 20:00:00,266.06,267.46,265.55,267.01,4426.0,8,0.0
2023-02-08 11:00:00,272.51,272.76,271.15,271.21,397.0,40,0.0
2023-02-08 12:00:00,271.24,271.86,269.69,270.24,679.0,20,0.0
2023-02-08 13:00:00,270.2,270.9,269.18,270.83,1096.0,20,0.0
2023-02-08 14:00:00,270.87,276.21,270.5,272.16,14503.0,8,0.0
2023-02-08 15:00:00,272.16,273.81,269.55,269.79,12444.0,8,0.0
2023-02-08 16:00:00,269.78,269.98,267.04,269.13,8885.0,8,0.0
2023-02-08 17:00:00,269.12,269.72,267.99,269.17,5878.0,8,0.0
2023-02-08 18:00:00,269.19,270.04,267.55,268.32,6164.0,8,0.0
2023-02-08 19:00:00,268.34,269.04,266.13,266.94,5369.0,8,0.0
2023-02-08 20:00:00,266.93,267.03,265.7,266.94,3935.0,8,0.0
2023-02-09 11:00:00,271.28,271.29,270.46,270.64,266.0,60,0.0
2023-02-09 12:00:00,270.6,270.99,270.28,270.37,391.0,40,0.0
2023-02-09 13:00:00,270.37,272.21,270.23,271.81,618.0,20,0.0
2023-02-09 14:00:00,271.86,273.45,269.11,270.94,8325.0,8,0.0
2023-02-09 15:00:00,270.96,272.14,268.96,270.28,9928.0,8,0.0
2023-02-09 16:00:00,270.3,270.3,267.9,268.25,7503.0,8,0.0
2023-02-09 17:00:00,268.24,269.33,266.42,267.16,4762.0,8,0.0
2023-02-09 18:00:00,267.14,267.17,264.98,265.13,5347.0,8,0.0
2023-02-09 19:00:00,265.11,265.61,264.5,264.92,4861.0,8,0.0
2023-02-09 20:00:00,264.92,265.08,262.25,262.88,3836.0,8,0.0
2023-02-10 11:00:00,259.38,259.44,257.91,258.9,411.0,40,0.0
2023-02-10 12:00:00,258.93,259.86,258.82,259.62,488.0,20,0.0
2023-02-10 13:00:00,259.63,260.74,259.57,260.22,600.0,20,0.0
2023-02-10 14:00:00,260.2,262.7,259.94,261.59,7225.0,8,0.0
2023-02-10 15:00:00,261.51,263.51,260.58,261.84,11518.0,8,0.0
2023-02-10 16:00:00,261.82,262.69,260.56,260.76,6220.0,8,0.0
2023-02-10 17:00:00,260.77,261.09,260.07,261.08,5263.0,8,0.0
2023-02-10 18:00:00,261.08,262.18,260.64,261.14,3946.0,8,0.0
2023-02-10 19:00:00,261.15,261.62,260.47,261.28,3641.0,8,0.0
2023-02-10 20:00:00,261.3,261.97,260.76,261.85,2936.0,8,0.0
2023-02-13 11:00:00,265.48,265.69,264.86,265.55,222.0,40,0.0
2023-02-13 12:00:00,265.58,266.57,265.46,265.7,328.0,40,0.0
2023-02-13 13:00:00,265.72,266.31,265.07,265.38,449.0,20,0.0
2023-02-13 14:00:00,265.36,271.93,265.32,271.83,8895.0,8,0.0
2023-02-13 15:00:00,271.82,272.31,270.22,270.97,8229.0,8,0.0
2023-02-13 16:00:00,270.99,273.92,270.99,272.97,5277.0,8,0.0
2023-02-13 17:00:00,272.98,273.16,271.11,271.64,3842.0,8,0.0
2023-02-13 18:00:00,271.63,271.82,270.49,271.5,3404.0,8,0.0
2023-02-13 19:00:00,271.5,271.57,269.54,270.52,3862.0,8,0.0
2023-02-13 20:00:00,270.51,270.87,269.77,270.22,2877.0,8,0.0
2023-02-14 11:00:00,272.03,272.52,271.97,272.17,444.0,20,0.0
2023-02-14 12:00:00,272.18,272.41,271.65,271.9,286.0,20,0.0
2023-02-14 13:00:00,271.9,274.13,268.93,271.15,1990.0,20,0.0
2023-02-14 14:00:00,271.13,272.05,269.31,271.02,11606.0,8,0.0
2023-02-14 15:00:00,271.0,274.25,268.58,270.1,13284.0,8,0.0
2023-02-14 16:00:00,270.08,271.21,268.8,269.96,13412.0,8,0.0
2023-02-14 17:00:00,269.94,270.6,269.49,270.22,6531.0,8,0.0
2023-02-14 18:00:00,270.24,272.61,270.1,272.06,7384.0,8,0.0
2023-02-14 19:00:00,272.08,273.22,270.96,272.31,6235.0,8,0.0
2023-02-14 20:00:00,272.32,272.57,271.64,272.35,3951.0,8,0.0
2023-02-15 11:00:00,271.11,271.12,270.42,270.58,171.0,40,0.0
2023-02-15 12:00:00,270.64,271.74,270.56,271.06,421.0,20,0.0
2023-02-15 13:00:00,271.04,271.73,269.66,270.91,1015.0,20,0.0
2023-02-15 14:00:00,270.89,271.01,268.05,269.24,8328.0,8,0.0
2023-02-15 15:00:00,269.22,269.84,266.49,266.63,9028.0,8,0.0
2023-02-15 16:00:00,266.64,268.2,266.6,266.7,4529.0,8,0.0
2023-02-15 17:00:00,266.72,268.08,266.14,267.5,4700.0,8,0.0
2023-02-15 18:00:00,267.52,268.93,267.13,268.43,3250.0,8,0.0
2023-02-15 19:00:00,268.42,269.23,267.52,267.68,2847.0,8,0.0
2023-02-15 20:00:00,267.68,268.5,267.68,268.03,2562.0,8,0.0
2023-02-16 11:00:00,269.79,269.83,268.12,268.29,195.0,40,0.0
2023-02-16 12:00:00,268.38,268.99,267.86,268.32,269.0,40,0.0
2023-02-16 13:00:00,268.31,268.31,264.45,264.99,931.0,20,0.0
2023-02-16 14:00:00,264.98,265.3,263.08,264.33,7387.0,8,0.0
2023-02-16 15:00:00,264.34,266.69,264.03,265.7,8114.0,8,0.0
2023-02-16 16:00:00,265.71,266.25,264.67,264.78,5410.0,8,0.0
2023-02-16 17:00:00,264.78,266.36,264.41,265.94,4465.0,8,0.0
2023-02-16 18:00:00,265.96,266.22,264.85,265.33,4361.0,8,0.0
2023-02-16 19:00:00,265.34,265.69,264.92,265.04,3216.0,8,0.0
2023-02-16 20:00:00,265.05,265.19,261.86,262.34,4936.0,8,0.0
2023-02-17 11:00:00,259.41,259.65,258.79,259.63,272.0,40,0.0
2023-02-17 12:00:00,259.7,260.67,259.7,260.56,280.0,20,0.0
2023-02-17 13:00:00,260.56,260.6,259.75,260.41,491.0,20,0.0
2023-02-17 14:00:00,260.35,261.74,256.4,257.21,7406.0,8,0.0
2023-02-17 15:00:00,257.19,258.92,256.86,256.9,8963.0,8,0.0
2023-02-17 16:00:00,256.87,257.44,256.48,257.13,4705.0,8,0.0
2023-02-17 17:00:00,257.12,257.69,255.96,256.25,3557.0,8,0.0
2023-02-17 18:00:00,256.27,257.17,256.18,256.58,3203.0,8,0.0
2023-02-17 19:00:00,256.6,257.8,256.5,257.68,3557.0,8,0.0
2023-02-17 20:00:00,257.7,257.97,257.07,257.26,3782.0,8,0.0
2023-02-21 11:00:00,256.14,256.54,255.64,255.85,496.0,20,0.0
2023-02-21 12:00:00,255.87,256.15,255.14,255.88,364.0,20,0.0
2023-02-21 13:00:00,255.88,256.06,255.21,255.32,631.0,20,0.0
2023-02-21 14:00:00,255.31,255.54,253.82,254.15,5582.0,8,0.0
2023-02-21 15:00:00,254.14,254.44,252.81,253.25,6228.0,8,0.0
2023-02-21 16:00:00,253.26,253.6,251.77,251.83,4092.0,8,0.0
2023-02-21 17:00:00,251.81,252.43,251.56,252.38,3152.0,8,0.0
2023-02-21 18:00:00,252.36,252.84,252.15,252.75,2922.0,8,0.0
2023-02-21 19:00:00,252.77,252.9,252.17,252.51,3226.0,8,0.0
2023-02-21 20:00:00,252.52,252.73,251.77,252.27,2316.0,8,0.0
2023-02-22 11:00:00,252.55,252.87,250.84,251.96,411.0,8,0.0
2023-02-22 12:00:00,251.98,254.04,251.87,253.63,551.0,20,0.0
2023-02-22 13:00:00,253.63,253.68,253.06,253.39,551.0,20,0.0
2023-02-22 14:00:00,253.39,254.31,252.81,253.32,5619.0,8,0.0
2023-02-22 15:00:00,253.33,253.34,251.34,252.82,6034.0,8,0.0
2023-02-22 16:00:00,252.83,252.89,251.79,252.45,4581.0,8,0.0
2023-02-22 17:00:00,252.47,253.03,252.13,252.8,3250.0,8,0.0
2023-02-22 18:00:00,252.8,253.6,252.69,253.2,2774.0,8,0.0
2023-02-22 19:00:00,253.22,253.79,251.12,251.2,11594.0,8,0.0
2023-02-22 20:00:00,251.18,251.65,250.65,250.8,4502.0,8,0.0
2023-02-23 11:00:00,253.83,254.49,253.71,254.49,329.0,40,0.0
2023-02-23 12:00:00,254.49,254.49,253.64,253.91,498.0,20,0.0
2023-02-23 13:00:00,253.9,254.32,253.07,254.25,814.0,20,0.0
2023-02-23 14:00:00,254.25,256.81,254.04,256.31,7068.0,8,0.0
2023-02-23 15:00:00,256.34,256.57,252.99,253.03,7644.0,8,0.0
2023-02-23 16:00:00,253.01,253.64,251.22,251.25,5307.0,8,0.0
2023-02-23 17:00:00,251.27,251.92,251.1,251.58,3727.0,8,0.0
2023-02-23 18:00:00,251.58,252.0,250.44,251.83,3917.0,8,0.0
2023-02-23 19:00:00,251.84,254.45,251.64,253.81,4451.0,8,0.0
2023-02-23 20:00:00,253.82,255.55,253.82,254.99,2969.0,8,0.0
2023-02-24 11:00:00,252.94,252.96,252.28,252.42,202.0,40,0.0
2023-02-24 12:00:00,252.51,252.99,252.41,252.72,265.0,20,0.0
2023-02-24 13:00:00,252.72,253.18,249.98,250.33,1096.0,8,0.0
2023-02-24 14:00:00,250.3,250.92,249.03,249.5,7213.0,8,0.0
2023-02-24 15:00:00,249.48,250.09,248.2,248.48,8011.0,8,0.0
2023-02-24 16:00:00,248.49,249.74,248.24,249.39,4942.0,8,0.0
2023-02-24 17:00:00,249.41,249.56,248.55,248.67,3748.0,8,0.0
2023-02-24 18:00:00,248.67,249.04,248.14,248.9,3196.0,8,0.0
2023-02-24 19:00:00,248.89,249.57,248.37,249.42,3457.0,8,0.0
2023-02-24 20:00:00,249.42,249.74,248.36,248.48,3022.0,8,0.0
2023-02-27 11:00:00,250.36,250.51,250.1,250.49,151.0,40,0.0
2023-02-27 12:00:00,250.4,250.52,249.95,250.01,170.0,40,0.0
2023-02-27 13:00:00,250.01,252.54,249.96,251.85,602.0,20,0.0
2023-02-27 14:00:00,251.81,252.72,250.72,251.8,5209.0,8,0.0
2023-02-27 15:00:00,251.78,252.74,250.16,250.68,6486.0,8,0.0
2023-02-27 16:00:00,250.68,250.73,249.49,250.31,4114.0,8,0.0
2023-02-27 17:00:00,250.33,250.71,249.65,250.7,3012.0,8,0.0
2023-02-27 18:00:00,250.7,251.12,249.86,250.57,2513.0,8,0.0
2023-02-27 19:00:00,250.58,250.97,249.61,249.8,2925.0,8,0.0
2023-02-27 20:00:00,249.78,250.04,249.35,249.72,2787.0,8,0.0
2023-02-28 11:00:00,249.75,250.47,249.72,250.29,257.0,8,0.0
2023-02-28 12:00:00,250.27,250.85,250.26,250.83,294.0,8,0.0
2023-02-28 13:00:00,250.83,250.88,249.64,249.99,427.0,8,0.0
2023-02-28 14:00:00,250.05,250.2,248.62,249.76,4779.0,8,0.0
2023-02-28 15:00:00,249.77,250.35,249.05,249.77,6200.0,8,0.0
2023-02-28 16:00:00,249.78,250.45,249.1,249.58,3598.0,8,0.0
2023-02-28 17:00:00,249.59,251.14,249.58,250.83,2811.0,8,0.0
2023-02-28 18:00:00,250.84,251.43,250.7,250.98,2689.0,8,0.0
2023-02-28 19:00:00,250.99,251.1,249.66,249.71,2818.0,8,0.0
2023-02-28 20:00:00,249.71,249.74,248.94,249.26,2392.0,8,0.0
2023-03-01 11:00:00,251.23,251.73,251.22,251.65,216.0,40,0.0
2023-03-01 12:00:00,251.55,251.69,250.88,251.38,311.0,20,0.0
2023-03-01 13:00:00,251.38,251.43,250.02,250.47,636.0,20,0.0
2023-03-01 14:00:00,250.47,251.99,247.72,249.49,6919.0,8,0.0
2023-03-01 15:00:00,249.51,249.86,247.22,248.32,7449.0,8,0.0
2023-03-01 16:00:00,248.3,248.58,246.54,248.37,5267.0,8,0.0
2023-03-01 17:00:00,248.39,248.57,247.67,247.77,3707.0,8,0.0
2023-03-01 18:00:00,247.77,247.85,246.9,247.1,2745.0,8,0.0
2023-03-01 19:00:00,247.11,247.13,246.27,246.44,2755.0,8,0.0
2023-03-01 20:00:00,246.45,246.73,246.17,246.72,2384.0,8,0.0
2023-03-02 11:00:00,245.89,246.73,245.86,246.73,448.0,20,0.0
2023-03-02 12:00:00,246.74,247.37,244.92,244.92,631.0,20,0.0
2023-03-02 13:00:00,244.85,246.13,243.02,244.73,917.0,40,0.0
2023-03-02 14:00:00,244.76,247.54,244.64,246.59,5550.0,8,0.0
2023-03-02 15:00:00,246.61,247.77,246.52,247.59,6455.0,8,0.0
2023-03-02 16:00:00,247.6,247.85,246.57,247.37,3756.0,8,0.0
2023-03-02 17:00:00,247.38,247.61,246.83,247.3,2832.0,8,0.0
2023-03-02 18:00:00,247.31,249.36,246.82,249.35,3662.0,8,0.0
2023-03-02 19:00:00,249.35,250.78,249.34,249.99,4170.0,8,0.0
2023-03-02 20:00:00,250.0,251.35,249.79,250.97,2679.0,8,0.0
2023-03-03 11:00:00,251.9,252.3,251.56,251.9,212.0,20,0.0
2023-03-03 12:00:00,251.9,251.99,250.75,250.86,535.0,20,0.0
2023-03-03 13:00:00,250.87,251.86,250.67,251.86,452.0,20,0.0
2023-03-03 14:00:00,251.8,254.43,251.37,254.35,4909.0,8,0.0
2023-03-03 15:00:00,254.41,255.19,253.2,254.07,6472.0,8,0.0
2023-03-03 16:00:00,254.07,254.13,253.21,253.83,3941.0,8,0.0
2023-03-03 17:00:00,253.85,254.93,253.56,254.89,2800.0,8,0.0
2023-03-03 18:00:00,254.91,255.37,254.68,254.86,2524.0,8,0.0
2023-03-03 19:00:00,254.86,255.57,254.6,254.75,2561.0,8,0.0
2023-03-03 20:00:00,254.77,255.16,254.38,255.12,2380.0,8,0.0
2023-03-06 11:00:00,255.51,256.01,254.82,255.26,456.0,8,0.0
2023-03-06 12:00:00,255.29,255.72,255.29,255.52,295.0,20,0.0
2023-03-06 13:00:00,255.52,256.73,255.52,256.15,367.0,20,0.0
2023-03-06 14:00:00,256.13,257.92,255.86,257.5,5040.0,8,0.0
2023-03-06 15:00:00,257.49,259.83,257.1,259.24,4864.0,8,0.0
2023-03-06 16:00:00,259.26,260.06,258.88,259.36,3019.0,8,0.0
2023-03-06 17:00:00,259.36,259.36,257.52,258.41,3096.0,8,0.0
2023-03-06 18:00:00,258.39,258.65,257.72,257.93,3007.0,8,0.0
2023-03-06 19:00:00,257.92,258.47,257.5,257.63,2795.0,8,0.0
2023-03-06 20:00:00,257.63,257.76,256.85,257.13,2829.0,8,0.0
2023-03-07 11:00:00,257.46,257.5,256.97,256.97,140.0,8,0.0
2023-03-07 12:00:00,256.97,257.21,256.73,257.0,195.0,8,0.0
2023-03-07 13:00:00,257.0,258.29,257.0,257.58,462.0,20,0.0
2023-03-07 14:00:00,257.58,257.64,255.84,256.85,3637.0,8,0.0
2023-03-07 15:00:00,256.87,256.89,254.04,254.68,10025.0,8,0.0
2023-03-07 16:00:00,254.67,255.68,254.48,254.67,6558.0,8,0.0
2023-03-07 17:00:00,254.66,256.29,254.56,255.42,5576.0,8,0.0
2023-03-07 18:00:00,255.4,255.51,254.03,254.33,4137.0,8,0.0
2023-03-07 19:00:00,254.33,254.68,253.38,253.45,3010.0,8,0.0
2023-03-07 20:00:00,253.43,254.19,253.35,254.08,2384.0,8,0.0
2023-03-08 11:00:00,255.03,255.3,254.69,254.77,197.0,20,0.0
2023-03-08 12:00:00,254.74,255.04,253.28,253.83,398.0,20,0.0
2023-03-08 13:00:00,253.81,253.99,252.52,253.21,714.0,20,0.0
2023-03-08 14:00:00,253.23,254.51,252.16,252.22,4286.0,8,0.0
2023-03-08 15:00:00,252.24,252.97,250.76,252.29,10364.0,8,0.0
2023-03-08 16:00:00,252.3,253.79,251.54,253.69,4779.0,8,0.0
2023-03-08 17:00:00,253.68,253.84,251.75,252.57,3681.0,8,0.0
2023-03-08 18:00:00,252.59,252.76,251.42,251.77,4106.0,8,0.0
2023-03-08 19:00:00,251.76,253.29,251.62,252.54,3246.0,8,0.0
2023-03-08 20:00:00,252.53,253.43,251.98,253.42,2168.0,8,0.0
2023-03-09 11:00:00,251.99,252.47,251.88,252.46,154.0,20,0.0
2023-03-09 12:00:00,252.46,252.6,252.13,252.36,217.0,20,0.0
2023-03-09 13:00:00,252.36,255.03,251.95,255.01,580.0,20,0.0
2023-03-09 14:00:00,254.94,258.29,254.66,257.97,4988.0,8,0.0
2023-03-09 15:00:00,257.97,259.5,257.73,258.46,5911.0,8,0.0
2023-03-09 16:00:00,258.44,258.95,257.62,258.15,3861.0,8,0.0
2023-03-09 17:00:00,258.17,258.25,256.09,256.57,3948.0,8,0.0
2023-03-09 18:00:00,256.59,256.83,253.73,254.01,4581.0,8,0.0
2023-03-09 19:00:00,254.03,254.41,252.87,253.53,4776.0,8,0.0
2023-03-09 20:00:00,253.55,253.71,251.53,252.71,5047.0,8,0.0
2023-03-10 11:00:00,251.56,252.69,250.65,251.99,956.0,40,0.0
2023-03-10 12:00:00,251.96,252.17,251.14,251.74,344.0,20,0.0
2023-03-10 13:00:00,251.79,254.62,249.76,252.99,1227.0,20,0.0
2023-03-10 14:00:00,252.87,253.19,247.73,248.65,7768.0,8,0.0
2023-03-10 15:00:00,248.72,252.34,248.67,252.17,14631.0,8,0.0
2023-03-10 16:00:00,252.16,252.74,250.48,250.73,9266.0,8,0.0
2023-03-10 17:00:00,250.75,251.38,249.72,249.77,6532.0,8,0.0
2023-03-10 18:00:00,249.79,250.4,247.75,247.78,5556.0,8,0.0
2023-03-10 19:00:00,247.76,250.05,247.71,249.54,9552.0,8,0.0
2023-03-10 20:00:00,249.52,249.82,247.57,247.84,7975.0,8,0.0
2023-03-13 10:00:00,249.48,252.36,248.51,252.05,879.0,40,0.0
2023-03-13 11:00:00,251.99,252.73,250.1,251.12,969.0,20,0.0
2023-03-13 12:00:00,251.18,251.53,244.85,247.66,1285.0,20,0.0
2023-03-13 13:00:00,247.68,251.08,245.71,250.37,12529.0,8,0.0
2023-03-13 14:00:00,250.39,254.31,249.77,253.99,18564.0,8,0.0
2023-03-13 15:00:00,254.01,256.36,253.67,255.81,15775.0,8,0.0
2023-03-13 16:00:00,255.83,256.76,254.67,255.2,10860.0,8,0.0
2023-03-13 17:00:00,255.19,256.02,254.26,255.84,10068.0,8,0.0
2023-03-13 18:00:00,255.87,257.85,255.73,256.66,9540.0,8,0.0
2023-03-13 19:00:00,256.64,257.08,254.74,255.96,8493.0,8,0.0
2023-03-14 11:00:00,255.01,256.26,254.96,255.23,428.0,20,0.0
2023-03-14 12:00:00,255.24,256.62,251.89,255.96,1240.0,20,0.0
2023-03-14 13:00:00,255.95,258.43,254.83,256.73,8117.0,8,0.0
2023-03-14 14:00:00,256.75,258.29,256.65,257.85,7426.0,8,0.0
2023-03-14 15:00:00,257.87,260.28,257.86,259.96,4338.0,8,0.0
2023-03-14 16:00:00,259.97,260.13,259.02,259.64,4393.0,8,0.0
2023-03-14 17:00:00,259.66,259.86,257.98,258.56,6720.0,8,0.0
2023-03-14 18:00:00,258.54,259.37,257.61,258.76,6353.0,8,0.0
2023-03-14 19:00:00,258.77,259.24,257.43,259.15,5435.0,8,0.0
2023-03-15 10:00:00,259.14,259.65,256.47,257.03,1119.0,20,0.0
2023-03-15 11:00:00,257.03,257.89,255.55,256.91,755.0,40,0.0
2023-03-15 12:00:00,256.93,257.93,256.17,257.42,764.0,40,0.0
2023-03-15 13:00:00,257.42,263.53,257.05,262.42,8617.0,8,0.0
2023-03-15 14:00:00,262.39,264.82,261.57,264.7,12101.0,8,0.0
2023-03-15 15:00:00,264.73,264.76,263.18,264.1,8848.0,8,0.0
2023-03-15 16:00:00,264.08,264.27,261.12,261.83,7679.0,8,0.0
2023-03-15 17:00:00,261.85,264.35,261.57,263.83,8453.0,8,0.0
2023-03-15 18:00:00,263.81,266.23,263.0,266.05,11439.0,8,0.0
2023-03-15 19:00:00,266.07,266.42,263.84,264.83,9778.0,8,0.0
2023-03-16 10:00:00,265.73,266.14,265.3,265.55,349.0,20,0.0
2023-03-16 11:00:00,265.64,265.95,265.45,265.55,389.0,20,0.0
2023-03-16 12:00:00,265.55,265.8,264.66,265.1,607.0,20,0.0
2023-03-16 13:00:00,265.1,265.61,263.36,264.45,6271.0,8,0.0
2023-03-16 14:00:00,264.43,266.54,263.19,266.47,9905.0,8,0.0
2023-03-16 15:00:00,266.49,273.83,266.04,273.01,12516.0,8,0.0
2023-03-16 16:00:00,273.03,275.63,272.47,274.92,5825.0,8,0.0
2023-03-16 17:00:00,274.26,275.73,274.09,275.38,2948.0,8,0.0
2023-03-16 18:00:00,275.4,275.9,274.16,275.29,5244.0,8,0.0
2023-03-16 19:00:00,275.3,276.4,275.22,276.24,3472.0,8,0.0
2023-03-17 10:00:00,276.74,277.81,276.41,277.17,467.0,20,0.0
2023-03-17 11:00:00,277.17,278.08,276.63,278.02,478.0,20,0.0
2023-03-17 12:00:00,278.08,278.69,276.2,277.18,985.0,20,0.0
2023-03-17 13:00:00,277.11,281.79,277.11,281.47,11434.0,8,0.0
2023-03-17 14:00:00,281.46,283.23,279.12,280.48,14067.0,8,0.0
2023-03-17 15:00:00,280.49,280.51,276.24,277.41,8920.0,8,0.0
2023-03-17 16:00:00,277.4,279.02,276.79,278.46,7120.0,8,0.0
2023-03-17 17:00:00,278.48,280.78,278.47,280.5,6510.0,8,0.0
2023-03-17 18:00:00,280.52,281.13,276.81,278.03,6272.0,8,0.0
2023-03-17 19:00:00,278.05,279.39,277.69,278.14,5778.0,8,0.0
2023-03-20 10:00:00,280.23,280.59,279.12,279.89,459.0,40,0.0
2023-03-20 11:00:00,279.89,280.08,278.08,278.46,533.0,20,0.0
2023-03-20 12:00:00,278.47,279.23,278.03,278.5,618.0,20,0.0
2023-03-20 13:00:00,278.36,278.54,271.09,271.47,9600.0,8,0.0
2023-03-20 14:00:00,271.45,273.32,269.76,270.48,11318.0,8,0.0
2023-03-20 15:00:00,270.48,273.74,270.23,270.95,6436.0,8,0.0
2023-03-20 16:00:00,270.94,271.23,269.83,270.7,5416.0,8,0.0
2023-03-20 17:00:00,270.71,271.41,270.61,271.27,3548.0,8,0.0
2023-03-20 18:00:00,271.25,271.34,270.18,270.77,3976.0,8,0.0
2023-03-20 19:00:00,270.76,271.19,270.19,270.84,3196.0,8,0.0
2023-03-21 10:00:00,271.62,272.6,270.46,271.21,650.0,20,0.0
2023-03-21 11:00:00,271.21,273.71,271.19,273.38,614.0,20,0.0
2023-03-21 12:00:00,273.37,273.58,272.3,273.51,715.0,20,0.0
2023-03-21 13:00:00,273.42,275.26,272.73,273.77,5872.0,8,0.0
2023-03-21 14:00:00,273.77,274.21,269.44,270.78,8144.0,8,0.0
2023-03-21 15:00:00,270.8,271.4,269.59,270.12,5193.0,8,0.0
2023-03-21 16:00:00,270.14,271.94,269.94,271.79,3604.0,8,0.0
2023-03-21 17:00:00,271.78,272.69,270.86,270.87,3212.0,8,0.0
2023-03-21 18:00:00,270.88,272.31,270.84,271.96,2750.0,8,0.0
2023-03-21 19:00:00,271.96,273.55,271.93,273.5,2269.0,8,0.0
2023-03-22 10:00:00,272.79,272.89,272.29,272.74,373.0,20,0.0
2023-03-22 11:00:00,272.77,273.55,272.71,272.87,367.0,20,0.0
2023-03-22 12:00:00,272.88,273.45,272.53,273.22,313.0,20,0.0
2023-03-22 13:00:00,273.22,274.14,272.54,273.05,5188.0,8,0.0
2023-03-22 14:00:00,273.03,277.18,272.76,275.96,6656.0,8,0.0
2023-03-22 15:00:00,275.98,278.15,275.51,277.77,4228.0,8,0.0
2023-03-22 16:00:00,277.79,277.79,275.67,276.84,3615.0,8,0.0
2023-03-22 17:00:00,276.84,277.31,276.41,277.19,3093.0,8,0.0
2023-03-22 18:00:00,277.2,280.92,276.26,277.08,18949.0,8,0.0
2023-03-22 19:00:00,277.05,278.47,274.82,275.4,16019.0,8,0.0
2023-03-23 10:00:00,276.22,276.3,275.4,276.04,289.0,20,0.0
2023-03-23 11:00:00,276.03,276.41,275.24,275.81,487.0,20,0.0
2023-03-23 12:00:00,275.82,276.46,275.0,275.94,570.0,20,0.0
2023-03-23 13:00:00,275.99,278.51,275.09,276.91,6588.0,8,0.0
2023-03-23 14:00:00,276.93,280.03,276.28,279.99,7613.0,8,0.0
2023-03-23 15:00:00,280.0,280.95,279.48,280.2,5478.0,8,0.0
2023-03-23 16:00:00,280.18,280.57,279.59,279.93,4544.0,8,0.0
2023-03-23 17:00:00,279.95,280.3,278.54,278.75,5928.0,8,0.0
2023-03-23 18:00:00,278.74,279.12,275.3,277.18,8315.0,8,0.0
2023-03-23 19:00:00,277.21,278.67,275.12,277.06,12460.0,8,0.0
2023-03-24 10:00:00,276.67,276.83,275.65,275.88,471.0,8,0.0
2023-03-24 11:00:00,275.88,276.26,274.89,275.36,625.0,20,0.0
2023-03-24 12:00:00,275.36,276.82,274.63,276.59,795.0,20,0.0
2023-03-24 13:00:00,276.59,277.82,275.18,277.59,7266.0,8,0.0
2023-03-24 14:00:00,277.61,278.84,276.49,278.78,11727.0,8,0.0
2023-03-24 15:00:00,278.8,279.6,276.64,279.14,8821.0,8,0.0
2023-03-24 16:00:00,279.16,279.66,277.13,278.1,6396.0,8,0.0
2023-03-24 17:00:00,278.12,279.08,277.49,277.95,5380.0,8,0.0
2023-03-24 18:00:00,277.94,279.06,277.74,278.82,4368.0,8,0.0
2023-03-24 19:00:00,278.84,280.18,278.6,279.91,3919.0,8,0.0
2023-03-27 10:00:00,281.14,281.6,280.93,281.38,238.0,20,0.0
2023-03-27 11:00:00,281.34,281.63,280.5,280.71,480.0,20,0.0
2023-03-27 12:00:00,280.73,280.88,279.9,280.07,535.0,20,0.0
2023-03-27 13:00:00,280.17,281.26,278.43,280.08,5522.0,8,0.0
2023-03-27 14:00:00,280.1,281.27,278.12,278.15,5180.0,8,0.0
2023-03-27 15:00:00,278.12,278.21,275.63,275.84,4425.0,8,0.0
2023-03-27 16:00:00,275.82,276.81,275.47,276.32,3632.0,8,0.0
2023-03-27 17:00:00,276.34,276.72,275.41,276.32,3371.0,8,0.0
2023-03-27 18:00:00,276.31,277.05,275.79,276.73,3014.0,8,0.0
2023-03-27 19:00:00,276.73,277.12,276.54,276.74,2845.0,8,0.0
2023-03-28 10:00:00,275.18,275.91,274.6,274.86,177.0,40,0.0
2023-03-28 11:00:00,274.86,275.91,274.86,275.6,169.0,40,0.0
2023-03-28 12:00:00,275.6,276.17,275.06,275.45,296.0,40,0.0
2023-03-28 13:00:00,275.45,275.98,272.63,273.58,5313.0,8,0.0
2023-03-28 14:00:00,273.58,274.14,271.96,272.03,5728.0,8,0.0
2023-03-28 15:00:00,272.04,273.67,271.93,273.62,3779.0,8,0.0
2023-03-28 16:00:00,273.64,273.71,272.93,273.33,2736.0,8,0.0
2023-03-28 17:00:00,273.34,273.5,272.03,272.12,3107.0,8,0.0
2023-03-28 18:00:00,272.1,273.52,272.04,273.49,2629.0,8,0.0
2023-03-28 19:00:00,273.51,274.45,273.51,274.16,2642.0,8,0.0
2023-03-29 10:00:00,277.08,277.45,277.04,277.24,147.0,20,0.0
2023-03-29 11:00:00,277.21,277.71,277.14,277.43,202.0,20,0.0
2023-03-29 12:00:00,277.43,277.63,276.96,277.4,291.0,20,0.0
2023-03-29 13:00:00,277.37,279.85,277.26,279.81,4652.0,8,0.0
2023-03-29 14:00:00,279.83,280.55,278.59,278.75,5592.0,8,0.0
2023-03-29 15:00:00,278.75,279.84,278.35,279.58,3183.0,8,0.0
2023-03-29 16:00:00,279.57,279.9,279.06,279.25,2651.0,8,0.0
2023-03-29 17:00:00,279.24,280.03,278.84,279.05,2812.0,8,0.0
2023-03-29 18:00:00,279.06,279.69,278.85,279.61,2665.0,8,0.0
2023-03-29 19:00:00,279.62,280.66,279.34,280.38,2644.0,8,0.0
2023-03-30 10:00:00,282.07,282.93,281.88,282.38,324.0,40,0.0
2023-03-30 11:00:00,282.39,283.55,282.13,283.36,252.0,20,0.0
2023-03-30 12:00:00,283.29,284.15,283.08,283.98,864.0,20,0.0
2023-03-30 13:00:00,283.99,284.58,282.21,283.36,5491.0,8,0.0
2023-03-30 14:00:00,283.34,283.77,282.05,282.64,6216.0,8,0.0
2023-03-30 15:00:00,282.63,283.63,282.32,283.08,4115.0,8,0.0
2023-03-30 16:00:00,283.08,283.47,281.75,281.97,3453.0,8,0.0
2023-03-30 17:00:00,281.97,282.09,281.38,281.94,2946.0,8,0.0
2023-03-30 18:00:00,281.94,283.39,281.91,283.2,2604.0,8,0.0
2023-03-30 19:00:00,283.2,283.74,282.82,283.73,2017.0,8,0.0
2023-03-31 10:00:00,283.74,283.74,283.24,283.34,162.0,8,0.0
2023-03-31 11:00:00,283.45,283.7,282.92,282.98,198.0,20,0.0
2023-03-31 12:00:00,283.06,284.18,282.88,283.98,653.0,20,0.0
2023-03-31 13:00:00,283.87,284.61,283.05,283.68,3813.0,8,0.0
2023-03-31 14:00:00,283.66,284.16,282.96,283.77,4571.0,8,0.0
2023-03-31 15:00:00,283.79,285.22,283.66,285.2,3053.0,8,0.0
2023-03-31 16:00:00,285.2,286.72,284.8,286.52,3038.0,8,0.0
2023-03-31 17:00:00,286.53,286.7,285.84,286.42,2588.0,8,0.0
2023-03-31 18:00:00,286.44,287.11,286.33,287.07,2390.0,8,0.0
2023-03-31 19:00:00,287.09,288.66,287.04,287.91,3029.0,8,0.0
2023-04-03 10:00:00,285.79,286.25,285.76,286.01,160.0,40,0.0
2023-04-03 11:00:00,286.05,286.32,285.39,285.89,373.0,20,0.0
2023-04-03 12:00:00,285.97,286.01,284.87,285.2,451.0,20,0.0
2023-04-03 13:00:00,285.2,287.82,285.06,286.9,6138.0,8,0.0
2023-04-03 14:00:00,286.96,288.13,285.62,285.65,5889.0,8,0.0
2023-04-03 15:00:00,285.66,286.02,284.59,285.08,4112.0,8,0.0
2023-04-03 16:00:00,285.08,285.36,284.1,284.28,2971.0,8,0.0
2023-04-03 17:00:00,284.28,285.05,283.83,284.79,3023.0,8,0.0
2023-04-03 18:00:00,284.78,286.31,283.95,286.04,2551.0,8,0.0
2023-04-03 19:00:00,286.05,286.87,286.03,286.78,2465.0,8,0.0
2023-04-04 10:00:00,288.91,289.35,288.84,289.1,228.0,40,0.0
2023-04-04 11:00:00,289.08,289.54,288.76,289.13,383.0,20,0.0
2023-04-04 12:00:00,289.14,289.44,287.98,288.18,300.0,20,0.0
2023-04-04 13:00:00,288.17,289.47,286.1,288.52,5510.0,8,0.0
2023-04-04 14:00:00,288.56,290.31,288.17,289.0,7864.0,8,0.0
2023-04-04 15:00:00,289.0,289.46,287.63,288.94,5150.0,8,0.0
2023-04-04 16:00:00,288.92,289.06,287.68,287.91,3813.0,8,0.0
2023-04-04 17:00:00,287.93,288.3,287.46,287.74,2809.0,8,0.0
2023-04-04 18:00:00,287.73,287.91,286.0,286.04,2939.0,8,0.0
2023-04-04 19:00:00,286.02,286.48,285.55,285.97,2902.0,8,0.0
2023-04-05 10:00:00,286.68,287.1,286.52,286.94,183.0,20,0.0
2023-04-05 11:00:00,286.97,287.07,286.05,286.67,481.0,20,0.0
2023-04-05 12:00:00,286.67,287.23,285.94,286.25,427.0,20,0.0
2023-04-05 13:00:00,286.25,286.99,284.69,285.52,5508.0,8,0.0
2023-04-05 14:00:00,285.54,286.17,283.17,283.44,6920.0,8,0.0
2023-04-05 15:00:00,283.42,284.19,283.19,284.03,3861.0,8,0.0
2023-04-05 16:00:00,284.05,284.15,282.82,283.33,2988.0,8,0.0
2023-04-05 17:00:00,283.32,283.81,282.92,283.76,2601.0,8,0.0
2023-04-05 18:00:00,283.77,284.44,283.63,284.05,2577.0,8,0.0
2023-04-05 19:00:00,284.05,284.35,283.53,284.33,2363.0,8,0.0
2023-04-06 10:00:00,281.45,282.41,280.92,282.39,366.0,40,0.0
2023-04-06 11:00:00,282.45,283.37,282.03,283.21,530.0,20,0.0
2023-04-06 12:00:00,283.36,283.36,281.78,282.13,562.0,20,0.0
2023-04-06 13:00:00,282.09,283.57,281.6,283.4,4639.0,8,0.0
2023-04-06 14:00:00,283.42,284.53,282.72,283.21,5972.0,8,0.0
2023-04-06 15:00:00,283.22,286.31,283.05,286.26,3652.0,8,0.0
2023-04-06 16:00:00,286.28,288.39,286.28,287.83,3673.0,8,0.0
2023-04-06 17:00:00,287.84,290.49,287.61,290.21,3338.0,8,0.0
2023-04-06 18:00:00,290.22,290.91,290.12,290.43,3236.0,8,0.0
2023-04-06 19:00:00,290.43,291.93,290.39,291.78,2547.0,8,0.0
2023-04-10 10:00:00,291.11,291.59,291.06,291.23,101.0,20,0.0
2023-04-10 11:00:00,291.05,291.17,289.72,290.2,167.0,20,0.0
2023-04-10 12:00:00,290.14,290.14,289.16,289.34,348.0,20,0.0
2023-04-10 13:00:00,289.34,289.71,284.95,285.31,5986.0,8,0.0
2023-04-10 14:00:00,285.33,286.95,284.66,286.15,4983.0,8,0.0
2023-04-10 15:00:00,286.17,287.77,286.11,286.77,3403.0,8,0.0
2023-04-10 16:00:00,286.77,288.42,285.76,288.1,3486.0,8,0.0
2023-04-10 17:00:00,288.1,288.73,287.9,288.17,2964.0,8,0.0
2023-04-10 18:00:00,288.17,289.3,288.02,289.28,2738.0,8,0.0
2023-04-10 19:00:00,289.3,289.43,288.28,288.43,2114.0,8,0.0
2023-04-11 10:00:00,288.01,288.12,285.49,286.15,731.0,20,0.0
2023-04-11 11:00:00,286.24,286.7,283.62,284.37,888.0,40,0.0
2023-04-11 12:00:00,284.36,285.33,283.74,283.94,721.0,40,0.0
2023-04-11 13:00:00,283.96,285.7,282.76,283.78,5888.0,8,0.0
2023-04-11 14:00:00,283.8,283.92,282.25,282.6,5198.0,8,0.0
2023-04-11 15:00:00,282.58,282.92,281.46,282.6,3480.0,8,0.0
2023-04-11 16:00:00,282.62,283.65,282.61,283.46,2857.0,8,0.0
2023-04-11 17:00:00,283.47,283.62,282.5,283.42,2564.0,8,0.0
2023-04-11 18:00:00,283.43,283.99,282.97,283.91,2183.0,8,0.0
2023-04-11 19:00:00,283.92,283.95,282.26,282.48,2029.0,8,0.0
2023-04-12 10:00:00,282.77,283.14,282.77,282.88,269.0,20,0.0
2023-04-12 11:00:00,282.88,283.32,282.35,283.19,284.0,20,0.0
2023-04-12 12:00:00,283.17,286.94,282.35,284.97,981.0,20,0.0
2023-04-12 13:00:00,284.94,285.8,281.78,283.21,6032.0,8,0.0
2023-04-12 14:00:00,283.19,285.88,283.1,283.1,7244.0,8,0.0
2023-04-12 15:00:00,283.11,285.07,282.87,284.91,4775.0,8,0.0
2023-04-12 16:00:00,284.89,285.85,284.75,285.76,3129.0,8,0.0
2023-04-12 17:00:00,285.77,286.83,285.22,286.21,3134.0,8,0.0
2023-04-12 18:00:00,286.19,286.65,284.09,284.57,6377.0,8,0.0
2023-04-12 19:00:00,284.55,284.88,283.12,283.67,3757.0,8,0.0
2023-04-13 10:00:00,284.16,284.26,283.36,283.44,349.0,20,0.0
2023-04-13 11:00:00,283.44,283.68,282.96,283.08,243.0,20,0.0
2023-04-13 12:00:00,283.06,283.85,282.6,283.24,553.0,20,0.0
2023-04-13 13:00:00,283.2,285.99,282.26,285.57,4550.0,8,0.0
2023-04-13 14:00:00,285.59,287.86,285.56,287.42,5346.0,8,0.0
2023-04-13 15:00:00,287.43,288.0,286.92,287.33,3459.0,8,0.0
2023-04-13 16:00:00,287.31,287.83,287.17,287.71,2318.0,8,0.0
2023-04-13 17:00:00,287.73,288.39,287.4,288.32,2466.0,8,0.0
2023-04-13 18:00:00,288.33,288.71,288.09,288.59,2252.0,8,0.0
2023-04-13 19:00:00,288.59,289.43,288.42,289.35,2128.0,8,0.0
2023-04-14 10:00:00,289.08,289.24,286.97,287.75,388.0,8,0.0
2023-04-14 11:00:00,287.86,288.19,287.16,287.55,588.0,20,0.0
2023-04-14 12:00:00,287.59,288.27,286.13,286.51,779.0,20,0.0
2023-04-14 13:00:00,286.57,288.16,286.16,287.67,4154.0,8,0.0
2023-04-14 14:00:00,287.62,288.3,285.29,286.11,6967.0,8,0.0
2023-04-14 15:00:00,286.12,287.12,285.59,286.07,4257.0,8,0.0
2023-04-14 16:00:00,286.06,286.12,283.89,284.0,3782.0,8,0.0
2023-04-14 17:00:00,283.99,285.02,283.51,284.76,3624.0,8,0.0
2023-04-14 18:00:00,284.76,285.85,284.4,285.6,2958.0,8,0.0
2023-04-14 19:00:00,285.6,286.05,284.43,286.0,2743.0,8,0.0
2023-04-17 10:00:00,287.68,290.66,287.64,290.29,438.0,40,0.0
2023-04-17 11:00:00,290.11,291.36,289.85,291.27,540.0,20,0.0
2023-04-17 12:00:00,291.22,292.16,290.25,290.25,865.0,20,0.0
2023-04-17 13:00:00,290.26,291.34,287.76,288.39,5953.0,8,0.0
2023-04-17 14:00:00,288.41,289.1,286.88,287.24,5828.0,8,0.0
2023-04-17 15:00:00,287.27,288.19,286.61,286.86,3771.0,8,0.0
2023-04-17 16:00:00,286.86,286.97,286.09,286.85,2923.0,8,0.0
2023-04-17 17:00:00,286.84,287.04,286.23,286.35,2345.0,8,0.0
2023-04-17 18:00:00,286.33,287.47,286.23,287.36,2301.0,8,0.0
2023-04-17 19:00:00,287.36,288.12,287.1,288.03,1803.0,8,0.0
2023-04-18 10:00:00,290.51,290.55,290.05,290.19,251.0,40,0.0
2023-04-18 11:00:00,290.19,290.45,289.64,290.06,305.0,40,0.0
2023-04-18 12:00:00,290.05,290.59,289.95,290.47,326.0,20,0.0
2023-04-18 13:00:00,290.47,292.33,289.0,289.59,6133.0,8,0.0
2023-04-18 14:00:00,289.59,289.66,286.8,287.49,5858.0,8,0.0
2023-04-18 15:00:00,287.5,288.04,286.94,287.09,3665.0,8,0.0
2023-04-18 16:00:00,287.08,287.8,287.0,287.51,2709.0,8,0.0
2023-04-18 17:00:00,287.52,288.3,287.44,287.63,2356.0,8,0.0
2023-04-18 18:00:00,287.61,288.25,287.1,287.54,2930.0,8,0.0
2023-04-18 19:00:00,287.58,288.3,287.51,287.79,1957.0,8,0.0
2023-04-19 10:00:00,285.72,286.24,285.58,286.23,392.0,40,0.0
2023-04-19 11:00:00,286.23,286.54,285.98,286.15,355.0,20,0.0
2023-04-19 12:00:00,286.15,286.33,285.55,285.84,462.0,20,0.0
2023-04-19 13:00:00,285.79,286.75,284.33,285.03,4757.0,8,0.0
2023-04-19 14:00:00,285.02,286.75,284.93,286.67,4634.0,8,0.0
2023-04-19 15:00:00,286.68,287.77,286.68,287.71,3299.0,8,0.0
2023-04-19 16:00:00,287.73,288.83,287.65,288.26,2422.0,8,0.0
2023-04-19 17:00:00,288.24,288.57,287.77,288.29,2080.0,8,0.0
2023-04-19 18:00:00,288.31,288.68,287.53,288.45,2279.0,8,0.0
2023-04-19 19:00:00,288.46,288.49,288.05,288.29,1576.0,8,0.0
2023-04-20 10:00:00,285.2,285.48,284.88,285.48,168.0,40,0.0
2023-04-20 11:00:00,285.54,286.02,285.27,285.3,682.0,40,0.0
2023-04-20 12:00:00,285.36,286.77,284.85,286.08,586.0,20,0.0
2023-04-20 13:00:00,286.07,286.92,284.71,286.78,3300.0,8,0.0
2023-04-20 14:00:00,286.76,287.49,286.06,286.52,4539.0,8,0.0
2023-04-20 15:00:00,286.53,287.27,286.06,287.04,3100.0,8,0.0
2023-04-20 16:00:00,287.05,288.19,286.43,288.17,2562.0,8,0.0
2023-04-20 17:00:00,288.19,288.78,287.98,288.08,2296.0,8,0.0
2023-04-20 18:00:00,288.06,288.21,285.68,286.19,3196.0,8,0.0
2023-04-20 19:00:00,286.17,286.39,284.85,285.11,2834.0,8,0.0
2023-04-21 10:00:00,285.85,286.15,284.84,284.9,502.0,20,0.0
2023-04-21 11:00:00,284.93,285.37,282.93,283.42,492.0,20,0.0
2023-04-21 12:00:00,283.41,284.9,283.24,284.78,454.0,20,0.0
2023-04-21 13:00:00,284.8,285.26,282.82,282.95,5877.0,8,0.0
2023-04-21 14:00:00,282.95,285.0,282.84,283.91,5727.0,8,0.0
2023-04-21 15:00:00,283.94,285.63,283.94,285.37,3799.0,8,0.0
2023-04-21 16:00:00,285.38,285.68,284.54,284.85,3085.0,8,0.0
2023-04-21 17:00:00,284.85,285.63,284.61,285.52,2611.0,8,0.0
2023-04-21 18:00:00,285.53,286.01,285.21,285.37,2451.0,8,0.0
2023-04-21 19:00:00,285.37,285.64,284.76,285.07,2021.0,8,0.0
2023-04-24 10:00:00,285.16,285.26,284.29,284.91,309.0,8,0.0
2023-04-24 11:00:00,284.93,285.36,283.18,283.43,341.0,20,0.0
2023-04-24 12:00:00,283.54,283.95,283.34,283.62,375.0,20,0.0
2023-04-24 13:00:00,283.62,284.66,280.98,283.74,5365.0,8,0.0
2023-04-24 14:00:00,283.72,283.93,282.13,283.34,5254.0,8,0.0
2023-04-24 15:00:00,283.32,283.52,278.44,279.09,5811.0,8,0.0
2023-04-24 16:00:00,279.09,280.28,278.95,280.18,3181.0,8,0.0
2023-04-24 17:00:00,280.2,280.88,279.73,280.72,2284.0,8,0.0
2023-04-24 18:00:00,280.72,281.61,280.67,281.19,2432.0,8,0.0
2023-04-24 19:00:00,281.19,281.56,281.05,281.3,1567.0,8,0.0
2023-04-25 10:00:00,280.43,280.86,280.17,280.86,205.0,20,0.0
2023-04-25 11:00:00,280.86,280.91,279.88,280.05,341.0,20,0.0
2023-04-25 12:00:00,280.07,280.47,279.7,279.85,280.0,20,0.0
2023-04-25 13:00:00,279.85,281.29,278.48,280.51,4728.0,8,0.0
2023-04-25 14:00:00,280.47,280.69,278.49,279.42,5426.0,8,0.0
2023-04-25 15:00:00,279.44,280.18,277.32,277.97,3677.0,8,0.0
2023-04-25 16:00:00,277.97,278.06,276.7,277.64,3268.0,8,0.0
2023-04-25 17:00:00,277.64,278.2,276.96,277.54,3964.0,8,0.0
2023-04-25 18:00:00,277.55,277.83,275.98,276.5,3459.0,8,0.0
2023-04-25 19:00:00,276.5,277.05,275.51,275.74,2891.0,8,0.0
2023-04-26 10:00:00,297.02,297.02,295.58,295.97,453.0,60,0.0
2023-04-26 11:00:00,296.06,296.76,293.87,296.19,1285.0,20,0.0
2023-04-26 12:00:00,296.21,298.72,296.05,297.84,1913.0,20,0.0
2023-04-26 13:00:00,297.84,297.91,292.4,294.59,11903.0,8,0.0
2023-04-26 14:00:00,294.51,296.12,293.24,295.78,9963.0,8,0.0
2023-04-26 15:00:00,295.79,298.37,295.18,298.37,5654.0,8,0.0
2023-04-26 16:00:00,298.38,299.27,296.46,296.64,4620.0,8,0.0
2023-04-26 17:00:00,296.64,297.46,295.24,295.77,4109.0,8,0.0
2023-04-26 18:00:00,295.79,296.03,294.4,295.07,4136.0,8,0.0
2023-04-26 19:00:00,295.09,295.61,294.82,295.32,2705.0,8,0.0
2023-04-27 10:00:00,294.29,294.63,294.25,294.59,181.0,20,0.0
2023-04-27 11:00:00,294.59,295.36,294.49,294.91,297.0,20,0.0
2023-04-27 12:00:00,294.92,295.55,294.15,294.69,574.0,20,0.0
2023-04-27 13:00:00,294.71,301.08,294.3,300.02,8791.0,8,0.0
2023-04-27 14:00:00,300.0,302.84,299.89,302.31,7714.0,8,0.0
2023-04-27 15:00:00,302.34,303.37,301.93,302.41,4369.0,8,0.0
2023-04-27 16:00:00,302.41,302.76,302.12,302.35,2899.0,8,0.0
2023-04-27 17:00:00,302.34,303.2,301.82,302.96,2775.0,8,0.0
2023-04-27 18:00:00,302.99,303.78,302.92,303.74,2189.0,8,0.0
2023-04-27 19:00:00,303.74,304.85,303.63,304.53,2208.0,8,0.0
2023-04-28 10:00:00,303.69,304.0,303.53,303.86,338.0,20,0.0
2023-04-28 11:00:00,303.93,304.06,303.42,303.84,273.0,20,0.0
2023-04-28 12:00:00,303.84,304.35,303.54,304.2,424.0,20,0.0
2023-04-28 13:00:00,304.23,307.0,302.95,306.71,7362.0,8,0.0
2023-04-28 14:00:00,306.73,308.6,304.74,305.26,7678.0,8,0.0
2023-04-28 15:00:00,305.24,305.7,304.4,305.32,5479.0,8,0.0
2023-04-28 16:00:00,305.33,306.31,303.79,304.69,4100.0,8,0.0
2023-04-28 17:00:00,304.69,305.42,304.0,305.16,3499.0,8,0.0
2023-04-28 18:00:00,305.15,305.83,304.79,305.56,3487.0,8,0.0
2023-04-28 19:00:00,305.54,306.02,305.2,305.96,2449.0,8,0.0
2023-05-01 10:00:00,306.73,306.93,306.4,306.65,56.0,20,0.0
2023-05-01 11:00:00,306.64,306.73,305.96,305.98,147.0,20,0.0
2023-05-01 12:00:00,305.98,306.12,305.68,305.78,229.0,20,0.0
2023-05-01 13:00:00,305.79,308.23,305.41,307.3,4629.0,8,0.0
2023-05-01 14:00:00,307.32,307.32,305.4,306.74,6072.0,8,0.0
2023-05-01 15:00:00,306.75,307.17,305.7,306.69,4115.0,8,0.0
2023-05-01 16:00:00,306.67,307.64,306.47,307.5,2905.0,8,0.0
2023-05-01 17:00:00,307.5,307.67,306.74,306.85,2606.0,8,0.0
2023-05-01 18:00:00,306.85,307.07,305.42,305.95,3049.0,8,0.0
2023-05-01 19:00:00,305.95,306.0,304.76,304.92,2432.0,8,0.0
2023-05-02 10:00:00,306.0,306.05,305.76,305.96,114.0,40,0.0
2023-05-02 11:00:00,305.94,306.18,305.72,305.94,219.0,20,0.0
2023-05-02 12:00:00,305.99,306.2,305.61,305.94,232.0,20,0.0
2023-05-02 13:00:00,305.9,308.48,305.85,307.69,5084.0,8,0.0
2023-05-02 14:00:00,307.7,308.75,304.64,304.84,8489.0,8,0.0
2023-05-02 15:00:00,304.83,305.05,303.52,303.76,5927.0,8,0.0
2023-05-02 16:00:00,303.74,305.08,303.59,304.69,3513.0,8,0.0
2023-05-02 17:00:00,304.69,306.24,304.58,305.79,3258.0,8,0.0
2023-05-02 18:00:00,305.79,306.25,304.8,305.42,3309.0,8,0.0
2023-05-02 19:00:00,305.41,305.81,304.77,305.27,2647.0,8,0.0
2023-05-03 10:00:00,306.27,306.93,306.1,306.64,269.0,40,0.0
2023-05-03 11:00:00,306.64,307.11,306.55,306.84,161.0,40,0.0
2023-05-03 12:00:00,306.84,306.94,306.28,306.4,175.0,20,0.0
2023-05-03 13:00:00,306.38,306.69,304.24,305.05,3767.0,8,0.0
2023-05-03 14:00:00,305.07,305.99,303.88,305.29,6288.0,8,0.0
2023-05-03 15:00:00,305.27,306.58,304.56,306.51,4354.0,8,0.0
2023-05-03 16:00:00,306.53,306.55,304.95,306.53,2709.0,8,0.0
2023-05-03 17:00:00,306.53,307.15,306.07,306.57,3226.0,8,0.0
2023-05-03 18:00:00,306.56,308.19,304.73,306.79,16121.0,8,0.0
2023-05-03 19:00:00,306.77,307.56,303.73,304.46,9508.0,8,0.0
2023-05-04 10:00:00,305.48,305.73,305.21,305.66,182.0,20,0.0
2023-05-04 11:00:00,305.64,305.64,305.17,305.37,299.0,20,0.0
2023-05-04 12:00:00,305.37,305.45,304.79,305.04,364.0,20,0.0
2023-05-04 13:00:00,304.99,305.89,303.42,303.54,5078.0,8,0.0
2023-05-04 14:00:00,303.53,305.41,303.0,305.02,7348.0,8,0.0
2023-05-04 15:00:00,305.03,306.52,304.64,305.18,5478.0,8,0.0
2023-05-04 16:00:00,305.19,306.53,304.61,306.47,3905.0,8,0.0
2023-05-04 17:00:00,306.49,307.36,306.15,306.57,4401.0,8,0.0
2023-05-04 18:00:00,306.59,306.7,305.31,305.73,3948.0,8,0.0
2023-05-04 19:00:00,305.72,306.8,305.3,305.3,3275.0,8,0.0
2023-05-05 10:00:00,306.35,306.6,306.26,306.43,66.0,40,0.0
2023-05-05 11:00:00,306.43,306.7,306.25,306.65,189.0,20,0.0
2023-05-05 12:00:00,306.59,306.75,305.08,305.44,547.0,20,0.0
2023-05-05 13:00:00,305.47,306.72,303.82,306.61,3563.0,8,0.0
2023-05-05 14:00:00,306.63,308.98,306.48,308.42,5255.0,8,0.0
2023-05-05 15:00:00,308.43,309.16,307.81,308.59,3471.0,8,0.0
2023-05-05 16:00:00,308.61,309.13,308.08,309.05,2901.0,8,0.0
2023-05-05 17:00:00,309.05,309.92,309.0,309.49,2321.0,8,0.0
2023-05-05 18:00:00,309.51,311.5,309.27,311.15,2595.0,8,0.0
2023-05-05 19:00:00,311.16,311.43,310.7,311.0,2521.0,8,0.0
2023-05-08 10:00:00,309.62,309.68,309.5,309.55,58.0,40,0.0
2023-05-08 11:00:00,309.58,309.84,309.06,309.19,239.0,20,0.0
2023-05-08 12:00:00,309.22,309.41,308.37,308.84,367.0,20,0.0
2023-05-08 13:00:00,308.72,309.69,307.74,307.9,4226.0,8,0.0
2023-05-08 14:00:00,307.93,308.25,306.57,306.97,5330.0,8,0.0
2023-05-08 15:00:00,306.98,307.51,306.51,306.97,3386.0,8,0.0
2023-05-08 16:00:00,306.98,307.18,306.19,306.84,2781.0,8,0.0
2023-05-08 17:00:00,306.86,307.24,306.53,306.88,2093.0,8,0.0
2023-05-08 18:00:00,306.91,308.29,305.59,308.26,3089.0,8,0.0
2023-05-08 19:00:00,308.28,308.34,307.72,308.09,1961.0,8,0.0
2023-05-09 10:00:00,306.35,306.4,306.15,306.22,92.0,40,0.0
2023-05-09 11:00:00,306.24,306.47,305.86,306.46,306.0,20,0.0
2023-05-09 12:00:00,306.46,306.85,306.0,306.0,293.0,20,0.0
2023-05-09 13:00:00,305.95,309.5,305.69,308.44,4728.0,8,0.0
2023-05-09 14:00:00,308.46,308.82,307.44,307.58,4796.0,8,0.0
2023-05-09 15:00:00,307.57,307.89,306.53,306.75,3345.0,8,0.0
2023-05-09 16:00:00,306.74,307.3,306.08,307.2,2564.0,8,0.0
2023-05-09 17:00:00,307.22,307.75,307.14,307.54,2170.0,8,0.0
2023-05-09 18:00:00,307.55,307.77,306.15,306.34,1972.0,8,0.0
2023-05-09 19:00:00,306.34,306.64,305.81,306.0,1876.0,8,0.0
2023-05-10 10:00:00,304.71,305.2,304.71,305.2,95.0,40,0.0
2023-05-10 11:00:00,305.2,306.8,305.2,306.47,252.0,20,0.0
2023-05-10 12:00:00,306.47,308.55,306.34,308.21,983.0,20,0.0
2023-05-10 13:00:00,308.2,309.83,307.19,309.44,5001.0,8,0.0
2023-05-10 14:00:00,309.46,311.08,308.15,309.33,7161.0,8,0.0
2023-05-10 15:00:00,309.33,310.83,308.99,310.59,4096.0,8,0.0
2023-05-10 16:00:00,310.61,310.68,309.52,310.1,3415.0,8,0.0
2023-05-10 17:00:00,310.11,310.48,308.7,310.19,4609.0,8,0.0
2023-05-10 18:00:00,310.17,311.53,310.03,311.3,4199.0,8,0.0
2023-05-10 19:00:00,311.31,312.49,311.1,312.11,2654.0,8,0.0
2023-05-11 10:00:00,311.57,311.62,310.64,310.8,180.0,20,0.0
2023-05-11 11:00:00,310.79,311.04,310.18,310.55,345.0,20,0.0
2023-05-11 12:00:00,310.58,311.29,309.75,310.19,546.0,20,0.0
2023-05-11 13:00:00,310.27,310.56,305.73,306.98,7192.0,8,0.0
2023-05-11 14:00:00,306.99,309.19,306.51,309.19,6020.0,8,0.0
2023-05-11 15:00:00,309.2,309.78,308.51,309.02,3983.0,8,0.0
2023-05-11 16:00:00,309.02,309.55,308.37,309.14,3088.0,8,0.0
2023-05-11 17:00:00,309.16,309.47,308.25,309.15,3379.0,8,0.0
2023-05-11 18:00:00,309.17,310.58,308.93,309.97,3182.0,8,0.0
2023-05-11 19:00:00,309.95,310.21,309.15,309.41,2256.0,8,0.0
2023-05-12 10:00:00,309.64,309.72,309.53,309.66,37.0,20,0.0
2023-05-12 11:00:00,309.67,310.07,308.95,309.06,237.0,20,0.0
2023-05-12 12:00:00,309.06,309.45,308.74,309.17,239.0,20,0.0
2023-05-12 13:00:00,309.17,309.95,307.04,307.71,4207.0,8,0.0
2023-05-12 14:00:00,307.69,308.0,306.43,307.51,4876.0,8,0.0
2023-05-12 15:00:00,307.48,308.22,306.65,307.99,3818.0,8,0.0
2023-05-12 16:00:00,307.99,308.02,306.3,306.47,3140.0,8,0.0
2023-05-12 17:00:00,306.45,307.83,306.4,306.6,2958.0,8,0.0
2023-05-12 18:00:00,306.58,307.25,306.05,307.02,2826.0,8,0.0
2023-05-12 19:00:00,307.04,307.85,306.86,307.71,2077.0,8,0.0
2023-05-15 10:00:00,308.67,308.78,308.31,308.73,141.0,40,0.0
2023-05-15 11:00:00,308.76,308.95,308.49,308.59,229.0,20,0.0
2023-05-15 12:00:00,308.61,308.89,307.94,308.84,363.0,20,0.0
2023-05-15 13:00:00,308.86,309.07,306.97,308.09,4476.0,8,0.0
2023-05-15 14:00:00,308.12,309.23,306.93,308.51,4622.0,8,0.0
2023-05-15 15:00:00,308.5,309.2,308.12,309.08,3165.0,8,0.0
2023-05-15 16:00:00,309.1,309.17,307.79,308.29,2513.0,8,0.0
2023-05-15 17:00:00,308.31,309.05,307.7,308.26,2776.0,8,0.0
2023-05-15 18:00:00,308.28,308.67,308.01,308.3,2227.0,8,0.0
2023-05-15 19:00:00,308.29,308.91,308.19,308.34,1498.0,8,0.0
2023-05-16 10:00:00,308.76,308.97,308.56,308.87,258.0,20,0.0
2023-05-16 11:00:00,308.89,309.16,308.71,308.75,130.0,20,0.0
2023-05-16 12:00:00,308.78,309.15,308.3,308.53,281.0,20,0.0
2023-05-16 13:00:00,308.53,312.97,308.12,311.49,4272.0,8,0.0
2023-05-16 14:00:00,311.47,312.52,310.38,312.1,5258.0,8,0.0
2023-05-16 15:00:00,312.08,312.96,311.51,312.83,3836.0,8,0.0
2023-05-16 16:00:00,312.83,312.88,312.01,312.22,2863.0,8,0.0
2023-05-16 17:00:00,312.24,312.66,311.96,312.65,2458.0,8,0.0
2023-05-16 18:00:00,312.66,312.71,311.53,312.02,2464.0,8,0.0
2023-05-16 19:00:00,312.02,312.73,311.82,312.4,1659.0,8,0.0
2023-05-17 10:00:00,311.35,311.76,310.72,310.95,219.0,40,0.0
2023-05-17 11:00:00,310.98,311.49,310.91,311.46,187.0,20,0.0
2023-05-17 12:00:00,311.42,311.85,311.13,311.77,254.0,20,0.0
2023-05-17 13:00:00,311.74,313.06,311.38,311.67,4157.0,8,0.0
2023-05-17 14:00:00,311.66,311.96,311.02,311.76,3524.0,8,0.0
2023-05-17 15:00:00,311.74,312.3,310.73,312.26,3352.0,8,0.0
2023-05-17 16:00:00,312.26,313.09,311.83,312.94,2685.0,8,0.0
2023-05-17 17:00:00,312.94,314.0,312.93,313.93,2486.0,8,0.0
2023-05-17 18:00:00,313.93,313.93,313.1,313.2,2428.0,8,0.0
2023-05-17 19:00:00,313.2,313.99,313.02,313.42,2079.0,8,0.0
2023-05-18 10:00:00,314.23,314.4,314.18,314.4,77.0,20,0.0
2023-05-18 11:00:00,314.4,314.62,314.36,314.48,126.0,20,0.0
2023-05-18 12:00:00,314.48,314.64,313.92,314.21,363.0,20,0.0
2023-05-18 13:00:00,314.22,315.82,313.69,315.29,3991.0,8,0.0
2023-05-18 14:00:00,315.3,316.73,314.49,315.93,4782.0,8,0.0
2023-05-18 15:00:00,315.89,317.94,315.82,316.97,3985.0,8,0.0
2023-05-18 16:00:00,316.96,317.44,315.93,316.18,4394.0,8,0.0
2023-05-18 17:00:00,316.2,317.45,316.09,316.23,3719.0,8,0.0
2023-05-18 18:00:00,316.23,317.39,316.05,317.25,2752.0,8,0.0
2023-05-18 19:00:00,317.26,318.36,317.15,318.32,2268.0,8,0.0
2023-05-19 10:00:00,318.81,318.83,315.57,316.0,510.0,20,0.0
2023-05-19 11:00:00,316.03,318.19,316.03,316.99,466.0,40,0.0
2023-05-19 12:00:00,316.98,317.6,316.29,317.33,357.0,40,0.0
2023-05-19 13:00:00,317.49,318.62,315.9,317.68,4744.0,8,0.0
2023-05-19 14:00:00,317.7,318.37,316.74,317.82,4953.0,8,0.0
2023-05-19 15:00:00,317.82,318.03,316.57,317.5,6023.0,8,0.0
2023-05-19 16:00:00,317.5,317.7,316.34,317.39,3400.0,8,0.0
2023-05-19 17:00:00,317.39,318.33,317.3,317.44,2665.0,8,0.0
2023-05-19 18:00:00,317.42,318.26,317.23,317.97,3001.0,8,0.0
2023-05-19 19:00:00,317.96,318.46,317.72,318.29,2127.0,8,0.0
2023-05-22 10:00:00,318.41,318.67,317.98,318.41,241.0,20,0.0
2023-05-22 11:00:00,318.37,318.77,317.7,318.71,189.0,20,0.0
2023-05-22 12:00:00,318.7,319.23,318.22,318.77,217.0,20,0.0
2023-05-22 13:00:00,318.73,321.88,317.95,320.93,4487.0,8,0.0
2023-05-22 14:00:00,320.94,321.86,319.49,321.8,6522.0,8,0.0
2023-05-22 15:00:00,321.82,322.54,320.52,320.65,3608.0,8,0.0
2023-05-22 16:00:00,320.64,321.27,320.24,320.44,2745.0,8,0.0
2023-05-22 17:00:00,320.43,321.35,319.72,320.81,2778.0,8,0.0
2023-05-22 18:00:00,320.79,321.54,320.7,321.08,2218.0,8,0.0
2023-05-22 19:00:00,321.07,321.23,320.53,320.6,1891.0,8,0.0
2023-05-23 10:00:00,321.7,322.15,321.65,322.07,152.0,40,0.0
2023-05-23 11:00:00,322.07,322.18,320.76,321.09,369.0,20,0.0
2023-05-23 12:00:00,321.0,321.91,320.85,321.02,410.0,20,0.0
2023-05-23 13:00:00,320.99,322.66,319.61,320.71,5157.0,8,0.0
2023-05-23 14:00:00,320.71,321.08,318.54,318.83,5090.0,8,0.0
2023-05-23 15:00:00,318.85,319.59,318.27,318.87,3806.0,8,0.0
2023-05-23 16:00:00,318.88,318.95,316.96,317.31,3923.0,8,0.0
2023-05-23 17:00:00,317.29,317.85,316.68,317.14,3550.0,8,0.0
2023-05-23 18:00:00,317.16,317.44,315.24,316.1,4499.0,8,0.0
2023-05-23 19:00:00,316.09,316.29,315.51,316.21,2645.0,8,0.0
2023-05-24 10:00:00,315.3,315.86,314.54,314.67,282.0,20,0.0
2023-05-24 11:00:00,314.66,315.31,314.21,314.47,342.0,20,0.0
2023-05-24 12:00:00,314.43,314.72,313.29,313.29,465.0,20,0.0
2023-05-24 13:00:00,313.39,316.45,313.29,315.62,5039.0,8,0.0
2023-05-24 14:00:00,315.6,315.66,312.61,313.1,5574.0,8,0.0
2023-05-24 15:00:00,313.11,314.02,312.62,313.28,4227.0,8,0.0
2023-05-24 16:00:00,313.28,313.76,312.58,313.29,2859.0,8,0.0
2023-05-24 17:00:00,313.31,314.6,313.01,314.48,2518.0,8,0.0
2023-05-24 18:00:00,314.47,314.8,313.43,313.61,3538.0,8,0.0
2023-05-24 19:00:00,313.6,315.27,313.42,314.1,3246.0,8,0.0
2023-05-25 10:00:00,319.41,320.18,319.33,320.18,239.0,60,0.0
2023-05-25 11:00:00,320.18,321.6,320.01,321.14,548.0,40,0.0
2023-05-25 12:00:00,321.15,323.25,321.01,322.93,954.0,20,0.0
2023-05-25 13:00:00,322.93,324.35,319.98,320.57,8739.0,8,0.0
2023-05-25 14:00:00,320.55,323.85,320.47,323.82,7547.0,8,0.0
2023-05-25 15:00:00,323.81,325.54,322.93,323.17,5612.0,8,0.0
2023-05-25 16:00:00,323.19,325.49,323.17,324.52,4209.0,8,0.0
2023-05-25 17:00:00,324.52,325.69,324.45,325.43,3287.0,8,0.0
2023-05-25 18:00:00,325.42,326.36,324.47,324.78,4450.0,8,0.0
2023-05-25 19:00:00,324.76,326.85,324.76,326.61,3012.0,8,0.0
2023-05-26 10:00:00,324.47,325.22,324.14,325.0,253.0,40,0.0
2023-05-26 11:00:00,325.03,325.2,324.19,324.71,396.0,20,0.0
2023-05-26 12:00:00,324.74,324.99,323.66,324.4,451.0,20,0.0
2023-05-26 13:00:00,324.44,327.96,323.42,327.61,6709.0,8,0.0
2023-05-26 14:00:00,327.6,330.93,326.98,330.66,6169.0,8,0.0
2023-05-26 15:00:00,330.67,332.92,329.79,332.74,5308.0,8,0.0
2023-05-26 16:00:00,332.74,332.8,331.23,331.45,3575.0,8,0.0
2023-05-26 17:00:00,331.46,332.05,331.25,331.86,2558.0,8,0.0
2023-05-26 18:00:00,331.85,333.19,331.36,332.62,2530.0,8,0.0
2023-05-26 19:00:00,332.64,333.35,332.18,333.29,2159.0,8,0.0
2023-05-30 10:00:00,336.2,336.57,335.74,336.35,305.0,40,0.0
2023-05-30 11:00:00,336.39,337.42,336.39,337.24,455.0,20,0.0
2023-05-30 12:00:00,337.29,338.1,335.85,336.5,684.0,20,0.0
2023-05-30 13:00:00,336.52,336.71,330.55,331.8,9014.0,8,0.0
2023-05-30 14:00:00,331.76,334.15,330.53,332.98,8504.0,8,0.0
2023-05-30 15:00:00,332.99,333.44,331.59,332.45,4941.0,8,0.0
2023-05-30 16:00:00,332.46,332.46,331.28,332.15,4541.0,8,0.0
2023-05-30 17:00:00,332.14,332.54,330.69,330.79,4137.0,8,0.0
2023-05-30 18:00:00,330.82,332.97,330.49,332.4,4039.0,8,0.0
2023-05-30 19:00:00,332.38,333.04,331.86,331.88,2469.0,8,0.0
2023-05-31 10:00:00,332.48,332.63,331.66,332.62,353.0,20,0.0
2023-05-31 11:00:00,332.64,333.5,331.99,332.29,394.0,20,0.0
2023-05-31 12:00:00,332.3,332.5,331.76,331.91,487.0,20,0.0
2023-05-31 13:00:00,331.9,335.88,331.18,334.62,6416.0,8,0.0
2023-05-31 14:00:00,334.67,334.94,330.8,331.55,8148.0,8,0.0
2023-05-31 15:00:00,331.53,331.65,328.89,329.67,6315.0,8,0.0
2023-05-31 16:00:00,329.67,330.02,327.32,328.95,5384.0,8,0.0
2023-05-31 17:00:00,328.95,330.75,328.72,330.53,4186.0,8,0.0
2023-05-31 18:00:00,330.52,331.06,329.43,329.75,3913.0,8,0.0
2023-05-31 19:00:00,329.77,330.56,329.17,330.49,3032.0,8,0.0
2023-06-01 10:00:00,327.34,327.69,327.31,327.64,109.0,40,0.0
2023-06-01 11:00:00,327.65,328.91,327.64,327.64,176.0,40,0.0
2023-06-01 12:00:00,327.65,327.86,325.96,327.42,471.0,40,0.0
2023-06-01 13:00:00,327.43,328.39,324.67,327.85,5269.0,8,0.0
2023-06-01 14:00:00,327.89,328.94,326.36,328.36,7624.0,8,0.0
2023-06-01 15:00:00,328.38,330.14,327.97,330.12,4627.0,8,0.0
2023-06-01 16:00:00,330.15,331.3,330.15,330.88,3401.0,8,0.0
2023-06-01 17:00:00,330.88,331.66,330.38,331.65,3111.0,8,0.0
2023-06-01 18:00:00,331.66,333.3,331.38,332.99,3040.0,8,0.0
2023-06-01 19:00:00,332.98,333.47,331.19,331.83,2855.0,8,0.0
2023-06-02 10:00:00,333.26,333.65,332.95,333.13,143.0,40,0.0
2023-06-02 11:00:00,333.14,333.66,333.0,333.48,289.0,20,0.0
2023-06-02 12:00:00,333.52,333.77,330.63,331.53,622.0,20,0.0
2023-06-02 13:00:00,331.52,337.44,331.52,333.24,6811.0,8,0.0
2023-06-02 14:00:00,333.27,334.93,332.54,334.75,8230.0,8,0.0
2023-06-02 15:00:00,334.76,335.2,334.05,334.85,4484.0,8,0.0
2023-06-02 16:00:00,334.84,334.94,333.45,334.45,3588.0,8,0.0
2023-06-02 17:00:00,334.46,334.66,333.81,334.6,2722.0,8,0.0
2023-06-02 18:00:00,334.62,336.69,334.15,336.09,3376.0,8,0.0
2023-06-02 19:00:00,336.1,336.71,335.25,335.43,2555.0,8,0.0
2023-06-05 10:00:00,332.97,333.74,332.85,333.64,142.0,40,0.0
2023-06-05 11:00:00,333.69,334.12,333.36,333.62,275.0,40,0.0
2023-06-05 12:00:00,333.65,333.97,333.15,333.85,239.0,20,0.0
2023-06-05 13:00:00,333.87,337.31,333.42,335.24,4212.0,8,0.0
2023-06-05 14:00:00,335.28,337.75,335.25,337.3,7170.0,8,0.0
2023-06-05 15:00:00,337.32,338.5,336.71,337.94,3759.0,8,0.0
2023-06-05 16:00:00,337.96,338.35,337.38,338.32,2900.0,8,0.0
2023-06-05 17:00:00,338.31,338.35,336.95,337.6,3299.0,8,0.0
2023-06-05 18:00:00,337.62,337.72,335.81,337.13,5377.0,8,0.0
2023-06-05 19:00:00,337.14,337.56,336.05,337.2,4348.0,8,0.0
2023-06-06 10:00:00,335.76,335.76,335.36,335.61,63.0,40,0.0
2023-06-06 11:00:00,335.61,336.07,335.46,335.99,465.0,20,0.0
2023-06-06 12:00:00,336.0,336.33,335.51,336.11,276.0,20,0.0
2023-06-06 13:00:00,336.17,336.36,332.76,333.72,4863.0,8,0.0
2023-06-06 14:00:00,333.74,334.84,333.21,333.83,5203.0,8,0.0
2023-06-06 15:00:00,333.82,334.44,332.14,334.38,3820.0,8,0.0
2023-06-06 16:00:00,334.4,334.58,332.55,332.68,3591.0,8,0.0
2023-06-06 17:00:00,332.66,333.8,332.42,332.93,3212.0,8,0.0
2023-06-06 18:00:00,332.95,333.93,332.87,333.84,2977.0,8,0.0
2023-06-06 19:00:00,333.86,334.29,333.34,333.87,2351.0,8,0.0
2023-06-07 10:00:00,332.49,332.76,332.35,332.68,154.0,40,0.0
2023-06-07 11:00:00,332.7,333.16,332.22,333.16,323.0,20,0.0
2023-06-07 12:00:00,333.16,333.16,332.47,332.75,298.0,20,0.0
2023-06-07 13:00:00,332.82,334.4,330.42,330.61,5353.0,8,0.0
2023-06-07 14:00:00,330.61,330.63,325.7,326.77,10068.0,8,0.0
2023-06-07 15:00:00,326.75,327.52,324.98,325.04,6094.0,8,0.0
2023-06-07 16:00:00,325.05,325.69,323.87,324.14,4500.0,8,0.0
2023-06-07 17:00:00,324.15,324.61,323.46,323.84,4800.0,8,0.0
2023-06-07 18:00:00,323.84,324.78,323.47,324.44,3724.0,8,0.0
2023-06-07 19:00:00,324.42,324.5,322.53,322.93,3254.0,8,0.0
2023-06-08 10:00:00,323.49,323.76,322.92,323.03,348.0,20,0.0
2023-06-08 11:00:00,323.1,323.58,322.56,322.79,327.0,20,0.0
2023-06-08 12:00:00,322.78,324.23,322.06,323.54,801.0,20,0.0
2023-06-08 13:00:00,323.49,325.11,323.11,324.19,7099.0,8,0.0
2023-06-08 14:00:00,324.21,325.99,323.5,325.76,6942.0,8,0.0
2023-06-08 15:00:00,325.78,326.49,325.59,326.11,4120.0,8,0.0
2023-06-08 16:00:00,326.09,326.58,324.62,324.89,3641.0,8,0.0
2023-06-08 17:00:00,324.89,325.0,323.45,323.95,3226.0,8,0.0
2023-06-08 18:00:00,323.96,325.2,323.79,325.11,2264.0,8,0.0
2023-06-08 19:00:00,325.11,325.91,324.55,325.79,1845.0,8,0.0
2023-06-09 10:00:00,323.64,324.73,323.64,324.65,278.0,20,0.0
2023-06-09 11:00:00,324.65,324.7,324.03,324.42,304.0,20,0.0
2023-06-09 12:00:00,324.4,324.8,323.71,324.53,494.0,20,0.0
2023-06-09 13:00:00,324.53,329.94,324.29,329.52,6256.0,8,0.0
2023-06-09 14:00:00,329.53,329.72,326.77,327.39,7462.0,8,0.0
2023-06-09 15:00:00,327.37,328.58,325.25,325.46,5732.0,8,0.0
2023-06-09 16:00:00,325.48,326.83,324.98,326.76,4609.0,8,0.0
2023-06-09 17:00:00,326.77,328.41,326.63,328.39,2840.0,8,0.0
2023-06-09 18:00:00,328.4,328.43,327.3,327.94,3208.0,8,0.0
2023-06-09 19:00:00,327.95,328.03,327.2,327.48,2840.0,8,0.0
2023-06-12 10:00:00,328.66,328.67,328.43,328.49,150.0,40,0.0
2023-06-12 11:00:00,328.51,328.86,328.47,328.7,225.0,20,0.0
2023-06-12 12:00:00,328.69,328.88,328.52,328.85,220.0,20,0.0
2023-06-12 13:00:00,328.85,329.02,326.52,326.68,4928.0,8,0.0
2023-06-12 14:00:00,326.73,327.38,325.12,325.95,7011.0,8,0.0
2023-06-12 15:00:00,325.96,328.1,325.52,328.01,4008.0,8,0.0
2023-06-12 16:00:00,328.02,328.02,327.17,327.59,2727.0,8,0.0
2023-06-12 17:00:00,327.6,329.73,327.53,329.7,2682.0,8,0.0
2023-06-12 18:00:00,329.71,330.72,329.12,330.62,2604.0,8,0.0
2023-06-12 19:00:00,330.63,332.04,330.4,331.38,2850.0,8,0.0
2023-06-13 10:00:00,333.87,334.32,333.17,333.52,379.0,20,0.0
2023-06-13 11:00:00,333.64,333.72,332.54,332.71,345.0,20,0.0
2023-06-13 12:00:00,332.72,334.63,332.04,334.25,986.0,20,0.0
2023-06-13 13:00:00,334.25,336.92,332.01,332.35,5982.0,8,0.0
2023-06-13 14:00:00,332.38,333.03,330.36,332.26,6626.0,8,0.0
2023-06-13 15:00:00,332.26,333.26,331.48,331.72,3953.0,8,0.0
2023-06-13 16:00:00,331.72,333.59,331.37,333.58,3265.0,8,0.0
2023-06-13 17:00:00,333.6,334.36,333.0,333.9,3019.0,8,0.0
2023-06-13 18:00:00,333.91,334.12,332.75,333.86,3598.0,8,0.0
2023-06-13 19:00:00,333.87,334.08,333.17,333.6,2287.0,8,0.0
2023-06-14 10:00:00,334.59,334.64,333.87,334.23,185.0,20,0.0
2023-06-14 11:00:00,334.24,334.46,333.6,333.94,212.0,20,0.0
2023-06-14 12:00:00,333.94,334.51,333.32,333.55,417.0,20,0.0
2023-06-14 13:00:00,333.55,335.76,333.07,335.58,5300.0,8,0.0
2023-06-14 14:00:00,335.6,337.03,335.32,336.21,6342.0,8,0.0
2023-06-14 15:00:00,336.23,338.94,335.65,337.74,5099.0,8,0.0
2023-06-14 16:00:00,337.74,337.99,336.96,337.63,3263.0,8,0.0
2023-06-14 17:00:00,337.62,337.62,336.15,336.57,3532.0,8,0.0
2023-06-14 18:00:00,336.56,336.6,332.73,335.5,15779.0,8,0.0
2023-06-14 19:00:00,335.53,338.0,335.25,336.05,8551.0,8,0.0
2023-06-15 10:00:00,334.65,335.49,334.48,335.43,311.0,20,0.0
2023-06-15 11:00:00,335.49,335.79,335.03,335.48,328.0,20,0.0
2023-06-15 12:00:00,335.51,336.5,334.78,336.39,444.0,20,0.0
2023-06-15 13:00:00,336.41,341.83,336.12,340.98,5785.0,8,0.0
2023-06-15 14:00:00,341.01,345.74,340.34,345.11,8627.0,8,0.0
2023-06-15 15:00:00,345.09,346.07,343.92,345.3,6279.0,8,0.0
2023-06-15 16:00:00,345.31,346.69,345.07,345.74,4222.0,8,0.0
2023-06-15 17:00:00,345.76,346.88,344.32,346.63,4259.0,8,0.0
2023-06-15 18:00:00,346.65,349.12,346.07,348.66,4798.0,8,0.0
2023-06-15 19:00:00,348.7,349.24,348.01,348.37,4605.0,8,0.0
2023-06-16 10:00:00,349.31,349.51,347.99,349.13,434.0,40,0.0
2023-06-16 11:00:00,349.14,350.43,349.12,349.68,335.0,20,0.0
2023-06-16 12:00:00,349.74,350.89,349.53,349.99,547.0,20,0.0
2023-06-16 13:00:00,350.03,351.55,344.92,345.74,7140.0,8,0.0
2023-06-16 14:00:00,345.88,347.88,345.11,346.53,8969.0,8,0.0
2023-06-16 15:00:00,346.54,347.83,345.06,346.88,6800.0,8,0.0
2023-06-16 16:00:00,346.89,347.11,346.03,346.59,4065.0,8,0.0
2023-06-16 17:00:00,346.61,346.87,345.32,345.87,3237.0,8,0.0
2023-06-16 18:00:00,345.86,345.97,343.96,344.06,3501.0,8,0.0
2023-06-16 19:00:00,344.05,344.23,343.29,343.48,3062.0,8,0.0
2023-06-20 10:00:00,339.57,340.35,339.57,340.28,212.0,40,0.0
2023-06-20 11:00:00,340.31,340.57,339.77,340.03,312.0,40,0.0
2023-06-20 12:00:00,340.08,341.12,340.05,341.04,379.0,20,0.0
2023-06-20 13:00:00,341.04,341.94,338.43,339.17,5056.0,8,0.0
2023-06-20 14:00:00,339.15,339.93,335.74,336.67,8152.0,8,0.0
2023-06-20 15:00:00,336.68,337.63,335.96,335.98,5124.0,8,0.0
2023-06-20 16:00:00,335.99,339.25,335.93,338.92,3996.0,8,0.0
2023-06-20 17:00:00,338.91,339.56,338.38,338.53,3376.0,8,0.0
2023-06-20 18:00:00,338.52,339.09,338.08,338.44,3053.0,8,0.0
2023-06-20 19:00:00,338.46,338.61,337.74,338.24,2212.0,8,0.0
2023-06-21 10:00:00,336.94,337.44,336.71,336.9,116.0,40,0.0
2023-06-21 11:00:00,337.0,337.18,336.12,336.43,174.0,20,0.0
2023-06-21 12:00:00,336.44,336.74,335.9,336.31,318.0,20,0.0
2023-06-21 13:00:00,336.31,337.62,334.21,335.05,5273.0,8,0.0
2023-06-21 14:00:00,335.03,335.23,332.95,333.91,9098.0,8,0.0
2023-06-21 15:00:00,333.89,334.01,331.96,332.32,6551.0,8,0.0
2023-06-21 16:00:00,332.33,334.44,332.25,334.11,5233.0,8,0.0
2023-06-21 17:00:00,334.09,334.37,333.43,334.24,3720.0,8,0.0
2023-06-21 18:00:00,334.25,335.66,334.05,334.72,3642.0,8,0.0
2023-06-21 19:00:00,334.7,334.78,333.08,333.59,3233.0,8,0.0
2023-06-22 10:00:00,333.92,333.94,333.3,333.65,325.0,20,0.0
2023-06-22 11:00:00,333.66,334.91,333.54,334.6,401.0,20,0.0
2023-06-22 12:00:00,334.59,335.24,333.83,334.09,328.0,20,0.0
2023-06-22 13:00:00,334.05,337.26,333.2,336.56,5045.0,8,0.0
2023-06-22 14:00:00,336.59,338.42,335.35,335.76,8331.0,8,0.0
2023-06-22 15:00:00,335.74,338.62,335.73,337.9,6229.0,8,0.0
2023-06-22 16:00:00,337.9,337.94,336.57,337.0,4575.0,8,0.0
2023-06-22 17:00:00,337.01,338.06,336.05,337.96,3745.0,8,0.0
2023-06-22 18:00:00,337.97,338.91,337.68,338.8,3537.0,8,0.0
2023-06-22 19:00:00,338.81,339.17,338.25,339.15,2631.0,8,0.0
2023-06-23 10:00:00,337.12,337.34,336.6,336.98,141.0,40,0.0
2023-06-23 11:00:00,336.95,337.72,336.13,336.57,322.0,20,0.0
2023-06-23 12:00:00,336.58,336.85,333.77,334.85,1099.0,20,0.0
2023-06-23 13:00:00,334.73,336.03,333.32,334.8,6564.0,8,0.0
2023-06-23 14:00:00,334.76,336.91,334.36,335.96,6875.0,8,0.0
2023-06-23 15:00:00,335.98,336.17,334.93,335.71,5141.0,8,0.0
2023-06-23 16:00:00,335.71,337.17,335.64,337.05,4020.0,8,0.0
2023-06-23 17:00:00,337.07,337.81,336.88,336.96,3241.0,8,0.0
2023-06-23 18:00:00,336.94,337.27,335.1,335.46,3916.0,8,0.0
2023-06-23 19:00:00,335.44,336.19,334.88,336.13,3278.0,8,0.0
2023-06-26 10:00:00,334.07,334.21,334.0,334.11,131.0,40,0.0
2023-06-26 11:00:00,334.16,334.8,334.06,334.35,212.0,40,0.0
2023-06-26 12:00:00,334.34,334.34,333.19,334.11,234.0,40,0.0
2023-06-26 13:00:00,334.06,335.4,332.39,335.23,4105.0,8,0.0
2023-06-26 14:00:00,335.24,335.93,332.63,334.27,5608.0,8,0.0
2023-06-26 15:00:00,334.28,334.33,330.67,331.21,6832.0,8,0.0
2023-06-26 16:00:00,331.19,331.59,329.25,330.24,6735.0,8,0.0
2023-06-26 17:00:00,330.25,330.35,329.31,329.79,4662.0,8,0.0
2023-06-26 18:00:00,329.78,330.82,329.36,330.19,3783.0,8,0.0
2023-06-26 19:00:00,330.2,330.27,329.07,329.08,2885.0,8,0.0
2023-06-27 10:00:00,329.94,330.71,329.73,330.2,584.0,17,0.0
2023-06-27 11:00:00,330.3,330.49,329.8,330.2,904.0,33,0.0
2023-06-27 12:00:00,330.23,331.15,329.93,330.35,950.0,17,0.0
2023-06-27 13:00:00,330.36,333.88,330.25,333.1,5973.0,8,0.0
2023-06-27 14:00:00,333.09,333.5,330.09,330.59,9062.0,8,0.0
2023-06-27 15:00:00,330.59,332.67,329.13,332.29,7584.0,8,0.0
2023-06-27 16:00:00,332.3,332.81,331.09,332.59,5497.0,8,0.0
2023-06-27 17:00:00,332.57,334.56,332.07,334.53,4886.0,8,0.0
2023-06-27 18:00:00,334.55,335.98,334.27,335.46,4816.0,8,0.0
2023-06-27 19:00:00,335.49,335.79,334.51,335.1,3486.0,8,0.0
2023-06-28 10:00:00,335.06,335.55,334.57,335.28,463.0,8,0.0
2023-06-28 11:00:00,335.27,336.67,334.94,335.06,878.0,17,0.0
2023-06-28 12:00:00,335.11,335.59,334.43,335.02,779.0,17,0.0
2023-06-28 13:00:00,335.14,336.61,333.63,335.35,7393.0,8,0.0
2023-06-28 14:00:00,335.33,337.81,333.76,337.09,10334.0,8,0.0
2023-06-28 15:00:00,337.08,337.7,335.07,336.97,7596.0,8,0.0
2023-06-28 16:00:00,336.96,337.77,334.41,334.88,8240.0,8,0.0
2023-06-28 17:00:00,334.87,335.47,334.3,335.04,6197.0,8,0.0
2023-06-28 18:00:00,335.06,336.01,334.84,334.98,5049.0,8,0.0
2023-06-28 19:00:00,335.02,335.06,333.65,334.22,4465.0,8,0.0
2023-06-29 10:00:00,334.55,335.53,334.4,335.39,342.0,17,0.0
2023-06-29 11:00:00,335.46,336.54,335.36,336.11,775.0,17,0.0
2023-06-29 12:00:00,336.11,336.52,334.56,334.81,853.0,17,0.0
2023-06-29 13:00:00,334.83,335.76,333.54,334.58,8190.0,8,0.0
2023-06-29 14:00:00,334.57,335.22,332.45,333.96,10969.0,8,0.0
2023-06-29 15:00:00,333.97,335.93,333.97,335.12,6438.0,8,0.0
2023-06-29 16:00:00,335.14,335.7,333.59,333.94,5721.0,8,0.0
2023-06-29 17:00:00,333.91,334.53,333.33,333.56,4995.0,8,0.0
2023-06-29 18:00:00,333.58,334.66,333.11,334.58,4608.0,8,0.0
2023-06-29 19:00:00,334.59,334.72,333.67,333.87,3505.0,8,0.0
2023-06-30 10:00:00,335.83,336.07,335.71,335.95,131.0,33,0.0
2023-06-30 11:00:00,335.94,336.32,335.83,335.86,287.0,33,0.0
2023-06-30 12:00:00,335.9,338.62,335.73,338.11,1185.0,33,0.0
2023-06-30 13:00:00,338.21,340.79,336.84,340.51,8049.0,8,0.0
2023-06-30 14:00:00,340.57,342.53,340.13,341.22,7972.0,8,0.0
2023-06-30 15:00:00,341.21,341.76,339.46,340.01,6959.0,8,0.0
2023-06-30 16:00:00,340.03,341.13,339.64,341.01,5343.0,8,0.0
2023-06-30 17:00:00,341.03,341.27,340.22,340.72,4742.0,8,0.0
2023-06-30 18:00:00,340.73,340.83,340.07,340.4,4931.0,8,0.0
2023-06-30 19:00:00,340.42,341.22,339.97,340.93,3830.0,8,0.0
2023-07-03 10:00:00,340.27,340.29,339.01,339.26,186.0,20,0.0
2023-07-03 11:00:00,339.29,339.67,338.82,339.14,213.0,40,0.0
2023-07-03 12:00:00,339.18,339.64,338.81,339.49,206.0,20,0.0
2023-07-03 13:00:00,339.47,340.66,337.89,339.41,5287.0,8,0.0
2023-07-03 14:00:00,339.43,340.08,336.68,336.71,6323.0,8,0.0
2023-07-03 15:00:00,336.72,337.23,336.34,336.68,4015.0,8,0.0
2023-07-03 16:00:00,336.7,338.08,336.53,338.07,2623.0,8,0.0
2023-07-05 10:00:00,335.03,335.76,334.89,335.7,127.0,40,0.0
2023-07-05 11:00:00,335.73,335.95,334.75,334.79,262.0,20,0.0
2023-07-05 12:00:00,334.81,335.0,334.44,334.83,335.0,20,0.0
2023-07-05 13:00:00,334.77,340.12,334.47,338.43,5880.0,8,0.0
2023-07-05 14:00:00,338.45,341.42,338.32,340.71,7018.0,8,0.0
2023-07-05 15:00:00,340.73,340.74,338.39,338.62,4807.0,8,0.0
2023-07-05 16:00:00,338.61,339.11,337.93,338.48,3149.0,8,0.0
2023-07-05 17:00:00,338.49,338.85,337.91,338.11,2104.0,8,0.0
2023-07-05 18:00:00,338.12,338.56,337.39,338.17,3798.0,8,0.0
2023-07-05 19:00:00,338.17,338.51,337.88,337.92,2024.0,8,0.0
2023-07-06 10:00:00,340.43,341.49,339.98,340.2,311.0,20,0.0
2023-07-06 11:00:00,340.13,340.89,339.96,340.37,432.0,20,0.0
2023-07-06 12:00:00,340.4,340.54,337.2,338.17,1030.0,20,0.0
2023-07-06 13:00:00,338.21,340.13,335.26,338.32,7400.0,8,0.0
2023-07-06 14:00:00,338.37,340.86,336.41,338.46,8640.0,8,0.0
2023-07-06 15:00:00,338.48,339.73,337.85,339.41,5296.0,8,0.0
2023-07-06 16:00:00,339.43,342.21,339.39,341.39,4729.0,8,0.0
2023-07-06 17:00:00,341.4,342.73,341.22,342.12,3956.0,8,0.0
2023-07-06 18:00:00,342.12,342.15,340.57,341.09,3033.0,8,0.0
2023-07-06 19:00:00,341.08,341.33,340.23,340.6,2479.0,8,0.0
2023-07-07 10:00:00,340.34,340.54,340.04,340.47,133.0,8,0.0
2023-07-07 11:00:00,340.47,340.91,340.25,340.25,131.0,20,0.0
2023-07-07 12:00:00,340.28,342.62,339.73,340.18,894.0,20,0.0
2023-07-07 13:00:00,340.15,340.93,338.59,340.65,5334.0,8,0.0
2023-07-07 14:00:00,340.63,340.65,337.31,338.67,5417.0,8,0.0
2023-07-07 15:00:00,338.65,339.35,338.36,339.25,2988.0,8,0.0
2023-07-07 16:00:00,339.27,341.27,339.25,341.08,2806.0,8,0.0
2023-07-07 17:00:00,341.09,341.52,340.36,340.58,2343.0,8,0.0
2023-07-07 18:00:00,340.57,340.59,339.13,339.43,2345.0,8,0.0
2023-07-07 19:00:00,339.42,339.46,337.72,337.79,2443.0,8,0.0
2023-07-10 10:00:00,333.71,334.05,333.08,334.04,232.0,40,0.0
2023-07-10 11:00:00,334.04,334.89,333.23,334.7,469.0,40,0.0
2023-07-10 12:00:00,334.54,335.33,333.84,334.1,481.0,20,0.0
2023-07-10 13:00:00,334.09,334.89,328.93,329.43,8659.0,8,0.0
2023-07-10 14:00:00,329.42,332.55,329.31,330.08,8711.0,8,0.0
2023-07-10 15:00:00,330.07,330.8,328.52,328.6,6147.0,8,0.0
2023-07-10 16:00:00,328.62,330.05,327.28,329.87,5333.0,8,0.0
2023-07-10 17:00:00,329.9,330.89,329.27,329.74,3980.0,8,0.0
2023-07-10 18:00:00,329.75,331.35,329.17,330.94,3502.0,8,0.0
2023-07-10 19:00:00,330.95,331.05,329.91,330.09,2745.0,8,0.0
2023-07-11 10:00:00,331.94,331.97,331.37,331.44,294.0,40,0.0
2023-07-11 11:00:00,331.44,332.24,331.37,332.14,315.0,20,0.0
2023-07-11 12:00:00,332.14,332.86,331.65,331.83,489.0,20,0.0
2023-07-11 13:00:00,331.83,331.88,327.96,328.39,6358.0,8,0.0
2023-07-11 14:00:00,328.39,329.89,326.67,329.54,7753.0,8,0.0
2023-07-11 15:00:00,329.54,331.99,329.01,331.99,5660.0,8,0.0
2023-07-11 16:00:00,332.01,332.52,329.73,330.84,5115.0,8,0.0
2023-07-11 17:00:00,330.82,331.69,330.1,331.6,3556.0,8,0.0
2023-07-11 18:00:00,331.61,331.69,329.8,331.28,3433.0,8,0.0
2023-07-11 19:00:00,331.28,331.41,330.49,331.21,2520.0,8,0.0
2023-07-12 10:00:00,332.62,333.23,332.62,333.14,97.0,40,0.0
2023-07-12 11:00:00,333.08,334.41,333.07,333.69,231.0,40,0.0
2023-07-12 12:00:00,333.63,336.08,333.4,335.75,1119.0,20,0.0
2023-07-12 13:00:00,335.74,339.65,335.04,338.93,8698.0,8,0.0
2023-07-12 14:00:00,338.95,341.33,338.59,339.42,8310.0,8,0.0
2023-07-12 15:00:00,339.42,339.44,335.36,336.12,7425.0,8,0.0
2023-07-12 16:00:00,336.12,337.8,336.0,337.25,5382.0,8,0.0
2023-07-12 17:00:00,337.25,338.26,336.78,337.79,3471.0,8,0.0
2023-07-12 18:00:00,337.8,338.38,336.96,337.38,3418.0,8,0.0
2023-07-12 19:00:00,337.36,337.85,336.53,337.4,2996.0,8,0.0
2023-07-13 10:00:00,339.22,339.68,338.67,338.92,124.0,40,0.0
2023-07-13 11:00:00,338.85,339.42,338.78,338.94,200.0,40,0.0
2023-07-13 12:00:00,338.94,339.81,338.23,338.66,462.0,20,0.0
2023-07-13 13:00:00,338.66,342.13,337.8,340.4,5940.0,8,0.0
2023-07-13 14:00:00,340.41,341.19,339.39,341.09,6353.0,8,0.0
2023-07-13 15:00:00,341.07,341.59,340.35,340.77,3827.0,8,0.0
2023-07-13 16:00:00,340.78,341.84,340.55,340.79,3367.0,8,0.0
2023-07-13 17:00:00,340.78,341.1,340.22,340.73,2643.0,8,0.0
2023-07-13 18:00:00,340.73,342.24,340.63,341.79,2552.0,8,0.0
2023-07-13 19:00:00,341.79,343.4,341.62,343.37,2197.0,8,0.0
2023-07-14 10:00:00,346.22,347.26,346.14,346.83,332.0,40,0.0
2023-07-14 11:00:00,346.63,348.56,346.13,348.28,475.0,40,0.0
2023-07-14 12:00:00,348.28,349.18,347.57,347.57,631.0,20,0.0
2023-07-14 13:00:00,347.53,348.52,345.69,347.28,7770.0,8,0.0
2023-07-14 14:00:00,347.07,351.07,346.29,349.24,11306.0,8,0.0
2023-07-14 15:00:00,349.26,350.03,348.61,348.97,5843.0,8,0.0
2023-07-14 16:00:00,348.98,349.01,346.19,346.67,5411.0,8,0.0
2023-07-14 17:00:00,346.67,346.7,345.22,345.91,4650.0,8,0.0
2023-07-14 18:00:00,345.91,346.69,344.86,344.86,4364.0,8,0.0
2023-07-14 19:00:00,344.88,345.26,344.23,344.28,4262.0,8,0.0
2023-07-17 10:00:00,345.48,345.85,345.21,345.35,236.0,40,0.0
2023-07-17 11:00:00,345.36,346.01,345.0,345.1,241.0,40,0.0
2023-07-17 12:00:00,345.1,345.25,344.14,344.62,332.0,40,0.0
2023-07-17 13:00:00,344.61,346.49,341.81,342.99,7388.0,8,0.0
2023-07-17 14:00:00,342.97,344.7,342.64,344.51,6022.0,8,0.0
2023-07-17 15:00:00,344.53,345.57,344.24,345.51,3940.0,8,0.0
2023-07-17 16:00:00,345.52,346.08,344.75,345.52,3160.0,8,0.0
2023-07-17 17:00:00,345.52,345.96,345.2,345.9,2518.0,8,0.0
2023-07-17 18:00:00,345.91,346.26,344.75,344.82,2446.0,8,0.0
2023-07-17 19:00:00,344.83,345.93,344.58,345.08,2900.0,8,0.0
2023-07-18 10:00:00,343.79,345.37,343.75,345.14,136.0,40,0.0
2023-07-18 11:00:00,345.14,345.61,344.86,345.27,404.0,40,0.0
2023-07-18 12:00:00,345.35,346.43,345.06,345.32,588.0,20,0.0
2023-07-18 13:00:00,345.35,346.34,341.76,342.96,5914.0,8,0.0
2023-07-18 14:00:00,342.97,344.09,342.21,343.93,6696.0,8,0.0
2023-07-18 15:00:00,343.95,358.43,343.6,356.68,10239.0,8,0.0
2023-07-18 16:00:00,356.71,366.29,356.12,362.13,8075.0,8,0.0
2023-07-18 17:00:00,362.11,364.5,361.99,363.54,5027.0,8,0.0
2023-07-18 18:00:00,363.55,365.06,363.43,363.67,5832.0,8,0.0
2023-07-18 19:00:00,363.66,364.13,360.01,360.11,5526.0,8,0.0
2023-07-19 10:00:00,361.63,361.87,361.14,361.39,271.0,40,0.0
2023-07-19 11:00:00,361.38,361.57,360.68,361.19,472.0,20,0.0
2023-07-19 12:00:00,361.2,361.66,359.51,360.3,768.0,20,0.0
2023-07-19 13:00:00,360.29,361.96,357.34,358.99,4973.0,8,0.0
2023-07-19 14:00:00,359.04,361.15,356.86,359.03,7972.0,8,0.0
2023-07-19 15:00:00,359.03,360.31,358.44,358.82,5139.0,8,0.0
2023-07-19 16:00:00,358.82,359.25,353.96,354.27,7413.0,8,0.0
2023-07-19 17:00:00,354.29,354.44,352.64,352.7,5255.0,8,0.0
2023-07-19 18:00:00,352.68,354.03,352.03,353.91,5513.0,8,0.0
2023-07-19 19:00:00,353.93,355.91,353.85,354.97,3343.0,8,0.0
2023-07-20 10:00:00,352.37,353.27,352.37,353.13,132.0,40,0.0
2023-07-20 11:00:00,353.23,355.69,352.67,355.54,333.0,40,0.0
2023-07-20 12:00:00,355.44,355.56,353.14,353.81,481.0,40,0.0
2023-07-20 13:00:00,353.75,356.99,352.69,355.37,4168.0,8,0.0
2023-07-20 14:00:00,355.45,355.64,348.12,349.75,4989.0,8,0.0
2023-07-20 15:00:00,349.76,351.16,349.05,349.11,5420.0,8,0.0
2023-07-20 16:00:00,349.13,350.19,347.32,347.57,6443.0,8,0.0
2023-07-20 17:00:00,347.55,348.56,347.32,348.01,4512.0,8,0.0
2023-07-20 18:00:00,348.0,348.08,345.43,345.48,4876.0,8,0.0
2023-07-20 19:00:00,345.48,346.91,344.94,346.45,4827.0,8,0.0
2023-07-21 10:00:00,347.71,348.98,347.71,348.6,130.0,40,0.0
2023-07-21 11:00:00,348.56,349.23,348.02,348.06,414.0,20,0.0
2023-07-21 12:00:00,348.11,349.38,348.04,348.73,407.0,20,0.0
2023-07-21 13:00:00,348.69,350.0,346.39,347.22,3974.0,20,0.0
2023-07-21 14:00:00,347.15,348.09,345.62,346.56,4278.0,8,0.0
2023-07-21 15:00:00,346.58,347.82,345.32,345.94,3700.0,8,0.0
2023-07-21 16:00:00,345.95,346.15,344.53,345.26,4015.0,8,0.0
2023-07-21 17:00:00,345.23,346.82,345.14,345.76,4165.0,8,0.0
2023-07-21 18:00:00,345.75,345.79,343.57,343.74,4612.0,8,0.0
2023-07-21 19:00:00,343.72,343.88,340.76,341.5,5137.0,8,0.0
2023-07-24 10:00:00,345.35,345.53,344.77,344.78,168.0,60,0.0
2023-07-24 11:00:00,344.79,345.78,344.6,345.46,314.0,40,0.0
2023-07-24 12:00:00,345.51,345.61,344.91,345.31,299.0,40,0.0
2023-07-24 13:00:00,345.31,346.35,341.8,343.06,3648.0,8,0.0
2023-07-24 14:00:00,343.03,345.99,342.87,343.84,6315.0,8,0.0
2023-07-24 15:00:00,343.84,345.72,342.81,343.65,6780.0,8,0.0
2023-07-24 16:00:00,343.67,344.51,343.16,343.44,3393.0,8,0.0
2023-07-24 17:00:00,343.43,345.52,343.19,345.39,3392.0,8,0.0
2023-07-24 18:00:00,345.4,345.73,343.62,344.27,3376.0,8,0.0
2023-07-24 19:00:00,344.28,344.65,343.63,344.03,2797.0,8,0.0
2023-07-25 10:00:00,347.24,347.67,346.84,347.15,250.0,40,0.0
2023-07-25 11:00:00,347.15,347.62,347.05,347.61,287.0,40,0.0
2023-07-25 12:00:00,347.59,348.15,347.4,347.75,332.0,20,0.0
2023-07-25 13:00:00,347.76,347.96,344.56,347.34,2992.0,8,0.0
2023-07-25 14:00:00,347.3,347.41,345.3,345.65,4064.0,8,0.0
2023-07-25 15:00:00,345.67,348.74,345.55,348.08,3447.0,8,0.0
2023-07-25 16:00:00,348.08,349.88,347.71,349.66,3376.0,8,0.0
2023-07-25 17:00:00,349.66,350.61,349.38,349.84,2764.0,8,0.0
2023-07-25 18:00:00,349.84,351.11,349.74,349.83,3689.0,8,0.0
2023-07-25 19:00:00,349.84,350.8,349.68,349.71,3322.0,8,0.0
2023-07-26 10:00:00,337.38,338.4,337.13,337.26,378.0,60,0.0
2023-07-26 11:00:00,337.32,339.04,337.32,338.27,546.0,40,0.0
2023-07-26 12:00:00,338.3,339.04,336.96,337.82,1072.0,20,0.0
2023-07-26 13:00:00,337.84,344.09,336.59,340.81,8160.0,20,0.0
2023-07-26 14:00:00,340.75,341.06,333.46,333.62,12962.0,8,0.0
2023-07-26 15:00:00,333.63,336.88,332.63,336.5,5522.0,8,0.0
2023-07-26 16:00:00,336.49,336.49,334.09,334.81,4454.0,8,0.0
2023-07-26 17:00:00,334.79,335.23,334.02,334.4,4099.0,8,0.0
2023-07-26 18:00:00,334.42,337.62,334.02,335.45,5507.0,8,0.0
2023-07-26 19:00:00,335.49,337.29,333.54,337.29,4471.0,8,0.0
2023-07-27 10:00:00,339.61,340.26,339.39,340.07,207.0,40,0.0
2023-07-27 11:00:00,340.05,340.05,339.22,339.61,302.0,40,0.0
2023-07-27 12:00:00,339.6,339.94,339.12,339.72,517.0,20,0.0
2023-07-27 13:00:00,339.68,340.73,337.51,337.53,4970.0,8,0.0
2023-07-27 14:00:00,337.54,337.7,333.79,334.88,8864.0,8,0.0
2023-07-27 15:00:00,334.9,336.75,334.33,334.8,7629.0,8,0.0
2023-07-27 16:00:00,334.79,335.99,334.61,335.08,4434.0,8,0.0
2023-07-27 17:00:00,335.1,335.44,332.01,333.83,7798.0,8,0.0
2023-07-27 18:00:00,333.84,334.08,330.66,330.66,9015.0,8,0.0
2023-07-27 19:00:00,330.65,331.36,329.01,329.09,5562.0,8,0.0
2023-07-28 10:00:00,332.55,333.36,332.49,333.22,252.0,40,0.0
2023-07-28 11:00:00,333.21,333.21,332.39,332.75,323.0,40,0.0
2023-07-28 12:00:00,332.82,333.03,332.22,332.76,535.0,20,0.0
2023-07-28 13:00:00,332.72,336.53,332.36,335.11,4135.0,8,0.0
2023-07-28 14:00:00,335.16,337.14,334.65,335.72,8127.0,8,0.0
2023-07-28 15:00:00,335.73,339.47,335.73,338.67,5030.0,8,0.0
2023-07-28 16:00:00,338.69,338.87,337.56,338.13,4018.0,8,0.0
2023-07-28 17:00:00,338.12,338.21,336.42,338.13,5064.0,8,0.0
2023-07-28 18:00:00,338.15,338.73,336.91,338.41,3927.0,8,0.0
2023-07-28 19:00:00,338.42,338.86,337.44,337.74,3270.0,8,0.0
2023-07-31 10:00:00,336.45,336.71,336.19,336.56,133.0,20,0.0
2023-07-31 11:00:00,336.57,337.62,336.26,337.57,325.0,20,0.0
2023-07-31 12:00:00,337.54,337.64,336.95,337.29,272.0,20,0.0
2023-07-31 13:00:00,337.26,337.26,333.22,333.74,4928.0,8,0.0
2023-07-31 14:00:00,333.79,335.21,332.81,334.89,6774.0,8,0.0
2023-07-31 15:00:00,334.87,335.78,333.09,333.75,5225.0,8,0.0
2023-07-31 16:00:00,333.74,334.26,333.53,333.97,3401.0,8,0.0
2023-07-31 17:00:00,333.95,334.12,333.29,333.75,3145.0,8,0.0
2023-07-31 18:00:00,333.77,335.22,333.38,334.95,3050.0,8,0.0
2023-07-31 19:00:00,334.97,335.0,333.72,333.79,2519.0,8,0.0
2023-08-01 10:00:00,334.24,334.65,334.1,334.62,152.0,20,0.0
2023-08-01 11:00:00,334.62,334.9,333.07,333.1,287.0,20,0.0
2023-08-01 12:00:00,333.16,333.5,332.93,333.26,281.0,20,0.0
2023-08-01 13:00:00,333.25,335.02,333.06,333.61,3735.0,8,0.0
2023-08-01 14:00:00,333.64,337.23,333.22,336.43,8034.0,8,0.0
2023-08-01 15:00:00,336.47,337.73,335.92,337.36,4945.0,8,0.0
2023-08-01 16:00:00,337.35,337.42,336.11,337.17,3638.0,8,0.0
2023-08-01 17:00:00,337.18,337.94,336.0,337.15,3264.0,8,0.0
2023-08-01 18:00:00,337.16,337.48,336.43,336.77,2980.0,8,0.0
2023-08-01 19:00:00,336.78,337.03,336.13,336.16,2136.0,8,0.0
2023-08-02 10:00:00,331.73,333.08,331.63,332.94,208.0,60,0.0
2023-08-02 11:00:00,332.99,333.73,332.84,333.1,371.0,40,0.0
2023-08-02 12:00:00,333.04,333.4,332.3,332.63,354.0,20,0.0
2023-08-02 13:00:00,332.59,333.48,330.53,330.86,4761.0,8,0.0
2023-08-02 14:00:00,330.88,331.08,328.39,328.58,8448.0,8,0.0
2023-08-02 15:00:00,328.57,329.89,327.49,327.49,6690.0,8,0.0
2023-08-02 16:00:00,327.47,327.83,325.8,327.55,6082.0,8,0.0
2023-08-02 17:00:00,327.53,328.13,326.99,327.48,4241.0,8,0.0
2023-08-02 18:00:00,327.5,328.47,327.29,327.86,4204.0,8,0.0
2023-08-02 19:00:00,327.88,328.0,326.06,327.11,3194.0,8,0.0
2023-08-03 10:00:00,326.35,326.71,326.11,326.14,273.0,20,0.0
2023-08-03 11:00:00,326.21,326.76,325.42,325.84,438.0,20,0.0
2023-08-03 12:00:00,325.84,326.03,324.61,324.76,676.0,20,0.0
2023-08-03 13:00:00,324.74,328.04,324.51,327.82,5682.0,8,0.0
2023-08-03 14:00:00,327.79,328.49,326.01,327.88,6946.0,8,0.0
2023-08-03 15:00:00,327.88,329.27,327.43,327.54,4742.0,8,0.0
2023-08-03 16:00:00,327.52,328.79,327.36,328.57,2958.0,8,0.0
2023-08-03 17:00:00,328.59,328.87,327.1,327.17,3441.0,8,0.0
2023-08-03 18:00:00,327.15,327.68,326.44,327.64,3637.0,8,0.0
2023-08-03 19:00:00,327.66,327.66,326.06,326.44,3331.0,8,0.0
2023-08-04 10:00:00,329.43,329.7,328.88,328.93,183.0,40,0.0
2023-08-04 11:00:00,328.97,329.12,327.93,328.46,412.0,40,0.0
2023-08-04 12:00:00,328.48,330.65,328.0,330.33,1074.0,20,0.0
2023-08-04 13:00:00,330.31,334.47,329.18,329.83,4741.0,8,0.0
2023-08-04 14:00:00,329.86,331.82,328.32,331.12,6779.0,8,0.0
2023-08-04 15:00:00,331.14,332.92,330.95,332.28,5331.0,8,0.0
2023-08-04 16:00:00,332.27,333.69,332.01,333.21,3903.0,8,0.0
2023-08-04 17:00:00,333.21,333.36,330.98,331.28,4108.0,8,0.0
2023-08-04 18:00:00,331.26,331.26,328.17,328.42,6854.0,8,0.0
2023-08-04 19:00:00,328.44,328.78,326.96,327.01,4532.0,8,0.0
2023-08-07 10:00:00,328.7,328.72,327.78,328.55,198.0,40,0.0
2023-08-07 11:00:00,328.51,328.51,328.0,328.29,169.0,40,0.0
2023-08-07 12:00:00,328.33,328.86,327.75,328.79,238.0,20,0.0
2023-08-07 13:00:00,328.79,330.39,327.39,329.1,3769.0,8,0.0
2023-08-07 14:00:00,329.06,330.21,328.16,328.61,5640.0,8,0.0
2023-08-07 15:00:00,328.59,328.91,326.88,328.64,4895.0,8,0.0
2023-08-07 16:00:00,328.62,329.07,327.62,328.35,3651.0,8,0.0
2023-08-07 17:00:00,328.34,328.86,328.04,328.69,3248.0,8,0.0
2023-08-07 18:00:00,328.71,329.33,328.65,328.91,3013.0,8,0.0
2023-08-07 19:00:00,328.93,329.36,328.66,328.99,2480.0,8,0.0
2023-08-08 10:00:00,328.07,328.76,327.97,328.19,439.0,20,0.0
2023-08-08 11:00:00,328.23,328.33,326.11,326.89,429.0,20,0.0
2023-08-08 12:00:00,326.94,327.21,325.53,326.9,428.0,20,0.0
2023-08-08 13:00:00,326.87,328.07,324.88,325.12,4723.0,8,0.0
2023-08-08 14:00:00,325.09,325.61,322.43,322.67,7850.0,8,0.0
2023-08-08 15:00:00,322.65,323.98,322.33,322.66,5688.0,8,0.0
2023-08-08 16:00:00,322.65,323.95,322.53,323.47,3743.0,8,0.0
2023-08-08 17:00:00,323.48,324.24,323.23,323.77,3800.0,8,0.0
2023-08-08 18:00:00,323.78,324.6,323.33,324.33,3982.0,8,0.0
2023-08-08 19:00:00,324.3,325.11,323.85,324.95,2567.0,8,0.0
2023-08-09 10:00:00,326.52,326.52,325.39,325.67,267.0,20,0.0
2023-08-09 11:00:00,325.72,326.2,325.17,326.12,272.0,20,0.0
2023-08-09 12:00:00,326.09,326.32,325.74,326.12,310.0,20,0.0
2023-08-09 13:00:00,326.12,326.39,323.83,324.12,3800.0,8,0.0
2023-08-09 14:00:00,324.12,324.9,322.28,322.3,6112.0,8,0.0
2023-08-09 15:00:00,322.29,323.01,320.42,321.81,6525.0,8,0.0
2023-08-09 16:00:00,321.79,323.25,321.76,322.54,4192.0,8,0.0
2023-08-09 17:00:00,322.54,323.87,322.21,323.63,3432.0,8,0.0
2023-08-09 18:00:00,323.61,324.79,323.43,324.04,2676.0,8,0.0
2023-08-09 19:00:00,324.06,324.29,323.24,323.36,3041.0,8,0.0
2023-08-10 10:00:00,323.96,324.68,323.56,324.37,224.0,20,0.0
2023-08-10 11:00:00,324.3,324.97,324.06,324.17,257.0,20,0.0
2023-08-10 12:00:00,324.2,326.03,323.75,325.63,1359.0,20,0.0
2023-08-10 13:00:00,325.64,326.61,324.44,326.53,4303.0,8,0.0
2023-08-10 14:00:00,326.56,327.6,323.57,324.08,6609.0,8,0.0
2023-08-10 15:00:00,324.06,324.39,321.43,322.31,6366.0,8,0.0
2023-08-10 16:00:00,322.3,323.79,321.79,322.35,4280.0,8,0.0
2023-08-10 17:00:00,322.33,322.78,320.52,320.85,4177.0,8,0.0
2023-08-10 18:00:00,320.85,323.32,320.77,323.12,4629.0,8,0.0
2023-08-10 19:00:00,323.14,323.17,321.8,321.88,3535.0,8,0.0
2023-08-11 10:00:00,320.64,321.55,320.55,321.09,433.0,20,0.0
2023-08-11 11:00:00,321.07,321.62,320.85,320.92,329.0,20,0.0
2023-08-11 12:00:00,320.92,321.04,319.54,319.66,605.0,20,0.0
2023-08-11 13:00:00,319.66,320.45,318.77,319.09,4990.0,8,0.0
2023-08-11 14:00:00,319.06,321.65,318.9,320.23,9405.0,8,0.0
2023-08-11 15:00:00,320.24,320.81,318.55,319.53,6149.0,8,0.0
2023-08-11 16:00:00,319.55,320.86,319.08,319.62,4511.0,8,0.0
2023-08-11 17:00:00,319.63,320.65,319.47,320.38,3810.0,8,0.0
2023-08-11 18:00:00,320.4,321.74,320.26,321.48,4515.0,8,0.0
2023-08-11 19:00:00,321.47,321.55,320.37,320.66,3347.0,8,0.0
2023-08-14 10:00:00,321.49,322.48,321.42,322.28,358.0,20,0.0
2023-08-14 11:00:00,322.12,322.24,321.41,321.45,294.0,20,0.0
2023-08-14 12:00:00,321.44,321.44,320.09,320.66,448.0,20,0.0
2023-08-14 13:00:00,320.69,321.15,319.38,320.28,4796.0,8,0.0
2023-08-14 14:00:00,320.29,323.35,319.95,322.9,5399.0,8,0.0
2023-08-14 15:00:00,322.91,323.23,321.45,322.22,5066.0,8,0.0
2023-08-14 16:00:00,322.21,322.45,321.13,321.66,4569.0,8,0.0
2023-08-14 17:00:00,321.65,322.24,321.02,321.62,3356.0,8,0.0
2023-08-14 18:00:00,321.63,321.67,320.75,321.25,4075.0,8,0.0
2023-08-14 19:00:00,321.25,322.76,321.02,322.76,2801.0,8,0.0
2023-08-15 10:00:00,321.81,321.99,320.48,320.96,453.0,20,0.0
2023-08-15 11:00:00,320.95,321.49,320.64,320.92,342.0,20,0.0
2023-08-15 12:00:00,320.88,321.51,320.56,321.21,584.0,20,0.0
2023-08-15 13:00:00,321.19,324.14,320.98,322.92,5835.0,8,0.0
2023-08-15 14:00:00,322.91,322.95,320.38,321.46,8185.0,8,0.0
2023-08-15 15:00:00,321.46,324.21,321.46,324.14,5573.0,8,0.0
2023-08-15 16:00:00,324.12,324.37,323.0,323.38,4699.0,8,0.0
2023-08-15 17:00:00,323.36,324.29,323.07,323.69,3871.0,8,0.0
2023-08-15 18:00:00,323.69,323.79,322.39,322.8,3594.0,8,0.0
2023-08-15 19:00:00,322.81,322.81,320.18,320.53,3277.0,8,0.0
2023-08-16 10:00:00,321.5,321.56,321.28,321.41,101.0,20,0.0
2023-08-16 11:00:00,321.45,321.47,320.73,321.24,148.0,20,0.0
2023-08-16 12:00:00,321.21,321.32,320.44,320.54,330.0,20,0.0
2023-08-16 13:00:00,320.53,322.57,319.71,321.64,4344.0,8,0.0
2023-08-16 14:00:00,321.65,323.74,321.09,323.37,5085.0,8,0.0
2023-08-16 15:00:00,323.35,324.38,321.98,322.19,5083.0,8,0.0
2023-08-16 16:00:00,322.17,322.26,321.2,321.26,4019.0,8,0.0
2023-08-16 17:00:00,321.28,322.86,320.67,322.6,3937.0,8,0.0
2023-08-16 18:00:00,322.58,323.59,321.11,321.99,5236.0,8,0.0
2023-08-16 19:00:00,321.98,321.98,320.22,321.04,3309.0,8,0.0
2023-08-17 10:00:00,320.09,320.67,320.06,320.35,215.0,20,0.0
2023-08-17 11:00:00,320.31,320.49,320.12,320.38,210.0,20,0.0
2023-08-17 12:00:00,320.33,321.12,320.18,321.01,632.0,20,0.0
2023-08-17 13:00:00,321.0,321.76,318.68,319.81,3922.0,8,0.0
2023-08-17 14:00:00,319.81,320.18,318.69,319.41,5337.0,8,0.0
2023-08-17 15:00:00,319.43,319.79,318.65,319.64,5345.0,8,0.0
2023-08-17 16:00:00,319.66,320.78,319.0,320.74,4313.0,8,0.0
2023-08-17 17:00:00,320.76,320.87,318.43,318.74,3757.0,8,0.0
2023-08-17 18:00:00,318.72,319.36,318.31,318.64,3787.0,8,0.0
2023-08-17 19:00:00,318.63,318.83,316.37,316.45,4245.0,8,0.0
2023-08-18 10:00:00,315.12,315.49,314.4,314.43,197.0,20,0.0
2023-08-18 11:00:00,314.47,314.66,312.69,313.25,468.0,20,0.0
2023-08-18 12:00:00,313.23,313.71,312.61,313.28,670.0,20,0.0
2023-08-18 13:00:00,313.24,315.05,311.86,313.29,6253.0,8,0.0
2023-08-18 14:00:00,313.27,314.41,311.53,314.24,6500.0,8,0.0
2023-08-18 15:00:00,314.23,316.39,314.03,316.25,6586.0,8,0.0
2023-08-18 16:00:00,316.23,316.86,315.15,315.58,5279.0,8,0.0
2023-08-18 17:00:00,315.57,316.76,314.9,316.3,5341.0,8,0.0
2023-08-18 18:00:00,316.28,316.85,315.58,315.97,4770.0,8,0.0
2023-08-18 19:00:00,315.96,317.42,315.36,317.19,3541.0,8,0.0
2023-08-21 10:00:00,318.09,318.22,317.67,317.75,149.0,20,0.0
2023-08-21 11:00:00,317.69,318.31,317.66,318.31,272.0,20,0.0
2023-08-21 12:00:00,318.31,318.39,317.28,317.48,292.0,20,0.0
2023-08-21 13:00:00,317.5,319.88,316.92,319.83,3754.0,8,0.0
2023-08-21 14:00:00,319.85,321.0,317.75,318.79,7805.0,8,0.0
2023-08-21 15:00:00,318.77,319.36,317.58,318.33,6594.0,8,0.0
2023-08-21 16:00:00,318.31,320.96,318.03,320.86,4399.0,8,0.0
2023-08-21 17:00:00,320.86,322.13,320.63,321.62,4463.0,8,0.0
2023-08-21 18:00:00,321.63,322.7,321.5,322.28,3734.0,8,0.0
2023-08-21 19:00:00,322.28,322.62,321.98,322.39,2667.0,8,0.0
2023-08-22 10:00:00,323.48,323.66,323.4,323.58,165.0,20,0.0
2023-08-22 11:00:00,323.65,325.96,323.47,325.78,398.0,20,0.0
2023-08-22 12:00:00,325.77,326.1,324.96,325.03,408.0,20,0.0
2023-08-22 13:00:00,325.01,326.02,323.08,324.15,5688.0,8,0.0
2023-08-22 14:00:00,324.18,325.11,323.35,324.86,5866.0,8,0.0
2023-08-22 15:00:00,324.87,325.17,323.64,323.92,5901.0,8,0.0
2023-08-22 16:00:00,323.9,324.03,322.57,323.2,4008.0,8,0.0
2023-08-22 17:00:00,323.2,323.39,322.34,323.25,2778.0,8,0.0
2023-08-22 18:00:00,323.23,323.87,322.83,323.05,2416.0,8,0.0
2023-08-22 19:00:00,323.05,323.52,321.5,321.55,2177.0,8,0.0
2023-08-23 10:00:00,324.58,324.59,323.94,324.36,315.0,40,0.0
2023-08-23 11:00:00,324.37,324.37,322.73,323.89,473.0,20,0.0
2023-08-23 12:00:00,323.9,324.2,323.18,323.65,632.0,20,0.0
2023-08-23 13:00:00,323.7,326.37,323.14,326.22,5500.0,8,0.0
2023-08-23 14:00:00,326.21,328.41,325.76,328.12,5318.0,8,0.0
2023-08-23 15:00:00,328.11,328.76,327.03,328.0,3927.0,8,0.0
2023-08-23 16:00:00,328.0,328.44,327.52,328.01,2485.0,8,0.0
2023-08-23 17:00:00,328.0,329.15,327.92,328.88,2136.0,8,0.0
2023-08-23 18:00:00,328.88,328.88,327.2,327.33,2513.0,8,0.0
2023-08-23 19:00:00,327.33,328.08,327.23,327.77,2042.0,8,0.0
2023-08-24 10:00:00,332.59,333.0,332.19,332.73,214.0,60,0.0
2023-08-24 11:00:00,332.83,334.37,332.8,333.15,186.0,40,0.0
2023-08-24 12:00:00,333.15,333.54,332.39,332.56,495.0,40,0.0
2023-08-24 13:00:00,332.63,333.21,327.38,329.4,6034.0,8,0.0
2023-08-24 14:00:00,329.42,329.75,324.09,324.44,6914.0,8,0.0
2023-08-24 15:00:00,324.46,324.46,321.02,321.32,4316.0,8,0.0
2023-08-24 16:00:00,321.32,323.18,321.26,322.4,2916.0,8,0.0
2023-08-24 17:00:00,322.41,322.82,321.6,321.88,2525.0,8,0.0
2023-08-24 18:00:00,321.89,322.6,320.89,321.69,2814.0,8,0.0
2023-08-24 19:00:00,321.69,321.93,320.49,320.65,3026.0,8,0.0
2023-08-25 10:00:00,320.15,321.2,320.13,320.96,352.0,20,0.0
2023-08-25 11:00:00,320.99,321.13,320.18,320.81,295.0,20,0.0
2023-08-25 12:00:00,320.78,321.72,320.56,321.22,409.0,20,0.0
2023-08-25 13:00:00,321.22,323.61,320.57,323.48,4998.0,8,0.0
2023-08-25 14:00:00,323.43,325.32,319.0,319.15,9260.0,8,0.0
2023-08-25 15:00:00,319.18,321.39,318.79,319.56,7274.0,8,0.0
2023-08-25 16:00:00,319.54,321.16,319.35,320.95,5318.0,8,0.0
2023-08-25 17:00:00,320.93,321.54,320.06,321.06,4393.0,8,0.0
2023-08-25 18:00:00,321.05,323.59,320.95,323.28,6004.0,8,0.0
2023-08-25 19:00:00,323.3,324.16,322.77,323.32,3677.0,8,0.0
2023-08-28 10:00:00,323.21,323.46,323.02,323.39,193.0,20,0.0
2023-08-28 11:00:00,323.39,323.81,323.28,323.81,146.0,20,0.0
2023-08-28 12:00:00,323.79,325.24,323.79,325.1,295.0,20,0.0
2023-08-28 13:00:00,325.08,326.04,322.33,323.3,4264.0,8,0.0
2023-08-28 14:00:00,323.31,324.6,322.14,322.97,6017.0,8,0.0
2023-08-28 15:00:00,323.0,323.45,322.05,322.8,4043.0,8,0.0
2023-08-28 16:00:00,322.8,324.08,322.34,324.02,2715.0,8,0.0
2023-08-28 17:00:00,324.01,324.94,321.88,322.16,3124.0,8,0.0
2023-08-28 18:00:00,322.14,322.76,321.69,322.54,3030.0,8,0.0
2023-08-28 19:00:00,322.55,323.46,322.22,323.1,2618.0,8,0.0
2023-08-29 10:00:00,324.24,324.28,323.74,323.74,290.0,20,0.0
2023-08-29 11:00:00,323.69,323.98,322.53,322.76,405.0,20,0.0
2023-08-29 12:00:00,322.75,323.1,321.96,322.47,421.0,20,0.0
2023-08-29 13:00:00,322.46,323.64,321.45,322.97,4971.0,8,0.0
2023-08-29 14:00:00,323.0,327.95,323.0,327.2,7163.0,8,0.0
2023-08-29 15:00:00,327.2,328.94,327.14,327.97,3471.0,8,0.0
2023-08-29 16:00:00,327.99,328.32,327.23,327.81,2944.0,8,0.0
2023-08-29 17:00:00,327.82,328.31,326.95,327.34,2579.0,8,0.0
2023-08-29 18:00:00,327.34,327.79,327.03,327.25,2643.0,8,0.0
2023-08-29 19:00:00,327.23,328.08,326.88,328.01,1999.0,8,0.0
2023-08-30 10:00:00,327.27,328.01,327.15,327.96,225.0,20,0.0
2023-08-30 11:00:00,327.94,328.06,327.39,327.68,309.0,20,0.0
2023-08-30 12:00:00,327.61,329.34,327.25,328.7,885.0,20,0.0
2023-08-30 13:00:00,328.66,329.75,327.14,329.39,3598.0,8,0.0
2023-08-30 14:00:00,329.42,329.71,326.41,328.51,5161.0,8,0.0
2023-08-30 15:00:00,328.54,328.67,327.53,328.31,3346.0,8,0.0
2023-08-30 16:00:00,328.29,329.01,328.02,328.81,2357.0,8,0.0
2023-08-30 17:00:00,328.81,328.84,328.01,328.46,2195.0,8,0.0
2023-08-30 18:00:00,328.46,328.95,327.35,328.75,2838.0,8,0.0
2023-08-30 19:00:00,328.77,329.07,328.55,328.63,1798.0,8,0.0
2023-08-31 10:00:00,328.49,329.03,328.48,328.56,327.0,20,0.0
2023-08-31 11:00:00,328.56,329.13,328.28,329.1,255.0,20,0.0
2023-08-31 12:00:00,329.1,329.42,328.2,328.57,478.0,20,0.0
2023-08-31 13:00:00,328.62,330.83,327.84,329.01,4420.0,8,0.0
2023-08-31 14:00:00,329.01,330.04,327.54,328.25,4165.0,8,0.0
2023-08-31 15:00:00,328.25,328.34,327.05,327.89,3537.0,8,0.0
2023-08-31 16:00:00,327.9,328.05,326.75,327.41,3230.0,8,0.0
2023-08-31 17:00:00,327.4,328.52,327.25,328.34,2301.0,8,0.0
2023-08-31 18:00:00,328.33,328.97,327.56,327.71,2246.0,8,0.0
2023-08-31 19:00:00,327.71,328.79,327.55,328.62,2010.0,8,0.0
2023-09-01 10:00:00,328.54,328.84,328.25,328.72,263.0,8,0.0
2023-09-01 11:00:00,328.78,328.82,328.4,328.71,134.0,20,0.0
2023-09-01 12:00:00,328.75,331.58,328.49,330.81,857.0,20,0.0
2023-09-01 13:00:00,330.74,331.8,327.41,328.97,5903.0,8,0.0
2023-09-01 14:00:00,328.88,330.05,327.76,328.01,8085.0,8,0.0
2023-09-01 15:00:00,328.02,328.95,327.57,327.58,5302.0,8,0.0
2023-09-01 16:00:00,327.57,328.28,327.45,328.04,3332.0,8,0.0
2023-09-01 17:00:00,328.02,328.26,326.74,327.54,2727.0,8,0.0
2023-09-01 18:00:00,327.55,327.86,326.88,327.79,2376.0,8,0.0
2023-09-01 19:00:00,327.78,328.4,327.54,328.05,1795.0,8,0.0
2023-09-05 10:00:00,326.93,327.36,326.93,327.27,93.0,20,0.0
2023-09-05 11:00:00,327.3,327.35,326.8,327.2,205.0,20,0.0
2023-09-05 12:00:00,327.24,328.58,327.23,328.26,418.0,20,0.0
2023-09-05 13:00:00,328.26,330.81,327.18,329.03,4258.0,8,0.0
2023-09-05 14:00:00,329.07,331.99,328.63,331.83,5477.0,8,0.0
2023-09-05 15:00:00,331.87,334.8,331.87,332.82,3934.0,8,0.0
2023-09-05 16:00:00,332.81,334.07,332.77,333.36,2132.0,8,0.0
2023-09-05 17:00:00,333.37,334.02,332.73,333.64,2000.0,8,0.0
2023-09-05 18:00:00,333.65,334.17,333.23,334.16,1798.0,8,0.0
2023-09-05 19:00:00,334.15,334.26,333.24,334.16,1714.0,8,0.0
2023-09-06 10:00:00,332.29,332.72,332.19,332.21,152.0,40,0.0
2023-09-06 11:00:00,332.24,332.41,331.64,332.07,389.0,20,0.0
2023-09-06 12:00:00,332.07,332.69,331.84,332.23,287.0,20,0.0
2023-09-06 13:00:00,332.23,334.42,331.89,333.67,3940.0,8,0.0
2023-09-06 14:00:00,333.58,333.58,331.22,331.3,6242.0,8,0.0
2023-09-06 15:00:00,331.32,332.34,330.98,331.78,3414.0,8,0.0
2023-09-06 16:00:00,331.8,332.11,330.14,330.71,2938.0,8,0.0
2023-09-06 17:00:00,330.71,331.52,330.25,331.17,2652.0,8,0.0
2023-09-06 18:00:00,331.16,332.22,331.1,331.88,2524.0,8,0.0
2023-09-06 19:00:00,331.89,332.49,331.23,331.96,2404.0,8,0.0
2023-09-07 10:00:00,332.31,332.55,331.7,331.86,254.0,20,0.0
2023-09-07 11:00:00,331.83,332.67,331.57,331.63,443.0,20,0.0
2023-09-07 12:00:00,331.61,331.98,329.04,329.63,693.0,20,0.0
2023-09-07 13:00:00,329.62,331.92,329.41,331.07,5482.0,8,0.0
2023-09-07 14:00:00,331.07,333.03,330.39,331.64,5875.0,8,0.0
2023-09-07 15:00:00,331.66,332.36,330.42,330.46,4341.0,8,0.0
2023-09-07 16:00:00,330.47,332.07,330.36,330.44,3233.0,8,0.0
2023-09-07 17:00:00,330.43,331.09,330.07,330.26,2799.0,8,0.0
2023-09-07 18:00:00,330.26,330.61,328.99,330.21,2776.0,8,0.0
2023-09-07 19:00:00,330.23,330.61,329.5,330.3,1943.0,8,0.0
2023-09-08 10:00:00,329.48,330.27,329.19,329.72,384.0,20,0.0
2023-09-08 11:00:00,329.77,330.13,329.08,329.38,379.0,20,0.0
2023-09-08 12:00:00,329.28,330.35,329.27,329.59,332.0,20,0.0
2023-09-08 13:00:00,329.57,334.49,329.32,333.48,4177.0,8,0.0
2023-09-08 14:00:00,333.49,335.9,333.22,333.98,6008.0,8,0.0
2023-09-08 15:00:00,333.93,336.1,333.66,335.24,4063.0,8,0.0
2023-09-08 16:00:00,335.23,335.47,333.89,334.74,2909.0,8,0.0
2023-09-08 17:00:00,334.75,335.37,334.27,335.22,2537.0,8,0.0
2023-09-08 18:00:00,335.22,336.01,333.67,333.7,3229.0,8,0.0
2023-09-08 19:00:00,333.69,334.13,333.12,333.6,2205.0,8,0.0
2023-09-11 10:00:00,334.87,337.27,334.24,337.1,338.0,40,0.0
2023-09-11 11:00:00,337.1,337.21,336.5,336.66,319.0,20,0.0
2023-09-11 12:00:00,336.68,337.21,336.52,336.82,353.0,20,0.0
2023-09-11 13:00:00,336.8,337.95,335.81,336.54,3609.0,8,0.0
2023-09-11 14:00:00,336.56,337.18,335.39,336.1,5348.0,8,0.0
2023-09-11 15:00:00,336.1,337.45,335.86,336.45,3053.0,8,0.0
2023-09-11 16:00:00,336.43,337.08,335.88,336.42,2510.0,8,0.0
2023-09-11 17:00:00,336.42,337.86,336.26,337.83,2405.0,8,0.0
2023-09-11 18:00:00,337.84,338.37,337.42,337.73,2255.0,8,0.0
2023-09-11 19:00:00,337.74,338.1,337.09,338.03,1694.0,8,0.0
2023-09-12 10:00:00,335.72,336.14,335.72,336.08,151.0,40,0.0
2023-09-12 11:00:00,336.08,336.52,335.58,335.59,325.0,20,0.0
2023-09-12 12:00:00,335.6,336.05,335.14,335.23,372.0,20,0.0
2023-09-12 13:00:00,335.23,336.69,334.8,335.82,3401.0,8,0.0
2023-09-12 14:00:00,335.8,335.84,333.24,333.4,4818.0,8,0.0
2023-09-12 15:00:00,333.4,333.92,332.19,333.08,3161.0,8,0.0
2023-09-12 16:00:00,333.08,334.02,332.95,333.23,2322.0,8,0.0
2023-09-12 17:00:00,333.23,334.16,332.26,332.3,2951.0,8,0.0
2023-09-12 18:00:00,332.29,332.73,331.8,332.08,3057.0,8,0.0
2023-09-12 19:00:00,332.08,332.42,331.44,332.4,2066.0,8,0.0
2023-09-13 10:00:00,331.76,331.76,330.96,331.53,267.0,20,0.0
2023-09-13 11:00:00,331.53,332.48,331.5,332.28,307.0,20,0.0
2023-09-13 12:00:00,332.28,332.5,329.63,331.57,1037.0,20,0.0
2023-09-13 13:00:00,331.66,335.14,330.84,334.64,4165.0,8,0.0
2023-09-13 14:00:00,334.66,334.93,331.88,334.47,5560.0,8,0.0
2023-09-13 15:00:00,334.51,335.55,333.91,334.77,3516.0,8,0.0
2023-09-13 16:00:00,334.77,336.11,334.43,335.62,3040.0,8,0.0
2023-09-13 17:00:00,335.62,336.79,335.53,336.58,2814.0,8,0.0
2023-09-13 18:00:00,336.58,336.79,334.86,335.8,2847.0,8,0.0
2023-09-13 19:00:00,335.81,335.92,334.41,335.3,2556.0,8,0.0
2023-09-14 10:00:00,336.3,337.69,336.21,337.48,185.0,40,0.0
2023-09-14 11:00:00,337.4,338.51,337.24,337.95,267.0,20,0.0
2023-09-14 12:00:00,337.89,338.51,336.36,337.7,558.0,20,0.0
2023-09-14 13:00:00,337.7,340.34,336.49,337.69,4267.0,8,0.0
2023-09-14 14:00:00,337.72,339.98,336.59,339.8,5644.0,8,0.0
2023-09-14 15:00:00,339.81,340.81,338.35,340.13,3596.0,8,0.0
2023-09-14 16:00:00,340.15,340.64,339.38,340.11,2809.0,8,0.0
2023-09-14 17:00:00,340.13,340.13,339.15,339.15,2204.0,8,0.0
2023-09-14 18:00:00,339.15,339.15,338.34,338.79,2434.0,8,0.0
2023-09-14 19:00:00,338.81,339.74,338.14,338.71,1965.0,8,0.0
2023-09-15 10:00:00,338.7,338.85,338.51,338.81,55.0,20,0.0
2023-09-15 11:00:00,338.86,338.99,338.62,338.71,103.0,20,0.0
2023-09-15 12:00:00,338.69,339.24,337.64,337.67,333.0,20,0.0
2023-09-15 13:00:00,337.65,338.39,332.3,333.15,4955.0,8,0.0
2023-09-15 14:00:00,333.16,333.78,332.01,332.59,6761.0,8,0.0
2023-09-15 15:00:00,332.57,332.86,331.55,332.2,4032.0,8,0.0
2023-09-15 16:00:00,332.2,333.39,332.07,333.12,3206.0,8,0.0
2023-09-15 17:00:00,333.14,333.15,330.75,331.09,3194.0,8,0.0
2023-09-15 18:00:00,331.11,331.27,329.62,330.29,2965.0,8,0.0
2023-09-15 19:00:00,330.3,331.39,330.11,330.64,2655.0,8,0.0
2023-09-18 10:00:00,330.46,330.59,330.09,330.51,210.0,9,0.0
2023-09-18 11:00:00,330.52,330.7,328.52,328.61,446.0,20,0.0
2023-09-18 12:00:00,328.61,329.61,328.61,328.89,416.0,20,0.0
2023-09-18 13:00:00,328.85,330.27,326.79,329.1,4407.0,8,0.0
2023-09-18 14:00:00,329.08,329.77,328.02,328.74,6908.0,8,0.0
2023-09-18 15:00:00,328.72,330.36,328.31,329.89,3799.0,8,0.0
2023-09-18 16:00:00,329.89,330.05,328.6,328.63,2296.0,8,0.0
2023-09-18 17:00:00,328.63,329.01,327.3,328.07,2442.0,8,0.0
2023-09-18 18:00:00,328.07,328.59,326.32,326.78,2260.0,8,0.0
2023-09-18 19:00:00,326.78,327.76,326.51,327.54,2092.0,8,0.0
2023-09-19 10:00:00,329.28,329.31,328.95,329.1,103.0,40,0.0
2023-09-19 11:00:00,329.1,329.25,328.36,328.58,173.0,40,0.0
2023-09-19 12:00:00,328.59,328.69,327.55,327.58,288.0,20,0.0
2023-09-19 13:00:00,327.57,328.67,324.85,326.62,5129.0,8,0.0
2023-09-19 14:00:00,326.61,326.73,324.48,325.11,5348.0,8,0.0
2023-09-19 15:00:00,325.11,326.51,324.98,326.4,3531.0,8,0.0
2023-09-19 16:00:00,326.4,326.63,325.53,326.29,2971.0,8,0.0
2023-09-19 17:00:00,326.29,328.3,326.22,328.2,2933.0,8,0.0
2023-09-19 18:00:00,328.19,329.13,327.65,327.66,3018.0,8,0.0
2023-09-19 19:00:00,327.64,328.81,327.52,328.76,2285.0,8,0.0
2023-09-20 10:00:00,329.15,329.18,328.94,328.96,62.0,20,0.0
2023-09-20 11:00:00,329.18,329.53,328.82,328.92,214.0,20,0.0
2023-09-20 12:00:00,328.92,329.87,328.91,329.79,327.0,20,0.0
2023-09-20 13:00:00,329.75,330.24,327.85,328.83,4053.0,8,0.0
2023-09-20 14:00:00,328.83,329.06,327.13,327.2,4508.0,8,0.0
2023-09-20 15:00:00,327.2,327.29,325.76,327.11,3404.0,8,0.0
2023-09-20 16:00:00,327.11,327.14,326.13,326.56,2491.0,8,0.0
2023-09-20 17:00:00,326.55,326.55,325.47,325.69,2300.0,8,0.0
2023-09-20 18:00:00,325.68,326.52,323.7,324.05,11055.0,8,0.0
2023-09-20 19:00:00,324.04,324.6,321.81,322.06,5325.0,8,0.0
2023-09-21 10:00:00,318.98,319.36,318.81,319.31,189.0,40,0.0
2023-09-21 11:00:00,319.29,319.48,317.64,318.77,618.0,40,0.0
2023-09-21 12:00:00,318.88,319.27,317.98,318.31,750.0,20,0.0
2023-09-21 13:00:00,318.32,320.2,317.19,317.37,6532.0,8,0.0
2023-09-21 14:00:00,317.38,325.23,316.94,323.17,12952.0,8,0.0
2023-09-21 15:00:00,323.19,324.08,321.44,321.6,7333.0,8,0.0
2023-09-21 16:00:00,321.59,321.72,320.15,321.18,5581.0,8,0.0
2023-09-21 17:00:00,321.19,323.29,321.11,321.79,5781.0,8,0.0
2023-09-21 18:00:00,321.78,322.47,320.26,320.47,4842.0,8,0.0
2023-09-21 19:00:00,320.46,321.28,319.48,321.19,4114.0,8,0.0
2023-09-22 10:00:00,320.98,321.05,320.03,320.6,408.0,8,0.0
2023-09-22 11:00:00,320.6,320.78,319.92,320.31,237.0,20,0.0
2023-09-22 12:00:00,320.35,321.64,320.31,321.09,472.0,20,0.0
2023-09-22 13:00:00,321.1,321.44,317.74,320.08,5500.0,8,0.0
2023-09-22 14:00:00,320.09,320.92,318.48,320.69,4800.0,8,0.0
2023-09-22 15:00:00,320.71,320.82,318.92,318.97,3343.0,8,0.0
2023-09-22 16:00:00,318.97,320.04,318.84,319.62,2337.0,8,0.0
2023-09-22 17:00:00,319.62,319.65,317.34,317.66,2608.0,8,0.0
2023-09-22 18:00:00,317.64,317.94,316.5,317.4,3131.0,8,0.0
2023-09-22 19:00:00,317.37,319.2,317.26,317.63,2975.0,8,0.0
2023-09-25 10:00:00,315.78,317.96,315.78,317.11,408.0,40,0.0
2023-09-25 11:00:00,317.09,317.39,315.84,316.05,254.0,40,0.0
2023-09-25 12:00:00,316.07,316.95,315.55,316.35,530.0,20,0.0
2023-09-25 13:00:00,316.33,317.52,315.52,316.3,5496.0,8,0.0
2023-09-25 14:00:00,316.29,317.5,314.95,314.97,5727.0,8,0.0
2023-09-25 15:00:00,314.96,317.09,314.96,316.35,3536.0,8,0.0
2023-09-25 16:00:00,316.36,316.72,315.23,315.56,2670.0,8,0.0
2023-09-25 17:00:00,315.54,316.33,315.15,316.16,2739.0,8,0.0
2023-09-25 18:00:00,316.18,316.33,315.38,315.47,2982.0,8,0.0
2023-09-25 19:00:00,315.48,316.85,314.89,316.54,2751.0,8,0.0
2023-09-26 10:00:00,315.33,316.05,315.31,316.05,251.0,20,0.0
2023-09-26 11:00:00,316.08,316.2,315.59,316.1,262.0,20,0.0
2023-09-26 12:00:00,316.1,316.62,315.55,315.61,399.0,20,0.0
2023-09-26 13:00:00,315.62,315.74,313.06,313.11,5178.0,8,0.0
2023-09-26 14:00:00,313.11,313.58,311.44,312.75,5531.0,8,0.0
2023-09-26 15:00:00,312.74,312.99,310.7,311.32,3346.0,8,0.0
2023-09-26 16:00:00,311.33,312.67,311.11,312.2,2622.0,8,0.0
2023-09-26 17:00:00,312.19,312.77,310.52,311.48,3335.0,8,0.0
2023-09-26 18:00:00,311.48,311.64,310.23,310.79,3051.0,8,0.0
2023-09-26 19:00:00,310.77,311.0,309.94,310.61,3167.0,8,0.0
2023-09-27 10:00:00,313.5,313.75,313.34,313.68,149.0,40,0.0
2023-09-27 11:00:00,313.63,313.83,313.09,313.26,190.0,40,0.0
2023-09-27 12:00:00,313.26,313.64,312.2,313.36,373.0,40,0.0
2023-09-27 13:00:00,313.36,313.92,311.69,312.08,4896.0,8,0.0
2023-09-27 14:00:00,312.08,312.4,310.06,310.22,5337.0,8,0.0
2023-09-27 15:00:00,310.21,311.73,310.15,310.68,3600.0,8,0.0
2023-09-27 16:00:00,310.67,311.15,310.15,310.91,2821.0,8,0.0
2023-09-27 17:00:00,310.91,311.76,309.64,309.99,3303.0,8,0.0
2023-09-27 18:00:00,309.99,313.04,309.58,312.56,4402.0,8,0.0
2023-09-27 19:00:00,312.55,314.16,311.82,312.07,3897.0,8,0.0
2023-09-28 10:00:00,312.81,312.9,311.82,312.34,407.0,20,0.0
2023-09-28 11:00:00,312.29,312.37,309.99,310.1,287.0,20,0.0
2023-09-28 12:00:00,310.09,312.85,310.09,310.91,894.0,20,0.0
2023-09-28 13:00:00,311.0,311.58,309.35,311.43,5805.0,8,0.0
2023-09-28 14:00:00,311.44,311.96,309.73,311.32,8124.0,8,0.0
2023-09-28 15:00:00,311.31,313.99,310.67,313.72,7130.0,8,0.0
2023-09-28 16:00:00,313.73,315.34,313.61,314.1,4722.0,8,0.0
2023-09-28 17:00:00,314.1,314.53,312.96,313.24,4691.0,8,0.0
2023-09-28 18:00:00,313.23,314.36,312.58,313.35,5356.0,8,0.0
2023-09-28 19:00:00,313.32,314.52,312.98,313.33,3433.0,8,0.0
2023-09-29 10:00:00,315.8,316.33,315.71,315.88,220.0,40,0.0
2023-09-29 11:00:00,315.84,316.0,315.12,315.41,174.0,40,0.0
2023-09-29 12:00:00,315.41,316.62,315.26,316.46,312.0,40,0.0
2023-09-29 13:00:00,316.43,319.3,316.05,318.42,6141.0,8,0.0
2023-09-29 14:00:00,318.45,319.32,317.2,317.36,7702.0,8,0.0
2023-09-29 15:00:00,317.35,318.73,316.95,317.43,6716.0,8,0.0
2023-09-29 16:00:00,317.41,318.17,316.62,316.82,5694.0,8,0.0
2023-09-29 17:00:00,316.8,316.82,315.09,315.28,5580.0,8,0.0
2023-09-29 18:00:00,315.28,316.39,314.84,316.37,5685.0,8,0.0
2023-09-29 19:00:00,316.39,316.61,315.48,315.95,5263.0,8,0.0
2023-10-02 10:00:00,316.15,317.33,315.79,316.99,609.0,20,0.0
2023-10-02 11:00:00,317.0,317.14,315.94,316.02,472.0,20,0.0
2023-10-02 12:00:00,316.02,316.69,315.13,315.46,543.0,20,0.0
2023-10-02 13:00:00,315.46,318.51,314.97,316.86,5035.0,8,0.0
2023-10-02 14:00:00,316.79,318.83,316.63,317.5,8377.0,8,0.0
2023-10-02 15:00:00,317.52,321.19,317.46,318.41,8237.0,8,0.0
2023-10-02 16:00:00,318.39,318.92,317.65,318.0,6564.0,8,0.0
2023-10-02 17:00:00,318.0,319.07,317.41,318.37,4896.0,8,0.0
2023-10-02 18:00:00,318.39,319.99,318.12,318.77,5577.0,8,0.0
2023-10-02 19:00:00,318.75,320.13,318.33,319.91,4570.0,8,0.0
2023-10-03 10:00:00,321.1,321.74,320.91,320.93,389.0,20,0.0
2023-10-03 11:00:00,320.96,321.34,318.93,319.29,594.0,20,0.0
2023-10-03 12:00:00,319.28,319.53,318.21,318.55,651.0,20,0.0
2023-10-03 13:00:00,318.65,320.98,318.53,320.44,4770.0,8,0.0
2023-10-03 14:00:00,320.44,320.52,314.01,314.16,8737.0,8,0.0
2023-10-03 15:00:00,314.15,314.52,312.88,314.1,4956.0,8,0.0
2023-10-03 16:00:00,314.11,314.34,312.98,313.49,4525.0,8,0.0
2023-10-03 17:00:00,313.5,314.0,312.19,312.28,4114.0,8,0.0
2023-10-03 18:00:00,312.26,312.91,311.77,312.5,3764.0,8,0.0
2023-10-03 19:00:00,312.5,312.93,311.01,311.83,3302.0,8,0.0
2023-10-04 10:00:00,312.49,312.82,311.7,312.14,309.0,20,0.0
2023-10-04 11:00:00,312.16,314.51,312.16,314.09,471.0,20,0.0
2023-10-04 12:00:00,314.01,315.4,313.56,314.55,937.0,20,0.0
2023-10-04 13:00:00,314.63,317.68,313.58,316.57,5288.0,8,0.0
2023-10-04 14:00:00,316.56,318.16,314.96,316.7,8746.0,8,0.0
2023-10-04 15:00:00,316.68,319.04,316.46,318.89,7274.0,8,0.0
2023-10-04 16:00:00,318.87,318.97,317.59,317.97,5360.0,8,0.0
2023-10-04 17:00:00,317.98,318.03,316.12,316.26,4764.0,8,0.0
2023-10-04 18:00:00,316.24,317.81,315.97,317.66,4837.0,8,0.0
2023-10-04 19:00:00,317.68,319.76,317.55,319.51,3609.0,8,0.0
2023-10-05 10:00:00,318.23,318.93,318.03,318.81,449.0,20,0.0
2023-10-05 11:00:00,318.81,319.97,318.75,319.9,638.0,20,0.0
2023-10-05 12:00:00,319.9,320.11,317.45,317.91,675.0,20,0.0
2023-10-05 13:00:00,317.91,319.68,316.42,317.24,4817.0,8,0.0
2023-10-05 14:00:00,317.25,317.36,314.69,315.15,7318.0,8,0.0
2023-10-05 15:00:00,315.16,317.14,314.81,316.37,6429.0,8,0.0
2023-10-05 16:00:00,316.39,317.24,316.23,316.54,4411.0,8,0.0
2023-10-05 17:00:00,316.54,317.61,315.86,317.43,4114.0,8,0.0
2023-10-05 18:00:00,317.43,318.84,317.28,318.79,4045.0,8,0.0
2023-10-05 19:00:00,318.8,318.91,318.1,318.85,2941.0,8,0.0
2023-10-06 10:00:00,319.58,321.48,319.53,321.18,299.0,20,0.0
2023-10-06 11:00:00,321.17,321.17,319.68,319.95,499.0,20,0.0
2023-10-06 12:00:00,319.95,320.76,313.8,314.99,1426.0,20,0.0
2023-10-06 13:00:00,314.98,319.84,314.7,318.93,5999.0,8,0.0
2023-10-06 14:00:00,318.94,322.26,317.56,321.82,8833.0,8,0.0
2023-10-06 15:00:00,321.83,325.26,321.75,325.08,6505.0,8,0.0
2023-10-06 16:00:00,325.06,325.46,323.96,325.13,3937.0,8,0.0
2023-10-06 17:00:00,325.14,326.85,324.99,326.72,3363.0,8,0.0
2023-10-06 18:00:00,326.72,327.88,326.29,327.74,3087.0,8,0.0
2023-10-06 19:00:00,327.76,328.95,327.59,328.27,2613.0,8,0.0
2023-10-09 10:00:00,325.26,325.91,325.13,325.86,157.0,40,0.0
2023-10-09 11:00:00,325.86,325.94,324.39,324.67,399.0,40,0.0
2023-10-09 12:00:00,324.67,325.69,324.29,324.78,530.0,20,0.0
2023-10-09 13:00:00,324.75,327.06,322.94,326.72,6137.0,8,0.0
2023-10-09 14:00:00,326.74,327.66,325.43,325.85,5934.0,8,0.0
2023-10-09 15:00:00,325.84,327.31,325.12,327.19,3671.0,8,0.0
2023-10-09 16:00:00,327.18,328.17,326.92,327.58,2610.0,8,0.0
2023-10-09 17:00:00,327.6,329.92,327.56,329.91,3152.0,8,0.0
2023-10-09 18:00:00,329.92,330.0,328.76,329.52,3461.0,8,0.0
2023-10-09 19:00:00,329.5,329.77,329.02,329.29,2569.0,8,0.0
2023-10-10 10:00:00,330.67,330.83,330.64,330.65,83.0,40,0.0
2023-10-10 11:00:00,330.65,331.15,329.99,330.09,237.0,40,0.0
2023-10-10 12:00:00,330.11,331.09,330.04,330.75,334.0,20,0.0
2023-10-10 13:00:00,330.75,330.81,327.69,328.84,4308.0,8,0.0
2023-10-10 14:00:00,328.85,330.0,328.26,329.32,4937.0,8,0.0
2023-10-10 15:00:00,329.34,330.67,328.96,330.26,3483.0,8,0.0
2023-10-10 16:00:00,330.26,330.38,329.54,329.78,2654.0,8,0.0
2023-10-10 17:00:00,329.77,329.77,327.4,328.21,4668.0,8,0.0
2023-10-10 18:00:00,328.2,328.71,327.73,328.42,3933.0,8,0.0
2023-10-10 19:00:00,328.4,329.26,328.31,328.92,2573.0,8,0.0
2023-10-11 10:00:00,329.02,329.5,328.93,329.48,238.0,20,0.0
2023-10-11 11:00:00,329.49,329.95,329.4,329.57,252.0,20,0.0
2023-10-11 12:00:00,329.6,330.17,329.08,330.05,365.0,20,0.0
2023-10-11 13:00:00,329.94,332.25,329.54,331.2,4587.0,8,0.0
2023-10-11 14:00:00,331.17,331.4,329.52,331.18,5231.0,8,0.0
2023-10-11 15:00:00,331.2,331.84,330.14,330.45,3490.0,8,0.0
2023-10-11 16:00:00,330.46,330.52,329.38,330.16,2968.0,8,0.0
2023-10-11 17:00:00,330.15,330.28,328.87,329.81,2524.0,8,0.0
2023-10-11 18:00:00,329.79,331.71,329.79,331.11,3894.0,8,0.0
2023-10-11 19:00:00,331.13,331.78,330.7,331.68,2351.0,8,0.0
2023-10-12 10:00:00,331.22,331.36,330.74,330.76,144.0,20,0.0
2023-10-12 11:00:00,330.74,330.9,329.99,330.2,279.0,20,0.0
2023-10-12 12:00:00,330.26,330.49,328.73,329.36,710.0,20,0.0
2023-10-12 13:00:00,329.36,331.82,329.13,331.57,4753.0,8,0.0
2023-10-12 14:00:00,331.56,333.18,330.9,332.42,7187.0,8,0.0
2023-10-12 15:00:00,332.43,333.32,331.42,331.93,5286.0,8,0.0
2023-10-12 16:00:00,331.94,332.65,331.57,332.15,3956.0,8,0.0
2023-10-12 17:00:00,332.14,332.26,329.45,329.48,6842.0,8,0.0
2023-10-12 18:00:00,329.5,329.88,328.42,329.61,5134.0,8,0.0
2023-10-12 19:00:00,329.62,331.11,329.56,330.93,3482.0,8,0.0
2023-10-13 10:00:00,328.64,329.46,328.26,329.22,714.0,20,0.0
2023-10-13 11:00:00,329.21,329.87,329.17,329.48,629.0,20,0.0
2023-10-13 12:00:00,329.47,331.06,329.27,330.87,494.0,20,0.0
2023-10-13 13:00:00,330.87,333.46,330.73,333.17,4436.0,8,0.0
2023-10-13 14:00:00,333.1,333.42,329.82,329.84,8298.0,8,0.0
2023-10-13 15:00:00,329.84,330.06,327.27,327.54,6052.0,8,0.0
2023-10-13 16:00:00,327.53,328.46,326.78,327.92,4537.0,8,0.0
2023-10-13 17:00:00,327.91,328.06,326.03,327.89,5628.0,8,0.0
2023-10-13 18:00:00,327.87,328.8,327.46,328.62,6003.0,8,0.0
2023-10-13 19:00:00,328.63,329.31,326.65,326.85,4815.0,8,0.0
2023-10-16 10:00:00,327.55,329.42,327.03,329.3,298.0,40,0.0
2023-10-16 11:00:00,329.33,329.82,328.73,329.68,360.0,20,0.0
2023-10-16 12:00:00,329.69,330.04,329.17,329.91,327.0,20,0.0
2023-10-16 13:00:00,329.89,332.92,329.7,332.07,4070.0,8,0.0
2023-10-16 14:00:00,332.08,335.6,331.57,334.44,7607.0,8,0.0
2023-10-16 15:00:00,334.46,334.95,333.22,333.27,4166.0,8,0.0
2023-10-16 16:00:00,333.28,333.71,332.78,333.37,2824.0,8,0.0
2023-10-16 17:00:00,333.37,334.33,331.89,333.54,3774.0,8,0.0
2023-10-16 18:00:00,333.53,333.83,332.96,333.68,3018.0,8,0.0
2023-10-16 19:00:00,333.7,334.1,332.64,332.79,2222.0,8,0.0
2023-10-17 10:00:00,331.87,332.12,331.64,331.74,160.0,20,0.0
2023-10-17 11:00:00,331.74,331.74,330.73,331.56,427.0,20,0.0
2023-10-17 12:00:00,331.57,331.84,329.2,329.81,770.0,20,0.0
2023-10-17 13:00:00,329.85,330.22,327.02,328.2,6096.0,8,0.0
2023-10-17 14:00:00,328.22,332.01,328.19,330.87,6503.0,8,0.0
2023-10-17 15:00:00,330.84,332.02,330.41,331.49,4698.0,8,0.0
2023-10-17 16:00:00,331.51,333.04,331.43,332.39,3334.0,8,0.0
2023-10-17 17:00:00,332.4,332.68,330.18,330.47,3246.0,8,0.0
2023-10-17 18:00:00,330.47,331.06,329.52,329.9,4134.0,8,0.0
2023-10-17 19:00:00,329.88,330.74,329.5,330.42,3172.0,8,0.0
2023-10-18 10:00:00,332.52,332.53,331.29,331.79,217.0,40,0.0
2023-10-18 11:00:00,331.77,333.37,331.77,332.77,342.0,20,0.0
2023-10-18 12:00:00,332.77,333.2,331.64,331.69,369.0,20,0.0
2023-10-18 13:00:00,331.68,335.17,331.57,334.53,5052.0,8,0.0
2023-10-18 14:00:00,334.52,334.88,331.06,331.72,7806.0,8,0.0
2023-10-18 15:00:00,331.74,333.23,331.57,332.57,4588.0,8,0.0
2023-10-18 16:00:00,332.58,333.58,331.16,331.3,4435.0,8,0.0
2023-10-18 17:00:00,331.29,332.91,330.36,331.62,5964.0,8,0.0
2023-10-18 18:00:00,331.61,332.22,329.86,330.41,5010.0,8,0.0
2023-10-18 19:00:00,330.42,330.44,329.18,329.37,3189.0,8,0.0
2023-10-19 10:00:00,331.56,332.56,331.56,332.13,233.0,40,0.0
2023-10-19 11:00:00,332.13,332.29,331.12,331.54,355.0,40,0.0
2023-10-19 12:00:00,331.53,333.27,331.22,332.87,454.0,40,0.0
2023-10-19 13:00:00,332.89,334.34,331.5,333.59,6288.0,8,0.0
2023-10-19 14:00:00,333.61,334.35,331.86,332.96,6941.0,8,0.0
2023-10-19 15:00:00,332.98,334.32,331.69,333.92,5425.0,8,0.0
2023-10-19 16:00:00,333.94,336.46,331.84,334.5,12239.0,8,0.0
2023-10-19 17:00:00,334.52,336.21,332.6,333.53,8592.0,8,0.0
2023-10-19 18:00:00,333.52,334.21,331.42,331.62,7320.0,8,0.0
2023-10-19 19:00:00,331.63,332.34,330.8,330.8,4980.0,8,0.0
2023-10-20 10:00:00,330.7,330.99,329.74,329.99,450.0,8,0.0
2023-10-20 11:00:00,330.01,330.9,330.01,330.77,265.0,20,0.0
2023-10-20 12:00:00,330.71,330.9,329.61,330.3,375.0,20,0.0
2023-10-20 13:00:00,330.3,332.33,328.88,329.31,6061.0,8,0.0
2023-10-20 14:00:00,329.28,329.97,325.1,325.14,7644.0,8,0.0
2023-10-20 15:00:00,325.13,327.15,325.04,326.95,5526.0,8,0.0
2023-10-20 16:00:00,326.95,327.83,325.93,327.82,4304.0,8,0.0
2023-10-20 17:00:00,327.8,328.32,326.81,328.09,4878.0,8,0.0
2023-10-20 18:00:00,328.09,328.26,326.33,326.79,4902.0,8,0.0
2023-10-20 19:00:00,326.8,327.53,326.19,326.32,3838.0,8,0.0
2023-10-23 10:00:00,324.01,324.62,323.92,324.53,294.0,20,0.0
2023-10-23 11:00:00,324.52,326.16,324.5,325.58,530.0,20,0.0
2023-10-23 12:00:00,325.58,326.78,325.33,326.31,610.0,20,0.0
2023-10-23 13:00:00,326.31,328.55,323.9,327.11,7903.0,8,0.0
2023-10-23 14:00:00,327.09,327.8,326.04,327.79,7094.0,8,0.0
2023-10-23 15:00:00,327.8,329.06,327.42,328.91,4697.0,8,0.0
2023-10-23 16:00:00,328.91,332.16,328.61,332.16,3997.0,8,0.0
2023-10-23 17:00:00,332.18,332.21,330.74,331.17,4022.0,8,0.0
2023-10-23 18:00:00,331.15,331.57,330.13,330.57,4097.0,8,0.0
2023-10-23 19:00:00,330.59,331.03,328.87,329.26,4385.0,8,0.0
2023-10-24 10:00:00,331.46,331.6,331.09,331.43,253.0,40,0.0
2023-10-24 11:00:00,331.38,331.82,331.18,331.6,276.0,40,0.0
2023-10-24 12:00:00,331.62,331.64,330.44,330.73,464.0,20,0.0
2023-10-24 13:00:00,330.75,331.01,328.17,330.06,5167.0,8,0.0
2023-10-24 14:00:00,330.04,331.3,329.14,330.24,7160.0,8,0.0
2023-10-24 15:00:00,330.24,330.83,328.73,329.89,5046.0,8,0.0
2023-10-24 16:00:00,329.91,330.1,327.4,327.57,3831.0,8,0.0
2023-10-24 17:00:00,327.55,329.31,327.09,329.11,3605.0,8,0.0
2023-10-24 18:00:00,329.1,330.51,328.77,330.23,3475.0,8,0.0
2023-10-24 19:00:00,330.25,331.12,329.77,331.0,2845.0,8,0.0
2023-10-25 10:00:00,341.76,342.83,340.32,342.67,336.0,60,0.0
2023-10-25 11:00:00,342.53,343.12,341.8,342.78,516.0,40,0.0
2023-10-25 12:00:00,342.78,346.73,342.7,345.65,1899.0,20,0.0
2023-10-25 13:00:00,345.59,346.36,341.07,344.07,8265.0,8,0.0
2023-10-25 14:00:00,343.97,343.97,338.12,339.03,10304.0,8,0.0
2023-10-25 15:00:00,339.03,341.05,337.13,337.61,9555.0,8,0.0
2023-10-25 16:00:00,337.6,339.71,337.54,339.08,6098.0,8,0.0
2023-10-25 17:00:00,339.07,339.14,337.32,338.81,5719.0,8,0.0
2023-10-25 18:00:00,338.83,340.35,338.8,339.44,5165.0,8,0.0
2023-10-25 19:00:00,339.45,340.69,339.11,339.74,3780.0,8,0.0
2023-10-26 10:00:00,336.77,337.78,336.7,337.26,237.0,40,0.0
2023-10-26 11:00:00,337.25,337.38,336.4,337.31,349.0,40,0.0
2023-10-26 12:00:00,337.29,340.07,337.15,339.61,976.0,20,0.0
2023-10-26 13:00:00,339.62,341.37,334.1,334.8,6298.0,8,0.0
2023-10-26 14:00:00,334.78,335.35,331.61,333.56,11833.0,8,0.0
2023-10-26 15:00:00,333.55,333.6,329.11,330.18,8085.0,8,0.0
2023-10-26 16:00:00,330.18,330.26,326.43,327.43,7126.0,8,0.0
2023-10-26 17:00:00,327.46,328.98,326.89,328.36,6122.0,8,0.0
2023-10-26 18:00:00,328.37,330.95,327.84,330.93,5798.0,8,0.0
2023-10-26 19:00:00,330.94,330.95,327.31,327.33,4656.0,8,0.0
2023-10-27 10:00:00,330.87,331.15,330.0,330.0,144.0,60,0.0
2023-10-27 11:00:00,330.0,330.66,329.38,329.89,450.0,40,0.0
2023-10-27 12:00:00,329.88,331.23,329.76,330.91,701.0,40,0.0
2023-10-27 13:00:00,330.91,333.03,328.72,333.03,6763.0,8,0.0
2023-10-27 14:00:00,333.04,334.33,331.95,333.61,10382.0,8,0.0
2023-10-27 15:00:00,333.63,336.16,333.14,333.79,7322.0,8,0.0
2023-10-27 16:00:00,333.78,334.3,331.76,331.89,5632.0,8,0.0
2023-10-27 17:00:00,331.9,332.05,329.53,329.64,7135.0,8,0.0
2023-10-27 18:00:00,329.6,329.83,327.86,328.34,8708.0,8,0.0
2023-10-27 19:00:00,328.36,329.49,327.91,328.22,5904.0,8,0.0
2023-10-30 10:00:00,332.54,332.62,332.23,332.49,101.0,60,0.0
2023-10-30 11:00:00,332.49,332.56,331.78,332.29,175.0,60,0.0
2023-10-30 12:00:00,332.29,332.94,332.21,332.45,266.0,40,0.0
2023-10-30 13:00:00,332.5,338.83,331.21,337.55,6659.0,8,0.0
2023-10-30 14:00:00,337.57,337.82,333.47,334.15,9552.0,8,0.0
2023-10-30 15:00:00,334.16,335.8,333.44,335.44,6648.0,8,0.0
2023-10-30 16:00:00,335.43,335.44,334.02,334.34,5913.0,8,0.0
2023-10-30 17:00:00,334.35,336.8,334.09,336.53,5710.0,8,0.0
2023-10-30 18:00:00,336.51,336.73,335.61,336.46,4549.0,8,0.0
2023-10-30 19:00:00,336.48,337.54,336.19,336.97,4095.0,8,0.0
2023-10-31 10:00:00,337.39,338.2,337.15,337.75,325.0,20,0.0
2023-10-31 11:00:00,337.71,338.62,337.69,338.44,273.0,20,0.0
2023-10-31 12:00:00,338.47,339.04,337.92,338.35,628.0,20,0.0
2023-10-31 13:00:00,338.35,338.78,334.45,335.57,4948.0,8,0.0
2023-10-31 14:00:00,335.52,337.2,334.96,335.98,8966.0,8,0.0
2023-10-31 15:00:00,336.01,336.35,334.07,335.49,6817.0,8,0.0
2023-10-31 16:00:00,335.47,336.24,334.56,336.09,5588.0,8,0.0
2023-10-31 17:00:00,336.12,337.84,336.05,337.47,4824.0,8,0.0
2023-10-31 18:00:00,337.47,337.53,336.49,337.35,4231.0,8,0.0
2023-10-31 19:00:00,337.34,337.75,336.56,337.28,3037.0,8,0.0
2023-11-01 10:00:00,335.66,336.54,335.66,336.39,161.0,40,0.0
2023-11-01 11:00:00,336.46,336.52,335.77,336.0,195.0,20,0.0
2023-11-01 12:00:00,336.03,339.26,335.99,338.69,857.0,20,0.0
2023-11-01 13:00:00,338.69,343.48,337.88,342.76,5781.0,8,0.0
2023-11-01 14:00:00,342.9,345.9,342.01,345.09,7681.0,8,0.0
2023-11-01 15:00:00,345.09,345.6,343.74,344.51,4660.0,8,0.0
2023-11-01 16:00:00,344.51,344.54,342.69,343.11,4031.0,8,0.0
2023-11-01 17:00:00,343.1,343.79,342.85,343.45,3881.0,8,0.0
2023-11-01 18:00:00,343.45,345.22,342.42,344.58,8057.0,8,0.0
2023-11-01 19:00:00,344.59,346.78,344.52,346.19,6592.0,8,0.0
2023-11-02 10:00:00,347.85,348.02,347.28,347.92,244.0,40,0.0
2023-11-02 11:00:00,347.9,348.64,347.67,348.11,343.0,20,0.0
2023-11-02 12:00:00,348.05,348.92,347.77,348.72,921.0,20,0.0
2023-11-02 13:00:00,348.69,348.9,344.12,345.75,5041.0,8,0.0
2023-11-02 14:00:00,345.75,348.14,344.63,347.9,6393.0,8,0.0
2023-11-02 15:00:00,347.91,348.16,346.03,346.7,4707.0,8,0.0
2023-11-02 16:00:00,346.71,347.64,345.86,347.1,3821.0,8,0.0
2023-11-02 17:00:00,347.09,347.58,346.73,347.07,2767.0,8,0.0
2023-11-02 18:00:00,347.07,347.4,346.72,346.85,2716.0,8,0.0
2023-11-02 19:00:00,346.85,347.72,346.29,347.44,1892.0,8,0.0
2023-11-03 10:00:00,348.79,348.89,348.34,348.75,216.0,20,0.0
2023-11-03 11:00:00,348.74,348.9,348.19,348.43,416.0,20,0.0
2023-11-03 12:00:00,348.43,350.92,348.05,349.05,1088.0,20,0.0
2023-11-03 13:00:00,349.06,349.93,346.66,349.44,3695.0,8,0.0
2023-11-03 14:00:00,349.46,351.21,349.0,350.18,7872.0,8,0.0
2023-11-03 15:00:00,350.2,351.08,349.38,350.69,5580.0,8,0.0
2023-11-03 16:00:00,350.72,352.75,350.53,352.64,3471.0,8,0.0
2023-11-03 17:00:00,352.63,353.4,352.45,353.22,3636.0,8,0.0
2023-11-03 18:00:00,353.22,353.73,352.61,353.09,3216.0,8,0.0
2023-11-03 19:00:00,353.08,353.69,352.87,352.88,2413.0,8,0.0
2023-11-06 13:00:00,352.54,353.12,352.4,352.87,249.0,20,0.0
2023-11-06 14:00:00,352.89,356.03,352.47,355.37,3255.0,8,0.0
2023-11-06 15:00:00,355.36,356.71,354.8,356.31,6464.0,8,0.0
2023-11-06 16:00:00,356.32,356.82,355.53,356.14,3733.0,8,0.0
2023-11-06 17:00:00,356.12,356.12,354.6,354.85,3409.0,8,0.0
2023-11-06 18:00:00,354.86,355.2,353.12,355.19,4523.0,8,0.0
2023-11-06 19:00:00,355.19,355.28,354.07,355.05,4330.0,8,0.0
2023-11-06 20:00:00,355.06,355.28,354.32,354.4,2842.0,8,0.0
2023-11-07 11:00:00,356.51,356.51,355.8,356.01,160.0,40,0.0
2023-11-07 12:00:00,356.0,358.03,356.0,357.76,356.0,40,0.0
2023-11-07 13:00:00,357.74,358.26,357.24,358.25,330.0,20,0.0
2023-11-07 14:00:00,358.25,359.21,356.87,358.55,4516.0,8,0.0
2023-11-07 15:00:00,358.55,361.35,358.02,360.72,6324.0,8,0.0
2023-11-07 16:00:00,360.71,361.67,360.22,361.0,4332.0,8,0.0
2023-11-07 17:00:00,361.02,361.25,360.05,360.9,4090.0,8,0.0
2023-11-07 18:00:00,360.92,361.74,360.76,361.54,3166.0,8,0.0
2023-11-07 19:00:00,361.53,361.7,360.65,360.75,3019.0,8,0.0
2023-11-07 20:00:00,360.77,361.11,360.07,361.06,2443.0,8,0.0
2023-11-08 11:00:00,359.7,360.52,359.53,360.03,173.0,40,0.0
2023-11-08 12:00:00,360.17,360.26,359.71,360.11,159.0,20,0.0
2023-11-08 13:00:00,360.12,360.45,359.86,359.99,215.0,20,0.0
2023-11-08 14:00:00,360.0,363.09,359.95,361.81,3658.0,8,0.0
2023-11-08 15:00:00,361.83,361.93,359.85,360.93,6709.0,8,0.0
2023-11-08 16:00:00,360.95,362.24,360.83,361.62,4796.0,8,0.0
2023-11-08 17:00:00,361.64,361.91,360.6,361.56,4108.0,8,0.0
2023-11-08 18:00:00,361.56,362.52,361.39,362.12,3332.0,8,0.0
2023-11-08 19:00:00,362.1,362.6,361.21,361.26,2555.0,8,0.0
2023-11-08 20:00:00,361.28,361.84,360.69,361.73,2274.0,8,0.0
2023-11-09 11:00:00,362.4,362.42,361.78,361.82,140.0,20,0.0
2023-11-09 12:00:00,361.86,362.84,361.86,362.65,229.0,20,0.0
2023-11-09 13:00:00,362.69,363.33,362.2,362.65,373.0,20,0.0
2023-11-09 14:00:00,362.69,362.95,360.91,362.64,4495.0,8,0.0
2023-11-09 15:00:00,362.68,362.83,360.61,361.85,6297.0,8,0.0
2023-11-09 16:00:00,361.83,364.06,361.81,363.49,4142.0,8,0.0
2023-11-09 17:00:00,363.5,363.52,362.38,362.77,3608.0,8,0.0
2023-11-09 18:00:00,362.77,362.88,360.41,362.2,7289.0,8,0.0
2023-11-09 19:00:00,362.2,362.2,360.4,360.5,7860.0,8,0.0
2023-11-09 20:00:00,360.48,361.12,359.96,360.2,4180.0,8,0.0
2023-11-10 11:00:00,359.25,359.63,358.81,359.63,178.0,20,0.0
2023-11-10 12:00:00,359.54,359.88,359.24,359.87,360.0,20,0.0
2023-11-10 13:00:00,359.86,360.99,359.66,360.99,392.0,20,0.0
2023-11-10 14:00:00,360.99,363.56,360.3,363.16,4660.0,8,0.0
2023-11-10 15:00:00,362.88,364.47,362.33,364.43,6592.0,8,0.0
2023-11-10 16:00:00,364.46,366.64,364.44,366.24,4617.0,8,0.0
2023-11-10 17:00:00,366.23,368.02,366.11,367.49,4356.0,8,0.0
2023-11-10 18:00:00,367.47,368.63,366.78,368.41,3651.0,8,0.0
2023-11-10 19:00:00,368.41,368.79,368.08,368.11,2992.0,8,0.0
2023-11-10 20:00:00,368.11,368.91,367.93,368.91,2354.0,8,0.0
2023-11-13 11:00:00,368.93,369.02,368.43,368.8,153.0,20,0.0
2023-11-13 12:00:00,368.76,368.92,367.49,367.81,411.0,20,0.0
2023-11-13 13:00:00,367.82,368.22,366.98,367.03,368.0,20,0.0
2023-11-13 14:00:00,367.11,367.96,365.15,365.74,5172.0,8,0.0
2023-11-13 15:00:00,365.79,367.26,365.33,366.95,5964.0,8,0.0
2023-11-13 16:00:00,366.96,367.59,366.5,366.61,4112.0,8,0.0
2023-11-13 17:00:00,366.63,367.09,366.15,366.79,3539.0,8,0.0
2023-11-13 18:00:00,366.81,367.22,366.13,366.68,2997.0,8,0.0
2023-11-13 19:00:00,366.68,367.05,366.34,366.68,2302.0,8,0.0
2023-11-13 20:00:00,366.69,366.85,365.59,365.91,2407.0,8,0.0
2023-11-14 11:00:00,366.86,366.86,366.33,366.53,351.0,20,0.0
2023-11-14 12:00:00,366.54,366.76,365.85,366.28,212.0,20,0.0
2023-11-14 13:00:00,366.33,371.87,366.28,371.06,1087.0,20,0.0
2023-11-14 14:00:00,371.11,371.67,368.51,370.11,4828.0,8,0.0
2023-11-14 15:00:00,370.14,371.16,369.56,369.97,6001.0,8,0.0
2023-11-14 16:00:00,369.96,370.84,367.83,367.9,3806.0,8,0.0
2023-11-14 17:00:00,367.89,369.22,367.68,369.11,3865.0,8,0.0
2023-11-14 18:00:00,369.12,369.67,367.6,367.6,2999.0,8,0.0
2023-11-14 19:00:00,367.61,369.56,366.57,369.48,3889.0,8,0.0
2023-11-14 20:00:00,369.47,370.37,369.3,370.36,2071.0,8,0.0
2023-11-15 11:00:00,372.38,372.64,372.09,372.64,171.0,40,0.0
2023-11-15 12:00:00,372.55,372.6,371.37,372.08,359.0,20,0.0
2023-11-15 13:00:00,372.08,373.28,370.83,371.36,710.0,20,0.0
2023-11-15 14:00:00,371.24,373.02,369.6,370.37,4736.0,8,0.0
2023-11-15 15:00:00,370.35,371.49,369.0,369.59,6115.0,8,0.0
2023-11-15 16:00:00,369.61,370.99,368.4,369.23,6615.0,8,0.0
2023-11-15 17:00:00,369.23,369.62,368.02,368.06,4244.0,8,0.0
2023-11-15 18:00:00,368.06,369.94,367.08,369.71,3998.0,8,0.0
2023-11-15 19:00:00,369.73,370.34,369.08,369.92,3237.0,8,0.0
2023-11-15 20:00:00,369.92,370.31,369.53,369.87,2594.0,8,0.0
2023-11-16 11:00:00,372.06,372.4,371.98,372.34,133.0,40,0.0
2023-11-16 12:00:00,372.3,372.44,371.37,371.6,410.0,40,0.0
2023-11-16 13:00:00,371.59,372.0,370.79,371.85,744.0,20,0.0
2023-11-16 14:00:00,371.86,376.02,370.1,375.36,5450.0,8,0.0
2023-11-16 15:00:00,375.35,375.97,373.24,373.59,7752.0,8,0.0
2023-11-16 16:00:00,373.58,374.14,372.41,373.97,5633.0,8,0.0
2023-11-16 17:00:00,373.99,375.54,373.89,375.13,3719.0,8,0.0
2023-11-16 18:00:00,375.14,376.25,374.77,375.43,3757.0,8,0.0
2023-11-16 19:00:00,375.45,376.13,375.0,375.79,3435.0,8,0.0
2023-11-16 20:00:00,375.77,376.06,375.2,375.49,2397.0,8,0.0
2023-11-17 11:00:00,376.71,376.75,375.92,376.21,131.0,40,0.0
2023-11-17 12:00:00,376.18,376.45,375.03,375.39,224.0,20,0.0
2023-11-17 13:00:00,375.36,375.7,373.67,373.99,450.0,20,0.0
2023-11-17 14:00:00,373.95,374.61,370.41,371.53,6099.0,8,0.0
2023-11-17 15:00:00,371.52,371.82,369.94,370.32,7200.0,8,0.0
2023-11-17 16:00:00,370.32,372.0,369.17,372.0,5081.0,8,0.0
2023-11-17 17:00:00,371.98,372.59,371.22,371.84,3316.0,8,0.0
2023-11-17 18:00:00,371.85,372.76,371.74,372.18,2829.0,8,0.0
2023-11-17 19:00:00,372.18,373.35,372.04,372.6,2583.0,8,0.0
2023-11-17 20:00:00,372.61,373.09,366.94,368.25,5268.0,8,0.0
2023-11-20 11:00:00,375.24,377.14,373.51,377.13,806.0,40,0.0
2023-11-20 12:00:00,377.13,377.25,373.4,373.61,1407.0,20,0.0
2023-11-20 13:00:00,373.62,374.01,370.56,371.7,1851.0,20,0.0
2023-11-20 14:00:00,371.81,376.95,366.93,375.42,7390.0,8,0.0
2023-11-20 15:00:00,375.45,375.57,371.72,374.41,9408.0,8,0.0
2023-11-20 16:00:00,374.42,376.64,374.01,375.87,5949.0,8,0.0
2023-11-20 17:00:00,375.89,377.48,375.55,376.74,5978.0,8,0.0
2023-11-20 18:00:00,376.73,378.77,376.51,377.69,4884.0,8,0.0
2023-11-20 19:00:00,377.68,378.82,376.83,378.38,4831.0,8,0.0
2023-11-20 20:00:00,378.38,378.79,377.73,377.76,2705.0,8,0.0
2023-11-21 11:00:00,379.03,379.03,376.73,377.12,287.0,40,0.0
2023-11-21 12:00:00,377.13,377.68,375.34,375.51,496.0,20,0.0
2023-11-21 13:00:00,375.41,375.52,374.02,374.46,731.0,20,0.0
2023-11-21 14:00:00,374.49,376.69,373.46,374.97,4877.0,8,0.0
2023-11-21 15:00:00,375.03,375.17,371.08,372.19,7697.0,8,0.0
2023-11-21 16:00:00,372.19,372.47,371.19,372.41,4399.0,8,0.0
2023-11-21 17:00:00,372.4,373.46,371.6,372.54,3466.0,8,0.0
2023-11-21 18:00:00,372.53,372.53,371.11,372.12,3337.0,8,0.0
2023-11-21 19:00:00,372.12,372.95,371.64,372.51,3782.0,8,0.0
2023-11-21 20:00:00,372.5,373.07,372.19,372.49,2509.0,8,0.0
2023-11-22 11:00:00,375.28,376.09,374.92,375.32,272.0,40,0.0
2023-11-22 12:00:00,375.26,377.47,375.1,376.87,594.0,20,0.0
2023-11-22 13:00:00,376.91,377.8,376.74,377.8,657.0,20,0.0
2023-11-22 14:00:00,377.79,379.73,376.29,376.93,6472.0,8,0.0
2023-11-22 15:00:00,376.94,378.3,374.92,377.16,9245.0,8,0.0
2023-11-22 16:00:00,377.14,378.49,376.99,378.31,5712.0,8,0.0
2023-11-22 17:00:00,378.32,378.95,377.98,378.37,3822.0,8,0.0
2023-11-22 18:00:00,378.37,379.17,378.29,378.73,2898.0,8,0.0
2023-11-22 19:00:00,378.72,378.9,376.8,377.91,3495.0,8,0.0
2023-11-22 20:00:00,377.9,378.08,377.5,377.62,2171.0,8,0.0
2023-11-24 11:00:00,378.49,378.64,378.13,378.48,112.0,40,0.0
2023-11-24 12:00:00,378.55,378.59,378.25,378.45,146.0,20,0.0
2023-11-24 13:00:00,378.45,378.45,377.13,377.21,264.0,20,0.0
2023-11-24 14:00:00,377.22,377.84,376.27,377.68,3378.0,8,0.0
2023-11-24 15:00:00,377.71,377.83,375.1,375.74,5017.0,8,0.0
2023-11-24 16:00:00,375.76,376.66,375.34,376.45,3376.0,8,0.0
2023-11-24 17:00:00,376.45,377.45,376.18,377.34,2737.0,8,0.0
2023-11-27 11:00:00,377.09,377.15,376.57,376.62,148.0,20,0.0
2023-11-27 12:00:00,376.68,377.23,376.22,376.33,448.0,20,0.0
2023-11-27 13:00:00,376.33,376.65,376.2,376.3,238.0,20,0.0
2023-11-27 14:00:00,376.3,378.08,375.94,377.6,4453.0,8,0.0
2023-11-27 15:00:00,377.6,378.11,376.8,377.93,5639.0,8,0.0
2023-11-27 16:00:00,377.91,379.02,377.19,378.97,3877.0,8,0.0
2023-11-27 17:00:00,378.99,380.55,378.9,380.31,2814.0,8,0.0
2023-11-27 18:00:00,380.32,380.59,379.34,379.67,2700.0,8,0.0
2023-11-27 19:00:00,379.69,379.82,378.19,379.07,2759.0,8,0.0
2023-11-27 20:00:00,379.07,379.25,378.63,378.97,1834.0,8,0.0
2023-11-28 11:00:00,378.87,379.05,378.08,378.2,169.0,20,0.0
2023-11-28 12:00:00,378.25,378.41,377.73,377.79,201.0,20,0.0
2023-11-28 13:00:00,377.79,377.85,376.93,377.68,1672.0,20,0.0
2023-11-28 14:00:00,377.75,381.91,377.13,380.26,4755.0,8,0.0
2023-11-28 15:00:00,380.27,382.63,379.93,381.68,7281.0,8,0.0
2023-11-28 16:00:00,381.69,382.94,381.24,382.26,4372.0,8,0.0
2023-11-28 17:00:00,382.28,382.73,381.31,381.91,3223.0,8,0.0
2023-11-28 18:00:00,381.9,382.14,380.68,381.11,4458.0,8,0.0
2023-11-28 19:00:00,381.11,381.57,380.47,381.39,3288.0,8,0.0
2023-11-28 20:00:00,381.4,381.59,380.69,380.95,2133.0,8,0.0
2023-11-29 11:00:00,383.88,384.18,383.31,384.04,138.0,60,0.0
2023-11-29 12:00:00,384.05,385.32,383.97,384.63,415.0,40,0.0
2023-11-29 13:00:00,384.54,385.14,384.24,384.47,278.0,40,0.0
2023-11-29 14:00:00,384.44,384.65,381.18,381.57,4519.0,8,0.0
2023-11-29 15:00:00,381.59,381.9,378.65,379.66,8105.0,8,0.0
2023-11-29 16:00:00,379.65,379.65,377.42,378.36,4500.0,8,0.0
2023-11-29 17:00:00,378.36,379.05,377.72,379.05,2515.0,8,0.0
2023-11-29 18:00:00,379.06,379.42,378.51,378.92,2707.0,8,0.0
2023-11-29 19:00:00,378.9,379.97,378.65,379.85,2825.0,8,0.0
2023-11-29 20:00:00,379.84,379.89,378.56,378.99,2429.0,8,0.0
2023-11-30 11:00:00,379.46,379.74,379.28,379.56,110.0,20,0.0
2023-11-30 12:00:00,379.53,380.72,379.53,380.5,307.0,20,0.0
2023-11-30 13:00:00,380.53,380.86,378.69,378.69,465.0,20,0.0
2023-11-30 14:00:00,378.63,379.94,377.57,378.51,3531.0,8,0.0
2023-11-30 15:00:00,378.56,379.37,376.64,377.52,7257.0,8,0.0
2023-11-30 16:00:00,377.5,377.75,376.02,376.1,5296.0,8,0.0
2023-11-30 17:00:00,376.12,377.1,376.01,376.9,3678.0,8,0.0
2023-11-30 18:00:00,376.89,377.0,375.44,375.75,3013.0,8,0.0
2023-11-30 19:00:00,375.73,376.75,375.73,376.55,3035.0,8,0.0
2023-11-30 20:00:00,376.56,376.99,375.5,376.97,2455.0,8,0.0
2023-12-01 11:00:00,378.44,378.6,378.23,378.28,106.0,40,0.0
2023-12-01 12:00:00,378.28,378.4,377.49,378.07,245.0,20,0.0
2023-12-01 13:00:00,378.07,378.54,377.91,378.23,389.0,20,0.0
2023-12-01 14:00:00,378.17,378.51,375.25,375.29,4413.0,8,0.0
2023-12-01 15:00:00,375.27,376.3,371.24,372.3,9353.0,8,0.0
2023-12-01 16:00:00,372.28,373.28,371.45,373.04,8538.0,8,0.0
2023-12-01 17:00:00,373.05,375.23,372.17,374.58,4672.0,8,0.0
2023-12-01 18:00:00,374.58,374.75,372.76,373.0,4144.0,8,0.0
2023-12-01 19:00:00,373.01,375.19,372.74,375.08,3676.0,8,0.0
2023-12-01 20:00:00,375.07,375.49,374.33,374.35,2558.0,8,0.0
2023-12-04 11:00:00,372.22,372.37,371.82,371.84,138.0,40,0.0
2023-12-04 12:00:00,371.84,372.07,371.4,371.98,214.0,40,0.0
2023-12-04 13:00:00,371.99,371.99,370.61,370.61,344.0,20,0.0
2023-12-04 14:00:00,370.62,370.62,363.59,364.92,8699.0,8,0.0
2023-12-04 15:00:00,364.93,366.29,362.81,364.32,9018.0,8,0.0
2023-12-04 16:00:00,364.31,367.88,363.85,367.67,4368.0,8,0.0
2023-12-04 17:00:00,367.66,369.16,367.08,369.08,3543.0,8,0.0
2023-12-04 18:00:00,369.08,369.35,368.17,368.23,2990.0,8,0.0
2023-12-04 19:00:00,368.21,368.6,367.23,367.82,3069.0,8,0.0
2023-12-04 20:00:00,367.8,369.24,367.43,369.13,2727.0,8,0.0
2023-12-05 11:00:00,367.31,367.88,367.3,367.4,219.0,40,0.0
2023-12-05 12:00:00,367.39,367.9,366.64,366.68,715.0,20,0.0
2023-12-05 13:00:00,366.67,368.2,366.67,367.94,475.0,20,0.0
2023-12-05 14:00:00,367.94,369.95,365.36,369.63,5858.0,8,0.0
2023-12-05 15:00:00,369.59,372.96,369.11,371.69,8696.0,8,0.0
2023-12-05 16:00:00,371.7,372.97,369.27,370.55,7056.0,8,0.0
2023-12-05 17:00:00,370.58,371.96,370.4,371.66,5466.0,8,0.0
2023-12-05 18:00:00,371.66,372.77,370.98,371.63,4983.0,8,0.0
2023-12-05 19:00:00,371.63,372.16,370.73,372.11,3357.0,8,0.0
2023-12-05 20:00:00,372.13,372.48,371.84,371.85,2222.0,8,0.0
2023-12-06 11:00:00,372.95,372.98,372.32,372.37,126.0,40,0.0
2023-12-06 12:00:00,372.41,372.78,372.27,372.78,186.0,20,0.0
2023-12-06 13:00:00,372.74,374.27,372.56,374.27,531.0,20,0.0
2023-12-06 14:00:00,374.22,374.82,371.38,371.69,5889.0,8,0.0
2023-12-06 15:00:00,371.7,371.82,368.58,371.34,7400.0,8,0.0
2023-12-06 16:00:00,371.33,371.46,368.7,369.64,4879.0,8,0.0
2023-12-06 17:00:00,369.62,369.78,368.59,368.65,3762.0,8,0.0
2023-12-06 18:00:00,368.64,369.94,368.03,369.81,3659.0,8,0.0
2023-12-06 19:00:00,369.81,370.43,369.23,369.66,3450.0,8,0.0
2023-12-06 20:00:00,369.67,369.87,368.86,369.45,2622.0,8,0.0
2023-12-07 11:00:00,365.78,365.99,365.47,365.91,200.0,40,0.0
2023-12-07 12:00:00,365.95,366.93,365.94,366.88,256.0,20,0.0
2023-12-07 13:00:00,366.88,368.11,366.7,367.93,454.0,20,0.0
2023-12-07 14:00:00,367.93,370.33,366.2,366.91,5302.0,8,0.0
2023-12-07 15:00:00,366.94,369.98,366.68,368.56,7349.0,8,0.0
2023-12-07 16:00:00,368.58,370.48,367.61,370.46,5750.0,8,0.0
2023-12-07 17:00:00,370.49,371.11,369.77,370.34,4023.0,8,0.0
2023-12-07 18:00:00,370.34,370.77,369.71,370.26,3149.0,8,0.0
2023-12-07 19:00:00,370.25,371.1,370.15,370.17,2956.0,8,0.0
2023-12-07 20:00:00,370.18,371.34,370.09,370.78,1845.0,8,0.0
2023-12-08 11:00:00,369.04,369.06,368.26,368.69,792.0,20,0.0
2023-12-08 12:00:00,368.7,370.13,368.7,369.55,371.0,20,0.0
2023-12-08 13:00:00,369.55,369.85,367.83,369.49,1083.0,20,0.0
2023-12-08 14:00:00,369.35,370.76,368.11,370.32,6639.0,8,0.0
2023-12-08 15:00:00,370.44,373.22,370.31,373.03,8424.0,8,0.0
2023-12-08 16:00:00,373.05,373.26,370.9,372.02,5332.0,8,0.0
2023-12-08 17:00:00,372.02,372.92,371.2,372.77,4024.0,8,0.0
2023-12-08 18:00:00,372.77,373.17,372.51,373.13,3000.0,8,0.0
2023-12-08 19:00:00,373.14,373.85,373.04,373.47,2232.0,8,0.0
2023-12-08 20:00:00,373.48,373.83,373.15,373.45,2062.0,8,0.0
2023-12-11 11:00:00,372.51,372.62,372.2,372.53,330.0,20,0.0
2023-12-11 12:00:00,372.56,373.09,371.76,371.77,408.0,20,0.0
2023-12-11 13:00:00,371.76,371.85,370.42,370.62,648.0,20,0.0
2023-12-11 14:00:00,370.62,370.64,365.92,368.56,6453.0,8,0.0
2023-12-11 15:00:00,368.61,370.41,367.93,369.66,6445.0,8,0.0
2023-12-11 16:00:00,369.67,370.15,367.7,368.38,5008.0,8,0.0
2023-12-11 17:00:00,368.39,368.95,367.91,368.9,3124.0,8,0.0
2023-12-11 18:00:00,368.89,370.01,368.81,369.3,2782.0,8,0.0
2023-12-11 19:00:00,369.3,370.25,369.17,369.63,2684.0,8,0.0
2023-12-11 20:00:00,369.62,370.28,369.56,370.09,2093.0,8,0.0
2023-12-12 11:00:00,371.84,371.94,371.71,371.75,51.0,40,0.0
2023-12-12 12:00:00,371.75,371.79,371.28,371.75,299.0,20,0.0
2023-12-12 13:00:00,371.76,372.36,370.55,370.6,749.0,20,0.0
2023-12-12 14:00:00,370.62,372.25,369.32,371.55,4281.0,8,0.0
2023-12-12 15:00:00,371.57,372.01,370.32,371.79,4225.0,8,0.0
2023-12-12 16:00:00,371.81,373.01,371.53,371.83,3090.0,8,0.0
2023-12-12 17:00:00,371.85,372.25,371.09,372.14,2293.0,8,0.0
2023-12-12 18:00:00,372.14,372.78,371.96,372.38,2369.0,8,0.0
2023-12-12 19:00:00,372.37,372.59,372.06,372.42,1797.0,8,0.0
2023-12-12 20:00:00,372.43,372.96,372.39,372.96,1583.0,8,0.0
2023-12-13 11:00:00,374.98,376.42,374.88,376.25,330.0,40,0.0
2023-12-13 12:00:00,376.24,376.27,375.63,375.88,241.0,20,0.0
2023-12-13 13:00:00,375.88,377.49,375.88,377.37,837.0,20,0.0
2023-12-13 14:00:00,377.39,377.49,375.44,375.76,4625.0,8,0.0
2023-12-13 15:00:00,375.73,375.76,374.82,375.03,4587.0,8,0.0
2023-12-13 16:00:00,375.03,375.19,373.02,373.92,3820.0,8,0.0
2023-12-13 17:00:00,373.94,374.58,373.7,373.85,2764.0,8,0.0
2023-12-13 18:00:00,373.87,373.87,373.04,373.04,2537.0,8,0.0
2023-12-13 19:00:00,373.01,375.53,373.01,374.31,10297.0,8,0.0
2023-12-13 20:00:00,374.31,374.48,370.64,371.97,7122.0,8,0.0
2023-12-14 11:00:00,375.18,375.21,374.73,375.01,129.0,60,0.0
2023-12-14 12:00:00,375.03,375.44,374.24,374.33,306.0,40,0.0
2023-12-14 13:00:00,374.32,374.91,373.91,374.72,500.0,20,0.0
2023-12-14 14:00:00,374.7,375.34,369.52,370.16,4994.0,8,0.0
2023-12-14 15:00:00,370.14,370.16,367.52,369.04,8504.0,8,0.0
2023-12-14 16:00:00,369.02,369.1,365.91,366.96,5750.0,8,0.0
2023-12-14 17:00:00,366.96,367.89,366.38,366.38,3203.0,8,0.0
2023-12-14 18:00:00,366.4,366.4,363.99,364.74,4136.0,8,0.0
2023-12-14 19:00:00,364.72,366.02,364.68,365.4,2928.0,8,0.0
2023-12-14 20:00:00,365.41,365.78,364.75,365.65,2660.0,8,0.0
2023-12-15 11:00:00,367.37,367.51,367.22,367.35,255.0,20,0.0
2023-12-15 12:00:00,367.27,367.38,366.38,366.73,340.0,20,0.0
2023-12-15 13:00:00,366.73,368.47,366.63,368.19,755.0,20,0.0
2023-12-15 14:00:00,368.21,370.9,365.73,368.92,5162.0,8,0.0
2023-12-15 15:00:00,369.04,371.57,368.28,371.08,6230.0,8,0.0
2023-12-15 16:00:00,371.1,371.99,369.98,371.13,4037.0,8,0.0
2023-12-15 17:00:00,371.14,371.84,369.94,369.95,3484.0,8,0.0
2023-12-15 18:00:00,369.93,370.74,368.85,369.37,4401.0,8,0.0
2023-12-15 19:00:00,369.36,370.91,369.04,370.47,3581.0,8,0.0
2023-12-15 20:00:00,370.46,371.1,370.31,370.38,1963.0,8,0.0
2023-12-18 11:00:00,369.0,369.02,368.37,368.58,167.0,20,0.0
2023-12-18 12:00:00,368.58,369.56,368.58,369.49,225.0,20,0.0
2023-12-18 13:00:00,369.53,369.96,369.32,369.89,286.0,20,0.0
2023-12-18 14:00:00,369.88,370.96,368.45,369.56,3463.0,8,0.0
2023-12-18 15:00:00,369.54,372.48,369.44,370.41,4863.0,8,0.0
2023-12-18 16:00:00,370.41,371.2,370.14,370.93,2702.0,8,0.0
2023-12-18 17:00:00,370.94,371.63,370.45,370.86,2272.0,8,0.0
2023-12-18 18:00:00,370.84,372.35,370.77,372.29,2139.0,8,0.0
2023-12-18 19:00:00,372.29,372.8,372.06,372.5,2202.0,8,0.0
2023-12-18 20:00:00,372.51,372.73,372.09,372.2,1499.0,8,0.0
2023-12-19 11:00:00,372.66,373.15,372.56,372.79,169.0,20,0.0
2023-12-19 12:00:00,372.82,373.68,372.75,373.68,216.0,20,0.0
2023-12-19 13:00:00,373.63,373.85,372.95,373.04,409.0,20,0.0
2023-12-19 14:00:00,373.04,373.04,370.41,370.71,4031.0,8,0.0
2023-12-19 15:00:00,370.69,372.11,369.63,371.45,4743.0,8,0.0
2023-12-19 16:00:00,371.45,372.5,371.17,371.73,2942.0,8,0.0
2023-12-19 17:00:00,371.74,372.15,371.09,371.83,2491.0,8,0.0
2023-12-19 18:00:00,371.82,372.41,371.27,371.75,2068.0,8,0.0
2023-12-19 19:00:00,371.75,372.18,371.54,371.8,1988.0,8,0.0
2023-12-19 20:00:00,371.81,372.29,371.36,372.16,1446.0,8,0.0
2023-12-20 11:00:00,371.73,372.86,371.63,372.08,179.0,20,0.0
2023-12-20 12:00:00,372.08,372.47,371.7,371.7,247.0,20,0.0
2023-12-20 13:00:00,371.7,373.08,371.7,373.06,400.0,20,0.0
2023-12-20 14:00:00,373.07,374.98,372.29,374.19,3107.0,8,0.0
2023-12-20 15:00:00,374.17,375.1,373.69,374.63,3685.0,8,0.0
2023-12-20 16:00:00,374.6,374.83,373.84,374.51,2703.0,8,0.0
2023-12-20 17:00:00,374.51,375.82,374.5,375.63,2441.0,8,0.0
2023-12-20 18:00:00,375.63,375.63,374.66,374.92,2041.0,8,0.0
2023-12-20 19:00:00,374.91,375.13,371.34,371.68,3962.0,8,0.0
2023-12-20 20:00:00,371.7,372.4,370.67,371.8,5953.0,8,0.0
2023-12-21 11:00:00,372.04,372.11,371.64,371.81,118.0,20,0.0
2023-12-21 12:00:00,371.81,372.4,371.81,372.11,143.0,20,0.0
2023-12-21 13:00:00,372.1,373.77,371.75,372.78,540.0,20,0.0
2023-12-21 14:00:00,372.78,374.18,371.58,371.8,3371.0,8,0.0
2023-12-21 15:00:00,371.83,372.41,370.64,371.27,6409.0,8,0.0
2023-12-21 16:00:00,371.25,371.73,370.79,370.98,4353.0,8,0.0
2023-12-21 17:00:00,370.99,370.99,369.83,370.15,4169.0,8,0.0
2023-12-21 18:00:00,370.13,371.35,369.87,371.34,4298.0,8,0.0
2023-12-21 19:00:00,371.33,372.03,371.15,371.87,3083.0,8,0.0
2023-12-21 20:00:00,371.86,373.08,371.51,372.75,2130.0,8,0.0
2023-12-22 11:00:00,372.63,372.63,372.22,372.37,137.0,8,0.0
2023-12-22 12:00:00,372.38,372.66,372.29,372.37,153.0,20,0.0
2023-12-22 13:00:00,372.42,373.16,372.37,373.05,449.0,20,0.0
2023-12-22 14:00:00,373.02,374.07,372.45,373.85,2449.0,8,0.0
2023-12-22 15:00:00,373.87,374.95,373.69,374.4,3222.0,8,0.0
2023-12-22 16:00:00,374.4,374.77,373.8,374.2,2786.0,8,0.0
2023-12-22 17:00:00,374.2,374.46,373.4,374.45,2400.0,8,0.0
2023-12-22 18:00:00,374.43,374.79,374.36,374.59,1308.0,8,0.0
2023-12-22 19:00:00,374.59,374.73,372.93,374.38,4879.0,8,0.0
2023-12-22 20:00:00,374.4,374.58,373.84,374.02,2510.0,8,0.0
2023-12-26 11:00:00,375.48,375.66,375.15,375.21,98.0,40,0.0
2023-12-26 12:00:00,375.08,375.22,374.71,375.22,172.0,40,0.0
2023-12-26 13:00:00,375.21,375.25,374.92,375.05,147.0,20,0.0
2023-12-26 14:00:00,375.04,376.64,374.24,375.13,3233.0,8,0.0
2023-12-26 15:00:00,375.13,375.24,374.34,374.57,2968.0,8,0.0
2023-12-26 16:00:00,374.58,374.58,373.72,373.92,2272.0,8,0.0
2023-12-26 17:00:00,373.92,373.98,373.65,373.67,1785.0,8,0.0
2023-12-26 18:00:00,373.66,373.81,373.24,373.3,1551.0,8,0.0
2023-12-26 19:00:00,373.31,374.17,373.31,374.16,1492.0,8,0.0
2023-12-26 20:00:00,374.16,374.65,374.11,374.48,1663.0,8,0.0
2023-12-27 11:00:00,374.39,374.46,374.38,374.44,68.0,8,0.0
2023-12-27 12:00:00,374.43,374.43,374.06,374.31,149.0,8,0.0
2023-12-27 13:00:00,374.31,374.64,373.79,373.84,300.0,20,0.0
2023-12-27 14:00:00,373.84,374.75,372.98,373.53,2776.0,8,0.0
2023-12-27 15:00:00,373.55,374.01,372.56,373.32,3805.0,8,0.0
2023-12-27 16:00:00,373.32,373.87,372.94,373.63,2394.0,8,0.0
2023-12-27 17:00:00,373.64,373.76,373.11,373.16,2089.0,8,0.0
2023-12-27 18:00:00,373.16,374.29,373.12,373.7,2856.0,8,0.0
2023-12-27 19:00:00,373.68,373.68,372.72,373.05,3271.0,8,0.0
2023-12-27 20:00:00,373.07,373.44,372.88,373.1,2151.0,8,0.0
2023-12-28 11:00:00,374.49,374.53,374.35,374.37,67.0,40,0.0
2023-12-28 12:00:00,374.38,374.94,374.28,374.86,110.0,40,0.0
2023-12-28 13:00:00,374.85,375.09,374.6,374.78,188.0,20,0.0
2023-12-28 14:00:00,374.78,376.1,374.49,374.61,2761.0,8,0.0
2023-12-28 15:00:00,374.62,375.08,373.88,374.95,3051.0,8,0.0
2023-12-28 16:00:00,374.96,375.15,374.27,374.81,3038.0,8,0.0
2023-12-28 17:00:00,374.81,375.78,374.76,375.68,1781.0,8,0.0
2023-12-28 18:00:00,375.68,375.73,375.03,375.38,3014.0,8,0.0
2023-12-28 19:00:00,375.4,375.93,375.34,375.78,2183.0,8,0.0
2023-12-28 20:00:00,375.78,376.01,375.48,376.0,1951.0,8,0.0
2023-12-29 11:00:00,375.72,375.99,375.7,375.8,63.0,20,0.0
2023-12-29 12:00:00,375.71,375.71,375.18,375.3,191.0,20,0.0
2023-12-29 13:00:00,375.3,375.64,375.24,375.58,127.0,20,0.0
2023-12-29 14:00:00,375.59,376.86,375.32,376.51,2399.0,8,0.0
2023-12-29 15:00:00,376.5,376.83,374.98,375.39,4365.0,8,0.0
2023-12-29 16:00:00,375.39,375.63,373.27,374.07,4545.0,8,0.0
2023-12-29 17:00:00,374.05,374.43,373.19,374.38,3598.0,8,0.0
2023-12-29 18:00:00,374.37,375.75,374.35,375.74,3161.0,8,0.0
2023-12-29 19:00:00,375.76,376.42,375.42,376.37,2610.0,8,0.0
2023-12-29 20:00:00,376.39,376.56,375.65,375.71,2207.0,8,0.0
2024-01-02 11:00:00,374.65,374.87,372.75,373.0,295.0,20,0.0
2024-01-02 12:00:00,373.04,373.51,372.25,372.37,309.0,20,0.0
2024-01-02 13:00:00,372.37,373.53,372.36,373.16,481.0,20,0.0
2024-01-02 14:00:00,373.15,375.47,366.44,367.33,5585.0,8,0.0
2024-01-02 15:00:00,367.3,368.68,366.65,367.94,6777.0,8,0.0
2024-01-02 16:00:00,367.94,370.75,367.88,370.52,4530.0,8,0.0
2024-01-02 17:00:00,370.52,371.0,368.91,368.99,3627.0,8,0.0
2024-01-02 18:00:00,369.01,369.84,368.78,369.15,3002.0,8,0.0
2024-01-02 19:00:00,369.17,369.38,367.97,367.97,3289.0,8,0.0
2024-01-02 20:00:00,367.97,369.56,367.93,369.35,2810.0,8,0.0
2024-01-03 11:00:00,367.69,367.8,366.98,367.36,209.0,40,0.0
2024-01-03 12:00:00,367.36,367.62,366.85,367.14,461.0,20,0.0
2024-01-03 13:00:00,367.21,368.05,367.13,367.58,340.0,20,0.0
2024-01-03 14:00:00,367.58,372.86,366.79,371.75,4362.0,8,0.0
2024-01-03 15:00:00,371.64,372.91,370.74,371.96,6211.0,8,0.0
2024-01-03 16:00:00,371.97,372.47,370.23,370.45,3900.0,8,0.0
2024-01-03 17:00:00,370.45,372.09,370.37,372.05,2946.0,8,0.0
2024-01-03 18:00:00,372.03,372.32,370.68,371.18,2576.0,8,0.0
2024-01-03 19:00:00,371.17,371.95,370.09,371.34,6401.0,8,0.0
2024-01-03 20:00:00,371.34,371.5,370.32,370.32,2857.0,8,0.0
2024-01-04 11:00:00,371.16,371.24,370.63,370.95,171.0,20,0.0
2024-01-04 12:00:00,371.01,371.53,370.72,371.39,243.0,20,0.0
2024-01-04 13:00:00,371.38,371.54,370.14,370.18,500.0,20,0.0
2024-01-04 14:00:00,370.18,372.24,369.88,371.11,2583.0,8,0.0
2024-01-04 15:00:00,371.11,372.1,370.68,371.41,4676.0,8,0.0
2024-01-04 16:00:00,371.44,372.73,370.66,370.66,3297.0,8,0.0
2024-01-04 17:00:00,370.68,371.06,369.6,370.01,3023.0,8,0.0
2024-01-04 18:00:00,370.01,370.39,369.83,369.93,2182.0,8,0.0
2024-01-04 19:00:00,369.95,370.41,368.81,368.9,2405.0,8,0.0
2024-01-04 20:00:00,368.92,368.95,367.72,367.95,2140.0,8,0.0
2024-01-05 11:00:00,367.4,367.58,366.97,367.15,147.0,20,0.0
2024-01-05 12:00:00,367.15,367.84,367.01,367.41,152.0,20,0.0
2024-01-05 13:00:00,367.41,368.11,366.59,368.04,765.0,20,0.0
2024-01-05 14:00:00,368.08,370.17,368.04,369.26,3309.0,8,0.0
2024-01-05 15:00:00,369.33,371.37,369.17,371.3,5162.0,8,0.0
2024-01-05 16:00:00,371.29,371.68,369.85,370.39,3878.0,8,0.0
2024-01-05 17:00:00,370.38,370.4,368.44,368.56,4056.0,8,0.0
2024-01-05 18:00:00,368.58,368.75,367.63,368.01,4315.0,8,0.0
2024-01-05 19:00:00,368.02,368.46,366.59,366.83,3579.0,8,0.0
2024-01-05 20:00:00,366.82,367.1,366.16,366.9,2544.0,8,0.0
2024-01-08 11:00:00,367.86,368.84,367.73,368.59,248.0,40,0.0
2024-01-08 12:00:00,368.56,368.65,367.84,368.53,207.0,20,0.0
2024-01-08 13:00:00,368.58,369.01,368.12,368.44,329.0,20,0.0
2024-01-08 14:00:00,368.39,370.54,368.23,370.14,2909.0,8,0.0
2024-01-08 15:00:00,370.13,370.54,369.36,369.85,3591.0,8,0.0
2024-01-08 16:00:00,369.86,370.96,369.54,370.8,3130.0,8,0.0
2024-01-08 17:00:00,370.82,371.61,370.37,371.42,2589.0,8,0.0
2024-01-08 18:00:00,371.42,372.03,371.18,372.03,1663.0,8,0.0
2024-01-08 19:00:00,372.02,374.35,371.74,374.13,2196.0,8,0.0
2024-01-08 20:00:00,374.11,374.43,373.8,374.12,2136.0,8,0.0
2024-01-09 11:00:00,372.3,372.45,372.0,372.17,210.0,40,0.0
2024-01-09 12:00:00,372.18,373.28,372.18,372.88,294.0,40,0.0
2024-01-09 13:00:00,372.91,372.95,371.68,371.81,506.0,20,0.0
2024-01-09 14:00:00,371.82,372.71,370.95,371.5,3008.0,8,0.0
2024-01-09 15:00:00,371.48,374.0,370.76,373.15,5310.0,8,0.0
2024-01-09 16:00:00,373.15,375.27,373.05,375.24,3514.0,8,0.0
2024-01-09 17:00:00,375.26,375.32,374.62,375.16,2870.0,8,0.0
2024-01-09 18:00:00,375.16,375.54,373.91,374.77,3841.0,8,0.0
2024-01-09 19:00:00,374.76,375.17,374.49,374.85,3242.0,8,0.0
2024-01-09 20:00:00,374.87,374.97,374.21,374.56,2718.0,8,0.0
2024-01-10 11:00:00,377.14,377.66,376.7,376.87,229.0,40,0.0
2024-01-10 12:00:00,376.8,376.89,376.53,376.53,199.0,40,0.0
2024-01-10 13:00:00,376.49,376.59,375.78,376.05,414.0,20,0.0
2024-01-10 14:00:00,376.04,379.95,375.69,379.42,3124.0,20,0.0
2024-01-10 15:00:00,379.45,381.85,378.68,381.03,4104.0,8,0.0
2024-01-10 16:00:00,381.03,381.44,380.06,380.65,3387.0,8,0.0
2024-01-10 17:00:00,380.67,382.02,380.37,381.96,2260.0,8,0.0
2024-01-10 18:00:00,381.98,382.37,381.22,382.11,2651.0,8,0.0
2024-01-10 19:00:00,382.11,383.69,382.05,383.69,2347.0,8,0.0
2024-01-10 20:00:00,383.71,383.74,381.75,381.82,2842.0,8,0.0
2024-01-11 11:00:00,384.44,384.69,384.33,384.5,251.0,40,0.0
2024-01-11 12:00:00,384.53,384.56,383.46,384.37,342.0,40,0.0
2024-01-11 13:00:00,384.37,385.11,382.28,383.08,1038.0,20,0.0
2024-01-11 14:00:00,383.1,390.17,383.05,386.53,4411.0,20,0.0
2024-01-11 15:00:00,386.59,386.7,382.3,382.49,5419.0,8,0.0
2024-01-11 16:00:00,382.47,382.64,379.96,380.5,5814.0,8,0.0
2024-01-11 17:00:00,380.51,382.41,380.27,381.74,3614.0,8,0.0
2024-01-11 18:00:00,381.71,384.23,381.62,384.21,3580.0,8,0.0
2024-01-11 19:00:00,384.22,385.08,383.71,384.84,3198.0,8,0.0
2024-01-11 20:00:00,384.86,384.91,383.71,383.95,2765.0,8,0.0
2024-01-12 11:00:00,383.23,383.36,381.99,382.56,243.0,20,0.0
2024-01-12 12:00:00,382.6,383.33,382.59,383.13,294.0,20,0.0
2024-01-12 13:00:00,383.08,385.01,382.91,384.76,761.0,20,0.0
2024-01-12 14:00:00,384.76,386.65,384.26,384.77,2921.0,8,0.0
2024-01-12 15:00:00,384.8,386.55,384.15,386.54,4181.0,8,0.0
2024-01-12 16:00:00,386.54,388.02,385.86,385.97,4346.0,8,0.0
2024-01-12 17:00:00,385.99,387.01,385.68,386.81,3136.0,8,0.0
2024-01-12 18:00:00,386.81,387.93,386.81,387.85,2398.0,8,0.0
2024-01-12 19:00:00,387.84,388.22,387.14,387.46,2633.0,8,0.0
2024-01-12 20:00:00,387.46,387.64,386.77,387.57,2073.0,8,0.0
2024-01-16 11:00:00,388.7,389.97,388.53,389.96,302.0,40,0.0
2024-01-16 12:00:00,390.01,391.4,389.36,391.3,650.0,20,0.0
2024-01-16 13:00:00,391.29,393.23,390.36,393.23,962.0,20,0.0
2024-01-16 14:00:00,393.24,393.44,388.92,391.37,4190.0,20,0.0
2024-01-16 15:00:00,391.36,392.69,390.25,392.24,4296.0,8,0.0
2024-01-16 16:00:00,392.28,392.46,389.72,390.08,4687.0,8,0.0
2024-01-16 17:00:00,390.06,390.41,387.75,387.86,4560.0,8,0.0
2024-01-16 18:00:00,387.87,389.19,387.06,388.34,3969.0,8,0.0
2024-01-16 19:00:00,388.36,389.29,387.5,389.18,3329.0,8,0.0
2024-01-16 20:00:00,389.17,389.38,388.85,389.21,2398.0,8,0.0
2024-01-17 11:00:00,388.48,390.44,388.06,390.19,322.0,20,0.0
2024-01-17 12:00:00,390.18,390.79,389.63,389.83,349.0,20,0.0
2024-01-17 13:00:00,389.83,389.84,387.83,388.04,1004.0,20,0.0
2024-01-17 14:00:00,388.05,388.92,384.26,385.27,3368.0,8,0.0
2024-01-17 15:00:00,385.25,387.04,384.63,386.87,5533.0,8,0.0
2024-01-17 16:00:00,386.84,389.6,386.84,389.23,3510.0,8,0.0
2024-01-17 17:00:00,389.25,389.51,387.98,388.99,3238.0,8,0.0
2024-01-17 18:00:00,388.97,389.36,386.55,387.11,3256.0,8,0.0
2024-01-17 19:00:00,387.11,388.18,386.7,387.98,2908.0,8,0.0
2024-01-17 20:00:00,388.0,388.36,387.25,388.25,1904.0,8,0.0
2024-01-18 11:00:00,393.8,393.82,391.56,393.09,380.0,60,0.0
2024-01-18 12:00:00,392.93,393.19,390.66,391.12,435.0,40,0.0
2024-01-18 13:00:00,391.19,392.53,390.33,390.56,735.0,20,0.0
2024-01-18 14:00:00,390.56,392.58,389.91,391.63,3054.0,20,0.0
2024-01-18 15:00:00,391.59,392.44,390.42,391.94,3586.0,8,0.0
2024-01-18 16:00:00,391.95,392.59,391.45,392.29,3136.0,8,0.0
2024-01-18 17:00:00,392.3,392.39,390.4,390.66,3373.0,8,0.0
2024-01-18 18:00:00,390.65,391.28,389.54,391.0,3296.0,8,0.0
2024-01-18 19:00:00,391.03,392.5,390.97,392.29,2641.0,8,0.0
2024-01-18 20:00:00,392.29,392.73,391.86,392.37,1922.0,8,0.0
2024-01-19 11:00:00,397.32,397.32,396.99,397.05,178.0,60,0.0
2024-01-19 12:00:00,396.98,396.98,395.62,396.41,279.0,40,0.0
2024-01-19 13:00:00,396.41,396.64,395.57,395.7,374.0,40,0.0
2024-01-19 14:00:00,395.69,396.23,392.97,394.27,3059.0,8,0.0
2024-01-19 15:00:00,394.31,394.99,393.33,394.39,4312.0,8,0.0
2024-01-19 16:00:00,394.39,395.76,394.29,394.9,3323.0,8,0.0
2024-01-19 17:00:00,394.9,395.68,394.2,395.67,2930.0,8,0.0
2024-01-19 18:00:00,395.68,396.5,395.27,396.43,2637.0,8,0.0
2024-01-19 19:00:00,396.44,396.68,395.44,396.4,2960.0,8,0.0
2024-01-19 20:00:00,396.41,397.54,396.21,397.12,2410.0,8,0.0
2024-01-22 11:00:00,399.65,399.91,399.49,399.59,227.0,40,0.0
2024-01-22 12:00:00,399.55,400.16,399.15,399.56,452.0,40,0.0
2024-01-22 13:00:00,399.54,399.56,398.19,398.71,617.0,20,0.0
2024-01-22 14:00:00,398.73,399.97,394.85,397.35,3579.0,8,0.0
2024-01-22 15:00:00,397.39,397.64,392.96,394.54,3843.0,8,0.0
2024-01-22 16:00:00,394.56,397.49,394.26,397.01,3024.0,8,0.0
2024-01-22 17:00:00,397.0,397.0,395.5,396.12,2795.0,8,0.0
2024-01-22 18:00:00,396.13,396.84,395.22,396.79,2648.0,8,0.0
2024-01-22 19:00:00,396.81,397.29,396.22,396.85,2478.0,8,0.0
2024-01-22 20:00:00,396.88,396.9,396.17,396.36,1717.0,8,0.0
2024-01-23 11:00:00,395.89,396.54,395.82,396.44,215.0,20,0.0
2024-01-23 12:00:00,396.44,396.57,395.84,396.27,293.0,20,0.0
2024-01-23 13:00:00,396.33,397.15,396.18,396.4,332.0,20,0.0
2024-01-23 14:00:00,396.4,396.52,393.29,395.05,2583.0,8,0.0
2024-01-23 15:00:00,395.09,395.32,394.28,394.84,4404.0,8,0.0
2024-01-23 16:00:00,394.86,395.23,394.16,395.13,3072.0,8,0.0
2024-01-23 17:00:00,395.13,396.57,394.78,396.51,2062.0,8,0.0
2024-01-23 18:00:00,396.51,397.16,396.16,396.88,2252.0,8,0.0
2024-01-23 19:00:00,396.89,397.65,396.34,397.18,1829.0,8,0.0
2024-01-23 20:00:00,397.19,398.22,397.12,398.01,2004.0,8,0.0
2024-01-24 11:00:00,401.71,401.8,400.95,401.1,130.0,60,0.0
2024-01-24 12:00:00,401.3,401.32,400.68,401.12,220.0,40,0.0
2024-01-24 13:00:00,401.12,401.48,400.31,400.68,397.0,40,0.0
2024-01-24 14:00:00,400.63,402.05,399.84,402.02,2753.0,8,0.0
2024-01-24 15:00:00,402.0,404.11,401.48,402.92,3497.0,8,0.0
2024-01-24 16:00:00,402.94,403.62,401.91,403.5,3556.0,8,0.0
2024-01-24 17:00:00,403.5,405.03,403.36,404.74,2645.0,8,0.0
2024-01-24 18:00:00,404.72,404.93,403.29,403.69,2901.0,8,0.0
2024-01-24 19:00:00,403.69,403.8,401.93,402.51,3081.0,8,0.0
2024-01-24 20:00:00,402.49,403.17,401.79,402.96,2600.0,8,0.0
2024-01-25 11:00:00,401.01,403.44,401.01,403.35,222.0,40,0.0
2024-01-25 12:00:00,403.33,403.98,403.03,403.53,333.0,20,0.0
2024-01-25 13:00:00,403.54,405.02,403.53,404.79,692.0,20,0.0
2024-01-25 14:00:00,404.81,404.98,402.73,403.65,2828.0,8,0.0
2024-01-25 15:00:00,403.68,406.4,402.84,406.34,3375.0,8,0.0
2024-01-25 16:00:00,406.34,406.34,405.16,405.58,3629.0,8,0.0
2024-01-25 17:00:00,405.59,405.81,404.27,404.87,3656.0,8,0.0
2024-01-25 18:00:00,404.88,405.53,402.83,403.09,4074.0,8,0.0
2024-01-25 19:00:00,403.08,403.22,401.94,403.19,4234.0,8,0.0
2024-01-25 20:00:00,403.16,403.59,402.75,403.2,2638.0,8,0.0
2024-01-26 11:00:00,402.65,403.71,402.09,403.56,300.0,20,0.0
2024-01-26 12:00:00,403.49,404.08,403.26,403.33,387.0,20,0.0
2024-01-26 13:00:00,403.34,403.57,402.12,403.16,628.0,20,0.0
2024-01-26 14:00:00,403.25,403.91,402.28,403.22,2696.0,8,0.0
2024-01-26 15:00:00,403.2,405.13,402.35,404.51,4560.0,8,0.0
2024-01-26 16:00:00,404.5,405.39,403.83,405.06,3528.0,8,0.0
2024-01-26 17:00:00,405.07,405.55,402.09,402.7,3779.0,8,0.0
2024-01-26 18:00:00,402.69,403.06,401.81,402.37,3801.0,8,0.0
2024-01-26 19:00:00,402.37,403.41,402.18,403.12,3379.0,8,0.0
2024-01-26 20:00:00,403.13,403.36,402.35,402.98,2130.0,8,0.0
2024-01-29 11:00:00,405.72,407.02,405.63,406.14,300.0,20,0.0
2024-01-29 12:00:00,406.09,406.3,405.48,405.71,289.0,40,0.0
2024-01-29 13:00:00,405.71,406.21,405.45,405.92,462.0,20,0.0
2024-01-29 14:00:00,405.91,408.36,403.66,406.9,2676.0,20,0.0
2024-01-29 15:00:00,406.87,407.0,404.85,405.39,3193.0,8,0.0
2024-01-29 16:00:00,405.38,406.83,405.16,406.42,3061.0,8,0.0
2024-01-29 17:00:00,406.42,406.78,406.1,406.37,2934.0,8,0.0
2024-01-29 18:00:00,406.39,406.7,406.12,406.37,2194.0,8,0.0
2024-01-29 19:00:00,406.39,407.65,406.28,407.12,2186.0,8,0.0
2024-01-29 20:00:00,407.15,409.28,407.14,409.17,2638.0,8,0.0
2024-01-30 11:00:00,411.59,412.44,411.51,411.85,260.0,40,0.0
2024-01-30 12:00:00,411.86,412.58,411.58,412.04,466.0,40,0.0
2024-01-30 13:00:00,411.99,412.1,411.18,411.43,748.0,20,0.0
2024-01-30 14:00:00,411.43,412.98,409.54,410.09,3090.0,20,0.0
2024-01-30 15:00:00,410.04,410.29,408.3,408.75,2904.0,8,0.0
2024-01-30 16:00:00,408.77,409.82,408.77,408.97,2437.0,8,0.0
2024-01-30 17:00:00,408.99,409.15,405.74,406.47,2527.0,8,0.0
2024-01-30 18:00:00,406.47,407.57,406.1,407.36,2458.0,8,0.0
2024-01-30 19:00:00,407.38,407.8,406.62,407.32,2407.0,8,0.0
2024-01-30 20:00:00,407.32,408.54,406.93,408.35,2129.0,8,0.0
2024-01-31 11:00:00,401.79,404.44,400.78,404.39,418.0,40,0.0
2024-01-31 12:00:00,404.44,406.72,403.65,406.54,661.0,40,0.0
2024-01-31 13:00:00,406.53,407.87,404.76,405.31,1383.0,20,0.0
2024-01-31 14:00:00,405.31,414.57,404.48,405.83,8250.0,20,0.0
2024-01-31 15:00:00,405.92,406.0,401.85,402.6,4849.0,20,0.0
2024-01-31 16:00:00,402.62,404.56,401.42,402.17,2636.0,20,0.0
2024-01-31 17:00:00,402.21,402.98,400.61,401.66,2003.0,20,0.0
2024-01-31 18:00:00,401.64,402.86,401.57,402.18,1907.0,20,0.0
2024-01-31 19:00:00,402.18,403.43,399.8,401.95,4902.0,20,0.0
2024-01-31 20:00:00,402.03,402.03,397.36,397.93,3461.0,8,0.0
2024-02-01 11:00:00,400.42,401.8,400.39,400.64,472.0,40,0.0
2024-02-01 12:00:00,400.62,400.92,399.83,400.44,601.0,20,0.0
2024-02-01 13:00:00,400.44,401.14,399.6,400.96,969.0,20,0.0
2024-02-01 14:00:00,400.89,405.52,400.05,405.27,3987.0,20,0.0
2024-02-01 15:00:00,405.09,407.22,402.65,402.96,3996.0,8,0.0
2024-02-01 16:00:00,402.96,403.74,401.87,403.11,3195.0,8,0.0
2024-02-01 17:00:00,403.12,404.42,402.02,403.3,3267.0,8,0.0
2024-02-01 18:00:00,403.3,404.01,402.33,402.95,3073.0,8,0.0
2024-02-01 19:00:00,402.96,404.42,402.96,403.93,3245.0,8,0.0
2024-02-01 20:00:00,403.92,404.12,403.07,403.26,2451.0,8,0.0
2024-02-02 11:00:00,407.07,407.29,407.01,407.03,186.0,60,0.0
2024-02-02 12:00:00,407.07,407.38,406.68,407.38,241.0,40,0.0
2024-02-02 13:00:00,407.32,407.9,404.21,404.72,1190.0,40,0.0
2024-02-02 14:00:00,404.66,408.82,402.64,406.87,3975.0,20,0.0
2024-02-02 15:00:00,406.9,409.21,406.1,407.3,4097.0,8,0.0
2024-02-02 16:00:00,407.31,409.6,406.59,409.13,3594.0,8,0.0
2024-02-02 17:00:00,409.13,411.05,408.94,410.97,4066.0,8,0.0
2024-02-02 18:00:00,410.99,411.58,410.01,411.24,3895.0,8,0.0
2024-02-02 19:00:00,411.26,411.72,410.65,410.8,3459.0,8,0.0
2024-02-02 20:00:00,410.8,411.18,409.99,410.64,2937.0,8,0.0
2024-02-05 11:00:00,411.0,411.29,410.92,411.15,201.0,20,0.0
2024-02-05 12:00:00,411.35,411.48,410.75,411.08,506.0,20,0.0
2024-02-05 13:00:00,411.07,411.07,410.07,410.27,486.0,20,0.0
2024-02-05 14:00:00,410.27,410.67,406.59,407.45,3416.0,20,0.0
2024-02-05 15:00:00,407.49,407.72,403.48,403.86,3964.0,8,0.0
2024-02-05 16:00:00,403.87,405.76,403.23,405.58,3498.0,8,0.0
2024-02-05 17:00:00,405.56,406.07,404.85,405.11,3205.0,8,0.0
2024-02-05 18:00:00,405.12,405.36,404.08,404.46,2953.0,8,0.0
2024-02-05 19:00:00,404.47,405.32,404.09,404.99,2693.0,8,0.0
2024-02-05 20:00:00,405.01,405.03,403.92,404.33,2553.0,8,0.0
2024-02-06 11:00:00,405.96,406.03,404.14,404.22,327.0,40,0.0
2024-02-06 12:00:00,404.22,404.75,403.74,404.15,309.0,20,0.0
2024-02-06 13:00:00,404.15,405.9,404.05,405.41,425.0,20,0.0
2024-02-06 14:00:00,405.44,407.14,404.27,404.27,2901.0,20,0.0
2024-02-06 15:00:00,404.27,404.54,402.77,403.94,3811.0,8,0.0
2024-02-06 16:00:00,403.93,404.41,403.19,403.21,3497.0,8,0.0
2024-02-06 17:00:00,403.24,403.71,402.82,402.87,3266.0,8,0.0
2024-02-06 18:00:00,402.86,404.06,402.82,404.05,2930.0,8,0.0
2024-02-06 19:00:00,404.03,404.07,402.19,403.08,2923.0,8,0.0
2024-02-06 20:00:00,403.1,403.86,402.99,403.34,1777.0,8,0.0
2024-02-07 11:00:00,405.09,405.71,405.01,405.4,175.0,40,0.0
2024-02-07 12:00:00,405.38,405.88,405.06,405.83,200.0,40,0.0
2024-02-07 13:00:00,405.81,407.12,405.61,406.38,530.0,20,0.0
2024-02-07 14:00:00,406.43,409.14,406.4,408.38,2655.0,8,0.0
2024-02-07 15:00:00,408.41,411.65,408.41,410.54,3934.0,8,0.0
2024-02-07 16:00:00,410.53,411.27,409.99,410.99,4291.0,8,0.0
2024-02-07 17:00:00,410.99,411.67,410.45,411.3,3697.0,8,0.0
2024-02-07 18:00:00,411.28,412.43,410.73,412.34,3111.0,8,0.0
2024-02-07 19:00:00,412.34,412.4,411.71,412.19,2501.0,8,0.0
2024-02-07 20:00:00,412.16,413.15,411.89,413.03,2054.0,8,0.0
2024-02-08 11:00:00,411.46,412.02,411.42,411.92,257.0,40,0.0
2024-02-08 12:00:00,411.9,413.47,411.9,411.96,243.0,40,0.0
2024-02-08 13:00:00,411.96,412.54,411.73,412.38,340.0,20,0.0
2024-02-08 14:00:00,412.38,414.77,412.33,413.1,2284.0,20,0.0
2024-02-08 15:00:00,413.21,414.15,412.33,413.81,3235.0,8,0.0
2024-02-08 16:00:00,413.81,413.82,411.85,412.64,2468.0,8,0.0
2024-02-08 17:00:00,412.63,412.72,412.03,412.55,2069.0,8,0.0
2024-02-08 18:00:00,412.55,413.4,412.41,412.81,2262.0,8,0.0
2024-02-08 19:00:00,412.83,412.9,411.79,412.69,2287.0,8,0.0
2024-02-08 20:00:00,412.69,413.28,412.62,413.02,1492.0,8,0.0
2024-02-09 11:00:00,414.85,415.6,414.7,415.36,220.0,40,0.0
2024-02-09 12:00:00,415.26,415.27,414.89,415.16,247.0,40,0.0
2024-02-09 13:00:00,415.15,416.25,415.07,415.93,609.0,20,0.0
2024-02-09 14:00:00,415.92,416.59,414.15,416.55,2396.0,20,0.0
2024-02-09 15:00:00,416.59,418.7,416.13,418.12,2906.0,8,0.0
2024-02-09 16:00:00,418.09,419.57,417.83,418.77,2410.0,8,0.0
2024-02-09 17:00:00,418.79,419.26,418.09,419.01,2102.0,8,0.0
2024-02-09 18:00:00,419.01,419.1,418.54,418.75,1994.0,8,0.0
2024-02-09 19:00:00,418.75,419.63,418.71,419.4,1871.0,8,0.0
2024-02-09 20:00:00,419.41,419.84,419.06,419.79,1591.0,8,0.0
2024-02-12 11:00:00,419.76,420.32,419.64,419.82,291.0,20,0.0
2024-02-12 12:00:00,419.89,420.41,419.79,419.81,263.0,20,0.0
2024-02-12 13:00:00,419.81,420.12,419.26,419.48,349.0,20,0.0
2024-02-12 14:00:00,419.48,419.86,416.3,416.3,2518.0,20,0.0
2024-02-12 15:00:00,416.32,418.39,415.94,418.23,2375.0,8,0.0
2024-02-12 16:00:00,418.23,418.85,417.22,418.4,2549.0,8,0.0
2024-02-12 17:00:00,418.42,418.58,417.49,418.32,2602.0,8,0.0
2024-02-12 18:00:00,418.32,418.39,415.68,416.44,3225.0,8,0.0
2024-02-12 19:00:00,416.43,416.5,414.05,414.21,4143.0,8,0.0
2024-02-12 20:00:00,414.19,415.38,414.01,414.51,2225.0,8,0.0
2024-02-13 11:00:00,410.99,411.08,408.82,409.67,379.0,40,0.0
2024-02-13 12:00:00,409.66,410.52,407.9,409.11,617.0,40,0.0
2024-02-13 13:00:00,409.12,410.41,405.42,405.95,1732.0,20,0.0
2024-02-13 14:00:00,405.9,406.84,402.57,406.72,4489.0,20,0.0
2024-02-13 15:00:00,406.68,409.23,405.2,407.41,3945.0,8,0.0
2024-02-13 16:00:00,407.43,408.97,407.01,407.09,3367.0,8,0.0
2024-02-13 17:00:00,407.09,407.51,406.04,406.09,3329.0,8,0.0
2024-02-13 18:00:00,406.07,407.04,405.47,405.57,3161.0,8,0.0
2024-02-13 19:00:00,405.57,405.67,403.78,404.38,3982.0,8,0.0
2024-02-13 20:00:00,404.36,405.45,403.96,405.3,2611.0,8,0.0
2024-02-14 11:00:00,410.32,410.35,409.53,409.89,166.0,60,0.0
2024-02-14 12:00:00,409.93,409.93,408.86,408.93,380.0,40,0.0
2024-02-14 13:00:00,408.93,409.39,407.88,408.24,554.0,20,0.0
2024-02-14 14:00:00,408.29,408.69,404.47,405.23,3008.0,20,0.0
2024-02-14 15:00:00,405.26,407.06,404.96,405.72,3208.0,8,0.0
2024-02-14 16:00:00,405.71,406.84,405.14,405.28,3534.0,8,0.0
2024-02-14 17:00:00,405.31,407.52,405.16,407.01,3380.0,8,0.0
2024-02-14 18:00:00,407.02,407.77,406.04,407.2,3368.0,8,0.0
2024-02-14 19:00:00,407.2,407.33,405.9,407.27,3398.0,8,0.0
2024-02-14 20:00:00,407.25,408.7,406.99,408.67,2322.0,8,0.0
2024-02-15 11:00:00,410.62,411.12,410.62,411.12,148.0,40,0.0
2024-02-15 12:00:00,411.12,411.13,410.39,410.76,221.0,40,0.0
2024-02-15 13:00:00,410.76,411.29,410.11,410.22,741.0,20,0.0
2024-02-15 14:00:00,410.21,410.75,405.43,405.66,2558.0,20,0.0
2024-02-15 15:00:00,405.63,406.31,404.61,406.01,3665.0,8,0.0
2024-02-15 16:00:00,406.03,406.11,404.21,404.59,3445.0,8,0.0
2024-02-15 17:00:00,404.6,405.9,404.4,405.33,2568.0,8,0.0
2024-02-15 18:00:00,405.33,406.21,405.09,405.81,2612.0,8,0.0
2024-02-15 19:00:00,405.81,406.13,404.8,405.69,2649.0,8,0.0
2024-02-15 20:00:00,405.7,406.54,405.56,406.33,1997.0,8,0.0
2024-02-16 11:00:00,408.29,408.37,408.15,408.36,163.0,40,0.0
2024-02-16 12:00:00,408.36,408.36,407.05,408.1,414.0,40,0.0
2024-02-16 13:00:00,408.12,408.51,406.01,406.78,907.0,20,0.0
2024-02-16 14:00:00,406.78,408.21,403.46,404.59,2811.0,8,0.0
2024-02-16 15:00:00,404.46,405.66,403.51,405.62,4706.0,8,0.0
2024-02-16 16:00:00,405.64,406.5,405.13,405.94,3703.0,8,0.0
2024-02-16 17:00:00,405.92,406.16,405.44,405.67,3124.0,8,0.0
2024-02-16 18:00:00,405.65,406.29,404.73,406.29,3099.0,8,0.0
2024-02-16 19:00:00,406.29,407.4,404.4,404.75,3330.0,8,0.0
2024-02-16 20:00:00,404.77,404.93,403.7,403.95,3183.0,8,0.0
2024-02-20 11:00:00,400.08,400.99,400.01,400.66,304.0,40,0.0
2024-02-20 12:00:00,400.76,403.02,400.76,401.88,427.0,40,0.0
2024-02-20 13:00:00,401.81,404.46,401.77,403.28,618.0,20,0.0
2024-02-20 14:00:00,403.3,404.34,399.5,399.63,3448.0,20,0.0
2024-02-20 15:00:00,399.6,400.5,397.92,400.5,4927.0,8,0.0
2024-02-20 16:00:00,400.52,402.11,399.77,399.77,4380.0,8,0.0
2024-02-20 17:00:00,399.75,399.93,398.47,399.53,3936.0,8,0.0
2024-02-20 18:00:00,399.53,400.89,399.28,400.55,3688.0,8,0.0
2024-02-20 19:00:00,400.55,401.58,400.09,401.53,3837.0,8,0.0
2024-02-20 20:00:00,401.55,402.63,400.16,401.11,3166.0,8,0.0
2024-02-21 11:00:00,401.19,401.19,400.56,400.65,354.0,8,0.0
2024-02-21 12:00:00,400.66,400.74,399.6,399.64,452.0,20,0.0
2024-02-21 13:00:00,399.7,400.16,399.6,399.84,458.0,20,0.0
2024-02-21 14:00:00,399.85,400.32,397.15,398.69,2983.0,8,0.0
2024-02-21 15:00:00,398.64,400.4,398.64,399.68,5015.0,8,0.0
2024-02-21 16:00:00,399.66,400.67,399.16,399.97,3724.0,8,0.0
2024-02-21 17:00:00,399.98,400.11,398.68,399.52,3582.0,8,0.0
2024-02-21 18:00:00,399.52,399.95,398.53,398.98,3633.0,8,0.0
2024-02-21 19:00:00,398.97,399.87,397.52,398.71,5052.0,8,0.0
2024-02-21 20:00:00,398.72,400.41,398.1,400.27,3518.0,8,0.0
2024-02-22 11:00:00,408.31,409.62,408.24,409.33,240.0,60,0.0
2024-02-22 12:00:00,409.2,409.63,408.47,409.6,431.0,60,0.0
2024-02-22 13:00:00,409.6,410.45,409.24,409.38,525.0,60,0.0
2024-02-22 14:00:00,409.49,412.68,408.38,410.76,2752.0,20,0.0
2024-02-22 15:00:00,410.78,412.16,409.27,409.55,4034.0,8,0.0
2024-02-22 16:00:00,409.58,410.31,408.82,408.94,3583.0,8,0.0
2024-02-22 17:00:00,408.95,409.72,408.59,409.66,2718.0,8,0.0
2024-02-22 18:00:00,409.65,410.82,409.26,410.62,2299.0,8,0.0
2024-02-22 19:00:00,410.62,411.62,410.51,410.8,2723.0,8,0.0
2024-02-22 20:00:00,410.8,411.85,410.74,411.65,2243.0,8,0.0
2024-02-23 11:00:00,412.65,413.99,412.61,413.85,248.0,60,0.0
2024-02-23 12:00:00,413.84,413.84,412.63,412.95,338.0,60,0.0
2024-02-23 13:00:00,412.92,414.47,412.51,414.17,389.0,60,0.0
2024-02-23 14:00:00,414.17,415.45,413.32,414.16,2059.0,8,0.0
2024-02-23 15:00:00,414.18,414.18,411.25,411.35,3936.0,8,0.0
2024-02-23 16:00:00,411.36,411.51,409.2,410.13,3940.0,8,0.0
2024-02-23 17:00:00,410.12,410.37,408.94,409.74,3641.0,8,0.0
2024-02-23 18:00:00,409.72,410.33,409.48,410.32,2969.0,8,0.0
2024-02-23 19:00:00,410.33,410.73,409.71,410.49,3338.0,8,0.0
2024-02-23 20:00:00,410.5,410.56,409.5,410.11,2392.0,8,0.0
2024-02-26 11:00:00,410.4,411.32,410.39,410.61,195.0,60,0.0
2024-02-26 12:00:00,410.6,410.66,409.87,409.93,228.0,60,0.0
2024-02-26 13:00:00,409.94,411.25,409.82,410.99,374.0,60,0.0
2024-02-26 14:00:00,410.98,411.95,408.52,408.59,1871.0,8,0.0
2024-02-26 15:00:00,408.63,410.27,408.23,409.4,3819.0,8,0.0
2024-02-26 16:00:00,409.42,409.68,407.97,408.98,2935.0,8,0.0
2024-02-26 17:00:00,409.0,409.55,408.43,408.67,2373.0,8,0.0
2024-02-26 18:00:00,408.69,409.37,408.27,409.36,2879.0,8,0.0
2024-02-26 19:00:00,409.36,409.42,408.7,408.72,2197.0,8,0.0
2024-02-26 20:00:00,408.74,408.95,407.46,407.48,2187.0,8,0.0
2024-02-27 11:00:00,407.74,407.9,406.31,406.68,221.0,60,0.0
2024-02-27 12:00:00,406.66,407.63,406.66,407.16,225.0,60,0.0
2024-02-27 13:00:00,407.17,407.17,406.29,406.73,432.0,60,0.0
2024-02-27 14:00:00,406.68,408.0,405.31,406.03,1890.0,8,0.0
2024-02-27 15:00:00,406.04,407.45,405.73,406.55,4053.0,8,0.0
2024-02-27 16:00:00,406.57,406.65,405.14,405.54,3236.0,8,0.0
2024-02-27 17:00:00,405.56,406.07,403.93,404.12,2729.0,8,0.0
2024-02-27 18:00:00,404.11,406.2,403.74,406.06,2829.0,8,0.0
2024-02-27 19:00:00,406.06,407.41,406.0,407.31,2649.0,8,0.0
2024-02-27 20:00:00,407.3,407.33,405.96,406.4,1814.0,8,0.0
2024-02-28 11:00:00,405.45,405.65,405.12,405.13,159.0,60,0.0
2024-02-28 12:00:00,405.14,406.52,405.14,405.89,294.0,60,0.0
2024-02-28 13:00:00,405.91,406.79,405.84,406.76,446.0,60,0.0
2024-02-28 14:00:00,406.78,408.99,405.29,405.36,1765.0,20,0.0
2024-02-28 15:00:00,405.32,407.6,405.24,406.89,2456.0,8,0.0
2024-02-28 16:00:00,406.93,407.88,406.93,407.28,2495.0,8,0.0
2024-02-28 17:00:00,407.28,407.53,405.97,406.52,2475.0,8,0.0
2024-02-28 18:00:00,406.52,407.56,406.01,407.56,2276.0,8,0.0
2024-02-28 19:00:00,407.58,407.74,406.18,407.11,2768.0,8,0.0
2024-02-28 20:00:00,407.14,407.87,406.59,407.29,1714.0,8,0.0
2024-02-29 11:00:00,405.36,406.42,405.34,406.42,173.0,60,0.0
2024-02-29 12:00:00,406.44,406.63,405.83,405.97,200.0,60,0.0
2024-02-29 13:00:00,406.04,409.4,405.98,408.87,768.0,60,0.0
2024-02-29 14:00:00,408.82,410.08,407.6,409.72,1890.0,8,0.0
2024-02-29 15:00:00,409.69,410.03,407.35,407.63,3405.0,8,0.0
2024-02-29 16:00:00,407.63,408.64,405.84,407.72,4178.0,8,0.0
2024-02-29 17:00:00,407.71,408.88,407.45,408.63,3466.0,8,0.0
2024-02-29 18:00:00,408.65,409.63,408.53,409.6,2504.0,8,0.0
2024-02-29 19:00:00,409.62,410.11,409.17,409.85,2663.0,8,0.0
2024-02-29 20:00:00,409.86,410.87,409.61,410.74,2053.0,8,0.0
2024-03-01 11:00:00,412.14,412.51,411.99,412.37,211.0,60,0.0
2024-03-01 12:00:00,412.37,413.0,411.94,412.2,372.0,60,0.0
2024-03-01 13:00:00,412.28,412.97,412.11,412.61,395.0,60,0.0
2024-03-01 14:00:00,412.6,414.84,410.63,412.15,2164.0,8,0.0
2024-03-01 15:00:00,412.31,413.05,411.62,412.16,3790.0,8,0.0
2024-03-01 16:00:00,412.18,413.43,411.91,412.68,3358.0,8,0.0
2024-03-01 17:00:00,412.7,414.1,412.42,414.06,2653.0,8,0.0
2024-03-01 18:00:00,414.08,415.19,413.83,415.02,2216.0,8,0.0
2024-03-01 19:00:00,415.04,415.69,414.44,415.26,2860.0,8,0.0
2024-03-01 20:00:00,415.26,415.82,414.59,415.54,2549.0,8,0.0
2024-03-04 11:00:00,413.9,414.01,412.77,413.48,216.0,60,0.0
2024-03-04 12:00:00,413.49,413.97,413.19,413.2,398.0,60,0.0
2024-03-04 13:00:00,413.23,413.62,413.12,413.33,328.0,60,0.0
2024-03-04 14:00:00,413.33,416.13,411.63,416.03,2051.0,20,0.0
2024-03-04 15:00:00,416.06,417.25,414.22,415.83,3095.0,8,0.0
2024-03-04 16:00:00,415.85,416.08,414.87,416.0,3030.0,8,0.0
2024-03-04 17:00:00,416.02,416.49,415.63,415.9,2206.0,8,0.0
2024-03-04 18:00:00,415.89,416.01,414.86,415.57,2010.0,8,0.0
2024-03-04 19:00:00,415.58,415.61,414.55,415.09,2121.0,8,0.0
2024-03-04 20:00:00,415.1,415.76,414.58,415.27,1915.0,8,0.0
2024-03-05 11:00:00,412.07,412.57,412.05,412.52,214.0,60,0.0
2024-03-05 12:00:00,412.47,413.82,412.19,413.34,337.0,60,0.0
2024-03-05 13:00:00,413.36,413.65,412.11,412.27,301.0,60,0.0
2024-03-05 14:00:00,412.26,413.9,406.19,406.88,2511.0,8,0.0
2024-03-05 15:00:00,406.96,407.33,402.05,403.34,5095.0,8,0.0
2024-03-05 16:00:00,403.35,405.13,402.87,404.1,4076.0,8,0.0
2024-03-05 17:00:00,404.1,404.66,403.32,403.34,2775.0,8,0.0
2024-03-05 18:00:00,403.34,403.42,401.2,401.48,3133.0,8,0.0
2024-03-05 19:00:00,401.5,402.55,400.62,401.26,3345.0,8,0.0
2024-03-05 20:00:00,401.28,402.21,400.59,401.69,2889.0,8,0.0
2024-03-06 11:00:00,405.09,405.26,404.08,404.3,361.0,60,0.0
2024-03-06 12:00:00,404.37,405.74,404.31,405.55,398.0,60,0.0
2024-03-06 13:00:00,405.52,406.21,404.95,405.67,491.0,60,0.0
2024-03-06 14:00:00,405.64,405.67,401.14,401.36,2586.0,20,0.0
2024-03-06 15:00:00,401.32,402.84,398.3,402.3,4573.0,8,0.0
2024-03-06 16:00:00,402.34,404.83,401.83,404.55,3923.0,8,0.0
2024-03-06 17:00:00,404.53,405.11,403.54,403.82,3337.0,8,0.0
2024-03-06 18:00:00,403.83,404.47,401.94,403.03,3911.0,8,0.0
2024-03-06 19:00:00,403.03,403.17,401.08,401.47,5024.0,8,0.0
2024-03-06 20:00:00,401.46,402.01,400.39,401.78,3982.0,8,0.0
2024-03-07 11:00:00,405.38,406.22,405.14,405.39,275.0,60,0.0
2024-03-07 12:00:00,405.35,405.35,403.99,404.63,315.0,60,0.0
2024-03-07 13:00:00,404.6,405.84,404.08,405.5,457.0,60,0.0
2024-03-07 14:00:00,405.5,406.39,402.15,404.18,2265.0,8,0.0
2024-03-07 15:00:00,404.19,408.16,403.83,407.52,4411.0,8,0.0
2024-03-07 16:00:00,407.53,408.53,406.83,407.97,3620.0,8,0.0
2024-03-07 17:00:00,407.95,408.76,407.73,408.16,3006.0,8,0.0
2024-03-07 18:00:00,408.16,409.74,407.64,409.18,2626.0,8,0.0
2024-03-07 19:00:00,409.19,409.59,408.36,408.48,2439.0,8,0.0
2024-03-07 20:00:00,408.46,409.06,407.62,408.94,2555.0,8,0.0
2024-03-08 11:00:00,407.18,407.34,406.7,406.94,238.0,60,0.0
2024-03-08 12:00:00,407.08,407.57,406.79,407.15,334.0,60,0.0
2024-03-08 13:00:00,407.18,408.72,406.26,407.5,1033.0,60,0.0
2024-03-08 14:00:00,407.56,409.08,406.43,408.94,2469.0,8,0.0
2024-03-08 15:00:00,408.98,410.32,408.28,408.8,4641.0,8,0.0
2024-03-08 16:00:00,408.8,408.83,406.45,407.26,5193.0,8,0.0
2024-03-08 17:00:00,407.25,408.19,404.5,405.05,4492.0,8,0.0
2024-03-08 18:00:00,405.04,406.29,404.28,405.17,4232.0,8,0.0
2024-03-08 19:00:00,405.17,407.36,405.06,407.02,4017.0,8,0.0
2024-03-08 20:00:00,407.01,407.67,405.37,405.88,3722.0,8,0.0
2024-03-11 10:00:00,403.86,403.86,403.86,403.86,1.0,40,0.0
2024-03-11 11:00:00,403.85,404.89,403.78,403.91,391.0,60,0.0
2024-03-11 12:00:00,403.93,403.94,402.98,403.49,399.0,60,0.0
2024-03-11 13:00:00,403.53,404.18,401.58,401.86,2114.0,8,0.0
2024-03-11 14:00:00,401.87,404.54,401.18,403.71,4702.0,8,0.0
2024-03-11 15:00:00,403.67,404.08,402.06,403.83,4249.0,8,0.0
2024-03-11 16:00:00,403.85,404.24,402.73,404.03,3144.0,8,0.0
2024-03-11 17:00:00,404.04,404.93,403.3,404.44,3428.0,8,0.0
2024-03-11 18:00:00,404.46,405.62,404.13,405.16,2848.0,8,0.0
2024-03-11 19:00:00,405.14,405.34,404.49,405.09,2345.0,8,0.0
2024-03-12 10:00:00,406.1,406.4,406.02,406.29,162.0,60,0.0
2024-03-12 11:00:00,406.3,406.47,406.19,406.32,137.0,60,0.0
2024-03-12 12:00:00,406.37,407.39,404.03,406.95,971.0,60,0.0
2024-03-12 13:00:00,406.96,409.52,405.25,409.51,2297.0,8,0.0
2024-03-12 14:00:00,409.52,414.39,409.45,413.24,4898.0,8,0.0
2024-03-12 15:00:00,413.26,414.14,412.6,413.18,4348.0,8,0.0
2024-03-12 16:00:00,413.16,413.66,411.78,412.43,3793.0,8,0.0
2024-03-12 17:00:00,412.44,414.84,411.64,414.06,3609.0,8,0.0
2024-03-12 18:00:00,414.08,415.43,413.91,414.79,3048.0,8,0.0
2024-03-12 19:00:00,414.79,415.4,414.35,414.94,2549.0,8,0.0
2024-03-13 10:00:00,414.66,416.5,414.66,416.29,204.0,40,0.0
2024-03-13 11:00:00,416.25,418.53,416.24,417.19,446.0,60,0.0
2024-03-13 12:00:00,417.29,418.38,416.31,417.41,662.0,60,0.0
2024-03-13 13:00:00,417.42,418.26,412.11,412.14,2567.0,20,0.0
2024-03-13 14:00:00,412.16,414.74,411.35,413.93,3072.0,8,0.0
2024-03-13 15:00:00,413.97,415.16,413.67,414.75,3131.0,8,0.0
2024-03-13 16:00:00,414.75,415.44,414.33,415.07,2663.0,8,0.0
2024-03-13 17:00:00,415.07,416.01,414.91,415.69,2654.0,8,0.0
2024-03-13 18:00:00,415.69,416.54,415.43,415.98,2345.0,8,0.0
2024-03-13 19:00:00,415.97,416.11,413.79,415.47,2545.0,8,0.0
2024-03-14 10:00:00,418.15,418.46,418.13,418.46,174.0,60,0.0
2024-03-14 11:00:00,418.43,418.89,418.19,418.34,267.0,60,0.0
2024-03-14 12:00:00,418.39,418.94,417.04,418.02,709.0,60,0.0
2024-03-14 13:00:00,418.01,424.79,416.76,422.52,3777.0,20,0.0
2024-03-14 14:00:00,422.48,426.72,420.71,425.25,4235.0,20,0.0
2024-03-14 15:00:00,425.28,427.66,424.73,425.19,3226.0,8,0.0
2024-03-14 16:00:00,425.18,425.43,423.51,424.54,3619.0,8,0.0
2024-03-14 17:00:00,424.52,425.43,422.65,425.35,3413.0,8,0.0
2024-03-14 18:00:00,425.37,427.06,425.31,425.66,3271.0,8,0.0
2024-03-14 19:00:00,425.64,425.64,422.48,423.85,2568.0,8,0.0
2024-03-15 10:00:00,428.1,428.61,428.1,428.31,193.0,60,0.0
2024-03-15 11:00:00,428.27,428.27,426.88,426.98,266.0,60,0.0
2024-03-15 12:00:00,426.91,427.58,426.12,426.77,542.0,60,0.0
2024-03-15 13:00:00,426.76,426.87,416.87,418.29,4148.0,20,0.0
2024-03-15 14:00:00,418.3,419.13,415.62,417.97,3712.0,20,0.0
2024-03-15 15:00:00,417.98,418.22,414.95,415.14,2985.0,8,0.0
2024-03-15 16:00:00,415.15,415.66,412.66,413.12,2732.0,8,0.0
2024-03-15 17:00:00,413.11,415.08,412.96,415.07,3058.0,8,0.0
2024-03-15 18:00:00,415.07,416.14,414.19,415.85,2660.0,8,0.0
2024-03-15 19:00:00,415.86,416.96,415.51,416.08,2067.0,8,0.0
2024-03-18 11:00:00,414.14,419.14,411.35,414.69,456.0,60,0.0
2024-03-18 12:00:00,414.69,414.83,411.69,412.59,650.0,60,0.0
2024-03-18 13:00:00,412.2,419.32,412.13,417.27,2397.0,20,0.0
2024-03-18 14:00:00,417.32,420.55,417.29,419.03,3506.0,8,0.0
2024-03-18 15:00:00,419.05,419.22,417.59,418.24,3444.0,8,0.0
2024-03-18 16:00:00,418.24,419.43,417.76,417.84,3256.0,8,0.0
2024-03-18 17:00:00,417.83,418.52,417.07,418.07,2834.0,8,0.0
2024-03-18 18:00:00,418.07,419.23,417.91,418.64,2851.0,8,0.0
2024-03-18 19:00:00,418.65,419.57,418.56,419.02,1968.0,8,0.0
2024-03-19 10:00:00,416.11,417.13,416.05,416.18,167.0,60,0.0
2024-03-19 11:00:00,416.19,416.25,414.7,415.19,376.0,60,0.0
2024-03-19 12:00:00,415.18,415.23,413.82,414.49,428.0,60,0.0
2024-03-19 13:00:00,414.42,419.02,413.94,418.39,2253.0,20,0.0
2024-03-19 14:00:00,418.37,420.44,417.99,419.78,3343.0,8,0.0
2024-03-19 15:00:00,419.76,421.51,419.69,420.8,2931.0,8,0.0
2024-03-19 16:00:00,420.79,421.46,420.33,420.47,3088.0,8,0.0
2024-03-19 17:00:00,420.48,421.23,419.96,420.1,2994.0,8,0.0
2024-03-19 18:00:00,420.1,420.1,418.92,419.37,2871.0,8,0.0
2024-03-19 19:00:00,419.36,420.45,419.13,420.22,2305.0,8,0.0
2024-03-20 10:00:00,420.46,421.07,420.42,420.95,103.0,60,0.0
2024-03-20 11:00:00,420.94,422.45,420.94,422.22,259.0,60,0.0
2024-03-20 12:00:00,422.23,422.23,420.69,420.96,355.0,60,0.0
2024-03-20 13:00:00,420.97,422.38,420.6,421.66,1807.0,20,0.0
2024-03-20 14:00:00,421.7,422.33,420.5,420.83,3452.0,8,0.0
2024-03-20 15:00:00,420.85,422.66,420.81,422.36,2510.0,8,0.0
2024-03-20 16:00:00,422.34,423.26,422.02,423.2,2269.0,8,0.0
2024-03-20 17:00:00,423.18,423.18,420.9,421.49,2466.0,8,0.0
2024-03-20 18:00:00,421.49,425.0,421.49,424.43,4558.0,20,0.0
2024-03-20 19:00:00,424.48,425.76,423.6,424.0,3228.0,8,0.0
2024-03-21 10:00:00,427.49,427.57,427.3,427.39,73.0,60,0.0
2024-03-21 11:00:00,427.38,428.73,427.28,428.56,299.0,60,0.0
2024-03-21 12:00:00,428.55,429.13,428.27,428.56,389.0,60,0.0
2024-03-21 13:00:00,428.5,430.09,426.99,428.78,2174.0,20,0.0
2024-03-21 14:00:00,428.79,429.0,426.65,427.47,2772.0,8,0.0
2024-03-21 15:00:00,427.51,428.62,426.71,428.45,2695.0,8,0.0
2024-03-21 16:00:00,428.45,430.01,428.35,429.62,2471.0,8,0.0
2024-03-21 17:00:00,429.68,429.68,428.34,428.72,2621.0,8,0.0
2024-03-21 18:00:00,428.7,429.45,428.13,428.81,3303.0,8,0.0
2024-03-21 19:00:00,428.81,429.45,428.33,428.92,2159.0,8,0.0
2024-03-22 10:00:00,430.09,430.18,430.07,430.16,24.0,60,0.0
2024-03-22 11:00:00,430.12,430.12,427.35,427.72,372.0,60,0.0
2024-03-22 12:00:00,427.74,427.99,427.31,427.75,368.0,60,0.0
2024-03-22 13:00:00,427.78,428.94,426.71,427.42,1653.0,20,0.0
2024-03-22 14:00:00,427.45,428.6,426.22,426.61,3228.0,8,0.0
2024-03-22 15:00:00,426.63,427.2,425.66,426.65,3038.0,8,0.0
2024-03-22 16:00:00,426.66,427.91,425.62,427.9,2693.0,8,0.0
2024-03-22 17:00:00,427.89,428.75,427.76,428.75,2106.0,8,0.0
2024-03-22 18:00:00,428.73,429.32,428.5,428.69,2385.0,8,0.0
2024-03-22 19:00:00,428.69,428.79,427.62,428.38,2037.0,8,0.0
2024-03-25 10:00:00,425.62,425.87,424.55,425.16,231.0,60,0.0
2024-03-25 11:00:00,425.24,425.35,424.48,424.76,277.0,60,0.0
2024-03-25 12:00:00,424.77,425.52,424.48,425.48,352.0,60,0.0
2024-03-25 13:00:00,425.47,426.67,421.14,422.74,2114.0,20,0.0
2024-03-25 14:00:00,422.71,424.79,421.92,424.52,2575.0,8,0.0
2024-03-25 15:00:00,424.52,424.67,423.58,424.07,2378.0,8,0.0
2024-03-25 16:00:00,424.07,424.73,423.67,423.89,2125.0,8,0.0
2024-03-25 17:00:00,423.88,424.13,422.65,422.84,1874.0,8,0.0
2024-03-25 18:00:00,422.86,423.9,422.62,423.81,1735.0,8,0.0
2024-03-25 19:00:00,423.82,423.83,422.94,423.15,1464.0,8,0.0
2024-03-26 10:00:00,425.23,425.34,424.31,424.71,180.0,60,0.0
2024-03-26 11:00:00,424.7,424.83,424.01,424.15,246.0,60,0.0
2024-03-26 12:00:00,424.19,424.49,423.71,423.89,345.0,60,0.0
2024-03-26 13:00:00,423.9,425.15,422.4,423.09,1510.0,20,0.0
2024-03-26 14:00:00,423.09,424.35,423.09,423.79,2848.0,8,0.0
2024-03-26 15:00:00,423.81,424.36,423.15,424.32,2458.0,8,0.0
2024-03-26 16:00:00,424.31,424.56,421.94,422.23,2316.0,8,0.0
2024-03-26 17:00:00,422.23,422.55,421.67,422.3,1961.0,8,0.0
2024-03-26 18:00:00,422.3,422.75,421.97,422.69,1709.0,8,0.0
2024-03-26 19:00:00,422.71,423.22,421.84,421.85,1860.0,8,0.0
2024-03-27 10:00:00,421.51,422.16,421.11,422.11,140.0,40,0.0
2024-03-27 11:00:00,422.16,422.16,421.3,421.72,213.0,60,0.0
2024-03-27 12:00:00,421.74,422.82,421.7,422.62,271.0,40,0.0
2024-03-27 13:00:00,422.62,423.71,421.37,421.83,1722.0,20,0.0
2024-03-27 14:00:00,421.83,421.92,419.74,420.27,3660.0,8,0.0
2024-03-27 15:00:00,420.27,420.51,418.82,418.84,3279.0,8,0.0
2024-03-27 16:00:00,418.84,419.99,418.78,419.79,2951.0,8,0.0
2024-03-27 17:00:00,419.79,419.92,418.85,419.11,2356.0,8,0.0
2024-03-27 18:00:00,419.11,419.79,418.75,418.94,2463.0,8,0.0
2024-03-27 19:00:00,418.92,421.22,418.53,421.19,2841.0,8,0.0
2024-03-28 10:00:00,420.44,420.85,420.36,420.6,163.0,60,0.0
2024-03-28 11:00:00,420.59,420.97,420.48,420.85,188.0,60,0.0
2024-03-28 12:00:00,420.94,421.31,420.33,420.8,229.0,60,0.0
2024-03-28 13:00:00,420.9,421.19,418.47,420.38,1806.0,20,0.0
2024-03-28 14:00:00,420.51,421.22,419.89,420.85,3147.0,8,0.0
2024-03-28 15:00:00,420.81,421.09,420.14,420.46,2815.0,8,0.0
2024-03-28 16:00:00,420.47,420.48,419.22,419.66,2512.0,8,0.0
2024-03-28 17:00:00,419.68,419.88,419.25,419.72,2159.0,8,0.0
2024-03-28 18:00:00,419.73,420.89,419.46,420.69,2362.0,8,0.0
2024-03-28 19:00:00,420.69,421.11,420.0,420.65,2217.0,8,0.0
2024-04-01 10:00:00,423.74,424.11,423.7,423.7,98.0,60,0.0
2024-04-01 11:00:00,423.66,423.66,421.82,422.71,204.0,60,0.0
2024-04-01 12:00:00,422.72,422.98,421.86,422.85,368.0,60,0.0
2024-04-01 13:00:00,422.85,427.16,421.74,423.69,2372.0,20,0.0
2024-04-01 14:00:00,423.62,425.51,423.16,423.48,3037.0,8,0.0
2024-04-01 15:00:00,423.46,424.3,422.08,422.62,2823.0,8,0.0
2024-04-01 16:00:00,422.64,424.1,422.56,422.66,2430.0,8,0.0
2024-04-01 17:00:00,422.67,423.11,421.69,422.14,2190.0,8,0.0
2024-04-01 18:00:00,422.16,422.73,421.87,422.56,1913.0,8,0.0
2024-04-01 19:00:00,422.56,423.32,422.37,423.11,1806.0,8,0.0
2024-04-02 10:00:00,423.38,423.54,422.54,423.15,276.0,60,0.0
2024-04-02 11:00:00,423.2,423.4,422.32,422.35,272.0,60,0.0
2024-04-02 12:00:00,422.34,422.4,419.55,420.18,450.0,60,0.0
2024-04-02 13:00:00,420.08,421.0,418.57,418.83,2445.0,20,0.0
2024-04-02 14:00:00,418.87,419.65,417.29,419.49,3156.0,8,0.0
2024-04-02 15:00:00,419.48,421.11,418.99,420.43,2602.0,8,0.0
2024-04-02 16:00:00,420.41,420.92,419.76,420.91,2386.0,8,0.0
2024-04-02 17:00:00,420.93,421.85,420.9,421.28,2529.0,8,0.0
2024-04-02 18:00:00,421.29,421.61,420.41,420.73,2118.0,8,0.0
2024-04-02 19:00:00,420.71,421.6,420.52,421.43,1991.0,8,0.0
2024-04-03 10:00:00,421.17,421.21,420.5,420.73,202.0,40,0.0
2024-04-03 11:00:00,420.73,421.06,420.23,420.52,338.0,60,0.0
2024-04-03 12:00:00,420.53,420.71,419.65,420.1,304.0,60,0.0
2024-04-03 13:00:00,420.1,420.38,418.34,419.36,1430.0,20,0.0
2024-04-03 14:00:00,419.4,422.56,419.35,422.48,2931.0,8,0.0
2024-04-03 15:00:00,422.48,422.75,421.76,421.97,2261.0,8,0.0
2024-04-03 16:00:00,421.97,422.29,420.78,421.73,2696.0,8,0.0
2024-04-03 17:00:00,421.74,422.13,421.3,421.97,2182.0,8,0.0
2024-04-03 18:00:00,421.99,422.47,421.37,421.47,2170.0,8,0.0
2024-04-03 19:00:00,421.46,421.58,419.41,420.94,2619.0,8,0.0
2024-04-04 10:00:00,422.12,422.3,421.92,422.11,155.0,60,0.0
2024-04-04 11:00:00,422.15,422.16,421.09,421.43,236.0,60,0.0
2024-04-04 12:00:00,421.49,423.49,421.45,423.03,305.0,60,0.0
2024-04-04 13:00:00,423.12,426.9,422.57,425.91,2143.0,20,0.0
2024-04-04 14:00:00,425.93,426.34,424.59,425.26,2225.0,20,0.0
2024-04-04 15:00:00,425.26,426.49,425.26,426.46,1647.0,20,0.0
2024-04-04 16:00:00,426.49,428.07,426.45,427.56,1474.0,8,0.0
2024-04-04 17:00:00,427.53,427.53,425.97,426.18,1526.0,8,0.0
2024-04-04 18:00:00,426.15,426.18,420.52,420.88,4232.0,20,0.0
2024-04-04 19:00:00,420.84,421.22,418.09,418.34,3020.0,20,0.0
2024-04-05 10:00:00,418.77,419.03,418.55,419.02,171.0,60,0.0
2024-04-05 11:00:00,419.09,419.76,419.09,419.36,233.0,60,0.0
2024-04-05 12:00:00,419.37,421.07,417.86,420.13,673.0,60,0.0
2024-04-05 13:00:00,420.11,421.97,417.69,421.63,2244.0,20,0.0
2024-04-05 14:00:00,421.67,423.45,420.36,423.43,3233.0,20,0.0
2024-04-05 15:00:00,423.45,425.72,422.3,425.08,2878.0,8,0.0
2024-04-05 16:00:00,425.11,425.74,424.49,425.7,2277.0,9,0.0
2024-04-05 17:00:00,425.74,425.89,423.23,423.56,2402.0,20,0.0
2024-04-05 18:00:00,423.56,424.96,422.8,423.76,3146.0,20,0.0
2024-04-05 19:00:00,423.79,425.05,423.58,424.64,1694.0,8,0.0
2024-04-08 10:00:00,423.21,423.79,423.2,423.67,189.0,60,0.0
2024-04-08 11:00:00,423.71,424.76,423.64,424.07,320.0,60,0.0
2024-04-08 12:00:00,424.07,425.93,423.85,425.55,450.0,60,0.0
2024-04-08 13:00:00,425.55,425.73,422.51,425.03,1722.0,20,0.0
2024-04-08 14:00:00,424.98,426.66,424.39,425.74,2609.0,20,0.0
2024-04-08 15:00:00,425.74,425.92,423.62,424.21,2186.0,20,0.0
2024-04-08 16:00:00,424.2,424.33,422.77,424.32,1824.0,20,0.0
2024-04-08 17:00:00,424.34,424.36,423.04,423.75,1335.0,20,0.0
2024-04-08 18:00:00,423.75,424.94,423.44,424.93,1283.0,20,0.0
2024-04-08 19:00:00,424.95,425.62,424.39,424.72,1055.0,20,0.0
2024-04-09 10:00:00,424.76,424.92,423.05,423.49,280.0,60,0.0
2024-04-09 11:00:00,423.52,424.85,423.5,424.85,254.0,60,0.0
2024-04-09 12:00:00,424.85,425.88,424.74,425.07,278.0,60,0.0
2024-04-09 13:00:00,425.09,427.1,423.74,425.41,1747.0,20,0.0
2024-04-09 14:00:00,425.44,426.12,421.02,422.38,3557.0,20,0.0
2024-04-09 15:00:00,422.4,423.55,422.06,423.18,2745.0,20,0.0
2024-04-09 16:00:00,423.14,424.04,422.76,423.07,2208.0,8,0.0
2024-04-09 17:00:00,423.06,424.24,422.93,423.21,2382.0,8,0.0
2024-04-09 18:00:00,423.22,423.83,422.4,422.51,2263.0,8,0.0
2024-04-09 19:00:00,422.49,425.05,421.92,423.89,2148.0,8,0.0
2024-04-10 10:00:00,424.53,424.96,424.25,424.89,166.0,60,0.0
2024-04-10 11:00:00,424.92,425.08,424.64,424.97,228.0,60,0.0
2024-04-10 12:00:00,424.99,425.89,419.6,421.45,1043.0,60,0.0
2024-04-10 13:00:00,421.54,423.17,419.69,420.88,3124.0,20,0.0
2024-04-10 14:00:00,420.83,421.88,419.51,419.97,3498.0,20,0.0
2024-04-10 15:00:00,420.0,420.53,419.12,419.82,2312.0,20,0.0
2024-04-10 16:00:00,419.82,421.31,419.32,421.15,1639.0,20,0.0
2024-04-10 17:00:00,421.16,422.25,419.42,421.07,3286.0,20,0.0
2024-04-10 18:00:00,421.07,422.02,420.5,420.53,3289.0,20,0.0
2024-04-10 19:00:00,420.57,422.34,420.44,421.9,2031.0,20,0.0
2024-04-11 10:00:00,425.13,426.01,424.63,425.77,248.0,60,0.0
2024-04-11 11:00:00,425.76,425.76,423.14,423.93,481.0,60,0.0
2024-04-11 12:00:00,423.97,426.9,423.78,426.33,1071.0,60,0.0
2024-04-11 13:00:00,426.34,426.79,423.44,423.79,2292.0,20,0.0
2024-04-11 14:00:00,423.83,424.01,421.77,423.23,2870.0,8,0.0
2024-04-11 15:00:00,423.27,425.43,423.11,425.36,2064.0,20,0.0
2024-04-11 16:00:00,425.36,425.82,424.32,424.36,1847.0,20,0.0
2024-04-11 17:00:00,424.37,427.61,424.03,427.45,2096.0,20,0.0
2024-04-11 18:00:00,427.49,428.74,427.46,428.22,1791.0,20,0.0
2024-04-11 19:00:00,428.2,428.68,427.79,428.16,1279.0,20,0.0
2024-04-12 10:00:00,425.96,426.08,425.0,425.38,269.0,60,0.0
2024-04-12 11:00:00,425.6,425.92,425.05,425.74,344.0,60,0.0
2024-04-12 12:00:00,425.74,426.07,424.48,424.55,464.0,60,0.0
2024-04-12 13:00:00,424.61,424.65,421.76,424.2,2059.0,20,0.0
2024-04-12 14:00:00,424.14,424.17,420.14,420.38,2864.0,20,0.0
2024-04-12 15:00:00,420.44,423.84,420.33,423.22,2123.0,20,0.0
2024-04-12 16:00:00,423.26,423.63,420.5,420.5,2244.0,20,0.0
2024-04-12 17:00:00,420.51,421.06,419.18,420.08,2250.0,20,0.0
2024-04-12 18:00:00,420.09,421.61,419.83,420.5,2469.0,20,0.0
2024-04-12 19:00:00,420.5,421.34,420.24,421.22,1694.0,20,0.0
2024-04-15 10:00:00,423.27,423.5,423.18,423.33,162.0,60,0.0
2024-04-15 11:00:00,423.31,424.15,423.16,423.83,325.0,60,0.0
2024-04-15 12:00:00,423.83,425.37,423.78,424.46,538.0,60,0.0
2024-04-15 13:00:00,424.44,425.96,423.01,425.55,1879.0,20,0.0
2024-04-15 14:00:00,425.52,426.15,421.37,421.66,3212.0,20,0.0
2024-04-15 15:00:00,421.66,422.6,420.99,421.29,2320.0,20,0.0
2024-04-15 16:00:00,421.29,421.82,418.72,419.5,2139.0,20,0.0
2024-04-15 17:00:00,419.47,420.06,413.86,415.07,3133.0,20,0.0
2024-04-15 18:00:00,415.03,415.28,413.36,414.14,2829.0,20,0.0
2024-04-15 19:00:00,414.1,414.4,412.82,413.28,1973.0,20,0.0
2024-04-16 10:00:00,413.43,413.43,411.35,412.71,406.0,60,0.0
2024-04-16 11:00:00,412.71,414.78,412.49,414.47,349.0,60,0.0
2024-04-16 12:00:00,414.43,414.43,413.34,414.01,433.0,60,0.0
2024-04-16 13:00:00,413.94,415.97,412.88,415.62,2218.0,20,0.0
2024-04-16 14:00:00,415.7,416.97,414.37,415.14,3206.0,20,0.0
2024-04-16 15:00:00,415.11,416.61,415.05,415.32,2235.0,20,0.0
2024-04-16 16:00:00,415.32,416.14,414.83,415.53,2118.0,20,0.0
2024-04-16 17:00:00,415.55,416.32,413.99,415.36,3493.0,20,0.0
2024-04-16 18:00:00,415.36,417.73,414.1,416.8,3520.0,20,0.0
2024-04-16 19:00:00,416.82,417.01,414.5,414.81,2016.0,20,0.0
2024-04-17 10:00:00,415.59,416.63,415.57,416.18,393.0,60,0.0
2024-04-17 11:00:00,416.22,416.33,415.64,415.76,360.0,60,0.0
2024-04-17 12:00:00,415.76,416.66,415.45,416.46,353.0,60,0.0
2024-04-17 13:00:00,416.46,418.21,415.58,416.07,1614.0,20,0.0
2024-04-17 14:00:00,416.1,416.29,413.55,414.4,2893.0,20,0.0
2024-04-17 15:00:00,414.4,415.31,411.51,412.38,2723.0,20,0.0
2024-04-17 16:00:00,412.35,413.99,409.71,410.58,2843.0,20,0.0
2024-04-17 17:00:00,410.59,412.59,410.48,412.35,2355.0,20,0.0
2024-04-17 18:00:00,412.37,413.84,411.32,411.7,2748.0,20,0.0
2024-04-17 19:00:00,411.66,411.85,410.66,411.73,2245.0,20,0.0
2024-04-18 10:00:00,412.2,412.44,411.6,412.15,289.0,60,0.0
2024-04-18 11:00:00,411.97,412.47,411.68,412.44,216.0,60,0.0
2024-04-18 12:00:00,412.44,412.45,411.5,411.85,408.0,60,0.0
2024-04-18 13:00:00,411.9,412.15,406.72,407.64,2059.0,20,0.0
2024-04-18 14:00:00,407.64,409.99,406.45,409.83,2886.0,20,0.0
2024-04-18 15:00:00,409.87,411.21,409.62,410.7,2322.0,20,0.0
2024-04-18 16:00:00,410.7,411.02,407.05,407.08,1988.0,20,0.0
2024-04-18 17:00:00,407.09,407.57,405.43,405.54,2259.0,20,0.0
2024-04-18 18:00:00,405.52,406.08,404.15,404.25,2181.0,20,0.0
2024-04-18 19:00:00,404.25,405.49,404.09,404.13,1736.0,20,0.0
2024-04-19 10:00:00,401.79,401.95,400.74,401.38,256.0,60,0.0
2024-04-19 11:00:00,401.58,402.9,400.99,402.76,390.0,60,0.0
2024-04-19 12:00:00,402.77,404.58,402.54,404.24,478.0,60,0.0
2024-04-19 13:00:00,404.28,404.54,401.52,401.66,2266.0,20,0.0
2024-04-19 14:00:00,401.71,402.39,398.76,401.76,3485.0,20,0.0
2024-04-19 15:00:00,401.7,402.14,399.8,399.83,2236.0,20,0.0
2024-04-19 16:00:00,399.82,400.46,397.44,399.13,2609.0,20,0.0
2024-04-19 17:00:00,399.08,401.46,398.42,400.43,2174.0,20,0.0
2024-04-19 18:00:00,400.41,400.76,397.79,398.83,3084.0,20,0.0
2024-04-19 19:00:00,398.82,399.19,397.15,397.22,2469.0,20,0.0
2024-04-22 10:00:00,399.99,400.46,399.91,399.92,269.0,60,0.0
2024-04-22 11:00:00,399.89,399.94,398.36,398.57,338.0,60,0.0
2024-04-22 12:00:00,398.55,399.08,397.01,399.02,555.0,60,0.0
2024-04-22 13:00:00,399.02,401.68,397.54,398.95,1946.0,20,0.0
2024-04-22 14:00:00,399.01,400.58,396.02,396.24,2764.0,20,0.0
2024-04-22 15:00:00,396.19,398.23,395.09,398.13,2169.0,20,0.0
2024-04-22 16:00:00,398.14,398.66,397.6,398.48,1568.0,20,0.0
2024-04-22 17:00:00,398.48,400.83,398.41,400.26,1748.0,20,0.0
2024-04-22 18:00:00,400.25,402.14,399.94,401.35,1887.0,20,0.0
2024-04-22 19:00:00,401.35,401.52,399.29,400.11,1443.0,20,0.0
2024-04-23 10:00:00,401.4,402.01,401.17,401.94,214.0,60,0.0
2024-04-23 11:00:00,401.92,402.38,401.72,401.86,493.0,60,0.0
2024-04-23 12:00:00,401.87,402.78,401.19,402.7,348.0,60,0.0
2024-04-23 13:00:00,402.66,405.4,402.24,405.23,1885.0,20,0.0
2024-04-23 14:00:00,405.29,407.47,404.96,406.75,2686.0,20,0.0
2024-04-23 15:00:00,406.77,406.99,405.12,405.91,2133.0,20,0.0
2024-04-23 16:00:00,405.94,406.96,405.51,406.47,1613.0,20,0.0
2024-04-23 17:00:00,406.48,407.1,405.51,407.06,1493.0,20,0.0
2024-04-23 18:00:00,407.03,407.19,406.34,406.78,1328.0,20,0.0
2024-04-23 19:00:00,406.79,406.86,405.88,406.75,1336.0,20,0.0
2024-04-24 10:00:00,407.9,408.94,407.8,408.82,256.0,60,0.0
2024-04-24 11:00:00,408.78,409.29,408.27,408.5,417.0,60,0.0
2024-04-24 12:00:00,408.5,410.07,408.46,409.04,446.0,60,0.0
2024-04-24 13:00:00,408.98,411.77,407.88,408.72,2116.0,20,0.0
2024-04-24 14:00:00,408.76,410.03,408.06,408.3,2543.0,20,0.0
2024-04-24 15:00:00,408.3,408.6,406.41,406.51,2253.0,20,0.0
2024-04-24 16:00:00,406.48,407.38,406.11,407.25,2004.0,20,0.0
2024-04-24 17:00:00,407.23,409.44,406.87,409.24,1611.0,20,0.0
2024-04-24 18:00:00,409.27,409.34,407.32,407.51,2024.0,8,0.0
2024-04-24 19:00:00,407.5,408.79,406.86,408.15,1562.0,20,0.0
2024-04-25 10:00:00,401.69,401.73,400.08,400.33,242.0,60,0.0
2024-04-25 11:00:00,400.53,400.56,399.31,400.09,441.0,60,0.0
2024-04-25 12:00:00,400.07,400.1,396.67,397.37,1006.0,60,0.0
2024-04-25 13:00:00,397.38,397.53,387.39,390.78,5668.0,20,0.0
2024-04-25 14:00:00,390.84,393.83,389.76,389.9,4891.0,20,0.0
2024-04-25 15:00:00,389.94,392.44,389.88,392.42,3005.0,8,0.0
2024-04-25 16:00:00,392.39,394.97,391.93,394.59,2654.0,8,0.0
2024-04-25 17:00:00,394.6,397.48,394.25,397.11,2694.0,8,0.0
2024-04-25 18:00:00,397.11,398.97,395.33,395.82,2824.0,20,0.0
2024-04-25 19:00:00,395.84,398.85,395.8,397.94,2229.0,20,0.0
2024-04-26 10:00:00,413.81,415.04,413.81,414.34,314.0,60,0.0
2024-04-26 11:00:00,414.44,415.84,414.44,415.03,415.0,60,0.0
2024-04-26 12:00:00,415.0,415.43,411.64,412.94,1352.0,60,0.0
2024-04-26 13:00:00,412.95,413.8,405.13,408.32,5288.0,20,0.0
2024-04-26 14:00:00,408.36,411.6,406.85,410.1,5223.0,20,0.0
2024-04-26 15:00:00,410.09,411.37,407.76,409.08,2810.0,20,0.0
2024-04-26 16:00:00,409.06,409.37,407.46,408.85,2048.0,20,0.0
2024-04-26 17:00:00,408.87,409.48,408.02,408.95,1900.0,20,0.0
2024-04-26 18:00:00,408.98,409.06,407.39,408.36,1976.0,8,0.0
2024-04-26 19:00:00,408.34,408.97,406.71,406.71,1537.0,8,0.0
2024-04-29 10:00:00,406.34,406.86,406.12,406.46,277.0,40,0.0
2024-04-29 11:00:00,406.33,406.4,404.61,404.77,470.0,60,0.0
2024-04-29 12:00:00,404.7,404.96,404.17,404.85,494.0,60,0.0
2024-04-29 13:00:00,404.91,405.35,398.47,400.57,2548.0,20,0.0
2024-04-29 14:00:00,400.54,401.88,399.54,401.19,2590.0,20,0.0
2024-04-29 15:00:00,401.13,401.35,399.38,400.16,2043.0,20,0.0
2024-04-29 16:00:00,400.17,400.93,399.88,400.69,1591.0,8,0.0
2024-04-29 17:00:00,400.68,401.44,399.9,401.32,1598.0,8,0.0
2024-04-29 18:00:00,401.31,401.31,399.55,400.27,1610.0,8,0.0
2024-04-29 19:00:00,400.24,400.7,398.47,400.51,1646.0,8,0.0
2024-04-30 10:00:00,400.31,400.41,399.91,400.41,130.0,40,0.0
2024-04-30 11:00:00,400.4,400.87,400.26,400.45,258.0,60,0.0
2024-04-30 12:00:00,400.45,400.47,398.73,399.63,656.0,60,0.0
2024-04-30 13:00:00,399.65,401.15,397.84,398.91,1740.0,20,0.0
2024-04-30 14:00:00,398.89,399.06,397.95,398.28,2367.0,20,0.0
2024-04-30 15:00:00,398.3,398.3,395.67,396.63,2342.0,8,0.0
2024-04-30 16:00:00,396.62,396.79,394.08,394.68,2151.0,8,0.0
2024-04-30 17:00:00,394.66,395.3,394.33,395.07,2274.0,8,0.0
2024-04-30 18:00:00,395.09,395.42,392.5,393.0,2589.0,8,0.0
2024-04-30 19:00:00,392.97,393.56,392.42,392.43,2158.0,8,0.0
2024-05-01 10:00:00,389.19,389.92,388.9,389.92,175.0,60,0.0
2024-05-01 11:00:00,389.93,390.43,389.42,389.55,206.0,60,0.0
2024-05-01 12:00:00,389.48,391.97,389.03,391.47,398.0,60,0.0
2024-05-01 13:00:00,391.43,393.54,389.51,391.27,2391.0,20,0.0
2024-05-01 14:00:00,391.3,394.49,390.55,393.95,3196.0,20,0.0
2024-05-01 15:00:00,393.9,394.88,392.44,392.44,2615.0,8,0.0
2024-05-01 16:00:00,392.4,393.82,391.95,393.78,2052.0,8,0.0
2024-05-01 17:00:00,393.8,394.6,393.38,393.88,1927.0,8,0.0
2024-05-01 18:00:00,393.91,399.94,393.76,399.82,4956.0,8,0.0
2024-05-01 19:00:00,399.86,400.96,396.08,396.92,4269.0,20,0.0
2024-05-02 10:00:00,397.46,398.16,397.43,398.13,244.0,60,0.0
2024-05-02 11:00:00,398.1,398.1,396.65,396.8,565.0,60,0.0
2024-05-02 12:00:00,396.76,397.68,396.72,397.21,593.0,60,0.0
2024-05-02 13:00:00,397.23,398.98,394.74,397.05,2290.0,20,0.0
2024-05-02 14:00:00,397.01,397.42,394.17,395.72,2953.0,20,0.0
2024-05-02 15:00:00,395.76,396.84,395.24,396.27,2287.0,20,0.0
2024-05-02 16:00:00,396.31,396.49,393.94,394.65,2026.0,20,0.0
2024-05-02 17:00:00,394.69,396.62,394.67,395.71,1729.0,8,0.0
2024-05-02 18:00:00,395.73,397.86,395.63,397.73,1748.0,8,0.0
2024-05-02 19:00:00,397.77,397.96,396.47,396.79,1609.0,20,0.0
2024-05-03 10:00:00,398.46,398.81,398.29,398.41,246.0,60,0.0
2024-05-03 11:00:00,398.4,398.45,397.64,397.89,378.0,60,0.0
2024-05-03 12:00:00,397.9,402.61,397.75,401.16,1090.0,60,0.0
2024-05-03 13:00:00,401.18,405.36,400.95,404.85,2738.0,20,0.0
2024-05-03 14:00:00,404.9,405.81,403.02,404.7,4172.0,20,0.0
2024-05-03 15:00:00,404.7,405.91,404.01,405.29,2415.0,8,0.0
2024-05-03 16:00:00,405.32,405.84,404.8,405.09,1911.0,8,0.0
2024-05-03 17:00:00,405.09,405.56,404.84,405.29,1701.0,8,0.0
2024-05-03 18:00:00,405.29,405.82,405.19,405.5,1747.0,8,0.0
2024-05-03 19:00:00,405.5,406.12,405.29,405.84,1610.0,8,0.0
2024-05-06 10:00:00,406.97,407.87,406.91,407.46,201.0,60,0.0
2024-05-06 11:00:00,407.46,407.46,407.05,407.21,220.0,60,0.0
2024-05-06 12:00:00,407.22,408.22,407.02,407.84,314.0,60,0.0
2024-05-06 13:00:00,407.86,408.59,405.47,406.59,1780.0,20,0.0
2024-05-06 14:00:00,406.61,408.53,405.76,408.38,2370.0,20,0.0
2024-05-06 15:00:00,408.39,409.41,408.11,409.11,1969.0,20,0.0
2024-05-06 16:00:00,409.15,410.02,408.6,409.69,1704.0,8,0.0
2024-05-06 17:00:00,409.69,410.93,408.88,410.75,1713.0,8,0.0
2024-05-06 18:00:00,410.79,411.84,410.68,411.68,1611.0,8,0.0
2024-05-06 19:00:00,411.67,411.73,411.07,411.59,1612.0,8,0.0
2024-05-07 10:00:00,412.26,412.42,411.94,412.37,232.0,60,0.0
2024-05-07 11:00:00,412.41,412.43,410.84,411.35,365.0,60,0.0
2024-05-07 12:00:00,411.35,411.58,410.78,411.14,384.0,60,0.0
2024-05-07 13:00:00,411.15,413.86,410.75,411.48,1974.0,20,0.0
2024-05-07 14:00:00,411.52,412.89,410.91,411.97,2064.0,20,0.0
2024-05-07 15:00:00,411.94,412.36,411.34,411.98,1650.0,20,0.0
2024-05-07 16:00:00,411.98,412.14,410.66,411.08,1490.0,8,0.0
2024-05-07 17:00:00,411.08,411.66,410.07,410.22,1596.0,20,0.0
2024-05-07 18:00:00,410.25,410.99,409.49,409.67,1856.0,20,0.0
2024-05-07 19:00:00,409.67,409.83,408.68,408.8,1283.0,8,0.0
2024-05-08 10:00:00,409.47,409.9,408.88,409.61,259.0,60,0.0
2024-05-08 11:00:00,409.59,409.72,408.61,409.17,302.0,60,0.0
2024-05-08 12:00:00,409.17,409.23,407.3,407.77,474.0,60,0.0
2024-05-08 13:00:00,407.76,408.32,405.82,407.54,1564.0,20,0.0
2024-05-08 14:00:00,407.6,411.22,407.5,410.9,2001.0,20,0.0
2024-05-08 15:00:00,410.92,411.43,410.4,410.9,1592.0,8,0.0
2024-05-08 16:00:00,410.9,411.3,410.05,410.4,1283.0,8,0.0
2024-05-08 17:00:00,410.4,411.13,409.85,411.05,1373.0,8,0.0
2024-05-08 18:00:00,411.06,411.18,410.16,410.51,1182.0,8,0.0
2024-05-08 19:00:00,410.51,410.51,409.1,409.31,1116.0,8,0.0
2024-05-09 10:00:00,408.99,409.72,408.96,409.18,233.0,40,0.0
2024-05-09 11:00:00,409.08,409.26,408.13,409.16,319.0,60,0.0
2024-05-09 12:00:00,409.09,409.97,408.7,409.89,475.0,60,0.0
2024-05-09 13:00:00,409.89,410.32,408.35,409.62,1751.0,20,0.0
2024-05-09 14:00:00,409.64,411.42,408.78,411.38,2250.0,8,0.0
2024-05-09 15:00:00,411.4,411.97,410.37,410.53,1965.0,8,0.0
2024-05-09 16:00:00,410.53,410.91,409.93,410.8,1768.0,8,0.0
2024-05-09 17:00:00,410.8,411.39,410.47,410.94,2086.0,8,0.0
2024-05-09 18:00:00,410.93,411.78,410.51,411.65,2228.0,8,0.0
2024-05-09 19:00:00,411.66,411.85,411.34,411.59,1686.0,8,0.0
2024-05-10 10:00:00,413.58,413.6,412.61,412.7,124.0,60,0.0
2024-05-10 11:00:00,412.69,413.35,412.36,413.2,272.0,60,0.0
2024-05-10 12:00:00,413.18,413.25,411.79,411.79,287.0,60,0.0
2024-05-10 13:00:00,411.76,414.54,410.9,413.33,1760.0,20,0.0
2024-05-10 14:00:00,413.31,413.34,411.96,412.46,3095.0,8,0.0
2024-05-10 15:00:00,412.48,413.19,411.86,413.0,2732.0,8,0.0
2024-05-10 16:00:00,412.99,413.9,412.56,413.68,2318.0,8,0.0
2024-05-10 17:00:00,413.67,413.83,412.88,413.7,2112.0,8,0.0
2024-05-10 18:00:00,413.72,414.11,413.23,414.09,1855.0,8,0.0
2024-05-10 19:00:00,414.11,414.35,413.7,413.7,1711.0,8,0.0
2024-05-13 10:00:00,417.84,418.28,417.63,417.71,180.0,60,0.0
2024-05-13 11:00:00,417.52,417.52,414.67,416.81,368.0,60,0.0
2024-05-13 12:00:00,416.73,417.6,415.88,417.45,302.0,60,0.0
2024-05-13 13:00:00,417.43,417.55,409.99,411.21,2537.0,20,0.0
2024-05-13 14:00:00,411.18,412.63,411.03,412.6,2460.0,8,0.0
2024-05-13 15:00:00,412.6,413.92,412.08,413.49,2228.0,8,0.0
2024-05-13 16:00:00,413.45,414.91,413.45,414.3,1549.0,8,0.0
2024-05-13 17:00:00,414.29,414.42,412.52,413.47,2257.0,8,0.0
2024-05-13 18:00:00,413.47,413.73,412.83,413.42,1766.0,8,0.0
2024-05-13 19:00:00,413.4,413.61,412.89,413.2,1464.0,8,0.0
2024-05-14 10:00:00,413.1,413.45,412.92,413.08,180.0,60,0.0
2024-05-14 11:00:00,413.18,413.18,411.93,411.95,338.0,60,0.0
2024-05-14 12:00:00,411.92,412.59,410.22,410.93,782.0,60,0.0
2024-05-14 13:00:00,410.86,413.0,410.25,411.21,2102.0,20,0.0
2024-05-14 14:00:00,411.25,414.72,411.07,413.77,3226.0,20,0.0
2024-05-14 15:00:00,413.8,414.38,412.05,412.13,2231.0,8,0.0
2024-05-14 16:00:00,412.13,412.49,411.09,411.95,2008.0,8,0.0
2024-05-14 17:00:00,411.95,413.35,411.79,413.3,1853.0,8,0.0
2024-05-14 18:00:00,413.3,415.91,413.23,415.78,2338.0,8,0.0
2024-05-14 19:00:00,415.79,416.63,415.4,416.31,1531.0,8,0.0
2024-05-15 10:00:00,415.48,415.58,415.27,415.51,136.0,60,0.0
2024-05-15 11:00:00,415.52,416.57,415.41,416.08,229.0,60,0.0
2024-05-15 12:00:00,416.08,418.33,415.45,416.95,857.0,60,0.0
2024-05-15 13:00:00,416.95,420.34,416.11,418.19,2390.0,20,0.0
2024-05-15 14:00:00,418.2,420.19,418.12,420.06,2728.0,20,0.0
2024-05-15 15:00:00,420.07,421.98,420.07,421.54,2149.0,20,0.0
2024-05-15 16:00:00,421.56,421.75,420.59,421.72,1743.0,20,0.0
2024-05-15 17:00:00,421.72,422.95,421.72,422.86,1555.0,8,0.0
2024-05-15 18:00:00,422.85,423.57,422.75,423.16,1651.0,8,0.0
2024-05-15 19:00:00,423.13,423.77,423.01,423.39,1342.0,8,0.0
2024-05-16 10:00:00,423.71,423.8,423.62,423.66,77.0,60,0.0
2024-05-16 11:00:00,423.64,423.64,422.84,423.03,202.0,60,0.0
2024-05-16 12:00:00,423.03,423.49,422.34,422.85,390.0,60,0.0
2024-05-16 13:00:00,422.82,425.23,421.34,423.82,2223.0,20,0.0
2024-05-16 14:00:00,423.83,424.65,422.54,424.37,2503.0,20,0.0
2024-05-16 15:00:00,424.37,424.69,422.67,422.89,2083.0,20,0.0
2024-05-16 16:00:00,422.88,422.88,421.92,422.47,1880.0,20,0.0
2024-05-16 17:00:00,422.49,422.7,421.45,422.08,2107.0,20,0.0
2024-05-16 18:00:00,422.09,422.24,421.32,422.12,1907.0,8,0.0
2024-05-16 19:00:00,422.12,422.19,420.32,420.37,1487.0,8,0.0
2024-05-17 10:00:00,422.51,422.55,421.64,422.51,326.0,60,0.0
2024-05-17 11:00:00,422.54,422.6,421.96,422.37,252.0,60,0.0
2024-05-17 12:00:00,422.34,422.69,422.26,422.49,269.0,60,0.0
2024-05-17 13:00:00,422.48,422.99,417.93,418.57,2186.0,20,0.0
2024-05-17 14:00:00,418.6,420.37,418.4,419.42,1887.0,20,0.0
2024-05-17 15:00:00,419.41,419.61,418.3,419.56,1669.0,20,0.0
2024-05-17 16:00:00,419.55,419.57,418.23,419.15,1265.0,20,0.0
2024-05-17 17:00:00,419.15,419.51,418.8,419.35,1046.0,8,0.0
2024-05-17 18:00:00,419.36,419.85,418.03,419.73,1568.0,20,0.0
2024-05-17 19:00:00,419.73,420.32,419.35,419.98,1177.0,8,0.0
2024-05-20 10:00:00,421.15,421.45,421.15,421.38,64.0,60,0.0
2024-05-20 11:00:00,421.37,421.37,420.8,421.09,268.0,60,0.0
2024-05-20 12:00:00,421.07,421.33,420.59,420.81,389.0,60,0.0
2024-05-20 13:00:00,420.72,426.65,419.33,426.17,1953.0,20,0.0
2024-05-20 14:00:00,426.2,426.2,423.68,423.75,2164.0,20,0.0
2024-05-20 15:00:00,423.72,425.01,423.62,424.53,1570.0,20,0.0
2024-05-20 16:00:00,424.54,425.62,424.54,425.56,1364.0,20,0.0
2024-05-20 17:00:00,425.54,425.73,424.31,424.89,1512.0,20,0.0
2024-05-20 18:00:00,424.86,424.98,423.75,424.36,1397.0,8,0.0
2024-05-20 19:00:00,424.37,424.97,424.13,424.92,1020.0,20,0.0
2024-05-21 10:00:00,426.52,427.17,426.51,427.09,134.0,60,0.0
2024-05-21 11:00:00,427.04,427.04,425.68,426.61,248.0,60,0.0
2024-05-21 12:00:00,426.58,426.96,426.17,426.17,347.0,60,0.0
2024-05-21 13:00:00,426.15,427.95,424.79,426.92,1958.0,20,0.0
2024-05-21 14:00:00,426.97,430.36,426.97,428.92,2479.0,20,0.0
2024-05-21 15:00:00,428.9,432.86,428.81,431.76,2148.0,20,0.0
2024-05-21 16:00:00,431.77,431.77,429.28,429.51,1770.0,20,0.0
2024-05-21 17:00:00,429.51,430.67,429.26,430.63,1419.0,20,0.0
2024-05-21 18:00:00,430.63,430.82,428.85,429.06,1374.0,20,0.0
2024-05-21 19:00:00,429.05,429.47,428.63,429.05,1139.0,20,0.0
2024-05-22 10:00:00,429.95,430.12,429.65,429.86,159.0,60,0.0
2024-05-22 11:00:00,429.85,430.26,429.08,429.13,282.0,60,0.0
2024-05-22 12:00:00,429.11,429.65,428.86,429.57,363.0,60,0.0
2024-05-22 13:00:00,429.53,432.06,429.19,431.07,1466.0,20,0.0
2024-05-22 14:00:00,431.07,432.29,430.69,430.77,1963.0,20,0.0
2024-05-22 15:00:00,430.75,431.72,429.98,430.43,1439.0,20,0.0
2024-05-22 16:00:00,430.43,431.0,429.3,429.66,1343.0,20,0.0
2024-05-22 17:00:00,429.68,430.64,428.93,429.47,1494.0,20,0.0
2024-05-22 18:00:00,429.44,429.46,427.5,428.02,2512.0,20,0.0
2024-05-22 19:00:00,427.98,429.18,427.06,427.98,1483.0,20,0.0
2024-05-23 10:00:00,432.4,433.07,432.39,433.03,197.0,60,0.0
2024-05-23 11:00:00,432.88,434.42,432.63,433.39,408.0,60,0.0
2024-05-23 12:00:00,433.39,434.24,433.38,433.89,431.0,60,0.0
2024-05-23 13:00:00,433.9,433.9,429.73,430.06,2037.0,20,0.0
2024-05-23 14:00:00,430.05,432.63,430.05,430.56,2758.0,20,0.0
2024-05-23 15:00:00,430.56,432.01,430.51,431.66,1753.0,20,0.0
2024-05-23 16:00:00,431.66,431.98,430.17,430.17,1650.0,20,0.0
2024-05-23 17:00:00,430.17,430.52,427.11,427.28,2366.0,20,0.0
2024-05-23 18:00:00,427.28,427.9,425.72,425.82,2528.0,20,0.0
2024-05-23 19:00:00,425.8,426.76,425.36,426.48,1920.0,20,0.0
2024-05-24 10:00:00,427.59,428.3,427.59,428.12,163.0,60,0.0
2024-05-24 11:00:00,428.11,428.11,427.45,427.96,237.0,60,0.0
2024-05-24 12:00:00,427.95,427.95,427.08,427.46,416.0,60,0.0
2024-05-24 13:00:00,427.46,427.81,424.34,425.37,1693.0,20,0.0
2024-05-24 14:00:00,425.52,428.05,425.27,427.85,2329.0,20,0.0
2024-05-24 15:00:00,427.86,429.85,427.86,429.66,1879.0,20,0.0
2024-05-24 16:00:00,429.67,430.21,429.29,429.62,1418.0,20,0.0
2024-05-24 17:00:00,429.67,430.42,429.54,430.29,1405.0,20,0.0
2024-05-24 18:00:00,430.29,430.95,429.63,429.63,1382.0,20,0.0
2024-05-24 19:00:00,429.59,430.36,429.08,429.69,1325.0,8,0.0
2024-05-28 10:00:00,430.25,430.27,427.86,428.21,398.0,60,0.0
2024-05-28 11:00:00,428.3,429.52,428.23,429.52,276.0,60,0.0
2024-05-28 12:00:00,429.54,429.78,428.37,429.38,372.0,60,0.0
2024-05-28 13:00:00,429.39,430.69,426.54,427.89,2053.0,20,0.0
2024-05-28 14:00:00,427.95,429.78,427.56,428.48,2388.0,20,0.0
2024-05-28 15:00:00,428.49,429.21,427.89,428.33,1721.0,20,0.0
2024-05-28 16:00:00,428.34,429.02,428.25,428.7,1311.0,20,0.0
2024-05-28 17:00:00,428.7,429.22,428.33,428.65,1407.0,8,0.0
2024-05-28 18:00:00,428.65,429.22,427.81,428.79,1737.0,8,0.0
2024-05-28 19:00:00,428.77,429.46,428.52,428.73,1236.0,8,0.0
2024-05-29 10:00:00,427.27,427.5,427.16,427.22,119.0,60,0.0
2024-05-29 11:00:00,427.2,427.63,426.38,426.75,247.0,60,0.0
2024-05-29 12:00:00,426.77,427.38,426.61,426.8,311.0,60,0.0
2024-05-29 13:00:00,426.84,430.31,425.21,429.36,2004.0,20,0.0
2024-05-29 14:00:00,429.32,430.59,428.53,429.81,2348.0,20,0.0
2024-05-29 15:00:00,429.81,430.12,428.56,430.06,1838.0,20,0.0
2024-05-29 16:00:00,430.05,430.8,429.8,430.67,1207.0,20,0.0
2024-05-29 17:00:00,430.67,430.69,429.47,430.42,1354.0,20,0.0
2024-05-29 18:00:00,430.42,430.44,429.24,429.39,1344.0,20,0.0
2024-05-29 19:00:00,429.39,430.27,429.28,429.34,1080.0,20,0.0
2024-05-30 10:00:00,425.49,425.56,425.09,425.44,143.0,60,0.0
2024-05-30 11:00:00,425.48,425.57,424.82,425.01,219.0,60,0.0
2024-05-30 12:00:00,425.0,425.28,423.76,424.1,375.0,60,0.0
2024-05-30 13:00:00,424.07,424.68,420.38,421.53,2190.0,20,0.0
2024-05-30 14:00:00,421.49,421.63,417.51,417.94,3305.0,20,0.0
2024-05-30 15:00:00,417.94,420.16,417.83,418.97,2156.0,20,0.0
2024-05-30 16:00:00,418.97,419.81,418.92,419.56,1461.0,20,0.0
2024-05-30 17:00:00,419.58,420.14,418.91,419.11,1467.0,20,0.0
2024-05-30 18:00:00,419.1,419.2,417.15,417.73,1656.0,20,0.0
2024-05-30 19:00:00,417.74,418.1,414.62,415.52,1709.0,20,0.0
2024-05-31 10:00:00,415.52,415.52,413.73,414.15,403.0,60,0.0
2024-05-31 11:00:00,414.14,415.66,413.78,415.58,282.0,60,0.0
2024-05-31 12:00:00,415.66,417.91,415.58,416.95,725.0,60,0.0
2024-05-31 13:00:00,416.94,417.32,411.24,412.15,2176.0,20,0.0
2024-05-31 14:00:00,412.15,412.61,406.01,407.59,3574.0,8,0.0
2024-05-31 15:00:00,407.58,407.81,406.23,406.43,2404.0,8,0.0
2024-05-31 16:00:00,406.43,406.57,404.45,405.38,2055.0,8,0.0
2024-05-31 17:00:00,405.38,406.98,405.21,406.42,1901.0,8,0.0
2024-05-31 18:00:00,406.43,406.65,405.17,406.34,2003.0,8,0.0
2024-05-31 19:00:00,406.34,407.81,405.99,407.34,1784.0,8,0.0
2024-06-03 10:00:00,415.92,416.12,415.35,415.61,173.0,60,0.0
2024-06-03 11:00:00,415.6,416.55,415.32,416.43,300.0,60,0.0
2024-06-03 12:00:00,416.29,416.9,415.94,415.99,498.0,60,0.0
2024-06-03 13:00:00,415.99,417.05,412.91,413.07,2521.0,20,0.0
2024-06-03 14:00:00,413.32,414.93,412.12,412.47,3230.0,20,0.0
2024-06-03 15:00:00,412.47,412.78,411.19,412.04,2390.0,20,0.0
2024-06-03 16:00:00,412.02,412.3,408.84,409.83,2649.0,20,0.0
2024-06-03 17:00:00,409.84,412.28,409.17,411.85,2212.0,20,0.0
2024-06-03 18:00:00,411.81,412.11,410.56,410.9,2116.0,20,0.0
2024-06-03 19:00:00,410.91,412.13,410.77,411.9,1468.0,8,0.0
2024-06-04 10:00:00,411.38,411.97,410.58,410.68,241.0,40,0.0
2024-06-04 11:00:00,410.66,412.03,410.66,411.78,194.0,60,0.0
2024-06-04 12:00:00,411.78,412.48,411.01,412.19,406.0,60,0.0
2024-06-04 13:00:00,412.21,413.08,409.35,411.28,1880.0,20,0.0
2024-06-04 14:00:00,411.4,413.31,410.89,412.17,3096.0,20,0.0
2024-06-04 15:00:00,412.2,412.93,411.44,412.07,2080.0,20,0.0
2024-06-04 16:00:00,412.08,413.27,411.93,412.81,1770.0,20,0.0
2024-06-04 17:00:00,412.82,413.7,412.17,413.34,1826.0,20,0.0
2024-06-04 18:00:00,413.34,415.25,412.84,414.42,2105.0,20,0.0
2024-06-04 19:00:00,414.4,415.37,412.88,415.37,1907.0,20,0.0
2024-06-05 10:00:00,417.58,417.68,416.96,417.06,136.0,60,0.0
2024-06-05 11:00:00,417.05,417.52,416.65,417.18,375.0,60,0.0
2024-06-05 12:00:00,417.09,417.53,416.55,417.11,427.0,60,0.0
2024-06-05 13:00:00,417.16,418.35,416.2,418.22,1969.0,20,0.0
2024-06-05 14:00:00,418.18,419.8,416.62,419.52,2886.0,20,0.0
2024-06-05 15:00:00,419.54,421.01,419.54,420.57,1840.0,20,0.0
2024-06-05 16:00:00,420.54,422.64,420.14,422.28,1535.0,20,0.0
2024-06-05 17:00:00,422.28,423.24,422.09,422.85,1682.0,20,0.0
2024-06-05 18:00:00,422.83,423.5,422.35,423.37,1487.0,20,0.0
2024-06-05 19:00:00,423.34,423.52,422.14,422.3,1334.0,8,0.0
2024-06-06 10:00:00,422.72,423.21,422.66,423.11,190.0,60,0.0
2024-06-06 11:00:00,423.02,423.14,422.3,422.76,268.0,60,0.0
2024-06-06 12:00:00,422.74,423.36,422.07,422.89,392.0,60,0.0
2024-06-06 13:00:00,422.88,424.92,422.38,423.26,1943.0,20,0.0
2024-06-06 14:00:00,423.26,424.0,422.52,422.77,2485.0,20,0.0
2024-06-06 15:00:00,422.73,423.06,420.5,421.51,1834.0,20,0.0
2024-06-06 16:00:00,421.51,423.34,421.51,423.3,1619.0,20,0.0
2024-06-06 17:00:00,423.31,423.43,422.69,423.06,1379.0,20,0.0
2024-06-06 18:00:00,423.08,423.48,421.95,423.22,1782.0,20,0.0
2024-06-06 19:00:00,423.19,423.76,422.97,423.46,1259.0,20,0.0
2024-06-07 10:00:00,423.84,424.03,423.78,423.91,118.0,60,0.0
2024-06-07 11:00:00,423.91,424.85,423.91,424.48,201.0,60,0.0
2024-06-07 12:00:00,424.54,425.97,422.77,423.95,843.0,60,0.0
2024-06-07 13:00:00,424.0,425.91,423.49,425.0,2122.0,20,0.0
2024-06-07 14:00:00,424.97,425.77,423.65,424.98,2129.0,20,0.0
2024-06-07 15:00:00,424.98,425.41,423.56,425.1,1860.0,20,0.0
2024-06-07 16:00:00,425.09,426.03,424.45,425.86,1522.0,20,0.0
2024-06-07 17:00:00,425.87,426.18,425.28,425.72,1506.0,20,0.0
2024-06-07 18:00:00,425.71,425.75,423.62,424.76,2170.0,20,0.0
2024-06-07 19:00:00,424.76,424.92,423.37,423.77,1818.0,20,0.0
2024-06-10 10:00:00,423.65,424.2,423.59,423.79,254.0,40,0.0
2024-06-10 11:00:00,423.71,424.39,423.6,424.06,248.0,60,0.0
2024-06-10 12:00:00,424.06,424.4,423.96,424.15,360.0,60,0.0
2024-06-10 13:00:00,424.16,427.73,423.64,426.78,1936.0,20,0.0
2024-06-10 14:00:00,426.82,427.24,425.55,426.51,2116.0,20,0.0
2024-06-10 15:00:00,426.51,427.55,426.19,426.79,1524.0,20,0.0
2024-06-10 16:00:00,426.79,427.27,425.72,425.81,1327.0,20,0.0
2024-06-10 17:00:00,425.79,426.84,425.39,426.6,1450.0,20,0.0
2024-06-10 18:00:00,426.62,427.31,425.96,427.3,1937.0,20,0.0
2024-06-10 19:00:00,427.27,427.91,426.53,426.81,1306.0,20,0.0
2024-06-11 10:00:00,426.85,426.89,426.07,426.23,332.0,40,0.0
2024-06-11 11:00:00,426.24,426.45,425.38,426.25,325.0,60,0.0
2024-06-11 12:00:00,426.25,426.47,425.92,426.16,183.0,60,0.0
2024-06-11 13:00:00,426.06,427.01,424.75,426.38,1586.0,20,0.0
2024-06-11 14:00:00,426.4,428.12,425.41,428.03,2002.0,20,0.0
2024-06-11 15:00:00,428.02,428.68,427.37,428.26,1835.0,20,0.0
2024-06-11 16:00:00,428.26,428.29,427.09,427.7,1497.0,20,0.0
2024-06-11 17:00:00,427.75,429.02,427.62,429.02,1781.0,20,0.0
2024-06-11 18:00:00,429.02,430.99,428.96,430.96,1745.0,20,0.0
2024-06-11 19:00:00,430.97,431.89,430.86,431.57,1349.0,20,0.0
2024-06-12 10:00:00,434.72,435.06,434.55,434.99,111.0,60,0.0
2024-06-12 11:00:00,434.93,434.93,434.01,434.42,304.0,60,0.0
2024-06-12 12:00:00,434.42,438.37,434.23,436.41,924.0,60,0.0
2024-06-12 13:00:00,436.39,438.41,432.97,437.93,2434.0,20,0.0
2024-06-12 14:00:00,437.99,438.25,436.12,437.89,2579.0,20,0.0
2024-06-12 15:00:00,437.92,439.43,437.27,438.72,1921.0,20,0.0
2024-06-12 16:00:00,438.69,439.19,437.98,439.19,1494.0,20,0.0
2024-06-12 17:00:00,439.18,440.31,438.59,439.55,1531.0,20,0.0
2024-06-12 18:00:00,439.55,440.62,437.69,440.58,3644.0,20,0.0
2024-06-12 19:00:00,440.57,443.29,439.56,440.1,2849.0,20,0.0
2024-06-13 10:00:00,438.07,439.4,438.07,439.35,426.0,60,0.0
2024-06-13 11:00:00,439.36,439.83,438.46,438.53,304.0,60,0.0
2024-06-13 12:00:00,438.64,440.68,438.64,439.16,783.0,60,0.0
2024-06-13 13:00:00,439.11,442.69,438.65,441.33,2268.0,20,0.0
2024-06-13 14:00:00,441.34,442.56,440.1,441.82,2668.0,20,0.0
2024-06-13 15:00:00,441.85,442.98,441.71,441.91,1943.0,20,0.0
2024-06-13 16:00:00,441.91,441.91,439.31,441.06,1785.0,20,0.0
2024-06-13 17:00:00,441.08,441.5,440.15,440.19,1273.0,20,0.0
2024-06-13 18:00:00,440.23,441.12,440.0,440.14,1179.0,20,0.0
2024-06-13 19:00:00,440.11,441.19,439.85,441.12,1089.0,20,0.0
2024-06-14 10:00:00,437.5,437.9,436.48,437.28,654.0,60,0.0
2024-06-14 11:00:00,437.26,438.27,436.64,437.5,430.0,60,0.0
2024-06-14 12:00:00,437.51,438.76,437.49,438.34,402.0,60,0.0
2024-06-14 13:00:00,438.37,441.75,436.19,441.61,1808.0,20,0.0
2024-06-14 14:00:00,441.56,442.4,439.95,442.38,2246.0,20,0.0
2024-06-14 15:00:00,442.38,442.56,440.63,442.15,1606.0,20,0.0
2024-06-14 16:00:00,442.13,442.72,441.68,441.95,1271.0,20,0.0
2024-06-14 17:00:00,441.95,442.61,441.44,442.11,1084.0,20,0.0
2024-06-14 18:00:00,442.1,442.29,441.21,441.93,1245.0,20,0.0
2024-06-14 19:00:00,441.91,441.99,441.31,441.37,883.0,20,0.0
2024-06-17 10:00:00,443.26,443.26,442.53,442.75,224.0,60,0.0
2024-06-17 11:00:00,442.68,442.68,441.95,442.11,357.0,60,0.0
2024-06-17 12:00:00,442.13,442.39,441.24,441.69,278.0,60,0.0
2024-06-17 13:00:00,441.75,443.64,440.34,441.38,1878.0,20,0.0
2024-06-17 14:00:00,441.44,443.01,441.22,441.98,2034.0,20,0.0
2024-06-17 15:00:00,441.98,444.79,441.95,443.93,1637.0,20,0.0
2024-06-17 16:00:00,443.95,446.24,443.74,446.1,1383.0,20,0.0
2024-06-17 17:00:00,446.1,449.05,446.1,449.01,1583.0,20,0.0
2024-06-17 18:00:00,449.01,450.23,447.83,448.92,1961.0,20,0.0
2024-06-17 19:00:00,448.84,450.52,448.78,449.38,1170.0,20,0.0
2024-06-18 10:00:00,449.51,449.77,449.14,449.15,214.0,60,0.0
2024-06-18 11:00:00,449.11,449.34,448.54,448.8,289.0,60,0.0
2024-06-18 12:00:00,448.78,449.76,447.83,448.73,337.0,60,0.0
2024-06-18 13:00:00,448.74,449.49,446.49,447.24,1800.0,20,0.0
2024-06-18 14:00:00,447.31,447.88,444.95,446.02,2347.0,20,0.0
2024-06-18 15:00:00,446.04,446.11,444.5,446.08,1668.0,20,0.0
2024-06-18 16:00:00,446.08,447.26,445.94,447.13,1315.0,20,0.0
2024-06-18 17:00:00,447.1,447.47,446.37,446.92,1366.0,20,0.0
2024-06-18 18:00:00,446.91,446.96,445.25,445.68,1685.0,20,0.0
2024-06-18 19:00:00,445.66,446.42,444.76,445.87,1076.0,20,0.0
2024-06-20 10:00:00,448.02,448.83,448.01,448.65,121.0,60,0.0
2024-06-20 11:00:00,448.63,448.63,446.18,446.59,307.0,60,0.0
2024-06-20 12:00:00,446.58,446.63,445.43,446.0,314.0,60,0.0
2024-06-20 13:00:00,446.0,446.2,440.88,442.07,2018.0,20,0.0
2024-06-20 14:00:00,442.03,443.69,441.51,443.13,2698.0,20,0.0
2024-06-20 15:00:00,443.14,445.39,442.67,443.88,1995.0,20,0.0
2024-06-20 16:00:00,443.89,445.03,442.54,444.08,2372.0,20,0.0
2024-06-20 17:00:00,444.03,444.71,443.47,444.03,2424.0,20,0.0
2024-06-20 18:00:00,444.01,444.8,443.98,444.2,1924.0,20,0.0
2024-06-20 19:00:00,444.24,444.85,443.4,444.43,1785.0,20,0.0
2024-06-21 10:00:00,444.28,444.43,443.26,444.1,315.0,40,0.0
2024-06-21 11:00:00,444.1,445.88,444.1,445.54,381.0,60,0.0
2024-06-21 12:00:00,445.18,447.09,443.64,446.02,500.0,60,0.0
2024-06-21 13:00:00,446.01,449.68,444.53,446.92,2877.0,20,0.0
2024-06-21 14:00:00,446.88,448.46,446.12,447.2,2524.0,20,0.0
2024-06-21 15:00:00,447.2,448.86,447.02,448.7,1939.0,20,0.0
2024-06-21 16:00:00,448.73,449.32,448.11,448.33,1628.0,20,0.0
2024-06-21 17:00:00,448.31,448.73,447.68,448.41,1590.0,20,0.0
2024-06-21 18:00:00,448.4,449.01,448.03,448.63,1559.0,20,0.0
2024-06-21 19:00:00,448.66,449.04,448.12,448.57,1235.0,20,0.0
2024-06-24 10:00:00,450.23,450.26,449.53,449.61,245.0,60,0.0
2024-06-24 11:00:00,449.6,449.9,448.98,449.15,243.0,60,0.0
2024-06-24 12:00:00,449.14,449.31,448.48,448.85,240.0,60,0.0
2024-06-24 13:00:00,448.85,449.45,445.78,449.13,1833.0,20,0.0
2024-06-24 14:00:00,449.18,452.28,447.77,449.7,3203.0,20,0.0
2024-06-24 15:00:00,449.74,450.02,448.92,449.79,2079.0,20,0.0
2024-06-24 16:00:00,449.8,449.82,448.5,448.92,1526.0,20,0.0
2024-06-24 17:00:00,448.88,449.06,447.55,447.92,1978.0,20,0.0
2024-06-24 18:00:00,447.94,448.15,447.32,447.68,2271.0,20,0.0
2024-06-24 19:00:00,447.68,448.26,447.41,447.57,1371.0,20,0.0
2024-06-25 10:00:00,445.44,445.73,445.41,445.67,177.0,60,0.0
2024-06-25 11:00:00,445.69,446.95,445.69,446.67,246.0,60,0.0
2024-06-25 12:00:00,446.67,448.76,446.57,447.9,420.0,60,0.0
2024-06-25 13:00:00,447.92,448.25,446.28,447.23,1520.0,20,0.0
2024-06-25 14:00:00,447.22,449.67,446.53,448.59,2068.0,20,0.0
2024-06-25 15:00:00,448.58,449.61,448.1,449.5,1559.0,20,0.0
2024-06-25 16:00:00,449.46,449.83,448.39,448.72,1411.0,20,0.0
2024-06-25 17:00:00,448.69,449.47,448.25,449.39,1204.0,20,0.0
2024-06-25 18:00:00,449.41,449.89,449.16,449.78,1197.0,20,0.0
2024-06-25 19:00:00,449.77,450.27,449.58,449.79,988.0,20,0.0
2024-06-26 10:00:00,449.98,450.42,449.9,450.31,229.0,60,0.0
2024-06-26 11:00:00,450.38,450.38,448.76,449.04,220.0,60,0.0
2024-06-26 12:00:00,449.04,449.72,448.92,448.98,210.0,60,0.0
2024-06-26 13:00:00,448.9,450.34,447.24,449.97,1692.0,20,0.0
2024-06-26 14:00:00,450.01,453.11,449.62,452.66,2239.0,20,0.0
2024-06-26 15:00:00,452.65,453.13,451.21,452.92,1993.0,20,0.0
2024-06-26 16:00:00,452.91,452.93,451.8,452.2,1566.0,20,0.0
2024-06-26 17:00:00,452.17,452.33,450.88,451.61,1412.0,20,0.0
2024-06-26 18:00:00,451.61,451.7,450.44,451.16,1309.0,20,0.0
2024-06-26 19:00:00,451.16,451.42,450.83,451.25,1218.0,20,0.0
2024-06-27 10:00:00,451.38,451.79,451.33,451.7,221.0,60,0.0
2024-06-27 11:00:00,451.68,451.68,451.05,451.18,182.0,60,0.0
2024-06-27 12:00:00,451.21,451.81,451.02,451.7,341.0,60,0.0
2024-06-27 13:00:00,451.8,455.31,451.09,454.46,1971.0,20,0.0
2024-06-27 14:00:00,454.43,455.71,454.0,454.86,2396.0,20,0.0
2024-06-27 15:00:00,454.87,455.24,452.45,453.3,1952.0,20,0.0
2024-06-27 16:00:00,453.31,454.18,453.18,453.45,1294.0,20,0.0
2024-06-27 17:00:00,453.45,454.1,452.85,453.07,1011.0,20,0.0
2024-06-27 18:00:00,453.07,453.07,451.44,452.35,1508.0,20,0.0
2024-06-27 19:00:00,452.39,452.57,451.71,451.91,1080.0,20,0.0
2024-06-28 10:00:00,453.84,453.92,453.61,453.7,162.0,60,0.0
2024-06-28 11:00:00,453.66,453.72,453.26,453.43,180.0,60,0.0
2024-06-28 12:00:00,453.43,453.46,451.44,451.57,728.0,60,0.0
2024-06-28 13:00:00,451.54,453.44,450.96,453.44,1879.0,20,0.0
2024-06-28 14:00:00,453.51,454.91,452.9,453.61,2601.0,20,0.0
2024-06-28 15:00:00,453.59,453.64,452.09,453.06,1998.0,20,0.0
2024-06-28 16:00:00,453.07,453.22,451.68,453.1,1940.0,20,0.0
2024-06-28 17:00:00,453.07,453.72,452.41,452.59,1479.0,20,0.0
2024-06-28 18:00:00,452.59,453.65,452.36,452.48,1592.0,20,0.0
2024-06-28 19:00:00,452.49,452.71,450.34,452.16,1792.0,20,0.0
2024-07-01 10:00:00,447.86,448.84,447.83,448.69,304.0,60,0.0
2024-07-01 11:00:00,448.66,448.66,447.77,448.01,227.0,60,0.0
2024-07-01 12:00:00,448.02,448.71,447.96,448.59,228.0,60,0.0
2024-07-01 13:00:00,448.59,448.82,445.23,447.41,2702.0,20,0.0
2024-07-01 14:00:00,447.57,451.78,447.53,450.62,3163.0,20,0.0
2024-07-01 15:00:00,450.61,452.35,449.73,452.35,1899.0,20,0.0
2024-07-01 16:00:00,452.34,454.26,452.17,453.96,1673.0,20,0.0
2024-07-01 17:00:00,453.96,454.18,452.48,453.25,1473.0,20,0.0
2024-07-01 18:00:00,453.24,453.87,452.1,453.34,1423.0,20,0.0
2024-07-01 19:00:00,453.34,454.97,452.96,454.94,1165.0,20,0.0
2024-07-02 10:00:00,454.8,455.15,454.68,454.83,219.0,40,0.0
2024-07-02 11:00:00,454.76,454.99,453.44,453.73,386.0,60,0.0
2024-07-02 12:00:00,453.74,454.52,453.47,454.34,362.0,60,0.0
2024-07-02 13:00:00,454.33,456.3,452.47,455.29,2327.0,20,0.0
2024-07-02 14:00:00,455.33,457.43,455.05,456.48,2997.0,20,0.0
2024-07-02 15:00:00,456.52,456.56,455.1,455.14,1741.0,20,0.0
2024-07-02 16:00:00,455.15,456.05,454.39,455.99,1334.0,20,0.0
2024-07-02 17:00:00,456.0,458.69,455.92,458.34,1338.0,20,0.0
2024-07-02 18:00:00,458.34,458.6,457.62,458.21,1120.0,20,0.0
2024-07-02 19:00:00,458.21,458.47,458.0,458.32,911.0,20,0.0
2024-07-03 10:00:00,458.96,459.01,458.51,458.52,237.0,60,0.0
2024-07-03 11:00:00,458.54,458.58,458.01,458.17,341.0,60,0.0
2024-07-03 12:00:00,458.18,458.49,457.06,457.47,356.0,60,0.0
2024-07-03 13:00:00,457.45,459.93,457.13,458.63,1966.0,20,0.0
2024-07-03 14:00:00,458.78,458.98,457.47,458.25,2475.0,20,0.0
2024-07-03 15:00:00,458.26,460.25,458.03,458.84,1821.0,20,0.0
2024-07-03 16:00:00,458.82,460.52,458.68,459.99,1910.0,20,0.0
2024-07-05 10:00:00,460.24,460.74,460.24,460.66,101.0,60,0.0
2024-07-05 11:00:00,460.64,460.69,460.2,460.3,216.0,60,0.0
2024-07-05 12:00:00,460.3,460.66,459.15,459.83,618.0,60,0.0
2024-07-05 13:00:00,459.64,465.52,458.31,465.5,2205.0,20,0.0
2024-07-05 14:00:00,465.54,466.56,464.11,464.2,2751.0,20,0.0
2024-07-05 15:00:00,464.2,466.25,463.7,465.96,1903.0,20,0.0
2024-07-05 16:00:00,465.96,466.51,465.69,465.96,1346.0,20,0.0
2024-07-05 17:00:00,465.97,467.83,465.9,466.54,1418.0,20,0.0
2024-07-05 18:00:00,466.55,466.98,466.27,466.68,1213.0,20,0.0
2024-07-05 19:00:00,466.65,467.28,466.57,467.17,961.0,20,0.0
2024-07-08 10:00:00,467.95,468.01,467.54,467.55,160.0,60,0.0
2024-07-08 11:00:00,467.55,467.73,466.86,467.39,385.0,60,0.0
2024-07-08 12:00:00,467.39,467.66,466.4,466.66,469.0,60,0.0
2024-07-08 13:00:00,466.69,467.2,464.15,466.05,1932.0,20,0.0
2024-07-08 14:00:00,466.04,466.22,464.02,465.0,2110.0,20,0.0
2024-07-08 15:00:00,465.0,466.33,464.65,465.82,1663.0,20,0.0
2024-07-08 16:00:00,465.82,465.88,464.67,465.01,1362.0,20,0.0
2024-07-08 17:00:00,465.01,465.19,464.36,464.8,1162.0,20,0.0
2024-07-08 18:00:00,464.74,465.44,464.48,465.05,1194.0,20,0.0
2024-07-08 19:00:00,465.08,465.08,464.25,464.77,982.0,20,0.0
2024-07-09 10:00:00,466.64,466.64,466.34,466.48,145.0,60,0.0
2024-07-09 11:00:00,466.49,466.75,466.44,466.51,250.0,60,0.0
2024-07-09 12:00:00,466.59,466.67,466.0,466.12,233.0,60,0.0
2024-07-09 13:00:00,466.12,466.68,463.32,464.12,1636.0,20,0.0
2024-07-09 14:00:00,464.11,464.32,462.91,463.06,2169.0,20,0.0
2024-07-09 15:00:00,463.02,463.53,461.01,461.22,1784.0,20,0.0
2024-07-09 16:00:00,461.22,461.62,458.79,459.48,1697.0,20,0.0
2024-07-09 17:00:00,459.48,459.86,458.84,459.75,1544.0,20,0.0
2024-07-09 18:00:00,459.75,459.92,458.4,458.83,1233.0,20,0.0
2024-07-09 19:00:00,458.87,459.5,458.1,458.38,930.0,20,0.0
2024-07-10 10:00:00,460.88,460.96,460.78,460.93,77.0,60,0.0
2024-07-10 11:00:00,460.93,460.93,459.96,460.39,311.0,60,0.0
2024-07-10 12:00:00,460.43,460.57,460.16,460.37,241.0,60,0.0
2024-07-10 13:00:00,460.37,461.91,458.21,461.9,1720.0,20,0.0
2024-07-10 14:00:00,461.93,463.06,459.19,460.24,2560.0,20,0.0
2024-07-10 15:00:00,460.26,461.31,459.17,460.04,1807.0,20,0.0
2024-07-10 16:00:00,460.04,463.53,459.39,463.47,1663.0,20,0.0
2024-07-10 17:00:00,463.47,464.53,462.16,463.41,1556.0,20,0.0
2024-07-10 18:00:00,463.41,464.69,463.14,464.46,1263.0,20,0.0
2024-07-10 19:00:00,464.42,464.46,463.21,464.39,1042.0,20,0.0
2024-07-11 10:00:00,465.03,465.21,464.86,465.14,142.0,60,0.0
2024-07-11 11:00:00,465.25,465.37,464.94,465.2,193.0,60,0.0
2024-07-11 12:00:00,465.19,467.05,464.3,464.43,876.0,60,0.0
2024-07-11 13:00:00,464.43,464.92,460.4,460.67,2358.0,20,0.0
2024-07-11 14:00:00,460.7,461.34,452.8,454.44,4155.0,20,0.0
2024-07-11 15:00:00,454.48,454.91,451.07,452.71,3631.0,20,0.0
2024-07-11 16:00:00,452.71,455.74,452.29,454.03,2566.0,20,0.0
2024-07-11 17:00:00,454.06,455.03,451.95,452.35,2104.0,20,0.0
2024-07-11 18:00:00,452.38,454.53,452.35,453.79,1849.0,20,0.0
2024-07-11 19:00:00,453.83,455.14,453.59,454.17,1403.0,20,0.0
2024-07-12 10:00:00,454.77,455.02,453.44,453.46,219.0,60,0.0
2024-07-12 11:00:00,453.51,454.67,453.4,454.46,249.0,60,0.0
2024-07-12 12:00:00,454.46,455.34,452.1,454.42,766.0,60,0.0
2024-07-12 13:00:00,454.36,454.93,449.91,452.86,2310.0,20,0.0
2024-07-12 14:00:00,452.84,454.29,451.89,453.57,2553.0,20,0.0
2024-07-12 15:00:00,453.56,454.41,453.08,453.12,1703.0,20,0.0
2024-07-12 16:00:00,453.13,453.62,452.2,453.17,1704.0,20,0.0
2024-07-12 17:00:00,453.17,455.8,453.07,455.19,1610.0,20,0.0
2024-07-12 18:00:00,455.19,455.34,454.41,455.29,1439.0,20,0.0
2024-07-12 19:00:00,455.29,455.76,452.77,453.15,1532.0,20,0.0
2024-07-15 10:00:00,452.48,452.58,451.44,451.73,264.0,60,0.0
2024-07-15 11:00:00,451.76,453.18,451.76,452.6,383.0,60,0.0
2024-07-15 12:00:00,452.53,452.61,451.91,452.11,341.0,60,0.0
2024-07-15 13:00:00,452.11,455.68,451.52,453.93,1953.0,20,0.0
2024-07-15 14:00:00,453.96,455.55,453.17,454.95,2460.0,20,0.0
2024-07-15 15:00:00,455.0,456.68,453.33,454.58,2200.0,20,0.0
2024-07-15 16:00:00,454.58,454.58,450.88,452.93,2403.0,20,0.0
2024-07-15 17:00:00,452.93,452.93,450.9,451.11,2238.0,20,0.0
2024-07-15 18:00:00,451.14,453.39,451.04,453.25,1608.0,20,0.0
2024-07-15 19:00:00,453.22,453.79,451.59,451.65,1306.0,20,0.0
2024-07-16 10:00:00,452.06,452.58,452.06,452.54,162.0,60,0.0
2024-07-16 11:00:00,452.61,453.25,452.61,453.25,181.0,60,0.0
2024-07-16 12:00:00,453.23,453.8,452.42,453.36,343.0,60,0.0
2024-07-16 13:00:00,453.36,454.03,450.37,450.6,1796.0,20,0.0
2024-07-16 14:00:00,450.6,451.04,446.68,447.77,3345.0,20,0.0
2024-07-16 15:00:00,447.72,449.45,447.21,447.96,2163.0,20,0.0
2024-07-16 16:00:00,447.96,448.41,446.55,448.15,2050.0,20,0.0
2024-07-16 17:00:00,448.12,448.12,446.11,447.18,1645.0,20,0.0
2024-07-16 18:00:00,447.18,448.9,446.49,448.85,1725.0,20,0.0
2024-07-16 19:00:00,448.88,449.22,448.53,449.22,1347.0,20,0.0
2024-07-17 10:00:00,442.98,444.76,442.89,444.08,483.0,60,0.0
2024-07-17 11:00:00,444.21,444.63,442.06,442.91,628.0,60,0.0
2024-07-17 12:00:00,442.92,443.74,442.9,443.33,397.0,60,0.0
2024-07-17 13:00:00,443.35,443.77,440.29,443.2,2927.0,20,0.0
2024-07-17 14:00:00,443.2,443.27,439.13,439.45,4423.0,20,0.0
2024-07-17 15:00:00,439.42,440.98,438.63,440.21,2876.0,20,0.0
2024-07-17 16:00:00,440.22,440.55,439.38,440.34,2643.0,20,0.0
2024-07-17 17:00:00,440.34,442.44,440.12,442.43,2313.0,20,0.0
2024-07-17 18:00:00,442.47,444.05,442.04,442.7,2379.0,20,0.0
2024-07-17 19:00:00,442.7,444.23,442.06,442.5,1918.0,20,0.0
2024-07-18 10:00:00,443.95,444.43,443.34,444.43,301.0,60,0.0
2024-07-18 11:00:00,444.57,444.78,444.01,444.61,258.0,60,0.0
2024-07-18 12:00:00,444.6,445.62,444.14,445.38,396.0,60,0.0
2024-07-18 13:00:00,445.39,446.19,438.67,438.85,2544.0,20,0.0
2024-07-18 14:00:00,438.86,440.06,435.9,438.33,4637.0,20,0.0
2024-07-18 15:00:00,438.37,438.75,434.21,434.34,4185.0,20,0.0
2024-07-18 16:00:00,434.35,436.34,433.82,436.02,2762.0,20,0.0
2024-07-18 17:00:00,435.96,437.59,435.3,436.97,2514.0,20,0.0
2024-07-18 18:00:00,437.01,438.26,436.19,437.64,2671.0,20,0.0
2024-07-18 19:00:00,437.6,438.83,436.15,438.55,2397.0,20,0.0
2024-07-19 10:00:00,428.45,433.68,428.45,433.0,1142.0,60,0.0
2024-07-19 11:00:00,432.97,434.62,432.5,433.23,1004.0,60,0.0
2024-07-19 12:00:00,433.32,434.68,432.51,434.55,874.0,60,0.0
2024-07-19 13:00:00,434.58,440.47,431.11,437.18,3851.0,20,0.0
2024-07-19 14:00:00,437.15,440.37,436.29,438.65,4091.0,20,0.0
2024-07-19 15:00:00,438.67,439.65,435.92,437.88,2923.0,20,0.0
2024-07-19 16:00:00,437.84,438.16,435.57,436.54,2553.0,20,0.0
2024-07-19 17:00:00,436.55,436.58,435.03,436.18,2280.0,20,0.0
2024-07-19 18:00:00,436.14,436.99,435.34,436.94,2266.0,20,0.0
2024-07-19 19:00:00,436.91,437.77,435.4,435.64,1952.0,20,0.0
2024-07-22 10:00:00,439.44,439.54,439.04,439.54,181.0,60,0.0
2024-07-22 11:00:00,439.46,439.56,438.34,439.32,271.0,60,0.0
2024-07-22 12:00:00,439.32,439.57,439.03,439.27,281.0,60,0.0
2024-07-22 13:00:00,439.28,443.25,439.15,442.7,2330.0,20,0.0
2024-07-22 14:00:00,442.69,443.95,441.27,441.96,3526.0,20,0.0
2024-07-22 15:00:00,441.96,442.93,438.33,439.43,3416.0,20,0.0
2024-07-22 16:00:00,439.39,442.09,438.63,441.79,2362.0,20,0.0
2024-07-22 17:00:00,441.82,442.89,441.65,442.83,1960.0,20,0.0
2024-07-22 18:00:00,442.84,443.95,442.63,442.8,1684.0,20,0.0
2024-07-22 19:00:00,442.78,443.41,442.09,443.09,1718.0,20,0.0
2024-07-23 10:00:00,443.1,443.81,442.96,443.4,356.0,40,0.0
2024-07-23 11:00:00,443.37,443.59,443.19,443.49,239.0,60,0.0
2024-07-23 12:00:00,443.49,443.54,442.31,443.28,558.0,60,0.0
2024-07-23 13:00:00,443.28,447.12,442.43,445.32,2311.0,20,0.0
2024-07-23 14:00:00,445.37,446.28,443.54,445.1,3257.0,20,0.0
2024-07-23 15:00:00,445.1,447.71,445.1,446.21,2364.0,20,0.0
2024-07-23 16:00:00,446.17,446.17,443.18,443.83,2426.0,20,0.0
2024-07-23 17:00:00,443.82,444.33,442.85,444.19,2071.0,20,0.0
2024-07-23 18:00:00,444.19,444.72,443.25,443.69,1522.0,20,0.0
2024-07-23 19:00:00,443.68,443.86,442.47,442.98,1328.0,20,0.0
2024-07-24 10:00:00,440.96,441.55,440.64,440.78,406.0,60,0.0
2024-07-24 11:00:00,440.91,441.02,440.22,440.56,417.0,60,0.0
2024-07-24 12:00:00,440.56,440.58,438.31,438.59,579.0,60,0.0
2024-07-24 13:00:00,438.61,440.69,436.53,438.74,2458.0,20,0.0
2024-07-24 14:00:00,438.7,438.77,432.81,433.55,3482.0,20,0.0
2024-07-24 15:00:00,433.52,433.66,430.2,430.99,2668.0,20,0.0
2024-07-24 16:00:00,430.99,431.33,428.5,428.54,2669.0,20,0.0
2024-07-24 17:00:00,428.54,430.31,428.31,428.38,2154.0,20,0.0
2024-07-24 18:00:00,428.38,429.42,426.96,427.98,2493.0,20,0.0
2024-07-24 19:00:00,427.97,429.0,427.65,428.62,2035.0,20,0.0
2024-07-25 10:00:00,426.37,426.67,425.39,426.39,598.0,60,0.0
2024-07-25 11:00:00,426.39,428.08,426.0,426.12,827.0,60,0.0
2024-07-25 12:00:00,426.12,429.75,425.43,429.62,1112.0,60,0.0
2024-07-25 13:00:00,429.55,429.78,421.24,421.48,3642.0,20,0.0
2024-07-25 14:00:00,421.42,424.13,416.9,423.35,6845.0,20,0.0
2024-07-25 15:00:00,423.36,424.74,420.38,422.26,4088.0,20,0.0
2024-07-25 16:00:00,422.27,425.46,421.36,424.99,3377.0,20,0.0
2024-07-25 17:00:00,424.99,426.62,423.11,424.27,3069.0,20,0.0
2024-07-25 18:00:00,424.26,424.36,419.8,420.3,3382.0,20,0.0
2024-07-25 19:00:00,420.26,421.8,419.18,419.56,2673.0,20,0.0
2024-07-26 10:00:00,420.76,421.59,420.71,421.35,515.0,40,0.0
2024-07-26 11:00:00,421.34,421.36,420.34,420.6,412.0,60,0.0
2024-07-26 12:00:00,420.57,420.82,417.89,418.51,895.0,60,0.0
2024-07-26 13:00:00,418.45,421.25,416.53,419.36,2823.0,20,0.0
2024-07-26 14:00:00,419.32,423.57,418.9,421.83,4491.0,20,0.0
2024-07-26 15:00:00,421.85,425.53,421.74,425.3,3294.0,20,0.0
2024-07-26 16:00:00,425.33,427.65,425.33,427.39,2656.0,20,0.0
2024-07-26 17:00:00,427.4,428.26,425.75,425.89,2939.0,20,0.0
2024-07-26 18:00:00,425.86,426.11,423.46,423.67,2866.0,20,0.0
2024-07-26 19:00:00,423.64,425.33,422.89,424.92,2434.0,20,0.0
2024-07-29 10:00:00,427.67,427.93,427.16,427.82,413.0,60,0.0
2024-07-29 11:00:00,427.85,428.81,427.43,428.62,392.0,60,0.0
2024-07-29 12:00:00,428.67,430.51,428.4,428.99,589.0,60,0.0
2024-07-29 13:00:00,429.01,431.13,424.67,427.76,2731.0,20,0.0
2024-07-29 14:00:00,427.75,428.1,424.98,425.64,3584.0,20,0.0
2024-07-29 15:00:00,425.64,426.96,424.05,426.53,2903.0,20,0.0
2024-07-29 16:00:00,426.56,428.67,426.56,427.93,2370.0,20,0.0
2024-07-29 17:00:00,427.92,429.04,427.31,427.32,2100.0,20,0.0
2024-07-29 18:00:00,427.33,427.45,425.5,426.64,2081.0,20,0.0
2024-07-29 19:00:00,426.63,427.92,426.35,427.74,1597.0,20,0.0
2024-07-30 10:00:00,424.81,426.52,424.76,426.13,295.0,60,0.0
2024-07-30 11:00:00,425.98,426.74,425.52,426.45,401.0,60,0.0
2024-07-30 12:00:00,426.44,426.84,425.65,426.57,581.0,60,0.0
2024-07-30 13:00:00,426.52,428.34,424.35,426.62,2531.0,20,0.0
2024-07-30 14:00:00,426.56,428.19,424.03,424.32,3395.0,20,0.0
2024-07-30 15:00:00,424.31,424.49,418.09,418.79,3948.0,20,0.0
2024-07-30 16:00:00,418.77,420.89,417.32,417.47,2759.0,20,0.0
2024-07-30 17:00:00,417.5,418.88,416.72,418.88,2392.0,8,0.0
2024-07-30 18:00:00,418.89,421.17,418.61,419.73,2343.0,20,0.0
2024-07-30 19:00:00,419.74,421.45,418.89,421.45,2214.0,20,0.0
2024-07-31 10:00:00,409.93,411.75,409.93,411.26,594.0,60,0.0
2024-07-31 11:00:00,411.2,411.2,405.87,408.76,1658.0,60,0.0
2024-07-31 12:00:00,408.71,417.24,408.57,414.66,2112.0,60,0.0
2024-07-31 13:00:00,414.66,421.73,411.55,417.95,5361.0,20,0.0
2024-07-31 14:00:00,417.97,419.44,414.27,416.73,5115.0,20,0.0
2024-07-31 15:00:00,416.71,417.96,415.08,415.39,3169.0,20,0.0
2024-07-31 16:00:00,415.38,416.12,413.16,413.89,2632.0,20,0.0
2024-07-31 17:00:00,413.92,418.48,413.83,418.14,2892.0,20,0.0
2024-07-31 18:00:00,418.17,419.39,416.54,418.0,3824.0,20,0.0
2024-07-31 19:00:00,418.0,420.49,414.88,417.86,3528.0,20,0.0
2024-08-01 10:00:00,419.66,419.84,419.16,419.23,251.0,60,0.0
2024-08-01 11:00:00,419.16,419.26,416.8,417.23,755.0,60,0.0
2024-08-01 12:00:00,417.26,420.09,417.24,419.8,720.0,60,0.0
2024-08-01 13:00:00,419.78,426.59,417.36,426.31,3284.0,20,0.0
2024-08-01 14:00:00,426.27,426.72,421.82,423.0,5252.0,20,0.0
2024-08-01 15:00:00,423.05,423.32,415.99,416.96,4181.0,20,0.0
2024-08-01 16:00:00,417.0,420.34,416.7,416.96,3534.0,20,0.0
2024-08-01 17:00:00,417.0,417.59,412.42,415.04,3392.0,20,0.0
2024-08-01 18:00:00,415.0,415.32,412.99,414.11,3526.0,20,0.0
2024-08-01 19:00:00,414.08,415.18,413.61,413.88,2900.0,20,0.0
2024-08-02 10:00:00,408.37,409.76,407.68,408.76,986.0,60,0.0
2024-08-02 11:00:00,408.85,409.46,407.31,407.59,590.0,60,0.0
2024-08-02 12:00:00,407.44,409.02,405.21,407.93,1645.0,60,0.0
2024-08-02 13:00:00,407.9,414.0,405.5,406.83,4692.0,20,0.0
2024-08-02 14:00:00,406.89,407.7,403.69,405.35,6177.0,20,0.0
2024-08-02 15:00:00,405.46,407.32,404.0,406.13,4984.0,20,0.0
2024-08-02 16:00:00,406.17,407.89,404.3,404.84,4347.0,20,0.0
2024-08-02 17:00:00,404.8,406.08,404.3,405.28,3428.0,20,0.0
2024-08-02 18:00:00,405.24,407.15,403.96,404.9,3226.0,20,0.0
2024-08-02 19:00:00,404.94,407.4,404.86,406.75,2653.0,20,0.0
2024-08-05 10:00:00,390.44,391.31,385.29,390.66,1687.0,60,0.0
2024-08-05 11:00:00,390.9,392.88,387.87,389.91,1986.0,60,0.0
2024-08-05 12:00:00,389.9,390.71,382.1,387.29,3413.0,60,0.0
2024-08-05 13:00:00,387.24,396.23,384.65,392.81,8623.0,20,0.0
2024-08-05 14:00:00,392.73,398.69,392.2,395.95,8657.0,20,0.0
2024-08-05 15:00:00,395.89,399.95,394.29,398.07,6361.0,20,0.0
2024-08-05 16:00:00,398.07,400.26,395.73,396.23,4460.0,20,0.0
2024-08-05 17:00:00,396.24,397.91,395.59,395.78,4304.0,20,0.0
2024-08-05 18:00:00,395.75,396.0,392.46,392.99,4373.0,20,0.0
2024-08-05 19:00:00,393.05,395.32,392.67,392.78,3304.0,20,0.0
2024-08-06 10:00:00,397.25,399.6,396.39,399.39,1129.0,60,0.0
2024-08-06 11:00:00,399.4,400.21,398.22,399.35,945.0,60,0.0
2024-08-06 12:00:00,399.36,399.59,397.32,397.84,1172.0,60,0.0
2024-08-06 13:00:00,397.87,401.74,396.58,399.75,4295.0,20,0.0
2024-08-06 14:00:00,399.72,403.83,398.9,403.17,5581.0,20,0.0
2024-08-06 15:00:00,403.11,404.19,400.39,403.98,4468.0,20,0.0
2024-08-06 16:00:00,404.02,404.89,402.46,404.06,3147.0,20,0.0
2024-08-06 17:00:00,404.07,404.45,402.42,402.86,2759.0,20,0.0
2024-08-06 18:00:00,402.87,404.02,401.74,401.74,2435.0,20,0.0
2024-08-06 19:00:00,401.74,402.09,400.05,400.07,3199.0,20,0.0
2024-08-07 10:00:00,405.43,406.32,405.04,406.11,605.0,60,0.0
2024-08-07 11:00:00,406.03,406.26,405.19,405.35,585.0,60,0.0
2024-08-07 12:00:00,405.41,408.33,405.36,407.27,639.0,60,0.0
2024-08-07 13:00:00,407.26,408.4,406.09,408.12,2897.0,20,0.0
2024-08-07 14:00:00,408.15,409.27,406.64,407.67,4078.0,20,0.0
2024-08-07 15:00:00,407.68,407.87,403.96,404.94,3130.0,20,0.0
2024-08-07 16:00:00,404.97,404.97,400.56,401.13,3107.0,8,0.0
2024-08-07 17:00:00,401.09,401.63,399.13,399.57,3487.0,20,0.0
2024-08-07 18:00:00,399.52,399.85,397.52,398.06,3735.0,20,0.0
2024-08-07 19:00:00,398.08,400.22,397.96,399.13,2539.0,20,0.0
2024-08-08 10:00:00,398.05,398.88,397.45,397.89,822.0,60,0.0
2024-08-08 11:00:00,398.01,398.39,396.97,398.28,1015.0,60,0.0
2024-08-08 12:00:00,398.26,403.14,398.16,401.35,1356.0,60,0.0
2024-08-08 13:00:00,401.4,403.28,399.2,402.01,3434.0,20,0.0
2024-08-08 14:00:00,401.97,405.09,401.44,403.63,3987.0,20,0.0
2024-08-08 15:00:00,403.64,403.64,401.38,402.77,2949.0,20,0.0
2024-08-08 16:00:00,402.8,403.96,400.42,401.82,2578.0,20,0.0
2024-08-08 17:00:00,401.84,403.74,400.66,403.7,2353.0,20,0.0
2024-08-08 18:00:00,403.69,404.8,401.52,401.84,2236.0,8,0.0
2024-08-08 19:00:00,401.83,402.33,399.51,402.01,2115.0,20,0.0
2024-08-09 10:00:00,405.92,405.97,405.12,405.51,744.0,60,0.0
2024-08-09 11:00:00,405.45,405.51,403.19,404.2,795.0,60,0.0
2024-08-09 12:00:00,404.26,404.29,400.54,402.18,937.0,60,0.0
2024-08-09 13:00:00,402.15,405.07,401.7,402.65,2807.0,20,0.0
2024-08-09 14:00:00,402.69,405.16,401.52,404.34,4245.0,20,0.0
2024-08-09 15:00:00,404.33,405.37,403.12,403.32,2762.0,20,0.0
2024-08-09 16:00:00,403.42,404.39,402.65,404.19,1922.0,20,0.0
2024-08-09 17:00:00,404.19,407.22,403.93,405.85,2044.0,20,0.0
2024-08-09 18:00:00,405.85,406.3,405.19,405.88,2232.0,20,0.0
2024-08-09 19:00:00,405.88,406.37,405.37,405.71,1620.0,20,0.0
2024-08-12 10:00:00,406.82,408.03,406.5,407.46,427.0,60,0.0
2024-08-12 11:00:00,407.44,407.87,406.86,407.5,471.0,60,0.0
2024-08-12 12:00:00,407.5,408.13,407.1,407.24,480.0,60,0.0
2024-08-12 13:00:00,407.28,407.71,403.66,403.92,2177.0,20,0.0
2024-08-12 14:00:00,403.9,406.27,403.45,406.27,2713.0,20,0.0
2024-08-12 15:00:00,406.31,407.5,403.55,407.5,2873.0,20,0.0
2024-08-12 16:00:00,407.5,407.95,405.05,405.06,2252.0,20,0.0
2024-08-12 17:00:00,405.02,407.02,404.51,405.22,2285.0,8,0.0
2024-08-12 18:00:00,405.24,405.68,404.75,405.56,2061.0,8,0.0
2024-08-12 19:00:00,405.54,405.61,404.36,404.59,1739.0,8,0.0
2024-08-13 10:00:00,408.25,408.44,405.87,406.44,671.0,60,0.0
2024-08-13 11:00:00,406.41,407.17,406.17,407.01,702.0,60,0.0
2024-08-13 12:00:00,407.03,409.17,407.03,408.96,665.0,60,0.0
2024-08-13 13:00:00,408.97,411.9,408.05,410.72,2078.0,20,0.0
2024-08-13 14:00:00,410.73,411.45,409.12,411.28,2445.0,20,0.0
2024-08-13 15:00:00,411.28,412.92,411.23,412.38,1758.0,20,0.0
2024-08-13 16:00:00,412.38,414.11,412.04,413.96,1600.0,8,0.0
2024-08-13 17:00:00,413.93,414.01,412.06,413.18,1598.0,20,0.0
2024-08-13 18:00:00,413.16,413.85,412.89,413.84,1437.0,8,0.0
2024-08-13 19:00:00,413.84,414.05,412.25,412.53,1183.0,8,0.0
2024-08-14 10:00:00,413.69,414.39,413.57,414.31,292.0,60,0.0
2024-08-14 11:00:00,414.29,414.34,413.7,414.09,272.0,60,0.0
2024-08-14 12:00:00,414.05,415.19,411.44,413.8,1315.0,60,0.0
2024-08-14 13:00:00,413.81,415.66,413.06,414.53,2484.0,20,0.0
2024-08-14 14:00:00,414.52,414.69,411.63,414.03,2724.0,20,0.0
2024-08-14 15:00:00,414.04,416.72,413.95,416.57,1785.0,8,0.0
2024-08-14 16:00:00,416.55,416.55,414.29,415.59,1982.0,20,0.0
2024-08-14 17:00:00,415.59,416.19,414.77,415.61,1728.0,20,0.0
2024-08-14 18:00:00,415.58,415.79,414.86,415.75,1545.0,8,0.0
2024-08-14 19:00:00,415.75,415.79,414.29,414.98,1363.0,8,0.0
2024-08-15 10:00:00,417.65,417.67,416.93,416.93,387.0,60,0.0
2024-08-15 11:00:00,416.94,418.23,416.85,417.69,631.0,40,0.0
2024-08-15 12:00:00,417.7,420.29,416.97,419.34,827.0,60,0.0
2024-08-15 13:00:00,419.35,420.57,417.57,420.49,2096.0,20,0.0
2024-08-15 14:00:00,420.48,420.81,418.12,418.36,2344.0,20,0.0
2024-08-15 15:00:00,418.37,419.96,417.91,419.63,1625.0,20,0.0
2024-08-15 16:00:00,419.62,420.41,418.71,418.83,1460.0,8,0.0
2024-08-15 17:00:00,418.83,419.81,418.46,419.81,1319.0,8,0.0
2024-08-15 18:00:00,419.81,420.19,419.41,419.84,1362.0,8,0.0
2024-08-15 19:00:00,419.82,420.29,419.43,419.81,1146.0,8,0.0
2024-08-16 10:00:00,422.37,422.39,421.18,421.51,455.0,60,0.0
2024-08-16 11:00:00,421.48,421.67,420.13,420.24,562.0,40,0.0
2024-08-16 12:00:00,420.13,420.38,418.74,419.48,640.0,60,0.0
2024-08-16 13:00:00,419.5,421.58,417.24,417.66,2446.0,20,0.0
2024-08-16 14:00:00,417.61,418.85,417.32,417.71,2691.0,20,0.0
2024-08-16 15:00:00,417.67,418.85,417.22,418.5,1759.0,20,0.0
2024-08-16 16:00:00,418.49,419.54,418.14,419.46,1242.0,20,0.0
2024-08-16 17:00:00,419.46,419.58,418.43,418.99,1243.0,8,0.0
2024-08-16 18:00:00,419.0,419.09,418.33,418.92,1384.0,8,0.0
2024-08-16 19:00:00,418.92,419.17,418.51,418.54,1189.0,8,0.0
2024-08-19 10:00:00,417.97,418.42,417.84,418.0,632.0,60,0.0
2024-08-19 11:00:00,417.98,418.93,417.87,418.75,290.0,60,0.0
2024-08-19 12:00:00,418.81,419.13,418.46,418.55,273.0,60,0.0
2024-08-19 13:00:00,418.55,419.54,417.61,419.49,1534.0,20,0.0
2024-08-19 14:00:00,419.5,419.64,416.39,418.07,2172.0,20,0.0
2024-08-19 15:00:00,418.07,418.41,416.99,417.21,1508.0,20,0.0
2024-08-19 16:00:00,417.25,419.09,417.21,418.77,1285.0,8,0.0
2024-08-19 17:00:00,418.78,418.95,418.18,418.83,951.0,8,0.0
2024-08-19 18:00:00,418.83,420.48,418.76,419.96,1120.0,8,0.0
2024-08-19 19:00:00,419.96,420.05,419.38,419.57,935.0,8,0.0
2024-08-20 10:00:00,422.17,422.53,422.01,422.43,234.0,60,0.0
2024-08-20 11:00:00,422.46,422.46,421.87,422.03,196.0,60,0.0
2024-08-20 12:00:00,422.07,422.51,420.94,421.34,320.0,60,0.0
2024-08-20 13:00:00,421.35,423.48,420.75,423.31,1653.0,20,0.0
2024-08-20 14:00:00,423.35,423.54,421.9,423.02,2338.0,20,0.0
2024-08-20 15:00:00,423.02,423.03,421.73,422.78,1637.0,8,0.0
2024-08-20 16:00:00,422.79,423.94,422.27,423.41,1441.0,8,0.0
2024-08-20 17:00:00,423.42,424.15,423.13,424.08,1435.0,8,0.0
2024-08-20 18:00:00,424.07,425.73,423.99,424.83,1367.0,8,0.0
2024-08-20 19:00:00,424.84,425.04,424.19,424.54,1136.0,8,0.0
2024-08-21 10:00:00,425.22,425.85,425.08,425.62,388.0,40,0.0
2024-08-21 11:00:00,425.47,425.95,424.33,424.65,272.0,40,0.0
2024-08-21 12:00:00,424.64,425.49,424.36,425.37,480.0,60,0.0
2024-08-21 13:00:00,425.37,425.56,422.38,423.47,1538.0,20,0.0
2024-08-21 14:00:00,423.49,426.28,423.0,423.61,2831.0,20,0.0
2024-08-21 15:00:00,423.57,424.61,421.87,422.22,1904.0,20,0.0
2024-08-21 16:00:00,422.17,423.58,421.63,423.36,1404.0,20,0.0
2024-08-21 17:00:00,423.37,424.02,423.2,423.82,1124.0,20,0.0
2024-08-21 18:00:00,423.82,424.45,423.31,424.01,1777.0,20,0.0
2024-08-21 19:00:00,424.01,424.13,422.64,422.9,1165.0,20,0.0
2024-08-22 10:00:00,423.53,424.11,423.52,423.87,227.0,60,0.0
2024-08-22 11:00:00,423.89,424.23,423.58,423.93,271.0,60,0.0
2024-08-22 12:00:00,423.95,424.04,423.28,423.88,318.0,60,0.0
2024-08-22 13:00:00,423.85,426.41,423.05,425.53,1811.0,20,0.0
2024-08-22 14:00:00,425.57,425.81,421.31,421.41,2473.0,20,0.0
2024-08-22 15:00:00,421.42,422.09,417.53,417.95,2682.0,20,0.0
2024-08-22 16:00:00,417.93,420.08,416.89,416.96,2242.0,20,0.0
2024-08-22 17:00:00,416.97,417.36,414.51,414.93,2420.0,20,0.0
2024-08-22 18:00:00,414.93,416.53,414.73,415.35,2224.0,20,0.0
2024-08-22 19:00:00,415.33,416.35,414.52,414.87,1785.0,20,0.0
2024-08-23 10:00:00,418.6,419.08,418.24,418.91,356.0,60,0.0
2024-08-23 11:00:00,418.92,418.92,418.04,418.29,295.0,60,0.0
2024-08-23 12:00:00,418.3,418.31,417.93,418.18,259.0,60,0.0
2024-08-23 13:00:00,418.18,418.64,416.19,417.12,1710.0,20,0.0
2024-08-23 14:00:00,417.16,419.15,412.87,414.83,4342.0,20,0.0
2024-08-23 15:00:00,414.84,416.68,413.89,414.56,3135.0,20,0.0
2024-08-23 16:00:00,414.54,414.66,412.02,413.89,2678.0,20,0.0
2024-08-23 17:00:00,413.86,415.41,413.56,414.4,1844.0,8,0.0
2024-08-23 18:00:00,414.41,415.04,413.98,414.32,1646.0,20,0.0
2024-08-23 19:00:00,414.28,416.23,414.07,415.43,1485.0,8,0.0
2024-08-26 10:00:00,417.11,417.37,416.88,416.88,203.0,59,0.0
2024-08-26 11:00:00,416.86,416.97,415.73,416.15,326.0,59,0.0
2024-08-26 12:00:00,416.12,416.12,415.16,415.79,292.0,59,0.0
2024-08-26 13:00:00,415.74,417.02,414.55,415.52,1754.0,19,0.0
2024-08-26 14:00:00,415.61,415.93,412.06,413.96,2654.0,19,0.0
2024-08-26 15:00:00,413.95,415.0,412.99,413.14,1874.0,19,0.0
2024-08-26 16:00:00,413.14,414.23,412.91,413.82,1518.0,19,0.0
2024-08-26 17:00:00,413.82,414.01,411.48,411.75,1649.0,19,0.0
2024-08-26 18:00:00,411.75,413.51,411.26,413.44,1700.0,8,0.0
2024-08-26 19:00:00,413.43,413.55,412.43,412.53,1189.0,8,0.0
2024-08-27 10:00:00,414.11,414.11,412.69,412.95,460.0,59,0.0
2024-08-27 11:00:00,413.05,413.85,412.4,413.41,571.0,59,0.0
2024-08-27 12:00:00,413.47,413.47,412.01,412.26,556.0,59,0.0
2024-08-27 13:00:00,412.24,412.89,410.16,411.94,1994.0,19,0.0
2024-08-27 14:00:00,411.98,414.21,411.61,412.84,2079.0,19,0.0
2024-08-27 15:00:00,412.84,413.37,410.42,410.98,1616.0,19,0.0
2024-08-27 16:00:00,410.98,412.15,410.86,411.69,1124.0,19,0.0
2024-08-27 17:00:00,411.69,413.38,411.5,413.28,962.0,19,0.0
2024-08-27 18:00:00,413.28,414.11,413.19,413.72,939.0,19,0.0
2024-08-27 19:00:00,413.73,413.86,413.12,413.72,789.0,19,0.0
2024-08-28 10:00:00,413.95,414.25,413.88,414.08,318.0,39,0.0
2024-08-28 11:00:00,414.05,414.05,413.15,413.35,221.0,39,0.0
2024-08-28 12:00:00,413.37,413.73,412.8,413.73,374.0,39,0.0
2024-08-28 13:00:00,413.77,414.75,411.45,412.42,1714.0,19,0.0
2024-08-28 14:00:00,412.42,412.6,409.53,409.65,2151.0,19,0.0
2024-08-28 15:00:00,409.62,409.82,407.65,408.89,2612.0,19,0.0
2024-08-28 16:00:00,408.87,410.31,408.28,410.15,1670.0,19,0.0
2024-08-28 17:00:00,410.15,410.42,407.74,407.75,1691.0,19,0.0
2024-08-28 18:00:00,407.75,409.85,407.24,409.81,1806.0,19,0.0
2024-08-28 19:00:00,409.8,410.74,409.46,410.49,1702.0,19,0.0
2024-08-29 10:00:00,412.89,412.96,412.23,412.37,410.0,59,0.0
2024-08-29 11:00:00,412.31,413.14,411.95,412.82,278.0,59,0.0
2024-08-29 12:00:00,412.81,413.84,412.01,412.93,580.0,59,0.0
2024-08-29 13:00:00,412.94,421.63,411.59,420.91,2509.0,19,0.0
2024-08-29 14:00:00,420.96,421.93,418.72,420.12,3409.0,19,0.0
2024-08-29 15:00:00,420.08,420.33,418.47,419.03,2323.0,19,0.0
2024-08-29 16:00:00,419.03,420.23,418.88,419.39,1614.0,19,0.0
2024-08-29 17:00:00,419.36,419.36,417.14,417.83,1666.0,19,0.0
2024-08-29 18:00:00,417.81,417.81,412.61,413.31,3321.0,19,0.0
2024-08-29 19:00:00,413.24,414.56,412.75,413.39,2677.0,8,0.0
2024-08-30 10:00:00,416.05,416.71,415.36,416.71,629.0,59,0.0
2024-08-30 11:00:00,416.58,416.58,415.46,415.55,437.0,59,0.0
2024-08-30 12:00:00,415.55,416.15,414.44,414.84,573.0,59,0.0
2024-08-30 13:00:00,414.83,416.9,414.0,416.56,1908.0,19,0.0
2024-08-30 14:00:00,416.53,417.25,414.37,414.37,2548.0,19,0.0
2024-08-30 15:00:00,414.3,415.48,413.9,414.72,2263.0,19,0.0
2024-08-30 16:00:00,414.69,414.73,412.07,413.82,1942.0,19,0.0
2024-08-30 17:00:00,413.82,414.52,412.24,412.32,1500.0,19,0.0
2024-08-30 18:00:00,412.32,413.72,412.11,413.67,1383.0,19,0.0
2024-08-30 19:00:00,413.69,414.45,413.16,413.9,1269.0,19,0.0
2024-09-03 10:00:00,415.16,415.58,414.68,415.52,568.0,63,0.0
2024-09-03 11:00:00,415.46,416.37,414.9,416.09,527.0,63,0.0
2024-09-03 12:00:00,416.1,417.29,415.76,415.93,381.0,63,0.0
2024-09-03 13:00:00,416.02,419.76,415.03,418.06,2225.0,21,0.0
2024-09-03 14:00:00,417.97,418.4,412.97,413.37,3495.0,21,0.0
2024-09-03 15:00:00,413.4,413.99,411.44,411.5,2509.0,21,0.0
2024-09-03 16:00:00,411.5,413.1,410.82,411.1,2076.0,21,0.0
2024-09-03 17:00:00,411.1,411.94,410.76,410.86,1846.0,21,0.0
2024-09-03 18:00:00,410.86,410.97,408.82,409.93,2125.0,21,0.0
2024-09-03 19:00:00,409.93,410.47,408.32,408.56,1670.0,21,0.0
2024-09-04 10:00:00,406.96,407.03,405.3,405.54,494.0,63,0.0
2024-09-04 11:00:00,406.07,406.48,405.83,406.05,396.0,63,0.0
2024-09-04 12:00:00,406.05,407.32,405.98,406.85,406.0,63,0.0
2024-09-04 13:00:00,406.8,407.71,404.03,406.79,2029.0,21,0.0
2024-09-04 14:00:00,406.75,410.48,404.52,410.46,3719.0,21,0.0
2024-09-04 15:00:00,410.46,411.12,408.54,409.37,2196.0,21,0.0
2024-09-04 16:00:00,409.36,410.59,408.53,409.28,2290.0,21,0.0
2024-09-04 17:00:00,409.24,409.25,407.89,408.68,1865.0,21,0.0
2024-09-04 18:00:00,408.68,409.55,408.37,408.82,1823.0,21,0.0
2024-09-04 19:00:00,408.82,409.99,408.24,409.92,1499.0,21,0.0
2024-09-05 10:00:00,407.07,407.58,406.88,407.52,548.0,63,0.0
2024-09-05 11:00:00,407.52,407.94,406.32,406.44,484.0,63,0.0
2024-09-05 12:00:00,406.52,408.26,405.26,406.36,993.0,63,0.0
2024-09-05 13:00:00,406.56,412.72,404.95,411.35,2257.0,21,0.0
2024-09-05 14:00:00,411.39,412.98,409.22,409.33,3366.0,21,0.0
2024-09-05 15:00:00,409.38,409.92,406.73,406.94,2686.0,21,0.0
2024-09-05 16:00:00,406.9,407.59,406.04,406.93,1902.0,9,0.0
2024-09-05 17:00:00,406.93,409.06,406.16,409.06,1709.0,21,0.0
2024-09-05 18:00:00,409.06,409.32,407.65,407.71,1757.0,9,0.0
2024-09-05 19:00:00,407.68,408.53,406.25,407.15,1662.0,9,0.0
2024-09-06 10:00:00,405.28,405.42,400.75,403.34,1175.0,63,0.0
2024-09-06 11:00:00,403.48,406.19,403.48,405.82,496.0,63,0.0
2024-09-06 12:00:00,405.83,409.13,404.58,408.65,952.0,63,0.0
2024-09-06 13:00:00,408.66,410.21,407.04,407.44,2389.0,21,0.0
2024-09-06 14:00:00,407.38,408.25,401.9,402.58,3656.0,21,0.0
2024-09-06 15:00:00,402.59,405.12,401.61,401.61,3665.0,21,0.0
2024-09-06 16:00:00,401.62,402.91,401.38,402.39,2225.0,21,0.0
2024-09-06 17:00:00,402.37,403.76,401.01,401.59,1846.0,9,0.0
2024-09-06 18:00:00,401.59,401.7,400.69,401.27,1805.0,9,0.0
2024-09-06 19:00:00,401.27,402.55,401.23,401.37,1515.0,21,0.0
2024-09-09 10:00:00,406.45,406.63,406.02,406.15,280.0,67,0.0
2024-09-09 11:00:00,405.93,406.37,405.5,405.59,520.0,67,0.0
2024-09-09 12:00:00,405.58,405.61,404.84,405.3,520.0,67,0.0
2024-09-09 13:00:00,405.31,408.51,404.85,406.65,2168.0,22,0.0
2024-09-09 14:00:00,406.66,406.66,402.21,402.25,2874.0,22,0.0
2024-09-09 15:00:00,402.21,404.47,402.06,404.47,2172.0,22,0.0
2024-09-09 16:00:00,404.48,405.8,404.31,404.82,1491.0,22,0.0
2024-09-09 17:00:00,404.8,405.46,403.9,404.0,1736.0,22,0.0
2024-09-09 18:00:00,403.96,404.04,402.88,403.33,1862.0,9,0.0
2024-09-09 19:00:00,403.29,404.3,402.73,403.69,1398.0,9,0.0
2024-09-10 10:00:00,406.93,407.66,406.42,406.84,984.0,67,0.0
2024-09-10 11:00:00,406.82,407.96,406.76,407.83,636.0,67,0.0
2024-09-10 12:00:00,407.82,409.11,407.78,408.57,428.0,67,0.0
2024-09-10 13:00:00,408.57,415.22,407.03,414.19,2487.0,22,0.0
2024-09-10 14:00:00,414.29,416.17,412.21,412.64,3488.0,22,0.0
2024-09-10 15:00:00,412.62,413.95,409.51,409.6,2508.0,22,0.0
2024-09-10 16:00:00,409.56,411.22,408.7,410.53,2315.0,22,0.0
2024-09-10 17:00:00,410.5,412.44,410.33,411.93,1723.0,22,0.0
2024-09-10 18:00:00,411.96,412.68,411.7,412.16,1525.0,22,0.0
2024-09-10 19:00:00,412.14,412.59,411.75,412.07,1181.0,22,0.0
2024-09-11 10:00:00,413.94,414.07,413.75,413.79,342.0,67,0.0
2024-09-11 11:00:00,413.77,414.11,413.45,414.03,433.0,44,0.0
2024-09-11 12:00:00,414.03,414.94,412.14,414.94,1135.0,44,0.0
2024-09-11 13:00:00,414.94,417.01,413.98,415.18,2766.0,22,0.0
2024-09-11 14:00:00,415.14,415.21,409.64,410.28,4034.0,22,0.0
2024-09-11 15:00:00,410.24,413.89,409.53,413.67,2833.0,22,0.0
2024-09-11 16:00:00,413.71,416.41,413.54,415.85,2739.0,22,0.0
2024-09-11 17:00:00,415.87,419.35,415.71,418.3,2350.0,22,0.0
2024-09-11 18:00:00,418.3,420.87,418.12,420.55,2344.0,22,0.0
2024-09-11 19:00:00,420.51,421.34,420.07,420.72,1672.0,9,0.0
2024-09-12 10:00:00,422.74,423.44,422.4,422.78,467.0,67,0.0
2024-09-12 11:00:00,422.76,423.4,422.76,423.26,333.0,67,0.0
2024-09-12 12:00:00,423.23,423.35,421.9,422.35,922.0,67,0.0
2024-09-12 13:00:00,422.35,423.69,420.08,420.93,2592.0,22,0.0
2024-09-12 14:00:00,420.96,422.84,419.92,420.11,3507.0,22,0.0
2024-09-12 15:00:00,420.1,421.73,419.67,419.9,2827.0,22,0.0
2024-09-12 16:00:00,419.92,422.84,419.7,422.63,1982.0,22,0.0
2024-09-12 17:00:00,422.64,425.86,422.38,425.86,1924.0,22,0.0
2024-09-12 18:00:00,425.86,427.24,424.13,426.29,2345.0,22,0.0
2024-09-12 19:00:00,426.29,426.69,425.62,426.49,1581.0,22,0.0
2024-09-13 10:00:00,426.01,426.28,425.48,425.98,421.0,44,0.0
2024-09-13 11:00:00,425.96,426.45,425.7,425.95,549.0,67,0.0
2024-09-13 12:00:00,425.95,426.75,425.47,426.44,564.0,67,0.0
2024-09-13 13:00:00,426.38,428.63,425.21,426.78,2016.0,22,0.0
2024-09-13 14:00:00,426.96,428.87,426.29,428.45,2958.0,22,0.0
2024-09-13 15:00:00,428.46,429.05,428.02,428.91,2059.0,22,0.0
2024-09-13 16:00:00,428.91,430.18,427.98,430.15,1921.0,9,0.0
2024-09-13 17:00:00,430.15,431.71,430.07,431.1,1709.0,22,0.0
2024-09-13 18:00:00,431.1,431.34,429.6,430.17,1946.0,22,0.0
2024-09-13 19:00:00,430.18,430.99,429.84,430.99,1258.0,22,0.0
2024-09-16 10:00:00,430.76,430.86,429.34,429.57,756.0,44,0.0
2024-09-16 11:00:00,429.66,430.39,429.34,429.63,338.0,67,0.0
2024-09-16 12:00:00,429.63,429.75,428.71,429.41,496.0,67,0.0
2024-09-16 13:00:00,429.43,433.37,427.91,431.97,2143.0,22,0.0
2024-09-16 14:00:00,431.94,432.51,429.36,429.7,2900.0,22,0.0
2024-09-16 15:00:00,429.68,431.73,428.83,429.89,2345.0,22,0.0
2024-09-16 16:00:00,429.93,430.01,428.73,429.7,1872.0,22,0.0
2024-09-16 17:00:00,429.69,431.58,429.23,431.51,1556.0,22,0.0
2024-09-16 18:00:00,431.51,431.53,429.94,430.6,1518.0,22,0.0
2024-09-16 19:00:00,430.6,431.23,430.18,431.19,1108.0,9,0.0
2024-09-17 10:00:00,438.8,439.84,436.57,436.65,326.0,67,0.0
2024-09-17 11:00:00,436.54,438.93,436.54,438.17,568.0,67,0.0
2024-09-17 12:00:00,438.26,439.68,437.47,437.96,637.0,67,0.0
2024-09-17 13:00:00,437.95,441.4,436.3,438.69,3116.0,22,0.0
2024-09-17 14:00:00,438.76,439.76,435.92,436.48,3758.0,22,0.0
2024-09-17 15:00:00,436.51,437.03,434.24,435.56,2243.0,22,0.0
2024-09-17 16:00:00,435.55,435.7,431.86,433.23,2681.0,22,0.0
2024-09-17 17:00:00,433.24,434.96,432.71,434.87,2426.0,22,0.0
2024-09-17 18:00:00,434.86,435.21,433.69,434.27,1900.0,22,0.0
2024-09-17 19:00:00,434.27,434.78,433.64,433.95,1567.0,22,0.0
2024-09-18 10:00:00,436.07,436.21,434.05,435.9,413.0,67,0.0
2024-09-18 11:00:00,435.84,436.84,435.82,435.99,213.0,67,0.0
2024-09-18 12:00:00,435.97,436.17,434.95,435.73,357.0,67,0.0
2024-09-18 13:00:00,435.72,436.14,431.2,432.06,1785.0,22,0.0
2024-09-18 14:00:00,432.09,432.91,430.97,431.49,2603.0,22,0.0
2024-09-18 15:00:00,431.49,431.83,430.03,430.5,1816.0,22,0.0
2024-09-18 16:00:00,430.49,432.39,430.24,432.26,1645.0,22,0.0
2024-09-18 17:00:00,432.3,432.68,431.4,431.77,1862.0,22,0.0
2024-09-18 18:00:00,431.74,435.54,430.75,432.65,8199.0,22,0.0
2024-09-18 19:00:00,432.62,434.56,430.75,431.71,4940.0,22,0.0
2024-09-19 10:00:00,438.6,439.28,438.15,438.56,396.0,67,0.0
2024-09-19 11:00:00,438.57,438.57,437.06,437.61,661.0,67,0.0
2024-09-19 12:00:00,437.72,437.73,437.01,437.1,571.0,67,0.0
2024-09-19 13:00:00,437.13,441.9,436.51,436.66,2587.0,22,0.0
2024-09-19 14:00:00,436.7,439.58,436.6,437.77,2848.0,22,0.0
2024-09-19 15:00:00,437.75,439.28,436.87,438.43,2492.0,9,0.0
2024-09-19 16:00:00,438.46,439.37,438.03,438.05,1874.0,9,0.0
2024-09-19 17:00:00,438.05,439.43,437.38,438.93,1840.0,9,0.0
2024-09-19 18:00:00,438.93,439.28,437.76,439.1,2057.0,22,0.0
2024-09-19 19:00:00,439.06,439.12,437.91,438.01,1895.0,22,0.0
2024-09-20 10:00:00,437.06,437.12,435.73,436.28,737.0,67,0.0
2024-09-20 11:00:00,436.4,437.37,436.39,437.31,241.0,67,0.0
2024-09-20 12:00:00,437.3,438.77,436.75,438.77,432.0,67,0.0
2024-09-20 13:00:00,438.78,438.78,436.06,436.33,2072.0,22,0.0
2024-09-20 14:00:00,436.3,436.94,434.48,434.57,2566.0,22,0.0
2024-09-20 15:00:00,434.56,435.98,433.81,435.41,2133.0,22,0.0
2024-09-20 16:00:00,435.45,437.49,435.28,436.82,1478.0,22,0.0
2024-09-20 17:00:00,436.81,437.13,436.25,436.43,1386.0,22,0.0
2024-09-20 18:00:00,436.43,436.62,435.11,435.62,1687.0,22,0.0
2024-09-20 19:00:00,435.62,437.38,435.3,437.37,1621.0,22,0.0
2024-09-23 10:00:00,436.1,436.17,430.6,431.96,973.0,67,0.0
2024-09-23 11:00:00,432.01,433.44,431.74,433.31,721.0,67,0.0
2024-09-23 12:00:00,433.26,433.56,432.28,432.76,666.0,67,0.0
2024-09-23 13:00:00,432.71,434.0,429.82,432.28,2154.0,22,0.0
2024-09-23 14:00:00,432.31,435.41,431.78,434.86,2245.0,22,0.0
2024-09-23 15:00:00,434.85,435.98,433.84,434.89,1714.0,22,0.0
2024-09-23 16:00:00,434.89,435.0,432.6,432.79,1813.0,22,0.0
2024-09-23 17:00:00,432.78,433.71,432.1,433.42,1541.0,22,0.0
2024-09-23 18:00:00,433.43,433.89,432.97,433.73,1187.0,22,0.0
2024-09-23 19:00:00,433.73,433.96,433.35,433.52,823.0,22,0.0
2024-09-24 10:00:00,432.88,433.07,432.61,432.61,141.0,44,0.0
2024-09-24 11:00:00,432.54,432.89,431.45,432.14,644.0,67,0.0
2024-09-24 12:00:00,432.13,432.82,432.11,432.49,483.0,67,0.0
2024-09-24 13:00:00,432.53,433.12,428.41,428.58,1576.0,22,0.0
2024-09-24 14:00:00,428.54,428.72,425.67,427.93,3005.0,22,0.0
2024-09-24 15:00:00,427.92,429.27,427.82,429.22,1891.0,22,0.0
2024-09-24 16:00:00,429.24,430.06,428.45,428.47,1484.0,22,0.0
2024-09-24 17:00:00,428.47,429.16,428.36,428.7,1320.0,22,0.0
2024-09-24 18:00:00,428.71,428.9,427.13,427.98,1508.0,22,0.0
2024-09-24 19:00:00,427.98,428.91,427.91,428.65,980.0,22,0.0
2024-09-25 10:00:00,428.77,429.22,428.66,429.03,353.0,44,0.0
2024-09-25 11:00:00,429.17,429.24,428.87,428.95,167.0,67,0.0
2024-09-25 12:00:00,428.95,429.62,428.59,429.39,383.0,67,0.0
2024-09-25 13:00:00,429.37,431.0,427.98,429.86,1651.0,22,0.0
2024-09-25 14:00:00,429.9,431.18,429.73,430.94,2082.0,22,0.0
2024-09-25 15:00:00,430.95,432.63,430.43,431.27,1756.0,22,0.0
2024-09-25 16:00:00,431.27,431.72,430.69,431.34,1391.0,22,0.0
2024-09-25 17:00:00,431.35,431.91,430.29,431.86,1638.0,22,0.0
2024-09-25 18:00:00,431.85,432.06,430.48,431.47,1267.0,22,0.0
2024-09-25 19:00:00,431.47,431.78,431.02,431.47,973.0,22,0.0
2024-09-26 10:00:00,435.04,435.18,434.43,435.04,237.0,67,0.0
2024-09-26 11:00:00,434.99,434.99,433.81,434.09,442.0,67,0.0
2024-09-26 12:00:00,434.11,434.74,433.07,434.72,658.0,67,0.0
2024-09-26 13:00:00,434.72,435.27,430.23,432.86,2005.0,22,0.0
2024-09-26 14:00:00,432.87,432.94,429.74,429.84,2758.0,22,0.0
2024-09-26 15:00:00,429.83,431.05,429.28,431.01,2114.0,22,0.0
2024-09-26 16:00:00,430.99,431.02,429.39,429.68,1596.0,22,0.0
2024-09-26 17:00:00,429.67,429.8,428.69,429.22,1641.0,22,0.0
2024-09-26 18:00:00,429.24,430.35,429.16,429.45,1595.0,9,0.0
2024-09-26 19:00:00,429.42,430.9,429.38,430.86,1245.0,9,0.0
2024-09-27 10:00:00,429.89,430.35,429.7,430.14,320.0,67,0.0
2024-09-27 11:00:00,430.16,431.0,429.84,430.72,257.0,67,0.0
2024-09-27 12:00:00,430.71,432.17,430.6,432.01,517.0,67,0.0
2024-09-27 13:00:00,432.05,432.18,429.45,430.24,1830.0,22,0.0
2024-09-27 14:00:00,430.29,431.36,429.97,430.36,2383.0,22,0.0
2024-09-27 15:00:00,430.32,430.59,427.77,427.79,1900.0,22,0.0
2024-09-27 16:00:00,427.81,428.63,427.01,428.6,1550.0,22,0.0
2024-09-27 17:00:00,428.61,429.47,428.26,429.44,1190.0,9,0.0
2024-09-27 18:00:00,429.43,429.64,427.44,428.37,1571.0,9,0.0
2024-09-27 19:00:00,428.37,428.72,428.01,428.03,1097.0,22,0.0
2024-09-30 10:00:00,426.52,426.82,426.46,426.82,131.0,67,0.0
2024-09-30 11:00:00,426.82,426.82,425.97,426.06,321.0,67,0.0
2024-09-30 12:00:00,426.05,427.11,425.97,427.04,241.0,67,0.0
2024-09-30 13:00:00,427.04,428.82,425.65,425.86,1553.0,22,0.0
2024-09-30 14:00:00,425.9,426.67,425.11,425.77,2219.0,22,0.0
2024-09-30 15:00:00,425.77,427.69,425.69,427.56,1864.0,22,0.0
2024-09-30 16:00:00,427.56,428.44,427.52,427.73,1442.0,22,0.0
2024-09-30 17:00:00,427.74,427.82,426.76,427.57,1439.0,22,0.0
2024-09-30 18:00:00,427.57,427.65,424.87,426.44,2488.0,22,0.0
2024-09-30 19:00:00,426.41,427.47,425.71,427.43,1341.0,22,0.0
2024-10-01 10:00:00,428.21,429.02,428.21,428.98,267.0,67,0.0
2024-10-01 11:00:00,428.84,429.44,428.46,428.91,431.0,44,0.0
2024-10-01 12:00:00,428.86,428.97,428.17,428.73,328.0,67,0.0
2024-10-01 13:00:00,428.87,428.88,420.7,421.87,2644.0,22,0.0
2024-10-01 14:00:00,421.82,422.38,419.89,420.92,4202.0,22,0.0
2024-10-01 15:00:00,420.92,421.68,418.33,420.94,3067.0,22,0.0
2024-10-01 16:00:00,420.9,421.86,419.09,420.78,3092.0,22,0.0
2024-10-01 17:00:00,420.75,422.45,419.29,422.45,3137.0,22,0.0
2024-10-01 18:00:00,422.41,423.2,422.21,422.55,2484.0,22,0.0
2024-10-01 19:00:00,422.54,422.58,421.28,421.59,1781.0,22,0.0
2024-10-02 10:00:00,418.79,419.35,418.46,419.03,422.0,67,0.0
2024-10-02 11:00:00,419.04,419.45,418.41,418.46,541.0,67,0.0
2024-10-02 12:00:00,418.46,420.05,418.36,419.75,561.0,67,0.0
2024-10-02 13:00:00,419.76,422.11,416.24,418.02,2621.0,22,0.0
2024-10-02 14:00:00,417.98,418.7,417.11,417.58,3335.0,22,0.0
2024-10-02 15:00:00,417.57,418.82,417.18,417.99,2111.0,22,0.0
2024-10-02 16:00:00,418.01,418.87,416.53,416.56,1786.0,9,0.0
2024-10-02 17:00:00,416.52,418.09,416.52,417.75,1563.0,22,0.0
2024-10-02 18:00:00,417.75,418.17,416.67,417.81,1428.0,9,0.0
2024-10-02 19:00:00,417.8,418.47,417.72,418.08,1229.0,9,0.0
2024-10-03 10:00:00,415.63,416.18,415.44,416.14,330.0,67,0.0
2024-10-03 11:00:00,416.18,417.4,416.15,417.4,335.0,67,0.0
2024-10-03 12:00:00,417.4,418.24,416.33,416.55,450.0,67,0.0
2024-10-03 13:00:00,416.46,417.82,415.28,417.67,1871.0,22,0.0
2024-10-03 14:00:00,417.77,419.04,415.4,415.74,3648.0,22,0.0
2024-10-03 15:00:00,415.74,417.48,415.63,417.28,2076.0,22,0.0
2024-10-03 16:00:00,417.32,417.46,414.08,414.57,1873.0,22,0.0
2024-10-03 17:00:00,414.53,415.98,413.82,415.98,2059.0,22,0.0
2024-10-03 18:00:00,415.97,416.51,415.28,415.42,1618.0,9,0.0
2024-10-03 19:00:00,415.41,415.52,414.53,415.07,1222.0,9,0.0
2024-10-04 10:00:00,417.15,417.82,417.02,417.64,189.0,67,0.0
2024-10-04 11:00:00,417.55,417.66,416.95,417.17,458.0,67,0.0
2024-10-04 12:00:00,417.2,419.71,416.72,419.55,876.0,67,0.0
2024-10-04 13:00:00,419.6,419.6,415.62,415.66,2167.0,22,0.0
2024-10-04 14:00:00,415.69,417.12,414.53,416.93,2944.0,22,0.0
2024-10-04 15:00:00,416.93,417.65,415.31,417.31,2341.0,22,0.0
2024-10-04 16:00:00,417.32,418.46,416.23,417.94,1889.0,22,0.0
2024-10-04 17:00:00,417.91,418.18,416.36,416.97,1774.0,22,0.0
2024-10-04 18:00:00,416.97,417.63,416.28,417.63,1567.0,9,0.0
2024-10-04 19:00:00,417.6,417.66,416.37,416.55,1481.0,9,0.0
2024-10-07 10:00:00,414.06,414.18,414.0,414.11,123.0,67,0.0
2024-10-07 11:00:00,414.11,414.39,413.4,413.65,372.0,67,0.0
2024-10-07 12:00:00,413.65,414.2,413.56,413.65,291.0,67,0.0
2024-10-07 13:00:00,413.66,416.29,413.58,414.11,2061.0,22,0.0
2024-10-07 14:00:00,414.14,415.81,414.14,415.15,2351.0,22,0.0
2024-10-07 15:00:00,415.15,415.35,414.18,414.52,1903.0,22,0.0
2024-10-07 16:00:00,414.5,414.5,412.55,412.71,1586.0,9,0.0
2024-10-07 17:00:00,412.7,413.48,412.13,412.76,1400.0,9,0.0
2024-10-07 18:00:00,412.76,412.86,408.67,408.82,2395.0,9,0.0
2024-10-07 19:00:00,408.79,409.99,408.69,409.08,1653.0,9,0.0
2024-10-08 10:00:00,412.29,412.83,404.75,406.99,1073.0,67,0.0
2024-10-08 11:00:00,406.95,407.95,406.53,407.29,473.0,67,0.0
2024-10-08 12:00:00,407.35,409.76,406.32,408.65,669.0,67,0.0
2024-10-08 13:00:00,408.65,413.41,407.43,412.8,2379.0,22,0.0
2024-10-08 14:00:00,412.84,414.28,411.67,413.18,2690.0,22,0.0
2024-10-08 15:00:00,413.18,414.08,412.38,413.94,1813.0,22,0.0
2024-10-08 16:00:00,413.97,414.17,412.72,413.04,1444.0,9,0.0
2024-10-08 17:00:00,413.04,413.14,411.79,412.52,1500.0,9,0.0
2024-10-08 18:00:00,412.53,413.6,412.44,413.42,1406.0,9,0.0
2024-10-08 19:00:00,413.43,414.4,413.28,414.3,1090.0,9,0.0
2024-10-09 10:00:00,414.91,416.84,414.9,416.02,269.0,67,0.0
2024-10-09 11:00:00,416.02,416.02,414.76,414.92,402.0,67,0.0
2024-10-09 12:00:00,414.79,415.43,413.96,414.4,337.0,67,0.0
2024-10-09 13:00:00,414.41,416.19,413.65,414.94,1916.0,22,0.0
2024-10-09 14:00:00,414.95,417.6,414.91,417.6,2319.0,22,0.0
2024-10-09 15:00:00,417.6,419.8,417.53,419.3,1950.0,22,0.0
2024-10-09 16:00:00,419.29,419.3,417.21,417.35,1718.0,22,0.0
2024-10-09 17:00:00,417.35,417.98,416.06,416.78,1670.0,9,0.0
2024-10-09 18:00:00,416.78,417.43,416.35,416.8,1683.0,9,0.0
2024-10-09 19:00:00,416.81,417.64,416.4,416.94,1232.0,22,0.0
2024-10-10 10:00:00,416.86,418.0,416.82,417.37,404.0,44,0.0
2024-10-10 11:00:00,417.29,417.29,416.25,416.48,317.0,67,0.0
2024-10-10 12:00:00,416.52,416.66,414.46,414.65,686.0,67,0.0
2024-10-10 13:00:00,414.63,415.47,412.43,414.35,2070.0,22,0.0
2024-10-10 14:00:00,414.38,415.21,413.36,413.83,2415.0,22,0.0
2024-10-10 15:00:00,413.85,416.4,413.55,416.34,1744.0,22,0.0
2024-10-10 16:00:00,416.32,416.79,415.12,415.33,1696.0,9,0.0
2024-10-10 17:00:00,415.33,415.84,414.16,415.32,1686.0,9,0.0
2024-10-10 18:00:00,415.32,415.32,414.2,414.92,1623.0,9,0.0
2024-10-10 19:00:00,414.91,415.25,414.22,415.24,1479.0,9,0.0
2024-10-11 10:00:00,415.33,415.72,415.19,415.43,192.0,44,0.0
2024-10-11 11:00:00,415.43,415.47,414.9,414.95,305.0,44,0.0
2024-10-11 12:00:00,414.95,415.64,414.72,414.98,367.0,67,0.0
2024-10-11 13:00:00,414.99,415.4,412.72,414.42,1606.0,22,0.0
2024-10-11 14:00:00,414.41,416.57,413.96,414.82,2501.0,22,0.0
2024-10-11 15:00:00,414.84,415.41,414.41,414.98,2101.0,9,0.0
2024-10-11 16:00:00,415.0,415.02,412.83,413.84,2175.0,9,0.0
2024-10-11 17:00:00,413.86,414.47,413.69,413.95,1405.0,9,0.0
2024-10-11 18:00:00,413.95,415.24,413.94,415.24,1659.0,9,0.0
2024-10-11 19:00:00,415.24,415.89,415.15,415.35,1470.0,9,0.0
2024-10-14 10:00:00,415.96,416.19,415.93,416.08,113.0,67,0.0
2024-10-14 11:00:00,416.05,416.31,415.94,416.14,161.0,67,0.0
2024-10-14 12:00:00,416.14,417.64,416.05,417.64,262.0,67,0.0
2024-10-14 13:00:00,417.64,421.66,416.7,421.13,1938.0,22,0.0
2024-10-14 14:00:00,421.14,423.43,419.05,419.2,2670.0,22,0.0
2024-10-14 15:00:00,419.19,420.23,418.46,420.18,2317.0,9,0.0
2024-10-14 16:00:00,420.17,420.17,419.14,419.62,1582.0,9,0.0
2024-10-14 17:00:00,419.63,420.08,419.28,419.29,1415.0,9,0.0
2024-10-14 18:00:00,419.29,420.1,418.81,419.85,1620.0,9,0.0
2024-10-14 19:00:00,419.85,420.18,419.52,419.91,1282.0,9,0.0
2024-10-15 10:00:00,419.07,419.8,418.95,419.4,243.0,67,0.0
2024-10-15 11:00:00,419.5,419.55,418.91,419.23,236.0,67,0.0
2024-10-15 12:00:00,419.21,420.08,419.18,419.98,237.0,67,0.0
2024-10-15 13:00:00,419.98,421.57,419.27,420.0,1898.0,22,0.0
2024-10-15 14:00:00,419.97,420.21,414.68,416.02,3573.0,22,0.0
2024-10-15 15:00:00,415.98,417.56,415.06,415.28,2658.0,9,0.0
2024-10-15 16:00:00,415.29,417.01,415.29,416.96,2047.0,9,0.0
2024-10-15 17:00:00,416.96,417.36,416.04,416.5,1731.0,9,0.0
2024-10-15 18:00:00,416.5,417.09,416.29,416.76,1343.0,9,0.0
2024-10-15 19:00:00,416.78,416.96,415.77,416.68,1704.0,9,0.0
2024-10-16 10:00:00,418.82,418.82,415.87,417.16,953.0,67,0.0
2024-10-16 11:00:00,417.16,417.77,416.76,417.28,549.0,67,0.0
2024-10-16 12:00:00,417.29,417.34,415.87,416.08,344.0,67,0.0
2024-10-16 13:00:00,416.1,416.64,410.08,410.23,2109.0,22,0.0
2024-10-16 14:00:00,410.26,413.65,409.91,413.09,2564.0,22,0.0
2024-10-16 15:00:00,413.13,415.2,413.01,413.51,1853.0,22,0.0
2024-10-16 16:00:00,413.52,415.11,413.44,415.07,1433.0,22,0.0
2024-10-16 17:00:00,415.11,415.4,413.67,414.29,1320.0,22,0.0
2024-10-16 18:00:00,414.28,415.49,414.24,415.22,1537.0,9,0.0
2024-10-16 19:00:00,415.23,415.3,414.82,414.99,1218.0,9,0.0
2024-10-17 10:00:00,418.11,418.41,417.5,418.35,322.0,67,0.0
2024-10-17 11:00:00,418.23,418.23,417.24,417.32,239.0,67,0.0
2024-10-17 12:00:00,417.18,418.46,416.6,418.32,408.0,67,0.0
2024-10-17 13:00:00,418.38,422.31,416.66,416.76,2098.0,22,0.0
2024-10-17 14:00:00,416.8,417.77,415.33,415.67,2493.0,22,0.0
2024-10-17 15:00:00,415.68,417.98,414.99,417.95,1644.0,22,0.0
2024-10-17 16:00:00,417.94,418.29,416.7,417.16,1360.0,22,0.0
2024-10-17 17:00:00,417.2,417.7,416.75,417.1,1124.0,22,0.0
2024-10-17 18:00:00,417.12,417.21,415.02,416.67,1599.0,22,0.0
2024-10-17 19:00:00,416.68,417.07,415.88,416.26,978.0,22,0.0
2024-10-18 10:00:00,416.31,416.54,416.0,416.46,207.0,67,0.0
2024-10-18 11:00:00,416.4,416.48,416.01,416.23,167.0,67,0.0
2024-10-18 12:00:00,416.23,416.4,416.0,416.1,306.0,67,0.0
2024-10-18 13:00:00,416.1,418.99,415.06,416.77,1923.0,22,0.0
2024-10-18 14:00:00,416.76,417.39,415.71,415.82,1722.0,22,0.0
2024-10-18 15:00:00,415.82,418.11,415.76,416.41,1511.0,22,0.0
2024-10-18 16:00:00,416.42,417.14,415.67,416.56,1161.0,22,0.0
2024-10-18 17:00:00,416.53,417.42,416.47,416.91,1042.0,22,0.0
2024-10-18 18:00:00,416.88,417.46,416.34,417.21,944.0,22,0.0
2024-10-18 19:00:00,417.21,417.41,416.51,417.18,830.0,22,0.0
2024-10-21 10:00:00,416.04,416.38,415.62,415.74,328.0,67,0.0
2024-10-21 11:00:00,415.87,415.87,415.07,415.49,360.0,67,0.0
2024-10-21 12:00:00,415.49,416.55,415.27,416.11,352.0,67,0.0
2024-10-21 13:00:00,416.1,417.4,414.63,416.27,1508.0,22,0.0
2024-10-21 14:00:00,416.23,417.13,413.96,414.37,2192.0,22,0.0
2024-10-21 15:00:00,414.4,414.8,413.16,414.48,2031.0,22,0.0
2024-10-21 16:00:00,414.49,415.59,414.04,415.2,1541.0,22,0.0
2024-10-21 17:00:00,415.2,416.22,415.14,416.18,1244.0,9,0.0
2024-10-21 18:00:00,416.2,416.67,416.0,416.32,1280.0,9,0.0
2024-10-21 19:00:00,416.31,417.02,416.18,416.64,889.0,22,0.0
2024-10-22 10:00:00,415.71,416.81,415.59,416.21,485.0,67,0.0
2024-10-22 11:00:00,416.19,417.9,416.19,417.31,395.0,67,0.0
2024-10-22 12:00:00,417.36,418.46,416.54,418.0,589.0,67,0.0
2024-10-22 13:00:00,417.97,425.97,416.75,425.63,2306.0,22,0.0
2024-10-22 14:00:00,425.67,428.74,424.71,426.43,3557.0,22,0.0
2024-10-22 15:00:00,426.44,426.87,425.41,426.18,1955.0,22,0.0
2024-10-22 16:00:00,426.19,427.06,425.04,426.85,1743.0,22,0.0
2024-10-22 17:00:00,426.85,428.72,426.46,428.69,1610.0,22,0.0
2024-10-22 18:00:00,428.69,429.89,428.02,428.27,1715.0,22,0.0
2024-10-22 19:00:00,428.24,429.23,428.14,428.82,1274.0,22,0.0
2024-10-23 10:00:00,426.5,427.84,425.66,427.32,349.0,67,0.0
2024-10-23 11:00:00,427.25,428.92,426.78,428.69,371.0,67,0.0
2024-10-23 12:00:00,428.79,430.55,428.79,429.91,815.0,67,0.0
2024-10-23 13:00:00,429.86,430.11,425.89,428.56,2138.0,22,0.0
2024-10-23 14:00:00,428.59,429.92,427.18,428.11,3177.0,22,0.0
2024-10-23 15:00:00,428.09,428.98,426.94,428.75,2416.0,22,0.0
2024-10-23 16:00:00,428.7,428.7,425.9,426.23,2113.0,22,0.0
2024-10-23 17:00:00,426.2,426.2,422.98,423.05,2254.0,22,0.0
2024-10-23 18:00:00,423.05,424.12,421.88,423.85,2127.0,22,0.0
2024-10-23 19:00:00,423.79,424.71,423.12,424.63,1512.0,22,0.0
2024-10-24 10:00:00,425.62,425.92,425.56,425.6,131.0,67,0.0
2024-10-24 11:00:00,425.79,425.79,425.2,425.51,198.0,67,0.0
2024-10-24 12:00:00,425.5,425.75,425.22,425.31,265.0,67,0.0
2024-10-24 13:00:00,425.34,426.29,422.55,424.03,1904.0,22,0.0
2024-10-24 14:00:00,424.1,424.72,423.09,423.45,2619.0,22,0.0
2024-10-24 15:00:00,423.47,424.39,421.92,423.12,2101.0,22,0.0
2024-10-24 16:00:00,423.12,423.75,421.77,423.74,2119.0,22,0.0
2024-10-24 17:00:00,423.74,424.57,423.17,423.18,1726.0,22,0.0
2024-10-24 18:00:00,423.21,424.07,422.96,423.81,1619.0,22,0.0
2024-10-24 19:00:00,423.82,424.58,423.24,424.06,1203.0,9,0.0
2024-10-25 10:00:00,426.05,426.21,426.05,426.15,59.0,67,0.0
2024-10-25 11:00:00,425.87,425.87,425.23,425.68,319.0,67,0.0
2024-10-25 12:00:00,425.67,426.1,425.44,426.0,378.0,67,0.0
2024-10-25 13:00:00,426.04,431.83,425.53,430.84,2246.0,22,0.0
2024-10-25 14:00:00,430.91,431.5,429.5,430.19,2878.0,22,0.0
2024-10-25 15:00:00,430.19,431.14,428.82,429.31,2157.0,22,0.0
2024-10-25 16:00:00,429.29,430.12,428.91,429.74,1654.0,22,0.0
2024-10-25 17:00:00,429.74,429.87,426.34,427.27,2326.0,22,0.0
2024-10-25 18:00:00,427.31,428.65,426.55,428.4,2249.0,22,0.0
2024-10-25 19:00:00,428.36,428.36,427.18,427.21,1433.0,22,0.0
2024-10-28 10:00:00,431.19,431.86,431.07,431.23,311.0,67,0.0
2024-10-28 11:00:00,431.11,431.11,429.92,430.22,401.0,67,0.0
2024-10-28 12:00:00,430.24,431.18,429.56,430.71,419.0,67,0.0
2024-10-28 13:00:00,430.71,431.05,427.45,428.29,1873.0,22,0.0
2024-10-28 14:00:00,428.27,430.14,428.23,428.63,2300.0,22,0.0
2024-10-28 15:00:00,428.62,428.89,427.52,428.04,2162.0,22,0.0
2024-10-28 16:00:00,428.01,428.04,427.32,427.42,1732.0,22,0.0
2024-10-28 17:00:00,427.42,427.53,426.33,427.21,1469.0,22,0.0
2024-10-28 18:00:00,427.19,427.39,426.18,426.26,1375.0,22,0.0
2024-10-28 19:00:00,426.24,426.73,426.06,426.21,1032.0,22,0.0
2024-10-29 10:00:00,426.85,426.94,426.46,426.74,352.0,67,0.0
2024-10-29 11:00:00,426.77,426.77,424.32,425.05,505.0,67,0.0
2024-10-29 12:00:00,425.1,425.29,424.72,425.19,334.0,67,0.0
2024-10-29 13:00:00,425.19,427.8,424.91,427.08,1745.0,22,0.0
2024-10-29 14:00:00,427.11,428.67,426.47,428.45,2727.0,22,0.0
2024-10-29 15:00:00,428.44,429.62,427.84,429.49,2009.0,22,0.0
2024-10-29 16:00:00,429.52,430.73,428.84,430.53,1742.0,22,0.0
2024-10-29 17:00:00,430.53,431.51,430.05,430.51,1804.0,22,0.0
2024-10-29 18:00:00,430.51,431.96,430.48,431.47,1405.0,22,0.0
2024-10-29 19:00:00,431.48,432.46,431.38,432.29,1056.0,22,0.0
2024-10-30 10:00:00,439.53,440.28,439.41,439.65,339.0,67,0.0
2024-10-30 11:00:00,439.51,440.08,439.12,439.66,500.0,67,0.0
2024-10-30 12:00:00,439.67,439.78,438.91,439.13,616.0,67,0.0
2024-10-30 13:00:00,439.14,439.5,431.89,434.19,2812.0,22,0.0
2024-10-30 14:00:00,434.16,437.56,434.12,435.61,2896.0,22,0.0
2024-10-30 15:00:00,435.62,436.44,434.7,435.87,2187.0,22,0.0
2024-10-30 16:00:00,435.85,436.72,435.41,436.49,1698.0,22,0.0
2024-10-30 17:00:00,436.49,436.86,433.52,433.56,2107.0,22,0.0
2024-10-30 18:00:00,433.55,434.63,433.42,433.94,1758.0,22,0.0
2024-10-30 19:00:00,433.9,434.64,433.55,433.75,1596.0,22,0.0
2024-10-31 10:00:00,414.45,416.34,414.15,415.57,498.0,67,0.0
2024-10-31 11:00:00,416.0,417.78,414.4,417.64,944.0,67,0.0
2024-10-31 12:00:00,417.7,418.8,414.97,415.21,1096.0,67,0.0
2024-10-31 13:00:00,415.18,417.06,407.42,410.16,4381.0,22,0.0
2024-10-31 14:00:00,410.09,411.56,405.62,407.0,4232.0,22,0.0
2024-10-31 15:00:00,406.99,408.35,405.86,407.76,3170.0,22,0.0
2024-10-31 16:00:00,407.77,410.16,407.33,408.93,2552.0,22,0.0
2024-10-31 17:00:00,408.93,409.24,407.31,407.39,2170.0,22,0.0
2024-10-31 18:00:00,407.41,409.01,407.17,408.23,2335.0,22,0.0
2024-10-31 19:00:00,408.22,410.21,408.22,409.41,1900.0,22,0.0
2024-11-01 10:00:00,409.5,411.05,409.46,410.87,578.0,44,0.0
2024-11-01 11:00:00,410.81,410.81,409.25,409.98,576.0,67,0.0
2024-11-01 12:00:00,409.93,410.57,408.77,408.92,858.0,67,0.0
2024-11-01 13:00:00,408.92,410.93,406.55,409.72,2567.0,22,0.0
2024-11-01 14:00:00,409.84,412.68,408.91,412.65,3102.0,22,0.0
2024-11-01 15:00:00,412.61,414.75,412.61,413.38,2384.0,22,0.0
2024-11-01 16:00:00,413.34,414.22,412.41,412.96,2132.0,22,0.0
2024-11-01 17:00:00,412.96,413.83,411.42,411.96,2108.0,22,0.0
2024-11-01 18:00:00,411.93,412.35,410.69,411.41,1946.0,22,0.0
2024-11-01 19:00:00,411.4,412.12,410.31,410.45,1538.0,22,0.0
2024-11-04 11:00:00,410.8,410.89,409.92,410.15,187.0,67,0.0
2024-11-04 12:00:00,410.24,410.24,408.32,409.22,429.0,67,0.0
2024-11-04 13:00:00,409.19,410.35,408.55,408.91,443.0,67,0.0
2024-11-04 14:00:00,408.93,409.16,404.68,408.33,2254.0,22,0.0
2024-11-04 15:00:00,408.26,409.64,407.81,408.92,2422.0,22,0.0
2024-11-04 16:00:00,408.97,409.07,405.37,405.86,2174.0,22,0.0
2024-11-04 17:00:00,405.85,406.71,405.13,406.38,1834.0,22,0.0
2024-11-04 18:00:00,406.37,407.45,405.81,407.0,1696.0,22,0.0
2024-11-04 19:00:00,407.04,407.63,407.03,407.37,1365.0,9,0.0
2024-11-04 20:00:00,407.36,407.43,406.19,406.97,1406.0,9,0.0
2024-11-05 11:00:00,408.77,408.97,408.74,408.79,108.0,67,0.0
2024-11-05 12:00:00,408.92,408.99,408.17,408.47,295.0,67,0.0
2024-11-05 13:00:00,408.47,408.87,408.12,408.41,240.0,67,0.0
2024-11-05 14:00:00,408.38,412.15,407.07,412.09,1781.0,22,0.0
2024-11-05 15:00:00,412.09,412.75,410.75,410.97,2568.0,22,0.0
2024-11-05 16:00:00,410.97,413.77,410.63,413.67,1965.0,22,0.0
2024-11-05 17:00:00,413.67,414.11,412.46,412.66,1393.0,22,0.0
2024-11-05 18:00:00,412.66,412.97,410.35,410.91,1646.0,22,0.0
2024-11-05 19:00:00,410.91,411.58,410.2,410.56,1698.0,22,0.0
2024-11-05 20:00:00,410.54,411.57,410.3,410.64,1236.0,9,0.0
2024-11-06 11:00:00,415.88,416.13,413.96,414.42,455.0,67,0.0
2024-11-06 12:00:00,414.54,417.59,414.05,416.46,698.0,67,0.0
2024-11-06 13:00:00,416.49,417.0,415.1,415.41,556.0,67,0.0
2024-11-06 14:00:00,415.42,417.14,409.65,416.7,3880.0,22,0.0
2024-11-06 15:00:00,416.84,419.56,415.37,415.48,4046.0,22,0.0
2024-11-06 16:00:00,415.47,416.69,414.49,415.34,2669.0,22,0.0
2024-11-06 17:00:00,415.35,416.08,414.03,415.29,1885.0,22,0.0
2024-11-06 18:00:00,415.31,417.93,415.29,417.49,1754.0,22,0.0
2024-11-06 19:00:00,417.49,418.86,417.19,418.77,1690.0,22,0.0
2024-11-06 20:00:00,418.77,419.3,418.34,419.26,1353.0,9,0.0
2024-11-07 11:00:00,420.12,420.12,419.74,419.91,110.0,67,0.0
2024-11-07 12:00:00,419.79,420.23,419.79,420.22,275.0,67,0.0
2024-11-07 13:00:00,420.22,420.75,420.04,420.54,344.0,67,0.0
2024-11-07 14:00:00,420.55,421.65,418.98,421.11,1781.0,22,0.0
2024-11-07 15:00:00,421.15,423.64,420.88,422.93,2498.0,22,0.0
2024-11-07 16:00:00,422.96,425.63,422.94,424.85,1916.0,22,0.0
2024-11-07 17:00:00,424.81,424.81,423.03,423.57,1373.0,22,0.0
2024-11-07 18:00:00,423.58,424.12,423.05,423.68,1362.0,22,0.0
2024-11-07 19:00:00,423.7,425.59,423.44,425.52,2038.0,22,0.0
2024-11-07 20:00:00,425.52,425.95,424.81,425.41,1437.0,22,0.0
2024-11-08 11:00:00,422.62,422.82,422.1,422.82,390.0,67,0.0
2024-11-08 12:00:00,422.84,424.02,422.84,423.74,375.0,67,0.0
2024-11-08 13:00:00,423.67,423.73,422.75,423.28,358.0,67,0.0
2024-11-08 14:00:00,423.28,425.54,423.0,425.38,1728.0,22,0.0
2024-11-08 15:00:00,425.44,425.69,422.34,423.07,2449.0,22,0.0
2024-11-08 16:00:00,423.07,423.57,422.29,423.04,1618.0,22,0.0
2024-11-08 17:00:00,423.04,423.05,421.38,421.54,1258.0,22,0.0
2024-11-08 18:00:00,421.54,422.8,421.09,422.66,1292.0,22,0.0
2024-11-08 19:00:00,422.64,423.28,422.24,422.24,1204.0,9,0.0
2024-11-08 20:00:00,422.27,422.71,421.75,421.79,1151.0,9,0.0
2024-11-11 11:00:00,420.84,421.08,420.77,420.9,134.0,67,0.0
2024-11-11 12:00:00,420.9,422.25,420.9,422.19,289.0,67,0.0
2024-11-11 13:00:00,422.19,422.34,421.82,422.01,375.0,67,0.0
2024-11-11 14:00:00,422.01,423.72,421.08,422.12,1968.0,22,0.0
2024-11-11 15:00:00,422.15,422.31,418.51,418.51,2388.0,22,0.0
2024-11-11 16:00:00,418.51,418.56,415.21,417.88,2415.0,22,0.0
2024-11-11 17:00:00,417.88,418.32,416.44,416.52,1509.0,22,0.0
2024-11-11 18:00:00,416.51,419.1,415.88,418.52,1619.0,22,0.0
2024-11-11 19:00:00,418.52,418.8,418.12,418.4,1199.0,22,0.0
2024-11-11 20:00:00,418.38,418.8,417.25,417.31,927.0,22,0.0
2024-11-12 11:00:00,416.42,417.11,415.87,417.11,370.0,44,0.0
2024-11-12 12:00:00,417.03,417.15,416.39,416.61,386.0,67,0.0
2024-11-12 13:00:00,416.48,417.7,415.88,417.23,418.0,67,0.0
2024-11-12 14:00:00,417.22,419.44,416.0,417.92,1764.0,22,0.0
2024-11-12 15:00:00,417.96,419.43,416.88,418.15,2369.0,22,0.0
2024-11-12 16:00:00,418.15,419.58,418.15,419.11,1750.0,22,0.0
2024-11-12 17:00:00,419.11,420.86,418.88,418.93,1648.0,22,0.0
2024-11-12 18:00:00,418.89,422.31,418.8,422.0,1734.0,22,0.0
2024-11-12 19:00:00,421.98,423.05,421.92,422.95,1847.0,9,0.0
2024-11-12 20:00:00,422.93,423.61,422.2,422.58,1833.0,9,0.0
2024-11-13 11:00:00,420.23,420.45,419.97,420.21,173.0,67,0.0
2024-11-13 12:00:00,420.22,421.07,420.06,420.54,416.0,67,0.0
2024-11-13 13:00:00,420.55,422.08,420.45,420.85,606.0,67,0.0
2024-11-13 14:00:00,420.85,421.33,417.82,418.32,1946.0,22,0.0
2024-11-13 15:00:00,418.27,419.66,417.39,418.95,2455.0,22,0.0
2024-11-13 16:00:00,418.97,424.69,418.72,423.92,2179.0,22,0.0
2024-11-13 17:00:00,423.92,427.85,423.7,427.72,2208.0,22,0.0
2024-11-13 18:00:00,427.72,428.47,426.53,427.99,1716.0,22,0.0
2024-11-13 19:00:00,427.99,428.01,425.46,425.61,2002.0,22,0.0
2024-11-13 20:00:00,425.6,425.62,423.74,424.59,1484.0,22,0.0
2024-11-14 11:00:00,423.94,424.11,423.82,423.82,102.0,67,0.0
2024-11-14 12:00:00,423.79,424.02,423.54,423.65,239.0,67,0.0
2024-11-14 13:00:00,423.65,423.73,422.52,423.14,420.0,67,0.0
2024-11-14 14:00:00,423.23,427.01,422.62,424.59,2096.0,22,0.0
2024-11-14 15:00:00,424.57,426.46,422.91,425.03,2267.0,22,0.0
2024-11-14 16:00:00,425.02,426.71,423.75,426.21,1821.0,22,0.0
2024-11-14 17:00:00,426.2,427.33,419.25,422.82,3775.0,22,0.0
2024-11-14 18:00:00,422.84,426.4,421.38,425.32,2617.0,22,0.0
2024-11-14 19:00:00,425.29,426.84,425.27,426.77,1827.0,22,0.0
2024-11-14 20:00:00,426.79,426.79,425.02,425.34,2017.0,22,0.0
2024-11-15 11:00:00,421.88,423.02,421.88,422.83,239.0,67,0.0
2024-11-15 12:00:00,422.85,423.84,422.85,423.63,262.0,67,0.0
2024-11-15 13:00:00,423.63,423.66,422.19,422.34,377.0,67,0.0
2024-11-15 14:00:00,422.34,422.55,417.38,418.21,2440.0,22,0.0
2024-11-15 15:00:00,418.24,418.41,415.38,415.84,3143.0,22,0.0
2024-11-15 16:00:00,415.82,416.29,413.53,414.02,2314.0,22,0.0
2024-11-15 17:00:00,414.02,414.38,412.79,413.88,2083.0,22,0.0
2024-11-15 18:00:00,413.91,414.54,413.47,413.8,1876.0,22,0.0
2024-11-15 19:00:00,413.8,414.54,412.99,413.21,1737.0,22,0.0
2024-11-15 20:00:00,413.2,414.48,413.19,413.5,1544.0,9,0.0
2024-11-18 11:00:00,415.22,415.29,414.66,415.19,415.0,67,0.0
2024-11-18 12:00:00,415.06,415.52,414.48,414.61,303.0,67,0.0
2024-11-18 13:00:00,414.66,415.36,412.98,414.53,773.0,67,0.0
2024-11-18 14:00:00,414.55,415.45,411.04,414.49,1748.0,22,0.0
2024-11-18 15:00:00,414.5,417.5,414.19,416.66,2161.0,22,0.0
2024-11-18 16:00:00,416.66,416.85,414.78,415.16,1573.0,22,0.0
2024-11-18 17:00:00,415.16,415.24,413.81,414.78,1490.0,22,0.0
2024-11-18 18:00:00,414.76,415.4,413.97,415.08,1397.0,22,0.0
2024-11-18 19:00:00,415.08,415.87,414.62,415.61,1372.0,22,0.0
2024-11-18 20:00:00,415.57,415.76,414.57,414.94,997.0,9,0.0
2024-11-19 11:00:00,413.47,414.0,413.24,413.68,386.0,67,0.0
2024-11-19 12:00:00,413.89,414.14,413.2,413.93,504.0,67,0.0
2024-11-19 13:00:00,413.94,413.94,411.0,411.07,980.0,67,0.0
2024-11-19 14:00:00,410.95,413.44,410.35,411.83,2179.0,22,0.0
2024-11-19 15:00:00,411.85,412.98,410.74,412.32,2117.0,22,0.0
2024-11-19 16:00:00,412.3,414.46,411.77,413.84,1696.0,22,0.0
2024-11-19 17:00:00,413.84,414.91,413.23,414.74,1295.0,22,0.0
2024-11-19 18:00:00,414.74,417.0,414.48,416.76,1218.0,22,0.0
2024-11-19 19:00:00,416.79,416.94,414.54,415.07,1430.0,9,0.0
2024-11-19 20:00:00,415.04,416.31,414.73,416.01,1058.0,9,0.0
2024-11-20 11:00:00,417.97,419.53,417.76,419.4,161.0,67,0.0
2024-11-20 12:00:00,419.32,419.32,418.24,418.96,275.0,67,0.0
2024-11-20 13:00:00,419.0,419.08,417.84,418.28,222.0,67,0.0
2024-11-20 14:00:00,418.27,418.27,411.97,412.41,1914.0,22,0.0
2024-11-20 15:00:00,412.37,412.9,409.7,412.2,2671.0,22,0.0
2024-11-20 16:00:00,412.19,415.26,411.45,414.76,2017.0,22,0.0
2024-11-20 17:00:00,414.74,415.03,412.41,412.92,1736.0,22,0.0
2024-11-20 18:00:00,412.93,413.43,412.24,413.25,1542.0,22,0.0
2024-11-20 19:00:00,413.21,413.21,412.12,412.88,1364.0,22,0.0
2024-11-20 20:00:00,412.87,415.03,412.4,414.49,1281.0,22,0.0
2024-11-21 11:00:00,413.66,415.14,413.63,414.25,815.0,67,0.0
2024-11-21 12:00:00,414.13,416.4,414.13,415.43,677.0,67,0.0
2024-11-21 13:00:00,415.5,417.23,415.31,416.72,713.0,67,0.0
2024-11-21 14:00:00,416.78,419.36,413.48,413.85,2426.0,22,0.0
2024-11-21 15:00:00,413.86,414.16,410.19,413.67,3571.0,22,0.0
2024-11-21 16:00:00,413.68,415.47,412.57,412.83,2387.0,22,0.0
2024-11-21 17:00:00,412.83,415.8,411.71,414.92,1925.0,22,0.0
2024-11-21 18:00:00,414.93,415.86,413.11,413.6,1822.0,22,0.0
2024-11-21 19:00:00,413.57,414.33,412.27,412.78,1616.0,22,0.0
2024-11-21 20:00:00,412.75,413.84,412.7,413.55,1079.0,22,0.0
2024-11-22 11:00:00,411.63,412.34,411.23,412.1,811.0,67,0.0
2024-11-22 12:00:00,412.05,412.82,411.9,412.44,451.0,67,0.0
2024-11-22 13:00:00,412.43,412.64,411.65,411.93,481.0,67,0.0
2024-11-22 14:00:00,411.88,415.5,410.66,414.61,2021.0,22,0.0
2024-11-22 15:00:00,414.46,414.51,411.58,413.16,2303.0,22,0.0
2024-11-22 16:00:00,413.15,413.82,411.8,413.48,1884.0,22,0.0
2024-11-22 17:00:00,413.48,414.8,413.17,414.39,1457.0,22,0.0
2024-11-22 18:00:00,414.39,415.11,414.27,414.49,1273.0,22,0.0
2024-11-22 19:00:00,414.48,415.13,414.03,414.95,1261.0,22,0.0
2024-11-22 20:00:00,414.92,414.99,413.89,414.09,1084.0,22,0.0
2024-11-25 11:00:00,417.53,417.68,417.22,417.25,173.0,67,0.0
2024-11-25 12:00:00,417.3,418.48,417.3,418.37,529.0,67,0.0
2024-11-25 13:00:00,418.38,418.56,417.6,418.41,471.0,67,0.0
2024-11-25 14:00:00,418.37,420.84,416.14,416.38,2262.0,22,0.0
2024-11-25 15:00:00,416.33,416.59,414.82,415.61,2471.0,22,0.0
2024-11-25 16:00:00,415.62,417.14,415.23,415.69,1621.0,22,0.0
2024-11-25 17:00:00,415.69,416.03,414.73,415.89,1518.0,22,0.0
2024-11-25 18:00:00,415.88,417.06,415.84,416.33,1173.0,22,0.0
2024-11-25 19:00:00,416.33,416.75,415.84,416.59,1094.0,22,0.0
2024-11-25 20:00:00,416.6,417.08,416.29,416.89,1011.0,22,0.0
2024-11-26 11:00:00,417.24,418.19,416.69,417.92,645.0,67,0.0
2024-11-26 12:00:00,417.92,418.87,417.82,418.77,656.0,67,0.0
2024-11-26 13:00:00,418.71,419.41,418.04,419.19,531.0,67,0.0
2024-11-26 14:00:00,419.12,424.43,418.61,424.14,2083.0,22,0.0
2024-11-26 15:00:00,424.26,427.1,423.46,425.51,2859.0,22,0.0
2024-11-26 16:00:00,425.52,426.66,425.15,425.76,1713.0,22,0.0
2024-11-26 17:00:00,425.76,426.82,425.03,426.77,1221.0,22,0.0
2024-11-26 18:00:00,426.77,426.87,425.81,426.58,1136.0,22,0.0
2024-11-26 19:00:00,426.58,427.12,426.01,426.98,1413.0,22,0.0
2024-11-26 20:00:00,426.99,428.41,426.96,428.41,1059.0,22,0.0
2024-11-27 11:00:00,425.16,425.2,424.81,425.17,273.0,67,0.0
2024-11-27 12:00:00,425.19,426.04,425.04,425.72,403.0,67,0.0
2024-11-27 13:00:00,425.72,426.12,425.05,425.23,468.0,67,0.0
2024-11-27 14:00:00,425.24,426.84,423.9,425.54,1836.0,22,0.0
2024-11-27 15:00:00,425.5,425.96,423.64,424.34,2295.0,22,0.0
2024-11-27 16:00:00,424.34,424.88,422.94,424.13,1747.0,22,0.0
2024-11-27 17:00:00,424.12,424.29,423.14,423.27,1353.0,22,0.0
2024-11-27 18:00:00,423.26,424.36,423.08,424.21,1041.0,22,0.0
2024-11-27 19:00:00,424.23,424.53,423.81,423.94,1043.0,22,0.0
2024-11-27 20:00:00,423.95,424.77,423.54,423.93,987.0,22,0.0
2024-11-29 11:00:00,420.44,420.62,420.02,420.34,245.0,67,0.0
2024-11-29 12:00:00,420.4,421.46,420.26,420.6,403.0,67,0.0
2024-11-29 13:00:00,420.6,421.07,420.22,420.63,473.0,67,0.0
2024-11-29 14:00:00,420.63,421.91,417.55,419.78,1851.0,22,0.0
2024-11-29 15:00:00,419.81,422.73,418.76,421.8,1986.0,22,0.0
2024-11-29 16:00:00,421.8,423.81,421.8,423.75,1478.0,22,0.0
2024-11-29 17:00:00,423.75,424.75,423.35,423.53,1802.0,22,0.0
2024-12-02 11:00:00,421.29,421.4,421.22,421.37,84.0,67,0.0
2024-12-02 12:00:00,421.37,422.68,421.37,422.58,633.0,67,0.0
2024-12-02 13:00:00,422.53,422.62,421.86,422.09,750.0,67,0.0
2024-12-02 14:00:00,422.1,426.46,421.13,426.06,1657.0,22,0.0
2024-12-02 15:00:00,426.07,432.61,425.93,431.06,2954.0,22,0.0
2024-12-02 16:00:00,431.06,431.72,429.69,431.21,1799.0,22,0.0
2024-12-02 17:00:00,431.21,431.65,430.48,430.9,1376.0,22,0.0
2024-12-02 18:00:00,430.91,431.21,430.13,431.19,1255.0,22,0.0
2024-12-02 19:00:00,431.2,431.69,430.91,431.14,1191.0,22,0.0
2024-12-02 20:00:00,431.11,431.78,430.91,430.98,922.0,22,0.0
2024-12-03 11:00:00,430.93,430.97,429.16,429.56,538.0,67,0.0
2024-12-03 12:00:00,429.59,430.19,429.08,429.25,512.0,67,0.0
2024-12-03 13:00:00,429.24,429.62,428.95,429.08,419.0,67,0.0
2024-12-03 14:00:00,429.07,431.23,428.26,431.23,1871.0,22,0.0
2024-12-03 15:00:00,431.12,432.31,429.44,430.6,1708.0,22,0.0
2024-12-03 16:00:00,430.6,431.83,430.08,430.49,1246.0,22,0.0
2024-12-03 17:00:00,430.49,430.75,429.53,430.24,1008.0,22,0.0
2024-12-03 18:00:00,430.24,430.54,429.49,429.96,842.0,22,0.0
2024-12-03 19:00:00,429.96,430.34,427.71,430.06,1180.0,22,0.0
2024-12-03 20:00:00,430.06,431.1,429.94,430.44,798.0,22,0.0
2024-12-04 11:00:00,433.97,434.78,433.97,434.41,369.0,67,0.0
2024-12-04 12:00:00,434.3,434.65,433.92,434.22,436.0,67,0.0
2024-12-04 13:00:00,434.14,434.41,433.71,434.04,759.0,67,0.0
2024-12-04 14:00:00,434.02,439.1,432.04,437.6,2365.0,22,0.0
2024-12-04 15:00:00,437.52,438.6,435.68,438.6,2769.0,22,0.0
2024-12-04 16:00:00,438.59,439.22,436.0,436.55,1782.0,22,0.0
2024-12-04 17:00:00,436.54,437.27,435.93,436.69,1571.0,22,0.0
2024-12-04 18:00:00,436.66,437.23,435.67,436.46,1299.0,22,0.0
2024-12-04 19:00:00,436.43,437.83,436.26,437.71,1466.0,22,0.0
2024-12-04 20:00:00,437.67,438.17,436.93,437.33,975.0,22,0.0
2024-12-05 11:00:00,437.74,437.8,436.86,437.11,264.0,67,0.0
2024-12-05 12:00:00,437.11,437.74,437.1,437.71,180.0,67,0.0
2024-12-05 13:00:00,437.7,437.71,436.9,437.16,401.0,67,0.0
2024-12-05 14:00:00,437.16,439.35,435.96,436.79,1662.0,22,0.0
2024-12-05 15:00:00,436.84,438.76,435.81,438.23,2050.0,22,0.0
2024-12-05 16:00:00,438.23,441.12,437.87,440.98,1535.0,22,0.0
2024-12-05 17:00:00,440.97,443.63,440.79,443.53,1629.0,22,0.0
2024-12-05 18:00:00,443.52,444.22,442.33,442.39,1725.0,9,0.0
2024-12-05 19:00:00,442.4,443.11,441.95,442.6,1312.0,22,0.0
2024-12-05 20:00:00,442.54,443.03,441.71,442.99,1206.0,22,0.0
2024-12-06 11:00:00,440.0,441.2,439.95,441.18,471.0,67,0.0
2024-12-06 12:00:00,441.15,444.41,441.1,442.89,603.0,67,0.0
2024-12-06 13:00:00,442.89,444.98,442.88,443.85,913.0,67,0.0
2024-12-06 14:00:00,443.9,445.61,440.83,444.88,2026.0,22,0.0
2024-12-06 15:00:00,444.93,445.2,442.42,442.89,2221.0,22,0.0
2024-12-06 16:00:00,442.9,444.2,442.24,442.41,1499.0,22,0.0
2024-12-06 17:00:00,442.41,443.23,441.43,441.98,1349.0,22,0.0
2024-12-06 18:00:00,441.98,443.4,441.82,443.12,1121.0,22,0.0
2024-12-06 19:00:00,443.12,443.63,442.53,443.33,905.0,22,0.0
2024-12-06 20:00:00,443.33,444.18,443.23,444.17,773.0,22,0.0
2024-12-09 11:00:00,440.3,440.68,439.91,440.61,481.0,67,0.0
2024-12-09 12:00:00,440.72,441.41,440.62,441.13,303.0,67,0.0
2024-12-09 13:00:00,441.13,441.78,440.37,441.44,550.0,67,0.0
2024-12-09 14:00:00,441.44,444.37,440.05,441.88,1794.0,22,0.0
2024-12-09 15:00:00,441.8,446.33,441.44,444.64,2287.0,22,0.0
2024-12-09 16:00:00,444.63,447.84,444.48,446.31,1974.0,22,0.0
2024-12-09 17:00:00,446.3,447.11,445.71,445.83,1397.0,22,0.0
2024-12-09 18:00:00,445.88,446.73,445.36,446.13,1174.0,22,0.0
2024-12-09 19:00:00,446.13,446.13,444.68,445.67,1252.0,22,0.0
2024-12-09 20:00:00,445.65,446.03,444.85,445.18,1135.0,22,0.0
2024-12-10 11:00:00,442.67,443.57,442.63,443.18,216.0,67,0.0
2024-12-10 12:00:00,443.23,443.95,443.13,443.46,382.0,67,0.0
2024-12-10 13:00:00,443.42,443.78,441.85,442.27,504.0,67,0.0
2024-12-10 14:00:00,442.23,447.9,441.83,447.72,1739.0,22,0.0
2024-12-10 15:00:00,447.72,449.14,447.08,447.5,2181.0,22,0.0
2024-12-10 16:00:00,447.54,447.54,445.14,445.92,2043.0,22,0.0
2024-12-10 17:00:00,445.89,447.2,445.06,445.44,1397.0,22,0.0
2024-12-10 18:00:00,445.44,445.59,443.73,444.23,1243.0,22,0.0
2024-12-10 19:00:00,444.23,444.36,441.17,441.99,1659.0,22,0.0
2024-12-10 20:00:00,441.98,442.65,441.26,442.62,1484.0,22,0.0
2024-12-11 11:00:00,440.95,441.8,440.81,441.07,445.0,67,0.0
2024-12-11 12:00:00,441.07,442.72,441.07,442.36,363.0,67,0.0
2024-12-11 13:00:00,442.4,444.55,441.88,443.66,454.0,67,0.0
2024-12-11 14:00:00,443.65,445.89,442.63,445.62,1767.0,22,0.0
2024-12-11 15:00:00,445.63,448.91,445.06,447.97,2414.0,22,0.0
2024-12-11 16:00:00,447.98,449.85,447.97,448.79,1678.0,22,0.0
2024-12-11 17:00:00,448.79,449.53,448.55,448.96,1216.0,22,0.0
2024-12-11 18:00:00,448.96,449.44,448.29,448.82,1024.0,22,0.0
2024-12-11 19:00:00,448.82,449.09,447.43,447.97,1015.0,9,0.0
2024-12-11 20:00:00,447.97,449.07,447.97,448.42,857.0,9,0.0
2024-12-12 11:00:00,446.45,446.6,445.8,446.23,307.0,67,0.0
2024-12-12 12:00:00,446.28,447.54,446.22,446.91,491.0,67,0.0
2024-12-12 13:00:00,447.06,447.71,446.17,447.23,785.0,67,0.0
2024-12-12 14:00:00,447.23,453.09,446.12,451.7,2200.0,22,0.0
2024-12-12 15:00:00,451.71,455.28,450.12,454.88,2757.0,22,0.0
2024-12-12 16:00:00,454.88,455.68,452.41,452.93,1758.0,22,0.0
2024-12-12 17:00:00,452.92,454.73,452.87,454.0,1428.0,22,0.0
2024-12-12 18:00:00,454.0,454.22,452.61,452.71,1177.0,22,0.0
2024-12-12 19:00:00,452.71,453.08,451.33,451.42,1201.0,22,0.0
2024-12-12 20:00:00,451.38,451.67,450.92,451.42,931.0,22,0.0
2024-12-13 11:00:00,449.35,450.9,448.96,450.03,535.0,67,0.0
2024-12-13 12:00:00,450.17,450.17,448.03,449.38,638.0,67,0.0
2024-12-13 13:00:00,449.34,450.11,448.01,448.21,707.0,67,0.0
2024-12-13 14:00:00,448.18,450.92,447.05,449.32,1915.0,22,0.0
2024-12-13 15:00:00,449.36,449.63,446.91,447.38,2342.0,22,0.0
2024-12-13 16:00:00,447.38,448.15,445.97,446.52,1979.0,22,0.0
2024-12-13 17:00:00,446.51,446.68,445.32,445.34,1443.0,22,0.0
2024-12-13 18:00:00,445.33,447.52,445.15,447.3,1096.0,22,0.0
2024-12-13 19:00:00,447.3,447.44,446.59,446.74,1109.0,22,0.0
2024-12-13 20:00:00,446.78,447.42,446.5,447.26,850.0,22,0.0
2024-12-16 11:00:00,447.54,447.57,447.18,447.41,267.0,67,0.0
2024-12-16 12:00:00,447.39,447.91,446.95,447.25,219.0,67,0.0
2024-12-16 13:00:00,447.25,447.48,446.88,446.91,277.0,67,0.0
2024-12-16 14:00:00,446.92,448.42,444.85,446.53,2042.0,22,0.0
2024-12-16 15:00:00,446.57,446.76,444.83,446.61,1975.0,22,0.0
2024-12-16 16:00:00,446.6,448.13,446.4,447.82,1521.0,22,0.0
2024-12-16 17:00:00,447.81,448.04,446.11,447.64,1269.0,22,0.0
2024-12-16 18:00:00,447.64,449.11,447.34,448.49,1086.0,22,0.0
2024-12-16 19:00:00,448.48,450.2,448.1,449.88,1066.0,22,0.0
2024-12-16 20:00:00,449.89,451.68,449.63,451.17,978.0,22,0.0
2024-12-17 11:00:00,449.65,449.84,448.86,448.99,559.0,67,0.0
2024-12-17 12:00:00,448.98,449.75,448.84,449.38,292.0,67,0.0
2024-12-17 13:00:00,449.38,449.93,448.93,449.67,370.0,67,0.0
2024-12-17 14:00:00,449.67,452.28,449.04,450.05,2006.0,22,0.0
2024-12-17 15:00:00,450.08,452.62,449.13,452.55,2585.0,22,0.0
2024-12-17 16:00:00,452.55,454.72,452.13,454.53,2054.0,22,0.0
2024-12-17 17:00:00,454.53,454.53,452.98,453.16,1433.0,22,0.0
2024-12-17 18:00:00,453.16,453.79,452.7,453.38,1197.0,22,0.0
2024-12-17 19:00:00,453.38,454.02,452.69,453.73,1082.0,22,0.0
2024-12-17 20:00:00,453.69,454.3,452.89,453.94,1040.0,22,0.0
2024-12-18 11:00:00,454.11,454.4,453.94,453.99,448.0,67,0.0
2024-12-18 12:00:00,454.02,454.22,451.88,452.02,490.0,67,0.0
2024-12-18 13:00:00,452.01,453.02,450.82,451.09,774.0,67,0.0
2024-12-18 14:00:00,451.13,451.58,445.48,447.77,2524.0,22,0.0
2024-12-18 15:00:00,447.77,451.22,447.35,450.53,1996.0,22,0.0
2024-12-18 16:00:00,450.57,452.13,450.41,451.7,1434.0,22,0.0
2024-12-18 17:00:00,451.7,452.14,450.81,451.6,1123.0,22,0.0
2024-12-18 18:00:00,451.6,451.77,450.68,451.13,1054.0,22,0.0
2024-12-18 19:00:00,451.09,451.13,445.41,445.48,3336.0,22,0.0
2024-12-18 20:00:00,445.5,445.95,437.72,438.28,4380.0,22,0.0
2024-12-19 11:00:00,439.46,440.41,439.31,439.7,389.0,67,0.0
2024-12-19 12:00:00,439.8,441.92,439.67,441.78,453.0,67,0.0
2024-12-19 13:00:00,441.67,442.0,440.02,440.08,528.0,67,0.0
2024-12-19 14:00:00,440.0,442.18,437.92,438.9,2467.0,22,0.0
2024-12-19 15:00:00,438.86,441.79,437.88,441.34,3714.0,22,0.0
2024-12-19 16:00:00,441.33,442.63,439.46,441.58,2383.0,22,0.0
2024-12-19 17:00:00,441.59,441.59,439.07,439.87,1792.0,22,0.0
2024-12-19 18:00:00,439.87,440.2,438.44,440.17,1683.0,22,0.0
2024-12-19 19:00:00,440.15,440.22,438.48,438.54,1279.0,22,0.0
2024-12-19 20:00:00,438.54,438.72,436.76,437.8,1548.0,22,0.0
2024-12-20 11:00:00,430.57,431.11,430.18,430.9,398.0,67,0.0
2024-12-20 12:00:00,430.99,431.83,430.62,431.64,658.0,67,0.0
2024-12-20 13:00:00,431.68,433.98,431.61,432.61,1067.0,67,0.0
2024-12-20 14:00:00,432.6,433.88,428.08,428.65,2814.0,22,0.0
2024-12-20 15:00:00,428.72,436.38,428.72,435.48,3449.0,22,0.0
2024-12-20 16:00:00,435.49,442.39,435.45,441.63,2560.0,22,0.0
2024-12-20 17:00:00,441.64,443.21,441.05,441.08,1967.0,22,0.0
2024-12-20 18:00:00,441.08,441.37,438.56,438.79,2030.0,22,0.0
2024-12-20 19:00:00,438.78,439.6,437.38,437.52,1598.0,22,0.0
2024-12-20 20:00:00,437.51,437.6,434.58,435.72,1490.0,22,0.0
2024-12-23 11:00:00,436.07,436.13,435.15,435.32,454.0,67,0.0
2024-12-23 12:00:00,435.47,436.86,435.47,436.27,602.0,67,0.0
2024-12-23 13:00:00,436.33,436.49,435.34,435.56,579.0,67,0.0
2024-12-23 14:00:00,435.55,437.03,434.17,435.61,1804.0,22,0.0
2024-12-23 15:00:00,435.6,435.81,432.47,432.83,2472.0,22,0.0
2024-12-23 16:00:00,432.77,434.11,432.37,433.57,1575.0,22,0.0
2024-12-23 17:00:00,433.57,434.38,433.13,433.76,1306.0,22,0.0
2024-12-23 18:00:00,433.76,435.91,433.7,435.18,1169.0,22,0.0
2024-12-23 19:00:00,435.16,435.73,434.02,434.07,1080.0,22,0.0
2024-12-23 20:00:00,434.05,434.21,433.17,434.16,1084.0,22,0.0
2024-12-24 11:00:00,434.03,434.22,433.53,433.57,34.0,67,0.0
2024-12-24 12:00:00,433.5,434.2,433.47,433.66,101.0,67,0.0
2024-12-24 13:00:00,433.5,434.26,433.47,434.17,245.0,67,0.0
2024-12-24 14:00:00,434.0,435.76,433.22,435.56,1398.0,22,0.0
2024-12-24 15:00:00,435.57,438.13,435.38,437.68,1602.0,22,0.0
2024-12-24 16:00:00,437.67,437.81,436.82,437.03,1050.0,22,0.0
2024-12-24 17:00:00,437.03,438.84,436.91,438.71,1532.0,22,0.0
2024-12-26 11:00:00,436.78,437.73,436.59,437.56,54.0,67,0.0
2024-12-26 12:00:00,437.74,437.74,437.15,437.46,99.0,67,0.0
2024-12-26 13:00:00,437.47,437.8,436.74,437.8,307.0,67,0.0
2024-12-26 14:00:00,437.85,440.09,436.12,437.84,1485.0,22,0.0
2024-12-26 15:00:00,437.84,438.08,436.66,437.53,1670.0,22,0.0
2024-12-26 16:00:00,437.53,439.03,437.33,438.79,1044.0,22,0.0
2024-12-26 17:00:00,438.79,439.34,437.56,438.03,1090.0,22,0.0
2024-12-26 18:00:00,438.03,438.83,437.89,438.49,1059.0,22,0.0
2024-12-26 19:00:00,438.45,439.23,438.05,439.17,927.0,22,0.0
2024-12-26 20:00:00,439.17,439.42,438.88,439.0,701.0,22,0.0
2024-12-27 11:00:00,436.25,436.63,436.12,436.27,175.0,67,0.0
2024-12-27 12:00:00,436.26,437.08,436.13,436.91,259.0,67,0.0
2024-12-27 13:00:00,436.87,436.89,435.44,436.28,495.0,67,0.0
2024-12-27 14:00:00,436.11,436.38,428.75,429.86,1934.0,22,0.0
2024-12-27 15:00:00,429.89,430.2,426.91,428.78,3069.0,22,0.0
2024-12-27 16:00:00,428.78,429.36,426.27,427.13,1987.0,22,0.0
2024-12-27 17:00:00,427.13,427.3,425.87,427.22,1896.0,22,0.0
2024-12-27 18:00:00,427.21,429.45,426.95,429.15,1422.0,22,0.0
2024-12-27 19:00:00,429.15,430.24,429.07,430.16,1340.0,22,0.0
2024-12-27 20:00:00,430.16,430.19,428.26,428.31,1645.0,22,0.0
2024-12-30 11:00:00,429.48,429.58,428.99,428.99,109.0,67,0.0
2024-12-30 12:00:00,429.07,429.27,425.92,426.26,436.0,67,0.0
2024-12-30 13:00:00,426.26,426.88,424.73,425.36,652.0,67,0.0
2024-12-30 14:00:00,425.34,426.5,421.75,422.15,2138.0,22,0.0
2024-12-30 15:00:00,422.14,424.73,421.45,423.87,2875.0,22,0.0
2024-12-30 16:00:00,423.87,425.47,423.48,424.87,1719.0,22,0.0
2024-12-30 17:00:00,424.86,426.97,424.55,426.49,1585.0,22,0.0
2024-12-30 18:00:00,426.47,426.64,425.02,426.34,1462.0,22,0.0
2024-12-30 19:00:00,426.34,426.73,425.37,426.42,1237.0,22,0.0
2024-12-30 20:00:00,426.42,426.87,425.52,426.02,1265.0,22,0.0
2024-12-31 11:00:00,426.79,426.79,426.08,426.5,67.0,67,0.0
2024-12-31 12:00:00,426.45,426.83,425.03,425.59,164.0,67,0.0
2024-12-31 13:00:00,425.01,425.72,424.47,425.35,185.0,67,0.0
2024-12-31 14:00:00,425.31,426.06,423.65,425.06,1267.0,22,0.0
2024-12-31 15:00:00,425.08,425.76,423.5,424.26,1874.0,22,0.0
2024-12-31 16:00:00,424.26,424.29,422.22,422.65,1499.0,22,0.0
2024-12-31 17:00:00,422.65,423.07,421.32,423.06,1504.0,22,0.0
2024-12-31 18:00:00,423.05,423.24,421.21,421.44,1378.0,22,0.0
2024-12-31 19:00:00,421.46,422.43,421.03,422.24,1511.0,22,0.0
2024-12-31 20:00:00,422.23,422.8,421.04,421.97,1353.0,22,0.0
2025-01-02 11:00:00,424.8,427.44,424.51,427.18,773.0,67,0.0
2025-01-02 12:00:00,427.1,427.25,425.42,425.61,657.0,67,0.0
2025-01-02 13:00:00,425.64,425.99,424.73,425.21,723.0,67,0.0
2025-01-02 14:00:00,425.2,426.15,422.19,424.81,2472.0,22,0.0
2025-01-02 15:00:00,424.82,425.34,419.98,421.29,3673.0,22,0.0
2025-01-02 16:00:00,421.27,421.79,419.77,421.07,2244.0,22,0.0
2025-01-02 17:00:00,421.09,421.36,414.31,415.58,2893.0,22,0.0
2025-01-02 18:00:00,415.58,416.21,414.4,415.18,2515.0,22,0.0
2025-01-02 19:00:00,415.18,417.37,414.85,415.87,2040.0,22,0.0
2025-01-02 20:00:00,415.88,418.31,415.88,417.74,1548.0,22,0.0
2025-01-03 11:00:00,419.9,420.01,419.75,419.87,77.0,67,0.0
2025-01-03 12:00:00,419.53,420.02,419.51,419.74,220.0,67,0.0
2025-01-03 13:00:00,419.77,420.32,419.25,419.47,446.0,67,0.0
2025-01-03 14:00:00,419.49,422.64,419.19,422.29,1965.0,22,0.0
2025-01-03 15:00:00,422.3,423.64,420.1,421.22,2619.0,22,0.0
2025-01-03 16:00:00,421.2,422.54,419.48,421.45,1872.0,22,0.0
2025-01-03 17:00:00,421.45,422.11,420.87,421.9,1249.0,22,0.0
2025-01-03 18:00:00,421.9,423.29,421.38,422.42,1211.0,22,0.0
2025-01-03 19:00:00,422.31,423.48,421.76,422.7,1180.0,22,0.0
2025-01-03 20:00:00,422.7,422.7,421.39,421.48,957.0,22,0.0
2025-01-06 11:00:00,427.11,427.22,426.25,426.85,343.0,67,0.0
2025-01-06 12:00:00,426.92,427.06,426.01,426.77,512.0,67,0.0
2025-01-06 13:00:00,426.75,427.54,426.65,427.23,518.0,67,0.0
2025-01-06 14:00:00,427.23,431.34,425.32,430.35,3092.0,22,0.0
2025-01-06 15:00:00,430.4,433.68,429.91,431.61,2794.0,22,0.0
2025-01-06 16:00:00,431.65,431.72,430.36,430.65,1707.0,22,0.0
2025-01-06 17:00:00,430.65,431.4,428.01,428.14,1467.0,22,0.0
2025-01-06 18:00:00,428.13,428.16,425.23,425.46,1800.0,22,0.0
2025-01-06 19:00:00,425.48,426.58,424.91,425.47,1564.0,22,0.0
2025-01-06 20:00:00,425.47,426.48,425.27,426.45,1075.0,22,0.0
2025-01-07 11:00:00,428.9,429.27,428.77,429.13,166.0,67,0.0
2025-01-07 12:00:00,429.15,429.15,427.83,427.99,465.0,67,0.0
2025-01-07 13:00:00,427.99,428.63,427.67,428.55,430.0,67,0.0
2025-01-07 14:00:00,428.56,429.98,426.37,429.78,2013.0,22,0.0
2025-01-07 15:00:00,429.53,429.53,424.98,426.4,3297.0,22,0.0
2025-01-07 16:00:00,426.42,426.59,423.79,424.03,2318.0,22,0.0
2025-01-07 17:00:00,424.03,424.32,422.19,423.12,1427.0,22,0.0
2025-01-07 18:00:00,423.12,423.9,422.38,422.78,1158.0,22,0.0
2025-01-07 19:00:00,422.79,424.04,422.59,423.12,983.0,22,0.0
2025-01-07 20:00:00,423.12,423.23,420.24,421.15,1274.0,22,0.0
2025-01-08 11:00:00,423.89,424.09,421.42,423.13,1196.0,67,0.0
2025-01-08 12:00:00,423.11,423.13,420.44,421.56,918.0,67,0.0
2025-01-08 13:00:00,421.53,423.44,421.49,422.91,1046.0,67,0.0
2025-01-08 14:00:00,423.03,425.21,421.99,425.1,2306.0,22,0.0
2025-01-08 15:00:00,425.1,426.26,424.06,425.51,2438.0,22,0.0
2025-01-08 16:00:00,425.54,425.71,423.8,424.74,1506.0,22,0.0
2025-01-08 17:00:00,424.74,424.87,421.45,422.49,1605.0,22,0.0
2025-01-08 18:00:00,422.49,423.94,422.2,423.05,1498.0,22,0.0
2025-01-08 19:00:00,423.06,424.66,422.49,422.92,1483.0,22,0.0
2025-01-08 20:00:00,422.91,423.83,422.5,423.72,926.0,22,0.0
2025-01-10 11:00:00,423.54,424.15,423.5,423.63,418.0,67,0.0
2025-01-10 12:00:00,423.67,424.14,422.83,423.27,552.0,67,0.0
2025-01-10 13:00:00,423.21,424.0,419.65,420.45,1318.0,67,0.0
2025-01-10 14:00:00,420.46,423.93,418.08,419.11,2734.0,22,0.0
2025-01-10 15:00:00,419.16,419.25,414.48,417.39,3660.0,22,0.0
2025-01-10 16:00:00,417.42,417.7,415.57,415.91,2145.0,22,0.0
2025-01-10 17:00:00,415.95,419.72,415.58,419.31,1581.0,22,0.0
2025-01-10 18:00:00,419.29,422.64,418.81,422.51,1634.0,22,0.0
2025-01-10 19:00:00,422.51,422.6,419.81,420.54,1412.0,22,0.0
2025-01-10 20:00:00,420.55,421.05,419.14,419.59,1219.0,22,0.0
2025-01-13 11:00:00,414.72,414.89,414.41,414.6,310.0,67,0.0
2025-01-13 12:00:00,414.59,416.68,414.55,416.4,768.0,67,0.0
2025-01-13 13:00:00,416.38,416.52,415.37,415.53,480.0,67,0.0
2025-01-13 14:00:00,415.66,417.65,413.6,414.49,2507.0,22,0.0
2025-01-13 15:00:00,414.45,415.62,413.36,414.04,2567.0,22,0.0
2025-01-13 16:00:00,414.11,414.44,411.81,412.22,1938.0,22,0.0
2025-01-13 17:00:00,412.22,415.05,412.04,414.9,1672.0,22,0.0
2025-01-13 18:00:00,414.9,415.13,413.53,414.46,1348.0,22,0.0
2025-01-13 19:00:00,414.45,416.47,414.09,416.27,1397.0,22,0.0
2025-01-13 20:00:00,416.27,416.37,415.45,416.05,1137.0,22,0.0
2025-01-14 11:00:00,418.8,418.95,417.66,417.86,495.0,67,0.0
2025-01-14 12:00:00,417.86,417.96,416.8,417.08,519.0,67,0.0
2025-01-14 13:00:00,417.14,419.89,416.03,417.7,1085.0,67,0.0
2025-01-14 14:00:00,417.56,418.94,415.98,416.41,2175.0,22,0.0
2025-01-14 15:00:00,416.45,417.83,415.4,415.59,2269.0,22,0.0
2025-01-14 16:00:00,415.61,416.0,413.77,413.85,1657.0,22,0.0
2025-01-14 17:00:00,413.84,414.99,413.42,414.44,1201.0,22,0.0
2025-01-14 18:00:00,414.44,417.02,414.39,416.61,1182.0,22,0.0
2025-01-14 19:00:00,416.61,417.23,413.74,413.81,1156.0,22,0.0
2025-01-14 20:00:00,413.78,414.04,410.2,411.84,2037.0,22,0.0
2025-01-15 11:00:00,415.26,416.13,414.98,415.77,449.0,67,0.0
2025-01-15 12:00:00,415.77,416.06,415.61,415.89,268.0,67,0.0
2025-01-15 13:00:00,415.81,421.12,415.5,420.32,910.0,67,0.0
2025-01-15 14:00:00,420.37,424.71,417.53,423.28,2397.0,22,0.0
2025-01-15 15:00:00,423.27,425.03,423.17,424.21,1982.0,22,0.0
2025-01-15 16:00:00,424.2,426.8,424.12,424.35,1724.0,22,0.0
2025-01-15 17:00:00,424.35,425.83,423.84,424.11,1100.0,22,0.0
2025-01-15 18:00:00,424.1,425.74,424.08,425.29,950.0,22,0.0
2025-01-15 19:00:00,425.29,426.76,425.25,426.69,961.0,22,0.0
2025-01-15 20:00:00,426.69,427.56,426.17,426.53,985.0,22,0.0
2025-01-16 11:00:00,427.97,428.49,427.61,428.16,426.0,67,0.0
2025-01-16 12:00:00,428.04,428.45,426.54,426.6,486.0,67,0.0
2025-01-16 13:00:00,426.58,427.34,425.97,426.85,539.0,67,0.0
2025-01-16 14:00:00,426.85,428.63,425.12,426.25,1825.0,22,0.0
2025-01-16 15:00:00,426.22,427.55,424.49,426.82,2278.0,22,0.0
2025-01-16 16:00:00,426.77,427.63,425.51,426.67,1692.0,22,0.0
2025-01-16 17:00:00,426.64,426.87,425.95,426.36,1198.0,22,0.0
2025-01-16 18:00:00,426.34,427.0,424.6,425.05,1296.0,22,0.0
2025-01-16 19:00:00,425.03,427.15,424.63,427.03,1189.0,22,0.0
2025-01-16 20:00:00,427.03,427.51,425.43,425.77,987.0,22,0.0
2025-01-17 11:00:00,425.18,425.73,424.66,424.99,436.0,67,0.0
2025-01-17 12:00:00,425.02,425.39,424.56,425.12,479.0,67,0.0
2025-01-17 13:00:00,425.13,428.15,424.72,427.87,1028.0,67,0.0
2025-01-17 14:00:00,427.93,434.08,427.44,428.31,3011.0,22,0.0
2025-01-17 15:00:00,428.32,429.75,427.81,428.5,2380.0,22,0.0
2025-01-17 16:00:00,428.48,429.56,428.0,428.72,1460.0,22,0.0
2025-01-17 17:00:00,428.72,431.4,428.35,431.12,1122.0,22,0.0
2025-01-17 18:00:00,431.12,431.63,430.36,430.63,1027.0,22,0.0
2025-01-17 19:00:00,430.63,430.75,428.36,429.43,1258.0,22,0.0
2025-01-17 20:00:00,429.41,430.34,428.99,430.29,904.0,22,0.0
2025-01-21 11:00:00,430.53,430.61,429.84,430.21,366.0,67,0.0
2025-01-21 12:00:00,430.3,430.79,430.05,430.76,343.0,67,0.0
2025-01-21 13:00:00,430.78,430.87,430.09,430.58,429.0,67,0.0
2025-01-21 14:00:00,430.64,430.88,425.03,425.85,2249.0,22,0.0
2025-01-21 15:00:00,425.87,428.03,425.22,427.01,2325.0,22,0.0
2025-01-21 16:00:00,427.01,428.29,426.45,428.28,1310.0,22,0.0
2025-01-21 17:00:00,428.28,429.31,427.32,429.28,1174.0,22,0.0
2025-01-21 18:00:00,429.25,430.23,427.03,427.45,1387.0,22,0.0
2025-01-21 19:00:00,427.45,428.63,426.82,427.69,1148.0,22,0.0
2025-01-21 20:00:00,427.71,428.49,427.61,428.06,906.0,22,0.0
2025-01-22 11:00:00,434.02,434.24,432.3,432.65,564.0,67,0.0
2025-01-22 12:00:00,432.51,434.0,432.02,433.81,733.0,67,0.0
2025-01-22 13:00:00,433.81,437.06,433.73,436.52,686.0,67,0.0
2025-01-22 14:00:00,436.52,441.23,435.41,440.64,2718.0,22,0.0
2025-01-22 15:00:00,440.68,442.62,438.55,440.63,3276.0,22,0.0
2025-01-22 16:00:00,440.63,443.78,439.93,443.73,2103.0,22,0.0
2025-01-22 17:00:00,443.73,445.27,443.66,444.61,1912.0,22,0.0
2025-01-22 18:00:00,444.59,444.7,443.01,444.15,1697.0,22,0.0
2025-01-22 19:00:00,444.12,445.19,443.81,444.72,1497.0,22,0.0
2025-01-22 20:00:00,444.72,445.23,444.25,444.81,1334.0,22,0.0
2025-01-23 11:00:00,442.31,442.83,441.78,442.71,477.0,67,0.0
2025-01-23 12:00:00,442.75,443.56,442.18,442.56,529.0,67,0.0
2025-01-23 13:00:00,442.57,442.75,441.99,442.44,329.0,67,0.0
2025-01-23 14:00:00,442.27,443.76,440.8,443.18,1848.0,22,0.0
2025-01-23 15:00:00,443.14,443.49,441.93,442.33,1757.0,22,0.0
2025-01-23 16:00:00,442.34,443.49,441.35,443.05,1683.0,22,0.0
2025-01-23 17:00:00,443.04,443.06,441.85,442.17,1061.0,22,0.0
2025-01-23 18:00:00,442.16,443.67,441.94,443.22,1115.0,22,0.0
2025-01-23 19:00:00,443.21,445.04,442.97,444.72,1292.0,22,0.0
2025-01-23 20:00:00,444.71,445.03,444.11,444.19,1064.0,22,0.0
2025-01-24 11:00:00,445.4,445.43,444.09,444.65,303.0,67,0.0
2025-01-24 12:00:00,444.8,446.3,444.69,445.85,475.0,67,0.0
2025-01-24 13:00:00,445.86,445.86,444.68,445.62,500.0,67,0.0
2025-01-24 14:00:00,445.6,445.84,440.58,444.0,2223.0,22,0.0
2025-01-24 15:00:00,444.04,444.83,442.78,444.45,2133.0,22,0.0
2025-01-24 16:00:00,444.39,446.0,444.05,445.16,1191.0,22,0.0
2025-01-24 17:00:00,445.16,445.25,443.45,443.56,1210.0,22,0.0
2025-01-24 18:00:00,443.56,443.9,441.4,441.66,1285.0,22,0.0
2025-01-24 19:00:00,441.63,442.12,441.08,441.53,1230.0,22,0.0
2025-01-24 20:00:00,441.54,442.32,441.5,442.18,889.0,22,0.0
2025-01-27 11:00:00,413.76,417.87,409.38,415.62,2293.0,67,0.0
2025-01-27 12:00:00,416.0,422.02,415.33,421.62,1575.0,67,0.0
2025-01-27 13:00:00,421.62,427.45,421.43,425.63,1880.0,67,0.0
2025-01-27 14:00:00,425.66,429.24,421.29,429.19,4001.0,22,0.0
2025-01-27 15:00:00,429.18,433.22,426.09,428.71,4159.0,22,0.0
2025-01-27 16:00:00,428.71,429.08,425.92,426.78,3187.0,22,0.0
2025-01-27 17:00:00,426.78,427.38,425.7,427.28,2241.0,22,0.0
2025-01-27 18:00:00,427.28,431.1,427.26,430.95,2538.0,22,0.0
2025-01-27 19:00:00,430.95,434.07,430.87,432.23,2500.0,22,0.0
2025-01-27 20:00:00,432.24,434.28,432.24,434.08,1780.0,22,0.0
2025-01-28 11:00:00,436.37,436.69,434.28,435.12,531.0,67,0.0
2025-01-28 12:00:00,435.2,436.11,433.58,434.39,704.0,67,0.0
2025-01-28 13:00:00,434.42,435.43,433.66,434.95,647.0,67,0.0
2025-01-28 14:00:00,434.94,435.62,430.53,434.5,2343.0,22,0.0
2025-01-28 15:00:00,434.5,442.29,433.91,440.86,3373.0,22,0.0
2025-01-28 16:00:00,440.84,442.66,439.8,442.39,2184.0,22,0.0
2025-01-28 17:00:00,442.39,444.59,441.78,444.35,1637.0,22,0.0
2025-01-28 18:00:00,444.32,445.9,444.22,444.76,1549.0,22,0.0
2025-01-28 19:00:00,444.76,447.39,444.4,447.23,1663.0,22,0.0
2025-01-28 20:00:00,447.22,447.67,445.72,446.24,1422.0,22,0.0
2025-01-29 11:00:00,445.69,445.74,444.72,445.64,515.0,67,0.0
2025-01-29 12:00:00,445.58,446.34,445.19,445.58,594.0,67,0.0
2025-01-29 13:00:00,445.59,445.79,439.29,445.41,896.0,67,0.0
2025-01-29 14:00:00,445.43,445.92,439.71,440.63,2357.0,22,0.0
2025-01-29 15:00:00,440.66,442.67,440.2,442.01,2230.0,22,0.0
2025-01-29 16:00:00,442.02,443.72,441.59,443.08,1567.0,22,0.0
2025-01-29 17:00:00,443.11,444.33,441.99,442.13,1379.0,22,0.0
2025-01-29 18:00:00,442.15,442.49,440.24,441.86,1804.0,22,0.0
2025-01-29 19:00:00,441.8,444.23,440.84,444.06,2832.0,22,0.0
2025-01-29 20:00:00,444.03,444.75,442.48,442.65,2040.0,22,0.0
2025-01-30 11:00:00,424.84,425.26,423.38,423.4,610.0,67,0.0
2025-01-30 12:00:00,423.56,424.05,421.34,423.33,1002.0,67,0.0
2025-01-30 13:00:00,423.29,424.1,420.67,421.76,1373.0,67,0.0
2025-01-30 14:00:00,421.8,422.15,413.88,421.02,4974.0,22,0.0
2025-01-30 15:00:00,420.95,420.98,413.29,414.46,5096.0,22,0.0
2025-01-30 16:00:00,414.45,415.84,412.5,415.61,3210.0,22,0.0
2025-01-30 17:00:00,415.61,416.34,413.67,413.8,2334.0,22,0.0
2025-01-30 18:00:00,413.8,415.76,413.57,414.33,1879.0,22,0.0
2025-01-30 19:00:00,414.35,415.03,413.82,415.01,1692.0,22,0.0
2025-01-30 20:00:00,415.05,415.37,413.43,413.59,1484.0,9,0.0
2025-01-31 11:00:00,419.13,419.34,418.65,419.02,208.0,67,0.0
2025-01-31 12:00:00,419.0,419.0,417.66,418.26,406.0,67,0.0
2025-01-31 13:00:00,418.24,418.68,417.6,417.74,630.0,67,0.0
2025-01-31 14:00:00,417.74,419.01,415.65,418.3,2507.0,22,0.0
2025-01-31 15:00:00,418.29,419.94,415.56,416.47,3137.0,22,0.0
2025-01-31 16:00:00,416.48,416.94,414.52,415.91,2180.0,22,0.0
2025-01-31 17:00:00,415.93,418.19,415.93,417.62,2077.0,22,0.0
2025-01-31 18:00:00,417.62,418.43,415.56,416.3,2359.0,22,0.0
2025-01-31 19:00:00,416.28,416.45,414.37,415.79,2446.0,22,0.0
2025-01-31 20:00:00,415.74,415.88,414.9,415.21,2023.0,22,0.0
2025-02-03 11:00:00,408.25,408.89,408.25,408.56,510.0,67,0.0
2025-02-03 12:00:00,408.67,410.84,407.3,408.73,759.0,67,0.0
2025-02-03 13:00:00,408.74,410.45,408.55,409.43,731.0,67,0.0
2025-02-03 14:00:00,409.41,413.69,408.13,410.69,2934.0,22,0.0
2025-02-03 15:00:00,410.62,412.82,407.91,412.29,4114.0,22,0.0
2025-02-03 16:00:00,412.24,412.87,409.62,410.36,2614.0,22,0.0
2025-02-03 17:00:00,410.35,411.78,409.8,411.31,2430.0,22,0.0
2025-02-03 18:00:00,411.26,414.15,410.61,414.13,2004.0,22,0.0
2025-02-03 19:00:00,414.09,414.63,413.18,413.31,1515.0,22,0.0
2025-02-03 20:00:00,413.33,413.51,412.37,412.68,1257.0,22,0.0
2025-02-04 11:00:00,409.17,409.68,409.07,409.16,429.0,67,0.0
2025-02-04 12:00:00,409.16,411.61,409.16,410.83,683.0,67,0.0
2025-02-04 13:00:00,410.85,411.16,410.2,410.91,446.0,67,0.0
2025-02-04 14:00:00,410.87,412.43,408.82,410.51,1989.0,22,0.0
2025-02-04 15:00:00,410.51,413.12,410.51,412.44,2454.0,22,0.0
2025-02-04 16:00:00,412.44,412.85,411.46,411.77,1408.0,22,0.0
2025-02-04 17:00:00,411.78,412.22,409.9,410.96,1672.0,22,0.0
2025-02-04 18:00:00,410.96,411.1,410.07,410.83,1145.0,22,0.0
2025-02-04 19:00:00,410.8,412.09,410.58,411.8,1124.0,22,0.0
2025-02-04 20:00:00,411.8,411.84,411.01,411.28,1093.0,9,0.0
2025-02-05 11:00:00,409.58,410.22,409.15,409.69,337.0,67,0.0
2025-02-05 12:00:00,409.9,410.21,409.43,409.83,335.0,67,0.0
2025-02-05 13:00:00,409.78,410.08,409.13,409.42,544.0,67,0.0
2025-02-05 14:00:00,409.38,412.91,409.04,409.91,1950.0,22,0.0
2025-02-05 15:00:00,409.94,411.13,409.64,410.68,2364.0,22,0.0
2025-02-05 16:00:00,410.67,412.72,410.47,412.46,1541.0,22,0.0
2025-02-05 17:00:00,412.48,413.02,411.5,412.11,1235.0,22,0.0
2025-02-05 18:00:00,412.1,412.39,411.02,411.75,1108.0,22,0.0
2025-02-05 19:00:00,411.75,412.69,411.65,412.07,1019.0,22,0.0
2025-02-05 20:00:00,412.07,412.5,411.59,411.74,862.0,9,0.0
2025-02-06 11:00:00,413.26,413.32,412.77,412.9,347.0,67,0.0
2025-02-06 12:00:00,413.07,413.07,411.93,412.66,520.0,67,0.0
2025-02-06 13:00:00,412.74,412.8,412.07,412.31,445.0,67,0.0
2025-02-06 14:00:00,412.36,417.26,412.05,416.48,1835.0,22,0.0
2025-02-06 15:00:00,416.46,417.04,415.44,416.26,1973.0,22,0.0
2025-02-06 16:00:00,416.26,417.41,415.56,415.95,1381.0,22,0.0
2025-02-06 17:00:00,415.99,416.42,415.14,415.91,1052.0,22,0.0
2025-02-06 18:00:00,415.93,416.14,414.63,414.74,1112.0,22,0.0
2025-02-06 19:00:00,414.73,415.58,413.89,414.28,1341.0,22,0.0
2025-02-06 20:00:00,414.24,414.45,413.34,414.08,1093.0,22,0.0
2025-02-07 11:00:00,415.66,415.79,415.57,415.71,188.0,67,0.0
2025-02-07 12:00:00,415.71,415.81,415.17,415.46,253.0,67,0.0
2025-02-07 13:00:00,415.46,415.74,414.32,415.67,642.0,67,0.0
2025-02-07 14:00:00,415.64,417.83,414.51,416.25,1558.0,22,0.0
2025-02-07 15:00:00,415.86,415.86,409.9,411.27,3540.0,22,0.0
2025-02-07 16:00:00,411.28,411.7,409.51,409.79,2704.0,22,0.0
2025-02-07 17:00:00,409.77,410.52,408.76,409.58,2119.0,22,0.0
2025-02-07 18:00:00,409.58,410.47,408.18,408.25,1382.0,22,0.0
2025-02-07 19:00:00,408.25,408.47,407.32,407.95,1484.0,22,0.0
2025-02-07 20:00:00,407.91,409.32,407.55,409.17,1227.0,22,0.0
2025-02-10 11:00:00,411.57,412.19,411.32,411.79,305.0,67,0.0
2025-02-10 12:00:00,411.67,411.89,411.38,411.52,334.0,67,0.0
2025-02-10 13:00:00,411.52,412.2,411.52,412.07,395.0,44,0.0
2025-02-10 14:00:00,412.02,413.06,410.94,411.48,1538.0,22,0.0
2025-02-10 15:00:00,411.52,414.11,411.5,414.06,1854.0,22,0.0
2025-02-10 16:00:00,414.06,414.62,413.11,413.47,1200.0,22,0.0
2025-02-10 17:00:00,413.45,413.45,411.08,411.84,1076.0,22,0.0
2025-02-10 18:00:00,411.81,412.24,411.43,411.65,859.0,22,0.0
2025-02-10 19:00:00,411.65,411.65,410.68,410.91,919.0,9,0.0
2025-02-10 20:00:00,410.93,411.3,410.11,411.17,937.0,9,0.0
2025-02-11 11:00:00,409.88,410.43,409.84,410.28,167.0,67,0.0
2025-02-11 12:00:00,410.27,410.31,409.97,410.13,360.0,67,0.0
2025-02-11 13:00:00,410.14,410.24,409.28,409.31,522.0,67,0.0
2025-02-11 14:00:00,409.31,410.15,408.26,410.14,1476.0,22,0.0
2025-02-11 15:00:00,410.18,411.61,409.85,410.78,1554.0,22,0.0
2025-02-11 16:00:00,410.78,410.96,409.47,409.53,1165.0,22,0.0
2025-02-11 17:00:00,409.53,409.73,408.71,409.23,1143.0,22,0.0
2025-02-11 18:00:00,409.22,409.86,408.72,409.41,862.0,22,0.0
2025-02-11 19:00:00,409.39,410.37,409.26,410.07,912.0,22,0.0
2025-02-11 20:00:00,410.08,411.02,410.08,410.79,882.0,22,0.0
2025-02-12 11:00:00,409.85,410.2,409.78,409.89,192.0,67,0.0
2025-02-12 12:00:00,409.89,410.23,409.73,410.22,235.0,67,0.0
2025-02-12 13:00:00,410.18,410.67,406.02,406.76,1392.0,67,0.0
2025-02-12 14:00:00,406.76,407.95,403.35,407.38,1946.0,22,0.0
2025-02-12 15:00:00,407.42,409.07,406.16,407.37,2416.0,22,0.0
2025-02-12 16:00:00,407.37,408.54,406.38,408.5,1598.0,22,0.0
2025-02-12 17:00:00,408.46,409.82,407.91,409.74,1285.0,22,0.0
2025-02-12 18:00:00,409.74,409.87,408.91,409.19,955.0,22,0.0
2025-02-12 19:00:00,409.19,409.55,408.48,408.77,931.0,22,0.0
2025-02-12 20:00:00,408.77,408.83,407.28,407.72,787.0,22,0.0
2025-02-13 11:00:00,408.15,408.65,407.57,408.01,519.0,67,0.0
2025-02-13 12:00:00,408.04,408.28,407.13,407.29,748.0,67,0.0
2025-02-13 13:00:00,407.19,408.29,407.03,407.68,491.0,67,0.0
2025-02-13 14:00:00,407.68,407.84,405.35,406.89,1822.0,22,0.0
2025-02-13 15:00:00,406.87,409.55,405.52,408.81,2331.0,22,0.0
2025-02-13 16:00:00,408.82,409.05,406.98,407.07,1561.0,22,0.0
2025-02-13 17:00:00,407.05,407.65,406.75,407.29,1022.0,22,0.0
2025-02-13 18:00:00,407.28,407.96,406.64,407.78,1444.0,22,0.0
2025-02-13 19:00:00,407.78,409.81,407.71,409.49,1170.0,22,0.0
2025-02-13 20:00:00,409.49,410.13,409.02,409.22,852.0,22,0.0
2025-02-14 11:00:00,409.09,409.23,408.01,408.79,390.0,67,0.0
2025-02-14 12:00:00,408.79,408.87,408.49,408.76,308.0,67,0.0
2025-02-14 13:00:00,408.76,409.18,408.12,408.13,476.0,67,0.0
2025-02-14 14:00:00,408.16,408.36,405.2,405.68,1911.0,22,0.0
2025-02-14 15:00:00,405.68,407.07,405.05,406.89,1844.0,22,0.0
2025-02-14 16:00:00,406.92,407.44,405.74,407.08,1271.0,22,0.0
2025-02-14 17:00:00,407.04,407.31,406.55,406.86,1010.0,22,0.0
2025-02-14 18:00:00,406.86,407.85,406.68,407.67,989.0,22,0.0
2025-02-14 19:00:00,407.66,407.72,405.97,406.28,943.0,9,0.0
2025-02-14 20:00:00,406.28,406.59,405.82,406.31,922.0,9,0.0
2025-02-18 11:00:00,408.67,408.91,408.57,408.77,184.0,67,0.0
2025-02-18 12:00:00,408.76,408.88,408.35,408.4,249.0,67,0.0
2025-02-18 13:00:00,408.43,408.92,408.4,408.74,408.0,67,0.0
2025-02-18 14:00:00,408.74,409.64,406.0,409.01,1837.0,22,0.0
2025-02-18 15:00:00,408.98,409.41,406.91,408.15,2082.0,22,0.0
2025-02-18 16:00:00,408.11,408.51,407.31,407.98,1306.0,22,0.0
2025-02-18 17:00:00,407.95,408.16,407.27,407.64,951.0,22,0.0
2025-02-18 18:00:00,407.63,407.9,406.72,406.76,900.0,22,0.0
2025-02-18 19:00:00,406.76,406.93,405.59,406.16,1162.0,22,0.0
2025-02-18 20:00:00,406.16,407.23,406.06,406.91,728.0,22,0.0
2025-02-19 11:00:00,408.07,408.1,407.58,407.82,205.0,67,0.0
2025-02-19 12:00:00,408.0,408.57,407.88,408.35,369.0,67,0.0
2025-02-19 13:00:00,408.35,408.43,407.48,407.69,424.0,67,0.0
2025-02-19 14:00:00,407.7,408.97,406.55,408.4,1394.0,22,0.0
2025-02-19 15:00:00,408.39,408.69,406.87,407.4,1770.0,22,0.0
2025-02-19 16:00:00,407.4,410.85,407.06,409.7,2699.0,22,0.0
2025-02-19 17:00:00,409.7,410.6,409.09,410.01,1342.0,22,0.0
2025-02-19 18:00:00,410.02,411.58,409.46,410.93,1323.0,22,0.0
2025-02-19 19:00:00,410.93,414.23,410.86,413.82,1717.0,22,0.0
2025-02-19 20:00:00,413.81,414.43,413.14,413.69,1454.0,22,0.0
2025-02-20 11:00:00,416.96,417.29,416.26,416.97,382.0,67,0.0
2025-02-20 12:00:00,416.86,417.04,414.43,415.15,468.0,67,0.0
2025-02-20 13:00:00,415.12,415.35,413.69,414.1,411.0,67,0.0
2025-02-20 14:00:00,414.11,417.17,413.53,413.8,2359.0,22,0.0
2025-02-20 15:00:00,413.76,416.82,412.48,416.06,3040.0,22,0.0
2025-02-20 16:00:00,416.1,419.17,415.62,416.51,2337.0,22,0.0
2025-02-20 17:00:00,416.48,418.26,416.19,417.29,1515.0,22,0.0
2025-02-20 18:00:00,417.29,417.91,416.53,417.16,1311.0,22,0.0
2025-02-20 19:00:00,417.16,417.8,416.34,416.63,1315.0,22,0.0
2025-02-20 20:00:00,416.63,416.67,414.84,415.76,1166.0,22,0.0
2025-02-21 11:00:00,417.0,417.11,416.81,417.04,116.0,67,0.0
2025-02-21 12:00:00,417.04,417.46,416.87,417.3,245.0,67,0.0
2025-02-21 13:00:00,417.3,417.44,417.02,417.37,245.0,67,0.0
2025-02-21 14:00:00,417.37,417.79,414.77,414.8,1560.0,22,0.0
2025-02-21 15:00:00,414.8,415.28,412.21,413.75,2333.0,22,0.0
2025-02-21 16:00:00,413.75,414.39,413.02,413.43,1436.0,22,0.0
2025-02-21 17:00:00,413.43,414.16,412.4,412.43,1452.0,22,0.0
2025-02-21 18:00:00,412.47,413.53,410.17,410.36,1810.0,22,0.0
2025-02-21 19:00:00,410.36,410.87,408.43,408.59,1860.0,22,0.0
2025-02-21 20:00:00,408.59,409.34,408.3,408.51,1366.0,22,0.0
2025-02-24 11:00:00,409.76,410.21,409.5,410.06,246.0,67,0.0
2025-02-24 12:00:00,410.08,410.08,408.0,408.61,653.0,67,0.0
2025-02-24 13:00:00,408.62,409.59,407.87,409.55,544.0,67,0.0
2025-02-24 14:00:00,409.55,409.73,400.14,401.26,3096.0,22,0.0
2025-02-24 15:00:00,401.3,403.12,399.24,403.12,3795.0,22,0.0
2025-02-24 16:00:00,403.16,404.25,402.42,403.05,2152.0,22,0.0
2025-02-24 17:00:00,403.05,404.49,402.99,403.78,1383.0,22,0.0
2025-02-24 18:00:00,403.76,404.84,403.76,404.07,1339.0,22,0.0
2025-02-24 19:00:00,404.05,404.82,403.55,404.48,1460.0,9,0.0
2025-02-24 20:00:00,404.52,405.24,404.21,404.6,1256.0,22,0.0
2025-02-25 11:00:00,401.33,402.36,401.13,401.95,297.0,67,0.0
2025-02-25 12:00:00,401.94,403.06,401.73,402.64,429.0,67,0.0
2025-02-25 13:00:00,402.63,403.25,402.24,402.27,630.0,67,0.0
2025-02-25 14:00:00,402.24,402.49,399.46,401.33,2444.0,22,0.0
2025-02-25 15:00:00,401.28,401.43,397.64,399.53,3781.0,22,0.0
2025-02-25 16:00:00,399.57,399.59,396.61,399.27,2447.0,22,0.0
2025-02-25 17:00:00,399.2,400.32,397.91,398.91,1882.0,22,0.0
2025-02-25 18:00:00,398.92,399.7,398.04,398.37,1744.0,22,0.0
2025-02-25 19:00:00,398.34,398.41,396.94,397.94,1889.0,9,0.0
2025-02-25 20:00:00,397.95,399.15,397.31,397.56,1608.0,9,0.0
2025-02-26 11:00:00,399.84,399.87,398.75,398.88,223.0,67,0.0
2025-02-26 12:00:00,398.87,399.6,398.87,399.03,457.0,67,0.0
2025-02-26 13:00:00,398.99,399.61,398.61,398.82,425.0,67,0.0
2025-02-26 14:00:00,398.81,400.16,393.98,400.09,1905.0,22,0.0
2025-02-26 15:00:00,400.12,403.06,399.72,402.48,2263.0,22,0.0
2025-02-26 16:00:00,402.48,403.48,402.09,402.28,1674.0,22,0.0
2025-02-26 17:00:00,402.29,403.04,400.33,400.79,1753.0,9,0.0
2025-02-26 18:00:00,400.75,401.09,398.35,398.52,1615.0,10,0.0
2025-02-26 19:00:00,398.53,399.35,398.18,398.35,1554.0,22,0.0
2025-02-26 20:00:00,398.36,399.36,398.15,399.26,1330.0,9,0.0
2025-02-27 11:00:00,400.83,400.97,400.26,400.78,216.0,67,0.0
2025-02-27 12:00:00,400.78,401.58,400.23,400.62,648.0,67,0.0
2025-02-27 13:00:00,400.6,401.27,400.25,400.82,987.0,67,0.0
2025-02-27 14:00:00,400.81,405.27,399.28,399.74,2224.0,22,0.0
2025-02-27 15:00:00,399.71,400.25,397.62,397.73,2753.0,22,0.0
2025-02-27 16:00:00,397.77,399.47,396.89,397.09,1872.0,22,0.0
2025-02-27 17:00:00,397.13,398.36,396.55,397.03,1482.0,22,0.0
2025-02-27 18:00:00,397.03,398.61,396.79,397.73,1438.0,22,0.0
2025-02-27 19:00:00,397.73,397.77,394.56,395.0,2077.0,22,0.0
2025-02-27 20:00:00,395.0,395.03,392.74,393.09,1891.0,22,0.0
2025-02-28 11:00:00,392.21,392.7,392.14,392.14,299.0,67,0.0
2025-02-28 12:00:00,392.05,392.59,391.7,392.56,640.0,67,0.0
2025-02-28 13:00:00,392.55,394.4,392.33,392.96,616.0,67,0.0
2025-02-28 14:00:00,392.97,394.16,386.3,390.29,2453.0,22,0.0
2025-02-28 15:00:00,390.26,392.56,389.36,392.11,2996.0,22,0.0
2025-02-28 16:00:00,392.1,392.22,389.23,391.4,2009.0,22,0.0
2025-02-28 17:00:00,391.39,392.32,390.15,390.18,1733.0,22,0.0
2025-02-28 18:00:00,390.17,391.89,389.27,389.58,2048.0,22,0.0
2025-02-28 19:00:00,389.57,392.37,389.57,392.29,1768.0,22,0.0
2025-02-28 20:00:00,392.25,393.15,391.51,392.91,1483.0,22,0.0
2025-03-03 11:00:00,397.02,397.79,396.96,397.52,479.0,67,0.0
2025-03-03 12:00:00,397.52,398.97,397.36,398.67,475.0,67,0.0
2025-03-03 13:00:00,398.67,398.73,397.99,398.47,478.0,67,0.0
2025-03-03 14:00:00,398.48,399.5,393.0,393.53,2301.0,22,0.0
2025-03-03 15:00:00,393.49,395.27,392.06,394.01,3027.0,22,0.0
2025-03-03 16:00:00,394.02,395.69,392.99,394.62,2361.0,9,0.0
2025-03-03 17:00:00,394.56,395.82,394.2,395.11,1902.0,9,0.0
2025-03-03 18:00:00,395.1,395.29,392.08,393.54,2742.0,9,0.0
2025-03-03 19:00:00,393.5,394.93,391.42,392.35,2387.0,22,0.0
2025-03-03 20:00:00,392.34,392.34,387.29,387.7,2931.0,22,0.0
2025-03-04 11:00:00,384.56,385.3,384.47,384.8,464.0,67,0.0
2025-03-04 12:00:00,384.8,384.9,381.67,382.9,886.0,67,0.0
2025-03-04 13:00:00,382.91,383.52,381.67,382.89,899.0,67,0.0
2025-03-04 14:00:00,382.88,387.38,380.75,383.92,3935.0,22,0.0
2025-03-04 15:00:00,383.88,385.58,381.48,384.82,5101.0,22,0.0
2025-03-04 16:00:00,384.79,385.93,383.45,384.78,2891.0,22,0.0
2025-03-04 17:00:00,384.78,385.92,384.15,384.64,2338.0,22,0.0
2025-03-04 18:00:00,384.64,387.63,384.19,387.29,2317.0,22,0.0
2025-03-04 19:00:00,387.29,391.07,387.22,390.25,2550.0,22,0.0
2025-03-04 20:00:00,390.22,392.44,389.12,390.14,2437.0,22,0.0
2025-03-05 11:00:00,390.17,390.38,388.94,389.47,509.0,67,0.0
2025-03-05 12:00:00,389.52,390.21,389.01,389.28,764.0,67,0.0
2025-03-05 13:00:00,389.45,389.83,388.54,388.7,1024.0,67,0.0
2025-03-05 14:00:00,388.69,391.91,388.22,389.17,2289.0,22,0.0
2025-03-05 15:00:00,389.24,393.2,389.24,392.39,3004.0,22,0.0
2025-03-05 16:00:00,392.36,392.56,390.06,392.07,2383.0,22,0.0
2025-03-05 17:00:00,392.06,396.81,391.96,396.81,2528.0,22,0.0
2025-03-05 18:00:00,396.8,397.04,394.21,396.61,2544.0,22,0.0
2025-03-05 19:00:00,396.59,399.87,396.19,399.73,2495.0,22,0.0
2025-03-05 20:00:00,399.72,401.54,399.37,400.47,2149.0,22,0.0
2025-03-06 11:00:00,395.19,395.65,394.12,395.27,956.0,67,0.0
2025-03-06 12:00:00,395.45,396.42,395.32,396.07,871.0,67,0.0
2025-03-06 13:00:00,396.1,396.24,394.11,394.71,937.0,67,0.0
2025-03-06 14:00:00,394.71,397.99,392.78,397.14,2406.0,22,0.0
2025-03-06 15:00:00,397.15,401.99,396.79,400.19,3043.0,22,0.0
2025-03-06 16:00:00,400.23,401.77,396.53,396.56,2727.0,22,0.0
2025-03-06 17:00:00,396.52,397.71,395.1,397.33,2562.0,22,0.0
2025-03-06 18:00:00,397.28,398.11,395.83,396.71,2431.0,22,0.0
2025-03-06 19:00:00,396.71,396.95,394.16,394.9,2952.0,22,0.0
2025-03-06 20:00:00,394.87,397.77,394.51,395.26,2178.0,22,0.0
2025-03-07 11:00:00,395.25,395.84,395.0,395.11,480.0,44,0.0
2025-03-07 12:00:00,395.06,395.91,394.7,394.99,613.0,67,0.0
2025-03-07 13:00:00,394.98,397.55,393.97,394.24,1332.0,67,0.0
2025-03-07 14:00:00,394.24,395.49,390.69,392.37,2819.0,22,0.0
2025-03-07 15:00:00,392.39,393.8,388.28,390.63,4531.0,22,0.0
2025-03-07 16:00:00,390.64,390.64,385.73,386.45,3635.0,22,0.0
2025-03-07 17:00:00,386.5,390.34,385.48,388.23,3022.0,9,0.0
2025-03-07 18:00:00,388.21,391.68,388.21,391.63,2733.0,22,0.0
2025-03-07 19:00:00,391.67,394.12,391.3,392.98,2537.0,22,0.0
2025-03-07 20:00:00,392.97,393.45,390.28,391.66,2084.0,22,0.0
2025-03-10 10:00:00,389.11,389.27,387.12,388.13,670.0,67,0.0
2025-03-10 11:00:00,388.22,389.28,388.01,388.03,606.0,67,0.0
2025-03-10 12:00:00,388.06,388.08,386.35,387.07,837.0,67,0.0
2025-03-10 13:00:00,387.08,387.18,383.26,385.15,2615.0,22,0.0
2025-03-10 14:00:00,385.05,386.25,379.4,379.65,4477.0,22,0.0
2025-03-10 15:00:00,379.69,382.06,378.82,380.74,3581.0,22,0.0
2025-03-10 16:00:00,380.68,382.53,380.09,380.82,2716.0,9,0.0
2025-03-10 17:00:00,380.82,381.2,378.81,379.34,3033.0,9,0.0
2025-03-10 18:00:00,379.32,380.16,378.21,378.63,3273.0,9,0.0
2025-03-10 19:00:00,378.64,380.2,377.16,378.58,3088.0,9,0.0
2025-03-11 10:00:00,379.97,380.82,379.42,380.3,706.0,67,0.0
2025-03-11 11:00:00,380.45,381.17,379.38,381.13,647.0,67,0.0
2025-03-11 12:00:00,381.15,381.15,379.37,379.64,572.0,67,0.0
2025-03-11 13:00:00,379.65,382.48,377.23,381.45,2615.0,22,0.0
2025-03-11 14:00:00,381.32,384.25,380.16,381.99,4998.0,22,0.0
2025-03-11 15:00:00,381.95,385.82,381.68,381.88,3582.0,22,0.0
2025-03-11 16:00:00,381.87,381.87,378.7,379.3,2882.0,22,0.0
2025-03-11 17:00:00,379.29,379.64,376.85,378.99,2820.0,22,0.0
2025-03-11 18:00:00,378.94,384.45,378.91,383.89,3281.0,22,0.0
2025-03-11 19:00:00,383.89,385.24,381.95,382.74,2785.0,22,0.0
2025-03-12 10:00:00,382.75,382.99,381.86,382.01,536.0,67,0.0
2025-03-12 11:00:00,382.02,382.84,381.86,382.39,468.0,67,0.0
2025-03-12 12:00:00,382.46,384.91,381.73,383.34,1092.0,67,0.0
2025-03-12 13:00:00,383.33,384.36,379.23,380.8,2635.0,22,0.0
2025-03-12 14:00:00,380.82,381.42,379.22,379.49,3121.0,22,0.0
2025-03-12 15:00:00,379.53,382.99,378.76,382.85,2498.0,22,0.0
2025-03-12 16:00:00,382.9,384.94,382.48,383.22,2425.0,22,0.0
2025-03-12 17:00:00,383.28,384.12,381.35,381.35,2052.0,22,0.0
2025-03-12 18:00:00,381.36,384.73,381.24,384.3,2055.0,22,0.0
2025-03-12 19:00:00,384.3,384.3,380.41,383.03,2605.0,22,0.0
2025-03-13 10:00:00,381.76,385.16,381.73,383.75,741.0,67,0.0
2025-03-13 11:00:00,383.7,384.34,380.84,381.28,901.0,67,0.0
2025-03-13 12:00:00,381.39,382.78,380.38,381.97,867.0,67,0.0
2025-03-13 13:00:00,382.06,384.76,379.89,380.3,2208.0,22,0.0
2025-03-13 14:00:00,380.29,383.84,379.9,381.84,2831.0,22,0.0
2025-03-13 15:00:00,381.86,382.59,378.66,379.15,2516.0,22,0.0
2025-03-13 16:00:00,379.16,380.46,377.97,379.41,2306.0,22,0.0
2025-03-13 17:00:00,379.42,379.68,377.6,377.76,2105.0,22,0.0
2025-03-13 18:00:00,377.73,380.15,377.68,379.81,2103.0,22,0.0
2025-03-13 19:00:00,379.76,380.25,377.44,377.98,1865.0,22,0.0
2025-03-14 10:00:00,381.03,381.3,379.93,381.02,886.0,67,0.0
2025-03-14 11:00:00,380.98,381.51,380.84,381.39,362.0,67,0.0
2025-03-14 12:00:00,381.39,382.7,381.3,382.02,363.0,67,0.0
2025-03-14 13:00:00,382.02,384.16,379.01,382.99,1757.0,22,0.0
2025-03-14 14:00:00,382.63,385.19,380.42,385.19,2416.0,22,0.0
2025-03-14 15:00:00,385.18,387.12,384.38,386.75,1929.0,22,0.0
2025-03-14 16:00:00,386.8,387.6,385.71,387.48,1561.0,22,0.0
2025-03-14 17:00:00,387.38,388.01,386.87,386.9,1533.0,22,0.0
2025-03-14 18:00:00,386.9,388.19,386.57,388.13,1418.0,22,0.0
2025-03-14 19:00:00,388.12,388.35,387.71,388.15,1203.0,22,0.0
2025-03-17 10:00:00,385.28,386.92,385.24,386.45,456.0,67,0.0
2025-03-17 11:00:00,386.5,386.89,385.33,385.57,508.0,67,0.0
2025-03-17 12:00:00,385.57,386.89,384.87,386.16,784.0,67,0.0
2025-03-17 13:00:00,386.2,389.65,385.5,388.53,1550.0,22,0.0
2025-03-17 14:00:00,388.46,390.01,387.13,387.75,2287.0,22,0.0
2025-03-17 15:00:00,387.8,387.97,385.35,386.37,1825.0,22,0.0
2025-03-17 16:00:00,386.37,387.7,385.88,387.41,1727.0,22,0.0
2025-03-17 17:00:00,387.39,390.02,386.7,389.62,1605.0,9,0.0
2025-03-17 18:00:00,389.58,392.5,389.58,392.03,1889.0,9,0.0
2025-03-17 19:00:00,392.01,392.01,390.58,391.23,2160.0,9,0.0
2025-03-18 10:00:00,386.37,387.06,385.86,386.87,547.0,67,0.0
2025-03-18 11:00:00,386.9,387.16,385.7,387.06,553.0,67,0.0
2025-03-18 12:00:00,387.02,387.28,386.34,386.38,545.0,67,0.0
2025-03-18 13:00:00,386.4,386.9,382.29,383.74,2158.0,22,0.0
2025-03-18 14:00:00,383.75,384.31,382.55,382.84,2535.0,22,0.0
2025-03-18 15:00:00,382.87,383.14,381.79,382.41,1647.0,22,0.0
2025-03-18 16:00:00,382.44,383.78,380.87,381.98,1597.0,22,0.0
2025-03-18 17:00:00,381.96,382.93,380.89,382.43,1626.0,22,0.0
2025-03-18 18:00:00,382.43,383.62,381.9,382.75,1683.0,22,0.0
2025-03-18 19:00:00,382.73,383.38,382.26,382.7,1425.0,22,0.0
2025-03-19 10:00:00,383.88,383.98,383.34,383.65,484.0,67,0.0
2025-03-19 11:00:00,383.65,384.34,383.65,384.27,386.0,67,0.0
2025-03-19 12:00:00,384.26,384.34,383.62,383.66,396.0,67,0.0
2025-03-19 13:00:00,383.66,387.2,383.27,386.7,1576.0,22,0.0
2025-03-19 14:00:00,386.76,387.59,385.18,385.28,1897.0,22,0.0
2025-03-19 15:00:00,385.24,387.37,385.15,387.13,1426.0,22,0.0
2025-03-19 16:00:00,387.15,387.67,385.8,386.38,1341.0,22,0.0
2025-03-19 17:00:00,386.38,386.64,384.39,385.02,1481.0,22,0.0
2025-03-19 18:00:00,384.93,388.1,384.61,387.99,2460.0,22,0.0
2025-03-19 19:00:00,387.95,389.39,386.93,388.57,1916.0,22,0.0
2025-03-20 10:00:00,387.69,387.69,383.69,385.18,1303.0,67,0.0
2025-03-20 11:00:00,385.29,386.45,384.73,385.9,650.0,67,0.0
2025-03-20 12:00:00,385.84,387.13,385.56,386.35,698.0,67,0.0
2025-03-20 13:00:00,386.36,386.57,382.84,386.47,1728.0,22,0.0
2025-03-20 14:00:00,386.43,391.49,386.35,389.23,2368.0,22,0.0
2025-03-20 15:00:00,389.23,389.35,387.3,387.38,1802.0,22,0.0
2025-03-20 16:00:00,387.34,388.52,386.15,386.27,1742.0,22,0.0
2025-03-20 17:00:00,386.26,387.11,385.31,385.72,1728.0,22,0.0
2025-03-20 18:00:00,385.73,386.43,384.35,385.55,1710.0,22,0.0
2025-03-20 19:00:00,385.54,386.82,385.39,386.18,1416.0,22,0.0
2025-03-21 10:00:00,385.34,386.34,384.14,384.83,473.0,67,0.0
2025-03-21 11:00:00,384.81,385.51,384.71,385.0,584.0,67,0.0
2025-03-21 12:00:00,385.14,385.49,383.14,383.41,533.0,67,0.0
2025-03-21 13:00:00,383.33,385.29,379.86,384.83,1811.0,22,0.0
2025-03-21 14:00:00,384.86,385.47,383.33,384.52,2164.0,22,0.0
2025-03-21 15:00:00,384.52,384.85,382.65,383.23,1877.0,22,0.0
2025-03-21 16:00:00,383.2,385.91,382.68,385.8,1918.0,22,0.0
2025-03-21 17:00:00,385.79,386.4,384.17,385.63,1422.0,22,0.0
2025-03-21 18:00:00,385.63,386.01,384.85,385.72,1552.0,22,0.0
2025-03-21 19:00:00,385.72,385.72,384.83,385.31,1276.0,22,0.0
2025-03-24 10:00:00,393.99,394.83,393.77,394.58,256.0,67,0.0
2025-03-24 11:00:00,394.34,395.85,393.97,395.48,440.0,67,0.0
2025-03-24 12:00:00,395.52,396.19,394.77,395.63,805.0,67,0.0
2025-03-24 13:00:00,395.54,395.97,391.19,391.46,2267.0,22,0.0
2025-03-24 14:00:00,391.5,392.27,389.6,391.62,2168.0,22,0.0
2025-03-24 15:00:00,391.63,393.1,391.55,392.67,1406.0,22,0.0
2025-03-24 16:00:00,392.66,393.08,391.88,392.04,1170.0,22,0.0
2025-03-24 17:00:00,392.04,392.39,391.55,391.86,1216.0,22,0.0
2025-03-24 18:00:00,391.86,392.5,391.34,392.4,1382.0,22,0.0
2025-03-24 19:00:00,392.41,392.82,392.04,392.12,886.0,10,0.0
2025-03-25 10:00:00,392.5,393.18,392.33,392.95,320.0,67,0.0
2025-03-25 11:00:00,392.88,393.88,392.83,393.69,425.0,67,0.0
2025-03-25 12:00:00,393.7,394.28,393.51,393.52,324.0,67,0.0
2025-03-25 13:00:00,393.54,395.0,392.13,394.27,1591.0,22,0.0
2025-03-25 14:00:00,394.23,395.45,393.43,395.22,1988.0,22,0.0
2025-03-25 15:00:00,395.23,396.01,393.75,394.02,1367.0,22,0.0
2025-03-25 16:00:00,394.02,394.53,393.58,394.08,1132.0,22,0.0
2025-03-25 17:00:00,394.08,394.56,394.01,394.45,984.0,22,0.0
2025-03-25 18:00:00,394.45,395.45,394.31,394.36,1108.0,9,0.0
2025-03-25 19:00:00,394.36,394.65,393.04,394.11,1090.0,9,0.0
2025-03-26 10:00:00,394.12,394.36,394.0,394.28,204.0,44,0.0
2025-03-26 11:00:00,394.28,394.7,394.1,394.25,239.0,44,0.0
2025-03-26 12:00:00,394.22,395.01,394.15,394.81,350.0,67,0.0
2025-03-26 13:00:00,394.81,395.13,391.91,392.04,1585.0,22,0.0
2025-03-26 14:00:00,392.05,394.16,391.88,394.16,2160.0,22,0.0
2025-03-26 15:00:00,394.12,394.24,391.93,392.29,1666.0,22,0.0
2025-03-26 16:00:00,392.29,392.77,391.31,391.52,1576.0,22,0.0
2025-03-26 17:00:00,391.49,392.22,389.51,389.67,1739.0,22,0.0
2025-03-26 18:00:00,389.7,390.25,388.47,388.67,1481.0,22,0.0
2025-03-26 19:00:00,388.67,389.54,388.23,389.32,1263.0,22,0.0
2025-03-27 10:00:00,390.62,390.96,389.19,389.67,344.0,67,0.0
2025-03-27 11:00:00,389.64,390.24,388.66,389.92,556.0,67,0.0
2025-03-27 12:00:00,389.92,390.28,389.38,389.68,786.0,67,0.0
2025-03-27 13:00:00,389.71,390.1,387.06,389.4,1920.0,22,0.0
2025-03-27 14:00:00,389.36,390.79,389.18,390.28,2088.0,22,0.0
2025-03-27 15:00:00,390.3,390.83,389.43,389.93,1403.0,22,0.0
2025-03-27 16:00:00,389.93,391.44,389.34,389.35,1524.0,22,0.0
2025-03-27 17:00:00,389.39,390.18,389.1,389.42,1593.0,22,0.0
2025-03-27 18:00:00,389.43,391.45,389.37,390.65,1441.0,22,0.0
2025-03-27 19:00:00,390.65,391.89,390.56,391.38,1202.0,22,0.0
2025-03-28 10:00:00,387.8,389.02,387.75,388.46,659.0,67,0.0
2025-03-28 11:00:00,388.55,388.87,388.01,388.13,437.0,67,0.0
2025-03-28 12:00:00,388.13,388.21,386.71,387.27,546.0,67,0.0
2025-03-28 13:00:00,387.26,389.06,385.58,387.33,1990.0,22,0.0
2025-03-28 14:00:00,387.26,387.92,381.78,382.34,2832.0,22,0.0
2025-03-28 15:00:00,382.34,382.7,381.15,381.27,2105.0,22,0.0
2025-03-28 16:00:00,381.27,381.72,379.05,379.11,1710.0,22,0.0
2025-03-28 17:00:00,379.1,379.1,377.09,378.27,1926.0,22,0.0
2025-03-28 18:00:00,378.24,379.29,377.76,377.89,1646.0,9,0.0
2025-03-28 19:00:00,377.9,377.97,376.62,377.41,1441.0,9,0.0
2025-03-31 10:00:00,371.98,372.88,371.64,372.59,557.0,67,0.0
2025-03-31 11:00:00,372.62,373.63,371.78,372.01,843.0,67,0.0
2025-03-31 12:00:00,371.72,373.44,371.69,373.37,488.0,67,0.0
2025-03-31 13:00:00,373.37,373.39,367.73,370.05,2678.0,22,0.0
2025-03-31 14:00:00,370.02,370.67,366.88,367.72,2907.0,22,0.0
2025-03-31 15:00:00,367.72,371.34,367.37,370.55,2083.0,22,0.0
2025-03-31 16:00:00,370.55,371.76,369.43,369.52,1471.0,22,0.0
2025-03-31 17:00:00,369.51,372.02,369.35,370.04,1478.0,22,0.0
2025-03-31 18:00:00,370.05,372.64,369.99,371.51,1674.0,22,0.0
2025-03-31 19:00:00,371.51,374.54,371.51,374.02,1514.0,22,0.0
2025-04-01 10:00:00,375.25,375.27,373.45,373.84,845.0,67,0.0
2025-04-01 11:00:00,373.93,374.04,372.68,373.15,667.0,67,0.0
2025-04-01 12:00:00,373.19,373.94,372.93,373.41,599.0,67,0.0
2025-04-01 13:00:00,373.4,378.28,372.72,377.68,2155.0,22,0.0
2025-04-01 14:00:00,377.73,380.11,375.31,379.97,2981.0,22,0.0
2025-04-01 15:00:00,379.92,381.47,379.66,380.75,2189.0,22,0.0
2025-04-01 16:00:00,380.75,381.92,379.25,380.66,1943.0,22,0.0
2025-04-01 17:00:00,380.66,380.97,379.4,379.52,1591.0,22,0.0
2025-04-01 18:00:00,379.53,380.05,377.89,380.05,1870.0,22,0.0
2025-04-01 19:00:00,380.02,381.63,379.65,381.53,1373.0,22,0.0
2025-04-02 10:00:00,379.67,380.08,378.67,379.42,709.0,67,0.0
2025-04-02 11:00:00,379.4,380.01,378.74,379.16,485.0,67,0.0
2025-04-02 12:00:00,379.02,379.02,376.63,377.75,757.0,67,0.0
2025-04-02 13:00:00,377.77,382.03,375.62,380.97,2097.0,22,0.0
2025-04-02 14:00:00,380.94,382.03,378.79,381.37,2252.0,9,0.0
2025-04-02 15:00:00,381.34,382.25,379.86,380.89,2118.0,22,0.0
2025-04-02 16:00:00,380.89,383.91,380.78,383.68,1758.0,22,0.0
2025-04-02 17:00:00,383.68,384.65,381.23,381.73,1770.0,22,0.0
2025-04-02 18:00:00,381.7,381.71,379.87,380.01,1988.0,22,0.0
2025-04-02 19:00:00,380.01,383.23,380.01,383.14,1619.0,22,0.0
2025-04-03 10:00:00,372.55,373.14,371.28,371.44,1349.0,67,0.0
2025-04-03 11:00:00,371.41,372.56,370.63,371.23,942.0,67,0.0
2025-04-03 12:00:00,371.15,372.78,368.77,368.85,1374.0,67,0.0
2025-04-03 13:00:00,368.85,375.27,368.77,372.55,3657.0,22,0.0
2025-04-03 14:00:00,372.51,374.77,370.85,371.24,3691.0,22,0.0
2025-04-03 15:00:00,371.23,375.32,370.81,374.55,3168.0,22,0.0
2025-04-03 16:00:00,374.51,376.97,374.51,375.97,2621.0,22,0.0
2025-04-03 17:00:00,375.97,377.05,375.13,376.03,2281.0,22,0.0
2025-04-03 18:00:00,376.06,376.37,374.63,375.19,2348.0,22,0.0
2025-04-03 19:00:00,375.15,375.54,373.4,375.21,2132.0,22,0.0
2025-04-04 10:00:00,368.94,369.15,354.65,355.08,2447.0,67,0.0
2025-04-04 11:00:00,355.38,359.21,354.42,358.63,2408.0,67,0.0
2025-04-04 12:00:00,358.44,367.19,356.48,364.93,2493.0,67,0.0
2025-04-04 13:00:00,365.03,372.36,362.19,372.03,5025.0,22,0.0
2025-04-04 14:00:00,372.18,374.06,365.18,367.57,6709.0,22,0.0
2025-04-04 15:00:00,367.54,372.36,365.98,366.7,5837.0,22,0.0
2025-04-04 16:00:00,366.7,368.86,362.63,364.12,3994.0,22,0.0
2025-04-04 17:00:00,364.08,365.86,362.44,365.16,3599.0,22,0.0
2025-04-04 18:00:00,365.2,366.15,359.74,360.5,3605.0,22,0.0
2025-04-04 19:00:00,360.5,365.51,359.79,364.73,3333.0,22,0.0
2025-04-07 10:00:00,345.68,356.37,344.48,352.08,2278.0,67,0.0
2025-04-07 11:00:00,351.97,355.58,350.35,351.95,1608.0,67,0.0
2025-04-07 12:00:00,352.12,357.13,350.53,355.38,2685.0,67,0.0
2025-04-07 13:00:00,355.11,355.38,344.19,352.88,6000.0,22,0.0
2025-04-07 14:00:00,352.83,370.18,349.34,360.0,8967.0,22,0.0
2025-04-07 15:00:00,360.05,361.58,349.63,355.45,7513.0,22,0.0
2025-04-07 16:00:00,355.42,357.05,351.73,352.08,4782.0,22,0.0
2025-04-07 17:00:00,352.13,360.28,352.13,359.89,5477.0,22,0.0
2025-04-07 18:00:00,359.96,361.12,356.51,356.76,5111.0,22,0.0
2025-04-07 19:00:00,356.79,358.79,354.64,355.06,3782.0,22,0.0
2025-04-08 10:00:00,356.78,359.39,355.84,358.53,1246.0,67,0.0
2025-04-08 11:00:00,358.59,362.37,358.28,362.11,1490.0,67,0.0
2025-04-08 12:00:00,362.08,364.12,361.53,363.95,1502.0,67,0.0
2025-04-08 13:00:00,363.9,371.93,363.34,371.28,4487.0,22,0.0
2025-04-08 14:00:00,371.24,373.12,368.52,369.0,4120.0,22,0.0
2025-04-08 15:00:00,368.99,369.63,365.26,366.45,3055.0,22,0.0
2025-04-08 16:00:00,366.42,366.42,359.67,360.34,3641.0,22,0.0
2025-04-08 17:00:00,360.38,362.18,357.71,360.64,4467.0,22,0.0
2025-04-08 18:00:00,360.6,361.23,357.01,358.42,3682.0,22,0.0
2025-04-08 19:00:00,358.36,358.62,350.5,350.54,3413.0,22,0.0
2025-04-09 10:00:00,353.74,355.88,351.16,353.03,2295.0,67,0.0
2025-04-09 11:00:00,352.85,353.32,347.55,349.58,3204.0,67,0.0
2025-04-09 12:00:00,349.66,353.46,347.5,351.86,2266.0,67,0.0
2025-04-09 13:00:00,351.74,361.28,350.68,360.34,4689.0,22,0.0
2025-04-09 14:00:00,360.37,362.59,356.97,357.24,5198.0,22,0.0
2025-04-09 15:00:00,357.24,362.39,357.07,360.55,3546.0,22,0.0
2025-04-09 16:00:00,360.55,366.02,359.83,365.45,2846.0,22,0.0
2025-04-09 17:00:00,365.45,386.32,362.22,383.56,8541.0,22,0.0
2025-04-09 18:00:00,383.54,385.52,380.93,382.34,7409.0,22,0.0
2025-04-09 19:00:00,382.37,389.02,381.63,387.9,4108.0,22,0.0
2025-04-10 10:00:00,383.99,385.95,383.62,383.91,1558.0,67,0.0
2025-04-10 11:00:00,384.01,385.52,383.72,384.83,1245.0,67,0.0
2025-04-10 12:00:00,384.91,385.99,381.49,383.34,2181.0,67,0.0
2025-04-10 13:00:00,383.37,384.7,378.85,380.0,4266.0,22,0.0
2025-04-10 14:00:00,379.87,380.73,377.24,378.92,4207.0,22,0.0
2025-04-10 15:00:00,379.02,380.7,373.54,373.83,3296.0,22,0.0
2025-04-10 16:00:00,373.79,374.67,367.35,373.96,5299.0,22,0.0
2025-04-10 17:00:00,373.97,377.11,368.67,375.78,5014.0,22,0.0
2025-04-10 18:00:00,375.78,380.27,373.28,378.85,4961.0,22,0.0
2025-04-10 19:00:00,378.81,383.01,377.18,377.52,4638.0,22,0.0
2025-04-11 10:00:00,383.98,384.65,383.06,383.6,2218.0,67,0.0
2025-04-11 11:00:00,383.4,383.97,380.49,382.14,2017.0,67,0.0
2025-04-11 12:00:00,382.2,385.91,381.87,382.29,2174.0,67,0.0
2025-04-11 13:00:00,382.4,385.4,378.86,384.35,3518.0,22,0.0
2025-04-11 14:00:00,384.06,384.27,378.52,382.11,4276.0,22,0.0
2025-04-11 15:00:00,382.06,385.81,380.32,385.6,3079.0,22,0.0
2025-04-11 16:00:00,385.64,387.58,385.18,386.62,2585.0,22,0.0
2025-04-11 17:00:00,386.62,389.5,384.46,388.28,3085.0,22,0.0
2025-04-11 18:00:00,388.29,389.26,386.79,387.6,2464.0,22,0.0
2025-04-11 19:00:00,387.6,388.83,387.38,388.39,1897.0,22,0.0
2025-04-14 10:00:00,390.68,391.51,390.36,391.23,618.0,67,0.0
2025-04-14 11:00:00,391.3,391.96,389.36,389.58,954.0,67,0.0
2025-04-14 12:00:00,389.89,391.78,389.58,391.18,725.0,67,0.0
2025-04-14 13:00:00,391.09,393.78,390.03,390.32,2557.0,22,0.0
2025-04-14 14:00:00,390.37,394.08,390.37,392.32,1525.0,22,0.0
2025-04-14 15:00:00,392.39,392.68,385.91,385.93,2377.0,22,0.0
2025-04-14 16:00:00,385.93,386.68,383.84,383.9,2553.0,22,0.0
2025-04-14 17:00:00,383.92,387.54,383.7,387.34,2199.0,22,0.0
2025-04-14 18:00:00,387.35,388.29,387.32,387.68,1397.0,22,0.0
2025-04-14 19:00:00,387.68,389.72,387.68,388.75,1263.0,22,0.0
2025-04-15 10:00:00,387.98,388.85,387.47,388.18,1016.0,67,0.0
2025-04-15 11:00:00,388.2,388.37,386.06,386.79,833.0,45,0.0
2025-04-15 12:00:00,386.88,387.9,385.24,387.8,1165.0,67,0.0
2025-04-15 13:00:00,387.86,391.27,387.31,389.17,1736.0,22,0.0
2025-04-15 14:00:00,389.17,389.42,385.37,388.17,2822.0,22,0.0
2025-04-15 15:00:00,388.16,388.96,385.83,386.94,1612.0,22,0.0
2025-04-15 16:00:00,386.94,388.01,384.84,385.15,1314.0,22,0.0
2025-04-15 17:00:00,385.19,385.98,383.98,384.61,1423.0,22,0.0
2025-04-15 18:00:00,384.6,385.81,384.01,385.27,1308.0,22,0.0
2025-04-15 19:00:00,385.26,385.35,384.24,384.38,986.0,22,0.0
2025-04-16 10:00:00,382.58,382.97,380.85,381.65,1477.0,67,0.0
2025-04-16 11:00:00,381.68,382.62,380.54,382.34,936.0,67,0.0
2025-04-16 12:00:00,382.34,382.67,380.22,380.82,1445.0,67,0.0
2025-04-16 13:00:00,380.48,381.69,375.54,375.69,3006.0,22,0.0
2025-04-16 14:00:00,375.63,378.69,375.35,377.87,2077.0,22,0.0
2025-04-16 15:00:00,377.89,379.45,376.06,376.17,1691.0,22,0.0
2025-04-16 16:00:00,376.17,377.18,375.89,376.7,1402.0,22,0.0
2025-04-16 17:00:00,376.69,377.06,371.57,371.7,2409.0,22,0.0
2025-04-16 18:00:00,371.71,373.26,369.91,370.0,2430.0,22,0.0
2025-04-16 19:00:00,370.03,370.11,367.69,368.83,1774.0,22,0.0
2025-04-17 10:00:00,373.7,373.95,372.26,372.51,1259.0,67,0.0
2025-04-17 11:00:00,372.52,373.17,371.32,372.2,848.0,67,0.0
2025-04-17 12:00:00,372.31,374.2,371.63,372.38,1226.0,67,0.0
2025-04-17 13:00:00,372.29,373.48,369.75,371.78,2556.0,22,0.0
2025-04-17 14:00:00,371.86,371.92,368.07,369.23,2491.0,22,0.0
2025-04-17 15:00:00,369.21,371.87,368.55,370.3,1846.0,22,0.0
2025-04-17 16:00:00,370.38,371.91,369.29,370.91,2165.0,22,0.0
2025-04-17 17:00:00,370.91,371.3,369.8,370.51,1270.0,22,0.0
2025-04-17 18:00:00,370.51,371.23,368.83,368.89,1658.0,22,0.0
2025-04-17 19:00:00,368.88,369.06,367.22,368.2,1422.0,22,0.0
2025-04-21 10:00:00,363.24,365.45,363.02,364.63,252.0,67,0.0
2025-04-21 11:00:00,364.21,365.75,362.59,363.05,330.0,67,0.0
2025-04-21 12:00:00,363.08,363.87,362.81,363.37,210.0,67,0.0
2025-04-21 13:00:00,363.54,363.55,360.46,360.46,1459.0,22,0.0
2025-04-21 14:00:00,360.38,360.9,358.98,359.45,1968.0,22,0.0
2025-04-21 15:00:00,359.45,360.66,357.17,357.63,1612.0,22,0.0
2025-04-21 16:00:00,357.6,359.04,357.37,358.16,1204.0,22,0.0
2025-04-21 17:00:00,358.16,358.65,356.68,356.72,1330.0,22,0.0
2025-04-21 18:00:00,356.73,357.22,355.08,355.3,1335.0,22,0.0
2025-04-21 19:00:00,355.29,357.93,355.29,357.63,1391.0,22,0.0
2025-04-22 10:00:00,361.28,361.74,360.81,361.41,1152.0,67,0.0
2025-04-22 11:00:00,361.42,361.63,359.81,360.09,761.0,67,0.0
2025-04-22 12:00:00,359.95,361.96,359.82,361.65,694.0,67,0.0
2025-04-22 13:00:00,361.64,362.88,359.11,360.5,1612.0,22,0.0
2025-04-22 14:00:00,360.56,364.41,360.41,364.02,1725.0,22,0.0
2025-04-22 15:00:00,364.02,365.46,363.09,365.21,1424.0,22,0.0
2025-04-22 16:00:00,365.25,367.08,365.24,366.11,1831.0,22,0.0
2025-04-22 17:00:00,366.11,366.91,362.14,362.68,2409.0,22,0.0
2025-04-22 18:00:00,362.68,366.23,362.52,365.83,1546.0,22,0.0
2025-04-22 19:00:00,365.81,365.98,363.6,365.17,1292.0,22,0.0
2025-04-23 10:00:00,375.11,375.91,374.9,375.81,411.0,67,0.0
2025-04-23 11:00:00,375.81,376.43,374.57,374.89,730.0,67,0.0
2025-04-23 12:00:00,374.73,376.05,373.67,375.79,757.0,67,0.0
2025-04-23 13:00:00,375.8,379.27,373.58,378.31,2975.0,22,0.0
2025-04-23 14:00:00,378.35,379.66,376.21,378.63,2689.0,22,0.0
2025-04-23 15:00:00,378.65,379.41,373.75,375.44,2747.0,22,0.0
2025-04-23 16:00:00,375.44,376.59,373.01,376.18,1892.0,22,0.0
2025-04-23 17:00:00,376.18,377.04,374.53,376.48,1756.0,22,0.0
2025-04-23 18:00:00,376.49,377.3,375.0,375.4,1655.0,22,0.0
2025-04-23 19:00:00,375.4,375.69,372.41,372.96,1659.0,22,0.0
2025-04-24 10:00:00,372.9,376.23,372.56,375.31,1197.0,67,0.0
2025-04-24 11:00:00,375.26,375.31,372.72,373.61,1120.0,67,0.0
2025-04-24 12:00:00,373.61,375.13,372.88,374.41,1338.0,67,0.0
2025-04-24 13:00:00,374.46,380.79,373.85,380.79,1744.0,22,0.0
2025-04-24 14:00:00,380.67,383.75,380.36,382.54,2034.0,22,0.0
2025-04-24 15:00:00,382.53,383.85,381.95,382.64,1516.0,22,0.0
2025-04-24 16:00:00,382.66,384.5,382.12,384.05,1631.0,22,0.0
2025-04-24 17:00:00,384.08,385.2,383.11,385.06,1339.0,22,0.0
2025-04-24 18:00:00,385.06,386.91,384.69,386.37,1351.0,22,0.0
2025-04-24 19:00:00,386.37,386.54,385.13,386.5,1230.0,22,0.0
2025-04-25 10:00:00,387.42,387.55,384.0,384.31,1280.0,67,0.0
2025-04-25 11:00:00,384.42,385.9,384.23,384.8,595.0,67,0.0
2025-04-25 12:00:00,384.87,385.83,383.9,385.08,1004.0,67,0.0
2025-04-25 13:00:00,385.1,388.28,383.98,386.15,2017.0,22,0.0
2025-04-25 14:00:00,386.19,388.12,384.75,386.76,2154.0,22,0.0
2025-04-25 15:00:00,386.76,387.22,385.61,386.99,1596.0,22,0.0
2025-04-25 16:00:00,386.99,388.01,386.94,387.83,1233.0,22,0.0
2025-04-25 17:00:00,387.83,390.2,387.68,389.19,1885.0,22,0.0
2025-04-25 18:00:00,389.19,389.95,389.05,389.49,1277.0,22,0.0
2025-04-25 19:00:00,389.49,390.36,389.29,389.83,1098.0,22,0.0
2025-04-28 10:00:00,390.93,391.3,390.18,390.21,607.0,67,0.0
2025-04-28 11:00:00,390.35,390.64,390.04,390.31,517.0,67,0.0
2025-04-28 12:00:00,390.31,391.4,389.55,391.08,798.0,67,0.0
2025-04-28 13:00:00,391.02,392.5,386.81,389.1,1968.0,22,0.0
2025-04-28 14:00:00,389.19,390.17,388.29,389.7,2140.0,22,0.0
2025-04-28 15:00:00,389.72,389.93,386.83,387.2,1679.0,22,0.0
2025-04-28 16:00:00,387.19,387.54,386.01,386.79,1492.0,22,0.0
2025-04-28 17:00:00,386.78,388.67,385.95,388.61,1350.0,22,0.0
2025-04-28 18:00:00,388.61,390.35,388.47,390.11,1237.0,22,0.0
2025-04-28 19:00:00,390.14,391.25,390.01,390.51,1192.0,22,0.0
2025-04-29 10:00:00,391.77,391.86,389.52,390.67,582.0,67,0.0
2025-04-29 11:00:00,390.67,391.18,390.29,390.71,448.0,67,0.0
2025-04-29 12:00:00,390.73,390.98,389.37,389.61,1122.0,67,0.0
2025-04-29 13:00:00,389.61,393.28,388.35,392.68,1975.0,22,0.0
2025-04-29 14:00:00,392.75,394.06,391.99,393.71,2128.0,22,0.0
2025-04-29 15:00:00,393.68,393.9,391.39,391.83,1799.0,22,0.0
2025-04-29 16:00:00,391.83,393.32,390.92,391.31,1628.0,22,0.0
2025-04-29 17:00:00,391.31,393.21,390.65,392.75,1419.0,22,0.0
2025-04-29 18:00:00,392.75,393.55,392.34,392.77,1355.0,22,0.0
2025-04-29 19:00:00,392.78,393.61,392.71,393.23,1233.0,22,0.0
2025-04-30 10:00:00,393.39,393.59,392.78,393.46,485.0,44,0.0
2025-04-30 11:00:00,393.26,394.3,392.64,392.82,764.0,67,0.0
2025-04-30 12:00:00,392.82,393.11,388.15,389.22,1725.0,67,0.0
2025-04-30 13:00:00,389.21,390.9,384.23,384.29,2608.0,22,0.0
2025-04-30 14:00:00,384.34,388.4,383.73,387.81,2754.0,22,0.0
2025-04-30 15:00:00,387.78,390.25,387.74,389.62,1871.0,22,0.0
2025-04-30 16:00:00,389.61,390.02,388.0,389.34,1816.0,22,0.0
2025-04-30 17:00:00,389.34,390.86,387.26,389.74,1780.0,22,0.0
2025-04-30 18:00:00,389.71,391.97,388.68,389.19,2327.0,22,0.0
2025-04-30 19:00:00,389.18,390.58,389.12,390.46,1539.0,22,0.0
2025-05-01 10:00:00,428.19,431.12,428.09,430.24,868.0,67,0.0
2025-05-01 11:00:00,429.93,431.46,428.81,430.37,795.0,67,0.0
2025-05-01 12:00:00,430.27,431.13,427.36,430.1,1337.0,67,0.0
2025-05-01 13:00:00,430.1,435.92,426.28,429.85,5469.0,22,0.0
2025-05-01 14:00:00,430.4,431.86,427.83,431.32,5172.0,22,0.0
2025-05-01 15:00:00,431.33,432.81,427.44,428.36,3034.0,22,0.0
2025-05-01 16:00:00,428.37,429.98,426.97,427.04,2637.0,22,0.0
2025-05-01 17:00:00,427.04,429.22,426.91,428.91,2012.0,22,0.0
2025-05-01 18:00:00,428.91,431.14,428.62,429.96,1949.0,22,0.0
2025-05-01 19:00:00,429.96,430.22,428.21,428.33,1673.0,22,0.0
2025-05-02 10:00:00,425.39,426.49,425.23,425.33,390.0,67,0.0
2025-05-02 11:00:00,425.4,426.49,423.61,424.25,454.0,67,0.0
2025-05-02 12:00:00,424.42,429.05,423.07,429.04,801.0,67,0.0
2025-05-02 13:00:00,429.05,436.64,427.85,436.05,3174.0,22,0.0
2025-05-02 14:00:00,436.08,438.66,433.74,434.37,3729.0,22,0.0
2025-05-02 15:00:00,434.35,435.44,433.22,435.29,2199.0,22,0.0
2025-05-02 16:00:00,435.29,437.39,434.82,436.93,2244.0,22,0.0
2025-05-02 17:00:00,436.94,437.25,434.91,435.81,1745.0,22,0.0
2025-05-02 18:00:00,435.82,436.53,434.04,434.81,1543.0,22,0.0
2025-05-02 19:00:00,434.82,435.2,434.08,435.08,1339.0,22,0.0
2025-05-05 10:00:00,430.4,430.88,430.17,430.75,304.0,67,0.0
2025-05-05 11:00:00,430.65,431.84,430.44,430.99,440.0,67,0.0
2025-05-05 12:00:00,430.97,432.18,428.97,429.96,593.0,67,0.0
2025-05-05 13:00:00,429.96,435.72,429.46,435.47,2178.0,22,0.0
2025-05-05 14:00:00,435.67,436.6,433.7,436.6,2537.0,22,0.0
2025-05-05 15:00:00,436.6,437.23,435.33,436.66,1670.0,22,0.0
2025-05-05 16:00:00,436.66,438.67,436.4,438.21,1342.0,22,0.0
2025-05-05 17:00:00,438.21,438.56,437.12,437.14,1231.0,22,0.0
2025-05-05 18:00:00,437.14,437.88,436.91,437.34,1044.0,22,0.0
2025-05-05 19:00:00,437.34,437.37,435.89,436.23,1004.0,22,0.0
2025-05-06 10:00:00,432.01,432.49,431.4,432.47,848.0,67,0.0
2025-05-06 11:00:00,432.46,433.4,431.04,431.33,662.0,67,0.0
2025-05-06 12:00:00,431.34,432.77,431.29,432.63,712.0,67,0.0
2025-05-06 13:00:00,432.62,434.29,429.85,432.72,1738.0,22,0.0
2025-05-06 14:00:00,432.71,435.34,431.97,434.84,2018.0,22,0.0
2025-05-06 15:00:00,434.84,435.9,434.56,435.06,1567.0,22,0.0
2025-05-06 16:00:00,435.06,436.85,434.29,434.9,1788.0,22,0.0
2025-05-06 17:00:00,434.9,435.92,433.54,433.78,1393.0,22,0.0
2025-05-06 18:00:00,433.74,435.15,433.63,434.85,1381.0,22,0.0
2025-05-06 19:00:00,434.82,434.93,433.75,434.62,1085.0,22,0.0
2025-05-07 10:00:00,433.27,433.82,432.95,433.35,522.0,67,0.0
2025-05-07 11:00:00,433.55,434.63,433.37,433.95,611.0,67,0.0
2025-05-07 12:00:00,433.95,434.11,432.15,432.5,555.0,67,0.0
2025-05-07 13:00:00,432.5,434.16,431.24,433.71,2033.0,22,0.0
2025-05-07 14:00:00,433.75,434.82,430.28,431.15,2279.0,22,0.0
2025-05-07 15:00:00,431.19,433.65,430.44,432.89,2471.0,22,0.0
2025-05-07 16:00:00,432.88,435.21,432.49,435.04,1406.0,22,0.0
2025-05-07 17:00:00,435.04,435.33,433.14,433.89,1494.0,22,0.0
2025-05-07 18:00:00,433.89,435.35,431.34,435.25,3067.0,22,0.0
2025-05-07 19:00:00,435.22,437.25,432.84,435.53,2660.0,22,0.0
2025-05-08 10:00:00,435.6,436.7,435.33,436.7,508.0,67,0.0
2025-05-08 11:00:00,436.48,437.08,436.08,436.23,548.0,67,0.0
2025-05-08 12:00:00,436.25,436.27,434.65,435.08,839.0,67,0.0
2025-05-08 13:00:00,435.14,440.01,435.03,437.15,1937.0,22,0.0
2025-05-08 14:00:00,437.17,437.84,434.83,436.13,2433.0,22,0.0
2025-05-08 15:00:00,436.12,442.62,435.35,440.95,2877.0,22,0.0
2025-05-08 16:00:00,440.95,442.58,440.91,442.23,1744.0,22,0.0
2025-05-08 17:00:00,442.23,442.82,440.97,441.21,1440.0,22,0.0
2025-05-08 18:00:00,441.21,442.51,441.1,441.28,1374.0,22,0.0
2025-05-08 19:00:00,441.26,441.86,439.06,439.38,1643.0,22,0.0
2025-05-09 10:00:00,437.88,438.62,437.86,438.18,340.0,67,0.0
2025-05-09 11:00:00,438.3,439.61,436.73,437.42,928.0,67,0.0
2025-05-09 12:00:00,437.43,438.74,437.33,438.48,505.0,67,0.0
2025-05-09 13:00:00,438.5,439.65,436.96,438.25,1305.0,22,0.0
2025-05-09 14:00:00,438.24,438.36,435.41,436.56,2209.0,22,0.0
2025-05-09 15:00:00,436.57,437.09,435.62,436.87,1642.0,22,0.0
2025-05-09 16:00:00,436.86,436.87,435.05,435.96,1382.0,22,0.0
2025-05-09 17:00:00,435.96,437.11,435.3,437.08,1402.0,22,0.0
2025-05-09 18:00:00,437.04,438.24,436.56,437.92,1164.0,22,0.0
2025-05-09 19:00:00,437.96,438.81,437.74,438.27,1105.0,22,0.0
2025-05-12 10:00:00,446.01,447.2,445.82,447.11,491.0,67,0.0
2025-05-12 11:00:00,446.98,448.11,446.04,446.83,986.0,67,0.0
2025-05-12 12:00:00,446.83,447.33,445.42,445.98,480.0,67,0.0
2025-05-12 13:00:00,446.13,446.35,439.31,440.08,2512.0,22,0.0
2025-05-12 14:00:00,440.13,443.66,438.93,442.97,2939.0,22,0.0
2025-05-12 15:00:00,442.97,443.4,441.58,442.46,1858.0,22,0.0
2025-05-12 16:00:00,442.46,444.91,441.8,444.75,1555.0,22,0.0
2025-05-12 17:00:00,444.75,446.42,444.6,446.06,1477.0,22,0.0
2025-05-12 18:00:00,446.09,447.48,445.48,446.3,1464.0,22,0.0
2025-05-12 19:00:00,446.32,446.81,445.71,445.95,1305.0,22,0.0
2025-05-13 10:00:00,445.96,446.42,445.61,445.94,575.0,67,0.0
2025-05-13 11:00:00,445.94,446.81,445.71,446.57,425.0,67,0.0
2025-05-13 12:00:00,446.67,448.68,446.43,447.23,868.0,67,0.0
2025-05-13 13:00:00,447.23,448.88,444.32,448.69,1932.0,22,0.0
2025-05-13 14:00:00,448.7,449.69,445.94,447.29,2942.0,22,0.0
2025-05-13 15:00:00,447.3,447.79,445.75,446.75,1836.0,22,0.0
2025-05-13 16:00:00,446.79,448.06,446.35,447.78,1453.0,22,0.0
2025-05-13 17:00:00,447.78,448.38,447.29,447.29,1355.0,22,0.0
2025-05-13 18:00:00,447.28,447.87,446.44,447.7,1342.0,22,0.0
2025-05-13 19:00:00,447.71,449.2,447.34,448.6,1103.0,22,0.0
2025-05-14 10:00:00,444.56,445.77,444.3,445.63,253.0,67,0.0
2025-05-14 11:00:00,445.69,446.68,445.69,446.01,481.0,67,0.0
2025-05-14 12:00:00,446.0,446.57,445.8,446.08,595.0,67,0.0
2025-05-14 13:00:00,446.05,452.35,445.35,452.35,2074.0,22,0.0
2025-05-14 14:00:00,452.33,452.92,450.38,451.88,2732.0,22,0.0
2025-05-14 15:00:00,451.95,452.58,450.74,451.87,1741.0,22,0.0
2025-05-14 16:00:00,451.87,451.96,450.28,450.48,1356.0,22,0.0
2025-05-14 17:00:00,450.45,450.46,449.1,450.39,1320.0,22,0.0
2025-05-14 18:00:00,450.38,451.63,450.2,450.92,1333.0,22,0.0
2025-05-14 19:00:00,450.93,450.95,450.01,450.85,1140.0,22,0.0
2025-05-15 10:00:00,449.94,451.1,449.76,450.6,497.0,67,0.0
2025-05-15 11:00:00,450.47,451.09,449.74,450.5,799.0,67,0.0
2025-05-15 12:00:00,450.47,451.53,450.24,451.15,766.0,67,0.0
2025-05-15 13:00:00,451.07,453.27,450.18,453.0,1754.0,22,0.0
2025-05-15 14:00:00,452.98,454.12,452.2,453.01,2195.0,22,0.0
2025-05-15 15:00:00,453.0,455.38,452.91,455.23,1778.0,22,0.0
2025-05-15 16:00:00,455.23,455.83,454.72,455.47,1464.0,22,0.0
2025-05-15 17:00:00,455.48,456.05,453.88,454.17,1352.0,22,0.0
2025-05-15 18:00:00,454.18,454.21,452.64,452.97,1544.0,22,0.0
2025-05-15 19:00:00,452.97,453.28,450.99,451.89,1431.0,22,0.0
2025-05-16 10:00:00,452.66,452.87,452.37,452.73,374.0,67,0.0
2025-05-16 11:00:00,452.6,452.96,452.34,452.61,340.0,67,0.0
2025-05-16 12:00:00,452.64,453.33,451.18,451.32,406.0,67,0.0
2025-05-16 13:00:00,451.33,452.99,449.28,449.93,1998.0,22,0.0
2025-05-16 14:00:00,449.97,451.34,448.86,449.82,2075.0,22,0.0
2025-05-16 15:00:00,449.83,450.06,448.64,449.68,1559.0,22,0.0
2025-05-16 16:00:00,449.68,450.76,449.63,450.07,1343.0,22,0.0
2025-05-16 17:00:00,450.06,452.09,449.7,451.92,1199.0,22,0.0
2025-05-16 18:00:00,451.94,453.12,451.75,452.45,1205.0,22,0.0
2025-05-16 19:00:00,452.49,453.31,451.71,451.8,979.0,22,0.0
2025-05-19 10:00:00,449.31,449.6,448.78,449.33,537.0,67,0.0
2025-05-19 11:00:00,449.26,450.53,449.26,450.44,548.0,67,0.0
2025-05-19 12:00:00,450.33,451.24,449.71,450.42,599.0,67,0.0
2025-05-19 13:00:00,450.4,458.46,449.25,456.05,2138.0,22,0.0
2025-05-19 14:00:00,456.02,457.51,455.35,456.35,2241.0,22,0.0
2025-05-19 15:00:00,456.36,457.64,456.29,457.17,1505.0,22,0.0
2025-05-19 16:00:00,457.17,458.35,456.63,458.18,1268.0,22,0.0
2025-05-19 17:00:00,458.18,459.43,458.11,458.34,1285.0,22,0.0
2025-05-19 18:00:00,458.34,458.66,457.72,458.43,1165.0,22,0.0
2025-05-19 19:00:00,458.46,458.59,457.08,457.24,1097.0,22,0.0
2025-05-20 10:00:00,456.62,457.35,456.34,457.3,387.0,67,0.0
2025-05-20 11:00:00,457.33,458.52,457.21,457.93,378.0,67,0.0
2025-05-20 12:00:00,457.92,458.29,456.59,457.06,596.0,67,0.0
2025-05-20 13:00:00,457.06,458.0,454.26,454.91,1774.0,22,0.0
2025-05-20 14:00:00,454.91,456.21,454.27,455.48,1833.0,22,0.0
2025-05-20 15:00:00,455.44,456.58,455.14,455.91,1334.0,22,0.0
2025-05-20 16:00:00,455.91,457.15,455.66,456.68,1208.0,22,0.0
2025-05-20 17:00:00,456.69,457.44,456.28,456.66,1186.0,22,0.0
2025-05-20 18:00:00,456.63,456.64,454.95,455.55,1376.0,22,0.0
2025-05-20 19:00:00,455.55,457.32,454.96,456.78,1237.0,22,0.0
2025-05-21 10:00:00,453.51,454.5,452.71,454.34,650.0,67,0.0
2025-05-21 11:00:00,454.32,456.32,454.12,455.46,740.0,67,0.0
2025-05-21 12:00:00,455.46,455.87,454.36,454.84,972.0,67,0.0
2025-05-21 13:00:00,454.85,456.26,453.15,455.96,1509.0,22,0.0
2025-05-21 14:00:00,456.01,457.32,455.12,456.16,2246.0,22,0.0
2025-05-21 15:00:00,456.2,457.48,455.86,457.27,1637.0,22,0.0
2025-05-21 16:00:00,457.28,457.66,456.04,456.12,1249.0,22,0.0
2025-05-21 17:00:00,456.14,456.39,451.73,454.29,3289.0,22,0.0
2025-05-21 18:00:00,454.25,454.57,452.59,453.11,2254.0,22,0.0
2025-05-21 19:00:00,453.14,453.92,451.85,453.79,1897.0,22,0.0
2025-05-22 10:00:00,452.11,452.95,451.96,452.54,909.0,67,0.0
2025-05-22 11:00:00,452.52,453.25,450.67,450.69,664.0,67,0.0
2025-05-22 12:00:00,450.6,453.12,449.76,452.78,856.0,67,0.0
2025-05-22 13:00:00,452.81,459.38,452.48,459.24,2793.0,22,0.0
2025-05-22 14:00:00,459.16,460.11,456.19,457.15,3181.0,22,0.0
2025-05-22 15:00:00,457.11,457.44,454.76,455.99,2557.0,22,0.0
2025-05-22 16:00:00,456.04,456.73,454.43,454.43,1994.0,22,0.0
2025-05-22 17:00:00,454.44,456.38,453.8,455.9,1960.0,22,0.0
2025-05-22 18:00:00,455.89,456.61,455.63,456.47,1727.0,22,0.0
2025-05-22 19:00:00,456.46,457.01,455.6,455.62,1324.0,22,0.0
2025-05-23 10:00:00,453.25,453.45,452.8,453.32,516.0,67,0.0
2025-05-23 11:00:00,453.26,454.13,448.86,449.28,1901.0,67,0.0
2025-05-23 12:00:00,449.28,451.12,448.11,449.42,1566.0,67,0.0
2025-05-23 13:00:00,449.37,451.5,448.53,449.69,2470.0,22,0.0
2025-05-23 14:00:00,449.76,452.17,449.45,450.22,2824.0,22,0.0
2025-05-23 15:00:00,450.25,451.71,449.89,450.26,2278.0,22,0.0
2025-05-23 16:00:00,450.25,451.91,449.98,451.28,1936.0,22,0.0
2025-05-23 17:00:00,451.28,453.52,450.89,453.03,1862.0,22,0.0
2025-05-23 18:00:00,453.03,453.34,451.73,451.95,1672.0,22,0.0
2025-05-23 19:00:00,451.96,452.51,451.08,451.8,1444.0,22,0.0
2025-05-27 10:00:00,454.7,454.88,453.71,454.16,510.0,67,0.0
2025-05-27 11:00:00,454.12,456.16,453.54,455.8,465.0,67,0.0
2025-05-27 12:00:00,455.8,455.81,454.86,455.23,320.0,67,0.0
2025-05-27 13:00:00,455.26,459.82,454.43,457.25,1935.0,22,0.0
2025-05-27 14:00:00,457.25,458.95,456.9,457.01,2329.0,22,0.0
2025-05-27 15:00:00,457.04,458.38,456.94,458.22,1658.0,22,0.0
2025-05-27 16:00:00,458.24,459.26,458.09,458.66,1436.0,22,0.0
2025-05-27 17:00:00,458.66,459.26,458.32,459.22,1237.0,22,0.0
2025-05-27 18:00:00,459.23,459.77,458.97,459.38,1419.0,22,0.0
2025-05-27 19:00:00,459.34,459.81,459.1,459.45,1212.0,22,0.0
2025-05-28 10:00:00,458.86,460.14,458.86,460.0,319.0,67,0.0
2025-05-28 11:00:00,459.75,460.32,459.59,459.97,657.0,67,0.0
2025-05-28 12:00:00,459.98,461.41,459.9,461.27,446.0,67,0.0
2025-05-28 13:00:00,461.24,462.38,460.08,460.49,1736.0,22,0.0
2025-05-28 14:00:00,460.5,460.77,459.08,459.23,1968.0,22,0.0
2025-05-28 15:00:00,459.23,459.78,458.19,458.45,1503.0,22,0.0
2025-05-28 16:00:00,458.45,458.92,457.75,458.0,1222.0,22,0.0
2025-05-28 17:00:00,457.95,458.12,457.04,457.3,1171.0,22,0.0
2025-05-28 18:00:00,457.3,458.61,456.84,458.15,1231.0,22,0.0
2025-05-28 19:00:00,458.12,458.74,457.32,457.97,1511.0,22,0.0
2025-05-29 10:00:00,460.49,460.5,459.63,460.25,432.0,67,0.0
2025-05-29 11:00:00,460.27,461.17,459.72,460.15,484.0,67,0.0
2025-05-29 12:00:00,460.22,460.93,459.83,460.62,568.0,67,0.0
2025-05-29 13:00:00,460.52,461.46,458.37,458.63,1650.0,22,0.0
2025-05-29 14:00:00,458.57,459.7,456.68,459.61,2301.0,22,0.0
2025-05-29 15:00:00,459.61,459.84,455.63,455.86,1999.0,22,0.0
2025-05-29 16:00:00,455.86,459.35,455.25,458.98,1972.0,22,0.0
2025-05-29 17:00:00,458.94,459.28,457.91,458.02,1631.0,22,0.0
2025-05-29 18:00:00,458.05,458.48,457.18,457.77,1614.0,22,0.0
2025-05-29 19:00:00,457.79,458.54,457.43,458.23,1589.0,22,0.0
2025-05-30 10:00:00,458.22,458.46,457.81,457.82,302.0,44,0.0
2025-05-30 11:00:00,457.95,458.91,457.83,458.18,399.0,67,0.0
2025-05-30 12:00:00,458.29,459.15,456.02,458.48,1162.0,67,0.0
2025-05-30 13:00:00,458.51,459.86,457.49,458.2,1675.0,22,0.0
2025-05-30 14:00:00,458.47,460.11,458.33,458.46,2080.0,22,0.0
2025-05-30 15:00:00,458.47,459.54,458.26,459.11,1599.0,22,0.0
2025-05-30 16:00:00,459.18,459.66,455.44,456.66,2439.0,22,0.0
2025-05-30 17:00:00,456.63,457.74,456.33,457.09,1900.0,22,0.0
2025-05-30 18:00:00,457.1,459.24,457.07,459.11,1786.0,22,0.0
2025-05-30 19:00:00,459.09,460.84,459.01,460.46,1865.0,22,0.0
2025-06-02 10:00:00,456.89,458.11,456.89,457.93,338.0,67,0.0
2025-06-02 11:00:00,458.04,459.04,457.83,458.58,317.0,67,0.0
2025-06-02 12:00:00,458.54,459.31,458.01,458.53,598.0,67,0.0
2025-06-02 13:00:00,458.55,461.01,456.29,460.78,2003.0,22,0.0
2025-06-02 14:00:00,460.6,460.95,458.28,460.82,2572.0,22,0.0
2025-06-02 15:00:00,460.83,461.36,459.9,461.24,1728.0,22,0.0
2025-06-02 16:00:00,461.24,461.41,460.48,461.29,1271.0,22,0.0
2025-06-02 17:00:00,461.29,461.93,460.13,460.46,1247.0,22,0.0
2025-06-02 18:00:00,460.43,461.56,460.14,461.39,1266.0,22,0.0
2025-06-02 19:00:00,461.39,461.79,461.18,461.47,1107.0,22,0.0
2025-06-03 10:00:00,460.08,460.38,459.67,460.24,289.0,67,0.0
2025-06-03 11:00:00,460.23,461.48,460.09,461.38,325.0,67,0.0
2025-06-03 12:00:00,461.38,461.89,461.11,461.51,309.0,67,0.0
2025-06-03 13:00:00,461.5,463.68,460.69,462.36,1709.0,22,0.0
2025-06-03 14:00:00,462.32,463.1,460.78,461.78,2073.0,22,0.0
2025-06-03 15:00:00,461.81,462.72,461.81,462.52,1389.0,22,0.0
2025-06-03 16:00:00,462.54,462.96,461.93,462.61,970.0,22,0.0
2025-06-03 17:00:00,462.61,463.27,462.18,462.42,1006.0,22,0.0
2025-06-03 18:00:00,462.42,463.45,461.68,463.26,1366.0,22,0.0
2025-06-03 19:00:00,463.29,463.5,462.84,462.94,1224.0,22,0.0
2025-06-04 10:00:00,461.97,463.07,461.94,462.84,125.0,67,0.0
2025-06-04 11:00:00,462.92,462.92,462.25,462.81,185.0,67,0.0
2025-06-04 12:00:00,462.86,463.12,461.58,462.57,267.0,67,0.0
2025-06-04 13:00:00,462.57,465.49,462.4,465.41,1523.0,22,0.0
2025-06-04 14:00:00,465.19,465.4,463.65,464.68,2243.0,22,0.0
2025-06-04 15:00:00,464.73,465.02,464.32,464.65,1342.0,22,0.0
2025-06-04 16:00:00,464.65,464.76,463.54,464.08,1183.0,22,0.0
2025-06-04 17:00:00,464.08,464.79,464.03,464.66,996.0,22,0.0
2025-06-04 18:00:00,464.66,464.97,464.07,464.32,948.0,22,0.0
2025-06-04 19:00:00,464.33,464.41,463.75,464.09,1035.0,22,0.0
2025-06-05 10:00:00,464.01,464.25,463.09,463.83,625.0,44,0.0
2025-06-05 11:00:00,463.84,464.06,463.17,463.94,408.0,67,0.0
2025-06-05 12:00:00,463.97,466.46,462.85,464.64,761.0,67,0.0
2025-06-05 13:00:00,464.62,466.9,463.94,464.69,1665.0,22,0.0
2025-06-05 14:00:00,464.72,467.3,464.34,466.51,2391.0,22,0.0
2025-06-05 15:00:00,466.5,468.18,466.39,467.85,1513.0,22,0.0
2025-06-05 16:00:00,467.85,468.58,466.32,466.52,1825.0,22,0.0
2025-06-05 17:00:00,466.48,467.85,466.14,467.59,1465.0,22,0.0
2025-06-05 18:00:00,467.6,469.41,466.39,469.24,1992.0,22,0.0
2025-06-05 19:00:00,469.25,469.52,467.02,468.29,2561.0,22,0.0
2025-06-06 10:00:00,469.24,469.4,468.69,468.84,230.0,67,0.0
2025-06-06 11:00:00,468.82,469.16,468.62,468.91,322.0,67,0.0
2025-06-06 12:00:00,468.89,470.53,468.82,470.29,735.0,67,0.0
2025-06-06 13:00:00,470.25,472.59,468.59,472.03,2377.0,22,0.0
2025-06-06 14:00:00,472.06,473.21,471.0,471.01,2153.0,22,0.0
2025-06-06 15:00:00,471.0,471.78,469.48,470.66,1765.0,22,0.0
2025-06-06 16:00:00,470.64,470.89,468.7,469.38,1366.0,22,0.0
2025-06-06 17:00:00,469.39,471.13,469.24,470.83,1156.0,22,0.0
2025-06-06 18:00:00,470.82,471.69,470.78,471.0,1154.0,22,0.0
2025-06-06 19:00:00,470.96,471.28,470.18,470.5,1080.0,22,0.0
2025-06-09 10:00:00,469.43,469.69,468.81,468.99,455.0,67,0.0
2025-06-09 11:00:00,469.03,469.54,468.98,469.13,410.0,67,0.0
2025-06-09 12:00:00,469.15,469.32,468.35,468.62,503.0,67,0.0
2025-06-09 13:00:00,468.55,470.87,468.51,469.35,1452.0,22,0.0
2025-06-09 14:00:00,469.38,471.02,469.38,469.93,1986.0,22,0.0
2025-06-09 15:00:00,469.98,471.07,469.66,470.5,1552.0,22,0.0
2025-06-09 16:00:00,470.54,472.34,469.92,471.79,1372.0,22,0.0
2025-06-09 17:00:00,471.8,472.79,471.59,472.47,1108.0,22,0.0
2025-06-09 18:00:00,472.44,473.31,472.28,473.24,1000.0,22,0.0
2025-06-09 19:00:00,473.24,473.31,472.64,472.71,1004.0,22,0.0
2025-06-10 10:00:00,471.33,471.81,471.09,471.26,381.0,67,0.0
2025-06-10 11:00:00,471.22,471.9,470.91,471.62,289.0,67,0.0
2025-06-10 12:00:00,471.62,472.06,471.28,471.61,351.0,67,0.0
2025-06-10 13:00:00,471.63,472.42,468.29,469.98,1912.0,22,0.0
2025-06-10 14:00:00,469.99,470.79,468.86,468.95,2020.0,22,0.0
2025-06-10 15:00:00,468.94,469.22,466.89,468.46,1827.0,22,0.0
2025-06-10 16:00:00,468.42,469.77,468.38,469.66,1104.0,22,0.0
2025-06-10 17:00:00,469.66,470.04,468.65,468.69,1052.0,22,0.0
2025-06-10 18:00:00,468.66,470.22,467.84,469.77,1289.0,22,0.0
2025-06-10 19:00:00,469.79,470.79,469.6,470.0,1405.0,22,0.0
2025-06-11 10:00:00,468.22,470.6,468.22,469.58,449.0,67,0.0
2025-06-11 11:00:00,469.62,469.66,467.49,469.21,527.0,67,0.0
2025-06-11 12:00:00,469.12,473.21,468.64,469.88,1153.0,67,0.0
2025-06-11 13:00:00,469.89,473.25,469.17,472.87,1972.0,22,0.0
2025-06-11 14:00:00,472.84,475.22,472.33,474.75,2065.0,22,0.0
2025-06-11 15:00:00,474.72,475.09,473.47,473.69,1470.0,22,0.0
2025-06-11 16:00:00,473.66,474.47,473.02,474.3,1387.0,22,0.0
2025-06-11 17:00:00,474.31,474.96,472.69,472.92,1218.0,22,0.0
2025-06-11 18:00:00,472.87,473.04,470.72,471.8,2190.0,22,0.0
2025-06-11 19:00:00,471.81,472.48,471.36,472.1,1608.0,22,0.0
2025-06-12 10:00:00,472.79,474.71,471.85,473.99,871.0,67,0.0
2025-06-12 11:00:00,473.98,474.57,473.18,473.47,564.0,67,0.0
2025-06-12 12:00:00,473.49,475.77,473.34,475.54,625.0,67,0.0
2025-06-12 13:00:00,475.54,475.99,473.19,474.82,1722.0,22,0.0
2025-06-12 14:00:00,474.82,476.75,474.56,476.41,2139.0,22,0.0
2025-06-12 15:00:00,476.41,477.85,476.15,477.51,1906.0,22,0.0
2025-06-12 16:00:00,477.5,479.06,477.23,478.43,1891.0,22,0.0
2025-06-12 17:00:00,478.42,479.74,478.29,479.16,1544.0,22,0.0
2025-06-12 18:00:00,479.18,479.89,478.77,479.61,1462.0,22,0.0
2025-06-12 19:00:00,479.58,480.17,478.72,478.73,1057.0,22,0.0
2025-06-13 10:00:00,472.83,473.7,472.5,473.7,922.0,67,0.0
2025-06-13 11:00:00,473.75,475.19,473.48,474.62,691.0,67,0.0
2025-06-13 12:00:00,474.75,475.2,473.6,474.14,874.0,67,0.0
2025-06-13 13:00:00,474.14,478.54,473.32,478.18,1926.0,22,0.0
2025-06-13 14:00:00,478.54,478.78,474.77,476.17,2468.0,22,0.0
2025-06-13 15:00:00,476.16,477.21,475.45,477.07,1556.0,22,0.0
2025-06-13 16:00:00,477.06,477.84,475.68,476.48,1308.0,22,0.0
2025-06-13 17:00:00,476.46,476.49,475.0,475.44,1428.0,22,0.0
2025-06-13 18:00:00,475.43,475.79,472.61,474.1,2352.0,22,0.0
2025-06-13 19:00:00,474.11,474.57,473.55,473.92,1704.0,22,0.0
2025-06-16 10:00:00,475.39,475.58,475.0,475.58,221.0,67,0.0
2025-06-16 11:00:00,475.58,476.18,475.18,475.93,162.0,67,0.0
2025-06-16 12:00:00,475.94,476.8,475.69,476.15,410.0,67,0.0
2025-06-16 13:00:00,476.16,479.47,474.44,479.19,1879.0,22,0.0
2025-06-16 14:00:00,479.21,480.41,479.13,479.31,2062.0,22,0.0
2025-06-16 15:00:00,479.31,480.36,478.94,480.02,1424.0,22,0.0
2025-06-16 16:00:00,480.01,480.3,479.31,479.49,970.0,22,0.0
2025-06-16 17:00:00,479.49,480.03,478.54,478.67,966.0,22,0.0
2025-06-16 18:00:00,478.67,478.85,477.54,478.11,1102.0,22,0.0
2025-06-16 19:00:00,478.11,478.58,477.61,478.31,1093.0,22,0.0
2025-06-17 10:00:00,473.99,474.24,472.91,473.54,390.0,67,0.0
2025-06-17 11:00:00,473.32,474.3,473.15,474.29,387.0,67,0.0
2025-06-17 12:00:00,474.4,475.41,474.32,474.57,383.0,67,0.0
2025-06-17 13:00:00,474.57,476.24,473.84,475.06,1534.0,22,0.0
2025-06-17 14:00:00,475.11,476.1,474.29,475.58,1724.0,22,0.0
2025-06-17 15:00:00,475.58,477.7,475.55,477.15,1320.0,22,0.0
2025-06-17 16:00:00,477.14,478.45,476.78,476.99,1391.0,22,0.0
2025-06-17 17:00:00,476.98,477.51,475.72,475.99,1672.0,22,0.0
2025-06-17 18:00:00,475.98,477.08,475.24,477.06,1694.0,22,0.0
2025-06-17 19:00:00,477.08,477.6,476.42,477.59,1162.0,22,0.0
2025-06-18 10:00:00,478.03,478.11,476.77,476.93,359.0,67,0.0
2025-06-18 11:00:00,476.93,477.42,476.3,477.32,603.0,67,0.0
2025-06-18 12:00:00,477.34,477.53,476.81,477.19,448.0,67,0.0
2025-06-18 13:00:00,477.19,478.61,474.83,477.04,1422.0,22,0.0
2025-06-18 14:00:00,477.01,479.19,476.42,479.17,1997.0,22,0.0
2025-06-18 15:00:00,479.18,479.34,478.48,478.83,1395.0,22,0.0
2025-06-18 16:00:00,478.83,479.52,478.51,478.87,1099.0,22,0.0
2025-06-18 17:00:00,478.87,479.48,477.73,479.29,1237.0,22,0.0
2025-06-18 18:00:00,479.39,480.33,477.62,478.2,3034.0,22,0.0
2025-06-18 19:00:00,478.25,479.82,477.6,479.82,2178.0,22,0.0
2025-06-20 10:00:00,478.59,478.79,477.99,478.41,216.0,67,0.0
2025-06-20 11:00:00,478.28,480.02,478.27,479.15,352.0,67,0.0
2025-06-20 12:00:00,479.22,480.8,479.14,480.49,476.0,67,0.0
2025-06-20 13:00:00,480.6,483.16,480.09,480.42,1944.0,22,0.0
2025-06-20 14:00:00,480.38,481.1,478.89,479.65,2591.0,22,0.0
2025-06-20 15:00:00,479.61,480.82,478.64,479.76,1798.0,22,0.0
2025-06-20 16:00:00,479.76,480.36,479.13,479.94,1303.0,22,0.0
2025-06-20 17:00:00,479.93,480.92,477.87,478.27,1643.0,22,0.0
2025-06-20 18:00:00,478.24,478.88,477.12,477.27,1304.0,22,0.0
2025-06-20 19:00:00,477.27,477.78,476.69,477.0,1343.0,22,0.0
2025-06-23 10:00:00,476.78,477.61,476.14,476.44,879.0,67,0.0
2025-06-23 11:00:00,476.36,476.46,475.39,476.37,669.0,67,0.0
2025-06-23 12:00:00,476.29,476.78,475.68,476.75,597.0,67,0.0
2025-06-23 13:00:00,476.74,477.63,472.02,475.11,1834.0,22,0.0
2025-06-23 14:00:00,475.15,476.8,474.97,476.58,2137.0,22,0.0
2025-06-23 15:00:00,476.6,480.96,476.59,479.76,2064.0,22,0.0
2025-06-23 16:00:00,479.76,481.45,478.49,480.72,3020.0,22,0.0
2025-06-23 17:00:00,480.72,487.25,480.31,486.5,3410.0,22,0.0
2025-06-23 18:00:00,486.51,487.38,485.5,485.8,1845.0,22,0.0
2025-06-23 19:00:00,485.77,486.23,484.88,485.55,1337.0,22,0.0
2025-06-24 10:00:00,489.24,489.35,487.75,488.23,533.0,67,0.0
2025-06-24 11:00:00,488.22,488.31,486.69,488.0,709.0,67,0.0
2025-06-24 12:00:00,487.98,488.66,486.94,487.36,766.0,67,0.0
2025-06-24 13:00:00,487.29,489.06,486.53,487.29,1781.0,22,0.0
2025-06-24 14:00:00,487.25,489.19,487.01,488.72,2137.0,22,0.0
2025-06-24 15:00:00,488.69,491.14,488.68,490.87,2157.0,22,0.0
2025-06-24 16:00:00,490.88,491.09,489.8,489.97,1311.0,22,0.0
2025-06-24 17:00:00,489.94,491.52,489.64,491.29,1173.0,22,0.0
2025-06-24 18:00:00,491.32,491.35,490.14,490.3,1016.0,22,0.0
2025-06-24 19:00:00,490.29,490.86,489.53,489.64,1094.0,22,0.0
2025-06-25 10:00:00,488.87,493.19,488.62,490.99,840.0,67,0.0
2025-06-25 11:00:00,490.8,491.21,490.58,491.13,218.0,67,0.0
2025-06-25 12:00:00,491.07,491.87,491.07,491.42,265.0,67,0.0
2025-06-25 13:00:00,491.42,493.62,490.53,493.14,1669.0,22,0.0
2025-06-25 14:00:00,493.17,494.2,492.47,492.6,2213.0,22,0.0
2025-06-25 15:00:00,492.6,492.75,491.23,491.38,1505.0,22,0.0
2025-06-25 16:00:00,491.38,491.55,489.87,490.39,1107.0,22,0.0
2025-06-25 17:00:00,490.41,490.68,489.11,490.18,1285.0,22,0.0
2025-06-25 18:00:00,490.17,490.88,489.76,490.37,1039.0,22,0.0
2025-06-25 19:00:00,490.38,491.32,490.35,491.06,1100.0,22,0.0
2025-06-26 10:00:00,493.31,493.56,493.2,493.35,125.0,67,0.0
2025-06-26 11:00:00,493.25,493.85,493.25,493.72,193.0,67,0.0
2025-06-26 12:00:00,493.71,493.91,492.77,493.41,386.0,67,0.0
2025-06-26 13:00:00,493.48,495.67,492.21,495.65,1761.0,22,0.0
2025-06-26 14:00:00,495.66,496.63,493.16,493.17,2310.0,22,0.0
2025-06-26 15:00:00,493.17,494.07,492.54,493.85,1462.0,22,0.0
2025-06-26 16:00:00,493.83,495.27,493.47,495.25,1107.0,22,0.0
2025-06-26 17:00:00,495.25,496.32,494.98,496.1,1115.0,22,0.0
2025-06-26 18:00:00,496.11,497.71,496.08,496.96,1285.0,22,0.0
2025-06-26 19:00:00,496.98,497.61,496.38,496.53,1212.0,22,0.0
2025-06-27 10:00:00,496.51,496.66,496.37,496.52,202.0,67,0.0
2025-06-27 11:00:00,496.52,497.35,496.52,497.27,201.0,67,0.0
2025-06-27 12:00:00,497.26,497.31,496.34,496.73,434.0,67,0.0
2025-06-27 13:00:00,496.72,498.34,493.55,496.74,2190.0,22,0.0
2025-06-27 14:00:00,496.78,497.74,496.29,496.53,2110.0,22,0.0
2025-06-27 15:00:00,496.53,498.95,496.02,498.75,1606.0,22,0.0
2025-06-27 16:00:00,498.75,498.9,497.42,497.66,1429.0,22,0.0
2025-06-27 17:00:00,497.65,497.8,496.32,496.87,1638.0,22,0.0
2025-06-27 18:00:00,496.87,496.87,494.15,494.56,1946.0,22,0.0
2025-06-27 19:00:00,494.56,495.29,494.5,494.72,1356.0,22,0.0
2025-06-30 10:00:00,497.79,498.34,497.76,498.28,148.0,67,0.0
2025-06-30 11:00:00,498.22,498.54,497.71,498.12,267.0,67,0.0
2025-06-30 12:00:00,497.97,498.06,496.74,496.84,332.0,67,0.0
2025-06-30 13:00:00,496.89,497.61,495.12,496.56,1751.0,22,0.0
2025-06-30 14:00:00,496.53,496.64,494.99,496.24,1967.0,22,0.0
2025-06-30 15:00:00,496.27,498.93,496.12,498.21,1752.0,22,0.0
2025-06-30 16:00:00,498.21,498.79,497.4,497.68,1299.0,22,0.0
2025-06-30 17:00:00,497.68,497.75,496.62,497.21,968.0,22,0.0
2025-06-30 18:00:00,497.18,498.46,496.94,498.4,1291.0,22,0.0
2025-06-30 19:00:00,498.4,499.0,497.77,498.12,1263.0,22,0.0
2025-07-01 10:00:00,497.32,497.79,497.12,497.33,316.0,67,0.0
2025-07-01 11:00:00,497.37,497.47,496.81,497.02,201.0,67,0.0
2025-07-01 12:00:00,497.04,497.33,496.47,497.0,598.0,67,0.0
2025-07-01 13:00:00,497.05,497.68,494.65,497.09,1466.0,22,0.0
2025-07-01 14:00:00,496.95,497.6,494.9,495.02,2488.0,22,0.0
2025-07-01 15:00:00,494.99,495.19,491.45,491.47,2747.0,22,0.0
2025-07-01 16:00:00,491.47,493.66,490.62,493.11,1771.0,22,0.0
2025-07-01 17:00:00,493.11,493.47,491.85,492.87,1339.0,22,0.0
2025-07-01 18:00:00,492.87,492.93,491.93,491.99,1152.0,22,0.0
2025-07-01 19:00:00,492.0,492.14,490.84,491.89,1490.0,22,0.0
2025-07-02 10:00:00,490.21,490.63,489.54,489.8,362.0,67,0.0
2025-07-02 11:00:00,490.21,490.32,488.46,489.16,364.0,67,0.0
2025-07-02 12:00:00,488.93,489.09,487.79,488.64,738.0,67,0.0
2025-07-02 13:00:00,488.6,493.06,488.08,490.6,1969.0,22,0.0
2025-07-02 14:00:00,490.6,492.24,489.94,491.42,1959.0,22,0.0
2025-07-02 15:00:00,491.44,492.35,490.85,491.28,1419.0,22,0.0
2025-07-02 16:00:00,491.29,492.29,490.86,490.92,1072.0,22,0.0
2025-07-02 17:00:00,490.91,490.93,489.45,490.04,1129.0,22,0.0
2025-07-02 18:00:00,490.03,490.15,489.41,489.8,952.0,22,0.0
2025-07-02 19:00:00,489.78,490.29,489.33,490.25,997.0,22,0.0
2025-07-03 10:00:00,490.41,490.44,489.72,490.34,504.0,44,0.0
2025-07-03 11:00:00,490.28,490.81,490.11,490.24,134.0,67,0.0
2025-07-03 12:00:00,490.3,491.69,490.2,491.46,466.0,67,0.0
2025-07-03 13:00:00,491.48,495.99,491.48,495.69,1644.0,22,0.0
2025-07-03 14:00:00,495.68,498.64,495.68,498.2,2369.0,22,0.0
2025-07-03 15:00:00,498.19,499.73,497.96,499.27,1855.0,22,0.0
2025-07-03 16:00:00,499.28,499.44,498.0,498.4,1740.0,22,0.0
2025-07-07 10:00:00,498.71,499.26,498.68,499.03,239.0,67,0.0
2025-07-07 11:00:00,498.98,499.0,498.5,498.94,323.0,67,0.0
2025-07-07 12:00:00,499.0,499.06,497.95,498.13,225.0,67,0.0
2025-07-07 13:00:00,498.12,498.16,495.53,497.39,1486.0,22,0.0
2025-07-07 14:00:00,497.4,497.68,495.59,496.95,1832.0,22,0.0
2025-07-07 15:00:00,496.95,498.12,496.91,497.68,1230.0,22,0.0
2025-07-07 16:00:00,497.68,498.27,496.08,496.59,1904.0,22,0.0
2025-07-07 17:00:00,496.59,497.16,495.38,496.06,1436.0,22,0.0
2025-07-07 18:00:00,496.05,496.68,494.8,496.66,1430.0,22,0.0
2025-07-07 19:00:00,496.62,496.77,496.0,496.62,1085.0,22,0.0
2025-07-08 10:00:00,496.78,497.43,496.04,497.13,186.0,67,0.0
2025-07-08 11:00:00,497.1,497.58,496.72,497.18,215.0,67,0.0
2025-07-08 12:00:00,497.2,497.66,496.99,497.51,248.0,67,0.0
2025-07-08 13:00:00,497.4,497.67,495.71,496.03,1368.0,22,0.0
2025-07-08 14:00:00,496.08,496.69,494.14,494.71,2018.0,22,0.0
2025-07-08 15:00:00,494.74,495.53,493.72,494.84,1586.0,22,0.0
2025-07-08 16:00:00,494.85,495.79,494.24,495.16,1247.0,22,0.0
2025-07-08 17:00:00,495.19,496.18,494.78,496.13,1029.0,22,0.0
2025-07-08 18:00:00,496.1,496.18,495.22,495.69,973.0,22,0.0
2025-07-08 19:00:00,495.69,495.69,495.2,495.41,1023.0,22,0.0
2025-07-09 10:00:00,496.78,503.17,496.49,500.85,704.0,67,0.0
2025-07-09 11:00:00,501.05,501.05,499.72,499.97,338.0,67,0.0
2025-07-09 12:00:00,499.93,500.37,498.84,499.07,374.0,67,0.0
2025-07-09 13:00:00,499.07,505.3,498.19,505.04,2302.0,22,0.0
2025-07-09 14:00:00,505.0,506.29,501.11,501.6,3278.0,22,0.0
2025-07-09 15:00:00,501.55,501.77,499.57,499.57,2236.0,22,0.0
2025-07-09 16:00:00,499.54,500.8,499.32,500.05,1553.0,22,0.0
2025-07-09 17:00:00,500.06,501.5,499.58,501.21,1537.0,22,0.0
2025-07-09 18:00:00,501.2,502.65,501.16,502.18,1218.0,22,0.0
2025-07-09 19:00:00,502.2,502.48,501.71,501.98,1016.0,22,0.0
2025-07-10 10:00:00,502.22,502.32,501.95,502.06,192.0,67,0.0
2025-07-10 11:00:00,501.96,502.32,501.83,502.23,191.0,67,0.0
2025-07-10 12:00:00,502.17,502.22,500.99,501.72,747.0,67,0.0
2025-07-10 13:00:00,501.64,503.71,500.17,500.98,1879.0,22,0.0
2025-07-10 14:00:00,500.95,500.95,497.36,499.07,2774.0,22,0.0
2025-07-10 15:00:00,499.1,500.19,498.6,499.9,1759.0,22,0.0
2025-07-10 16:00:00,499.86,500.16,498.66,499.73,1228.0,22,0.0
2025-07-10 17:00:00,499.73,501.34,499.6,500.85,1158.0,22,0.0
2025-07-10 18:00:00,500.85,501.56,500.7,501.53,1022.0,22,0.0
2025-07-10 19:00:00,501.53,501.74,500.6,501.38,950.0,22,0.0
2025-07-11 10:00:00,499.03,499.06,498.42,498.44,283.0,67,0.0
2025-07-11 11:00:00,498.55,499.23,498.15,499.13,299.0,67,0.0
2025-07-11 12:00:00,499.11,499.2,498.59,499.04,483.0,67,0.0
2025-07-11 13:00:00,499.03,500.68,497.17,500.56,1645.0,22,0.0
2025-07-11 14:00:00,500.56,501.87,500.36,501.57,1942.0,22,0.0
2025-07-11 15:00:00,501.57,503.55,501.23,503.42,1636.0,22,0.0
2025-07-11 16:00:00,503.42,504.55,503.27,504.17,1389.0,22,0.0
2025-07-11 17:00:00,504.17,504.46,502.84,503.68,1144.0,22,0.0
2025-07-11 18:00:00,503.64,504.14,502.47,502.61,1145.0,22,0.0
2025-07-11 19:00:00,502.58,503.39,502.12,503.33,1210.0,22,0.0
2025-07-14 10:00:00,500.44,500.9,499.95,500.76,335.0,67,0.0
2025-07-14 11:00:00,500.77,501.02,500.37,500.78,316.0,67,0.0
2025-07-14 12:00:00,500.77,500.98,500.37,500.69,311.0,67,0.0
2025-07-14 13:00:00,500.71,502.38,500.16,502.04,1634.0,22,0.0
2025-07-14 14:00:00,502.05,502.39,500.66,502.39,2080.0,22,0.0
2025-07-14 15:00:00,502.43,503.44,501.86,502.43,1470.0,22,0.0
2025-07-14 16:00:00,502.43,502.89,501.82,501.82,1076.0,22,0.0
2025-07-14 17:00:00,501.83,502.55,501.66,502.2,982.0,22,0.0
2025-07-14 18:00:00,502.2,502.82,501.68,502.56,915.0,22,0.0
2025-07-14 19:00:00,502.56,502.93,502.23,502.59,942.0,22,0.0
2025-07-15 10:00:00,500.89,501.66,500.89,501.51,328.0,67,0.0
2025-07-15 11:00:00,501.55,502.0,501.01,501.38,440.0,67,0.0
2025-07-15 12:00:00,501.48,502.1,500.91,501.87,421.0,67,0.0
2025-07-15 13:00:00,501.87,505.1,501.46,504.77,1731.0,22,0.0
2025-07-15 14:00:00,504.78,505.8,503.87,504.31,2276.0,22,0.0
2025-07-15 15:00:00,504.36,506.88,504.18,506.56,1591.0,22,0.0
2025-07-15 16:00:00,506.56,507.2,505.7,505.93,1261.0,22,0.0
2025-07-15 17:00:00,505.93,507.66,505.91,507.61,1147.0,22,0.0
2025-07-15 18:00:00,507.63,507.77,506.37,506.43,1126.0,22,0.0
2025-07-15 19:00:00,506.4,506.55,505.75,506.43,1209.0,22,0.0
2025-07-16 10:00:00,504.46,504.92,504.2,504.6,348.0,67,0.0
2025-07-16 11:00:00,504.61,504.68,503.68,504.13,354.0,67,0.0
2025-07-16 12:00:00,504.22,505.17,504.09,505.05,311.0,67,0.0
2025-07-16 13:00:00,505.13,505.57,501.84,502.33,1624.0,22,0.0
2025-07-16 14:00:00,502.29,504.47,501.95,503.74,2382.0,22,0.0
2025-07-16 15:00:00,503.8,504.83,501.37,503.95,3321.0,22,0.0
2025-07-16 16:00:00,503.88,504.52,502.74,504.5,1541.0,22,0.0
2025-07-16 17:00:00,504.53,505.3,504.45,504.79,1036.0,22,0.0
2025-07-16 18:00:00,504.79,505.64,504.44,505.64,964.0,22,0.0
2025-07-16 19:00:00,505.64,505.95,505.0,505.72,989.0,22,0.0
2025-07-17 10:00:00,504.72,504.92,504.11,504.24,350.0,67,0.0
2025-07-17 11:00:00,504.2,504.74,503.79,504.55,139.0,67,0.0
2025-07-17 12:00:00,504.55,506.02,504.33,505.93,366.0,67,0.0
2025-07-17 13:00:00,505.94,509.74,504.24,509.24,1735.0,22,0.0
2025-07-17 14:00:00,509.26,510.95,508.49,510.74,2198.0,22,0.0
2025-07-17 15:00:00,510.73,512.46,510.67,512.44,1668.0,22,0.0
2025-07-17 16:00:00,512.41,512.84,512.1,512.27,1252.0,22,0.0
2025-07-17 17:00:00,512.27,512.48,511.8,512.26,1105.0,22,0.0
2025-07-17 18:00:00,512.26,512.39,511.04,511.05,995.0,22,0.0
2025-07-17 19:00:00,511.08,511.82,510.96,511.55,991.0,22,0.0
2025-07-18 10:00:00,512.41,512.41,511.86,512.23,199.0,67,0.0
2025-07-18 11:00:00,512.23,512.65,511.91,512.01,312.0,67,0.0
2025-07-18 12:00:00,512.05,512.07,511.67,511.91,328.0,67,0.0
2025-07-18 13:00:00,511.91,516.34,510.23,510.91,2187.0,22,0.0
2025-07-18 14:00:00,511.07,511.64,509.8,509.91,2184.0,22,0.0
2025-07-18 15:00:00,509.93,510.24,508.99,509.13,1257.0,22,0.0
2025-07-18 16:00:00,509.13,509.33,507.83,509.29,1235.0,22,0.0
2025-07-18 17:00:00,509.3,510.64,508.99,510.2,1027.0,22,0.0
2025-07-18 18:00:00,510.22,511.25,510.2,511.09,932.0,22,0.0
2025-07-18 19:00:00,511.1,511.42,508.75,508.77,1096.0,22,0.0
2025-07-21 10:00:00,508.84,509.13,508.34,508.57,103.0,67,0.0
2025-07-21 11:00:00,508.6,508.87,508.22,508.25,252.0,67,0.0
2025-07-21 12:00:00,508.21,508.29,505.76,505.99,694.0,67,0.0
2025-07-21 13:00:00,505.98,511.44,504.84,510.92,1729.0,22,0.0
2025-07-21 14:00:00,510.96,511.49,510.01,510.05,1603.0,22,0.0
2025-07-21 15:00:00,510.06,510.24,509.42,510.21,1211.0,22,0.0
2025-07-21 16:00:00,510.17,510.77,509.3,510.38,1061.0,22,0.0
2025-07-21 17:00:00,510.38,510.45,509.75,509.75,749.0,22,0.0
2025-07-21 18:00:00,509.75,509.99,509.44,509.94,732.0,22,0.0
2025-07-21 19:00:00,509.96,510.19,509.32,509.44,799.0,22,0.0
2025-07-22 10:00:00,508.44,509.02,508.21,508.4,230.0,67,0.0
2025-07-22 11:00:00,508.46,509.16,508.38,509.12,282.0,67,0.0
2025-07-22 12:00:00,509.12,510.46,509.12,509.92,325.0,67,0.0
2025-07-22 13:00:00,509.93,510.34,507.11,507.44,1822.0,22,0.0
2025-07-22 14:00:00,507.4,508.97,506.86,508.17,1761.0,22,0.0
2025-07-22 15:00:00,508.2,508.68,506.38,506.38,1107.0,22,0.0
2025-07-22 16:00:00,506.4,507.14,505.77,506.35,1013.0,22,0.0
2025-07-22 17:00:00,506.35,507.15,505.65,505.98,848.0,22,0.0
2025-07-22 18:00:00,505.98,506.3,504.94,505.65,1056.0,22,0.0
2025-07-22 19:00:00,505.65,505.82,504.99,505.1,946.0,22,0.0
2025-07-23 10:00:00,506.4,506.69,506.32,506.42,106.0,67,0.0
2025-07-23 11:00:00,506.39,506.43,505.45,505.76,677.0,67,0.0
2025-07-23 12:00:00,505.82,506.29,504.79,505.18,1044.0,67,0.0
2025-07-23 13:00:00,505.2,506.95,501.43,502.56,1676.0,22,0.0
2025-07-23 14:00:00,502.55,502.55,500.12,501.88,2070.0,22,0.0
2025-07-23 15:00:00,501.87,504.83,500.87,503.93,1747.0,22,0.0
2025-07-23 16:00:00,503.83,504.04,502.21,503.13,1458.0,22,0.0
2025-07-23 17:00:00,503.13,504.67,503.09,504.57,1206.0,22,0.0
2025-07-23 18:00:00,504.57,505.14,504.05,504.63,1170.0,22,0.0
2025-07-23 19:00:00,504.67,504.97,503.84,504.14,1134.0,22,0.0
2025-07-24 10:00:00,505.25,505.3,504.23,504.55,122.0,67,0.0
2025-07-24 11:00:00,504.67,505.35,504.32,505.35,127.0,67,0.0
2025-07-24 12:00:00,505.35,505.39,504.26,504.84,498.0,67,0.0
2025-07-24 13:00:00,504.84,509.66,504.34,508.66,2108.0,22,0.0
2025-07-24 14:00:00,508.69,509.82,507.12,509.57,2238.0,22,0.0
2025-07-24 15:00:00,509.59,511.8,509.26,511.27,1614.0,22,0.0
2025-07-24 16:00:00,511.27,512.08,510.4,511.59,1341.0,22,0.0
2025-07-24 17:00:00,511.59,512.6,511.31,511.38,1082.0,22,0.0
2025-07-24 18:00:00,511.36,512.32,511.02,511.39,1019.0,22,0.0
2025-07-24 19:00:00,511.38,511.38,510.8,511.27,916.0,22,0.0
2025-07-25 10:00:00,510.88,511.61,510.82,511.41,280.0,67,0.0
2025-07-25 11:00:00,511.45,512.06,511.26,511.99,404.0,67,0.0
2025-07-25 12:00:00,512.0,512.48,511.91,512.3,283.0,67,0.0
2025-07-25 13:00:00,512.2,512.23,509.58,511.51,1368.0,22,0.0
2025-07-25 14:00:00,511.56,512.49,510.99,512.02,1700.0,22,0.0
2025-07-25 15:00:00,512.02,513.55,511.54,513.01,1379.0,22,0.0
2025-07-25 16:00:00,513.0,513.97,512.48,513.32,1109.0,22,0.0
2025-07-25 17:00:00,513.31,516.52,513.07,516.31,1347.0,22,0.0
2025-07-25 18:00:00,516.29,517.66,516.01,516.75,1709.0,22,0.0
2025-07-25 19:00:00,516.76,516.77,515.3,515.32,1003.0,22,0.0
2025-07-28 10:00:00,514.67,514.67,513.34,513.46,794.0,67,0.0
2025-07-28 11:00:00,513.35,514.14,513.35,513.69,455.0,67,0.0
2025-07-28 12:00:00,513.73,514.97,513.44,514.59,466.0,67,0.0
2025-07-28 13:00:00,514.6,514.76,511.55,514.04,1852.0,22,0.0
2025-07-28 14:00:00,514.07,514.35,511.6,512.13,1742.0,22,0.0
2025-07-28 15:00:00,512.12,512.18,510.9,511.73,1329.0,22,0.0
2025-07-28 16:00:00,511.72,511.82,511.09,511.5,978.0,22,0.0
2025-07-28 17:00:00,511.49,511.72,510.46,510.98,892.0,22,0.0
2025-07-28 18:00:00,510.94,511.03,509.48,509.54,1105.0,22,0.0
2025-07-28 19:00:00,509.54,510.51,509.52,510.5,868.0,22,0.0
2025-07-29 10:00:00,512.77,512.98,512.39,512.79,305.0,67,0.0
2025-07-29 11:00:00,512.67,513.56,512.29,512.88,471.0,67,0.0
2025-07-29 12:00:00,512.99,513.09,512.4,512.72,250.0,67,0.0
2025-07-29 13:00:00,512.68,516.8,512.49,514.69,1574.0,22,0.0
2025-07-29 14:00:00,514.63,514.75,512.04,512.4,1959.0,22,0.0
2025-07-29 15:00:00,512.37,514.04,512.23,513.35,1770.0,22,0.0
2025-07-29 16:00:00,513.33,513.43,511.49,512.7,1348.0,22,0.0
2025-07-29 17:00:00,512.68,513.09,511.03,511.58,1139.0,22,0.0
2025-07-29 18:00:00,511.57,511.84,510.88,511.5,1049.0,22,0.0
2025-07-29 19:00:00,511.51,512.11,511.05,511.62,1083.0,22,0.0
2025-07-30 10:00:00,513.09,513.46,512.97,513.23,128.0,67,0.0
2025-07-30 11:00:00,513.24,513.52,512.88,513.19,175.0,67,0.0
2025-07-30 12:00:00,513.19,513.23,512.65,512.65,337.0,67,0.0
2025-07-30 13:00:00,512.79,515.34,509.81,511.78,1759.0,22,0.0
