DateTime,Open,High,Low,Close,Tick_Volume,Spread,Real_Volume
2025-08-08 12:00:00,118.06,118.08,117.7,117.86,237.0,13,0.0
2025-08-08 13:00:00,117.86,119.0,117.85,118.89,932.0,13,0.0
2025-08-08 14:00:00,118.89,120.71,118.85,119.78,1895.0,13,0.0
2025-08-08 15:00:00,119.75,119.83,119.26,119.79,1029.0,13,0.0
2025-08-08 16:00:00,119.78,121.22,119.78,120.98,1410.0,13,0.0
2025-08-08 17:00:00,120.99,121.18,120.52,120.88,1044.0,13,0.0
2025-08-08 18:00:00,120.87,121.11,120.66,120.91,718.0,13,0.0
2025-08-08 19:00:00,120.91,121.1,120.82,121.04,827.0,13,0.0
2025-08-11 10:00:00,121.3,121.38,121.3,121.38,66.0,13,0.0
2025-08-11 11:00:00,121.38,121.39,121.19,121.22,270.0,13,0.0
2025-08-11 12:00:00,121.22,121.37,121.17,121.37,127.0,13,0.0
2025-08-11 13:00:00,121.33,121.38,120.16,120.58,1323.0,13,0.0
2025-08-11 14:00:00,120.59,121.63,120.35,121.28,1240.0,13,0.0
2025-08-11 15:00:00,121.3,121.83,121.24,121.83,850.0,13,0.0
2025-08-11 16:00:00,121.83,122.16,121.61,121.97,585.0,13,0.0
2025-08-11 17:00:00,121.98,122.23,121.77,121.79,658.0,13,0.0
2025-08-11 18:00:00,121.79,121.99,121.61,121.68,591.0,13,0.0
2025-08-11 19:00:00,121.68,121.72,121.51,121.72,524.0,13,0.0
2025-08-12 10:00:00,121.86,121.91,121.79,121.88,51.0,13,0.0
2025-08-12 11:00:00,121.92,121.93,121.81,121.85,62.0,13,0.0
2025-08-12 12:00:00,121.85,122.52,121.84,122.28,371.0,13,0.0
2025-08-12 13:00:00,122.26,123.1,120.72,120.89,1672.0,13,0.0
2025-08-12 14:00:00,120.92,121.57,120.6,121.13,1071.0,13,0.0
2025-08-12 15:00:00,121.12,122.25,121.06,122.23,771.0,13,0.0
2025-08-12 16:00:00,122.24,122.69,122.15,122.53,587.0,13,0.0
2025-08-12 17:00:00,122.53,122.74,122.29,122.53,577.0,13,0.0
2025-08-12 18:00:00,122.53,122.67,122.09,122.51,504.0,13,0.0
2025-08-12 19:00:00,122.52,122.66,122.34,122.43,517.0,13,0.0
2025-08-13 11:00:00,122.73,122.81,122.64,122.78,75.0,13,0.0
2025-08-13 12:00:00,122.78,122.88,122.78,122.79,91.0,13,0.0
2025-08-13 13:00:00,122.8,123.61,122.45,122.85,1226.0,13,0.0
2025-08-13 14:00:00,122.86,122.9,121.36,121.77,1294.0,13,0.0
2025-08-13 15:00:00,121.76,122.3,121.65,122.18,770.0,13,0.0
2025-08-13 16:00:00,122.18,122.21,121.8,121.99,532.0,13,0.0
2025-08-13 17:00:00,121.99,122.53,121.96,122.07,600.0,13,0.0
2025-08-13 18:00:00,122.07,122.1,120.95,121.26,874.0,13,0.0
2025-08-13 19:00:00,121.27,121.29,120.39,120.4,789.0,13,0.0
2025-08-14 10:00:00,120.64,121.14,120.57,121.01,170.0,13,0.0
2025-08-14 11:00:00,120.98,121.09,120.66,120.83,254.0,13,0.0
2025-08-14 12:00:00,120.83,120.86,119.97,120.15,457.0,13,0.0
2025-08-14 13:00:00,120.13,122.68,119.87,122.34,1946.0,13,0.0
2025-08-14 14:00:00,122.34,123.75,122.08,123.14,1783.0,13,0.0
2025-08-14 15:00:00,123.17,124.14,123.01,123.99,1518.0,13,0.0
2025-08-14 16:00:00,124.02,124.34,123.7,123.75,1205.0,13,0.0
2025-08-14 17:00:00,123.76,124.13,123.72,123.81,720.0,13,0.0
2025-08-14 18:00:00,123.78,123.8,122.91,123.2,1013.0,13,0.0
2025-08-14 19:00:00,123.21,123.33,122.79,123.15,843.0,13,0.0
2025-08-15 10:00:00,123.21,123.49,123.21,123.45,24.0,13,0.0
2025-08-15 11:00:00,123.49,123.65,123.42,123.6,68.0,13,0.0
2025-08-15 12:00:00,123.62,123.62,123.4,123.45,125.0,13,0.0
2025-08-15 13:00:00,123.46,124.57,122.83,122.9,1653.0,13,0.0
2025-08-15 14:00:00,122.85,124.41,122.78,123.6,1269.0,13,0.0
2025-08-15 15:00:00,123.61,123.97,123.09,123.55,879.0,13,0.0
2025-08-15 16:00:00,123.55,124.08,123.37,124.04,612.0,13,0.0
2025-08-15 17:00:00,124.04,124.08,123.64,123.81,571.0,13,0.0
2025-08-15 18:00:00,123.81,124.14,123.38,123.58,633.0,13,0.0
2025-08-15 19:00:00,123.59,123.86,123.52,123.78,607.0,13,0.0
2025-08-18 10:00:00,122.93,123.27,122.93,123.18,52.0,13,0.0
2025-08-18 11:00:00,123.18,123.5,123.18,123.5,169.0,13,0.0
2025-08-18 12:00:00,123.49,123.51,123.32,123.45,84.0,13,0.0
2025-08-18 13:00:00,123.46,124.46,123.44,123.8,1029.0,13,0.0
2025-08-18 14:00:00,123.8,125.04,123.74,124.33,1108.0,13,0.0
2025-08-18 15:00:00,124.34,124.73,123.82,124.13,648.0,13,0.0
2025-08-18 16:00:00,124.12,124.41,123.68,123.77,731.0,13,0.0
2025-08-18 17:00:00,123.8,124.11,123.62,124.1,649.0,13,0.0
2025-08-18 18:00:00,124.1,124.59,124.03,124.57,581.0,13,0.0
2025-08-18 19:00:00,124.57,124.72,124.51,124.52,478.0,13,0.0
2025-08-19 10:00:00,124.28,124.28,123.97,124.06,63.0,13,0.0
2025-08-19 11:00:00,124.17,124.22,123.99,124.13,75.0,13,0.0
2025-08-19 12:00:00,124.13,124.23,123.98,124.08,122.0,13,0.0
2025-08-19 13:00:00,124.03,124.36,120.71,121.31,1770.0,13,0.0
2025-08-19 14:00:00,121.32,121.33,119.21,119.96,2207.0,13,0.0
2025-08-19 15:00:00,119.99,120.71,119.77,120.66,959.0,13,0.0
2025-08-19 16:00:00,120.66,120.76,120.13,120.4,699.0,13,0.0
2025-08-19 17:00:00,120.41,121.11,120.39,121.08,644.0,13,0.0
2025-08-19 18:00:00,121.07,121.45,120.86,121.33,623.0,13,0.0
2025-08-19 19:00:00,121.32,121.32,120.94,121.28,646.0,13,0.0
2025-08-20 10:00:00,120.97,121.02,120.83,120.96,40.0,13,0.0
2025-08-20 11:00:00,120.99,121.09,120.9,120.99,171.0,13,0.0
2025-08-20 12:00:00,120.99,121.26,120.99,121.23,128.0,13,0.0
2025-08-20 13:00:00,121.23,122.17,120.38,120.84,1589.0,13,0.0
2025-08-20 14:00:00,120.82,121.05,119.28,119.46,1558.0,13,0.0
2025-08-20 15:00:00,119.46,120.61,119.39,119.99,959.0,13,0.0
2025-08-20 16:00:00,119.99,120.8,119.99,120.31,707.0,13,0.0
2025-08-20 17:00:00,120.3,120.73,120.25,120.51,728.0,13,0.0
2025-08-20 18:00:00,120.51,121.24,120.3,120.9,720.0,13,0.0
2025-08-20 19:00:00,120.91,121.59,120.9,121.33,563.0,13,0.0
2025-08-21 10:00:00,120.8,120.95,120.73,120.92,67.0,13,0.0
2025-08-21 11:00:00,120.92,121.61,120.88,121.17,325.0,13,0.0
2025-08-21 12:00:00,121.17,121.34,120.93,121.19,169.0,13,0.0
2025-08-21 13:00:00,121.19,121.47,120.88,121.0,807.0,13,0.0
2025-08-21 14:00:00,121.03,122.03,120.9,121.57,984.0,13,0.0
2025-08-21 15:00:00,121.64,121.64,120.33,120.4,606.0,13,0.0
2025-08-21 16:00:00,120.41,120.59,120.17,120.2,514.0,13,0.0
2025-08-21 17:00:00,120.2,120.37,119.71,120.13,652.0,13,0.0
2025-08-21 18:00:00,120.15,120.56,120.08,120.51,526.0,13,0.0
2025-08-21 19:00:00,120.53,121.02,120.49,120.72,468.0,13,0.0
2025-08-22 11:00:00,120.99,121.07,120.85,120.95,82.0,13,0.0
2025-08-22 12:00:00,120.95,120.95,120.85,120.88,62.0,13,0.0
2025-08-22 13:00:00,120.92,121.04,120.1,120.2,934.0,13,0.0
2025-08-22 14:00:00,120.25,121.28,120.04,120.17,1614.0,13,0.0
2025-08-22 15:00:00,120.17,121.01,120.14,120.41,840.0,13,0.0
2025-08-22 16:00:00,120.41,120.7,119.77,119.83,726.0,13,0.0
2025-08-22 17:00:00,119.84,120.67,119.78,120.67,712.0,13,0.0
2025-08-22 18:00:00,120.67,120.67,120.14,120.17,583.0,13,0.0
2025-08-22 19:00:00,120.16,120.49,120.06,120.09,533.0,13,0.0
2025-08-25 10:00:00,120.53,120.56,120.26,120.48,126.0,13,0.0
2025-08-25 11:00:00,120.51,120.51,120.27,120.4,83.0,13,0.0
2025-08-25 12:00:00,120.38,120.42,120.23,120.31,60.0,13,0.0
2025-08-25 13:00:00,120.32,122.29,119.88,122.14,1863.0,13,0.0
2025-08-25 14:00:00,122.15,123.29,122.15,122.86,1576.0,13,0.0
2025-08-25 15:00:00,122.86,123.05,122.3,122.55,827.0,13,0.0
2025-08-25 16:00:00,122.57,122.8,122.31,122.44,596.0,13,0.0
2025-08-25 17:00:00,122.43,122.66,122.3,122.54,617.0,13,0.0
2025-08-25 18:00:00,122.55,122.66,122.18,122.21,516.0,13,0.0
2025-08-25 19:00:00,122.2,122.39,121.9,121.93,489.0,13,0.0
2025-08-26 11:00:00,122.06,122.09,121.79,121.95,156.0,13,0.0
2025-08-26 12:00:00,121.95,122.04,121.77,121.95,100.0,13,0.0
2025-08-26 13:00:00,121.95,123.0,121.2,121.87,1361.0,13,0.0
2025-08-26 14:00:00,121.88,122.29,121.6,122.01,883.0,13,0.0
2025-08-26 15:00:00,122.0,122.52,121.94,122.33,590.0,13,0.0
2025-08-26 16:00:00,122.33,122.62,122.32,122.42,507.0,13,0.0
2025-08-26 17:00:00,122.42,122.47,122.26,122.42,452.0,13,0.0
2025-08-26 18:00:00,122.42,122.69,122.32,122.59,379.0,13,0.0
2025-08-26 19:00:00,122.58,122.69,122.37,122.44,406.0,13,0.0
2025-08-27 10:00:00,122.4,122.4,122.18,122.3,87.0,13,0.0
2025-08-27 11:00:00,122.31,122.4,122.14,122.36,116.0,13,0.0
2025-08-27 12:00:00,122.3,122.39,121.97,122.09,200.0,13,0.0
2025-08-27 13:00:00,122.14,122.84,121.27,121.45,1139.0,13,0.0
2025-08-27 14:00:00,121.45,122.69,121.45,122.39,857.0,13,0.0
2025-08-27 15:00:00,122.39,122.56,121.88,121.97,613.0,13,0.0
2025-08-27 16:00:00,121.97,121.97,121.38,121.85,567.0,13,0.0
2025-08-27 17:00:00,121.85,122.13,121.68,122.11,409.0,13,0.0
2025-08-27 18:00:00,122.11,122.43,122.11,122.12,419.0,13,0.0
2025-08-27 19:00:00,122.12,122.14,121.63,122.14,617.0,13,0.0
2025-08-28 10:00:00,122.59,122.61,122.41,122.48,20.0,13,0.0
2025-08-28 11:00:00,122.41,122.48,122.19,122.26,58.0,13,0.0
2025-08-28 12:00:00,122.3,122.36,122.0,122.11,113.0,13,0.0
2025-08-28 13:00:00,122.14,122.46,121.38,121.55,1206.0,13,0.0
2025-08-28 14:00:00,121.55,122.38,121.53,122.3,768.0,13,0.0
2025-08-28 15:00:00,122.31,122.74,122.25,122.37,624.0,13,0.0
2025-08-28 16:00:00,122.37,123.21,122.37,123.06,611.0,13,0.0
2025-08-28 17:00:00,123.05,123.7,123.02,123.46,703.0,13,0.0
2025-08-28 18:00:00,123.45,123.69,122.97,123.1,643.0,13,0.0
2025-08-28 19:00:00,123.1,123.15,122.85,123.11,425.0,13,0.0
2025-08-29 10:00:00,122.55,122.6,122.52,122.57,6.0,13,0.0
2025-08-29 11:00:00,122.57,122.79,122.57,122.75,38.0,13,0.0
2025-08-29 12:00:00,122.75,122.75,122.54,122.58,78.0,13,0.0
2025-08-29 13:00:00,122.58,122.78,120.72,120.8,1060.0,13,0.0
2025-08-29 14:00:00,120.81,121.16,120.34,120.56,1523.0,13,0.0
2025-08-29 15:00:00,120.59,121.07,120.24,120.24,773.0,13,0.0
2025-08-29 16:00:00,120.24,120.67,120.06,120.42,775.0,13,0.0
2025-08-29 17:00:00,120.42,120.63,120.07,120.55,586.0,13,0.0
2025-08-29 18:00:00,120.56,120.76,120.41,120.74,669.0,13,0.0
2025-08-29 19:00:00,120.75,120.85,120.55,120.7,620.0,13,0.0
2025-09-02 10:00:00,120.46,120.46,120.27,120.27,76.0,13,0.0
2025-09-02 11:00:00,120.31,120.52,120.23,120.34,96.0,13,0.0
2025-09-02 12:00:00,120.3,120.3,119.48,119.53,218.0,13,0.0
2025-09-02 13:00:00,119.5,120.99,118.26,120.54,1666.0,13,0.0
2025-09-02 14:00:00,120.58,121.23,120.37,120.57,1225.0,13,0.0
2025-09-02 15:00:00,120.56,120.74,119.82,119.94,819.0,13,0.0
2025-09-02 16:00:00,119.96,120.59,119.79,120.51,615.0,13,0.0
2025-09-02 17:00:00,120.51,121.45,120.51,121.24,719.0,13,0.0
2025-09-02 18:00:00,121.24,121.37,121.05,121.28,557.0,13,0.0
2025-09-02 19:00:00,121.29,121.47,121.18,121.18,574.0,13,0.0
2025-09-03 10:00:00,121.39,121.53,121.13,121.18,197.0,13,0.0
2025-09-03 11:00:00,121.21,121.34,121.08,121.2,127.0,13,0.0
2025-09-03 12:00:00,121.2,121.2,120.98,121.06,152.0,13,0.0
2025-09-03 13:00:00,121.04,121.61,120.08,120.94,1503.0,13,0.0
2025-09-03 14:00:00,120.95,122.11,120.86,121.94,1294.0,13,0.0
2025-09-03 15:00:00,121.94,122.61,121.39,121.46,1001.0,13,0.0
2025-09-03 16:00:00,121.46,121.64,121.11,121.22,614.0,13,0.0
2025-09-03 17:00:00,121.22,121.53,121.07,121.44,596.0,13,0.0
2025-09-03 18:00:00,121.44,121.55,121.19,121.54,738.0,13,0.0
2025-09-03 19:00:00,121.54,122.08,121.43,122.08,573.0,13,0.0
2025-09-04 10:00:00,122.42,122.48,122.41,122.42,88.0,13,0.0
2025-09-04 11:00:00,122.38,122.49,122.37,122.42,88.0,13,0.0
2025-09-04 12:00:00,122.42,122.49,122.27,122.36,91.0,13,0.0
2025-09-04 13:00:00,122.36,124.73,122.11,123.81,1720.0,13,0.0
2025-09-04 14:00:00,123.8,125.02,123.51,124.87,1436.0,13,0.0
2025-09-04 15:00:00,124.88,125.55,124.69,125.39,1170.0,13,0.0
2025-09-04 16:00:00,125.39,125.49,125.14,125.16,773.0,13,0.0
2025-09-04 17:00:00,125.16,125.45,125.04,125.23,611.0,13,0.0
2025-09-04 18:00:00,125.22,125.5,125.12,125.33,623.0,13,0.0
2025-09-04 19:00:00,125.33,125.56,125.22,125.51,620.0,13,0.0
2025-09-05 10:00:00,125.61,125.65,125.52,125.61,48.0,13,0.0
2025-09-05 11:00:00,125.63,125.68,125.54,125.59,157.0,13,0.0
2025-09-05 12:00:00,125.58,125.69,125.14,125.69,241.0,13,0.0
2025-09-05 13:00:00,125.7,126.61,124.72,124.76,1528.0,13,0.0
2025-09-05 14:00:00,124.78,125.44,124.55,124.64,1668.0,13,0.0
2025-09-05 15:00:00,124.63,124.63,123.86,124.33,1116.0,13,0.0
2025-09-05 16:00:00,124.26,124.36,123.96,124.36,696.0,13,0.0
2025-09-05 17:00:00,124.36,124.46,123.95,124.04,560.0,13,0.0
2025-09-05 18:00:00,124.06,124.42,123.92,124.25,640.0,13,0.0
2025-09-05 19:00:00,124.25,124.52,124.16,124.36,591.0,13,0.0
2025-09-08 10:00:00,124.44,124.55,124.38,124.53,53.0,13,0.0
2025-09-08 11:00:00,124.49,124.63,124.45,124.53,97.0,13,0.0
2025-09-08 12:00:00,124.53,124.72,124.51,124.67,71.0,13,0.0
2025-09-08 13:00:00,124.67,125.09,123.14,124.76,1664.0,13,0.0
2025-09-08 14:00:00,124.75,125.13,124.18,124.21,1108.0,13,0.0
2025-09-08 15:00:00,124.21,124.99,123.92,124.96,893.0,13,0.0
2025-09-08 16:00:00,124.96,124.96,124.27,124.48,584.0,13,0.0
2025-09-08 17:00:00,124.48,124.62,124.21,124.59,487.0,13,0.0
2025-09-08 18:00:00,124.59,125.12,124.46,124.59,629.0,13,0.0
2025-09-08 19:00:00,124.59,124.63,124.32,124.58,485.0,13,0.0
2025-09-09 10:00:00,124.27,124.33,124.2,124.33,17.0,13,0.0
2025-09-09 11:00:00,124.34,124.55,124.33,124.53,43.0,13,0.0
2025-09-09 12:00:00,124.52,124.93,124.52,124.78,124.0,13,0.0
2025-09-09 13:00:00,124.75,125.83,124.4,125.02,1180.0,13,0.0
2025-09-09 14:00:00,125.06,125.41,124.66,125.16,1007.0,13,0.0
2025-09-09 15:00:00,125.18,125.98,124.91,125.75,934.0,13,0.0
2025-09-09 16:00:00,125.77,126.44,125.63,126.04,782.0,13,0.0
2025-09-09 17:00:00,126.04,126.23,125.84,126.06,482.0,13,0.0
2025-09-09 18:00:00,126.05,126.42,125.96,126.3,613.0,13,0.0
2025-09-09 19:00:00,126.3,126.42,126.11,126.25,537.0,13,0.0
2025-09-10 10:00:00,125.79,125.88,125.76,125.85,92.0,13,0.0
2025-09-10 11:00:00,125.86,125.95,125.69,125.69,93.0,13,0.0
2025-09-10 12:00:00,125.7,126.04,125.62,125.95,236.0,13,0.0
2025-09-10 13:00:00,125.99,126.64,124.66,124.75,1626.0,13,0.0
2025-09-10 14:00:00,124.71,126.29,124.58,125.69,1427.0,13,0.0
2025-09-10 15:00:00,125.69,125.97,125.03,125.23,885.0,13,0.0
2025-09-10 16:00:00,125.21,125.51,124.87,125.41,693.0,13,0.0
2025-09-10 17:00:00,125.41,125.74,125.04,125.66,628.0,13,0.0
2025-09-10 18:00:00,125.66,125.89,125.32,125.36,520.0,13,0.0
2025-09-10 19:00:00,125.34,125.42,124.91,125.31,652.0,13,0.0
2025-09-11 11:00:00,124.89,124.94,124.85,124.93,15.0,13,0.0
2025-09-11 12:00:00,124.98,125.03,124.75,124.92,146.0,13,0.0
2025-09-11 13:00:00,124.95,125.19,122.79,122.82,1863.0,13,0.0
2025-09-11 14:00:00,122.84,122.86,120.86,121.56,3070.0,13,0.0
2025-09-11 15:00:00,121.56,122.02,121.18,121.27,1461.0,13,0.0
2025-09-11 16:00:00,121.28,121.46,120.66,120.66,1148.0,13,0.0
2025-09-11 17:00:00,120.66,120.78,119.28,119.28,1717.0,13,0.0
2025-09-11 18:00:00,119.31,120.6,119.15,120.56,1744.0,13,0.0
2025-09-11 19:00:00,120.55,121.06,120.27,120.5,982.0,13,0.0
2025-09-12 10:00:00,120.25,120.31,120.19,120.24,44.0,13,0.0
2025-09-12 11:00:00,120.24,120.5,120.2,120.47,75.0,13,0.0
2025-09-12 12:00:00,120.46,120.51,120.3,120.48,144.0,13,0.0
2025-09-12 13:00:00,120.49,121.08,119.32,119.55,1620.0,13,0.0
2025-09-12 14:00:00,119.51,120.1,119.2,119.29,1419.0,13,0.0
2025-09-12 15:00:00,119.29,119.29,118.34,118.36,1175.0,13,0.0
2025-09-12 16:00:00,118.37,118.83,118.33,118.76,963.0,13,0.0
2025-09-12 17:00:00,118.76,118.84,118.2,118.56,799.0,13,0.0
2025-09-12 18:00:00,118.55,118.76,118.32,118.76,783.0,13,0.0
2025-09-12 19:00:00,118.75,118.79,118.36,118.43,831.0,13,0.0
2025-09-15 10:00:00,119.15,119.19,118.96,119.03,1352.0,13,0.0
2025-09-15 11:00:00,119.06,119.09,118.53,118.68,225.0,13,0.0
2025-09-15 12:00:00,118.7,118.83,118.42,118.56,183.0,13,0.0
2025-09-15 13:00:00,118.6,119.07,117.28,118.49,1714.0,13,0.0
2025-09-15 14:00:00,118.5,119.43,118.47,119.18,1377.0,13,0.0
2025-09-15 15:00:00,119.18,119.95,119.16,119.85,1051.0,13,0.0
2025-09-15 16:00:00,119.85,120.57,119.83,120.5,935.0,13,0.0
2025-09-15 17:00:00,120.5,120.52,119.87,120.49,670.0,13,0.0
2025-09-15 18:00:00,120.48,120.65,120.02,120.63,836.0,13,0.0
2025-09-15 19:00:00,120.62,120.62,120.19,120.35,691.0,13,0.0
2025-09-16 10:00:00,120.14,120.21,120.14,120.2,30.0,13,0.0
2025-09-16 11:00:00,120.17,120.59,120.17,120.48,171.0,13,0.0
2025-09-16 12:00:00,120.48,120.56,120.38,120.46,150.0,13,0.0
2025-09-16 13:00:00,120.45,120.77,119.69,120.25,1365.0,13,0.0
2025-09-16 14:00:00,120.26,120.77,120.17,120.56,1128.0,13,0.0
2025-09-16 15:00:00,120.58,120.63,120.22,120.3,612.0,13,0.0
2025-09-16 16:00:00,120.28,120.4,119.94,119.98,582.0,13,0.0
2025-09-16 17:00:00,119.96,120.39,119.82,119.99,571.0,13,0.0
2025-09-16 18:00:00,119.98,120.28,119.78,120.18,612.0,13,0.0
2025-09-16 19:00:00,120.16,120.51,120.05,120.25,566.0,13,0.0
2025-09-17 10:00:00,120.72,121.65,120.72,121.47,316.0,13,0.0
2025-09-17 11:00:00,121.47,121.49,121.1,121.27,259.0,13,0.0
2025-09-17 12:00:00,121.27,121.91,121.26,121.57,262.0,13,0.0
2025-09-17 13:00:00,121.57,122.36,120.71,120.76,2071.0,13,0.0
2025-09-17 14:00:00,120.78,122.36,120.6,121.62,1902.0,13,0.0
2025-09-17 15:00:00,121.62,122.08,121.55,121.58,896.0,13,0.0
2025-09-17 16:00:00,121.58,122.59,121.56,122.46,1067.0,13,0.0
2025-09-17 17:00:00,122.45,122.56,121.71,121.95,965.0,13,0.0
2025-09-17 18:00:00,121.98,122.49,121.55,122.42,1552.0,13,0.0
2025-09-17 19:00:00,122.42,123.3,122.37,122.95,1233.0,13,0.0
2025-09-18 10:00:00,122.77,122.8,122.24,122.45,188.0,13,0.0
2025-09-18 11:00:00,122.44,122.84,122.43,122.66,226.0,13,0.0
2025-09-18 12:00:00,122.68,122.68,122.46,122.52,139.0,13,0.0
2025-09-18 13:00:00,122.54,123.15,121.71,122.33,1760.0,13,0.0
2025-09-18 14:00:00,122.34,123.12,122.17,122.85,1497.0,13,0.0
2025-09-18 15:00:00,122.85,123.22,122.32,122.34,994.0,13,0.0
2025-09-18 16:00:00,122.32,122.84,122.12,122.19,717.0,13,0.0
2025-09-18 17:00:00,122.19,122.4,121.58,121.83,800.0,13,0.0
2025-09-18 18:00:00,121.82,121.96,121.36,121.44,765.0,13,0.0
2025-09-18 19:00:00,121.44,121.44,120.49,120.67,892.0,13,0.0
2025-09-19 10:00:00,121.08,121.08,121.06,121.07,5.0,13,0.0
2025-09-19 11:00:00,121.07,121.1,120.98,121.07,108.0,13,0.0
2025-09-19 12:00:00,121.07,121.26,121.06,121.19,101.0,13,0.0
2025-09-19 13:00:00,121.19,121.91,120.99,121.36,1619.0,13,0.0
2025-09-19 14:00:00,121.36,121.72,120.77,121.72,1248.0,13,0.0
2025-09-19 15:00:00,121.71,122.09,121.57,122.03,1044.0,13,0.0
2025-09-19 16:00:00,122.04,122.51,122.02,122.36,774.0,13,0.0
2025-09-19 17:00:00,122.36,122.36,121.97,122.14,713.0,13,0.0
2025-09-19 18:00:00,122.14,122.72,122.09,122.56,775.0,13,0.0
2025-09-19 19:00:00,122.56,122.74,122.35,122.42,858.0,13,0.0
2025-09-22 10:00:00,122.06,122.17,121.99,122.05,95.0,13,0.0
2025-09-22 11:00:00,122.05,122.18,122.0,122.18,210.0,13,0.0
2025-09-22 12:00:00,122.18,122.21,122.0,122.04,89.0,13,0.0
2025-09-22 13:00:00,122.02,122.75,121.83,122.13,1705.0,13,0.0
2025-09-22 14:00:00,122.13,122.5,121.72,121.81,1054.0,13,0.0
2025-09-22 15:00:00,121.8,122.25,121.35,122.19,1018.0,13,0.0
2025-09-22 16:00:00,122.19,122.89,122.19,122.65,1018.0,13,0.0
2025-09-22 17:00:00,122.65,122.82,122.22,122.37,594.0,13,0.0
2025-09-22 18:00:00,122.37,122.39,122.01,122.22,547.0,13,0.0
2025-09-22 19:00:00,122.22,122.59,122.07,122.48,584.0,13,0.0
2025-09-23 10:00:00,122.44,122.45,122.35,122.45,8.0,13,0.0
2025-09-23 11:00:00,122.46,122.66,122.46,122.58,70.0,13,0.0
2025-09-23 12:00:00,122.56,122.69,122.56,122.59,49.0,13,0.0
2025-09-23 13:00:00,122.6,122.7,122.02,122.24,1278.0,13,0.0
2025-09-23 14:00:00,122.23,122.24,120.96,121.44,1575.0,13,0.0
2025-09-23 15:00:00,121.44,121.49,120.8,121.36,936.0,13,0.0
2025-09-23 16:00:00,121.38,121.69,121.13,121.66,641.0,13,0.0
2025-09-23 17:00:00,121.65,122.01,121.44,121.77,1133.0,13,0.0
2025-09-23 18:00:00,121.77,122.14,121.3,121.32,781.0,13,0.0
2025-09-23 19:00:00,121.37,121.8,121.34,121.8,658.0,13,0.0
2025-09-24 10:00:00,121.54,121.59,121.38,121.52,28.0,13,0.0
2025-09-24 11:00:00,121.55,121.95,121.52,121.69,95.0,13,0.0
2025-09-24 12:00:00,121.69,121.81,121.69,121.75,40.0,13,0.0
2025-09-24 13:00:00,121.79,122.07,121.13,121.23,1068.0,13,0.0
2025-09-24 14:00:00,121.2,121.59,120.59,120.63,1079.0,13,0.0
2025-09-24 15:00:00,120.63,120.63,119.66,119.89,1420.0,13,0.0
2025-09-24 16:00:00,119.89,120.2,119.37,120.08,1111.0,13,0.0
2025-09-24 17:00:00,120.08,120.23,119.67,119.69,800.0,13,0.0
2025-09-24 18:00:00,119.69,119.94,119.56,119.76,757.0,13,0.0
2025-09-24 19:00:00,119.76,120.11,119.71,120.05,510.0,13,0.0
2025-09-25 10:00:00,120.25,120.26,120.06,120.07,109.0,13,0.0
2025-09-25 11:00:00,120.07,120.12,119.86,119.88,278.0,13,0.0
2025-09-25 12:00:00,119.87,120.22,119.86,120.12,276.0,13,0.0
2025-09-25 13:00:00,120.11,120.31,119.12,119.97,1432.0,13,0.0
2025-09-25 14:00:00,119.99,121.6,119.83,121.27,1578.0,13,0.0
2025-09-25 15:00:00,121.28,121.5,120.82,120.86,879.0,13,0.0
2025-09-25 16:00:00,120.85,120.96,120.57,120.61,663.0,13,0.0
2025-09-25 17:00:00,120.62,120.67,120.27,120.34,585.0,13,0.0
2025-09-25 18:00:00,120.34,120.84,120.26,120.82,642.0,13,0.0
2025-09-25 19:00:00,120.79,120.9,120.52,120.66,513.0,13,0.0
2025-09-26 10:00:00,120.62,120.64,120.54,120.62,77.0,13,0.0
2025-09-26 11:00:00,120.63,120.65,120.58,120.64,32.0,13,0.0
2025-09-26 12:00:00,120.62,120.88,120.6,120.75,266.0,13,0.0
2025-09-26 13:00:00,120.76,120.99,119.92,120.88,1086.0,13,0.0
2025-09-26 14:00:00,120.88,121.32,120.11,120.55,1195.0,13,0.0
2025-09-26 15:00:00,120.56,120.82,120.31,120.59,665.0,13,0.0
2025-09-26 16:00:00,120.58,121.22,120.48,120.93,714.0,13,0.0
2025-09-26 17:00:00,120.92,121.19,120.8,120.84,523.0,13,0.0
2025-09-26 18:00:00,120.84,121.17,120.66,121.14,602.0,13,0.0
2025-09-26 19:00:00,121.13,121.13,120.85,120.97,470.0,13,0.0
2025-09-29 10:00:00,121.44,121.61,121.38,121.46,209.0,13,0.0
2025-09-29 11:00:00,121.44,121.44,121.23,121.35,138.0,13,0.0
2025-09-29 12:00:00,121.35,121.58,118.38,119.09,885.0,13,0.0
2025-09-29 13:00:00,119.09,121.8,118.7,121.77,2951.0,13,0.0
2025-09-29 14:00:00,121.79,122.38,121.26,121.31,1781.0,13,0.0
2025-09-29 15:00:00,121.31,121.71,120.99,121.09,832.0,13,0.0
2025-09-29 16:00:00,121.1,121.32,120.28,120.31,795.0,13,0.0
2025-09-29 17:00:00,120.31,120.65,120.22,120.37,918.0,13,0.0
2025-09-29 18:00:00,120.36,120.48,120.03,120.07,823.0,13,0.0
2025-09-29 19:00:00,120.08,120.24,119.91,120.15,684.0,13,0.0
2025-09-30 10:00:00,120.41,120.45,120.31,120.4,87.0,13,0.0
2025-09-30 11:00:00,120.38,120.76,120.25,120.65,134.0,13,0.0
2025-09-30 12:00:00,120.62,120.69,120.49,120.59,86.0,13,0.0
2025-09-30 13:00:00,120.56,120.64,118.3,118.48,2260.0,13,0.0
2025-09-30 14:00:00,118.5,118.62,117.75,118.62,2084.0,13,0.0
2025-09-30 15:00:00,118.63,119.18,118.59,119.16,1139.0,13,0.0
2025-09-30 16:00:00,119.13,119.2,118.54,118.54,806.0,13,0.0
2025-09-30 17:00:00,118.51,118.82,118.37,118.61,729.0,13,0.0
2025-09-30 18:00:00,118.61,119.35,118.51,119.21,565.0,13,0.0
2025-09-30 19:00:00,119.21,119.5,118.87,119.34,760.0,13,0.0
2025-10-01 10:00:00,118.21,118.3,117.93,118.0,190.0,13,0.0
2025-10-01 11:00:00,118.04,118.37,118.0,118.28,221.0,13,0.0
2025-10-01 12:00:00,118.25,118.28,116.75,117.26,796.0,13,0.0
2025-10-01 13:00:00,117.27,117.59,116.27,116.63,2334.0,13,0.0
2025-10-01 14:00:00,116.58,117.83,116.54,117.7,1694.0,13,0.0
2025-10-01 15:00:00,117.67,117.82,116.47,116.72,1301.0,13,0.0
2025-10-01 16:00:00,116.75,117.17,116.65,117.14,907.0,13,0.0
2025-10-01 17:00:00,117.13,117.6,117.12,117.2,913.0,13,0.0
2025-10-01 18:00:00,117.2,117.63,117.01,117.02,786.0,13,0.0
2025-10-01 19:00:00,117.02,117.22,116.85,116.86,678.0,13,0.0
2025-10-02 10:00:00,116.59,116.59,116.1,116.27,326.0,13,0.0
2025-10-02 11:00:00,116.31,116.56,115.89,115.99,347.0,13,0.0
2025-10-02 12:00:00,115.96,116.51,115.94,116.36,377.0,13,0.0
2025-10-02 13:00:00,116.39,116.44,113.73,113.98,2950.0,13,0.0
2025-10-02 14:00:00,113.98,114.2,113.41,113.9,2289.0,13,0.0
2025-10-02 15:00:00,113.91,115.9,113.83,115.64,1787.0,13,0.0
2025-10-02 16:00:00,115.64,115.77,115.27,115.64,971.0,13,0.0
2025-10-02 17:00:00,115.66,116.12,115.65,116.04,908.0,13,0.0
2025-10-02 18:00:00,116.04,116.13,115.85,115.97,717.0,13,0.0
2025-10-02 19:00:00,115.97,116.21,115.95,116.21,789.0,13,0.0
2025-10-03 10:00:00,116.43,116.83,116.42,116.81,61.0,13,0.0
2025-10-03 11:00:00,116.81,116.81,116.38,116.4,182.0,13,0.0
2025-10-03 12:00:00,116.39,116.44,116.11,116.12,138.0,13,0.0
2025-10-03 13:00:00,116.15,116.72,115.06,115.32,1421.0,13,0.0
2025-10-03 14:00:00,115.32,115.73,114.28,114.53,1452.0,13,0.0
2025-10-03 15:00:00,114.53,115.82,114.51,115.63,1080.0,13,0.0
2025-10-03 16:00:00,115.63,116.14,115.6,115.82,994.0,13,0.0
2025-10-03 17:00:00,115.82,115.83,115.29,115.49,884.0,13,0.0
2025-10-03 18:00:00,115.49,115.65,115.1,115.63,862.0,13,0.0
2025-10-03 19:00:00,115.63,115.72,115.07,115.31,742.0,13,0.0
2025-10-06 10:00:00,115.78,115.83,115.67,115.82,127.0,13,0.0
2025-10-06 11:00:00,115.83,115.97,115.69,115.8,174.0,13,0.0
2025-10-06 12:00:00,115.81,115.83,115.64,115.73,208.0,13,0.0
2025-10-06 13:00:00,115.73,116.21,115.14,115.5,1314.0,13,0.0
2025-10-06 14:00:00,115.53,115.79,114.5,114.93,1681.0,13,0.0
2025-10-06 15:00:00,114.93,115.26,114.87,114.98,961.0,13,0.0
2025-10-06 16:00:00,114.98,115.13,114.63,115.09,865.0,13,0.0
2025-10-06 17:00:00,115.09,115.7,114.97,115.69,707.0,13,0.0
2025-10-06 18:00:00,115.69,116.25,115.57,116.0,887.0,13,0.0
2025-10-06 19:00:00,116.01,116.08,115.71,115.76,616.0,13,0.0
2025-10-07 10:00:00,117.13,117.53,117.13,117.39,239.0,13,0.0
2025-10-07 11:00:00,117.32,117.52,117.06,117.24,434.0,13,0.0
2025-10-07 12:00:00,117.24,117.51,117.14,117.41,176.0,13,0.0
2025-10-07 13:00:00,117.41,118.87,117.34,118.08,2105.0,13,0.0
2025-10-07 14:00:00,118.1,118.96,118.02,118.93,1788.0,13,0.0
2025-10-07 15:00:00,118.93,120.03,118.88,119.25,1853.0,13,0.0
2025-10-07 16:00:00,119.27,119.32,118.53,118.54,1040.0,13,0.0
2025-10-07 17:00:00,118.53,119.02,118.33,118.84,1015.0,13,0.0
2025-10-07 18:00:00,118.83,119.22,118.62,119.14,858.0,13,0.0
2025-10-07 19:00:00,119.14,119.27,118.84,119.21,681.0,13,0.0
2025-10-08 10:00:00,119.66,119.92,119.62,119.86,115.0,13,0.0
2025-10-08 11:00:00,119.88,119.94,119.77,119.89,135.0,13,0.0
2025-10-08 12:00:00,119.88,119.92,119.53,119.67,278.0,13,0.0
2025-10-08 13:00:00,119.6,120.96,119.18,120.14,1927.0,13,0.0
2025-10-08 14:00:00,120.13,121.0,120.13,120.57,1562.0,13,0.0
2025-10-08 15:00:00,120.53,120.92,120.13,120.76,985.0,13,0.0
2025-10-08 16:00:00,120.77,121.27,120.71,121.11,869.0,13,0.0
2025-10-08 17:00:00,121.11,121.23,120.98,121.15,659.0,13,0.0
2025-10-08 18:00:00,121.14,121.36,120.97,121.11,662.0,13,0.0
2025-10-08 19:00:00,121.11,121.31,121.09,121.31,547.0,13,0.0
2025-10-09 10:00:00,121.37,121.4,121.24,121.27,71.0,13,0.0
2025-10-09 11:00:00,121.3,121.41,121.21,121.25,136.0,13,0.0
2025-10-09 12:00:00,121.26,121.26,120.82,121.05,259.0,13,0.0
2025-10-09 13:00:00,121.03,123.19,120.96,122.91,1657.0,13,0.0
2025-10-09 14:00:00,122.91,123.17,122.49,122.79,1430.0,13,0.0
2025-10-09 15:00:00,122.79,123.14,122.51,122.84,855.0,13,0.0
2025-10-09 16:00:00,122.84,123.42,122.81,123.19,906.0,13,0.0
2025-10-09 17:00:00,123.2,123.63,123.01,123.47,1039.0,13,0.0
2025-10-09 18:00:00,123.47,123.65,123.15,123.54,737.0,13,0.0
2025-10-09 19:00:00,123.54,123.67,123.28,123.32,689.0,13,0.0
2025-10-10 10:00:00,123.19,123.19,122.91,123.04,97.0,13,0.0
2025-10-10 11:00:00,123.07,123.12,122.99,123.08,131.0,13,0.0
2025-10-10 12:00:00,123.04,123.14,122.87,122.96,217.0,13,0.0
2025-10-10 13:00:00,122.97,124.43,122.87,124.38,1378.0,13,0.0
2025-10-10 14:00:00,124.4,124.6,124.05,124.15,1391.0,13,0.0
2025-10-10 15:00:00,124.15,124.41,122.83,123.91,2720.0,13,0.0
2025-10-10 16:00:00,123.91,124.46,123.1,123.15,1447.0,13,0.0
2025-10-10 17:00:00,123.12,123.4,122.46,122.64,1376.0,13,0.0
2025-10-10 18:00:00,122.61,122.85,122.26,122.42,1036.0,13,0.0
2025-10-10 19:00:00,122.41,122.86,122.11,122.34,808.0,13,0.0
2025-10-13 10:00:00,122.56,122.73,122.39,122.47,136.0,13,0.0
2025-10-13 11:00:00,122.45,122.67,122.43,122.6,299.0,13,0.0
2025-10-13 12:00:00,122.61,122.68,122.36,122.38,126.0,13,0.0
2025-10-13 13:00:00,122.39,122.43,120.65,122.4,1822.0,13,0.0
2025-10-13 14:00:00,122.4,123.0,122.12,122.31,1326.0,13,0.0
2025-10-13 15:00:00,122.31,122.36,121.87,122.28,827.0,13,0.0
2025-10-13 16:00:00,122.27,122.55,121.89,122.16,707.0,13,0.0
2025-10-13 17:00:00,122.15,122.15,121.81,121.96,747.0,13,0.0
2025-10-13 18:00:00,121.96,122.11,121.58,121.79,780.0,13,0.0
2025-10-13 19:00:00,121.81,122.24,121.75,122.15,550.0,13,0.0
2025-10-14 10:00:00,120.95,120.96,120.72,120.79,98.0,13,0.0
2025-10-14 11:00:00,120.87,121.51,120.87,121.46,314.0,13,0.0
2025-10-14 12:00:00,121.46,121.47,120.83,120.93,255.0,13,0.0
2025-10-14 13:00:00,120.96,121.53,120.28,120.71,1158.0,13,0.0
2025-10-14 14:00:00,120.71,122.0,120.71,121.74,1337.0,13,0.0
2025-10-14 15:00:00,121.74,122.15,121.5,121.82,1015.0,13,0.0
2025-10-14 16:00:00,121.8,122.32,121.8,121.98,878.0,13,0.0
2025-10-14 17:00:00,121.98,122.06,121.66,121.8,700.0,13,0.0
2025-10-14 18:00:00,121.8,122.17,121.56,121.56,816.0,13,0.0
2025-10-14 19:00:00,121.54,121.62,120.99,121.03,663.0,13,0.0
2025-10-15 10:00:00,121.32,121.37,121.31,121.32,82.0,13,0.0
2025-10-15 11:00:00,121.31,121.51,121.28,121.41,120.0,13,0.0
2025-10-15 12:00:00,121.37,121.74,121.26,121.62,238.0,13,0.0
2025-10-15 13:00:00,121.62,121.71,120.55,120.91,1069.0,13,0.0
2025-10-15 14:00:00,120.95,121.86,120.77,121.29,1412.0,13,0.0
2025-10-15 15:00:00,121.3,121.87,121.22,121.43,1033.0,13,0.0
2025-10-15 16:00:00,121.43,121.71,120.98,121.11,949.0,13,0.0
2025-10-15 17:00:00,121.1,121.1,120.29,120.84,998.0,13,0.0
2025-10-15 18:00:00,120.84,120.94,120.25,120.53,792.0,13,0.0
2025-10-15 19:00:00,120.53,120.78,120.4,120.53,543.0,13,0.0
2025-10-16 10:00:00,120.44,121.47,120.43,120.56,226.0,13,0.0
2025-10-16 11:00:00,120.58,120.82,120.49,120.56,206.0,13,0.0
2025-10-16 12:00:00,120.56,120.77,120.48,120.72,108.0,13,0.0
2025-10-16 13:00:00,120.66,121.61,120.56,120.88,1267.0,13,0.0
2025-10-16 14:00:00,120.89,120.89,119.78,120.67,1844.0,13,0.0
2025-10-16 15:00:00,120.67,120.67,119.01,119.19,1388.0,13,0.0
2025-10-16 16:00:00,119.19,119.2,118.04,118.79,1598.0,13,0.0
2025-10-16 17:00:00,118.79,118.91,118.4,118.59,1293.0,13,0.0
2025-10-16 18:00:00,118.59,118.67,117.53,118.05,1205.0,13,0.0
2025-10-16 19:00:00,118.06,118.21,117.72,118.03,1003.0,13,0.0
2025-10-17 10:00:00,118.15,118.49,118.12,118.37,163.0,13,0.0
2025-10-17 11:00:00,118.4,118.81,118.26,118.75,297.0,13,0.0
2025-10-17 12:00:00,118.73,119.0,118.39,118.49,302.0,13,0.0
2025-10-17 13:00:00,118.48,118.71,117.92,118.25,1404.0,13,0.0
2025-10-17 14:00:00,118.26,119.64,118.19,118.98,1834.0,13,0.0
2025-10-17 15:00:00,118.99,119.61,118.53,119.24,1379.0,13,0.0
2025-10-17 16:00:00,119.25,119.94,119.25,119.53,1393.0,13,0.0
2025-10-17 17:00:00,119.53,119.72,119.26,119.68,1037.0,13,0.0
2025-10-17 18:00:00,119.69,120.15,119.69,120.05,1112.0,13,0.0
2025-10-17 19:00:00,120.05,120.26,119.88,119.93,821.0,13,0.0
2025-10-20 10:00:00,120.24,120.28,120.03,120.16,211.0,13,0.0
2025-10-20 11:00:00,120.1,120.2,119.92,120.11,176.0,13,0.0
2025-10-20 12:00:00,120.11,120.3,120.11,120.24,111.0,13,0.0
2025-10-20 13:00:00,120.21,122.28,120.12,122.28,1699.0,13,0.0
2025-10-20 14:00:00,122.28,122.84,121.87,122.84,1517.0,13,0.0
2025-10-20 15:00:00,122.84,123.52,122.56,123.32,1317.0,13,0.0
2025-10-20 16:00:00,123.31,123.72,123.12,123.57,979.0,13,0.0
2025-10-20 17:00:00,123.57,124.57,123.57,124.55,1091.0,13,0.0
2025-10-20 18:00:00,124.55,124.69,124.05,124.11,1021.0,9,0.0
2025-10-20 19:00:00,124.12,124.16,123.66,123.71,755.0,9,0.0
2025-10-21 10:00:00,124.29,124.33,124.16,124.29,74.0,13,0.0
2025-10-21 11:00:00,124.31,124.58,124.23,124.58,306.0,13,0.0
2025-10-21 12:00:00,124.56,124.84,124.27,124.41,436.0,13,0.0
2025-10-21 13:00:00,124.41,124.73,123.08,123.57,2165.0,13,0.0
2025-10-21 14:00:00,123.58,124.31,123.5,123.73,1680.0,13,0.0
2025-10-21 15:00:00,123.73,124.25,123.67,124.21,1250.0,13,0.0
2025-10-21 16:00:00,124.21,124.35,123.92,124.27,1073.0,13,0.0
2025-10-21 17:00:00,124.27,124.3,123.91,124.28,1024.0,13,0.0
2025-10-21 18:00:00,124.26,124.32,123.93,124.1,952.0,13,0.0
2025-10-21 19:00:00,124.1,124.17,123.85,124.06,931.0,13,0.0
2025-10-22 10:00:00,116.03,116.39,115.63,115.97,524.0,13,0.0
2025-10-22 11:00:00,115.97,116.25,114.6,115.09,1350.0,13,0.0
2025-10-22 12:00:00,115.09,115.37,114.24,114.6,1291.0,13,0.0
2025-10-22 13:00:00,114.6,115.65,112.9,113.42,6167.0,13,0.0
2025-10-22 14:00:00,113.41,113.89,111.66,112.27,4432.0,13,0.0
2025-10-22 15:00:00,112.28,112.48,111.4,112.0,2800.0,13,0.0
2025-10-22 16:00:00,112.01,112.37,111.45,111.56,2268.0,9,0.0
2025-10-22 17:00:00,111.55,111.99,111.2,111.66,2162.0,9,0.0
2025-10-22 18:00:00,111.66,112.51,111.61,111.84,1793.0,13,0.0
2025-10-22 19:00:00,111.83,112.06,111.46,111.69,1483.0,9,0.0
2025-10-23 10:00:00,112.63,112.7,112.15,112.42,282.0,13,0.0
2025-10-23 11:00:00,112.36,112.43,111.89,111.96,387.0,13,0.0
2025-10-23 12:00:00,111.99,112.02,111.72,111.92,176.0,13,0.0
2025-10-23 13:00:00,111.91,112.77,111.05,111.24,2245.0,13,0.0
2025-10-23 14:00:00,111.26,111.46,110.64,111.06,1985.0,13,0.0
2025-10-23 15:00:00,111.06,111.07,109.97,110.05,1690.0,9,0.0
2025-10-23 16:00:00,110.03,111.27,109.91,111.26,1629.0,13,0.0
2025-10-23 17:00:00,111.26,111.58,110.9,111.4,1285.0,13,0.0
2025-10-23 18:00:00,111.4,111.64,111.25,111.6,1036.0,13,0.0
2025-10-23 19:00:00,111.6,111.72,111.37,111.59,908.0,9,0.0
2025-10-24 10:00:00,111.78,111.86,111.55,111.6,218.0,13,0.0
2025-10-24 11:00:00,111.56,111.59,111.4,111.55,132.0,13,0.0
2025-10-24 12:00:00,111.55,112.05,111.5,111.68,414.0,13,0.0
2025-10-24 13:00:00,111.7,111.83,109.58,110.54,2165.0,13,0.0
2025-10-24 14:00:00,110.52,111.07,109.92,109.95,1620.0,13,0.0
2025-10-24 15:00:00,109.93,110.09,109.4,109.79,1418.0,9,0.0
2025-10-24 16:00:00,109.78,110.41,109.65,110.39,1083.0,9,0.0
2025-10-24 17:00:00,110.39,110.52,109.96,109.97,1044.0,9,0.0
2025-10-24 18:00:00,109.96,110.2,109.78,109.99,943.0,9,0.0
2025-10-24 19:00:00,110.0,110.19,109.62,109.68,940.0,9,0.0
2025-10-27 10:00:00,110.33,110.44,110.14,110.23,119.0,13,0.0
2025-10-27 11:00:00,110.23,110.23,109.68,109.7,346.0,13,0.0
2025-10-27 12:00:00,109.65,110.04,109.65,110.0,213.0,13,0.0
2025-10-27 13:00:00,109.97,109.99,108.87,109.06,1626.0,13,0.0
2025-10-27 14:00:00,109.06,110.16,108.7,109.81,1758.0,13,0.0
2025-10-27 15:00:00,109.81,110.14,109.48,109.68,1251.0,13,0.0
2025-10-27 16:00:00,109.68,110.09,109.62,109.94,894.0,13,0.0
2025-10-27 17:00:00,109.94,110.11,109.83,110.08,766.0,9,0.0
2025-10-27 18:00:00,110.07,110.07,109.78,109.84,779.0,9,0.0
2025-10-27 19:00:00,109.84,109.96,109.43,109.48,707.0,9,0.0
2025-10-28 10:00:00,109.64,109.73,109.59,109.66,101.0,13,0.0
2025-10-28 11:00:00,109.65,109.72,109.48,109.59,295.0,13,0.0
2025-10-28 12:00:00,109.59,109.66,109.57,109.6,69.0,13,0.0
2025-10-28 13:00:00,109.58,111.48,109.27,111.45,1706.0,13,0.0
2025-10-28 14:00:00,111.47,111.59,110.16,110.48,1915.0,13,0.0
2025-10-28 15:00:00,110.44,110.48,109.96,109.99,1125.0,13,0.0
2025-10-28 16:00:00,109.98,110.12,109.75,110.1,992.0,13,0.0
2025-10-28 17:00:00,110.1,110.71,110.09,110.61,1030.0,9,0.0
2025-10-28 18:00:00,110.61,111.07,110.47,110.49,991.0,13,0.0
2025-10-28 19:00:00,110.49,110.71,110.15,110.56,699.0,13,0.0
2025-10-29 10:00:00,109.9,110.07,109.86,109.88,106.0,13,0.0
2025-10-29 11:00:00,109.9,110.2,109.9,109.96,326.0,13,0.0
2025-10-29 12:00:00,109.96,110.1,109.86,109.87,242.0,13,0.0
2025-10-29 13:00:00,109.87,110.65,109.55,110.28,1465.0,13,0.0
2025-10-29 14:00:00,110.25,110.76,109.87,110.0,1554.0,13,0.0
2025-10-29 15:00:00,110.01,110.35,109.77,110.14,1066.0,13,0.0
2025-10-29 16:00:00,110.14,110.4,109.71,109.75,877.0,13,0.0
2025-10-29 17:00:00,109.76,109.96,109.62,109.91,1067.0,9,0.0
2025-10-29 18:00:00,109.91,110.31,109.69,109.91,1358.0,9,0.0
2025-10-29 19:00:00,109.91,110.08,109.69,109.76,842.0,13,0.0
2025-10-30 10:00:00,109.69,109.79,109.65,109.69,83.0,13,0.0
2025-10-30 11:00:00,109.72,109.74,109.54,109.56,178.0,13,0.0
2025-10-30 12:00:00,109.56,109.57,108.72,108.92,435.0,13,0.0
2025-10-30 13:00:00,108.92,110.3,108.87,110.28,1626.0,13,0.0
2025-10-30 14:00:00,110.25,110.54,109.2,109.28,1474.0,13,0.0
2025-10-30 15:00:00,109.28,109.62,108.89,109.23,1032.0,13,0.0
2025-10-30 16:00:00,109.23,109.73,109.13,109.68,840.0,13,0.0
2025-10-30 17:00:00,109.67,110.15,109.25,110.12,738.0,13,0.0
2025-10-30 18:00:00,110.1,110.14,109.77,109.8,700.0,13,0.0
2025-10-30 19:00:00,109.8,109.82,109.12,109.29,664.0,13,0.0
2025-10-31 10:00:00,111.73,111.73,111.22,111.57,329.0,13,0.0
2025-10-31 11:00:00,111.61,111.64,110.98,111.07,413.0,13,0.0
2025-10-31 12:00:00,111.07,111.09,109.97,110.58,886.0,13,0.0
2025-10-31 13:00:00,110.61,112.46,110.18,112.24,2805.0,13,0.0
2025-10-31 14:00:00,112.25,113.1,112.02,112.96,2285.0,13,0.0
2025-10-31 15:00:00,112.98,113.41,112.6,112.83,1586.0,13,0.0
2025-10-31 16:00:00,112.78,113.02,112.27,112.38,1387.0,13,0.0
2025-10-31 17:00:00,112.39,112.55,112.07,112.09,1024.0,13,0.0
2025-10-31 18:00:00,112.09,112.25,111.67,112.18,1048.0,13,0.0
2025-10-31 19:00:00,112.18,112.41,112.0,112.12,857.0,9,0.0
2025-11-03 11:00:00,113.71,113.79,113.22,113.27,216.0,13,0.0
2025-11-03 12:00:00,113.24,113.38,112.92,113.13,372.0,13,0.0
2025-11-03 13:00:00,113.13,113.38,113.07,113.16,334.0,13,0.0
2025-11-03 14:00:00,113.18,113.49,111.2,111.6,2573.0,13,0.0
2025-11-03 15:00:00,111.6,111.69,109.46,109.47,2675.0,13,0.0
2025-11-03 16:00:00,109.47,109.79,107.47,108.68,3012.0,9,0.0
2025-11-03 17:00:00,108.68,109.3,108.58,109.25,1637.0,9,0.0
2025-11-03 18:00:00,109.24,109.61,108.81,109.38,1353.0,9,0.0
2025-11-03 19:00:00,109.37,109.69,109.18,109.67,1490.0,9,0.0
2025-11-03 20:00:00,109.68,109.92,109.39,109.8,1258.0,9,0.0
2025-11-04 11:00:00,109.43,109.7,109.11,109.36,260.0,13,0.0
2025-11-04 12:00:00,109.38,109.42,108.95,109.32,599.0,13,0.0
2025-11-04 13:00:00,109.32,109.4,109.18,109.34,248.0,13,0.0
2025-11-04 14:00:00,109.35,110.31,108.97,109.35,2460.0,13,0.0
2025-11-04 15:00:00,109.35,110.28,108.9,109.43,2356.0,13,0.0
2025-11-04 16:00:00,109.43,109.57,109.05,109.41,1759.0,9,0.0
2025-11-04 17:00:00,109.42,109.62,109.16,109.45,1491.0,9,0.0
2025-11-04 18:00:00,109.45,109.47,109.04,109.16,1480.0,9,0.0
2025-11-04 19:00:00,109.14,109.14,108.63,108.8,1617.0,9,0.0
2025-11-04 20:00:00,108.8,109.0,108.67,108.95,1213.0,9,0.0
2025-11-05 11:00:00,109.11,109.33,109.09,109.29,176.0,13,0.0
2025-11-05 12:00:00,109.28,109.28,108.86,109.11,442.0,13,0.0
2025-11-05 13:00:00,109.08,109.26,109.0,109.08,343.0,13,0.0
2025-11-05 14:00:00,109.09,109.15,107.33,108.05,1830.0,13,0.0
2025-11-05 15:00:00,108.07,108.93,107.98,108.61,1732.0,13,0.0
2025-11-05 16:00:00,108.6,108.97,108.44,108.87,1181.0,9,0.0
2025-11-05 17:00:00,108.87,109.99,108.64,109.19,1736.0,13,0.0
2025-11-05 18:00:00,109.18,109.54,108.91,109.43,820.0,13,0.0
2025-11-05 19:00:00,109.43,109.49,109.13,109.25,805.0,9,0.0
2025-11-05 20:00:00,109.25,109.55,109.19,109.52,670.0,9,0.0
2025-11-06 11:00:00,109.54,109.62,109.39,109.61,459.0,13,0.0
2025-11-06 12:00:00,109.53,109.73,109.49,109.7,246.0,13,0.0
2025-11-06 13:00:00,109.69,109.72,109.39,109.51,215.0,13,0.0
2025-11-06 14:00:00,109.49,109.82,108.54,108.58,1876.0,13,0.0
2025-11-06 15:00:00,108.57,110.1,108.54,110.0,1926.0,13,0.0
2025-11-06 16:00:00,110.01,110.28,109.69,109.88,1586.0,13,0.0
2025-11-06 17:00:00,109.88,110.22,109.66,109.83,1136.0,13,0.0
2025-11-06 18:00:00,109.83,109.83,108.95,108.99,1003.0,13,0.0
2025-11-06 19:00:00,108.98,109.04,108.47,108.97,1128.0,13,0.0
2025-11-06 20:00:00,108.97,109.51,108.92,109.29,910.0,9,0.0
2025-11-07 11:00:00,109.47,109.61,109.18,109.54,392.0,13,0.0
2025-11-07 12:00:00,109.58,109.66,109.27,109.36,383.0,13,0.0
2025-11-07 13:00:00,109.36,109.89,109.34,109.59,443.0,13,0.0
2025-11-07 14:00:00,109.59,110.37,108.74,110.13,2300.0,13,0.0
2025-11-07 15:00:00,110.12,110.74,109.55,109.63,2297.0,13,0.0
2025-11-07 16:00:00,109.63,109.68,108.93,108.93,1926.0,13,0.0
2025-11-07 17:00:00,108.93,109.08,108.7,109.05,1315.0,13,0.0
2025-11-07 18:00:00,109.06,109.53,108.83,109.52,1116.0,13,0.0
2025-11-07 19:00:00,109.52,110.24,109.37,110.15,1231.0,9,0.0
2025-11-07 20:00:00,110.14,110.24,109.86,109.92,1041.0,9,0.0
2025-11-10 11:00:00,110.92,110.98,110.77,110.84,152.0,13,0.0
2025-11-10 12:00:00,110.84,110.88,110.62,110.82,275.0,13,0.0
2025-11-10 13:00:00,110.82,110.91,110.7,110.78,200.0,13,0.0
2025-11-10 14:00:00,110.79,112.48,110.39,112.35,2281.0,13,0.0
2025-11-10 15:00:00,112.35,112.75,112.01,112.04,2068.0,13,0.0
2025-11-10 16:00:00,112.05,112.14,111.41,111.71,1425.0,13,0.0
2025-11-10 17:00:00,111.7,111.86,111.54,111.62,1020.0,9,0.0
2025-11-10 18:00:00,111.62,111.78,111.4,111.61,988.0,9,0.0
2025-11-10 19:00:00,111.61,111.72,111.23,111.69,1058.0,9,0.0
2025-11-10 20:00:00,111.69,112.39,111.67,112.03,1133.0,9,0.0
2025-11-11 11:00:00,112.03,112.12,111.93,111.99,77.0,13,0.0
2025-11-11 12:00:00,112.01,112.16,111.93,111.97,324.0,13,0.0
2025-11-11 13:00:00,111.98,112.08,111.74,111.81,174.0,13,0.0
2025-11-11 14:00:00,111.81,113.5,111.27,113.05,2366.0,13,0.0
2025-11-11 15:00:00,113.05,113.16,112.21,112.29,1770.0,9,0.0
2025-11-11 16:00:00,112.29,112.81,111.85,112.04,1656.0,9,0.0
2025-11-11 17:00:00,112.03,112.93,112.0,112.74,1302.0,9,0.0
2025-11-11 18:00:00,112.72,113.53,112.65,113.45,1358.0,9,0.0
2025-11-11 19:00:00,113.45,113.52,113.2,113.42,1378.0,9,0.0
2025-11-11 20:00:00,113.41,113.67,113.41,113.67,1148.0,9,0.0
2025-11-12 11:00:00,114.1,114.15,113.68,113.71,113.0,13,0.0
2025-11-12 12:00:00,113.71,113.95,113.62,113.75,399.0,13,0.0
2025-11-12 13:00:00,113.75,113.86,113.57,113.66,277.0,13,0.0
2025-11-12 14:00:00,113.66,113.97,112.78,113.65,1787.0,13,0.0
2025-11-12 15:00:00,113.63,114.07,113.33,113.89,1846.0,9,0.0
2025-11-12 16:00:00,113.89,114.42,113.58,114.41,1421.0,9,0.0
2025-11-12 17:00:00,114.41,115.52,114.26,115.5,1789.0,9,0.0
2025-11-12 18:00:00,115.5,115.78,115.22,115.38,1606.0,9,0.0
2025-11-12 19:00:00,115.38,115.71,115.31,115.65,1240.0,9,0.0
2025-11-12 20:00:00,115.65,116.38,115.58,116.01,1419.0,9,0.0
2025-11-13 11:00:00,116.16,116.24,116.0,116.16,140.0,13,0.0
2025-11-13 12:00:00,116.13,116.39,115.88,116.09,369.0,13,0.0
2025-11-13 13:00:00,116.07,116.11,115.49,115.65,384.0,13,0.0
2025-11-13 14:00:00,115.64,116.44,114.67,116.26,2318.0,13,0.0
2025-11-13 15:00:00,116.29,116.65,114.76,114.97,2525.0,13,0.0
2025-11-13 16:00:00,114.97,115.49,114.52,115.33,2069.0,9,0.0
2025-11-13 17:00:00,115.31,115.7,114.61,114.63,1600.0,9,0.0
2025-11-13 18:00:00,114.63,115.29,114.58,115.01,1678.0,9,0.0
2025-11-13 19:00:00,115.02,115.66,114.72,115.34,1628.0,9,0.0
2025-11-13 20:00:00,115.34,115.73,115.12,115.51,1521.0,9,0.0
2025-11-14 11:00:00,115.11,115.19,114.87,115.06,401.0,13,0.0
2025-11-14 12:00:00,115.03,115.06,114.28,114.43,881.0,13,0.0
2025-11-14 13:00:00,114.48,114.59,113.9,114.33,666.0,13,0.0
2025-11-14 14:00:00,114.35,114.6,111.85,111.92,2849.0,13,0.0
2025-11-14 15:00:00,111.91,112.17,110.67,111.47,2678.0,13,0.0
2025-11-14 16:00:00,111.47,111.83,110.87,111.2,1905.0,9,0.0
2025-11-14 17:00:00,111.18,111.92,111.08,111.65,1675.0,9,0.0
2025-11-14 18:00:00,111.64,112.17,111.5,111.89,1528.0,9,0.0
2025-11-14 19:00:00,111.88,112.69,111.88,112.63,1549.0,9,0.0
2025-11-14 20:00:00,112.63,112.73,111.4,111.49,1417.0,9,0.0
2025-11-17 11:00:00,110.68,110.87,110.68,110.76,37.0,134,0.0
2025-11-17 12:00:00,110.75,110.77,109.9,110.34,229.0,134,0.0
2025-11-17 13:00:00,110.38,110.55,109.88,110.0,314.0,134,0.0
2025-11-17 14:00:00,110.0,111.68,109.86,110.47,1681.0,27,0.0
2025-11-17 15:00:00,110.45,111.23,109.96,110.54,2254.0,27,0.0
2025-11-17 16:00:00,110.55,111.32,109.53,111.17,1857.0,27,0.0
2025-11-17 17:00:00,111.16,111.33,110.5,110.57,1347.0,27,0.0
2025-11-17 18:00:00,110.57,110.7,109.93,109.93,1381.0,27,0.0
2025-11-17 19:00:00,109.93,110.1,109.45,109.45,1187.0,27,0.0
2025-11-17 20:00:00,109.46,110.33,109.45,110.24,1202.0,27,0.0
2025-11-18 11:00:00,109.57,109.7,109.32,109.59,122.0,90,0.0
2025-11-18 12:00:00,109.41,109.66,109.02,109.03,216.0,90,0.0
2025-11-18 13:00:00,109.09,109.43,108.96,109.09,251.0,90,0.0
2025-11-18 14:00:00,109.09,112.18,108.8,112.13,1994.0,27,0.0
2025-11-18 15:00:00,112.13,112.84,110.76,111.63,2887.0,27,0.0
2025-11-18 16:00:00,111.63,113.19,111.2,113.06,2030.0,27,0.0
2025-11-18 17:00:00,113.06,113.43,112.13,113.28,1777.0,27,0.0
2025-11-18 18:00:00,113.29,114.96,113.24,113.96,2009.0,27,0.0
2025-11-18 19:00:00,113.97,114.57,113.76,114.54,1537.0,27,0.0
2025-11-18 20:00:00,114.53,114.64,113.79,114.33,1279.0,27,0.0
2025-11-19 11:00:00,113.84,114.14,113.72,113.92,184.0,90,0.0
2025-11-19 12:00:00,113.92,114.09,113.4,113.52,250.0,90,0.0
2025-11-19 13:00:00,113.45,113.56,113.15,113.28,318.0,90,0.0
2025-11-19 14:00:00,113.3,113.31,110.62,110.67,1871.0,27,0.0
2025-11-19 15:00:00,110.66,111.43,110.23,111.24,2199.0,27,0.0
2025-11-19 16:00:00,111.2,111.24,109.34,109.61,1901.0,27,0.0
2025-11-19 17:00:00,109.59,109.82,108.75,109.08,1583.0,27,0.0
2025-11-19 18:00:00,109.08,109.55,108.52,109.49,1466.0,27,0.0
2025-11-19 19:00:00,109.53,109.68,109.04,109.39,1388.0,27,0.0
2025-11-19 20:00:00,109.39,110.4,109.36,110.08,1143.0,27,0.0
2025-11-20 11:00:00,110.16,110.52,110.0,110.27,144.0,90,0.0
2025-11-20 12:00:00,110.35,110.42,110.16,110.34,137.0,90,0.0
2025-11-20 13:00:00,110.38,110.7,109.98,110.2,439.0,90,0.0
2025-11-20 14:00:00,110.22,110.74,108.89,109.04,1613.0,27,0.0
2025-11-20 15:00:00,109.09,109.73,107.76,109.15,2320.0,27,0.0
2025-11-20 16:00:00,109.13,109.32,107.05,107.18,2257.0,27,0.0
2025-11-20 17:00:00,107.19,107.54,106.44,106.78,2221.0,27,0.0
2025-11-20 18:00:00,106.76,107.2,106.08,106.17,1801.0,27,0.0
2025-11-20 19:00:00,106.18,106.7,105.91,106.7,1652.0,27,0.0
2025-11-20 20:00:00,106.7,106.71,105.58,105.58,1281.0,27,0.0
2025-11-21 11:00:00,104.99,105.36,104.88,105.11,321.0,90,0.0
2025-11-21 12:00:00,105.03,105.94,104.63,105.52,464.0,90,0.0
2025-11-21 13:00:00,105.52,106.18,104.19,104.44,482.0,90,0.0
2025-11-21 14:00:00,104.4,106.2,103.93,105.85,1639.0,27,0.0
2025-11-21 15:00:00,105.86,106.39,104.98,104.98,2557.0,27,0.0
2025-11-21 16:00:00,104.97,105.41,104.69,105.17,1915.0,27,0.0
2025-11-21 17:00:00,105.16,105.54,104.84,105.34,1509.0,27,0.0
2025-11-21 18:00:00,105.34,105.49,104.68,105.0,1478.0,27,0.0
2025-11-21 19:00:00,105.01,105.44,104.84,105.03,1478.0,27,0.0
2025-11-21 20:00:00,105.03,105.07,104.66,104.7,1111.0,27,0.0
2025-11-24 11:00:00,104.39,104.39,104.0,104.13,156.0,56,0.0
2025-11-24 12:00:00,104.19,104.19,103.34,103.54,178.0,90,0.0
2025-11-24 13:00:00,103.54,103.74,103.03,103.06,337.0,90,0.0
2025-11-24 14:00:00,103.04,104.8,102.6,104.45,1656.0,27,0.0
2025-11-24 15:00:00,104.51,104.57,103.77,103.9,1982.0,27,0.0
2025-11-24 16:00:00,103.89,104.37,103.67,103.92,1422.0,27,0.0
2025-11-24 17:00:00,103.92,104.35,103.78,104.08,1198.0,27,0.0
2025-11-24 18:00:00,104.08,104.51,103.86,104.15,998.0,27,0.0
2025-11-24 19:00:00,104.15,104.8,104.04,104.61,1291.0,27,0.0
2025-11-24 20:00:00,104.6,104.73,104.24,104.34,840.0,27,0.0
2025-11-25 11:00:00,105.69,105.75,105.33,105.55,199.0,134,0.0
2025-11-25 12:00:00,105.42,106.22,105.39,105.99,291.0,134,0.0
2025-11-25 13:00:00,106.01,106.75,105.83,106.39,313.0,90,0.0
2025-11-25 14:00:00,106.34,106.43,104.39,104.48,1539.0,27,0.0
2025-11-25 15:00:00,104.52,104.73,103.88,104.3,2210.0,27,0.0
2025-11-25 16:00:00,104.26,104.54,104.06,104.52,1454.0,27,0.0
2025-11-25 17:00:00,104.49,105.05,104.38,104.74,1162.0,27,0.0
2025-11-25 18:00:00,104.74,104.85,104.19,104.46,1285.0,27,0.0
2025-11-25 19:00:00,104.46,104.49,104.23,104.32,1029.0,27,0.0
2025-11-25 20:00:00,104.33,104.39,103.72,103.87,780.0,27,0.0
2025-11-26 11:00:00,104.33,104.37,104.11,104.25,104.0,134,0.0
2025-11-26 12:00:00,104.23,104.47,104.04,104.42,231.0,90,0.0
2025-11-26 13:00:00,104.43,104.77,104.32,104.77,208.0,90,0.0
2025-11-26 14:00:00,104.76,106.5,104.5,105.94,1392.0,27,0.0
2025-11-26 15:00:00,105.93,106.65,105.66,106.31,1648.0,27,0.0
2025-11-26 16:00:00,106.31,106.56,105.9,106.53,1039.0,27,0.0
2025-11-26 17:00:00,106.54,106.81,106.08,106.17,1044.0,27,0.0
2025-11-26 18:00:00,106.17,106.39,105.9,106.24,921.0,27,0.0
2025-11-26 19:00:00,106.23,106.29,105.93,106.02,769.0,27,0.0
2025-11-26 20:00:00,106.03,106.04,105.69,105.83,720.0,27,0.0
2025-11-28 11:00:00,105.98,105.99,105.75,105.82,51.0,90,0.0
2025-11-28 12:00:00,105.85,106.26,105.61,106.06,102.0,90,0.0
2025-11-28 13:00:00,105.96,106.05,105.63,105.69,219.0,90,0.0
2025-11-28 14:00:00,105.61,107.17,105.58,106.37,1259.0,27,0.0
2025-11-28 15:00:00,106.37,107.53,106.37,107.4,1659.0,27,0.0
2025-11-28 16:00:00,107.4,107.81,107.14,107.69,1331.0,27,0.0
2025-11-28 17:00:00,107.7,107.75,106.96,107.41,1091.0,27,0.0
2025-12-01 11:00:00,105.9,106.17,105.9,106.11,39.0,134,0.0
2025-12-01 12:00:00,106.13,106.13,105.56,105.93,157.0,134,0.0
2025-12-01 13:00:00,105.93,106.25,105.76,105.8,161.0,90,0.0
2025-12-01 14:00:00,105.81,107.81,105.61,107.79,1258.0,27,0.0
2025-12-01 15:00:00,107.83,108.41,107.59,108.4,1723.0,27,0.0
2025-12-01 16:00:00,108.39,108.67,107.9,108.41,1122.0,27,0.0
2025-12-01 17:00:00,108.39,108.84,108.18,108.6,833.0,27,0.0
2025-12-01 18:00:00,108.6,108.99,108.54,108.73,774.0,27,0.0
2025-12-01 19:00:00,108.73,108.8,108.32,108.78,886.0,27,0.0
2025-12-01 20:00:00,108.78,109.2,108.73,109.11,673.0,27,0.0
2025-12-02 11:00:00,109.32,109.43,109.09,109.24,94.0,90,0.0
2025-12-02 12:00:00,109.15,109.2,108.9,109.2,117.0,90,0.0
2025-12-02 13:00:00,109.1,109.19,108.67,108.78,122.0,90,0.0
2025-12-02 14:00:00,108.78,108.88,107.84,108.36,1214.0,27,0.0
2025-12-02 15:00:00,108.34,108.56,107.73,108.24,1486.0,27,0.0
2025-12-02 16:00:00,108.25,108.49,107.4,107.66,1466.0,27,0.0
2025-12-02 17:00:00,107.66,108.62,107.65,108.49,1007.0,27,0.0
2025-12-02 18:00:00,108.46,109.29,108.44,109.24,1123.0,27,0.0
2025-12-02 19:00:00,109.23,109.49,109.05,109.43,920.0,27,0.0
2025-12-02 20:00:00,109.44,109.59,109.26,109.48,604.0,27,0.0
2025-12-03 11:00:00,107.0,107.05,106.73,106.98,119.0,134,0.0
2025-12-03 12:00:00,106.99,107.73,106.94,107.0,228.0,134,0.0
2025-12-03 13:00:00,107.02,107.14,106.66,106.75,304.0,90,0.0
2025-12-03 14:00:00,106.75,106.78,102.51,102.96,1864.0,27,0.0
2025-12-03 15:00:00,102.97,103.6,101.91,103.09,2142.0,27,0.0
2025-12-03 16:00:00,103.09,103.61,102.73,103.29,1315.0,27,0.0
2025-12-03 17:00:00,103.29,103.69,103.09,103.53,936.0,27,0.0
2025-12-03 18:00:00,103.52,103.63,102.95,102.97,918.0,27,0.0
2025-12-03 19:00:00,102.97,103.9,102.97,103.85,959.0,27,0.0
2025-12-03 20:00:00,103.85,104.17,103.53,103.67,689.0,27,0.0
2025-12-04 11:00:00,103.69,103.89,103.18,103.36,178.0,41,0.0
2025-12-04 12:00:00,103.44,103.94,103.38,103.74,157.0,90,0.0
2025-12-04 13:00:00,103.81,103.89,103.53,103.74,171.0,90,0.0
2025-12-04 14:00:00,103.73,104.44,101.69,102.97,2310.0,27,0.0
2025-12-04 15:00:00,102.97,103.04,102.21,102.4,1827.0,27,0.0
2025-12-04 16:00:00,102.4,102.49,101.65,102.19,1152.0,27,0.0
2025-12-04 17:00:00,102.19,102.49,101.91,102.29,950.0,27,0.0
2025-12-04 18:00:00,102.3,103.04,102.17,102.89,1006.0,27,0.0
2025-12-04 19:00:00,102.89,103.16,102.68,103.06,857.0,27,0.0
2025-12-04 20:00:00,103.06,103.65,103.02,103.28,737.0,27,0.0
2025-12-05 11:00:00,101.42,101.76,101.37,101.55,306.0,90,0.0
2025-12-05 12:00:00,101.6,102.46,99.31,100.35,1984.0,90,0.0
2025-12-05 13:00:00,100.36,100.64,98.13,99.34,1685.0,56,0.0
2025-12-05 14:00:00,99.34,102.95,97.51,102.72,2771.0,27,0.0
2025-12-05 15:00:00,102.71,104.64,101.95,102.31,2532.0,27,0.0
2025-12-05 16:00:00,102.32,102.54,99.89,100.06,2253.0,27,0.0
2025-12-05 17:00:00,100.06,100.31,99.22,99.32,1658.0,27,0.0
2025-12-05 18:00:00,99.32,99.82,99.29,99.45,1315.0,27,0.0
2025-12-05 19:00:00,99.45,100.83,99.36,100.51,1630.0,27,0.0
2025-12-05 20:00:00,100.49,100.72,99.97,100.13,1129.0,27,0.0
2025-12-08 11:00:00,101.18,101.39,100.54,100.84,324.0,134,0.0
2025-12-08 12:00:00,100.85,101.07,99.88,100.3,419.0,90,0.0
2025-12-08 13:00:00,100.33,100.52,99.77,99.78,383.0,90,0.0
2025-12-08 14:00:00,99.77,100.92,96.58,97.05,2331.0,27,0.0
2025-12-08 15:00:00,97.09,97.23,95.17,96.4,2342.0,27,0.0
2025-12-08 16:00:00,96.39,96.42,95.31,95.89,1578.0,27,0.0
2025-12-08 17:00:00,95.88,96.39,95.62,95.91,1419.0,27,0.0
2025-12-08 18:00:00,95.91,96.21,95.34,96.07,1353.0,27,0.0
2025-12-08 19:00:00,96.06,96.81,95.83,96.38,1463.0,27,0.0
2025-12-08 20:00:00,96.38,96.89,95.89,96.87,1048.0,27,0.0
2025-12-09 11:00:00,96.74,96.98,96.59,96.8,193.0,56,0.0
2025-12-09 12:00:00,96.69,96.75,96.4,96.69,178.0,90,0.0
2025-12-09 13:00:00,96.7,96.72,96.44,96.56,213.0,90,0.0
2025-12-09 14:00:00,96.58,96.97,96.07,96.83,1273.0,27,0.0
2025-12-09 15:00:00,96.83,96.92,95.81,95.95,1346.0,27,0.0
2025-12-09 16:00:00,95.95,96.49,95.75,96.05,899.0,27,0.0
2025-12-09 17:00:00,96.04,96.19,95.32,95.37,812.0,27,0.0
2025-12-09 18:00:00,95.37,96.03,95.37,95.95,763.0,27,0.0
2025-12-09 19:00:00,95.97,97.05,95.92,96.42,1115.0,27,0.0
2025-12-09 20:00:00,96.42,96.94,96.24,96.93,620.0,27,0.0
2025-12-10 11:00:00,96.14,96.26,96.03,96.13,121.0,90,0.0
2025-12-10 12:00:00,96.13,96.24,95.97,96.05,130.0,90,0.0
2025-12-10 13:00:00,96.05,96.26,96.05,96.19,128.0,90,0.0
2025-12-10 14:00:00,96.18,96.74,95.23,95.38,1167.0,27,0.0
2025-12-10 15:00:00,95.34,95.55,94.54,94.62,1403.0,27,0.0
2025-12-10 16:00:00,94.63,95.1,94.5,94.81,920.0,27,0.0
2025-12-10 17:00:00,94.8,94.9,94.12,94.12,699.0,27,0.0
2025-12-10 18:00:00,94.12,94.39,93.62,93.62,827.0,27,0.0
2025-12-10 19:00:00,93.63,93.89,92.94,92.95,1612.0,27,0.0
2025-12-10 20:00:00,92.97,93.49,92.87,92.98,860.0,27,0.0
2025-12-11 11:00:00,93.38,93.57,93.18,93.52,178.0,90,0.0
2025-12-11 12:00:00,93.48,93.48,92.99,93.44,300.0,90,0.0
2025-12-11 13:00:00,93.44,93.53,92.86,92.93,279.0,90,0.0
2025-12-11 14:00:00,92.9,93.79,92.58,93.63,1466.0,27,0.0
2025-12-11 15:00:00,93.63,94.53,93.53,94.04,1684.0,27,0.0
2025-12-11 16:00:00,94.04,94.32,93.59,94.22,1231.0,27,0.0
2025-12-11 17:00:00,94.23,94.68,94.09,94.15,1020.0,27,0.0
2025-12-11 18:00:00,94.14,94.4,93.92,94.07,824.0,27,0.0
2025-12-11 19:00:00,94.07,94.31,93.71,93.83,678.0,27,0.0
2025-12-11 20:00:00,93.83,93.9,93.56,93.76,531.0,27,0.0
2025-12-12 11:00:00,94.41,94.92,94.29,94.41,224.0,90,0.0
2025-12-12 12:00:00,94.42,94.42,94.04,94.16,245.0,90,0.0
2025-12-12 13:00:00,94.14,94.28,93.78,94.21,286.0,90,0.0
2025-12-12 14:00:00,94.23,96.78,94.23,96.26,1475.0,27,0.0
2025-12-12 15:00:00,96.25,96.45,94.84,95.06,1887.0,27,0.0
2025-12-12 16:00:00,95.04,95.23,94.72,95.03,1588.0,27,0.0
2025-12-12 17:00:00,95.03,95.32,94.9,95.27,1059.0,27,0.0
2025-12-12 18:00:00,95.28,95.57,95.15,95.46,890.0,27,0.0
2025-12-12 19:00:00,95.48,95.7,95.35,95.58,809.0,27,0.0
2025-12-12 20:00:00,95.58,95.63,95.03,95.07,627.0,27,0.0
2025-12-15 11:00:00,95.28,95.53,95.18,95.53,95.0,90,0.0
2025-12-15 12:00:00,95.53,95.53,95.19,95.24,138.0,90,0.0
2025-12-15 13:00:00,95.24,95.67,95.2,95.52,185.0,90,0.0
2025-12-15 14:00:00,95.52,95.99,94.18,94.49,1369.0,27,0.0
2025-12-15 15:00:00,94.49,94.57,93.71,94.09,1542.0,27,0.0
2025-12-15 16:00:00,94.09,94.42,93.64,93.74,1127.0,27,0.0
2025-12-15 17:00:00,93.74,94.09,93.62,93.9,897.0,27,0.0
2025-12-15 18:00:00,93.9,93.92,93.41,93.84,865.0,27,0.0
2025-12-15 19:00:00,93.84,94.03,93.61,93.8,731.0,27,0.0
2025-12-15 20:00:00,93.8,93.81,93.42,93.44,489.0,27,0.0
2025-12-16 11:00:00,92.64,92.96,92.64,92.92,73.0,90,0.0
2025-12-16 12:00:00,92.93,93.19,92.91,93.11,119.0,90,0.0
2025-12-16 13:00:00,93.15,93.48,93.03,93.12,238.0,90,0.0
2025-12-16 14:00:00,93.14,93.99,93.03,93.89,1227.0,27,0.0
2025-12-16 15:00:00,93.87,94.25,93.6,94.21,1509.0,27,0.0
2025-12-16 16:00:00,94.22,94.45,93.8,94.43,1017.0,27,0.0
2025-12-16 17:00:00,94.43,94.54,93.84,93.84,873.0,27,0.0
2025-12-16 18:00:00,93.84,94.52,93.68,94.32,1025.0,27,0.0
2025-12-16 19:00:00,94.32,94.38,94.08,94.09,829.0,27,0.0
2025-12-16 20:00:00,94.09,94.37,94.06,94.35,476.0,27,0.0
2025-12-17 11:00:00,95.61,95.63,95.34,95.51,135.0,134,0.0
2025-12-17 12:00:00,95.52,95.77,95.11,95.73,300.0,90,0.0
2025-12-17 13:00:00,95.74,96.04,95.57,95.65,351.0,90,0.0
2025-12-17 14:00:00,95.67,97.04,95.45,96.4,1574.0,27,0.0
2025-12-17 15:00:00,96.39,97.18,96.04,96.18,1872.0,27,0.0
2025-12-17 16:00:00,96.18,96.22,95.07,95.63,1500.0,27,0.0
2025-12-17 17:00:00,95.64,95.82,95.49,95.61,962.0,27,0.0
2025-12-17 18:00:00,95.62,95.78,95.09,95.15,958.0,27,0.0
2025-12-17 19:00:00,95.15,95.24,94.86,94.93,873.0,27,0.0
2025-12-17 20:00:00,94.93,94.99,94.36,94.5,598.0,27,0.0
2025-12-18 11:00:00,94.8,94.82,94.58,94.77,57.0,90,0.0
2025-12-18 12:00:00,94.71,94.71,94.38,94.4,124.0,90,0.0
2025-12-18 13:00:00,94.4,94.92,94.27,94.68,259.0,90,0.0
2025-12-18 14:00:00,94.68,95.28,93.93,95.12,1324.0,27,0.0
2025-12-18 15:00:00,95.14,95.67,94.68,95.07,1487.0,27,0.0
2025-12-18 16:00:00,95.07,95.28,94.37,94.52,984.0,27,0.0
2025-12-18 17:00:00,94.51,94.64,93.85,94.11,1061.0,27,0.0
2025-12-18 18:00:00,94.1,94.14,93.68,94.01,756.0,27,0.0
2025-12-18 19:00:00,94.03,94.03,93.56,93.56,768.0,27,0.0
2025-12-18 20:00:00,93.56,93.9,93.48,93.8,555.0,27,0.0
2025-12-19 11:00:00,93.92,93.97,93.71,93.84,85.0,90,0.0
2025-12-19 12:00:00,93.8,93.8,93.62,93.71,87.0,90,0.0
2025-12-19 13:00:00,93.67,93.87,93.63,93.84,129.0,90,0.0
2025-12-19 14:00:00,93.84,95.19,93.05,94.95,1223.0,27,0.0
2025-12-19 15:00:00,94.97,95.14,94.25,94.8,1400.0,27,0.0
2025-12-19 16:00:00,94.79,95.2,94.76,94.82,748.0,27,0.0
2025-12-19 17:00:00,94.82,95.4,94.82,95.12,598.0,27,0.0
2025-12-19 18:00:00,95.12,95.21,94.48,94.62,575.0,27,0.0
2025-12-19 19:00:00,94.63,94.75,94.42,94.47,599.0,27,0.0
2025-12-19 20:00:00,94.47,94.75,94.43,94.68,465.0,27,0.0
2025-12-22 11:00:00,94.78,94.87,94.68,94.85,100.0,41,0.0
2025-12-22 12:00:00,94.79,94.91,94.38,94.42,165.0,56,0.0
2025-12-22 13:00:00,94.44,95.3,93.95,94.19,394.0,90,0.0
2025-12-22 14:00:00,94.19,94.4,93.09,93.26,1187.0,27,0.0
2025-12-22 15:00:00,93.26,93.73,93.06,93.39,1270.0,27,0.0
2025-12-22 16:00:00,93.39,93.83,93.36,93.51,738.0,27,0.0
2025-12-22 17:00:00,93.51,93.58,93.22,93.33,511.0,27,0.0
2025-12-22 18:00:00,93.33,93.36,92.79,92.9,601.0,27,0.0
2025-12-22 19:00:00,92.91,93.2,92.83,93.04,463.0,27,0.0
2025-12-22 20:00:00,93.05,93.12,92.92,93.11,333.0,27,0.0
2025-12-23 11:00:00,93.19,93.32,93.11,93.16,62.0,41,0.0
2025-12-23 12:00:00,93.14,93.14,92.61,92.84,154.0,56,0.0
2025-12-23 13:00:00,92.82,92.84,92.69,92.69,167.0,90,0.0
2025-12-23 14:00:00,92.69,93.64,92.63,93.02,1047.0,27,0.0
2025-12-23 15:00:00,93.01,93.38,92.64,93.32,1007.0,27,0.0
2025-12-23 16:00:00,93.32,93.42,93.06,93.2,601.0,27,0.0
2025-12-23 17:00:00,93.2,93.32,93.14,93.21,380.0,27,0.0
2025-12-23 18:00:00,93.21,93.25,92.96,93.07,359.0,27,0.0
2025-12-23 19:00:00,93.07,93.18,92.95,93.15,371.0,27,0.0
2025-12-23 20:00:00,93.15,93.2,92.94,92.99,290.0,27,0.0
2025-12-24 11:00:00,92.98,93.02,92.95,92.99,33.0,90,0.0
2025-12-24 12:00:00,92.98,93.03,92.8,92.96,107.0,90,0.0
2025-12-24 13:00:00,92.96,93.03,92.83,92.97,96.0,90,0.0
2025-12-24 14:00:00,92.94,93.09,92.53,92.68,726.0,27,0.0
2025-12-24 15:00:00,92.68,93.41,92.67,93.25,746.0,27,0.0
2025-12-24 16:00:00,93.25,93.49,93.19,93.29,468.0,27,0.0
2025-12-24 17:00:00,93.29,93.53,93.23,93.51,437.0,27,0.0
2025-12-26 11:00:00,93.25,93.32,93.09,93.09,104.0,90,0.0
2025-12-26 12:00:00,93.09,93.15,92.99,93.05,107.0,90,0.0
2025-12-26 13:00:00,93.08,93.11,92.97,93.0,109.0,90,0.0
2025-12-26 14:00:00,93.0,93.54,92.86,93.48,753.0,27,0.0
2025-12-26 15:00:00,93.48,94.55,93.42,94.49,1025.0,27,0.0
2025-12-26 16:00:00,94.49,94.52,94.0,94.09,623.0,27,0.0
2025-12-26 17:00:00,94.08,94.17,93.89,94.08,498.0,27,0.0
2025-12-26 18:00:00,94.08,94.28,93.91,94.15,434.0,27,0.0
2025-12-26 19:00:00,94.15,94.4,94.05,94.37,345.0,27,0.0
2025-12-26 20:00:00,94.37,94.44,94.02,94.18,277.0,27,0.0
2025-12-29 11:00:00,93.94,94.0,93.74,93.92,109.0,41,0.0
2025-12-29 12:00:00,93.95,93.98,93.63,93.75,128.0,56,0.0
2025-12-29 13:00:00,93.76,93.86,93.58,93.58,209.0,90,0.0
2025-12-29 14:00:00,93.59,94.82,93.41,94.3,1066.0,27,0.0
2025-12-29 15:00:00,94.31,94.36,93.62,93.71,1043.0,27,0.0
2025-12-29 16:00:00,93.7,93.81,93.59,93.65,591.0,27,0.0
2025-12-29 17:00:00,93.65,93.73,93.5,93.72,383.0,27,0.0
2025-12-29 18:00:00,93.72,93.85,93.54,93.72,365.0,27,0.0
2025-12-29 19:00:00,93.72,94.31,93.71,94.24,405.0,27,0.0
2025-12-29 20:00:00,94.23,94.23,93.97,94.06,303.0,27,0.0
2025-12-30 11:00:00,93.66,93.74,93.28,93.49,94.0,56,0.0
2025-12-30 12:00:00,93.52,93.54,93.35,93.37,79.0,90,0.0
2025-12-30 13:00:00,93.38,93.58,93.24,93.52,163.0,56,0.0
2025-12-30 14:00:00,93.48,93.69,93.07,93.69,814.0,27,0.0
2025-12-30 15:00:00,93.67,93.85,93.22,93.49,791.0,27,0.0
2025-12-30 16:00:00,93.48,93.83,93.39,93.52,557.0,27,0.0
2025-12-30 17:00:00,93.52,93.79,93.48,93.72,334.0,27,0.0
2025-12-30 18:00:00,93.72,93.77,93.58,93.68,274.0,27,0.0
2025-12-30 19:00:00,93.68,93.84,93.6,93.64,345.0,27,0.0
2025-12-30 20:00:00,93.64,93.75,93.59,93.73,243.0,27,0.0
2025-12-31 11:00:00,93.09,93.12,93.07,93.09,17.0,90,0.0
2025-12-31 12:00:00,93.09,93.09,92.98,93.02,82.0,90,0.0
2025-12-31 13:00:00,93.03,93.19,92.95,93.15,126.0,90,0.0
2025-12-31 14:00:00,93.12,93.9,92.9,93.27,891.0,27,0.0
2025-12-31 15:00:00,93.24,93.47,93.13,93.23,771.0,27,0.0
2025-12-31 16:00:00,93.24,93.96,93.2,93.95,578.0,27,0.0
2025-12-31 17:00:00,93.95,94.11,93.72,93.85,596.0,27,0.0
2025-12-31 18:00:00,93.85,94.16,93.76,94.09,479.0,27,0.0
2025-12-31 19:00:00,94.1,94.16,93.84,93.85,400.0,27,0.0
2025-12-31 20:00:00,93.85,93.85,93.57,93.67,418.0,27,0.0
2026-01-02 11:00:00,93.8,93.84,93.7,93.78,40.0,90,0.0
2026-01-02 12:00:00,93.75,93.79,93.6,93.7,64.0,90,0.0
2025-08-08 10:00:00,118.36,118.36,118.27,118.32,8.0,13,0.0
2025-08-08 11:00:00,118.31,118.31,118.04,118.06,387.0,13,0.0
2025-08-07 10:00:00,118.24,118.51,118.22,118.38,193.0,13,0.0
2025-08-07 11:00:00,118.38,118.38,117.89,118.01,151.0,13,0.0
2025-08-07 12:00:00,118.02,118.09,117.54,117.66,226.0,13,0.0
2025-08-07 13:00:00,117.66,119.04,117.54,117.96,1457.0,13,0.0
2025-08-07 14:00:00,117.99,118.59,117.71,118.36,1129.0,13,0.0
2025-08-07 15:00:00,118.36,118.38,117.44,117.51,803.0,13,0.0
2025-08-07 16:00:00,117.5,117.72,116.8,117.7,815.0,13,0.0
2025-08-07 17:00:00,117.7,117.78,117.28,117.34,706.0,13,0.0
2025-08-07 18:00:00,117.35,117.43,116.88,117.18,585.0,13,0.0
2025-08-07 19:00:00,117.17,117.62,117.17,117.56,578.0,13,0.0
2025-08-06 15:00:00,115.82,116.78,115.72,116.59,1069.0,13,0.0
2025-08-06 16:00:00,116.6,117.75,116.49,117.63,936.0,13,0.0
2025-08-06 17:00:00,117.64,117.68,117.26,117.35,678.0,13,0.0
2025-08-06 18:00:00,117.35,117.95,117.34,117.85,694.0,13,0.0
2025-08-06 19:00:00,117.84,118.06,117.44,117.45,694.0,13,0.0
2025-08-06 10:00:00,114.71,114.79,114.12,114.4,246.0,13,0.0
2025-08-06 11:00:00,114.45,114.71,114.4,114.68,158.0,13,0.0
2025-08-06 12:00:00,114.71,114.87,114.6,114.87,130.0,13,0.0
2025-08-06 13:00:00,114.84,116.24,114.83,116.17,1446.0,13,0.0
2025-08-06 14:00:00,116.17,116.58,115.32,115.82,1218.0,13,0.0
2025-07-31 13:00:00,118.28,118.87,117.34,117.83,1401.0,13,0.0
2025-07-31 14:00:00,117.8,118.17,117.14,117.27,1181.0,13,0.0
2025-07-31 15:00:00,117.27,117.56,117.02,117.53,757.0,13,0.0
2025-07-31 16:00:00,117.53,117.73,117.14,117.32,706.0,13,0.0
2025-07-31 17:00:00,117.33,117.48,116.81,117.0,807.0,13,0.0
2025-07-31 18:00:00,116.99,117.5,116.94,117.03,640.0,13,0.0
2025-07-31 19:00:00,117.02,117.22,116.4,116.51,798.0,13,0.0
2025-08-01 10:00:00,115.96,115.96,115.53,115.55,191.0,13,0.0
2025-08-01 11:00:00,115.65,115.89,115.53,115.81,221.0,13,0.0
2025-08-01 12:00:00,115.8,115.93,115.69,115.82,254.0,13,0.0
2025-08-01 13:00:00,115.83,116.68,115.2,116.42,1764.0,13,0.0
2025-08-01 14:00:00,116.39,117.75,116.17,116.93,1636.0,13,0.0
2025-08-01 15:00:00,116.93,117.12,116.32,116.38,1066.0,13,0.0
2025-08-01 16:00:00,116.37,116.44,115.65,115.76,1030.0,13,0.0
2025-08-01 17:00:00,115.76,115.92,115.48,115.5,825.0,13,0.0
2025-08-01 18:00:00,115.51,116.26,115.4,115.63,938.0,13,0.0
2025-08-01 19:00:00,115.63,115.83,115.5,115.64,766.0,13,0.0
2025-08-04 10:00:00,116.23,116.31,116.01,116.09,565.0,13,0.0
2025-08-04 11:00:00,116.1,116.15,115.99,116.03,143.0,13,0.0
2025-08-04 12:00:00,116.04,116.19,116.03,116.18,43.0,13,0.0
2025-08-04 13:00:00,116.18,117.63,116.16,117.29,1177.0,13,0.0
2025-08-04 14:00:00,117.3,117.44,116.34,116.42,1023.0,13,0.0
2025-08-04 15:00:00,116.43,116.65,116.17,116.54,682.0,13,0.0
2025-08-04 16:00:00,116.54,117.01,116.54,116.9,509.0,13,0.0
2025-08-04 17:00:00,116.89,116.98,116.62,116.76,410.0,13,0.0
2025-08-04 18:00:00,116.76,116.76,116.42,116.72,550.0,13,0.0
2025-08-04 19:00:00,116.72,116.87,116.59,116.82,444.0,13,0.0
2025-08-05 10:00:00,116.97,117.4,116.95,117.37,84.0,13,0.0
2025-08-05 11:00:00,117.36,117.45,117.28,117.35,78.0,13,0.0
2025-08-05 12:00:00,117.38,117.38,117.1,117.27,153.0,13,0.0
2025-08-05 13:00:00,117.23,117.25,116.5,116.83,881.0,13,0.0
2025-08-05 14:00:00,116.81,116.97,115.67,115.95,1127.0,13,0.0
2025-08-05 15:00:00,115.95,116.14,115.66,115.76,807.0,13,0.0
2025-08-05 16:00:00,115.78,115.88,115.47,115.8,781.0,13,0.0
2025-08-05 17:00:00,115.8,116.1,115.67,115.7,585.0,13,0.0
2025-08-05 18:00:00,115.69,115.7,114.66,114.8,968.0,13,0.0
2025-08-05 19:00:00,114.8,114.88,114.42,114.47,692.0,13,0.0
2025-07-31 12:00:00,117.97,118.27,117.92,118.25,233.0,13,0.0
2025-07-31 11:00:00,117.97,118.05,117.87,117.98,297.0,13,0.0
2025-07-30 11:00:00,116.78,116.87,116.64,116.72,123.0,13,0.0
2025-07-30 12:00:00,116.73,116.86,116.67,116.77,85.0,13,0.0
2025-07-30 13:00:00,116.76,117.58,116.57,117.53,876.0,13,0.0
2025-07-30 14:00:00,117.53,117.78,117.24,117.27,714.0,13,0.0
2025-07-30 15:00:00,117.3,117.92,117.29,117.81,570.0,13,0.0
2025-07-30 16:00:00,117.81,117.83,117.41,117.53,410.0,13,0.0
2025-07-30 17:00:00,117.53,117.53,117.19,117.28,433.0,13,0.0
2025-07-30 18:00:00,117.26,117.94,117.26,117.71,680.0,13,0.0
2025-07-30 19:00:00,117.71,118.28,117.54,117.97,889.0,13,0.0
2025-07-31 10:00:00,117.7,118.02,117.59,117.93,146.0,13,0.0
2025-07-29 19:00:00,117.02,117.03,116.72,116.89,466.0,13,0.0
2021-10-27 17:00:00,66.67,66.82,66.64,66.78,247.0,4,0.0
2021-10-28 10:00:00,66.25,66.35,66.23,66.33,32.0,4,0.0
2021-10-28 11:00:00,66.32,66.63,66.31,66.55,288.0,4,0.0
2021-10-28 12:00:00,66.53,66.63,66.49,66.53,60.0,6,0.0
2021-10-28 13:00:00,66.55,67.46,66.5,67.32,1899.0,4,0.0
2021-10-28 14:00:00,67.33,67.43,67.11,67.28,1673.0,4,0.0
2021-10-28 15:00:00,67.28,67.48,67.22,67.38,998.0,4,0.0
2021-10-28 16:00:00,67.38,67.48,67.28,67.31,806.0,4,0.0
2021-10-28 17:00:00,67.32,67.46,67.14,67.44,928.0,4,0.0
2021-10-28 18:00:00,67.44,67.66,67.42,67.5,905.0,4,0.0
2021-10-28 19:00:00,67.49,67.55,67.2,67.2,738.0,4,0.0
2021-10-29 10:00:00,67.06,67.2,67.04,67.17,57.0,4,0.0
2021-10-29 11:00:00,67.16,67.38,67.16,67.21,437.0,4,0.0
2021-10-29 12:00:00,67.22,67.29,67.17,67.21,115.0,6,0.0
2021-10-29 13:00:00,67.24,67.92,67.12,67.62,1630.0,4,0.0
2021-10-29 14:00:00,67.64,67.92,67.4,67.79,1789.0,4,0.0
2021-10-29 15:00:00,67.81,68.11,67.79,68.03,1210.0,4,0.0
2021-10-29 16:00:00,68.03,68.26,67.99,68.13,808.0,3,0.0
2021-10-29 17:00:00,68.13,68.52,68.12,68.49,1021.0,3,0.0
2021-10-29 18:00:00,68.5,68.79,68.46,68.78,1043.0,3,0.0
2021-10-29 19:00:00,68.78,69.0,68.66,68.95,900.0,4,0.0
2021-11-01 10:00:00,69.12,69.16,69.07,69.11,46.0,6,0.0
2021-11-01 11:00:00,69.12,69.19,69.01,69.04,189.0,6,0.0
2021-11-01 12:00:00,69.03,69.07,68.95,69.02,118.0,6,0.0
2021-11-01 13:00:00,69.02,69.02,68.21,68.66,1582.0,4,0.0
2021-11-01 14:00:00,68.66,68.66,68.16,68.21,1758.0,4,0.0
2021-11-01 15:00:00,68.2,68.55,68.19,68.42,1065.0,4,0.0
2021-11-01 16:00:00,68.42,68.47,68.06,68.08,912.0,4,0.0
2021-11-01 17:00:00,68.07,68.12,67.74,67.79,859.0,4,0.0
2021-11-01 18:00:00,67.79,67.87,67.64,67.7,987.0,4,0.0
2021-11-01 19:00:00,67.71,68.0,67.71,67.9,620.0,3,0.0
2021-11-02 10:00:00,68.31,68.57,68.29,68.52,170.0,6,0.0
2021-11-02 11:00:00,68.5,68.5,68.35,68.43,110.0,6,0.0
2021-11-02 12:00:00,68.43,68.44,68.36,68.37,28.0,6,0.0
2021-11-02 13:00:00,68.39,68.4,67.83,68.12,1130.0,4,0.0
2021-11-02 14:00:00,68.1,68.3,67.73,67.76,1442.0,4,0.0
2021-11-02 15:00:00,67.76,67.97,67.54,67.63,1106.0,4,0.0
2021-11-02 16:00:00,67.63,67.67,67.36,67.47,924.0,4,0.0
2021-11-02 17:00:00,67.47,68.73,67.47,68.03,3056.0,4,0.0
2021-11-02 18:00:00,68.03,68.05,67.77,67.88,895.0,4,0.0
2021-11-02 19:00:00,67.88,67.92,67.67,67.75,789.0,4,0.0
2021-11-03 11:00:00,67.63,67.7,67.61,67.69,100.0,4,0.0
2021-11-03 12:00:00,67.7,67.72,67.62,67.68,98.0,4,0.0
2021-11-03 13:00:00,67.69,68.12,67.63,67.9,957.0,4,0.0
2021-11-03 14:00:00,67.9,68.31,67.73,68.12,1467.0,4,0.0
2021-11-03 15:00:00,68.11,68.31,68.0,68.31,765.0,4,0.0
2021-11-03 16:00:00,68.3,68.34,68.1,68.29,756.0,3,0.0
2021-11-03 17:00:00,68.3,68.63,68.22,68.49,904.0,4,0.0
2021-11-03 18:00:00,68.5,68.82,68.38,68.78,1377.0,4,0.0
2021-11-03 19:00:00,68.78,68.91,68.71,68.88,813.0,4,0.0
2021-11-04 10:00:00,68.83,68.84,68.79,68.81,35.0,4,0.0
2021-11-04 11:00:00,68.8,68.86,68.8,68.81,30.0,4,0.0
2021-11-04 12:00:00,68.83,68.84,68.62,68.74,92.0,4,0.0
2021-11-04 13:00:00,68.72,68.75,67.95,67.99,1755.0,4,0.0
2021-11-04 14:00:00,68.0,68.14,67.59,67.73,1859.0,4,0.0
2021-11-04 15:00:00,67.73,67.73,66.9,66.93,1578.0,4,0.0
2021-11-04 16:00:00,66.92,66.94,66.53,66.7,1510.0,4,0.0
2021-11-04 17:00:00,66.69,66.74,66.54,66.69,1076.0,4,0.0
2021-11-04 18:00:00,66.7,67.1,66.58,67.0,1215.0,4,0.0
2021-11-04 19:00:00,66.98,67.06,66.84,66.87,794.0,4,0.0
2021-11-05 10:00:00,66.96,67.17,66.92,66.96,158.0,6,0.0
2021-11-05 11:00:00,66.96,66.98,66.3,66.38,236.0,6,0.0
2021-11-05 12:00:00,66.39,66.44,66.07,66.29,124.0,6,0.0
2021-11-05 13:00:00,66.28,66.47,65.39,66.03,2545.0,4,0.0
2021-11-05 14:00:00,66.03,66.53,65.69,65.7,1804.0,4,0.0
2021-11-05 15:00:00,65.69,65.69,65.34,65.56,1163.0,4,0.0
2021-11-05 16:00:00,65.57,65.77,65.1,65.16,1035.0,4,0.0
2021-11-05 17:00:00,65.17,65.25,64.75,64.84,1305.0,4,0.0
2021-11-05 18:00:00,64.83,64.88,64.6,64.77,1090.0,4,0.0
2021-11-05 19:00:00,64.76,64.78,64.49,64.59,924.0,3,0.0
2021-11-08 11:00:00,65.09,65.09,65.03,65.04,74.0,4,0.0
2021-11-08 12:00:00,65.03,65.04,64.81,64.84,214.0,4,0.0
2021-11-08 13:00:00,64.84,64.86,64.81,64.84,63.0,4,0.0
2021-11-08 14:00:00,64.85,65.56,64.67,65.39,1598.0,4,0.0
2021-11-08 15:00:00,65.4,65.49,65.01,65.18,1803.0,3,0.0
2021-11-08 16:00:00,65.18,65.25,64.81,64.96,1125.0,3,0.0
2021-11-08 17:00:00,64.96,64.96,64.36,64.66,1146.0,3,0.0
2021-11-08 18:00:00,64.66,65.2,64.63,65.07,1020.0,3,0.0
2021-11-08 19:00:00,65.08,65.32,65.08,65.17,859.0,3,0.0
2021-11-08 20:00:00,65.17,65.25,65.09,65.1,666.0,3,0.0
2021-11-09 11:00:00,64.96,64.98,64.9,64.93,69.0,4,0.0
2021-11-09 12:00:00,64.94,65.02,64.91,64.99,101.0,4,0.0
2021-11-09 13:00:00,64.98,65.42,64.96,65.34,104.0,4,0.0
2021-11-09 14:00:00,65.34,66.02,65.23,65.7,1814.0,4,0.0
2021-11-09 15:00:00,65.71,65.74,65.23,65.27,1899.0,4,0.0
2021-11-09 16:00:00,65.27,65.45,65.05,65.43,1191.0,4,0.0
2021-11-09 17:00:00,65.45,65.54,65.13,65.38,1097.0,4,0.0
2021-11-09 18:00:00,65.38,65.76,65.2,65.29,1123.0,3,0.0
2021-11-09 19:00:00,65.29,65.6,65.26,65.46,842.0,3,0.0
2021-11-09 20:00:00,65.45,65.66,65.43,65.62,682.0,3,0.0
2021-11-10 11:00:00,65.45,65.45,65.35,65.41,172.0,4,0.0
2021-11-10 12:00:00,65.44,65.73,65.34,65.69,462.0,4,0.0
2021-11-10 13:00:00,65.7,65.71,65.35,65.46,230.0,6,0.0
2021-11-10 14:00:00,65.43,65.98,65.24,65.47,1381.0,4,0.0
2021-11-10 15:00:00,65.47,65.47,65.01,65.39,1566.0,4,0.0
2021-11-10 16:00:00,65.4,65.41,64.76,64.96,1208.0,4,0.0
2021-11-10 17:00:00,64.95,65.17,64.92,65.14,817.0,3,0.0
2021-11-10 18:00:00,65.13,65.25,64.73,64.84,1162.0,4,0.0
2021-11-10 19:00:00,64.84,64.88,64.2,64.23,1419.0,4,0.0
2021-11-10 20:00:00,64.24,64.66,64.22,64.59,951.0,3,0.0
2021-11-11 11:00:00,64.71,64.71,64.68,64.69,26.0,4,0.0
2021-11-11 12:00:00,64.71,64.98,64.71,64.92,322.0,4,0.0
2021-11-11 13:00:00,64.93,64.93,64.8,64.84,81.0,6,0.0
2021-11-11 14:00:00,64.83,66.27,64.83,66.19,1682.0,4,0.0
2021-11-11 15:00:00,66.2,66.29,65.77,66.04,1934.0,4,0.0
2021-11-11 16:00:00,66.05,66.28,65.89,66.16,1115.0,4,0.0
2021-11-11 17:00:00,66.15,66.56,66.01,66.45,1173.0,4,0.0
2021-11-11 18:00:00,66.44,66.49,66.16,66.45,833.0,4,0.0
2021-11-11 19:00:00,66.45,66.53,66.24,66.28,852.0,3,0.0
2021-11-11 20:00:00,66.27,66.28,65.9,65.94,748.0,3,0.0
2021-11-12 11:00:00,65.84,66.01,65.77,66.01,481.0,4,0.0
2021-11-12 12:00:00,66.02,66.25,65.85,65.91,504.0,4,0.0
2021-11-12 13:00:00,65.92,66.31,65.88,66.19,186.0,6,0.0
2021-11-12 14:00:00,66.15,66.26,65.37,65.59,1276.0,4,0.0
2021-11-12 15:00:00,65.6,66.5,65.58,66.48,1502.0,4,0.0
2021-11-12 16:00:00,66.48,67.73,66.48,67.61,1560.0,4,0.0
2021-11-12 17:00:00,67.62,68.07,67.6,67.76,1363.0,4,0.0
2021-11-12 18:00:00,67.76,67.8,67.58,67.71,777.0,4,0.0
2021-11-12 19:00:00,67.72,67.98,67.7,67.97,951.0,3,0.0
2021-11-12 20:00:00,67.96,68.22,67.85,68.12,820.0,3,0.0
2021-11-15 11:00:00,68.32,68.37,68.31,68.36,47.0,6,0.0
2021-11-15 12:00:00,68.38,68.54,68.34,68.36,141.0,6,0.0
2021-11-15 13:00:00,68.34,68.46,68.32,68.44,132.0,6,0.0
2021-11-15 14:00:00,68.41,68.46,67.31,67.63,1943.0,4,0.0
2021-11-15 15:00:00,67.62,67.77,67.14,67.66,1868.0,4,0.0
2021-11-15 16:00:00,67.65,68.49,67.6,68.14,1395.0,4,0.0
2021-11-15 17:00:00,68.13,68.19,67.84,68.15,914.0,4,0.0
2021-11-15 18:00:00,68.14,68.18,67.73,67.74,702.0,4,0.0
2021-11-15 19:00:00,67.75,68.03,67.67,67.85,790.0,4,0.0
2021-11-15 20:00:00,67.84,68.07,67.78,68.04,679.0,4,0.0
2021-11-16 11:00:00,67.8,67.99,67.76,67.94,186.0,6,0.0
2021-11-16 12:00:00,67.91,68.04,67.88,67.99,298.0,6,0.0
2021-11-16 13:00:00,67.98,68.04,67.69,67.82,255.0,6,0.0
2021-11-16 14:00:00,67.78,68.72,67.76,68.05,1358.0,4,0.0
2021-11-16 15:00:00,68.06,68.19,67.68,67.88,1539.0,4,0.0
2021-11-16 16:00:00,67.87,68.26,67.87,68.08,1012.0,4,0.0
2021-11-16 17:00:00,68.09,68.42,68.02,68.36,656.0,4,0.0
2021-11-16 18:00:00,68.37,68.55,68.28,68.55,680.0,4,0.0
2021-11-16 19:00:00,68.55,68.61,68.41,68.55,643.0,4,0.0
2021-11-16 20:00:00,68.56,68.81,68.46,68.79,609.0,4,0.0
2021-11-17 11:00:00,68.73,68.75,68.73,68.75,6.0,4,0.0
2021-11-17 12:00:00,68.79,68.83,68.77,68.78,52.0,4,0.0
2021-11-17 13:00:00,68.79,68.79,68.66,68.74,69.0,4,0.0
2021-11-17 14:00:00,68.71,70.01,68.65,69.31,2158.0,4,0.0
2021-11-17 15:00:00,69.32,69.57,68.97,69.02,1578.0,4,0.0
2021-11-17 16:00:00,69.01,69.19,68.59,69.19,1136.0,4,0.0
2021-11-17 17:00:00,69.2,69.4,68.9,69.0,1012.0,4,0.0
2021-11-17 18:00:00,69.0,69.2,68.95,69.2,697.0,4,0.0
2021-11-17 19:00:00,69.21,69.46,69.06,69.44,758.0,4,0.0
2021-11-17 20:00:00,69.45,69.5,69.26,69.3,579.0,4,0.0
2021-11-18 11:00:00,69.25,69.27,69.16,69.19,354.0,4,0.0
2021-11-18 12:00:00,69.23,69.24,68.92,68.92,205.0,6,0.0
2021-11-18 13:00:00,68.93,69.0,68.8,68.87,148.0,6,0.0
2021-11-18 14:00:00,68.89,69.28,68.42,68.63,1332.0,4,0.0
2021-11-18 15:00:00,68.64,68.73,68.13,68.26,1561.0,4,0.0
2021-11-18 16:00:00,68.24,68.88,68.24,68.79,1158.0,4,0.0
2021-11-18 17:00:00,68.78,68.97,68.55,68.61,831.0,4,0.0
2021-11-18 18:00:00,68.61,68.74,68.28,68.29,713.0,4,0.0
2021-11-18 19:00:00,68.28,68.34,67.97,68.25,1021.0,4,0.0
2021-11-18 20:00:00,68.25,68.35,67.99,68.17,666.0,4,0.0
2021-11-19 11:00:00,68.41,68.64,68.37,68.42,386.0,6,0.0
2021-11-19 12:00:00,68.41,69.43,68.41,69.07,569.0,6,0.0
2021-11-19 13:00:00,69.08,69.36,69.04,69.26,465.0,6,0.0
2021-11-19 14:00:00,69.25,69.58,68.41,68.95,1761.0,4,0.0
2021-11-19 15:00:00,68.95,69.24,68.41,68.54,1693.0,4,0.0
2021-11-19 16:00:00,68.55,68.62,68.23,68.24,991.0,4,0.0
2021-11-19 17:00:00,68.24,68.36,67.9,67.91,831.0,4,0.0
2021-11-19 18:00:00,67.91,68.05,67.5,67.65,957.0,4,0.0
2021-11-19 19:00:00,67.65,68.05,67.65,68.01,758.0,4,0.0
2021-11-19 20:00:00,68.02,68.13,67.72,67.72,632.0,4,0.0
2021-11-22 11:00:00,67.94,68.19,67.86,68.02,277.0,4,0.0
2021-11-22 12:00:00,68.05,68.05,67.91,67.94,276.0,6,0.0
2021-11-22 13:00:00,67.94,68.07,67.92,67.95,76.0,6,0.0
2021-11-22 14:00:00,67.93,68.02,67.31,67.51,1704.0,4,0.0
2021-11-22 15:00:00,67.52,67.54,66.92,67.0,1662.0,4,0.0
2021-11-22 16:00:00,66.99,67.01,65.63,65.99,2228.0,4,0.0
2021-11-22 17:00:00,65.99,66.3,65.8,66.17,1317.0,4,0.0
2021-11-22 18:00:00,66.17,66.21,65.94,66.13,846.0,4,0.0
2021-11-22 19:00:00,66.14,66.69,66.13,66.56,993.0,3,0.0
2021-11-22 20:00:00,66.57,66.62,66.25,66.25,757.0,4,0.0
2021-11-23 11:00:00,65.81,65.93,65.75,65.75,177.0,6,0.0
2021-11-23 12:00:00,65.83,65.84,65.78,65.81,21.0,6,0.0
2021-11-23 13:00:00,65.82,65.89,65.61,65.78,104.0,6,0.0
2021-11-23 14:00:00,65.8,66.63,65.38,65.95,1657.0,4,0.0
2021-11-23 15:00:00,65.98,66.07,64.6,64.67,2406.0,4,0.0
2021-11-23 16:00:00,64.67,65.29,64.62,65.04,1541.0,4,0.0
2021-11-23 17:00:00,65.05,65.45,64.94,65.03,1272.0,4,0.0
2021-11-23 18:00:00,65.03,65.43,64.99,65.32,1135.0,4,0.0
2021-11-23 19:00:00,65.32,65.49,65.08,65.38,1064.0,4,0.0
2021-11-23 20:00:00,65.38,65.48,65.25,65.36,895.0,4,0.0
2021-11-24 11:00:00,65.48,65.96,65.47,65.64,365.0,4,0.0
2021-11-24 12:00:00,65.63,65.96,65.62,65.67,224.0,6,0.0
2021-11-24 13:00:00,65.71,65.77,65.19,65.27,217.0,6,0.0
2021-11-24 14:00:00,65.23,66.0,65.18,65.66,1704.0,4,0.0
2021-11-24 15:00:00,65.65,66.12,65.46,65.81,1909.0,4,0.0
2021-11-24 16:00:00,65.8,66.11,65.51,66.02,1214.0,4,0.0
2021-11-24 17:00:00,66.03,66.07,65.66,65.95,894.0,4,0.0
2021-11-24 18:00:00,65.95,66.02,65.84,65.96,721.0,4,0.0
2021-11-24 19:00:00,65.97,66.07,65.61,65.63,944.0,4,0.0
2021-11-24 20:00:00,65.64,65.98,65.59,65.82,583.0,4,0.0
2021-11-26 11:00:00,67.28,67.43,67.22,67.42,613.0,6,0.0
2021-11-26 12:00:00,67.42,67.43,67.13,67.42,428.0,6,0.0
2021-11-26 13:00:00,67.43,67.6,67.13,67.22,493.0,6,0.0
2021-11-26 14:00:00,67.2,67.62,66.26,67.02,2194.0,4,0.0
2021-11-26 15:00:00,67.01,67.04,66.05,66.4,2141.0,4,0.0
2021-11-26 16:00:00,66.4,66.96,66.25,66.87,1627.0,4,0.0
2021-11-26 17:00:00,66.88,67.19,66.75,66.99,1165.0,4,0.0
2021-11-29 11:00:00,66.51,66.55,66.47,66.51,39.0,4,0.0
2021-11-29 12:00:00,66.51,66.62,66.4,66.52,322.0,4,0.0
2021-11-29 13:00:00,66.51,66.53,66.38,66.46,87.0,4,0.0
2021-11-29 14:00:00,66.45,66.68,65.82,66.49,2018.0,4,0.0
2021-11-29 15:00:00,66.5,66.53,65.82,66.02,2356.0,4,0.0
2021-11-29 16:00:00,66.02,66.32,65.91,66.17,1206.0,4,0.0
2021-11-29 17:00:00,66.17,66.28,66.05,66.17,949.0,4,0.0
2021-11-29 18:00:00,66.17,66.77,66.17,66.7,918.0,4,0.0
2021-11-29 19:00:00,66.71,66.73,66.52,66.59,798.0,4,0.0
2021-11-29 20:00:00,66.58,66.59,66.35,66.42,708.0,4,0.0
2021-11-30 11:00:00,66.79,66.83,66.62,66.64,246.0,6,0.0
2021-11-30 12:00:00,66.65,66.78,66.65,66.76,426.0,4,0.0
2021-11-30 13:00:00,66.78,66.82,66.67,66.77,227.0,4,0.0
2021-11-30 14:00:00,66.81,67.48,66.66,67.33,1511.0,4,0.0
2021-11-30 15:00:00,67.33,67.51,65.78,65.79,2299.0,4,0.0
2021-11-30 16:00:00,65.77,66.17,65.54,65.82,2102.0,4,0.0
2021-11-30 17:00:00,65.81,65.81,65.04,65.04,1432.0,4,0.0
2021-11-30 18:00:00,65.05,65.12,64.91,65.02,1316.0,4,0.0
2021-11-30 19:00:00,65.01,65.04,64.49,64.53,1256.0,4,0.0
2021-11-30 20:00:00,64.52,64.55,64.1,64.1,1338.0,4,0.0
2021-12-01 11:00:00,64.93,64.98,64.87,64.97,199.0,6,0.0
2021-12-01 12:00:00,64.97,65.0,64.88,64.92,173.0,6,0.0
2021-12-01 13:00:00,64.91,64.94,64.72,64.77,136.0,6,0.0
2021-12-01 14:00:00,64.77,65.42,64.61,64.74,1451.0,4,0.0
2021-12-01 15:00:00,64.74,65.12,64.16,64.45,2089.0,4,0.0
2021-12-01 16:00:00,64.46,64.72,64.19,64.2,1268.0,4,0.0
2021-12-01 17:00:00,64.2,64.2,63.33,63.34,1401.0,4,0.0
2021-12-01 18:00:00,63.33,63.52,62.81,62.99,1552.0,4,0.0
2021-12-01 19:00:00,62.98,62.98,62.55,62.56,1504.0,4,0.0
2021-12-01 20:00:00,62.55,62.61,61.84,62.04,1457.0,4,0.0
2021-12-02 11:00:00,61.79,61.9,61.68,61.74,194.0,6,0.0
2021-12-02 12:00:00,61.76,61.83,61.48,61.6,515.0,6,0.0
2021-12-02 13:00:00,61.62,61.74,61.55,61.63,340.0,6,0.0
2021-12-02 14:00:00,61.67,62.52,61.56,62.21,1765.0,4,0.0
2021-12-02 15:00:00,62.21,62.4,61.3,61.74,2656.0,4,0.0
2021-12-02 16:00:00,61.75,61.95,61.44,61.8,1722.0,4,0.0
2021-12-02 17:00:00,61.8,62.0,61.7,61.75,1332.0,4,0.0
2021-12-02 18:00:00,61.76,61.89,61.27,61.57,1354.0,4,0.0
2021-12-02 19:00:00,61.57,61.69,61.42,61.61,1129.0,4,0.0
2021-12-02 20:00:00,61.62,61.99,61.62,61.92,964.0,4,0.0
2021-12-03 11:00:00,61.5,61.63,61.48,61.53,135.0,6,0.0
2021-12-03 12:00:00,61.52,61.82,61.52,61.81,456.0,6,0.0
2021-12-03 13:00:00,61.82,62.41,61.73,61.85,228.0,6,0.0
2021-12-03 14:00:00,61.87,62.62,60.95,61.01,1752.0,4,0.0
2021-12-03 15:00:00,61.01,61.15,60.17,60.32,2961.0,4,0.0
2021-12-03 16:00:00,60.31,60.46,59.76,59.8,2421.0,4,0.0
2021-12-03 17:00:00,59.81,60.19,59.53,60.0,1852.0,4,0.0
2021-12-03 18:00:00,59.99,60.18,59.88,59.94,1321.0,4,0.0
2021-12-03 19:00:00,59.94,60.09,59.7,59.76,1529.0,4,0.0
2021-12-03 20:00:00,59.75,59.8,59.53,59.53,1345.0,4,0.0
2021-12-06 11:00:00,60.26,60.98,60.25,60.75,412.0,6,0.0
2021-12-06 12:00:00,60.73,60.95,60.5,60.54,535.0,6,0.0
2021-12-06 13:00:00,60.55,60.61,60.42,60.51,214.0,6,0.0
2021-12-06 14:00:00,60.5,61.52,60.08,61.16,1940.0,4,0.0
2021-12-06 15:00:00,61.16,61.7,60.83,61.12,2457.0,4,0.0
2021-12-06 16:00:00,61.12,61.35,60.84,61.03,1508.0,4,0.0
2021-12-06 17:00:00,61.03,61.33,60.91,61.26,797.0,4,0.0
2021-12-06 18:00:00,61.27,61.47,61.13,61.24,832.0,4,0.0
2021-12-06 19:00:00,61.23,61.37,60.97,60.99,864.0,4,0.0
2021-12-06 20:00:00,60.99,61.29,60.94,61.25,695.0,4,0.0
2021-12-07 11:00:00,62.11,62.13,61.98,62.06,341.0,6,0.0
2021-12-07 12:00:00,62.04,62.09,61.9,61.95,259.0,6,0.0
2021-12-07 13:00:00,61.97,62.07,61.94,62.01,50.0,6,0.0
2021-12-07 14:00:00,62.0,62.11,61.33,61.69,1613.0,4,0.0
2021-12-07 15:00:00,61.68,62.08,61.15,61.86,2064.0,4,0.0
2021-12-07 16:00:00,61.88,62.21,61.62,61.97,1322.0,4,0.0
2021-12-07 17:00:00,61.98,62.3,61.91,62.21,880.0,4,0.0
2021-12-07 18:00:00,62.2,62.86,62.17,62.85,1150.0,4,0.0
2021-12-07 19:00:00,62.84,62.84,62.56,62.63,973.0,4,0.0
2021-12-07 20:00:00,62.63,62.66,62.27,62.44,758.0,4,0.0
2021-12-08 11:00:00,62.96,63.31,62.49,62.55,821.0,6,0.0
2021-12-08 12:00:00,62.5,62.63,62.28,62.54,1240.0,6,0.0
2021-12-08 13:00:00,62.58,62.58,62.41,62.42,113.0,6,0.0
2021-12-08 14:00:00,62.45,63.32,62.32,62.59,1493.0,4,0.0
2021-12-08 15:00:00,62.6,63.2,62.51,62.94,1625.0,4,0.0
2021-12-08 16:00:00,62.94,63.09,62.71,62.92,884.0,4,0.0
2021-12-08 17:00:00,62.93,63.23,62.84,63.12,864.0,4,0.0
2021-12-08 18:00:00,63.12,63.19,62.86,63.03,721.0,4,0.0
2021-12-08 19:00:00,63.03,63.16,62.86,63.05,771.0,4,0.0
2021-12-08 20:00:00,63.06,63.09,62.78,62.78,501.0,4,0.0
2021-12-09 11:00:00,62.86,62.89,62.77,62.79,435.0,4,0.0
2021-12-09 12:00:00,62.79,62.94,62.78,62.88,553.0,4,0.0
2021-12-09 13:00:00,62.89,62.96,62.76,62.81,351.0,4,0.0
2021-12-09 14:00:00,62.76,63.0,62.06,62.17,1187.0,4,0.0
2021-12-09 15:00:00,62.17,62.29,61.53,61.86,1826.0,4,0.0
2021-12-09 16:00:00,61.85,61.97,61.7,61.74,889.0,4,0.0
2021-12-09 17:00:00,61.75,61.88,61.6,61.79,839.0,4,0.0
2021-12-09 18:00:00,61.79,61.79,61.48,61.54,898.0,4,0.0
2021-12-09 19:00:00,61.54,61.6,61.29,61.36,1037.0,4,0.0
2021-12-09 20:00:00,61.36,61.5,61.17,61.33,872.0,4,0.0
2021-12-10 11:00:00,61.42,61.48,61.39,61.41,36.0,4,0.0
2021-12-10 12:00:00,61.4,61.42,61.29,61.36,318.0,4,0.0
2021-12-10 13:00:00,61.37,61.82,61.33,61.78,323.0,4,0.0
2021-12-10 14:00:00,61.82,61.96,60.84,61.11,1363.0,6,0.0
2021-12-10 15:00:00,61.13,61.6,60.79,60.88,1866.0,4,0.0
2021-12-10 16:00:00,60.89,61.03,60.58,60.87,1461.0,4,0.0
2021-12-10 17:00:00,60.88,61.23,60.79,61.17,959.0,4,0.0
2021-12-10 18:00:00,61.16,61.2,60.74,60.88,728.0,4,0.0
2021-12-10 19:00:00,60.88,60.93,60.69,60.69,689.0,4,0.0
2021-12-10 20:00:00,60.7,61.01,60.7,60.99,686.0,4,0.0
2021-12-13 11:00:00,61.34,61.34,61.26,61.27,37.0,6,0.0
2021-12-13 12:00:00,61.27,61.47,61.27,61.44,339.0,6,0.0
2021-12-13 13:00:00,61.42,61.54,61.32,61.32,229.0,6,0.0
2021-12-13 14:00:00,61.33,61.4,60.5,60.53,1459.0,4,0.0
2021-12-13 15:00:00,60.53,60.62,60.01,60.05,2033.0,3,0.0
2021-12-13 16:00:00,60.03,60.37,59.94,60.17,1832.0,2,0.0
2021-12-13 17:00:00,60.15,60.42,60.06,60.35,1142.0,3,0.0
2021-12-13 18:00:00,60.35,60.56,60.27,60.43,1075.0,3,0.0
2021-12-13 19:00:00,60.44,60.67,60.39,60.63,1104.0,3,0.0
2021-12-13 20:00:00,60.63,60.68,60.43,60.46,953.0,3,0.0
2021-12-14 11:00:00,60.23,60.37,60.18,60.31,388.0,6,0.0
2021-12-14 12:00:00,60.28,60.28,59.9,60.0,753.0,6,0.0
2021-12-14 13:00:00,60.01,60.21,59.79,59.82,302.0,6,0.0
2021-12-14 14:00:00,59.8,60.22,59.51,59.62,1968.0,4,0.0
2021-12-14 15:00:00,59.62,59.72,58.95,59.05,2183.0,3,0.0
2021-12-14 16:00:00,59.05,59.14,58.81,59.05,1485.0,4,0.0
2021-12-14 17:00:00,59.05,59.22,58.89,59.09,853.0,4,0.0
2021-12-14 18:00:00,59.09,59.19,58.83,58.86,692.0,4,0.0
2021-12-14 19:00:00,58.85,59.55,58.81,59.39,943.0,4,0.0
2021-12-14 20:00:00,59.39,59.8,59.39,59.51,769.0,4,0.0
2021-12-15 11:00:00,59.75,60.09,59.64,59.68,215.0,6,0.0
2021-12-15 12:00:00,59.67,59.99,59.65,59.86,1011.0,6,0.0
2021-12-15 13:00:00,59.87,60.05,59.8,60.02,594.0,6,0.0
2021-12-15 14:00:00,60.0,60.08,59.07,59.14,1285.0,3,0.0
2021-12-15 15:00:00,59.13,59.4,58.81,58.86,1617.0,3,0.0
2021-12-15 16:00:00,58.85,58.88,58.46,58.6,1707.0,3,0.0
2021-12-15 17:00:00,58.6,59.01,58.46,58.91,1329.0,2,0.0
2021-12-15 18:00:00,58.92,59.47,58.89,59.41,1392.0,3,0.0
2021-12-15 19:00:00,59.41,59.79,58.98,59.39,2875.0,3,0.0
2021-12-15 20:00:00,59.4,60.47,59.38,60.23,1530.0,3,0.0
2021-12-16 11:00:00,60.74,60.8,60.63,60.74,333.0,6,0.0
2021-12-16 12:00:00,60.75,60.79,60.17,60.26,384.0,6,0.0
2021-12-16 13:00:00,60.27,60.37,60.14,60.15,194.0,6,0.0
2021-12-16 14:00:00,60.15,60.24,59.09,59.93,1814.0,4,0.0
2021-12-16 15:00:00,59.93,60.27,59.37,59.99,2263.0,3,0.0
2021-12-16 16:00:00,60.0,60.0,59.46,59.48,1499.0,3,0.0
2021-12-16 17:00:00,59.47,59.59,59.32,59.32,1368.0,2,0.0
2021-12-16 18:00:00,59.32,59.51,59.18,59.2,1505.0,2,0.0
2021-12-16 19:00:00,59.21,59.26,58.8,58.93,1894.0,3,0.0
2021-12-16 20:00:00,58.91,59.22,58.79,59.03,1858.0,3,0.0
2021-12-17 11:00:00,58.82,58.91,58.75,58.88,456.0,4,0.0
2021-12-17 12:00:00,58.86,59.06,58.67,58.76,501.0,6,0.0
2021-12-17 13:00:00,58.76,58.91,58.63,58.74,261.0,6,0.0
2021-12-17 14:00:00,58.68,59.27,58.16,58.49,2030.0,4,0.0
2021-12-17 15:00:00,58.5,59.09,58.16,59.05,2739.0,3,0.0
2021-12-17 16:00:00,59.05,59.17,58.55,58.7,2028.0,3,0.0
2021-12-17 17:00:00,58.69,59.11,58.54,58.89,1954.0,3,0.0
2021-12-17 18:00:00,58.88,58.96,58.65,58.93,1860.0,3,0.0
2021-12-17 19:00:00,58.92,59.25,58.78,59.04,1817.0,3,0.0
2021-12-17 20:00:00,59.04,59.18,58.64,58.74,1582.0,3,0.0
2021-12-20 11:00:00,58.42,58.5,58.42,58.5,78.0,6,0.0
2021-12-20 12:00:00,58.5,58.77,58.5,58.58,440.0,6,0.0
2021-12-20 13:00:00,58.59,58.63,58.32,58.54,144.0,6,0.0
2021-12-20 14:00:00,58.53,59.6,58.43,59.52,1951.0,4,0.0
2021-12-20 15:00:00,59.53,60.29,59.45,59.63,3014.0,3,0.0
2021-12-20 16:00:00,59.63,59.7,59.0,59.26,1727.0,3,0.0
2021-12-20 17:00:00,59.26,59.26,58.76,58.81,1304.0,3,0.0
2021-12-20 18:00:00,58.81,59.23,58.73,59.11,1589.0,3,0.0
2021-12-20 19:00:00,59.11,59.39,59.11,59.28,1386.0,2,0.0
2021-12-20 20:00:00,59.28,59.6,59.14,59.14,1158.0,3,0.0
2021-12-21 11:00:00,59.68,59.78,59.65,59.75,150.0,6,0.0
2021-12-21 12:00:00,59.78,59.88,59.7,59.77,460.0,6,0.0
2021-12-21 13:00:00,59.79,59.8,59.73,59.76,123.0,6,0.0
2021-12-21 14:00:00,59.76,60.02,59.4,59.64,1599.0,3,0.0
2021-12-21 15:00:00,59.66,59.93,59.39,59.72,1972.0,3,0.0
2021-12-21 16:00:00,59.71,60.23,59.61,60.19,1307.0,3,0.0
2021-12-21 17:00:00,60.2,60.59,60.2,60.42,1451.0,3,0.0
2021-12-21 18:00:00,60.43,60.76,60.3,60.49,1137.0,3,0.0
2021-12-21 19:00:00,60.49,60.56,60.29,60.36,1272.0,3,0.0
2021-12-21 20:00:00,60.36,60.48,60.1,60.19,992.0,3,0.0
2021-12-22 11:00:00,60.37,60.43,60.27,60.43,140.0,6,0.0
2021-12-22 12:00:00,60.42,60.43,60.29,60.4,564.0,4,0.0
2021-12-22 13:00:00,60.39,60.39,60.09,60.18,315.0,6,0.0
2021-12-22 14:00:00,60.18,60.92,60.16,60.87,1405.0,4,0.0
2021-12-22 15:00:00,60.87,61.26,60.66,61.15,1726.0,3,0.0
2021-12-22 16:00:00,61.17,61.45,61.09,61.22,1393.0,3,0.0
2021-12-22 17:00:00,61.22,61.24,61.02,61.17,1152.0,3,0.0
2021-12-22 18:00:00,61.17,61.19,60.86,61.14,1356.0,3,0.0
2021-12-22 19:00:00,61.14,61.33,60.99,61.32,1143.0,2,0.0
2021-12-22 20:00:00,61.32,61.46,61.24,61.35,952.0,3,0.0
2021-12-23 11:00:00,61.34,61.37,61.25,61.3,275.0,3,0.0
2021-12-23 12:00:00,61.3,61.36,61.29,61.35,263.0,4,0.0
2021-12-23 13:00:00,61.34,61.35,61.2,61.24,185.0,4,0.0
2021-12-23 14:00:00,61.22,61.72,60.76,61.25,1723.0,4,0.0
2021-12-23 15:00:00,61.25,61.34,61.05,61.13,2065.0,3,0.0
2021-12-23 16:00:00,61.13,61.39,61.09,61.31,1786.0,3,0.0
2021-12-23 17:00:00,61.31,61.6,61.28,61.57,1264.0,3,0.0
2021-12-23 18:00:00,61.57,61.67,61.38,61.45,1250.0,2,0.0
2021-12-23 19:00:00,61.45,61.56,61.41,61.52,1239.0,3,0.0
2021-12-23 20:00:00,61.52,61.53,61.35,61.51,1113.0,3,0.0
2021-12-27 11:00:00,61.37,61.41,61.31,61.37,315.0,4,0.0
2021-12-27 12:00:00,61.35,61.4,61.25,61.36,325.0,4,0.0
2021-12-27 13:00:00,61.36,61.4,61.31,61.34,74.0,4,0.0
2021-12-27 14:00:00,61.36,61.48,61.17,61.31,1124.0,4,0.0
2021-12-27 15:00:00,61.31,61.36,60.93,61.36,1977.0,3,0.0
2021-12-27 16:00:00,61.37,61.47,61.15,61.21,1290.0,4,0.0
2021-12-27 17:00:00,61.21,61.27,61.06,61.23,1120.0,3,0.0
2021-12-27 18:00:00,61.23,61.47,61.22,61.32,935.0,3,0.0
2021-12-27 19:00:00,61.32,61.39,61.24,61.36,942.0,3,0.0
2021-12-27 20:00:00,61.36,61.4,61.23,61.32,954.0,3,0.0
2021-12-28 11:00:00,61.49,61.55,61.44,61.44,175.0,4,0.0
2021-12-28 12:00:00,61.44,61.48,61.43,61.43,109.0,4,0.0
2021-12-28 13:00:00,61.46,61.46,61.4,61.42,29.0,4,0.0
2021-12-28 14:00:00,61.4,61.6,61.14,61.54,1414.0,4,0.0
2021-12-28 15:00:00,61.54,61.82,61.22,61.24,2365.0,3,0.0
2021-12-28 16:00:00,61.24,61.43,61.21,61.41,1775.0,3,0.0
2021-12-28 17:00:00,61.41,61.54,61.24,61.32,1586.0,3,0.0
2021-12-28 18:00:00,61.32,61.32,61.04,61.16,1487.0,3,0.0
2021-12-28 19:00:00,61.16,61.16,60.99,61.05,1431.0,3,0.0
2021-12-29 11:00:00,61.13,61.14,61.02,61.1,656.0,3,0.0
2021-12-29 12:00:00,61.12,61.19,61.0,61.07,230.0,4,0.0
2021-12-29 13:00:00,61.08,61.19,60.92,60.92,118.0,4,0.0
2021-12-29 14:00:00,60.94,61.32,60.7,60.74,1550.0,3,0.0
2021-12-29 15:00:00,60.76,60.91,60.46,60.78,2193.0,3,0.0
2021-12-29 16:00:00,60.78,60.9,60.72,60.81,1458.0,3,0.0
2021-12-29 17:00:00,60.81,60.97,60.79,60.89,1114.0,3,0.0
2021-12-29 18:00:00,60.89,60.94,60.81,60.89,937.0,3,0.0
2021-12-29 19:00:00,60.89,61.11,60.88,61.07,1109.0,3,0.0
2021-12-30 11:00:00,61.06,61.17,60.99,61.11,762.0,4,0.0
2021-12-30 12:00:00,61.09,61.32,61.08,61.29,584.0,4,0.0
2021-12-30 13:00:00,61.29,61.32,61.14,61.24,68.0,6,0.0
2021-12-30 14:00:00,61.24,61.85,61.1,61.65,1628.0,4,0.0
2021-12-30 15:00:00,61.65,62.03,61.65,61.76,2115.0,4,0.0
2021-12-30 16:00:00,61.76,61.85,61.5,61.57,1627.0,3,0.0
2021-12-30 17:00:00,61.57,61.71,61.52,61.67,1348.0,3,0.0
2021-12-30 18:00:00,61.67,61.89,61.6,61.87,1087.0,3,0.0
2021-12-30 19:00:00,61.87,61.87,61.71,61.72,1356.0,3,0.0
2021-12-30 20:00:00,61.72,61.72,61.42,61.44,1175.0,3,0.0
2021-12-31 13:00:00,61.39,61.45,61.31,61.37,24.0,4,0.0
2021-12-31 14:00:00,61.36,61.4,60.65,60.84,1729.0,4,0.0
2021-12-31 15:00:00,60.83,61.03,60.57,60.89,2123.0,3,0.0
2021-12-31 16:00:00,60.89,60.95,60.7,60.78,1543.0,2,0.0
2021-12-31 17:00:00,60.78,60.87,60.5,60.56,1449.0,3,0.0
2021-12-31 18:00:00,60.56,60.6,60.36,60.43,1423.0,3,0.0
2021-12-31 19:00:00,60.43,60.65,60.37,60.47,1306.0,3,0.0
2022-01-03 11:00:00,60.43,60.5,60.41,60.46,238.0,4,0.0
2022-01-03 12:00:00,60.46,60.48,60.39,60.44,83.0,4,0.0
2022-01-03 13:00:00,60.44,60.45,60.27,60.34,65.0,4,0.0
2022-01-03 14:00:00,60.27,60.87,59.67,59.77,2018.0,4,0.0
2022-01-03 15:00:00,59.77,60.13,59.61,59.86,2493.0,4,0.0
2022-01-03 16:00:00,59.86,59.93,59.12,59.23,2285.0,4,0.0
2022-01-03 17:00:00,59.23,59.57,59.04,59.47,1630.0,3,0.0
2022-01-03 18:00:00,59.47,59.82,59.36,59.81,1645.0,3,0.0
2022-01-03 19:00:00,59.8,59.95,59.69,59.82,1587.0,3,0.0
2022-01-03 20:00:00,59.82,59.98,59.73,59.78,1331.0,3,0.0
2022-01-04 11:00:00,60.25,60.28,60.16,60.18,128.0,6,0.0
2022-01-04 12:00:00,60.18,60.19,60.01,60.07,410.0,6,0.0
2022-01-04 13:00:00,60.07,60.11,60.0,60.08,128.0,6,0.0
2022-01-04 14:00:00,60.08,60.09,59.09,59.2,1567.0,4,0.0
2022-01-04 15:00:00,59.19,59.42,58.6,58.63,3022.0,3,0.0
2022-01-04 16:00:00,58.62,58.91,58.26,58.51,2485.0,3,0.0
2022-01-04 17:00:00,58.51,58.65,58.3,58.52,2068.0,3,0.0
2022-01-04 18:00:00,58.52,58.69,58.16,58.19,2164.0,3,0.0
2022-01-04 19:00:00,58.19,58.75,58.15,58.73,1983.0,3,0.0
2022-01-04 20:00:00,58.73,59.23,58.71,59.15,1815.0,3,0.0
2022-01-05 11:00:00,59.02,59.08,58.99,59.02,405.0,4,0.0
2022-01-05 12:00:00,59.02,59.07,59.02,59.03,115.0,4,0.0
2022-01-05 13:00:00,59.03,59.06,58.97,59.03,72.0,4,0.0
2022-01-05 14:00:00,59.05,59.25,58.5,59.02,1620.0,4,0.0
2022-01-05 15:00:00,59.02,59.2,58.48,58.68,2343.0,3,0.0
2022-01-05 16:00:00,58.68,58.72,58.33,58.35,1717.0,3,0.0
2022-01-05 17:00:00,58.34,58.4,57.8,57.8,2000.0,3,0.0
2022-01-05 18:00:00,57.8,57.8,57.45,57.52,2241.0,3,0.0
2022-01-05 19:00:00,57.52,57.93,57.14,57.15,2965.0,3,0.0
2022-01-05 20:00:00,57.14,57.19,56.77,56.99,2249.0,3,0.0
2022-01-06 11:00:00,56.2,56.28,55.91,56.03,350.0,6,0.0
2022-01-06 12:00:00,56.05,56.13,55.33,55.73,919.0,6,0.0
2022-01-06 13:00:00,55.73,55.86,55.45,55.56,379.0,6,0.0
2022-01-06 14:00:00,55.56,56.29,54.95,55.01,2940.0,4,0.0
2022-01-06 15:00:00,55.01,55.62,54.2,55.52,3618.0,4,0.0
2022-01-06 16:00:00,55.52,55.81,55.33,55.75,2815.0,4,0.0
2022-01-06 17:00:00,55.76,55.87,55.44,55.7,2216.0,3,0.0
2022-01-06 18:00:00,55.71,55.78,55.4,55.55,2091.0,3,0.0
2022-01-06 19:00:00,55.55,55.65,55.28,55.3,2402.0,3,0.0
2022-01-06 20:00:00,55.3,55.6,55.14,55.2,1742.0,3,0.0
2022-01-07 11:00:00,55.47,55.67,55.47,55.54,404.0,6,0.0
2022-01-07 12:00:00,55.55,55.62,55.37,55.45,862.0,6,0.0
2022-01-07 13:00:00,55.46,55.74,54.38,54.86,569.0,6,0.0
2022-01-07 14:00:00,54.86,55.34,54.53,54.96,2317.0,4,0.0
2022-01-07 15:00:00,54.97,54.97,53.99,54.14,3157.0,3,0.0
2022-01-07 16:00:00,54.13,54.45,54.09,54.27,2483.0,3,0.0
2022-01-07 17:00:00,54.27,54.45,54.13,54.32,1877.0,3,0.0
2022-01-07 18:00:00,54.32,54.34,53.92,53.93,1971.0,3,0.0
2022-01-07 19:00:00,53.93,54.1,53.81,53.95,2078.0,3,0.0
2022-01-07 20:00:00,53.95,54.13,53.82,54.01,1634.0,3,0.0
2022-01-10 11:00:00,54.08,54.09,53.95,54.01,299.0,4,0.0
2022-01-10 12:00:00,54.0,54.01,53.53,53.53,884.0,4,0.0
2022-01-10 13:00:00,53.53,53.88,53.5,53.59,343.0,6,0.0
2022-01-10 14:00:00,53.58,54.36,53.15,53.88,3108.0,4,0.0
2022-01-10 15:00:00,53.86,53.95,52.87,53.21,3409.0,3,0.0
2022-01-10 16:00:00,53.21,53.32,52.75,53.26,2564.0,3,0.0
2022-01-10 17:00:00,53.26,53.27,52.61,52.93,1982.0,3,0.0
2022-01-10 18:00:00,52.93,53.44,52.85,53.4,2184.0,3,0.0
2022-01-10 19:00:00,53.4,53.71,53.34,53.46,2570.0,3,0.0
2022-01-10 20:00:00,53.47,53.67,53.26,53.58,1891.0,3,0.0
2022-01-11 11:00:00,54.11,54.16,54.05,54.12,67.0,6,0.0
2022-01-11 12:00:00,54.12,54.2,54.11,54.15,121.0,6,0.0
2022-01-11 13:00:00,54.15,54.15,54.0,54.04,153.0,6,0.0
2022-01-11 14:00:00,54.01,54.04,53.25,53.46,2581.0,3,0.0
2022-01-11 15:00:00,53.46,53.88,52.99,53.16,3996.0,3,0.0
2022-01-11 16:00:00,53.17,54.14,53.16,54.13,2667.0,3,0.0
2022-01-11 17:00:00,54.14,54.37,53.82,54.06,2521.0,2,0.0
2022-01-11 18:00:00,54.06,54.27,53.84,54.27,1966.0,2,0.0
2022-01-11 19:00:00,54.27,54.27,53.95,54.12,1699.0,3,0.0
2022-01-11 20:00:00,54.12,54.18,53.96,54.06,1445.0,2,0.0
2022-01-12 11:00:00,54.12,54.17,54.09,54.13,661.0,4,0.0
2022-01-12 12:00:00,54.13,54.24,54.12,54.24,211.0,4,0.0
2022-01-12 13:00:00,54.25,54.6,54.22,54.54,328.0,4,0.0
2022-01-12 14:00:00,54.55,54.66,53.86,54.22,2253.0,4,0.0
2022-01-12 15:00:00,54.23,54.23,53.22,53.42,3628.0,3,0.0
2022-01-12 16:00:00,53.42,53.61,53.2,53.57,2247.0,3,0.0
2022-01-12 17:00:00,53.57,54.06,53.41,54.04,1947.0,2,0.0
2022-01-12 18:00:00,54.04,54.05,53.67,53.72,2018.0,3,0.0
2022-01-12 19:00:00,53.72,53.81,53.6,53.77,1889.0,2,0.0
2022-01-12 20:00:00,53.77,53.81,53.45,53.58,1660.0,3,0.0
2022-01-13 11:00:00,53.82,53.89,53.62,53.62,184.0,6,0.0
2022-01-13 12:00:00,53.62,53.73,53.62,53.73,155.0,4,0.0
2022-01-13 13:00:00,53.73,53.77,53.65,53.74,334.0,4,0.0
2022-01-13 14:00:00,53.75,54.05,53.28,53.48,2122.0,3,0.0
2022-01-13 15:00:00,53.48,53.56,53.02,53.09,4071.0,3,0.0
2022-01-13 16:00:00,53.08,53.26,52.75,52.76,2834.0,2,0.0
2022-01-13 17:00:00,52.76,52.76,52.14,52.27,2902.0,2,0.0
2022-01-13 18:00:00,52.27,52.5,52.18,52.44,2529.0,3,0.0
2022-01-13 19:00:00,52.44,52.58,52.22,52.36,2072.0,2,0.0
2022-01-13 20:00:00,52.36,52.37,51.98,52.04,2083.0,2,0.0
2022-01-14 11:00:00,51.94,51.97,51.9,51.91,94.0,4,0.0
2022-01-14 12:00:00,51.91,51.91,51.32,51.32,1064.0,4,0.0
2022-01-14 13:00:00,51.33,51.69,51.33,51.52,478.0,6,0.0
2022-01-14 14:00:00,51.55,52.19,51.49,52.05,2564.0,3,0.0
2022-01-14 15:00:00,52.06,52.15,51.32,51.43,3623.0,3,0.0
2022-01-14 16:00:00,51.43,51.93,51.16,51.75,3085.0,3,0.0
2022-01-14 17:00:00,51.74,51.82,51.38,51.42,2293.0,2,0.0
2022-01-14 18:00:00,51.41,51.73,51.32,51.72,2281.0,2,0.0
2022-01-14 19:00:00,51.72,51.83,51.48,51.51,2562.0,2,0.0
2022-01-14 20:00:00,51.51,53.79,51.51,52.84,7016.0,3,0.0
2022-01-18 11:00:00,51.96,51.96,51.82,51.89,808.0,6,0.0
2022-01-18 12:00:00,51.88,52.11,51.87,52.09,753.0,4,0.0
2022-01-18 13:00:00,52.08,52.12,51.86,51.97,281.0,4,0.0
2022-01-18 14:00:00,51.96,52.15,51.35,51.64,3316.0,3,0.0
2022-01-18 15:00:00,51.61,52.02,51.33,51.38,4160.0,3,0.0
2022-01-18 16:00:00,51.38,51.61,51.14,51.42,3004.0,2,0.0
2022-01-18 17:00:00,51.41,51.48,51.07,51.07,2682.0,2,0.0
2022-01-18 18:00:00,51.08,51.21,50.93,51.07,2757.0,2,0.0
2022-01-18 19:00:00,51.07,51.4,50.99,51.33,2541.0,2,0.0
2022-01-18 20:00:00,51.33,51.33,50.86,50.87,2181.0,2,0.0
2022-01-19 11:00:00,51.27,51.32,51.12,51.2,364.0,6,0.0
2022-01-19 12:00:00,51.19,51.33,51.11,51.22,618.0,6,0.0
2022-01-19 13:00:00,51.21,51.47,51.21,51.47,561.0,6,0.0
2022-01-19 14:00:00,51.44,51.86,51.18,51.46,2672.0,4,0.0
2022-01-19 15:00:00,51.46,51.84,51.15,51.34,4058.0,3,0.0
2022-01-19 16:00:00,51.34,51.46,51.06,51.42,3239.0,2,0.0
2022-01-19 17:00:00,51.42,52.23,51.42,52.08,3139.0,2,0.0
2022-01-19 18:00:00,52.08,52.3,51.9,52.22,2602.0,2,0.0
2022-01-19 19:00:00,52.22,52.3,51.6,51.71,3073.0,2,0.0
2022-01-19 20:00:00,51.71,51.71,51.42,51.67,2189.0,2,0.0
2022-01-20 11:00:00,51.86,52.14,51.86,52.06,438.0,4,0.0
2022-01-20 12:00:00,52.07,52.15,51.85,52.02,724.0,4,0.0
2022-01-20 13:00:00,52.02,52.04,51.95,52.01,356.0,4,0.0
2022-01-20 14:00:00,52.01,52.64,51.68,51.78,3365.0,3,0.0
2022-01-20 15:00:00,51.78,52.38,51.73,52.31,3868.0,3,0.0
2022-01-20 16:00:00,52.31,52.48,52.12,52.35,2927.0,2,0.0
2022-01-20 17:00:00,52.35,52.53,52.13,52.15,2678.0,2,0.0
2022-01-20 18:00:00,52.15,52.15,51.63,51.66,3158.0,2,0.0
2022-01-20 19:00:00,51.65,51.82,51.13,51.25,3622.0,2,0.0
2022-01-20 20:00:00,51.24,51.36,50.87,50.96,2727.0,2,0.0
2022-01-21 11:00:00,40.79,41.2,40.58,41.05,1012.0,6,0.0
2022-01-21 12:00:00,41.05,41.35,40.58,40.88,1625.0,6,0.0
2022-01-21 13:00:00,40.88,41.1,40.55,40.65,2287.0,4,0.0
2022-01-21 14:00:00,40.66,40.66,38.5,38.56,13617.0,2,0.0
2022-01-21 15:00:00,38.58,39.07,37.98,38.54,15801.0,2,0.0
2022-01-21 16:00:00,38.55,40.36,38.54,39.9,12386.0,2,0.0
2022-01-21 17:00:00,39.89,40.83,39.86,40.15,8753.0,2,0.0
2022-01-21 18:00:00,40.16,40.37,39.91,40.12,5706.0,2,0.0
2022-01-21 19:00:00,40.12,40.33,39.07,39.12,5606.0,2,0.0
2022-01-21 20:00:00,39.11,39.46,38.89,39.03,5435.0,2,0.0
2022-01-24 11:00:00,38.85,39.23,38.83,38.94,774.0,6,0.0
2022-01-24 12:00:00,38.94,39.08,38.35,38.38,624.0,6,0.0
2022-01-24 13:00:00,38.38,38.43,38.03,38.35,858.0,6,0.0
2022-01-24 14:00:00,38.35,38.61,36.84,36.86,5574.0,4,0.0
2022-01-24 15:00:00,36.89,37.21,35.63,36.38,8619.0,4,0.0
2022-01-24 16:00:00,36.37,36.48,35.13,35.86,6859.0,3,0.0
2022-01-24 17:00:00,35.85,36.14,35.19,36.08,4170.0,4,0.0
2022-01-24 18:00:00,36.09,37.66,36.09,37.49,4158.0,3,0.0
2022-01-24 19:00:00,37.5,37.78,36.66,37.34,3360.0,2,0.0
2022-01-24 20:00:00,37.33,38.45,37.15,38.05,2991.0,3,0.0
2022-01-25 11:00:00,37.95,38.14,37.79,37.86,761.0,4,0.0
2022-01-25 12:00:00,37.87,38.03,37.6,37.92,1018.0,6,0.0
2022-01-25 13:00:00,37.93,38.02,37.61,37.75,579.0,4,0.0
2022-01-25 14:00:00,37.75,38.74,37.49,37.5,4118.0,3,0.0
2022-01-25 15:00:00,37.49,37.7,37.03,37.09,5239.0,3,0.0
2022-01-25 16:00:00,37.09,37.14,36.55,36.67,4618.0,2,0.0
2022-01-25 17:00:00,36.67,37.16,36.64,36.83,3427.0,3,0.0
2022-01-25 18:00:00,36.83,37.35,36.65,37.3,3467.0,2,0.0
2022-01-25 19:00:00,37.3,37.48,36.95,37.34,3824.0,2,0.0
2022-01-25 20:00:00,37.34,37.42,36.76,37.05,2921.0,2,0.0
2022-01-26 11:00:00,38.07,38.14,37.83,37.89,461.0,6,0.0
2022-01-26 12:00:00,37.92,37.94,37.42,37.56,623.0,6,0.0
2022-01-26 13:00:00,37.56,37.71,37.44,37.48,421.0,4,0.0
2022-01-26 14:00:00,37.47,38.22,37.26,38.22,4209.0,2,0.0
2022-01-26 15:00:00,38.22,38.25,37.56,37.79,5560.0,2,0.0
2022-01-26 16:00:00,37.79,37.89,37.38,37.44,4007.0,2,0.0
2022-01-26 17:00:00,37.44,37.73,37.41,37.72,3441.0,1,0.0
2022-01-26 18:00:00,37.72,37.72,37.43,37.48,3405.0,2,0.0
2022-01-26 19:00:00,37.49,37.9,36.49,36.59,6209.0,2,0.0
2022-01-26 20:00:00,36.57,36.57,35.67,36.01,5137.0,2,0.0
2022-01-27 11:00:00,37.28,37.64,37.27,37.6,599.0,6,0.0
2022-01-27 12:00:00,37.59,37.66,37.41,37.55,645.0,4,0.0
2022-01-27 13:00:00,37.55,37.71,37.34,37.71,608.0,4,0.0
2022-01-27 14:00:00,37.71,38.67,37.64,38.41,6192.0,3,0.0
2022-01-27 15:00:00,38.4,39.45,37.96,38.37,8662.0,2,0.0
2022-01-27 16:00:00,38.36,39.15,38.02,38.98,6596.0,2,0.0
2022-01-27 17:00:00,38.98,39.1,38.51,38.69,5861.0,2,0.0
2022-01-27 18:00:00,38.69,39.0,38.21,38.91,5692.0,2,0.0
2022-01-27 19:00:00,38.91,39.37,38.81,38.98,6356.0,2,0.0
2022-01-27 20:00:00,38.98,39.16,38.7,38.96,4795.0,2,0.0
2022-01-28 11:00:00,38.42,38.47,38.29,38.36,319.0,6,0.0
2022-01-28 12:00:00,38.36,38.52,38.0,38.12,940.0,6,0.0
2022-01-28 13:00:00,38.12,38.66,37.99,38.44,707.0,4,0.0
2022-01-28 14:00:00,38.44,38.75,37.72,37.73,4826.0,2,0.0
2022-01-28 15:00:00,37.72,38.2,37.46,38.12,7616.0,2,0.0
2022-01-28 16:00:00,38.12,38.22,37.87,38.15,4936.0,2,0.0
2022-01-28 17:00:00,38.16,38.46,37.83,37.85,4924.0,2,0.0
2022-01-28 18:00:00,37.85,37.97,37.38,37.47,4737.0,2,0.0
2022-01-28 19:00:00,37.47,37.83,37.2,37.81,4822.0,2,0.0
2022-01-28 20:00:00,37.8,38.16,37.71,38.15,3976.0,2,0.0
2022-01-31 11:00:00,39.41,39.75,39.38,39.71,516.0,6,0.0
2022-01-31 12:00:00,39.71,39.71,39.16,39.55,731.0,4,0.0
2022-01-31 13:00:00,39.54,39.83,39.41,39.61,740.0,4,0.0
2022-01-31 14:00:00,39.61,41.7,39.6,41.42,6856.0,4,0.0
2022-01-31 15:00:00,41.46,41.68,41.16,41.54,4960.0,3,0.0
2022-01-31 16:00:00,41.53,41.87,41.44,41.87,3868.0,3,0.0
2022-01-31 17:00:00,41.87,42.42,41.78,42.42,3725.0,3,0.0
2022-01-31 18:00:00,42.41,42.43,42.08,42.37,3166.0,3,0.0
2022-01-31 19:00:00,42.37,42.48,42.23,42.27,2616.0,2,0.0
2022-01-31 20:00:00,42.27,42.54,42.06,42.5,2612.0,3,0.0
2022-02-01 11:00:00,42.99,43.02,42.89,42.9,255.0,6,0.0
2022-02-01 12:00:00,42.91,43.15,42.91,43.09,510.0,4,0.0
2022-02-01 13:00:00,43.1,43.42,43.08,43.24,487.0,4,0.0
2022-02-01 14:00:00,43.24,43.4,42.57,43.11,4873.0,3,0.0
2022-02-01 15:00:00,43.11,44.34,42.7,44.32,7363.0,3,0.0
2022-02-01 16:00:00,44.32,44.36,43.98,44.28,5207.0,2,0.0
2022-02-01 17:00:00,44.28,44.61,43.95,44.54,4670.0,2,0.0
2022-02-01 18:00:00,44.53,44.64,44.28,44.6,3985.0,2,0.0
2022-02-01 19:00:00,44.6,45.02,44.48,44.86,4520.0,2,0.0
2022-02-01 20:00:00,44.86,45.69,44.82,45.65,4082.0,2,0.0
2022-02-02 11:00:00,46.0,46.0,45.87,45.9,169.0,6,0.0
2022-02-02 12:00:00,45.9,45.99,45.47,45.61,606.0,4,0.0
2022-02-02 13:00:00,45.61,45.63,45.15,45.18,462.0,6,0.0
2022-02-02 14:00:00,45.19,45.19,43.85,43.96,6027.0,3,0.0
2022-02-02 15:00:00,43.97,44.32,43.57,43.66,5551.0,2,0.0
2022-02-02 16:00:00,43.65,43.68,42.8,42.92,5554.0,2,0.0
2022-02-02 17:00:00,42.92,43.45,42.74,43.44,3588.0,2,0.0
2022-02-02 18:00:00,43.44,43.63,43.25,43.33,3616.0,2,0.0
2022-02-02 19:00:00,43.33,43.39,42.68,42.72,3870.0,2,0.0
2022-02-02 20:00:00,42.73,43.09,42.64,42.92,3029.0,2,0.0
2022-02-03 11:00:00,42.04,42.06,41.81,41.98,306.0,6,0.0
2022-02-03 12:00:00,41.99,42.23,41.92,42.04,578.0,6,0.0
2022-02-03 13:00:00,42.04,42.35,41.79,41.86,642.0,6,0.0
2022-02-03 14:00:00,41.85,42.9,41.69,42.05,4733.0,3,0.0
2022-02-03 15:00:00,42.07,42.4,41.53,41.55,5750.0,2,0.0
2022-02-03 16:00:00,41.56,41.88,41.31,41.32,4623.0,2,0.0
2022-02-03 17:00:00,41.32,41.51,41.11,41.16,3902.0,2,0.0
2022-02-03 18:00:00,41.16,41.3,40.86,40.89,3812.0,2,0.0
2022-02-03 19:00:00,40.89,41.04,40.52,40.74,4226.0,2,0.0
2022-02-03 20:00:00,40.74,40.98,40.53,40.62,3206.0,2,0.0
2022-02-04 11:00:00,41.03,41.03,40.61,40.74,1418.0,6,0.0
2022-02-04 12:00:00,40.73,40.93,40.44,40.91,964.0,6,0.0
2022-02-04 13:00:00,40.92,40.96,40.18,40.2,1658.0,6,0.0
2022-02-04 14:00:00,40.21,41.13,39.66,40.14,3896.0,4,0.0
2022-02-04 15:00:00,40.14,40.79,40.1,40.41,5317.0,3,0.0
2022-02-04 16:00:00,40.41,40.58,39.9,40.1,4475.0,2,0.0
2022-02-04 17:00:00,40.11,40.72,40.02,40.71,3762.0,2,0.0
2022-02-04 18:00:00,40.71,41.06,40.65,41.05,3817.0,2,0.0
2022-02-04 19:00:00,41.05,41.12,40.82,41.07,3464.0,2,0.0
2022-02-04 20:00:00,41.07,41.27,40.99,41.0,3071.0,2,0.0
2022-02-07 11:00:00,40.95,41.14,40.93,41.12,459.0,4,0.0
2022-02-07 12:00:00,41.12,41.25,41.02,41.25,497.0,4,0.0
2022-02-07 13:00:00,41.24,41.35,41.08,41.19,572.0,4,0.0
2022-02-07 14:00:00,41.19,41.21,40.33,40.53,2569.0,3,0.0
2022-02-07 15:00:00,40.53,40.6,39.87,39.97,4654.0,3,0.0
2022-02-07 16:00:00,39.97,40.1,39.37,39.49,3771.0,2,0.0
2022-02-07 17:00:00,39.48,39.66,39.35,39.65,3378.0,2,0.0
2022-02-07 18:00:00,39.65,40.13,39.6,40.11,3357.0,2,0.0
2022-02-07 19:00:00,40.11,40.52,40.01,40.49,3059.0,2,0.0
2022-02-07 20:00:00,40.49,40.73,40.06,40.13,3039.0,2,0.0
2022-02-08 11:00:00,40.15,40.18,40.07,40.09,489.0,3,0.0
2022-02-08 12:00:00,40.1,40.13,39.82,39.93,525.0,4,0.0
2022-02-08 13:00:00,39.93,40.1,39.92,40.02,621.0,4,0.0
2022-02-08 14:00:00,40.02,40.31,39.71,40.05,3124.0,3,0.0
2022-02-08 15:00:00,40.04,40.38,39.57,40.3,4739.0,2,0.0
2022-02-08 16:00:00,40.31,40.32,39.92,40.01,3524.0,2,0.0
2022-02-08 17:00:00,40.02,40.54,39.96,40.34,2838.0,2,0.0
2022-02-08 18:00:00,40.34,40.39,39.97,40.08,2962.0,2,0.0
2022-02-08 19:00:00,40.08,40.26,40.06,40.12,2788.0,2,0.0
2022-02-08 20:00:00,40.12,40.58,40.06,40.47,2659.0,2,0.0
2022-02-09 11:00:00,40.94,41.24,40.87,41.1,399.0,6,0.0
2022-02-09 12:00:00,41.1,41.15,40.79,41.06,809.0,4,0.0
2022-02-09 13:00:00,41.06,41.08,40.82,40.86,333.0,4,0.0
2022-02-09 14:00:00,40.86,40.88,39.87,40.21,3374.0,2,0.0
2022-02-09 15:00:00,40.22,41.08,40.2,40.92,4082.0,2,0.0
2022-02-09 16:00:00,40.92,40.98,40.51,40.53,2906.0,2,0.0
2022-02-09 17:00:00,40.53,40.53,40.17,40.43,2680.0,2,0.0
2022-02-09 18:00:00,40.43,40.57,40.38,40.56,2367.0,1,0.0
2022-02-09 19:00:00,40.56,41.06,40.56,41.01,2565.0,2,0.0
2022-02-09 20:00:00,41.02,41.11,40.86,40.97,2577.0,2,0.0
2022-02-10 11:00:00,41.02,41.05,40.93,40.94,210.0,3,0.0
2022-02-10 12:00:00,40.95,41.25,40.85,41.02,612.0,4,0.0
2022-02-10 13:00:00,41.02,41.12,40.21,40.4,858.0,4,0.0
2022-02-10 14:00:00,40.4,40.73,40.05,40.55,2917.0,3,0.0
2022-02-10 15:00:00,40.57,40.78,40.1,40.49,4924.0,2,0.0
2022-02-10 16:00:00,40.49,40.69,40.15,40.41,3515.0,2,0.0
2022-02-10 17:00:00,40.42,40.69,40.07,40.16,3555.0,2,0.0
2022-02-10 18:00:00,40.15,40.22,39.63,40.04,4227.0,2,0.0
2022-02-10 19:00:00,40.05,40.07,39.72,39.97,3719.0,2,0.0
2022-02-10 20:00:00,39.98,40.76,39.95,40.3,3673.0,2,0.0
2022-02-11 11:00:00,40.04,40.09,40.01,40.05,284.0,4,0.0
2022-02-11 12:00:00,40.05,40.53,40.04,40.4,668.0,4,0.0
2022-02-11 13:00:00,40.41,40.59,40.34,40.57,222.0,4,0.0
2022-02-11 14:00:00,40.54,40.95,40.43,40.52,2561.0,3,0.0
2022-02-11 15:00:00,40.53,41.15,40.5,40.55,4809.0,2,0.0
2022-02-11 16:00:00,40.55,40.65,39.56,39.67,4442.0,2,0.0
2022-02-11 17:00:00,39.66,39.88,39.48,39.52,3162.0,2,0.0
2022-02-11 18:00:00,39.52,39.62,38.84,38.91,4416.0,2,0.0
2022-02-11 19:00:00,38.91,39.27,38.76,39.07,4020.0,2,0.0
2022-02-11 20:00:00,39.07,39.38,38.9,38.99,3186.0,2,0.0
2022-02-14 11:00:00,38.4,38.48,38.25,38.43,610.0,4,0.0
2022-02-14 12:00:00,38.43,39.18,38.33,38.83,1138.0,4,0.0
2022-02-14 13:00:00,38.83,38.95,38.48,38.77,529.0,6,0.0
2022-02-14 14:00:00,38.77,40.05,38.59,39.84,3679.0,2,0.0
2022-02-14 15:00:00,39.84,40.81,39.64,40.72,5811.0,2,0.0
2022-02-14 16:00:00,40.72,40.92,40.58,40.73,4349.0,2,0.0
2022-02-14 17:00:00,40.74,40.78,40.26,40.32,2821.0,2,0.0
2022-02-14 18:00:00,40.32,40.33,39.5,39.51,3952.0,2,0.0
2022-02-14 19:00:00,39.51,39.98,39.39,39.8,4598.0,2,0.0
2022-02-14 20:00:00,39.8,39.97,39.59,39.79,3510.0,2,0.0
2022-02-15 11:00:00,40.41,40.54,40.41,40.51,467.0,4,0.0
2022-02-15 12:00:00,40.5,40.52,40.36,40.49,571.0,4,0.0
2022-02-15 13:00:00,40.49,40.52,40.31,40.31,384.0,4,0.0
2022-02-15 14:00:00,40.31,40.66,40.13,40.57,2838.0,2,0.0
2022-02-15 15:00:00,40.58,40.68,40.1,40.61,3509.0,2,0.0
2022-02-15 16:00:00,40.61,40.7,40.31,40.58,2649.0,1,0.0
2022-02-15 17:00:00,40.58,40.62,40.21,40.47,2424.0,2,0.0
2022-02-15 18:00:00,40.47,40.76,40.45,40.7,2184.0,2,0.0
2022-02-15 19:00:00,40.7,40.9,40.57,40.82,2597.0,2,0.0
2022-02-15 20:00:00,40.82,40.87,40.4,40.58,2332.0,2,0.0
2022-02-16 11:00:00,40.63,40.75,40.6,40.66,214.0,3,0.0
2022-02-16 12:00:00,40.72,40.79,40.52,40.66,713.0,4,0.0
2022-02-16 13:00:00,40.66,40.68,40.18,40.23,374.0,4,0.0
2022-02-16 14:00:00,40.2,40.39,39.46,39.83,3223.0,2,0.0
2022-02-16 15:00:00,39.82,40.07,39.49,39.55,3750.0,2,0.0
2022-02-16 16:00:00,39.55,39.65,39.2,39.33,3148.0,2,0.0
2022-02-16 17:00:00,39.34,39.41,39.03,39.15,2474.0,2,0.0
2022-02-16 18:00:00,39.15,39.27,39.11,39.21,2076.0,2,0.0
2022-02-16 19:00:00,39.21,39.77,39.12,39.61,4080.0,2,0.0
2022-02-16 20:00:00,39.61,39.8,39.57,39.7,2295.0,2,0.0
2022-02-17 11:00:00,39.54,39.6,39.45,39.51,395.0,4,0.0
2022-02-17 12:00:00,39.51,39.67,39.51,39.61,359.0,4,0.0
2022-02-17 13:00:00,39.61,39.65,39.14,39.22,379.0,4,0.0
2022-02-17 14:00:00,39.25,39.85,39.2,39.67,2668.0,2,0.0
2022-02-17 15:00:00,39.67,39.9,39.08,39.22,3754.0,2,0.0
2022-02-17 16:00:00,39.22,39.56,39.09,39.35,2879.0,1,0.0
2022-02-17 17:00:00,39.35,39.39,39.23,39.35,2480.0,2,0.0
2022-02-17 18:00:00,39.35,39.38,39.1,39.14,2151.0,1,0.0
2022-02-17 19:00:00,39.14,39.15,38.88,38.88,2235.0,2,0.0
2022-02-17 20:00:00,38.88,38.88,38.62,38.72,2241.0,2,0.0
2022-02-18 11:00:00,39.06,39.12,39.01,39.02,296.0,6,0.0
2022-02-18 12:00:00,38.99,39.52,38.98,39.4,446.0,4,0.0
2022-02-18 13:00:00,39.41,39.52,39.03,39.26,1184.0,4,0.0
2022-02-18 14:00:00,39.25,40.27,39.22,39.95,3859.0,2,0.0
2022-02-18 15:00:00,39.96,40.0,39.16,39.23,4292.0,1,0.0
2022-02-18 16:00:00,39.23,39.31,38.91,38.96,3654.0,2,0.0
2022-02-18 17:00:00,38.96,39.35,38.96,39.03,3196.0,2,0.0
2022-02-18 18:00:00,39.04,39.55,39.02,39.47,3117.0,2,0.0
2022-02-18 19:00:00,39.47,39.96,39.47,39.7,3646.0,2,0.0
2022-02-18 20:00:00,39.7,39.83,39.13,39.23,3060.0,2,0.0
2022-02-22 11:00:00,38.95,39.03,38.75,38.78,201.0,6,0.0
2022-02-22 12:00:00,38.79,39.1,38.7,38.97,401.0,6,0.0
2022-02-22 13:00:00,38.97,39.01,38.84,38.94,145.0,6,0.0
2022-02-22 14:00:00,38.94,39.0,38.43,38.95,3543.0,2,0.0
2022-02-22 15:00:00,38.95,39.23,38.15,38.2,5386.0,2,0.0
2022-02-22 16:00:00,38.2,38.3,37.78,37.86,4971.0,1,0.0
2022-02-22 17:00:00,37.86,38.1,37.69,37.84,4077.0,1,0.0
2022-02-22 18:00:00,37.84,37.97,37.33,37.4,3784.0,1,0.0
2022-02-22 19:00:00,37.41,38.26,37.3,38.15,4769.0,2,0.0
2022-02-22 20:00:00,38.15,38.41,37.78,37.89,3992.0,2,0.0
2022-02-23 11:00:00,38.13,38.15,38.01,38.05,176.0,4,0.0
2022-02-23 12:00:00,38.04,38.25,38.03,38.19,494.0,4,0.0
2022-02-23 13:00:00,38.19,38.23,38.04,38.11,396.0,4,0.0
2022-02-23 14:00:00,38.11,38.58,37.78,37.81,2669.0,2,0.0
2022-02-23 15:00:00,37.81,37.88,37.37,37.46,4389.0,1,0.0
2022-02-23 16:00:00,37.46,37.68,37.24,37.63,3683.0,2,0.0
2022-02-23 17:00:00,37.63,37.73,37.42,37.47,2897.0,1,0.0
2022-02-23 18:00:00,37.47,37.47,37.14,37.17,3156.0,1,0.0
2022-02-23 19:00:00,37.17,37.32,36.88,36.97,3381.0,1,0.0
2022-02-23 20:00:00,36.97,37.01,36.73,36.83,3192.0,2,0.0
2022-02-24 11:00:00,35.6,35.61,35.25,35.46,505.0,6,0.0
2022-02-24 12:00:00,35.51,35.54,35.39,35.52,603.0,4,0.0
2022-02-24 13:00:00,35.52,35.55,35.42,35.55,309.0,4,0.0
2022-02-24 14:00:00,35.57,36.43,35.39,36.3,4762.0,2,0.0
2022-02-24 15:00:00,36.31,37.2,36.17,37.08,7020.0,2,0.0
2022-02-24 16:00:00,37.07,37.42,36.91,37.38,5320.0,2,0.0
2022-02-24 17:00:00,37.38,37.51,37.08,37.3,3715.0,2,0.0
2022-02-24 18:00:00,37.3,38.12,37.24,37.84,4182.0,2,0.0
2022-02-24 19:00:00,37.84,38.7,37.66,38.56,5323.0,2,0.0
2022-02-24 20:00:00,38.57,39.05,38.54,38.85,3593.0,2,0.0
2022-02-25 11:00:00,38.71,38.82,38.42,38.73,803.0,4,0.0
2022-02-25 12:00:00,38.74,38.94,38.63,38.9,1293.0,6,0.0
2022-02-25 13:00:00,38.9,39.09,38.9,39.03,412.0,6,0.0
2022-02-25 14:00:00,39.03,39.03,37.71,37.74,4623.0,1,0.0
2022-02-25 15:00:00,37.73,38.81,37.55,38.61,6235.0,2,0.0
2022-02-25 16:00:00,38.61,39.08,38.47,39.08,3810.0,2,0.0
2022-02-25 17:00:00,39.08,39.11,38.54,38.68,2989.0,2,0.0
2022-02-25 18:00:00,38.68,38.86,38.46,38.68,3230.0,2,0.0
2022-02-25 19:00:00,38.68,38.81,38.55,38.78,3656.0,1,0.0
2022-02-25 20:00:00,38.78,38.95,38.64,38.95,2870.0,2,0.0
2022-02-28 11:00:00,38.48,38.48,38.39,38.41,85.0,6,0.0
2022-02-28 12:00:00,38.41,38.71,38.41,38.65,935.0,4,0.0
2022-02-28 13:00:00,38.65,38.68,38.61,38.65,309.0,4,0.0
2022-02-28 14:00:00,38.65,39.2,38.27,38.66,3796.0,2,0.0
2022-02-28 15:00:00,38.67,39.22,38.21,39.18,4374.0,2,0.0
2022-02-28 16:00:00,39.18,39.76,39.14,39.63,3813.0,2,0.0
2022-02-28 17:00:00,39.63,39.68,39.07,39.18,2904.0,2,0.0
2022-02-28 18:00:00,39.17,39.48,39.16,39.37,3228.0,2,0.0
2022-02-28 19:00:00,39.37,39.37,38.85,39.3,3544.0,2,0.0
2022-02-28 20:00:00,39.29,39.42,39.03,39.16,2600.0,2,0.0
2022-03-01 11:00:00,39.1,39.28,38.9,38.91,838.0,4,0.0
2022-03-01 12:00:00,38.91,39.2,38.91,39.05,855.0,4,0.0
2022-03-01 13:00:00,39.05,39.32,38.96,39.18,530.0,4,0.0
2022-03-01 14:00:00,39.18,39.43,38.96,39.12,2586.0,2,0.0
2022-03-01 15:00:00,39.13,39.49,38.95,39.12,4405.0,2,0.0
2022-03-01 16:00:00,39.11,39.3,38.65,38.7,3804.0,2,0.0
2022-03-01 17:00:00,38.7,39.11,38.57,39.05,3309.0,2,0.0
2022-03-01 18:00:00,39.05,39.14,38.5,38.61,3719.0,1,0.0
2022-03-01 19:00:00,38.61,38.89,38.49,38.77,3278.0,2,0.0
2022-03-01 20:00:00,38.77,39.09,38.51,38.52,2938.0,2,0.0
2022-03-02 11:00:00,38.92,39.17,38.7,38.92,730.0,4,0.0
2022-03-02 12:00:00,38.92,39.01,38.57,38.73,698.0,4,0.0
2022-03-02 13:00:00,38.72,38.76,38.54,38.64,731.0,4,0.0
2022-03-02 14:00:00,38.64,38.89,38.03,38.29,2612.0,2,0.0
2022-03-02 15:00:00,38.3,38.32,37.52,37.61,5490.0,2,0.0
2022-03-02 16:00:00,37.61,38.26,37.52,37.75,4576.0,2,0.0
2022-03-02 17:00:00,37.75,37.85,37.62,37.75,3472.0,2,0.0
2022-03-02 18:00:00,37.75,38.1,37.69,37.87,3358.0,1,0.0
2022-03-02 19:00:00,37.87,38.05,37.81,37.98,3119.0,1,0.0
2022-03-02 20:00:00,37.98,38.2,37.93,38.04,2770.0,2,0.0
2022-03-03 11:00:00,37.81,37.9,37.79,37.82,172.0,4,0.0
2022-03-03 12:00:00,37.82,37.93,37.81,37.91,459.0,4,0.0
2022-03-03 13:00:00,37.92,38.35,37.91,38.3,143.0,4,0.0
2022-03-03 14:00:00,38.33,38.57,37.6,37.67,2661.0,3,0.0
2022-03-03 15:00:00,37.67,37.74,36.71,36.8,5112.0,2,0.0
2022-03-03 16:00:00,36.81,37.23,36.79,37.05,3797.0,2,0.0
2022-03-03 17:00:00,37.05,37.19,36.75,36.99,4655.0,1,0.0
2022-03-03 18:00:00,36.98,37.15,36.77,36.88,3313.0,1,0.0
2022-03-03 19:00:00,36.87,36.99,36.6,36.64,3011.0,2,0.0
2022-03-03 20:00:00,36.65,36.74,36.47,36.48,2696.0,1,0.0
2022-03-04 11:00:00,36.73,36.75,36.57,36.68,831.0,6,0.0
2022-03-04 12:00:00,36.69,36.73,36.4,36.54,519.0,6,0.0
2022-03-04 13:00:00,36.54,36.55,36.38,36.45,588.0,4,0.0
2022-03-04 14:00:00,36.45,37.45,36.38,36.83,3177.0,2,0.0
2022-03-04 15:00:00,36.82,36.86,36.06,36.09,4670.0,2,0.0
2022-03-04 16:00:00,36.09,36.12,35.74,35.9,3718.0,1,0.0
2022-03-04 17:00:00,35.9,36.08,35.71,35.75,4038.0,2,0.0
2022-03-04 18:00:00,35.75,36.18,35.75,36.04,3397.0,1,0.0
2022-03-04 19:00:00,36.04,36.2,35.85,36.01,3040.0,1,0.0
2022-03-04 20:00:00,36.01,36.14,35.96,36.02,2927.0,1,0.0
2022-03-07 11:00:00,35.36,35.68,35.23,35.65,432.0,6,0.0
2022-03-07 12:00:00,35.66,35.81,35.55,35.57,577.0,6,0.0
2022-03-07 13:00:00,35.57,35.82,35.51,35.75,147.0,6,0.0
2022-03-07 14:00:00,35.78,36.18,35.58,35.61,2938.0,2,0.0
2022-03-07 15:00:00,35.61,35.72,35.24,35.34,5786.0,1,0.0
2022-03-07 16:00:00,35.34,35.9,35.33,35.54,3922.0,1,0.0
2022-03-07 17:00:00,35.54,36.18,35.41,35.93,3651.0,2,0.0
2022-03-07 18:00:00,35.93,36.14,35.72,35.81,3380.0,2,0.0
2022-03-07 19:00:00,35.81,36.02,35.55,35.57,2959.0,2,0.0
2022-03-07 20:00:00,35.57,35.61,35.23,35.3,3361.0,2,0.0
2022-03-08 11:00:00,34.95,34.98,34.75,34.98,227.0,6,0.0
2022-03-08 12:00:00,34.98,35.1,34.78,34.84,537.0,4,0.0
2022-03-08 13:00:00,34.86,34.89,34.56,34.89,767.0,4,0.0
2022-03-08 14:00:00,34.89,35.3,34.41,34.67,2659.0,4,0.0
2022-03-08 15:00:00,34.66,35.01,34.3,34.93,3135.0,3,0.0
2022-03-08 16:00:00,34.93,35.03,34.48,34.75,2476.0,3,0.0
2022-03-08 17:00:00,34.75,35.87,34.71,35.49,2665.0,4,0.0
2022-03-08 18:00:00,35.49,35.61,34.52,34.52,2127.0,3,0.0
2022-03-08 19:00:00,34.52,34.63,34.28,34.52,2172.0,3,0.0
2022-03-08 20:00:00,34.52,34.85,34.08,34.1,2308.0,3,0.0
2022-03-09 11:00:00,34.73,35.2,34.68,35.02,882.0,6,0.0
2022-03-09 12:00:00,35.02,35.02,34.8,34.95,875.0,6,0.0
2022-03-09 13:00:00,34.89,35.01,34.84,34.91,562.0,6,0.0
2022-03-09 14:00:00,34.88,35.71,34.83,35.49,3503.0,2,0.0
2022-03-09 15:00:00,35.49,35.98,35.41,35.93,4171.0,2,0.0
2022-03-09 16:00:00,35.94,36.34,35.92,36.33,4224.0,2,0.0
2022-03-09 17:00:00,36.33,36.4,35.98,36.12,3363.0,1,0.0
2022-03-09 18:00:00,36.12,36.12,35.75,35.78,2961.0,1,0.0
2022-03-09 19:00:00,35.78,36.04,35.75,35.84,3079.0,2,0.0
2022-03-09 20:00:00,35.84,35.99,35.78,35.88,2236.0,1,0.0
2022-03-10 11:00:00,35.35,35.49,35.15,35.26,2120.0,6,0.0
2022-03-10 12:00:00,35.27,35.43,35.22,35.38,1439.0,6,0.0
2022-03-10 13:00:00,35.36,35.53,35.21,35.27,852.0,6,0.0
2022-03-10 14:00:00,35.29,36.69,35.26,36.33,3821.0,2,0.0
2022-03-10 15:00:00,36.33,36.34,35.55,35.6,4913.0,1,0.0
2022-03-10 16:00:00,35.59,35.94,35.32,35.88,3289.0,1,0.0
2022-03-10 17:00:00,35.88,36.36,35.73,35.75,3067.0,1,0.0
2022-03-10 18:00:00,35.75,36.22,35.65,36.11,3110.0,1,0.0
2022-03-10 19:00:00,36.11,36.31,35.99,36.2,3108.0,1,0.0
2022-03-10 20:00:00,36.21,36.23,35.82,35.87,2545.0,1,0.0
2022-03-11 11:00:00,35.88,36.42,35.84,36.29,1548.0,2,0.0
2022-03-11 12:00:00,36.28,36.33,36.16,36.26,949.0,4,0.0
2022-03-11 13:00:00,36.26,36.3,36.09,36.12,513.0,6,0.0
2022-03-11 14:00:00,36.12,36.28,35.18,35.26,2906.0,2,0.0
2022-03-11 15:00:00,35.26,35.3,34.97,35.21,3925.0,2,0.0
2022-03-11 16:00:00,35.21,35.26,34.88,35.03,3253.0,2,0.0
2022-03-11 17:00:00,35.03,35.04,34.66,34.76,2775.0,1,0.0
2022-03-11 18:00:00,34.76,34.81,34.5,34.51,2805.0,1,0.0
2022-03-11 19:00:00,34.51,34.6,34.19,34.3,3283.0,1,0.0
2022-03-11 20:00:00,34.3,34.34,34.08,34.15,2461.0,1,0.0
2022-03-14 10:00:00,34.17,34.27,34.14,34.18,446.0,4,0.0
2022-03-14 11:00:00,34.18,34.2,33.78,33.85,989.0,4,0.0
2022-03-14 12:00:00,33.85,33.93,33.74,33.89,340.0,6,0.0
2022-03-14 13:00:00,33.88,34.12,33.56,33.59,4067.0,2,0.0
2022-03-14 14:00:00,33.58,33.9,33.39,33.53,5406.0,1,0.0
2022-03-14 15:00:00,33.54,33.58,33.2,33.23,3872.0,1,0.0
2022-03-14 16:00:00,33.22,33.43,33.1,33.22,3539.0,1,0.0
2022-03-14 17:00:00,33.22,33.3,33.01,33.1,3561.0,1,0.0
2022-03-14 18:00:00,33.1,33.34,33.08,33.15,3289.0,1,0.0
2022-03-14 19:00:00,33.15,33.39,32.98,33.15,2791.0,1,0.0
2022-03-15 10:00:00,33.17,33.33,33.16,33.27,442.0,2,0.0
2022-03-15 11:00:00,33.27,33.34,33.25,33.29,134.0,4,0.0
2022-03-15 12:00:00,33.29,33.61,33.28,33.38,499.0,4,0.0
2022-03-15 13:00:00,33.38,33.76,33.22,33.51,2923.0,2,0.0
2022-03-15 14:00:00,33.5,34.39,33.4,34.17,4659.0,1,0.0
2022-03-15 15:00:00,34.18,34.31,33.6,33.73,4015.0,1,0.0
2022-03-15 16:00:00,33.72,33.92,33.62,33.79,3409.0,1,0.0
2022-03-15 17:00:00,33.79,33.91,33.7,33.88,2915.0,1,0.0
2022-03-15 18:00:00,33.87,33.93,33.68,33.86,2900.0,1,0.0
2022-03-15 19:00:00,33.86,34.4,33.77,34.36,2520.0,1,0.0
2022-03-16 10:00:00,34.92,34.96,34.87,34.9,279.0,6,0.0
2022-03-16 11:00:00,34.91,34.94,34.72,34.9,505.0,4,0.0
2022-03-16 12:00:00,34.91,34.93,34.69,34.69,206.0,4,0.0
2022-03-16 13:00:00,34.69,35.39,34.6,35.09,2342.0,3,0.0
2022-03-16 14:00:00,35.09,35.55,34.96,35.53,3935.0,2,0.0
2022-03-16 15:00:00,35.54,35.75,35.43,35.5,3128.0,2,0.0
2022-03-16 16:00:00,35.5,35.59,34.98,35.12,2969.0,2,0.0
2022-03-16 17:00:00,35.12,35.97,35.06,35.41,4169.0,1,0.0
2022-03-16 18:00:00,35.4,35.41,34.31,35.1,5882.0,1,0.0
2022-03-16 19:00:00,35.1,35.53,34.99,35.45,3163.0,2,0.0
2022-03-17 10:00:00,35.5,35.61,35.35,35.58,663.0,6,0.0
2022-03-17 11:00:00,35.61,35.69,35.54,35.58,279.0,4,0.0
2022-03-17 12:00:00,35.58,35.65,35.56,35.57,150.0,4,0.0
2022-03-17 13:00:00,35.58,36.45,35.48,36.44,3466.0,2,0.0
2022-03-17 14:00:00,36.44,36.61,36.1,36.16,3874.0,2,0.0
2022-03-17 15:00:00,36.16,36.47,35.98,36.46,3599.0,1,0.0
2022-03-17 16:00:00,36.47,36.84,36.36,36.8,3345.0,1,0.0
2022-03-17 17:00:00,36.8,37.32,36.66,37.19,3412.0,1,0.0
2022-03-17 18:00:00,37.19,37.21,36.9,37.07,2970.0,2,0.0
2022-03-17 19:00:00,37.07,37.18,36.94,37.15,2035.0,1,0.0
2022-03-18 10:00:00,36.95,36.98,36.92,36.95,130.0,4,0.0
2022-03-18 11:00:00,36.95,36.96,36.91,36.95,181.0,4,0.0
2022-03-18 12:00:00,36.95,36.95,36.7,36.81,259.0,4,0.0
2022-03-18 13:00:00,36.79,37.57,36.76,37.55,2885.0,2,0.0
2022-03-18 14:00:00,37.55,37.74,37.28,37.51,4266.0,1,0.0
2022-03-18 15:00:00,37.51,37.64,37.36,37.52,3375.0,2,0.0
2022-03-18 16:00:00,37.52,38.07,37.5,38.04,3025.0,1,0.0
2022-03-18 17:00:00,38.04,38.17,37.91,38.15,2243.0,1,0.0
2022-03-18 18:00:00,38.16,38.16,37.86,38.0,2350.0,1,0.0
2022-03-18 19:00:00,38.0,38.02,37.81,37.81,1715.0,1,0.0
2022-03-21 10:00:00,37.92,37.92,37.81,37.82,181.0,4,0.0
2022-03-21 11:00:00,37.83,38.12,37.83,37.95,550.0,4,0.0
2022-03-21 12:00:00,37.95,37.98,37.81,37.86,488.0,4,0.0
2022-03-21 13:00:00,37.85,38.14,37.4,37.42,3395.0,2,0.0
2022-03-21 14:00:00,37.42,37.48,37.13,37.4,4097.0,2,0.0
2022-03-21 15:00:00,37.4,37.81,37.39,37.76,3268.0,1,0.0
2022-03-21 16:00:00,37.76,37.84,37.13,37.14,3902.0,1,0.0
2022-03-21 17:00:00,37.14,37.2,36.89,37.14,3761.0,1,0.0
2022-03-21 18:00:00,37.15,37.37,37.01,37.02,3611.0,1,0.0
2022-03-21 19:00:00,37.01,37.23,36.94,37.05,2446.0,2,0.0
2022-03-22 10:00:00,37.48,37.55,37.44,37.49,90.0,6,0.0
2022-03-22 11:00:00,37.52,37.54,37.46,37.51,375.0,4,0.0
2022-03-22 12:00:00,37.51,37.53,37.4,37.47,161.0,4,0.0
2022-03-22 13:00:00,37.49,37.7,36.66,37.65,2720.0,3,0.0
2022-03-22 14:00:00,37.66,38.27,37.65,38.21,4317.0,2,0.0
2022-03-22 15:00:00,38.22,38.65,38.18,38.43,3492.0,1,0.0
2022-03-22 16:00:00,38.42,38.45,38.08,38.34,3114.0,2,0.0
2022-03-22 17:00:00,38.34,38.45,38.23,38.42,2702.0,1,0.0
2022-03-22 18:00:00,38.42,38.44,38.21,38.4,2464.0,1,0.0
2022-03-22 19:00:00,38.39,38.66,38.33,38.37,2402.0,1,0.0
2022-03-23 10:00:00,38.15,38.21,38.06,38.08,384.0,4,0.0
2022-03-23 11:00:00,38.06,38.07,37.84,37.9,262.0,4,0.0
2022-03-23 12:00:00,37.89,37.99,37.82,37.86,185.0,4,0.0
2022-03-23 13:00:00,37.86,38.24,37.57,37.73,3344.0,2,0.0
2022-03-23 14:00:00,37.73,38.11,37.58,37.96,4215.0,2,0.0
2022-03-23 15:00:00,37.95,38.13,37.89,38.09,3395.0,2,0.0
2022-03-23 16:00:00,38.09,38.11,37.71,37.98,3105.0,1,0.0
2022-03-23 17:00:00,37.97,37.98,37.66,37.79,3002.0,1,0.0
2022-03-23 18:00:00,37.8,37.81,37.56,37.6,3070.0,1,0.0
2022-03-23 19:00:00,37.6,37.66,37.45,37.65,2052.0,1,0.0
2022-03-24 10:00:00,37.75,37.76,37.63,37.67,125.0,4,0.0
2022-03-24 11:00:00,37.67,37.82,37.52,37.64,1210.0,4,0.0
2022-03-24 12:00:00,37.68,38.07,37.62,37.88,650.0,4,0.0
2022-03-24 13:00:00,37.86,37.99,36.88,37.09,2703.0,3,0.0
2022-03-24 14:00:00,37.1,37.47,36.91,37.36,3882.0,2,0.0
2022-03-24 15:00:00,37.36,37.65,37.21,37.48,3210.0,1,0.0
2022-03-24 16:00:00,37.48,37.51,37.3,37.48,2577.0,2,0.0
2022-03-24 17:00:00,37.48,37.56,37.23,37.32,2229.0,2,0.0
2022-03-24 18:00:00,37.32,37.42,37.18,37.31,2253.0,1,0.0
2022-03-24 19:00:00,37.31,37.51,37.27,37.46,1558.0,1,0.0
2022-03-25 10:00:00,37.49,37.84,37.49,37.73,323.0,4,0.0
2022-03-25 11:00:00,37.75,37.81,37.68,37.8,182.0,6,0.0
2022-03-25 12:00:00,37.8,37.83,37.72,37.76,126.0,6,0.0
2022-03-25 13:00:00,37.76,37.81,37.15,37.19,2694.0,2,0.0
2022-03-25 14:00:00,37.19,37.23,36.92,37.02,4402.0,1,0.0
2022-03-25 15:00:00,37.03,37.05,36.64,36.67,3664.0,1,0.0
2022-03-25 16:00:00,36.67,36.93,36.64,36.82,2707.0,2,0.0
2022-03-25 17:00:00,36.82,37.24,36.74,37.2,2275.0,1,0.0
2022-03-25 18:00:00,37.2,37.49,37.15,37.47,2377.0,2,0.0
2022-03-25 19:00:00,37.47,37.49,37.09,37.2,2117.0,1,0.0
2022-03-28 10:00:00,37.32,37.32,37.28,37.3,90.0,4,0.0
2022-03-28 11:00:00,37.31,37.45,37.31,37.42,174.0,4,0.0
2022-03-28 12:00:00,37.43,37.44,37.38,37.39,263.0,4,0.0
2022-03-28 13:00:00,37.39,38.02,37.1,37.11,3592.0,2,0.0
2022-03-28 14:00:00,37.11,37.44,36.67,37.38,4742.0,1,0.0
2022-03-28 15:00:00,37.38,37.42,36.97,36.98,3255.0,2,0.0
2022-03-28 16:00:00,36.98,37.08,36.73,37.08,2847.0,2,0.0
2022-03-28 17:00:00,37.08,37.45,36.98,37.27,2505.0,2,0.0
2022-03-28 18:00:00,37.28,37.72,37.19,37.71,2557.0,1,0.0
2022-03-28 19:00:00,37.71,37.98,37.64,37.8,2115.0,2,0.0
2022-03-29 10:00:00,38.03,38.05,37.93,38.0,244.0,6,0.0
2022-03-29 11:00:00,38.0,38.02,37.8,37.98,400.0,4,0.0
2022-03-29 12:00:00,37.99,38.2,37.95,38.2,202.0,4,0.0
2022-03-29 13:00:00,38.21,38.85,38.16,38.4,3034.0,2,0.0
2022-03-29 14:00:00,38.4,38.83,38.02,38.76,4485.0,1,0.0
2022-03-29 15:00:00,38.76,39.37,38.65,39.32,4063.0,2,0.0
2022-03-29 16:00:00,39.32,39.34,38.94,38.99,2924.0,2,0.0
2022-03-29 17:00:00,38.99,39.27,38.78,39.21,2799.0,2,0.0
2022-03-29 18:00:00,39.22,39.51,39.18,39.46,2433.0,2,0.0
2022-03-29 19:00:00,39.46,39.64,39.31,39.34,1943.0,2,0.0
2022-03-30 10:00:00,38.89,38.92,38.69,38.88,632.0,4,0.0
2022-03-30 11:00:00,38.88,39.07,38.88,39.04,445.0,4,0.0
2022-03-30 12:00:00,39.01,39.05,38.8,38.84,333.0,4,0.0
2022-03-30 13:00:00,38.86,39.14,38.51,38.84,2237.0,3,0.0
2022-03-30 14:00:00,38.84,39.25,38.71,38.74,3520.0,2,0.0
2022-03-30 15:00:00,38.74,38.8,38.29,38.56,3561.0,1,0.0
2022-03-30 16:00:00,38.56,38.71,38.49,38.69,2247.0,1,0.0
2022-03-30 17:00:00,38.69,38.73,38.35,38.36,2191.0,2,0.0
2022-03-30 18:00:00,38.36,38.41,38.11,38.13,2373.0,1,0.0
2022-03-30 19:00:00,38.14,38.16,37.86,37.98,2054.0,2,0.0
2022-03-31 10:00:00,38.48,38.48,38.26,38.26,380.0,6,0.0
2022-03-31 11:00:00,38.27,38.4,38.2,38.33,445.0,4,0.0
2022-03-31 12:00:00,38.33,38.48,38.26,38.34,275.0,4,0.0
2022-03-31 13:00:00,38.35,38.38,37.49,37.64,2584.0,2,0.0
2022-03-31 14:00:00,37.64,37.87,37.35,37.8,4046.0,1,0.0
2022-03-31 15:00:00,37.79,37.81,37.53,37.69,2775.0,2,0.0
2022-03-31 16:00:00,37.69,37.71,37.53,37.62,2181.0,1,0.0
2022-03-31 17:00:00,37.63,37.94,37.58,37.83,2545.0,1,0.0
2022-03-31 18:00:00,37.83,37.84,37.63,37.83,2519.0,1,0.0
2022-03-31 19:00:00,37.83,37.97,37.58,37.62,1925.0,1,0.0
2022-04-01 10:00:00,37.73,37.79,37.63,37.68,465.0,4,0.0
2022-04-01 11:00:00,37.68,37.8,37.63,37.8,233.0,4,0.0
2022-04-01 12:00:00,37.81,37.88,37.53,37.53,398.0,4,0.0
2022-04-01 13:00:00,37.54,38.04,37.34,38.03,2199.0,2,0.0
2022-04-01 14:00:00,38.02,38.07,37.57,37.73,3627.0,2,0.0
2022-04-01 15:00:00,37.72,37.78,37.24,37.35,3490.0,2,0.0
2022-04-01 16:00:00,37.35,37.57,37.23,37.49,2563.0,1,0.0
2022-04-01 17:00:00,37.49,37.58,37.33,37.44,2347.0,1,0.0
2022-04-01 18:00:00,37.44,37.67,37.37,37.59,2499.0,1,0.0
2022-04-01 19:00:00,37.59,37.7,36.85,36.85,3944.0,2,0.0
2022-04-04 10:00:00,37.44,37.77,37.44,37.57,1095.0,6,0.0
2022-04-04 11:00:00,37.55,37.66,37.5,37.52,703.0,4,0.0
2022-04-04 12:00:00,37.52,37.57,37.41,37.43,732.0,4,0.0
2022-04-04 13:00:00,37.43,38.29,37.18,38.08,3285.0,2,0.0
2022-04-04 14:00:00,38.09,38.72,37.88,38.62,4313.0,2,0.0
2022-04-04 15:00:00,38.61,39.2,38.61,39.2,3072.0,2,0.0
2022-04-04 16:00:00,39.2,39.52,39.08,39.42,3141.0,2,0.0
2022-04-04 17:00:00,39.42,39.59,39.23,39.25,2527.0,1,0.0
2022-04-04 18:00:00,39.25,39.43,38.98,39.37,2556.0,2,0.0
2022-04-04 19:00:00,39.37,39.52,39.2,39.21,1768.0,2,0.0
2022-04-05 10:00:00,39.12,39.12,38.91,39.01,636.0,3,0.0
2022-04-05 11:00:00,39.04,39.05,38.93,38.96,272.0,4,0.0
2022-04-05 12:00:00,38.96,39.06,38.94,39.02,204.0,4,0.0
2022-04-05 13:00:00,39.01,39.05,38.41,38.75,2950.0,2,0.0
2022-04-05 14:00:00,38.75,38.88,38.2,38.38,4500.0,2,0.0
2022-04-05 15:00:00,38.38,38.43,37.97,38.03,3150.0,1,0.0
2022-04-05 16:00:00,38.03,38.06,37.71,37.96,2797.0,1,0.0
2022-04-05 17:00:00,37.96,38.17,37.82,37.93,2420.0,1,0.0
2022-04-05 18:00:00,37.93,38.09,37.78,37.8,2581.0,1,0.0
2022-04-05 19:00:00,37.8,37.89,37.72,37.83,2081.0,2,0.0
2022-04-06 10:00:00,37.6,37.61,37.51,37.53,261.0,4,0.0
2022-04-06 11:00:00,37.53,37.74,37.33,37.34,920.0,4,0.0
2022-04-06 12:00:00,37.34,37.51,37.28,37.39,690.0,6,0.0
2022-04-06 13:00:00,37.39,37.6,36.75,36.76,3351.0,2,0.0
2022-04-06 14:00:00,36.76,36.82,36.27,36.67,5184.0,1,0.0
2022-04-06 15:00:00,36.67,36.75,36.45,36.5,3256.0,1,0.0
2022-04-06 16:00:00,36.5,36.58,36.26,36.36,3220.0,1,0.0
2022-04-06 17:00:00,36.35,36.81,36.3,36.61,3239.0,1,0.0
2022-04-06 18:00:00,36.61,37.06,36.29,37.05,5607.0,1,0.0
2022-04-06 19:00:00,37.06,37.29,36.64,36.88,3949.0,1,0.0
2022-04-07 10:00:00,37.05,37.08,36.94,36.97,119.0,4,0.0
2022-04-07 11:00:00,36.97,37.12,36.82,36.86,475.0,4,0.0
2022-04-07 12:00:00,36.9,36.9,36.04,36.27,769.0,6,0.0
2022-04-07 13:00:00,36.26,36.83,36.09,36.57,3170.0,2,0.0
2022-04-07 14:00:00,36.58,36.72,36.02,36.2,5243.0,2,0.0
2022-04-07 15:00:00,36.2,36.3,35.64,35.69,3889.0,1,0.0
2022-04-07 16:00:00,35.69,35.78,35.36,35.46,3125.0,1,0.0
2022-04-07 17:00:00,35.45,36.15,35.45,36.14,3552.0,1,0.0
2022-04-07 18:00:00,36.13,36.28,35.88,36.26,3365.0,1,0.0
2022-04-07 19:00:00,36.26,36.54,36.21,36.39,2614.0,2,0.0
2022-04-08 10:00:00,36.38,36.44,36.24,36.32,257.0,4,0.0
2022-04-08 11:00:00,36.34,36.43,36.33,36.39,404.0,4,0.0
2022-04-08 12:00:00,36.38,36.38,36.12,36.15,335.0,4,0.0
2022-04-08 13:00:00,36.15,36.26,35.7,35.76,2588.0,2,0.0
2022-04-08 14:00:00,35.76,36.24,35.67,35.95,4331.0,1,0.0
2022-04-08 15:00:00,35.95,36.1,35.69,36.05,3729.0,1,0.0
2022-04-08 16:00:00,36.05,36.19,35.88,35.9,3053.0,1,0.0
2022-04-08 17:00:00,35.9,35.9,35.64,35.69,2305.0,1,0.0
2022-04-08 18:00:00,35.69,35.83,35.48,35.57,3164.0,1,0.0
2022-04-08 19:00:00,35.58,35.8,35.53,35.63,2360.0,1,0.0
2022-04-11 10:00:00,35.32,35.35,35.12,35.28,646.0,4,0.0
2022-04-11 11:00:00,35.26,35.31,35.16,35.21,490.0,6,0.0
2022-04-11 12:00:00,35.2,35.21,34.98,35.02,143.0,4,0.0
2022-04-11 13:00:00,35.04,35.35,34.51,35.27,2771.0,2,0.0
2022-04-11 14:00:00,35.27,35.47,34.58,34.61,4609.0,2,0.0
2022-04-11 15:00:00,34.61,35.11,34.53,35.0,3700.0,1,0.0
2022-04-11 16:00:00,35.0,35.12,34.84,35.1,2436.0,1,0.0
2022-04-11 17:00:00,35.09,35.27,34.9,35.0,3201.0,1,0.0
2022-04-11 18:00:00,35.0,35.16,34.91,35.1,2796.0,1,0.0
2022-04-11 19:00:00,35.1,35.17,34.91,34.93,2185.0,1,0.0
2022-04-12 10:00:00,34.95,35.21,34.92,34.98,1586.0,6,0.0
2022-04-12 11:00:00,34.98,35.09,34.88,34.92,1346.0,6,0.0
2022-04-12 12:00:00,34.92,35.69,34.9,35.66,1309.0,6,0.0
2022-04-12 13:00:00,35.65,35.85,35.15,35.85,2837.0,2,0.0
2022-04-12 14:00:00,35.86,35.91,35.02,35.19,4413.0,1,0.0
2022-04-12 15:00:00,35.19,35.44,35.0,35.15,3276.0,2,0.0
2022-04-12 16:00:00,35.16,35.16,34.77,34.85,3377.0,2,0.0
2022-04-12 17:00:00,34.85,34.98,34.5,34.56,2798.0,1,0.0
2022-04-12 18:00:00,34.56,34.63,34.32,34.46,3188.0,1,0.0
2022-04-12 19:00:00,34.45,34.58,34.22,34.45,2395.0,1,0.0
2022-04-13 10:00:00,34.57,34.73,34.55,34.61,281.0,4,0.0
2022-04-13 11:00:00,34.61,34.86,34.56,34.56,584.0,4,0.0
2022-04-13 12:00:00,34.56,34.57,34.41,34.41,208.0,6,0.0
2022-04-13 13:00:00,34.43,34.68,34.1,34.47,2954.0,2,0.0
2022-04-13 14:00:00,34.47,34.82,34.36,34.54,3737.0,2,0.0
2022-04-13 15:00:00,34.54,35.07,34.52,35.04,2839.0,1,0.0
2022-04-13 16:00:00,35.04,35.08,34.83,35.04,2221.0,2,0.0
2022-04-13 17:00:00,35.04,35.06,34.69,34.82,2228.0,1,0.0
2022-04-13 18:00:00,34.82,34.97,34.77,34.93,2070.0,1,0.0
2022-04-13 19:00:00,34.93,35.2,34.86,35.08,1975.0,1,0.0
2022-04-14 10:00:00,35.08,35.17,34.89,34.92,573.0,2,0.0
2022-04-14 11:00:00,34.91,35.14,34.91,35.01,1134.0,4,0.0
2022-04-14 12:00:00,35.0,35.12,34.96,34.99,684.0,4,0.0
2022-04-14 13:00:00,34.99,35.39,34.43,34.71,3200.0,2,0.0
2022-04-14 14:00:00,34.72,34.86,34.38,34.47,4058.0,1,0.0
2022-04-14 15:00:00,34.47,34.65,34.37,34.38,2732.0,1,0.0
2022-04-14 16:00:00,34.38,34.44,34.08,34.21,2343.0,1,0.0
2022-04-14 17:00:00,34.21,34.23,34.04,34.11,2780.0,1,0.0
2022-04-14 18:00:00,34.11,34.3,34.03,34.03,2528.0,1,0.0
2022-04-14 19:00:00,34.03,34.16,33.98,34.14,2295.0,1,0.0
2022-04-18 10:00:00,33.93,33.93,33.91,33.93,60.0,4,0.0
2022-04-18 11:00:00,33.93,34.09,33.93,34.02,45.0,4,0.0
2022-04-18 12:00:00,34.02,34.1,33.96,34.1,124.0,4,0.0
2022-04-18 13:00:00,34.1,34.22,33.38,33.62,3057.0,2,0.0
2022-04-18 14:00:00,33.62,34.07,33.49,33.51,4563.0,2,0.0
2022-04-18 15:00:00,33.51,33.59,33.22,33.45,3320.0,1,0.0
2022-04-18 16:00:00,33.45,33.45,33.16,33.37,2849.0,1,0.0
2022-04-18 17:00:00,33.37,33.83,33.3,33.75,3175.0,1,0.0
2022-04-18 18:00:00,33.75,33.87,33.63,33.73,3416.0,1,0.0
2022-04-18 19:00:00,33.73,33.78,33.46,33.6,2506.0,1,0.0
2022-04-19 10:00:00,33.66,33.82,33.62,33.71,239.0,2,0.0
2022-04-19 11:00:00,33.71,33.85,33.71,33.82,310.0,4,0.0
2022-04-19 12:00:00,33.82,33.87,33.69,33.69,473.0,4,0.0
2022-04-19 13:00:00,33.69,34.2,33.2,34.18,3090.0,2,0.0
2022-04-19 14:00:00,34.19,34.85,34.05,34.65,4887.0,2,0.0
2022-04-19 15:00:00,34.65,35.16,34.55,35.08,3394.0,1,0.0
2022-04-19 16:00:00,35.08,35.13,34.89,34.93,2729.0,2,0.0
2022-04-19 17:00:00,34.93,34.95,34.56,34.71,3206.0,2,0.0
2022-04-19 18:00:00,34.71,34.89,34.61,34.78,3275.0,1,0.0
2022-04-19 19:00:00,34.78,35.07,34.77,34.93,2561.0,1,0.0
2022-04-20 10:00:00,25.65,25.65,25.14,25.15,1023.0,6,0.0
2022-04-20 11:00:00,25.15,25.55,25.15,25.39,1445.0,4,0.0
2022-04-20 12:00:00,25.39,25.42,24.99,25.02,2294.0,3,0.0
2022-04-20 13:00:00,25.03,25.16,22.32,22.62,24717.0,1,0.0
2022-04-20 14:00:00,22.63,22.7,21.25,22.38,37533.0,1,0.0
2022-04-20 15:00:00,22.38,22.71,21.8,21.92,17453.0,1,0.0
2022-04-20 16:00:00,21.92,22.49,21.8,22.43,12485.0,1,0.0
2022-04-20 17:00:00,22.43,22.84,22.22,22.3,11490.0,1,0.0
2022-04-20 18:00:00,22.3,22.35,21.9,22.01,8366.0,1,0.0
2022-04-20 19:00:00,22.01,22.44,21.99,22.29,7577.0,1,0.0
2022-04-21 10:00:00,22.42,22.48,22.13,22.2,415.0,4,0.0
2022-04-21 11:00:00,22.2,22.25,21.65,21.73,1198.0,3,0.0
2022-04-21 12:00:00,21.74,21.95,21.66,21.75,1230.0,3,0.0
2022-04-21 13:00:00,21.75,22.76,21.7,21.81,12597.0,1,0.0
2022-04-21 14:00:00,21.81,21.88,21.15,21.29,11707.0,1,0.0
2022-04-21 15:00:00,21.29,21.6,21.2,21.51,7769.0,1,0.0
2022-04-21 16:00:00,21.51,21.94,21.48,21.75,7302.0,1,0.0
2022-04-21 17:00:00,21.75,21.9,21.65,21.67,5102.0,1,0.0
2022-04-21 18:00:00,21.67,22.01,21.45,22.0,5352.0,1,0.0
2022-04-21 19:00:00,22.0,22.24,21.87,21.95,5100.0,1,0.0
2022-04-22 10:00:00,21.76,21.8,21.72,21.78,212.0,4,0.0
2022-04-22 11:00:00,21.78,21.9,21.73,21.86,354.0,4,0.0
2022-04-22 12:00:00,21.86,21.94,21.71,21.81,587.0,4,0.0
2022-04-22 13:00:00,21.81,22.37,21.76,22.18,7727.0,1,0.0
2022-04-22 14:00:00,22.18,22.62,21.86,21.87,10998.0,1,0.0
2022-04-22 15:00:00,21.87,21.92,21.15,21.23,9427.0,1,0.0
2022-04-22 16:00:00,21.22,21.43,21.15,21.21,6597.0,1,0.0
2022-04-22 17:00:00,21.21,21.33,21.0,21.21,6499.0,1,0.0
2022-04-22 18:00:00,21.21,21.49,21.13,21.46,5790.0,1,0.0
2022-04-22 19:00:00,21.46,21.74,21.37,21.62,6113.0,1,0.0
2022-04-25 10:00:00,21.29,21.37,21.24,21.34,414.0,4,0.0
2022-04-25 11:00:00,21.33,21.35,21.19,21.3,611.0,4,0.0
2022-04-25 12:00:00,21.3,21.41,21.25,21.38,294.0,4,0.0
2022-04-25 13:00:00,21.39,21.65,21.04,21.18,7383.0,2,0.0
2022-04-25 14:00:00,21.17,21.25,20.53,20.53,11973.0,1,0.0
2022-04-25 15:00:00,20.53,20.96,20.45,20.76,9449.0,1,0.0
2022-04-25 16:00:00,20.76,20.83,20.6,20.66,6494.0,1,0.0
2022-04-25 17:00:00,20.66,20.69,20.48,20.54,6103.0,1,0.0
2022-04-25 18:00:00,20.53,21.03,20.47,20.9,6636.0,1,0.0
2022-04-25 19:00:00,20.9,20.94,20.68,20.92,5231.0,1,0.0
2022-04-26 10:00:00,20.92,20.92,20.86,20.88,204.0,1,0.0
2022-04-26 11:00:00,20.87,20.93,20.86,20.9,248.0,2,0.0
2022-04-26 12:00:00,20.91,20.97,20.86,20.86,214.0,2,0.0
2022-04-26 13:00:00,20.86,20.88,20.32,20.35,6031.0,1,0.0
2022-04-26 14:00:00,20.34,20.41,20.16,20.22,8252.0,1,0.0
2022-04-26 15:00:00,20.22,20.23,19.92,20.08,6607.0,1,0.0
2022-04-26 16:00:00,20.09,20.29,20.06,20.25,4666.0,1,0.0
2022-04-26 17:00:00,20.26,20.26,19.92,20.04,4093.0,1,0.0
2022-04-26 18:00:00,20.04,20.31,19.98,20.28,4588.0,1,0.0
2022-04-26 19:00:00,20.28,20.33,19.93,19.97,3716.0,1,0.0
2022-04-27 10:00:00,19.82,19.87,19.66,19.72,458.0,4,0.0
2022-04-27 11:00:00,19.73,19.75,19.51,19.55,561.0,4,0.0
2022-04-27 12:00:00,19.55,19.64,19.44,19.47,483.0,4,0.0
2022-04-27 13:00:00,19.48,20.01,19.3,19.75,5653.0,1,0.0
2022-04-27 14:00:00,19.75,19.87,18.9,18.94,11351.0,1,0.0
2022-04-27 15:00:00,18.94,19.26,18.91,19.1,8081.0,1,0.0
2022-04-27 16:00:00,19.11,19.41,19.05,19.25,5244.0,1,0.0
2022-04-27 17:00:00,19.25,19.27,19.06,19.11,5392.0,1,0.0
2022-04-27 18:00:00,19.1,19.12,18.86,18.89,4581.0,1,0.0
2022-04-27 19:00:00,18.89,18.93,18.77,18.88,4052.0,1,0.0
2022-04-28 10:00:00,19.2,19.21,19.14,19.16,210.0,4,0.0
2022-04-28 11:00:00,19.15,19.22,19.11,19.15,404.0,4,0.0
2022-04-28 12:00:00,19.15,19.18,19.02,19.06,379.0,4,0.0
2022-04-28 13:00:00,19.07,19.3,18.72,18.94,4993.0,2,0.0
2022-04-28 14:00:00,18.94,19.07,18.56,18.73,8666.0,1,0.0
2022-04-28 15:00:00,18.73,19.15,18.7,18.97,6003.0,1,0.0
2022-04-28 16:00:00,18.96,19.78,18.96,19.77,5881.0,1,0.0
2022-04-28 17:00:00,19.77,19.91,19.67,19.89,6254.0,1,0.0
2022-04-28 18:00:00,19.89,20.14,19.8,20.09,5297.0,1,0.0
2022-04-28 19:00:00,20.09,20.14,19.88,19.9,3588.0,1,0.0
2022-04-29 10:00:00,19.8,19.82,19.73,19.77,372.0,2,0.0
2022-04-29 11:00:00,19.77,19.78,19.71,19.74,364.0,2,0.0
2022-04-29 12:00:00,19.74,19.81,19.7,19.76,297.0,2,0.0
2022-04-29 13:00:00,19.78,20.46,19.6,20.41,8649.0,1,0.0
2022-04-29 14:00:00,20.4,20.41,19.63,19.78,10518.0,1,0.0
2022-04-29 15:00:00,19.78,20.18,19.73,19.99,6685.0,1,0.0
2022-04-29 16:00:00,19.99,20.01,19.59,19.64,4293.0,1,0.0
2022-04-29 17:00:00,19.64,19.83,19.57,19.58,4486.0,1,0.0
2022-04-29 18:00:00,19.57,19.59,19.27,19.32,4955.0,1,0.0
2022-04-29 19:00:00,19.33,19.36,19.17,19.23,4272.0,1,0.0
2022-05-02 10:00:00,19.17,19.19,19.14,19.14,85.0,1,0.0
2022-05-02 11:00:00,19.14,19.18,18.94,18.95,816.0,2,0.0
2022-05-02 12:00:00,18.95,19.15,18.95,19.1,609.0,4,0.0
2022-05-02 13:00:00,19.1,19.85,19.01,19.72,7292.0,1,0.0
2022-05-02 14:00:00,19.71,20.02,19.43,19.64,8242.0,1,0.0
2022-05-02 15:00:00,19.64,19.94,19.62,19.89,6705.0,1,0.0
2022-05-02 16:00:00,19.9,19.94,19.54,19.55,5771.0,1,0.0
2022-05-02 17:00:00,19.55,19.6,19.33,19.47,4934.0,1,0.0
2022-05-02 18:00:00,19.47,19.65,19.35,19.53,6238.0,1,0.0
2022-05-02 19:00:00,19.53,19.87,19.48,19.72,5139.0,1,0.0
2022-05-03 10:00:00,19.95,19.96,19.89,19.91,327.0,4,0.0
2022-05-03 11:00:00,19.91,20.0,19.86,19.99,611.0,2,0.0
2022-05-03 12:00:00,19.99,20.0,19.94,19.97,197.0,3,0.0
2022-05-03 13:00:00,19.97,20.03,19.47,19.96,3435.0,2,0.0
2022-05-03 14:00:00,19.97,20.08,19.62,19.82,4805.0,1,0.0
2022-05-03 15:00:00,19.82,20.11,19.72,20.06,4166.0,1,0.0
2022-05-03 16:00:00,20.06,20.11,19.79,19.99,3860.0,1,0.0
2022-05-03 17:00:00,19.99,20.31,19.97,20.18,3483.0,1,0.0
2022-05-03 18:00:00,20.18,20.21,19.85,20.13,3756.0,1,0.0
2022-05-03 19:00:00,20.13,20.16,19.9,19.93,3461.0,1,0.0
2022-05-04 10:00:00,19.97,20.0,19.95,19.99,230.0,1,0.0
2022-05-04 11:00:00,19.98,19.99,19.93,19.96,375.0,2,0.0
2022-05-04 12:00:00,19.96,19.97,19.83,19.87,339.0,2,0.0
2022-05-04 13:00:00,19.88,19.9,19.32,19.38,4026.0,1,0.0
2022-05-04 14:00:00,19.38,19.5,19.16,19.18,5565.0,1,0.0
2022-05-04 15:00:00,19.18,19.42,19.1,19.35,3831.0,1,0.0
2022-05-04 16:00:00,19.35,19.59,19.32,19.54,3246.0,1,0.0
2022-05-04 17:00:00,19.54,19.61,19.42,19.54,3193.0,1,0.0
2022-05-04 18:00:00,19.54,20.14,19.25,20.07,8202.0,1,0.0
2022-05-04 19:00:00,20.08,20.4,20.02,20.31,4184.0,1,0.0
2022-05-05 10:00:00,20.11,20.13,20.09,20.11,159.0,4,0.0
2022-05-05 11:00:00,20.1,20.2,20.1,20.18,1093.0,2,0.0
2022-05-05 12:00:00,20.17,20.19,20.05,20.09,478.0,3,0.0
2022-05-05 13:00:00,20.08,20.08,19.34,19.41,5472.0,1,0.0
2022-05-05 14:00:00,19.42,19.42,19.1,19.23,8461.0,1,0.0
2022-05-05 15:00:00,19.23,19.26,18.93,18.94,5851.0,1,0.0
2022-05-05 16:00:00,18.94,19.04,18.87,19.04,5711.0,1,0.0
2022-05-05 17:00:00,19.04,19.22,18.87,18.9,5571.0,1,0.0
2022-05-05 18:00:00,18.9,18.99,18.78,18.8,5117.0,1,0.0
2022-05-05 19:00:00,18.8,18.82,18.61,18.72,4511.0,1,0.0
2022-05-06 10:00:00,18.76,18.79,18.74,18.74,192.0,1,0.0
2022-05-06 11:00:00,18.74,18.74,18.64,18.67,304.0,2,0.0
2022-05-06 12:00:00,18.67,18.86,18.65,18.65,673.0,2,0.0
2022-05-06 13:00:00,18.67,18.7,17.57,17.72,5554.0,1,0.0
2022-05-06 14:00:00,17.71,18.38,17.7,18.29,7698.0,1,0.0
2022-05-06 15:00:00,18.29,18.41,18.05,18.09,7036.0,1,0.0
2022-05-06 16:00:00,18.09,18.45,18.06,18.42,6723.0,1,0.0
2022-05-06 17:00:00,18.43,18.44,18.05,18.05,5328.0,1,0.0
2022-05-06 18:00:00,18.05,18.19,18.02,18.03,4860.0,1,0.0
2022-05-06 19:00:00,18.03,18.19,18.0,18.11,4263.0,1,0.0
2022-05-09 10:00:00,17.74,17.76,17.59,17.6,349.0,4,0.0
2022-05-09 11:00:00,17.61,17.65,17.52,17.55,887.0,2,0.0
2022-05-09 12:00:00,17.56,17.63,17.53,17.57,407.0,2,0.0
2022-05-09 13:00:00,17.57,18.31,17.56,18.1,5653.0,1,0.0
2022-05-09 14:00:00,18.1,18.16,17.44,17.44,6627.0,1,0.0
2022-05-09 15:00:00,17.44,17.78,17.42,17.69,5025.0,1,0.0
2022-05-09 16:00:00,17.69,17.93,17.62,17.64,4582.0,1,0.0
2022-05-09 17:00:00,17.64,17.66,17.33,17.41,3696.0,1,0.0
2022-05-09 18:00:00,17.41,17.47,17.26,17.43,3620.0,1,0.0
2022-05-09 19:00:00,17.44,17.52,17.31,17.35,2994.0,1,0.0
2022-05-10 10:00:00,17.47,17.51,17.45,17.47,313.0,3,0.0
2022-05-10 11:00:00,17.46,17.5,17.36,17.47,839.0,2,0.0
2022-05-10 12:00:00,17.47,17.68,17.45,17.68,439.0,2,0.0
2022-05-10 13:00:00,17.69,18.05,17.42,17.74,5413.0,1,0.0
2022-05-10 14:00:00,17.74,18.03,17.23,17.24,7233.0,1,0.0
2022-05-10 15:00:00,17.24,17.55,17.05,17.53,6649.0,1,0.0
2022-05-10 16:00:00,17.53,17.67,17.29,17.4,5718.0,1,0.0
2022-05-10 17:00:00,17.4,18.18,17.36,18.17,6065.0,1,0.0
2022-05-10 18:00:00,18.17,18.18,17.85,17.95,5567.0,1,0.0
2022-05-10 19:00:00,17.95,18.08,17.67,17.69,3968.0,1,0.0
2022-05-11 10:00:00,17.94,17.99,17.88,17.96,159.0,4,0.0
2022-05-11 11:00:00,17.96,17.98,17.86,17.86,662.0,3,0.0
2022-05-11 12:00:00,17.86,17.93,17.34,17.42,732.0,3,0.0
2022-05-11 13:00:00,17.41,18.0,17.34,17.81,3379.0,2,0.0
2022-05-11 14:00:00,17.82,18.08,17.47,17.53,7632.0,1,0.0
2022-05-11 15:00:00,17.54,17.67,17.31,17.44,6926.0,1,0.0
2022-05-11 16:00:00,17.44,17.45,16.96,17.01,4961.0,1,0.0
2022-05-11 17:00:00,17.02,17.06,16.79,16.81,4917.0,1,0.0
2022-05-11 18:00:00,16.81,17.17,16.79,16.82,8516.0,1,0.0
2022-05-11 19:00:00,16.82,16.84,16.59,16.63,4684.0,1,0.0
2022-05-12 10:00:00,16.34,16.52,16.31,16.46,604.0,3,0.0
2022-05-12 11:00:00,16.42,16.48,16.29,16.32,740.0,3,0.0
2022-05-12 12:00:00,16.32,16.45,16.31,16.36,650.0,3,0.0
2022-05-12 13:00:00,16.37,16.89,16.26,16.7,5756.0,1,0.0
2022-05-12 14:00:00,16.71,17.53,16.49,17.52,9483.0,1,0.0
2022-05-12 15:00:00,17.53,17.75,17.07,17.08,7637.0,1,0.0
2022-05-12 16:00:00,17.08,17.42,16.96,17.27,6053.0,1,0.0
2022-05-12 17:00:00,17.27,17.33,16.9,16.97,5324.0,1,0.0
2022-05-12 18:00:00,16.97,17.05,16.79,16.91,4633.0,1,0.0
2022-05-12 19:00:00,16.91,17.38,16.87,17.27,5422.0,1,0.0
2022-05-13 10:00:00,17.83,17.85,17.78,17.82,242.0,6,0.0
2022-05-13 11:00:00,17.81,17.91,17.79,17.88,288.0,4,0.0
2022-05-13 12:00:00,17.86,17.89,17.82,17.85,273.0,4,0.0
2022-05-13 13:00:00,17.85,18.14,17.6,17.91,6307.0,1,0.0
2022-05-13 14:00:00,17.91,18.3,17.91,18.07,6272.0,1,0.0
2022-05-13 15:00:00,18.07,18.26,17.96,18.25,4444.0,1,0.0
2022-05-13 16:00:00,18.25,18.4,18.19,18.27,3453.0,1,0.0
2022-05-13 17:00:00,18.27,18.45,18.17,18.38,3773.0,1,0.0
2022-05-13 18:00:00,18.38,18.64,18.22,18.6,4907.0,1,0.0
2022-05-13 19:00:00,18.6,18.77,18.54,18.71,3204.0,1,0.0
2022-05-16 10:00:00,18.56,19.22,18.52,19.16,734.0,4,0.0
2022-05-16 11:00:00,19.16,19.16,19.01,19.15,365.0,3,0.0
2022-05-16 12:00:00,19.15,19.39,19.14,19.25,682.0,3,0.0
2022-05-16 13:00:00,19.24,19.57,18.89,19.01,7559.0,1,0.0
2022-05-16 14:00:00,19.01,19.41,18.81,18.81,8678.0,1,0.0
2022-05-16 15:00:00,18.81,19.13,18.72,19.08,6096.0,1,0.0
2022-05-16 16:00:00,19.08,19.12,18.71,18.73,4839.0,1,0.0
2022-05-16 17:00:00,18.73,18.97,18.67,18.89,4129.0,1,0.0
2022-05-16 18:00:00,18.89,19.04,18.81,18.92,4103.0,1,0.0
2022-05-16 19:00:00,18.92,18.92,18.6,18.62,3121.0,1,0.0
2022-05-17 10:00:00,19.14,19.18,19.03,19.05,262.0,6,0.0
2022-05-17 11:00:00,19.05,19.1,19.01,19.03,438.0,4,0.0
2022-05-17 12:00:00,19.03,19.04,18.91,18.94,380.0,3,0.0
2022-05-17 13:00:00,18.94,19.12,18.81,18.84,3521.0,1,0.0
2022-05-17 14:00:00,18.84,19.01,18.51,18.6,6007.0,1,0.0
2022-05-17 15:00:00,18.6,19.0,18.58,18.88,3908.0,1,0.0
2022-05-17 16:00:00,18.88,19.06,18.8,18.87,3259.0,1,0.0
2022-05-17 17:00:00,18.87,19.04,18.84,18.95,2672.0,1,0.0
2022-05-17 18:00:00,18.95,19.11,18.7,18.88,5201.0,1,0.0
2022-05-17 19:00:00,18.88,19.1,18.87,19.05,2466.0,1,0.0
2022-05-18 10:00:00,18.9,18.92,18.88,18.92,274.0,3,0.0
2022-05-18 11:00:00,18.93,18.95,18.79,18.82,612.0,3,0.0
2022-05-18 12:00:00,18.8,18.88,18.76,18.77,190.0,4,0.0
2022-05-18 13:00:00,18.74,18.78,18.33,18.36,4799.0,1,0.0
2022-05-18 14:00:00,18.37,18.71,18.35,18.7,6023.0,1,0.0
2022-05-18 15:00:00,18.7,18.7,18.2,18.23,2852.0,1,0.0
2022-05-18 16:00:00,18.23,18.23,17.98,18.14,2946.0,1,0.0
2022-05-18 17:00:00,18.14,18.14,17.76,17.81,2819.0,1,0.0
2022-05-18 18:00:00,17.81,17.88,17.74,17.77,3348.0,1,0.0
2022-05-18 19:00:00,17.77,17.87,17.63,17.74,2484.0,1,0.0
2022-05-19 10:00:00,17.46,17.52,17.44,17.52,371.0,4,0.0
2022-05-19 11:00:00,17.53,17.65,17.49,17.62,541.0,3,0.0
2022-05-19 12:00:00,17.62,17.63,17.54,17.55,222.0,3,0.0
2022-05-19 13:00:00,17.54,18.13,17.54,18.0,4778.0,1,0.0
2022-05-19 14:00:00,18.0,18.29,17.96,18.24,6844.0,1,0.0
2022-05-19 15:00:00,18.25,18.54,18.18,18.52,4873.0,1,0.0
2022-05-19 16:00:00,18.52,18.59,18.26,18.46,3877.0,1,0.0
2022-05-19 17:00:00,18.46,18.59,18.29,18.56,4195.0,1,0.0
2022-05-19 18:00:00,18.56,18.62,18.44,18.52,4128.0,1,0.0
2022-05-19 19:00:00,18.52,18.58,18.3,18.4,3282.0,1,0.0
2022-05-20 10:00:00,18.64,18.67,18.61,18.64,172.0,4,0.0
2022-05-20 11:00:00,18.65,18.66,18.59,18.65,403.0,3,0.0
2022-05-20 12:00:00,18.64,18.66,18.54,18.59,449.0,2,0.0
2022-05-20 13:00:00,18.59,18.74,18.38,18.64,4788.0,1,0.0
2022-05-20 14:00:00,18.64,19.01,18.47,18.48,7980.0,1,0.0
2022-05-20 15:00:00,18.48,18.56,18.23,18.4,5375.0,1,0.0
2022-05-20 16:00:00,18.4,18.42,18.01,18.06,4922.0,1,0.0
2022-05-20 17:00:00,18.07,18.32,17.98,18.28,4829.0,1,0.0
2022-05-20 18:00:00,18.28,18.36,18.05,18.23,4756.0,1,0.0
2022-05-20 19:00:00,18.23,18.59,18.12,18.49,3837.0,1,0.0
2022-05-23 10:00:00,18.69,18.83,18.66,18.79,445.0,4,0.0
2022-05-23 11:00:00,18.81,18.82,18.63,18.65,687.0,3,0.0
2022-05-23 12:00:00,18.65,18.77,18.64,18.65,369.0,3,0.0
2022-05-23 13:00:00,18.65,18.74,18.03,18.04,4077.0,1,0.0
2022-05-23 14:00:00,18.04,18.4,17.78,18.22,7676.0,1,0.0
2022-05-23 15:00:00,18.22,18.5,18.16,18.4,4624.0,1,0.0
2022-05-23 16:00:00,18.4,18.6,18.37,18.44,3345.0,1,0.0
2022-05-23 17:00:00,18.44,18.57,18.31,18.49,3074.0,1,0.0
2022-05-23 18:00:00,18.49,18.73,18.44,18.6,3170.0,1,0.0
2022-05-23 19:00:00,18.6,18.7,18.55,18.6,2286.0,1,0.0
2022-05-24 10:00:00,18.44,18.46,18.38,18.42,1068.0,3,0.0
2022-05-24 11:00:00,18.42,18.47,18.34,18.39,716.0,3,0.0
2022-05-24 12:00:00,18.39,18.5,18.36,18.47,186.0,4,0.0
2022-05-24 13:00:00,18.46,18.46,17.77,17.78,4216.0,1,0.0
2022-05-24 14:00:00,17.78,17.92,17.71,17.84,6264.0,1,0.0
2022-05-24 15:00:00,17.85,18.12,17.74,18.08,4499.0,1,0.0
2022-05-24 16:00:00,18.08,18.26,17.97,18.02,3845.0,1,0.0
2022-05-24 17:00:00,18.02,18.09,17.86,18.07,3484.0,1,0.0
2022-05-24 18:00:00,18.07,18.18,17.78,17.82,3737.0,1,0.0
2022-05-24 19:00:00,17.82,18.09,17.76,18.01,3065.0,1,0.0
2022-05-25 10:00:00,18.06,18.07,17.95,17.96,632.0,1,0.0
2022-05-25 11:00:00,17.96,18.04,17.81,17.84,495.0,3,0.0
2022-05-25 12:00:00,17.84,17.97,17.83,17.92,162.0,3,0.0
2022-05-25 13:00:00,17.93,18.53,17.86,18.29,4210.0,1,0.0
2022-05-25 14:00:00,18.28,18.58,18.18,18.4,5860.0,1,0.0
2022-05-25 15:00:00,18.4,18.52,18.29,18.4,4001.0,1,0.0
2022-05-25 16:00:00,18.4,18.58,18.34,18.56,3033.0,1,0.0
2022-05-25 17:00:00,18.55,18.66,18.47,18.61,2838.0,1,0.0
2022-05-25 18:00:00,18.61,18.77,18.42,18.63,6527.0,1,0.0
2022-05-25 19:00:00,18.64,18.88,18.62,18.73,2918.0,1,0.0
2022-05-26 10:00:00,18.77,18.83,18.71,18.8,627.0,1,0.0
2022-05-26 11:00:00,18.8,18.93,18.79,18.89,514.0,3,0.0
2022-05-26 12:00:00,18.9,18.9,18.8,18.87,268.0,3,0.0
2022-05-26 13:00:00,18.87,18.89,18.3,18.71,3343.0,1,0.0
2022-05-26 14:00:00,18.71,19.11,18.64,19.1,4877.0,1,0.0
2022-05-26 15:00:00,19.1,19.13,18.92,19.03,3709.0,1,0.0
2022-05-26 16:00:00,19.03,19.18,18.99,19.17,2615.0,1,0.0
2022-05-26 17:00:00,19.17,19.22,18.96,19.1,2781.0,1,0.0
2022-05-26 18:00:00,19.1,19.17,19.02,19.13,2710.0,1,0.0
2022-05-26 19:00:00,19.13,19.13,18.99,19.11,2284.0,1,0.0
2022-05-27 10:00:00,19.19,19.24,19.19,19.22,306.0,2,0.0
2022-05-27 11:00:00,19.22,19.23,19.15,19.16,517.0,2,0.0
2022-05-27 12:00:00,19.16,19.35,19.16,19.28,360.0,3,0.0
2022-05-27 13:00:00,19.28,19.47,19.17,19.4,6181.0,1,0.0
2022-05-27 14:00:00,19.4,19.52,19.13,19.14,5860.0,1,0.0
2022-05-27 15:00:00,19.14,19.41,19.03,19.39,4497.0,1,0.0
2022-05-27 16:00:00,19.39,19.45,19.32,19.39,2686.0,1,0.0
2022-05-27 17:00:00,19.39,19.47,19.35,19.4,2515.0,1,0.0
2022-05-27 18:00:00,19.4,19.45,19.33,19.39,2027.0,1,0.0
2022-05-27 19:00:00,19.39,19.47,19.38,19.47,1656.0,1,0.0
2022-05-31 10:00:00,19.44,19.55,19.37,19.45,648.0,1,0.0
2022-05-31 11:00:00,19.46,19.56,19.45,19.53,531.0,3,0.0
2022-05-31 12:00:00,19.54,19.54,19.34,19.38,262.0,3,0.0
2022-05-31 13:00:00,19.38,19.72,19.27,19.3,4740.0,1,0.0
2022-05-31 14:00:00,19.29,19.6,19.07,19.59,7057.0,1,0.0
2022-05-31 15:00:00,19.59,19.89,19.46,19.85,4506.0,1,0.0
2022-05-31 16:00:00,19.85,19.95,19.71,19.82,3489.0,1,0.0
2022-05-31 17:00:00,19.81,19.97,19.62,19.97,3600.0,1,0.0
2022-05-31 18:00:00,19.96,19.99,19.45,19.55,3806.0,1,0.0
2022-05-31 19:00:00,19.55,19.89,19.51,19.75,3006.0,1,0.0
2022-06-01 10:00:00,19.71,19.72,19.66,19.66,317.0,1,0.0
2022-06-01 11:00:00,19.68,19.8,19.67,19.77,244.0,1,0.0
2022-06-01 12:00:00,19.77,19.86,19.77,19.78,161.0,3,0.0
2022-06-01 13:00:00,19.79,20.25,19.78,20.23,4329.0,1,0.0
2022-06-01 14:00:00,20.24,20.26,19.59,19.72,7014.0,1,0.0
2022-06-01 15:00:00,19.72,19.72,19.3,19.33,4627.0,1,0.0
2022-06-01 16:00:00,19.33,19.36,19.16,19.29,3487.0,1,0.0
2022-06-01 17:00:00,19.29,19.42,19.23,19.39,3095.0,1,0.0
2022-06-01 18:00:00,19.39,19.45,19.35,19.4,3050.0,1,0.0
2022-06-01 19:00:00,19.4,19.45,19.27,19.34,2560.0,1,0.0
2022-06-02 10:00:00,19.33,19.36,19.18,19.36,429.0,1,0.0
2022-06-02 11:00:00,19.35,19.35,19.23,19.29,844.0,4,0.0
2022-06-02 12:00:00,19.29,19.29,19.15,19.15,221.0,4,0.0
2022-06-02 13:00:00,19.15,19.55,19.05,19.46,3200.0,1,0.0
2022-06-02 14:00:00,19.46,19.87,19.4,19.86,5422.0,1,0.0
2022-06-02 15:00:00,19.86,20.15,19.85,20.05,3598.0,1,0.0
2022-06-02 16:00:00,20.05,20.27,20.05,20.21,2841.0,1,0.0
2022-06-02 17:00:00,20.21,20.41,20.14,20.38,2651.0,1,0.0
2022-06-02 18:00:00,20.38,20.51,20.36,20.39,2667.0,1,0.0
2022-06-02 19:00:00,20.39,20.45,20.36,20.45,1960.0,1,0.0
2022-06-03 10:00:00,20.38,20.38,20.34,20.34,51.0,2,0.0
2022-06-03 11:00:00,20.34,20.34,20.12,20.17,620.0,2,0.0
2022-06-03 12:00:00,20.18,20.35,20.16,20.19,385.0,4,0.0
2022-06-03 13:00:00,20.19,20.27,19.89,20.17,4524.0,1,0.0
2022-06-03 14:00:00,20.18,20.28,19.93,20.04,5710.0,1,0.0
2022-06-03 15:00:00,20.04,20.05,19.8,20.0,4102.0,1,0.0
2022-06-03 16:00:00,19.99,20.14,19.94,20.13,3432.0,1,0.0
2022-06-03 17:00:00,20.12,20.22,19.97,19.99,4021.0,1,0.0
2022-06-03 18:00:00,19.99,20.11,19.97,20.02,2807.0,1,0.0
2022-06-03 19:00:00,20.02,20.05,19.84,19.85,2396.0,1,0.0
2022-06-06 10:00:00,20.09,20.2,20.09,20.18,212.0,1,0.0
2022-06-06 11:00:00,20.18,20.18,20.08,20.13,613.0,2,0.0
2022-06-06 12:00:00,20.15,20.17,20.12,20.14,390.0,3,0.0
2022-06-06 13:00:00,20.14,20.36,20.02,20.21,3238.0,1,0.0
2022-06-06 14:00:00,20.21,20.34,19.89,19.96,5184.0,1,0.0
2022-06-06 15:00:00,19.96,19.97,19.68,19.81,4557.0,1,0.0
2022-06-06 16:00:00,19.81,19.81,19.56,19.72,4052.0,1,0.0
2022-06-06 17:00:00,19.72,19.87,19.59,19.87,2868.0,1,0.0
2022-06-06 18:00:00,19.87,19.89,19.59,19.63,3088.0,1,0.0
2022-06-06 19:00:00,19.63,19.68,19.54,19.64,2214.0,1,0.0
2022-06-07 10:00:00,19.54,19.54,19.5,19.51,251.0,2,0.0
2022-06-07 11:00:00,19.53,19.54,19.43,19.46,531.0,2,0.0
2022-06-07 12:00:00,19.45,19.49,19.41,19.43,249.0,3,0.0
2022-06-07 13:00:00,19.43,19.62,19.32,19.41,3721.0,1,0.0
2022-06-07 14:00:00,19.41,19.84,19.3,19.73,4961.0,1,0.0
2022-06-07 15:00:00,19.73,19.77,19.49,19.62,3637.0,1,0.0
2022-06-07 16:00:00,19.62,19.66,19.47,19.65,4087.0,1,0.0
2022-06-07 17:00:00,19.65,19.76,19.6,19.69,2770.0,1,0.0
2022-06-07 18:00:00,19.69,19.83,19.67,19.81,2601.0,1,0.0
2022-06-07 19:00:00,19.81,19.93,19.8,19.9,1629.0,1,0.0
2022-06-08 10:00:00,19.76,19.77,19.39,19.55,851.0,2,0.0
2022-06-08 11:00:00,19.55,19.77,19.5,19.68,698.0,4,0.0
2022-06-08 12:00:00,19.67,19.72,19.59,19.62,269.0,4,0.0
2022-06-08 13:00:00,19.62,20.38,19.6,20.32,5021.0,1,0.0
2022-06-08 14:00:00,20.32,20.63,20.27,20.45,6998.0,1,0.0
2022-06-08 15:00:00,20.46,20.7,20.38,20.65,4564.0,1,0.0
2022-06-08 16:00:00,20.65,20.73,20.2,20.33,4018.0,1,0.0
2022-06-08 17:00:00,20.33,20.33,20.07,20.17,3829.0,1,0.0
2022-06-08 18:00:00,20.17,20.3,20.11,20.27,3693.0,1,0.0
2022-06-08 19:00:00,20.27,20.28,20.16,20.24,2157.0,1,0.0
2022-06-09 10:00:00,20.25,20.44,20.23,20.4,366.0,1,0.0
2022-06-09 11:00:00,20.4,20.42,20.32,20.32,388.0,3,0.0
2022-06-09 12:00:00,20.32,20.34,19.96,20.05,607.0,4,0.0
2022-06-09 13:00:00,20.08,20.15,19.64,19.88,5337.0,1,0.0
2022-06-09 14:00:00,19.88,19.98,19.72,19.76,6523.0,1,0.0
2022-06-09 15:00:00,19.75,19.77,19.55,19.65,5063.0,1,0.0
2022-06-09 16:00:00,19.65,19.69,19.52,19.65,3435.0,1,0.0
2022-06-09 17:00:00,19.65,19.7,19.51,19.62,2341.0,1,0.0
2022-06-09 18:00:00,19.62,19.62,19.48,19.48,2635.0,1,0.0
2022-06-09 19:00:00,19.48,19.53,19.31,19.32,2314.0,1,0.0
2022-06-10 10:00:00,18.58,18.59,18.55,18.58,223.0,6,0.0
2022-06-10 11:00:00,18.58,18.58,18.31,18.38,386.0,4,0.0
2022-06-10 12:00:00,18.38,18.44,18.13,18.23,825.0,4,0.0
2022-06-10 13:00:00,18.21,18.56,18.08,18.24,6371.0,1,0.0
2022-06-10 14:00:00,18.24,18.47,18.09,18.36,7747.0,1,0.0
2022-06-10 15:00:00,18.36,18.52,18.29,18.43,4682.0,1,0.0
2022-06-10 16:00:00,18.44,18.52,18.38,18.42,4828.0,1,0.0
2022-06-10 17:00:00,18.42,18.52,18.33,18.41,3984.0,1,0.0
2022-06-10 18:00:00,18.41,18.43,18.29,18.37,4047.0,1,0.0
2022-06-10 19:00:00,18.37,18.55,18.31,18.4,3039.0,1,0.0
2022-06-13 10:00:00,17.66,17.72,17.66,17.7,120.0,6,0.0
2022-06-13 11:00:00,17.7,17.78,17.53,17.56,414.0,4,0.0
2022-06-13 12:00:00,17.56,17.7,17.51,17.64,352.0,4,0.0
2022-06-13 13:00:00,17.64,17.9,17.16,17.17,5926.0,1,0.0
2022-06-13 14:00:00,17.17,17.33,17.09,17.18,7580.0,1,0.0
2022-06-13 15:00:00,17.18,17.31,17.08,17.23,6376.0,1,0.0
2022-06-13 16:00:00,17.23,17.42,17.15,17.15,6280.0,1,0.0
2022-06-13 17:00:00,17.15,17.18,17.02,17.16,3937.0,1,0.0
2022-06-13 18:00:00,17.16,17.16,16.98,17.05,4472.0,1,0.0
2022-06-13 19:00:00,17.06,17.16,16.94,16.96,4545.0,1,0.0
2022-06-14 10:00:00,17.05,17.06,16.61,16.68,645.0,4,0.0
2022-06-14 11:00:00,16.69,16.69,16.55,16.62,249.0,4,0.0
2022-06-14 12:00:00,16.62,16.87,16.61,16.66,737.0,3,0.0
2022-06-14 13:00:00,16.66,17.19,16.63,16.93,8615.0,1,0.0
2022-06-14 14:00:00,16.93,17.04,16.63,16.76,10150.0,1,0.0
2022-06-14 15:00:00,16.76,16.82,16.65,16.74,7481.0,1,0.0
2022-06-14 16:00:00,16.74,16.79,16.63,16.78,5453.0,1,0.0
2022-06-14 17:00:00,16.78,16.86,16.61,16.61,5418.0,1,0.0
2022-06-14 18:00:00,16.61,16.67,16.52,16.52,4298.0,1,0.0
2022-06-14 19:00:00,16.52,16.71,16.43,16.69,3043.0,1,0.0
2022-06-15 10:00:00,16.86,16.9,16.82,16.83,401.0,2,0.0
2022-06-15 11:00:00,16.83,16.96,16.8,16.95,729.0,2,0.0
2022-06-15 12:00:00,16.95,16.98,16.87,16.96,372.0,2,0.0
2022-06-15 13:00:00,16.95,17.47,16.85,17.36,5140.0,1,0.0
2022-06-15 14:00:00,17.37,17.7,17.32,17.47,7011.0,1,0.0
2022-06-15 15:00:00,17.47,17.82,17.44,17.78,4727.0,1,0.0
2022-06-15 16:00:00,17.78,17.96,17.77,17.84,3752.0,1,0.0
2022-06-15 17:00:00,17.84,18.08,17.75,18.0,3436.0,1,0.0
2022-06-15 18:00:00,18.0,18.35,17.56,18.02,8708.0,1,0.0
2022-06-15 19:00:00,18.02,18.38,17.94,18.12,5528.0,1,0.0
2022-06-16 10:00:00,17.43,17.47,17.39,17.44,579.0,4,0.0
2022-06-16 11:00:00,17.46,17.54,17.37,17.4,559.0,4,0.0
2022-06-16 12:00:00,17.41,17.63,17.41,17.52,418.0,4,0.0
2022-06-16 13:00:00,17.52,17.62,17.23,17.27,5844.0,1,0.0
2022-06-16 14:00:00,17.27,17.46,17.15,17.19,7068.0,1,0.0
2022-06-16 15:00:00,17.19,17.44,17.19,17.32,5179.0,1,0.0
2022-06-16 16:00:00,17.32,17.5,17.19,17.42,4167.0,1,0.0
2022-06-16 17:00:00,17.42,17.49,17.25,17.25,4376.0,1,0.0
2022-06-16 18:00:00,17.25,17.35,17.24,17.3,3040.0,1,0.0
2022-06-16 19:00:00,17.3,17.43,17.27,17.31,2918.0,1,0.0
2022-06-17 10:00:00,17.6,17.61,17.53,17.55,359.0,4,0.0
2022-06-17 11:00:00,17.54,17.66,17.53,17.59,502.0,3,0.0
2022-06-17 12:00:00,17.59,17.61,17.43,17.48,363.0,2,0.0
2022-06-17 13:00:00,17.47,17.86,17.29,17.73,7084.0,1,0.0
2022-06-17 14:00:00,17.73,17.74,17.39,17.42,8146.0,1,0.0
2022-06-17 15:00:00,17.42,17.64,17.35,17.6,6787.0,1,0.0
2022-06-17 16:00:00,17.6,17.86,17.56,17.74,5505.0,1,0.0
2022-06-17 17:00:00,17.74,17.95,17.71,17.77,4430.0,1,0.0
2022-06-17 18:00:00,17.78,17.78,17.63,17.68,3602.0,1,0.0
2022-06-17 19:00:00,17.68,17.71,17.47,17.47,3222.0,1,0.0
2022-06-21 10:00:00,17.86,17.87,17.73,17.84,470.0,4,0.0
2022-06-21 11:00:00,17.84,17.84,17.71,17.75,900.0,4,0.0
2022-06-21 12:00:00,17.75,17.82,17.72,17.75,184.0,4,0.0
2022-06-21 13:00:00,17.75,17.84,17.39,17.65,4095.0,1,0.0
2022-06-21 14:00:00,17.65,17.77,17.52,17.63,5646.0,1,0.0
2022-06-21 15:00:00,17.63,17.64,17.14,17.17,3592.0,1,0.0
2022-06-21 16:00:00,17.17,17.26,17.08,17.2,3186.0,1,0.0
2022-06-21 17:00:00,17.2,17.21,16.98,17.0,2593.0,1,0.0
2022-06-21 18:00:00,17.0,17.14,16.98,17.08,2954.0,1,0.0
2022-06-21 19:00:00,17.08,17.2,17.06,17.1,1865.0,1,0.0
2022-06-22 10:00:00,16.72,16.74,16.69,16.72,79.0,6,0.0
2022-06-22 11:00:00,16.73,16.9,16.71,16.82,424.0,4,0.0
2022-06-22 12:00:00,16.82,16.9,16.75,16.89,179.0,4,0.0
2022-06-22 13:00:00,16.89,17.7,16.82,17.68,6943.0,1,0.0
2022-06-22 14:00:00,17.68,18.13,17.57,18.0,7720.0,1,0.0
2022-06-22 15:00:00,18.01,18.06,17.75,17.76,5201.0,1,0.0
2022-06-22 16:00:00,17.76,17.94,17.74,17.93,4524.0,1,0.0
2022-06-22 17:00:00,17.94,18.07,17.86,18.01,3857.0,1,0.0
2022-06-22 18:00:00,18.01,18.26,17.99,18.1,4617.0,1,0.0
2022-06-22 19:00:00,18.1,18.1,17.78,17.85,2601.0,1,0.0
2022-06-23 10:00:00,17.99,18.1,17.97,18.08,288.0,3,0.0
2022-06-23 11:00:00,18.07,18.18,18.02,18.18,813.0,3,0.0
2022-06-23 12:00:00,18.18,18.19,18.0,18.05,483.0,4,0.0
2022-06-23 13:00:00,18.05,18.15,17.66,17.98,6864.0,1,0.0
2022-06-23 14:00:00,17.99,18.23,17.9,18.14,5968.0,1,0.0
2022-06-23 15:00:00,18.14,18.15,17.86,17.86,4545.0,1,0.0
2022-06-23 16:00:00,17.86,17.88,17.59,17.72,4204.0,1,0.0
2022-06-23 17:00:00,17.72,17.9,17.65,17.87,5038.0,1,0.0
2022-06-23 18:00:00,17.87,18.02,17.78,18.0,3325.0,1,0.0
2022-06-23 19:00:00,18.0,18.12,17.95,18.09,2174.0,1,0.0
2022-06-24 10:00:00,18.38,18.41,18.38,18.39,58.0,6,0.0
2022-06-24 11:00:00,18.39,18.39,18.31,18.33,291.0,4,0.0
2022-06-24 12:00:00,18.33,18.33,18.25,18.26,209.0,4,0.0
2022-06-24 13:00:00,18.26,18.88,18.18,18.8,4085.0,1,0.0
2022-06-24 14:00:00,18.8,19.1,18.8,18.92,6159.0,1,0.0
2022-06-24 15:00:00,18.92,19.01,18.7,18.85,3267.0,1,0.0
2022-06-24 16:00:00,18.85,19.02,18.84,18.99,2485.0,1,0.0
2022-06-24 17:00:00,19.0,19.05,18.94,18.98,2069.0,1,0.0
2022-06-24 18:00:00,18.98,19.09,18.96,19.05,1763.0,1,0.0
2022-06-24 19:00:00,19.05,19.05,18.95,18.99,1320.0,1,0.0
2022-06-27 10:00:00,19.29,19.31,19.21,19.25,186.0,4,0.0
2022-06-27 11:00:00,19.25,19.33,19.23,19.3,352.0,3,0.0
2022-06-27 12:00:00,19.29,19.3,19.09,19.16,560.0,3,0.0
2022-06-27 13:00:00,19.15,19.26,18.48,18.62,4399.0,1,0.0
2022-06-27 14:00:00,18.62,18.7,18.23,18.6,6200.0,1,0.0
2022-06-27 15:00:00,18.6,18.85,18.58,18.72,3579.0,1,0.0
2022-06-27 16:00:00,18.72,18.75,18.47,18.73,3242.0,1,0.0
2022-06-27 17:00:00,18.73,18.78,18.65,18.7,2616.0,1,0.0
2022-06-27 18:00:00,18.7,18.96,18.68,18.88,2664.0,1,0.0
2022-06-27 19:00:00,18.88,18.93,18.77,18.87,2330.0,1,0.0
2022-06-28 10:00:00,18.94,18.99,18.94,18.95,83.0,3,0.0
2022-06-28 11:00:00,18.95,19.01,18.91,18.95,313.0,3,0.0
2022-06-28 12:00:00,18.95,18.98,18.81,18.85,727.0,3,0.0
2022-06-28 13:00:00,18.86,19.21,18.83,19.04,4375.0,1,0.0
2022-06-28 14:00:00,19.03,19.11,18.54,18.63,5841.0,1,0.0
2022-06-28 15:00:00,18.62,18.67,18.17,18.2,4486.0,1,0.0
2022-06-28 16:00:00,18.2,18.39,18.14,18.38,3499.0,1,0.0
2022-06-28 17:00:00,18.38,18.38,18.13,18.16,2909.0,1,0.0
2022-06-28 18:00:00,18.16,18.23,18.1,18.15,2428.0,1,0.0
2022-06-28 19:00:00,18.15,18.17,17.99,18.0,1973.0,1,0.0
2022-06-29 10:00:00,17.89,17.93,17.87,17.91,156.0,3,0.0
2022-06-29 11:00:00,17.91,18.12,17.89,17.99,192.0,2,0.0
2022-06-29 12:00:00,18.0,18.16,17.85,17.88,1130.0,4,0.0
2022-06-29 13:00:00,17.88,17.98,17.53,17.76,5297.0,1,0.0
2022-06-29 14:00:00,17.76,18.06,17.7,17.82,8458.0,1,0.0
2022-06-29 15:00:00,17.82,17.85,17.59,17.77,4398.0,1,0.0
2022-06-29 16:00:00,17.77,17.77,17.54,17.63,3924.0,1,0.0
2022-06-29 17:00:00,17.63,17.68,17.51,17.67,2376.0,1,0.0
2022-06-29 18:00:00,17.67,17.78,17.65,17.71,2395.0,1,0.0
2022-06-29 19:00:00,17.71,17.84,17.67,17.79,2197.0,1,0.0
2022-06-30 10:00:00,17.49,17.51,17.45,17.51,141.0,6,0.0
2022-06-30 11:00:00,17.51,17.54,17.48,17.53,71.0,6,0.0
2022-06-30 12:00:00,17.51,17.66,17.49,17.57,141.0,4,0.0
2022-06-30 13:00:00,17.57,17.71,17.05,17.1,5835.0,1,0.0
2022-06-30 14:00:00,17.1,17.44,17.03,17.42,6493.0,1,0.0
2022-06-30 15:00:00,17.42,17.76,17.34,17.75,4414.0,1,0.0
2022-06-30 16:00:00,17.75,17.94,17.61,17.78,4554.0,1,0.0
2022-06-30 17:00:00,17.78,17.82,17.65,17.76,3568.0,1,0.0
2022-06-30 18:00:00,17.76,17.77,17.52,17.55,4627.0,1,0.0
2022-06-30 19:00:00,17.55,17.61,17.4,17.48,2812.0,1,0.0
2022-07-01 10:00:00,17.43,17.64,17.33,17.34,354.0,1,0.0
2022-07-01 11:00:00,17.34,17.45,17.34,17.41,380.0,4,0.0
2022-07-01 12:00:00,17.41,17.52,17.41,17.48,141.0,4,0.0
2022-07-01 13:00:00,17.48,17.95,17.43,17.81,6147.0,1,0.0
2022-07-01 14:00:00,17.8,17.94,17.54,17.62,8979.0,1,0.0
2022-07-01 15:00:00,17.61,17.83,17.56,17.62,6696.0,1,0.0
2022-07-01 16:00:00,17.62,17.71,17.54,17.61,4328.0,1,0.0
2022-07-01 17:00:00,17.6,17.75,17.56,17.75,3195.0,1,0.0
2022-07-01 18:00:00,17.74,17.9,17.65,17.88,3020.0,1,0.0
2022-07-01 19:00:00,17.88,18.0,17.81,17.99,2200.0,1,0.0
2022-07-05 10:00:00,17.86,17.9,17.85,17.89,94.0,4,0.0
2022-07-05 11:00:00,17.9,17.92,17.7,17.73,124.0,4,0.0
2022-07-05 12:00:00,17.73,17.78,17.67,17.73,258.0,4,0.0
2022-07-05 13:00:00,17.74,17.83,17.27,17.41,5282.0,1,0.0
2022-07-05 14:00:00,17.4,18.14,17.34,17.92,9035.0,1,0.0
2022-07-05 15:00:00,17.92,18.15,17.81,18.15,6536.0,1,0.0
2022-07-05 16:00:00,18.15,18.28,18.09,18.14,4144.0,1,0.0
2022-07-05 17:00:00,18.14,18.41,18.14,18.32,3869.0,1,0.0
2022-07-05 18:00:00,18.33,18.48,18.28,18.39,3680.0,1,0.0
2022-07-05 19:00:00,18.39,18.58,18.33,18.51,2495.0,1,0.0
2022-07-06 10:00:00,18.55,18.56,18.43,18.45,339.0,1,0.0
2022-07-06 11:00:00,18.45,18.52,18.44,18.45,241.0,4,0.0
2022-07-06 12:00:00,18.45,18.55,18.31,18.52,634.0,4,0.0
2022-07-06 13:00:00,18.52,18.61,18.11,18.3,6645.0,1,0.0
2022-07-06 14:00:00,18.3,18.33,18.08,18.24,9093.0,1,0.0
2022-07-06 15:00:00,18.24,18.35,18.12,18.3,4383.0,1,0.0
2022-07-06 16:00:00,18.3,18.45,18.25,18.41,3043.0,1,0.0
2022-07-06 17:00:00,18.41,18.46,18.34,18.43,2425.0,1,0.0
2022-07-06 18:00:00,18.43,18.55,18.22,18.53,6726.0,1,0.0
2022-07-06 19:00:00,18.53,18.58,18.46,18.48,2299.0,1,0.0
2022-07-07 10:00:00,18.44,18.45,18.41,18.45,605.0,1,0.0
2022-07-07 11:00:00,18.45,18.46,18.33,18.45,561.0,1,0.0
2022-07-07 12:00:00,18.45,18.47,18.37,18.41,482.0,2,0.0
2022-07-07 13:00:00,18.42,18.78,18.33,18.69,4187.0,1,0.0
2022-07-07 14:00:00,18.69,18.7,18.34,18.6,5730.0,1,0.0
2022-07-07 15:00:00,18.6,18.91,18.58,18.91,3609.0,1,0.0
2022-07-07 16:00:00,18.91,18.99,18.87,18.91,2557.0,1,0.0
2022-07-07 17:00:00,18.91,18.96,18.81,18.95,2306.0,1,0.0
2022-07-07 18:00:00,18.95,19.01,18.91,18.99,1658.0,1,0.0
2022-07-07 19:00:00,18.99,19.01,18.87,18.89,1498.0,1,0.0
2022-07-08 10:00:00,18.77,18.81,18.75,18.76,369.0,2,0.0
2022-07-08 11:00:00,18.76,18.85,18.75,18.82,672.0,2,0.0
2022-07-08 12:00:00,18.82,18.85,18.51,18.63,706.0,4,0.0
2022-07-08 13:00:00,18.64,18.75,18.28,18.33,4297.0,1,0.0
2022-07-08 14:00:00,18.33,18.91,18.27,18.81,5548.0,1,0.0
2022-07-08 15:00:00,18.81,18.99,18.77,18.86,2952.0,1,0.0
2022-07-08 16:00:00,18.86,18.86,18.56,18.59,2760.0,1,0.0
2022-07-08 17:00:00,18.58,18.74,18.52,18.69,2164.0,1,0.0
2022-07-08 18:00:00,18.69,18.82,18.65,18.78,2086.0,1,0.0
2022-07-08 19:00:00,18.78,18.78,18.66,18.72,1806.0,1,0.0
2022-07-11 10:00:00,18.52,18.54,18.51,18.51,134.0,4,0.0
2022-07-11 11:00:00,18.52,18.57,18.44,18.46,515.0,2,0.0
2022-07-11 12:00:00,18.46,18.55,18.44,18.52,182.0,3,0.0
2022-07-11 13:00:00,18.54,18.55,17.78,17.84,4365.0,1,0.0
2022-07-11 14:00:00,17.84,18.14,17.77,17.96,6361.0,1,0.0
2022-07-11 15:00:00,17.96,18.08,17.93,17.97,3653.0,1,0.0
2022-07-11 16:00:00,17.97,18.03,17.89,17.95,2835.0,1,0.0
2022-07-11 17:00:00,17.95,18.1,17.94,18.02,2735.0,1,0.0
2022-07-11 18:00:00,18.02,18.03,17.82,17.82,2171.0,1,0.0
2022-07-11 19:00:00,17.82,17.84,17.76,17.76,1670.0,1,0.0
2022-07-12 10:00:00,17.55,17.64,17.52,17.52,860.0,4,0.0
2022-07-12 11:00:00,17.52,17.84,17.52,17.66,762.0,4,0.0
2022-07-12 12:00:00,17.66,17.75,17.66,17.75,208.0,4,0.0
2022-07-12 13:00:00,17.75,17.96,17.48,17.49,5103.0,1,0.0
2022-07-12 14:00:00,17.49,17.62,17.34,17.49,7610.0,1,0.0
2022-07-12 15:00:00,17.49,17.73,17.48,17.61,4651.0,1,0.0
2022-07-12 16:00:00,17.61,17.74,17.6,17.66,3923.0,1,0.0
2022-07-12 17:00:00,17.66,17.72,17.56,17.66,3777.0,1,0.0
2022-07-12 18:00:00,17.66,17.67,17.51,17.52,2666.0,1,0.0
2022-07-12 19:00:00,17.52,17.52,17.34,17.38,2400.0,1,0.0
2022-07-13 10:00:00,17.54,17.57,17.52,17.53,164.0,4,0.0
2022-07-13 11:00:00,17.53,17.53,17.46,17.49,328.0,3,0.0
2022-07-13 12:00:00,17.5,17.57,16.93,17.11,1287.0,3,0.0
2022-07-13 13:00:00,17.1,17.27,16.97,17.22,7118.0,1,0.0
2022-07-13 14:00:00,17.23,17.45,17.02,17.29,9559.0,1,0.0
2022-07-13 15:00:00,17.29,17.34,17.14,17.21,5043.0,1,0.0
2022-07-13 16:00:00,17.21,17.32,17.14,17.31,3588.0,1,0.0
2022-07-13 17:00:00,17.31,17.41,17.25,17.4,3708.0,1,0.0
2022-07-13 18:00:00,17.4,17.85,17.25,17.85,5710.0,1,0.0
2022-07-13 19:00:00,17.85,17.91,17.65,17.72,3781.0,1,0.0
2022-07-14 10:00:00,17.52,17.54,17.43,17.49,501.0,3,0.0
2022-07-14 11:00:00,17.51,17.51,17.34,17.48,677.0,3,0.0
2022-07-14 12:00:00,17.48,17.53,17.42,17.51,397.0,3,0.0
2022-07-14 13:00:00,17.51,17.74,17.25,17.29,5769.0,1,0.0
2022-07-14 14:00:00,17.29,17.57,17.18,17.47,5729.0,1,0.0
2022-07-14 15:00:00,17.47,17.69,17.42,17.56,4657.0,1,0.0
2022-07-14 16:00:00,17.56,17.59,17.28,17.31,3458.0,1,0.0
2022-07-14 17:00:00,17.31,17.4,17.26,17.37,3632.0,1,0.0
2022-07-14 18:00:00,17.37,17.55,17.34,17.42,2970.0,1,0.0
2022-07-14 19:00:00,17.43,17.5,17.35,17.39,2132.0,1,0.0
2022-07-15 10:00:00,17.47,17.54,17.45,17.5,292.0,4,0.0
2022-07-15 11:00:00,17.51,17.6,17.48,17.49,223.0,4,0.0
2022-07-15 12:00:00,17.5,17.63,17.39,17.59,976.0,4,0.0
2022-07-15 13:00:00,17.61,17.9,17.45,17.53,4628.0,1,0.0
2022-07-15 14:00:00,17.54,18.03,17.53,17.95,5338.0,1,0.0
2022-07-15 15:00:00,17.95,18.46,17.95,18.41,4029.0,1,0.0
2022-07-15 16:00:00,18.41,18.68,18.35,18.64,3338.0,1,0.0
2022-07-15 17:00:00,18.63,18.74,18.48,18.73,2937.0,1,0.0
2022-07-15 18:00:00,18.73,18.9,18.69,18.77,3489.0,1,0.0
2022-07-15 19:00:00,18.77,18.88,18.73,18.87,2318.0,1,0.0
2022-07-18 10:00:00,19.19,19.2,19.17,19.18,132.0,1,0.0
2022-07-18 11:00:00,19.19,19.21,19.11,19.21,329.0,1,0.0
2022-07-18 12:00:00,19.21,19.25,19.14,19.25,430.0,2,0.0
2022-07-18 13:00:00,19.25,19.96,19.14,19.78,6653.0,1,0.0
2022-07-18 14:00:00,19.78,19.8,19.46,19.62,6127.0,1,0.0
2022-07-18 15:00:00,19.62,19.88,19.61,19.81,3546.0,1,0.0
2022-07-18 16:00:00,19.81,19.85,19.73,19.76,2500.0,1,0.0
2022-07-18 17:00:00,19.76,19.81,19.4,19.43,3136.0,1,0.0
2022-07-18 18:00:00,19.43,19.49,19.15,19.19,3715.0,1,0.0
2022-07-18 19:00:00,19.19,19.28,19.01,19.03,2883.0,1,0.0
2022-07-19 10:00:00,19.33,19.36,19.31,19.34,292.0,3,0.0
2022-07-19 11:00:00,19.33,19.37,19.3,19.35,536.0,2,0.0
2022-07-19 12:00:00,19.35,19.37,19.26,19.27,355.0,3,0.0
2022-07-19 13:00:00,19.27,19.41,18.84,19.24,4411.0,1,0.0
2022-07-19 14:00:00,19.24,19.68,19.01,19.65,5137.0,1,0.0
2022-07-19 15:00:00,19.65,19.81,19.57,19.75,3157.0,1,0.0
2022-07-19 16:00:00,19.75,19.89,19.7,19.89,2766.0,1,0.0
2022-07-19 17:00:00,19.89,20.03,19.77,19.97,3063.0,1,0.0
2022-07-19 18:00:00,19.97,20.17,19.97,20.07,3136.0,1,0.0
2022-07-19 19:00:00,20.07,20.13,19.98,20.03,2548.0,1,0.0
2022-07-20 10:00:00,21.62,21.65,21.33,21.44,533.0,6,0.0
2022-07-20 11:00:00,21.44,21.46,21.32,21.38,779.0,4,0.0
2022-07-20 12:00:00,21.37,21.53,20.97,21.06,1247.0,3,0.0
2022-07-20 13:00:00,21.06,21.07,20.01,20.36,10721.0,2,0.0
2022-07-20 14:00:00,20.36,21.05,20.21,20.96,9615.0,1,0.0
2022-07-20 15:00:00,20.96,21.54,20.72,21.43,7255.0,1,0.0
2022-07-20 16:00:00,21.43,21.69,21.21,21.42,7099.0,1,0.0
2022-07-20 17:00:00,21.42,21.42,20.89,21.26,6389.0,1,0.0
2022-07-20 18:00:00,21.27,21.57,21.16,21.43,4821.0,1,0.0
2022-07-20 19:00:00,21.43,21.59,21.36,21.57,2958.0,1,0.0
2022-07-21 10:00:00,21.51,21.57,21.49,21.51,516.0,3,0.0
2022-07-21 11:00:00,21.5,21.56,21.49,21.53,475.0,2,0.0
2022-07-21 12:00:00,21.53,21.63,21.49,21.6,569.0,2,0.0
2022-07-21 13:00:00,21.6,21.81,21.15,21.69,7412.0,1,0.0
2022-07-21 14:00:00,21.69,21.82,21.25,21.63,9672.0,1,0.0
2022-07-21 15:00:00,21.63,21.77,21.47,21.69,5930.0,1,0.0
2022-07-21 16:00:00,21.69,21.99,21.69,21.92,5229.0,1,0.0
2022-07-21 17:00:00,21.93,22.12,21.86,22.06,5166.0,1,0.0
2022-07-21 18:00:00,22.06,22.28,22.03,22.12,5348.0,1,0.0
2022-07-21 19:00:00,22.12,22.34,22.07,22.3,3536.0,1,0.0
2022-07-22 10:00:00,22.17,22.23,22.13,22.22,230.0,4,0.0
2022-07-22 11:00:00,22.2,22.26,22.16,22.26,571.0,3,0.0
2022-07-22 12:00:00,22.26,22.27,22.15,22.18,208.0,3,0.0
2022-07-22 13:00:00,22.18,22.93,22.12,22.49,6433.0,1,0.0
2022-07-22 14:00:00,22.49,22.56,22.09,22.23,7400.0,1,0.0
2022-07-22 15:00:00,22.23,22.27,21.88,22.04,5419.0,1,0.0
2022-07-22 16:00:00,22.04,22.14,21.92,22.05,4595.0,1,0.0
2022-07-22 17:00:00,22.05,22.05,21.88,21.96,3119.0,1,0.0
2022-07-22 18:00:00,21.95,22.08,21.84,22.06,3346.0,1,0.0
2022-07-22 19:00:00,22.06,22.12,21.97,21.97,2466.0,1,0.0
2022-07-25 10:00:00,22.17,22.19,22.12,22.13,305.0,4,0.0
2022-07-25 11:00:00,22.13,22.13,22.07,22.07,481.0,2,0.0
2022-07-25 12:00:00,22.08,22.1,21.94,21.99,235.0,2,0.0
2022-07-25 13:00:00,22.0,22.51,21.93,22.33,4676.0,1,0.0
2022-07-25 14:00:00,22.33,22.42,22.04,22.05,5911.0,1,0.0
2022-07-25 15:00:00,22.04,22.11,21.87,22.09,4116.0,1,0.0
2022-07-25 16:00:00,22.09,22.13,21.99,22.02,2824.0,1,0.0
2022-07-25 17:00:00,22.02,22.09,21.9,21.91,2389.0,1,0.0
2022-07-25 18:00:00,21.91,21.93,21.72,21.74,2534.0,1,0.0
2022-07-25 19:00:00,21.74,21.77,21.63,21.76,2299.0,1,0.0
2022-07-26 10:00:00,21.71,21.72,21.65,21.68,79.0,1,0.0
2022-07-26 11:00:00,21.68,21.77,21.67,21.73,116.0,3,0.0
2022-07-26 12:00:00,21.73,21.75,21.63,21.64,153.0,3,0.0
2022-07-26 13:00:00,21.64,21.85,21.56,21.75,4386.0,1,0.0
2022-07-26 14:00:00,21.75,21.93,21.41,21.5,5064.0,1,0.0
2022-07-26 15:00:00,21.5,21.55,21.34,21.41,3268.0,1,0.0
2022-07-26 16:00:00,21.42,21.54,21.36,21.44,2701.0,1,0.0
2022-07-26 17:00:00,21.44,21.5,21.32,21.34,2445.0,1,0.0
2022-07-26 18:00:00,21.34,21.44,21.18,21.23,3137.0,1,0.0
2022-07-26 19:00:00,21.23,21.34,21.16,21.31,2188.0,1,0.0
2022-07-27 10:00:00,21.62,21.65,21.58,21.64,237.0,4,0.0
2022-07-27 11:00:00,21.64,21.66,21.54,21.56,318.0,4,0.0
2022-07-27 12:00:00,21.56,21.61,21.55,21.59,68.0,4,0.0
2022-07-27 13:00:00,21.6,21.81,21.45,21.65,4174.0,1,0.0
2022-07-27 14:00:00,21.65,21.93,21.62,21.93,4349.0,1,0.0
2022-07-27 15:00:00,21.93,22.14,21.93,22.12,3506.0,1,0.0
2022-07-27 16:00:00,22.12,22.25,22.07,22.15,2833.0,1,0.0
2022-07-27 17:00:00,22.16,22.25,22.11,22.13,2562.0,1,0.0
2022-07-27 18:00:00,22.14,22.54,22.07,22.4,6215.0,1,0.0
2022-07-27 19:00:00,22.4,22.69,22.32,22.66,3337.0,1,0.0
2022-07-28 10:00:00,22.39,22.42,22.37,22.41,184.0,4,0.0
2022-07-28 11:00:00,22.41,22.51,22.41,22.46,576.0,3,0.0
2022-07-28 12:00:00,22.46,22.7,22.4,22.55,431.0,3,0.0
2022-07-28 13:00:00,22.53,22.79,21.99,22.1,4951.0,1,0.0
2022-07-28 14:00:00,22.11,22.49,21.97,22.48,6808.0,1,0.0
2022-07-28 15:00:00,22.48,22.71,22.45,22.49,5315.0,1,0.0
2022-07-28 16:00:00,22.49,22.56,22.4,22.46,3866.0,1,0.0
2022-07-28 17:00:00,22.46,22.56,22.37,22.46,2970.0,1,0.0
2022-07-28 18:00:00,22.46,22.56,22.33,22.54,2964.0,1,0.0
2022-07-28 19:00:00,22.54,22.6,22.48,22.56,2242.0,1,0.0
2022-07-29 10:00:00,22.68,22.69,22.63,22.63,747.0,3,0.0
2022-07-29 11:00:00,22.63,22.68,22.53,22.6,609.0,3,0.0
2022-07-29 12:00:00,22.59,22.6,22.47,22.54,397.0,3,0.0
2022-07-29 13:00:00,22.54,23.02,22.22,22.87,5536.0,1,0.0
2022-07-29 14:00:00,22.87,23.06,22.63,22.63,5251.0,1,0.0
2022-07-29 15:00:00,22.63,22.7,22.45,22.5,3612.0,1,0.0
2022-07-29 16:00:00,22.5,22.63,22.41,22.61,2752.0,1,0.0
2022-07-29 17:00:00,22.61,22.66,22.48,22.6,2483.0,1,0.0
2022-07-29 18:00:00,22.6,22.69,22.45,22.58,2649.0,1,0.0
2022-07-29 19:00:00,22.58,22.62,22.49,22.55,2014.0,1,0.0
2022-08-01 10:00:00,22.41,22.42,22.39,22.4,127.0,4,0.0
2022-08-01 11:00:00,22.4,22.49,22.4,22.43,237.0,4,0.0
2022-08-01 12:00:00,22.42,22.46,22.25,22.29,758.0,3,0.0
2022-08-01 13:00:00,22.29,22.5,22.1,22.39,4110.0,1,0.0
2022-08-01 14:00:00,22.38,22.81,22.35,22.79,5230.0,1,0.0
2022-08-01 15:00:00,22.79,22.83,22.62,22.78,4051.0,1,0.0
2022-08-01 16:00:00,22.78,22.79,22.51,22.56,3764.0,1,0.0
2022-08-01 17:00:00,22.56,22.56,22.31,22.43,3349.0,1,0.0
2022-08-01 18:00:00,22.43,22.63,22.39,22.61,3428.0,1,0.0
2022-08-01 19:00:00,22.61,22.63,22.5,22.57,2155.0,1,0.0
2022-08-02 10:00:00,22.24,22.28,22.22,22.25,294.0,4,0.0
2022-08-02 11:00:00,22.25,22.39,22.24,22.37,460.0,3,0.0
2022-08-02 12:00:00,22.37,22.39,22.25,22.3,224.0,3,0.0
2022-08-02 13:00:00,22.29,22.81,22.19,22.68,6544.0,1,0.0
2022-08-02 14:00:00,22.68,22.71,22.3,22.46,7391.0,1,0.0
2022-08-02 15:00:00,22.46,22.52,22.32,22.43,5016.0,1,0.0
2022-08-02 16:00:00,22.43,22.68,22.42,22.58,4449.0,1,0.0
2022-08-02 17:00:00,22.58,22.58,22.17,22.25,5086.0,1,0.0
2022-08-02 18:00:00,22.24,22.37,22.19,22.21,4166.0,1,0.0
2022-08-02 19:00:00,22.21,22.26,22.08,22.19,2753.0,1,0.0
2022-08-03 10:00:00,22.24,22.25,22.21,22.23,525.0,2,0.0
2022-08-03 11:00:00,22.23,22.41,22.23,22.28,816.0,2,0.0
2022-08-03 12:00:00,22.28,22.37,22.26,22.35,317.0,4,0.0
2022-08-03 13:00:00,22.31,22.66,22.23,22.61,6245.0,1,0.0
2022-08-03 14:00:00,22.61,22.77,22.31,22.56,8778.0,1,0.0
2022-08-03 15:00:00,22.56,22.71,22.42,22.65,4266.0,1,0.0
2022-08-03 16:00:00,22.65,22.7,22.52,22.67,3303.0,1,0.0
2022-08-03 17:00:00,22.67,22.8,22.66,22.68,3110.0,1,0.0
2022-08-03 18:00:00,22.67,22.75,22.62,22.65,2455.0,1,0.0
2022-08-03 19:00:00,22.65,22.78,22.57,22.78,1863.0,1,0.0
2022-08-04 10:00:00,22.85,22.91,22.81,22.86,333.0,4,0.0
2022-08-04 11:00:00,22.85,22.88,22.72,22.73,694.0,2,0.0
2022-08-04 12:00:00,22.74,22.86,22.72,22.82,243.0,4,0.0
2022-08-04 13:00:00,22.83,23.19,22.62,22.86,5272.0,1,0.0
2022-08-04 14:00:00,22.86,23.02,22.51,22.71,6777.0,1,0.0
2022-08-04 15:00:00,22.71,22.86,22.64,22.8,4490.0,1,0.0
2022-08-04 16:00:00,22.8,23.01,22.74,22.76,3646.0,1,0.0
2022-08-04 17:00:00,22.76,23.04,22.76,23.0,3205.0,1,0.0
2022-08-04 18:00:00,23.0,23.05,22.94,23.01,2803.0,1,0.0
2022-08-04 19:00:00,23.01,23.09,22.93,22.93,2220.0,1,0.0
2022-08-05 10:00:00,22.87,22.87,22.8,22.82,346.0,4,0.0
2022-08-05 11:00:00,22.83,22.96,22.83,22.92,468.0,3,0.0
2022-08-05 12:00:00,22.92,22.93,22.62,22.66,472.0,3,0.0
2022-08-05 13:00:00,22.67,22.72,22.33,22.54,6435.0,1,0.0
2022-08-05 14:00:00,22.54,22.85,22.53,22.77,7186.0,1,0.0
2022-08-05 15:00:00,22.77,22.77,22.28,22.38,5108.0,1,0.0
2022-08-05 16:00:00,22.38,22.59,22.37,22.56,3954.0,1,0.0
2022-08-05 17:00:00,22.56,22.73,22.5,22.63,3461.0,1,0.0
2022-08-05 18:00:00,22.63,22.64,22.49,22.54,2912.0,1,0.0
2022-08-05 19:00:00,22.54,22.61,22.5,22.6,2131.0,1,0.0
2022-08-08 10:00:00,22.81,22.85,22.78,22.85,181.0,4,0.0
2022-08-08 11:00:00,22.86,22.95,22.84,22.93,278.0,3,0.0
2022-08-08 12:00:00,22.93,23.04,22.91,23.02,381.0,3,0.0
2022-08-08 13:00:00,23.02,23.88,22.64,23.78,3385.0,2,0.0
2022-08-08 14:00:00,23.77,24.18,23.6,23.79,4799.0,1,0.0
2022-08-08 15:00:00,23.8,23.88,23.36,23.53,4000.0,1,0.0
2022-08-08 16:00:00,23.53,23.69,23.41,23.61,4000.0,1,0.0
2022-08-08 17:00:00,23.61,23.91,23.56,23.9,3193.0,1,0.0
2022-08-08 18:00:00,23.9,23.9,23.31,23.36,3712.0,1,0.0
2022-08-08 19:00:00,23.36,23.44,23.26,23.42,2169.0,1,0.0
2022-08-09 10:00:00,23.31,23.32,23.1,23.12,251.0,3,0.0
2022-08-09 11:00:00,23.14,23.27,23.14,23.15,537.0,3,0.0
2022-08-09 12:00:00,23.15,23.21,23.09,23.15,263.0,4,0.0
2022-08-09 13:00:00,23.15,23.2,22.62,22.64,4199.0,1,0.0
2022-08-09 14:00:00,22.64,22.73,22.47,22.71,6311.0,1,0.0
2022-08-09 15:00:00,22.71,22.89,22.61,22.8,3964.0,1,0.0
2022-08-09 16:00:00,22.79,22.86,22.75,22.83,3266.0,1,0.0
2022-08-09 17:00:00,22.83,22.97,22.78,22.94,2661.0,1,0.0
2022-08-09 18:00:00,22.94,22.99,22.83,22.93,2800.0,1,0.0
2022-08-09 19:00:00,22.92,22.97,22.85,22.95,2233.0,1,0.0
2022-08-10 10:00:00,23.04,23.08,23.02,23.04,161.0,3,0.0
2022-08-10 11:00:00,23.04,23.07,23.02,23.07,306.0,2,0.0
2022-08-10 12:00:00,23.07,23.92,23.07,23.6,1014.0,2,0.0
2022-08-10 13:00:00,23.6,24.01,23.51,23.88,4212.0,1,0.0
2022-08-10 14:00:00,23.88,24.18,23.76,24.15,6131.0,1,0.0
2022-08-10 15:00:00,24.15,24.31,24.02,24.22,3877.0,1,0.0
2022-08-10 16:00:00,24.22,24.35,24.14,24.35,2923.0,1,0.0
2022-08-10 17:00:00,24.35,24.45,24.25,24.39,2679.0,1,0.0
2022-08-10 18:00:00,24.39,24.42,24.23,24.25,2476.0,1,0.0
2022-08-10 19:00:00,24.25,24.38,24.23,24.35,2109.0,1,0.0
2022-08-11 10:00:00,24.32,24.36,24.29,24.32,452.0,1,0.0
2022-08-11 11:00:00,24.32,24.43,24.32,24.41,234.0,3,0.0
2022-08-11 12:00:00,24.41,24.64,24.41,24.61,425.0,3,0.0
2022-08-11 13:00:00,24.61,25.04,24.41,24.76,4256.0,1,0.0
2022-08-11 14:00:00,24.76,25.15,24.73,24.77,5634.0,1,0.0
2022-08-11 15:00:00,24.77,24.8,24.3,24.58,5010.0,1,0.0
2022-08-11 16:00:00,24.59,24.66,24.41,24.62,3365.0,1,0.0
2022-08-11 17:00:00,24.62,24.72,24.44,24.46,2985.0,1,0.0
2022-08-11 18:00:00,24.46,24.46,24.15,24.27,3335.0,1,0.0
2022-08-11 19:00:00,24.27,24.34,24.2,24.26,2488.0,1,0.0
2022-08-12 10:00:00,24.4,24.42,24.34,24.36,580.0,4,0.0
2022-08-12 11:00:00,24.37,24.39,24.22,24.26,512.0,1,0.0
2022-08-12 12:00:00,24.27,24.39,24.25,24.35,394.0,3,0.0
2022-08-12 13:00:00,24.35,24.78,24.34,24.55,3255.0,1,0.0
2022-08-12 14:00:00,24.55,24.71,24.37,24.53,4296.0,1,0.0
2022-08-12 15:00:00,24.53,24.67,24.46,24.46,2897.0,1,0.0
2022-08-12 16:00:00,24.46,24.65,24.46,24.57,2070.0,1,0.0
2022-08-12 17:00:00,24.57,24.68,24.57,24.66,1598.0,1,0.0
2022-08-12 18:00:00,24.66,24.82,24.66,24.8,1774.0,1,0.0
2022-08-12 19:00:00,24.8,24.93,24.76,24.86,1723.0,1,0.0
2022-08-15 10:00:00,24.73,24.85,24.73,24.84,380.0,3,0.0
2022-08-15 11:00:00,24.83,24.89,24.77,24.77,435.0,3,0.0
2022-08-15 12:00:00,24.77,24.8,24.68,24.7,274.0,4,0.0
2022-08-15 13:00:00,24.72,25.17,24.69,25.05,1970.0,3,0.0
2022-08-15 14:00:00,25.05,25.08,24.74,24.85,2540.0,2,0.0
2022-08-15 15:00:00,24.85,25.14,24.81,25.11,1710.0,1,0.0
2022-08-15 16:00:00,25.11,25.17,24.93,24.93,2091.0,1,0.0
2022-08-15 17:00:00,24.93,25.03,24.85,24.87,2223.0,1,0.0
2022-08-15 18:00:00,24.87,24.97,24.75,24.97,2096.0,1,0.0
2022-08-15 19:00:00,24.97,25.05,24.91,24.96,1657.0,1,0.0
2022-08-16 10:00:00,24.72,24.73,24.65,24.71,112.0,4,0.0
2022-08-16 11:00:00,24.71,24.78,24.71,24.77,110.0,4,0.0
2022-08-16 12:00:00,24.77,24.83,24.73,24.78,218.0,4,0.0
2022-08-16 13:00:00,24.75,24.91,24.52,24.69,3331.0,1,0.0
2022-08-16 14:00:00,24.7,24.71,24.4,24.49,4349.0,1,0.0
2022-08-16 15:00:00,24.49,24.77,24.47,24.76,2867.0,1,0.0
2022-08-16 16:00:00,24.76,24.78,24.63,24.69,2096.0,1,0.0
2022-08-16 17:00:00,24.69,24.84,24.69,24.81,1735.0,1,0.0
2022-08-16 18:00:00,24.81,24.9,24.47,24.58,2678.0,1,0.0
2022-08-16 19:00:00,24.58,24.69,24.52,24.66,2103.0,1,0.0
2022-08-17 10:00:00,24.27,24.32,24.26,24.31,225.0,4,0.0
2022-08-17 11:00:00,24.32,24.36,24.3,24.34,222.0,4,0.0
2022-08-17 12:00:00,24.34,24.35,24.29,24.31,176.0,4,0.0
2022-08-17 13:00:00,24.3,24.31,23.91,24.19,2457.0,2,0.0
2022-08-17 14:00:00,24.19,24.21,23.75,23.76,3039.0,1,0.0
2022-08-17 15:00:00,23.76,24.03,23.76,23.89,2621.0,1,0.0
2022-08-17 16:00:00,23.9,24.06,23.89,24.03,1509.0,1,0.0
2022-08-17 17:00:00,24.03,24.1,23.96,24.04,1435.0,1,0.0
2022-08-17 18:00:00,24.04,24.41,24.03,24.2,2775.0,1,0.0
2022-08-17 19:00:00,24.2,24.3,24.05,24.11,2179.0,1,0.0
2022-08-18 10:00:00,24.15,24.17,24.14,24.15,94.0,2,0.0
2022-08-18 11:00:00,24.14,24.24,24.14,24.23,136.0,2,0.0
2022-08-18 12:00:00,24.23,24.26,24.11,24.18,419.0,2,0.0
2022-08-18 13:00:00,24.18,24.26,23.92,24.03,1245.0,3,0.0
2022-08-18 14:00:00,24.03,24.32,23.93,24.27,2135.0,2,0.0
2022-08-18 15:00:00,24.27,24.64,24.23,24.51,2878.0,1,0.0
2022-08-18 16:00:00,24.51,24.58,24.4,24.46,1807.0,1,0.0
2022-08-18 17:00:00,24.46,24.58,24.39,24.54,1477.0,1,0.0
2022-08-18 18:00:00,24.54,24.54,24.42,24.46,1377.0,1,0.0
2022-08-18 19:00:00,24.46,24.59,24.45,24.58,1126.0,1,0.0
2022-08-19 10:00:00,24.11,24.13,24.03,24.06,202.0,6,0.0
2022-08-19 11:00:00,24.05,24.16,24.05,24.16,292.0,4,0.0
2022-08-19 12:00:00,24.15,24.21,24.15,24.15,357.0,4,0.0
2022-08-19 13:00:00,24.15,24.31,23.78,23.8,3734.0,1,0.0
2022-08-19 14:00:00,23.8,23.8,23.64,23.67,4367.0,1,0.0
2022-08-19 15:00:00,23.67,23.75,23.58,23.58,2742.0,1,0.0
2022-08-19 16:00:00,23.58,23.84,23.57,23.8,2573.0,1,0.0
2022-08-19 17:00:00,23.8,23.87,23.71,23.85,2242.0,1,0.0
2022-08-19 18:00:00,23.85,23.92,23.79,23.84,1907.0,1,0.0
2022-08-19 19:00:00,23.84,24.05,23.76,24.02,2346.0,1,0.0
2022-08-22 10:00:00,23.47,23.58,23.44,23.5,240.0,6,0.0
2022-08-22 11:00:00,23.51,23.58,23.36,23.41,332.0,4,0.0
2022-08-22 12:00:00,23.42,23.44,23.37,23.38,178.0,4,0.0
2022-08-22 13:00:00,23.38,23.38,22.75,22.87,4004.0,1,0.0
2022-08-22 14:00:00,22.87,22.91,22.64,22.67,4834.0,1,0.0
2022-08-22 15:00:00,22.67,22.7,22.56,22.63,3165.0,1,0.0
2022-08-22 16:00:00,22.62,22.66,22.54,22.56,2351.0,1,0.0
2022-08-22 17:00:00,22.56,22.63,22.51,22.51,2310.0,1,0.0
2022-08-22 18:00:00,22.51,22.59,22.45,22.59,2052.0,1,0.0
2022-08-22 19:00:00,22.59,22.66,22.55,22.56,1769.0,1,0.0
2022-08-23 10:00:00,22.68,22.71,22.67,22.67,67.0,4,0.0
2022-08-23 11:00:00,22.67,22.7,22.66,22.68,203.0,3,0.0
2022-08-23 12:00:00,22.7,22.7,22.61,22.63,295.0,3,0.0
2022-08-23 13:00:00,22.63,22.92,22.47,22.77,3601.0,1,0.0
2022-08-23 14:00:00,22.77,22.98,22.51,22.52,4967.0,1,0.0
2022-08-23 15:00:00,22.51,22.59,22.44,22.51,3362.0,1,0.0
2022-08-23 16:00:00,22.51,22.63,22.42,22.61,2434.0,1,0.0
2022-08-23 17:00:00,22.62,22.72,22.54,22.64,2416.0,1,0.0
2022-08-23 18:00:00,22.64,22.72,22.55,22.61,1879.0,1,0.0
2022-08-23 19:00:00,22.61,22.65,22.53,22.56,1537.0,1,0.0
2022-08-24 10:00:00,22.45,22.48,22.43,22.46,284.0,1,0.0
2022-08-24 11:00:00,22.47,22.49,22.44,22.48,416.0,2,0.0
2022-08-24 12:00:00,22.48,22.66,22.44,22.48,496.0,2,0.0
2022-08-24 13:00:00,22.48,22.85,22.38,22.84,2608.0,1,0.0
2022-08-24 14:00:00,22.84,23.11,22.8,23.08,4241.0,1,0.0
2022-08-24 15:00:00,23.08,23.4,23.08,23.37,3402.0,1,0.0
2022-08-24 16:00:00,23.37,23.41,23.16,23.19,2533.0,1,0.0
2022-08-24 17:00:00,23.19,23.25,23.07,23.16,2066.0,1,0.0
2022-08-24 18:00:00,23.16,23.19,22.98,23.03,1728.0,1,0.0
2022-08-24 19:00:00,23.03,23.05,22.98,23.04,1357.0,1,0.0
2022-08-25 10:00:00,23.23,23.26,23.2,23.23,97.0,4,0.0
2022-08-25 11:00:00,23.23,23.24,23.13,23.18,275.0,3,0.0
2022-08-25 12:00:00,23.19,23.25,23.09,23.14,1073.0,3,0.0
2022-08-25 13:00:00,23.16,23.23,22.88,23.19,3570.0,1,0.0
2022-08-25 14:00:00,23.19,23.35,23.08,23.23,4337.0,1,0.0
2022-08-25 15:00:00,23.23,23.24,23.01,23.11,3065.0,1,0.0
2022-08-25 16:00:00,23.11,23.2,23.07,23.14,2458.0,1,0.0
2022-08-25 17:00:00,23.14,23.28,23.12,23.26,2113.0,1,0.0
2022-08-25 18:00:00,23.26,23.29,23.11,23.19,1987.0,1,0.0
2022-08-25 19:00:00,23.19,23.32,23.15,23.32,1453.0,1,0.0
2022-08-26 10:00:00,23.22,23.23,23.16,23.19,561.0,2,0.0
2022-08-26 11:00:00,23.18,23.25,23.15,23.25,737.0,3,0.0
2022-08-26 12:00:00,23.23,23.41,23.19,23.33,503.0,3,0.0
2022-08-26 13:00:00,23.33,23.67,23.32,23.4,2095.0,2,0.0
2022-08-26 14:00:00,23.4,23.57,22.84,22.87,4330.0,2,0.0
2022-08-26 15:00:00,22.87,22.9,22.59,22.63,4113.0,1,0.0
2022-08-26 16:00:00,22.64,22.69,22.54,22.68,2420.0,1,0.0
2022-08-26 17:00:00,22.67,22.69,22.52,22.54,1922.0,1,0.0
2022-08-26 18:00:00,22.54,22.58,22.46,22.51,1911.0,1,0.0
2022-08-26 19:00:00,22.51,22.57,22.41,22.42,1645.0,1,0.0
2022-08-29 10:00:00,21.99,22.01,21.95,21.99,221.0,4,0.0
2022-08-29 11:00:00,21.99,22.11,21.96,22.1,436.0,4,0.0
2022-08-29 12:00:00,22.1,22.17,22.04,22.12,249.0,4,0.0
2022-08-29 13:00:00,22.12,22.92,22.09,22.73,4292.0,1,0.0
2022-08-29 14:00:00,22.73,22.98,22.42,22.45,6621.0,1,0.0
2022-08-29 15:00:00,22.45,22.6,22.38,22.58,4289.0,1,0.0
2022-08-29 16:00:00,22.58,22.72,22.54,22.63,3486.0,1,0.0
2022-08-29 17:00:00,22.63,22.71,22.56,22.63,2795.0,1,0.0
2022-08-29 18:00:00,22.63,22.69,22.53,22.64,3291.0,1,0.0
2022-08-29 19:00:00,22.64,22.76,22.58,22.68,2503.0,1,0.0
2022-08-30 10:00:00,22.73,22.8,22.71,22.71,395.0,1,0.0
2022-08-30 11:00:00,22.71,22.77,22.7,22.72,491.0,3,0.0
2022-08-30 12:00:00,22.73,22.77,22.59,22.62,545.0,2,0.0
2022-08-30 13:00:00,22.61,22.96,22.54,22.56,3674.0,1,0.0
2022-08-30 14:00:00,22.56,22.59,21.95,22.1,5774.0,1,0.0
2022-08-30 15:00:00,22.1,22.19,21.97,22.07,5305.0,1,0.0
2022-08-30 16:00:00,22.07,22.26,22.05,22.08,3602.0,1,0.0
2022-08-30 17:00:00,22.09,22.13,21.87,21.96,2696.0,1,0.0
2022-08-30 18:00:00,21.96,22.05,21.94,22.0,3151.0,1,0.0
2022-08-30 19:00:00,21.99,22.2,21.97,22.11,2781.0,1,0.0
2022-08-31 10:00:00,22.35,22.58,22.34,22.54,307.0,4,0.0
2022-08-31 11:00:00,22.54,22.54,22.44,22.44,171.0,4,0.0
2022-08-31 12:00:00,22.44,22.62,22.41,22.58,248.0,4,0.0
2022-08-31 13:00:00,22.58,23.37,22.54,23.2,5200.0,1,0.0
2022-08-31 14:00:00,23.2,23.23,22.79,22.8,6948.0,1,0.0
2022-08-31 15:00:00,22.8,22.81,22.62,22.76,4194.0,1,0.0
2022-08-31 16:00:00,22.76,22.78,22.58,22.62,3093.0,1,0.0
2022-08-31 17:00:00,22.63,22.73,22.54,22.58,2680.0,1,0.0
2022-08-31 18:00:00,22.58,22.67,22.48,22.51,2703.0,1,0.0
2022-08-31 19:00:00,22.51,22.63,22.45,22.63,2879.0,1,0.0
2022-09-01 10:00:00,22.12,22.16,22.11,22.15,127.0,6,0.0
2022-09-01 11:00:00,22.15,22.48,22.15,22.29,485.0,4,0.0
2022-09-01 12:00:00,22.3,22.44,22.25,22.35,447.0,4,0.0
2022-09-01 13:00:00,22.34,22.59,21.93,22.42,4383.0,1,0.0
2022-09-01 14:00:00,22.42,22.43,22.09,22.17,5743.0,1,0.0
2022-09-01 15:00:00,22.17,22.24,21.97,22.0,4233.0,1,0.0
2022-09-01 16:00:00,22.0,22.24,22.0,22.2,3418.0,1,0.0
2022-09-01 17:00:00,22.2,22.45,22.16,22.31,3153.0,1,0.0
2022-09-01 18:00:00,22.31,22.76,22.3,22.72,3994.0,1,0.0
2022-09-01 19:00:00,22.72,22.9,22.7,22.8,3191.0,1,0.0
2022-09-02 10:00:00,23.01,23.01,22.92,22.96,435.0,3,0.0
2022-09-02 11:00:00,22.96,23.01,22.91,22.98,328.0,3,0.0
2022-09-02 12:00:00,22.98,23.22,22.96,23.14,652.0,2,0.0
2022-09-02 13:00:00,23.13,23.25,22.56,22.57,4051.0,1,0.0
2022-09-02 14:00:00,22.58,23.2,22.49,23.11,6137.0,1,0.0
2022-09-02 15:00:00,23.11,23.38,23.06,23.35,4915.0,1,0.0
2022-09-02 16:00:00,23.35,23.37,22.89,23.03,5180.0,1,0.0
2022-09-02 17:00:00,23.03,23.04,22.69,22.7,5755.0,1,0.0
2022-09-02 18:00:00,22.7,22.79,22.62,22.63,4925.0,1,0.0
2022-09-02 19:00:00,22.63,22.77,22.51,22.51,3637.0,1,0.0
2022-09-06 10:00:00,22.74,22.82,22.74,22.76,318.0,4,0.0
2022-09-06 11:00:00,22.76,22.83,22.71,22.76,562.0,3,0.0
2022-09-06 12:00:00,22.76,22.79,22.7,22.71,472.0,4,0.0
2022-09-06 13:00:00,22.7,22.74,21.65,21.75,4519.0,1,0.0
2022-09-06 14:00:00,21.73,21.91,21.47,21.86,7064.0,1,0.0
2022-09-06 15:00:00,21.86,21.93,21.68,21.91,6147.0,1,0.0
2022-09-06 16:00:00,21.91,21.99,21.78,21.94,4055.0,1,0.0
2022-09-06 17:00:00,21.94,21.94,21.7,21.8,3786.0,1,0.0
2022-09-06 18:00:00,21.8,21.95,21.78,21.84,4768.0,1,0.0
2022-09-06 19:00:00,21.84,22.01,21.81,21.97,3924.0,1,0.0
2022-09-07 10:00:00,21.95,22.12,21.94,22.0,336.0,1,0.0
2022-09-07 11:00:00,21.97,22.04,21.9,22.01,724.0,2,0.0
2022-09-07 12:00:00,22.02,22.03,21.92,21.98,224.0,3,0.0
2022-09-07 13:00:00,21.98,22.37,21.82,22.01,3952.0,1,0.0
2022-09-07 14:00:00,22.01,22.1,21.83,22.06,5450.0,1,0.0
2022-09-07 15:00:00,22.06,22.36,22.01,22.35,4065.0,1,0.0
2022-09-07 16:00:00,22.35,22.4,22.22,22.36,3599.0,1,0.0
2022-09-07 17:00:00,22.36,22.6,22.33,22.58,3466.0,1,0.0
2022-09-07 18:00:00,22.58,22.85,22.57,22.8,3174.0,1,0.0
2022-09-07 19:00:00,22.8,22.93,22.76,22.86,2415.0,1,0.0
2022-09-08 10:00:00,22.82,22.85,22.81,22.85,62.0,2,0.0
2022-09-08 11:00:00,22.85,22.88,22.75,22.76,418.0,1,0.0
2022-09-08 12:00:00,22.76,22.81,22.61,22.62,791.0,2,0.0
2022-09-08 13:00:00,22.65,22.73,22.13,22.53,4006.0,1,0.0
2022-09-08 14:00:00,22.53,22.78,22.33,22.78,5425.0,1,0.0
2022-09-08 15:00:00,22.78,22.87,22.62,22.64,3961.0,1,0.0
2022-09-08 16:00:00,22.64,22.65,22.26,22.49,4713.0,1,0.0
2022-09-08 17:00:00,22.49,22.74,22.42,22.64,3870.0,1,0.0
2022-09-08 18:00:00,22.64,22.68,22.51,22.54,3611.0,1,0.0
2022-09-08 19:00:00,22.54,22.67,22.47,22.59,3048.0,1,0.0
2022-09-09 10:00:00,22.95,23.01,22.94,23.0,148.0,6,0.0
2022-09-09 11:00:00,22.99,22.99,22.94,22.95,276.0,4,0.0
2022-09-09 12:00:00,22.96,23.05,22.94,23.0,192.0,4,0.0
2022-09-09 13:00:00,22.98,23.32,22.94,23.3,2317.0,2,0.0
2022-09-09 14:00:00,23.31,23.39,23.13,23.21,2835.0,1,0.0
2022-09-09 15:00:00,23.21,23.26,23.03,23.26,2573.0,1,0.0
2022-09-09 16:00:00,23.26,23.34,23.15,23.32,2158.0,1,0.0
2022-09-09 17:00:00,23.32,23.41,23.27,23.34,1666.0,1,0.0
2022-09-09 18:00:00,23.34,23.46,23.29,23.34,1736.0,1,0.0
2022-09-09 19:00:00,23.34,23.45,23.34,23.44,1266.0,1,0.0
2022-09-12 10:00:00,23.52,23.53,23.46,23.51,139.0,4,0.0
2022-09-12 11:00:00,23.51,23.52,23.47,23.51,272.0,2,0.0
2022-09-12 12:00:00,23.51,23.52,23.42,23.48,232.0,2,0.0
2022-09-12 13:00:00,23.47,23.94,23.32,23.86,3350.0,1,0.0
2022-09-12 14:00:00,23.86,23.88,23.37,23.43,4633.0,1,0.0
2022-09-12 15:00:00,23.44,23.57,23.36,23.47,3465.0,1,0.0
2022-09-12 16:00:00,23.47,23.75,23.44,23.73,3056.0,1,0.0
2022-09-12 17:00:00,23.73,23.78,23.64,23.7,2319.0,1,0.0
2022-09-12 18:00:00,23.7,23.71,23.54,23.57,2386.0,1,0.0
2022-09-12 19:00:00,23.58,23.69,23.54,23.68,1683.0,1,0.0
2022-09-13 10:00:00,23.72,23.75,23.7,23.74,138.0,1,0.0
2022-09-13 11:00:00,23.73,23.78,23.72,23.77,334.0,1,0.0
2022-09-13 12:00:00,23.77,23.85,22.73,22.8,1044.0,2,0.0
2022-09-13 13:00:00,22.79,22.81,22.4,22.64,2828.0,2,0.0
2022-09-13 14:00:00,22.64,22.67,22.2,22.25,4262.0,1,0.0
2022-09-13 15:00:00,22.26,22.32,22.1,22.16,3555.0,1,0.0
2022-09-13 16:00:00,22.16,22.31,22.1,22.28,2885.0,1,0.0
2022-09-13 17:00:00,22.27,22.42,22.24,22.28,2450.0,1,0.0
2022-09-13 18:00:00,22.28,22.33,22.07,22.12,2333.0,1,0.0
2022-09-13 19:00:00,22.13,22.14,21.78,21.82,2369.0,1,0.0
2022-09-14 10:00:00,21.89,21.95,21.89,21.91,537.0,2,0.0
2022-09-14 11:00:00,21.9,21.92,21.71,21.75,412.0,2,0.0
2022-09-14 12:00:00,21.75,22.02,21.74,21.9,718.0,2,0.0
2022-09-14 13:00:00,21.89,21.99,21.6,21.76,2275.0,2,0.0
2022-09-14 14:00:00,21.76,21.89,21.58,21.84,4027.0,1,0.0
2022-09-14 15:00:00,21.84,22.03,21.74,21.98,2847.0,1,0.0
2022-09-14 16:00:00,21.99,22.1,21.88,22.06,2356.0,1,0.0
2022-09-14 17:00:00,22.06,22.76,22.02,22.1,4018.0,1,0.0
2022-09-14 18:00:00,22.1,22.29,22.05,22.18,2483.0,1,0.0
2022-09-14 19:00:00,22.18,22.32,22.1,22.28,2280.0,1,0.0
2022-09-15 10:00:00,22.9,23.09,22.8,22.89,514.0,6,0.0
2022-09-15 11:00:00,22.9,22.97,22.84,22.92,262.0,4,0.0
2022-09-15 12:00:00,22.92,23.05,22.79,23.03,621.0,4,0.0
2022-09-15 13:00:00,23.02,23.82,22.9,23.56,4873.0,1,0.0
2022-09-15 14:00:00,23.56,23.73,23.11,23.12,6507.0,1,0.0
2022-09-15 15:00:00,23.12,23.67,23.07,23.54,5325.0,1,0.0
2022-09-15 16:00:00,23.54,24.11,23.5,24.03,5178.0,1,0.0
2022-09-15 17:00:00,24.03,24.22,24.0,24.11,4387.0,1,0.0
2022-09-15 18:00:00,24.11,24.11,23.81,23.85,4204.0,1,0.0
2022-09-15 19:00:00,23.85,23.88,23.42,23.49,4603.0,1,0.0
2022-09-16 10:00:00,23.13,23.22,23.08,23.2,259.0,6,0.0
2022-09-16 11:00:00,23.18,23.31,23.14,23.28,408.0,4,0.0
2022-09-16 12:00:00,23.28,23.28,23.05,23.06,540.0,4,0.0
2022-09-16 13:00:00,23.06,23.18,22.78,22.95,4954.0,1,0.0
2022-09-16 14:00:00,22.95,23.33,22.94,22.99,10348.0,1,0.0
2022-09-16 15:00:00,22.98,23.29,22.98,23.27,7666.0,1,0.0
2022-09-16 16:00:00,23.28,24.03,23.23,24.01,8754.0,1,0.0
2022-09-16 17:00:00,24.0,24.07,23.7,23.88,8816.0,1,0.0
2022-09-16 18:00:00,23.88,23.97,23.74,23.93,7453.0,1,0.0
2022-09-16 19:00:00,23.93,24.13,23.91,24.09,7350.0,1,0.0
2022-09-19 10:00:00,23.68,24.34,23.66,24.24,334.0,6,0.0
2022-09-19 11:00:00,24.24,24.45,24.22,24.4,530.0,4,0.0
2022-09-19 12:00:00,24.41,24.77,24.34,24.62,949.0,4,0.0
2022-09-19 13:00:00,24.62,24.71,23.79,24.04,5453.0,1,0.0
2022-09-19 14:00:00,24.04,24.23,23.79,24.23,7147.0,1,0.0
2022-09-19 15:00:00,24.24,24.31,23.6,23.65,5912.0,1,0.0
2022-09-19 16:00:00,23.65,23.84,23.57,23.82,4513.0,1,0.0
2022-09-19 17:00:00,23.82,23.87,23.72,23.81,3187.0,1,0.0
2022-09-19 18:00:00,23.81,24.04,23.81,24.01,3773.0,1,0.0
2022-09-19 19:00:00,24.0,24.23,23.98,24.2,2932.0,1,0.0
2022-09-20 10:00:00,24.11,24.16,24.1,24.16,138.0,4,0.0
2022-09-20 11:00:00,24.15,24.23,24.15,24.17,307.0,3,0.0
2022-09-20 12:00:00,24.17,24.18,24.02,24.1,283.0,3,0.0
2022-09-20 13:00:00,24.11,24.69,23.95,24.4,3491.0,2,0.0
2022-09-20 14:00:00,24.41,24.74,24.27,24.46,5032.0,2,0.0
2022-09-20 15:00:00,24.46,24.88,24.31,24.87,3622.0,1,0.0
2022-09-20 16:00:00,24.88,25.04,24.76,24.97,3458.0,1,0.0
2022-09-20 17:00:00,24.97,24.97,24.35,24.36,3089.0,1,0.0
2022-09-20 18:00:00,24.36,24.49,24.23,24.36,3009.0,1,0.0
2022-09-20 19:00:00,24.36,24.47,24.32,24.38,2648.0,1,0.0
2022-09-21 10:00:00,24.26,24.29,24.24,24.28,485.0,2,0.0
2022-09-21 11:00:00,24.29,24.36,24.28,24.33,640.0,2,0.0
2022-09-21 12:00:00,24.33,24.42,24.29,24.36,272.0,3,0.0
2022-09-21 13:00:00,24.37,24.41,24.06,24.25,1732.0,3,0.0
2022-09-21 14:00:00,24.25,24.29,24.08,24.18,2842.0,2,0.0
2022-09-21 15:00:00,24.17,24.32,24.15,24.21,2005.0,1,0.0
2022-09-21 16:00:00,24.21,24.36,24.17,24.28,1662.0,1,0.0
2022-09-21 17:00:00,24.27,24.5,24.23,24.48,1799.0,1,0.0
2022-09-21 18:00:00,24.48,24.8,23.76,24.63,5142.0,2,0.0
2022-09-21 19:00:00,24.65,24.71,23.8,23.8,3875.0,1,0.0
2022-09-22 10:00:00,23.6,23.7,23.6,23.68,339.0,3,0.0
2022-09-22 11:00:00,23.68,23.71,23.49,23.64,727.0,3,0.0
2022-09-22 12:00:00,23.64,23.78,23.59,23.72,388.0,4,0.0
2022-09-22 13:00:00,23.73,23.73,23.18,23.36,3984.0,1,0.0
2022-09-22 14:00:00,23.35,23.67,23.26,23.55,5364.0,1,0.0
2022-09-22 15:00:00,23.55,23.98,23.54,23.83,4770.0,1,0.0
2022-09-22 16:00:00,23.82,24.0,23.66,23.78,4782.0,1,0.0
2022-09-22 17:00:00,23.78,23.81,23.59,23.77,3477.0,1,0.0
2022-09-22 18:00:00,23.77,23.8,23.55,23.73,3303.0,1,0.0
2022-09-22 19:00:00,23.73,23.89,23.73,23.85,3415.0,1,0.0
2022-09-23 10:00:00,23.43,23.55,23.32,23.32,839.0,6,0.0
2022-09-23 11:00:00,23.32,23.38,23.11,23.17,537.0,4,0.0
2022-09-23 12:00:00,23.18,23.29,23.16,23.22,338.0,4,0.0
2022-09-23 13:00:00,23.21,23.6,23.05,23.08,4000.0,1,0.0
2022-09-23 14:00:00,23.07,23.11,22.89,23.03,5449.0,1,0.0
2022-09-23 15:00:00,23.03,23.24,22.93,23.04,4754.0,1,0.0
2022-09-23 16:00:00,23.04,23.08,22.85,23.03,3710.0,1,0.0
2022-09-23 17:00:00,23.03,23.03,22.84,22.86,3680.0,1,0.0
2022-09-23 18:00:00,22.86,22.9,22.14,22.19,4805.0,1,0.0
2022-09-23 19:00:00,22.18,22.63,22.18,22.62,4611.0,1,0.0
2022-09-26 10:00:00,22.43,22.48,22.41,22.45,278.0,4,0.0
2022-09-26 11:00:00,22.46,22.46,22.34,22.41,1293.0,3,0.0
2022-09-26 12:00:00,22.41,22.61,22.3,22.59,878.0,6,0.0
2022-09-26 13:00:00,22.59,23.17,22.42,23.13,3330.0,2,0.0
2022-09-26 14:00:00,23.13,23.26,22.89,22.99,4261.0,2,0.0
2022-09-26 15:00:00,22.99,23.02,22.6,22.69,3155.0,1,0.0
2022-09-26 16:00:00,22.69,22.69,22.4,22.52,3101.0,1,0.0
2022-09-26 17:00:00,22.53,22.53,22.3,22.31,3055.0,1,0.0
2022-09-26 18:00:00,22.31,22.61,22.3,22.52,2750.0,1,0.0
2022-09-26 19:00:00,22.52,22.56,22.4,22.44,2601.0,1,0.0
2022-09-27 10:00:00,22.65,22.77,22.65,22.74,674.0,4,0.0
2022-09-27 11:00:00,22.75,22.84,22.69,22.8,592.0,3,0.0
2022-09-27 12:00:00,22.8,22.89,22.72,22.79,542.0,3,0.0
2022-09-27 13:00:00,22.76,23.06,22.53,22.67,3747.0,1,0.0
2022-09-27 14:00:00,22.67,22.87,22.47,22.85,5915.0,1,0.0
2022-09-27 15:00:00,22.84,22.86,22.46,22.47,4433.0,1,0.0
2022-09-27 16:00:00,22.47,22.47,22.13,22.32,3884.0,1,0.0
2022-09-27 17:00:00,22.32,22.34,22.07,22.14,3923.0,1,0.0
2022-09-27 18:00:00,22.15,22.39,22.09,22.32,3690.0,1,0.0
2022-09-27 19:00:00,22.32,22.38,22.21,22.28,3207.0,1,0.0
2022-09-28 10:00:00,22.27,22.63,22.27,22.57,1089.0,1,0.0
2022-09-28 11:00:00,22.56,22.66,22.45,22.56,941.0,3,0.0
2022-09-28 12:00:00,22.56,22.95,22.56,22.82,1024.0,3,0.0
2022-09-28 13:00:00,22.81,23.19,22.72,23.09,4932.0,1,0.0
2022-09-28 14:00:00,23.09,23.74,23.05,23.7,8293.0,1,0.0
2022-09-28 15:00:00,23.7,24.07,23.65,24.02,6209.0,1,0.0
2022-09-28 16:00:00,24.02,24.16,23.96,24.12,4537.0,1,0.0
2022-09-28 17:00:00,24.12,24.33,24.04,24.31,4017.0,1,0.0
2022-09-28 18:00:00,24.31,24.39,24.21,24.33,4042.0,1,0.0
2022-09-28 19:00:00,24.33,24.63,24.32,24.6,3385.0,1,0.0
2022-09-29 10:00:00,24.13,24.14,24.08,24.13,94.0,6,0.0
2022-09-29 11:00:00,24.14,24.32,24.14,24.24,830.0,4,0.0
2022-09-29 12:00:00,24.25,24.28,24.06,24.18,676.0,4,0.0
2022-09-29 13:00:00,24.18,24.44,23.91,24.37,5980.0,1,0.0
2022-09-29 14:00:00,24.37,24.68,23.92,24.57,10360.0,1,0.0
2022-09-29 15:00:00,24.57,24.66,24.09,24.35,8162.0,1,0.0
2022-09-29 16:00:00,24.35,24.42,24.0,24.05,5630.0,1,0.0
2022-09-29 17:00:00,24.06,24.07,23.63,23.63,5741.0,1,0.0
2022-09-29 18:00:00,23.63,23.77,23.57,23.57,5391.0,1,0.0
2022-09-29 19:00:00,23.58,23.96,23.57,23.92,4994.0,1,0.0
2022-09-30 10:00:00,24.08,24.13,24.02,24.04,683.0,3,0.0
2022-09-30 11:00:00,24.05,24.06,23.93,23.96,763.0,3,0.0
2022-09-30 12:00:00,23.96,24.11,23.8,24.02,1192.0,4,0.0
2022-09-30 13:00:00,24.02,24.02,23.32,23.62,5440.0,1,0.0
2022-09-30 14:00:00,23.63,23.88,23.41,23.8,6942.0,1,0.0
2022-09-30 15:00:00,23.81,24.24,23.76,23.88,5916.0,1,0.0
2022-09-30 16:00:00,23.88,24.11,23.73,24.02,4670.0,1,0.0
2022-09-30 17:00:00,24.02,24.19,23.89,23.95,4371.0,1,0.0
2022-09-30 18:00:00,23.95,24.11,23.84,23.86,3998.0,1,0.0
2022-09-30 19:00:00,23.86,23.99,23.6,23.68,3895.0,1,0.0
2022-10-03 10:00:00,23.49,23.59,23.47,23.54,431.0,4,0.0
2022-10-03 11:00:00,23.54,23.64,23.49,23.63,421.0,4,0.0
2022-10-03 12:00:00,23.63,23.85,23.62,23.76,1385.0,4,0.0
2022-10-03 13:00:00,23.75,24.01,23.32,23.37,3347.0,1,0.0
2022-10-03 14:00:00,23.38,23.65,23.28,23.54,7165.0,1,0.0
2022-10-03 15:00:00,23.54,23.84,23.46,23.56,4973.0,1,0.0
2022-10-03 16:00:00,23.56,23.88,23.56,23.77,3736.0,1,0.0
2022-10-03 17:00:00,23.77,23.93,23.68,23.82,2972.0,1,0.0
2022-10-03 18:00:00,23.83,24.12,23.81,24.08,3180.0,1,0.0
2022-10-03 19:00:00,24.08,24.15,24.02,24.03,2399.0,1,0.0
2022-10-04 10:00:00,24.34,24.44,24.34,24.37,412.0,4,0.0
2022-10-04 11:00:00,24.37,24.44,24.31,24.39,647.0,4,0.0
2022-10-04 12:00:00,24.39,24.4,24.31,24.35,232.0,4,0.0
2022-10-04 13:00:00,24.35,24.55,23.86,23.9,5092.0,1,0.0
2022-10-04 14:00:00,23.91,24.07,23.32,23.84,8386.0,1,0.0
2022-10-04 15:00:00,23.84,24.09,23.76,23.91,4954.0,1,0.0
2022-10-04 16:00:00,23.92,24.01,23.81,23.92,4471.0,1,0.0
2022-10-04 17:00:00,23.92,23.95,23.63,23.7,4033.0,1,0.0
2022-10-04 18:00:00,23.7,23.91,23.67,23.91,3212.0,1,0.0
2022-10-04 19:00:00,23.91,23.99,23.77,23.96,3041.0,1,0.0
2022-10-05 10:00:00,23.76,23.83,23.74,23.83,418.0,4,0.0
2022-10-05 11:00:00,23.83,23.91,23.79,23.79,518.0,4,0.0
2022-10-05 12:00:00,23.8,23.87,23.74,23.74,511.0,3,0.0
2022-10-05 13:00:00,23.74,24.15,23.63,23.71,5541.0,1,0.0
2022-10-05 14:00:00,23.71,23.71,22.75,22.83,10093.0,1,0.0
2022-10-05 15:00:00,22.83,23.02,22.74,22.88,5511.0,1,0.0
2022-10-05 16:00:00,22.88,23.33,22.86,23.25,5333.0,1,0.0
2022-10-05 17:00:00,23.25,23.44,23.23,23.34,4266.0,1,0.0
2022-10-05 18:00:00,23.34,23.66,23.31,23.65,3997.0,1,0.0
2022-10-05 19:00:00,23.65,23.95,23.65,23.94,3546.0,1,0.0
2022-10-06 10:00:00,23.41,23.48,23.38,23.46,381.0,4,0.0
2022-10-06 11:00:00,23.48,23.57,23.46,23.55,332.0,4,0.0
2022-10-06 12:00:00,23.55,23.75,23.49,23.58,609.0,3,0.0
2022-10-06 13:00:00,23.56,24.03,23.45,23.88,4925.0,1,0.0
2022-10-06 14:00:00,23.88,23.89,23.39,23.88,8005.0,1,0.0
2022-10-06 15:00:00,23.87,23.95,23.7,23.73,5787.0,1,0.0
2022-10-06 16:00:00,23.73,23.96,23.66,23.92,4385.0,1,0.0
2022-10-06 17:00:00,23.93,24.29,23.83,24.29,4178.0,1,0.0
2022-10-06 18:00:00,24.29,24.42,24.04,24.08,5530.0,1,0.0
2022-10-06 19:00:00,24.08,24.14,23.98,24.07,3739.0,1,0.0
2022-10-07 10:00:00,23.99,24.08,23.87,23.99,496.0,2,0.0
2022-10-07 11:00:00,24.0,24.14,23.97,24.03,883.0,4,0.0
2022-10-07 12:00:00,24.03,24.15,23.45,23.68,858.0,4,0.0
2022-10-07 13:00:00,23.67,23.73,23.11,23.17,5102.0,1,0.0
2022-10-07 14:00:00,23.17,23.47,23.12,23.4,7330.0,1,0.0
2022-10-07 15:00:00,23.4,23.46,23.16,23.18,4593.0,1,0.0
2022-10-07 16:00:00,23.18,23.2,22.88,22.96,3917.0,1,0.0
2022-10-07 17:00:00,22.96,23.04,22.85,22.86,3602.0,1,0.0
2022-10-07 18:00:00,22.86,22.89,22.57,22.66,4177.0,1,0.0
2022-10-07 19:00:00,22.66,22.76,22.45,22.56,2946.0,1,0.0
2022-10-10 10:00:00,22.41,22.42,22.34,22.34,326.0,3,0.0
2022-10-10 11:00:00,22.34,22.49,22.34,22.46,357.0,3,0.0
2022-10-10 12:00:00,22.46,22.63,22.4,22.61,750.0,3,0.0
2022-10-10 13:00:00,22.61,23.38,22.43,22.96,6273.0,1,0.0
2022-10-10 14:00:00,22.96,23.2,22.63,22.71,9729.0,1,0.0
2022-10-10 15:00:00,22.7,22.98,22.64,22.92,6945.0,1,0.0
2022-10-10 16:00:00,22.93,22.93,22.64,22.66,5458.0,1,0.0
2022-10-10 17:00:00,22.66,23.18,22.6,23.15,6016.0,1,0.0
2022-10-10 18:00:00,23.15,23.16,22.92,22.96,5626.0,1,0.0
2022-10-10 19:00:00,22.97,23.11,22.9,23.05,4580.0,1,0.0
2022-10-11 10:00:00,22.69,22.8,22.64,22.77,702.0,4,0.0
2022-10-11 11:00:00,22.77,22.86,22.75,22.85,533.0,4,0.0
2022-10-11 12:00:00,22.85,23.03,22.84,22.93,365.0,4,0.0
2022-10-11 13:00:00,22.92,23.02,22.02,22.06,5929.0,1,0.0
2022-10-11 14:00:00,22.06,22.08,21.37,21.6,10714.0,1,0.0
2022-10-11 15:00:00,21.6,22.02,21.57,21.92,7748.0,1,0.0
2022-10-11 16:00:00,21.92,22.31,21.71,22.13,6358.0,1,0.0
2022-10-11 17:00:00,22.13,22.19,21.99,22.06,6240.0,1,0.0
2022-10-11 18:00:00,22.06,22.09,21.49,21.53,6026.0,1,0.0
2022-10-11 19:00:00,21.53,21.6,21.37,21.44,5913.0,1,0.0
2022-10-12 10:00:00,21.68,21.68,21.62,21.64,435.0,4,0.0
2022-10-12 11:00:00,21.64,21.71,21.61,21.66,680.0,3,0.0
2022-10-12 12:00:00,21.65,21.69,21.42,21.51,914.0,4,0.0
2022-10-12 13:00:00,21.52,22.24,21.26,21.71,6325.0,1,0.0
2022-10-12 14:00:00,21.71,21.83,21.46,21.58,7378.0,1,0.0
2022-10-12 15:00:00,21.58,22.13,21.58,22.05,6660.0,1,0.0
2022-10-12 16:00:00,22.05,22.36,22.0,22.32,5360.0,1,0.0
2022-10-12 17:00:00,22.32,22.34,21.95,22.02,3435.0,1,0.0
2022-10-12 18:00:00,22.02,22.25,21.98,22.04,6246.0,1,0.0
2022-10-12 19:00:00,22.04,22.13,21.97,22.05,2809.0,1,0.0
2022-10-13 10:00:00,22.11,22.14,22.03,22.12,362.0,3,0.0
2022-10-13 11:00:00,22.12,22.24,22.11,22.22,451.0,3,0.0
2022-10-13 12:00:00,22.22,22.28,21.12,21.33,1160.0,4,0.0
2022-10-13 13:00:00,21.33,21.66,21.16,21.52,5894.0,1,0.0
2022-10-13 14:00:00,21.51,21.8,21.42,21.66,10027.0,1,0.0
2022-10-13 15:00:00,21.66,22.57,21.59,22.34,11328.0,1,0.0
2022-10-13 16:00:00,22.35,22.44,22.07,22.22,6674.0,1,0.0
2022-10-13 17:00:00,22.22,23.04,22.22,23.01,8728.0,1,0.0
2022-10-13 18:00:00,23.01,23.26,22.92,23.24,7012.0,1,0.0
2022-10-13 19:00:00,23.23,23.41,23.12,23.22,4598.0,1,0.0
2022-10-14 10:00:00,23.09,23.49,23.07,23.47,1059.0,4,0.0
2022-10-14 11:00:00,23.48,23.63,23.3,23.43,656.0,4,0.0
2022-10-14 12:00:00,23.42,23.82,23.41,23.78,883.0,4,0.0
2022-10-14 13:00:00,23.76,23.85,23.15,23.57,7967.0,1,0.0
2022-10-14 14:00:00,23.57,23.58,23.02,23.37,11880.0,1,0.0
2022-10-14 15:00:00,23.37,23.6,23.22,23.29,8975.0,1,0.0
2022-10-14 16:00:00,23.29,23.31,22.97,23.2,7943.0,1,0.0
2022-10-14 17:00:00,23.2,23.37,23.12,23.36,4727.0,1,0.0
2022-10-14 18:00:00,23.36,23.36,23.03,23.12,5051.0,1,0.0
2022-10-14 19:00:00,23.12,23.18,23.05,23.12,3722.0,1,0.0
2022-10-17 10:00:00,23.28,23.41,23.28,23.34,429.0,4,0.0
2022-10-17 11:00:00,23.34,23.37,23.25,23.33,565.0,3,0.0
2022-10-17 12:00:00,23.31,23.45,23.24,23.4,1011.0,4,0.0
2022-10-17 13:00:00,23.39,24.06,23.38,24.02,4459.0,1,0.0
2022-10-17 14:00:00,24.03,24.64,23.98,24.19,7157.0,1,0.0
2022-10-17 15:00:00,24.19,24.69,24.07,24.58,4335.0,1,0.0
2022-10-17 16:00:00,24.58,24.63,24.33,24.49,3326.0,1,0.0
2022-10-17 17:00:00,24.49,24.81,24.46,24.76,3798.0,1,0.0
2022-10-17 18:00:00,24.76,24.98,24.66,24.79,4945.0,1,0.0
2022-10-17 19:00:00,24.79,24.84,24.5,24.61,3311.0,1,0.0
2022-10-18 10:00:00,24.83,24.94,24.8,24.83,533.0,4,0.0
2022-10-18 11:00:00,24.84,25.05,24.83,24.94,472.0,4,0.0
2022-10-18 12:00:00,24.93,25.14,24.93,25.06,641.0,4,0.0
2022-10-18 13:00:00,25.05,25.06,24.35,24.64,3718.0,3,0.0
2022-10-18 14:00:00,24.65,24.9,24.2,24.37,4594.0,2,0.0
2022-10-18 15:00:00,24.36,24.45,23.77,24.07,3998.0,2,0.0
2022-10-18 16:00:00,24.07,24.24,23.91,24.05,3321.0,1,0.0
2022-10-18 17:00:00,24.06,24.27,23.91,24.27,2766.0,1,0.0
2022-10-18 18:00:00,24.27,24.39,23.98,24.14,3494.0,1,0.0
2022-10-18 19:00:00,24.14,24.16,23.96,24.09,3028.0,1,0.0
2022-10-19 10:00:00,27.44,27.5,27.12,27.19,681.0,6,0.0
2022-10-19 11:00:00,27.19,27.38,26.94,27.13,1492.0,4,0.0
2022-10-19 12:00:00,27.13,27.23,26.59,26.66,2273.0,4,0.0
2022-10-19 13:00:00,26.67,27.74,26.25,27.4,9768.0,3,0.0
2022-10-19 14:00:00,27.4,27.92,27.23,27.54,9108.0,2,0.0
2022-10-19 15:00:00,27.54,27.84,27.35,27.36,5172.0,2,0.0
2022-10-19 16:00:00,27.36,27.54,27.24,27.4,3803.0,2,0.0
2022-10-19 17:00:00,27.4,27.44,27.13,27.18,3683.0,2,0.0
2022-10-19 18:00:00,27.18,27.26,26.81,26.91,4103.0,2,0.0
2022-10-19 19:00:00,26.91,27.18,26.91,26.95,3126.0,1,0.0
2022-10-20 10:00:00,27.02,27.23,27.01,27.15,251.0,3,0.0
2022-10-20 11:00:00,27.15,27.29,27.12,27.22,784.0,4,0.0
2022-10-20 12:00:00,27.22,27.33,27.03,27.05,542.0,4,0.0
2022-10-20 13:00:00,27.05,27.59,26.87,26.9,4851.0,3,0.0
2022-10-20 14:00:00,26.89,27.59,26.83,27.55,4971.0,2,0.0
2022-10-20 15:00:00,27.55,27.82,27.47,27.54,4154.0,2,0.0
2022-10-20 16:00:00,27.54,27.55,27.12,27.15,3324.0,2,0.0
2022-10-20 17:00:00,27.15,27.15,26.89,26.94,3317.0,2,0.0
2022-10-20 18:00:00,26.94,26.98,26.68,26.87,3060.0,2,0.0
2022-10-20 19:00:00,26.87,26.94,26.63,26.81,2213.0,2,0.0
2022-10-21 10:00:00,26.61,26.65,26.57,26.6,247.0,4,0.0
2022-10-21 11:00:00,26.61,26.73,26.59,26.59,585.0,3,0.0
2022-10-21 12:00:00,26.59,26.61,26.32,26.4,548.0,4,0.0
2022-10-21 13:00:00,26.42,27.48,26.41,27.38,4772.0,2,0.0
2022-10-21 14:00:00,27.39,27.79,27.38,27.53,5775.0,2,0.0
2022-10-21 15:00:00,27.53,28.19,27.39,28.11,5385.0,2,0.0
2022-10-21 16:00:00,28.11,28.44,28.05,28.17,4779.0,2,0.0
2022-10-21 17:00:00,28.17,28.85,28.17,28.73,4315.0,1,0.0
2022-10-21 18:00:00,28.73,29.06,28.67,28.94,4171.0,1,0.0
2022-10-21 19:00:00,28.94,29.01,28.76,28.81,2967.0,1,0.0
2022-10-24 10:00:00,28.9,28.95,28.8,28.88,236.0,4,0.0
2022-10-24 11:00:00,28.89,29.18,28.89,29.11,598.0,4,0.0
2022-10-24 12:00:00,29.11,29.23,28.99,29.12,589.0,4,0.0
2022-10-24 13:00:00,29.12,29.16,28.39,28.54,3444.0,3,0.0
2022-10-24 14:00:00,28.54,28.55,28.04,28.31,5129.0,2,0.0
2022-10-24 15:00:00,28.31,28.45,28.14,28.42,3402.0,2,0.0
2022-10-24 16:00:00,28.43,28.66,28.34,28.55,2787.0,2,0.0
2022-10-24 17:00:00,28.55,28.6,28.24,28.28,2293.0,1,0.0
2022-10-24 18:00:00,28.28,28.53,28.27,28.51,1771.0,1,0.0
2022-10-24 19:00:00,28.51,28.59,28.37,28.38,1873.0,1,0.0
2022-10-25 10:00:00,28.44,28.56,28.44,28.56,235.0,3,0.0
2022-10-25 11:00:00,28.55,28.57,28.4,28.4,442.0,3,0.0
2022-10-25 12:00:00,28.4,28.45,28.34,28.4,520.0,4,0.0
2022-10-25 13:00:00,28.4,29.53,28.4,29.29,4217.0,2,0.0
2022-10-25 14:00:00,29.29,29.75,29.22,29.33,5266.0,2,0.0
2022-10-25 15:00:00,29.33,29.49,29.17,29.25,3178.0,1,0.0
2022-10-25 16:00:00,29.25,29.36,29.15,29.16,2003.0,2,0.0
2022-10-25 17:00:00,29.16,29.25,28.92,29.14,2577.0,2,0.0
2022-10-25 18:00:00,29.14,29.32,29.06,29.15,2329.0,1,0.0
2022-10-25 19:00:00,29.15,29.37,29.15,29.3,2194.0,1,0.0
2022-10-26 10:00:00,28.86,29.0,28.86,28.99,569.0,4,0.0
2022-10-26 11:00:00,28.99,29.07,28.93,29.01,289.0,4,0.0
2022-10-26 12:00:00,29.02,29.06,28.89,28.98,413.0,4,0.0
2022-10-26 13:00:00,28.99,29.63,28.8,29.42,3870.0,3,0.0
2022-10-26 14:00:00,29.45,30.27,29.44,30.1,6157.0,2,0.0
2022-10-26 15:00:00,30.1,30.55,30.1,30.33,4302.0,1,0.0
2022-10-26 16:00:00,30.33,30.43,29.96,30.08,3458.0,2,0.0
2022-10-26 17:00:00,30.08,30.25,29.94,30.2,3665.0,2,0.0
2022-10-26 18:00:00,30.2,30.38,29.92,30.04,2997.0,1,0.0
2022-10-26 19:00:00,30.05,30.05,29.73,29.91,2668.0,1,0.0
2022-10-27 10:00:00,29.77,29.84,29.71,29.74,339.0,4,0.0
2022-10-27 11:00:00,29.76,29.91,29.76,29.84,732.0,4,0.0
2022-10-27 12:00:00,29.87,29.96,29.8,29.92,819.0,4,0.0
2022-10-27 13:00:00,29.93,30.19,29.47,29.72,3802.0,2,0.0
2022-10-27 14:00:00,29.72,30.51,29.69,29.88,6011.0,2,0.0
2022-10-27 15:00:00,29.88,30.38,29.85,30.14,4637.0,2,0.0
2022-10-27 16:00:00,30.15,30.28,29.75,29.87,3254.0,1,0.0
2022-10-27 17:00:00,29.87,30.05,29.74,29.95,2319.0,1,0.0
2022-10-27 18:00:00,29.95,30.33,29.82,30.16,2719.0,1,0.0
2022-10-27 19:00:00,30.15,30.22,29.99,30.03,2407.0,1,0.0
2022-10-28 10:00:00,29.56,29.62,29.56,29.6,216.0,6,0.0
2022-10-28 11:00:00,29.61,29.76,29.59,29.74,393.0,4,0.0
2022-10-28 12:00:00,29.74,29.81,29.53,29.63,383.0,4,0.0
2022-10-28 13:00:00,29.63,30.1,29.43,29.47,3216.0,2,0.0
2022-10-28 14:00:00,29.48,29.83,29.22,29.69,4759.0,2,0.0
2022-10-28 15:00:00,29.69,29.73,29.39,29.42,3371.0,2,0.0
2022-10-28 16:00:00,29.42,29.57,29.31,29.37,2507.0,2,0.0
2022-10-28 17:00:00,29.37,29.52,29.34,29.46,1967.0,1,0.0
2022-10-28 18:00:00,29.46,29.61,29.43,29.54,1856.0,1,0.0
2022-10-28 19:00:00,29.54,29.55,29.42,29.48,1626.0,1,0.0
2022-10-31 10:00:00,29.31,29.36,29.3,29.35,212.0,4,0.0
2022-10-31 11:00:00,29.34,29.61,29.34,29.54,672.0,4,0.0
2022-10-31 12:00:00,29.54,29.54,29.38,29.5,369.0,4,0.0
2022-10-31 13:00:00,29.5,29.73,29.32,29.41,2300.0,3,0.0
2022-10-31 14:00:00,29.41,29.56,28.94,29.0,3388.0,2,0.0
2022-10-31 15:00:00,29.0,29.24,28.94,29.09,2422.0,2,0.0
2022-10-31 16:00:00,29.09,29.37,28.95,29.02,2187.0,2,0.0
2022-10-31 17:00:00,29.02,29.19,28.96,29.12,1791.0,1,0.0
2022-10-31 18:00:00,29.12,29.32,29.04,29.18,1766.0,2,0.0
2022-10-31 19:00:00,29.18,29.27,29.03,29.24,1428.0,1,0.0
2022-11-01 10:00:00,29.43,29.48,29.41,29.46,64.0,4,0.0
2022-11-01 11:00:00,29.46,29.7,29.45,29.62,275.0,4,0.0
2022-11-01 12:00:00,29.63,29.74,29.52,29.53,703.0,4,0.0
2022-11-01 13:00:00,29.53,29.95,29.36,29.45,3302.0,2,0.0
2022-11-01 14:00:00,29.46,29.49,28.88,28.93,4474.0,2,0.0
2022-11-01 15:00:00,28.92,29.13,28.88,29.02,3219.0,2,0.0
2022-11-01 16:00:00,29.02,29.14,28.67,28.77,2930.0,1,0.0
2022-11-01 17:00:00,28.77,28.95,28.74,28.8,2458.0,1,0.0
2022-11-01 18:00:00,28.8,28.84,28.71,28.83,2124.0,1,0.0
2022-11-01 19:00:00,28.83,28.84,28.64,28.7,2047.0,1,0.0
2022-11-02 10:00:00,28.68,28.7,28.66,28.69,152.0,1,0.0
2022-11-02 11:00:00,28.69,28.72,28.63,28.72,840.0,2,0.0
2022-11-02 12:00:00,28.72,28.76,28.65,28.71,512.0,3,0.0
2022-11-02 13:00:00,28.71,28.85,28.08,28.15,2567.0,2,0.0
2022-11-02 14:00:00,28.15,28.39,28.15,28.17,2866.0,2,0.0
2022-11-02 15:00:00,28.17,28.2,27.89,28.11,2496.0,1,0.0
2022-11-02 16:00:00,28.11,28.14,27.77,28.01,2327.0,1,0.0
2022-11-02 17:00:00,28.01,28.12,27.86,28.09,2124.0,1,0.0
2022-11-02 18:00:00,28.09,28.7,27.72,27.95,6278.0,2,0.0
2022-11-02 19:00:00,27.94,28.16,27.32,27.46,4307.0,1,0.0
2022-11-03 10:00:00,27.12,27.12,26.96,27.03,439.0,4,0.0
2022-11-03 11:00:00,27.03,27.05,26.89,26.97,850.0,4,0.0
2022-11-03 12:00:00,26.97,27.01,26.88,26.92,340.0,4,0.0
2022-11-03 13:00:00,26.9,27.47,26.87,27.12,2842.0,2,0.0
2022-11-03 14:00:00,27.12,27.61,27.03,27.5,4605.0,2,0.0
2022-11-03 15:00:00,27.51,27.62,27.18,27.23,3256.0,1,0.0
2022-11-03 16:00:00,27.24,27.47,27.18,27.45,2537.0,1,0.0
2022-11-03 17:00:00,27.45,27.48,27.27,27.33,2281.0,1,0.0
2022-11-03 18:00:00,27.33,27.4,27.21,27.26,1883.0,1,0.0
2022-11-03 19:00:00,27.26,27.26,27.1,27.1,2208.0,1,0.0
2022-11-04 10:00:00,27.15,27.16,27.05,27.13,438.0,3,0.0
2022-11-04 11:00:00,27.11,27.15,27.04,27.09,721.0,4,0.0
2022-11-04 12:00:00,27.07,27.24,26.72,27.2,1938.0,4,0.0
2022-11-04 13:00:00,27.2,27.46,26.24,26.48,4007.0,2,0.0
2022-11-04 14:00:00,26.48,26.91,26.26,26.5,4439.0,2,0.0
2022-11-04 15:00:00,26.5,26.57,25.86,25.86,4052.0,1,0.0
2022-11-04 16:00:00,25.86,26.15,25.78,25.83,3388.0,1,0.0
2022-11-04 17:00:00,25.83,25.96,25.55,25.59,3543.0,1,0.0
2022-11-04 18:00:00,25.59,25.93,25.53,25.89,3409.0,1,0.0
2022-11-04 19:00:00,25.89,26.08,25.83,26.03,3068.0,1,0.0
2022-11-07 11:00:00,26.18,26.26,26.18,26.21,143.0,4,0.0
2022-11-07 12:00:00,26.21,26.26,26.18,26.21,406.0,3,0.0
2022-11-07 13:00:00,26.2,26.22,26.03,26.15,971.0,3,0.0
2022-11-07 14:00:00,26.15,26.19,25.28,25.33,2931.0,2,0.0
2022-11-07 15:00:00,25.33,25.68,25.21,25.68,4142.0,2,0.0
2022-11-07 16:00:00,25.68,25.8,25.41,25.41,2731.0,1,0.0
2022-11-07 17:00:00,25.41,25.55,25.34,25.41,1837.0,1,0.0
2022-11-07 18:00:00,25.41,25.6,25.41,25.55,1733.0,1,0.0
2022-11-07 19:00:00,25.55,25.83,25.55,25.69,2020.0,1,0.0
2022-11-07 20:00:00,25.69,25.94,25.69,25.9,1732.0,1,0.0
2022-11-08 11:00:00,26.02,26.05,25.91,25.93,215.0,4,0.0
2022-11-08 12:00:00,25.93,25.94,25.87,25.9,288.0,4,0.0
2022-11-08 13:00:00,25.91,25.91,25.84,25.9,292.0,4,0.0
2022-11-08 14:00:00,25.88,26.21,25.81,25.97,2955.0,2,0.0
2022-11-08 15:00:00,25.97,26.25,25.69,26.15,3361.0,1,0.0
2022-11-08 16:00:00,26.14,26.45,26.1,26.35,2703.0,1,0.0
2022-11-08 17:00:00,26.35,26.55,26.31,26.47,2860.0,1,0.0
2022-11-08 18:00:00,26.47,26.6,26.15,26.3,3765.0,1,0.0
2022-11-08 19:00:00,26.31,26.34,25.9,26.16,4035.0,1,0.0
2022-11-08 20:00:00,26.17,26.56,26.14,26.45,2743.0,1,0.0
2022-11-09 11:00:00,26.49,26.51,26.35,26.49,521.0,1,0.0
2022-11-09 12:00:00,26.48,26.62,26.42,26.59,407.0,4,0.0
2022-11-09 13:00:00,26.59,26.63,26.11,26.16,914.0,4,0.0
2022-11-09 14:00:00,26.17,26.32,25.58,25.71,3466.0,2,0.0
2022-11-09 15:00:00,25.7,26.0,25.58,25.62,3917.0,2,0.0
2022-11-09 16:00:00,25.62,25.84,25.57,25.7,2739.0,1,0.0
2022-11-09 17:00:00,25.7,25.84,25.61,25.8,2390.0,1,0.0
2022-11-09 18:00:00,25.8,25.86,25.57,25.64,2296.0,1,0.0
2022-11-09 19:00:00,25.63,25.72,25.52,25.57,2366.0,1,0.0
2022-11-09 20:00:00,25.57,25.69,25.51,25.53,1787.0,1,0.0
2022-11-10 11:00:00,25.55,25.61,25.51,25.55,913.0,4,0.0
2022-11-10 12:00:00,25.56,25.58,25.43,25.54,544.0,3,0.0
2022-11-10 13:00:00,25.53,26.54,25.29,26.5,1357.0,4,0.0
2022-11-10 14:00:00,26.5,26.82,26.0,26.73,4809.0,1,0.0
2022-11-10 15:00:00,26.73,27.02,26.48,26.83,6260.0,1,0.0
2022-11-10 16:00:00,26.82,27.17,26.74,27.17,3969.0,1,0.0
2022-11-10 17:00:00,27.17,27.17,26.84,26.95,3997.0,1,0.0
2022-11-10 18:00:00,26.95,27.16,26.89,27.15,3929.0,1,0.0
2022-11-10 19:00:00,27.15,27.27,27.1,27.24,3115.0,1,0.0
2022-11-10 20:00:00,27.24,27.42,27.21,27.39,2223.0,1,0.0
2022-11-11 11:00:00,27.68,27.72,27.67,27.72,59.0,6,0.0
2022-11-11 12:00:00,27.71,27.75,27.54,27.59,205.0,4,0.0
2022-11-11 13:00:00,27.58,27.68,27.54,27.62,278.0,4,0.0
2022-11-11 14:00:00,27.59,28.0,27.14,27.82,4524.0,1,0.0
2022-11-11 15:00:00,27.81,28.35,27.69,28.34,7185.0,1,0.0
2022-11-11 16:00:00,28.34,28.48,28.14,28.45,4925.0,1,0.0
2022-11-11 17:00:00,28.45,28.64,28.31,28.64,4274.0,1,0.0
2022-11-11 18:00:00,28.64,28.84,28.64,28.83,3418.0,1,0.0
2022-11-11 19:00:00,28.83,28.98,28.75,28.89,3668.0,1,0.0
2022-11-11 20:00:00,28.89,28.95,28.63,28.93,3283.0,1,0.0
2022-11-14 11:00:00,28.69,28.76,28.69,28.74,163.0,4,0.0
2022-11-14 12:00:00,28.76,28.94,28.75,28.92,182.0,4,0.0
2022-11-14 13:00:00,28.9,29.05,28.8,28.81,1258.0,4,0.0
2022-11-14 14:00:00,28.82,29.64,28.79,29.57,4311.0,2,0.0
2022-11-14 15:00:00,29.58,30.33,29.56,30.21,6853.0,1,0.0
2022-11-14 16:00:00,30.21,30.28,29.72,30.23,5496.0,1,0.0
2022-11-14 17:00:00,30.23,30.45,30.11,30.31,4632.0,1,0.0
2022-11-14 18:00:00,30.31,31.01,30.27,30.93,4380.0,1,0.0
2022-11-14 19:00:00,30.93,31.09,30.71,30.72,4294.0,1,0.0
2022-11-14 20:00:00,30.73,30.8,30.16,30.21,3730.0,1,0.0
2022-11-15 11:00:00,30.35,30.81,30.35,30.72,923.0,4,0.0
2022-11-15 12:00:00,30.71,30.9,30.56,30.85,582.0,4,0.0
2022-11-15 13:00:00,30.85,31.36,30.79,31.12,1378.0,4,0.0
2022-11-15 14:00:00,31.11,31.26,30.62,31.18,9114.0,1,0.0
2022-11-15 15:00:00,31.19,31.24,30.83,31.07,8906.0,1,0.0
2022-11-15 16:00:00,31.07,31.21,30.88,31.13,8107.0,1,0.0
2022-11-15 17:00:00,31.13,31.16,30.95,31.03,6588.0,1,0.0
2022-11-15 18:00:00,31.04,31.14,30.26,30.61,11207.0,1,0.0
2022-11-15 19:00:00,30.6,31.03,30.44,30.94,11420.0,1,0.0
2022-11-15 20:00:00,30.94,31.07,30.88,31.05,4788.0,1,0.0
2022-11-16 11:00:00,31.08,31.08,30.95,30.96,516.0,2,0.0
2022-11-16 12:00:00,30.96,31.1,30.83,31.03,710.0,4,0.0
2022-11-16 13:00:00,31.03,31.09,30.82,30.87,1263.0,4,0.0
2022-11-16 14:00:00,30.86,31.0,30.42,30.69,3720.0,2,0.0
2022-11-16 15:00:00,30.69,30.82,30.44,30.53,4567.0,1,0.0
2022-11-16 16:00:00,30.53,30.63,30.36,30.42,3347.0,1,0.0
2022-11-16 17:00:00,30.43,30.96,30.42,30.9,3448.0,1,0.0
2022-11-16 18:00:00,30.9,31.03,30.61,30.63,3540.0,1,0.0
2022-11-16 19:00:00,30.63,30.74,30.47,30.73,3288.0,1,0.0
2022-11-16 20:00:00,30.73,30.74,30.37,30.5,2610.0,1,0.0
2022-11-17 11:00:00,30.46,30.46,30.11,30.23,974.0,3,0.0
2022-11-17 12:00:00,30.25,30.36,29.74,29.88,1466.0,4,0.0
2022-11-17 13:00:00,29.88,29.92,29.61,29.61,984.0,4,0.0
2022-11-17 14:00:00,29.63,29.66,29.15,29.17,5272.0,1,0.0
2022-11-17 15:00:00,29.18,29.44,29.09,29.38,5290.0,1,0.0
2022-11-17 16:00:00,29.38,29.62,29.28,29.57,4066.0,1,0.0
2022-11-17 17:00:00,29.57,29.88,29.56,29.86,3594.0,1,0.0
2022-11-17 18:00:00,29.86,29.97,29.73,29.84,3228.0,1,0.0
2022-11-17 19:00:00,29.84,29.9,29.57,29.58,3083.0,1,0.0
2022-11-17 20:00:00,29.58,29.6,29.31,29.49,2674.0,1,0.0
2022-11-18 11:00:00,29.68,29.82,29.66,29.77,666.0,4,0.0
2022-11-18 12:00:00,29.77,29.91,29.74,29.86,598.0,4,0.0
2022-11-18 13:00:00,29.84,29.94,29.81,29.83,1055.0,4,0.0
2022-11-18 14:00:00,29.84,29.91,29.26,29.29,4964.0,1,0.0
2022-11-18 15:00:00,29.29,29.31,28.95,29.01,6592.0,1,0.0
2022-11-18 16:00:00,29.01,29.07,28.8,28.96,5532.0,1,0.0
2022-11-18 17:00:00,28.96,28.99,28.81,28.86,3713.0,1,0.0
2022-11-18 18:00:00,28.86,28.96,28.74,28.79,3731.0,1,0.0
2022-11-18 19:00:00,28.79,28.88,28.69,28.81,3537.0,1,0.0
2022-11-18 20:00:00,28.81,28.91,28.77,28.86,2926.0,1,0.0
2022-11-21 11:00:00,28.5,28.53,28.49,28.53,215.0,4,0.0
2022-11-21 12:00:00,28.52,28.68,28.51,28.64,798.0,4,0.0
2022-11-21 13:00:00,28.64,29.56,28.62,29.23,1576.0,4,0.0
2022-11-21 14:00:00,29.22,29.24,28.6,28.92,5068.0,1,0.0
2022-11-21 15:00:00,28.92,28.94,28.27,28.48,7043.0,1,0.0
2022-11-21 16:00:00,28.48,28.65,28.31,28.47,5310.0,1,0.0
2022-11-21 17:00:00,28.47,28.55,28.29,28.32,4808.0,1,0.0
2022-11-21 18:00:00,28.32,28.56,28.27,28.51,4378.0,1,0.0
2022-11-21 19:00:00,28.51,28.62,28.39,28.54,3415.0,1,0.0
2022-11-21 20:00:00,28.54,28.6,28.38,28.41,2999.0,1,0.0
2022-11-22 11:00:00,28.51,28.53,28.43,28.49,292.0,3,0.0
2022-11-22 12:00:00,28.49,28.79,28.46,28.62,533.0,4,0.0
2022-11-22 13:00:00,28.63,28.72,28.62,28.68,183.0,4,0.0
2022-11-22 14:00:00,28.68,28.7,27.73,27.85,3490.0,1,0.0
2022-11-22 15:00:00,27.85,28.33,27.83,28.32,4292.0,1,0.0
2022-11-22 16:00:00,28.32,28.37,28.08,28.21,3564.0,1,0.0
2022-11-22 17:00:00,28.21,28.41,28.21,28.36,2297.0,1,0.0
2022-11-22 18:00:00,28.36,28.5,28.33,28.41,2386.0,1,0.0
2022-11-22 19:00:00,28.41,28.53,28.3,28.5,2199.0,1,0.0
2022-11-22 20:00:00,28.5,28.64,28.5,28.62,1629.0,1,0.0
2022-11-23 11:00:00,28.68,28.72,28.68,28.71,211.0,2,0.0
2022-11-23 12:00:00,28.73,28.83,28.71,28.8,228.0,2,0.0
2022-11-23 13:00:00,28.8,28.82,28.61,28.72,458.0,3,0.0
2022-11-23 14:00:00,28.71,28.75,28.37,28.43,2542.0,1,0.0
2022-11-23 15:00:00,28.44,28.82,28.38,28.77,3765.0,1,0.0
2022-11-23 16:00:00,28.77,28.95,28.58,28.63,3212.0,1,0.0
2022-11-23 17:00:00,28.63,28.83,28.6,28.67,2390.0,1,0.0
2022-11-23 18:00:00,28.67,28.87,28.63,28.86,2088.0,1,0.0
2022-11-23 19:00:00,28.86,29.14,28.78,29.08,3672.0,1,0.0
2022-11-23 20:00:00,29.08,29.24,29.05,29.2,1840.0,1,0.0
2022-11-25 11:00:00,29.21,29.24,29.21,29.23,257.0,2,0.0
2022-11-25 12:00:00,29.23,29.28,29.18,29.22,317.0,2,0.0
2022-11-25 13:00:00,29.22,29.22,29.05,29.09,170.0,3,0.0
2022-11-25 14:00:00,29.12,29.12,28.63,28.67,2694.0,1,0.0
2022-11-25 15:00:00,28.68,28.89,28.6,28.66,3431.0,1,0.0
2022-11-25 16:00:00,28.66,28.66,28.46,28.48,3115.0,1,0.0
2022-11-25 17:00:00,28.48,28.61,28.42,28.56,2370.0,1,0.0
2022-11-28 11:00:00,28.14,28.22,28.11,28.21,1290.0,3,0.0
2022-11-28 12:00:00,28.21,28.31,28.21,28.28,304.0,3,0.0
2022-11-28 13:00:00,28.29,28.4,28.21,28.31,482.0,3,0.0
2022-11-28 14:00:00,28.32,28.93,28.23,28.86,3430.0,2,0.0
2022-11-28 15:00:00,28.86,28.94,28.32,28.41,3585.0,1,0.0
2022-11-28 16:00:00,28.41,28.49,28.33,28.43,2331.0,1,0.0
2022-11-28 17:00:00,28.43,28.48,28.27,28.32,2734.0,1,0.0
2022-11-28 18:00:00,28.32,28.38,28.24,28.24,1845.0,1,0.0
2022-11-28 19:00:00,28.24,28.26,28.11,28.16,1582.0,1,0.0
2022-11-28 20:00:00,28.16,28.2,28.07,28.08,1224.0,1,0.0
2022-11-29 11:00:00,28.24,28.28,28.24,28.26,61.0,4,0.0
2022-11-29 12:00:00,28.29,28.29,28.24,28.26,315.0,3,0.0
2022-11-29 13:00:00,28.26,28.26,28.06,28.09,167.0,3,0.0
2022-11-29 14:00:00,28.13,28.28,27.79,27.98,4663.0,1,0.0
2022-11-29 15:00:00,27.98,28.17,27.88,27.95,6483.0,1,0.0
2022-11-29 16:00:00,27.95,28.02,27.59,27.89,5864.0,1,0.0
2022-11-29 17:00:00,27.89,28.19,27.81,28.07,4108.0,1,0.0
2022-11-29 18:00:00,28.07,28.12,27.88,28.09,3611.0,1,0.0
2022-11-29 19:00:00,28.09,28.13,27.88,27.94,3106.0,1,0.0
2022-11-29 20:00:00,27.94,28.09,27.89,28.06,2478.0,1,0.0
2022-11-30 11:00:00,28.1,28.54,28.09,28.12,325.0,3,0.0
2022-11-30 12:00:00,28.12,28.5,28.06,28.07,359.0,6,0.0
2022-11-30 13:00:00,28.08,28.21,28.0,28.06,614.0,6,0.0
2022-11-30 14:00:00,28.06,28.57,28.04,28.16,4963.0,1,0.0
2022-11-30 15:00:00,28.16,28.63,28.04,28.61,5180.0,1,0.0
2022-11-30 16:00:00,28.61,29.2,28.5,29.06,4389.0,1,0.0
2022-11-30 17:00:00,29.06,29.08,28.82,28.97,3345.0,1,0.0
2022-11-30 18:00:00,28.97,29.81,28.94,29.76,6428.0,1,0.0
2022-11-30 19:00:00,29.76,30.58,29.76,30.53,7799.0,1,0.0
2022-11-30 20:00:00,30.53,30.82,30.47,30.81,3801.0,1,0.0
2022-12-01 11:00:00,30.52,30.62,30.51,30.6,264.0,4,0.0
2022-12-01 12:00:00,30.6,30.65,30.52,30.59,421.0,4,0.0
2022-12-01 13:00:00,30.6,30.75,30.53,30.53,520.0,4,0.0
2022-12-01 14:00:00,30.53,31.85,30.3,31.7,5258.0,2,0.0
2022-12-01 15:00:00,31.7,31.97,31.18,31.89,8392.0,1,0.0
2022-12-01 16:00:00,31.89,31.89,31.35,31.71,4854.0,1,0.0
2022-12-01 17:00:00,31.71,31.75,31.45,31.68,3768.0,1,0.0
2022-12-01 18:00:00,31.68,31.78,31.47,31.7,3407.0,1,0.0
2022-12-01 19:00:00,31.7,31.84,31.64,31.83,3316.0,1,0.0
2022-12-01 20:00:00,31.83,31.95,31.76,31.88,2638.0,1,0.0
2022-12-02 11:00:00,31.59,31.62,31.58,31.58,86.0,4,0.0
2022-12-02 12:00:00,31.59,31.66,31.59,31.65,219.0,4,0.0
2022-12-02 13:00:00,31.65,31.71,30.68,30.95,966.0,4,0.0
2022-12-02 14:00:00,31.0,31.74,30.86,31.69,4599.0,2,0.0
2022-12-02 15:00:00,31.69,32.18,31.66,31.91,6580.0,2,0.0
2022-12-02 16:00:00,31.91,31.99,31.51,31.83,3875.0,1,0.0
2022-12-02 17:00:00,31.83,32.05,31.69,31.8,3230.0,1,0.0
2022-12-02 18:00:00,31.8,31.92,31.63,31.8,2693.0,1,0.0
2022-12-02 19:00:00,31.8,32.0,31.74,32.0,2815.0,1,0.0
2022-12-02 20:00:00,32.0,32.19,31.94,31.99,2873.0,1,0.0
2022-12-05 11:00:00,31.78,31.83,31.73,31.78,454.0,4,0.0
2022-12-05 12:00:00,31.79,31.86,31.75,31.77,5555.0,1,0.0
2022-12-05 13:00:00,31.77,31.85,31.66,31.72,352.0,4,0.0
2022-12-05 14:00:00,31.74,32.26,31.51,32.01,3889.0,2,0.0
2022-12-05 15:00:00,32.01,32.15,31.77,31.94,4916.0,1,0.0
2022-12-05 16:00:00,31.94,31.97,31.58,31.7,3505.0,1,0.0
2022-12-05 17:00:00,31.7,31.78,31.58,31.61,3174.0,1,0.0
2022-12-05 18:00:00,31.61,31.81,31.42,31.45,3126.0,1,0.0
2022-12-05 19:00:00,31.45,31.46,31.09,31.24,3444.0,1,0.0
2022-12-05 20:00:00,31.24,31.26,31.11,31.16,2374.0,1,0.0
2022-12-06 11:00:00,31.26,31.3,31.23,31.28,606.0,2,0.0
2022-12-06 12:00:00,31.28,31.35,31.28,31.31,322.0,3,0.0
2022-12-06 13:00:00,31.31,31.31,31.13,31.26,918.0,3,0.0
2022-12-06 14:00:00,31.26,31.3,30.77,30.82,3458.0,2,0.0
2022-12-06 15:00:00,30.82,30.87,30.3,30.5,4957.0,1,0.0
2022-12-06 16:00:00,30.5,30.77,30.48,30.62,3432.0,1,0.0
2022-12-06 17:00:00,30.62,30.7,30.42,30.6,2850.0,1,0.0
2022-12-06 18:00:00,30.6,30.69,30.46,30.5,3104.0,1,0.0
2022-12-06 19:00:00,30.51,30.64,30.37,30.48,3173.0,1,0.0
2022-12-06 20:00:00,30.48,30.61,30.39,30.5,2571.0,1,0.0
2022-12-07 11:00:00,30.42,30.48,30.3,30.32,131.0,4,0.0
2022-12-07 12:00:00,30.32,30.32,30.04,30.24,476.0,4,0.0
2022-12-07 13:00:00,30.24,30.43,30.14,30.32,1201.0,4,0.0
2022-12-07 14:00:00,30.32,30.95,30.2,30.39,4151.0,1,0.0
2022-12-07 15:00:00,30.39,30.86,30.22,30.61,5451.0,1,0.0
2022-12-07 16:00:00,30.61,30.72,30.29,30.64,3727.0,1,0.0
2022-12-07 17:00:00,30.64,30.75,30.5,30.62,2865.0,1,0.0
2022-12-07 18:00:00,30.62,30.81,30.58,30.64,2622.0,1,0.0
2022-12-07 19:00:00,30.64,30.78,30.55,30.67,2630.0,1,0.0
2022-12-07 20:00:00,30.66,30.83,30.64,30.77,2103.0,1,0.0
2022-12-08 11:00:00,30.95,30.96,30.94,30.95,44.0,4,0.0
2022-12-08 12:00:00,30.94,31.13,30.89,31.09,409.0,4,0.0
2022-12-08 13:00:00,31.09,31.29,31.06,31.12,774.0,4,0.0
2022-12-08 14:00:00,31.14,31.15,30.47,31.06,3609.0,2,0.0
2022-12-08 15:00:00,31.06,31.22,30.88,30.92,4257.0,1,0.0
2022-12-08 16:00:00,30.92,30.96,30.7,30.75,3176.0,1,0.0
2022-12-08 17:00:00,30.75,30.83,30.62,30.81,2656.0,1,0.0
2022-12-08 18:00:00,30.81,31.13,30.81,30.96,2910.0,1,0.0
2022-12-08 19:00:00,30.96,30.97,30.76,30.9,3004.0,1,0.0
2022-12-08 20:00:00,30.9,31.05,30.82,31.03,2291.0,1,0.0
2022-12-09 11:00:00,31.81,31.83,31.72,31.79,301.0,6,0.0
2022-12-09 12:00:00,31.79,32.0,31.79,31.9,355.0,4,0.0
2022-12-09 13:00:00,31.9,32.0,31.49,31.86,1280.0,4,0.0
2022-12-09 14:00:00,31.86,32.42,31.75,32.1,4188.0,3,0.0
2022-12-09 15:00:00,32.1,32.62,32.06,32.59,5036.0,2,0.0
2022-12-09 16:00:00,32.6,32.89,32.47,32.79,3670.0,2,0.0
2022-12-09 17:00:00,32.79,32.88,32.67,32.68,2481.0,2,0.0
2022-12-09 18:00:00,32.68,32.68,32.46,32.5,2215.0,2,0.0
2022-12-09 19:00:00,32.5,32.52,32.32,32.38,1894.0,2,0.0
2022-12-09 20:00:00,32.38,32.42,32.02,32.03,1872.0,2,0.0
2022-12-12 13:00:00,32.13,32.18,32.01,32.04,291.0,4,0.0
2022-12-12 14:00:00,32.04,32.28,31.47,31.54,2614.0,3,0.0
2022-12-12 15:00:00,31.54,31.58,31.03,31.05,3677.0,2,0.0
2022-12-12 16:00:00,31.05,31.26,30.95,31.06,2508.0,2,0.0
2022-12-12 17:00:00,31.06,31.14,30.88,30.99,1863.0,2,0.0
2022-12-12 18:00:00,30.99,31.16,30.96,31.03,1743.0,2,0.0
2022-12-12 19:00:00,31.03,31.22,30.94,31.13,1803.0,1,0.0
2022-12-12 20:00:00,31.13,31.51,31.13,31.4,1753.0,1,0.0
2022-12-13 11:00:00,31.56,31.68,31.53,31.68,196.0,4,0.0
2022-12-13 12:00:00,31.68,31.7,31.51,31.7,463.0,4,0.0
2022-12-13 13:00:00,31.68,32.91,31.62,32.62,1619.0,4,0.0
2022-12-13 14:00:00,32.62,33.25,32.55,33.06,4145.0,3,0.0
2022-12-13 15:00:00,33.07,33.2,32.65,32.71,4971.0,2,0.0
2022-12-13 16:00:00,32.71,33.02,32.46,32.61,3825.0,2,0.0
2022-12-13 17:00:00,32.61,32.71,32.14,32.41,4147.0,2,0.0
2022-12-13 18:00:00,32.41,32.56,32.13,32.23,3012.0,2,0.0
2022-12-13 19:00:00,32.23,32.32,31.95,31.99,2792.0,2,0.0
2022-12-13 20:00:00,31.99,32.01,31.72,31.97,2366.0,2,0.0
2022-12-14 11:00:00,32.02,32.04,31.9,32.0,479.0,3,0.0
2022-12-14 12:00:00,32.0,32.25,31.93,32.05,1236.0,4,0.0
2022-12-14 13:00:00,32.04,32.09,31.9,31.97,288.0,6,0.0
2022-12-14 14:00:00,31.94,32.3,31.74,32.01,2125.0,3,0.0
2022-12-14 15:00:00,32.01,32.43,31.94,32.29,2879.0,2,0.0
2022-12-14 16:00:00,32.29,32.46,32.27,32.36,2362.0,1,0.0
2022-12-14 17:00:00,32.36,32.45,32.28,32.3,1790.0,2,0.0
2022-12-14 18:00:00,32.3,32.45,32.11,32.38,1996.0,2,0.0
2022-12-14 19:00:00,32.36,32.36,31.44,31.76,5084.0,3,0.0
2022-12-14 20:00:00,31.76,32.22,31.66,31.84,3357.0,2,0.0
2022-12-15 11:00:00,31.39,31.42,31.29,31.37,387.0,6,0.0
2022-12-15 12:00:00,31.37,31.45,30.66,30.82,581.0,4,0.0
2022-12-15 13:00:00,30.81,30.83,29.97,30.29,1595.0,6,0.0
2022-12-15 14:00:00,30.28,30.31,29.42,29.59,4558.0,2,0.0
2022-12-15 15:00:00,29.58,29.68,29.11,29.23,4535.0,2,0.0
2022-12-15 16:00:00,29.23,29.51,29.13,29.25,3215.0,2,0.0
2022-12-15 17:00:00,29.25,29.29,28.75,28.76,2850.0,1,0.0
2022-12-15 18:00:00,28.76,29.13,28.65,29.02,3304.0,1,0.0
2022-12-15 19:00:00,29.02,29.14,28.8,29.02,2848.0,1,0.0
2022-12-15 20:00:00,29.02,29.11,28.85,28.96,2619.0,1,0.0
2022-12-16 11:00:00,28.57,28.81,28.54,28.67,421.0,6,0.0
2022-12-16 12:00:00,28.64,28.82,28.64,28.82,504.0,4,0.0
2022-12-16 13:00:00,28.82,28.82,28.65,28.7,657.0,4,0.0
2022-12-16 14:00:00,28.7,29.44,28.69,29.16,3602.0,2,0.0
2022-12-16 15:00:00,29.17,29.38,28.97,29.08,4653.0,2,0.0
2022-12-16 16:00:00,29.09,29.38,28.99,29.25,3167.0,1,0.0
2022-12-16 17:00:00,29.24,29.33,29.08,29.18,2475.0,1,0.0
2022-12-16 18:00:00,29.19,29.31,29.02,29.05,2650.0,1,0.0
2022-12-16 19:00:00,29.05,29.21,28.93,29.2,2575.0,1,0.0
2022-12-16 20:00:00,29.2,29.33,29.15,29.24,2502.0,1,0.0
2022-12-19 11:00:00,29.17,29.26,29.11,29.15,603.0,2,0.0
2022-12-19 12:00:00,29.18,29.31,29.13,29.24,371.0,4,0.0
2022-12-19 13:00:00,29.23,29.23,28.9,28.99,386.0,4,0.0
2022-12-19 14:00:00,28.96,29.12,28.69,28.86,2451.0,3,0.0
2022-12-19 15:00:00,28.86,29.21,28.83,28.99,3581.0,2,0.0
2022-12-19 16:00:00,28.99,29.01,28.61,28.74,2188.0,1,0.0
2022-12-19 17:00:00,28.74,28.84,28.65,28.83,1791.0,1,0.0
2022-12-19 18:00:00,28.83,29.13,28.83,28.91,2104.0,1,0.0
2022-12-19 19:00:00,28.91,28.92,28.79,28.84,1533.0,1,0.0
2022-12-19 20:00:00,28.83,28.83,28.63,28.67,1635.0,1,0.0
2022-12-20 11:00:00,28.56,28.68,28.55,28.65,422.0,3,0.0
2022-12-20 12:00:00,28.65,28.69,28.44,28.44,408.0,3,0.0
2022-12-20 13:00:00,28.45,28.45,27.71,28.01,1239.0,4,0.0
2022-12-20 14:00:00,28.01,28.83,27.9,28.73,2575.0,2,0.0
2022-12-20 15:00:00,28.73,28.91,28.55,28.6,3164.0,2,0.0
2022-12-20 16:00:00,28.6,28.72,28.45,28.71,2155.0,2,0.0
2022-12-20 17:00:00,28.71,28.89,28.69,28.81,1757.0,1,0.0
2022-12-20 18:00:00,28.81,28.87,28.64,28.71,1496.0,1,0.0
2022-12-20 19:00:00,28.71,28.76,28.55,28.6,1788.0,1,0.0
2022-12-20 20:00:00,28.59,28.83,28.55,28.79,1419.0,1,0.0
2022-12-21 11:00:00,28.93,29.04,28.92,29.0,309.0,3,0.0
2022-12-21 12:00:00,29.02,29.07,28.88,29.04,991.0,4,0.0
2022-12-21 13:00:00,29.03,29.13,29.0,29.0,736.0,4,0.0
2022-12-21 14:00:00,29.0,29.19,28.65,29.16,2341.0,3,0.0
2022-12-21 15:00:00,29.17,29.56,29.14,29.54,3475.0,2,0.0
2022-12-21 16:00:00,29.54,29.8,29.54,29.73,2471.0,2,0.0
2022-12-21 17:00:00,29.73,29.84,29.64,29.83,1767.0,1,0.0
2022-12-21 18:00:00,29.83,29.94,29.73,29.87,1666.0,1,0.0
2022-12-21 19:00:00,29.87,30.06,29.85,29.91,1881.0,1,0.0
2022-12-21 20:00:00,29.91,29.95,29.83,29.83,1376.0,1,0.0
2022-12-22 11:00:00,29.92,29.93,29.84,29.91,460.0,3,0.0
2022-12-22 12:00:00,29.91,30.11,29.91,30.09,805.0,3,0.0
2022-12-22 13:00:00,30.05,30.14,29.8,29.86,564.0,4,0.0
2022-12-22 14:00:00,29.89,29.99,29.37,29.59,2345.0,2,0.0
2022-12-22 15:00:00,29.59,29.88,29.42,29.54,3485.0,2,0.0
2022-12-22 16:00:00,29.54,29.73,29.23,29.31,2659.0,2,0.0
2022-12-22 17:00:00,29.31,29.4,29.11,29.26,2088.0,2,0.0
2022-12-22 18:00:00,29.26,29.3,29.08,29.17,1821.0,1,0.0
2022-12-22 19:00:00,29.17,29.57,29.17,29.56,1918.0,2,0.0
2022-12-22 20:00:00,29.56,29.74,29.54,29.7,1937.0,1,0.0
2022-12-23 11:00:00,29.89,29.92,29.78,29.8,385.0,4,0.0
2022-12-23 12:00:00,29.8,29.9,29.77,29.84,429.0,4,0.0
2022-12-23 13:00:00,29.85,30.02,29.6,29.73,841.0,4,0.0
2022-12-23 14:00:00,29.75,29.81,29.25,29.3,2290.0,3,0.0
2022-12-23 15:00:00,29.31,29.69,29.18,29.4,3390.0,2,0.0
2022-12-23 16:00:00,29.4,29.54,29.22,29.46,2545.0,2,0.0
2022-12-23 17:00:00,29.46,29.54,29.4,29.42,1886.0,2,0.0
2022-12-23 18:00:00,29.42,29.49,29.33,29.38,1475.0,1,0.0
2022-12-23 19:00:00,29.39,29.42,29.28,29.41,1793.0,1,0.0
2022-12-23 20:00:00,29.41,29.47,29.36,29.45,1714.0,1,0.0
2022-12-27 11:00:00,29.69,29.69,29.61,29.64,133.0,4,0.0
2022-12-27 12:00:00,29.64,29.67,29.52,29.52,375.0,4,0.0
2022-12-27 13:00:00,29.52,29.56,29.27,29.28,464.0,3,0.0
2022-12-27 14:00:00,29.32,29.44,28.21,28.42,4341.0,2,0.0
2022-12-27 15:00:00,28.42,29.07,28.34,28.87,4652.0,2,0.0
2022-12-27 16:00:00,28.87,29.05,28.8,28.91,3263.0,1,0.0
2022-12-27 17:00:00,28.91,28.99,28.68,28.78,2873.0,1,0.0
2022-12-27 18:00:00,28.78,28.85,28.61,28.64,2337.0,1,0.0
2022-12-27 19:00:00,28.64,28.71,28.5,28.53,2758.0,1,0.0
2022-12-27 20:00:00,28.53,28.61,28.5,28.56,1934.0,1,0.0
2022-12-28 11:00:00,28.23,28.26,28.19,28.24,401.0,4,0.0
2022-12-28 12:00:00,28.24,28.34,28.2,28.3,616.0,4,0.0
2022-12-28 13:00:00,28.3,28.34,28.06,28.11,506.0,4,0.0
2022-12-28 14:00:00,28.11,28.49,28.03,28.21,3476.0,2,0.0
2022-12-28 15:00:00,28.21,28.41,27.66,27.68,5042.0,1,0.0
2022-12-28 16:00:00,27.67,27.74,27.39,27.4,4022.0,1,0.0
2022-12-28 17:00:00,27.4,27.72,27.34,27.7,3195.0,1,0.0
2022-12-28 18:00:00,27.7,27.9,27.66,27.69,2952.0,1,0.0
2022-12-28 19:00:00,27.69,27.77,27.59,27.73,2408.0,1,0.0
2022-12-28 20:00:00,27.72,27.74,27.6,27.7,2504.0,1,0.0
2022-12-29 11:00:00,27.91,27.92,27.86,27.9,388.0,4,0.0
2022-12-29 12:00:00,27.9,27.91,27.83,27.84,248.0,3,0.0
2022-12-29 13:00:00,27.84,28.24,27.82,28.11,541.0,4,0.0
2022-12-29 14:00:00,28.1,28.93,28.04,28.78,3622.0,2,0.0
2022-12-29 15:00:00,28.78,29.17,28.69,28.95,4011.0,1,0.0
2022-12-29 16:00:00,28.95,29.54,28.95,29.45,4496.0,1,0.0
2022-12-29 17:00:00,29.45,29.46,29.08,29.09,2862.0,1,0.0
2022-12-29 18:00:00,29.09,29.15,28.95,29.01,2548.0,1,0.0
2022-12-29 19:00:00,29.01,29.13,28.87,28.91,2092.0,1,0.0
2022-12-29 20:00:00,28.91,29.23,28.91,29.18,2024.0,1,0.0
2022-12-30 11:00:00,28.92,28.92,28.8,28.81,742.0,6,0.0
2022-12-30 12:00:00,28.82,28.88,28.57,28.7,537.0,4,0.0
2022-12-30 13:00:00,28.7,28.7,28.55,28.64,311.0,4,0.0
2022-12-30 14:00:00,28.64,28.73,28.33,28.66,2558.0,2,0.0
2022-12-30 15:00:00,28.66,29.03,28.42,28.91,3430.0,1,0.0
2022-12-30 16:00:00,28.91,29.16,28.88,29.09,2381.0,1,0.0
2022-12-30 17:00:00,29.09,29.2,29.01,29.12,2010.0,1,0.0
2022-12-30 18:00:00,29.13,29.15,28.93,29.04,1821.0,1,0.0
2022-12-30 19:00:00,29.04,29.18,28.98,29.15,2083.0,1,0.0
2022-12-30 20:00:00,29.15,29.35,29.15,29.32,2155.0,1,0.0
2023-01-03 11:00:00,29.85,29.89,29.58,29.64,551.0,4,0.0
2023-01-03 12:00:00,29.65,29.8,29.56,29.71,867.0,4,0.0
2023-01-03 13:00:00,29.71,29.81,29.57,29.64,1280.0,4,0.0
2023-01-03 14:00:00,29.66,29.74,29.03,29.11,3893.0,6,0.0
2023-01-03 15:00:00,29.1,29.23,28.84,29.11,3594.0,6,0.0
2023-01-03 16:00:00,29.11,29.24,29.01,29.22,2307.0,2,0.0
2023-01-03 17:00:00,29.22,29.4,29.15,29.25,1307.0,4,0.0
2023-01-03 18:00:00,29.25,29.51,29.21,29.46,1246.0,2,0.0
2023-01-03 19:00:00,29.46,29.67,29.34,29.6,1432.0,2,0.0
2023-01-03 20:00:00,29.6,29.71,29.53,29.56,1242.0,2,0.0
2023-01-04 11:00:00,29.63,29.75,29.6,29.7,2598.0,12,0.0
2023-01-04 12:00:00,29.7,29.7,29.59,29.63,417.0,8,0.0
2023-01-04 13:00:00,29.63,29.81,29.6,29.67,450.0,8,0.0
2023-01-04 14:00:00,29.66,30.12,29.53,30.06,1750.0,4,0.0
2023-01-04 15:00:00,30.06,30.51,29.75,30.51,3025.0,2,0.0
2023-01-04 16:00:00,30.52,30.79,30.44,30.65,2357.0,2,0.0
2023-01-04 17:00:00,30.66,30.8,30.52,30.52,1723.0,2,0.0
2023-01-04 18:00:00,30.52,30.67,30.43,30.58,1545.0,2,0.0
2023-01-04 19:00:00,30.58,30.99,30.4,30.97,2838.0,4,0.0
2023-01-04 20:00:00,30.97,31.09,30.7,30.79,1561.0,2,0.0
2023-01-05 11:00:00,30.86,30.97,30.77,30.95,177.0,8,0.0
2023-01-05 12:00:00,30.96,30.96,30.68,30.93,621.0,8,0.0
2023-01-05 13:00:00,30.93,30.93,30.51,30.55,470.0,8,0.0
2023-01-05 14:00:00,30.56,30.99,30.44,30.97,1760.0,4,0.0
2023-01-05 15:00:00,30.96,31.26,30.81,31.11,2880.0,4,0.0
2023-01-05 16:00:00,31.11,31.39,31.0,31.13,1899.0,4,0.0
2023-01-05 17:00:00,31.13,31.19,30.85,30.88,1362.0,2,0.0
2023-01-05 18:00:00,30.88,31.23,30.82,31.05,1715.0,2,0.0
2023-01-05 19:00:00,31.05,31.3,31.02,31.14,1307.0,2,0.0
2023-01-05 20:00:00,31.14,31.15,30.94,30.94,1234.0,2,0.0
2023-01-06 11:00:00,30.78,30.8,30.72,30.76,538.0,8,0.0
2023-01-06 12:00:00,30.77,30.84,30.77,30.83,156.0,8,0.0
2023-01-06 13:00:00,30.83,31.62,30.76,31.37,990.0,8,0.0
2023-01-06 14:00:00,31.37,31.4,30.36,30.39,2354.0,4,0.0
2023-01-06 15:00:00,30.4,30.99,30.36,30.92,3019.0,2,0.0
2023-01-06 16:00:00,30.92,31.08,30.81,31.03,1947.0,2,0.0
2023-01-06 17:00:00,31.03,31.23,31.01,31.11,1856.0,2,0.0
2023-01-06 18:00:00,31.12,31.43,31.11,31.4,1553.0,2,0.0
2023-01-06 19:00:00,31.4,31.62,31.39,31.6,1843.0,2,0.0
2023-01-06 20:00:00,31.6,31.66,31.5,31.53,1402.0,2,0.0
2023-01-09 11:00:00,31.64,31.66,31.51,31.61,254.0,8,0.0
2023-01-09 12:00:00,31.6,31.68,31.54,31.67,331.0,8,0.0
2023-01-09 13:00:00,31.67,31.84,31.61,31.73,354.0,8,0.0
2023-01-09 14:00:00,31.71,31.87,31.3,31.74,1741.0,4,0.0
2023-01-09 15:00:00,31.74,31.81,31.43,31.6,2315.0,4,0.0
2023-01-09 16:00:00,31.6,31.91,31.6,31.74,1668.0,2,0.0
2023-01-09 17:00:00,31.74,32.1,31.72,32.09,1470.0,2,0.0
2023-01-09 18:00:00,32.09,32.15,31.75,31.77,1791.0,2,0.0
2023-01-09 19:00:00,31.76,31.86,31.59,31.61,1415.0,2,0.0
2023-01-09 20:00:00,31.61,31.7,31.54,31.61,1280.0,2,0.0
2023-01-10 11:00:00,31.44,31.44,30.97,31.03,500.0,8,0.0
2023-01-10 12:00:00,31.03,31.13,30.91,31.0,508.0,8,0.0
2023-01-10 13:00:00,31.01,31.06,30.89,30.97,372.0,8,0.0
2023-01-10 14:00:00,30.98,32.16,30.91,31.96,2484.0,4,0.0
2023-01-10 15:00:00,31.96,32.43,31.81,32.33,2958.0,4,0.0
2023-01-10 16:00:00,32.34,32.52,32.27,32.43,2408.0,4,0.0
2023-01-10 17:00:00,32.43,32.6,32.28,32.48,1889.0,2,0.0
2023-01-10 18:00:00,32.47,32.64,32.42,32.64,1431.0,2,0.0
2023-01-10 19:00:00,32.65,32.91,32.65,32.81,2062.0,2,0.0
2023-01-10 20:00:00,32.81,32.85,32.56,32.6,1491.0,2,0.0
2023-01-11 11:00:00,32.58,32.67,32.58,32.61,47.0,4,0.0
2023-01-11 12:00:00,32.62,32.63,32.52,32.54,178.0,5,0.0
2023-01-11 13:00:00,32.55,32.62,32.51,32.59,208.0,8,0.0
2023-01-11 14:00:00,32.62,32.75,32.3,32.54,3070.0,4,0.0
2023-01-11 15:00:00,32.54,32.7,32.12,32.15,3207.0,2,0.0
2023-01-11 16:00:00,32.15,32.45,32.13,32.29,2051.0,2,0.0
2023-01-11 17:00:00,32.3,32.38,32.2,32.38,1847.0,2,0.0
2023-01-11 18:00:00,32.38,32.6,32.38,32.59,2071.0,2,0.0
2023-01-11 19:00:00,32.6,32.87,32.44,32.67,2106.0,2,0.0
2023-01-11 20:00:00,32.67,32.74,32.6,32.64,1441.0,2,0.0
2023-01-12 11:00:00,33.17,33.19,33.07,33.07,82.0,12,0.0
2023-01-12 12:00:00,33.03,33.14,32.99,33.08,280.0,12,0.0
2023-01-12 13:00:00,33.08,33.42,32.6,33.29,879.0,8,0.0
2023-01-12 14:00:00,33.29,33.39,32.3,32.54,2620.0,4,0.0
2023-01-12 15:00:00,32.55,33.03,32.52,32.86,3302.0,4,0.0
2023-01-12 16:00:00,32.87,33.08,32.71,33.04,2323.0,2,0.0
2023-01-12 17:00:00,33.04,33.23,32.96,33.12,1835.0,2,0.0
2023-01-12 18:00:00,33.12,33.23,32.76,33.22,2053.0,2,0.0
2023-01-12 19:00:00,33.22,33.27,32.98,33.02,1693.0,2,0.0
2023-01-12 20:00:00,33.02,33.04,32.9,32.93,1193.0,2,0.0
2023-01-13 11:00:00,32.92,32.94,32.77,32.8,391.0,4,0.0
2023-01-13 12:00:00,32.8,32.83,32.56,32.61,359.0,8,0.0
2023-01-13 13:00:00,32.61,32.71,32.56,32.6,277.0,8,0.0
2023-01-13 14:00:00,32.59,33.56,32.59,33.47,2336.0,4,0.0
2023-01-13 15:00:00,33.46,33.64,33.32,33.33,2735.0,4,0.0
2023-01-13 16:00:00,33.33,33.36,32.99,33.19,2107.0,4,0.0
2023-01-13 17:00:00,33.19,33.3,33.04,33.3,1539.0,2,0.0
2023-01-13 18:00:00,33.3,33.35,33.19,33.3,1404.0,2,0.0
2023-01-13 19:00:00,33.3,33.39,33.23,33.27,1215.0,2,0.0
2023-01-13 20:00:00,33.26,33.33,33.2,33.28,1102.0,2,0.0
2023-01-17 11:00:00,33.19,33.21,33.16,33.19,195.0,4,0.0
2023-01-17 12:00:00,33.19,33.21,33.11,33.18,272.0,4,0.0
2023-01-17 13:00:00,33.18,33.25,33.12,33.21,546.0,8,0.0
2023-01-17 14:00:00,33.2,33.26,32.35,32.56,2612.0,2,0.0
2023-01-17 15:00:00,32.57,32.95,32.46,32.47,2786.0,2,0.0
2023-01-17 16:00:00,32.47,32.64,32.4,32.48,2104.0,2,0.0
2023-01-17 17:00:00,32.48,32.63,32.39,32.63,1644.0,2,0.0
2023-01-17 18:00:00,32.63,32.87,32.62,32.79,1680.0,2,0.0
2023-01-17 19:00:00,32.79,32.8,32.56,32.62,1477.0,2,0.0
2023-01-17 20:00:00,32.62,32.8,32.62,32.71,1166.0,2,0.0
2023-01-18 11:00:00,32.56,32.58,32.45,32.54,278.0,8,0.0
2023-01-18 12:00:00,32.51,32.65,32.51,32.62,328.0,8,0.0
2023-01-18 13:00:00,32.62,32.8,32.54,32.65,330.0,8,0.0
2023-01-18 14:00:00,32.66,32.79,32.15,32.79,1678.0,4,0.0
2023-01-18 15:00:00,32.79,32.98,32.27,32.38,2590.0,2,0.0
2023-01-18 16:00:00,32.38,32.43,32.18,32.4,2036.0,2,0.0
2023-01-18 17:00:00,32.4,32.43,32.21,32.25,1417.0,2,0.0
2023-01-18 18:00:00,32.26,32.37,32.11,32.27,1334.0,2,0.0
2023-01-18 19:00:00,32.28,32.47,32.18,32.45,1427.0,2,0.0
2023-01-18 20:00:00,32.45,32.65,32.39,32.53,1333.0,2,0.0
2023-01-19 11:00:00,32.29,32.29,32.2,32.25,350.0,8,0.0
2023-01-19 12:00:00,32.24,32.27,32.12,32.13,312.0,8,0.0
2023-01-19 13:00:00,32.15,32.34,32.15,32.3,352.0,8,0.0
2023-01-19 14:00:00,32.29,32.42,31.67,31.79,1560.0,5,0.0
2023-01-19 15:00:00,31.8,32.42,31.68,32.0,1913.0,4,0.0
2023-01-19 16:00:00,32.0,32.19,31.93,32.0,1570.0,4,0.0
2023-01-19 17:00:00,32.0,32.15,31.99,32.02,1248.0,4,0.0
2023-01-19 18:00:00,32.02,32.35,31.96,32.16,1500.0,2,0.0
2023-01-19 19:00:00,32.15,32.46,32.08,32.24,1531.0,4,0.0
2023-01-19 20:00:00,32.24,32.35,31.96,31.97,1389.0,4,0.0
2023-01-20 11:00:00,33.34,33.56,33.3,33.5,344.0,4,0.0
2023-01-20 12:00:00,33.54,33.81,33.4,33.72,891.0,8,0.0
2023-01-20 13:00:00,33.72,33.87,33.4,33.44,1220.0,8,0.0
2023-01-20 14:00:00,33.45,34.27,33.25,33.85,4425.0,5,0.0
2023-01-20 15:00:00,33.86,34.14,33.4,33.64,3716.0,4,0.0
2023-01-20 16:00:00,33.64,33.87,33.48,33.54,2424.0,4,0.0
2023-01-20 17:00:00,33.53,33.82,33.53,33.58,1826.0,2,0.0
2023-01-20 18:00:00,33.57,33.83,33.52,33.79,1815.0,4,0.0
2023-01-20 19:00:00,33.79,34.1,33.75,33.96,1879.0,2,0.0
2023-01-20 20:00:00,33.96,34.11,33.92,34.0,1518.0,2,0.0
2023-01-23 11:00:00,34.09,34.14,34.08,34.09,57.0,8,0.0
2023-01-23 12:00:00,34.1,34.15,34.08,34.09,202.0,8,0.0
2023-01-23 13:00:00,34.09,34.14,34.0,34.08,218.0,8,0.0
2023-01-23 14:00:00,34.07,35.04,34.03,34.94,2363.0,4,0.0
2023-01-23 15:00:00,34.95,35.81,34.93,35.77,3173.0,4,0.0
2023-01-23 16:00:00,35.77,36.05,35.61,35.96,2339.0,4,0.0
2023-01-23 17:00:00,35.96,36.0,35.77,35.91,1570.0,4,0.0
2023-01-23 18:00:00,35.91,36.2,35.86,36.07,1577.0,4,0.0
2023-01-23 19:00:00,36.07,36.15,35.87,36.03,1902.0,4,0.0
2023-01-23 20:00:00,36.02,36.05,35.56,35.57,1513.0,4,0.0
2023-01-24 11:00:00,35.57,35.57,35.5,35.55,196.0,5,0.0
2023-01-24 12:00:00,35.55,35.58,35.52,35.56,153.0,5,0.0
2023-01-24 13:00:00,35.56,35.59,35.4,35.47,216.0,5,0.0
2023-01-24 14:00:00,35.48,36.12,35.42,35.79,2278.0,4,0.0
2023-01-24 15:00:00,35.8,36.14,35.7,36.11,2964.0,2,0.0
2023-01-24 16:00:00,36.11,36.35,36.08,36.27,2341.0,4,0.0
2023-01-24 17:00:00,36.26,36.35,36.04,36.21,1861.0,2,0.0
2023-01-24 18:00:00,36.21,36.46,36.19,36.44,1874.0,2,0.0
2023-01-24 19:00:00,36.44,36.55,36.35,36.5,1883.0,2,0.0
2023-01-24 20:00:00,36.5,36.52,36.26,36.3,1525.0,2,0.0
2023-01-25 11:00:00,35.93,35.98,35.89,35.9,140.0,12,0.0
2023-01-25 12:00:00,35.93,36.09,35.93,36.02,363.0,8,0.0
2023-01-25 13:00:00,36.02,36.1,35.93,35.94,243.0,8,0.0
2023-01-25 14:00:00,35.93,36.29,35.84,35.9,1912.0,4,0.0
2023-01-25 15:00:00,35.9,36.28,35.84,36.26,2661.0,4,0.0
2023-01-25 16:00:00,36.25,36.32,36.14,36.18,2044.0,4,0.0
2023-01-25 17:00:00,36.18,36.23,36.12,36.21,1416.0,2,0.0
2023-01-25 18:00:00,36.21,36.31,36.17,36.23,1517.0,2,0.0
2023-01-25 19:00:00,36.23,36.75,36.23,36.72,1780.0,2,0.0
2023-01-25 20:00:00,36.72,36.87,36.63,36.69,1496.0,2,0.0
2023-01-26 11:00:00,36.83,36.9,36.81,36.84,200.0,8,0.0
2023-01-26 12:00:00,36.84,36.91,36.79,36.85,267.0,8,0.0
2023-01-26 13:00:00,36.85,36.86,36.57,36.65,448.0,8,0.0
2023-01-26 14:00:00,36.65,36.86,36.37,36.61,2059.0,4,0.0
2023-01-26 15:00:00,36.62,36.84,36.3,36.36,2490.0,4,0.0
2023-01-26 16:00:00,36.36,36.42,36.16,36.22,1973.0,4,0.0
2023-01-26 17:00:00,36.22,36.46,36.21,36.3,1356.0,4,0.0
2023-01-26 18:00:00,36.3,36.64,36.19,36.57,1418.0,4,0.0
2023-01-26 19:00:00,36.57,36.61,36.45,36.55,1233.0,4,0.0
2023-01-26 20:00:00,36.55,36.6,36.44,36.51,1036.0,2,0.0
2023-01-27 11:00:00,36.32,36.36,36.32,36.34,122.0,8,0.0
2023-01-27 12:00:00,36.34,36.41,36.32,36.33,331.0,8,0.0
2023-01-27 13:00:00,36.34,36.39,36.25,36.29,255.0,8,0.0
2023-01-27 14:00:00,36.3,36.57,36.19,36.29,2026.0,4,0.0
2023-01-27 15:00:00,36.28,36.45,36.19,36.27,2569.0,2,0.0
2023-01-27 16:00:00,36.27,36.45,36.17,36.32,2041.0,2,0.0
2023-01-27 17:00:00,36.32,36.33,36.16,36.31,1822.0,2,0.0
2023-01-27 18:00:00,36.31,36.37,36.17,36.33,1470.0,2,0.0
2023-01-27 19:00:00,36.33,36.34,36.1,36.25,1723.0,2,0.0
2023-01-27 20:00:00,36.26,36.34,36.21,36.28,1388.0,2,0.0
2023-01-30 11:00:00,35.69,35.7,35.61,35.64,95.0,12,0.0
2023-01-30 12:00:00,35.63,35.77,35.63,35.77,115.0,12,0.0
2023-01-30 13:00:00,35.75,35.78,35.65,35.7,188.0,8,0.0
2023-01-30 14:00:00,35.71,36.07,35.66,35.9,1916.0,4,0.0
2023-01-30 15:00:00,35.9,35.98,35.31,35.7,2524.0,2,0.0
2023-01-30 16:00:00,35.7,35.74,35.49,35.66,1865.0,2,0.0
2023-01-30 17:00:00,35.66,35.78,35.54,35.62,1676.0,2,0.0
2023-01-30 18:00:00,35.62,35.73,35.48,35.54,1654.0,2,0.0
2023-01-30 19:00:00,35.54,35.57,35.35,35.41,1541.0,2,0.0
2023-01-30 20:00:00,35.41,35.47,35.28,35.44,1378.0,2,0.0
2023-01-31 11:00:00,34.87,35.01,34.84,35.01,372.0,12,0.0
2023-01-31 12:00:00,35.01,35.23,35.01,35.2,358.0,8,0.0
2023-01-31 13:00:00,35.19,35.51,35.19,35.39,233.0,8,0.0
2023-01-31 14:00:00,35.41,35.56,34.65,35.05,2015.0,4,0.0
2023-01-31 15:00:00,35.06,35.39,34.95,35.37,2285.0,4,0.0
2023-01-31 16:00:00,35.37,35.51,35.27,35.35,1707.0,4,0.0
2023-01-31 17:00:00,35.35,35.44,35.24,35.33,1193.0,2,0.0
2023-01-31 18:00:00,35.33,35.44,35.23,35.34,1142.0,2,0.0
2023-01-31 19:00:00,35.34,35.39,35.21,35.32,1135.0,2,0.0
2023-01-31 20:00:00,35.32,35.39,35.18,35.26,1117.0,2,0.0
2023-02-01 11:00:00,35.28,35.36,35.25,35.3,401.0,8,0.0
2023-02-01 12:00:00,35.3,35.36,35.27,35.29,268.0,8,0.0
2023-02-01 13:00:00,35.29,35.32,35.26,35.28,157.0,8,0.0
2023-02-01 14:00:00,35.27,35.53,34.98,35.24,1848.0,4,0.0
2023-02-01 15:00:00,35.25,36.12,35.14,35.68,3297.0,4,0.0
2023-02-01 16:00:00,35.68,35.97,35.65,35.71,1840.0,4,0.0
2023-02-01 17:00:00,35.71,35.75,35.56,35.64,1343.0,2,0.0
2023-02-01 18:00:00,35.64,35.82,35.56,35.61,1438.0,2,0.0
2023-02-01 19:00:00,35.6,36.19,35.35,36.06,4946.0,2,0.0
2023-02-01 20:00:00,36.07,36.52,36.03,36.42,2510.0,2,0.0
2023-02-02 11:00:00,36.34,36.36,36.27,36.3,95.0,5,0.0
2023-02-02 12:00:00,36.3,36.51,36.29,36.46,439.0,8,0.0
2023-02-02 13:00:00,36.46,36.6,36.37,36.52,380.0,8,0.0
2023-02-02 14:00:00,36.53,36.66,35.88,35.9,2318.0,2,0.0
2023-02-02 15:00:00,35.89,36.62,35.83,36.57,3098.0,2,0.0
2023-02-02 16:00:00,36.58,36.81,36.48,36.5,2476.0,2,0.0
2023-02-02 17:00:00,36.5,36.59,36.4,36.57,2005.0,2,0.0
2023-02-02 18:00:00,36.57,36.62,36.45,36.54,1715.0,2,0.0
2023-02-02 19:00:00,36.54,36.55,36.1,36.13,2444.0,2,0.0
2023-02-02 20:00:00,36.13,36.49,36.07,36.44,2001.0,2,0.0
2023-02-03 11:00:00,36.26,36.38,36.19,36.35,141.0,8,0.0
2023-02-03 12:00:00,36.35,36.37,36.27,36.36,312.0,8,0.0
2023-02-03 13:00:00,36.36,36.43,36.0,36.04,400.0,8,0.0
2023-02-03 14:00:00,36.02,36.8,35.84,36.61,2484.0,4,0.0
2023-02-03 15:00:00,36.6,37.36,36.43,37.34,3162.0,4,0.0
2023-02-03 16:00:00,37.34,37.92,37.32,37.63,2777.0,4,0.0
2023-02-03 17:00:00,37.63,37.69,37.1,37.14,2258.0,2,0.0
2023-02-03 18:00:00,37.13,37.19,36.81,36.94,2156.0,0,0.0
2023-02-03 19:00:00,36.94,36.98,36.7,36.76,1922.0,0,0.0
2023-02-03 20:00:00,36.75,36.85,36.59,36.61,1475.0,0,0.0
2023-02-06 11:00:00,36.06,36.15,36.01,36.11,330.0,5,0.0
2023-02-06 12:00:00,36.11,36.37,36.1,36.31,221.0,8,0.0
2023-02-06 13:00:00,36.31,36.38,36.28,36.31,169.0,8,0.0
2023-02-06 14:00:00,36.32,36.78,36.25,36.36,983.0,8,0.0
2023-02-06 15:00:00,36.36,36.49,36.03,36.24,1430.0,5,0.0
2023-02-06 16:00:00,36.25,36.53,36.13,36.44,1261.0,5,0.0
2023-02-06 17:00:00,36.43,36.61,36.39,36.48,1135.0,5,0.0
2023-02-06 18:00:00,36.48,36.51,36.33,36.41,1076.0,5,0.0
2023-02-06 19:00:00,36.42,36.51,36.22,36.24,960.0,4,0.0
2023-02-06 20:00:00,36.24,36.27,36.06,36.15,980.0,4,0.0
2023-02-07 11:00:00,36.13,36.24,36.09,36.1,170.0,8,0.0
2023-02-07 12:00:00,36.11,36.24,36.11,36.19,360.0,8,0.0
2023-02-07 13:00:00,36.19,36.21,35.91,35.95,430.0,8,0.0
2023-02-07 14:00:00,35.95,36.1,35.52,35.71,1404.0,5,0.0
2023-02-07 15:00:00,35.69,35.94,35.58,35.65,1746.0,4,0.0
2023-02-07 16:00:00,35.65,35.92,35.65,35.74,1169.0,4,0.0
2023-02-07 17:00:00,35.74,36.39,35.71,36.27,1739.0,2,0.0
2023-02-07 18:00:00,36.29,36.34,35.41,35.54,2638.0,4,0.0
2023-02-07 19:00:00,35.53,36.05,35.53,36.01,2149.0,4,0.0
2023-02-07 20:00:00,36.01,36.22,35.91,36.18,1206.0,2,0.0
2023-02-08 11:00:00,36.13,36.17,36.07,36.11,440.0,4,0.0
2023-02-08 12:00:00,36.11,36.2,36.08,36.11,369.0,8,0.0
2023-02-08 13:00:00,36.11,36.12,36.0,36.07,192.0,8,0.0
2023-02-08 14:00:00,36.07,36.48,35.8,36.47,1549.0,4,0.0
2023-02-08 15:00:00,36.46,36.73,36.12,36.13,2143.0,4,0.0
2023-02-08 16:00:00,36.13,36.17,35.92,36.17,1734.0,4,0.0
2023-02-08 17:00:00,36.17,36.27,36.02,36.25,1232.0,4,0.0
2023-02-08 18:00:00,36.26,36.41,36.16,36.23,1489.0,4,0.0
2023-02-08 19:00:00,36.23,36.58,36.16,36.48,1576.0,4,0.0
2023-02-08 20:00:00,36.48,36.79,36.4,36.78,1462.0,2,0.0
2023-02-09 11:00:00,37.16,37.18,37.04,37.08,117.0,12,0.0
2023-02-09 12:00:00,37.08,37.21,37.06,37.12,204.0,8,0.0
2023-02-09 13:00:00,37.17,37.3,37.11,37.27,312.0,8,0.0
2023-02-09 14:00:00,37.25,37.33,36.75,36.86,1985.0,4,0.0
2023-02-09 15:00:00,36.87,37.27,36.83,37.25,2527.0,4,0.0
2023-02-09 16:00:00,37.25,37.26,36.99,37.11,1968.0,4,0.0
2023-02-09 17:00:00,37.11,37.26,36.74,36.86,1606.0,4,0.0
2023-02-09 18:00:00,36.86,36.92,36.58,36.61,1561.0,4,0.0
2023-02-09 19:00:00,36.6,36.65,36.42,36.45,1352.0,4,0.0
2023-02-09 20:00:00,36.45,36.47,36.16,36.28,1265.0,2,0.0
2023-02-10 11:00:00,35.79,35.81,35.61,35.68,567.0,12,0.0
2023-02-10 12:00:00,35.7,35.89,35.7,35.87,390.0,8,0.0
2023-02-10 13:00:00,35.86,36.0,35.82,35.94,513.0,8,0.0
2023-02-10 14:00:00,35.95,36.17,35.75,35.76,2028.0,4,0.0
2023-02-10 15:00:00,35.75,35.94,35.43,35.52,2788.0,2,0.0
2023-02-10 16:00:00,35.51,35.55,35.29,35.29,1921.0,2,0.0
2023-02-10 17:00:00,35.29,35.35,35.07,35.34,2006.0,2,0.0
2023-02-10 18:00:00,35.35,35.47,35.15,35.17,1723.0,2,0.0
2023-02-10 19:00:00,35.17,35.19,34.8,35.02,1865.0,2,0.0
2023-02-10 20:00:00,35.02,35.07,34.8,34.86,1378.0,2,0.0
2023-02-13 11:00:00,34.92,34.94,34.89,34.91,60.0,5,0.0
2023-02-13 12:00:00,34.9,34.93,34.82,34.86,367.0,5,0.0
2023-02-13 13:00:00,34.84,34.9,34.74,34.82,172.0,8,0.0
2023-02-13 14:00:00,34.82,35.06,34.52,35.04,1580.0,4,0.0
2023-02-13 15:00:00,35.04,35.25,34.92,35.14,1933.0,4,0.0
2023-02-13 16:00:00,35.14,35.46,35.11,35.38,1644.0,2,0.0
2023-02-13 17:00:00,35.38,35.65,35.37,35.55,1543.0,2,0.0
2023-02-13 18:00:00,35.55,35.9,35.44,35.87,1487.0,2,0.0
2023-02-13 19:00:00,35.87,35.95,35.78,35.9,1701.0,2,0.0
2023-02-13 20:00:00,35.9,35.9,35.77,35.89,1283.0,2,0.0
2023-02-14 11:00:00,35.95,35.98,35.89,35.91,114.0,5,0.0
2023-02-14 12:00:00,35.89,35.94,35.8,35.88,391.0,5,0.0
2023-02-14 13:00:00,35.87,35.88,35.52,35.6,703.0,8,0.0
2023-02-14 14:00:00,35.61,36.17,35.41,36.09,1734.0,5,0.0
2023-02-14 15:00:00,36.1,36.33,35.46,35.65,2665.0,4,0.0
2023-02-14 16:00:00,35.66,35.92,35.32,35.5,2112.0,4,0.0
2023-02-14 17:00:00,35.5,35.75,35.45,35.65,1604.0,4,0.0
2023-02-14 18:00:00,35.65,35.96,35.64,35.75,1575.0,2,0.0
2023-02-14 19:00:00,35.75,35.88,35.62,35.84,1410.0,4,0.0
2023-02-14 20:00:00,35.84,35.97,35.76,35.96,1160.0,2,0.0
2023-02-15 11:00:00,35.65,35.74,35.61,35.68,238.0,8,0.0
2023-02-15 12:00:00,35.68,35.82,35.68,35.75,456.0,8,0.0
2023-02-15 13:00:00,35.75,36.05,35.65,35.75,298.0,8,0.0
2023-02-15 14:00:00,35.75,36.02,35.4,35.64,1406.0,5,0.0
2023-02-15 15:00:00,35.64,35.79,35.42,35.57,1913.0,4,0.0
2023-02-15 16:00:00,35.56,35.99,35.49,35.82,1611.0,2,0.0
2023-02-15 17:00:00,35.82,35.89,35.7,35.85,1173.0,4,0.0
2023-02-15 18:00:00,35.85,36.15,35.81,36.09,1188.0,4,0.0
2023-02-15 19:00:00,36.1,36.27,36.03,36.05,1184.0,2,0.0
2023-02-15 20:00:00,36.06,36.15,35.97,36.12,984.0,4,0.0
2023-02-16 11:00:00,36.15,36.18,36.11,36.15,281.0,4,0.0
2023-02-16 12:00:00,36.15,36.19,36.0,36.0,211.0,8,0.0
2023-02-16 13:00:00,36.01,36.03,35.58,35.64,514.0,8,0.0
2023-02-16 14:00:00,35.64,35.76,35.19,35.29,1777.0,4,0.0
2023-02-16 15:00:00,35.28,35.9,35.19,35.7,2372.0,2,0.0
2023-02-16 16:00:00,35.71,36.09,35.61,36.06,1667.0,4,0.0
2023-02-16 17:00:00,36.06,36.13,35.89,35.9,1457.0,4,0.0
2023-02-16 18:00:00,35.9,35.93,35.75,35.85,1103.0,4,0.0
2023-02-16 19:00:00,35.85,35.89,35.66,35.66,1144.0,4,0.0
2023-02-16 20:00:00,35.67,35.69,35.16,35.24,1542.0,4,0.0
2023-02-17 11:00:00,34.78,34.79,34.73,34.75,112.0,12,0.0
2023-02-17 12:00:00,34.75,34.88,34.62,34.76,531.0,8,0.0
2023-02-17 13:00:00,34.75,34.76,34.62,34.67,282.0,8,0.0
2023-02-17 14:00:00,34.67,34.87,34.23,34.26,1458.0,5,0.0
2023-02-17 15:00:00,34.25,34.7,34.25,34.39,1915.0,4,0.0
2023-02-17 16:00:00,34.39,34.61,34.26,34.61,1427.0,4,0.0
2023-02-17 17:00:00,34.61,34.76,34.52,34.57,1327.0,4,0.0
2023-02-17 18:00:00,34.57,34.68,34.5,34.58,1146.0,4,0.0
2023-02-17 19:00:00,34.58,34.85,34.53,34.81,1226.0,4,0.0
2023-02-17 20:00:00,34.81,34.88,34.7,34.76,1093.0,4,0.0
2023-02-21 11:00:00,34.43,34.45,34.4,34.43,174.0,8,0.0
2023-02-21 12:00:00,34.43,34.44,34.35,34.42,162.0,8,0.0
2023-02-21 13:00:00,34.42,34.42,34.22,34.26,281.0,8,0.0
2023-02-21 14:00:00,34.25,34.38,34.04,34.08,1377.0,4,0.0
2023-02-21 15:00:00,34.08,34.36,33.93,34.07,1923.0,4,0.0
2023-02-21 16:00:00,34.08,34.32,34.08,34.14,1541.0,4,0.0
2023-02-21 17:00:00,34.14,34.17,33.9,33.99,1299.0,4,0.0
2023-02-21 18:00:00,33.99,34.02,33.68,33.68,1512.0,2,0.0
2023-02-21 19:00:00,33.68,33.87,33.63,33.84,1397.0,2,0.0
2023-02-21 20:00:00,33.84,33.86,33.66,33.75,1112.0,2,0.0
2023-02-22 11:00:00,33.71,33.71,33.57,33.61,624.0,4,0.0
2023-02-22 12:00:00,33.61,33.89,33.61,33.81,789.0,8,0.0
2023-02-22 13:00:00,33.81,33.81,33.73,33.75,103.0,12,0.0
2023-02-22 14:00:00,33.78,34.17,33.53,33.84,1559.0,4,0.0
2023-02-22 15:00:00,33.84,33.93,33.57,33.62,2169.0,2,0.0
2023-02-22 16:00:00,33.61,33.73,33.44,33.62,1633.0,2,0.0
2023-02-22 17:00:00,33.62,33.8,33.55,33.7,1382.0,2,0.0
2023-02-22 18:00:00,33.71,33.83,33.68,33.78,1487.0,2,0.0
2023-02-22 19:00:00,33.78,33.83,33.34,33.36,2664.0,2,0.0
2023-02-22 20:00:00,33.35,33.58,33.27,33.43,1436.0,2,0.0
2023-02-23 11:00:00,33.59,33.6,33.53,33.6,325.0,8,0.0
2023-02-23 12:00:00,33.6,33.7,32.84,33.12,880.0,8,0.0
2023-02-23 13:00:00,33.13,33.39,33.05,33.1,350.0,12,0.0
2023-02-23 14:00:00,33.12,33.15,32.13,32.23,2644.0,4,0.0
2023-02-23 15:00:00,32.23,32.42,31.74,31.86,3120.0,4,0.0
2023-02-23 16:00:00,31.85,31.99,31.46,31.53,2150.0,4,0.0
2023-02-23 17:00:00,31.53,31.81,31.42,31.81,1774.0,2,0.0
2023-02-23 18:00:00,31.81,32.18,31.71,32.17,1732.0,2,0.0
2023-02-23 19:00:00,32.17,32.52,32.14,32.43,1885.0,2,0.0
2023-02-23 20:00:00,32.43,32.76,32.43,32.65,1459.0,2,0.0
2023-02-24 11:00:00,31.92,31.96,31.86,31.9,669.0,12,0.0
2023-02-24 12:00:00,31.9,32.1,31.87,32.04,514.0,8,0.0
2023-02-24 13:00:00,32.02,32.1,31.66,31.72,418.0,8,0.0
2023-02-24 14:00:00,31.72,32.09,31.58,31.87,1745.0,4,0.0
2023-02-24 15:00:00,31.85,31.9,31.47,31.76,2726.0,2,0.0
2023-02-24 16:00:00,31.76,31.8,31.51,31.69,1994.0,2,0.0
2023-02-24 17:00:00,31.7,31.73,31.45,31.48,1585.0,2,0.0
2023-02-24 18:00:00,31.48,31.78,31.45,31.72,1637.0,2,0.0
2023-02-24 19:00:00,31.72,31.76,31.55,31.64,1552.0,2,0.0
2023-02-24 20:00:00,31.64,31.68,31.45,31.5,1423.0,2,0.0
2023-02-27 11:00:00,31.88,31.91,31.85,31.86,224.0,12,0.0
2023-02-27 12:00:00,31.86,32.03,31.86,31.95,424.0,8,0.0
2023-02-27 13:00:00,31.94,32.27,31.94,32.24,406.0,8,0.0
2023-02-27 14:00:00,32.24,32.81,32.2,32.73,1821.0,5,0.0
2023-02-27 15:00:00,32.73,32.98,32.47,32.55,2266.0,4,0.0
2023-02-27 16:00:00,32.56,32.63,32.44,32.58,1567.0,4,0.0
2023-02-27 17:00:00,32.58,32.61,32.48,32.57,1299.0,2,0.0
2023-02-27 18:00:00,32.57,32.58,32.36,32.46,1283.0,2,0.0
2023-02-27 19:00:00,32.46,32.53,32.25,32.34,1172.0,2,0.0
2023-02-27 20:00:00,32.34,32.38,32.2,32.26,1302.0,2,0.0
2023-02-28 11:00:00,32.38,32.45,32.32,32.44,441.0,8,0.0
2023-02-28 12:00:00,32.43,32.57,32.39,32.51,620.0,8,0.0
2023-02-28 13:00:00,32.5,32.52,32.21,32.26,790.0,8,0.0
2023-02-28 14:00:00,32.25,32.65,32.2,32.6,1189.0,5,0.0
2023-02-28 15:00:00,32.61,32.73,32.39,32.48,1805.0,4,0.0
2023-02-28 16:00:00,32.48,32.58,32.34,32.39,1239.0,2,0.0
2023-02-28 17:00:00,32.4,32.5,32.32,32.44,1132.0,2,0.0
2023-02-28 18:00:00,32.44,32.49,32.32,32.38,1134.0,2,0.0
2023-02-28 19:00:00,32.38,32.4,32.25,32.27,1008.0,2,0.0
2023-02-28 20:00:00,32.27,32.27,32.11,32.22,1002.0,2,0.0
2023-03-01 11:00:00,32.36,32.52,32.33,32.41,417.0,8,0.0
2023-03-01 12:00:00,32.41,32.44,32.34,32.39,244.0,8,0.0
2023-03-01 13:00:00,32.39,32.4,32.18,32.23,234.0,8,0.0
2023-03-01 14:00:00,32.23,32.61,32.05,32.12,1196.0,5,0.0
2023-03-01 15:00:00,32.11,32.23,31.89,32.14,1797.0,4,0.0
2023-03-01 16:00:00,32.14,32.14,31.83,31.93,1599.0,4,0.0
2023-03-01 17:00:00,31.93,31.97,31.76,31.78,1102.0,2,0.0
2023-03-01 18:00:00,31.78,31.78,31.69,31.75,1220.0,2,0.0
2023-03-01 19:00:00,31.74,31.74,31.55,31.58,1207.0,2,0.0
2023-03-01 20:00:00,31.59,31.6,31.25,31.37,1431.0,2,0.0
2023-03-02 11:00:00,31.09,31.14,31.08,31.11,166.0,8,0.0
2023-03-02 12:00:00,31.14,31.23,31.08,31.08,540.0,8,0.0
2023-03-02 13:00:00,31.09,31.12,30.91,30.99,374.0,8,0.0
2023-03-02 14:00:00,30.98,31.49,30.91,31.32,1597.0,4,0.0
2023-03-02 15:00:00,31.33,31.5,31.18,31.33,1818.0,4,0.0
2023-03-02 16:00:00,31.33,31.37,31.13,31.15,1179.0,2,0.0
2023-03-02 17:00:00,31.15,31.24,31.07,31.19,943.0,2,0.0
2023-03-02 18:00:00,31.19,31.32,31.07,31.3,947.0,2,0.0
2023-03-02 19:00:00,31.3,31.36,31.22,31.26,1096.0,2,0.0
2023-03-02 20:00:00,31.26,31.38,31.18,31.35,921.0,2,0.0
2023-03-03 11:00:00,31.36,31.55,31.31,31.37,227.0,5,0.0
2023-03-03 12:00:00,31.37,31.4,31.23,31.25,486.0,8,0.0
2023-03-03 13:00:00,31.25,31.39,31.24,31.3,274.0,8,0.0
2023-03-03 14:00:00,31.35,31.72,31.05,31.61,1660.0,4,0.0
2023-03-03 15:00:00,31.63,31.69,31.38,31.47,1823.0,2,0.0
2023-03-03 16:00:00,31.47,31.56,31.36,31.55,1363.0,2,0.0
2023-03-03 17:00:00,31.55,31.61,31.44,31.57,1156.0,2,0.0
2023-03-03 18:00:00,31.57,31.57,31.42,31.5,951.0,2,0.0
2023-03-03 19:00:00,31.5,31.66,31.46,31.58,1280.0,2,0.0
2023-03-03 20:00:00,31.58,31.62,31.48,31.52,1186.0,2,0.0
2023-03-06 11:00:00,31.48,31.5,31.37,31.41,234.0,4,0.0
2023-03-06 12:00:00,31.41,31.5,31.39,31.48,396.0,5,0.0
2023-03-06 13:00:00,31.48,31.64,31.47,31.58,202.0,5,0.0
2023-03-06 14:00:00,31.61,32.22,31.57,32.14,1468.0,4,0.0
2023-03-06 15:00:00,32.14,32.3,32.01,32.27,1948.0,2,0.0
2023-03-06 16:00:00,32.27,32.31,32.06,32.22,1572.0,2,0.0
2023-03-06 17:00:00,32.22,32.22,31.85,31.9,1218.0,2,0.0
2023-03-06 18:00:00,31.9,31.91,31.64,31.65,1431.0,2,0.0
2023-03-06 19:00:00,31.65,31.65,31.44,31.46,1470.0,2,0.0
2023-03-06 20:00:00,31.46,31.48,31.23,31.31,1193.0,2,0.0
2023-03-07 11:00:00,31.31,31.34,31.25,31.28,841.0,4,0.0
2023-03-07 12:00:00,31.29,31.34,31.23,31.3,309.0,8,0.0
2023-03-07 13:00:00,31.3,31.3,31.24,31.28,61.0,8,0.0
2023-03-07 14:00:00,31.28,31.39,31.11,31.13,1220.0,4,0.0
2023-03-07 15:00:00,31.12,31.24,30.65,30.96,3546.0,2,0.0
2023-03-07 16:00:00,30.97,31.12,30.88,30.95,2985.0,2,0.0
2023-03-07 17:00:00,30.95,31.34,30.94,31.15,2685.0,2,0.0
2023-03-07 18:00:00,31.15,31.17,30.82,30.91,2381.0,2,0.0
2023-03-07 19:00:00,30.91,31.03,30.78,30.83,1695.0,2,0.0
2023-03-07 20:00:00,30.83,30.94,30.77,30.9,1416.0,2,0.0
2023-03-08 11:00:00,30.92,30.93,30.9,30.91,278.0,4,0.0
2023-03-08 12:00:00,30.92,30.95,30.79,30.84,362.0,4,0.0
2023-03-08 13:00:00,30.84,30.9,30.79,30.88,405.0,8,0.0
2023-03-08 14:00:00,30.88,30.98,30.61,30.76,1351.0,4,0.0
2023-03-08 15:00:00,30.76,31.04,30.57,30.86,2462.0,2,0.0
2023-03-08 16:00:00,30.87,31.11,30.86,31.04,1680.0,2,0.0
2023-03-08 17:00:00,31.05,31.06,30.86,30.93,1316.0,2,0.0
2023-03-08 18:00:00,30.92,30.95,30.76,30.8,1704.0,2,0.0
2023-03-08 19:00:00,30.8,31.0,30.8,30.91,1139.0,2,0.0
2023-03-08 20:00:00,30.9,31.07,30.85,31.07,1043.0,2,0.0
2023-03-09 11:00:00,30.82,30.97,30.8,30.91,735.0,12,0.0
2023-03-09 12:00:00,30.95,31.01,30.8,30.97,457.0,12,0.0
2023-03-09 13:00:00,31.0,31.27,30.95,31.19,389.0,8,0.0
2023-03-09 14:00:00,31.19,31.37,30.87,31.15,1755.0,4,0.0
2023-03-09 15:00:00,31.16,31.21,30.66,30.7,2336.0,2,0.0
2023-03-09 16:00:00,30.7,30.73,30.44,30.46,2220.0,2,0.0
2023-03-09 17:00:00,30.47,30.49,30.13,30.2,2084.0,2,0.0
2023-03-09 18:00:00,30.19,30.24,29.6,29.65,2334.0,2,0.0
2023-03-09 19:00:00,29.65,29.84,29.48,29.62,2404.0,2,0.0
2023-03-09 20:00:00,29.62,29.74,29.47,29.72,1911.0,2,0.0
2023-03-10 11:00:00,29.68,29.83,29.56,29.73,888.0,2,0.0
2023-03-10 12:00:00,29.73,29.75,29.64,29.68,690.0,8,0.0
2023-03-10 13:00:00,29.68,30.01,29.54,29.88,1160.0,8,0.0
2023-03-10 14:00:00,29.88,29.89,29.22,29.51,1950.0,4,0.0
2023-03-10 15:00:00,29.51,29.83,29.28,29.61,3314.0,4,0.0
2023-03-10 16:00:00,29.61,29.76,29.34,29.36,2165.0,2,0.0
2023-03-10 17:00:00,29.36,29.46,29.16,29.17,1969.0,2,0.0
2023-03-10 18:00:00,29.17,29.21,28.89,28.94,2145.0,2,0.0
2023-03-10 19:00:00,28.93,29.33,28.93,29.22,2665.0,2,0.0
2023-03-10 20:00:00,29.22,29.24,29.0,29.07,1554.0,2,0.0
2023-03-13 10:00:00,29.31,29.57,29.29,29.55,946.0,8,0.0
2023-03-13 11:00:00,29.54,29.59,29.27,29.34,1375.0,12,0.0
2023-03-13 12:00:00,29.34,29.44,28.55,28.84,909.0,8,0.0
2023-03-13 13:00:00,28.81,29.31,28.5,29.19,1792.0,4,0.0
2023-03-13 14:00:00,29.18,29.51,28.91,29.51,3951.0,2,0.0
2023-03-13 15:00:00,29.52,29.89,29.3,29.77,3353.0,2,0.0
2023-03-13 16:00:00,29.77,29.87,29.4,29.45,3020.0,2,0.0
2023-03-13 17:00:00,29.45,29.62,29.36,29.55,2457.0,2,0.0
2023-03-13 18:00:00,29.56,29.85,29.56,29.78,3099.0,2,0.0
2023-03-13 19:00:00,29.78,29.82,29.4,29.5,2087.0,2,0.0
2023-03-14 11:00:00,29.48,29.6,29.47,29.52,336.0,8,0.0
2023-03-14 12:00:00,29.52,29.81,29.29,29.65,519.0,8,0.0
2023-03-14 13:00:00,29.65,29.8,29.1,29.25,2418.0,4,0.0
2023-03-14 14:00:00,29.25,29.53,29.16,29.42,2644.0,2,0.0
2023-03-14 15:00:00,29.42,29.54,29.31,29.45,1854.0,2,0.0
2023-03-14 16:00:00,29.45,29.7,29.37,29.56,2020.0,2,0.0
2023-03-14 17:00:00,29.57,29.63,29.24,29.36,2409.0,2,0.0
2023-03-14 18:00:00,29.36,29.39,29.13,29.16,1985.0,2,0.0
2023-03-14 19:00:00,29.17,29.31,29.02,29.31,2041.0,2,0.0
2023-03-15 10:00:00,29.19,29.32,28.66,29.0,1021.0,12,0.0
2023-03-15 11:00:00,29.04,29.3,29.0,29.1,1531.0,12,0.0
2023-03-15 12:00:00,29.09,29.3,28.82,29.13,1010.0,12,0.0
2023-03-15 13:00:00,29.13,29.68,29.03,29.58,1801.0,4,0.0
2023-03-15 14:00:00,29.57,29.9,29.43,29.73,3226.0,2,0.0
2023-03-15 15:00:00,29.73,30.24,29.63,30.16,2786.0,2,0.0
2023-03-15 16:00:00,30.16,30.25,29.75,29.85,2703.0,2,0.0
2023-03-15 17:00:00,29.84,30.34,29.8,30.31,2548.0,2,0.0
2023-03-15 18:00:00,30.31,30.6,30.04,30.57,3223.0,2,0.0
2023-03-15 19:00:00,30.57,30.61,30.28,30.39,2142.0,2,0.0
2023-03-16 10:00:00,30.52,30.63,30.51,30.6,217.0,8,0.0
2023-03-16 11:00:00,30.58,30.67,30.55,30.62,624.0,5,0.0
2023-03-16 12:00:00,30.62,30.77,30.48,30.53,592.0,8,0.0
2023-03-16 13:00:00,30.54,30.55,30.2,30.38,1598.0,4,0.0
2023-03-16 14:00:00,30.38,30.92,30.16,30.89,3000.0,2,0.0
2023-03-16 15:00:00,30.88,31.51,30.78,31.47,2738.0,2,0.0
2023-03-16 16:00:00,31.47,31.64,31.35,31.36,1563.0,2,0.0
2023-03-16 17:00:00,31.31,31.37,31.25,31.3,807.0,2,0.0
2023-03-16 18:00:00,31.3,31.3,31.03,31.1,2065.0,2,0.0
2023-03-16 19:00:00,31.1,31.16,31.01,31.09,1576.0,2,0.0
2023-03-17 10:00:00,31.13,31.22,31.1,31.2,161.0,8,0.0
2023-03-17 11:00:00,31.18,31.22,30.97,31.13,627.0,8,0.0
2023-03-17 12:00:00,31.13,31.13,30.76,30.78,298.0,8,0.0
2023-03-17 13:00:00,30.78,31.07,30.53,30.67,1821.0,2,0.0
2023-03-17 14:00:00,30.68,30.95,30.1,30.32,3179.0,2,0.0
2023-03-17 15:00:00,30.32,30.51,30.19,30.32,2502.0,2,0.0
2023-03-17 16:00:00,30.32,30.46,30.21,30.26,1934.0,2,0.0
2023-03-17 17:00:00,30.26,30.39,30.25,30.38,2057.0,2,0.0
2023-03-17 18:00:00,30.39,30.43,29.99,30.11,2184.0,2,0.0
2023-03-17 19:00:00,30.11,30.31,30.06,30.29,1649.0,2,0.0
2023-03-20 10:00:00,30.19,30.3,30.16,30.28,930.0,5,0.0
2023-03-20 11:00:00,30.25,30.39,30.11,30.18,778.0,8,0.0
2023-03-20 12:00:00,30.18,30.49,30.17,30.31,366.0,12,0.0
2023-03-20 13:00:00,30.31,30.47,29.57,29.92,1653.0,4,0.0
2023-03-20 14:00:00,29.92,30.66,29.92,30.66,2228.0,2,0.0
2023-03-20 15:00:00,30.66,30.73,30.37,30.38,1637.0,2,0.0
2023-03-20 16:00:00,30.38,30.4,30.15,30.38,1652.0,2,0.0
2023-03-20 17:00:00,30.38,30.49,30.34,30.36,1199.0,2,0.0
2023-03-20 18:00:00,30.36,30.52,30.26,30.48,1430.0,2,0.0
2023-03-20 19:00:00,30.48,30.5,30.34,30.44,1113.0,2,0.0
2023-03-21 10:00:00,30.52,30.58,30.49,30.51,348.0,5,0.0
2023-03-21 11:00:00,30.5,30.84,30.5,30.64,885.0,8,0.0
2023-03-21 12:00:00,30.62,30.68,30.53,30.55,267.0,12,0.0
2023-03-21 13:00:00,30.55,30.74,30.03,30.18,1371.0,4,0.0
2023-03-21 14:00:00,30.19,30.57,30.05,30.36,2060.0,2,0.0
2023-03-21 15:00:00,30.36,30.43,30.25,30.27,1583.0,2,0.0
2023-03-21 16:00:00,30.26,30.69,30.25,30.62,1468.0,2,0.0
2023-03-21 17:00:00,30.63,30.65,30.42,30.42,1310.0,2,0.0
2023-03-21 18:00:00,30.42,30.68,30.4,30.63,1046.0,2,0.0
2023-03-21 19:00:00,30.63,30.7,30.53,30.7,1089.0,2,0.0
2023-03-22 10:00:00,30.45,30.5,30.43,30.46,87.0,8,0.0
2023-03-22 11:00:00,30.47,30.5,30.41,30.43,329.0,8,0.0
2023-03-22 12:00:00,30.43,30.5,30.4,30.47,159.0,8,0.0
2023-03-22 13:00:00,30.46,30.67,30.23,30.36,937.0,5,0.0
2023-03-22 14:00:00,30.36,30.38,29.9,30.12,1809.0,4,0.0
2023-03-22 15:00:00,30.12,30.18,30.0,30.01,1168.0,4,0.0
2023-03-22 16:00:00,30.01,30.1,29.95,30.03,901.0,4,0.0
2023-03-22 17:00:00,30.03,30.19,29.96,30.18,846.0,2,0.0
2023-03-22 18:00:00,30.18,30.55,29.95,30.03,2636.0,4,0.0
2023-03-22 19:00:00,30.03,30.15,29.75,29.84,1719.0,4,0.0
2023-03-23 10:00:00,29.75,29.87,29.69,29.85,468.0,8,0.0
2023-03-23 11:00:00,29.85,30.02,29.83,29.98,498.0,8,0.0
2023-03-23 12:00:00,29.99,30.2,29.85,30.1,553.0,8,0.0
2023-03-23 13:00:00,30.09,31.8,29.99,31.8,2450.0,5,0.0
2023-03-23 14:00:00,31.81,32.21,31.81,32.0,2937.0,4,0.0
2023-03-23 15:00:00,32.0,32.26,31.92,32.18,2148.0,4,0.0
2023-03-23 16:00:00,32.17,32.17,31.9,32.03,1636.0,4,0.0
2023-03-23 17:00:00,32.03,32.09,31.59,31.63,1649.0,4,0.0
2023-03-23 18:00:00,31.63,31.67,31.2,31.6,2084.0,4,0.0
2023-03-23 19:00:00,31.6,31.82,31.33,31.8,1820.0,4,0.0
2023-03-24 10:00:00,31.89,31.91,31.81,31.89,868.0,8,0.0
2023-03-24 11:00:00,31.89,31.89,31.71,31.79,788.0,8,0.0
2023-03-24 12:00:00,31.79,32.12,31.72,32.1,348.0,8,0.0
2023-03-24 13:00:00,32.1,33.08,31.94,33.04,2315.0,4,0.0
2023-03-24 14:00:00,33.03,33.16,32.55,32.92,2820.0,4,0.0
2023-03-24 15:00:00,32.92,32.92,32.43,32.76,2121.0,4,0.0
2023-03-24 16:00:00,32.76,32.87,32.57,32.65,1614.0,4,0.0
2023-03-24 17:00:00,32.64,32.7,32.51,32.57,1422.0,4,0.0
2023-03-24 18:00:00,32.57,32.92,32.54,32.8,1314.0,4,0.0
2023-03-24 19:00:00,32.8,33.08,32.78,32.88,1172.0,4,0.0
2023-03-27 10:00:00,32.88,32.9,32.81,32.87,400.0,4,0.0
2023-03-27 11:00:00,32.87,32.91,32.84,32.88,508.0,8,0.0
2023-03-27 12:00:00,32.9,32.92,32.8,32.81,128.0,8,0.0
2023-03-27 13:00:00,32.82,33.46,32.53,33.36,1466.0,5,0.0
2023-03-27 14:00:00,33.36,33.61,33.28,33.32,1946.0,4,0.0
2023-03-27 15:00:00,33.32,33.36,32.77,32.81,1386.0,4,0.0
2023-03-27 16:00:00,32.81,32.92,32.57,32.58,1201.0,4,0.0
2023-03-27 17:00:00,32.59,32.76,32.43,32.65,1417.0,4,0.0
2023-03-27 18:00:00,32.65,32.91,32.63,32.83,904.0,4,0.0
2023-03-27 19:00:00,32.83,32.84,32.71,32.79,666.0,4,0.0
2023-03-28 10:00:00,32.69,32.7,32.66,32.67,148.0,5,0.0
2023-03-28 11:00:00,32.69,32.81,32.66,32.77,402.0,5,0.0
2023-03-28 12:00:00,32.77,32.82,32.61,32.64,401.0,8,0.0
2023-03-28 13:00:00,32.61,32.81,32.32,32.8,1325.0,5,0.0
2023-03-28 14:00:00,32.81,33.3,32.72,32.77,2171.0,4,0.0
2023-03-28 15:00:00,32.77,32.89,32.65,32.67,1155.0,4,0.0
2023-03-28 16:00:00,32.67,32.69,32.44,32.49,1158.0,4,0.0
2023-03-28 17:00:00,32.49,32.51,32.15,32.17,1217.0,4,0.0
2023-03-28 18:00:00,32.17,32.4,32.17,32.32,1051.0,4,0.0
2023-03-28 19:00:00,32.32,32.38,32.11,32.22,831.0,4,0.0
2023-03-29 10:00:00,32.55,32.59,32.55,32.58,21.0,4,0.0
2023-03-29 11:00:00,32.58,32.67,32.58,32.6,420.0,4,0.0
2023-03-29 12:00:00,32.6,32.67,32.55,32.63,128.0,8,0.0
2023-03-29 13:00:00,32.64,32.96,32.5,32.81,1271.0,5,0.0
2023-03-29 14:00:00,32.82,32.91,32.57,32.69,1206.0,5,0.0
2023-03-29 15:00:00,32.69,32.88,32.69,32.84,763.0,4,0.0
2023-03-29 16:00:00,32.85,33.09,32.8,32.83,878.0,4,0.0
2023-03-29 17:00:00,32.83,32.98,32.82,32.91,690.0,4,0.0
2023-03-29 18:00:00,32.9,33.15,32.86,33.14,821.0,4,0.0
2023-03-29 19:00:00,33.14,33.21,33.06,33.14,838.0,4,0.0
2023-03-30 10:00:00,33.28,33.43,33.28,33.4,561.0,8,0.0
2023-03-30 11:00:00,33.4,33.52,33.34,33.45,634.0,8,0.0
2023-03-30 12:00:00,33.44,33.66,33.41,33.63,637.0,8,0.0
2023-03-30 13:00:00,33.62,34.3,33.55,34.23,1812.0,5,0.0
2023-03-30 14:00:00,34.23,34.23,33.62,33.74,1897.0,4,0.0
2023-03-30 15:00:00,33.74,33.78,33.52,33.64,1322.0,4,0.0
2023-03-30 16:00:00,33.64,33.86,33.6,33.82,1297.0,4,0.0
2023-03-30 17:00:00,33.83,33.91,33.63,33.68,1055.0,4,0.0
2023-03-30 18:00:00,33.69,33.88,33.61,33.88,914.0,4,0.0
2023-03-30 19:00:00,33.87,33.96,33.83,33.91,855.0,2,0.0
2023-03-31 10:00:00,34.1,34.14,34.05,34.07,321.0,8,0.0
2023-03-31 11:00:00,34.08,34.12,34.03,34.04,208.0,8,0.0
2023-03-31 12:00:00,34.05,34.17,33.99,34.1,268.0,8,0.0
2023-03-31 13:00:00,34.1,34.28,33.69,34.06,1278.0,8,0.0
2023-03-31 14:00:00,34.06,34.18,33.99,34.05,1227.0,4,0.0
2023-03-31 15:00:00,34.05,34.13,34.0,34.08,833.0,4,0.0
2023-03-31 16:00:00,34.08,34.25,34.07,34.24,679.0,4,0.0
2023-03-31 17:00:00,34.24,34.35,34.2,34.3,680.0,4,0.0
2023-03-31 18:00:00,34.3,34.4,34.3,34.38,725.0,4,0.0
2023-03-31 19:00:00,34.38,34.55,34.38,34.42,751.0,4,0.0
2023-04-03 10:00:00,34.29,34.37,34.2,34.37,949.0,8,0.0
2023-04-03 11:00:00,34.37,34.41,34.23,34.26,517.0,8,0.0
2023-04-03 12:00:00,34.27,34.29,34.14,34.24,409.0,8,0.0
2023-04-03 13:00:00,34.25,34.39,34.0,34.27,1140.0,5,0.0
2023-04-03 14:00:00,34.29,34.61,34.23,34.29,1397.0,4,0.0
2023-04-03 15:00:00,34.29,34.61,34.27,34.57,1151.0,4,0.0
2023-04-03 16:00:00,34.58,34.74,34.54,34.57,930.0,4,0.0
2023-04-03 17:00:00,34.58,34.64,34.48,34.54,712.0,4,0.0
2023-04-03 18:00:00,34.54,34.67,34.46,34.66,714.0,4,0.0
2023-04-03 19:00:00,34.66,34.74,34.63,34.67,682.0,4,0.0
2023-04-04 10:00:00,34.98,35.01,34.94,34.99,250.0,8,0.0
2023-04-04 11:00:00,34.97,34.99,34.91,34.92,238.0,8,0.0
2023-04-04 12:00:00,34.92,34.95,34.86,34.93,152.0,8,0.0
2023-04-04 13:00:00,34.91,34.94,34.52,34.64,1081.0,5,0.0
2023-04-04 14:00:00,34.64,34.76,34.38,34.7,1620.0,4,0.0
2023-04-04 15:00:00,34.7,34.72,34.57,34.62,869.0,5,0.0
2023-04-04 16:00:00,34.61,34.64,34.48,34.6,881.0,2,0.0
2023-04-04 17:00:00,34.6,34.62,34.49,34.53,644.0,4,0.0
2023-04-04 18:00:00,34.52,34.6,34.45,34.51,735.0,4,0.0
2023-04-04 19:00:00,34.51,34.61,34.47,34.52,648.0,4,0.0
2023-04-05 10:00:00,34.52,34.56,34.51,34.56,322.0,4,0.0
2023-04-05 11:00:00,34.55,34.61,34.5,34.56,427.0,5,0.0
2023-04-05 12:00:00,34.57,34.68,34.5,34.56,678.0,8,0.0
2023-04-05 13:00:00,34.56,34.61,34.08,34.1,1366.0,2,0.0
2023-04-05 14:00:00,34.11,34.12,33.64,33.64,2049.0,4,0.0
2023-04-05 15:00:00,33.64,33.8,33.62,33.74,1201.0,4,0.0
2023-04-05 16:00:00,33.74,33.97,33.73,33.93,1034.0,4,0.0
2023-04-05 17:00:00,33.93,34.12,33.92,34.1,1077.0,4,0.0
2023-04-05 18:00:00,34.1,34.3,34.04,34.25,1125.0,4,0.0
2023-04-05 19:00:00,34.25,34.27,34.01,34.15,997.0,4,0.0
2023-04-06 10:00:00,33.87,33.96,33.79,33.93,553.0,12,0.0
2023-04-06 11:00:00,33.93,34.03,33.91,34.01,409.0,8,0.0
2023-04-06 12:00:00,34.01,34.04,33.8,33.88,318.0,8,0.0
2023-04-06 13:00:00,33.89,33.98,33.25,33.36,1174.0,5,0.0
2023-04-06 14:00:00,33.36,33.71,33.36,33.58,1337.0,4,0.0
2023-04-06 15:00:00,33.58,33.85,33.55,33.8,1074.0,4,0.0
2023-04-06 16:00:00,33.8,33.88,33.67,33.68,867.0,4,0.0
2023-04-06 17:00:00,33.68,33.88,33.68,33.85,726.0,4,0.0
2023-04-06 18:00:00,33.85,34.01,33.84,33.99,783.0,4,0.0
2023-04-06 19:00:00,33.99,34.01,33.77,33.86,684.0,4,0.0
2023-04-10 10:00:00,33.89,33.94,33.85,33.88,44.0,4,0.0
2023-04-10 11:00:00,33.88,33.89,33.69,33.76,229.0,5,0.0
2023-04-10 12:00:00,33.76,33.76,33.49,33.52,847.0,8,0.0
2023-04-10 13:00:00,33.52,33.67,33.31,33.52,931.0,4,0.0
2023-04-10 14:00:00,33.52,33.68,33.4,33.64,1891.0,2,0.0
2023-04-10 15:00:00,33.64,33.8,33.61,33.62,1484.0,2,0.0
2023-04-10 16:00:00,33.62,33.79,33.51,33.76,1363.0,2,0.0
2023-04-10 17:00:00,33.76,33.9,33.74,33.84,1306.0,2,0.0
2023-04-10 18:00:00,33.84,33.97,33.8,33.95,1241.0,2,0.0
2023-04-10 19:00:00,33.96,33.97,33.8,33.85,908.0,2,0.0
2023-04-11 10:00:00,33.99,34.04,33.94,34.04,299.0,8,0.0
2023-04-11 11:00:00,34.03,34.2,33.91,34.16,424.0,8,0.0
2023-04-11 12:00:00,34.15,34.44,34.13,34.34,158.0,8,0.0
2023-04-11 13:00:00,34.28,34.66,34.15,34.29,1226.0,4,0.0
2023-04-11 14:00:00,34.29,34.32,33.88,34.02,2130.0,2,0.0
2023-04-11 15:00:00,34.02,34.16,33.99,34.09,1496.0,2,0.0
2023-04-11 16:00:00,34.09,34.17,33.93,33.99,1545.0,2,0.0
2023-04-11 17:00:00,33.99,34.1,33.95,34.07,1057.0,2,0.0
2023-04-11 18:00:00,34.07,34.08,33.91,33.95,1208.0,2,0.0
2023-04-11 19:00:00,33.95,34.04,33.81,33.83,1217.0,2,0.0
2023-04-12 10:00:00,34.15,34.31,33.75,33.91,556.0,12,0.0
2023-04-12 11:00:00,33.94,33.94,33.81,33.83,311.0,12,0.0
2023-04-12 12:00:00,33.84,34.27,33.73,34.07,385.0,12,0.0
2023-04-12 13:00:00,34.06,34.23,33.5,33.51,1220.0,4,0.0
2023-04-12 14:00:00,33.51,33.85,33.43,33.59,2180.0,2,0.0
2023-04-12 15:00:00,33.59,33.83,33.52,33.8,1676.0,2,0.0
2023-04-12 16:00:00,33.8,33.83,33.59,33.69,1498.0,2,0.0
2023-04-12 17:00:00,33.7,33.75,33.45,33.46,1396.0,2,0.0
2023-04-12 18:00:00,33.46,33.59,33.3,33.37,2227.0,2,0.0
2023-04-12 19:00:00,33.37,33.42,33.02,33.03,1466.0,2,0.0
2023-04-13 10:00:00,33.22,33.25,33.12,33.14,361.0,8,0.0
2023-04-13 11:00:00,33.14,33.9,33.12,33.71,535.0,8,0.0
2023-04-13 12:00:00,33.72,34.11,33.55,34.04,744.0,12,0.0
2023-04-13 13:00:00,34.03,34.38,33.82,34.06,2107.0,4,0.0
2023-04-13 14:00:00,34.07,34.47,34.0,34.41,2235.0,2,0.0
2023-04-13 15:00:00,34.41,34.54,34.28,34.47,2002.0,2,0.0
2023-04-13 16:00:00,34.47,34.6,34.41,34.46,1452.0,2,0.0
2023-04-13 17:00:00,34.46,34.57,34.37,34.44,1481.0,2,0.0
2023-04-13 18:00:00,34.44,34.51,34.4,34.49,1275.0,2,0.0
2023-04-13 19:00:00,34.49,34.61,34.42,34.55,1308.0,2,0.0
2023-04-14 10:00:00,34.61,34.63,34.43,34.49,329.0,5,0.0
2023-04-14 11:00:00,34.49,34.62,34.48,34.58,633.0,8,0.0
2023-04-14 12:00:00,34.57,34.61,34.07,34.26,549.0,8,0.0
2023-04-14 13:00:00,34.27,34.39,34.05,34.31,1541.0,4,0.0
2023-04-14 14:00:00,34.29,34.46,33.87,33.92,2834.0,2,0.0
2023-04-14 15:00:00,33.92,33.99,33.74,33.91,2022.0,2,0.0
2023-04-14 16:00:00,33.91,33.94,33.73,33.81,1694.0,2,0.0
2023-04-14 17:00:00,33.8,33.9,33.7,33.81,1759.0,2,0.0
2023-04-14 18:00:00,33.81,33.88,33.75,33.88,1744.0,2,0.0
2023-04-14 19:00:00,33.87,33.91,33.63,33.89,1698.0,2,0.0
2023-04-17 10:00:00,33.94,33.98,33.94,33.96,60.0,5,0.0
2023-04-17 11:00:00,33.95,34.06,33.88,33.91,517.0,5,0.0
2023-04-17 12:00:00,34.0,34.01,33.74,33.78,232.0,12,0.0
2023-04-17 13:00:00,33.78,33.83,33.39,33.62,1337.0,4,0.0
2023-04-17 14:00:00,33.63,33.82,33.07,33.15,2393.0,2,0.0
2023-04-17 15:00:00,33.15,33.17,32.74,32.91,2446.0,2,0.0
2023-04-17 16:00:00,32.91,33.02,32.75,33.01,1977.0,2,0.0
2023-04-17 17:00:00,33.01,33.15,32.96,32.97,1715.0,2,0.0
2023-04-17 18:00:00,32.98,33.11,32.9,33.1,1495.0,2,0.0
2023-04-17 19:00:00,33.1,33.2,32.98,33.2,1352.0,2,0.0
2023-04-18 10:00:00,33.48,33.5,33.45,33.46,45.0,12,0.0
2023-04-18 11:00:00,33.46,33.51,33.4,33.47,205.0,8,0.0
2023-04-18 12:00:00,33.47,33.47,33.38,33.4,176.0,8,0.0
2023-04-18 13:00:00,33.4,33.69,33.15,33.37,1727.0,4,0.0
2023-04-18 14:00:00,33.38,33.41,33.08,33.14,2198.0,2,0.0
2023-04-18 15:00:00,33.14,33.23,33.04,33.14,1675.0,2,0.0
2023-04-18 16:00:00,33.14,33.43,33.1,33.4,1619.0,2,0.0
2023-04-18 17:00:00,33.4,33.56,33.2,33.31,1643.0,2,0.0
2023-04-18 18:00:00,33.3,33.51,33.25,33.39,2008.0,2,0.0
2023-04-18 19:00:00,33.4,33.53,33.3,33.37,1556.0,2,0.0
2023-04-19 10:00:00,32.82,33.06,32.8,33.03,333.0,12,0.0
2023-04-19 11:00:00,33.03,33.2,32.4,32.91,1092.0,12,0.0
2023-04-19 12:00:00,32.92,32.93,32.45,32.53,885.0,8,0.0
2023-04-19 13:00:00,32.53,32.65,31.6,32.01,3927.0,4,0.0
2023-04-19 14:00:00,32.0,32.53,31.99,32.3,3339.0,4,0.0
2023-04-19 15:00:00,32.3,32.41,31.89,32.27,2533.0,2,0.0
2023-04-19 16:00:00,32.27,32.33,32.01,32.02,1778.0,2,0.0
2023-04-19 17:00:00,32.02,32.13,31.83,31.97,1984.0,2,0.0
2023-04-19 18:00:00,31.97,32.14,31.89,32.06,1860.0,2,0.0
2023-04-19 19:00:00,32.06,32.32,31.99,32.29,1427.0,2,0.0
2023-04-20 10:00:00,31.86,31.87,31.74,31.83,330.0,8,0.0
2023-04-20 11:00:00,31.83,32.0,31.83,31.84,498.0,8,0.0
2023-04-20 12:00:00,31.84,31.95,31.83,31.94,373.0,8,0.0
2023-04-20 13:00:00,31.92,32.24,31.79,32.19,1406.0,4,0.0
2023-04-20 14:00:00,32.18,32.89,32.18,32.74,2604.0,4,0.0
2023-04-20 15:00:00,32.75,32.79,32.58,32.71,1656.0,2,0.0
2023-04-20 16:00:00,32.71,32.96,32.52,32.93,1428.0,2,0.0
2023-04-20 17:00:00,32.93,33.12,32.93,32.94,1599.0,2,0.0
2023-04-20 18:00:00,32.94,32.97,32.5,32.61,1489.0,2,0.0
2023-04-20 19:00:00,32.61,32.66,32.37,32.47,1092.0,2,0.0
2023-04-21 10:00:00,32.48,32.48,32.34,32.39,523.0,4,0.0
2023-04-21 11:00:00,32.38,32.44,32.33,32.4,744.0,8,0.0
2023-04-21 12:00:00,32.4,32.52,32.37,32.49,300.0,8,0.0
2023-04-21 13:00:00,32.45,32.53,32.07,32.09,1589.0,4,0.0
2023-04-21 14:00:00,32.08,32.43,31.93,32.15,1883.0,4,0.0
2023-04-21 15:00:00,32.15,32.41,32.12,32.39,1283.0,4,0.0
2023-04-21 16:00:00,32.39,32.6,32.35,32.52,1118.0,4,0.0
2023-04-21 17:00:00,32.52,32.65,32.48,32.6,1078.0,2,0.0
2023-04-21 18:00:00,32.61,32.81,32.6,32.74,1101.0,2,0.0
2023-04-21 19:00:00,32.74,32.77,32.65,32.67,862.0,2,0.0
2023-04-24 10:00:00,32.7,32.76,32.68,32.72,98.0,8,0.0
2023-04-24 11:00:00,32.71,32.78,32.7,32.71,302.0,8,0.0
2023-04-24 12:00:00,32.71,32.89,32.67,32.84,146.0,8,0.0
2023-04-24 13:00:00,32.84,33.44,32.77,33.24,1315.0,4,0.0
2023-04-24 14:00:00,33.24,33.26,32.98,33.05,1320.0,4,0.0
2023-04-24 15:00:00,33.05,33.08,32.78,32.85,1129.0,4,0.0
2023-04-24 16:00:00,32.85,32.87,32.66,32.84,840.0,4,0.0
2023-04-24 17:00:00,32.84,32.86,32.7,32.85,709.0,4,0.0
2023-04-24 18:00:00,32.85,32.95,32.83,32.95,916.0,2,0.0
2023-04-24 19:00:00,32.95,32.99,32.89,32.89,721.0,2,0.0
2023-04-25 10:00:00,32.81,32.83,32.79,32.81,34.0,5,0.0
2023-04-25 11:00:00,32.82,33.05,32.81,32.85,216.0,5,0.0
2023-04-25 12:00:00,32.85,32.94,32.85,32.91,91.0,8,0.0
2023-04-25 13:00:00,32.91,33.03,32.44,32.57,1015.0,4,0.0
2023-04-25 14:00:00,32.56,32.63,32.28,32.29,1278.0,4,0.0
2023-04-25 15:00:00,32.29,32.38,32.21,32.31,1083.0,4,0.0
2023-04-25 16:00:00,32.31,32.34,32.15,32.2,1013.0,2,0.0
2023-04-25 17:00:00,32.21,32.32,32.14,32.23,985.0,2,0.0
2023-04-25 18:00:00,32.23,32.27,32.13,32.14,811.0,2,0.0
2023-04-25 19:00:00,32.14,32.24,32.09,32.16,837.0,2,0.0
2023-04-26 10:00:00,32.28,32.3,32.11,32.16,588.0,8,0.0
2023-04-26 11:00:00,32.16,32.21,31.89,31.94,658.0,8,0.0
2023-04-26 12:00:00,31.93,32.08,31.88,32.01,246.0,8,0.0
2023-04-26 13:00:00,32.01,32.44,31.91,32.38,1150.0,5,0.0
2023-04-26 14:00:00,32.37,32.42,32.11,32.12,1621.0,4,0.0
2023-04-26 15:00:00,32.13,32.36,32.13,32.3,1093.0,4,0.0
2023-04-26 16:00:00,32.3,32.57,32.28,32.44,1150.0,4,0.0
2023-04-26 17:00:00,32.44,32.45,32.26,32.33,958.0,4,0.0
2023-04-26 18:00:00,32.33,32.33,32.08,32.15,982.0,4,0.0
2023-04-26 19:00:00,32.15,32.2,32.09,32.12,763.0,2,0.0
2023-04-27 10:00:00,32.28,32.45,32.28,32.38,601.0,8,0.0
2023-04-27 11:00:00,32.38,32.4,32.29,32.31,378.0,8,0.0
2023-04-27 12:00:00,32.33,32.37,32.08,32.21,265.0,8,0.0
2023-04-27 13:00:00,32.2,32.4,31.73,31.81,1522.0,4,0.0
2023-04-27 14:00:00,31.81,32.29,31.79,32.02,1633.0,4,0.0
2023-04-27 15:00:00,32.02,32.52,31.92,32.47,1610.0,4,0.0
2023-04-27 16:00:00,32.47,32.72,32.47,32.64,1384.0,4,0.0
2023-04-27 17:00:00,32.64,32.65,32.49,32.55,902.0,4,0.0
2023-04-27 18:00:00,32.56,32.65,32.53,32.64,921.0,2,0.0
2023-04-27 19:00:00,32.64,32.67,32.53,32.61,773.0,2,0.0
2023-04-28 10:00:00,32.44,32.46,32.36,32.45,209.0,8,0.0
2023-04-28 11:00:00,32.44,32.45,32.06,32.39,240.0,8,0.0
2023-04-28 12:00:00,32.39,32.56,32.03,32.45,169.0,12,0.0
2023-04-28 13:00:00,32.44,32.85,32.34,32.72,874.0,5,0.0
2023-04-28 14:00:00,32.72,33.06,32.72,32.78,1418.0,4,0.0
2023-04-28 15:00:00,32.78,32.93,32.72,32.87,992.0,4,0.0
2023-04-28 16:00:00,32.87,32.92,32.7,32.88,925.0,2,0.0
2023-04-28 17:00:00,32.88,32.93,32.81,32.91,907.0,2,0.0
2023-04-28 18:00:00,32.91,32.94,32.83,32.9,825.0,2,0.0
2023-04-28 19:00:00,32.9,32.95,32.71,32.8,618.0,4,0.0
2023-05-01 10:00:00,32.96,32.96,32.96,32.96,2.0,12,0.0
2023-05-01 12:00:00,32.77,32.91,32.75,32.87,42.0,12,0.0
2023-05-01 13:00:00,32.87,33.06,32.59,32.66,785.0,4,0.0
2023-05-01 14:00:00,32.65,32.67,32.27,32.31,1426.0,4,0.0
2023-05-01 15:00:00,32.31,32.31,31.8,32.05,1521.0,4,0.0
2023-05-01 16:00:00,32.05,32.29,32.04,32.29,780.0,4,0.0
2023-05-01 17:00:00,32.29,32.49,32.29,32.43,830.0,4,0.0
2023-05-01 18:00:00,32.44,32.45,32.25,32.36,826.0,2,0.0
2023-05-01 19:00:00,32.36,32.38,32.25,32.36,576.0,4,0.0
2023-05-02 10:00:00,32.42,32.44,32.38,32.42,290.0,5,0.0
2023-05-02 11:00:00,32.43,32.44,32.32,32.43,178.0,5,0.0
2023-05-02 12:00:00,32.43,32.62,32.38,32.52,153.0,8,0.0
2023-05-02 13:00:00,32.57,32.57,31.99,32.1,1052.0,4,0.0
2023-05-02 14:00:00,32.11,32.15,31.56,31.58,2061.0,2,0.0
2023-05-02 15:00:00,31.58,31.97,31.55,31.85,1788.0,2,0.0
2023-05-02 16:00:00,31.85,31.97,31.77,31.91,1528.0,2,0.0
2023-05-02 17:00:00,31.91,32.0,31.87,31.98,1181.0,2,0.0
2023-05-02 18:00:00,31.98,31.98,31.81,31.91,1341.0,2,0.0
2023-05-02 19:00:00,31.91,32.0,31.79,31.81,1054.0,2,0.0
2023-05-03 10:00:00,32.03,32.04,31.64,31.71,873.0,12,0.0
2023-05-03 11:00:00,31.72,32.1,31.67,31.8,630.0,12,0.0
2023-05-03 12:00:00,31.8,32.09,31.72,31.77,367.0,12,0.0
2023-05-03 13:00:00,31.78,32.17,31.55,32.08,941.0,4,0.0
2023-05-03 14:00:00,32.09,32.14,31.94,31.94,1467.0,2,0.0
2023-05-03 15:00:00,31.94,32.01,31.84,31.95,1205.0,2,0.0
2023-05-03 16:00:00,31.95,32.31,31.94,32.28,1353.0,2,0.0
2023-05-03 17:00:00,32.29,32.45,32.22,32.28,1814.0,2,0.0
2023-05-03 18:00:00,32.28,32.39,32.01,32.25,2762.0,4,0.0
2023-05-03 19:00:00,32.24,32.35,31.9,32.01,1913.0,4,0.0
2023-05-04 10:00:00,32.01,32.05,31.94,32.01,633.0,8,0.0
2023-05-04 11:00:00,32.01,32.05,31.84,31.94,669.0,12,0.0
2023-05-04 12:00:00,31.94,31.97,31.82,31.86,331.0,12,0.0
2023-05-04 13:00:00,31.87,32.26,31.79,32.22,1126.0,4,0.0
2023-05-04 14:00:00,32.21,32.34,32.01,32.04,2444.0,2,0.0
2023-05-04 15:00:00,32.04,32.15,31.79,31.9,1733.0,2,0.0
2023-05-04 16:00:00,31.9,32.09,31.78,32.09,1954.0,2,0.0
2023-05-04 17:00:00,32.09,32.3,32.05,32.3,2055.0,2,0.0
2023-05-04 18:00:00,32.3,32.31,32.0,32.05,1697.0,2,0.0
2023-05-04 19:00:00,32.05,32.17,31.99,32.04,1189.0,2,0.0
2023-05-05 10:00:00,32.12,32.25,32.07,32.24,974.0,12,0.0
2023-05-05 11:00:00,32.24,32.32,32.19,32.21,746.0,8,0.0
2023-05-05 12:00:00,32.21,32.26,32.09,32.15,231.0,8,0.0
2023-05-05 13:00:00,32.15,32.35,31.91,32.24,1092.0,4,0.0
2023-05-05 14:00:00,32.24,32.39,32.03,32.07,1616.0,2,0.0
2023-05-05 15:00:00,32.07,32.25,32.04,32.25,1286.0,2,0.0
2023-05-05 16:00:00,32.25,32.25,32.04,32.15,1203.0,2,0.0
2023-05-05 17:00:00,32.15,32.3,32.11,32.3,1175.0,2,0.0
2023-05-05 18:00:00,32.3,32.35,32.2,32.29,1236.0,2,0.0
2023-05-05 19:00:00,32.28,32.29,32.17,32.24,1005.0,2,0.0
2023-05-08 10:00:00,32.12,32.22,32.1,32.15,162.0,5,0.0
2023-05-08 11:00:00,32.15,32.3,32.12,32.24,377.0,8,0.0
2023-05-08 12:00:00,32.25,32.25,32.09,32.12,153.0,8,0.0
2023-05-08 13:00:00,32.11,32.82,32.05,32.76,1072.0,4,0.0
2023-05-08 14:00:00,32.76,33.15,32.7,33.02,2470.0,2,0.0
2023-05-08 15:00:00,33.03,33.24,32.96,33.14,1713.0,2,0.0
2023-05-08 16:00:00,33.14,33.18,32.99,33.17,1379.0,2,0.0
2023-05-08 17:00:00,33.17,33.22,33.01,33.07,1216.0,2,0.0
2023-05-08 18:00:00,33.07,33.21,32.94,33.21,1457.0,2,0.0
2023-05-08 19:00:00,33.21,33.22,33.08,33.1,1032.0,2,0.0
2023-05-09 10:00:00,32.98,33.02,32.97,33.0,441.0,8,0.0
2023-05-09 11:00:00,32.99,33.04,32.91,32.95,454.0,8,0.0
2023-05-09 12:00:00,32.95,33.0,32.91,32.95,120.0,8,0.0
2023-05-09 13:00:00,32.92,33.48,32.88,33.36,1286.0,4,0.0
2023-05-09 14:00:00,33.37,33.51,33.22,33.47,1747.0,2,0.0
2023-05-09 15:00:00,33.47,33.61,33.25,33.3,1503.0,2,0.0
2023-05-09 16:00:00,33.3,33.54,33.26,33.44,1262.0,2,0.0
2023-05-09 17:00:00,33.45,33.49,33.31,33.35,1068.0,2,0.0
2023-05-09 18:00:00,33.35,33.4,33.13,33.16,1220.0,2,0.0
2023-05-09 19:00:00,33.16,33.25,33.1,33.25,857.0,2,0.0
2023-05-10 10:00:00,33.08,33.1,33.06,33.08,187.0,8,0.0
2023-05-10 11:00:00,33.08,33.15,33.07,33.15,523.0,5,0.0
2023-05-10 12:00:00,33.14,33.53,33.09,33.5,477.0,5,0.0
2023-05-10 13:00:00,33.42,33.69,33.33,33.48,1464.0,4,0.0
2023-05-10 14:00:00,33.49,33.69,32.94,33.01,1916.0,4,0.0
2023-05-10 15:00:00,33.01,33.37,33.01,33.29,1529.0,2,0.0
2023-05-10 16:00:00,33.29,33.37,33.21,33.23,1121.0,2,0.0
2023-05-10 17:00:00,33.23,33.26,33.01,33.19,1392.0,2,0.0
2023-05-10 18:00:00,33.19,33.41,33.19,33.39,1259.0,2,0.0
2023-05-10 19:00:00,33.39,33.53,33.34,33.52,949.0,2,0.0
2023-05-11 10:00:00,33.43,33.44,33.25,33.43,233.0,8,0.0
2023-05-11 11:00:00,33.43,33.45,33.1,33.22,775.0,8,0.0
2023-05-11 12:00:00,33.22,33.41,33.2,33.31,406.0,8,0.0
2023-05-11 13:00:00,33.29,33.56,33.17,33.3,1180.0,5,0.0
2023-05-11 14:00:00,33.31,33.8,33.31,33.69,2049.0,2,0.0
2023-05-11 15:00:00,33.69,33.91,33.62,33.91,1809.0,2,0.0
2023-05-11 16:00:00,33.91,34.3,33.81,34.27,1954.0,2,0.0
2023-05-11 17:00:00,34.27,34.3,34.08,34.13,1578.0,2,0.0
2023-05-11 18:00:00,34.14,34.41,34.1,34.39,1517.0,2,0.0
2023-05-11 19:00:00,34.39,34.53,34.36,34.42,1303.0,2,0.0
2023-05-12 10:00:00,34.52,34.52,34.5,34.51,144.0,8,0.0
2023-05-12 11:00:00,34.51,34.6,34.45,34.47,197.0,5,0.0
2023-05-12 12:00:00,34.47,34.49,34.4,34.41,88.0,8,0.0
2023-05-12 13:00:00,34.39,34.79,34.3,34.43,1247.0,5,0.0
2023-05-12 14:00:00,34.4,34.65,33.91,33.91,2487.0,2,0.0
2023-05-12 15:00:00,33.91,34.14,33.82,34.1,1633.0,4,0.0
2023-05-12 16:00:00,34.09,34.18,33.76,33.88,1547.0,2,0.0
2023-05-12 17:00:00,33.87,33.96,33.81,33.88,1099.0,4,0.0
2023-05-12 18:00:00,33.87,33.93,33.73,33.93,1365.0,2,0.0
2023-05-12 19:00:00,33.93,34.0,33.84,33.97,1062.0,2,0.0
2023-05-15 10:00:00,33.93,34.0,33.82,34.0,393.0,8,0.0
2023-05-15 11:00:00,34.0,34.19,33.99,34.1,209.0,8,0.0
2023-05-15 12:00:00,34.1,34.12,34.07,34.09,79.0,8,0.0
2023-05-15 13:00:00,34.09,34.14,33.82,33.82,752.0,5,0.0
2023-05-15 14:00:00,33.82,33.86,33.65,33.69,1173.0,4,0.0
2023-05-15 15:00:00,33.69,33.85,33.61,33.8,943.0,4,0.0
2023-05-15 16:00:00,33.8,33.81,33.58,33.69,768.0,4,0.0
2023-05-15 17:00:00,33.69,33.8,33.54,33.64,959.0,4,0.0
2023-05-15 18:00:00,33.65,33.7,33.62,33.65,679.0,4,0.0
2023-05-15 19:00:00,33.65,33.66,33.57,33.59,609.0,4,0.0
2023-05-16 10:00:00,33.39,33.49,33.3,33.36,348.0,8,0.0
2023-05-16 11:00:00,33.36,33.45,33.34,33.45,383.0,8,0.0
2023-05-16 12:00:00,33.42,33.51,33.39,33.44,98.0,8,0.0
2023-05-16 13:00:00,33.43,33.49,33.22,33.38,854.0,5,0.0
2023-05-16 14:00:00,33.38,33.49,33.25,33.4,1088.0,4,0.0
2023-05-16 15:00:00,33.4,33.42,33.24,33.35,909.0,4,0.0
2023-05-16 16:00:00,33.35,33.35,33.17,33.23,777.0,4,0.0
2023-05-16 17:00:00,33.23,33.34,33.22,33.25,779.0,4,0.0
2023-05-16 18:00:00,33.25,33.31,33.18,33.3,759.0,4,0.0
2023-05-16 19:00:00,33.3,33.45,33.27,33.42,588.0,2,0.0
2023-05-17 10:00:00,33.29,33.34,33.25,33.29,507.0,8,0.0
2023-05-17 11:00:00,33.3,33.33,33.27,33.28,133.0,8,0.0
2023-05-17 12:00:00,33.28,33.32,33.27,33.3,208.0,8,0.0
2023-05-17 13:00:00,33.31,33.54,32.94,33.44,989.0,5,0.0
2023-05-17 14:00:00,33.44,33.84,33.37,33.83,1262.0,4,0.0
2023-05-17 15:00:00,33.83,33.91,33.68,33.87,992.0,4,0.0
2023-05-17 16:00:00,33.87,34.05,33.82,34.01,800.0,4,0.0
2023-05-17 17:00:00,34.01,34.11,33.94,34.08,909.0,4,0.0
2023-05-17 18:00:00,34.08,34.12,33.99,33.99,723.0,4,0.0
2023-05-17 19:00:00,33.99,34.1,33.96,34.03,631.0,4,0.0
2023-05-18 10:00:00,34.15,34.51,34.1,34.47,413.0,8,0.0
2023-05-18 11:00:00,34.38,34.63,34.36,34.51,294.0,12,0.0
2023-05-18 12:00:00,34.51,34.69,34.34,34.54,402.0,12,0.0
2023-05-18 13:00:00,34.57,36.13,34.52,36.13,2181.0,5,0.0
2023-05-18 14:00:00,36.13,36.88,36.05,36.85,2800.0,4,0.0
2023-05-18 15:00:00,36.85,37.26,36.5,37.25,2132.0,4,0.0
2023-05-18 16:00:00,37.25,37.52,37.07,37.29,1876.0,4,0.0
2023-05-18 17:00:00,37.3,37.57,37.04,37.13,1590.0,4,0.0
2023-05-18 18:00:00,37.13,37.34,37.07,37.2,1493.0,5,0.0
2023-05-18 19:00:00,37.21,37.39,37.1,37.18,1242.0,4,0.0
2023-05-19 10:00:00,36.85,36.87,36.43,36.66,307.0,12,0.0
2023-05-19 11:00:00,36.67,36.92,36.67,36.87,390.0,12,0.0
2023-05-19 12:00:00,36.86,36.93,36.85,36.91,172.0,8,0.0
2023-05-19 13:00:00,36.93,37.02,36.4,36.82,1462.0,5,0.0
2023-05-19 14:00:00,36.82,36.88,36.43,36.59,1612.0,5,0.0
2023-05-19 15:00:00,36.59,36.7,36.36,36.66,1558.0,5,0.0
2023-05-19 16:00:00,36.66,36.69,36.47,36.55,1041.0,4,0.0
2023-05-19 17:00:00,36.55,36.67,36.49,36.61,848.0,4,0.0
2023-05-19 18:00:00,36.61,36.62,36.41,36.48,960.0,4,0.0
2023-05-19 19:00:00,36.48,36.57,36.46,36.56,720.0,4,0.0
2023-05-22 10:00:00,36.47,36.53,36.24,36.46,279.0,12,0.0
2023-05-22 11:00:00,36.46,36.58,36.24,36.54,421.0,8,0.0
2023-05-22 12:00:00,36.54,36.61,36.51,36.6,173.0,8,0.0
2023-05-22 13:00:00,36.6,37.07,36.35,37.04,1117.0,8,0.0
2023-05-22 14:00:00,37.04,37.15,36.56,36.72,1713.0,5,0.0
2023-05-22 15:00:00,36.72,36.77,36.49,36.56,1022.0,4,0.0
2023-05-22 16:00:00,36.57,36.65,36.43,36.48,1055.0,4,0.0
2023-05-22 17:00:00,36.49,36.53,36.35,36.38,879.0,4,0.0
2023-05-22 18:00:00,36.37,36.47,36.31,36.39,750.0,4,0.0
2023-05-22 19:00:00,36.39,36.44,36.31,36.33,640.0,4,0.0
2023-05-23 10:00:00,36.27,36.28,36.26,36.26,58.0,5,0.0
2023-05-23 11:00:00,36.27,36.33,36.07,36.2,312.0,5,0.0
2023-05-23 12:00:00,36.2,36.29,36.1,36.17,152.0,8,0.0
2023-05-23 13:00:00,36.16,36.18,35.83,36.06,1235.0,5,0.0
2023-05-23 14:00:00,36.07,36.28,35.96,36.22,1273.0,5,0.0
2023-05-23 15:00:00,36.22,36.39,35.95,35.96,1171.0,4,0.0
2023-05-23 16:00:00,35.96,35.98,35.65,35.68,1173.0,4,0.0
2023-05-23 17:00:00,35.68,35.75,35.42,35.48,1172.0,4,0.0
2023-05-23 18:00:00,35.48,36.1,35.43,35.66,1868.0,4,0.0
2023-05-23 19:00:00,35.66,35.66,35.54,35.64,952.0,4,0.0
2023-05-24 10:00:00,35.43,35.44,35.38,35.41,264.0,8,0.0
2023-05-24 11:00:00,35.41,35.44,35.33,35.4,482.0,8,0.0
2023-05-24 12:00:00,35.4,35.53,35.34,35.34,186.0,8,0.0
2023-05-24 13:00:00,35.33,36.33,35.33,36.11,1558.0,5,0.0
2023-05-24 14:00:00,36.1,36.51,35.8,36.24,2388.0,4,0.0
2023-05-24 15:00:00,36.25,36.32,35.98,36.08,1593.0,5,0.0
2023-05-24 16:00:00,36.07,36.1,35.9,35.99,1081.0,4,0.0
2023-05-24 17:00:00,35.99,36.19,35.92,36.13,836.0,4,0.0
2023-05-24 18:00:00,36.13,36.27,36.08,36.2,1265.0,4,0.0
2023-05-24 19:00:00,36.2,36.66,36.14,36.62,1199.0,4,0.0
2023-05-25 10:00:00,36.19,36.36,35.81,36.01,522.0,8,0.0
2023-05-25 11:00:00,36.01,36.13,35.85,36.07,337.0,12,0.0
2023-05-25 12:00:00,36.06,36.14,35.85,35.92,301.0,8,0.0
2023-05-25 13:00:00,35.93,36.19,35.72,36.05,1670.0,5,0.0
2023-05-25 14:00:00,36.05,36.49,35.83,36.48,1771.0,4,0.0
2023-05-25 15:00:00,36.48,36.71,36.17,36.28,1635.0,4,0.0
2023-05-25 16:00:00,36.28,36.58,36.28,36.47,1081.0,4,0.0
2023-05-25 17:00:00,36.47,36.57,36.37,36.48,871.0,4,0.0
2023-05-25 18:00:00,36.48,36.54,36.06,36.06,1183.0,4,0.0
2023-05-25 19:00:00,36.06,36.1,35.87,35.9,1044.0,4,0.0
2023-05-26 10:00:00,35.81,35.96,35.79,35.91,192.0,8,0.0
2023-05-26 11:00:00,35.85,36.03,35.85,36.03,345.0,8,0.0
2023-05-26 12:00:00,36.01,36.04,35.83,35.99,312.0,8,0.0
2023-05-26 13:00:00,35.95,36.21,35.58,36.14,1196.0,5,0.0
2023-05-26 14:00:00,36.15,36.67,36.12,36.54,1570.0,5,0.0
2023-05-26 15:00:00,36.54,37.16,36.44,37.08,1581.0,5,0.0
2023-05-26 16:00:00,37.08,37.96,37.06,37.85,1950.0,5,0.0
2023-05-26 17:00:00,37.85,38.35,37.8,38.26,1676.0,4,0.0
2023-05-26 18:00:00,38.25,38.3,38.01,38.04,1340.0,5,0.0
2023-05-26 19:00:00,38.04,38.17,37.72,37.84,1281.0,4,0.0
2023-05-30 10:00:00,38.4,38.5,38.36,38.49,109.0,12,0.0
2023-05-30 11:00:00,38.49,39.78,38.42,39.54,929.0,12,0.0
2023-05-30 12:00:00,39.55,39.81,39.52,39.81,706.0,12,0.0
2023-05-30 13:00:00,39.78,40.47,38.56,38.93,3138.0,5,0.0
2023-05-30 14:00:00,38.93,39.9,38.54,39.62,3144.0,4,0.0
2023-05-30 15:00:00,39.62,39.78,39.4,39.49,2139.0,4,0.0
2023-05-30 16:00:00,39.49,39.51,39.01,39.5,2295.0,4,0.0
2023-05-30 17:00:00,39.5,39.5,38.88,38.89,1942.0,4,0.0
2023-05-30 18:00:00,38.89,39.45,38.79,39.27,1873.0,4,0.0
2023-05-30 19:00:00,39.26,39.4,39.16,39.35,1234.0,4,0.0
2023-05-31 10:00:00,39.12,39.12,38.96,39.01,125.0,8,0.0
2023-05-31 11:00:00,39.0,39.11,38.79,38.9,440.0,8,0.0
2023-05-31 12:00:00,38.9,38.96,38.78,38.86,204.0,8,0.0
2023-05-31 13:00:00,38.85,39.51,38.83,39.43,1384.0,5,0.0
2023-05-31 14:00:00,39.43,39.58,38.9,39.12,2650.0,4,0.0
2023-05-31 15:00:00,39.12,39.5,39.12,39.38,1758.0,4,0.0
2023-05-31 16:00:00,39.38,39.44,39.06,39.12,1722.0,4,0.0
2023-05-31 17:00:00,39.12,39.42,39.1,39.42,1517.0,4,0.0
2023-05-31 18:00:00,39.42,39.6,39.37,39.49,1726.0,4,0.0
2023-05-31 19:00:00,39.49,39.53,39.34,39.43,1261.0,4,0.0
2023-06-01 10:00:00,39.6,39.61,39.51,39.55,186.0,8,0.0
2023-06-01 11:00:00,39.57,39.57,39.42,39.54,225.0,8,0.0
2023-06-01 12:00:00,39.55,39.63,39.52,39.59,133.0,8,0.0
2023-06-01 13:00:00,39.57,40.23,39.29,40.19,1438.0,5,0.0
2023-06-01 14:00:00,40.2,40.35,39.81,39.98,2242.0,4,0.0
2023-06-01 15:00:00,39.98,40.18,39.92,40.07,1658.0,4,0.0
2023-06-01 16:00:00,40.07,40.74,40.07,40.65,1877.0,4,0.0
2023-06-01 17:00:00,40.65,40.69,40.43,40.46,1357.0,4,0.0
2023-06-01 18:00:00,40.46,40.54,40.31,40.51,1451.0,4,0.0
2023-06-01 19:00:00,40.51,40.54,40.16,40.23,1171.0,4,0.0
2023-06-02 10:00:00,40.62,40.63,40.46,40.49,212.0,8,0.0
2023-06-02 11:00:00,40.49,40.58,40.48,40.54,143.0,8,0.0
2023-06-02 12:00:00,40.54,40.57,40.27,40.32,301.0,8,0.0
2023-06-02 13:00:00,40.3,40.62,39.6,39.76,2007.0,5,0.0
2023-06-02 14:00:00,39.77,40.22,39.57,40.21,2266.0,4,0.0
2023-06-02 15:00:00,40.21,40.44,40.1,40.4,1872.0,4,0.0
2023-06-02 16:00:00,40.4,40.51,40.2,40.36,1289.0,4,0.0
2023-06-02 17:00:00,40.36,40.48,40.26,40.43,1052.0,4,0.0
2023-06-02 18:00:00,40.43,40.44,40.04,40.08,1460.0,4,0.0
2023-06-02 19:00:00,40.08,40.12,39.97,40.03,1078.0,4,0.0
2023-06-05 10:00:00,39.55,39.63,39.51,39.63,209.0,8,0.0
2023-06-05 11:00:00,39.64,39.93,39.64,39.93,379.0,8,0.0
2023-06-05 12:00:00,39.93,40.09,39.92,40.05,213.0,8,0.0
2023-06-05 13:00:00,40.03,40.53,39.88,40.38,1375.0,5,0.0
2023-06-05 14:00:00,40.38,41.11,40.34,41.03,2656.0,4,0.0
2023-06-05 15:00:00,41.03,41.16,40.9,41.06,1702.0,4,0.0
2023-06-05 16:00:00,41.06,41.37,40.91,41.22,1342.0,4,0.0
2023-06-05 17:00:00,41.22,41.27,40.82,40.94,1244.0,4,0.0
2023-06-05 18:00:00,40.95,40.99,40.19,40.38,1682.0,4,0.0
2023-06-05 19:00:00,40.38,40.43,40.16,40.38,1150.0,4,0.0
2023-06-06 10:00:00,40.37,40.39,40.36,40.39,42.0,5,0.0
2023-06-06 11:00:00,40.37,40.41,40.32,40.39,81.0,5,0.0
2023-06-06 12:00:00,40.39,40.42,40.35,40.39,107.0,5,0.0
2023-06-06 13:00:00,40.41,40.48,39.83,40.2,1325.0,5,0.0
2023-06-06 14:00:00,40.2,40.31,39.95,40.02,1619.0,4,0.0
2023-06-06 15:00:00,40.02,40.16,39.95,39.98,1393.0,4,0.0
2023-06-06 16:00:00,39.97,40.01,39.75,39.79,1351.0,4,0.0
2023-06-06 17:00:00,39.79,40.0,39.68,39.8,1416.0,4,0.0
2023-06-06 18:00:00,39.81,39.93,39.74,39.86,1077.0,4,0.0
2023-06-06 19:00:00,39.86,40.0,39.83,39.92,808.0,4,0.0
2023-06-07 10:00:00,40.79,40.87,40.75,40.8,123.0,12,0.0
2023-06-07 11:00:00,40.8,41.52,40.8,41.32,529.0,12,0.0
2023-06-07 12:00:00,41.32,41.33,41.07,41.21,371.0,8,0.0
2023-06-07 13:00:00,41.21,41.81,40.65,40.93,2715.0,5,0.0
2023-06-07 14:00:00,40.93,41.1,40.1,40.41,2911.0,4,0.0
2023-06-07 15:00:00,40.4,40.73,40.24,40.34,2077.0,4,0.0
2023-06-07 16:00:00,40.34,40.82,40.32,40.54,1855.0,4,0.0
2023-06-07 17:00:00,40.53,40.54,40.12,40.21,1452.0,4,0.0
2023-06-07 18:00:00,40.21,40.34,39.98,40.1,1565.0,4,0.0
2023-06-07 19:00:00,40.1,40.18,39.95,40.0,1255.0,4,0.0
2023-06-08 10:00:00,40.05,40.16,40.03,40.04,342.0,8,0.0
2023-06-08 11:00:00,40.04,40.16,39.98,40.0,318.0,12,0.0
2023-06-08 12:00:00,40.03,40.16,39.88,40.08,297.0,12,0.0
2023-06-08 13:00:00,40.04,40.3,39.61,40.2,1382.0,5,0.0
2023-06-08 14:00:00,40.21,40.53,40.18,40.36,1979.0,4,0.0
2023-06-08 15:00:00,40.36,40.79,40.32,40.65,1608.0,4,0.0
2023-06-08 16:00:00,40.64,40.68,40.57,40.58,1120.0,4,0.0
2023-06-08 17:00:00,40.58,40.66,40.22,40.45,1206.0,4,0.0
2023-06-08 18:00:00,40.45,40.61,40.34,40.56,1162.0,4,0.0
2023-06-08 19:00:00,40.56,40.78,40.55,40.78,953.0,4,0.0
2023-06-09 10:00:00,41.09,41.19,40.74,40.87,360.0,8,0.0
2023-06-09 11:00:00,40.86,41.26,40.78,41.24,376.0,8,0.0
2023-06-09 12:00:00,41.26,42.5,41.26,42.36,1542.0,8,0.0
2023-06-09 13:00:00,42.37,42.62,41.45,41.61,2726.0,5,0.0
2023-06-09 14:00:00,41.62,42.42,41.51,41.71,2775.0,5,0.0
2023-06-09 15:00:00,41.71,42.04,41.64,41.97,1910.0,4,0.0
2023-06-09 16:00:00,41.96,42.42,41.8,42.29,1943.0,4,0.0
2023-06-09 17:00:00,42.29,42.57,42.26,42.49,1676.0,4,0.0
2023-06-09 18:00:00,42.49,42.5,42.02,42.05,1328.0,4,0.0
2023-06-09 19:00:00,42.05,42.12,41.91,42.11,1128.0,4,0.0
2023-06-12 10:00:00,42.19,42.19,42.07,42.11,122.0,8,0.0
2023-06-12 11:00:00,42.12,42.25,42.1,42.21,467.0,8,0.0
2023-06-12 12:00:00,42.21,42.25,41.89,41.94,240.0,8,0.0
2023-06-12 13:00:00,41.91,42.15,41.64,41.92,1243.0,8,0.0
2023-06-12 14:00:00,41.94,42.21,41.84,42.07,1391.0,5,0.0
2023-06-12 15:00:00,42.07,42.1,41.84,41.98,1074.0,5,0.0
2023-06-12 16:00:00,41.98,41.98,41.71,41.76,899.0,5,0.0
2023-06-12 17:00:00,41.76,42.01,41.7,41.95,878.0,5,0.0
2023-06-12 18:00:00,41.95,42.2,41.88,42.17,779.0,4,0.0
2023-06-12 19:00:00,42.18,42.44,42.16,42.35,847.0,4,0.0
2023-06-13 10:00:00,42.61,42.71,42.6,42.64,160.0,8,0.0
2023-06-13 11:00:00,42.62,42.63,42.54,42.6,172.0,8,0.0
2023-06-13 12:00:00,42.6,43.08,42.49,43.07,518.0,8,0.0
2023-06-13 13:00:00,43.05,43.58,42.9,43.35,1613.0,8,0.0
2023-06-13 14:00:00,43.35,43.43,42.81,43.19,1759.0,5,0.0
2023-06-13 15:00:00,43.19,43.42,43.11,43.24,1194.0,5,0.0
2023-06-13 16:00:00,43.24,43.42,43.14,43.42,1061.0,5,0.0
2023-06-13 17:00:00,43.41,43.6,43.18,43.49,1064.0,5,0.0
2023-06-13 18:00:00,43.49,43.54,43.28,43.52,1254.0,5,0.0
2023-06-13 19:00:00,43.52,43.7,43.49,43.62,895.0,5,0.0
2023-06-14 10:00:00,43.65,43.69,43.53,43.56,279.0,5,0.0
2023-06-14 11:00:00,43.56,43.62,43.5,43.52,237.0,8,0.0
2023-06-14 12:00:00,43.52,43.59,43.37,43.39,210.0,8,0.0
2023-06-14 13:00:00,43.39,44.32,43.21,44.32,1500.0,5,0.0
2023-06-14 14:00:00,44.32,44.7,44.13,44.38,2223.0,5,0.0
2023-06-14 15:00:00,44.38,44.56,44.08,44.19,1675.0,5,0.0
2023-06-14 16:00:00,44.2,44.23,43.78,43.88,1364.0,4,0.0
2023-06-14 17:00:00,43.88,44.05,43.71,44.01,1350.0,4,0.0
2023-06-14 18:00:00,44.01,44.35,43.42,44.17,2456.0,5,0.0
2023-06-14 19:00:00,44.17,44.3,43.82,43.89,1475.0,4,0.0
2023-06-15 10:00:00,43.88,43.92,43.8,43.84,374.0,8,0.0
2023-06-15 11:00:00,43.82,44.25,43.82,44.25,386.0,8,0.0
2023-06-15 12:00:00,44.22,44.52,43.99,44.28,576.0,12,0.0
2023-06-15 13:00:00,44.28,44.43,43.92,44.04,1542.0,5,0.0
2023-06-15 14:00:00,44.03,44.84,43.97,44.66,2377.0,4,0.0
2023-06-15 15:00:00,44.66,44.71,44.32,44.44,1542.0,4,0.0
2023-06-15 16:00:00,44.44,44.56,44.11,44.17,1338.0,4,0.0
2023-06-15 17:00:00,44.17,44.38,44.11,44.32,1193.0,4,0.0
2023-06-15 18:00:00,44.32,44.72,44.31,44.7,1411.0,4,0.0
2023-06-15 19:00:00,44.7,44.74,44.48,44.55,1255.0,4,0.0
2023-06-16 10:00:00,44.55,44.57,44.35,44.39,278.0,4,0.0
2023-06-16 11:00:00,44.45,44.59,44.38,44.57,424.0,8,0.0
2023-06-16 12:00:00,44.54,44.74,44.4,44.6,276.0,8,0.0
2023-06-16 13:00:00,44.58,44.76,44.08,44.12,1861.0,5,0.0
2023-06-16 14:00:00,44.14,44.23,43.87,43.88,2170.0,4,0.0
2023-06-16 15:00:00,43.88,44.16,43.62,43.82,1776.0,4,0.0
2023-06-16 16:00:00,43.82,43.97,43.71,43.79,1364.0,4,0.0
2023-06-16 17:00:00,43.8,43.83,43.65,43.8,1251.0,4,0.0
2023-06-16 18:00:00,43.8,43.81,43.44,43.45,1347.0,4,0.0
2023-06-16 19:00:00,43.46,43.53,43.18,43.4,1286.0,4,0.0
2023-06-20 10:00:00,42.68,42.82,42.68,42.78,320.0,12,0.0
2023-06-20 11:00:00,42.79,42.98,42.79,42.9,269.0,12,0.0
2023-06-20 12:00:00,42.9,43.0,42.87,43.0,256.0,8,0.0
2023-06-20 13:00:00,43.0,43.94,42.88,43.68,1626.0,5,0.0
2023-06-20 14:00:00,43.67,43.69,43.15,43.4,2052.0,4,0.0
2023-06-20 15:00:00,43.41,43.57,43.22,43.27,1490.0,4,0.0
2023-06-20 16:00:00,43.27,43.66,43.23,43.43,1506.0,4,0.0
2023-06-20 17:00:00,43.43,43.5,43.29,43.45,1247.0,4,0.0
2023-06-20 18:00:00,43.45,43.51,43.34,43.38,1018.0,4,0.0
2023-06-20 19:00:00,43.38,43.48,43.37,43.45,802.0,4,0.0
2023-06-21 10:00:00,43.59,43.65,43.46,43.46,81.0,8,0.0
2023-06-21 11:00:00,43.46,43.5,43.39,43.46,68.0,12,0.0
2023-06-21 12:00:00,43.43,43.44,43.19,43.32,134.0,12,0.0
2023-06-21 13:00:00,43.3,43.42,42.93,43.28,1506.0,5,0.0
2023-06-21 14:00:00,43.28,43.29,42.74,42.8,1999.0,5,0.0
2023-06-21 15:00:00,42.81,42.81,42.33,42.35,2004.0,4,0.0
2023-06-21 16:00:00,42.35,42.5,42.24,42.31,1551.0,4,0.0
2023-06-21 17:00:00,42.31,42.55,42.27,42.54,1193.0,4,0.0
2023-06-21 18:00:00,42.54,42.69,42.47,42.64,1232.0,4,0.0
2023-06-21 19:00:00,42.64,42.71,42.5,42.55,1038.0,4,0.0
2023-06-22 10:00:00,42.35,42.36,42.23,42.23,202.0,8,0.0
2023-06-22 11:00:00,42.2,42.36,42.17,42.31,255.0,8,0.0
2023-06-22 12:00:00,42.31,42.32,42.08,42.27,85.0,8,0.0
2023-06-22 13:00:00,42.27,42.43,41.91,42.28,1461.0,5,0.0
2023-06-22 14:00:00,42.28,42.42,41.87,41.95,1924.0,4,0.0
2023-06-22 15:00:00,41.95,42.14,41.91,42.04,1542.0,4,0.0
2023-06-22 16:00:00,42.04,42.07,41.94,42.04,1175.0,4,0.0
2023-06-22 17:00:00,42.04,42.09,41.86,42.07,1183.0,4,0.0
2023-06-22 18:00:00,42.07,42.18,42.03,42.11,1120.0,4,0.0
2023-06-22 19:00:00,42.11,42.13,41.94,42.04,967.0,4,0.0
2023-06-23 10:00:00,42.04,42.05,41.91,41.94,52.0,8,0.0
2023-06-23 11:00:00,41.96,42.06,41.91,42.04,67.0,8,0.0
2023-06-23 12:00:00,42.04,42.07,41.66,41.8,215.0,8,0.0
2023-06-23 13:00:00,41.79,42.54,41.69,42.26,1576.0,5,0.0
2023-06-23 14:00:00,42.27,42.28,41.83,41.96,1823.0,4,0.0
2023-06-23 15:00:00,41.96,42.01,41.78,41.96,1214.0,4,0.0
2023-06-23 16:00:00,41.96,42.23,41.94,42.06,1201.0,4,0.0
2023-06-23 17:00:00,42.07,42.3,41.98,41.99,1082.0,4,0.0
2023-06-23 18:00:00,41.99,42.07,41.91,42.0,1042.0,4,0.0
2023-06-23 19:00:00,42.0,42.12,41.96,42.0,937.0,4,0.0
2023-06-26 10:00:00,42.36,42.38,42.31,42.35,262.0,12,0.0
2023-06-26 11:00:00,42.3,42.39,42.3,42.33,399.0,8,0.0
2023-06-26 12:00:00,42.33,42.44,42.32,42.42,162.0,8,0.0
2023-06-26 13:00:00,42.42,43.07,42.07,42.57,1449.0,5,0.0
2023-06-26 14:00:00,42.58,42.75,42.21,42.23,1757.0,4,0.0
2023-06-26 15:00:00,42.23,42.25,41.87,42.05,1520.0,4,0.0
2023-06-26 16:00:00,42.05,42.05,41.48,41.71,2111.0,4,0.0
2023-06-26 17:00:00,41.71,41.86,41.65,41.77,1395.0,4,0.0
2023-06-26 18:00:00,41.77,41.96,41.75,41.91,1230.0,4,0.0
2023-06-26 19:00:00,41.91,41.96,41.74,41.74,1015.0,4,0.0
2023-06-27 10:00:00,41.74,41.82,41.62,41.67,398.0,7,0.0
2023-06-27 11:00:00,41.65,41.78,41.63,41.65,268.0,10,0.0
2023-06-27 12:00:00,41.66,41.73,41.46,41.54,295.0,10,0.0
2023-06-27 13:00:00,41.51,41.9,41.47,41.73,2998.0,4,0.0
2023-06-27 14:00:00,41.7,41.99,41.36,41.37,5026.0,3,0.0
2023-06-27 15:00:00,41.37,41.67,41.13,41.66,5075.0,3,0.0
2023-06-27 16:00:00,41.66,41.86,41.62,41.81,4174.0,3,0.0
2023-06-27 17:00:00,41.81,42.06,41.76,42.02,3783.0,3,0.0
2023-06-27 18:00:00,42.02,42.07,41.89,41.9,3499.0,3,0.0
2023-06-27 19:00:00,41.9,41.97,41.78,41.83,3065.0,3,0.0
2023-06-28 10:00:00,42.01,42.12,41.94,42.06,136.0,7,0.0
2023-06-28 11:00:00,42.03,42.22,41.96,42.16,609.0,7,0.0
2023-06-28 12:00:00,42.16,42.44,42.14,42.31,495.0,7,0.0
2023-06-28 13:00:00,42.3,43.14,42.16,42.93,4192.0,4,0.0
2023-06-28 14:00:00,42.92,43.34,42.63,43.26,5589.0,3,0.0
2023-06-28 15:00:00,43.26,43.57,43.08,43.57,4178.0,4,0.0
2023-06-28 16:00:00,43.57,43.7,43.05,43.17,3914.0,4,0.0
2023-06-28 17:00:00,43.16,43.38,43.09,43.17,3090.0,4,0.0
2023-06-28 18:00:00,43.17,43.39,43.13,43.29,2878.0,4,0.0
2023-06-28 19:00:00,43.29,43.29,43.12,43.13,2716.0,3,0.0
2023-06-29 10:00:00,43.58,43.71,43.57,43.65,186.0,10,0.0
2023-06-29 11:00:00,43.64,43.66,43.46,43.47,335.0,10,0.0
2023-06-29 12:00:00,43.48,43.59,43.31,43.42,482.0,10,0.0
2023-06-29 13:00:00,43.38,43.75,42.88,43.19,3246.0,7,0.0
2023-06-29 14:00:00,43.18,43.28,42.8,43.13,4134.0,7,0.0
2023-06-29 15:00:00,43.13,43.35,43.01,43.2,3608.0,4,0.0
2023-06-29 16:00:00,43.2,43.24,42.86,42.89,3085.0,4,0.0
2023-06-29 17:00:00,42.89,43.06,42.86,42.89,2824.0,4,0.0
2023-06-29 18:00:00,42.89,42.89,42.59,42.71,3183.0,4,0.0
2023-06-29 19:00:00,42.71,42.82,42.63,42.65,2458.0,3,0.0
2023-06-30 10:00:00,43.08,43.12,42.96,43.09,132.0,10,0.0
2023-06-30 11:00:00,43.08,43.12,42.96,43.05,223.0,10,0.0
2023-06-30 12:00:00,43.04,43.39,43.01,43.32,484.0,10,0.0
2023-06-30 13:00:00,43.31,43.83,43.02,43.82,3159.0,4,0.0
2023-06-30 14:00:00,43.82,44.39,43.78,44.1,5107.0,4,0.0
2023-06-30 15:00:00,44.09,44.21,43.85,43.97,3745.0,4,0.0
2023-06-30 16:00:00,43.97,44.2,43.83,44.19,2924.0,4,0.0
2023-06-30 17:00:00,44.18,44.21,44.08,44.12,2577.0,4,0.0
2023-06-30 18:00:00,44.12,44.22,43.99,44.02,2651.0,4,0.0
2023-06-30 19:00:00,44.02,44.15,43.98,44.06,2143.0,3,0.0
2023-07-03 10:00:00,43.92,43.93,43.91,43.91,7.0,8,0.0
2023-07-03 11:00:00,43.91,43.92,43.79,43.87,123.0,8,0.0
2023-07-03 12:00:00,43.86,43.95,43.85,43.89,93.0,8,0.0
2023-07-03 13:00:00,43.89,44.02,43.21,43.29,1260.0,5,0.0
2023-07-03 14:00:00,43.3,43.76,43.14,43.76,1798.0,4,0.0
2023-07-03 15:00:00,43.75,43.79,43.45,43.49,1283.0,4,0.0
2023-07-03 16:00:00,43.5,44.13,43.47,44.11,1534.0,4,0.0
2023-07-05 10:00:00,44.4,44.6,44.39,44.54,64.0,12,0.0
2023-07-05 11:00:00,44.54,44.54,44.36,44.36,261.0,12,0.0
2023-07-05 12:00:00,44.36,44.48,44.35,44.47,134.0,12,0.0
2023-07-05 13:00:00,44.44,45.04,44.39,44.67,1705.0,5,0.0
2023-07-05 14:00:00,44.67,44.72,43.97,44.03,2012.0,4,0.0
2023-07-05 15:00:00,44.03,44.31,43.94,44.23,1466.0,4,0.0
2023-07-05 16:00:00,44.22,44.4,44.04,44.4,1161.0,4,0.0
2023-07-05 17:00:00,44.4,44.45,44.29,44.36,879.0,4,0.0
2023-07-05 18:00:00,44.36,44.61,44.33,44.61,1235.0,4,0.0
2023-07-05 19:00:00,44.61,44.65,44.53,44.56,902.0,4,0.0
2023-07-06 10:00:00,44.17,44.24,44.14,44.21,606.0,8,0.0
2023-07-06 11:00:00,44.18,44.34,44.18,44.27,424.0,8,0.0
2023-07-06 12:00:00,44.26,44.27,43.91,43.99,867.0,8,0.0
2023-07-06 13:00:00,43.98,44.21,43.34,43.39,1418.0,5,0.0
2023-07-06 14:00:00,43.39,43.43,43.05,43.28,2035.0,4,0.0
2023-07-06 15:00:00,43.28,43.42,43.09,43.3,1345.0,4,0.0
2023-07-06 16:00:00,43.3,43.64,43.3,43.64,1082.0,4,0.0
2023-07-06 17:00:00,43.64,43.74,43.55,43.74,1008.0,4,0.0
2023-07-06 18:00:00,43.75,43.9,43.62,43.88,1014.0,4,0.0
2023-07-06 19:00:00,43.88,43.91,43.71,43.84,747.0,4,0.0
2023-07-07 10:00:00,43.66,43.68,43.63,43.67,159.0,8,0.0
2023-07-07 11:00:00,43.67,43.78,43.67,43.78,101.0,8,0.0
2023-07-07 12:00:00,43.79,44.1,43.63,43.69,454.0,8,0.0
2023-07-07 13:00:00,43.68,44.07,43.55,43.9,1130.0,5,0.0
2023-07-07 14:00:00,43.91,43.95,43.57,43.9,1571.0,4,0.0
2023-07-07 15:00:00,43.89,44.04,43.86,44.03,1029.0,4,0.0
2023-07-07 16:00:00,44.04,44.21,44.0,44.04,1151.0,4,0.0
2023-07-07 17:00:00,44.04,44.21,44.04,44.14,853.0,4,0.0
2023-07-07 18:00:00,44.14,44.2,44.1,44.15,847.0,4,0.0
2023-07-07 19:00:00,44.15,44.15,43.82,43.82,962.0,4,0.0
2023-07-10 10:00:00,43.52,43.63,43.52,43.61,159.0,8,0.0
2023-07-10 11:00:00,43.61,43.89,43.61,43.86,285.0,8,0.0
2023-07-10 12:00:00,43.85,43.85,43.73,43.79,110.0,8,0.0
2023-07-10 13:00:00,43.82,44.39,43.66,44.04,1147.0,5,0.0
2023-07-10 14:00:00,44.04,44.08,43.66,43.75,1787.0,5,0.0
2023-07-10 15:00:00,43.74,44.12,43.72,43.94,1230.0,4,0.0
2023-07-10 16:00:00,43.94,44.18,43.77,44.11,1269.0,4,0.0
2023-07-10 17:00:00,44.12,44.2,44.02,44.05,908.0,4,0.0
2023-07-10 18:00:00,44.05,44.17,43.97,44.16,826.0,4,0.0
2023-07-10 19:00:00,44.16,44.23,44.1,44.1,776.0,4,0.0
2023-07-11 10:00:00,44.09,44.11,43.8,43.83,730.0,5,0.0
2023-07-11 11:00:00,43.84,44.07,43.82,44.0,447.0,8,0.0
2023-07-11 12:00:00,44.0,44.08,43.85,43.92,346.0,8,0.0
2023-07-11 13:00:00,43.92,44.02,43.1,43.24,1714.0,5,0.0
2023-07-11 14:00:00,43.23,43.58,43.08,43.55,1855.0,4,0.0
2023-07-11 15:00:00,43.55,43.83,43.51,43.7,1223.0,4,0.0
2023-07-11 16:00:00,43.7,43.92,43.64,43.85,976.0,4,0.0
2023-07-11 17:00:00,43.85,43.89,43.69,43.77,872.0,4,0.0
2023-07-11 18:00:00,43.77,43.77,43.57,43.76,813.0,4,0.0
2023-07-11 19:00:00,43.76,43.96,43.73,43.93,720.0,4,0.0
2023-07-12 10:00:00,44.22,44.35,44.18,44.3,421.0,12,0.0
2023-07-12 11:00:00,44.29,44.29,44.05,44.13,293.0,12,0.0
2023-07-12 12:00:00,44.11,44.54,44.06,44.5,621.0,12,0.0
2023-07-12 13:00:00,44.5,44.53,43.97,44.15,1483.0,5,0.0
2023-07-12 14:00:00,44.15,44.4,44.05,44.28,1824.0,5,0.0
2023-07-12 15:00:00,44.28,44.51,43.8,43.81,1807.0,4,0.0
2023-07-12 16:00:00,43.81,44.35,43.76,44.25,1538.0,4,0.0
2023-07-12 17:00:00,44.25,44.41,44.16,44.37,970.0,4,0.0
2023-07-12 18:00:00,44.37,44.45,44.21,44.27,1062.0,4,0.0
2023-07-12 19:00:00,44.27,44.42,44.24,44.35,726.0,4,0.0
2023-07-13 10:00:00,44.56,44.58,44.44,44.52,205.0,8,0.0
2023-07-13 11:00:00,44.51,44.59,44.49,44.53,189.0,8,0.0
2023-07-13 12:00:00,44.54,44.64,44.52,44.61,265.0,8,0.0
2023-07-13 13:00:00,44.61,44.99,44.08,44.44,1440.0,5,0.0
2023-07-13 14:00:00,44.43,44.56,44.23,44.33,1508.0,4,0.0
2023-07-13 15:00:00,44.33,44.7,44.18,44.62,1269.0,4,0.0
2023-07-13 16:00:00,44.62,44.84,44.53,44.81,993.0,4,0.0
2023-07-13 17:00:00,44.8,44.99,44.77,44.84,944.0,4,0.0
2023-07-13 18:00:00,44.84,44.99,44.8,44.95,848.0,4,0.0
2023-07-13 19:00:00,44.95,45.13,44.9,45.12,1100.0,4,0.0
2023-07-14 10:00:00,44.69,44.86,44.68,44.8,332.0,12,0.0
2023-07-14 11:00:00,44.8,45.21,44.78,45.14,624.0,8,0.0
2023-07-14 12:00:00,45.16,46.06,45.16,45.78,529.0,12,0.0
2023-07-14 13:00:00,45.75,45.77,44.82,45.18,1676.0,5,0.0
2023-07-14 14:00:00,45.16,45.61,44.59,44.83,2400.0,4,0.0
2023-07-14 15:00:00,44.83,44.98,44.67,44.68,1278.0,5,0.0
2023-07-14 16:00:00,44.68,44.8,44.61,44.68,1230.0,4,0.0
2023-07-14 17:00:00,44.68,44.68,44.43,44.45,1089.0,4,0.0
2023-07-14 18:00:00,44.45,44.52,44.07,44.12,1344.0,4,0.0
2023-07-14 19:00:00,44.11,44.12,43.95,43.96,1293.0,4,0.0
2023-07-17 10:00:00,44.11,44.32,44.02,44.15,605.0,12,0.0
2023-07-17 11:00:00,44.16,44.43,44.09,44.28,478.0,12,0.0
2023-07-17 12:00:00,44.29,44.4,44.18,44.39,204.0,12,0.0
2023-07-17 13:00:00,44.4,45.63,44.39,45.07,1766.0,5,0.0
2023-07-17 14:00:00,45.08,45.33,44.81,45.28,2100.0,4,0.0
2023-07-17 15:00:00,45.28,45.41,45.02,45.29,1322.0,4,0.0
2023-07-17 16:00:00,45.29,45.32,44.96,45.12,1017.0,4,0.0
2023-07-17 17:00:00,45.12,45.14,44.85,44.96,956.0,4,0.0
2023-07-17 18:00:00,44.96,44.99,44.73,44.94,916.0,4,0.0
2023-07-17 19:00:00,44.94,45.11,44.93,45.08,845.0,4,0.0
2023-07-18 10:00:00,45.14,45.14,45.07,45.13,75.0,8,0.0
2023-07-18 11:00:00,45.13,45.35,45.11,45.26,269.0,8,0.0
2023-07-18 12:00:00,45.25,45.3,45.15,45.24,171.0,8,0.0
2023-07-18 13:00:00,45.24,45.41,44.83,45.31,1461.0,5,0.0
2023-07-18 14:00:00,45.31,45.63,45.23,45.61,1652.0,5,0.0
2023-07-18 15:00:00,45.61,45.95,45.51,45.8,1560.0,5,0.0
2023-07-18 16:00:00,45.79,46.52,45.75,46.52,1570.0,5,0.0
2023-07-18 17:00:00,46.52,46.83,46.17,46.8,1693.0,5,0.0
2023-07-18 18:00:00,46.8,47.44,46.79,47.31,1965.0,5,0.0
2023-07-18 19:00:00,47.3,47.56,47.02,47.41,1416.0,5,0.0
2023-07-19 10:00:00,48.14,48.14,47.95,48.04,105.0,12,0.0
2023-07-19 11:00:00,48.07,48.4,48.02,48.15,451.0,12,0.0
2023-07-19 12:00:00,48.16,48.17,47.91,47.91,349.0,12,0.0
2023-07-19 13:00:00,47.9,48.18,47.04,47.15,1994.0,8,0.0
2023-07-19 14:00:00,47.15,47.93,46.98,47.66,2110.0,5,0.0
2023-07-19 15:00:00,47.66,47.96,47.51,47.63,1596.0,5,0.0
2023-07-19 16:00:00,47.63,47.8,47.29,47.59,1525.0,5,0.0
2023-07-19 17:00:00,47.58,47.63,46.98,47.11,1938.0,4,0.0
2023-07-19 18:00:00,47.12,47.89,47.1,47.89,1698.0,5,0.0
2023-07-19 19:00:00,47.89,48.31,47.66,47.71,1743.0,5,0.0
2023-07-20 10:00:00,44.58,44.86,44.58,44.61,426.0,12,0.0
2023-07-20 11:00:00,44.61,44.88,44.32,44.87,782.0,12,0.0
2023-07-20 12:00:00,44.86,45.36,44.5,44.68,1333.0,8,0.0
2023-07-20 13:00:00,44.66,44.99,43.57,44.09,3219.0,8,0.0
2023-07-20 14:00:00,44.09,44.12,43.38,43.58,2672.0,5,0.0
2023-07-20 15:00:00,43.58,43.76,43.2,43.44,2154.0,5,0.0
2023-07-20 16:00:00,43.44,43.57,43.18,43.52,1813.0,4,0.0
2023-07-20 17:00:00,43.52,43.82,43.36,43.72,1591.0,5,0.0
2023-07-20 18:00:00,43.71,43.91,43.63,43.78,1577.0,4,0.0
2023-07-20 19:00:00,43.79,43.84,43.44,43.81,1412.0,5,0.0
2023-07-21 10:00:00,43.78,43.81,43.73,43.76,135.0,5,0.0
2023-07-21 11:00:00,43.77,43.81,43.72,43.74,213.0,8,0.0
2023-07-21 12:00:00,43.74,43.85,43.59,43.63,251.0,8,0.0
2023-07-21 13:00:00,43.64,43.81,43.04,43.09,1671.0,5,0.0
2023-07-21 14:00:00,43.08,43.37,42.72,42.85,2065.0,5,0.0
2023-07-21 15:00:00,42.85,42.94,42.51,42.6,1475.0,4,0.0
2023-07-21 16:00:00,42.6,42.63,42.31,42.43,1489.0,4,0.0
2023-07-21 17:00:00,42.43,42.86,42.35,42.79,1374.0,4,0.0
2023-07-21 18:00:00,42.79,42.8,42.52,42.59,1045.0,4,0.0
2023-07-21 19:00:00,42.59,42.63,42.44,42.62,943.0,4,0.0
2023-07-24 10:00:00,42.95,42.99,42.83,42.83,82.0,12,0.0
2023-07-24 11:00:00,42.83,42.85,42.59,42.7,208.0,12,0.0
2023-07-24 12:00:00,42.7,42.72,42.57,42.61,172.0,12,0.0
2023-07-24 13:00:00,42.61,42.71,41.9,42.2,1876.0,8,0.0
2023-07-24 14:00:00,42.21,42.72,42.21,42.58,1861.0,5,0.0
2023-07-24 15:00:00,42.58,42.8,42.47,42.53,1466.0,5,0.0
2023-07-24 16:00:00,42.53,42.71,42.45,42.6,1157.0,5,0.0
2023-07-24 17:00:00,42.6,42.63,42.35,42.53,1122.0,4,0.0
2023-07-24 18:00:00,42.53,42.66,42.45,42.66,937.0,4,0.0
2023-07-24 19:00:00,42.65,42.69,42.52,42.64,825.0,4,0.0
2023-07-25 10:00:00,42.87,42.89,42.79,42.81,82.0,12,0.0
2023-07-25 11:00:00,42.81,43.05,42.81,42.94,202.0,8,0.0
2023-07-25 12:00:00,42.96,42.99,42.88,42.92,121.0,8,0.0
2023-07-25 13:00:00,42.92,43.04,42.59,43.0,1089.0,5,0.0
2023-07-25 14:00:00,43.02,43.04,42.68,42.78,1273.0,5,0.0
2023-07-25 15:00:00,42.78,42.99,42.77,42.79,976.0,5,0.0
2023-07-25 16:00:00,42.79,42.79,42.67,42.78,897.0,4,0.0
2023-07-25 17:00:00,42.78,42.99,42.74,42.88,830.0,4,0.0
2023-07-25 18:00:00,42.88,43.06,42.86,42.89,811.0,4,0.0
2023-07-25 19:00:00,42.89,43.05,42.89,42.98,710.0,4,0.0
2023-07-26 10:00:00,42.82,43.06,42.55,42.68,594.0,8,0.0
2023-07-26 11:00:00,42.68,42.69,42.52,42.6,281.0,8,0.0
2023-07-26 12:00:00,42.6,42.73,42.45,42.58,292.0,8,0.0
2023-07-26 13:00:00,42.57,42.59,41.83,42.11,1236.0,5,0.0
2023-07-26 14:00:00,42.11,42.16,41.63,41.66,1466.0,4,0.0
2023-07-26 15:00:00,41.66,41.88,41.55,41.82,1308.0,4,0.0
2023-07-26 16:00:00,41.82,41.98,41.79,41.94,901.0,4,0.0
2023-07-26 17:00:00,41.94,41.96,41.77,41.95,908.0,4,0.0
2023-07-26 18:00:00,41.94,42.23,41.82,42.08,1521.0,4,0.0
2023-07-26 19:00:00,42.09,42.2,41.82,42.2,1370.0,4,0.0
2023-07-27 10:00:00,42.6,42.6,42.54,42.56,49.0,12,0.0
2023-07-27 11:00:00,42.56,42.57,42.37,42.56,272.0,12,0.0
2023-07-27 12:00:00,42.56,42.63,42.39,42.46,285.0,8,0.0
2023-07-27 13:00:00,42.46,42.69,42.0,42.48,1493.0,8,0.0
2023-07-27 14:00:00,42.48,42.58,42.13,42.2,1618.0,5,0.0
2023-07-27 15:00:00,42.21,42.34,42.13,42.24,1109.0,4,0.0
2023-07-27 16:00:00,42.24,42.3,42.09,42.3,929.0,4,0.0
2023-07-27 17:00:00,42.3,42.31,41.94,41.97,1250.0,4,0.0
2023-07-27 18:00:00,41.97,42.0,41.29,41.29,1777.0,4,0.0
2023-07-27 19:00:00,41.29,41.48,41.27,41.27,1100.0,4,0.0
2023-07-28 10:00:00,41.5,41.53,41.18,41.37,228.0,12,0.0
2023-07-28 11:00:00,41.36,41.49,41.36,41.48,147.0,12,0.0
2023-07-28 12:00:00,41.47,41.67,41.42,41.66,234.0,8,0.0
2023-07-28 13:00:00,41.66,42.03,41.34,41.92,1211.0,5,0.0
2023-07-28 14:00:00,41.93,42.26,41.91,42.25,1539.0,5,0.0
2023-07-28 15:00:00,42.26,42.63,42.19,42.62,1347.0,4,0.0
2023-07-28 16:00:00,42.62,42.69,42.43,42.52,982.0,4,0.0
2023-07-28 17:00:00,42.51,42.62,42.4,42.55,1014.0,5,0.0
2023-07-28 18:00:00,42.55,42.68,42.48,42.66,930.0,4,0.0
2023-07-28 19:00:00,42.66,42.72,42.59,42.64,945.0,4,0.0
2023-07-31 10:00:00,42.58,42.76,42.58,42.68,130.0,5,0.0
2023-07-31 11:00:00,42.69,42.69,42.6,42.64,117.0,8,0.0
2023-07-31 12:00:00,42.64,42.68,42.59,42.66,94.0,8,0.0
2023-07-31 13:00:00,42.66,43.4,42.55,43.1,1356.0,8,0.0
2023-07-31 14:00:00,43.11,43.71,43.07,43.59,1843.0,5,0.0
2023-07-31 15:00:00,43.59,43.85,43.57,43.73,1290.0,5,0.0
2023-07-31 16:00:00,43.73,43.82,43.48,43.51,985.0,4,0.0
2023-07-31 17:00:00,43.51,43.7,43.44,43.65,1047.0,4,0.0
2023-07-31 18:00:00,43.66,43.82,43.65,43.8,1073.0,4,0.0
2023-07-31 19:00:00,43.79,43.81,43.71,43.72,758.0,4,0.0
2023-08-01 10:00:00,43.7,43.7,43.58,43.68,60.0,5,0.0
2023-08-01 11:00:00,43.68,43.7,43.57,43.63,219.0,8,0.0
2023-08-01 12:00:00,43.64,43.69,43.61,43.66,120.0,8,0.0
2023-08-01 13:00:00,43.64,43.74,43.09,43.54,1412.0,5,0.0
2023-08-01 14:00:00,43.55,44.32,43.54,44.21,2047.0,5,0.0
2023-08-01 15:00:00,44.22,44.49,44.2,44.31,1215.0,5,0.0
2023-08-01 16:00:00,44.32,44.37,44.07,44.3,1070.0,5,0.0
2023-08-01 17:00:00,44.3,44.36,43.91,43.97,930.0,4,0.0
2023-08-01 18:00:00,43.97,44.21,43.92,44.11,931.0,4,0.0
2023-08-01 19:00:00,44.11,44.16,43.93,43.93,750.0,4,0.0
2023-08-02 10:00:00,43.24,43.39,43.21,43.37,85.0,12,0.0
2023-08-02 11:00:00,43.38,43.61,43.37,43.46,289.0,12,0.0
2023-08-02 12:00:00,43.46,43.49,43.37,43.43,177.0,12,0.0
2023-08-02 13:00:00,43.47,43.5,43.02,43.25,1179.0,8,0.0
2023-08-02 14:00:00,43.25,43.3,42.82,42.94,1610.0,5,0.0
2023-08-02 15:00:00,42.94,43.13,42.84,42.88,1431.0,5,0.0
2023-08-02 16:00:00,42.88,42.97,42.63,42.95,1273.0,5,0.0
2023-08-02 17:00:00,42.95,43.12,42.92,42.96,1010.0,4,0.0
2023-08-02 18:00:00,42.96,43.24,42.95,43.09,950.0,5,0.0
2023-08-02 19:00:00,43.09,43.12,42.84,42.93,743.0,4,0.0
2023-08-03 10:00:00,42.73,42.76,42.68,42.72,180.0,8,0.0
2023-08-03 11:00:00,42.72,42.78,42.62,42.67,381.0,8,0.0
2023-08-03 12:00:00,42.67,42.72,42.58,42.64,156.0,8,0.0
2023-08-03 13:00:00,42.65,43.63,42.55,43.55,1530.0,5,0.0
2023-08-03 14:00:00,43.56,43.88,43.4,43.84,1949.0,5,0.0
2023-08-03 15:00:00,43.85,44.15,43.83,44.04,1561.0,5,0.0
2023-08-03 16:00:00,44.04,44.16,43.92,44.04,967.0,5,0.0
2023-08-03 17:00:00,44.04,44.08,43.79,43.81,782.0,5,0.0
2023-08-03 18:00:00,43.82,43.85,43.55,43.57,834.0,4,0.0
2023-08-03 19:00:00,43.58,43.6,43.25,43.28,924.0,4,0.0
2023-08-04 10:00:00,43.52,43.55,43.27,43.32,737.0,8,0.0
2023-08-04 11:00:00,43.34,43.34,42.99,43.08,655.0,8,0.0
2023-08-04 12:00:00,43.09,43.34,43.01,43.27,475.0,8,0.0
2023-08-04 13:00:00,43.26,43.49,42.67,42.69,1452.0,5,0.0
2023-08-04 14:00:00,42.69,43.18,42.6,43.05,1581.0,5,0.0
2023-08-04 15:00:00,43.05,43.38,43.03,43.37,1013.0,5,0.0
2023-08-04 16:00:00,43.37,43.61,43.24,43.58,922.0,5,0.0
2023-08-04 17:00:00,43.58,43.61,43.31,43.44,1019.0,5,0.0
2023-08-04 18:00:00,43.43,43.43,43.14,43.19,1314.0,4,0.0
2023-08-04 19:00:00,43.18,43.26,43.09,43.13,922.0,4,0.0
2023-08-07 10:00:00,43.25,43.25,43.21,43.22,35.0,8,0.0
2023-08-07 11:00:00,43.21,43.26,43.18,43.22,163.0,8,0.0
2023-08-07 12:00:00,43.23,43.33,43.21,43.33,166.0,8,0.0
2023-08-07 13:00:00,43.33,43.7,43.07,43.08,1202.0,5,0.0
2023-08-07 14:00:00,43.07,43.41,42.85,43.28,1378.0,5,0.0
2023-08-07 15:00:00,43.27,43.46,43.1,43.44,1067.0,5,0.0
2023-08-07 16:00:00,43.44,43.59,43.39,43.58,901.0,5,0.0
2023-08-07 17:00:00,43.59,43.67,43.49,43.6,846.0,5,0.0
2023-08-07 18:00:00,43.6,43.81,43.59,43.69,897.0,5,0.0
2023-08-07 19:00:00,43.69,44.03,43.69,43.97,765.0,4,0.0
2023-08-08 10:00:00,43.8,43.88,43.71,43.8,247.0,8,0.0
2023-08-08 11:00:00,43.78,43.83,43.69,43.72,254.0,8,0.0
2023-08-08 12:00:00,43.72,43.8,43.59,43.64,220.0,8,0.0
2023-08-08 13:00:00,43.63,44.29,43.41,43.77,1591.0,8,0.0
2023-08-08 14:00:00,43.77,43.98,43.51,43.53,1338.0,5,0.0
2023-08-08 15:00:00,43.53,43.73,43.5,43.61,950.0,5,0.0
2023-08-08 16:00:00,43.61,43.83,43.49,43.52,773.0,4,0.0
2023-08-08 17:00:00,43.52,43.76,43.51,43.69,793.0,4,0.0
2023-08-08 18:00:00,43.69,43.94,43.63,43.92,831.0,5,0.0
2023-08-08 19:00:00,43.92,43.93,43.62,43.75,628.0,5,0.0
2023-08-09 10:00:00,43.94,43.95,43.82,43.87,295.0,8,0.0
2023-08-09 11:00:00,43.87,43.89,43.79,43.87,536.0,8,0.0
2023-08-09 12:00:00,43.87,44.0,43.81,43.94,238.0,8,0.0
2023-08-09 13:00:00,43.92,44.0,43.18,43.2,1028.0,5,0.0
2023-08-09 14:00:00,43.2,43.57,43.07,43.07,1449.0,5,0.0
2023-08-09 15:00:00,43.07,43.11,42.74,42.98,1382.0,5,0.0
2023-08-09 16:00:00,42.97,43.11,42.91,42.94,856.0,5,0.0
2023-08-09 17:00:00,42.94,43.33,42.94,43.29,749.0,4,0.0
2023-08-09 18:00:00,43.29,43.47,43.26,43.37,627.0,5,0.0
2023-08-09 19:00:00,43.37,43.42,42.95,42.95,826.0,5,0.0
2023-08-10 10:00:00,42.94,43.17,42.88,43.02,499.0,5,0.0
2023-08-10 11:00:00,43.07,43.18,43.03,43.1,208.0,8,0.0
2023-08-10 12:00:00,43.11,43.5,42.97,43.34,636.0,8,0.0
2023-08-10 13:00:00,43.34,43.64,42.98,43.6,1407.0,8,0.0
2023-08-10 14:00:00,43.59,43.78,43.37,43.7,1588.0,5,0.0
2023-08-10 15:00:00,43.7,43.7,43.26,43.39,1289.0,5,0.0
2023-08-10 16:00:00,43.39,43.56,43.27,43.32,1127.0,5,0.0
2023-08-10 17:00:00,43.31,43.44,42.99,43.03,1042.0,5,0.0
2023-08-10 18:00:00,43.03,43.25,43.03,43.15,1027.0,5,0.0
2023-08-10 19:00:00,43.15,43.15,42.85,42.87,872.0,4,0.0
2023-08-11 10:00:00,42.94,42.98,42.71,42.8,338.0,8,0.0
2023-08-11 11:00:00,42.81,43.15,42.81,43.0,293.0,12,0.0
2023-08-11 12:00:00,42.98,42.99,42.77,42.81,295.0,12,0.0
2023-08-11 13:00:00,42.8,43.0,42.49,42.66,1169.0,5,0.0
2023-08-11 14:00:00,42.68,42.88,42.42,42.47,1595.0,4,0.0
2023-08-11 15:00:00,42.47,42.52,42.17,42.32,1398.0,4,0.0
2023-08-11 16:00:00,42.32,42.57,42.27,42.33,1087.0,4,0.0
2023-08-11 17:00:00,42.33,42.43,42.22,42.27,898.0,4,0.0
2023-08-11 18:00:00,42.27,42.42,42.25,42.31,1001.0,4,0.0
2023-08-11 19:00:00,42.31,42.31,42.18,42.19,799.0,4,0.0
2023-08-14 10:00:00,42.32,42.35,42.32,42.33,173.0,8,0.0
2023-08-14 11:00:00,42.34,42.35,42.21,42.22,348.0,8,0.0
2023-08-14 12:00:00,42.23,42.23,42.01,42.09,297.0,8,0.0
2023-08-14 13:00:00,42.11,42.49,41.86,42.39,1196.0,5,0.0
2023-08-14 14:00:00,42.38,42.85,42.26,42.78,1349.0,4,0.0
2023-08-14 15:00:00,42.79,42.8,42.59,42.66,1113.0,4,0.0
2023-08-14 16:00:00,42.66,42.67,42.44,42.63,710.0,4,0.0
2023-08-14 17:00:00,42.63,42.7,42.51,42.54,809.0,4,0.0
2023-08-14 18:00:00,42.54,42.57,42.4,42.42,797.0,4,0.0
2023-08-14 19:00:00,42.42,42.52,42.4,42.51,689.0,4,0.0
2023-08-15 10:00:00,42.55,42.59,42.45,42.5,605.0,8,0.0
2023-08-15 11:00:00,42.5,42.58,42.42,42.44,734.0,8,0.0
2023-08-15 12:00:00,42.44,42.54,42.38,42.49,544.0,8,0.0
2023-08-15 13:00:00,42.48,42.61,42.15,42.26,1194.0,5,0.0
2023-08-15 14:00:00,42.25,42.43,42.09,42.39,1364.0,4,0.0
2023-08-15 15:00:00,42.39,42.69,42.39,42.68,924.0,4,0.0
2023-08-15 16:00:00,42.69,42.89,42.68,42.86,1039.0,4,0.0
2023-08-15 17:00:00,42.86,42.89,42.63,42.68,789.0,4,0.0
2023-08-15 18:00:00,42.68,42.88,42.67,42.72,766.0,4,0.0
2023-08-15 19:00:00,42.72,42.74,42.32,42.35,754.0,4,0.0
2023-08-16 10:00:00,42.39,42.46,42.38,42.38,108.0,8,0.0
2023-08-16 11:00:00,42.36,42.37,42.22,42.32,598.0,8,0.0
2023-08-16 12:00:00,42.32,42.36,42.11,42.11,555.0,8,0.0
2023-08-16 13:00:00,42.12,42.38,42.03,42.2,1057.0,5,0.0
2023-08-16 14:00:00,42.2,42.27,42.02,42.21,1132.0,5,0.0
2023-08-16 15:00:00,42.21,42.33,41.78,41.82,1125.0,4,0.0
2023-08-16 16:00:00,41.82,41.85,41.62,41.63,1017.0,4,0.0
2023-08-16 17:00:00,41.63,41.8,41.59,41.7,807.0,4,0.0
2023-08-16 18:00:00,41.7,41.95,41.55,41.72,1132.0,4,0.0
2023-08-16 19:00:00,41.72,41.73,41.56,41.64,775.0,4,0.0
2023-08-17 10:00:00,41.51,41.54,41.5,41.52,170.0,5,0.0
2023-08-17 11:00:00,41.54,41.54,41.3,41.32,405.0,5,0.0
2023-08-17 12:00:00,41.32,41.63,41.28,41.55,353.0,8,0.0
2023-08-17 13:00:00,41.54,41.56,40.84,41.01,1347.0,5,0.0
2023-08-17 14:00:00,41.0,41.01,40.64,40.77,1602.0,4,0.0
2023-08-17 15:00:00,40.77,40.81,40.67,40.72,1185.0,4,0.0
2023-08-17 16:00:00,40.72,41.06,40.69,41.06,1000.0,4,0.0
2023-08-17 17:00:00,41.06,41.06,40.7,40.74,1012.0,4,0.0
2023-08-17 18:00:00,40.74,40.74,40.46,40.51,1143.0,4,0.0
2023-08-17 19:00:00,40.51,40.53,40.22,40.26,1173.0,2,0.0
2023-08-18 10:00:00,40.07,40.12,39.98,40.0,325.0,8,0.0
2023-08-18 11:00:00,40.0,40.08,39.8,39.89,371.0,8,0.0
2023-08-18 12:00:00,39.89,40.01,39.87,39.98,272.0,8,0.0
2023-08-18 13:00:00,39.99,40.2,39.77,40.01,1333.0,5,0.0
2023-08-18 14:00:00,40.01,40.37,39.95,40.18,1395.0,4,0.0
2023-08-18 15:00:00,40.18,40.61,40.18,40.6,1088.0,4,0.0
2023-08-18 16:00:00,40.6,40.63,40.38,40.51,1117.0,4,0.0
2023-08-18 17:00:00,40.51,40.54,40.36,40.5,1182.0,4,0.0
2023-08-18 18:00:00,40.5,40.58,40.43,40.43,856.0,4,0.0
2023-08-18 19:00:00,40.43,40.5,40.29,40.49,747.0,4,0.0
2023-08-21 10:00:00,40.68,40.68,40.57,40.62,598.0,8,0.0
2023-08-21 11:00:00,40.63,40.65,40.61,40.62,154.0,8,0.0
2023-08-21 12:00:00,40.63,40.68,40.49,40.49,196.0,8,0.0
2023-08-21 13:00:00,40.49,40.74,39.93,40.59,1366.0,5,0.0
2023-08-21 14:00:00,40.6,40.73,40.1,40.11,1381.0,4,0.0
2023-08-21 15:00:00,40.11,40.25,39.95,40.13,1141.0,4,0.0
2023-08-21 16:00:00,40.13,40.48,40.13,40.47,1101.0,4,0.0
2023-08-21 17:00:00,40.47,40.62,40.42,40.58,846.0,4,0.0
2023-08-21 18:00:00,40.58,40.75,40.57,40.75,876.0,4,0.0
2023-08-21 19:00:00,40.75,40.91,40.73,40.88,787.0,4,0.0
2023-08-22 10:00:00,40.93,40.95,40.87,40.88,157.0,5,0.0
2023-08-22 11:00:00,40.87,40.95,40.87,40.95,99.0,8,0.0
2023-08-22 12:00:00,40.94,41.01,40.88,40.91,144.0,8,0.0
2023-08-22 13:00:00,40.91,41.27,40.69,40.89,1299.0,5,0.0
2023-08-22 14:00:00,40.89,41.43,40.87,41.4,1636.0,4,0.0
2023-08-22 15:00:00,41.4,41.49,41.19,41.21,1182.0,4,0.0
2023-08-22 16:00:00,41.21,41.27,40.96,41.22,921.0,4,0.0
2023-08-22 17:00:00,41.22,41.26,41.04,41.16,916.0,4,0.0
2023-08-22 18:00:00,41.16,41.41,41.12,41.4,983.0,4,0.0
2023-08-22 19:00:00,41.4,41.55,41.27,41.27,807.0,4,0.0
2023-08-23 10:00:00,41.56,41.56,41.46,41.49,214.0,12,0.0
2023-08-23 11:00:00,41.48,41.5,41.34,41.46,305.0,8,0.0
2023-08-23 12:00:00,41.47,41.55,41.35,41.45,239.0,8,0.0
2023-08-23 13:00:00,41.45,42.55,41.45,42.54,2065.0,5,0.0
2023-08-23 14:00:00,42.54,43.45,42.41,43.32,2239.0,5,0.0
2023-08-23 15:00:00,43.32,43.68,43.22,43.56,1687.0,5,0.0
2023-08-23 16:00:00,43.56,43.56,43.11,43.14,1146.0,4,0.0
2023-08-23 17:00:00,43.14,43.4,43.13,43.25,967.0,4,0.0
2023-08-23 18:00:00,43.25,43.25,42.95,42.99,1013.0,4,0.0
2023-08-23 19:00:00,42.99,43.07,42.84,42.84,941.0,4,0.0
2023-08-24 10:00:00,42.9,43.07,42.87,43.05,946.0,8,0.0
2023-08-24 11:00:00,43.02,43.11,42.76,42.86,149.0,8,0.0
2023-08-24 12:00:00,42.85,42.85,42.37,42.56,372.0,12,0.0
2023-08-24 13:00:00,42.56,42.72,41.73,41.81,1470.0,8,0.0
2023-08-24 14:00:00,41.82,42.0,41.3,41.41,1912.0,5,0.0
2023-08-24 15:00:00,41.41,41.41,40.78,40.85,1689.0,5,0.0
2023-08-24 16:00:00,40.85,41.34,40.85,41.29,1073.0,4,0.0
2023-08-24 17:00:00,41.29,41.35,41.02,41.08,1022.0,4,0.0
2023-08-24 18:00:00,41.08,41.23,41.02,41.11,1041.0,4,0.0
2023-08-24 19:00:00,41.11,41.12,40.91,40.92,1003.0,4,0.0
2023-08-25 10:00:00,40.97,41.05,40.88,40.96,640.0,8,0.0
2023-08-25 11:00:00,40.96,41.03,40.85,40.9,268.0,8,0.0
2023-08-25 12:00:00,40.92,41.32,40.91,41.15,281.0,8,0.0
2023-08-25 13:00:00,41.15,41.63,41.08,41.43,1221.0,8,0.0
2023-08-25 14:00:00,41.44,41.87,40.74,40.77,2234.0,5,0.0
2023-08-25 15:00:00,40.77,41.27,40.76,41.01,1510.0,5,0.0
2023-08-25 16:00:00,41.01,41.42,41.01,41.35,1064.0,8,0.0
2023-08-25 17:00:00,41.36,41.45,41.22,41.4,954.0,5,0.0
2023-08-25 18:00:00,41.4,41.81,41.39,41.74,1319.0,5,0.0
2023-08-25 19:00:00,41.75,41.82,41.64,41.72,954.0,4,0.0
2023-08-28 10:00:00,41.73,41.73,41.68,41.7,114.0,4,0.0
2023-08-28 11:00:00,41.7,41.8,41.69,41.75,116.0,4,0.0
2023-08-28 12:00:00,41.75,41.86,41.7,41.86,253.0,8,0.0
2023-08-28 13:00:00,41.86,41.93,41.29,41.55,1204.0,8,0.0
2023-08-28 14:00:00,41.55,41.87,41.48,41.56,1365.0,5,0.0
2023-08-28 15:00:00,41.56,41.76,41.49,41.6,1028.0,5,0.0
2023-08-28 16:00:00,41.6,41.79,41.49,41.79,980.0,4,0.0
2023-08-28 17:00:00,41.79,41.91,41.58,41.61,826.0,4,0.0
2023-08-28 18:00:00,41.61,41.61,41.35,41.53,878.0,4,0.0
2023-08-28 19:00:00,41.53,41.66,41.48,41.64,684.0,4,0.0
2023-08-29 10:00:00,41.76,41.78,41.74,41.74,38.0,8,0.0
2023-08-29 11:00:00,41.76,41.78,41.69,41.69,111.0,8,0.0
2023-08-29 12:00:00,41.7,41.74,41.59,41.67,159.0,8,0.0
2023-08-29 13:00:00,41.67,42.01,41.44,41.88,1070.0,5,0.0
2023-08-29 14:00:00,41.9,42.57,41.9,42.56,1704.0,5,0.0
2023-08-29 15:00:00,42.56,42.65,42.44,42.53,1176.0,4,0.0
2023-08-29 16:00:00,42.53,42.68,42.48,42.63,1016.0,4,0.0
2023-08-29 17:00:00,42.63,42.75,42.6,42.68,891.0,4,0.0
2023-08-29 18:00:00,42.68,42.99,42.65,42.97,925.0,4,0.0
2023-08-29 19:00:00,42.97,43.2,42.93,43.17,860.0,4,0.0
2023-08-30 10:00:00,42.98,43.1,42.98,43.08,208.0,8,0.0
2023-08-30 11:00:00,43.08,43.13,43.04,43.11,134.0,8,0.0
2023-08-30 12:00:00,43.11,43.23,42.97,43.16,289.0,8,0.0
2023-08-30 13:00:00,43.13,43.39,42.8,43.36,1207.0,5,0.0
2023-08-30 14:00:00,43.36,43.78,43.16,43.49,1628.0,5,0.0
2023-08-30 15:00:00,43.49,43.68,43.33,43.68,956.0,5,0.0
2023-08-30 16:00:00,43.68,43.7,43.45,43.54,827.0,5,0.0
2023-08-30 17:00:00,43.54,43.61,43.36,43.42,672.0,4,0.0
2023-08-30 18:00:00,43.42,43.57,43.22,43.56,905.0,5,0.0
2023-08-30 19:00:00,43.56,43.6,43.44,43.47,767.0,4,0.0
2023-08-31 10:00:00,43.4,43.41,43.37,43.39,75.0,8,0.0
2023-08-31 11:00:00,43.4,43.48,43.4,43.47,265.0,8,0.0
2023-08-31 12:00:00,43.47,43.47,43.37,43.46,212.0,8,0.0
2023-08-31 13:00:00,43.46,43.62,43.01,43.51,1093.0,8,0.0
2023-08-31 14:00:00,43.52,43.69,43.29,43.63,1181.0,5,0.0
2023-08-31 15:00:00,43.63,43.66,43.45,43.49,970.0,5,0.0
2023-08-31 16:00:00,43.49,43.49,43.13,43.2,968.0,5,0.0
2023-08-31 17:00:00,43.2,43.47,43.19,43.41,826.0,4,0.0
2023-08-31 18:00:00,43.41,43.56,43.36,43.42,760.0,4,0.0
2023-08-31 19:00:00,43.42,43.57,43.42,43.53,672.0,4,0.0
2023-09-01 10:00:00,43.26,43.32,43.24,43.25,114.0,12,0.0
2023-09-01 11:00:00,43.25,43.36,43.25,43.33,427.0,8,0.0
2023-09-01 12:00:00,43.33,43.6,43.3,43.45,323.0,8,0.0
2023-09-01 13:00:00,43.45,44.08,43.41,44.07,1441.0,8,0.0
2023-09-01 14:00:00,44.07,44.49,43.94,44.09,1830.0,5,0.0
2023-09-01 15:00:00,44.09,44.19,43.85,43.92,1143.0,5,0.0
2023-09-01 16:00:00,43.93,44.42,43.9,44.41,1041.0,4,0.0
2023-09-01 17:00:00,44.41,44.44,44.12,44.16,932.0,4,0.0
2023-09-01 18:00:00,44.16,44.17,43.8,43.94,960.0,4,0.0
2023-09-01 19:00:00,43.94,44.03,43.92,43.93,702.0,4,0.0
2023-09-05 10:00:00,43.73,43.73,43.72,43.73,53.0,8,0.0
2023-09-05 11:00:00,43.75,43.84,43.69,43.8,498.0,8,0.0
2023-09-05 12:00:00,43.8,43.83,43.71,43.79,179.0,12,0.0
2023-09-05 13:00:00,43.79,44.78,43.71,44.48,1458.0,8,0.0
2023-09-05 14:00:00,44.48,45.25,44.42,45.11,1738.0,5,0.0
2023-09-05 15:00:00,45.11,45.32,44.86,44.94,1282.0,5,0.0
2023-09-05 16:00:00,44.95,45.18,44.86,44.97,1022.0,5,0.0
2023-09-05 17:00:00,44.97,45.04,44.87,45.03,932.0,4,0.0
2023-09-05 18:00:00,45.03,45.24,45.01,45.21,890.0,4,0.0
2023-09-05 19:00:00,45.21,45.21,44.99,45.11,857.0,4,0.0
2023-09-06 10:00:00,44.69,44.71,44.68,44.68,98.0,12,0.0
2023-09-06 11:00:00,44.68,44.91,44.66,44.78,246.0,8,0.0
2023-09-06 12:00:00,44.82,44.85,44.72,44.73,319.0,8,0.0
2023-09-06 13:00:00,44.76,45.09,44.61,44.93,1162.0,8,0.0
2023-09-06 14:00:00,44.92,44.92,44.5,44.53,1493.0,5,0.0
2023-09-06 15:00:00,44.52,44.62,44.36,44.4,1289.0,5,0.0
2023-09-06 16:00:00,44.4,44.45,44.05,44.12,1088.0,5,0.0
2023-09-06 17:00:00,44.12,44.37,44.03,44.23,864.0,5,0.0
2023-09-06 18:00:00,44.23,44.47,44.15,44.37,940.0,5,0.0
2023-09-06 19:00:00,44.37,44.5,44.27,44.48,808.0,4,0.0
2023-09-07 10:00:00,44.36,44.38,44.1,44.22,538.0,8,0.0
2023-09-07 11:00:00,44.22,44.39,44.11,44.14,382.0,8,0.0
2023-09-07 12:00:00,44.16,44.16,43.91,44.06,329.0,12,0.0
2023-09-07 13:00:00,44.09,44.1,43.68,43.86,1240.0,8,0.0
2023-09-07 14:00:00,43.86,44.13,43.64,43.99,1142.0,5,0.0
2023-09-07 15:00:00,43.98,44.18,43.85,43.9,1065.0,5,0.0
2023-09-07 16:00:00,43.9,44.21,43.88,44.13,751.0,5,0.0
2023-09-07 17:00:00,44.13,44.39,44.1,44.36,679.0,5,0.0
2023-09-07 18:00:00,44.37,44.42,44.32,44.41,784.0,4,0.0
2023-09-07 19:00:00,44.42,44.43,44.25,44.32,613.0,5,0.0
2023-09-08 10:00:00,44.14,44.43,44.13,44.3,226.0,8,0.0
2023-09-08 11:00:00,44.29,44.44,44.17,44.22,397.0,8,0.0
2023-09-08 12:00:00,44.22,44.45,44.15,44.34,262.0,12,0.0
2023-09-08 13:00:00,44.34,44.63,44.19,44.26,855.0,8,0.0
2023-09-08 14:00:00,44.26,44.45,43.89,43.89,1180.0,5,0.0
2023-09-08 15:00:00,43.89,44.29,43.85,44.12,902.0,5,0.0
2023-09-08 16:00:00,44.13,44.27,44.05,44.24,708.0,5,0.0
2023-09-08 17:00:00,44.24,44.28,44.15,44.27,634.0,5,0.0
2023-09-08 18:00:00,44.27,44.35,44.13,44.13,719.0,4,0.0
2023-09-08 19:00:00,44.13,44.17,44.06,44.16,582.0,5,0.0
2023-09-11 10:00:00,44.26,44.3,44.24,44.29,335.0,8,0.0
2023-09-11 11:00:00,44.29,44.43,44.23,44.35,470.0,8,0.0
2023-09-11 12:00:00,44.35,44.4,44.32,44.33,183.0,8,0.0
2023-09-11 13:00:00,44.33,44.93,44.2,44.7,1177.0,8,0.0
2023-09-11 14:00:00,44.69,44.93,44.38,44.47,1239.0,8,0.0
2023-09-11 15:00:00,44.47,44.55,44.28,44.44,861.0,5,0.0
2023-09-11 16:00:00,44.44,44.46,44.26,44.27,628.0,5,0.0
2023-09-11 17:00:00,44.27,44.56,44.26,44.55,625.0,5,0.0
2023-09-11 18:00:00,44.55,44.77,44.54,44.61,741.0,5,0.0
2023-09-11 19:00:00,44.61,44.72,44.53,44.65,595.0,5,0.0
2023-09-12 10:00:00,44.28,44.31,44.28,44.31,76.0,12,0.0
2023-09-12 11:00:00,44.32,44.44,44.32,44.37,181.0,8,0.0
2023-09-12 12:00:00,44.37,44.43,44.35,44.39,142.0,8,0.0
2023-09-12 13:00:00,44.38,44.42,44.05,44.4,877.0,8,0.0
2023-09-12 14:00:00,44.38,44.5,44.09,44.09,1161.0,5,0.0
2023-09-12 15:00:00,44.09,44.19,44.0,44.08,838.0,5,0.0
2023-09-12 16:00:00,44.08,44.25,44.08,44.11,644.0,5,0.0
2023-09-12 17:00:00,44.11,44.17,43.92,43.95,711.0,4,0.0
2023-09-12 18:00:00,43.95,43.95,43.66,43.66,1041.0,4,0.0
2023-09-12 19:00:00,43.66,43.68,43.45,43.47,838.0,4,0.0
2023-09-13 10:00:00,43.48,43.5,43.45,43.47,101.0,4,0.0
2023-09-13 11:00:00,43.46,43.66,43.44,43.61,130.0,5,0.0
2023-09-13 12:00:00,43.61,43.7,43.41,43.53,248.0,8,0.0
2023-09-13 13:00:00,43.52,43.79,43.0,43.1,1106.0,8,0.0
2023-09-13 14:00:00,43.09,43.57,42.89,43.53,1445.0,5,0.0
2023-09-13 15:00:00,43.53,43.72,42.0,42.33,1817.0,4,0.0
2023-09-13 16:00:00,42.32,42.42,41.45,41.62,2221.0,5,0.0
2023-09-13 17:00:00,41.62,42.13,41.61,41.85,1465.0,5,0.0
2023-09-13 18:00:00,41.85,41.87,41.18,41.25,1536.0,4,0.0
2023-09-13 19:00:00,41.24,41.35,41.09,41.14,1136.0,4,0.0
2023-09-14 10:00:00,41.41,41.45,41.35,41.44,173.0,12,0.0
2023-09-14 11:00:00,41.44,41.44,41.2,41.28,277.0,8,0.0
2023-09-14 12:00:00,41.28,41.3,40.95,41.1,421.0,8,0.0
2023-09-14 13:00:00,41.13,41.22,40.23,40.4,1841.0,5,0.0
2023-09-14 14:00:00,40.4,40.75,40.15,40.6,1757.0,5,0.0
2023-09-14 15:00:00,40.6,40.65,40.32,40.45,1377.0,4,0.0
2023-09-14 16:00:00,40.44,40.49,40.21,40.35,1086.0,5,0.0
2023-09-14 17:00:00,40.35,40.39,40.18,40.33,942.0,4,0.0
2023-09-14 18:00:00,40.33,40.33,40.12,40.17,971.0,4,0.0
2023-09-14 19:00:00,40.17,40.25,40.15,40.16,802.0,4,0.0
2023-09-15 10:00:00,39.99,40.05,39.99,40.02,77.0,8,0.0
2023-09-15 11:00:00,40.02,40.14,40.0,40.11,224.0,8,0.0
2023-09-15 12:00:00,40.11,40.29,40.11,40.18,178.0,8,0.0
2023-09-15 13:00:00,40.17,40.42,39.9,40.24,1745.0,8,0.0
2023-09-15 14:00:00,40.25,40.37,39.9,39.96,1681.0,5,0.0
2023-09-15 15:00:00,39.96,39.96,39.48,39.58,1639.0,5,0.0
2023-09-15 16:00:00,39.58,39.9,39.52,39.79,1389.0,4,0.0
2023-09-15 17:00:00,39.78,39.79,39.49,39.61,1078.0,4,0.0
2023-09-15 18:00:00,39.61,39.67,39.53,39.64,1054.0,4,0.0
2023-09-15 19:00:00,39.63,39.78,39.58,39.68,1024.0,4,0.0
2023-09-18 10:00:00,39.71,39.74,39.69,39.74,32.0,5,0.0
2023-09-18 11:00:00,39.74,39.74,39.48,39.49,268.0,5,0.0
2023-09-18 12:00:00,39.49,39.68,39.49,39.63,163.0,8,0.0
2023-09-18 13:00:00,39.62,39.89,39.36,39.64,1119.0,8,0.0
2023-09-18 14:00:00,39.65,39.75,39.23,39.46,1602.0,5,0.0
2023-09-18 15:00:00,39.46,39.74,39.37,39.58,1181.0,5,0.0
2023-09-18 16:00:00,39.58,39.61,39.37,39.39,783.0,4,0.0
2023-09-18 17:00:00,39.39,39.49,39.35,39.38,790.0,4,0.0
2023-09-18 18:00:00,39.39,39.48,39.28,39.3,743.0,4,0.0
2023-09-18 19:00:00,39.3,39.42,39.27,39.31,733.0,4,0.0
2023-09-19 10:00:00,39.48,39.52,39.45,39.48,61.0,8,0.0
2023-09-19 11:00:00,39.5,39.51,39.41,39.42,156.0,8,0.0
2023-09-19 12:00:00,39.43,39.43,39.22,39.25,224.0,8,0.0
2023-09-19 13:00:00,39.23,39.7,39.15,39.45,1346.0,8,0.0
2023-09-19 14:00:00,39.45,39.63,39.03,39.07,1259.0,5,0.0
2023-09-19 15:00:00,39.07,39.19,39.01,39.16,986.0,5,0.0
2023-09-19 16:00:00,39.16,39.41,39.09,39.39,936.0,4,0.0
2023-09-19 17:00:00,39.4,39.67,39.37,39.66,885.0,4,0.0
2023-09-19 18:00:00,39.66,39.78,39.56,39.56,875.0,4,0.0
2023-09-19 19:00:00,39.56,39.67,39.52,39.6,727.0,4,0.0
2023-09-20 10:00:00,39.65,39.71,39.59,39.63,307.0,5,0.0
2023-09-20 11:00:00,39.62,39.72,39.62,39.68,270.0,8,0.0
2023-09-20 12:00:00,39.68,39.78,39.66,39.74,97.0,8,0.0
2023-09-20 13:00:00,39.75,39.78,39.32,39.58,829.0,5,0.0
2023-09-20 14:00:00,39.58,39.68,39.26,39.38,1013.0,5,0.0
2023-09-20 15:00:00,39.38,39.42,39.21,39.35,927.0,4,0.0
2023-09-20 16:00:00,39.35,39.45,39.3,39.36,702.0,4,0.0
2023-09-20 17:00:00,39.36,39.36,39.1,39.19,837.0,4,0.0
2023-09-20 18:00:00,39.19,39.36,39.0,39.03,1371.0,5,0.0
2023-09-20 19:00:00,39.03,39.08,38.72,38.73,1027.0,5,0.0
2023-09-21 10:00:00,38.29,38.35,38.25,38.35,174.0,12,0.0
2023-09-21 11:00:00,38.36,38.37,38.14,38.26,426.0,12,0.0
2023-09-21 12:00:00,38.27,38.56,38.26,38.56,271.0,8,0.0
2023-09-21 13:00:00,38.56,39.53,38.45,39.11,1581.0,5,0.0
2023-09-21 14:00:00,39.1,39.15,38.61,38.67,1709.0,5,0.0
2023-09-21 15:00:00,38.68,38.71,38.48,38.54,1106.0,5,0.0
2023-09-21 16:00:00,38.54,38.79,38.5,38.75,1040.0,5,0.0
2023-09-21 17:00:00,38.75,38.84,38.65,38.69,1020.0,4,0.0
2023-09-21 18:00:00,38.68,38.68,38.48,38.5,962.0,4,0.0
2023-09-21 19:00:00,38.5,38.53,38.33,38.43,833.0,4,0.0
2023-09-22 10:00:00,38.59,38.63,38.57,38.62,347.0,8,0.0
2023-09-22 11:00:00,38.64,38.64,38.49,38.52,192.0,8,0.0
2023-09-22 12:00:00,38.53,38.6,38.53,38.56,126.0,8,0.0
2023-09-22 13:00:00,38.58,38.62,38.1,38.15,1033.0,5,0.0
2023-09-22 14:00:00,38.16,38.48,38.06,38.41,1363.0,4,0.0
2023-09-22 15:00:00,38.4,38.43,38.17,38.17,930.0,4,0.0
2023-09-22 16:00:00,38.17,38.32,38.15,38.24,817.0,4,0.0
2023-09-22 17:00:00,38.24,38.25,37.98,37.99,901.0,4,0.0
2023-09-22 18:00:00,37.98,38.0,37.83,37.88,925.0,4,0.0
2023-09-22 19:00:00,37.88,38.21,37.86,38.02,820.0,4,0.0
2023-09-25 10:00:00,38.41,38.43,38.27,38.35,273.0,8,0.0
2023-09-25 11:00:00,38.34,38.38,38.15,38.18,513.0,8,0.0
2023-09-25 12:00:00,38.16,38.29,38.16,38.19,234.0,8,0.0
2023-09-25 13:00:00,38.19,38.61,38.06,38.27,1259.0,8,0.0
2023-09-25 14:00:00,38.27,38.3,38.06,38.14,1178.0,5,0.0
2023-09-25 15:00:00,38.14,38.39,38.09,38.24,871.0,5,0.0
2023-09-25 16:00:00,38.24,38.48,38.2,38.33,696.0,5,0.0
2023-09-25 17:00:00,38.33,38.41,38.27,38.34,712.0,5,0.0
2023-09-25 18:00:00,38.34,38.48,38.3,38.32,776.0,5,0.0
2023-09-25 19:00:00,38.32,38.44,38.25,38.4,591.0,4,0.0
2023-09-26 10:00:00,38.33,38.33,38.2,38.3,107.0,5,0.0
2023-09-26 11:00:00,38.3,38.35,38.24,38.34,343.0,8,0.0
2023-09-26 12:00:00,38.34,38.38,38.17,38.2,178.0,8,0.0
2023-09-26 13:00:00,38.2,38.38,37.99,38.02,1047.0,5,0.0
2023-09-26 14:00:00,38.02,38.42,38.0,38.4,1312.0,4,0.0
2023-09-26 15:00:00,38.4,38.43,38.22,38.29,864.0,5,0.0
2023-09-26 16:00:00,38.29,38.31,38.04,38.04,770.0,5,0.0
2023-09-26 17:00:00,38.04,38.1,37.77,37.81,1060.0,4,0.0
2023-09-26 18:00:00,37.81,37.87,37.72,37.78,1121.0,4,0.0
2023-09-26 19:00:00,37.78,37.9,37.74,37.81,886.0,4,0.0
2023-09-27 10:00:00,38.03,38.08,38.02,38.04,131.0,8,0.0
2023-09-27 11:00:00,38.04,38.13,38.03,38.12,150.0,8,0.0
2023-09-27 12:00:00,38.13,38.13,37.99,38.1,141.0,8,0.0
2023-09-27 13:00:00,38.08,38.37,38.05,38.2,1144.0,5,0.0
2023-09-27 14:00:00,38.2,38.22,37.85,37.94,1260.0,5,0.0
2023-09-27 15:00:00,37.94,38.05,37.79,37.8,990.0,5,0.0
2023-09-27 16:00:00,37.8,37.84,37.68,37.77,795.0,5,0.0
2023-09-27 17:00:00,37.77,37.89,37.65,37.71,832.0,4,0.0
2023-09-27 18:00:00,37.71,37.95,37.61,37.91,918.0,4,0.0
2023-09-27 19:00:00,37.91,38.09,37.71,37.74,967.0,5,0.0
2023-09-28 10:00:00,37.64,37.67,37.6,37.62,604.0,8,0.0
2023-09-28 11:00:00,37.63,37.64,37.6,37.62,268.0,8,0.0
2023-09-28 12:00:00,37.63,37.96,37.58,37.65,487.0,8,0.0
2023-09-28 13:00:00,37.63,37.76,37.24,37.67,1113.0,5,0.0
2023-09-28 14:00:00,37.66,37.75,37.08,37.36,1401.0,4,0.0
2023-09-28 15:00:00,37.36,37.88,37.24,37.81,1172.0,4,0.0
2023-09-28 16:00:00,37.81,37.83,37.57,37.61,876.0,4,0.0
2023-09-28 17:00:00,37.61,37.68,37.47,37.51,820.0,4,0.0
2023-09-28 18:00:00,37.51,37.65,37.39,37.48,900.0,4,0.0
2023-09-28 19:00:00,37.48,37.65,37.47,37.57,819.0,4,0.0
2023-09-29 10:00:00,37.79,37.83,37.78,37.78,163.0,8,0.0
2023-09-29 11:00:00,37.8,37.85,37.76,37.84,293.0,8,0.0
2023-09-29 12:00:00,37.84,38.05,37.83,38.0,309.0,8,0.0
2023-09-29 13:00:00,38.01,38.21,37.91,38.06,916.0,8,0.0
2023-09-29 14:00:00,38.06,38.1,37.64,37.69,1440.0,5,0.0
2023-09-29 15:00:00,37.69,37.85,37.58,37.64,1153.0,5,0.0
2023-09-29 16:00:00,37.63,37.85,37.61,37.65,1104.0,4,0.0
2023-09-29 17:00:00,37.65,37.7,37.51,37.55,940.0,4,0.0
2023-09-29 18:00:00,37.55,37.77,37.53,37.77,870.0,4,0.0
2023-09-29 19:00:00,37.77,37.77,37.61,37.61,842.0,4,0.0
2023-10-02 10:00:00,37.78,37.78,37.62,37.69,965.0,8,0.0
2023-10-02 11:00:00,37.67,37.9,37.65,37.75,556.0,12,0.0
2023-10-02 12:00:00,37.75,37.75,37.58,37.6,239.0,8,0.0
2023-10-02 13:00:00,37.6,38.1,37.53,37.98,1010.0,4,0.0
2023-10-02 14:00:00,37.96,38.25,37.88,37.99,1484.0,4,0.0
2023-10-02 15:00:00,37.99,38.45,37.98,38.03,1249.0,4,0.0
2023-10-02 16:00:00,38.02,38.06,37.84,37.89,1033.0,4,0.0
2023-10-02 17:00:00,37.89,37.95,37.74,37.92,1072.0,4,0.0
2023-10-02 18:00:00,37.92,38.07,37.86,37.94,1012.0,4,0.0
2023-10-02 19:00:00,37.93,38.03,37.86,37.88,791.0,4,0.0
2023-10-03 10:00:00,38.02,38.02,38.02,38.02,2.0,12,0.0
2023-10-03 11:00:00,38.02,38.02,37.8,37.8,358.0,8,0.0
2023-10-03 12:00:00,37.81,37.88,37.6,37.67,485.0,8,0.0
2023-10-03 13:00:00,37.62,39.42,37.61,39.02,2344.0,5,0.0
2023-10-03 14:00:00,39.03,39.05,37.91,38.34,2517.0,5,0.0
2023-10-03 15:00:00,38.34,38.39,37.81,37.86,1356.0,5,0.0
2023-10-03 16:00:00,37.86,37.97,37.72,37.87,1183.0,5,0.0
2023-10-03 17:00:00,37.87,37.95,37.39,37.5,1367.0,4,0.0
2023-10-03 18:00:00,37.5,37.55,37.36,37.44,1203.0,4,0.0
2023-10-03 19:00:00,37.44,37.49,37.27,37.45,970.0,4,0.0
2023-10-04 10:00:00,37.55,37.57,37.49,37.52,418.0,8,0.0
2023-10-04 11:00:00,37.52,37.81,37.51,37.73,625.0,8,0.0
2023-10-04 12:00:00,37.74,38.01,37.68,37.88,551.0,8,0.0
2023-10-04 13:00:00,37.85,37.94,37.56,37.67,1066.0,8,0.0
2023-10-04 14:00:00,37.64,37.84,37.46,37.54,1841.0,5,0.0
2023-10-04 15:00:00,37.54,38.0,37.5,37.98,1180.0,5,0.0
2023-10-04 16:00:00,37.98,37.98,37.6,37.65,1015.0,4,0.0
2023-10-04 17:00:00,37.64,37.64,37.38,37.42,970.0,4,0.0
2023-10-04 18:00:00,37.41,37.5,37.34,37.48,994.0,4,0.0
2023-10-04 19:00:00,37.48,37.68,37.48,37.55,835.0,4,0.0
2023-10-05 10:00:00,37.6,37.61,37.57,37.58,149.0,4,0.0
2023-10-05 11:00:00,37.58,37.8,37.58,37.74,349.0,4,0.0
2023-10-05 12:00:00,37.74,37.81,37.56,37.64,477.0,8,0.0
2023-10-05 13:00:00,37.67,37.8,36.91,37.01,1147.0,5,0.0
2023-10-05 14:00:00,37.01,37.05,36.71,36.82,1967.0,5,0.0
2023-10-05 15:00:00,36.82,37.02,36.76,36.9,1148.0,4,0.0
2023-10-05 16:00:00,36.9,37.04,36.87,36.94,876.0,4,0.0
2023-10-05 17:00:00,36.94,37.14,36.84,37.12,903.0,4,0.0
2023-10-05 18:00:00,37.12,37.34,37.01,37.34,972.0,4,0.0
2023-10-05 19:00:00,37.34,37.34,37.2,37.24,725.0,4,0.0
2023-10-06 10:00:00,37.18,37.56,37.17,37.39,652.0,5,0.0
2023-10-06 11:00:00,37.39,37.39,37.19,37.22,377.0,12,0.0
2023-10-06 12:00:00,37.21,37.32,36.66,36.71,474.0,12,0.0
2023-10-06 13:00:00,36.71,37.11,36.68,36.98,1207.0,8,0.0
2023-10-06 14:00:00,36.97,37.55,36.82,37.53,1671.0,4,0.0
2023-10-06 15:00:00,37.53,38.0,37.49,37.93,1421.0,4,0.0
2023-10-06 16:00:00,37.93,38.06,37.83,37.97,1000.0,4,0.0
2023-10-06 17:00:00,37.97,38.11,37.95,38.09,784.0,4,0.0
2023-10-06 18:00:00,38.08,38.17,38.04,38.13,692.0,4,0.0
2023-10-06 19:00:00,38.13,38.23,38.06,38.21,801.0,4,0.0
2023-10-09 10:00:00,37.8,37.85,37.78,37.8,323.0,8,0.0
2023-10-09 11:00:00,37.79,37.79,37.7,37.74,136.0,8,0.0
2023-10-09 12:00:00,37.74,37.79,37.7,37.75,150.0,8,0.0
2023-10-09 13:00:00,37.78,38.59,37.75,38.24,1015.0,8,0.0
2023-10-09 14:00:00,38.24,38.3,37.94,38.05,1116.0,5,0.0
2023-10-09 15:00:00,38.04,38.2,37.99,38.17,735.0,4,0.0
2023-10-09 16:00:00,38.17,38.3,38.11,38.21,592.0,4,0.0
2023-10-09 17:00:00,38.21,38.59,38.21,38.59,638.0,4,0.0
2023-10-09 18:00:00,38.59,38.61,38.46,38.58,847.0,4,0.0
2023-10-09 19:00:00,38.58,38.69,38.55,38.57,722.0,4,0.0
2023-10-10 10:00:00,38.69,38.72,38.67,38.71,238.0,8,0.0
2023-10-10 11:00:00,38.71,38.72,38.41,38.48,558.0,8,0.0
2023-10-10 12:00:00,38.47,38.53,38.45,38.51,160.0,8,0.0
2023-10-10 13:00:00,38.51,38.62,38.23,38.48,921.0,5,0.0
2023-10-10 14:00:00,38.48,38.76,38.44,38.74,1170.0,4,0.0
2023-10-10 15:00:00,38.74,38.84,38.65,38.74,960.0,4,0.0
2023-10-10 16:00:00,38.73,38.74,37.93,37.99,1431.0,4,0.0
2023-10-10 17:00:00,37.99,38.0,37.67,37.83,1531.0,4,0.0
2023-10-10 18:00:00,37.83,37.93,37.74,37.74,1057.0,4,0.0
2023-10-10 19:00:00,37.74,37.76,37.39,37.41,1053.0,4,0.0
2023-10-11 10:00:00,37.54,37.62,37.52,37.61,70.0,8,0.0
2023-10-11 11:00:00,37.61,37.68,37.48,37.54,446.0,8,0.0
2023-10-11 12:00:00,37.55,37.59,37.25,37.32,312.0,8,0.0
2023-10-11 13:00:00,37.32,37.73,37.03,37.3,1328.0,5,0.0
2023-10-11 14:00:00,37.3,37.7,37.17,37.64,1560.0,4,0.0
2023-10-11 15:00:00,37.64,37.76,37.17,37.19,1364.0,4,0.0
2023-10-11 16:00:00,37.19,37.19,36.92,36.96,1226.0,4,0.0
2023-10-11 17:00:00,36.96,37.02,36.67,36.71,1210.0,4,0.0
2023-10-11 18:00:00,36.71,36.79,36.59,36.63,1277.0,4,0.0
2023-10-11 19:00:00,36.63,36.66,36.52,36.64,900.0,4,0.0
2023-10-12 10:00:00,36.71,36.72,36.69,36.69,34.0,8,0.0
2023-10-12 11:00:00,36.69,36.79,36.65,36.72,160.0,8,0.0
2023-10-12 12:00:00,36.72,36.89,36.64,36.78,322.0,8,0.0
2023-10-12 13:00:00,36.78,36.82,36.39,36.47,1263.0,5,0.0
2023-10-12 14:00:00,36.45,36.85,36.43,36.56,1568.0,4,0.0
2023-10-12 15:00:00,36.56,36.76,36.5,36.61,1134.0,4,0.0
2023-10-12 16:00:00,36.61,36.64,36.37,36.38,897.0,4,0.0
2023-10-12 17:00:00,36.38,36.42,36.03,36.05,1252.0,4,0.0
2023-10-12 18:00:00,36.05,36.26,35.89,35.9,1154.0,2,0.0
2023-10-12 19:00:00,35.9,36.27,35.9,36.23,896.0,4,0.0
2023-10-13 10:00:00,35.15,35.4,35.06,35.28,387.0,12,0.0
2023-10-13 11:00:00,35.3,35.46,35.29,35.39,311.0,12,0.0
2023-10-13 12:00:00,35.39,35.71,35.29,35.63,338.0,8,0.0
2023-10-13 13:00:00,35.63,35.83,35.34,35.64,1653.0,5,0.0
2023-10-13 14:00:00,35.61,35.64,35.19,35.27,1793.0,4,0.0
2023-10-13 15:00:00,35.28,35.51,35.24,35.27,1396.0,4,0.0
2023-10-13 16:00:00,35.27,35.49,35.24,35.47,1028.0,4,0.0
2023-10-13 17:00:00,35.47,35.54,35.26,35.5,1184.0,4,0.0
2023-10-13 18:00:00,35.5,35.53,35.36,35.52,1178.0,4,0.0
2023-10-13 19:00:00,35.52,35.61,35.39,35.4,1049.0,4,0.0
2023-10-16 10:00:00,35.43,35.53,35.37,35.5,475.0,4,0.0
2023-10-16 11:00:00,35.5,35.55,35.45,35.54,152.0,8,0.0
2023-10-16 12:00:00,35.54,35.54,35.47,35.48,153.0,8,0.0
2023-10-16 13:00:00,35.48,35.84,35.41,35.63,1571.0,5,0.0
2023-10-16 14:00:00,35.64,36.01,35.54,35.82,1862.0,4,0.0
2023-10-16 15:00:00,35.83,35.98,35.79,35.89,994.0,4,0.0
2023-10-16 16:00:00,35.89,36.16,35.82,36.11,1009.0,4,0.0
2023-10-16 17:00:00,36.11,36.29,35.99,36.24,1194.0,4,0.0
2023-10-16 18:00:00,36.25,36.28,36.11,36.18,832.0,4,0.0
2023-10-16 19:00:00,36.18,36.28,36.14,36.14,692.0,2,0.0
2023-10-17 10:00:00,36.02,36.05,35.92,35.93,541.0,8,0.0
2023-10-17 11:00:00,35.93,36.13,35.92,36.11,408.0,5,0.0
2023-10-17 12:00:00,36.12,36.24,35.99,36.02,919.0,8,0.0
2023-10-17 13:00:00,36.05,36.23,35.88,35.99,1559.0,4,0.0
2023-10-17 14:00:00,35.99,36.07,35.82,35.83,1578.0,4,0.0
2023-10-17 15:00:00,35.82,35.87,35.73,35.81,1291.0,4,0.0
2023-10-17 16:00:00,35.81,35.97,35.67,35.72,894.0,4,0.0
2023-10-17 17:00:00,35.72,35.76,35.59,35.61,903.0,4,0.0
2023-10-17 18:00:00,35.61,35.68,35.42,35.45,1112.0,4,0.0
2023-10-17 19:00:00,35.44,35.53,35.38,35.48,963.0,4,0.0
2023-10-18 10:00:00,35.25,35.3,35.21,35.24,102.0,8,0.0
2023-10-18 11:00:00,35.25,35.3,35.23,35.24,223.0,8,0.0
2023-10-18 12:00:00,35.24,35.36,35.2,35.2,232.0,8,0.0
2023-10-18 13:00:00,35.2,35.38,35.0,35.12,1042.0,5,0.0
2023-10-18 14:00:00,35.12,35.44,34.96,35.04,1570.0,4,0.0
2023-10-18 15:00:00,35.04,35.09,34.86,34.98,1220.0,4,0.0
2023-10-18 16:00:00,34.98,35.05,34.84,34.89,1118.0,4,0.0
2023-10-18 17:00:00,34.89,35.02,34.77,34.88,1124.0,4,0.0
2023-10-18 18:00:00,34.88,34.89,34.46,34.58,1424.0,2,0.0
2023-10-18 19:00:00,34.58,34.75,34.49,34.54,1001.0,4,0.0
2023-10-19 10:00:00,39.28,39.3,39.16,39.16,170.0,12,0.0
2023-10-19 11:00:00,39.16,39.42,38.95,39.33,706.0,12,0.0
2023-10-19 12:00:00,39.33,40.03,39.28,39.96,1145.0,8,0.0
2023-10-19 13:00:00,39.97,40.83,39.19,40.24,5309.0,8,0.0
2023-10-19 14:00:00,40.24,40.39,39.69,39.82,2961.0,5,0.0
2023-10-19 15:00:00,39.83,40.29,39.66,40.05,1983.0,5,0.0
2023-10-19 16:00:00,40.05,40.18,39.7,39.93,2079.0,5,0.0
2023-10-19 17:00:00,39.94,40.44,39.88,40.25,1987.0,5,0.0
2023-10-19 18:00:00,40.24,40.47,40.03,40.04,1918.0,4,0.0
2023-10-19 19:00:00,40.04,40.47,40.01,40.34,1457.0,4,0.0
2023-10-20 10:00:00,40.02,40.08,39.98,40.03,77.0,12,0.0
2023-10-20 11:00:00,40.05,40.21,40.02,40.08,293.0,8,0.0
2023-10-20 12:00:00,40.09,40.28,40.04,40.21,372.0,8,0.0
2023-10-20 13:00:00,40.21,41.01,40.17,40.74,2190.0,5,0.0
2023-10-20 14:00:00,40.74,40.76,39.8,39.8,2311.0,5,0.0
2023-10-20 15:00:00,39.79,40.41,39.79,40.31,1902.0,5,0.0
2023-10-20 16:00:00,40.32,40.42,40.05,40.42,1348.0,5,0.0
2023-10-20 17:00:00,40.42,40.56,40.29,40.38,1353.0,4,0.0
2023-10-20 18:00:00,40.38,40.45,40.02,40.08,1332.0,4,0.0
2023-10-20 19:00:00,40.09,40.14,39.98,40.08,987.0,4,0.0
2023-10-23 10:00:00,39.86,39.95,39.83,39.9,184.0,5,0.0
2023-10-23 11:00:00,39.9,40.22,39.88,40.08,292.0,8,0.0
2023-10-23 12:00:00,40.09,40.22,40.04,40.08,309.0,8,0.0
2023-10-23 13:00:00,40.06,40.69,40.03,40.26,1845.0,8,0.0
2023-10-23 14:00:00,40.27,40.27,39.83,40.04,1756.0,5,0.0
2023-10-23 15:00:00,40.05,40.38,40.0,40.35,1212.0,4,0.0
2023-10-23 16:00:00,40.35,40.45,40.2,40.42,995.0,4,0.0
2023-10-23 17:00:00,40.41,40.54,40.26,40.49,974.0,4,0.0
2023-10-23 18:00:00,40.49,40.71,40.42,40.66,1273.0,4,0.0
2023-10-23 19:00:00,40.66,40.72,40.6,40.66,1098.0,4,0.0
2023-10-24 10:00:00,40.76,40.78,40.71,40.77,134.0,8,0.0
2023-10-24 11:00:00,40.75,40.92,40.74,40.9,284.0,8,0.0
2023-10-24 12:00:00,40.9,40.91,40.81,40.89,323.0,8,0.0
2023-10-24 13:00:00,40.89,41.6,40.85,41.38,2166.0,5,0.0
2023-10-24 14:00:00,41.37,41.49,41.13,41.28,1847.0,5,0.0
2023-10-24 15:00:00,41.28,41.34,40.96,41.07,1467.0,4,0.0
2023-10-24 16:00:00,41.07,41.09,40.82,40.97,1094.0,5,0.0
2023-10-24 17:00:00,40.97,41.18,40.97,41.1,861.0,4,0.0
2023-10-24 18:00:00,41.1,41.45,41.08,41.33,1008.0,4,0.0
2023-10-24 19:00:00,41.33,41.37,41.19,41.37,852.0,4,0.0
2023-10-25 10:00:00,41.17,41.19,41.16,41.19,128.0,8,0.0
2023-10-25 11:00:00,41.19,41.53,41.19,41.4,276.0,8,0.0
2023-10-25 12:00:00,41.4,41.49,41.32,41.32,172.0,8,0.0
2023-10-25 13:00:00,41.33,41.81,41.2,41.4,1509.0,5,0.0
2023-10-25 14:00:00,41.41,41.7,41.28,41.41,1619.0,5,0.0
2023-10-25 15:00:00,41.4,41.51,41.28,41.36,1228.0,5,0.0
2023-10-25 16:00:00,41.36,41.54,41.24,41.45,1139.0,4,0.0
2023-10-25 17:00:00,41.45,41.51,41.12,41.23,1208.0,4,0.0
2023-10-25 18:00:00,41.24,41.38,41.11,41.15,1127.0,4,0.0
2023-10-25 19:00:00,41.15,41.25,41.08,41.12,857.0,4,0.0
2023-10-26 10:00:00,40.65,40.7,40.64,40.64,128.0,12,0.0
2023-10-26 11:00:00,40.65,40.7,40.58,40.69,409.0,8,0.0
2023-10-26 12:00:00,40.69,40.97,40.66,40.89,507.0,8,0.0
2023-10-26 13:00:00,40.89,41.69,40.8,41.01,1552.0,8,0.0
2023-10-26 14:00:00,41.02,41.27,40.86,41.18,1817.0,5,0.0
2023-10-26 15:00:00,41.18,41.21,40.69,40.77,1343.0,5,0.0
2023-10-26 16:00:00,40.77,40.77,40.13,40.24,1797.0,4,0.0
2023-10-26 17:00:00,40.23,40.78,40.18,40.78,1188.0,4,0.0
2023-10-26 18:00:00,40.78,40.93,40.63,40.91,1245.0,4,0.0
2023-10-26 19:00:00,40.91,40.98,40.35,40.36,965.0,4,0.0
2023-10-27 10:00:00,40.6,40.64,40.54,40.55,380.0,8,0.0
2023-10-27 11:00:00,40.55,40.59,40.48,40.5,248.0,8,0.0
2023-10-27 12:00:00,40.5,40.59,40.41,40.56,167.0,8,0.0
2023-10-27 13:00:00,40.56,40.96,40.27,40.29,1368.0,8,0.0
2023-10-27 14:00:00,40.28,40.35,39.95,40.04,1671.0,5,0.0
2023-10-27 15:00:00,40.04,40.32,40.02,40.15,1340.0,5,0.0
2023-10-27 16:00:00,40.15,40.17,39.72,39.76,1293.0,4,0.0
2023-10-27 17:00:00,39.76,39.83,39.58,39.66,1296.0,4,0.0
2023-10-27 18:00:00,39.66,39.87,39.55,39.75,1230.0,4,0.0
2023-10-27 19:00:00,39.75,39.91,39.72,39.77,937.0,4,0.0
2023-10-30 11:00:00,40.06,40.09,39.88,39.97,181.0,12,0.0
2023-10-30 12:00:00,39.97,40.0,39.89,39.97,195.0,12,0.0
2023-10-30 13:00:00,39.98,40.6,39.86,40.5,1061.0,5,0.0
2023-10-30 14:00:00,40.51,40.79,40.27,40.73,1893.0,5,0.0
2023-10-30 15:00:00,40.73,40.95,40.7,40.95,1532.0,4,0.0
2023-10-30 16:00:00,40.94,40.96,40.69,40.77,1209.0,5,0.0
2023-10-30 17:00:00,40.77,41.14,40.76,41.11,1093.0,4,0.0
2023-10-30 18:00:00,41.11,41.2,41.07,41.1,1082.0,4,0.0
2023-10-30 19:00:00,41.1,41.25,41.04,41.04,1012.0,4,0.0
2023-10-31 10:00:00,41.11,41.21,41.08,41.12,357.0,8,0.0
2023-10-31 11:00:00,41.12,41.26,41.08,41.15,384.0,8,0.0
2023-10-31 12:00:00,41.15,41.23,40.98,41.02,211.0,8,0.0
2023-10-31 13:00:00,41.01,41.03,40.56,40.67,1149.0,8,0.0
2023-10-31 14:00:00,40.67,40.86,40.45,40.66,1549.0,5,0.0
2023-10-31 15:00:00,40.66,40.72,40.46,40.58,1117.0,5,0.0
2023-10-31 16:00:00,40.58,40.88,40.56,40.86,910.0,5,0.0
2023-10-31 17:00:00,40.86,40.94,40.73,40.91,918.0,4,0.0
2023-10-31 18:00:00,40.91,41.21,40.91,41.2,1139.0,4,0.0
2023-10-31 19:00:00,41.2,41.23,41.04,41.14,744.0,4,0.0
2023-11-01 10:00:00,40.99,40.99,40.99,40.99,2.0,8,0.0
2023-11-01 11:00:00,40.99,41.0,40.88,40.89,123.0,8,0.0
2023-11-01 12:00:00,40.91,41.2,40.91,41.09,173.0,8,0.0
2023-11-01 13:00:00,41.08,41.85,41.06,41.58,1234.0,8,0.0
2023-11-01 14:00:00,41.6,42.02,41.48,41.89,1731.0,5,0.0
2023-11-01 15:00:00,41.89,41.95,41.63,41.65,1020.0,4,0.0
2023-11-01 16:00:00,41.65,41.65,41.5,41.56,934.0,4,0.0
2023-11-01 17:00:00,41.56,41.69,41.53,41.55,896.0,4,0.0
2023-11-01 18:00:00,41.55,41.84,41.39,41.79,1338.0,5,0.0
2023-11-01 19:00:00,41.79,41.98,41.75,41.88,1050.0,4,0.0
2023-11-02 10:00:00,42.28,42.29,42.21,42.24,55.0,12,0.0
2023-11-02 11:00:00,42.24,42.46,42.24,42.46,181.0,12,0.0
2023-11-02 12:00:00,42.46,42.58,42.4,42.47,286.0,8,0.0
2023-11-02 13:00:00,42.45,42.48,41.68,41.97,1466.0,8,0.0
2023-11-02 14:00:00,41.99,42.39,41.73,42.38,1359.0,5,0.0
2023-11-02 15:00:00,42.39,42.53,42.32,42.36,1133.0,5,0.0
2023-11-02 16:00:00,42.36,42.48,42.3,42.41,918.0,5,0.0
2023-11-02 17:00:00,42.41,42.51,42.39,42.42,758.0,5,0.0
2023-11-02 18:00:00,42.42,42.53,42.34,42.51,851.0,4,0.0
2023-11-02 19:00:00,42.51,42.64,42.42,42.43,733.0,4,0.0
2023-11-03 10:00:00,42.6,42.64,42.59,42.6,113.0,8,0.0
2023-11-03 11:00:00,42.6,42.6,42.46,42.58,388.0,8,0.0
2023-11-03 12:00:00,42.58,42.8,42.52,42.67,598.0,8,0.0
2023-11-03 13:00:00,42.67,42.97,42.52,42.87,983.0,8,0.0
2023-11-03 14:00:00,42.91,43.12,42.69,43.11,1281.0,5,0.0
2023-11-03 15:00:00,43.11,43.29,43.03,43.24,1113.0,5,0.0
2023-11-03 16:00:00,43.24,43.35,43.2,43.32,854.0,4,0.0
2023-11-03 17:00:00,43.32,43.39,43.22,43.38,862.0,4,0.0
2023-11-03 18:00:00,43.38,43.46,43.35,43.45,843.0,4,0.0
2023-11-03 19:00:00,43.45,43.46,43.31,43.34,617.0,4,0.0
2023-11-06 13:00:00,43.18,43.29,43.13,43.26,260.0,8,0.0
2023-11-06 14:00:00,43.27,43.42,43.03,43.22,1084.0,5,0.0
2023-11-06 15:00:00,43.23,43.29,42.99,43.02,1088.0,5,0.0
2023-11-06 16:00:00,43.02,43.16,42.95,43.12,881.0,5,0.0
2023-11-06 17:00:00,43.13,43.2,43.05,43.16,713.0,5,0.0
2023-11-06 18:00:00,43.16,43.16,43.01,43.09,760.0,5,0.0
2023-11-06 19:00:00,43.08,43.29,42.99,43.27,717.0,5,0.0
2023-11-06 20:00:00,43.27,43.37,43.22,43.34,512.0,4,0.0
2023-11-07 11:00:00,43.36,43.39,43.3,43.37,170.0,5,0.0
2023-11-07 12:00:00,43.37,43.39,43.35,43.38,496.0,5,0.0
2023-11-07 13:00:00,43.38,43.42,43.28,43.42,226.0,5,0.0
2023-11-07 14:00:00,43.44,43.71,43.06,43.25,1032.0,5,0.0
2023-11-07 15:00:00,43.25,43.71,43.14,43.59,1378.0,5,0.0
2023-11-07 16:00:00,43.6,43.73,43.54,43.61,1007.0,5,0.0
2023-11-07 17:00:00,43.61,43.67,43.45,43.58,822.0,5,0.0
2023-11-07 18:00:00,43.58,43.6,43.51,43.57,715.0,5,0.0
2023-11-07 19:00:00,43.57,43.6,43.51,43.56,546.0,5,0.0
2023-11-07 20:00:00,43.56,43.68,43.52,43.62,544.0,4,0.0
2023-11-08 11:00:00,43.32,43.43,43.32,43.41,373.0,8,0.0
2023-11-08 12:00:00,43.4,43.45,43.38,43.44,389.0,8,0.0
2023-11-08 13:00:00,43.43,43.47,43.41,43.46,77.0,5,0.0
2023-11-08 14:00:00,43.45,43.76,43.42,43.55,864.0,5,0.0
2023-11-08 15:00:00,43.55,43.56,43.39,43.49,1212.0,5,0.0
2023-11-08 16:00:00,43.48,43.61,43.46,43.52,923.0,5,0.0
2023-11-08 17:00:00,43.52,43.54,43.34,43.38,776.0,5,0.0
2023-11-08 18:00:00,43.38,43.45,43.35,43.4,614.0,5,0.0
2023-11-08 19:00:00,43.4,43.5,43.37,43.41,615.0,4,0.0
2023-11-08 20:00:00,43.41,43.63,43.36,43.61,685.0,4,0.0
2023-11-09 11:00:00,43.68,43.71,43.65,43.69,261.0,8,0.0
2023-11-09 12:00:00,43.71,43.85,43.69,43.84,305.0,8,0.0
2023-11-09 13:00:00,43.85,43.94,43.79,43.84,333.0,8,0.0
2023-11-09 14:00:00,43.84,43.98,43.55,43.93,860.0,8,0.0
2023-11-09 15:00:00,43.94,43.95,43.62,43.82,1039.0,5,0.0
2023-11-09 16:00:00,43.82,44.01,43.78,43.97,796.0,5,0.0
2023-11-09 17:00:00,43.97,44.0,43.79,43.86,735.0,5,0.0
2023-11-09 18:00:00,43.86,43.89,43.6,43.74,925.0,5,0.0
2023-11-09 19:00:00,43.74,43.74,43.44,43.46,979.0,5,0.0
2023-11-09 20:00:00,43.46,43.58,43.42,43.45,680.0,4,0.0
2023-11-10 11:00:00,43.59,43.6,43.54,43.57,79.0,8,0.0
2023-11-10 12:00:00,43.57,43.68,43.54,43.62,236.0,8,0.0
2023-11-10 13:00:00,43.62,43.69,43.5,43.6,375.0,8,0.0
2023-11-10 14:00:00,43.67,44.09,43.53,44.07,1045.0,8,0.0
2023-11-10 15:00:00,44.02,44.2,43.9,44.12,1503.0,5,0.0
2023-11-10 16:00:00,44.12,44.33,44.12,44.32,1115.0,5,0.0
2023-11-10 17:00:00,44.32,44.49,44.31,44.46,989.0,4,0.0
2023-11-10 18:00:00,44.46,44.59,44.32,44.46,867.0,5,0.0
2023-11-10 19:00:00,44.46,44.55,44.41,44.5,798.0,4,0.0
2023-11-10 20:00:00,44.51,44.64,44.48,44.63,637.0,4,0.0
2023-11-13 11:00:00,44.57,44.57,44.53,44.55,169.0,5,0.0
2023-11-13 12:00:00,44.55,44.59,44.52,44.58,137.0,8,0.0
2023-11-13 13:00:00,44.57,44.6,44.48,44.49,94.0,8,0.0
2023-11-13 14:00:00,44.5,44.79,44.23,44.25,1048.0,8,0.0
2023-11-13 15:00:00,44.25,44.65,44.25,44.54,1089.0,5,0.0
2023-11-13 16:00:00,44.54,44.72,44.53,44.56,795.0,5,0.0
2023-11-13 17:00:00,44.57,44.66,44.46,44.61,748.0,5,0.0
2023-11-13 18:00:00,44.61,44.64,44.5,44.56,717.0,5,0.0
2023-11-13 19:00:00,44.56,44.72,44.51,44.66,647.0,4,0.0
2023-11-13 20:00:00,44.66,44.66,44.49,44.53,619.0,4,0.0
2023-11-14 11:00:00,44.57,44.58,44.55,44.58,30.0,5,0.0
2023-11-14 12:00:00,44.54,44.55,44.5,44.52,97.0,8,0.0
2023-11-14 13:00:00,44.53,45.12,44.49,45.09,604.0,8,0.0
2023-11-14 14:00:00,45.09,45.2,44.52,45.15,1172.0,8,0.0
2023-11-14 15:00:00,45.16,45.38,45.08,45.2,1147.0,5,0.0
2023-11-14 16:00:00,45.2,45.24,45.07,45.15,810.0,5,0.0
2023-11-14 17:00:00,45.15,45.19,44.93,45.1,770.0,5,0.0
2023-11-14 18:00:00,45.1,45.14,44.87,44.87,769.0,4,0.0
2023-11-14 19:00:00,44.87,44.96,44.75,44.91,788.0,4,0.0
2023-11-14 20:00:00,44.91,45.05,44.84,44.86,635.0,4,0.0
2023-11-15 11:00:00,45.31,45.42,45.31,45.4,323.0,12,0.0
2023-11-15 12:00:00,45.41,45.48,45.37,45.39,173.0,8,0.0
2023-11-15 13:00:00,45.39,45.42,45.1,45.14,287.0,8,0.0
2023-11-15 14:00:00,45.17,46.15,45.06,45.91,1355.0,8,0.0
2023-11-15 15:00:00,45.9,45.95,45.5,45.82,1404.0,5,0.0
2023-11-15 16:00:00,45.82,46.2,45.78,46.04,1393.0,5,0.0
2023-11-15 17:00:00,46.04,46.13,45.86,45.87,960.0,5,0.0
2023-11-15 18:00:00,45.87,46.0,45.68,46.0,820.0,5,0.0
2023-11-15 19:00:00,46.01,46.24,45.97,46.18,907.0,5,0.0
2023-11-15 20:00:00,46.18,46.25,46.05,46.12,791.0,4,0.0
2023-11-16 11:00:00,46.16,46.2,46.09,46.13,169.0,8,0.0
2023-11-16 12:00:00,46.13,46.17,46.06,46.14,178.0,8,0.0
2023-11-16 13:00:00,46.14,46.4,46.11,46.36,363.0,8,0.0
2023-11-16 14:00:00,46.37,46.38,45.95,46.34,1070.0,5,0.0
2023-11-16 15:00:00,46.36,46.57,46.23,46.4,1558.0,5,0.0
2023-11-16 16:00:00,46.4,46.59,46.31,46.51,1036.0,5,0.0
2023-11-16 17:00:00,46.51,46.58,46.42,46.53,788.0,5,0.0
2023-11-16 18:00:00,46.53,46.57,46.39,46.52,785.0,5,0.0
2023-11-16 19:00:00,46.52,46.64,46.48,46.59,840.0,4,0.0
2023-11-16 20:00:00,46.59,46.71,46.59,46.69,748.0,4,0.0
2023-11-17 11:00:00,46.74,46.79,46.7,46.76,67.0,8,0.0
2023-11-17 12:00:00,46.76,46.83,46.76,46.8,255.0,8,0.0
2023-11-17 13:00:00,46.8,46.83,46.67,46.7,241.0,8,0.0
2023-11-17 14:00:00,46.7,46.74,46.37,46.53,863.0,5,0.0
2023-11-17 15:00:00,46.53,46.73,46.33,46.37,1272.0,5,0.0
2023-11-17 16:00:00,46.37,46.43,46.25,46.4,835.0,5,0.0
2023-11-17 17:00:00,46.4,46.55,46.35,46.55,771.0,5,0.0
2023-11-17 18:00:00,46.55,46.59,46.49,46.57,682.0,4,0.0
2023-11-17 19:00:00,46.57,46.67,46.42,46.52,757.0,4,0.0
2023-11-17 20:00:00,46.52,46.6,46.49,46.58,595.0,4,0.0
2023-11-20 11:00:00,46.58,46.65,46.56,46.6,130.0,8,0.0
2023-11-20 12:00:00,46.59,46.6,46.43,46.45,112.0,8,0.0
2023-11-20 13:00:00,46.46,46.55,46.45,46.53,72.0,8,0.0
2023-11-20 14:00:00,46.55,47.0,46.43,46.8,1054.0,8,0.0
2023-11-20 15:00:00,46.8,47.06,46.67,47.01,998.0,5,0.0
2023-11-20 16:00:00,47.02,47.27,47.01,47.21,1008.0,5,0.0
2023-11-20 17:00:00,47.21,47.47,47.2,47.45,938.0,5,0.0
2023-11-20 18:00:00,47.46,47.64,47.45,47.58,847.0,5,0.0
2023-11-20 19:00:00,47.58,47.6,47.38,47.46,807.0,5,0.0
2023-11-20 20:00:00,47.46,47.49,47.37,47.42,575.0,4,0.0
2023-11-21 11:00:00,47.26,47.3,47.26,47.29,72.0,8,0.0
2023-11-21 12:00:00,47.29,47.38,47.29,47.32,81.0,8,0.0
2023-11-21 13:00:00,47.3,47.32,47.22,47.23,111.0,8,0.0
2023-11-21 14:00:00,47.23,47.36,47.09,47.22,851.0,8,0.0
2023-11-21 15:00:00,47.22,47.56,47.17,47.55,1374.0,5,0.0
2023-11-21 16:00:00,47.55,47.63,47.44,47.57,1051.0,4,0.0
2023-11-21 17:00:00,47.57,47.66,47.5,47.6,750.0,5,0.0
2023-11-21 18:00:00,47.6,47.66,47.52,47.54,751.0,5,0.0
2023-11-21 19:00:00,47.54,47.6,47.49,47.6,695.0,5,0.0
2023-11-21 20:00:00,47.6,47.68,47.51,47.51,651.0,4,0.0
2023-11-22 11:00:00,47.39,47.43,47.37,47.42,229.0,8,0.0
2023-11-22 12:00:00,47.42,47.64,47.42,47.61,219.0,8,0.0
2023-11-22 13:00:00,47.61,47.65,47.6,47.65,109.0,8,0.0
2023-11-22 14:00:00,47.65,48.22,47.59,48.0,1021.0,8,0.0
2023-11-22 15:00:00,48.01,48.16,47.75,48.04,1282.0,5,0.0
2023-11-22 16:00:00,48.03,48.08,47.85,48.07,882.0,5,0.0
2023-11-22 17:00:00,48.07,48.08,47.78,47.84,843.0,5,0.0
2023-11-22 18:00:00,47.85,47.89,47.8,47.86,587.0,5,0.0
2023-11-22 19:00:00,47.87,47.89,47.66,47.76,769.0,5,0.0
2023-11-22 20:00:00,47.76,47.8,47.72,47.74,543.0,4,0.0
2023-11-24 11:00:00,47.79,47.79,47.74,47.75,49.0,5,0.0
2023-11-24 12:00:00,47.76,47.8,47.76,47.78,142.0,5,0.0
2023-11-24 13:00:00,47.77,47.8,47.73,47.77,98.0,5,0.0
2023-11-24 14:00:00,47.77,47.99,47.49,47.81,702.0,8,0.0
2023-11-24 15:00:00,47.81,48.01,47.8,47.85,938.0,5,0.0
2023-11-24 16:00:00,47.86,47.95,47.81,47.94,692.0,5,0.0
2023-11-24 17:00:00,47.94,47.97,47.86,47.92,783.0,4,0.0
2023-11-27 11:00:00,47.78,47.79,47.78,47.78,9.0,8,0.0
2023-11-27 12:00:00,47.79,47.86,47.79,47.85,152.0,8,0.0
2023-11-27 13:00:00,47.85,47.91,47.82,47.82,125.0,8,0.0
2023-11-27 14:00:00,47.85,48.14,47.51,47.93,1030.0,8,0.0
2023-11-27 15:00:00,47.92,48.08,47.75,47.95,1097.0,5,0.0
2023-11-27 16:00:00,47.95,47.96,47.78,47.91,886.0,5,0.0
2023-11-27 17:00:00,47.91,47.94,47.86,47.9,601.0,5,0.0
2023-11-27 18:00:00,47.9,47.97,47.84,47.88,601.0,5,0.0
2023-11-27 19:00:00,47.88,47.93,47.65,47.79,669.0,5,0.0
2023-11-27 20:00:00,47.79,47.99,47.78,47.95,627.0,4,0.0
2023-11-28 11:00:00,47.67,47.73,47.66,47.69,208.0,8,0.0
2023-11-28 12:00:00,47.69,47.8,47.68,47.74,221.0,8,0.0
2023-11-28 13:00:00,47.74,47.82,47.68,47.81,144.0,8,0.0
2023-11-28 14:00:00,47.81,48.0,47.64,47.76,708.0,5,0.0
2023-11-28 15:00:00,47.76,47.92,47.63,47.75,1102.0,5,0.0
2023-11-28 16:00:00,47.75,47.76,47.62,47.7,796.0,5,0.0
2023-11-28 17:00:00,47.7,47.82,47.66,47.74,724.0,5,0.0
2023-11-28 18:00:00,47.74,47.79,47.59,47.71,773.0,5,0.0
2023-11-28 19:00:00,47.71,47.78,47.58,47.75,768.0,5,0.0
2023-11-28 20:00:00,47.75,47.86,47.69,47.85,589.0,4,0.0
2023-11-29 11:00:00,48.04,48.07,48.02,48.05,90.0,12,0.0
2023-11-29 12:00:00,48.05,48.1,48.04,48.09,92.0,8,0.0
2023-11-29 13:00:00,48.09,48.13,48.02,48.04,160.0,8,0.0
2023-11-29 14:00:00,48.05,48.06,47.55,47.8,941.0,8,0.0
2023-11-29 15:00:00,47.8,47.85,47.41,47.69,1433.0,5,0.0
2023-11-29 16:00:00,47.69,47.71,47.5,47.67,946.0,4,0.0
2023-11-29 17:00:00,47.67,48.05,47.62,48.02,880.0,5,0.0
2023-11-29 18:00:00,48.02,48.07,47.87,47.92,772.0,5,0.0
2023-11-29 19:00:00,47.92,47.94,47.79,47.86,644.0,5,0.0
2023-11-29 20:00:00,47.86,47.91,47.68,47.73,587.0,4,0.0
2023-11-30 11:00:00,47.77,47.86,47.71,47.8,291.0,8,0.0
2023-11-30 12:00:00,47.81,47.84,47.78,47.8,105.0,8,0.0
2023-11-30 13:00:00,47.8,47.9,47.72,47.73,119.0,8,0.0
2023-11-30 14:00:00,47.72,47.81,47.47,47.73,893.0,8,0.0
2023-11-30 15:00:00,47.73,47.76,47.19,47.24,1394.0,5,0.0
2023-11-30 16:00:00,47.24,47.34,47.1,47.19,956.0,5,0.0
2023-11-30 17:00:00,47.19,47.4,47.17,47.29,688.0,5,0.0
2023-11-30 18:00:00,47.29,47.29,47.11,47.2,613.0,5,0.0
2023-11-30 19:00:00,47.2,47.32,47.2,47.27,606.0,5,0.0
2023-11-30 20:00:00,47.27,47.27,47.02,47.18,702.0,5,0.0
2023-12-01 11:00:00,47.4,47.46,47.4,47.42,627.0,8,0.0
2023-12-01 12:00:00,47.41,47.41,46.87,46.87,376.0,8,0.0
2023-12-01 13:00:00,46.89,47.12,46.88,47.03,169.0,8,0.0
2023-12-01 14:00:00,47.06,47.44,46.94,47.16,814.0,8,0.0
2023-12-01 15:00:00,47.17,47.29,46.88,46.88,1119.0,5,0.0
2023-12-01 16:00:00,46.88,47.14,46.76,47.0,1204.0,5,0.0
2023-12-01 17:00:00,47.0,47.03,46.9,46.91,777.0,4,0.0
2023-12-01 18:00:00,46.91,46.97,46.57,46.58,1026.0,4,0.0
2023-12-01 19:00:00,46.58,46.64,46.45,46.58,985.0,5,0.0
2023-12-01 20:00:00,46.58,46.68,46.49,46.58,695.0,5,0.0
2023-12-04 11:00:00,46.16,46.17,46.12,46.15,30.0,12,0.0
2023-12-04 12:00:00,46.16,46.42,46.11,46.42,288.0,8,0.0
2023-12-04 13:00:00,46.42,46.46,46.34,46.38,176.0,8,0.0
2023-12-04 14:00:00,46.38,46.39,45.61,45.8,1183.0,8,0.0
2023-12-04 15:00:00,45.81,45.92,45.19,45.28,1661.0,5,0.0
2023-12-04 16:00:00,45.27,45.73,45.14,45.71,1073.0,5,0.0
2023-12-04 17:00:00,45.71,45.73,45.5,45.52,836.0,5,0.0
2023-12-04 18:00:00,45.52,45.56,45.25,45.25,746.0,5,0.0
2023-12-04 19:00:00,45.26,45.42,45.14,45.21,887.0,5,0.0
2023-12-04 20:00:00,45.21,45.36,45.1,45.35,758.0,5,0.0
2023-12-05 11:00:00,45.08,45.09,45.0,45.02,414.0,8,0.0
2023-12-05 12:00:00,45.02,45.11,44.99,45.02,390.0,8,0.0
2023-12-05 13:00:00,45.03,45.13,45.02,45.1,201.0,8,0.0
2023-12-05 14:00:00,45.1,45.39,44.91,45.36,1028.0,8,0.0
2023-12-05 15:00:00,45.36,45.6,45.27,45.47,1377.0,5,0.0
2023-12-05 16:00:00,45.46,45.5,44.97,45.06,1227.0,5,0.0
2023-12-05 17:00:00,45.07,45.16,44.96,45.02,913.0,5,0.0
2023-12-05 18:00:00,45.02,45.22,44.98,45.15,803.0,5,0.0
2023-12-05 19:00:00,45.16,45.44,45.16,45.42,705.0,4,0.0
2023-12-05 20:00:00,45.41,45.52,45.4,45.41,574.0,4,0.0
2023-12-06 11:00:00,45.55,45.65,45.5,45.62,230.0,8,0.0
2023-12-06 12:00:00,45.62,45.67,45.59,45.67,303.0,8,0.0
2023-12-06 13:00:00,45.64,45.86,45.62,45.86,266.0,8,0.0
2023-12-06 14:00:00,45.86,45.99,45.69,45.81,882.0,8,0.0
2023-12-06 15:00:00,45.81,45.82,45.28,45.34,1275.0,5,0.0
2023-12-06 16:00:00,45.34,45.36,44.75,45.1,1490.0,5,0.0
2023-12-06 17:00:00,45.09,45.09,44.95,45.02,990.0,4,0.0
2023-12-06 18:00:00,45.02,45.13,44.86,44.98,849.0,4,0.0
2023-12-06 19:00:00,44.98,45.16,44.89,45.08,829.0,5,0.0
2023-12-06 20:00:00,45.08,45.08,44.67,44.73,901.0,4,0.0
2023-12-07 11:00:00,44.74,44.82,44.71,44.76,361.0,5,0.0
2023-12-07 12:00:00,44.76,44.81,44.71,44.79,172.0,8,0.0
2023-12-07 13:00:00,44.78,44.89,44.75,44.89,120.0,8,0.0
2023-12-07 14:00:00,44.89,45.18,44.82,44.83,974.0,8,0.0
2023-12-07 15:00:00,44.83,45.16,44.8,45.01,1067.0,5,0.0
2023-12-07 16:00:00,45.01,45.17,44.97,45.16,779.0,5,0.0
2023-12-07 17:00:00,45.17,45.17,45.03,45.08,680.0,5,0.0
2023-12-07 18:00:00,45.08,45.1,44.99,45.03,497.0,5,0.0
2023-12-07 19:00:00,45.02,45.16,45.02,45.11,679.0,4,0.0
2023-12-07 20:00:00,45.11,45.27,45.1,45.25,610.0,4,0.0
2023-12-08 11:00:00,45.13,45.2,45.1,45.15,856.0,8,0.0
2023-12-08 12:00:00,45.15,45.17,45.04,45.07,329.0,8,0.0
2023-12-08 13:00:00,45.06,45.08,44.75,44.99,435.0,5,0.0
2023-12-08 14:00:00,44.98,45.4,44.85,45.23,970.0,5,0.0
2023-12-08 15:00:00,45.27,45.52,45.18,45.51,1243.0,5,0.0
2023-12-08 16:00:00,45.52,45.52,45.27,45.29,941.0,5,0.0
2023-12-08 17:00:00,45.29,45.37,45.23,45.3,680.0,5,0.0
2023-12-08 18:00:00,45.31,45.33,45.27,45.29,559.0,5,0.0
2023-12-08 19:00:00,45.29,45.46,45.28,45.42,638.0,4,0.0
2023-12-08 20:00:00,45.42,45.43,45.27,45.3,539.0,4,0.0
2023-12-11 11:00:00,45.49,45.52,45.45,45.47,157.0,8,0.0
2023-12-11 12:00:00,45.51,45.51,45.45,45.45,156.0,8,0.0
2023-12-11 13:00:00,45.45,45.53,45.38,45.49,266.0,8,0.0
2023-12-11 14:00:00,45.51,46.54,45.47,46.53,1403.0,5,0.0
2023-12-11 15:00:00,46.54,46.97,46.43,46.96,1416.0,5,0.0
2023-12-11 16:00:00,46.96,47.03,46.56,46.78,1226.0,5,0.0
2023-12-11 17:00:00,46.77,46.81,46.63,46.64,808.0,5,0.0
2023-12-11 18:00:00,46.64,46.65,46.3,46.44,830.0,4,0.0
2023-12-11 19:00:00,46.44,46.48,46.12,46.2,834.0,4,0.0
2023-12-11 20:00:00,46.2,46.21,46.01,46.03,588.0,4,0.0
2023-12-12 11:00:00,46.22,46.3,46.2,46.29,308.0,8,0.0
2023-12-12 12:00:00,46.29,46.32,46.07,46.14,385.0,8,0.0
2023-12-12 13:00:00,46.14,46.45,46.11,46.33,401.0,8,0.0
2023-12-12 14:00:00,46.33,46.51,45.88,46.09,1171.0,8,0.0
2023-12-12 15:00:00,46.09,46.17,45.97,46.08,961.0,5,0.0
2023-12-12 16:00:00,46.08,46.33,46.06,46.08,814.0,5,0.0
2023-12-12 17:00:00,46.08,46.2,45.92,46.14,824.0,4,0.0
2023-12-12 18:00:00,46.14,46.24,46.04,46.2,714.0,5,0.0
2023-12-12 19:00:00,46.2,46.21,46.05,46.14,709.0,5,0.0
2023-12-12 20:00:00,46.14,46.28,46.13,46.23,602.0,4,0.0
2023-12-13 12:00:00,46.32,46.36,46.29,46.35,67.0,8,0.0
2023-12-13 13:00:00,46.36,46.42,46.32,46.39,135.0,8,0.0
2023-12-13 14:00:00,46.34,46.63,46.13,46.62,825.0,8,0.0
2023-12-13 15:00:00,46.6,47.52,46.55,47.32,1791.0,5,0.0
2023-12-13 16:00:00,47.32,47.55,47.1,47.37,1259.0,5,0.0
2023-12-13 17:00:00,47.37,47.37,47.19,47.27,847.0,5,0.0
2023-12-13 18:00:00,47.27,47.46,47.17,47.43,755.0,5,0.0
2023-12-13 19:00:00,47.43,48.08,47.43,47.94,1477.0,5,0.0
2023-12-13 20:00:00,47.94,48.09,47.68,48.06,1152.0,5,0.0
2023-12-14 11:00:00,48.29,48.3,48.22,48.28,135.0,8,0.0
2023-12-14 12:00:00,48.28,48.29,48.13,48.2,275.0,8,0.0
2023-12-14 13:00:00,48.21,48.23,48.07,48.21,222.0,8,0.0
2023-12-14 14:00:00,48.21,48.32,47.4,47.57,1247.0,5,0.0
2023-12-14 15:00:00,47.57,47.58,46.79,46.89,1665.0,4,0.0
2023-12-14 16:00:00,46.89,47.09,46.84,47.09,1004.0,5,0.0
2023-12-14 17:00:00,47.09,47.14,46.69,46.7,935.0,5,0.0
2023-12-14 18:00:00,46.7,46.75,46.46,46.61,890.0,5,0.0
2023-12-14 19:00:00,46.61,46.92,46.61,46.83,830.0,4,0.0
2023-12-14 20:00:00,46.82,46.84,46.64,46.77,812.0,5,0.0
2023-12-15 11:00:00,47.11,47.14,47.1,47.13,765.0,2,0.0
2023-12-15 12:00:00,47.12,47.15,47.07,47.14,4063.0,2,0.0
2023-12-15 13:00:00,47.14,47.14,47.01,47.08,149.0,5,0.0
2023-12-15 14:00:00,47.08,47.18,46.58,47.01,1388.0,8,0.0
2023-12-15 15:00:00,47.0,47.25,46.9,47.01,1355.0,5,0.0
2023-12-15 16:00:00,47.01,47.16,46.93,46.98,955.0,5,0.0
2023-12-15 17:00:00,46.98,47.2,46.75,46.78,958.0,5,0.0
2023-12-15 18:00:00,46.78,46.94,46.76,46.92,930.0,5,0.0
2023-12-15 19:00:00,46.92,47.14,46.87,47.05,798.0,4,0.0
2023-12-15 20:00:00,47.05,47.22,47.04,47.13,585.0,4,0.0
2023-12-18 11:00:00,47.28,47.36,47.28,47.33,158.0,8,0.0
2023-12-18 12:00:00,47.32,47.53,47.32,47.48,160.0,8,0.0
2023-12-18 13:00:00,47.47,47.61,47.47,47.59,112.0,8,0.0
2023-12-18 14:00:00,47.59,49.1,47.5,48.92,1861.0,8,0.0
2023-12-18 15:00:00,48.92,49.15,48.7,48.74,1757.0,5,0.0
2023-12-18 16:00:00,48.74,48.75,48.31,48.32,1428.0,5,0.0
2023-12-18 17:00:00,48.32,48.55,48.24,48.3,1034.0,5,0.0
2023-12-18 18:00:00,48.3,48.59,48.28,48.54,832.0,5,0.0
2023-12-18 19:00:00,48.55,48.92,48.42,48.79,1035.0,4,0.0
2023-12-18 20:00:00,48.79,48.97,48.6,48.63,818.0,5,0.0
2023-12-19 11:00:00,48.69,48.75,48.67,48.74,94.0,8,0.0
2023-12-19 12:00:00,48.75,48.82,48.71,48.74,141.0,8,0.0
2023-12-19 13:00:00,48.76,48.79,48.57,48.63,195.0,8,0.0
2023-12-19 14:00:00,48.64,49.01,48.4,48.75,995.0,8,0.0
2023-12-19 15:00:00,48.75,48.98,48.62,48.94,1331.0,5,0.0
2023-12-19 16:00:00,48.94,49.2,48.91,49.08,1102.0,5,0.0
2023-12-19 17:00:00,49.08,49.18,48.98,49.14,705.0,5,0.0
2023-12-19 18:00:00,49.14,49.48,49.05,49.37,1001.0,5,0.0
2023-12-19 19:00:00,49.37,49.57,49.25,49.45,889.0,5,0.0
2023-12-19 20:00:00,49.45,49.45,49.26,49.36,652.0,5,0.0
2023-12-20 11:00:00,49.38,49.38,49.2,49.29,218.0,5,0.0
2023-12-20 12:00:00,49.3,49.33,49.23,49.24,110.0,8,0.0
2023-12-20 13:00:00,49.24,49.25,49.16,49.17,125.0,8,0.0
2023-12-20 14:00:00,49.17,49.72,48.99,49.66,1020.0,8,0.0
2023-12-20 15:00:00,49.66,50.02,49.44,49.7,1352.0,5,0.0
2023-12-20 16:00:00,49.7,49.9,49.59,49.82,1019.0,5,0.0
2023-12-20 17:00:00,49.82,50.02,49.79,50.0,747.0,5,0.0
2023-12-20 18:00:00,50.0,50.06,49.91,49.97,761.0,5,0.0
2023-12-20 19:00:00,49.96,49.98,49.09,49.11,1167.0,5,0.0
2023-12-20 20:00:00,49.11,49.13,48.8,49.01,1216.0,5,0.0
2023-12-21 11:00:00,49.19,49.24,49.13,49.15,311.0,8,0.0
2023-12-21 12:00:00,49.15,49.26,49.15,49.22,126.0,8,0.0
2023-12-21 13:00:00,49.22,49.3,49.07,49.26,298.0,8,0.0
2023-12-21 14:00:00,49.27,49.4,49.0,49.05,925.0,8,0.0
2023-12-21 15:00:00,49.03,49.21,48.81,48.82,1074.0,8,0.0
2023-12-21 16:00:00,48.83,49.08,48.81,48.95,698.0,8,0.0
2023-12-21 17:00:00,48.95,48.95,48.64,48.7,726.0,5,0.0
2023-12-21 18:00:00,48.7,48.88,48.67,48.86,818.0,5,0.0
2023-12-21 19:00:00,48.86,48.96,48.79,48.94,626.0,5,0.0
2023-12-21 20:00:00,48.94,49.19,48.92,49.11,656.0,5,0.0
2023-12-22 11:00:00,48.92,48.94,48.88,48.91,212.0,8,0.0
2023-12-22 12:00:00,48.91,49.28,48.91,49.17,296.0,8,0.0
2023-12-22 13:00:00,49.17,49.39,49.07,49.35,252.0,8,0.0
2023-12-22 14:00:00,49.35,49.56,49.08,49.13,826.0,5,0.0
2023-12-22 15:00:00,49.13,49.17,48.98,49.1,1035.0,5,0.0
2023-12-22 16:00:00,49.09,49.21,49.01,49.18,918.0,5,0.0
2023-12-22 17:00:00,49.18,49.2,49.06,49.1,719.0,5,0.0
2023-12-22 18:00:00,49.1,49.11,48.9,48.93,727.0,5,0.0
2023-12-22 19:00:00,48.93,48.94,48.51,48.82,1228.0,5,0.0
2023-12-22 20:00:00,48.82,48.86,48.59,48.65,828.0,5,0.0
2023-12-26 12:00:00,48.73,48.79,48.7,48.79,69.0,8,0.0
2023-12-26 13:00:00,48.77,48.82,48.72,48.73,55.0,8,0.0
2023-12-26 14:00:00,48.74,48.98,48.73,48.8,581.0,8,0.0
2023-12-26 15:00:00,48.8,49.02,48.73,48.91,845.0,5,0.0
2023-12-26 16:00:00,48.91,48.99,48.86,48.86,695.0,5,0.0
2023-12-26 17:00:00,48.86,48.86,48.62,48.75,709.0,4,0.0
2023-12-26 18:00:00,48.75,48.86,48.7,48.84,534.0,5,0.0
2023-12-26 19:00:00,48.84,48.92,48.81,48.87,490.0,5,0.0
2023-12-26 20:00:00,48.87,49.11,48.87,49.09,509.0,4,0.0
2023-12-27 11:00:00,49.15,49.15,49.14,49.14,29.0,5,0.0
2023-12-27 12:00:00,49.14,49.23,49.13,49.21,116.0,5,0.0
2023-12-27 13:00:00,49.21,49.21,49.12,49.15,162.0,8,0.0
2023-12-27 14:00:00,49.14,49.36,48.9,49.0,816.0,8,0.0
2023-12-27 15:00:00,49.0,49.21,48.91,49.18,906.0,5,0.0
2023-12-27 16:00:00,49.18,49.18,49.03,49.11,648.0,5,0.0
2023-12-27 17:00:00,49.11,49.11,48.91,49.02,717.0,5,0.0
2023-12-27 18:00:00,49.02,49.19,49.01,49.08,629.0,5,0.0
2023-12-27 19:00:00,49.08,49.19,49.0,49.15,733.0,5,0.0
2023-12-27 20:00:00,49.15,49.2,49.11,49.11,531.0,4,0.0
2023-12-28 11:00:00,49.26,49.34,49.25,49.34,83.0,8,0.0
2023-12-28 12:00:00,49.33,49.33,49.28,49.3,101.0,8,0.0
2023-12-28 13:00:00,49.3,49.33,49.2,49.22,98.0,8,0.0
2023-12-28 14:00:00,49.21,49.28,48.89,49.02,759.0,5,0.0
2023-12-28 15:00:00,49.02,49.16,48.89,49.14,883.0,5,0.0
2023-12-28 16:00:00,49.14,49.16,48.93,48.93,728.0,5,0.0
2023-12-28 17:00:00,48.93,49.21,48.93,49.2,577.0,5,0.0
2023-12-28 18:00:00,49.2,49.22,49.03,49.08,590.0,5,0.0
2023-12-28 19:00:00,49.08,49.11,49.04,49.08,429.0,5,0.0
2023-12-28 20:00:00,49.08,49.09,48.97,49.04,686.0,5,0.0
2023-12-29 11:00:00,48.96,48.98,48.95,48.98,63.0,8,0.0
2023-12-29 12:00:00,48.98,48.98,48.88,48.91,109.0,8,0.0
2023-12-29 13:00:00,48.93,48.97,48.89,48.93,57.0,8,0.0
2023-12-29 14:00:00,48.93,49.19,48.79,48.8,558.0,8,0.0
2023-12-29 15:00:00,48.8,48.88,48.33,48.48,1069.0,5,0.0
2023-12-29 16:00:00,48.48,48.54,48.17,48.32,1040.0,5,0.0
2023-12-29 17:00:00,48.32,48.48,48.21,48.47,741.0,5,0.0
2023-12-29 18:00:00,48.47,48.6,48.44,48.54,804.0,5,0.0
2023-12-29 19:00:00,48.54,48.57,48.47,48.56,592.0,4,0.0
2023-12-29 20:00:00,48.56,48.7,48.49,48.69,625.0,4,0.0
2024-01-02 11:00:00,48.56,48.56,48.26,48.29,274.0,8,0.0
2024-01-02 12:00:00,48.28,48.31,48.13,48.14,111.0,8,0.0
2024-01-02 13:00:00,48.15,48.24,48.02,48.21,135.0,8,0.0
2024-01-02 14:00:00,48.21,48.39,47.11,47.32,1357.0,8,0.0
2024-01-02 15:00:00,47.32,47.49,47.0,47.08,1498.0,5,0.0
2024-01-02 16:00:00,47.08,47.31,47.08,47.17,957.0,5,0.0
2024-01-02 17:00:00,47.17,47.23,46.84,46.87,957.0,5,0.0
2024-01-02 18:00:00,46.87,46.93,46.51,46.6,838.0,5,0.0
2024-01-02 19:00:00,46.6,46.65,46.27,46.27,1077.0,5,0.0
2024-01-02 20:00:00,46.27,46.55,46.16,46.55,866.0,5,0.0
2024-01-03 11:00:00,46.66,46.67,46.48,46.49,298.0,8,0.0
2024-01-03 12:00:00,46.5,46.55,46.36,46.43,275.0,8,0.0
2024-01-03 13:00:00,46.43,46.63,46.38,46.46,254.0,8,0.0
2024-01-03 14:00:00,46.46,47.27,46.31,47.22,1173.0,8,0.0
2024-01-03 15:00:00,47.21,47.46,46.97,47.29,1380.0,8,0.0
2024-01-03 16:00:00,47.3,47.37,47.0,47.04,958.0,5,0.0
2024-01-03 17:00:00,47.04,47.38,47.0,47.28,798.0,5,0.0
2024-01-03 18:00:00,47.27,47.29,47.1,47.2,800.0,5,0.0
2024-01-03 19:00:00,47.2,47.24,47.03,47.07,845.0,5,0.0
2024-01-03 20:00:00,47.07,47.08,46.91,46.91,636.0,5,0.0
2024-01-04 11:00:00,47.08,47.19,47.08,47.1,326.0,8,0.0
2024-01-04 12:00:00,47.09,47.2,47.05,47.2,310.0,8,0.0
2024-01-04 13:00:00,47.2,47.26,47.14,47.16,189.0,8,0.0
2024-01-04 14:00:00,47.16,47.26,46.64,46.89,801.0,8,0.0
2024-01-04 15:00:00,46.88,47.59,46.79,47.56,1085.0,5,0.0
2024-01-04 16:00:00,47.57,48.03,47.55,47.87,1112.0,5,0.0
2024-01-04 17:00:00,47.87,47.91,47.47,47.65,812.0,5,0.0
2024-01-04 18:00:00,47.65,47.84,47.49,47.5,671.0,5,0.0
2024-01-04 19:00:00,47.5,47.61,47.42,47.5,667.0,5,0.0
2024-01-04 20:00:00,47.5,47.59,47.44,47.51,684.0,5,0.0
2024-01-05 11:00:00,47.66,47.7,47.56,47.64,374.0,8,0.0
2024-01-05 12:00:00,47.64,47.79,47.57,47.68,370.0,8,0.0
2024-01-05 13:00:00,47.68,47.69,47.1,47.57,561.0,8,0.0
2024-01-05 14:00:00,47.57,47.92,47.42,47.47,974.0,8,0.0
2024-01-05 15:00:00,47.49,47.66,47.24,47.56,1162.0,5,0.0
2024-01-05 16:00:00,47.56,47.66,47.38,47.53,857.0,5,0.0
2024-01-05 17:00:00,47.53,47.54,47.32,47.44,705.0,5,0.0
2024-01-05 18:00:00,47.43,47.5,47.28,47.44,762.0,5,0.0
2024-01-05 19:00:00,47.44,47.52,47.3,47.32,696.0,5,0.0
2024-01-05 20:00:00,47.31,47.34,47.16,47.31,741.0,5,0.0
2024-01-08 11:00:00,47.13,47.29,47.13,47.29,311.0,8,0.0
2024-01-08 12:00:00,47.29,47.32,47.23,47.32,138.0,8,0.0
2024-01-08 13:00:00,47.32,47.35,47.26,47.29,175.0,8,0.0
2024-01-08 14:00:00,47.29,47.64,47.26,47.54,788.0,8,0.0
2024-01-08 15:00:00,47.52,48.0,47.5,47.86,977.0,5,0.0
2024-01-08 16:00:00,47.87,47.99,47.81,47.87,591.0,5,0.0
2024-01-08 17:00:00,47.87,48.08,47.84,48.07,513.0,5,0.0
2024-01-08 18:00:00,48.07,48.27,48.04,48.24,590.0,5,0.0
2024-01-08 19:00:00,48.24,48.37,48.16,48.33,595.0,5,0.0
2024-01-08 20:00:00,48.33,48.5,48.29,48.46,686.0,5,0.0
2024-01-09 11:00:00,47.47,47.49,47.41,47.43,25.0,12,0.0
2024-01-09 12:00:00,47.43,47.71,47.41,47.62,230.0,12,0.0
2024-01-09 13:00:00,47.62,47.68,47.47,47.58,300.0,12,0.0
2024-01-09 14:00:00,47.58,47.86,47.34,47.37,1048.0,8,0.0
2024-01-09 15:00:00,47.37,47.9,47.35,47.86,1152.0,5,0.0
2024-01-09 16:00:00,47.86,48.29,47.86,48.28,782.0,5,0.0
2024-01-09 17:00:00,48.28,48.38,48.19,48.36,676.0,5,0.0
2024-01-09 18:00:00,48.37,48.47,48.28,48.38,956.0,5,0.0
2024-01-09 19:00:00,48.38,48.48,48.19,48.22,765.0,5,0.0
2024-01-09 20:00:00,48.22,48.23,47.94,48.0,865.0,5,0.0
2024-01-10 11:00:00,48.16,48.16,48.05,48.12,410.0,8,0.0
2024-01-10 12:00:00,48.12,48.43,48.11,48.32,147.0,8,0.0
2024-01-10 13:00:00,48.33,48.34,48.22,48.26,99.0,8,0.0
2024-01-10 14:00:00,48.23,48.66,47.73,47.9,1198.0,8,0.0
2024-01-10 15:00:00,47.9,47.99,47.41,47.48,1199.0,5,0.0
2024-01-10 16:00:00,47.48,47.55,47.28,47.42,1157.0,5,0.0
2024-01-10 17:00:00,47.42,47.62,47.33,47.6,803.0,5,0.0
2024-01-10 18:00:00,47.6,47.91,47.52,47.9,786.0,5,0.0
2024-01-10 19:00:00,47.9,48.19,47.89,48.09,983.0,5,0.0
2024-01-10 20:00:00,48.09,48.09,47.84,47.85,738.0,5,0.0
2024-01-11 11:00:00,48.3,48.65,48.29,48.64,149.0,12,0.0
2024-01-11 12:00:00,48.63,48.8,48.55,48.75,267.0,12,0.0
2024-01-11 13:00:00,48.75,48.82,48.36,48.58,550.0,12,0.0
2024-01-11 14:00:00,48.59,50.28,48.58,49.62,2605.0,8,0.0
2024-01-11 15:00:00,49.63,49.68,48.61,49.0,2301.0,8,0.0
2024-01-11 16:00:00,49.0,49.01,48.35,48.54,1461.0,8,0.0
2024-01-11 17:00:00,48.54,48.75,48.43,48.63,1201.0,5,0.0
2024-01-11 18:00:00,48.61,49.19,48.6,49.18,1153.0,5,0.0
2024-01-11 19:00:00,49.19,49.4,49.07,49.28,1071.0,5,0.0
2024-01-11 20:00:00,49.28,49.41,49.18,49.24,878.0,5,0.0
2024-01-12 11:00:00,49.48,49.61,49.28,49.38,333.0,12,0.0
2024-01-12 12:00:00,49.36,49.47,49.34,49.4,436.0,8,0.0
2024-01-12 13:00:00,49.4,49.82,49.39,49.81,480.0,8,0.0
2024-01-12 14:00:00,49.83,50.26,49.28,49.37,1873.0,8,0.0
2024-01-12 15:00:00,49.38,49.53,49.04,49.43,1645.0,8,0.0
2024-01-12 16:00:00,49.43,49.7,49.39,49.47,1126.0,5,0.0
2024-01-12 17:00:00,49.47,49.6,49.4,49.41,856.0,5,0.0
2024-01-12 18:00:00,49.41,49.54,49.34,49.52,783.0,5,0.0
2024-01-12 19:00:00,49.52,49.54,49.2,49.2,714.0,5,0.0
2024-01-12 20:00:00,49.2,49.26,49.05,49.25,681.0,5,0.0
2024-01-16 11:00:00,48.9,49.07,48.87,48.99,83.0,12,0.0
2024-01-16 12:00:00,49.0,49.09,48.98,49.08,355.0,8,0.0
2024-01-16 13:00:00,49.08,49.28,49.03,49.09,171.0,8,0.0
2024-01-16 14:00:00,49.12,49.35,48.69,48.82,974.0,8,0.0
2024-01-16 15:00:00,48.82,48.98,48.6,48.6,1330.0,5,0.0
2024-01-16 16:00:00,48.61,48.63,48.16,48.17,1724.0,5,0.0
2024-01-16 17:00:00,48.17,48.26,48.12,48.15,1279.0,5,0.0
2024-01-16 18:00:00,48.15,48.26,47.99,48.0,1016.0,4,0.0
2024-01-16 19:00:00,48.0,48.08,47.78,48.03,1164.0,4,0.0
2024-01-16 20:00:00,48.03,48.03,47.91,47.95,684.0,4,0.0
2024-01-17 11:00:00,48.14,48.24,48.09,48.18,1263.0,12,0.0
2024-01-17 12:00:00,48.2,48.62,48.16,48.55,411.0,12,0.0
2024-01-17 13:00:00,48.55,48.55,48.15,48.34,212.0,8,0.0
2024-01-17 14:00:00,48.35,48.56,47.64,47.66,1285.0,8,0.0
2024-01-17 15:00:00,47.66,47.94,47.49,47.87,1365.0,8,0.0
2024-01-17 16:00:00,47.87,48.2,47.85,47.94,1006.0,5,0.0
2024-01-17 17:00:00,47.94,48.02,47.86,47.91,783.0,5,0.0
2024-01-17 18:00:00,47.91,47.96,47.69,47.78,918.0,5,0.0
2024-01-17 19:00:00,47.78,48.13,47.76,47.95,821.0,5,0.0
2024-01-17 20:00:00,47.95,48.1,47.86,48.01,895.0,4,0.0
2024-01-18 11:00:00,48.17,48.44,48.15,48.38,208.0,8,0.0
2024-01-18 12:00:00,48.35,48.37,48.25,48.31,177.0,8,0.0
2024-01-18 13:00:00,48.31,48.33,47.99,48.08,316.0,8,0.0
2024-01-18 14:00:00,48.08,48.52,47.78,47.94,1271.0,8,0.0
2024-01-18 15:00:00,47.95,48.54,47.83,48.11,1534.0,5,0.0
2024-01-18 16:00:00,48.11,48.48,48.08,48.4,1140.0,5,0.0
2024-01-18 17:00:00,48.4,48.42,48.14,48.2,908.0,4,0.0
2024-01-18 18:00:00,48.2,48.42,48.07,48.34,1064.0,4,0.0
2024-01-18 19:00:00,48.34,48.51,48.31,48.41,859.0,4,0.0
2024-01-18 20:00:00,48.41,48.5,48.35,48.48,676.0,5,0.0
2024-01-19 11:00:00,48.78,48.8,48.73,48.79,186.0,12,0.0
2024-01-19 12:00:00,48.76,48.8,48.71,48.76,128.0,8,0.0
2024-01-19 13:00:00,48.78,48.85,48.72,48.82,230.0,8,0.0
2024-01-19 14:00:00,48.83,48.84,47.59,48.01,1456.0,8,0.0
2024-01-19 15:00:00,48.02,48.06,47.68,47.91,1330.0,5,0.0
2024-01-19 16:00:00,47.9,48.04,47.74,47.85,1074.0,5,0.0
2024-01-19 17:00:00,47.85,47.87,47.72,47.77,1072.0,4,0.0
2024-01-19 18:00:00,47.77,47.93,47.74,47.91,851.0,4,0.0
2024-01-19 19:00:00,47.92,48.14,47.91,48.03,990.0,4,0.0
2024-01-19 20:00:00,48.03,48.3,48.02,48.27,851.0,4,0.0
2024-01-22 11:00:00,48.53,48.59,48.49,48.57,102.0,12,0.0
2024-01-22 12:00:00,48.56,48.85,48.56,48.76,293.0,8,0.0
2024-01-22 13:00:00,48.76,48.8,48.58,48.6,410.0,8,0.0
2024-01-22 14:00:00,48.6,48.93,47.97,48.27,1473.0,8,0.0
2024-01-22 15:00:00,48.28,48.67,48.04,48.39,1450.0,5,0.0
2024-01-22 16:00:00,48.39,48.76,48.29,48.56,1077.0,4,0.0
2024-01-22 17:00:00,48.57,48.72,48.5,48.58,943.0,4,0.0
2024-01-22 18:00:00,48.58,48.83,48.5,48.8,912.0,4,0.0
2024-01-22 19:00:00,48.8,48.83,48.6,48.71,920.0,4,0.0
2024-01-22 20:00:00,48.71,48.81,48.58,48.58,677.0,4,0.0
2024-01-23 11:00:00,48.4,48.48,48.4,48.46,196.0,8,0.0
2024-01-23 12:00:00,48.44,50.16,48.43,49.47,1124.0,8,0.0
2024-01-23 13:00:00,49.46,49.5,49.21,49.38,509.0,12,0.0
2024-01-23 14:00:00,49.38,49.46,48.6,48.9,1681.0,8,0.0
2024-01-23 15:00:00,48.9,49.33,48.49,48.59,2040.0,5,0.0
2024-01-23 16:00:00,48.59,48.76,48.12,48.56,1492.0,5,0.0
2024-01-23 17:00:00,48.57,48.67,48.49,48.63,859.0,5,0.0
2024-01-23 18:00:00,48.64,48.9,48.48,48.8,1079.0,5,0.0
2024-01-23 19:00:00,48.8,49.0,48.72,48.91,1146.0,5,0.0
2024-01-23 20:00:00,48.91,49.31,48.83,49.05,1190.0,5,0.0
2024-01-24 11:00:00,53.87,54.37,53.86,54.19,429.0,12,0.0
2024-01-24 12:00:00,54.17,54.2,53.7,54.03,761.0,12,0.0
2024-01-24 13:00:00,54.05,54.5,53.98,54.28,1086.0,8,0.0
2024-01-24 14:00:00,54.28,55.98,53.61,55.94,4929.0,8,0.0
2024-01-24 15:00:00,55.96,56.19,55.2,55.29,3024.0,8,0.0
2024-01-24 16:00:00,55.3,55.62,54.76,55.2,2140.0,8,0.0
2024-01-24 17:00:00,55.2,55.55,55.2,55.29,1512.0,8,0.0
2024-01-24 18:00:00,55.29,55.45,55.02,55.11,1346.0,8,0.0
2024-01-24 19:00:00,55.1,55.14,54.85,54.95,1320.0,8,0.0
2024-01-24 20:00:00,54.94,54.98,54.38,54.42,1238.0,5,0.0
2024-01-25 11:00:00,54.7,54.82,54.65,54.78,78.0,12,0.0
2024-01-25 12:00:00,54.78,54.98,54.69,54.88,286.0,12,0.0
2024-01-25 13:00:00,54.87,55.16,54.8,55.06,438.0,8,0.0
2024-01-25 14:00:00,55.05,55.65,54.68,55.29,1736.0,8,0.0
2024-01-25 15:00:00,55.28,55.5,54.87,55.5,1572.0,8,0.0
2024-01-25 16:00:00,55.5,55.88,55.46,55.74,1427.0,5,0.0
2024-01-25 17:00:00,55.74,55.92,55.45,55.57,1310.0,5,0.0
2024-01-25 18:00:00,55.57,55.63,54.9,54.92,1366.0,5,0.0
2024-01-25 19:00:00,54.92,55.1,54.82,55.07,1249.0,5,0.0
2024-01-25 20:00:00,55.07,55.73,55.06,55.73,992.0,5,0.0
2024-01-26 11:00:00,55.94,56.05,55.79,55.91,249.0,8,0.0
2024-01-26 12:00:00,55.91,56.6,55.91,56.37,466.0,8,0.0
2024-01-26 13:00:00,56.35,56.66,56.14,56.4,606.0,8,0.0
2024-01-26 14:00:00,56.39,56.76,55.79,56.69,1671.0,8,0.0
2024-01-26 15:00:00,56.7,57.3,56.59,57.26,2066.0,8,0.0
2024-01-26 16:00:00,57.26,57.9,56.94,57.89,1686.0,8,0.0
2024-01-26 17:00:00,57.89,57.92,57.53,57.66,1460.0,8,0.0
2024-01-26 18:00:00,57.67,57.75,57.16,57.35,1290.0,8,0.0
2024-01-26 19:00:00,57.35,57.54,57.06,57.36,1278.0,5,0.0
2024-01-26 20:00:00,57.36,57.45,56.81,56.84,1053.0,5,0.0
2024-01-29 11:00:00,57.24,57.31,57.2,57.27,164.0,8,0.0
2024-01-29 12:00:00,57.27,57.58,57.27,57.28,277.0,12,0.0
2024-01-29 13:00:00,57.29,57.37,57.13,57.18,251.0,8,0.0
2024-01-29 14:00:00,57.19,57.3,56.27,56.46,1502.0,8,0.0
2024-01-29 15:00:00,56.47,56.73,56.24,56.63,1400.0,8,0.0
2024-01-29 16:00:00,56.63,57.3,56.45,57.3,1099.0,8,0.0
2024-01-29 17:00:00,57.29,57.41,57.21,57.29,1006.0,8,0.0
2024-01-29 18:00:00,57.29,57.34,57.08,57.29,690.0,8,0.0
2024-01-29 19:00:00,57.29,57.74,57.14,57.68,873.0,8,0.0
2024-01-29 20:00:00,57.68,57.81,57.44,57.48,937.0,8,0.0
2024-01-30 11:00:00,57.39,57.45,57.39,57.41,80.0,8,0.0
2024-01-30 12:00:00,57.42,57.45,56.67,56.84,513.0,8,0.0
2024-01-30 13:00:00,56.84,56.97,56.78,56.79,325.0,8,0.0
2024-01-30 14:00:00,56.79,57.04,56.48,56.83,1580.0,5,0.0
2024-01-30 15:00:00,56.83,56.93,56.26,56.54,1430.0,5,0.0
2024-01-30 16:00:00,56.54,56.64,56.32,56.49,970.0,8,0.0
2024-01-30 17:00:00,56.49,56.61,56.12,56.18,1023.0,5,0.0
2024-01-30 18:00:00,56.18,56.41,56.12,56.18,929.0,4,0.0
2024-01-30 19:00:00,56.18,56.41,56.05,56.3,945.0,5,0.0
2024-01-30 20:00:00,56.3,56.38,56.18,56.23,692.0,4,0.0
2024-01-31 11:00:00,55.81,55.91,55.77,55.84,198.0,12,0.0
2024-01-31 12:00:00,55.84,56.01,55.84,56.0,173.0,8,0.0
2024-01-31 13:00:00,56.02,56.09,55.91,56.08,387.0,8,0.0
2024-01-31 14:00:00,56.08,56.81,55.99,56.67,1454.0,8,0.0
2024-01-31 15:00:00,56.67,56.91,56.23,56.27,1464.0,8,0.0
2024-01-31 16:00:00,56.27,56.58,56.26,56.51,938.0,5,0.0
2024-01-31 17:00:00,56.51,56.68,56.29,56.62,790.0,8,0.0
2024-01-31 18:00:00,56.63,56.81,56.6,56.81,832.0,5,0.0
2024-01-31 19:00:00,56.81,57.16,56.57,56.9,1733.0,8,0.0
2024-01-31 20:00:00,56.92,56.92,56.35,56.35,1272.0,8,0.0
2024-02-01 11:00:00,56.58,56.69,56.56,56.62,401.0,8,0.0
2024-02-01 12:00:00,56.63,56.7,56.63,56.7,285.0,8,0.0
2024-02-01 13:00:00,56.7,56.71,56.54,56.63,307.0,8,0.0
2024-02-01 14:00:00,56.63,57.2,56.57,56.77,1465.0,8,0.0
2024-02-01 15:00:00,56.77,56.99,56.53,56.53,1190.0,8,0.0
2024-02-01 16:00:00,56.53,56.59,56.35,56.43,872.0,5,0.0
2024-02-01 17:00:00,56.43,56.68,56.36,56.6,871.0,5,0.0
2024-02-01 18:00:00,56.6,56.68,56.4,56.51,688.0,8,0.0
2024-02-01 19:00:00,56.51,56.82,56.51,56.82,607.0,8,0.0
2024-02-01 20:00:00,56.81,56.93,56.68,56.74,589.0,5,0.0
2024-02-02 11:00:00,56.83,56.86,56.75,56.81,193.0,8,0.0
2024-02-02 12:00:00,56.81,56.92,56.76,56.85,221.0,8,0.0
2024-02-02 13:00:00,56.85,56.88,56.3,56.41,813.0,8,0.0
2024-02-02 14:00:00,56.41,56.7,56.2,56.34,1630.0,8,0.0
2024-02-02 15:00:00,56.34,56.57,56.2,56.43,1604.0,8,0.0
2024-02-02 16:00:00,56.43,56.56,56.27,56.38,1131.0,5,0.0
2024-02-02 17:00:00,56.38,56.64,56.37,56.53,1055.0,5,0.0
2024-02-02 18:00:00,56.53,56.54,56.37,56.51,925.0,5,0.0
2024-02-02 19:00:00,56.51,56.6,56.41,56.46,882.0,5,0.0
2024-02-02 20:00:00,56.47,56.56,56.42,56.55,790.0,5,0.0
2024-02-05 11:00:00,56.21,56.26,56.2,56.21,57.0,12,0.0
2024-02-05 12:00:00,56.21,56.24,56.16,56.19,90.0,12,0.0
2024-02-05 13:00:00,56.19,56.26,56.12,56.12,100.0,12,0.0
2024-02-05 14:00:00,56.13,57.49,56.12,56.66,1630.0,8,0.0
2024-02-05 15:00:00,56.62,56.85,55.69,55.8,1920.0,8,0.0
2024-02-05 16:00:00,55.8,56.13,55.78,56.08,969.0,8,0.0
2024-02-05 17:00:00,56.08,56.34,56.03,56.06,814.0,8,0.0
2024-02-05 18:00:00,56.05,56.31,55.99,56.24,607.0,8,0.0
2024-02-05 19:00:00,56.24,56.56,56.2,56.33,737.0,8,0.0
2024-02-05 20:00:00,56.33,56.35,56.11,56.27,556.0,8,0.0
2024-02-06 11:00:00,56.09,56.22,56.09,56.18,231.0,8,0.0
2024-02-06 12:00:00,56.18,56.22,56.16,56.21,132.0,8,0.0
2024-02-06 13:00:00,56.21,56.42,56.21,56.38,100.0,8,0.0
2024-02-06 14:00:00,56.38,56.54,55.91,55.96,906.0,8,0.0
2024-02-06 15:00:00,55.96,55.96,55.52,55.83,1212.0,8,0.0
2024-02-06 16:00:00,55.83,55.97,55.48,55.49,770.0,8,0.0
2024-02-06 17:00:00,55.48,55.78,55.41,55.69,798.0,8,0.0
2024-02-06 18:00:00,55.69,55.77,55.58,55.64,657.0,8,0.0
2024-02-06 19:00:00,55.64,55.68,55.46,55.65,569.0,8,0.0
2024-02-06 20:00:00,55.65,55.76,55.45,55.53,525.0,5,0.0
2024-02-07 11:00:00,55.52,55.56,55.5,55.52,253.0,5,0.0
2024-02-07 12:00:00,55.53,55.76,55.52,55.74,208.0,8,0.0
2024-02-07 13:00:00,55.74,55.9,55.73,55.84,148.0,8,0.0
2024-02-07 14:00:00,55.84,56.01,55.45,55.82,927.0,8,0.0
2024-02-07 15:00:00,55.83,56.65,55.74,56.42,1354.0,8,0.0
2024-02-07 16:00:00,56.42,56.73,56.34,56.58,900.0,8,0.0
2024-02-07 17:00:00,56.58,56.66,56.35,56.48,643.0,8,0.0
2024-02-07 18:00:00,56.48,56.71,56.33,56.55,682.0,8,0.0
2024-02-07 19:00:00,56.55,56.57,56.25,56.27,655.0,8,0.0
2024-02-07 20:00:00,56.27,56.36,55.98,56.0,672.0,5,0.0
2024-02-08 11:00:00,56.11,56.18,56.05,56.18,173.0,8,0.0
2024-02-08 12:00:00,56.18,56.2,56.14,56.14,94.0,8,0.0
2024-02-08 13:00:00,56.15,56.2,56.13,56.19,153.0,8,0.0
2024-02-08 14:00:00,56.18,56.2,55.62,55.76,818.0,8,0.0
2024-02-08 15:00:00,55.76,55.88,55.55,55.83,1060.0,8,0.0
2024-02-08 16:00:00,55.83,56.32,55.81,56.14,876.0,8,0.0
2024-02-08 17:00:00,56.14,56.15,55.67,55.71,641.0,8,0.0
2024-02-08 18:00:00,55.71,55.94,55.71,55.78,649.0,8,0.0
2024-02-08 19:00:00,55.78,55.79,55.59,55.78,682.0,5,0.0
2024-02-08 20:00:00,55.78,55.87,55.72,55.8,478.0,5,0.0
2024-02-09 11:00:00,55.93,55.93,55.88,55.92,76.0,8,0.0
2024-02-09 12:00:00,55.92,56.76,55.92,56.57,291.0,8,0.0
2024-02-09 13:00:00,56.57,56.88,56.51,56.8,252.0,12,0.0
2024-02-09 14:00:00,56.76,56.78,55.92,56.27,1034.0,8,0.0
2024-02-09 15:00:00,56.26,56.26,55.77,56.13,1083.0,8,0.0
2024-02-09 16:00:00,56.13,56.16,56.03,56.07,663.0,8,0.0
2024-02-09 17:00:00,56.06,56.21,56.03,56.13,486.0,5,0.0
2024-02-09 18:00:00,56.13,56.29,56.09,56.17,618.0,8,0.0
2024-02-09 19:00:00,56.17,56.27,56.11,56.14,555.0,5,0.0
2024-02-09 20:00:00,56.14,56.15,56.02,56.11,519.0,5,0.0
2024-02-12 11:00:00,56.22,56.28,56.17,56.25,686.0,8,0.0
2024-02-12 12:00:00,56.25,56.27,56.06,56.11,236.0,8,0.0
2024-02-12 13:00:00,56.11,56.27,56.11,56.17,226.0,8,0.0
2024-02-12 14:00:00,56.16,56.35,55.88,56.18,784.0,8,0.0
2024-02-12 15:00:00,56.18,56.54,55.96,56.44,1169.0,8,0.0
2024-02-12 16:00:00,56.44,56.8,56.29,56.59,1087.0,8,0.0
2024-02-12 17:00:00,56.59,56.59,56.23,56.34,741.0,8,0.0
2024-02-12 18:00:00,56.34,56.4,55.87,56.02,948.0,8,0.0
2024-02-12 19:00:00,56.02,56.11,55.8,55.86,755.0,8,0.0
2024-02-12 20:00:00,55.86,56.0,55.74,55.76,535.0,8,0.0
2024-02-13 11:00:00,55.47,55.61,55.44,55.53,432.0,8,0.0
2024-02-13 12:00:00,55.54,55.64,55.53,55.6,165.0,8,0.0
2024-02-13 13:00:00,55.6,55.64,55.13,55.24,304.0,8,0.0
2024-02-13 14:00:00,55.25,55.3,54.85,55.23,1309.0,8,0.0
2024-02-13 15:00:00,55.23,55.8,55.17,55.58,1573.0,8,0.0
2024-02-13 16:00:00,55.59,55.69,55.49,55.55,997.0,8,0.0
2024-02-13 17:00:00,55.54,55.87,55.44,55.69,796.0,8,0.0
2024-02-13 18:00:00,55.69,55.81,55.48,55.49,739.0,8,0.0
2024-02-13 19:00:00,55.49,55.52,55.16,55.17,821.0,8,0.0
2024-02-13 20:00:00,55.17,55.32,54.97,55.31,804.0,8,0.0
2024-02-14 11:00:00,55.82,55.83,55.68,55.79,342.0,12,0.0
2024-02-14 12:00:00,55.78,55.93,55.75,55.91,258.0,12,0.0
2024-02-14 13:00:00,55.93,56.24,55.93,56.03,322.0,12,0.0
2024-02-14 14:00:00,56.04,57.29,56.02,57.2,2084.0,8,0.0
2024-02-14 15:00:00,57.2,57.68,56.83,56.83,1888.0,8,0.0
2024-02-14 16:00:00,56.82,57.17,56.77,56.93,1040.0,8,0.0
2024-02-14 17:00:00,56.93,57.55,56.83,57.35,934.0,8,0.0
2024-02-14 18:00:00,57.34,57.56,57.25,57.35,922.0,8,0.0
2024-02-14 19:00:00,57.37,57.61,57.2,57.6,969.0,8,0.0
2024-02-14 20:00:00,57.6,58.08,57.48,58.02,946.0,8,0.0
2024-02-15 11:00:00,58.19,58.21,58.18,58.18,98.0,12,0.0
2024-02-15 12:00:00,58.18,58.18,58.0,58.07,89.0,12,0.0
2024-02-15 13:00:00,58.05,58.38,58.05,58.2,303.0,12,0.0
2024-02-15 14:00:00,58.2,59.13,58.01,58.69,1876.0,8,0.0
2024-02-15 15:00:00,58.7,58.72,58.05,58.41,1539.0,8,0.0
2024-02-15 16:00:00,58.41,58.64,58.14,58.64,1072.0,8,0.0
2024-02-15 17:00:00,58.63,58.96,58.53,58.77,938.0,8,0.0
2024-02-15 18:00:00,58.77,59.3,58.74,59.29,1066.0,8,0.0
2024-02-15 19:00:00,59.28,59.3,58.88,59.13,1068.0,8,0.0
2024-02-15 20:00:00,59.11,59.19,58.93,59.15,707.0,8,0.0
2024-02-16 11:00:00,59.37,59.42,59.37,59.37,43.0,12,0.0
2024-02-16 12:00:00,59.37,59.43,59.32,59.34,84.0,12,0.0
2024-02-16 13:00:00,59.33,59.71,59.17,59.68,394.0,8,0.0
2024-02-16 14:00:00,59.68,59.81,58.42,58.52,1466.0,8,0.0
2024-02-16 15:00:00,58.52,58.58,57.72,58.44,2048.0,8,0.0
2024-02-16 16:00:00,58.44,58.69,58.38,58.66,1098.0,8,0.0
2024-02-16 17:00:00,58.65,58.93,58.62,58.82,980.0,8,0.0
2024-02-16 18:00:00,58.82,59.0,58.61,58.95,849.0,8,0.0
2024-02-16 19:00:00,58.95,58.99,58.52,58.65,856.0,8,0.0
2024-02-16 20:00:00,58.65,58.66,58.33,58.4,676.0,8,0.0
2024-02-20 11:00:00,57.59,57.86,57.49,57.83,414.0,8,0.0
2024-02-20 12:00:00,57.87,58.01,57.79,57.81,271.0,8,0.0
2024-02-20 13:00:00,57.82,57.94,57.81,57.87,242.0,8,0.0
2024-02-20 14:00:00,57.87,58.55,57.18,57.46,1188.0,8,0.0
2024-02-20 15:00:00,57.45,57.69,57.11,57.69,1376.0,8,0.0
2024-02-20 16:00:00,57.69,57.74,57.32,57.33,797.0,8,0.0
2024-02-20 17:00:00,57.33,57.34,57.1,57.16,789.0,8,0.0
2024-02-20 18:00:00,57.16,57.23,56.93,57.22,848.0,8,0.0
2024-02-20 19:00:00,57.22,57.38,57.13,57.36,733.0,8,0.0
2024-02-20 20:00:00,57.36,57.41,57.21,57.33,654.0,8,0.0
2024-02-21 11:00:00,57.45,57.52,57.37,57.41,553.0,8,0.0
2024-02-21 12:00:00,57.44,57.45,57.3,57.33,439.0,8,0.0
2024-02-21 13:00:00,57.32,57.38,57.28,57.3,142.0,8,0.0
2024-02-21 14:00:00,57.28,57.48,56.69,57.07,1013.0,8,0.0
2024-02-21 15:00:00,57.07,57.43,57.0,57.21,1427.0,8,0.0
2024-02-21 16:00:00,57.22,57.51,57.19,57.35,745.0,8,0.0
2024-02-21 17:00:00,57.36,57.39,57.05,57.27,595.0,8,0.0
2024-02-21 18:00:00,57.26,57.35,57.09,57.29,736.0,8,0.0
2024-02-21 19:00:00,57.28,57.41,56.85,56.99,871.0,8,0.0
2024-02-21 20:00:00,56.98,57.27,56.91,57.24,622.0,8,0.0
2024-02-22 11:00:00,57.44,57.58,57.44,57.55,234.0,12,0.0
2024-02-22 12:00:00,57.55,58.23,57.55,58.08,358.0,12,0.0
2024-02-22 13:00:00,58.08,58.08,57.87,58.0,176.0,12,0.0
2024-02-22 14:00:00,57.99,58.52,57.82,58.15,1367.0,8,0.0
2024-02-22 15:00:00,58.15,58.36,58.02,58.17,1606.0,8,0.0
2024-02-22 16:00:00,58.17,58.64,58.17,58.49,1423.0,8,0.0
2024-02-22 17:00:00,58.5,58.67,58.48,58.63,993.0,8,0.0
2024-02-22 18:00:00,58.63,58.83,58.58,58.82,734.0,8,0.0
2024-02-22 19:00:00,58.82,59.02,58.72,58.75,858.0,8,0.0
2024-02-22 20:00:00,58.75,58.94,58.69,58.91,709.0,8,0.0
2024-02-23 11:00:00,58.53,58.66,58.5,58.6,227.0,12,0.0
2024-02-23 12:00:00,58.61,58.66,58.54,58.62,146.0,12,0.0
2024-02-23 13:00:00,58.62,58.83,58.62,58.8,162.0,8,0.0
2024-02-23 14:00:00,58.8,59.19,58.41,58.46,1068.0,8,0.0
2024-02-23 15:00:00,58.45,58.61,58.25,58.26,1158.0,8,0.0
2024-02-23 16:00:00,58.26,58.36,57.95,58.3,950.0,8,0.0
2024-02-23 17:00:00,58.3,58.45,58.25,58.44,544.0,8,0.0
2024-02-23 18:00:00,58.44,58.57,58.38,58.56,498.0,8,0.0
2024-02-23 19:00:00,58.56,58.6,58.3,58.41,515.0,8,0.0
2024-02-23 20:00:00,58.41,58.43,58.16,58.29,449.0,8,0.0
2024-02-26 11:00:00,58.21,58.24,58.17,58.17,54.0,8,0.0
2024-02-26 12:00:00,58.17,58.24,58.16,58.21,78.0,8,0.0
2024-02-26 13:00:00,58.19,58.4,58.1,58.33,282.0,8,0.0
2024-02-26 14:00:00,58.3,58.7,58.2,58.36,1100.0,8,0.0
2024-02-26 15:00:00,58.35,58.9,58.32,58.66,1124.0,8,0.0
2024-02-26 16:00:00,58.66,59.03,58.62,58.87,835.0,8,0.0
2024-02-26 17:00:00,58.87,58.94,58.75,58.82,543.0,8,0.0
2024-02-26 18:00:00,58.82,58.87,58.68,58.78,626.0,8,0.0
2024-02-26 19:00:00,58.78,58.84,58.7,58.72,454.0,8,0.0
2024-02-26 20:00:00,58.72,58.91,58.71,58.81,564.0,8,0.0
2024-02-27 11:00:00,59.72,59.99,59.7,59.92,197.0,12,0.0
2024-02-27 12:00:00,59.88,59.88,59.49,59.58,210.0,12,0.0
2024-02-27 13:00:00,59.59,59.59,59.25,59.49,264.0,12,0.0
2024-02-27 14:00:00,59.52,60.02,59.23,60.0,1601.0,8,0.0
2024-02-27 15:00:00,59.99,60.15,59.51,59.58,1864.0,8,0.0
2024-02-27 16:00:00,59.58,59.93,59.51,59.93,870.0,8,0.0
2024-02-27 17:00:00,59.93,60.19,59.68,59.69,1249.0,8,0.0
2024-02-27 18:00:00,59.7,59.96,59.66,59.96,655.0,8,0.0
2024-02-27 19:00:00,59.96,60.27,59.94,60.23,1002.0,8,0.0
2024-02-27 20:00:00,60.23,60.49,60.15,60.3,821.0,8,0.0
2024-02-28 11:00:00,59.82,59.83,59.79,59.82,111.0,12,0.0
2024-02-28 12:00:00,59.83,59.92,59.76,59.85,179.0,12,0.0
2024-02-28 13:00:00,59.82,59.9,59.76,59.78,166.0,12,0.0
2024-02-28 14:00:00,59.78,59.78,59.11,59.28,1188.0,8,0.0
2024-02-28 15:00:00,59.28,59.54,58.98,59.52,1254.0,8,0.0
2024-02-28 16:00:00,59.52,59.69,59.43,59.61,723.0,8,0.0
2024-02-28 17:00:00,59.61,59.76,59.58,59.65,664.0,8,0.0
2024-02-28 18:00:00,59.65,59.76,59.55,59.61,600.0,8,0.0
2024-02-28 19:00:00,59.61,59.7,59.41,59.57,598.0,8,0.0
2024-02-28 20:00:00,59.57,59.63,59.48,59.55,416.0,8,0.0
2024-02-29 11:00:00,59.57,59.66,59.44,59.58,183.0,12,0.0
2024-02-29 12:00:00,59.59,59.66,59.51,59.6,219.0,12,0.0
2024-02-29 13:00:00,59.58,60.65,59.53,60.44,537.0,12,0.0
2024-02-29 14:00:00,60.44,60.59,59.89,60.21,1186.0,8,0.0
2024-02-29 15:00:00,60.2,60.28,59.67,59.7,1169.0,8,0.0
2024-02-29 16:00:00,59.71,59.84,59.49,59.82,738.0,8,0.0
2024-02-29 17:00:00,59.81,59.9,59.67,59.77,541.0,8,0.0
2024-02-29 18:00:00,59.77,59.9,59.7,59.77,474.0,8,0.0
2024-02-29 19:00:00,59.77,59.81,59.56,59.65,520.0,8,0.0
2024-02-29 20:00:00,59.65,59.89,59.59,59.88,426.0,8,0.0
2024-03-01 11:00:00,60.01,60.07,59.96,60.05,207.0,12,0.0
2024-03-01 12:00:00,60.03,60.18,60.03,60.07,157.0,12,0.0
2024-03-01 13:00:00,60.07,60.1,59.95,60.07,170.0,12,0.0
2024-03-01 14:00:00,60.07,60.57,59.93,60.52,1061.0,8,0.0
2024-03-01 15:00:00,60.57,60.85,60.35,60.69,1217.0,8,0.0
2024-03-01 16:00:00,60.69,61.03,60.69,60.96,910.0,8,0.0
2024-03-01 17:00:00,60.96,61.24,60.91,61.2,797.0,8,0.0
2024-03-01 18:00:00,61.2,61.55,61.18,61.51,886.0,8,0.0
2024-03-01 19:00:00,61.5,61.83,61.5,61.78,1035.0,5,0.0
2024-03-01 20:00:00,61.79,61.98,61.74,61.91,800.0,8,0.0
2024-03-04 11:00:00,62.33,62.38,62.31,62.31,95.0,12,0.0
2024-03-04 12:00:00,62.32,62.33,61.98,62.0,324.0,12,0.0
2024-03-04 13:00:00,62.0,62.15,62.0,62.1,196.0,12,0.0
2024-03-04 14:00:00,62.1,62.25,61.5,61.92,1082.0,8,0.0
2024-03-04 15:00:00,61.92,62.4,61.8,62.18,1253.0,8,0.0
2024-03-04 16:00:00,62.18,62.27,61.73,61.82,894.0,8,0.0
2024-03-04 17:00:00,61.82,61.95,61.64,61.65,713.0,8,0.0
2024-03-04 18:00:00,61.65,61.85,61.61,61.67,653.0,8,0.0
2024-03-04 19:00:00,61.68,61.87,61.59,61.82,735.0,8,0.0
2024-03-04 20:00:00,61.82,61.9,61.57,61.61,603.0,8,0.0
2024-03-05 11:00:00,61.17,61.21,61.13,61.2,112.0,12,0.0
2024-03-05 12:00:00,61.19,61.23,60.88,60.98,242.0,12,0.0
2024-03-05 13:00:00,60.99,61.22,60.99,61.13,228.0,12,0.0
2024-03-05 14:00:00,61.13,61.18,60.08,60.27,1346.0,8,0.0
2024-03-05 15:00:00,60.29,60.49,59.69,59.94,1766.0,8,0.0
2024-03-05 16:00:00,59.94,60.1,59.73,59.94,1095.0,8,0.0
2024-03-05 17:00:00,59.94,60.04,59.75,59.87,766.0,8,0.0
2024-03-05 18:00:00,59.87,59.87,59.38,59.38,861.0,8,0.0
2024-03-05 19:00:00,59.38,59.53,59.3,59.32,836.0,8,0.0
2024-03-05 20:00:00,59.32,59.44,59.16,59.36,748.0,8,0.0
2024-03-06 11:00:00,60.16,60.2,60.11,60.15,148.0,12,0.0
2024-03-06 12:00:00,60.12,60.15,59.97,60.04,168.0,12,0.0
2024-03-06 13:00:00,60.05,60.17,60.02,60.08,140.0,12,0.0
2024-03-06 14:00:00,60.09,60.46,59.59,59.64,1108.0,8,0.0
2024-03-06 15:00:00,59.64,60.08,59.34,60.04,1237.0,8,0.0
2024-03-06 16:00:00,60.04,60.33,60.03,60.33,884.0,8,0.0
2024-03-06 17:00:00,60.33,60.74,60.11,60.18,877.0,8,0.0
2024-03-06 18:00:00,60.19,60.36,59.93,60.1,905.0,8,0.0
2024-03-06 19:00:00,60.1,60.22,59.84,59.96,956.0,8,0.0
2024-03-06 20:00:00,59.96,60.0,59.76,59.89,659.0,8,0.0
2024-03-07 11:00:00,59.88,59.88,59.79,59.8,223.0,12,0.0
2024-03-07 12:00:00,59.8,59.96,59.78,59.92,444.0,12,0.0
2024-03-07 13:00:00,59.92,60.04,59.83,59.93,228.0,12,0.0
2024-03-07 14:00:00,59.93,60.3,59.56,59.91,1006.0,8,0.0
2024-03-07 15:00:00,59.92,60.39,59.88,60.33,1009.0,8,0.0
2024-03-07 16:00:00,60.32,60.55,60.29,60.41,923.0,8,0.0
2024-03-07 17:00:00,60.41,60.71,60.32,60.7,763.0,8,0.0
2024-03-07 18:00:00,60.7,61.01,60.59,60.85,766.0,8,0.0
2024-03-07 19:00:00,60.85,60.94,60.71,60.82,617.0,8,0.0
2024-03-07 20:00:00,60.82,60.98,60.68,60.95,588.0,8,0.0
2024-03-08 11:00:00,60.97,60.99,60.41,60.74,231.0,12,0.0
2024-03-08 12:00:00,60.78,60.82,60.6,60.73,370.0,12,0.0
2024-03-08 13:00:00,60.73,60.97,60.55,60.94,429.0,12,0.0
2024-03-08 14:00:00,60.95,61.28,60.75,61.19,919.0,8,0.0
2024-03-08 15:00:00,61.21,61.57,61.05,61.51,1384.0,8,0.0
2024-03-08 16:00:00,61.51,61.55,60.54,60.83,1558.0,8,0.0
2024-03-08 17:00:00,60.82,60.95,60.48,60.53,1063.0,8,0.0
2024-03-08 18:00:00,60.52,60.63,60.05,60.19,856.0,8,0.0
2024-03-08 19:00:00,60.19,60.7,60.18,60.64,718.0,8,0.0
2024-03-08 20:00:00,60.64,60.68,60.2,60.29,578.0,8,0.0
2024-03-11 10:00:00,61.06,61.07,60.99,61.04,16.0,12,0.0
2024-03-11 11:00:00,61.02,61.09,60.84,60.85,233.0,12,0.0
2024-03-11 12:00:00,60.88,60.95,60.61,60.89,187.0,12,0.0
2024-03-11 13:00:00,60.89,61.04,60.19,60.65,1226.0,8,0.0
2024-03-11 14:00:00,60.65,61.02,60.42,60.98,1370.0,8,0.0
2024-03-11 15:00:00,60.96,61.06,60.22,60.56,972.0,8,0.0
2024-03-11 16:00:00,60.56,60.56,60.35,60.42,721.0,8,0.0
2024-03-11 17:00:00,60.42,60.44,60.15,60.32,547.0,8,0.0
2024-03-11 18:00:00,60.31,60.43,60.26,60.36,541.0,8,0.0
2024-03-11 19:00:00,60.36,60.37,60.11,60.16,434.0,8,0.0
2024-03-12 10:00:00,60.3,60.36,60.3,60.36,239.0,12,0.0
2024-03-12 11:00:00,60.37,60.39,60.27,60.39,156.0,12,0.0
2024-03-12 12:00:00,60.38,60.51,60.12,60.29,285.0,12,0.0
2024-03-12 13:00:00,60.3,60.32,59.61,60.0,999.0,8,0.0
2024-03-12 14:00:00,59.99,60.53,59.96,60.48,1009.0,8,0.0
2024-03-12 15:00:00,60.49,60.75,60.42,60.63,755.0,8,0.0
2024-03-12 16:00:00,60.63,60.7,60.43,60.5,666.0,8,0.0
2024-03-12 17:00:00,60.51,61.17,60.39,61.16,742.0,8,0.0
2024-03-12 18:00:00,61.16,61.49,61.03,61.4,787.0,8,0.0
2024-03-12 19:00:00,61.4,61.44,61.14,61.28,531.0,8,0.0
2024-03-13 10:00:00,61.03,61.18,61.02,61.16,315.0,12,0.0
2024-03-13 11:00:00,61.16,61.24,61.13,61.13,250.0,12,0.0
2024-03-13 12:00:00,61.13,61.29,61.07,61.24,268.0,12,0.0
2024-03-13 13:00:00,61.27,61.42,60.77,61.06,840.0,8,0.0
2024-03-13 14:00:00,61.03,61.41,60.93,61.08,1039.0,8,0.0
2024-03-13 15:00:00,61.08,61.35,60.81,60.96,775.0,8,0.0
2024-03-13 16:00:00,60.96,61.0,60.82,60.89,521.0,8,0.0
2024-03-13 17:00:00,60.89,61.25,60.89,61.14,563.0,8,0.0
2024-03-13 18:00:00,61.14,61.19,60.99,61.13,460.0,8,0.0
2024-03-13 19:00:00,61.13,61.16,60.67,60.86,557.0,8,0.0
2024-03-14 10:00:00,61.81,61.82,61.73,61.79,272.0,12,0.0
2024-03-14 11:00:00,61.78,61.81,61.59,61.59,178.0,12,0.0
2024-03-14 12:00:00,61.6,61.66,61.38,61.55,216.0,12,0.0
2024-03-14 13:00:00,61.56,62.03,60.68,60.82,1553.0,8,0.0
2024-03-14 14:00:00,60.79,61.31,60.71,61.08,1440.0,8,0.0
2024-03-14 15:00:00,61.1,61.24,60.89,61.24,821.0,8,0.0
2024-03-14 16:00:00,61.24,61.29,60.86,60.97,780.0,8,0.0
2024-03-14 17:00:00,60.97,61.24,60.84,61.22,711.0,8,0.0
2024-03-14 18:00:00,61.22,61.38,61.09,61.1,678.0,8,0.0
2024-03-14 19:00:00,61.1,61.1,60.71,60.99,781.0,8,0.0
2024-03-15 10:00:00,61.53,61.74,61.47,61.64,484.0,12,0.0
2024-03-15 11:00:00,61.64,61.7,61.56,61.63,330.0,12,0.0
2024-03-15 12:00:00,61.62,62.31,61.57,62.3,415.0,12,0.0
2024-03-15 13:00:00,62.3,62.71,61.37,61.79,1892.0,8,0.0
2024-03-15 14:00:00,61.79,61.87,61.21,61.4,1363.0,8,0.0
2024-03-15 15:00:00,61.41,61.46,60.72,60.8,1000.0,8,0.0
2024-03-15 16:00:00,60.79,60.98,60.75,60.82,810.0,8,0.0
2024-03-15 17:00:00,60.82,61.01,60.63,60.85,665.0,8,0.0
2024-03-15 18:00:00,60.85,60.95,60.69,60.77,692.0,8,0.0
2024-03-15 19:00:00,60.77,60.83,60.51,60.64,570.0,8,0.0
2024-03-18 11:00:00,60.93,61.13,60.87,60.97,193.0,12,0.0
2024-03-18 12:00:00,60.97,61.07,60.96,61.01,210.0,12,0.0
2024-03-18 13:00:00,61.04,61.41,60.89,61.06,889.0,8,0.0
2024-03-18 14:00:00,61.06,62.42,61.06,62.42,1553.0,8,0.0
2024-03-18 15:00:00,62.43,62.7,62.06,62.14,1179.0,8,0.0
2024-03-18 16:00:00,62.14,62.27,61.81,61.81,800.0,8,0.0
2024-03-18 17:00:00,61.81,62.03,61.59,61.71,623.0,8,0.0
2024-03-18 18:00:00,61.71,62.05,61.69,61.87,612.0,8,0.0
2024-03-18 19:00:00,61.87,62.06,61.85,62.02,506.0,8,0.0
2024-03-19 10:00:00,61.72,61.85,61.68,61.7,117.0,12,0.0
2024-03-19 11:00:00,61.69,61.7,61.49,61.53,159.0,12,0.0
2024-03-19 12:00:00,61.53,61.71,61.48,61.71,215.0,12,0.0
2024-03-19 13:00:00,61.71,61.72,60.76,61.03,1103.0,8,0.0
2024-03-19 14:00:00,61.04,61.4,60.96,61.33,1140.0,8,0.0
2024-03-19 15:00:00,61.33,61.57,61.28,61.54,637.0,8,0.0
2024-03-19 16:00:00,61.54,62.08,61.48,61.99,656.0,8,0.0
2024-03-19 17:00:00,61.99,62.07,61.83,61.92,640.0,8,0.0
2024-03-19 18:00:00,61.92,62.07,61.82,61.98,576.0,8,0.0
2024-03-19 19:00:00,61.97,62.02,61.8,61.94,515.0,8,0.0
2024-03-20 10:00:00,62.06,62.31,62.04,62.28,399.0,12,0.0
2024-03-20 11:00:00,62.21,62.33,62.18,62.2,268.0,12,0.0
2024-03-20 12:00:00,62.2,62.22,62.14,62.19,142.0,12,0.0
2024-03-20 13:00:00,62.21,62.4,61.8,61.94,878.0,8,0.0
2024-03-20 14:00:00,61.94,62.22,61.84,62.12,842.0,8,0.0
2024-03-20 15:00:00,62.12,62.29,61.87,62.09,694.0,8,0.0
2024-03-20 16:00:00,62.09,62.35,62.01,62.22,551.0,8,0.0
2024-03-20 17:00:00,62.22,62.22,62.05,62.12,514.0,8,0.0
2024-03-20 18:00:00,62.12,62.71,62.12,62.4,1527.0,8,0.0
2024-03-20 19:00:00,62.43,62.91,62.4,62.75,935.0,8,0.0
2024-03-21 11:00:00,63.08,63.13,63.05,63.1,86.0,12,0.0
2024-03-21 12:00:00,63.1,63.13,63.05,63.09,103.0,12,0.0
2024-03-21 13:00:00,63.09,63.37,62.75,62.88,984.0,12,0.0
2024-03-21 14:00:00,62.87,63.01,62.62,62.87,1067.0,8,0.0
2024-03-21 15:00:00,62.88,62.96,62.61,62.75,765.0,8,0.0
2024-03-21 16:00:00,62.75,62.8,62.68,62.69,591.0,8,0.0
2024-03-21 17:00:00,62.7,62.77,62.65,62.71,499.0,8,0.0
2024-03-21 18:00:00,62.7,62.74,62.51,62.58,601.0,8,0.0
2024-03-21 19:00:00,62.57,62.59,62.26,62.33,635.0,5,0.0
2024-03-22 10:00:00,62.33,62.36,62.32,62.32,26.0,12,0.0
2024-03-22 11:00:00,62.31,62.45,62.2,62.27,302.0,12,0.0
2024-03-22 12:00:00,62.28,62.36,62.15,62.33,108.0,12,0.0
2024-03-22 13:00:00,62.3,62.66,62.09,62.66,797.0,8,0.0
2024-03-22 14:00:00,62.66,62.86,62.39,62.61,939.0,8,0.0
2024-03-22 15:00:00,62.61,62.79,62.59,62.78,462.0,8,0.0
2024-03-22 16:00:00,62.78,62.84,62.34,62.5,664.0,8,0.0
2024-03-22 17:00:00,62.5,62.59,62.37,62.55,462.0,8,0.0
2024-03-22 18:00:00,62.55,62.66,62.45,62.66,341.0,8,0.0
2024-03-22 19:00:00,62.66,62.71,62.52,62.68,392.0,8,0.0
2024-03-25 10:00:00,62.82,62.97,62.82,62.88,134.0,12,0.0
2024-03-25 11:00:00,62.88,62.9,62.76,62.82,242.0,12,0.0
2024-03-25 12:00:00,62.82,62.9,62.82,62.85,179.0,12,0.0
2024-03-25 13:00:00,62.85,62.91,62.3,62.61,814.0,8,0.0
2024-03-25 14:00:00,62.61,62.99,62.59,62.77,1070.0,8,0.0
2024-03-25 15:00:00,62.78,62.87,62.61,62.72,705.0,8,0.0
2024-03-25 16:00:00,62.72,62.87,62.65,62.82,566.0,8,0.0
2024-03-25 17:00:00,62.82,62.96,62.72,62.87,414.0,8,0.0
2024-03-25 18:00:00,62.87,62.99,62.77,62.86,403.0,8,0.0
2024-03-25 19:00:00,62.86,62.95,62.82,62.83,455.0,8,0.0
2024-03-26 10:00:00,62.95,62.99,62.83,62.87,163.0,12,0.0
2024-03-26 11:00:00,62.89,62.95,62.81,62.9,279.0,12,0.0
2024-03-26 12:00:00,62.88,62.9,62.77,62.77,187.0,12,0.0
2024-03-26 13:00:00,62.77,62.78,61.91,62.52,1167.0,8,0.0
2024-03-26 14:00:00,62.52,62.83,62.49,62.79,1025.0,8,0.0
2024-03-26 15:00:00,62.8,63.12,62.75,63.12,790.0,8,0.0
2024-03-26 16:00:00,63.12,63.17,62.83,62.99,578.0,8,0.0
2024-03-26 17:00:00,62.99,63.27,62.96,63.2,496.0,8,0.0
2024-03-26 18:00:00,63.2,63.4,63.2,63.29,579.0,8,0.0
2024-03-26 19:00:00,63.29,63.31,62.93,63.01,524.0,8,0.0
2024-03-27 10:00:00,63.06,63.14,62.72,62.77,773.0,12,0.0
2024-03-27 11:00:00,62.77,63.12,62.75,62.97,593.0,12,0.0
2024-03-27 12:00:00,63.01,63.01,62.82,62.83,309.0,12,0.0
2024-03-27 13:00:00,62.83,63.09,62.05,62.1,1156.0,8,0.0
2024-03-27 14:00:00,62.1,62.19,61.68,62.01,1277.0,8,0.0
2024-03-27 15:00:00,62.0,62.06,61.5,61.5,770.0,8,0.0
2024-03-27 16:00:00,61.49,61.83,61.46,61.62,764.0,8,0.0
2024-03-27 17:00:00,61.62,61.63,61.29,61.3,731.0,8,0.0
2024-03-27 18:00:00,61.3,61.39,61.12,61.15,814.0,8,0.0
2024-03-27 19:00:00,61.15,61.37,61.03,61.26,688.0,8,0.0
2024-03-28 10:00:00,61.32,61.41,61.31,61.35,325.0,12,0.0
2024-03-28 11:00:00,61.35,61.4,61.28,61.34,193.0,12,0.0
2024-03-28 12:00:00,61.34,61.53,61.32,61.42,198.0,12,0.0
2024-03-28 13:00:00,61.42,61.53,60.12,60.6,1359.0,8,0.0
2024-03-28 14:00:00,60.61,60.7,60.18,60.69,1234.0,8,0.0
2024-03-28 15:00:00,60.69,60.84,60.41,60.65,746.0,8,0.0
2024-03-28 16:00:00,60.65,60.66,60.29,60.53,702.0,8,0.0
2024-03-28 17:00:00,60.53,60.65,60.43,60.45,552.0,8,0.0
2024-03-28 18:00:00,60.45,60.64,60.39,60.6,537.0,8,0.0
2024-03-28 19:00:00,60.6,60.8,60.59,60.64,518.0,8,0.0
2024-04-01 11:00:00,60.97,60.97,60.73,60.87,53.0,12,0.0
2024-04-01 12:00:00,60.8,60.88,60.72,60.77,52.0,12,0.0
2024-04-01 13:00:00,60.83,61.29,60.4,61.05,997.0,8,0.0
2024-04-01 14:00:00,61.05,61.15,60.68,60.79,1035.0,8,0.0
2024-04-01 15:00:00,60.79,60.89,60.6,60.76,735.0,8,0.0
2024-04-01 16:00:00,60.75,61.07,60.69,60.92,503.0,8,0.0
2024-04-01 17:00:00,60.92,61.0,60.83,60.98,448.0,8,0.0
2024-04-01 18:00:00,60.98,61.23,60.98,61.16,459.0,8,0.0
2024-04-01 19:00:00,61.16,61.3,61.09,61.16,511.0,8,0.0
2024-04-02 10:00:00,61.32,61.38,60.8,60.96,1190.0,12,0.0
2024-04-02 11:00:00,60.79,60.97,60.73,60.93,285.0,12,0.0
2024-04-02 12:00:00,60.95,60.97,60.77,60.79,77.0,12,0.0
2024-04-02 13:00:00,60.79,61.06,60.53,60.81,1280.0,8,0.0
2024-04-02 14:00:00,60.83,61.0,60.53,60.58,1000.0,8,0.0
2024-04-02 15:00:00,60.58,61.02,60.53,60.71,816.0,8,0.0
2024-04-02 16:00:00,60.71,61.2,60.71,61.2,515.0,8,0.0
2024-04-02 17:00:00,61.21,61.26,61.08,61.19,548.0,8,0.0
2024-04-02 18:00:00,61.18,61.2,61.03,61.07,498.0,8,0.0
2024-04-02 19:00:00,61.07,61.33,61.04,61.24,453.0,8,0.0
2024-04-03 10:00:00,61.14,61.2,61.06,61.14,1035.0,12,0.0
2024-04-03 11:00:00,61.07,61.27,61.07,61.25,450.0,12,0.0
2024-04-03 12:00:00,61.25,61.26,61.06,61.16,126.0,12,0.0
2024-04-03 13:00:00,61.19,61.77,61.08,61.56,861.0,8,0.0
2024-04-03 14:00:00,61.6,62.55,61.6,62.52,1197.0,8,0.0
2024-04-03 15:00:00,62.52,62.77,62.34,62.39,966.0,8,0.0
2024-04-03 16:00:00,62.39,62.74,62.27,62.68,825.0,8,0.0
2024-04-03 17:00:00,62.68,62.77,62.62,62.67,637.0,8,0.0
2024-04-03 18:00:00,62.67,62.77,62.6,62.64,644.0,8,0.0
2024-04-03 19:00:00,62.63,62.81,62.44,62.77,765.0,8,0.0
2024-04-04 10:00:00,63.08,63.12,63.02,63.09,163.0,12,0.0
2024-04-04 11:00:00,63.14,63.16,63.06,63.11,91.0,12,0.0
2024-04-04 12:00:00,63.12,63.29,62.99,63.26,207.0,12,0.0
2024-04-04 13:00:00,63.27,63.73,63.02,63.39,1125.0,8,0.0
2024-04-04 14:00:00,63.38,63.47,63.12,63.34,969.0,8,0.0
2024-04-04 15:00:00,63.34,63.45,63.09,63.44,712.0,8,0.0
2024-04-04 16:00:00,63.44,63.64,63.4,63.64,576.0,8,0.0
2024-04-04 17:00:00,63.64,63.71,63.39,63.4,530.0,8,0.0
2024-04-04 18:00:00,63.4,63.4,62.19,62.26,1353.0,8,0.0
2024-04-04 19:00:00,62.26,62.29,61.63,61.64,1057.0,8,0.0
2024-04-05 10:00:00,61.88,62.22,61.88,62.03,276.0,12,0.0
2024-04-05 11:00:00,62.03,62.35,62.01,62.29,550.0,12,0.0
2024-04-05 12:00:00,62.26,62.43,61.98,62.14,365.0,12,0.0
2024-04-05 13:00:00,62.22,63.24,62.09,63.18,1553.0,8,0.0
2024-04-05 14:00:00,63.19,63.48,62.91,63.47,1575.0,8,0.0
2024-04-05 15:00:00,63.47,63.54,63.08,63.35,1206.0,8,0.0
2024-04-05 16:00:00,63.36,63.63,63.25,63.61,885.0,8,0.0
2024-04-05 17:00:00,63.61,63.63,63.35,63.37,812.0,8,0.0
2024-04-05 18:00:00,63.37,63.52,63.16,63.24,974.0,8,0.0
2024-04-05 19:00:00,63.24,63.69,63.23,63.62,654.0,8,0.0
2024-04-08 10:00:00,63.86,63.86,63.67,63.68,241.0,12,0.0
2024-04-08 11:00:00,63.68,63.76,63.65,63.75,297.0,12,0.0
2024-04-08 12:00:00,63.73,63.85,63.71,63.82,83.0,12,0.0
2024-04-08 13:00:00,63.84,63.85,62.92,63.18,1169.0,8,0.0
2024-04-08 14:00:00,63.2,63.45,62.88,63.23,1149.0,8,0.0
2024-04-08 15:00:00,63.23,63.32,63.01,63.13,946.0,8,0.0
2024-04-08 16:00:00,63.13,63.17,62.88,63.1,767.0,8,0.0
2024-04-08 17:00:00,63.09,63.1,62.83,62.99,641.0,8,0.0
2024-04-08 18:00:00,62.99,63.12,62.92,63.04,489.0,8,0.0
2024-04-08 19:00:00,63.05,63.06,62.85,62.89,458.0,8,0.0
2024-04-09 10:00:00,63.06,63.15,62.82,62.92,585.0,12,0.0
2024-04-09 11:00:00,62.94,63.17,62.9,63.07,418.0,12,0.0
2024-04-09 12:00:00,63.08,63.17,63.06,63.08,181.0,12,0.0
2024-04-09 13:00:00,63.1,63.18,62.28,62.28,957.0,8,0.0
2024-04-09 14:00:00,62.29,62.44,61.53,61.92,1664.0,8,0.0
2024-04-09 15:00:00,61.92,62.01,61.78,61.88,846.0,8,0.0
2024-04-09 16:00:00,61.88,62.04,61.84,61.84,633.0,8,0.0
2024-04-09 17:00:00,61.84,61.93,61.67,61.68,642.0,8,0.0
2024-04-09 18:00:00,61.68,61.8,61.64,61.68,557.0,8,0.0
2024-04-09 19:00:00,61.68,61.94,61.62,61.69,591.0,8,0.0
2024-04-10 10:00:00,61.58,61.74,61.58,61.72,452.0,12,0.0
2024-04-10 11:00:00,61.72,61.77,61.62,61.67,335.0,12,0.0
2024-04-10 12:00:00,61.64,62.08,60.56,60.95,709.0,12,0.0
2024-04-10 13:00:00,60.96,61.58,60.69,61.53,1369.0,8,0.0
2024-04-10 14:00:00,61.53,61.72,61.3,61.4,1395.0,8,0.0
2024-04-10 15:00:00,61.41,61.5,61.2,61.41,836.0,8,0.0
2024-04-10 16:00:00,61.41,61.74,61.29,61.74,682.0,8,0.0
2024-04-10 17:00:00,61.74,61.91,61.38,61.72,963.0,8,0.0
2024-04-10 18:00:00,61.72,61.96,61.66,61.82,983.0,8,0.0
2024-04-10 19:00:00,61.82,61.89,61.62,61.82,697.0,5,0.0
2024-04-11 10:00:00,61.65,61.75,61.28,61.74,738.0,12,0.0
2024-04-11 11:00:00,61.6,61.77,61.5,61.54,406.0,12,0.0
2024-04-11 12:00:00,61.54,62.13,61.49,62.02,640.0,12,0.0
2024-04-11 13:00:00,62.02,62.51,61.77,62.2,906.0,8,0.0
2024-04-11 14:00:00,62.22,62.26,61.68,61.74,1010.0,8,0.0
2024-04-11 15:00:00,61.74,62.05,61.69,62.03,749.0,8,0.0
2024-04-11 16:00:00,62.03,62.14,61.97,62.08,567.0,8,0.0
2024-04-11 17:00:00,62.08,62.84,62.04,62.77,964.0,8,0.0
2024-04-11 18:00:00,62.77,63.06,62.77,63.02,878.0,8,0.0
2024-04-11 19:00:00,63.02,63.12,62.9,62.9,546.0,8,0.0
2024-04-12 10:00:00,62.74,62.95,62.74,62.83,541.0,12,0.0
2024-04-12 11:00:00,62.83,63.23,62.82,63.19,504.0,12,0.0
2024-04-12 12:00:00,63.19,63.4,62.97,63.09,255.0,12,0.0
2024-04-12 13:00:00,63.08,63.31,62.56,62.97,1403.0,8,0.0
2024-04-12 14:00:00,62.96,62.99,62.42,62.48,1360.0,8,0.0
2024-04-12 15:00:00,62.48,62.55,62.33,62.44,892.0,8,0.0
2024-04-12 16:00:00,62.44,62.44,61.98,62.04,881.0,8,0.0
2024-04-12 17:00:00,62.04,62.16,61.86,62.0,821.0,8,0.0
2024-04-12 18:00:00,62.0,62.14,61.93,61.94,722.0,8,0.0
2024-04-12 19:00:00,61.94,62.16,61.89,62.16,587.0,8,0.0
2024-04-15 10:00:00,62.8,62.82,62.7,62.72,124.0,12,0.0
2024-04-15 11:00:00,62.71,62.81,62.58,62.72,334.0,12,0.0
2024-04-15 12:00:00,62.74,62.92,62.66,62.86,262.0,12,0.0
2024-04-15 13:00:00,62.86,63.01,62.29,62.34,1152.0,8,0.0
2024-04-15 14:00:00,62.37,62.53,62.01,62.01,1268.0,8,0.0
2024-04-15 15:00:00,62.02,62.12,61.89,62.0,896.0,8,0.0
2024-04-15 16:00:00,61.99,62.02,61.33,61.44,899.0,8,0.0
2024-04-15 17:00:00,61.44,61.6,60.53,60.8,1187.0,8,0.0
2024-04-15 18:00:00,60.79,60.81,60.45,60.6,1127.0,8,0.0
2024-04-15 19:00:00,60.6,60.64,60.36,60.5,938.0,8,0.0
2024-04-16 10:00:00,60.57,60.58,60.31,60.57,763.0,12,0.0
2024-04-16 11:00:00,60.6,61.36,60.45,60.98,542.0,12,0.0
2024-04-16 12:00:00,60.98,61.1,60.78,61.03,236.0,12,0.0
2024-04-16 13:00:00,60.99,61.88,60.68,61.82,1381.0,8,0.0
2024-04-16 14:00:00,61.81,62.17,61.55,62.03,1956.0,8,0.0
2024-04-16 15:00:00,62.03,62.19,61.79,61.81,1300.0,8,0.0
2024-04-16 16:00:00,61.81,61.93,61.72,61.84,1045.0,8,0.0
2024-04-16 17:00:00,61.84,62.03,61.61,61.84,1244.0,8,0.0
2024-04-16 18:00:00,61.84,62.16,61.68,62.06,1252.0,8,0.0
2024-04-16 19:00:00,62.06,62.09,61.7,61.74,787.0,8,0.0
2024-04-17 10:00:00,62.01,62.3,61.99,62.3,203.0,12,0.0
2024-04-17 11:00:00,62.25,62.32,62.11,62.11,389.0,12,0.0
2024-04-17 12:00:00,62.11,62.29,62.05,62.23,214.0,12,0.0
2024-04-17 13:00:00,62.26,62.29,61.2,61.4,1075.0,8,0.0
2024-04-17 14:00:00,61.39,61.71,61.22,61.42,1315.0,8,0.0
2024-04-17 15:00:00,61.41,61.58,61.03,61.18,890.0,8,0.0
2024-04-17 16:00:00,61.18,61.18,60.73,60.98,1010.0,8,0.0
2024-04-17 17:00:00,60.98,61.35,60.95,61.3,871.0,8,0.0
2024-04-17 18:00:00,61.3,61.68,61.23,61.4,828.0,8,0.0
2024-04-17 19:00:00,61.39,61.39,61.15,61.32,693.0,8,0.0
2024-04-18 10:00:00,61.49,61.63,61.49,61.54,457.0,12,0.0
2024-04-18 11:00:00,61.54,61.63,61.04,61.1,393.0,12,0.0
2024-04-18 12:00:00,61.08,61.24,61.0,61.11,419.0,12,0.0
2024-04-18 13:00:00,61.11,61.37,60.52,61.05,1089.0,8,0.0
2024-04-18 14:00:00,61.04,61.92,61.0,61.76,1614.0,8,0.0
2024-04-18 15:00:00,61.78,61.86,61.38,61.45,1178.0,8,0.0
2024-04-18 16:00:00,61.45,61.74,61.38,61.45,880.0,8,0.0
2024-04-18 17:00:00,61.45,61.48,60.71,60.77,1114.0,8,0.0
2024-04-18 18:00:00,60.74,60.89,60.5,60.68,1157.0,8,0.0
2024-04-18 19:00:00,60.68,61.05,60.63,61.03,1097.0,8,0.0
2024-04-19 10:00:00,57.37,57.44,56.74,57.21,680.0,12,0.0
2024-04-19 11:00:00,57.21,57.82,56.93,57.21,1234.0,12,0.0
2024-04-19 12:00:00,57.19,57.38,56.62,56.69,1122.0,12,0.0
2024-04-19 13:00:00,56.68,57.84,55.64,57.15,4512.0,8,0.0
2024-04-19 14:00:00,57.18,57.51,56.41,56.42,3122.0,8,0.0
2024-04-19 15:00:00,56.4,56.43,55.76,55.92,2204.0,8,0.0
2024-04-19 16:00:00,55.91,56.06,55.31,55.67,2183.0,8,0.0
2024-04-19 17:00:00,55.67,55.95,55.54,55.84,1492.0,8,0.0
2024-04-19 18:00:00,55.84,56.02,55.25,55.42,1628.0,8,0.0
2024-04-19 19:00:00,55.43,55.67,55.19,55.27,1368.0,8,0.0
2024-04-22 10:00:00,55.6,55.64,55.08,55.25,575.0,12,0.0
2024-04-22 11:00:00,55.27,55.51,55.21,55.29,770.0,12,0.0
2024-04-22 12:00:00,55.29,55.34,54.92,55.27,416.0,12,0.0
2024-04-22 13:00:00,55.23,55.27,54.35,54.42,2427.0,8,0.0
2024-04-22 14:00:00,54.42,55.21,54.17,54.96,2679.0,8,0.0
2024-04-22 15:00:00,54.96,55.63,54.9,55.25,1751.0,8,0.0
2024-04-22 16:00:00,55.25,55.49,54.88,54.94,1217.0,8,0.0
2024-04-22 17:00:00,54.94,55.55,54.94,55.51,963.0,8,0.0
2024-04-22 18:00:00,55.51,55.81,55.42,55.62,951.0,8,0.0
2024-04-22 19:00:00,55.62,55.69,55.28,55.37,760.0,8,0.0
2024-04-23 10:00:00,55.24,55.41,55.14,55.38,353.0,12,0.0
2024-04-23 11:00:00,55.39,55.59,55.36,55.48,667.0,12,0.0
2024-04-23 12:00:00,55.48,55.48,55.36,55.44,181.0,12,0.0
2024-04-23 13:00:00,55.45,56.61,55.4,56.31,1298.0,8,0.0
2024-04-23 14:00:00,56.3,56.83,56.05,56.73,1556.0,8,0.0
2024-04-23 15:00:00,56.73,57.12,56.53,57.09,1190.0,8,0.0
2024-04-23 16:00:00,57.09,57.61,57.09,57.43,1256.0,8,0.0
2024-04-23 17:00:00,57.43,57.65,57.38,57.58,916.0,8,0.0
2024-04-23 18:00:00,57.58,57.74,57.54,57.73,822.0,8,0.0
2024-04-23 19:00:00,57.73,57.87,57.64,57.86,785.0,5,0.0
2024-04-24 10:00:00,57.68,57.72,56.34,57.01,433.0,12,0.0
2024-04-24 11:00:00,57.04,57.37,56.8,57.31,714.0,12,0.0
2024-04-24 12:00:00,57.31,57.44,57.26,57.28,263.0,12,0.0
2024-04-24 13:00:00,57.29,57.61,56.07,56.26,1531.0,8,0.0
2024-04-24 14:00:00,56.26,56.36,55.69,55.75,1758.0,8,0.0
2024-04-24 15:00:00,55.76,55.76,55.28,55.36,1330.0,8,0.0
2024-04-24 16:00:00,55.36,55.44,55.1,55.24,941.0,8,0.0
2024-04-24 17:00:00,55.24,55.66,55.16,55.64,870.0,8,0.0
2024-04-24 18:00:00,55.63,55.64,55.33,55.33,860.0,8,0.0
2024-04-24 19:00:00,55.33,55.63,55.32,55.5,610.0,8,0.0
2024-04-25 10:00:00,54.99,55.13,54.96,55.03,513.0,12,0.0
2024-04-25 11:00:00,55.03,55.26,54.93,55.25,348.0,12,0.0
2024-04-25 12:00:00,55.25,55.26,54.76,54.85,352.0,12,0.0
2024-04-25 13:00:00,54.84,55.69,54.52,55.51,1577.0,8,0.0
2024-04-25 14:00:00,55.51,55.83,55.33,55.55,1688.0,8,0.0
2024-04-25 15:00:00,55.54,56.07,55.53,56.07,1011.0,8,0.0
2024-04-25 16:00:00,56.05,56.49,56.05,56.34,1000.0,8,0.0
2024-04-25 17:00:00,56.33,56.42,56.14,56.23,726.0,8,0.0
2024-04-25 18:00:00,56.23,56.33,56.09,56.32,730.0,8,0.0
2024-04-25 19:00:00,56.32,56.61,56.32,56.32,620.0,8,0.0
2024-04-26 10:00:00,56.28,56.29,56.11,56.12,184.0,12,0.0
2024-04-26 11:00:00,56.22,56.3,56.12,56.2,480.0,12,0.0
2024-04-26 12:00:00,56.2,56.41,56.11,56.39,456.0,12,0.0
2024-04-26 13:00:00,56.36,56.41,55.48,55.59,1396.0,8,0.0
2024-04-26 14:00:00,55.59,55.71,55.29,55.49,1654.0,8,0.0
2024-04-26 15:00:00,55.48,55.64,55.4,55.42,1065.0,8,0.0
2024-04-26 16:00:00,55.44,55.98,55.38,55.97,1005.0,8,0.0
2024-04-26 17:00:00,55.97,56.25,55.93,56.1,783.0,8,0.0
2024-04-26 18:00:00,56.1,56.16,55.89,55.99,777.0,5,0.0
2024-04-26 19:00:00,55.99,56.11,55.98,56.03,510.0,8,0.0
2024-04-29 10:00:00,55.66,55.86,55.66,55.83,454.0,12,0.0
2024-04-29 11:00:00,55.83,55.84,55.69,55.76,462.0,12,0.0
2024-04-29 12:00:00,55.78,55.92,55.78,55.86,130.0,12,0.0
2024-04-29 13:00:00,55.85,55.9,55.4,55.52,849.0,8,0.0
2024-04-29 14:00:00,55.52,55.86,55.5,55.54,874.0,8,0.0
2024-04-29 15:00:00,55.54,55.78,55.5,55.72,565.0,8,0.0
2024-04-29 16:00:00,55.72,55.92,55.61,55.7,589.0,8,0.0
2024-04-29 17:00:00,55.7,55.75,55.62,55.66,424.0,8,0.0
2024-04-29 18:00:00,55.66,55.77,55.55,55.76,447.0,8,0.0
2024-04-29 19:00:00,55.76,55.76,55.46,55.6,550.0,5,0.0
2024-04-30 10:00:00,55.78,55.84,55.71,55.73,621.0,12,0.0
2024-04-30 11:00:00,55.73,55.84,55.71,55.72,410.0,12,0.0
2024-04-30 12:00:00,55.75,55.81,55.31,55.53,448.0,12,0.0
2024-04-30 13:00:00,55.63,55.93,55.54,55.68,615.0,8,0.0
2024-04-30 14:00:00,55.68,55.7,55.32,55.39,965.0,8,0.0
2024-04-30 15:00:00,55.39,55.4,55.13,55.24,781.0,8,0.0
2024-04-30 16:00:00,55.24,55.3,54.9,55.07,601.0,8,0.0
2024-04-30 17:00:00,55.07,55.33,55.0,55.32,503.0,8,0.0
2024-04-30 18:00:00,55.32,55.4,55.23,55.29,507.0,8,0.0
2024-04-30 19:00:00,55.28,55.39,55.24,55.34,437.0,8,0.0
2024-05-01 11:00:00,54.72,54.79,54.72,54.75,39.0,12,0.0
2024-05-01 12:00:00,54.73,55.01,54.7,54.88,81.0,12,0.0
2024-05-01 13:00:00,54.85,54.95,54.38,54.61,1099.0,8,0.0
2024-05-01 14:00:00,54.63,54.92,54.52,54.73,1050.0,8,0.0
2024-05-01 15:00:00,54.73,54.81,54.58,54.59,723.0,8,0.0
2024-05-01 16:00:00,54.59,54.9,54.53,54.73,725.0,8,0.0
2024-05-01 17:00:00,54.73,55.24,54.71,55.23,674.0,8,0.0
2024-05-01 18:00:00,55.23,55.83,55.12,55.83,1738.0,8,0.0
2024-05-01 19:00:00,55.83,56.0,55.43,55.57,1477.0,8,0.0
2024-05-02 10:00:00,55.43,55.43,55.16,55.38,834.0,12,0.0
2024-05-02 11:00:00,55.41,55.45,55.22,55.3,161.0,12,0.0
2024-05-02 12:00:00,55.31,55.55,55.21,55.51,284.0,12,0.0
2024-05-02 13:00:00,55.51,56.11,55.31,55.91,920.0,8,0.0
2024-05-02 14:00:00,55.92,55.98,55.56,55.97,1076.0,8,0.0
2024-05-02 15:00:00,55.97,56.27,55.91,56.2,894.0,8,0.0
2024-05-02 16:00:00,56.2,56.26,55.9,56.04,681.0,8,0.0
2024-05-02 17:00:00,56.04,56.31,56.04,56.27,687.0,8,0.0
2024-05-02 18:00:00,56.27,56.47,56.19,56.44,811.0,5,0.0
2024-05-02 19:00:00,56.45,56.5,56.32,56.38,612.0,5,0.0
2024-05-03 10:00:00,56.34,56.39,56.34,56.37,63.0,12,0.0
2024-05-03 11:00:00,56.38,56.46,56.28,56.32,318.0,12,0.0
2024-05-03 12:00:00,56.31,57.17,56.27,56.76,569.0,12,0.0
2024-05-03 13:00:00,56.74,57.54,56.47,57.46,1084.0,8,0.0
2024-05-03 14:00:00,57.51,57.7,57.05,57.47,1482.0,8,0.0
2024-05-03 15:00:00,57.47,57.83,57.31,57.76,1042.0,5,0.0
2024-05-03 16:00:00,57.76,57.98,57.75,57.8,748.0,8,0.0
2024-05-03 17:00:00,57.8,57.91,57.63,57.66,659.0,8,0.0
2024-05-03 18:00:00,57.66,57.75,57.63,57.67,525.0,8,0.0
2024-05-03 19:00:00,57.67,57.89,57.66,57.87,488.0,5,0.0
2024-05-06 10:00:00,57.85,57.93,57.79,57.83,366.0,12,0.0
2024-05-06 11:00:00,57.83,58.08,57.8,58.07,326.0,12,0.0
2024-05-06 12:00:00,58.07,58.13,58.05,58.07,130.0,12,0.0
2024-05-06 13:00:00,58.08,58.43,57.85,58.4,913.0,8,0.0
2024-05-06 14:00:00,58.4,59.13,58.36,58.95,1310.0,8,0.0
2024-05-06 15:00:00,58.94,59.26,58.9,59.15,814.0,5,0.0
2024-05-06 16:00:00,59.15,59.31,59.02,59.31,622.0,8,0.0
2024-05-06 17:00:00,59.31,59.43,59.15,59.26,522.0,8,0.0
2024-05-06 18:00:00,59.26,59.44,59.26,59.35,494.0,8,0.0
2024-05-06 19:00:00,59.35,59.56,59.3,59.55,569.0,5,0.0
2024-05-07 10:00:00,59.45,59.47,59.24,59.38,464.0,12,0.0
2024-05-07 11:00:00,59.3,59.43,59.28,59.41,175.0,12,0.0
2024-05-07 12:00:00,59.41,59.53,59.4,59.44,102.0,12,0.0
2024-05-07 13:00:00,59.42,59.72,59.09,59.53,919.0,8,0.0
2024-05-07 14:00:00,59.53,60.11,59.53,60.08,1138.0,8,0.0
2024-05-07 15:00:00,60.08,60.49,60.05,60.35,1017.0,8,0.0
2024-05-07 16:00:00,60.35,60.4,60.1,60.12,525.0,8,0.0
2024-05-07 17:00:00,60.12,60.44,60.12,60.24,608.0,8,0.0
2024-05-07 18:00:00,60.24,60.32,60.18,60.29,620.0,8,0.0
2024-05-07 19:00:00,60.29,60.49,60.24,60.47,582.0,8,0.0
2024-05-08 10:00:00,60.16,60.3,60.14,60.24,191.0,12,0.0
2024-05-08 11:00:00,60.27,60.29,60.16,60.19,120.0,12,0.0
2024-05-08 12:00:00,60.19,60.35,60.09,60.12,338.0,12,0.0
2024-05-08 13:00:00,60.14,61.48,59.94,61.36,1369.0,8,0.0
2024-05-08 14:00:00,61.36,61.77,61.13,61.59,1319.0,8,0.0
2024-05-08 15:00:00,61.6,61.68,61.29,61.4,921.0,5,0.0
2024-05-08 16:00:00,61.4,61.68,61.25,61.29,808.0,8,0.0
2024-05-08 17:00:00,61.29,61.37,61.13,61.25,644.0,8,0.0
2024-05-08 18:00:00,61.25,61.27,60.98,61.02,583.0,8,0.0
2024-05-08 19:00:00,61.02,61.13,60.98,61.09,562.0,8,0.0
2024-05-09 10:00:00,60.8,60.89,60.71,60.8,191.0,12,0.0
2024-05-09 11:00:00,60.8,61.21,60.74,61.11,419.0,12,0.0
2024-05-09 12:00:00,61.12,61.28,61.03,61.16,289.0,12,0.0
2024-05-09 13:00:00,61.15,61.45,60.54,60.88,979.0,8,0.0
2024-05-09 14:00:00,60.88,61.33,60.65,61.21,1151.0,8,0.0
2024-05-09 15:00:00,61.22,61.53,61.13,61.19,906.0,8,0.0
2024-05-09 16:00:00,61.19,61.38,61.15,61.25,632.0,8,0.0
2024-05-09 17:00:00,61.25,61.34,61.15,61.29,612.0,8,0.0
2024-05-09 18:00:00,61.29,61.41,61.2,61.36,587.0,8,0.0
2024-05-09 19:00:00,61.36,61.36,61.18,61.18,576.0,5,0.0
2024-05-10 10:00:00,61.18,61.28,61.11,61.2,251.0,12,0.0
2024-05-10 11:00:00,61.19,61.39,61.17,61.39,185.0,12,0.0
2024-05-10 12:00:00,61.41,62.19,61.33,61.85,503.0,12,0.0
2024-05-10 13:00:00,61.87,62.35,61.59,61.87,1183.0,8,0.0
2024-05-10 14:00:00,61.87,61.87,60.79,60.94,1415.0,8,0.0
2024-05-10 15:00:00,60.94,60.97,60.47,60.67,1003.0,8,0.0
2024-05-10 16:00:00,60.67,61.0,60.54,60.95,717.0,8,0.0
2024-05-10 17:00:00,60.95,60.95,60.72,60.89,613.0,8,0.0
2024-05-10 18:00:00,60.9,60.91,60.75,60.91,510.0,8,0.0
2024-05-10 19:00:00,60.91,61.09,60.86,60.88,534.0,5,0.0
2024-05-13 10:00:00,60.92,60.99,60.89,60.94,148.0,12,0.0
2024-05-13 11:00:00,60.94,61.27,60.92,61.1,286.0,12,0.0
2024-05-13 12:00:00,61.1,61.12,61.05,61.12,182.0,12,0.0
2024-05-13 13:00:00,61.12,61.54,60.65,60.95,892.0,8,0.0
2024-05-13 14:00:00,60.96,61.09,60.75,61.08,914.0,8,0.0
2024-05-13 15:00:00,61.08,61.13,60.86,61.07,734.0,8,0.0
2024-05-13 16:00:00,61.07,61.42,61.06,61.42,600.0,8,0.0
2024-05-13 17:00:00,61.4,61.53,61.27,61.47,585.0,8,0.0
2024-05-13 18:00:00,61.47,61.6,61.42,61.57,467.0,8,0.0
2024-05-13 19:00:00,61.57,61.76,61.55,61.72,491.0,8,0.0
2024-05-14 10:00:00,61.52,61.57,61.35,61.54,212.0,12,0.0
2024-05-14 11:00:00,61.52,61.64,61.36,61.47,342.0,12,0.0
2024-05-14 12:00:00,61.46,61.58,61.16,61.46,262.0,12,0.0
2024-05-14 13:00:00,61.46,62.05,61.38,61.62,869.0,8,0.0
2024-05-14 14:00:00,61.61,62.1,61.35,61.8,1078.0,8,0.0
2024-05-14 15:00:00,61.8,61.84,61.55,61.72,714.0,8,0.0
2024-05-14 16:00:00,61.72,61.76,61.27,61.28,679.0,8,0.0
2024-05-14 17:00:00,61.28,61.3,60.82,60.88,786.0,8,0.0
2024-05-14 18:00:00,60.88,61.04,60.81,60.96,941.0,8,0.0
2024-05-14 19:00:00,60.96,61.23,60.9,61.15,578.0,8,0.0
2024-05-15 10:00:00,61.3,61.32,61.27,61.29,291.0,12,0.0
2024-05-15 11:00:00,61.28,61.53,61.25,61.33,343.0,12,0.0
2024-05-15 12:00:00,61.34,62.57,61.28,62.02,861.0,12,0.0
2024-05-15 13:00:00,61.99,62.03,61.19,61.53,928.0,8,0.0
2024-05-15 14:00:00,61.53,62.35,61.39,61.71,1370.0,8,0.0
2024-05-15 15:00:00,61.72,61.86,60.99,61.08,1248.0,8,0.0
2024-05-15 16:00:00,61.09,61.2,60.96,61.07,974.0,8,0.0
2024-05-15 17:00:00,61.07,61.25,60.89,61.23,792.0,8,0.0
2024-05-15 18:00:00,61.22,61.29,61.0,61.03,755.0,8,0.0
2024-05-15 19:00:00,61.03,62.32,60.89,61.51,2054.0,8,0.0
2024-05-16 10:00:00,61.39,61.43,61.37,61.39,41.0,12,0.0
2024-05-16 11:00:00,61.4,61.57,61.4,61.53,111.0,12,0.0
2024-05-16 12:00:00,61.54,61.72,61.36,61.54,179.0,12,0.0
2024-05-16 13:00:00,61.38,61.79,61.16,61.57,1069.0,8,0.0
2024-05-16 14:00:00,61.58,61.76,61.22,61.76,940.0,8,0.0
2024-05-16 15:00:00,61.77,61.77,61.12,61.13,838.0,8,0.0
2024-05-16 16:00:00,61.13,61.43,61.06,61.29,689.0,8,0.0
2024-05-16 17:00:00,61.29,61.29,60.91,61.1,875.0,8,0.0
2024-05-16 18:00:00,61.1,61.22,60.97,61.16,712.0,8,0.0
2024-05-16 19:00:00,61.16,61.2,60.87,60.88,630.0,8,0.0
2024-05-17 10:00:00,61.03,61.32,61.03,61.25,218.0,12,0.0
2024-05-17 11:00:00,61.27,61.34,61.11,61.3,343.0,12,0.0
2024-05-17 12:00:00,61.29,61.64,61.27,61.59,325.0,12,0.0
2024-05-17 13:00:00,61.58,62.09,61.41,61.99,1130.0,8,0.0
2024-05-17 14:00:00,61.99,62.5,61.85,62.03,1345.0,8,0.0
2024-05-17 15:00:00,62.03,62.1,61.79,61.89,722.0,8,0.0
2024-05-17 16:00:00,61.89,62.14,61.85,62.14,574.0,8,0.0
2024-05-17 17:00:00,62.14,62.14,61.92,62.04,525.0,8,0.0
2024-05-17 18:00:00,62.04,62.05,61.88,62.04,644.0,8,0.0
2024-05-17 19:00:00,62.04,62.07,61.93,62.02,443.0,8,0.0
2024-05-20 10:00:00,61.99,62.02,61.99,62.02,42.0,12,0.0
2024-05-20 11:00:00,62.02,62.14,62.01,62.1,113.0,12,0.0
2024-05-20 12:00:00,62.1,62.13,61.85,61.89,155.0,12,0.0
2024-05-20 13:00:00,61.89,62.29,61.84,62.21,732.0,8,0.0
2024-05-20 14:00:00,62.21,62.72,62.19,62.52,872.0,8,0.0
2024-05-20 15:00:00,62.52,63.03,62.5,63.03,722.0,8,0.0
2024-05-20 16:00:00,63.03,63.74,63.03,63.69,909.0,8,0.0
2024-05-20 17:00:00,63.69,63.92,63.66,63.79,935.0,8,0.0
2024-05-20 18:00:00,63.78,64.15,63.68,64.06,941.0,8,0.0
2024-05-20 19:00:00,64.06,64.38,64.02,64.25,757.0,8,0.0
2024-05-21 10:00:00,63.96,63.97,63.82,63.83,126.0,12,0.0
2024-05-21 11:00:00,63.81,63.89,63.75,63.8,241.0,12,0.0
2024-05-21 12:00:00,63.79,63.8,63.72,63.75,52.0,12,0.0
2024-05-21 13:00:00,63.74,64.38,63.42,64.19,1117.0,8,0.0
2024-05-21 14:00:00,64.2,64.6,64.1,64.57,1090.0,8,0.0
2024-05-21 15:00:00,64.57,64.77,64.44,64.44,790.0,8,0.0
2024-05-21 16:00:00,64.44,64.6,64.29,64.37,579.0,8,0.0
2024-05-21 17:00:00,64.37,64.62,64.28,64.57,456.0,8,0.0
2024-05-21 18:00:00,64.57,64.66,64.48,64.61,538.0,8,0.0
2024-05-21 19:00:00,64.61,64.78,64.47,64.78,571.0,8,0.0
2024-05-22 10:00:00,64.92,64.96,64.88,64.91,154.0,12,0.0
2024-05-22 11:00:00,64.91,64.92,64.84,64.89,217.0,12,0.0
2024-05-22 12:00:00,64.89,64.93,64.86,64.87,89.0,12,0.0
2024-05-22 13:00:00,64.88,64.89,64.38,64.47,855.0,8,0.0
2024-05-22 14:00:00,64.48,64.57,64.1,64.28,1054.0,8,0.0
2024-05-22 15:00:00,64.29,64.51,64.21,64.28,662.0,8,0.0
2024-05-22 16:00:00,64.28,64.28,64.05,64.11,460.0,8,0.0
2024-05-22 17:00:00,64.11,64.23,63.95,64.06,563.0,8,0.0
2024-05-22 18:00:00,64.06,64.07,63.8,64.06,1038.0,8,0.0
2024-05-22 19:00:00,64.06,64.1,63.79,63.91,620.0,8,0.0
2024-05-23 10:00:00,64.09,64.09,63.99,64.04,268.0,12,0.0
2024-05-23 11:00:00,64.03,64.57,64.01,64.26,380.0,12,0.0
2024-05-23 12:00:00,64.27,64.27,64.08,64.16,150.0,12,0.0
2024-05-23 13:00:00,64.17,64.22,63.55,63.57,836.0,8,0.0
2024-05-23 14:00:00,63.57,63.8,63.5,63.53,951.0,8,0.0
2024-05-23 15:00:00,63.53,64.15,63.52,64.03,745.0,8,0.0
2024-05-23 16:00:00,64.03,64.1,63.69,63.69,618.0,8,0.0
2024-05-23 17:00:00,63.69,63.77,63.32,63.33,872.0,8,0.0
2024-05-23 18:00:00,63.33,63.34,62.98,63.12,1034.0,8,0.0
2024-05-23 19:00:00,63.13,63.4,63.0,63.4,732.0,8,0.0
2024-05-24 10:00:00,63.56,63.69,63.46,63.67,385.0,12,0.0
2024-05-24 11:00:00,63.65,63.74,63.62,63.65,296.0,12,0.0
2024-05-24 12:00:00,63.65,63.71,63.6,63.67,118.0,12,0.0
2024-05-24 13:00:00,63.69,64.73,63.64,64.64,1086.0,8,0.0
2024-05-24 14:00:00,64.65,65.07,64.65,64.99,1313.0,8,0.0
2024-05-24 15:00:00,64.99,65.15,64.88,64.95,935.0,8,0.0
2024-05-24 16:00:00,64.95,65.12,64.86,64.97,578.0,8,0.0
2024-05-24 17:00:00,64.97,65.14,64.89,64.94,619.0,8,0.0
2024-05-24 18:00:00,64.94,65.12,64.77,64.83,644.0,8,0.0
2024-05-24 19:00:00,64.83,64.83,64.58,64.63,544.0,8,0.0
2024-05-28 10:00:00,64.74,64.81,64.69,64.78,335.0,12,0.0
2024-05-28 11:00:00,64.78,64.87,64.75,64.79,485.0,12,0.0
2024-05-28 12:00:00,64.79,64.81,64.72,64.72,74.0,12,0.0
2024-05-28 13:00:00,64.72,64.73,64.3,64.44,965.0,8,0.0
2024-05-28 14:00:00,64.44,64.82,64.33,64.72,1045.0,8,0.0
2024-05-28 15:00:00,64.72,64.76,64.38,64.4,775.0,8,0.0
2024-05-28 16:00:00,64.4,64.55,64.27,64.42,717.0,8,0.0
2024-05-28 17:00:00,64.42,64.68,64.42,64.62,651.0,8,0.0
2024-05-28 18:00:00,64.62,64.75,64.43,64.69,721.0,8,0.0
2024-05-28 19:00:00,64.7,64.92,64.68,64.71,651.0,8,0.0
2024-05-29 10:00:00,64.7,64.73,64.64,64.68,421.0,12,0.0
2024-05-29 11:00:00,64.68,64.71,64.42,64.58,531.0,12,0.0
2024-05-29 12:00:00,64.58,64.59,64.25,64.41,345.0,12,0.0
2024-05-29 13:00:00,64.39,65.62,64.24,65.44,1078.0,8,0.0
2024-05-29 14:00:00,65.44,66.37,65.4,66.13,1554.0,8,0.0
2024-05-29 15:00:00,66.13,66.2,65.92,66.09,876.0,8,0.0
2024-05-29 16:00:00,66.09,66.37,66.06,66.25,799.0,8,0.0
2024-05-29 17:00:00,66.25,66.27,65.99,66.05,689.0,8,0.0
2024-05-29 18:00:00,66.04,66.32,66.01,66.13,732.0,8,0.0
2024-05-29 19:00:00,66.13,66.14,65.69,65.69,624.0,8,0.0
2024-05-30 10:00:00,65.32,65.68,65.27,65.58,715.0,12,0.0
2024-05-30 11:00:00,65.55,65.79,65.3,65.36,577.0,12,0.0
2024-05-30 12:00:00,65.34,65.47,65.2,65.36,201.0,12,0.0
2024-05-30 13:00:00,65.31,65.54,65.0,65.48,1014.0,8,0.0
2024-05-30 14:00:00,65.48,65.61,64.84,64.89,1391.0,8,0.0
2024-05-30 15:00:00,64.89,65.31,64.75,65.16,843.0,8,0.0
2024-05-30 16:00:00,65.16,65.24,64.87,64.88,569.0,8,0.0
2024-05-30 17:00:00,64.88,65.08,64.77,64.89,600.0,8,0.0
2024-05-30 18:00:00,64.89,64.92,64.65,64.72,706.0,8,0.0
2024-05-30 19:00:00,64.72,64.72,64.47,64.58,721.0,8,0.0
2024-05-31 10:00:00,64.39,64.41,64.15,64.19,748.0,12,0.0
2024-05-31 11:00:00,64.19,64.51,64.19,64.43,267.0,12,0.0
2024-05-31 12:00:00,64.44,65.14,64.38,64.96,468.0,12,0.0
2024-05-31 13:00:00,64.94,64.94,64.35,64.56,959.0,8,0.0
2024-05-31 14:00:00,64.54,64.54,63.2,63.25,1741.0,8,0.0
2024-05-31 15:00:00,63.24,63.31,62.83,63.12,1227.0,8,0.0
2024-05-31 16:00:00,63.12,63.23,62.84,63.19,825.0,8,0.0
2024-05-31 17:00:00,63.19,63.47,63.16,63.45,780.0,8,0.0
2024-05-31 18:00:00,63.45,63.47,63.23,63.4,707.0,5,0.0
2024-05-31 19:00:00,63.4,63.73,63.38,63.73,661.0,8,0.0
2024-06-03 10:00:00,64.05,64.05,64.01,64.03,93.0,12,0.0
2024-06-03 11:00:00,64.03,64.3,64.03,64.24,936.0,12,0.0
2024-06-03 12:00:00,64.24,64.32,64.12,64.21,282.0,12,0.0
2024-06-03 13:00:00,64.22,64.6,63.68,63.84,1166.0,8,0.0
2024-06-03 14:00:00,63.86,64.06,63.42,63.43,1350.0,8,0.0
2024-06-03 15:00:00,63.43,63.47,63.22,63.38,1061.0,8,0.0
2024-06-03 16:00:00,63.36,63.42,62.8,62.89,1070.0,8,0.0
2024-06-03 17:00:00,62.89,63.13,62.7,63.02,891.0,8,0.0
2024-06-03 18:00:00,63.03,63.1,62.89,62.99,804.0,8,0.0
2024-06-03 19:00:00,62.99,63.07,62.84,63.03,581.0,8,0.0
2024-06-04 10:00:00,62.95,63.01,62.87,62.97,788.0,12,0.0
2024-06-04 11:00:00,62.97,63.08,62.97,63.08,387.0,12,0.0
2024-06-04 12:00:00,63.09,63.11,62.94,63.06,284.0,12,0.0
2024-06-04 13:00:00,63.06,63.33,62.93,63.06,870.0,8,0.0
2024-06-04 14:00:00,63.1,63.22,62.61,63.06,1345.0,8,0.0
2024-06-04 15:00:00,63.06,63.18,62.91,63.07,865.0,8,0.0
2024-06-04 16:00:00,63.07,63.22,63.0,63.03,583.0,8,0.0
2024-06-04 17:00:00,63.03,63.12,62.96,63.08,602.0,8,0.0
2024-06-04 18:00:00,63.08,63.48,63.08,63.35,934.0,8,0.0
2024-06-04 19:00:00,63.35,63.35,63.13,63.19,839.0,8,0.0
2024-06-05 10:00:00,63.26,63.33,62.99,63.11,659.0,12,0.0
2024-06-05 11:00:00,63.17,63.38,63.13,63.34,445.0,12,0.0
2024-06-05 12:00:00,63.36,63.82,63.31,63.44,283.0,12,0.0
2024-06-05 13:00:00,63.46,64.02,62.81,63.8,1117.0,8,0.0
2024-06-05 14:00:00,63.78,64.44,63.61,64.16,1209.0,8,0.0
2024-06-05 15:00:00,64.16,64.44,64.16,64.24,708.0,8,0.0
2024-06-05 16:00:00,64.24,64.4,64.09,64.34,505.0,8,0.0
2024-06-05 17:00:00,64.34,64.49,64.21,64.46,580.0,8,0.0
2024-06-05 18:00:00,64.46,64.71,64.35,64.64,546.0,8,0.0
2024-06-05 19:00:00,64.64,65.03,64.6,64.97,593.0,8,0.0
2024-06-06 10:00:00,64.76,64.79,64.73,64.77,58.0,12,0.0
2024-06-06 11:00:00,64.74,64.89,64.73,64.81,310.0,12,0.0
2024-06-06 12:00:00,64.81,64.85,64.67,64.72,177.0,12,0.0
2024-06-06 13:00:00,64.72,65.51,64.3,65.12,889.0,8,0.0
2024-06-06 14:00:00,65.12,65.75,65.08,65.61,1115.0,8,0.0
2024-06-06 15:00:00,65.61,65.69,65.1,65.1,577.0,8,0.0
2024-06-06 16:00:00,65.1,65.42,65.08,65.3,547.0,8,0.0
2024-06-06 17:00:00,65.3,65.53,65.26,65.4,494.0,8,0.0
2024-06-06 18:00:00,65.4,65.41,65.0,65.07,526.0,8,0.0
2024-06-06 19:00:00,65.06,65.06,64.65,64.65,518.0,8,0.0
2024-06-07 10:00:00,64.85,65.14,64.82,64.85,183.0,12,0.0
2024-06-07 11:00:00,65.28,65.28,64.85,64.93,232.0,12,0.0
2024-06-07 12:00:00,64.94,65.47,64.66,64.84,430.0,12,0.0
2024-06-07 13:00:00,64.84,65.08,64.5,64.61,775.0,8,0.0
2024-06-07 14:00:00,64.63,64.72,64.24,64.53,833.0,8,0.0
2024-06-07 15:00:00,64.54,64.68,64.36,64.67,578.0,8,0.0
2024-06-07 16:00:00,64.68,64.94,64.66,64.94,515.0,8,0.0
2024-06-07 17:00:00,64.94,64.94,64.58,64.58,494.0,8,0.0
2024-06-07 18:00:00,64.55,64.55,64.13,64.19,825.0,8,0.0
2024-06-07 19:00:00,64.19,64.23,64.01,64.12,744.0,8,0.0
2024-06-10 10:00:00,64.19,64.27,64.19,64.24,295.0,12,0.0
2024-06-10 11:00:00,64.23,64.25,64.19,64.19,189.0,12,0.0
2024-06-10 12:00:00,64.2,64.24,64.03,64.07,150.0,12,0.0
2024-06-10 13:00:00,64.09,64.15,63.61,63.67,632.0,8,0.0
2024-06-10 14:00:00,63.67,64.12,63.53,64.07,880.0,8,0.0
2024-06-10 15:00:00,64.06,64.17,63.91,64.0,584.0,8,0.0
2024-06-10 16:00:00,64.0,64.29,64.0,64.1,472.0,8,0.0
2024-06-10 17:00:00,64.1,64.31,63.88,64.22,483.0,8,0.0
2024-06-10 18:00:00,64.22,64.31,64.06,64.28,519.0,8,0.0
2024-06-10 19:00:00,64.28,64.44,64.25,64.32,454.0,8,0.0
2024-06-11 10:00:00,64.19,64.41,64.17,64.33,240.0,12,0.0
2024-06-11 11:00:00,64.41,64.41,64.29,64.33,376.0,12,0.0
2024-06-11 12:00:00,64.34,64.42,64.28,64.33,178.0,12,0.0
2024-06-11 13:00:00,64.34,64.61,63.89,64.26,1022.0,8,0.0
2024-06-11 14:00:00,64.27,64.63,64.25,64.51,1035.0,8,0.0
2024-06-11 15:00:00,64.51,64.55,64.23,64.23,696.0,8,0.0
2024-06-11 16:00:00,64.23,64.26,64.11,64.18,566.0,8,0.0
2024-06-11 17:00:00,64.19,64.38,64.16,64.32,506.0,8,0.0
2024-06-11 18:00:00,64.32,64.85,64.31,64.83,694.0,8,0.0
2024-06-11 19:00:00,64.83,64.97,64.63,64.67,610.0,8,0.0
2024-06-12 10:00:00,64.86,64.87,64.79,64.86,129.0,12,0.0
2024-06-12 11:00:00,64.87,65.08,64.78,64.97,234.0,12,0.0
2024-06-12 12:00:00,64.95,65.52,64.88,65.26,447.0,12,0.0
2024-06-12 13:00:00,65.28,65.52,65.11,65.24,1162.0,8,0.0
2024-06-12 14:00:00,65.26,65.5,64.7,64.92,1222.0,8,0.0
2024-06-12 15:00:00,64.92,65.09,64.85,64.87,805.0,8,0.0
2024-06-12 16:00:00,64.87,64.87,64.69,64.82,647.0,8,0.0
2024-06-12 17:00:00,64.82,64.88,64.59,64.7,648.0,8,0.0
2024-06-12 18:00:00,64.69,64.69,64.28,64.47,1221.0,8,0.0
2024-06-12 19:00:00,64.47,65.0,64.47,64.89,912.0,8,0.0
2024-06-13 10:00:00,64.4,64.49,64.37,64.49,550.0,12,0.0
2024-06-13 11:00:00,64.48,64.52,64.34,64.49,353.0,12,0.0
2024-06-13 12:00:00,64.51,64.79,64.39,64.49,395.0,12,0.0
2024-06-13 13:00:00,64.47,64.74,64.23,64.6,1197.0,8,0.0
2024-06-13 14:00:00,64.6,64.82,64.51,64.62,1066.0,8,0.0
2024-06-13 15:00:00,64.63,65.34,64.53,65.14,1005.0,8,0.0
2024-06-13 16:00:00,65.14,65.14,64.66,64.99,736.0,8,0.0
2024-06-13 17:00:00,64.99,65.33,64.98,65.23,752.0,8,0.0
2024-06-13 18:00:00,65.24,65.44,65.17,65.34,713.0,8,0.0
2024-06-13 19:00:00,65.34,65.4,65.15,65.4,633.0,8,0.0
2024-06-14 10:00:00,64.74,64.82,63.61,64.74,657.0,12,0.0
2024-06-14 11:00:00,64.75,65.15,64.47,64.89,480.0,12,0.0
2024-06-14 12:00:00,64.88,66.1,64.87,65.87,643.0,12,0.0
2024-06-14 13:00:00,65.87,66.83,65.27,66.71,1863.0,8,0.0
2024-06-14 14:00:00,66.69,67.23,66.49,67.01,1961.0,8,0.0
2024-06-14 15:00:00,67.02,67.51,66.82,67.12,1429.0,8,0.0
2024-06-14 16:00:00,67.12,67.36,66.94,67.03,921.0,8,0.0
2024-06-14 17:00:00,67.03,67.32,66.98,67.19,716.0,8,0.0
2024-06-14 18:00:00,67.2,67.35,67.04,67.1,823.0,8,0.0
2024-06-14 19:00:00,67.1,67.22,66.82,66.92,694.0,8,0.0
2024-06-17 10:00:00,66.78,66.93,66.76,66.86,586.0,12,0.0
2024-06-17 11:00:00,66.85,67.03,66.74,66.86,220.0,12,0.0
2024-06-17 12:00:00,66.87,67.05,66.8,66.95,136.0,12,0.0
2024-06-17 13:00:00,66.95,67.11,66.49,66.73,1065.0,8,0.0
2024-06-17 14:00:00,66.73,67.43,66.62,67.28,1417.0,8,0.0
2024-06-17 15:00:00,67.27,67.77,67.25,67.71,1110.0,8,0.0
2024-06-17 16:00:00,67.71,68.03,67.56,67.79,845.0,8,0.0
2024-06-17 17:00:00,67.79,67.96,67.58,67.93,892.0,8,0.0
2024-06-17 18:00:00,67.93,68.19,67.75,67.93,897.0,8,0.0
2024-06-17 19:00:00,67.94,68.22,67.85,67.97,581.0,8,0.0
2024-06-18 10:00:00,67.64,67.64,67.28,67.52,199.0,12,0.0
2024-06-18 11:00:00,67.52,67.68,67.47,67.65,382.0,12,0.0
2024-06-18 12:00:00,67.65,67.89,67.6,67.65,251.0,12,0.0
2024-06-18 13:00:00,67.64,68.08,67.41,67.74,1012.0,8,0.0
2024-06-18 14:00:00,67.74,68.06,67.52,67.74,1108.0,8,0.0
2024-06-18 15:00:00,67.74,68.37,67.74,68.27,987.0,8,0.0
2024-06-18 16:00:00,68.27,68.51,67.98,68.38,706.0,8,0.0
2024-06-18 17:00:00,68.38,68.6,68.28,68.5,805.0,8,0.0
2024-06-18 18:00:00,68.5,68.56,68.34,68.43,777.0,8,0.0
2024-06-18 19:00:00,68.44,68.64,68.44,68.6,640.0,8,0.0
2024-06-20 10:00:00,68.93,68.93,68.84,68.88,209.0,12,0.0
2024-06-20 11:00:00,68.87,68.9,68.67,68.69,254.0,12,0.0
2024-06-20 12:00:00,68.69,68.69,68.05,68.1,130.0,12,0.0
2024-06-20 13:00:00,68.11,68.9,67.98,68.35,1252.0,8,0.0
2024-06-20 14:00:00,68.35,68.35,67.71,68.22,1353.0,8,0.0
2024-06-20 15:00:00,68.23,68.45,68.09,68.26,736.0,8,0.0
2024-06-20 16:00:00,68.26,68.33,67.65,67.91,1114.0,8,0.0
2024-06-20 17:00:00,67.91,67.91,67.35,67.57,1069.0,8,0.0
2024-06-20 18:00:00,67.58,67.76,67.56,67.7,883.0,8,0.0
2024-06-20 19:00:00,67.7,67.92,67.59,67.86,727.0,8,0.0
2024-06-21 10:00:00,67.78,67.84,67.65,67.73,691.0,12,0.0
2024-06-21 11:00:00,67.73,67.89,67.66,67.79,304.0,12,0.0
2024-06-21 12:00:00,67.79,68.07,67.71,68.04,129.0,12,0.0
2024-06-21 13:00:00,68.05,68.5,67.96,68.41,984.0,8,0.0
2024-06-21 14:00:00,68.42,68.47,67.83,67.94,1176.0,8,0.0
2024-06-21 15:00:00,67.94,68.3,67.78,68.3,916.0,8,0.0
2024-06-21 16:00:00,68.32,68.44,68.07,68.27,857.0,8,0.0
2024-06-21 17:00:00,68.27,68.4,68.22,68.33,682.0,8,0.0
2024-06-21 18:00:00,68.33,68.55,68.3,68.44,736.0,8,0.0
2024-06-21 19:00:00,68.44,68.64,68.44,68.5,693.0,8,0.0
2024-06-24 10:00:00,68.66,68.68,68.6,68.62,227.0,12,0.0
2024-06-24 11:00:00,68.61,68.61,68.38,68.38,67.0,12,0.0
2024-06-24 12:00:00,68.38,68.56,68.37,68.44,97.0,12,0.0
2024-06-24 13:00:00,68.47,68.49,67.21,67.59,1306.0,8,0.0
2024-06-24 14:00:00,67.58,67.9,66.84,66.93,2008.0,8,0.0
2024-06-24 15:00:00,66.93,67.06,66.77,66.92,1262.0,8,0.0
2024-06-24 16:00:00,66.92,67.09,66.71,66.76,850.0,8,0.0
2024-06-24 17:00:00,66.76,66.8,66.43,66.67,1053.0,8,0.0
2024-06-24 18:00:00,66.68,66.92,66.62,66.89,963.0,8,0.0
2024-06-24 19:00:00,66.89,67.11,66.88,66.91,696.0,8,0.0
2024-06-25 10:00:00,66.98,67.01,66.88,66.97,156.0,12,0.0
2024-06-25 11:00:00,66.9,67.01,66.9,66.92,82.0,12,0.0
2024-06-25 12:00:00,66.92,67.08,66.92,67.07,131.0,12,0.0
2024-06-25 13:00:00,67.07,67.36,66.18,66.49,988.0,8,0.0
2024-06-25 14:00:00,66.51,66.97,66.51,66.92,1019.0,8,0.0
2024-06-25 15:00:00,66.92,67.01,66.74,66.95,613.0,8,0.0
2024-06-25 16:00:00,66.95,67.21,66.88,66.92,627.0,8,0.0
2024-06-25 17:00:00,66.91,66.94,66.83,66.87,416.0,8,0.0
2024-06-25 18:00:00,66.87,67.09,66.86,67.03,502.0,8,0.0
2024-06-25 19:00:00,67.03,67.17,67.0,67.02,382.0,8,0.0
2024-06-26 10:00:00,67.27,67.36,67.23,67.32,401.0,12,0.0
2024-06-26 11:00:00,67.22,67.22,66.97,67.05,173.0,12,0.0
2024-06-26 12:00:00,67.05,67.13,66.91,66.93,132.0,12,0.0
2024-06-26 13:00:00,66.93,67.73,66.91,67.68,968.0,8,0.0
2024-06-26 14:00:00,67.68,68.07,67.5,67.97,1315.0,8,0.0
2024-06-26 15:00:00,68.0,68.24,67.73,68.05,1260.0,8,0.0
2024-06-26 16:00:00,68.05,68.19,67.88,68.02,838.0,8,0.0
2024-06-26 17:00:00,68.01,68.05,67.81,67.99,697.0,8,0.0
2024-06-26 18:00:00,67.99,68.07,67.86,67.89,600.0,8,0.0
2024-06-26 19:00:00,67.9,67.91,67.78,67.84,498.0,8,0.0
2024-06-27 10:00:00,67.58,67.61,67.48,67.6,660.0,12,0.0
2024-06-27 11:00:00,67.59,67.99,67.43,67.7,216.0,12,0.0
2024-06-27 12:00:00,67.7,68.05,67.46,67.57,265.0,12,0.0
2024-06-27 13:00:00,67.56,68.64,67.54,68.49,858.0,12,0.0
2024-06-27 14:00:00,68.49,68.71,68.21,68.24,1116.0,8,0.0
2024-06-27 15:00:00,68.22,68.27,68.0,68.2,769.0,8,0.0
2024-06-27 16:00:00,68.2,68.8,68.17,68.62,753.0,8,0.0
2024-06-27 17:00:00,68.62,68.77,68.56,68.59,666.0,8,0.0
2024-06-27 18:00:00,68.58,68.6,68.29,68.59,714.0,8,0.0
2024-06-27 19:00:00,68.59,68.64,68.38,68.41,555.0,8,0.0
2024-06-28 11:00:00,68.61,68.63,68.59,68.6,28.0,12,0.0
2024-06-28 12:00:00,68.62,68.62,68.32,68.36,88.0,12,0.0
2024-06-28 13:00:00,68.36,68.43,67.76,68.29,996.0,8,0.0
2024-06-28 14:00:00,68.3,68.65,67.92,68.02,1204.0,8,0.0
2024-06-28 15:00:00,68.02,68.07,67.83,67.88,827.0,8,0.0
2024-06-28 16:00:00,67.87,67.96,67.45,67.55,791.0,8,0.0
2024-06-28 17:00:00,67.55,67.67,67.41,67.43,788.0,8,0.0
2024-06-28 18:00:00,67.43,67.57,67.31,67.43,637.0,8,0.0
2024-06-28 19:00:00,67.43,67.67,67.28,67.63,686.0,8,0.0
2024-07-01 10:00:00,67.36,67.49,67.33,67.38,815.0,12,0.0
2024-07-01 11:00:00,67.39,67.52,67.39,67.49,252.0,12,0.0
2024-07-01 12:00:00,67.49,67.52,67.34,67.35,102.0,12,0.0
2024-07-01 13:00:00,67.35,67.46,66.63,66.71,1059.0,8,0.0
2024-07-01 14:00:00,66.77,66.82,66.36,66.63,1423.0,8,0.0
2024-07-01 15:00:00,66.63,67.08,66.51,66.95,1024.0,8,0.0
2024-07-01 16:00:00,66.95,67.19,66.83,67.06,788.0,8,0.0
2024-07-01 17:00:00,67.06,67.26,66.98,67.21,611.0,8,0.0
2024-07-01 18:00:00,67.21,67.26,67.12,67.23,624.0,8,0.0
2024-07-01 19:00:00,67.23,67.4,67.18,67.33,557.0,8,0.0
2024-07-02 10:00:00,67.04,67.04,66.94,66.98,402.0,12,0.0
2024-07-02 11:00:00,67.02,67.02,66.8,66.81,105.0,12,0.0
2024-07-02 12:00:00,66.85,67.27,66.85,67.0,119.0,12,0.0
2024-07-02 13:00:00,67.0,67.48,66.91,67.11,883.0,12,0.0
2024-07-02 14:00:00,67.11,67.77,67.09,67.72,1462.0,8,0.0
2024-07-02 15:00:00,67.72,68.13,67.62,67.63,1079.0,8,0.0
2024-07-02 16:00:00,67.63,67.64,67.43,67.57,769.0,8,0.0
2024-07-02 17:00:00,67.57,67.88,67.43,67.87,797.0,8,0.0
2024-07-02 18:00:00,67.87,67.98,67.75,67.86,677.0,8,0.0
2024-07-02 19:00:00,67.85,68.12,67.8,68.0,524.0,8,0.0
2024-07-03 10:00:00,68.04,68.04,67.89,67.96,82.0,12,0.0
2024-07-03 11:00:00,67.95,67.96,67.86,67.89,128.0,12,0.0
2024-07-03 12:00:00,67.86,67.91,67.62,67.76,92.0,12,0.0
2024-07-03 13:00:00,67.76,68.19,67.54,68.06,962.0,8,0.0
2024-07-03 14:00:00,68.12,68.15,67.59,67.76,1121.0,8,0.0
2024-07-03 15:00:00,67.76,68.14,67.7,67.95,936.0,8,0.0
2024-07-03 16:00:00,67.95,68.33,67.94,68.19,992.0,8,0.0
2024-07-05 10:00:00,68.1,68.1,68.0,68.09,139.0,12,0.0
2024-07-05 11:00:00,68.13,68.31,68.0,68.05,112.0,12,0.0
2024-07-05 12:00:00,68.04,68.22,68.0,68.15,174.0,12,0.0
2024-07-05 13:00:00,68.14,68.62,67.7,68.51,1031.0,8,0.0
2024-07-05 14:00:00,68.53,69.49,68.47,69.44,1636.0,8,0.0
2024-07-05 15:00:00,69.45,69.71,69.26,69.51,1496.0,8,0.0
2024-07-05 16:00:00,69.52,69.61,69.07,69.26,1150.0,8,0.0
2024-07-05 17:00:00,69.26,69.65,69.16,69.16,1042.0,8,0.0
2024-07-05 18:00:00,69.16,69.19,68.98,69.13,863.0,8,0.0
2024-07-05 19:00:00,69.13,69.27,69.11,69.25,564.0,8,0.0
2024-07-08 10:00:00,68.92,69.14,68.86,68.95,490.0,12,0.0
2024-07-08 11:00:00,68.93,69.02,68.92,68.96,177.0,12,0.0
2024-07-08 12:00:00,68.96,68.99,68.91,68.94,90.0,12,0.0
2024-07-08 13:00:00,68.94,68.94,68.1,68.38,1153.0,8,0.0
2024-07-08 14:00:00,68.39,68.76,68.33,68.62,1075.0,8,0.0
2024-07-08 15:00:00,68.62,68.81,68.6,68.73,789.0,8,0.0
2024-07-08 16:00:00,68.75,68.75,68.41,68.44,549.0,8,0.0
2024-07-08 17:00:00,68.44,68.5,68.33,68.37,526.0,8,0.0
2024-07-08 18:00:00,68.37,68.6,68.2,68.54,618.0,8,0.0
2024-07-08 19:00:00,68.55,68.67,68.46,68.66,438.0,8,0.0
2024-07-09 10:00:00,68.65,68.97,68.65,68.91,217.0,12,0.0
2024-07-09 11:00:00,68.89,69.13,68.76,68.91,266.0,12,0.0
2024-07-09 12:00:00,68.91,69.06,68.91,69.01,195.0,12,0.0
2024-07-09 13:00:00,69.01,69.31,68.59,68.86,1153.0,8,0.0
2024-07-09 14:00:00,68.86,69.32,68.7,69.29,1384.0,8,0.0
2024-07-09 15:00:00,69.29,69.48,69.08,69.16,1028.0,8,0.0
2024-07-09 16:00:00,69.16,69.35,69.05,69.1,823.0,8,0.0
2024-07-09 17:00:00,69.1,69.1,68.71,68.85,687.0,8,0.0
2024-07-09 18:00:00,68.85,68.97,68.73,68.77,657.0,8,0.0
2024-07-09 19:00:00,68.77,68.8,68.55,68.61,563.0,8,0.0
2024-07-10 10:00:00,68.6,68.99,68.37,68.63,445.0,12,0.0
2024-07-10 11:00:00,68.66,69.05,68.66,68.81,172.0,12,0.0
2024-07-10 12:00:00,68.81,68.92,68.79,68.9,55.0,12,0.0
2024-07-10 13:00:00,68.9,68.91,67.87,67.98,961.0,8,0.0
2024-07-10 14:00:00,67.99,67.99,67.55,67.69,1327.0,8,0.0
2024-07-10 15:00:00,67.68,67.69,67.3,67.54,1049.0,8,0.0
2024-07-10 16:00:00,67.55,67.98,67.43,67.97,789.0,8,0.0
2024-07-10 17:00:00,67.98,68.33,67.93,67.98,881.0,8,0.0
2024-07-10 18:00:00,67.98,67.98,67.68,67.71,695.0,8,0.0
2024-07-10 19:00:00,67.71,67.76,67.52,67.66,667.0,8,0.0
2024-07-11 10:00:00,67.74,67.82,67.67,67.67,482.0,12,0.0
2024-07-11 11:00:00,67.69,67.78,67.52,67.65,222.0,12,0.0
2024-07-11 12:00:00,67.59,67.64,66.88,67.2,525.0,12,0.0
2024-07-11 13:00:00,67.2,67.46,66.58,66.69,1170.0,8,0.0
2024-07-11 14:00:00,66.7,66.81,65.88,65.93,1711.0,8,0.0
2024-07-11 15:00:00,65.93,66.01,65.33,65.34,1409.0,8,0.0
2024-07-11 16:00:00,65.34,65.58,65.1,65.16,958.0,8,0.0
2024-07-11 17:00:00,65.16,65.18,64.74,64.79,1032.0,8,0.0
2024-07-11 18:00:00,64.79,65.17,64.72,65.16,1058.0,8,0.0
2024-07-11 19:00:00,65.17,65.21,64.97,65.07,776.0,8,0.0
2024-07-12 10:00:00,65.4,65.69,65.38,65.62,433.0,12,0.0
2024-07-12 11:00:00,65.54,65.6,65.32,65.46,288.0,12,0.0
2024-07-12 12:00:00,65.46,65.52,65.25,65.36,328.0,12,0.0
2024-07-12 13:00:00,65.36,65.49,64.97,65.43,1178.0,8,0.0
2024-07-12 14:00:00,65.43,65.54,65.05,65.23,1134.0,8,0.0
2024-07-12 15:00:00,65.24,65.49,65.08,65.09,735.0,8,0.0
2024-07-12 16:00:00,65.09,65.16,64.91,65.13,785.0,8,0.0
2024-07-12 17:00:00,65.13,65.52,64.98,65.37,713.0,8,0.0
2024-07-12 18:00:00,65.37,65.42,65.18,65.3,558.0,8,0.0
2024-07-12 19:00:00,65.29,65.32,64.63,64.68,664.0,8,0.0
2024-07-15 10:00:00,64.83,64.93,64.77,64.93,357.0,12,0.0
2024-07-15 11:00:00,64.88,65.0,64.74,64.74,358.0,12,0.0
2024-07-15 12:00:00,64.74,64.79,64.19,64.29,371.0,12,0.0
2024-07-15 13:00:00,64.29,66.02,64.25,65.99,1664.0,8,0.0
2024-07-15 14:00:00,66.01,66.39,65.98,66.14,1800.0,8,0.0
2024-07-15 15:00:00,66.14,66.71,66.09,66.22,1232.0,8,0.0
2024-07-15 16:00:00,66.22,66.24,65.56,65.75,1056.0,8,0.0
2024-07-15 17:00:00,65.75,65.8,65.54,65.58,843.0,8,0.0
2024-07-15 18:00:00,65.58,65.73,65.43,65.67,694.0,8,0.0
2024-07-15 19:00:00,65.67,65.93,65.61,65.73,688.0,8,0.0
2024-07-16 10:00:00,65.89,65.92,65.8,65.84,255.0,12,0.0
2024-07-16 11:00:00,65.81,65.93,65.81,65.87,73.0,12,0.0
2024-07-16 12:00:00,65.85,65.88,65.66,65.87,155.0,12,0.0
2024-07-16 13:00:00,65.87,66.31,65.58,65.62,1027.0,8,0.0
2024-07-16 14:00:00,65.62,65.75,65.11,65.6,1668.0,8,0.0
2024-07-16 15:00:00,65.6,65.72,65.19,65.35,911.0,8,0.0
2024-07-16 16:00:00,65.33,65.37,64.9,65.32,907.0,8,0.0
2024-07-16 17:00:00,65.33,65.42,65.2,65.28,704.0,8,0.0
2024-07-16 18:00:00,65.28,65.54,65.21,65.52,713.0,8,0.0
2024-07-16 19:00:00,65.52,65.61,65.46,65.54,579.0,8,0.0
2024-07-17 10:00:00,65.16,65.27,65.12,65.2,453.0,12,0.0
2024-07-17 11:00:00,65.19,65.27,65.0,65.19,332.0,12,0.0
2024-07-17 12:00:00,65.17,65.22,65.0,65.04,233.0,12,0.0
2024-07-17 13:00:00,65.02,65.15,64.28,64.7,1748.0,8,0.0
2024-07-17 14:00:00,64.67,64.69,63.94,64.17,1808.0,8,0.0
2024-07-17 15:00:00,64.17,64.47,63.98,64.25,1210.0,8,0.0
2024-07-17 16:00:00,64.25,64.59,64.17,64.58,1004.0,8,0.0
2024-07-17 17:00:00,64.59,64.69,64.37,64.61,802.0,8,0.0
2024-07-17 18:00:00,64.61,64.83,64.53,64.74,911.0,8,0.0
2024-07-17 19:00:00,64.74,64.97,64.69,64.71,852.0,8,0.0
2024-07-18 10:00:00,64.67,64.69,64.52,64.62,440.0,12,0.0
2024-07-18 11:00:00,64.62,65.03,64.62,64.95,229.0,12,0.0
2024-07-18 12:00:00,64.98,65.02,64.85,64.95,319.0,12,0.0
2024-07-18 13:00:00,64.96,65.83,64.68,65.03,1875.0,12,0.0
2024-07-18 14:00:00,65.02,65.26,64.41,64.93,2098.0,8,0.0
2024-07-18 15:00:00,64.93,64.93,63.89,64.01,2034.0,8,0.0
2024-07-18 16:00:00,64.01,64.53,63.91,64.42,1236.0,8,0.0
2024-07-18 17:00:00,64.43,64.54,64.23,64.39,1085.0,8,0.0
2024-07-18 18:00:00,64.4,64.52,64.19,64.37,1217.0,8,0.0
2024-07-18 19:00:00,64.37,64.5,64.13,64.38,1166.0,8,0.0
2024-07-19 10:00:00,63.27,64.04,63.2,64.0,432.0,12,0.0
2024-07-19 11:00:00,64.04,64.77,63.77,64.49,891.0,12,0.0
2024-07-19 12:00:00,64.49,65.37,64.46,64.82,696.0,12,0.0
2024-07-19 13:00:00,64.86,67.81,63.51,64.14,5456.0,12,0.0
2024-07-19 14:00:00,64.14,65.25,63.58,65.04,3381.0,12,0.0
2024-07-19 15:00:00,65.04,65.38,63.4,63.88,2831.0,8,0.0
2024-07-19 16:00:00,63.87,64.29,63.62,63.72,1806.0,8,0.0
2024-07-19 17:00:00,63.72,63.73,62.88,63.2,1854.0,8,0.0
2024-07-19 18:00:00,63.19,63.74,63.1,63.54,1632.0,8,0.0
2024-07-19 19:00:00,63.55,63.74,63.01,63.07,1359.0,8,0.0
2024-07-22 10:00:00,63.44,63.71,63.43,63.55,327.0,12,0.0
2024-07-22 11:00:00,63.53,63.62,63.44,63.62,332.0,12,0.0
2024-07-22 12:00:00,63.61,63.77,63.53,63.7,231.0,12,0.0
2024-07-22 13:00:00,63.69,64.26,63.22,64.15,1738.0,8,0.0
2024-07-22 14:00:00,64.15,65.3,64.03,65.08,2809.0,8,0.0
2024-07-22 15:00:00,65.08,65.19,64.23,64.45,1894.0,8,0.0
2024-07-22 16:00:00,64.46,65.17,64.45,65.17,1326.0,8,0.0
2024-07-22 17:00:00,65.17,65.58,65.16,65.37,1394.0,8,0.0
2024-07-22 18:00:00,65.37,65.44,65.14,65.32,1104.0,8,0.0
2024-07-22 19:00:00,65.32,65.32,64.93,65.1,778.0,8,0.0
2024-07-23 10:00:00,64.49,64.94,64.49,64.9,881.0,12,0.0
2024-07-23 11:00:00,64.9,64.9,64.67,64.68,410.0,12,0.0
2024-07-23 12:00:00,64.68,64.69,64.37,64.64,264.0,12,0.0
2024-07-23 13:00:00,64.66,64.92,64.17,64.38,1191.0,8,0.0
2024-07-23 14:00:00,64.41,64.59,64.2,64.32,1235.0,8,0.0
2024-07-23 15:00:00,64.31,64.89,64.31,64.53,970.0,8,0.0
2024-07-23 16:00:00,64.52,64.54,64.1,64.22,1062.0,8,0.0
2024-07-23 17:00:00,64.22,64.47,64.16,64.47,814.0,8,0.0
2024-07-23 18:00:00,64.47,64.57,64.16,64.23,713.0,8,0.0
2024-07-23 19:00:00,64.23,64.33,64.17,64.22,543.0,8,0.0
2024-07-24 10:00:00,63.88,63.9,63.87,63.87,65.0,12,0.0
2024-07-24 11:00:00,63.9,63.91,63.87,63.9,85.0,12,0.0
2024-07-24 12:00:00,63.9,63.91,63.35,63.49,214.0,12,0.0
2024-07-24 13:00:00,63.46,63.96,63.42,63.87,1020.0,12,0.0
2024-07-24 14:00:00,63.87,65.16,63.79,64.4,2034.0,8,0.0
2024-07-24 15:00:00,64.4,64.75,64.25,64.31,1574.0,8,0.0
2024-07-24 16:00:00,64.31,64.31,63.77,63.92,1248.0,8,0.0
2024-07-24 17:00:00,63.92,64.27,63.64,63.64,996.0,8,0.0
2024-07-24 18:00:00,63.64,63.67,63.33,63.47,997.0,8,0.0
2024-07-24 19:00:00,63.47,63.81,63.24,63.65,965.0,8,0.0
2024-07-25 10:00:00,63.7,63.71,63.27,63.54,921.0,12,0.0
2024-07-25 11:00:00,63.5,63.72,63.47,63.51,541.0,12,0.0
2024-07-25 12:00:00,63.5,64.0,63.5,63.84,535.0,12,0.0
2024-07-25 13:00:00,63.81,64.19,62.61,62.73,1321.0,8,0.0
2024-07-25 14:00:00,62.73,63.78,62.15,63.68,2454.0,8,0.0
2024-07-25 15:00:00,63.69,64.12,63.48,64.03,1375.0,8,0.0
2024-07-25 16:00:00,64.02,64.78,63.99,64.71,1375.0,8,0.0
2024-07-25 17:00:00,64.71,64.95,64.02,64.23,1264.0,8,0.0
2024-07-25 18:00:00,64.23,64.3,63.72,63.79,1072.0,8,0.0
2024-07-25 19:00:00,63.82,64.01,63.59,63.64,809.0,8,0.0
2024-07-26 10:00:00,64.01,64.06,63.88,63.92,264.0,12,0.0
2024-07-26 11:00:00,63.94,64.11,63.9,64.09,369.0,12,0.0
2024-07-26 12:00:00,64.12,64.13,63.85,63.9,290.0,12,0.0
2024-07-26 13:00:00,63.87,64.61,63.34,63.67,1316.0,12,0.0
2024-07-26 14:00:00,63.65,64.15,63.39,63.54,1433.0,8,0.0
2024-07-26 15:00:00,63.54,63.62,63.32,63.58,1010.0,8,0.0
2024-07-26 16:00:00,63.58,63.77,63.5,63.69,802.0,8,0.0
2024-07-26 17:00:00,63.69,63.81,63.09,63.22,973.0,8,0.0
2024-07-26 18:00:00,63.22,63.41,63.0,63.02,799.0,8,0.0
2024-07-26 19:00:00,63.02,63.2,62.99,63.19,636.0,8,0.0
2024-07-29 10:00:00,63.28,63.38,63.21,63.27,641.0,12,0.0
2024-07-29 11:00:00,63.29,63.51,63.22,63.46,481.0,12,0.0
2024-07-29 12:00:00,63.45,63.78,63.36,63.55,258.0,12,0.0
2024-07-29 13:00:00,63.55,63.55,62.55,63.26,1275.0,12,0.0
2024-07-29 14:00:00,63.26,63.35,62.6,62.61,1301.0,8,0.0
2024-07-29 15:00:00,62.61,62.85,62.35,62.84,815.0,8,0.0
2024-07-29 16:00:00,62.85,63.05,62.76,62.91,686.0,8,0.0
2024-07-29 17:00:00,62.91,62.99,62.7,62.71,490.0,8,0.0
2024-07-29 18:00:00,62.71,62.74,62.41,62.6,631.0,8,0.0
2024-07-29 19:00:00,62.59,62.81,62.48,62.66,522.0,8,0.0
2024-07-30 10:00:00,62.84,62.94,62.49,62.9,542.0,12,0.0
2024-07-30 11:00:00,62.89,63.43,62.79,63.02,360.0,12,0.0
2024-07-30 12:00:00,63.02,63.04,62.68,62.78,285.0,12,0.0
2024-07-30 13:00:00,62.8,63.36,62.73,63.34,753.0,8,0.0
2024-07-30 14:00:00,63.34,63.43,62.78,62.79,1011.0,8,0.0
2024-07-30 15:00:00,62.8,62.82,62.28,62.38,981.0,8,0.0
2024-07-30 16:00:00,62.39,62.52,61.86,61.87,882.0,8,0.0
2024-07-30 17:00:00,61.87,62.17,61.67,62.13,807.0,8,0.0
2024-07-30 18:00:00,62.14,62.41,62.12,62.16,671.0,8,0.0
2024-07-30 19:00:00,62.15,62.16,61.88,62.05,656.0,8,0.0
2024-07-31 10:00:00,62.61,62.64,62.58,62.62,225.0,12,0.0
2024-07-31 11:00:00,62.61,62.66,62.56,62.59,278.0,12,0.0
2024-07-31 12:00:00,62.62,62.67,62.5,62.57,345.0,12,0.0
2024-07-31 13:00:00,62.6,62.86,62.25,62.7,1005.0,12,0.0
2024-07-31 14:00:00,62.7,63.29,62.66,62.82,1048.0,8,0.0
2024-07-31 15:00:00,62.82,63.13,62.82,63.01,820.0,8,0.0
2024-07-31 16:00:00,63.02,63.09,62.54,62.54,722.0,8,0.0
2024-07-31 17:00:00,62.54,62.65,62.22,62.31,861.0,8,0.0
2024-07-31 18:00:00,62.34,62.8,62.26,62.73,925.0,8,0.0
2024-07-31 19:00:00,62.73,62.99,62.62,62.98,904.0,8,0.0
2024-08-01 10:00:00,62.82,62.92,62.6,62.62,210.0,12,0.0
2024-08-01 11:00:00,62.6,63.06,62.54,62.7,365.0,12,0.0
2024-08-01 12:00:00,62.69,62.77,62.63,62.72,130.0,12,0.0
2024-08-01 13:00:00,62.73,64.36,62.63,64.28,1347.0,12,0.0
2024-08-01 14:00:00,64.3,64.62,63.68,63.74,1904.0,8,0.0
2024-08-01 15:00:00,63.72,63.75,63.02,63.08,1246.0,8,0.0
2024-08-01 16:00:00,63.08,63.36,62.61,62.64,1055.0,8,0.0
2024-08-01 17:00:00,62.62,62.64,61.96,62.2,1052.0,8,0.0
2024-08-01 18:00:00,62.2,62.22,61.75,61.95,1308.0,8,0.0
2024-08-01 19:00:00,61.94,62.26,61.94,62.16,891.0,8,0.0
2024-08-02 10:00:00,61.5,61.73,61.47,61.61,194.0,12,0.0
2024-08-02 11:00:00,61.61,61.85,61.61,61.8,513.0,12,0.0
2024-08-02 12:00:00,61.81,62.16,61.46,61.84,866.0,12,0.0
2024-08-02 13:00:00,61.84,62.47,61.38,61.47,1595.0,8,0.0
2024-08-02 14:00:00,61.48,61.67,60.94,61.06,1874.0,8,0.0
2024-08-02 15:00:00,61.06,61.8,60.81,61.7,1488.0,8,0.0
2024-08-02 16:00:00,61.7,61.81,61.39,61.44,1034.0,8,0.0
2024-08-02 17:00:00,61.43,61.63,61.36,61.43,916.0,8,0.0
2024-08-02 18:00:00,61.43,61.71,61.33,61.35,1054.0,8,0.0
2024-08-02 19:00:00,61.36,61.4,61.02,61.16,1013.0,8,0.0
2024-08-05 10:00:00,59.39,59.52,59.06,59.11,830.0,12,0.0
2024-08-05 11:00:00,59.39,59.55,58.99,59.08,875.0,12,0.0
2024-08-05 12:00:00,59.08,59.24,58.25,58.72,1398.0,12,0.0
2024-08-05 13:00:00,58.69,59.97,58.62,59.71,2643.0,12,0.0
2024-08-05 14:00:00,59.78,60.38,59.43,59.5,2236.0,8,0.0
2024-08-05 15:00:00,59.53,60.29,59.31,59.93,2132.0,8,0.0
2024-08-05 16:00:00,59.93,60.4,59.42,59.47,1602.0,8,0.0
2024-08-05 17:00:00,59.47,60.02,59.44,59.78,1373.0,8,0.0
2024-08-05 18:00:00,59.78,59.78,59.35,59.42,1396.0,8,0.0
2024-08-05 19:00:00,59.42,59.79,59.42,59.52,1172.0,8,0.0
2024-08-06 10:00:00,60.06,60.4,60.02,60.38,724.0,12,0.0
2024-08-06 11:00:00,60.39,60.69,60.39,60.54,344.0,12,0.0
2024-08-06 12:00:00,60.55,60.57,60.12,60.23,521.0,12,0.0
2024-08-06 13:00:00,60.24,61.02,60.0,60.38,1646.0,12,0.0
2024-08-06 14:00:00,60.39,60.9,60.16,60.73,1851.0,8,0.0
2024-08-06 15:00:00,60.73,60.78,60.23,60.64,1425.0,8,0.0
2024-08-06 16:00:00,60.65,60.91,60.56,60.81,968.0,8,0.0
2024-08-06 17:00:00,60.81,62.16,60.81,61.44,2323.0,8,0.0
2024-08-06 18:00:00,61.44,61.88,61.34,61.63,1191.0,8,0.0
2024-08-06 19:00:00,61.63,61.63,61.2,61.27,1211.0,8,0.0
2024-08-07 10:00:00,61.61,61.63,61.49,61.49,411.0,12,0.0
2024-08-07 11:00:00,61.5,61.63,61.47,61.58,215.0,12,0.0
2024-08-07 12:00:00,61.59,61.66,61.48,61.53,157.0,12,0.0
2024-08-07 13:00:00,61.52,62.43,61.43,62.41,1286.0,8,0.0
2024-08-07 14:00:00,62.41,63.16,62.41,62.86,2192.0,8,0.0
2024-08-07 15:00:00,62.88,63.03,62.53,62.76,1552.0,8,0.0
2024-08-07 16:00:00,62.75,62.83,62.19,62.22,1230.0,8,0.0
2024-08-07 17:00:00,62.22,62.28,61.59,61.65,1415.0,8,0.0
2024-08-07 18:00:00,61.63,61.66,61.24,61.27,1457.0,8,0.0
2024-08-07 19:00:00,61.27,61.58,61.26,61.37,1079.0,8,0.0
2024-08-08 10:00:00,60.96,61.02,60.89,60.95,760.0,12,0.0
2024-08-08 11:00:00,60.95,61.54,60.92,61.14,317.0,12,0.0
2024-08-08 12:00:00,61.14,61.74,61.09,61.61,347.0,12,0.0
2024-08-08 13:00:00,61.62,62.43,61.56,61.85,1637.0,8,0.0
2024-08-08 14:00:00,61.83,62.83,61.8,62.65,1657.0,8,0.0
2024-08-08 15:00:00,62.64,62.7,62.34,62.66,1248.0,8,0.0
2024-08-08 16:00:00,62.66,63.04,62.54,62.62,1126.0,8,0.0
2024-08-08 17:00:00,62.64,63.03,62.52,62.95,982.0,8,0.0
2024-08-08 18:00:00,62.94,63.17,62.89,62.98,980.0,8,0.0
2024-08-08 19:00:00,62.98,63.13,62.79,63.06,922.0,8,0.0
2024-08-09 10:00:00,63.27,63.3,62.96,62.99,431.0,12,0.0
2024-08-09 11:00:00,62.98,63.08,62.28,62.58,410.0,12,0.0
2024-08-09 12:00:00,62.57,62.59,62.23,62.44,293.0,12,0.0
2024-08-09 13:00:00,62.43,63.16,61.99,63.02,1494.0,8,0.0
2024-08-09 14:00:00,63.02,63.21,62.61,63.08,1618.0,8,0.0
2024-08-09 15:00:00,63.08,63.22,62.91,62.95,976.0,8,0.0
2024-08-09 16:00:00,62.97,63.32,62.75,63.3,930.0,8,0.0
2024-08-09 17:00:00,63.3,63.62,63.25,63.46,783.0,8,0.0
2024-08-09 18:00:00,63.46,63.52,63.26,63.34,768.0,8,0.0
2024-08-09 19:00:00,63.34,63.47,63.19,63.42,772.0,8,0.0
2024-08-12 10:00:00,63.39,63.45,63.37,63.43,392.0,12,0.0
2024-08-12 11:00:00,63.43,63.69,63.41,63.64,238.0,12,0.0
2024-08-12 12:00:00,63.62,63.63,63.33,63.5,179.0,12,0.0
2024-08-12 13:00:00,63.52,63.54,62.7,62.76,1026.0,8,0.0
2024-08-12 14:00:00,62.77,63.58,62.68,63.55,1315.0,8,0.0
2024-08-12 15:00:00,63.55,63.84,63.02,63.43,1382.0,8,0.0
2024-08-12 16:00:00,63.43,63.51,63.24,63.25,789.0,8,0.0
2024-08-12 17:00:00,63.25,63.49,63.09,63.17,736.0,8,0.0
2024-08-12 18:00:00,63.17,63.29,63.05,63.28,670.0,8,0.0
2024-08-12 19:00:00,63.28,63.38,63.22,63.25,574.0,8,0.0
2024-08-13 10:00:00,63.53,63.59,63.35,63.36,922.0,12,0.0
2024-08-13 11:00:00,63.36,63.46,63.26,63.38,393.0,12,0.0
2024-08-13 12:00:00,63.42,63.69,63.39,63.58,240.0,12,0.0
2024-08-13 13:00:00,63.58,64.02,63.48,63.63,1043.0,8,0.0
2024-08-13 14:00:00,63.61,64.18,63.61,64.03,1220.0,8,0.0
2024-08-13 15:00:00,64.02,64.66,64.01,64.61,957.0,8,0.0
2024-08-13 16:00:00,64.61,64.81,64.53,64.79,617.0,8,0.0
2024-08-13 17:00:00,64.79,64.83,64.56,64.7,686.0,8,0.0
2024-08-13 18:00:00,64.71,64.93,64.65,64.93,692.0,8,0.0
2024-08-13 19:00:00,64.92,65.01,64.84,64.93,720.0,8,0.0
2024-08-14 10:00:00,64.67,64.81,64.67,64.79,255.0,12,0.0
2024-08-14 11:00:00,64.8,64.82,64.77,64.81,46.0,12,0.0
2024-08-14 12:00:00,64.82,64.82,64.5,64.72,205.0,12,0.0
2024-08-14 13:00:00,64.7,65.98,64.64,65.96,1729.0,12,0.0
2024-08-14 14:00:00,65.95,66.15,65.28,65.59,1651.0,8,0.0
2024-08-14 15:00:00,65.59,66.31,65.51,66.27,1118.0,8,0.0
2024-08-14 16:00:00,66.25,66.25,65.8,65.94,887.0,8,0.0
2024-08-14 17:00:00,65.94,66.03,65.82,65.97,701.0,8,0.0
2024-08-14 18:00:00,65.97,66.14,65.9,66.12,463.0,8,0.0
2024-08-14 19:00:00,66.12,66.19,65.8,65.94,598.0,8,0.0
2024-08-15 10:00:00,66.29,66.3,66.18,66.2,365.0,12,0.0
2024-08-15 11:00:00,66.21,66.27,66.19,66.23,244.0,12,0.0
2024-08-15 12:00:00,66.24,66.83,66.17,66.65,441.0,12,0.0
2024-08-15 13:00:00,66.64,67.24,66.45,67.12,1270.0,8,0.0
2024-08-15 14:00:00,67.12,67.23,66.4,66.42,1278.0,8,0.0
2024-08-15 15:00:00,66.42,66.5,66.22,66.23,1113.0,8,0.0
2024-08-15 16:00:00,66.23,66.41,66.03,66.15,889.0,8,0.0
2024-08-15 17:00:00,66.14,66.49,65.96,66.44,781.0,8,0.0
2024-08-15 18:00:00,66.44,66.46,66.31,66.42,613.0,8,0.0
2024-08-15 19:00:00,66.42,66.45,66.25,66.39,567.0,8,0.0
2024-08-16 10:00:00,66.33,66.35,66.25,66.32,256.0,12,0.0
2024-08-16 11:00:00,66.34,66.63,66.23,66.46,423.0,12,0.0
2024-08-16 12:00:00,66.46,66.8,66.46,66.63,366.0,12,0.0
2024-08-16 13:00:00,66.61,67.24,66.48,67.12,1607.0,8,0.0
2024-08-16 14:00:00,67.1,67.41,66.97,67.39,1370.0,8,0.0
2024-08-16 15:00:00,67.39,67.61,67.24,67.55,1176.0,8,0.0
2024-08-16 16:00:00,67.55,67.97,67.47,67.93,858.0,8,0.0
2024-08-16 17:00:00,67.93,67.93,67.68,67.71,809.0,8,0.0
2024-08-16 18:00:00,67.71,67.71,67.43,67.57,727.0,8,0.0
2024-08-16 19:00:00,67.57,67.61,67.41,67.42,575.0,8,0.0
2024-08-19 10:00:00,67.26,67.28,67.07,67.21,207.0,12,0.0
2024-08-19 11:00:00,67.23,67.33,67.11,67.3,559.0,12,0.0
2024-08-19 12:00:00,67.3,67.46,67.28,67.31,249.0,12,0.0
2024-08-19 13:00:00,67.32,68.17,67.29,68.12,1107.0,8,0.0
2024-08-19 14:00:00,68.12,68.47,68.03,68.23,1293.0,8,0.0
2024-08-19 15:00:00,68.23,68.29,68.02,68.04,761.0,8,0.0
2024-08-19 16:00:00,68.04,68.06,67.9,68.01,686.0,8,0.0
2024-08-19 17:00:00,68.01,68.2,68.0,68.19,643.0,8,0.0
2024-08-19 18:00:00,68.19,68.49,68.19,68.44,646.0,8,0.0
2024-08-19 19:00:00,68.45,68.53,68.4,68.53,474.0,8,0.0
2024-08-20 10:00:00,68.78,68.82,68.77,68.8,166.0,12,0.0
2024-08-20 11:00:00,68.81,68.81,68.75,68.78,117.0,12,0.0
2024-08-20 12:00:00,68.77,68.77,68.5,68.74,164.0,12,0.0
2024-08-20 13:00:00,68.74,70.71,68.56,70.52,1875.0,8,0.0
2024-08-20 14:00:00,70.52,71.06,69.64,69.78,2611.0,8,0.0
2024-08-20 15:00:00,69.79,69.99,69.53,69.95,1262.0,8,0.0
2024-08-20 16:00:00,69.95,69.97,69.66,69.66,960.0,8,0.0
2024-08-20 17:00:00,69.66,69.83,69.39,69.77,898.0,8,0.0
2024-08-20 18:00:00,69.77,69.95,69.69,69.75,651.0,8,0.0
2024-08-20 19:00:00,69.75,69.87,69.72,69.85,512.0,8,0.0
2024-08-21 10:00:00,69.78,69.82,69.54,69.66,224.0,12,0.0
2024-08-21 11:00:00,69.63,69.74,69.44,69.49,532.0,12,0.0
2024-08-21 12:00:00,69.5,70.0,69.49,69.9,295.0,12,0.0
2024-08-21 13:00:00,69.88,69.95,69.14,69.54,885.0,12,0.0
2024-08-21 14:00:00,69.56,69.86,69.11,69.46,1056.0,8,0.0
2024-08-21 15:00:00,69.45,69.98,69.37,69.72,858.0,8,0.0
2024-08-21 16:00:00,69.72,69.96,69.61,69.87,633.0,8,0.0
2024-08-21 17:00:00,69.89,70.02,69.82,69.95,563.0,8,0.0
2024-08-21 18:00:00,69.98,70.06,69.73,69.82,639.0,8,0.0
2024-08-21 19:00:00,69.83,69.84,69.52,69.57,553.0,8,0.0
2024-08-22 10:00:00,69.6,69.64,69.57,69.57,318.0,12,0.0
2024-08-22 11:00:00,69.6,69.61,68.57,68.74,623.0,12,0.0
2024-08-22 12:00:00,68.72,68.77,68.5,68.77,361.0,12,0.0
2024-08-22 13:00:00,68.77,70.05,68.69,69.79,1399.0,12,0.0
2024-08-22 14:00:00,69.79,69.94,69.5,69.58,1183.0,8,0.0
2024-08-22 15:00:00,69.58,69.71,68.77,69.15,1145.0,8,0.0
2024-08-22 16:00:00,69.15,69.54,69.04,69.09,885.0,8,0.0
2024-08-22 17:00:00,69.07,69.18,68.6,68.72,921.0,8,0.0
2024-08-22 18:00:00,68.72,69.08,68.64,68.95,866.0,8,0.0
2024-08-22 19:00:00,68.95,69.0,68.66,68.78,666.0,8,0.0
2024-08-23 10:00:00,69.02,69.1,69.02,69.1,21.0,12,0.0
2024-08-23 11:00:00,69.08,69.15,69.08,69.15,56.0,12,0.0
2024-08-23 12:00:00,69.14,69.54,69.09,69.38,242.0,12,0.0
2024-08-23 13:00:00,69.36,69.47,68.93,69.11,903.0,12,0.0
2024-08-23 14:00:00,69.11,69.57,68.07,68.29,2097.0,8,0.0
2024-08-23 15:00:00,68.28,68.62,67.84,68.32,1255.0,8,0.0
2024-08-23 16:00:00,68.31,68.41,67.94,68.38,871.0,8,0.0
2024-08-23 17:00:00,68.38,68.51,68.26,68.32,564.0,8,0.0
2024-08-23 18:00:00,68.32,68.45,68.16,68.21,513.0,8,0.0
2024-08-23 19:00:00,68.21,68.5,68.14,68.36,493.0,8,0.0
2024-08-26 10:00:00,68.75,68.76,68.72,68.73,152.0,12,0.0
2024-08-26 11:00:00,68.71,68.73,68.63,68.66,181.0,12,0.0
2024-08-26 12:00:00,68.64,68.71,68.63,68.65,248.0,12,0.0
2024-08-26 13:00:00,68.64,68.96,68.48,68.59,686.0,8,0.0
2024-08-26 14:00:00,68.6,68.71,68.13,68.61,1111.0,8,0.0
2024-08-26 15:00:00,68.61,69.03,68.6,68.63,778.0,8,0.0
2024-08-26 16:00:00,68.62,69.03,68.55,68.92,569.0,8,0.0
2024-08-26 17:00:00,68.92,68.93,68.58,68.59,585.0,8,0.0
2024-08-26 18:00:00,68.59,68.92,68.57,68.88,556.0,8,0.0
2024-08-26 19:00:00,68.88,68.89,68.65,68.66,420.0,8,0.0
2024-08-27 10:00:00,69.15,69.26,68.98,68.98,372.0,12,0.0
2024-08-27 11:00:00,68.98,69.35,68.76,69.24,380.0,12,0.0
2024-08-27 12:00:00,69.24,69.25,69.01,69.06,285.0,12,0.0
2024-08-27 13:00:00,69.03,69.39,68.64,69.12,1101.0,12,0.0
2024-08-27 14:00:00,69.12,70.47,69.1,70.44,1526.0,8,0.0
2024-08-27 15:00:00,70.45,70.75,70.21,70.26,1316.0,8,0.0
2024-08-27 16:00:00,70.26,70.62,70.2,70.49,751.0,8,0.0
2024-08-27 17:00:00,70.49,70.52,69.99,70.07,736.0,8,0.0
2024-08-27 18:00:00,70.08,70.1,69.61,69.66,783.0,8,0.0
2024-08-27 19:00:00,69.65,69.74,69.59,69.73,549.0,8,0.0
2024-08-28 10:00:00,69.68,69.68,69.68,69.68,26.0,12,0.0
2024-08-28 11:00:00,69.68,69.71,69.57,69.59,118.0,12,0.0
2024-08-28 12:00:00,69.59,69.69,69.58,69.65,128.0,12,0.0
2024-08-28 13:00:00,69.66,69.68,68.98,69.05,667.0,8,0.0
2024-08-28 14:00:00,69.05,69.05,68.29,68.29,1045.0,8,0.0
2024-08-28 15:00:00,68.28,68.28,67.72,68.05,1295.0,8,0.0
2024-08-28 16:00:00,68.05,68.36,68.04,68.34,982.0,8,0.0
2024-08-28 17:00:00,68.34,68.37,67.74,67.74,686.0,8,0.0
2024-08-28 18:00:00,67.74,68.22,67.7,68.22,773.0,8,0.0
2024-08-28 19:00:00,68.22,68.38,68.1,68.34,592.0,8,0.0
2024-08-29 10:00:00,68.68,69.32,68.66,68.69,367.0,12,0.0
2024-08-29 11:00:00,68.69,68.87,68.53,68.75,371.0,12,0.0
2024-08-29 12:00:00,68.77,68.78,68.64,68.66,184.0,12,0.0
2024-08-29 13:00:00,68.66,69.14,68.57,68.97,983.0,12,0.0
2024-08-29 14:00:00,68.96,69.61,68.84,69.39,1256.0,8,0.0
2024-08-29 15:00:00,69.38,69.86,69.38,69.67,953.0,8,0.0
2024-08-29 16:00:00,69.68,69.93,69.68,69.86,639.0,8,0.0
2024-08-29 17:00:00,69.86,69.9,69.41,69.72,721.0,8,0.0
2024-08-29 18:00:00,69.71,69.71,68.9,69.03,965.0,8,0.0
2024-08-29 19:00:00,69.03,69.28,68.86,69.2,875.0,8,0.0
2024-08-30 10:00:00,69.46,69.81,69.43,69.78,649.0,12,0.0
2024-08-30 11:00:00,69.78,69.85,69.76,69.82,314.0,12,0.0
2024-08-30 12:00:00,69.82,70.33,69.82,70.14,433.0,12,0.0
2024-08-30 13:00:00,70.06,70.2,69.25,69.83,1303.0,8,0.0
2024-08-30 14:00:00,69.85,70.14,69.11,69.13,1377.0,8,0.0
2024-08-30 15:00:00,69.11,69.27,68.98,69.24,811.0,8,0.0
2024-08-30 16:00:00,69.25,69.28,68.79,69.21,831.0,8,0.0
2024-08-30 17:00:00,69.21,69.53,69.2,69.41,786.0,8,0.0
2024-08-30 18:00:00,69.42,69.65,69.38,69.6,554.0,8,0.0
2024-08-30 19:00:00,69.6,69.66,69.45,69.59,554.0,8,0.0
2024-09-03 10:00:00,69.83,70.0,69.64,69.92,359.0,13,0.0
2024-09-03 11:00:00,69.95,69.97,69.88,69.9,243.0,13,0.0
2024-09-03 12:00:00,69.9,70.02,69.9,69.97,93.0,13,0.0
2024-09-03 13:00:00,69.95,70.29,69.25,69.39,993.0,9,0.0
2024-09-03 14:00:00,69.36,69.38,67.69,67.78,1694.0,9,0.0
2024-09-03 15:00:00,67.79,68.08,67.64,67.64,1170.0,9,0.0
2024-09-03 16:00:00,67.65,68.07,67.65,67.76,814.0,9,0.0
2024-09-03 17:00:00,67.76,68.03,67.76,67.93,632.0,9,0.0
2024-09-03 18:00:00,67.93,67.93,67.62,67.62,713.0,9,0.0
2024-09-03 19:00:00,67.61,67.68,67.24,67.31,736.0,9,0.0
2024-09-04 10:00:00,67.28,67.29,67.16,67.18,996.0,13,0.0
2024-09-04 11:00:00,67.19,67.26,67.15,67.25,499.0,13,0.0
2024-09-04 12:00:00,67.23,67.26,67.15,67.21,136.0,13,0.0
2024-09-04 13:00:00,67.2,67.97,67.16,67.79,1311.0,13,0.0
2024-09-04 14:00:00,67.79,68.3,67.28,68.27,1600.0,9,0.0
2024-09-04 15:00:00,68.27,68.42,67.98,68.21,1041.0,9,0.0
2024-09-04 16:00:00,68.21,68.41,68.07,68.23,933.0,9,0.0
2024-09-04 17:00:00,68.23,68.27,67.99,68.02,772.0,9,0.0
2024-09-04 18:00:00,68.02,68.16,67.96,68.0,787.0,9,0.0
2024-09-04 19:00:00,68.0,68.14,67.84,68.11,730.0,9,0.0
2024-09-05 10:00:00,67.75,67.8,67.66,67.7,786.0,13,0.0
2024-09-05 11:00:00,67.72,67.77,67.48,67.65,506.0,13,0.0
2024-09-05 12:00:00,67.66,67.85,67.55,67.69,402.0,13,0.0
2024-09-05 13:00:00,67.68,68.12,67.09,68.02,1488.0,13,0.0
2024-09-05 14:00:00,68.02,68.69,68.0,68.12,1511.0,9,0.0
2024-09-05 15:00:00,68.11,68.14,67.57,67.59,775.0,9,0.0
2024-09-05 16:00:00,67.59,68.26,67.58,68.22,809.0,9,0.0
2024-09-05 17:00:00,68.22,68.38,67.98,68.33,677.0,9,0.0
2024-09-05 18:00:00,68.33,68.52,68.31,68.38,642.0,9,0.0
2024-09-05 19:00:00,68.38,68.5,68.12,68.2,617.0,9,0.0
2024-09-06 10:00:00,67.84,67.86,67.72,67.78,417.0,13,0.0
2024-09-06 11:00:00,67.78,67.89,67.7,67.8,407.0,13,0.0
2024-09-06 12:00:00,67.8,68.3,67.77,68.27,421.0,13,0.0
2024-09-06 13:00:00,68.3,68.4,67.08,67.11,1140.0,9,0.0
2024-09-06 14:00:00,67.1,67.11,66.2,66.6,1980.0,9,0.0
2024-09-06 15:00:00,66.59,66.83,66.27,66.34,1561.0,9,0.0
2024-09-06 16:00:00,66.35,66.57,66.28,66.37,931.0,9,0.0
2024-09-06 17:00:00,66.36,66.52,66.3,66.49,834.0,9,0.0
2024-09-06 18:00:00,66.5,66.55,66.32,66.52,775.0,9,0.0
2024-09-06 19:00:00,66.52,66.77,66.51,66.74,734.0,9,0.0
2024-09-09 10:00:00,67.13,67.14,66.9,67.01,198.0,13,0.0
2024-09-09 11:00:00,66.98,67.04,66.81,66.96,288.0,13,0.0
2024-09-09 12:00:00,66.97,66.99,66.82,66.95,156.0,13,0.0
2024-09-09 13:00:00,66.95,68.25,66.95,67.89,1180.0,9,0.0
2024-09-09 14:00:00,67.89,67.9,67.22,67.24,1445.0,9,0.0
2024-09-09 15:00:00,67.24,67.51,67.16,67.51,772.0,9,0.0
2024-09-09 16:00:00,67.51,67.91,67.46,67.88,694.0,9,0.0
2024-09-09 17:00:00,67.88,67.95,67.53,67.54,584.0,9,0.0
2024-09-09 18:00:00,67.54,67.57,67.35,67.37,581.0,9,0.0
2024-09-09 19:00:00,67.37,67.52,67.33,67.48,406.0,9,0.0
2024-09-10 10:00:00,67.38,67.39,67.33,67.34,214.0,13,0.0
2024-09-10 11:00:00,67.34,67.45,67.26,67.45,796.0,13,0.0
2024-09-10 12:00:00,67.43,67.77,67.42,67.69,137.0,13,0.0
2024-09-10 13:00:00,67.68,67.96,67.43,67.58,800.0,13,0.0
2024-09-10 14:00:00,67.6,67.7,66.9,67.13,1322.0,9,0.0
2024-09-10 15:00:00,67.13,67.23,66.63,66.63,860.0,9,0.0
2024-09-10 16:00:00,66.63,67.23,66.54,67.18,814.0,9,0.0
2024-09-10 17:00:00,67.18,67.36,67.1,67.29,649.0,9,0.0
2024-09-10 18:00:00,67.29,67.66,67.29,67.43,556.0,9,0.0
2024-09-10 19:00:00,67.43,67.63,67.4,67.41,412.0,9,0.0
2024-09-11 10:00:00,67.06,67.18,66.76,67.1,511.0,13,0.0
2024-09-11 11:00:00,67.11,67.58,66.99,67.42,380.0,13,0.0
2024-09-11 12:00:00,67.42,67.53,66.96,67.35,536.0,13,0.0
2024-09-11 13:00:00,67.36,67.86,66.84,66.98,1384.0,9,0.0
2024-09-11 14:00:00,66.99,67.1,66.06,66.28,1643.0,9,0.0
2024-09-11 15:00:00,66.28,67.03,66.16,66.8,1243.0,9,0.0
2024-09-11 16:00:00,66.81,67.34,66.79,67.21,1059.0,9,0.0
2024-09-11 17:00:00,67.22,67.59,67.19,67.53,817.0,9,0.0
2024-09-11 18:00:00,67.53,67.92,67.46,67.78,954.0,9,0.0
2024-09-11 19:00:00,67.76,68.17,67.66,68.09,743.0,9,0.0
2024-09-12 10:00:00,68.39,68.43,68.23,68.43,501.0,13,0.0
2024-09-12 11:00:00,68.25,68.43,68.2,68.37,372.0,13,0.0
2024-09-12 12:00:00,68.37,68.41,68.16,68.25,260.0,13,0.0
2024-09-12 13:00:00,68.19,69.4,68.19,68.88,1406.0,9,0.0
2024-09-12 14:00:00,68.88,69.18,68.38,68.49,1609.0,9,0.0
2024-09-12 15:00:00,68.49,68.87,68.3,68.36,1067.0,9,0.0
2024-09-12 16:00:00,68.36,68.48,68.19,68.48,756.0,9,0.0
2024-09-12 17:00:00,68.48,68.78,68.48,68.64,709.0,9,0.0
2024-09-12 18:00:00,68.66,68.93,68.27,68.53,967.0,9,0.0
2024-09-12 19:00:00,68.53,68.59,68.33,68.36,640.0,9,0.0
2024-09-13 10:00:00,68.7,68.75,68.6,68.69,622.0,13,0.0
2024-09-13 11:00:00,68.7,68.71,68.34,68.58,804.0,13,0.0
2024-09-13 12:00:00,68.57,68.71,68.07,68.21,301.0,13,0.0
2024-09-13 13:00:00,68.19,68.93,67.95,68.91,978.0,13,0.0
2024-09-13 14:00:00,68.91,69.15,68.6,69.06,1349.0,9,0.0
2024-09-13 15:00:00,69.06,69.52,69.04,69.38,1030.0,9,0.0
2024-09-13 16:00:00,69.39,69.7,69.19,69.63,1026.0,9,0.0
2024-09-13 17:00:00,69.63,69.91,69.48,69.88,977.0,9,0.0
2024-09-13 18:00:00,69.88,69.91,69.55,69.62,938.0,9,0.0
2024-09-13 19:00:00,69.62,69.7,69.5,69.66,586.0,9,0.0
2024-09-16 10:00:00,69.94,70.04,69.83,69.92,406.0,13,0.0
2024-09-16 11:00:00,69.88,69.91,69.79,69.85,242.0,13,0.0
2024-09-16 12:00:00,69.86,69.9,69.57,69.69,308.0,13,0.0
2024-09-16 13:00:00,69.65,70.21,68.9,69.57,1384.0,13,0.0
2024-09-16 14:00:00,69.58,69.7,68.92,69.07,1222.0,9,0.0
2024-09-16 15:00:00,69.07,69.32,68.83,69.15,1033.0,9,0.0
2024-09-16 16:00:00,69.15,69.39,68.97,69.38,822.0,9,0.0
2024-09-16 17:00:00,69.37,69.61,69.3,69.59,662.0,9,0.0
2024-09-16 18:00:00,69.59,69.66,69.39,69.53,624.0,9,0.0
2024-09-16 19:00:00,69.52,69.55,69.29,69.41,482.0,9,0.0
2024-09-17 10:00:00,69.7,69.89,69.68,69.86,254.0,13,0.0
2024-09-17 11:00:00,69.85,69.91,69.71,69.86,301.0,13,0.0
2024-09-17 12:00:00,69.87,70.05,69.84,69.96,214.0,13,0.0
2024-09-17 13:00:00,69.98,70.46,69.88,70.07,971.0,13,0.0
2024-09-17 14:00:00,70.08,70.65,70.0,70.32,1312.0,9,0.0
2024-09-17 15:00:00,70.33,70.44,70.04,70.29,985.0,9,0.0
2024-09-17 16:00:00,70.29,70.46,69.78,70.02,993.0,9,0.0
2024-09-17 17:00:00,70.02,70.36,69.91,70.31,818.0,9,0.0
2024-09-17 18:00:00,70.29,70.45,70.17,70.36,674.0,9,0.0
2024-09-17 19:00:00,70.37,70.53,70.27,70.52,570.0,9,0.0
2024-09-18 10:00:00,70.49,70.53,70.45,70.49,215.0,13,0.0
2024-09-18 11:00:00,70.49,70.61,70.46,70.49,205.0,13,0.0
2024-09-18 12:00:00,70.49,70.58,70.44,70.56,139.0,13,0.0
2024-09-18 13:00:00,70.56,70.9,69.39,69.58,1158.0,9,0.0
2024-09-18 14:00:00,69.61,69.9,69.51,69.77,1080.0,9,0.0
2024-09-18 15:00:00,69.77,69.83,68.97,68.99,1036.0,9,0.0
2024-09-18 16:00:00,68.98,69.45,68.81,69.41,1037.0,9,0.0
2024-09-18 17:00:00,69.41,69.51,69.25,69.34,932.0,9,0.0
2024-09-18 18:00:00,69.31,69.79,69.14,69.41,2065.0,9,0.0
2024-09-18 19:00:00,69.37,69.46,68.89,69.05,1654.0,9,0.0
2024-09-19 10:00:00,69.92,70.31,69.91,70.15,669.0,13,0.0
2024-09-19 11:00:00,70.12,70.19,70.01,70.04,354.0,13,0.0
2024-09-19 12:00:00,70.06,70.31,70.04,70.19,213.0,13,0.0
2024-09-19 13:00:00,70.17,70.55,69.49,69.66,1409.0,9,0.0
2024-09-19 14:00:00,69.67,71.4,69.66,71.07,2088.0,9,0.0
2024-09-19 15:00:00,71.07,71.51,70.82,70.84,1413.0,9,0.0
2024-09-19 16:00:00,70.85,70.97,70.51,70.55,1005.0,9,0.0
2024-09-19 17:00:00,70.55,70.64,70.33,70.57,956.0,9,0.0
2024-09-19 18:00:00,70.57,70.67,70.38,70.52,721.0,9,0.0
2024-09-19 19:00:00,70.51,70.61,70.23,70.53,777.0,9,0.0
2024-09-20 10:00:00,70.52,70.52,70.44,70.46,303.0,13,0.0
2024-09-20 11:00:00,70.46,70.61,70.0,70.38,404.0,13,0.0
2024-09-20 12:00:00,70.38,70.57,70.33,70.52,223.0,13,0.0
2024-09-20 13:00:00,70.55,70.76,69.92,70.16,990.0,9,0.0
2024-09-20 14:00:00,70.17,70.22,69.76,69.8,1253.0,9,0.0
2024-09-20 15:00:00,69.81,70.28,69.61,70.23,996.0,9,0.0
2024-09-20 16:00:00,70.24,70.34,70.16,70.21,626.0,9,0.0
2024-09-20 17:00:00,70.21,70.24,70.07,70.09,562.0,9,0.0
2024-09-20 18:00:00,70.09,70.14,69.92,70.13,626.0,9,0.0
2024-09-20 19:00:00,70.13,70.26,70.06,70.07,635.0,9,0.0
2024-09-23 10:00:00,69.99,70.17,69.97,70.16,755.0,13,0.0
2024-09-23 11:00:00,70.13,70.19,69.99,70.07,489.0,13,0.0
2024-09-23 12:00:00,70.05,70.15,70.0,70.12,182.0,13,0.0
2024-09-23 13:00:00,70.13,71.12,69.89,70.85,1150.0,13,0.0
2024-09-23 14:00:00,70.85,71.1,70.75,70.86,1379.0,9,0.0
2024-09-23 15:00:00,70.85,70.86,70.53,70.7,957.0,9,0.0
2024-09-23 16:00:00,70.7,70.71,70.29,70.48,895.0,9,0.0
2024-09-23 17:00:00,70.47,70.76,70.38,70.76,684.0,9,0.0
2024-09-23 18:00:00,70.77,70.85,70.56,70.67,565.0,9,0.0
2024-09-23 19:00:00,70.67,70.71,70.38,70.44,432.0,9,0.0
2024-09-24 10:00:00,70.58,70.59,70.52,70.54,250.0,13,0.0
2024-09-24 11:00:00,70.53,70.56,70.28,70.54,517.0,13,0.0
2024-09-24 12:00:00,70.52,70.57,70.34,70.54,215.0,13,0.0
2024-09-24 13:00:00,70.5,71.17,70.5,70.85,956.0,9,0.0
2024-09-24 14:00:00,70.85,71.59,70.41,71.58,1609.0,9,0.0
2024-09-24 15:00:00,71.58,72.11,71.57,71.82,1666.0,9,0.0
2024-09-24 16:00:00,71.84,72.19,71.84,71.98,911.0,9,0.0
2024-09-24 17:00:00,71.97,72.19,71.84,71.93,761.0,9,0.0
2024-09-24 18:00:00,71.93,71.97,71.64,71.82,693.0,9,0.0
2024-09-24 19:00:00,71.82,72.02,71.74,71.99,477.0,9,0.0
2024-09-25 10:00:00,71.95,72.14,71.89,72.11,447.0,13,0.0
2024-09-25 11:00:00,72.12,72.26,72.06,72.11,156.0,13,0.0
2024-09-25 12:00:00,72.1,72.12,72.06,72.09,90.0,13,0.0
2024-09-25 13:00:00,72.08,72.22,71.56,72.11,972.0,9,0.0
2024-09-25 14:00:00,72.1,72.46,72.07,72.29,1297.0,9,0.0
2024-09-25 15:00:00,72.29,72.43,72.09,72.32,850.0,9,0.0
2024-09-25 16:00:00,72.33,72.46,72.24,72.27,622.0,9,0.0
2024-09-25 17:00:00,72.27,72.27,71.87,71.99,818.0,9,0.0
2024-09-25 18:00:00,71.99,72.11,71.84,72.07,594.0,9,0.0
2024-09-25 19:00:00,72.07,72.1,71.81,71.93,529.0,9,0.0
2024-09-26 10:00:00,72.61,72.79,72.58,72.76,1066.0,13,0.0
2024-09-26 11:00:00,72.83,72.83,72.55,72.59,621.0,13,0.0
2024-09-26 12:00:00,72.58,72.64,72.49,72.55,196.0,13,0.0
2024-09-26 13:00:00,72.54,72.67,71.55,71.59,1158.0,9,0.0
2024-09-26 14:00:00,71.57,71.67,70.75,70.77,1729.0,9,0.0
2024-09-26 15:00:00,70.77,70.77,70.14,70.66,1756.0,9,0.0
2024-09-26 16:00:00,70.66,70.74,70.4,70.68,808.0,9,0.0
2024-09-26 17:00:00,70.68,70.9,70.48,70.84,919.0,9,0.0
2024-09-26 18:00:00,70.84,71.17,70.84,71.1,778.0,9,0.0
2024-09-26 19:00:00,71.1,71.14,70.97,71.09,550.0,9,0.0
2024-09-27 10:00:00,70.88,70.9,70.85,70.88,349.0,13,0.0
2024-09-27 11:00:00,70.88,70.92,70.86,70.91,93.0,13,0.0
2024-09-27 12:00:00,70.91,70.98,70.65,70.75,192.0,13,0.0
2024-09-27 13:00:00,70.76,70.92,70.17,70.71,1080.0,9,0.0
2024-09-27 14:00:00,70.72,70.77,70.27,70.39,1286.0,9,0.0
2024-09-27 15:00:00,70.4,70.42,70.11,70.17,922.0,9,0.0
2024-09-27 16:00:00,70.16,70.65,70.09,70.65,680.0,9,0.0
2024-09-27 17:00:00,70.65,70.96,70.6,70.96,667.0,9,0.0
2024-09-27 18:00:00,70.96,71.03,70.61,70.86,833.0,9,0.0
2024-09-27 19:00:00,70.86,70.91,70.75,70.77,489.0,9,0.0
2024-09-30 10:00:00,70.58,70.58,70.52,70.52,222.0,13,0.0
2024-09-30 11:00:00,70.54,70.54,70.38,70.43,243.0,13,0.0
2024-09-30 12:00:00,70.43,70.54,70.36,70.49,103.0,13,0.0
2024-09-30 13:00:00,70.49,71.03,70.37,70.47,811.0,9,0.0
2024-09-30 14:00:00,70.47,70.77,70.24,70.55,965.0,9,0.0
2024-09-30 15:00:00,70.54,70.84,70.39,70.75,748.0,9,0.0
2024-09-30 16:00:00,70.74,70.77,70.53,70.54,499.0,9,0.0
2024-09-30 17:00:00,70.54,70.74,70.54,70.73,482.0,9,0.0
2024-09-30 18:00:00,70.72,70.74,70.26,70.57,855.0,9,0.0
2024-09-30 19:00:00,70.57,70.81,70.48,70.81,571.0,9,0.0
2024-10-01 10:00:00,71.03,71.04,70.96,70.96,265.0,13,0.0
2024-10-01 11:00:00,70.96,71.02,70.92,70.98,332.0,13,0.0
2024-10-01 12:00:00,71.0,71.0,70.92,71.0,51.0,13,0.0
2024-10-01 13:00:00,71.0,71.68,70.61,70.9,1314.0,9,0.0
2024-10-01 14:00:00,70.88,71.05,70.18,70.37,1708.0,9,0.0
2024-10-01 15:00:00,70.36,70.37,69.83,70.24,1362.0,9,0.0
2024-10-01 16:00:00,70.24,70.57,70.2,70.43,1112.0,9,0.0
2024-10-01 17:00:00,70.44,70.79,70.13,70.79,993.0,9,0.0
2024-10-01 18:00:00,70.79,71.04,70.78,70.88,776.0,9,0.0
2024-10-01 19:00:00,70.88,70.9,70.57,70.57,621.0,9,0.0
2024-10-02 10:00:00,70.41,70.8,70.41,70.66,525.0,13,0.0
2024-10-02 11:00:00,70.66,70.69,70.55,70.59,455.0,13,0.0
2024-10-02 12:00:00,70.59,70.67,70.44,70.58,164.0,13,0.0
2024-10-02 13:00:00,70.56,71.54,70.41,70.68,1181.0,13,0.0
2024-10-02 14:00:00,70.67,71.23,70.41,71.06,1134.0,9,0.0
2024-10-02 15:00:00,71.06,71.35,71.04,71.14,907.0,9,0.0
2024-10-02 16:00:00,71.14,71.28,70.94,70.94,717.0,9,0.0
2024-10-02 17:00:00,70.93,71.18,70.89,71.17,704.0,9,0.0
2024-10-02 18:00:00,71.17,71.26,70.97,71.22,642.0,9,0.0
2024-10-02 19:00:00,71.21,71.33,71.14,71.16,490.0,9,0.0
2024-10-03 10:00:00,70.71,70.8,70.66,70.72,426.0,13,0.0
2024-10-03 11:00:00,70.72,70.79,70.67,70.79,313.0,13,0.0
2024-10-03 12:00:00,70.79,70.79,70.52,70.54,461.0,13,0.0
2024-10-03 13:00:00,70.56,70.66,69.94,70.4,1195.0,13,0.0
2024-10-03 14:00:00,70.41,70.77,70.08,70.28,1308.0,9,0.0
2024-10-03 15:00:00,70.29,70.6,70.2,70.51,911.0,9,0.0
2024-10-03 16:00:00,70.51,70.75,70.28,70.34,828.0,9,0.0
2024-10-03 17:00:00,70.33,70.54,70.18,70.46,767.0,9,0.0
2024-10-03 18:00:00,70.46,70.6,70.39,70.45,561.0,9,0.0
2024-10-03 19:00:00,70.44,70.57,70.36,70.52,444.0,9,0.0
2024-10-04 10:00:00,70.72,70.76,70.67,70.73,205.0,13,0.0
2024-10-04 11:00:00,70.73,70.79,70.67,70.78,329.0,13,0.0
2024-10-04 12:00:00,70.75,71.46,70.7,71.46,410.0,13,0.0
2024-10-04 13:00:00,71.43,71.87,71.09,71.13,1357.0,9,0.0
2024-10-04 14:00:00,71.12,71.39,70.84,71.35,1435.0,9,0.0
2024-10-04 15:00:00,71.35,71.46,70.98,71.44,974.0,9,0.0
2024-10-04 16:00:00,71.46,71.73,71.24,71.7,925.0,9,0.0
2024-10-04 17:00:00,71.7,71.81,71.47,71.52,715.0,9,0.0
2024-10-04 18:00:00,71.52,71.63,71.39,71.57,657.0,9,0.0
2024-10-04 19:00:00,71.57,71.99,71.54,71.97,572.0,9,0.0
2024-10-07 10:00:00,71.27,71.32,71.18,71.28,484.0,13,0.0
2024-10-07 11:00:00,71.29,71.66,71.28,71.44,384.0,13,0.0
2024-10-07 12:00:00,71.44,71.59,71.38,71.54,189.0,13,0.0
2024-10-07 13:00:00,71.54,71.57,69.59,70.37,1855.0,9,0.0
2024-10-07 14:00:00,70.38,70.89,70.17,70.79,1583.0,9,0.0
2024-10-07 15:00:00,70.77,70.92,70.65,70.79,1032.0,9,0.0
2024-10-07 16:00:00,70.79,70.86,70.54,70.84,872.0,9,0.0
2024-10-07 17:00:00,70.84,71.12,70.75,70.9,815.0,9,0.0
2024-10-07 18:00:00,70.9,70.9,70.06,70.06,1034.0,9,0.0
2024-10-07 19:00:00,70.06,70.17,69.85,69.92,815.0,9,0.0
2024-10-08 10:00:00,70.38,70.41,70.35,70.39,73.0,13,0.0
2024-10-08 11:00:00,70.39,70.71,70.28,70.46,260.0,13,0.0
2024-10-08 12:00:00,70.46,70.51,70.37,70.41,161.0,13,0.0
2024-10-08 13:00:00,70.42,71.54,70.24,71.49,1154.0,9,0.0
2024-10-08 14:00:00,71.49,72.01,71.48,71.88,1425.0,9,0.0
2024-10-08 15:00:00,71.88,72.01,71.78,71.97,844.0,9,0.0
2024-10-08 16:00:00,71.97,72.05,71.81,72.03,749.0,9,0.0
2024-10-08 17:00:00,72.03,72.09,71.83,72.06,694.0,9,0.0
2024-10-08 18:00:00,72.05,72.21,72.0,72.17,689.0,9,0.0
2024-10-08 19:00:00,72.17,72.41,72.08,72.39,648.0,9,0.0
2024-10-09 10:00:00,72.02,72.05,71.94,71.95,214.0,13,0.0
2024-10-09 11:00:00,71.94,72.09,71.94,72.0,252.0,13,0.0
2024-10-09 12:00:00,71.99,72.02,71.87,71.9,89.0,13,0.0
2024-10-09 13:00:00,71.94,72.57,71.51,72.13,1183.0,13,0.0
2024-10-09 14:00:00,72.14,72.36,72.03,72.29,1161.0,9,0.0
2024-10-09 15:00:00,72.3,72.36,72.07,72.34,790.0,9,0.0
2024-10-09 16:00:00,72.34,72.43,72.15,72.35,825.0,9,0.0
2024-10-09 17:00:00,72.36,72.52,72.27,72.45,618.0,9,0.0
2024-10-09 18:00:00,72.45,72.76,72.43,72.63,749.0,9,0.0
2024-10-09 19:00:00,72.63,72.8,72.57,72.68,679.0,9,0.0
2024-10-10 10:00:00,72.71,72.75,72.59,72.6,401.0,13,0.0
2024-10-10 11:00:00,72.6,72.74,72.58,72.73,147.0,13,0.0
2024-10-10 12:00:00,72.73,72.8,71.99,72.35,324.0,13,0.0
2024-10-10 13:00:00,72.36,73.05,72.08,72.74,1130.0,13,0.0
2024-10-10 14:00:00,72.73,72.96,72.41,72.51,1083.0,9,0.0
2024-10-10 15:00:00,72.51,73.09,72.44,73.08,761.0,9,0.0
2024-10-10 16:00:00,73.07,73.2,72.95,73.18,772.0,9,0.0
2024-10-10 17:00:00,73.18,73.34,72.94,73.27,872.0,9,0.0
2024-10-10 18:00:00,73.27,73.27,72.98,73.25,739.0,9,0.0
2024-10-10 19:00:00,73.24,73.24,72.92,73.08,586.0,9,0.0
2024-10-11 10:00:00,72.78,72.9,72.66,72.81,362.0,13,0.0
2024-10-11 11:00:00,72.81,73.08,72.81,73.07,146.0,13,0.0
2024-10-11 12:00:00,73.07,73.07,72.85,73.04,180.0,13,0.0
2024-10-11 13:00:00,73.05,73.51,72.97,73.23,1060.0,13,0.0
2024-10-11 14:00:00,73.21,73.39,72.58,72.69,1323.0,9,0.0
2024-10-11 15:00:00,72.68,72.76,72.39,72.76,960.0,9,0.0
2024-10-11 16:00:00,72.76,72.77,72.33,72.48,761.0,9,0.0
2024-10-11 17:00:00,72.48,72.51,72.2,72.23,734.0,9,0.0
2024-10-11 18:00:00,72.23,72.35,72.08,72.19,710.0,9,0.0
2024-10-11 19:00:00,72.19,72.44,72.18,72.32,583.0,9,0.0
2024-10-14 10:00:00,72.5,72.5,72.48,72.48,5.0,13,0.0
2024-10-14 11:00:00,72.48,72.53,72.39,72.5,136.0,13,0.0
2024-10-14 12:00:00,72.5,72.51,72.37,72.48,123.0,13,0.0
2024-10-14 13:00:00,72.48,72.57,72.07,72.51,876.0,9,0.0
2024-10-14 14:00:00,72.52,72.54,71.7,71.72,1405.0,9,0.0
2024-10-14 15:00:00,71.73,71.76,71.43,71.66,1044.0,9,0.0
2024-10-14 16:00:00,71.67,71.72,71.37,71.47,705.0,9,0.0
2024-10-14 17:00:00,71.47,71.52,71.15,71.16,863.0,9,0.0
2024-10-14 18:00:00,71.16,71.27,71.1,71.25,752.0,9,0.0
2024-10-14 19:00:00,71.26,71.41,71.22,71.39,522.0,9,0.0
2024-10-15 10:00:00,71.44,71.48,71.41,71.47,190.0,13,0.0
2024-10-15 11:00:00,71.47,71.47,71.38,71.4,43.0,13,0.0
2024-10-15 12:00:00,71.39,71.47,71.31,71.47,122.0,13,0.0
2024-10-15 13:00:00,71.48,71.61,70.44,70.64,1040.0,13,0.0
2024-10-15 14:00:00,70.63,70.84,69.94,70.34,1492.0,9,0.0
2024-10-15 15:00:00,70.34,70.78,70.33,70.55,968.0,9,0.0
2024-10-15 16:00:00,70.55,70.9,70.54,70.82,687.0,9,0.0
2024-10-15 17:00:00,70.82,70.98,70.74,70.83,612.0,9,0.0
2024-10-15 18:00:00,70.83,70.91,70.68,70.68,475.0,9,0.0
2024-10-15 19:00:00,70.67,70.67,70.35,70.5,786.0,9,0.0
2024-10-16 10:00:00,70.53,70.56,70.45,70.52,167.0,13,0.0
2024-10-16 11:00:00,70.53,70.67,70.39,70.59,349.0,13,0.0
2024-10-16 12:00:00,70.61,70.64,70.46,70.46,225.0,13,0.0
2024-10-16 13:00:00,70.45,70.56,69.78,69.79,1040.0,9,0.0
2024-10-16 14:00:00,69.79,70.37,69.74,70.31,1023.0,9,0.0
2024-10-16 15:00:00,70.32,70.48,70.12,70.13,732.0,9,0.0
2024-10-16 16:00:00,70.17,70.47,70.15,70.46,645.0,9,0.0
2024-10-16 17:00:00,70.46,70.5,70.25,70.31,528.0,9,0.0
2024-10-16 18:00:00,70.32,70.36,70.08,70.15,709.0,9,0.0
2024-10-16 19:00:00,70.15,70.19,70.0,70.08,522.0,9,0.0
2024-10-17 10:00:00,70.49,70.52,70.39,70.5,106.0,13,0.0
2024-10-17 11:00:00,70.48,70.48,70.36,70.48,296.0,13,0.0
2024-10-17 12:00:00,70.48,70.52,70.36,70.48,304.0,13,0.0
2024-10-17 13:00:00,70.48,70.62,68.85,68.96,1577.0,9,0.0
2024-10-17 14:00:00,68.98,69.38,68.53,69.11,1555.0,9,0.0
2024-10-17 15:00:00,69.1,69.58,69.02,69.49,1022.0,9,0.0
2024-10-17 16:00:00,69.5,69.75,69.4,69.68,851.0,9,0.0
2024-10-17 17:00:00,69.68,69.83,69.34,69.36,884.0,9,0.0
2024-10-17 18:00:00,69.36,69.36,68.79,68.9,1232.0,9,0.0
2024-10-17 19:00:00,68.9,69.12,68.76,68.88,996.0,9,0.0
2024-10-18 10:00:00,72.52,73.17,72.5,73.17,446.0,13,0.0
2024-10-18 11:00:00,73.09,73.41,72.87,73.33,722.0,13,0.0
2024-10-18 12:00:00,73.36,73.4,72.95,73.23,995.0,13,0.0
2024-10-18 13:00:00,73.21,75.63,73.13,75.34,3660.0,9,0.0
2024-10-18 14:00:00,75.33,76.28,75.23,76.05,2615.0,9,0.0
2024-10-18 15:00:00,76.06,76.26,75.6,75.75,1744.0,9,0.0
2024-10-18 16:00:00,75.75,75.77,75.38,75.38,1511.0,9,0.0
2024-10-18 17:00:00,75.38,75.85,75.3,75.82,1351.0,9,0.0
2024-10-18 18:00:00,75.82,76.42,75.77,76.36,1366.0,9,0.0
2024-10-18 19:00:00,76.35,76.58,76.26,76.48,1201.0,9,0.0
2024-10-21 10:00:00,76.31,76.31,76.07,76.13,136.0,13,0.0
2024-10-21 11:00:00,76.16,76.25,76.08,76.16,256.0,13,0.0
2024-10-21 12:00:00,76.19,76.71,76.19,76.7,304.0,13,0.0
2024-10-21 13:00:00,76.69,76.85,75.73,75.94,1522.0,13,0.0
2024-10-21 14:00:00,75.94,76.57,75.7,76.24,1259.0,9,0.0
2024-10-21 15:00:00,76.24,76.56,75.62,76.5,982.0,9,0.0
2024-10-21 16:00:00,76.5,77.25,76.42,76.97,1023.0,9,0.0
2024-10-21 17:00:00,76.97,77.13,76.91,76.94,713.0,9,0.0
2024-10-21 18:00:00,76.94,77.15,76.7,76.83,811.0,9,0.0
2024-10-21 19:00:00,76.83,76.95,76.74,76.93,519.0,9,0.0
2024-10-22 10:00:00,76.74,76.79,76.63,76.68,418.0,13,0.0
2024-10-22 11:00:00,76.68,76.97,76.66,76.77,447.0,13,0.0
2024-10-22 12:00:00,76.77,76.87,76.55,76.72,300.0,13,0.0
2024-10-22 13:00:00,76.71,76.86,76.28,76.66,1079.0,13,0.0
2024-10-22 14:00:00,76.69,76.81,76.43,76.71,1030.0,9,0.0
2024-10-22 15:00:00,76.71,76.72,76.47,76.55,602.0,9,0.0
2024-10-22 16:00:00,76.55,76.59,76.07,76.38,768.0,9,0.0
2024-10-22 17:00:00,76.38,76.68,76.17,76.68,694.0,9,0.0
2024-10-22 18:00:00,76.67,76.72,76.38,76.4,650.0,9,0.0
2024-10-22 19:00:00,76.4,76.46,76.21,76.27,549.0,9,0.0
2024-10-23 10:00:00,76.11,76.11,76.05,76.05,165.0,13,0.0
2024-10-23 11:00:00,76.05,76.32,76.05,76.32,307.0,13,0.0
2024-10-23 12:00:00,76.3,76.31,76.21,76.21,208.0,13,0.0
2024-10-23 13:00:00,76.21,76.28,75.57,75.7,761.0,13,0.0
2024-10-23 14:00:00,75.69,75.95,75.37,75.72,1022.0,9,0.0
2024-10-23 15:00:00,75.72,75.74,75.29,75.39,844.0,9,0.0
2024-10-23 16:00:00,75.38,75.41,75.1,75.21,759.0,9,0.0
2024-10-23 17:00:00,75.21,75.21,74.57,74.6,905.0,9,0.0
2024-10-23 18:00:00,74.6,74.62,74.41,74.49,947.0,9,0.0
2024-10-23 19:00:00,74.49,74.85,74.4,74.79,740.0,9,0.0
2024-10-24 10:00:00,75.12,75.2,75.11,75.19,111.0,13,0.0
2024-10-24 11:00:00,75.19,75.21,75.09,75.18,179.0,13,0.0
2024-10-24 12:00:00,75.18,75.22,75.14,75.16,105.0,13,0.0
2024-10-24 13:00:00,75.16,75.28,74.58,74.84,721.0,13,0.0
2024-10-24 14:00:00,74.84,75.19,74.71,74.81,843.0,9,0.0
2024-10-24 15:00:00,74.82,74.94,74.6,74.94,620.0,9,0.0
2024-10-24 16:00:00,74.94,75.44,74.67,75.44,794.0,9,0.0
2024-10-24 17:00:00,75.43,75.46,75.19,75.19,540.0,9,0.0
2024-10-24 18:00:00,75.2,75.39,75.13,75.33,534.0,9,0.0
2024-10-24 19:00:00,75.32,75.53,75.19,75.36,475.0,9,0.0
2024-10-25 10:00:00,75.46,75.56,75.43,75.52,115.0,13,0.0
2024-10-25 11:00:00,75.52,75.56,75.38,75.53,467.0,13,0.0
2024-10-25 12:00:00,75.5,75.8,75.47,75.73,169.0,13,0.0
2024-10-25 13:00:00,75.72,76.19,75.29,76.19,797.0,13,0.0
2024-10-25 14:00:00,76.21,76.78,76.21,76.36,1333.0,9,0.0
2024-10-25 15:00:00,76.35,76.42,75.88,76.02,860.0,9,0.0
2024-10-25 16:00:00,76.02,76.15,75.91,76.13,558.0,9,0.0
2024-10-25 17:00:00,76.13,76.13,75.38,75.58,711.0,9,0.0
2024-10-25 18:00:00,75.59,75.85,75.43,75.79,681.0,9,0.0
2024-10-25 19:00:00,75.79,75.8,75.6,75.61,410.0,9,0.0
2024-10-28 10:00:00,75.81,75.86,75.74,75.84,364.0,13,0.0
2024-10-28 11:00:00,75.84,75.87,75.82,75.83,81.0,13,0.0
2024-10-28 12:00:00,75.82,75.85,75.73,75.82,204.0,13,0.0
2024-10-28 13:00:00,75.87,75.87,74.95,75.22,702.0,13,0.0
2024-10-28 14:00:00,75.23,75.33,75.02,75.23,583.0,9,0.0
2024-10-28 15:00:00,75.24,75.24,74.97,75.13,539.0,9,0.0
2024-10-28 16:00:00,75.13,75.22,75.03,75.03,405.0,9,0.0
2024-10-28 17:00:00,75.03,75.13,74.98,75.09,348.0,9,0.0
2024-10-28 18:00:00,75.08,75.13,74.95,74.98,396.0,9,0.0
2024-10-28 19:00:00,74.97,75.02,74.76,74.98,498.0,9,0.0
2024-10-29 10:00:00,75.1,75.49,74.96,75.17,837.0,13,0.0
2024-10-29 11:00:00,75.19,75.19,74.96,75.0,553.0,13,0.0
2024-10-29 12:00:00,75.0,75.03,74.91,74.99,231.0,13,0.0
2024-10-29 13:00:00,74.99,75.51,74.75,75.15,719.0,13,0.0
2024-10-29 14:00:00,75.14,75.58,74.96,75.51,786.0,9,0.0
2024-10-29 15:00:00,75.51,75.56,75.28,75.51,608.0,9,0.0
2024-10-29 16:00:00,75.51,76.01,75.47,75.84,778.0,9,0.0
2024-10-29 17:00:00,75.84,76.32,75.84,76.13,636.0,9,0.0
2024-10-29 18:00:00,76.13,76.15,75.95,76.0,452.0,9,0.0
2024-10-29 19:00:00,75.99,76.14,75.93,76.1,448.0,9,0.0
2024-10-30 10:00:00,76.14,76.24,76.12,76.2,378.0,13,0.0
2024-10-30 11:00:00,76.23,76.23,75.86,76.01,284.0,13,0.0
2024-10-30 12:00:00,75.98,75.98,75.76,75.77,295.0,13,0.0
2024-10-30 13:00:00,75.81,75.89,75.32,75.42,661.0,13,0.0
2024-10-30 14:00:00,75.43,75.75,75.28,75.34,660.0,9,0.0
2024-10-30 15:00:00,75.35,75.8,75.19,75.8,633.0,9,0.0
2024-10-30 16:00:00,75.79,75.93,75.68,75.72,478.0,9,0.0
2024-10-30 17:00:00,75.71,75.72,75.46,75.57,694.0,9,0.0
2024-10-30 18:00:00,75.57,75.73,75.41,75.55,516.0,9,0.0
2024-10-30 19:00:00,75.55,75.55,75.35,75.4,392.0,9,0.0
2024-10-31 10:00:00,75.08,75.17,75.02,75.09,733.0,13,0.0
2024-10-31 11:00:00,75.08,75.48,75.06,75.24,727.0,13,0.0
2024-10-31 12:00:00,75.22,75.36,75.1,75.13,461.0,13,0.0
2024-10-31 13:00:00,75.15,75.59,75.09,75.43,778.0,13,0.0
2024-10-31 14:00:00,75.41,75.8,75.32,75.53,1070.0,13,0.0
2024-10-31 15:00:00,75.48,76.03,75.33,75.87,929.0,9,0.0
2024-10-31 16:00:00,75.86,75.97,75.35,75.37,695.0,9,0.0
2024-10-31 17:00:00,75.37,75.55,75.31,75.42,592.0,9,0.0
2024-10-31 18:00:00,75.44,75.56,75.36,75.56,639.0,9,0.0
2024-10-31 19:00:00,75.56,75.7,75.56,75.64,467.0,9,0.0
2024-11-01 10:00:00,75.42,75.45,75.36,75.41,366.0,13,0.0
2024-11-01 11:00:00,75.41,75.58,75.41,75.51,254.0,13,0.0
2024-11-01 12:00:00,75.51,75.57,75.16,75.32,192.0,13,0.0
2024-11-01 13:00:00,75.33,75.57,74.75,75.38,892.0,13,0.0
2024-11-01 14:00:00,75.44,76.32,75.3,76.28,1258.0,9,0.0
2024-11-01 15:00:00,76.28,76.28,75.84,75.84,769.0,9,0.0
2024-11-01 16:00:00,75.84,76.16,75.83,75.95,613.0,9,0.0
2024-11-01 17:00:00,75.95,76.06,75.61,75.88,627.0,9,0.0
2024-11-01 18:00:00,75.86,75.91,75.71,75.84,538.0,9,0.0
2024-11-01 19:00:00,75.84,75.98,75.67,75.68,539.0,9,0.0
2024-11-04 11:00:00,75.75,75.83,75.7,75.77,886.0,13,0.0
2024-11-04 12:00:00,75.77,75.77,75.35,75.5,715.0,13,0.0
2024-11-04 13:00:00,75.52,75.72,75.47,75.59,296.0,13,0.0
2024-11-04 14:00:00,75.57,75.63,74.96,75.3,953.0,13,0.0
2024-11-04 15:00:00,75.31,76.02,75.28,75.81,950.0,9,0.0
2024-11-04 16:00:00,75.82,76.2,75.46,75.54,830.0,9,0.0
2024-11-04 17:00:00,75.54,75.89,75.39,75.84,656.0,9,0.0
2024-11-04 18:00:00,75.84,75.99,75.81,75.91,571.0,9,0.0
2024-11-04 19:00:00,75.91,75.99,75.74,75.79,487.0,9,0.0
2024-11-04 20:00:00,75.79,75.82,75.59,75.66,457.0,9,0.0
2024-11-05 11:00:00,75.14,75.3,75.01,75.27,472.0,13,0.0
2024-11-05 12:00:00,75.31,75.72,75.27,75.61,695.0,13,0.0
2024-11-05 13:00:00,75.56,75.86,75.53,75.63,303.0,13,0.0
2024-11-05 14:00:00,75.63,76.07,75.42,75.8,763.0,13,0.0
2024-11-05 15:00:00,75.8,76.48,75.74,76.22,906.0,9,0.0
2024-11-05 16:00:00,76.22,76.6,76.09,76.55,811.0,9,0.0
2024-11-05 17:00:00,76.55,76.7,76.44,76.48,613.0,9,0.0
2024-11-05 18:00:00,76.47,76.57,76.32,76.39,488.0,9,0.0
2024-11-05 19:00:00,76.39,76.46,76.13,76.21,543.0,9,0.0
2024-11-05 20:00:00,76.19,76.39,76.16,76.3,432.0,9,0.0
2024-11-06 11:00:00,77.23,77.53,77.15,77.18,1888.0,13,0.0
2024-11-06 12:00:00,77.18,77.41,77.03,77.12,777.0,13,0.0
2024-11-06 13:00:00,77.12,77.22,76.88,77.21,534.0,13,0.0
2024-11-06 14:00:00,77.21,77.36,75.7,76.25,1629.0,13,0.0
2024-11-06 15:00:00,76.31,76.94,76.17,76.78,1170.0,13,0.0
2024-11-06 16:00:00,76.79,77.06,76.66,76.97,678.0,9,0.0
2024-11-06 17:00:00,76.97,77.14,76.83,77.11,521.0,9,0.0
2024-11-06 18:00:00,77.11,77.38,77.04,77.12,609.0,9,0.0
2024-11-06 19:00:00,77.12,77.87,77.12,77.78,818.0,9,0.0
2024-11-06 20:00:00,77.78,78.08,77.73,78.08,590.0,9,0.0
2024-11-07 11:00:00,77.76,77.9,77.74,77.83,312.0,13,0.0
2024-11-07 12:00:00,77.84,77.93,77.83,77.87,421.0,13,0.0
2024-11-07 13:00:00,77.88,78.0,77.83,77.9,196.0,13,0.0
2024-11-07 14:00:00,77.9,78.63,77.86,78.56,713.0,13,0.0
2024-11-07 15:00:00,78.55,78.77,78.26,78.67,833.0,9,0.0
2024-11-07 16:00:00,78.67,79.17,78.67,79.12,822.0,9,0.0
2024-11-07 17:00:00,79.13,79.4,78.9,79.34,752.0,9,0.0
2024-11-07 18:00:00,79.34,79.48,79.16,79.32,688.0,9,0.0
2024-11-07 19:00:00,79.32,79.7,79.26,79.62,829.0,9,0.0
2024-11-07 20:00:00,79.62,79.7,79.45,79.66,610.0,9,0.0
2024-11-08 11:00:00,79.37,79.4,79.13,79.36,453.0,13,0.0
2024-11-08 12:00:00,79.35,79.45,79.26,79.41,292.0,13,0.0
2024-11-08 13:00:00,79.39,79.83,79.39,79.76,161.0,13,0.0
2024-11-08 14:00:00,79.76,79.81,79.29,79.78,725.0,13,0.0
2024-11-08 15:00:00,79.79,79.79,79.05,79.14,840.0,9,0.0
2024-11-08 16:00:00,79.14,79.16,78.83,78.99,590.0,9,0.0
2024-11-08 17:00:00,78.99,79.31,78.99,79.23,449.0,9,0.0
2024-11-08 18:00:00,79.24,79.41,79.08,79.32,397.0,9,0.0
2024-11-08 19:00:00,79.32,79.39,79.17,79.17,497.0,9,0.0
2024-11-08 20:00:00,79.17,79.38,79.15,79.28,379.0,9,0.0
2024-11-11 11:00:00,79.48,79.5,79.39,79.4,390.0,13,0.0
2024-11-11 12:00:00,79.43,79.73,79.39,79.58,572.0,13,0.0
2024-11-11 13:00:00,79.58,79.66,79.4,79.53,242.0,13,0.0
2024-11-11 14:00:00,79.52,80.25,79.41,79.94,969.0,13,0.0
2024-11-11 15:00:00,79.94,80.38,79.82,80.26,943.0,9,0.0
2024-11-11 16:00:00,80.26,80.59,80.25,80.47,690.0,9,0.0
2024-11-11 17:00:00,80.47,80.61,80.22,80.22,481.0,9,0.0
2024-11-11 18:00:00,80.21,80.58,79.98,80.54,635.0,9,0.0
2024-11-11 19:00:00,80.53,80.62,80.45,80.52,515.0,9,0.0
2024-11-11 20:00:00,80.52,80.54,80.3,80.32,406.0,9,0.0
2024-11-12 11:00:00,80.18,80.33,79.95,80.22,536.0,13,0.0
2024-11-12 12:00:00,80.23,80.59,80.12,80.45,790.0,13,0.0
2024-11-12 13:00:00,80.44,80.5,80.41,80.45,282.0,13,0.0
2024-11-12 14:00:00,80.45,81.61,80.34,81.37,1375.0,13,0.0
2024-11-12 15:00:00,81.4,81.44,81.05,81.1,988.0,9,0.0
2024-11-12 16:00:00,81.1,81.23,80.88,81.13,631.0,9,0.0
2024-11-12 17:00:00,81.13,81.39,81.11,81.12,614.0,9,0.0
2024-11-12 18:00:00,81.12,81.68,81.1,81.6,784.0,9,0.0
2024-11-12 19:00:00,81.61,81.79,81.5,81.75,572.0,9,0.0
2024-11-12 20:00:00,81.75,81.98,81.7,81.82,597.0,9,0.0
2024-11-13 11:00:00,82.25,82.27,82.18,82.18,277.0,13,0.0
2024-11-13 12:00:00,82.18,82.51,82.15,82.2,180.0,13,0.0
2024-11-13 13:00:00,82.19,82.4,82.11,82.32,217.0,13,0.0
2024-11-13 14:00:00,82.32,83.21,82.02,82.45,1231.0,13,0.0
2024-11-13 15:00:00,82.45,82.86,82.38,82.79,1174.0,9,0.0
2024-11-13 16:00:00,82.79,83.1,82.71,83.02,792.0,9,0.0
2024-11-13 17:00:00,83.01,83.19,82.94,83.11,621.0,9,0.0
2024-11-13 18:00:00,83.11,83.65,83.1,83.6,724.0,9,0.0
2024-11-13 19:00:00,83.6,83.6,83.11,83.4,781.0,9,0.0
2024-11-13 20:00:00,83.39,83.55,83.26,83.42,548.0,9,0.0
2024-11-14 11:00:00,83.39,83.43,83.26,83.37,359.0,13,0.0
2024-11-14 12:00:00,83.3,83.34,83.24,83.3,362.0,13,0.0
2024-11-14 13:00:00,83.31,83.33,83.07,83.16,236.0,13,0.0
2024-11-14 14:00:00,83.13,84.01,82.83,83.77,1416.0,13,0.0
2024-11-14 15:00:00,83.77,84.03,83.37,83.65,1057.0,9,0.0
2024-11-14 16:00:00,83.65,83.77,83.43,83.52,632.0,9,0.0
2024-11-14 17:00:00,83.52,83.65,83.36,83.56,662.0,9,0.0
2024-11-14 18:00:00,83.56,83.62,83.39,83.4,510.0,9,0.0
2024-11-14 19:00:00,83.39,83.78,83.34,83.64,632.0,9,0.0
2024-11-14 20:00:00,83.64,83.64,83.4,83.46,686.0,9,0.0
2024-11-15 11:00:00,83.15,83.18,83.05,83.08,221.0,13,0.0
2024-11-15 12:00:00,83.06,83.47,83.06,83.28,552.0,13,0.0
2024-11-15 13:00:00,83.28,83.31,83.08,83.16,328.0,13,0.0
2024-11-15 14:00:00,83.16,83.2,82.2,82.37,1131.0,13,0.0
2024-11-15 15:00:00,82.36,82.54,81.81,81.99,1382.0,9,0.0
2024-11-15 16:00:00,81.98,82.15,81.76,82.03,936.0,9,0.0
2024-11-15 17:00:00,82.03,82.06,81.62,81.91,837.0,9,0.0
2024-11-15 18:00:00,81.89,82.14,81.68,81.74,804.0,9,0.0
2024-11-15 19:00:00,81.74,82.27,81.72,82.17,658.0,9,0.0
2024-11-15 20:00:00,82.17,82.37,81.95,81.97,575.0,9,0.0
2024-11-18 11:00:00,82.25,82.3,81.65,81.77,703.0,13,0.0
2024-11-18 12:00:00,82.1,82.1,81.37,81.42,690.0,13,0.0
2024-11-18 13:00:00,81.4,81.56,80.38,81.41,943.0,13,0.0
2024-11-18 14:00:00,81.41,81.95,80.9,81.82,1482.0,13,0.0
2024-11-18 15:00:00,81.82,84.01,81.79,83.73,2008.0,9,0.0
2024-11-18 16:00:00,83.74,84.54,83.73,84.23,1189.0,9,0.0
2024-11-18 17:00:00,84.23,84.43,83.99,84.27,771.0,9,0.0
2024-11-18 18:00:00,84.27,84.31,83.92,84.31,662.0,9,0.0
2024-11-18 19:00:00,84.3,84.56,84.18,84.44,758.0,9,0.0
2024-11-18 20:00:00,84.44,84.74,84.38,84.71,587.0,9,0.0
2024-11-19 11:00:00,83.98,84.05,83.98,84.03,251.0,13,0.0
2024-11-19 12:00:00,84.03,84.46,84.03,84.44,460.0,13,0.0
2024-11-19 13:00:00,84.44,84.47,83.68,83.76,477.0,13,0.0
2024-11-19 14:00:00,83.76,84.94,83.49,84.67,1252.0,13,0.0
2024-11-19 15:00:00,84.67,85.3,84.56,85.24,1192.0,9,0.0
2024-11-19 16:00:00,85.24,86.35,85.24,86.22,1139.0,9,0.0
2024-11-19 17:00:00,86.23,86.6,86.1,86.52,912.0,9,0.0
2024-11-19 18:00:00,86.52,86.9,86.41,86.88,791.0,9,0.0
2024-11-19 19:00:00,86.88,87.29,86.87,87.09,934.0,9,0.0
2024-11-19 20:00:00,87.09,87.35,86.92,87.22,613.0,9,0.0
2024-11-20 11:00:00,87.46,87.99,87.38,87.68,723.0,13,0.0
2024-11-20 12:00:00,87.64,87.83,87.64,87.71,739.0,13,0.0
2024-11-20 13:00:00,87.73,88.1,87.69,87.8,338.0,13,0.0
2024-11-20 14:00:00,87.83,88.96,87.49,87.84,1823.0,13,0.0
2024-11-20 15:00:00,87.83,87.93,86.78,87.53,1753.0,9,0.0
2024-11-20 16:00:00,87.53,88.17,87.47,88.08,1149.0,9,0.0
2024-11-20 17:00:00,88.09,88.18,87.72,87.81,996.0,9,0.0
2024-11-20 18:00:00,87.81,87.94,87.38,87.6,838.0,9,0.0
2024-11-20 19:00:00,87.61,87.69,87.44,87.53,687.0,9,0.0
2024-11-20 20:00:00,87.53,88.42,87.5,88.32,755.0,9,0.0
2024-11-21 11:00:00,88.5,88.7,88.41,88.63,975.0,13,0.0
2024-11-21 12:00:00,88.64,88.8,88.42,88.71,651.0,13,0.0
2024-11-21 13:00:00,88.7,88.81,88.61,88.81,346.0,13,0.0
2024-11-21 14:00:00,88.81,88.9,87.73,88.24,1309.0,13,0.0
2024-11-21 15:00:00,88.26,89.42,88.1,89.39,1574.0,13,0.0
2024-11-21 16:00:00,89.41,90.34,89.41,90.28,1204.0,9,0.0
2024-11-21 17:00:00,90.28,90.74,89.73,89.75,1110.0,9,0.0
2024-11-21 18:00:00,89.76,89.85,89.17,89.62,935.0,9,0.0
2024-11-21 19:00:00,89.61,89.83,89.51,89.66,683.0,9,0.0
2024-11-21 20:00:00,89.66,89.97,89.58,89.65,592.0,9,0.0
2024-11-22 11:00:00,89.6,89.66,89.58,89.64,110.0,13,0.0
2024-11-22 12:00:00,89.65,89.77,89.17,89.75,619.0,13,0.0
2024-11-22 13:00:00,89.75,89.79,89.57,89.59,361.0,13,0.0
2024-11-22 14:00:00,89.58,90.27,89.24,90.27,1051.0,13,0.0
2024-11-22 15:00:00,90.28,90.51,89.74,90.45,1201.0,13,0.0
2024-11-22 16:00:00,90.45,90.48,89.78,89.98,790.0,13,0.0
2024-11-22 17:00:00,89.98,90.06,89.73,89.93,676.0,9,0.0
2024-11-22 18:00:00,89.95,90.2,89.74,89.84,611.0,9,0.0
2024-11-22 19:00:00,89.84,90.0,89.6,89.97,644.0,9,0.0
2024-11-22 20:00:00,89.97,89.98,89.64,89.74,540.0,9,0.0
2024-11-25 11:00:00,90.38,90.4,90.16,90.17,365.0,13,0.0
2024-11-25 12:00:00,90.14,90.15,89.91,90.08,468.0,13,0.0
2024-11-25 13:00:00,90.08,90.24,89.99,90.19,383.0,13,0.0
2024-11-25 14:00:00,90.2,90.35,88.3,88.67,1726.0,13,0.0
2024-11-25 15:00:00,88.67,88.67,86.93,87.18,1766.0,9,0.0
2024-11-25 16:00:00,87.18,87.61,86.79,87.36,1339.0,9,0.0
2024-11-25 17:00:00,87.36,87.36,86.71,87.04,980.0,9,0.0
2024-11-25 18:00:00,87.04,87.28,86.93,87.04,791.0,9,0.0
2024-11-25 19:00:00,87.04,87.1,86.79,86.84,676.0,9,0.0
2024-11-25 20:00:00,86.85,86.85,86.5,86.68,686.0,9,0.0
2024-11-26 11:00:00,86.8,86.84,86.68,86.84,184.0,13,0.0
2024-11-26 12:00:00,86.81,86.82,86.65,86.67,169.0,13,0.0
2024-11-26 13:00:00,86.69,86.69,86.51,86.56,127.0,13,0.0
2024-11-26 14:00:00,86.54,88.33,86.48,88.17,1098.0,13,0.0
2024-11-26 15:00:00,88.23,88.55,87.73,87.73,1142.0,9,0.0
2024-11-26 16:00:00,87.73,88.27,87.67,88.25,875.0,9,0.0
2024-11-26 17:00:00,88.25,88.27,87.86,87.96,581.0,9,0.0
2024-11-26 18:00:00,87.96,87.98,87.19,87.2,687.0,9,0.0
2024-11-26 19:00:00,87.19,87.29,87.01,87.02,810.0,9,0.0
2024-11-26 20:00:00,87.01,87.22,86.98,87.09,569.0,9,0.0
2024-11-27 11:00:00,87.61,87.64,87.45,87.57,521.0,13,0.0
2024-11-27 12:00:00,87.59,87.59,87.38,87.48,435.0,13,0.0
2024-11-27 13:00:00,87.48,87.6,87.39,87.56,328.0,13,0.0
2024-11-27 14:00:00,87.56,87.61,86.54,86.8,919.0,13,0.0
2024-11-27 15:00:00,86.81,86.94,86.2,86.22,977.0,13,0.0
2024-11-27 16:00:00,86.22,86.6,85.87,86.37,957.0,9,0.0
2024-11-27 17:00:00,86.38,86.79,86.17,86.72,668.0,9,0.0
2024-11-27 18:00:00,86.72,87.92,86.72,87.88,918.0,9,0.0
2024-11-27 19:00:00,87.88,88.04,87.75,87.96,761.0,9,0.0
2024-11-27 20:00:00,87.96,88.04,87.69,87.78,536.0,9,0.0
2024-11-29 11:00:00,88.34,88.43,88.28,88.36,988.0,13,0.0
2024-11-29 12:00:00,88.3,88.35,87.82,87.93,648.0,13,0.0
2024-11-29 13:00:00,87.92,87.92,87.52,87.77,408.0,13,0.0
2024-11-29 14:00:00,87.77,88.46,87.62,88.45,847.0,13,0.0
2024-11-29 15:00:00,88.45,89.1,88.44,88.94,1117.0,9,0.0
2024-11-29 16:00:00,88.95,89.17,88.9,88.93,794.0,9,0.0
2024-11-29 17:00:00,88.92,89.04,88.59,88.66,884.0,9,0.0
2024-12-02 11:00:00,88.71,88.76,88.71,88.73,166.0,13,0.0
2024-12-02 12:00:00,88.73,88.82,88.73,88.75,51.0,13,0.0
2024-12-02 13:00:00,88.76,88.99,88.76,88.89,217.0,13,0.0
2024-12-02 14:00:00,88.89,89.96,88.39,89.75,1114.0,13,0.0
2024-12-02 15:00:00,89.75,90.15,89.49,89.65,1198.0,9,0.0
2024-12-02 16:00:00,89.65,89.78,89.32,89.74,762.0,9,0.0
2024-12-02 17:00:00,89.76,89.85,89.33,89.38,656.0,9,0.0
2024-12-02 18:00:00,89.38,89.54,89.32,89.54,434.0,9,0.0
2024-12-02 19:00:00,89.54,89.74,89.43,89.71,454.0,9,0.0
2024-12-02 20:00:00,89.71,89.93,89.69,89.73,478.0,9,0.0
2024-12-03 11:00:00,89.92,89.92,89.37,89.75,816.0,13,0.0
2024-12-03 12:00:00,89.77,89.79,89.56,89.6,674.0,13,0.0
2024-12-03 13:00:00,89.6,89.81,89.55,89.68,343.0,13,0.0
2024-12-03 14:00:00,89.69,89.83,88.79,89.38,877.0,13,0.0
2024-12-03 15:00:00,89.36,89.61,89.08,89.35,752.0,9,0.0
2024-12-03 16:00:00,89.35,89.61,89.21,89.28,594.0,9,0.0
2024-12-03 17:00:00,89.28,89.75,89.13,89.74,531.0,9,0.0
2024-12-03 18:00:00,89.74,90.01,89.73,89.88,596.0,9,0.0
2024-12-03 19:00:00,89.88,90.01,89.87,89.98,367.0,9,0.0
2024-12-03 20:00:00,89.98,90.1,89.76,89.85,465.0,9,0.0
2024-12-04 11:00:00,90.2,90.33,90.13,90.18,378.0,13,0.0
2024-12-04 12:00:00,90.11,90.59,90.11,90.47,679.0,13,0.0
2024-12-04 13:00:00,90.46,90.6,90.27,90.33,285.0,13,0.0
2024-12-04 14:00:00,90.3,90.43,89.71,90.12,958.0,13,0.0
2024-12-04 15:00:00,90.11,91.44,90.06,91.36,1166.0,9,0.0
2024-12-04 16:00:00,91.36,91.4,90.7,91.17,711.0,9,0.0
2024-12-04 17:00:00,91.17,91.47,91.01,91.41,576.0,9,0.0
2024-12-04 18:00:00,91.4,91.48,91.16,91.41,552.0,9,0.0
2024-12-04 19:00:00,91.42,91.54,91.15,91.23,559.0,9,0.0
2024-12-04 20:00:00,91.23,91.38,91.11,91.13,408.0,9,0.0
2024-12-05 11:00:00,91.15,91.53,91.12,91.18,489.0,13,0.0
2024-12-05 12:00:00,91.21,91.52,91.05,91.1,409.0,13,0.0
2024-12-05 13:00:00,91.1,91.13,90.98,91.09,306.0,13,0.0
2024-12-05 14:00:00,91.07,92.0,91.03,91.3,1207.0,13,0.0
2024-12-05 15:00:00,91.28,92.08,91.12,91.86,1100.0,13,0.0
2024-12-05 16:00:00,91.86,92.24,91.67,91.98,644.0,13,0.0
2024-12-05 17:00:00,91.98,92.48,91.95,92.41,581.0,9,0.0
2024-12-05 18:00:00,92.41,92.64,92.17,92.49,766.0,9,0.0
2024-12-05 19:00:00,92.49,92.59,92.19,92.29,523.0,9,0.0
2024-12-05 20:00:00,92.29,92.41,91.89,91.92,486.0,9,0.0
2024-12-06 11:00:00,92.15,92.17,92.11,92.16,333.0,13,0.0
2024-12-06 12:00:00,92.15,92.16,91.99,92.02,319.0,13,0.0
2024-12-06 13:00:00,92.02,92.06,91.84,91.96,276.0,13,0.0
2024-12-06 14:00:00,91.96,92.03,91.22,91.61,947.0,13,0.0
2024-12-06 15:00:00,91.61,92.17,91.53,91.99,761.0,13,0.0
2024-12-06 16:00:00,92.01,92.52,91.97,92.19,644.0,9,0.0
2024-12-06 17:00:00,92.21,92.58,92.19,92.44,575.0,9,0.0
2024-12-06 18:00:00,92.43,92.83,92.43,92.76,645.0,9,0.0
2024-12-06 19:00:00,92.77,93.0,92.58,92.9,673.0,9,0.0
2024-12-06 20:00:00,92.9,93.24,92.9,93.24,704.0,9,0.0
2024-12-09 11:00:00,93.49,93.5,93.44,93.47,73.0,13,0.0
2024-12-09 12:00:00,93.49,93.51,93.28,93.32,236.0,13,0.0
2024-12-09 13:00:00,93.31,93.37,93.3,93.37,233.0,13,0.0
2024-12-09 14:00:00,93.35,93.36,91.74,91.84,1257.0,13,0.0
2024-12-09 15:00:00,91.84,92.11,90.42,90.8,1449.0,13,0.0
2024-12-09 16:00:00,90.81,91.13,90.22,91.13,893.0,13,0.0
2024-12-09 17:00:00,91.13,91.32,90.91,91.0,609.0,13,0.0
2024-12-09 18:00:00,91.0,91.64,90.84,91.58,545.0,13,0.0
2024-12-09 19:00:00,91.58,91.62,90.92,91.12,522.0,13,0.0
2024-12-09 20:00:00,91.12,91.22,91.07,91.2,404.0,13,0.0
2024-12-10 11:00:00,91.64,91.74,91.63,91.64,532.0,13,0.0
2024-12-10 12:00:00,91.67,91.69,91.43,91.56,518.0,13,0.0
2024-12-10 13:00:00,91.56,91.72,91.49,91.53,369.0,13,0.0
2024-12-10 14:00:00,91.54,92.13,91.02,91.55,825.0,13,0.0
2024-12-10 15:00:00,91.57,92.03,91.54,91.63,820.0,13,0.0
2024-12-10 16:00:00,91.6,92.09,91.47,92.0,723.0,13,0.0
2024-12-10 17:00:00,92.0,92.2,91.87,91.9,683.0,9,0.0
2024-12-10 18:00:00,91.9,91.9,91.56,91.7,477.0,9,0.0
2024-12-10 19:00:00,91.7,91.73,90.98,91.15,509.0,9,0.0
2024-12-10 20:00:00,91.15,91.55,90.92,91.53,578.0,9,0.0
2024-12-11 11:00:00,91.64,91.72,91.63,91.69,427.0,13,0.0
2024-12-11 12:00:00,91.69,92.02,91.67,91.9,403.0,13,0.0
2024-12-11 13:00:00,91.9,92.72,91.86,92.46,482.0,13,0.0
2024-12-11 14:00:00,92.47,93.46,92.21,93.23,1365.0,13,0.0
2024-12-11 15:00:00,93.22,93.95,93.08,93.56,1382.0,9,0.0
2024-12-11 16:00:00,93.54,93.82,93.35,93.69,720.0,13,0.0
2024-12-11 17:00:00,93.7,93.93,93.58,93.63,746.0,9,0.0
2024-12-11 18:00:00,93.63,94.11,93.5,93.96,824.0,9,0.0
2024-12-11 19:00:00,93.96,94.03,93.63,93.73,585.0,9,0.0
2024-12-11 20:00:00,93.73,93.85,93.55,93.55,550.0,9,0.0
2024-12-12 11:00:00,93.68,93.72,93.52,93.61,579.0,13,0.0
2024-12-12 12:00:00,93.61,93.63,93.33,93.4,500.0,13,0.0
2024-12-12 13:00:00,93.38,93.44,93.16,93.27,270.0,13,0.0
2024-12-12 14:00:00,93.23,93.32,92.71,92.99,808.0,13,0.0
2024-12-12 15:00:00,93.0,93.26,92.53,92.71,1043.0,13,0.0
2024-12-12 16:00:00,92.71,92.94,92.48,92.57,616.0,9,0.0
2024-12-12 17:00:00,92.57,92.76,92.52,92.73,501.0,9,0.0
2024-12-12 18:00:00,92.72,92.74,92.5,92.62,456.0,9,0.0
2024-12-12 19:00:00,92.61,92.73,92.25,92.57,606.0,9,0.0
2024-12-12 20:00:00,92.57,92.79,92.33,92.57,520.0,9,0.0
2024-12-13 11:00:00,92.55,93.17,92.49,92.54,878.0,13,0.0
2024-12-13 12:00:00,92.53,92.56,92.27,92.32,630.0,13,0.0
2024-12-13 13:00:00,92.31,92.36,92.15,92.27,503.0,13,0.0
2024-12-13 14:00:00,92.29,92.47,91.6,92.12,899.0,13,0.0
2024-12-13 15:00:00,92.14,92.2,90.99,91.0,1004.0,9,0.0
2024-12-13 16:00:00,91.0,91.52,90.93,91.51,828.0,9,0.0
2024-12-13 17:00:00,91.51,91.62,91.3,91.34,619.0,9,0.0
2024-12-13 18:00:00,91.35,91.61,91.33,91.54,512.0,9,0.0
2024-12-13 19:00:00,91.54,92.05,91.48,91.92,632.0,9,0.0
2024-12-13 20:00:00,91.92,92.07,91.73,92.07,485.0,9,0.0
2024-12-16 11:00:00,91.34,91.48,91.28,91.38,304.0,13,0.0
2024-12-16 12:00:00,91.37,91.55,91.36,91.52,209.0,13,0.0
2024-12-16 13:00:00,91.54,92.27,91.51,92.1,448.0,13,0.0
2024-12-16 14:00:00,92.08,92.78,91.95,92.25,960.0,13,0.0
2024-12-16 15:00:00,92.25,92.39,91.92,92.04,932.0,13,0.0
2024-12-16 16:00:00,92.05,92.23,91.89,92.05,649.0,9,0.0
2024-12-16 17:00:00,92.05,92.32,92.05,92.18,434.0,9,0.0
2024-12-16 18:00:00,92.17,92.33,92.13,92.3,570.0,9,0.0
2024-12-16 19:00:00,92.3,92.35,92.14,92.26,495.0,9,0.0
2024-12-16 20:00:00,92.26,92.4,92.22,92.31,372.0,9,0.0
2024-12-17 11:00:00,91.85,91.88,91.72,91.81,581.0,13,0.0
2024-12-17 12:00:00,91.83,91.86,91.63,91.81,877.0,13,0.0
2024-12-17 13:00:00,91.79,92.12,91.69,91.83,397.0,13,0.0
2024-12-17 14:00:00,91.83,92.75,91.83,92.23,949.0,13,0.0
2024-12-17 15:00:00,92.24,92.37,91.69,92.23,1173.0,13,0.0
2024-12-17 16:00:00,92.23,92.53,92.03,92.19,930.0,13,0.0
2024-12-17 17:00:00,92.18,92.25,91.95,91.98,651.0,13,0.0
2024-12-17 18:00:00,91.98,92.14,91.87,92.02,564.0,9,0.0
2024-12-17 19:00:00,92.02,92.04,91.67,91.75,501.0,13,0.0
2024-12-17 20:00:00,91.76,91.81,91.59,91.81,511.0,9,0.0
2024-12-18 11:00:00,92.04,92.51,92.04,92.17,586.0,13,0.0
2024-12-18 12:00:00,92.17,92.32,92.09,92.23,520.0,13,0.0
2024-12-18 13:00:00,92.23,92.25,91.47,91.85,701.0,13,0.0
2024-12-18 14:00:00,91.88,92.16,91.24,91.62,795.0,13,0.0
2024-12-18 15:00:00,91.62,92.01,91.49,91.76,760.0,13,0.0
2024-12-18 16:00:00,91.78,91.82,91.25,91.74,577.0,13,0.0
2024-12-18 17:00:00,91.74,91.89,91.57,91.82,421.0,13,0.0
2024-12-18 18:00:00,91.83,91.96,91.68,91.69,365.0,9,0.0
2024-12-18 19:00:00,91.68,91.68,90.43,90.46,1410.0,9,0.0
2024-12-18 20:00:00,90.46,90.46,88.62,88.7,1537.0,13,0.0
2024-12-19 11:00:00,89.29,89.32,89.11,89.25,258.0,13,0.0
2024-12-19 12:00:00,89.21,89.9,89.21,89.88,581.0,13,0.0
2024-12-19 13:00:00,89.88,90.2,89.83,89.99,468.0,13,0.0
2024-12-19 14:00:00,89.99,91.19,89.92,90.39,1640.0,13,0.0
2024-12-19 15:00:00,90.37,90.82,89.95,90.5,1545.0,13,0.0
2024-12-19 16:00:00,90.51,90.66,90.24,90.48,986.0,13,0.0
2024-12-19 17:00:00,90.48,90.56,89.89,90.46,848.0,13,0.0
2024-12-19 18:00:00,90.46,90.92,90.09,90.92,717.0,13,0.0
2024-12-19 19:00:00,90.92,90.97,90.56,90.6,751.0,9,0.0
2024-12-19 20:00:00,90.6,90.87,90.35,90.61,771.0,9,0.0
2024-12-20 11:00:00,89.08,89.22,88.99,88.99,762.0,13,0.0
2024-12-20 12:00:00,88.99,89.27,88.78,89.25,563.0,13,0.0
2024-12-20 13:00:00,89.25,89.95,89.07,89.76,543.0,13,0.0
2024-12-20 14:00:00,89.75,90.09,89.02,89.44,1352.0,13,0.0
2024-12-20 15:00:00,89.48,90.6,89.47,90.35,1232.0,13,0.0
2024-12-20 16:00:00,90.36,91.72,90.35,91.6,1103.0,13,0.0
2024-12-20 17:00:00,91.6,91.91,91.48,91.7,739.0,13,0.0
2024-12-20 18:00:00,91.69,91.71,91.2,91.29,637.0,13,0.0
2024-12-20 19:00:00,91.29,91.4,90.99,91.17,568.0,13,0.0
2024-12-20 20:00:00,91.17,91.24,90.7,90.97,667.0,9,0.0
2024-12-23 11:00:00,91.1,91.15,90.93,91.01,865.0,13,0.0
2024-12-23 12:00:00,91.01,91.24,90.97,91.16,420.0,13,0.0
2024-12-23 13:00:00,91.16,91.22,90.91,90.97,348.0,13,0.0
2024-12-23 14:00:00,90.99,91.62,90.0,90.2,1218.0,13,0.0
2024-12-23 15:00:00,90.22,90.41,89.88,90.27,1088.0,13,0.0
2024-12-23 16:00:00,90.27,91.02,90.27,91.0,665.0,9,0.0
2024-12-23 17:00:00,91.0,91.13,90.83,90.89,687.0,9,0.0
2024-12-23 18:00:00,90.89,91.42,90.89,91.39,646.0,9,0.0
2024-12-23 19:00:00,91.38,91.44,91.08,91.08,503.0,9,0.0
2024-12-23 20:00:00,91.08,91.09,90.73,90.99,646.0,9,0.0
2024-12-24 11:00:00,91.27,91.29,91.09,91.2,20.0,13,0.0
2024-12-24 12:00:00,91.19,91.32,91.04,91.26,137.0,13,0.0
2024-12-24 13:00:00,91.24,91.71,91.19,91.69,165.0,13,0.0
2024-12-24 14:00:00,91.69,91.82,91.12,91.47,782.0,13,0.0
2024-12-24 15:00:00,91.47,92.09,91.32,91.99,864.0,13,0.0
2024-12-24 16:00:00,91.98,93.51,91.97,93.28,1491.0,9,0.0
2024-12-24 17:00:00,93.28,93.5,92.95,93.13,1178.0,9,0.0
2024-12-26 11:00:00,93.22,93.34,93.18,93.31,42.0,13,0.0
2024-12-26 12:00:00,93.25,93.34,93.15,93.18,177.0,13,0.0
2024-12-26 13:00:00,93.27,93.37,92.48,92.67,261.0,13,0.0
2024-12-26 14:00:00,92.65,92.95,92.11,92.24,1148.0,13,0.0
2024-12-26 15:00:00,92.23,92.5,91.56,91.74,915.0,13,0.0
2024-12-26 16:00:00,91.75,91.95,91.48,91.84,806.0,13,0.0
2024-12-26 17:00:00,91.85,92.16,91.72,91.78,707.0,13,0.0
2024-12-26 18:00:00,91.78,92.3,91.77,92.19,546.0,9,0.0
2024-12-26 19:00:00,92.18,92.56,92.06,92.46,538.0,9,0.0
2024-12-26 20:00:00,92.47,92.54,92.42,92.44,378.0,9,0.0
2024-12-27 11:00:00,91.62,91.64,90.75,91.38,735.0,13,0.0
2024-12-27 12:00:00,91.4,91.98,91.4,91.74,728.0,13,0.0
2024-12-27 13:00:00,91.74,91.82,91.56,91.6,352.0,13,0.0
2024-12-27 14:00:00,91.58,91.87,89.83,90.14,1455.0,13,0.0
2024-12-27 15:00:00,90.15,90.17,89.41,90.02,1601.0,13,0.0
2024-12-27 16:00:00,90.02,90.24,89.66,89.83,974.0,13,0.0
2024-12-27 17:00:00,89.83,90.27,89.73,90.25,823.0,13,0.0
2024-12-27 18:00:00,90.25,90.64,90.2,90.57,646.0,9,0.0
2024-12-27 19:00:00,90.57,90.74,90.38,90.61,684.0,9,0.0
2024-12-27 20:00:00,90.61,90.64,90.35,90.38,700.0,9,0.0
2024-12-30 11:00:00,90.56,90.6,90.33,90.46,933.0,13,0.0
2024-12-30 12:00:00,90.53,90.56,89.64,89.72,1063.0,13,0.0
2024-12-30 13:00:00,89.7,89.78,89.22,89.33,352.0,13,0.0
2024-12-30 14:00:00,89.32,89.97,89.17,89.2,1241.0,13,0.0
2024-12-30 15:00:00,89.19,89.57,88.92,89.57,1223.0,13,0.0
2024-12-30 16:00:00,89.56,90.15,89.44,90.15,704.0,13,0.0
2024-12-30 17:00:00,90.14,90.75,89.99,90.68,717.0,9,0.0
2024-12-30 18:00:00,90.66,90.67,90.3,90.47,556.0,13,0.0
2024-12-30 19:00:00,90.47,90.55,90.32,90.47,477.0,9,0.0
2024-12-30 20:00:00,90.48,90.52,90.09,90.16,503.0,9,0.0
2024-12-31 12:00:00,90.26,90.37,90.17,90.22,108.0,13,0.0
2024-12-31 13:00:00,90.22,90.28,89.99,90.19,97.0,13,0.0
2024-12-31 14:00:00,90.14,90.29,89.41,89.81,722.0,13,0.0
2024-12-31 15:00:00,89.79,90.09,89.51,89.64,801.0,13,0.0
2024-12-31 16:00:00,89.65,89.82,89.2,89.68,707.0,13,0.0
2024-12-31 17:00:00,89.69,89.76,89.12,89.64,629.0,13,0.0
2024-12-31 18:00:00,89.65,89.68,89.07,89.07,670.0,9,0.0
2024-12-31 19:00:00,89.07,89.41,88.95,89.25,684.0,9,0.0
2024-12-31 20:00:00,89.26,89.59,89.1,89.33,698.0,9,0.0
2025-01-02 11:00:00,89.54,89.6,89.51,89.6,261.0,13,0.0
2025-01-02 12:00:00,89.6,89.91,89.52,89.58,611.0,13,0.0
2025-01-02 13:00:00,89.6,89.69,89.47,89.61,474.0,13,0.0
2025-01-02 14:00:00,89.64,89.69,88.23,89.34,1127.0,13,0.0
2025-01-02 15:00:00,89.35,89.78,88.67,88.98,1330.0,13,0.0
2025-01-02 16:00:00,88.97,89.39,88.63,89.29,788.0,13,0.0
2025-01-02 17:00:00,89.32,89.33,87.68,88.1,1129.0,13,0.0
2025-01-02 18:00:00,88.1,88.16,87.71,88.08,824.0,13,0.0
2025-01-02 19:00:00,88.08,88.72,88.06,88.43,784.0,9,0.0
2025-01-02 20:00:00,88.44,88.85,88.43,88.6,670.0,9,0.0
2025-01-03 11:00:00,88.83,88.9,88.81,88.88,274.0,13,0.0
2025-01-03 12:00:00,88.89,89.0,88.86,88.98,165.0,13,0.0
2025-01-03 13:00:00,88.95,89.02,88.9,88.9,287.0,13,0.0
2025-01-03 14:00:00,88.83,89.75,88.79,88.96,1022.0,13,0.0
2025-01-03 15:00:00,88.98,89.16,87.99,88.27,1389.0,9,0.0
2025-01-03 16:00:00,88.28,88.83,88.18,88.59,825.0,9,0.0
2025-01-03 17:00:00,88.59,88.73,88.39,88.66,602.0,9,0.0
2025-01-03 18:00:00,88.66,88.97,88.6,88.86,406.0,9,0.0
2025-01-03 19:00:00,88.86,88.93,88.75,88.88,402.0,9,0.0
2025-01-03 20:00:00,88.88,88.88,88.45,88.46,543.0,9,0.0
2025-01-06 11:00:00,88.17,88.61,88.12,88.32,374.0,13,0.0
2025-01-06 12:00:00,88.32,88.59,88.2,88.22,272.0,13,0.0
2025-01-06 13:00:00,88.21,88.23,88.07,88.11,295.0,13,0.0
2025-01-06 14:00:00,88.11,89.2,88.04,88.22,1567.0,13,0.0
2025-01-06 15:00:00,88.22,88.73,87.55,88.48,1478.0,13,0.0
2025-01-06 16:00:00,88.49,88.58,87.66,87.75,758.0,9,0.0
2025-01-06 17:00:00,87.75,87.81,87.36,87.5,782.0,9,0.0
2025-01-06 18:00:00,87.5,87.54,87.18,87.23,665.0,9,0.0
2025-01-06 19:00:00,87.23,87.47,87.19,87.3,658.0,9,0.0
2025-01-06 20:00:00,87.3,87.75,87.25,87.74,639.0,9,0.0
2025-01-07 11:00:00,87.89,87.97,87.55,87.8,1053.0,13,0.0
2025-01-07 12:00:00,87.8,88.01,87.71,87.94,628.0,13,0.0
2025-01-07 13:00:00,87.94,87.94,87.55,87.86,432.0,13,0.0
2025-01-07 14:00:00,87.84,88.72,87.59,88.13,1131.0,13,0.0
2025-01-07 15:00:00,88.1,88.2,86.88,87.5,1619.0,13,0.0
2025-01-07 16:00:00,87.5,87.83,87.32,87.45,861.0,13,0.0
2025-01-07 17:00:00,87.46,87.91,87.45,87.9,544.0,13,0.0
2025-01-07 18:00:00,87.9,88.26,87.8,87.88,583.0,9,0.0
2025-01-07 19:00:00,87.88,88.15,87.85,88.01,553.0,9,0.0
2025-01-07 20:00:00,88.01,88.19,87.55,87.73,691.0,9,0.0
2025-01-08 11:00:00,88.0,88.25,87.78,87.94,1030.0,13,0.0
2025-01-08 12:00:00,88.13,88.2,87.63,87.73,1370.0,13,0.0
2025-01-08 13:00:00,87.74,88.0,87.74,87.89,719.0,13,0.0
2025-01-08 14:00:00,87.87,88.54,87.54,88.04,899.0,13,0.0
2025-01-08 15:00:00,88.02,88.26,87.24,87.76,898.0,13,0.0
2025-01-08 16:00:00,87.73,88.35,87.57,88.31,592.0,13,0.0
2025-01-08 17:00:00,88.31,88.35,87.28,87.61,713.0,13,0.0
2025-01-08 18:00:00,87.61,88.1,87.51,87.67,563.0,13,0.0
2025-01-08 19:00:00,87.66,87.96,87.5,87.56,567.0,13,0.0
2025-01-08 20:00:00,87.56,87.63,87.45,87.55,442.0,9,0.0
2025-01-10 11:00:00,87.12,87.93,87.09,87.24,902.0,13,0.0
2025-01-10 12:00:00,87.2,87.85,87.16,87.34,582.0,13,0.0
2025-01-10 13:00:00,87.34,87.34,86.5,86.91,786.0,13,0.0
2025-01-10 14:00:00,86.9,86.96,84.5,84.78,1947.0,13,0.0
2025-01-10 15:00:00,84.71,84.71,83.48,83.69,1909.0,13,0.0
2025-01-10 16:00:00,83.69,84.07,83.5,83.74,1091.0,9,0.0
2025-01-10 17:00:00,83.73,84.6,83.62,84.48,925.0,13,0.0
2025-01-10 18:00:00,84.48,85.09,84.42,85.08,865.0,13,0.0
2025-01-10 19:00:00,85.09,85.09,84.48,84.56,855.0,9,0.0
2025-01-10 20:00:00,84.57,84.63,83.54,83.54,962.0,9,0.0
2025-01-13 11:00:00,82.72,82.86,82.66,82.81,676.0,13,0.0
2025-01-13 12:00:00,82.82,83.15,82.56,83.13,854.0,13,0.0
2025-01-13 13:00:00,83.14,83.32,82.98,83.19,531.0,13,0.0
2025-01-13 14:00:00,83.19,84.64,82.93,84.24,1719.0,13,0.0
2025-01-13 15:00:00,84.24,84.24,83.33,83.59,1189.0,13,0.0
2025-01-13 16:00:00,83.6,83.6,83.15,83.23,853.0,13,0.0
2025-01-13 17:00:00,83.24,83.93,83.12,83.93,725.0,9,0.0
2025-01-13 18:00:00,83.92,83.96,83.38,83.5,650.0,9,0.0
2025-01-13 19:00:00,83.5,83.58,83.21,83.42,609.0,13,0.0
2025-01-13 20:00:00,83.42,83.51,83.32,83.48,539.0,9,0.0
2025-01-14 11:00:00,84.62,84.62,84.35,84.42,521.0,13,0.0
2025-01-14 12:00:00,84.37,84.54,84.26,84.34,675.0,13,0.0
2025-01-14 13:00:00,84.34,84.69,83.99,84.5,762.0,13,0.0
2025-01-14 14:00:00,84.46,84.61,83.58,83.6,1055.0,13,0.0
2025-01-14 15:00:00,83.6,84.02,83.23,83.24,1052.0,9,0.0
2025-01-14 16:00:00,83.26,83.48,82.79,82.79,806.0,13,0.0
2025-01-14 17:00:00,82.79,83.12,82.76,82.99,665.0,9,0.0
2025-01-14 18:00:00,82.99,83.5,82.98,83.5,640.0,9,0.0
2025-01-14 19:00:00,83.5,83.5,82.8,82.81,648.0,9,0.0
2025-01-14 20:00:00,82.81,82.84,82.32,82.67,908.0,9,0.0
2025-01-15 11:00:00,83.04,83.18,83.0,83.1,828.0,13,0.0
2025-01-15 12:00:00,83.06,83.37,83.0,83.22,812.0,13,0.0
2025-01-15 13:00:00,83.25,84.29,83.17,84.09,755.0,13,0.0
2025-01-15 14:00:00,84.09,84.18,82.99,83.87,1248.0,13,0.0
2025-01-15 15:00:00,83.88,84.71,83.86,84.1,1198.0,13,0.0
2025-01-15 16:00:00,84.1,84.85,84.1,84.35,930.0,13,0.0
2025-01-15 17:00:00,84.34,84.71,84.23,84.45,685.0,9,0.0
2025-01-15 18:00:00,84.45,84.8,84.45,84.68,441.0,9,0.0
2025-01-15 19:00:00,84.68,84.82,84.59,84.63,494.0,9,0.0
2025-01-15 20:00:00,84.63,84.96,84.58,84.93,476.0,9,0.0
2025-01-16 11:00:00,86.09,86.17,86.06,86.15,315.0,13,0.0
2025-01-16 12:00:00,86.13,86.14,85.68,85.71,497.0,13,0.0
2025-01-16 13:00:00,85.71,85.99,85.57,85.87,554.0,13,0.0
2025-01-16 14:00:00,85.9,86.58,85.55,86.19,1479.0,13,0.0
2025-01-16 15:00:00,86.17,86.8,85.78,86.12,1454.0,13,0.0
2025-01-16 16:00:00,86.12,86.24,85.45,85.79,1042.0,9,0.0
2025-01-16 17:00:00,85.79,85.82,85.46,85.47,698.0,9,0.0
2025-01-16 18:00:00,85.47,85.7,84.77,84.9,823.0,9,0.0
2025-01-16 19:00:00,84.89,85.27,84.79,85.15,651.0,13,0.0
2025-01-16 20:00:00,85.16,85.26,84.67,84.82,639.0,9,0.0
2025-01-17 11:00:00,84.38,84.48,84.34,84.37,368.0,13,0.0
2025-01-17 12:00:00,84.38,84.47,84.23,84.47,462.0,13,0.0
2025-01-17 13:00:00,84.47,85.18,84.44,85.09,370.0,13,0.0
2025-01-17 14:00:00,85.1,86.18,84.94,85.35,1549.0,13,0.0
2025-01-17 15:00:00,85.35,85.77,85.28,85.65,1205.0,9,0.0
2025-01-17 16:00:00,85.65,86.23,85.59,85.79,1097.0,9,0.0
2025-01-17 17:00:00,85.77,86.1,85.65,86.07,677.0,9,0.0
2025-01-17 18:00:00,86.07,86.28,85.85,86.04,670.0,9,0.0
2025-01-17 19:00:00,86.04,86.44,86.04,86.44,709.0,9,0.0
2025-01-17 20:00:00,86.44,86.44,85.95,86.01,578.0,9,0.0
2025-01-21 11:00:00,86.45,86.72,86.35,86.38,896.0,13,0.0
2025-01-21 12:00:00,86.45,86.59,86.35,86.51,697.0,13,0.0
2025-01-21 13:00:00,86.49,86.86,86.48,86.72,375.0,13,0.0
2025-01-21 14:00:00,86.72,86.96,85.43,85.98,1783.0,13,0.0
2025-01-21 15:00:00,85.95,86.66,85.82,86.6,1308.0,13,0.0
2025-01-21 16:00:00,86.6,86.78,86.21,86.75,839.0,9,0.0
2025-01-21 17:00:00,86.73,87.23,86.59,87.22,963.0,9,0.0
2025-01-21 18:00:00,87.22,87.29,86.94,87.21,831.0,9,0.0
2025-01-21 19:00:00,87.22,87.29,86.33,86.58,1118.0,9,0.0
2025-01-21 20:00:00,86.58,87.03,86.46,86.79,1028.0,9,0.0
2025-01-22 11:00:00,99.57,100.57,99.56,99.76,1021.0,13,0.0
2025-01-22 12:00:00,99.76,100.5,99.27,100.18,1294.0,13,0.0
2025-01-22 13:00:00,100.21,100.24,99.38,99.63,997.0,13,0.0
2025-01-22 14:00:00,99.62,100.41,96.59,98.26,5304.0,13,0.0
2025-01-22 15:00:00,98.26,98.69,96.03,96.38,3588.0,13,0.0
2025-01-22 16:00:00,96.4,97.28,96.18,96.34,2072.0,13,0.0
2025-01-22 17:00:00,96.35,96.85,95.67,96.06,1608.0,9,0.0
2025-01-22 18:00:00,96.06,96.21,95.18,95.31,1340.0,13,0.0
2025-01-22 19:00:00,95.29,96.11,95.22,95.54,1222.0,9,0.0
2025-01-22 20:00:00,95.54,95.65,95.02,95.26,961.0,9,0.0
2025-01-23 11:00:00,95.66,95.73,95.58,95.59,276.0,13,0.0
2025-01-23 12:00:00,95.63,95.63,95.43,95.47,373.0,13,0.0
2025-01-23 13:00:00,95.47,95.9,95.26,95.72,368.0,13,0.0
2025-01-23 14:00:00,95.7,97.72,95.26,96.82,2404.0,13,0.0
2025-01-23 15:00:00,96.82,98.34,96.4,97.41,2385.0,9,0.0
2025-01-23 16:00:00,97.43,98.1,96.71,97.91,1523.0,9,0.0
2025-01-23 17:00:00,97.92,97.92,97.26,97.35,971.0,9,0.0
2025-01-23 18:00:00,97.36,98.1,97.11,98.1,1047.0,9,0.0
2025-01-23 19:00:00,98.1,98.42,97.85,97.97,1190.0,9,0.0
2025-01-23 20:00:00,97.97,98.28,97.78,97.86,823.0,9,0.0
2025-01-24 11:00:00,98.08,98.4,98.03,98.4,917.0,13,0.0
2025-01-24 12:00:00,98.39,99.02,98.34,98.78,620.0,13,0.0
2025-01-24 13:00:00,98.78,98.81,98.6,98.74,267.0,13,0.0
2025-01-24 14:00:00,98.74,98.74,97.52,97.57,1592.0,13,0.0
2025-01-24 15:00:00,97.56,98.1,97.27,97.69,1351.0,9,0.0
2025-01-24 16:00:00,97.69,97.83,97.19,97.23,746.0,13,0.0
2025-01-24 17:00:00,97.24,97.4,97.08,97.27,756.0,9,0.0
2025-01-24 18:00:00,97.27,97.46,97.17,97.21,713.0,13,0.0
2025-01-24 19:00:00,97.21,97.46,96.71,97.14,1001.0,13,0.0
2025-01-24 20:00:00,97.14,97.46,97.01,97.41,621.0,9,0.0
2025-01-27 11:00:00,95.8,96.55,95.75,95.85,1862.0,13,0.0
2025-01-27 12:00:00,95.92,96.25,95.79,95.92,860.0,13,0.0
2025-01-27 13:00:00,95.95,96.8,95.54,96.62,774.0,13,0.0
2025-01-27 14:00:00,96.59,97.47,96.36,96.74,2171.0,13,0.0
2025-01-27 15:00:00,96.77,98.14,96.56,97.68,1871.0,13,0.0
2025-01-27 16:00:00,97.68,97.68,96.59,96.67,1385.0,13,0.0
2025-01-27 17:00:00,96.65,97.07,96.58,96.8,925.0,13,0.0
2025-01-27 18:00:00,96.82,97.27,96.8,96.98,947.0,13,0.0
2025-01-27 19:00:00,96.98,97.19,95.96,96.04,1080.0,13,0.0
2025-01-27 20:00:00,96.05,96.67,96.03,96.64,845.0,13,0.0
2025-01-28 11:00:00,96.78,96.83,96.34,96.53,838.0,13,0.0
2025-01-28 12:00:00,96.59,97.17,96.55,96.74,1172.0,13,0.0
2025-01-28 13:00:00,96.71,97.14,96.69,96.83,455.0,13,0.0
2025-01-28 14:00:00,96.86,97.13,95.67,96.47,1222.0,13,0.0
2025-01-28 15:00:00,96.49,97.25,95.92,96.55,1386.0,13,0.0
2025-01-28 16:00:00,96.55,96.63,96.14,96.49,898.0,13,0.0
2025-01-28 17:00:00,96.48,97.62,96.44,97.52,799.0,13,0.0
2025-01-28 18:00:00,97.51,97.72,97.16,97.28,663.0,13,0.0
2025-01-28 19:00:00,97.28,97.3,96.85,97.08,696.0,13,0.0
2025-01-28 20:00:00,97.08,97.52,97.06,97.23,627.0,9,0.0
2025-01-29 11:00:00,97.36,97.47,97.25,97.46,964.0,13,0.0
2025-01-29 12:00:00,97.46,97.67,97.44,97.59,586.0,13,0.0
2025-01-29 13:00:00,97.59,97.62,97.15,97.38,502.0,13,0.0
2025-01-29 14:00:00,97.4,98.68,97.33,97.43,1899.0,13,0.0
2025-01-29 15:00:00,97.45,97.49,96.77,97.03,1232.0,13,0.0
2025-01-29 16:00:00,97.03,97.39,97.03,97.28,621.0,13,0.0
2025-01-29 17:00:00,97.3,97.58,97.16,97.16,503.0,13,0.0
2025-01-29 18:00:00,97.17,97.51,96.95,97.41,654.0,13,0.0
2025-01-29 19:00:00,97.4,97.78,96.95,97.63,1112.0,13,0.0
2025-01-29 20:00:00,97.62,97.81,97.28,97.39,727.0,13,0.0
2025-01-30 11:00:00,98.18,98.47,98.12,98.4,936.0,13,0.0
2025-01-30 12:00:00,98.38,98.44,98.0,98.21,1026.0,13,0.0
2025-01-30 13:00:00,98.21,98.53,98.05,98.49,731.0,13,0.0
2025-01-30 14:00:00,98.49,99.37,97.91,98.92,1464.0,13,0.0
2025-01-30 15:00:00,98.93,98.93,97.13,97.4,1865.0,13,0.0
2025-01-30 16:00:00,97.4,98.15,97.15,98.05,1036.0,13,0.0
2025-01-30 17:00:00,98.04,98.07,97.4,97.4,683.0,13,0.0
2025-01-30 18:00:00,97.41,97.71,97.3,97.65,560.0,13,0.0
2025-01-30 19:00:00,97.64,97.75,97.24,97.54,598.0,13,0.0
2025-01-30 20:00:00,97.53,97.66,97.19,97.2,612.0,13,0.0
2025-01-31 11:00:00,97.52,97.65,97.5,97.61,1010.0,13,0.0
2025-01-31 12:00:00,97.61,97.72,97.49,97.72,474.0,13,0.0
2025-01-31 13:00:00,97.72,97.72,97.46,97.46,207.0,13,0.0
2025-01-31 14:00:00,97.42,98.31,97.2,98.15,1016.0,13,0.0
2025-01-31 15:00:00,98.13,98.61,97.92,98.51,1221.0,13,0.0
2025-01-31 16:00:00,98.52,98.65,98.3,98.62,881.0,13,0.0
2025-01-31 17:00:00,98.61,98.95,98.35,98.91,866.0,9,0.0
2025-01-31 18:00:00,98.91,98.91,97.99,98.14,849.0,13,0.0
2025-01-31 19:00:00,98.14,98.4,97.81,98.04,891.0,9,0.0
2025-01-31 20:00:00,98.03,98.03,97.37,97.51,883.0,13,0.0
2025-02-03 11:00:00,96.64,96.71,96.4,96.49,931.0,13,0.0
2025-02-03 12:00:00,96.52,96.71,96.2,96.5,1007.0,13,0.0
2025-02-03 13:00:00,96.54,96.9,96.47,96.58,662.0,13,0.0
2025-02-03 14:00:00,96.58,98.01,96.39,97.48,1930.0,13,0.0
2025-02-03 15:00:00,97.38,97.87,96.38,97.61,2057.0,13,0.0
2025-02-03 16:00:00,97.61,98.36,97.41,98.0,1258.0,13,0.0
2025-02-03 17:00:00,98.0,98.26,97.4,98.09,947.0,13,0.0
2025-02-03 18:00:00,98.09,98.24,97.83,98.15,847.0,13,0.0
2025-02-03 19:00:00,98.15,98.69,97.97,98.43,787.0,13,0.0
2025-02-03 20:00:00,98.43,98.52,97.93,97.95,647.0,9,0.0
2025-02-04 11:00:00,97.67,98.15,97.61,98.06,1518.0,13,0.0
2025-02-04 12:00:00,98.06,98.87,98.03,98.72,866.0,13,0.0
2025-02-04 13:00:00,98.72,98.76,98.36,98.42,628.0,13,0.0
2025-02-04 14:00:00,98.4,100.53,97.95,99.84,2287.0,13,0.0
2025-02-04 15:00:00,99.82,100.71,99.27,99.35,2061.0,13,0.0
2025-02-04 16:00:00,99.35,99.75,98.61,98.83,1334.0,13,0.0
2025-02-04 17:00:00,98.84,98.85,97.81,98.27,1245.0,13,0.0
2025-02-04 18:00:00,98.28,98.85,98.22,98.69,852.0,13,0.0
2025-02-04 19:00:00,98.69,99.19,98.67,98.9,773.0,13,0.0
2025-02-04 20:00:00,98.89,99.11,98.78,99.05,539.0,13,0.0
2025-02-05 11:00:00,99.16,99.21,98.91,99.11,772.0,13,0.0
2025-02-05 12:00:00,99.09,99.59,99.0,99.35,511.0,13,0.0
2025-02-05 13:00:00,99.35,99.44,99.22,99.3,314.0,13,0.0
2025-02-05 14:00:00,99.29,99.63,98.6,99.32,1450.0,13,0.0
2025-02-05 15:00:00,99.35,99.59,98.84,99.03,1122.0,13,0.0
2025-02-05 16:00:00,99.03,100.17,98.99,100.17,862.0,13,0.0
2025-02-05 17:00:00,100.17,100.27,99.95,100.0,768.0,13,0.0
2025-02-05 18:00:00,100.0,100.87,99.9,100.69,848.0,9,0.0
2025-02-05 19:00:00,100.69,101.1,100.47,100.53,880.0,9,0.0
2025-02-05 20:00:00,100.53,100.82,100.51,100.61,605.0,9,0.0
2025-02-06 11:00:00,101.01,101.01,100.76,100.78,672.0,13,0.0
2025-02-06 12:00:00,100.87,101.16,100.78,101.05,351.0,13,0.0
2025-02-06 13:00:00,101.04,101.06,100.71,101.02,477.0,13,0.0
2025-02-06 14:00:00,101.03,101.26,100.23,100.77,1209.0,13,0.0
2025-02-06 15:00:00,100.78,101.25,100.39,101.06,1295.0,13,0.0
2025-02-06 16:00:00,101.07,101.4,100.53,100.61,793.0,13,0.0
2025-02-06 17:00:00,100.61,100.87,100.48,100.84,517.0,13,0.0
2025-02-06 18:00:00,100.84,100.93,100.57,100.63,438.0,13,0.0
2025-02-06 19:00:00,100.63,101.04,100.29,100.46,672.0,13,0.0
2025-02-06 20:00:00,100.46,101.11,100.39,101.09,512.0,13,0.0
2025-02-07 11:00:00,101.49,101.74,101.44,101.64,460.0,13,0.0
2025-02-07 12:00:00,101.61,101.66,101.52,101.54,197.0,13,0.0
2025-02-07 13:00:00,101.54,101.73,101.41,101.53,248.0,13,0.0
2025-02-07 14:00:00,101.54,102.23,101.42,101.65,1028.0,13,0.0
2025-02-07 15:00:00,101.59,101.6,100.58,101.15,1683.0,13,0.0
2025-02-07 16:00:00,101.17,101.83,100.87,101.63,1141.0,13,0.0
2025-02-07 17:00:00,101.63,102.14,101.33,102.0,1048.0,13,0.0
2025-02-07 18:00:00,102.0,102.67,101.98,102.1,852.0,13,0.0
2025-02-07 19:00:00,102.1,102.11,101.58,101.8,712.0,13,0.0
2025-02-07 20:00:00,101.8,101.8,101.2,101.47,599.0,9,0.0
2025-02-10 11:00:00,102.09,102.16,102.04,102.08,680.0,13,0.0
2025-02-10 12:00:00,102.09,102.16,101.88,102.16,393.0,13,0.0
2025-02-10 13:00:00,102.17,102.41,102.16,102.31,259.0,13,0.0
2025-02-10 14:00:00,102.36,102.56,101.54,101.85,1257.0,13,0.0
2025-02-10 15:00:00,101.86,103.03,101.78,103.01,1237.0,13,0.0
2025-02-10 16:00:00,103.01,103.2,102.62,102.95,823.0,13,0.0
2025-02-10 17:00:00,102.93,102.96,102.31,102.46,643.0,13,0.0
2025-02-10 18:00:00,102.46,102.67,102.35,102.63,471.0,13,0.0
2025-02-10 19:00:00,102.63,102.87,102.48,102.84,551.0,9,0.0
2025-02-10 20:00:00,102.84,102.97,102.78,102.87,482.0,9,0.0
2025-02-11 11:00:00,102.26,102.28,102.23,102.28,390.0,13,0.0
2025-02-11 12:00:00,102.28,102.3,102.18,102.25,152.0,13,0.0
2025-02-11 13:00:00,102.23,102.31,102.04,102.1,109.0,13,0.0
2025-02-11 14:00:00,102.09,102.24,101.2,101.41,1382.0,13,0.0
2025-02-11 15:00:00,101.42,101.71,101.04,101.1,961.0,13,0.0
2025-02-11 16:00:00,101.1,101.12,100.42,100.66,685.0,13,0.0
2025-02-11 17:00:00,100.66,100.96,100.25,100.77,689.0,13,0.0
2025-02-11 18:00:00,100.77,101.17,100.69,100.94,539.0,13,0.0
2025-02-11 19:00:00,100.95,101.17,100.79,101.06,460.0,13,0.0
2025-02-11 20:00:00,101.06,101.12,100.83,100.86,384.0,9,0.0
2025-02-12 11:00:00,100.6,100.81,100.55,100.64,364.0,13,0.0
2025-02-12 12:00:00,100.66,100.74,100.47,100.49,207.0,13,0.0
2025-02-12 13:00:00,100.48,100.69,99.51,99.86,778.0,13,0.0
2025-02-12 14:00:00,99.8,101.0,99.7,100.53,1204.0,13,0.0
2025-02-12 15:00:00,100.53,100.88,100.16,100.83,1128.0,13,0.0
2025-02-12 16:00:00,100.85,101.43,100.66,101.42,757.0,13,0.0
2025-02-12 17:00:00,101.43,102.09,101.29,102.07,782.0,13,0.0
2025-02-12 18:00:00,102.07,102.12,101.76,101.93,580.0,13,0.0
2025-02-12 19:00:00,101.94,102.3,101.69,102.24,585.0,9,0.0
2025-02-12 20:00:00,102.23,102.5,102.22,102.31,603.0,9,0.0
2025-02-13 11:00:00,102.5,102.54,102.39,102.46,609.0,13,0.0
2025-02-13 12:00:00,102.47,102.58,102.29,102.55,496.0,13,0.0
2025-02-13 13:00:00,102.54,103.0,102.52,102.64,239.0,13,0.0
2025-02-13 14:00:00,102.65,103.8,102.47,103.66,1429.0,13,0.0
2025-02-13 15:00:00,103.66,103.95,103.39,103.81,1144.0,13,0.0
2025-02-13 16:00:00,103.81,103.95,103.1,103.2,688.0,13,0.0
2025-02-13 17:00:00,103.19,103.7,103.14,103.57,555.0,13,0.0
2025-02-13 18:00:00,103.57,103.57,102.99,103.34,670.0,13,0.0
2025-02-13 19:00:00,103.34,103.92,103.31,103.78,546.0,13,0.0
2025-02-13 20:00:00,103.78,104.44,103.75,104.41,518.0,9,0.0
2025-02-14 11:00:00,104.42,104.44,104.19,104.22,621.0,13,0.0
2025-02-14 12:00:00,104.22,104.42,104.2,104.31,357.0,13,0.0
2025-02-14 13:00:00,104.3,104.49,104.3,104.36,121.0,13,0.0
2025-02-14 14:00:00,104.34,104.71,104.13,104.27,904.0,13,0.0
2025-02-14 15:00:00,104.28,104.94,104.11,104.94,966.0,13,0.0
2025-02-14 16:00:00,104.94,105.14,104.52,105.06,789.0,13,0.0
2025-02-14 17:00:00,105.06,105.44,104.87,105.44,552.0,13,0.0
2025-02-14 18:00:00,105.44,105.7,105.4,105.6,582.0,9,0.0
2025-02-14 19:00:00,105.61,105.87,105.58,105.76,634.0,9,0.0
2025-02-14 20:00:00,105.76,106.21,105.59,106.02,558.0,9,0.0
2025-02-18 11:00:00,106.41,106.44,106.32,106.34,224.0,13,0.0
2025-02-18 12:00:00,106.34,106.4,106.03,106.13,364.0,13,0.0
2025-02-18 13:00:00,106.13,106.25,105.97,106.04,373.0,13,0.0
2025-02-18 14:00:00,106.04,106.17,104.7,104.89,1330.0,13,0.0
2025-02-18 15:00:00,104.88,104.88,102.69,103.47,1699.0,13,0.0
2025-02-18 16:00:00,103.45,103.76,103.12,103.63,887.0,13,0.0
2025-02-18 17:00:00,103.62,103.87,103.24,103.73,586.0,13,0.0
2025-02-18 18:00:00,103.73,104.02,103.32,103.4,676.0,13,0.0
2025-02-18 19:00:00,103.4,103.44,102.86,102.87,642.0,13,0.0
2025-02-18 20:00:00,102.87,102.87,102.32,102.74,657.0,9,0.0
2025-02-19 11:00:00,103.52,103.57,103.47,103.54,586.0,13,0.0
2025-02-19 12:00:00,103.53,103.65,103.41,103.42,118.0,13,0.0
2025-02-19 13:00:00,103.42,103.44,102.86,102.91,348.0,13,0.0
2025-02-19 14:00:00,102.91,103.44,102.39,103.1,1017.0,13,0.0
2025-02-19 15:00:00,103.09,103.7,102.55,103.3,1205.0,13,0.0
2025-02-19 16:00:00,103.3,103.92,103.3,103.89,723.0,13,0.0
2025-02-19 17:00:00,103.89,104.07,103.7,103.9,534.0,13,0.0
2025-02-19 18:00:00,103.9,104.08,103.77,104.01,384.0,13,0.0
2025-02-19 19:00:00,104.01,104.41,103.93,104.41,585.0,9,0.0
2025-02-19 20:00:00,104.42,104.42,103.92,103.92,617.0,9,0.0
2025-02-20 11:00:00,103.88,104.18,103.87,103.91,547.0,13,0.0
2025-02-20 12:00:00,103.92,104.1,103.92,104.08,375.0,13,0.0
2025-02-20 13:00:00,104.08,104.4,104.02,104.24,606.0,13,0.0
2025-02-20 14:00:00,104.26,104.39,102.02,102.11,1007.0,13,0.0
2025-02-20 15:00:00,102.09,102.94,101.53,101.78,1596.0,13,0.0
2025-02-20 16:00:00,101.78,102.45,101.77,102.23,830.0,13,0.0
2025-02-20 17:00:00,102.23,102.39,101.81,101.81,627.0,13,0.0
2025-02-20 18:00:00,101.81,102.2,101.64,102.19,641.0,13,0.0
2025-02-20 19:00:00,102.19,102.49,101.97,102.41,637.0,13,0.0
2025-02-20 20:00:00,102.42,102.55,102.19,102.29,539.0,13,0.0
2025-02-21 11:00:00,102.64,102.94,102.51,102.56,278.0,13,0.0
2025-02-21 12:00:00,102.58,102.85,102.51,102.81,532.0,13,0.0
2025-02-21 13:00:00,102.8,103.16,102.56,102.93,439.0,13,0.0
2025-02-21 14:00:00,102.93,103.12,102.31,102.62,1007.0,13,0.0
2025-02-21 15:00:00,102.61,103.17,101.92,102.37,1069.0,13,0.0
2025-02-21 16:00:00,102.37,102.41,101.66,101.66,628.0,13,0.0
2025-02-21 17:00:00,101.66,101.66,100.53,100.69,988.0,13,0.0
2025-02-21 18:00:00,100.68,100.96,100.28,100.57,1056.0,13,0.0
2025-02-21 19:00:00,100.57,100.78,100.02,100.4,926.0,13,0.0
2025-02-21 20:00:00,100.39,100.58,100.15,100.15,736.0,13,0.0
2025-02-24 11:00:00,100.56,100.75,100.55,100.66,1190.0,13,0.0
2025-02-24 12:00:00,100.69,100.8,100.62,100.72,428.0,13,0.0
2025-02-24 13:00:00,100.72,100.88,100.67,100.88,266.0,13,0.0
2025-02-24 14:00:00,100.88,101.44,98.98,99.06,1607.0,13,0.0
2025-02-24 15:00:00,99.08,99.31,98.4,98.82,1900.0,13,0.0
2025-02-24 16:00:00,98.83,99.93,98.79,99.61,1082.0,13,0.0
2025-02-24 17:00:00,99.61,100.21,99.61,99.91,786.0,13,0.0
2025-02-24 18:00:00,99.91,100.62,99.91,100.09,657.0,13,0.0
2025-02-24 19:00:00,100.09,100.17,99.73,99.85,571.0,13,0.0
2025-02-24 20:00:00,99.85,99.9,99.46,99.5,566.0,13,0.0
2025-02-25 11:00:00,98.54,98.65,98.38,98.6,730.0,13,0.0
2025-02-25 12:00:00,98.6,98.86,98.48,98.85,697.0,13,0.0
2025-02-25 13:00:00,98.85,99.16,98.55,98.8,443.0,13,0.0
2025-02-25 14:00:00,98.8,99.24,97.38,97.75,1668.0,13,0.0
2025-02-25 15:00:00,97.75,97.77,95.79,96.32,2713.0,13,0.0
2025-02-25 16:00:00,96.32,96.38,95.44,96.23,1643.0,13,0.0
2025-02-25 17:00:00,96.23,97.11,95.88,96.79,951.0,13,0.0
2025-02-25 18:00:00,96.8,97.51,96.79,97.2,889.0,13,0.0
2025-02-25 19:00:00,97.2,97.75,97.0,97.5,983.0,13,0.0
2025-02-25 20:00:00,97.5,97.87,97.43,97.69,825.0,13,0.0
2025-02-26 11:00:00,97.85,97.91,97.82,97.83,494.0,13,0.0
2025-02-26 12:00:00,97.85,97.93,97.66,97.74,407.0,13,0.0
2025-02-26 13:00:00,97.76,98.01,97.71,97.85,432.0,13,0.0
2025-02-26 14:00:00,97.85,99.45,97.59,99.19,1507.0,13,0.0
2025-02-26 15:00:00,99.21,99.87,98.8,99.38,1703.0,13,0.0
2025-02-26 16:00:00,99.38,99.99,99.29,99.54,980.0,13,0.0
2025-02-26 17:00:00,99.54,100.0,98.97,98.99,863.0,13,0.0
2025-02-26 18:00:00,98.97,98.97,98.49,98.61,903.0,13,0.0
2025-02-26 19:00:00,98.61,98.93,98.45,98.53,720.0,13,0.0
2025-02-26 20:00:00,98.52,99.09,98.44,99.06,627.0,9,0.0
2025-02-27 11:00:00,99.4,99.63,99.39,99.57,724.0,13,0.0
2025-02-27 12:00:00,99.56,99.83,99.56,99.66,773.0,13,0.0
2025-02-27 13:00:00,99.66,99.76,99.32,99.38,523.0,13,0.0
2025-02-27 14:00:00,99.37,99.94,97.5,97.66,1553.0,13,0.0
2025-02-27 15:00:00,97.64,98.58,97.1,97.78,1799.0,13,0.0
2025-02-27 16:00:00,97.79,98.89,97.69,98.3,848.0,13,0.0
2025-02-27 17:00:00,98.29,98.74,98.22,98.32,578.0,13,0.0
2025-02-27 18:00:00,98.33,98.79,98.3,98.44,568.0,13,0.0
2025-02-27 19:00:00,98.45,98.45,96.76,96.99,973.0,13,0.0
2025-02-27 20:00:00,96.99,96.99,96.18,96.38,1143.0,13,0.0
2025-02-28 11:00:00,96.39,96.41,96.33,96.36,198.0,13,0.0
2025-02-28 12:00:00,96.37,96.48,96.28,96.4,310.0,13,0.0
2025-02-28 13:00:00,96.41,96.8,96.2,96.55,424.0,13,0.0
2025-02-28 14:00:00,96.56,96.89,95.79,96.57,1697.0,13,0.0
2025-02-28 15:00:00,96.53,97.83,96.27,97.79,1736.0,13,0.0
2025-02-28 16:00:00,97.79,97.91,96.69,97.2,1093.0,13,0.0
2025-02-28 17:00:00,97.2,97.55,96.58,96.6,990.0,13,0.0
2025-02-28 18:00:00,96.58,97.39,96.24,96.82,1152.0,13,0.0
2025-02-28 19:00:00,96.79,97.7,96.79,97.66,850.0,13,0.0
2025-02-28 20:00:00,97.67,97.77,97.23,97.4,744.0,13,0.0
2025-03-03 11:00:00,98.45,98.54,98.42,98.52,585.0,13,0.0
2025-03-03 12:00:00,98.51,99.31,98.41,98.83,845.0,13,0.0
2025-03-03 13:00:00,98.83,98.86,98.67,98.71,504.0,13,0.0
2025-03-03 14:00:00,98.73,99.27,97.38,97.73,1703.0,13,0.0
2025-03-03 15:00:00,97.61,98.77,97.25,97.88,1622.0,13,0.0
2025-03-03 16:00:00,97.97,98.79,97.93,98.65,941.0,13,0.0
2025-03-03 17:00:00,98.62,99.36,98.58,98.77,981.0,13,0.0
2025-03-03 18:00:00,98.77,98.81,97.33,98.39,1186.0,13,0.0
2025-03-03 19:00:00,98.37,98.72,97.66,97.73,1019.0,13,0.0
2025-03-03 20:00:00,97.71,97.73,96.41,96.56,1340.0,13,0.0
2025-03-04 11:00:00,97.37,97.49,96.54,97.19,1631.0,13,0.0
2025-03-04 12:00:00,97.22,97.34,96.74,97.26,1511.0,13,0.0
2025-03-04 13:00:00,97.28,97.62,96.87,97.29,840.0,13,0.0
2025-03-04 14:00:00,97.29,97.75,95.98,96.04,2529.0,13,0.0
2025-03-04 15:00:00,95.98,96.38,94.79,95.62,2393.0,13,0.0
2025-03-04 16:00:00,95.61,96.66,95.42,96.47,1588.0,13,0.0
2025-03-04 17:00:00,96.47,97.3,96.23,96.82,1231.0,13,0.0
2025-03-04 18:00:00,96.85,98.1,96.73,98.03,1139.0,13,0.0
2025-03-04 19:00:00,98.03,98.49,97.94,98.25,1009.0,13,0.0
2025-03-04 20:00:00,98.24,98.54,97.46,97.7,998.0,13,0.0
2025-03-05 11:00:00,98.02,98.13,97.57,97.64,912.0,13,0.0
2025-03-05 12:00:00,97.65,98.01,97.31,97.57,1279.0,13,0.0
2025-03-05 13:00:00,97.57,97.65,97.29,97.35,637.0,13,0.0
2025-03-05 14:00:00,97.34,97.79,96.87,97.44,1697.0,13,0.0
2025-03-05 15:00:00,97.48,98.35,97.36,97.77,1588.0,13,0.0
2025-03-05 16:00:00,97.78,98.05,97.21,97.89,995.0,13,0.0
2025-03-05 17:00:00,97.87,98.98,97.76,98.95,1171.0,13,0.0
2025-03-05 18:00:00,98.94,99.12,98.43,99.04,1399.0,13,0.0
2025-03-05 19:00:00,99.04,99.46,98.77,98.99,1027.0,13,0.0
2025-03-05 20:00:00,98.99,99.4,98.85,98.95,798.0,13,0.0
2025-03-06 11:00:00,98.1,98.24,98.02,98.2,1267.0,13,0.0
2025-03-06 12:00:00,98.16,98.29,98.05,98.11,666.0,13,0.0
2025-03-06 13:00:00,98.09,98.22,97.6,97.69,758.0,13,0.0
2025-03-06 14:00:00,97.65,97.82,94.59,95.6,2478.0,13,0.0
2025-03-06 15:00:00,95.59,96.75,95.32,95.74,2094.0,13,0.0
2025-03-06 16:00:00,95.75,96.21,94.8,94.8,1570.0,13,0.0
2025-03-06 17:00:00,94.78,94.89,93.28,93.6,1787.0,13,0.0
2025-03-06 18:00:00,93.6,93.62,91.65,91.91,1769.0,13,0.0
2025-03-06 19:00:00,91.9,91.9,90.79,90.8,1931.0,13,0.0
2025-03-06 20:00:00,90.8,91.18,89.87,89.91,1548.0,13,0.0
2025-03-07 11:00:00,90.75,90.87,90.73,90.78,410.0,13,0.0
2025-03-07 12:00:00,90.78,90.78,90.2,90.54,696.0,13,0.0
2025-03-07 13:00:00,90.53,91.36,90.26,90.39,980.0,13,0.0
2025-03-07 14:00:00,90.36,90.4,89.06,89.75,2198.0,13,0.0
2025-03-07 15:00:00,89.73,89.74,87.12,87.53,2752.0,13,0.0
2025-03-07 16:00:00,87.49,87.57,85.78,86.5,2885.0,13,0.0
2025-03-07 17:00:00,86.5,87.99,86.37,87.09,2188.0,13,0.0
2025-03-07 18:00:00,87.12,88.99,87.09,88.58,1930.0,13,0.0
2025-03-07 19:00:00,88.58,89.58,88.49,88.98,1482.0,13,0.0
2025-03-07 20:00:00,88.98,89.4,88.16,88.45,1086.0,13,0.0
2025-03-10 10:00:00,87.99,87.99,87.64,87.76,1137.0,13,0.0
2025-03-10 11:00:00,87.76,88.09,87.63,87.85,1348.0,13,0.0
2025-03-10 12:00:00,87.84,87.95,87.52,87.74,713.0,13,0.0
2025-03-10 13:00:00,87.73,88.0,86.22,87.53,2883.0,13,0.0
2025-03-10 14:00:00,87.52,87.52,86.23,86.32,2674.0,13,0.0
2025-03-10 15:00:00,86.35,87.49,85.81,87.03,2227.0,13,0.0
2025-03-10 16:00:00,87.01,87.21,86.18,86.31,1465.0,13,0.0
2025-03-10 17:00:00,86.31,86.39,85.58,85.61,1450.0,13,0.0
2025-03-10 18:00:00,85.61,86.29,85.42,85.6,1251.0,13,0.0
2025-03-10 19:00:00,85.6,87.06,85.47,86.2,1380.0,13,0.0
2025-03-11 10:00:00,86.97,86.97,86.82,86.87,245.0,13,0.0
2025-03-11 11:00:00,86.87,86.93,86.58,86.93,685.0,13,0.0
2025-03-11 12:00:00,86.97,87.08,86.2,86.32,554.0,13,0.0
2025-03-11 13:00:00,86.32,89.34,85.99,89.11,2425.0,13,0.0
2025-03-11 14:00:00,89.09,89.64,87.83,88.49,2919.0,13,0.0
2025-03-11 15:00:00,88.47,90.12,88.34,89.3,2133.0,13,0.0
2025-03-11 16:00:00,89.3,90.1,89.16,89.59,1539.0,13,0.0
2025-03-11 17:00:00,89.59,90.06,89.04,89.71,1403.0,13,0.0
2025-03-11 18:00:00,89.71,90.98,89.71,90.56,1739.0,13,0.0
2025-03-11 19:00:00,90.57,90.63,89.61,90.0,1230.0,13,0.0
2025-03-12 10:00:00,90.04,90.09,89.96,90.06,495.0,13,0.0
2025-03-12 11:00:00,90.06,90.55,90.05,90.31,622.0,13,0.0
2025-03-12 12:00:00,90.31,91.29,90.27,90.9,719.0,13,0.0
2025-03-12 13:00:00,90.92,92.59,90.74,91.7,2918.0,13,0.0
2025-03-12 14:00:00,91.7,92.59,90.8,90.8,2394.0,13,0.0
2025-03-12 15:00:00,90.8,91.56,90.07,91.56,1540.0,13,0.0
2025-03-12 16:00:00,91.57,92.5,91.23,92.01,1447.0,13,0.0
2025-03-12 17:00:00,92.03,92.29,91.2,91.22,1110.0,13,0.0
2025-03-12 18:00:00,91.22,92.34,91.22,92.3,1083.0,13,0.0
2025-03-12 19:00:00,92.27,92.48,91.77,91.89,933.0,13,0.0
2025-03-13 10:00:00,91.77,91.8,91.3,91.42,514.0,13,0.0
2025-03-13 11:00:00,91.42,91.68,91.23,91.34,835.0,13,0.0
2025-03-13 12:00:00,91.34,91.69,91.2,91.59,582.0,13,0.0
2025-03-13 13:00:00,91.58,92.05,89.86,90.12,1922.0,13,0.0
2025-03-13 14:00:00,90.12,91.15,89.69,90.77,1937.0,13,0.0
2025-03-13 15:00:00,90.81,91.08,90.27,90.43,1280.0,13,0.0
2025-03-13 16:00:00,90.39,90.65,89.68,89.78,1331.0,13,0.0
2025-03-13 17:00:00,89.78,89.84,89.11,89.26,1043.0,13,0.0
2025-03-13 18:00:00,89.26,90.23,89.26,90.16,978.0,13,0.0
2025-03-13 19:00:00,90.13,90.28,88.95,89.0,901.0,13,0.0
2025-03-14 10:00:00,89.95,90.3,89.69,90.23,1127.0,13,0.0
2025-03-14 11:00:00,90.22,90.31,90.05,90.29,437.0,13,0.0
2025-03-14 12:00:00,90.24,90.36,90.12,90.32,365.0,13,0.0
2025-03-14 13:00:00,90.32,91.61,90.02,90.69,1787.0,13,0.0
2025-03-14 14:00:00,90.59,91.3,90.15,91.27,1947.0,13,0.0
2025-03-14 15:00:00,91.28,91.87,91.28,91.68,1166.0,13,0.0
2025-03-14 16:00:00,91.69,91.76,91.07,91.4,825.0,13,0.0
2025-03-14 17:00:00,91.37,91.55,90.91,91.05,847.0,13,0.0
2025-03-14 18:00:00,91.05,91.74,91.05,91.59,905.0,13,0.0
2025-03-14 19:00:00,91.58,91.74,91.22,91.42,693.0,13,0.0
2025-03-17 10:00:00,91.32,93.46,91.31,93.04,946.0,13,0.0
2025-03-17 11:00:00,93.03,93.03,92.77,92.78,370.0,13,0.0
2025-03-17 12:00:00,92.78,93.22,92.78,93.1,233.0,13,0.0
2025-03-17 13:00:00,93.08,95.7,92.96,95.04,2326.0,13,0.0
2025-03-17 14:00:00,94.99,95.98,94.48,95.32,2293.0,13,0.0
2025-03-17 15:00:00,95.38,95.83,94.53,94.6,1423.0,13,0.0
2025-03-17 16:00:00,94.6,95.21,94.51,95.01,986.0,13,0.0
2025-03-17 17:00:00,95.04,95.8,94.9,95.77,848.0,13,0.0
2025-03-17 18:00:00,95.78,96.68,95.77,96.34,1142.0,13,0.0
2025-03-17 19:00:00,96.36,96.57,95.76,95.87,722.0,13,0.0
2025-03-18 10:00:00,95.13,95.18,94.89,94.95,659.0,13,0.0
2025-03-18 11:00:00,94.99,95.0,94.8,94.86,503.0,13,0.0
2025-03-18 12:00:00,94.86,94.9,94.41,94.41,542.0,13,0.0
2025-03-18 13:00:00,94.42,94.69,92.51,92.63,2138.0,13,0.0
2025-03-18 14:00:00,92.61,92.64,91.88,92.19,2129.0,13,0.0
2025-03-18 15:00:00,92.22,92.69,91.59,92.46,1360.0,13,0.0
2025-03-18 16:00:00,92.44,93.34,92.37,93.32,1097.0,13,0.0
2025-03-18 17:00:00,93.31,93.31,92.78,93.1,878.0,13,0.0
2025-03-18 18:00:00,93.09,93.62,92.84,93.5,966.0,13,0.0
2025-03-18 19:00:00,93.5,93.63,92.77,92.91,756.0,13,0.0
2025-03-19 10:00:00,93.27,93.63,93.06,93.13,420.0,13,0.0
2025-03-19 11:00:00,93.09,93.33,93.06,93.3,539.0,13,0.0
2025-03-19 12:00:00,93.3,93.35,93.15,93.16,208.0,13,0.0
2025-03-19 13:00:00,93.17,94.01,92.39,93.88,1416.0,13,0.0
2025-03-19 14:00:00,93.89,96.05,93.89,95.44,1987.0,13,0.0
2025-03-19 15:00:00,95.42,96.14,95.35,95.9,969.0,13,0.0
2025-03-19 16:00:00,95.9,96.03,95.32,95.46,729.0,13,0.0
2025-03-19 17:00:00,95.46,95.49,94.69,94.94,842.0,13,0.0
2025-03-19 18:00:00,94.91,96.33,94.83,96.31,1470.0,13,0.0
2025-03-19 19:00:00,96.31,96.7,95.7,96.29,1309.0,13,0.0
2025-03-20 10:00:00,96.1,96.18,94.77,95.35,1293.0,13,0.0
2025-03-20 11:00:00,95.43,95.74,95.27,95.51,1031.0,13,0.0
2025-03-20 12:00:00,95.63,95.73,95.13,95.38,546.0,13,0.0
2025-03-20 13:00:00,95.29,96.48,94.74,95.57,1495.0,13,0.0
2025-03-20 14:00:00,95.55,96.6,95.55,95.8,1501.0,13,0.0
2025-03-20 15:00:00,95.82,96.17,95.37,95.38,897.0,13,0.0
2025-03-20 16:00:00,95.37,95.57,94.79,95.16,888.0,13,0.0
2025-03-20 17:00:00,95.17,95.52,95.06,95.3,599.0,13,0.0
2025-03-20 18:00:00,95.29,95.48,94.51,94.92,770.0,13,0.0
2025-03-20 19:00:00,94.91,95.41,94.9,95.2,624.0,13,0.0
2025-03-21 10:00:00,94.86,95.41,94.86,95.12,445.0,13,0.0
2025-03-21 11:00:00,95.12,95.17,94.96,94.98,635.0,13,0.0
2025-03-21 12:00:00,94.98,95.03,93.86,94.04,517.0,13,0.0
2025-03-21 13:00:00,94.04,95.89,93.16,95.74,1653.0,13,0.0
2025-03-21 14:00:00,95.73,96.27,95.31,96.1,1664.0,13,0.0
2025-03-21 15:00:00,96.1,96.11,94.75,95.02,997.0,13,0.0
2025-03-21 16:00:00,95.03,95.95,95.0,95.8,912.0,13,0.0
2025-03-21 17:00:00,95.8,96.05,95.25,95.78,683.0,13,0.0
2025-03-21 18:00:00,95.82,95.9,95.44,95.48,575.0,13,0.0
2025-03-21 19:00:00,95.46,95.49,95.22,95.48,559.0,9,0.0
2025-03-24 10:00:00,97.23,97.34,97.06,97.09,302.0,13,0.0
2025-03-24 11:00:00,97.07,97.33,96.71,96.85,770.0,13,0.0
2025-03-24 12:00:00,96.78,97.08,96.42,97.01,531.0,13,0.0
2025-03-24 13:00:00,97.04,97.55,95.28,96.46,2404.0,13,0.0
2025-03-24 14:00:00,96.45,96.55,95.11,95.7,1679.0,13,0.0
2025-03-24 15:00:00,95.7,96.55,95.44,96.33,952.0,13,0.0
2025-03-24 16:00:00,96.32,96.73,96.25,96.66,718.0,13,0.0
2025-03-24 17:00:00,96.64,96.84,96.62,96.84,646.0,13,0.0
2025-03-24 18:00:00,96.84,97.01,96.66,96.77,647.0,13,0.0
2025-03-24 19:00:00,96.77,97.05,96.76,96.94,533.0,9,0.0
2025-03-25 10:00:00,96.97,97.02,96.95,96.99,177.0,13,0.0
2025-03-25 11:00:00,97.02,97.2,97.0,97.18,390.0,13,0.0
2025-03-25 12:00:00,97.18,97.4,97.07,97.36,194.0,13,0.0
2025-03-25 13:00:00,97.36,98.88,97.31,98.76,2021.0,13,0.0
2025-03-25 14:00:00,98.77,99.61,98.43,99.52,1630.0,13,0.0
2025-03-25 15:00:00,99.54,99.68,99.14,99.17,948.0,13,0.0
2025-03-25 16:00:00,99.15,99.24,98.74,99.12,731.0,13,0.0
2025-03-25 17:00:00,99.14,99.28,98.85,99.14,580.0,13,0.0
2025-03-25 18:00:00,99.16,99.6,99.07,99.37,710.0,13,0.0
2025-03-25 19:00:00,99.37,99.65,99.37,99.59,609.0,9,0.0
2025-03-26 10:00:00,99.44,99.56,99.41,99.48,434.0,13,0.0
2025-03-26 11:00:00,99.5,99.76,99.48,99.63,441.0,13,0.0
2025-03-26 12:00:00,99.63,99.63,99.42,99.52,323.0,13,0.0
2025-03-26 13:00:00,99.52,99.66,98.08,98.23,1953.0,13,0.0
2025-03-26 14:00:00,98.2,98.54,97.31,98.11,1755.0,13,0.0
2025-03-26 15:00:00,98.11,98.38,97.33,97.48,907.0,13,0.0
2025-03-26 16:00:00,97.48,97.78,97.15,97.24,749.0,13,0.0
2025-03-26 17:00:00,97.24,97.39,96.84,97.06,699.0,13,0.0
2025-03-26 18:00:00,97.06,97.42,96.74,96.8,725.0,13,0.0
2025-03-26 19:00:00,96.8,96.91,96.63,96.89,688.0,13,0.0
2025-03-27 10:00:00,96.92,97.16,96.87,96.96,306.0,13,0.0
2025-03-27 11:00:00,96.99,96.99,96.64,96.76,722.0,13,0.0
2025-03-27 12:00:00,96.75,97.0,96.73,96.88,432.0,13,0.0
2025-03-27 13:00:00,96.91,97.73,96.63,97.55,1771.0,13,0.0
2025-03-27 14:00:00,97.62,98.83,97.29,98.71,1716.0,13,0.0
2025-03-27 15:00:00,98.73,98.74,97.68,97.68,961.0,13,0.0
2025-03-27 16:00:00,97.68,98.64,97.66,97.84,867.0,13,0.0
2025-03-27 17:00:00,97.83,98.4,97.82,98.1,789.0,13,0.0
2025-03-27 18:00:00,98.1,98.48,98.1,98.25,657.0,13,0.0
2025-03-27 19:00:00,98.24,98.52,97.9,98.0,603.0,13,0.0
2025-03-28 10:00:00,97.22,97.49,97.22,97.4,975.0,13,0.0
2025-03-28 11:00:00,97.45,97.64,97.39,97.63,557.0,13,0.0
2025-03-28 12:00:00,97.63,97.77,97.19,97.19,319.0,13,0.0
2025-03-28 13:00:00,97.23,97.56,96.25,97.14,1344.0,13,0.0
2025-03-28 14:00:00,97.11,97.36,94.37,94.37,2111.0,13,0.0
2025-03-28 15:00:00,94.41,94.9,93.59,93.59,1491.0,13,0.0
2025-03-28 16:00:00,93.59,93.82,93.01,93.03,1147.0,13,0.0
2025-03-28 17:00:00,93.03,93.5,92.91,93.34,798.0,13,0.0
2025-03-28 18:00:00,93.34,93.57,93.06,93.33,751.0,13,0.0
2025-03-28 19:00:00,93.33,93.51,93.04,93.24,709.0,13,0.0
2025-03-31 10:00:00,92.62,92.77,92.19,92.54,1404.0,13,0.0
2025-03-31 11:00:00,92.6,92.69,91.86,92.21,1099.0,13,0.0
2025-03-31 12:00:00,92.14,92.61,92.06,92.54,456.0,13,0.0
2025-03-31 13:00:00,92.55,92.75,90.02,90.98,2306.0,13,0.0
2025-03-31 14:00:00,90.97,91.52,90.33,90.88,1618.0,13,0.0
2025-03-31 15:00:00,90.93,92.27,90.78,92.09,1287.0,13,0.0
2025-03-31 16:00:00,92.05,92.6,91.79,92.08,829.0,13,0.0
2025-03-31 17:00:00,92.09,92.76,92.04,92.39,736.0,13,0.0
2025-03-31 18:00:00,92.39,92.89,92.39,92.66,731.0,13,0.0
2025-03-31 19:00:00,92.66,93.17,92.66,92.96,839.0,13,0.0
2025-04-01 10:00:00,93.31,93.49,92.59,92.75,1235.0,13,0.0
2025-04-01 11:00:00,92.69,92.76,92.1,92.44,786.0,13,0.0
2025-04-01 12:00:00,92.44,92.65,92.33,92.64,473.0,13,0.0
2025-04-01 13:00:00,92.64,93.1,92.03,92.18,1579.0,13,0.0
2025-04-01 14:00:00,92.14,92.4,91.12,92.36,1998.0,13,0.0
2025-04-01 15:00:00,92.35,92.54,91.94,92.49,970.0,13,0.0
2025-04-01 16:00:00,92.47,92.66,91.94,92.38,1020.0,13,0.0
2025-04-01 17:00:00,92.38,92.44,91.67,91.92,864.0,13,0.0
2025-04-01 18:00:00,91.92,91.92,91.2,91.49,882.0,13,0.0
2025-04-01 19:00:00,91.49,92.11,91.47,92.05,735.0,13,0.0
2025-04-02 10:00:00,92.41,92.45,91.78,91.82,907.0,13,0.0
2025-04-02 11:00:00,91.86,92.11,91.86,91.96,1046.0,13,0.0
2025-04-02 12:00:00,91.96,91.99,91.62,91.78,333.0,13,0.0
2025-04-02 13:00:00,91.81,94.47,91.64,94.33,2243.0,13,0.0
2025-04-02 14:00:00,94.26,94.88,93.29,94.26,1771.0,13,0.0
2025-04-02 15:00:00,94.25,94.25,93.41,93.71,978.0,13,0.0
2025-04-02 16:00:00,93.69,94.38,93.66,94.38,865.0,13,0.0
2025-04-02 17:00:00,94.39,94.59,93.62,93.76,794.0,13,0.0
2025-04-02 18:00:00,93.73,93.77,92.82,92.82,943.0,13,0.0
2025-04-02 19:00:00,92.82,93.66,92.82,93.46,810.0,13,0.0
2025-04-03 10:00:00,91.17,91.33,91.05,91.21,1451.0,13,0.0
2025-04-03 11:00:00,91.1,91.25,90.79,90.99,1110.0,13,0.0
2025-04-03 12:00:00,91.01,91.19,90.0,90.0,1068.0,13,0.0
2025-04-03 13:00:00,90.0,93.48,89.66,93.04,3061.0,13,0.0
2025-04-03 14:00:00,93.0,93.14,91.29,91.34,2667.0,13,0.0
2025-04-03 15:00:00,91.36,93.89,91.01,93.57,2192.0,13,0.0
2025-04-03 16:00:00,93.57,94.55,93.39,93.53,2200.0,13,0.0
2025-04-03 17:00:00,93.53,93.61,92.31,92.31,1172.0,13,0.0
2025-04-03 18:00:00,92.34,93.03,91.99,92.8,1139.0,13,0.0
2025-04-03 19:00:00,92.8,92.94,91.63,92.07,1148.0,13,0.0
2025-04-04 10:00:00,91.08,91.12,89.11,89.94,2787.0,13,0.0
2025-04-04 11:00:00,90.02,90.1,88.45,89.32,2138.0,13,0.0
2025-04-04 12:00:00,89.16,90.27,88.61,90.0,2164.0,13,0.0
2025-04-04 13:00:00,90.0,90.57,88.52,89.27,4104.0,13,0.0
2025-04-04 14:00:00,89.22,89.29,86.09,87.15,3750.0,13,0.0
2025-04-04 15:00:00,87.09,88.04,86.25,86.73,2988.0,13,0.0
2025-04-04 16:00:00,86.73,87.24,85.79,86.24,2055.0,13,0.0
2025-04-04 17:00:00,86.23,87.19,85.58,87.18,2042.0,13,0.0
2025-04-04 18:00:00,87.18,87.47,85.36,85.52,1926.0,13,0.0
2025-04-04 19:00:00,85.52,86.97,85.32,86.73,1808.0,13,0.0
2025-04-07 10:00:00,82.37,85.05,82.37,84.15,2003.0,13,0.0
2025-04-07 11:00:00,84.13,84.45,83.11,83.61,1695.0,13,0.0
2025-04-07 12:00:00,83.61,84.63,82.99,84.3,1747.0,13,0.0
2025-04-07 13:00:00,84.34,85.95,82.1,85.83,4209.0,13,0.0
2025-04-07 14:00:00,85.78,90.56,84.4,87.25,5261.0,13,0.0
2025-04-07 15:00:00,87.22,87.85,85.2,86.44,2954.0,13,0.0
2025-04-07 16:00:00,86.35,87.28,85.67,86.15,1734.0,13,0.0
2025-04-07 17:00:00,86.18,88.72,86.1,88.4,2273.0,13,0.0
2025-04-07 18:00:00,88.42,88.61,86.87,87.0,1810.0,13,0.0
2025-04-07 19:00:00,86.99,87.63,86.05,86.39,1893.0,13,0.0
2025-04-08 10:00:00,87.66,88.58,87.53,88.34,1139.0,13,0.0
2025-04-08 11:00:00,88.38,89.98,88.08,89.79,1130.0,13,0.0
2025-04-08 12:00:00,89.81,89.9,89.08,89.5,958.0,13,0.0
2025-04-08 13:00:00,89.48,92.11,89.34,91.75,3529.0,13,0.0
2025-04-08 14:00:00,91.77,92.2,90.01,90.24,2549.0,13,0.0
2025-04-08 15:00:00,90.15,90.64,89.39,89.91,1903.0,13,0.0
2025-04-08 16:00:00,89.91,90.11,88.06,88.7,1953.0,13,0.0
2025-04-08 17:00:00,88.7,89.57,88.22,89.06,2087.0,13,0.0
2025-04-08 18:00:00,89.06,89.19,87.74,88.18,1901.0,13,0.0
2025-04-08 19:00:00,88.19,88.24,85.99,86.03,2285.0,13,0.0
2025-04-09 10:00:00,85.98,86.77,85.63,86.35,1046.0,13,0.0
2025-04-09 11:00:00,86.2,86.32,84.62,85.32,2157.0,13,0.0
2025-04-09 12:00:00,85.28,86.78,85.07,86.16,1032.0,13,0.0
2025-04-09 13:00:00,86.46,87.58,85.32,87.26,3605.0,13,0.0
2025-04-09 14:00:00,87.2,88.05,85.98,85.98,2868.0,13,0.0
2025-04-09 15:00:00,85.98,87.06,85.71,85.82,1759.0,13,0.0
2025-04-09 16:00:00,85.8,87.26,85.7,87.0,1247.0,13,0.0
2025-04-09 17:00:00,87.02,93.14,86.7,92.65,4834.0,13,0.0
2025-04-09 18:00:00,92.68,94.32,92.02,92.76,3376.0,13,0.0
2025-04-09 19:00:00,92.76,94.87,92.28,93.79,2103.0,13,0.0
2025-04-10 10:00:00,92.57,93.15,92.57,92.95,1408.0,13,0.0
2025-04-10 11:00:00,92.94,93.37,92.85,93.3,980.0,13,0.0
2025-04-10 12:00:00,93.29,93.34,92.03,92.36,1432.0,13,0.0
2025-04-10 13:00:00,92.36,94.05,92.33,92.85,2723.0,13,0.0
2025-04-10 14:00:00,92.82,94.0,92.36,92.78,2402.0,13,0.0
2025-04-10 15:00:00,92.78,93.45,90.92,91.0,1831.0,13,0.0
2025-04-10 16:00:00,91.02,91.35,89.34,91.09,2750.0,13,0.0
2025-04-10 17:00:00,91.09,92.38,90.16,92.18,2291.0,13,0.0
2025-04-10 18:00:00,92.18,93.0,91.32,92.26,2207.0,13,0.0
2025-04-10 19:00:00,92.25,92.92,91.5,91.63,1950.0,13,0.0
2025-04-11 10:00:00,92.57,92.94,92.26,92.55,1421.0,13,0.0
2025-04-11 11:00:00,92.56,92.67,92.1,92.29,1291.0,13,0.0
2025-04-11 12:00:00,92.3,93.03,92.13,92.21,877.0,13,0.0
2025-04-11 13:00:00,92.22,94.39,91.56,93.91,2074.0,13,0.0
2025-04-11 14:00:00,93.86,94.03,91.61,91.96,2654.0,13,0.0
2025-04-11 15:00:00,91.93,92.64,90.6,91.43,1915.0,13,0.0
2025-04-11 16:00:00,91.44,92.31,91.18,92.17,1437.0,13,0.0
2025-04-11 17:00:00,92.17,92.45,90.99,91.66,1831.0,13,0.0
2025-04-11 18:00:00,91.67,91.87,91.33,91.4,1316.0,13,0.0
2025-04-11 19:00:00,91.4,92.1,91.4,91.95,1050.0,13,0.0
2025-04-14 10:00:00,92.5,92.8,92.38,92.72,520.0,13,0.0
2025-04-14 11:00:00,92.66,92.89,92.26,92.3,661.0,13,0.0
2025-04-14 12:00:00,92.31,93.1,92.31,92.93,464.0,13,0.0
2025-04-14 13:00:00,92.91,93.77,91.95,93.02,2303.0,13,0.0
2025-04-14 14:00:00,93.03,94.8,92.86,94.5,1137.0,13,0.0
2025-04-14 15:00:00,94.5,94.5,92.52,92.58,1281.0,13,0.0
2025-04-14 16:00:00,92.58,92.79,91.9,92.17,1516.0,13,0.0
2025-04-14 17:00:00,92.17,93.17,92.11,93.11,1095.0,13,0.0
2025-04-14 18:00:00,93.11,93.54,92.94,93.33,764.0,13,0.0
2025-04-14 19:00:00,93.32,93.74,93.32,93.59,697.0,13,0.0
2025-04-15 10:00:00,95.61,95.88,95.3,95.41,642.0,13,0.0
2025-04-15 11:00:00,95.38,95.56,94.82,95.0,814.0,13,0.0
2025-04-15 12:00:00,95.0,95.06,94.4,94.9,640.0,13,0.0
2025-04-15 13:00:00,94.91,97.13,94.6,97.01,2308.0,13,0.0
2025-04-15 14:00:00,97.01,99.04,96.96,97.72,2683.0,13,0.0
2025-04-15 15:00:00,97.73,98.41,97.71,98.08,1415.0,13,0.0
2025-04-15 16:00:00,98.08,99.24,98.07,98.38,1599.0,13,0.0
2025-04-15 17:00:00,98.37,99.04,97.88,98.11,1490.0,13,0.0
2025-04-15 18:00:00,98.1,98.28,97.7,98.21,1018.0,13,0.0
2025-04-15 19:00:00,98.21,98.49,98.04,98.2,806.0,13,0.0
2025-04-16 10:00:00,97.91,98.07,97.74,97.84,709.0,13,0.0
2025-04-16 11:00:00,97.84,98.18,97.8,98.1,432.0,13,0.0
2025-04-16 12:00:00,98.1,98.17,97.61,97.72,417.0,13,0.0
2025-04-16 13:00:00,97.68,97.96,96.06,96.2,2300.0,13,0.0
2025-04-16 14:00:00,96.17,98.06,96.11,97.53,1879.0,13,0.0
2025-04-16 15:00:00,97.53,97.95,97.18,97.24,1033.0,13,0.0
2025-04-16 16:00:00,97.24,97.69,97.06,97.5,975.0,13,0.0
2025-04-16 17:00:00,97.5,97.65,95.64,95.64,1328.0,13,0.0
2025-04-16 18:00:00,95.65,96.36,95.27,95.29,1335.0,13,0.0
2025-04-16 19:00:00,95.3,95.62,94.9,95.52,1044.0,13,0.0
2025-04-17 10:00:00,97.31,97.37,97.12,97.24,628.0,13,0.0
2025-04-17 11:00:00,97.17,97.32,97.04,97.25,433.0,13,0.0
2025-04-17 12:00:00,97.27,97.73,97.27,97.44,615.0,13,0.0
2025-04-17 13:00:00,97.38,97.44,95.6,97.17,2106.0,13,0.0
2025-04-17 14:00:00,97.19,97.36,96.02,96.56,1792.0,13,0.0
2025-04-17 15:00:00,96.55,97.48,96.44,97.04,1476.0,13,0.0
2025-04-17 16:00:00,97.05,98.39,96.82,98.27,1639.0,13,0.0
2025-04-17 17:00:00,98.29,98.32,97.06,97.54,1214.0,13,0.0
2025-04-17 18:00:00,97.53,98.07,97.37,97.37,1336.0,13,0.0
2025-04-17 19:00:00,97.36,97.43,96.83,97.26,1301.0,9,0.0
2025-04-21 10:00:00,100.17,100.58,100.16,100.38,197.0,13,0.0
2025-04-21 11:00:00,100.42,100.55,98.64,99.03,826.0,13,0.0
2025-04-21 12:00:00,99.03,99.38,98.56,99.11,851.0,13,0.0
2025-04-21 13:00:00,99.08,101.75,98.21,99.0,3824.0,13,0.0
2025-04-21 14:00:00,98.98,99.69,97.65,99.69,3012.0,13,0.0
2025-04-21 15:00:00,99.65,100.29,98.92,99.08,2241.0,13,0.0
2025-04-21 16:00:00,99.07,99.53,98.24,98.33,1485.0,13,0.0
2025-04-21 17:00:00,98.35,98.36,97.28,97.61,1342.0,13,0.0
2025-04-21 18:00:00,97.61,98.74,97.5,98.54,1446.0,13,0.0
2025-04-21 19:00:00,98.55,99.21,98.48,99.11,1163.0,13,0.0
2025-04-22 10:00:00,99.48,99.5,99.3,99.37,337.0,13,0.0
2025-04-22 11:00:00,99.38,99.63,99.3,99.39,663.0,13,0.0
2025-04-22 12:00:00,99.34,99.98,99.33,99.98,409.0,13,0.0
2025-04-22 13:00:00,99.95,105.51,99.77,105.26,4052.0,13,0.0
2025-04-22 14:00:00,105.26,106.4,104.32,106.06,2772.0,13,0.0
2025-04-22 15:00:00,106.06,106.17,104.81,105.3,1741.0,13,0.0
2025-04-22 16:00:00,105.29,105.63,104.39,105.38,1742.0,13,0.0
2025-04-22 17:00:00,105.38,105.63,103.91,103.97,1896.0,13,0.0
2025-04-22 18:00:00,103.97,104.84,103.89,104.31,1262.0,13,0.0
2025-04-22 19:00:00,104.34,104.57,102.95,103.43,1213.0,13,0.0
2025-04-23 10:00:00,105.21,105.37,105.16,105.33,405.0,13,0.0
2025-04-23 11:00:00,105.28,105.38,104.54,104.74,815.0,13,0.0
2025-04-23 12:00:00,104.74,105.17,104.63,104.69,671.0,13,0.0
2025-04-23 13:00:00,104.69,105.16,103.22,105.13,3263.0,13,0.0
2025-04-23 14:00:00,105.19,105.87,104.67,105.21,2250.0,13,0.0
2025-04-23 15:00:00,105.21,106.04,104.1,104.65,1967.0,13,0.0
2025-04-23 16:00:00,104.63,104.96,103.61,104.86,1287.0,13,0.0
2025-04-23 17:00:00,104.88,105.33,104.56,104.97,1045.0,13,0.0
2025-04-23 18:00:00,104.99,105.24,104.66,104.93,989.0,13,0.0
2025-04-23 19:00:00,104.93,105.03,104.24,104.48,999.0,13,0.0
2025-04-24 10:00:00,104.38,104.88,104.31,104.8,1214.0,13,0.0
2025-04-24 11:00:00,104.73,104.73,104.19,104.41,1130.0,13,0.0
2025-04-24 12:00:00,104.44,104.66,104.21,104.48,579.0,13,0.0
2025-04-24 13:00:00,104.48,107.75,104.45,107.16,2556.0,13,0.0
2025-04-24 14:00:00,107.16,108.21,106.99,108.02,2001.0,13,0.0
2025-04-24 15:00:00,108.02,108.79,107.99,108.54,1336.0,13,0.0
2025-04-24 16:00:00,108.54,109.63,108.49,109.49,1304.0,13,0.0
2025-04-24 17:00:00,109.5,109.5,108.92,109.27,950.0,13,0.0
2025-04-24 18:00:00,109.28,109.95,109.23,109.51,1048.0,13,0.0
2025-04-24 19:00:00,109.47,109.65,109.2,109.62,864.0,13,0.0
2025-04-25 10:00:00,109.56,109.57,108.79,108.91,1071.0,13,0.0
2025-04-25 11:00:00,109.06,109.38,109.02,109.18,755.0,13,0.0
2025-04-25 12:00:00,109.18,109.63,109.04,109.08,573.0,13,0.0
2025-04-25 13:00:00,109.08,110.24,109.04,109.7,1861.0,13,0.0
2025-04-25 14:00:00,109.68,110.53,109.26,109.44,1812.0,13,0.0
2025-04-25 15:00:00,109.44,109.86,109.23,109.63,868.0,13,0.0
2025-04-25 16:00:00,109.63,110.13,109.44,109.91,836.0,13,0.0
2025-04-25 17:00:00,109.91,110.2,109.47,109.7,1026.0,13,0.0
2025-04-25 18:00:00,109.7,110.15,109.68,109.99,757.0,13,0.0
2025-04-25 19:00:00,109.98,110.14,109.79,109.92,599.0,13,0.0
2025-04-28 10:00:00,109.84,109.86,109.64,109.68,621.0,13,0.0
2025-04-28 11:00:00,109.74,110.06,109.69,109.88,450.0,13,0.0
2025-04-28 12:00:00,109.84,109.95,109.66,109.82,415.0,13,0.0
2025-04-28 13:00:00,109.82,110.96,108.38,108.47,1889.0,13,0.0
2025-04-28 14:00:00,108.47,109.79,108.21,109.71,1577.0,13,0.0
2025-04-28 15:00:00,109.72,109.85,109.1,109.54,1139.0,13,0.0
2025-04-28 16:00:00,109.53,109.8,109.26,109.76,791.0,13,0.0
2025-04-28 17:00:00,109.76,110.13,109.29,110.08,848.0,13,0.0
2025-04-28 18:00:00,110.08,110.59,109.81,110.52,1055.0,13,0.0
2025-04-28 19:00:00,110.52,111.07,110.42,111.07,843.0,13,0.0
2025-04-29 10:00:00,111.08,111.12,110.18,110.48,397.0,13,0.0
2025-04-29 11:00:00,110.53,110.67,110.37,110.64,443.0,13,0.0
2025-04-29 12:00:00,110.64,110.99,110.29,110.38,600.0,13,0.0
2025-04-29 13:00:00,110.34,110.54,109.5,110.03,1877.0,13,0.0
2025-04-29 14:00:00,110.0,111.47,109.88,111.36,1537.0,13,0.0
2025-04-29 15:00:00,111.36,111.54,110.54,110.96,914.0,13,0.0
2025-04-29 16:00:00,110.97,111.37,110.9,111.12,807.0,13,0.0
2025-04-29 17:00:00,111.12,112.15,111.11,112.01,929.0,13,0.0
2025-04-29 18:00:00,112.01,112.19,111.67,111.91,888.0,13,0.0
2025-04-29 19:00:00,111.91,112.18,111.87,112.16,689.0,13,0.0
2025-04-30 10:00:00,112.26,112.26,112.09,112.11,503.0,13,0.0
2025-04-30 11:00:00,112.14,112.39,111.95,112.02,663.0,13,0.0
2025-04-30 12:00:00,112.0,112.05,111.08,111.21,749.0,13,0.0
2025-04-30 13:00:00,111.18,112.32,110.13,110.19,2333.0,13,0.0
2025-04-30 14:00:00,110.17,111.61,110.08,111.19,1653.0,13,0.0
2025-04-30 15:00:00,111.21,112.1,111.18,112.03,1199.0,13,0.0
2025-04-30 16:00:00,112.03,112.33,111.84,112.18,945.0,13,0.0
2025-04-30 17:00:00,112.18,112.43,111.45,112.25,932.0,13,0.0
2025-04-30 18:00:00,112.27,112.62,111.73,111.95,979.0,13,0.0
2025-04-30 19:00:00,111.95,112.4,111.95,112.4,658.0,13,0.0
2025-05-01 10:00:00,112.67,112.7,112.52,112.64,110.0,13,0.0
2025-05-01 11:00:00,112.68,112.88,112.57,112.65,129.0,13,0.0
2025-05-01 12:00:00,112.68,112.84,111.99,112.03,179.0,13,0.0
2025-05-01 13:00:00,111.99,112.53,111.23,111.93,1906.0,13,0.0
2025-05-01 14:00:00,111.99,114.12,111.83,114.06,1624.0,13,0.0
2025-05-01 15:00:00,114.07,114.15,113.19,113.29,1208.0,13,0.0
2025-05-01 16:00:00,113.29,113.55,113.14,113.37,893.0,13,0.0
2025-05-01 17:00:00,113.37,113.77,113.36,113.62,724.0,13,0.0
2025-05-01 18:00:00,113.63,114.1,113.58,113.89,721.0,13,0.0
2025-05-01 19:00:00,113.88,113.89,113.51,113.6,496.0,13,0.0
2025-05-02 10:00:00,113.35,113.61,113.24,113.51,211.0,13,0.0
2025-05-02 11:00:00,113.52,113.73,113.46,113.64,122.0,13,0.0
2025-05-02 12:00:00,113.62,114.19,113.5,113.84,316.0,13,0.0
2025-05-02 13:00:00,113.84,114.46,113.29,114.09,1575.0,13,0.0
2025-05-02 14:00:00,114.11,114.98,114.1,114.82,1401.0,13,0.0
2025-05-02 15:00:00,114.82,115.31,114.76,115.28,941.0,13,0.0
2025-05-02 16:00:00,115.27,115.52,115.15,115.35,927.0,13,0.0
2025-05-02 17:00:00,115.35,115.52,115.16,115.42,798.0,13,0.0
2025-05-02 18:00:00,115.44,115.83,115.42,115.82,802.0,9,0.0
2025-05-02 19:00:00,115.83,115.84,115.51,115.71,680.0,13,0.0
2025-05-05 10:00:00,111.09,111.09,109.49,109.88,1035.0,13,0.0
2025-05-05 11:00:00,109.96,110.72,108.61,109.3,1295.0,13,0.0
2025-05-05 12:00:00,109.2,110.88,108.33,109.88,1874.0,13,0.0
2025-05-05 13:00:00,109.87,113.38,109.44,113.08,3760.0,13,0.0
2025-05-05 14:00:00,113.2,113.59,112.68,113.44,1908.0,13,0.0
2025-05-05 15:00:00,113.45,113.91,113.04,113.6,1261.0,13,0.0
2025-05-05 16:00:00,113.59,114.33,113.59,113.92,860.0,13,0.0
2025-05-05 17:00:00,113.92,114.09,113.57,113.9,749.0,13,0.0
2025-05-05 18:00:00,113.89,114.17,113.71,113.93,678.0,13,0.0
2025-05-05 19:00:00,113.93,114.12,113.76,113.87,706.0,13,0.0
2025-05-06 10:00:00,112.44,112.82,112.42,112.8,621.0,13,0.0
2025-05-06 11:00:00,112.77,112.81,112.46,112.51,281.0,13,0.0
2025-05-06 12:00:00,112.51,112.99,112.51,112.97,195.0,13,0.0
2025-05-06 13:00:00,112.96,114.08,112.18,113.24,1727.0,13,0.0
2025-05-06 14:00:00,113.24,114.68,113.04,114.2,1301.0,13,0.0
2025-05-06 15:00:00,114.18,114.46,113.87,113.95,828.0,13,0.0
2025-05-06 16:00:00,113.96,114.58,113.93,114.03,958.0,13,0.0
2025-05-06 17:00:00,114.03,114.35,113.68,113.84,714.0,13,0.0
2025-05-06 18:00:00,113.84,114.28,113.8,114.18,648.0,13,0.0
2025-05-06 19:00:00,114.18,114.23,113.94,114.1,532.0,13,0.0
2025-05-07 10:00:00,114.19,114.28,114.01,114.23,408.0,13,0.0
2025-05-07 11:00:00,114.14,114.3,113.96,114.03,394.0,13,0.0
2025-05-07 12:00:00,114.01,114.05,113.54,113.78,390.0,13,0.0
2025-05-07 13:00:00,113.8,114.63,113.67,114.23,1230.0,13,0.0
2025-05-07 14:00:00,114.23,116.19,114.16,115.52,1596.0,13,0.0
2025-05-07 15:00:00,115.52,115.54,114.83,115.32,1151.0,13,0.0
2025-05-07 16:00:00,115.32,115.83,115.1,115.72,760.0,13,0.0
2025-05-07 17:00:00,115.72,115.93,115.3,115.35,741.0,13,0.0
2025-05-07 18:00:00,115.35,115.79,114.49,115.69,1440.0,13,0.0
2025-05-07 19:00:00,115.69,116.32,115.1,115.94,1153.0,13,0.0
2025-05-08 10:00:00,116.43,116.71,116.35,116.69,681.0,13,0.0
2025-05-08 11:00:00,116.56,116.66,116.15,116.35,312.0,13,0.0
2025-05-08 12:00:00,116.35,116.4,116.09,116.1,211.0,13,0.0
2025-05-08 13:00:00,116.09,116.22,115.21,115.26,1338.0,13,0.0
2025-05-08 14:00:00,115.27,115.46,113.9,113.99,1821.0,13,0.0
2025-05-08 15:00:00,113.99,115.16,113.87,114.86,1299.0,13,0.0
2025-05-08 16:00:00,114.86,115.08,114.63,114.99,872.0,13,0.0
2025-05-08 17:00:00,115.0,115.1,114.55,114.88,707.0,13,0.0
2025-05-08 18:00:00,114.89,115.2,114.78,114.78,724.0,13,0.0
2025-05-08 19:00:00,114.78,115.2,114.68,114.83,685.0,9,0.0
2025-05-09 10:00:00,114.33,114.51,114.33,114.46,510.0,13,0.0
2025-05-09 11:00:00,114.48,114.79,114.17,114.58,1147.0,13,0.0
2025-05-09 12:00:00,114.6,114.69,114.39,114.53,516.0,13,0.0
2025-05-09 13:00:00,114.48,115.02,114.19,114.56,1128.0,13,0.0
2025-05-09 14:00:00,114.56,114.57,113.28,114.09,1181.0,13,0.0
2025-05-09 15:00:00,114.1,114.47,113.64,114.46,915.0,13,0.0
2025-05-09 16:00:00,114.46,114.49,113.86,114.16,666.0,13,0.0
2025-05-09 17:00:00,114.17,114.4,114.03,114.19,584.0,13,0.0
2025-05-09 18:00:00,114.18,114.21,113.81,114.02,614.0,9,0.0
2025-05-09 19:00:00,114.02,114.13,113.85,114.0,570.0,13,0.0
2025-05-12 10:00:00,115.45,115.49,114.33,114.77,1137.0,13,0.0
2025-05-12 11:00:00,114.76,114.89,113.33,113.76,1300.0,13,0.0
2025-05-12 12:00:00,113.78,114.19,112.11,112.16,1234.0,13,0.0
2025-05-12 13:00:00,112.14,113.0,110.84,111.67,3549.0,13,0.0
2025-05-12 14:00:00,111.71,112.01,110.64,111.01,2237.0,13,0.0
2025-05-12 15:00:00,111.02,111.14,110.24,110.72,1565.0,13,0.0
2025-05-12 16:00:00,110.72,111.27,110.59,111.03,942.0,13,0.0
2025-05-12 17:00:00,111.02,111.65,110.93,111.49,758.0,13,0.0
2025-05-12 18:00:00,111.49,111.55,110.52,110.63,1214.0,9,0.0
2025-05-12 19:00:00,110.63,111.16,110.35,110.4,891.0,9,0.0
2025-05-13 10:00:00,111.06,111.26,111.03,111.16,360.0,13,0.0
2025-05-13 11:00:00,111.22,111.24,110.98,111.04,484.0,13,0.0
2025-05-13 12:00:00,111.01,111.38,110.95,111.01,449.0,13,0.0
2025-05-13 13:00:00,111.01,113.1,110.63,112.57,1828.0,13,0.0
2025-05-13 14:00:00,112.6,114.2,112.5,114.03,1507.0,13,0.0
2025-05-13 15:00:00,114.04,114.13,113.69,114.05,959.0,13,0.0
2025-05-13 16:00:00,114.05,114.7,113.81,114.54,918.0,13,0.0
2025-05-13 17:00:00,114.54,114.6,113.99,114.0,719.0,13,0.0
2025-05-13 18:00:00,114.0,114.17,113.56,113.77,558.0,13,0.0
2025-05-13 19:00:00,113.77,113.92,113.71,113.8,514.0,13,0.0
2025-05-14 10:00:00,113.55,113.59,113.45,113.53,750.0,13,0.0
2025-05-14 11:00:00,113.57,113.73,113.53,113.67,454.0,13,0.0
2025-05-14 12:00:00,113.67,113.71,113.5,113.63,253.0,13,0.0
2025-05-14 13:00:00,113.63,115.08,112.86,115.0,1622.0,13,0.0
2025-05-14 14:00:00,115.04,115.21,114.38,114.67,1589.0,13,0.0
2025-05-14 15:00:00,114.68,115.12,114.41,115.0,790.0,13,0.0
2025-05-14 16:00:00,115.0,115.17,114.66,114.99,710.0,13,0.0
2025-05-14 17:00:00,114.99,115.15,114.8,114.96,612.0,13,0.0
2025-05-14 18:00:00,114.95,114.98,113.01,114.46,2140.0,13,0.0
2025-05-14 19:00:00,114.49,114.8,114.33,114.47,690.0,13,0.0
2025-05-15 10:00:00,114.8,114.99,114.78,114.85,898.0,13,0.0
2025-05-15 11:00:00,114.85,114.95,114.72,114.75,233.0,13,0.0
2025-05-15 12:00:00,114.75,114.85,114.39,114.68,411.0,13,0.0
2025-05-15 13:00:00,114.68,115.8,114.68,115.57,1232.0,13,0.0
2025-05-15 14:00:00,115.56,116.87,115.53,116.86,1441.0,13,0.0
2025-05-15 15:00:00,116.86,117.27,116.52,117.04,1145.0,13,0.0
2025-05-15 16:00:00,117.03,117.86,116.97,117.86,882.0,13,0.0
2025-05-15 17:00:00,117.85,118.66,117.85,118.46,990.0,13,0.0
2025-05-15 18:00:00,118.45,118.46,117.64,117.65,898.0,13,0.0
2025-05-15 19:00:00,117.64,117.87,117.17,117.56,763.0,13,0.0
2025-05-16 10:00:00,118.32,118.39,118.23,118.38,413.0,13,0.0
2025-05-16 11:00:00,118.35,118.46,118.15,118.46,557.0,13,0.0
2025-05-16 12:00:00,118.45,118.45,117.96,118.11,278.0,13,0.0
2025-05-16 13:00:00,118.12,119.83,117.94,119.09,2006.0,13,0.0
2025-05-16 14:00:00,119.01,119.56,118.31,118.76,1369.0,13,0.0
2025-05-16 15:00:00,118.76,119.15,118.44,118.91,722.0,13,0.0
2025-05-16 16:00:00,118.92,119.34,118.9,119.04,725.0,13,0.0
2025-05-16 17:00:00,119.04,119.37,118.91,119.0,567.0,13,0.0
2025-05-16 18:00:00,119.0,119.21,118.81,119.16,508.0,13,0.0
2025-05-16 19:00:00,119.15,119.47,119.15,119.3,502.0,13,0.0
2025-05-19 10:00:00,116.41,116.87,116.27,116.68,639.0,13,0.0
2025-05-19 11:00:00,116.73,117.62,116.71,117.44,673.0,13,0.0
2025-05-19 12:00:00,117.43,117.53,116.68,117.21,590.0,13,0.0
2025-05-19 13:00:00,117.21,118.57,117.02,118.12,1617.0,13,0.0
2025-05-19 14:00:00,118.14,119.04,117.96,118.02,1205.0,13,0.0
2025-05-19 15:00:00,118.02,118.83,118.02,118.71,722.0,13,0.0
2025-05-19 16:00:00,118.71,118.72,118.3,118.52,632.0,13,0.0
2025-05-19 17:00:00,118.52,118.86,118.5,118.79,580.0,13,0.0
2025-05-19 18:00:00,118.78,118.78,118.41,118.6,487.0,13,0.0
2025-05-19 19:00:00,118.61,118.65,118.39,118.58,456.0,13,0.0
2025-05-20 10:00:00,118.31,118.49,118.21,118.41,582.0,13,0.0
2025-05-20 11:00:00,118.41,118.92,118.41,118.76,783.0,13,0.0
2025-05-20 12:00:00,118.76,118.83,118.58,118.59,120.0,13,0.0
2025-05-20 13:00:00,118.66,118.97,118.09,118.23,1279.0,13,0.0
2025-05-20 14:00:00,118.25,118.56,117.87,118.28,947.0,13,0.0
2025-05-20 15:00:00,118.22,118.47,118.02,118.43,707.0,13,0.0
2025-05-20 16:00:00,118.43,118.8,118.3,118.76,529.0,13,0.0
2025-05-20 17:00:00,118.76,118.8,118.42,118.62,534.0,13,0.0
2025-05-20 18:00:00,118.61,118.66,118.2,118.49,565.0,13,0.0
2025-05-20 19:00:00,118.49,118.76,118.31,118.67,480.0,13,0.0
2025-05-21 10:00:00,118.45,118.52,118.18,118.5,739.0,13,0.0
2025-05-21 11:00:00,118.5,118.89,118.43,118.85,1112.0,13,0.0
2025-05-21 12:00:00,118.83,118.84,118.59,118.65,481.0,13,0.0
2025-05-21 13:00:00,118.64,120.03,118.47,119.58,1215.0,13,0.0
2025-05-21 14:00:00,119.61,120.69,119.6,120.69,1352.0,13,0.0
2025-05-21 15:00:00,120.68,121.04,120.48,120.5,1006.0,13,0.0
2025-05-21 16:00:00,120.49,120.85,120.42,120.72,580.0,13,0.0
2025-05-21 17:00:00,120.72,120.79,119.07,119.67,1458.0,13,0.0
2025-05-21 18:00:00,119.68,119.79,119.2,119.25,833.0,13,0.0
2025-05-21 19:00:00,119.27,119.46,118.75,119.4,940.0,13,0.0
2025-05-22 10:00:00,119.42,119.42,119.3,119.34,222.0,13,0.0
2025-05-22 11:00:00,119.39,119.56,119.06,119.12,682.0,13,0.0
2025-05-22 12:00:00,119.01,119.55,118.69,119.45,412.0,13,0.0
2025-05-22 13:00:00,119.54,119.77,118.72,119.3,1381.0,13,0.0
2025-05-22 14:00:00,119.29,119.39,118.72,118.97,964.0,13,0.0
2025-05-22 15:00:00,118.97,119.27,118.74,119.2,740.0,13,0.0
2025-05-22 16:00:00,119.22,119.48,119.08,119.12,510.0,13,0.0
2025-05-22 17:00:00,119.12,119.56,118.98,119.49,510.0,13,0.0
2025-05-22 18:00:00,119.49,119.78,119.3,119.49,521.0,13,0.0
2025-05-22 19:00:00,119.48,119.74,119.21,119.21,451.0,13,0.0
2025-05-23 10:00:00,118.77,118.81,118.06,118.11,430.0,13,0.0
2025-05-23 11:00:00,118.14,118.45,117.3,117.63,1471.0,13,0.0
2025-05-23 12:00:00,117.68,117.93,117.22,117.58,1050.0,13,0.0
2025-05-23 13:00:00,117.53,118.89,117.49,118.06,1582.0,13,0.0
2025-05-23 14:00:00,118.05,118.92,117.99,118.31,987.0,13,0.0
2025-05-23 15:00:00,118.31,118.97,118.29,118.77,743.0,13,0.0
2025-05-23 16:00:00,118.77,118.95,118.53,118.71,668.0,13,0.0
2025-05-23 17:00:00,118.72,119.04,118.64,118.93,585.0,13,0.0
2025-05-23 18:00:00,118.93,119.07,118.55,118.91,619.0,13,0.0
2025-05-23 19:00:00,118.9,119.03,118.64,118.87,538.0,13,0.0
2025-05-27 10:00:00,119.42,119.44,119.3,119.31,330.0,13,0.0
2025-05-27 11:00:00,119.28,119.46,119.18,119.46,586.0,13,0.0
2025-05-27 12:00:00,119.42,119.42,119.28,119.34,245.0,13,0.0
2025-05-27 13:00:00,119.34,120.66,119.28,120.59,1221.0,13,0.0
2025-05-27 14:00:00,120.59,120.86,119.92,119.99,1098.0,13,0.0
2025-05-27 15:00:00,119.99,120.09,119.56,119.97,684.0,13,0.0
2025-05-27 16:00:00,119.97,120.46,119.94,120.29,560.0,13,0.0
2025-05-27 17:00:00,120.29,120.9,120.26,120.83,643.0,13,0.0
2025-05-27 18:00:00,120.81,120.86,120.64,120.7,537.0,13,0.0
2025-05-27 19:00:00,120.7,120.88,120.61,120.75,512.0,13,0.0
2025-05-28 10:00:00,121.04,121.17,121.03,121.17,47.0,13,0.0
2025-05-28 11:00:00,121.15,121.17,121.03,121.17,133.0,13,0.0
2025-05-28 12:00:00,121.16,121.24,121.09,121.1,47.0,13,0.0
2025-05-28 13:00:00,121.12,121.49,120.56,120.87,933.0,13,0.0
2025-05-28 14:00:00,120.89,121.06,120.68,120.87,789.0,13,0.0
2025-05-28 15:00:00,120.88,121.2,120.82,120.94,491.0,13,0.0
2025-05-28 16:00:00,120.94,121.33,120.94,121.11,498.0,13,0.0
2025-05-28 17:00:00,121.11,121.24,120.97,121.04,310.0,13,0.0
2025-05-28 18:00:00,121.05,121.21,120.67,121.08,429.0,13,0.0
2025-05-28 19:00:00,121.08,121.28,121.06,121.12,527.0,13,0.0
2025-05-29 10:00:00,120.37,120.49,119.96,120.16,864.0,13,0.0
2025-05-29 11:00:00,120.23,120.6,120.19,120.25,870.0,13,0.0
2025-05-29 12:00:00,120.15,121.03,119.77,120.66,716.0,13,0.0
2025-05-29 13:00:00,120.66,120.83,118.16,119.07,1556.0,13,0.0
2025-05-29 14:00:00,119.07,119.12,118.31,119.06,1272.0,13,0.0
2025-05-29 15:00:00,119.06,119.34,118.23,118.39,890.0,13,0.0
2025-05-29 16:00:00,118.39,118.81,118.24,118.54,792.0,13,0.0
2025-05-29 17:00:00,118.56,118.82,118.5,118.51,586.0,13,0.0
2025-05-29 18:00:00,118.51,118.56,117.6,117.87,893.0,13,0.0
2025-05-29 19:00:00,117.87,118.31,117.64,118.28,634.0,13,0.0
2025-05-30 10:00:00,118.7,118.76,118.58,118.71,161.0,13,0.0
2025-05-30 11:00:00,118.69,119.4,118.66,118.95,278.0,13,0.0
2025-05-30 12:00:00,118.99,119.33,118.4,119.22,563.0,13,0.0
2025-05-30 13:00:00,119.2,120.13,118.95,119.08,1553.0,13,0.0
2025-05-30 14:00:00,119.16,119.34,118.75,118.97,1294.0,13,0.0
2025-05-30 15:00:00,118.98,119.69,118.9,119.22,941.0,13,0.0
2025-05-30 16:00:00,119.23,119.25,118.04,118.63,1206.0,13,0.0
2025-05-30 17:00:00,118.61,119.41,118.56,119.31,833.0,13,0.0
2025-05-30 18:00:00,119.29,120.27,119.29,120.09,1089.0,13,0.0
2025-05-30 19:00:00,120.09,120.55,120.06,120.51,913.0,13,0.0
2025-06-02 10:00:00,119.99,120.25,119.97,120.23,725.0,13,0.0
2025-06-02 11:00:00,120.21,120.24,119.97,120.05,595.0,13,0.0
2025-06-02 12:00:00,120.05,120.34,120.05,120.32,331.0,13,0.0
2025-06-02 13:00:00,120.28,121.28,119.67,120.66,1530.0,13,0.0
2025-06-02 14:00:00,120.62,120.75,120.03,120.74,1283.0,13,0.0
2025-06-02 15:00:00,120.74,121.71,120.74,121.63,1067.0,13,0.0
2025-06-02 16:00:00,121.64,121.67,121.16,121.38,606.0,13,0.0
2025-06-02 17:00:00,121.37,121.54,120.99,121.19,517.0,13,0.0
2025-06-02 18:00:00,121.19,121.63,121.16,121.55,603.0,13,0.0
2025-06-02 19:00:00,121.55,121.79,121.55,121.65,521.0,13,0.0
2025-06-03 10:00:00,121.59,121.66,121.47,121.52,564.0,13,0.0
2025-06-03 11:00:00,121.61,121.82,121.49,121.78,449.0,13,0.0
2025-06-03 12:00:00,121.78,121.88,121.71,121.88,204.0,13,0.0
2025-06-03 13:00:00,121.86,122.89,121.38,121.71,1342.0,13,0.0
2025-06-03 14:00:00,121.74,121.98,121.06,121.35,1128.0,13,0.0
2025-06-03 15:00:00,121.35,121.8,121.17,121.77,648.0,13,0.0
2025-06-03 16:00:00,121.76,122.45,121.76,122.2,588.0,13,0.0
2025-06-03 17:00:00,122.2,122.22,121.98,122.11,438.0,13,0.0
2025-06-03 18:00:00,122.11,122.11,121.64,121.89,577.0,13,0.0
2025-06-03 19:00:00,121.89,121.97,121.8,121.86,452.0,13,0.0
2025-06-04 10:00:00,121.84,122.06,121.83,122.06,119.0,13,0.0
2025-06-04 11:00:00,121.98,122.03,121.81,121.98,635.0,13,0.0
2025-06-04 12:00:00,121.95,122.04,121.24,121.74,434.0,13,0.0
2025-06-04 13:00:00,121.76,122.68,121.54,122.45,1123.0,13,0.0
2025-06-04 14:00:00,122.4,123.28,122.19,123.19,1366.0,13,0.0
2025-06-04 15:00:00,123.2,123.48,123.15,123.26,712.0,13,0.0
2025-06-04 16:00:00,123.26,123.44,123.02,123.42,583.0,13,0.0
2025-06-04 17:00:00,123.41,124.03,123.41,123.96,655.0,13,0.0
2025-06-04 18:00:00,123.96,124.2,123.8,123.87,636.0,13,0.0
2025-06-04 19:00:00,123.88,124.08,123.85,124.08,504.0,13,0.0
2025-06-05 10:00:00,124.15,124.22,124.02,124.07,453.0,13,0.0
2025-06-05 11:00:00,124.08,124.14,123.93,124.03,395.0,13,0.0
2025-06-05 12:00:00,124.03,124.46,123.89,124.11,521.0,13,0.0
2025-06-05 13:00:00,124.11,125.17,123.72,125.15,1340.0,13,0.0
2025-06-05 14:00:00,125.15,126.19,124.98,125.87,1478.0,13,0.0
2025-06-05 15:00:00,125.87,125.96,125.51,125.57,722.0,13,0.0
2025-06-05 16:00:00,125.56,125.58,124.1,124.28,831.0,13,0.0
2025-06-05 17:00:00,124.27,124.99,124.1,124.51,765.0,13,0.0
2025-06-05 18:00:00,124.51,124.89,124.22,124.75,751.0,13,0.0
2025-06-05 19:00:00,124.75,125.51,124.21,125.23,1005.0,13,0.0
2025-06-06 10:00:00,125.8,125.88,125.63,125.71,788.0,13,0.0
2025-06-06 11:00:00,125.72,125.78,125.51,125.73,613.0,13,0.0
2025-06-06 12:00:00,125.73,125.88,125.65,125.72,217.0,13,0.0
2025-06-06 13:00:00,125.71,126.01,124.49,124.98,1399.0,13,0.0
2025-06-06 14:00:00,125.02,125.17,124.04,124.17,1041.0,13,0.0
2025-06-06 15:00:00,124.16,124.32,123.67,124.07,934.0,13,0.0
2025-06-06 16:00:00,124.07,124.1,123.51,123.72,781.0,13,0.0
2025-06-06 17:00:00,123.73,124.31,123.7,124.18,567.0,13,0.0
2025-06-06 18:00:00,124.19,124.37,124.11,124.29,552.0,13,0.0
2025-06-06 19:00:00,124.3,124.46,124.18,124.36,478.0,13,0.0
2025-06-09 10:00:00,124.19,124.39,124.19,124.26,388.0,13,0.0
2025-06-09 11:00:00,124.24,124.27,124.17,124.23,573.0,13,0.0
2025-06-09 12:00:00,124.23,124.23,123.67,123.83,378.0,13,0.0
2025-06-09 13:00:00,123.86,124.08,122.49,122.79,1333.0,13,0.0
2025-06-09 14:00:00,122.77,123.65,122.42,123.46,1127.0,13,0.0
2025-06-09 15:00:00,123.46,123.46,122.82,122.93,799.0,13,0.0
2025-06-09 16:00:00,122.96,123.01,122.68,122.85,543.0,13,0.0
2025-06-09 17:00:00,122.87,123.06,122.69,122.9,416.0,13,0.0
2025-06-09 18:00:00,122.9,122.92,122.55,122.61,407.0,13,0.0
2025-06-09 19:00:00,122.6,122.64,122.14,122.16,488.0,13,0.0
2025-06-10 10:00:00,122.4,122.62,122.4,122.52,167.0,13,0.0
2025-06-10 11:00:00,122.55,123.07,122.36,122.83,314.0,13,0.0
2025-06-10 12:00:00,122.77,122.82,122.39,122.51,181.0,13,0.0
2025-06-10 13:00:00,122.47,123.1,120.99,121.3,1278.0,13,0.0
2025-06-10 14:00:00,121.3,121.38,119.19,119.24,1898.0,13,0.0
2025-06-10 15:00:00,119.24,119.41,118.02,118.93,1684.0,13,0.0
2025-06-10 16:00:00,118.93,119.29,118.67,118.86,1094.0,13,0.0
2025-06-10 17:00:00,118.86,118.92,118.43,118.75,840.0,13,0.0
2025-06-10 18:00:00,118.69,120.12,118.57,119.97,981.0,13,0.0
2025-06-10 19:00:00,119.97,120.37,119.86,119.93,728.0,13,0.0
2025-06-11 10:00:00,119.84,120.06,119.63,119.72,427.0,13,0.0
2025-06-11 11:00:00,119.71,119.92,119.37,119.85,411.0,13,0.0
2025-06-11 12:00:00,119.85,120.82,119.73,120.09,551.0,13,0.0
2025-06-11 13:00:00,120.09,120.74,119.56,120.45,1216.0,13,0.0
2025-06-11 14:00:00,120.49,122.1,120.46,122.03,1287.0,13,0.0
2025-06-11 15:00:00,122.04,122.45,121.66,122.26,887.0,13,0.0
2025-06-11 16:00:00,122.26,122.74,122.09,122.59,756.0,13,0.0
2025-06-11 17:00:00,122.6,122.71,121.66,121.68,711.0,13,0.0
2025-06-11 18:00:00,121.68,122.18,121.46,121.88,945.0,13,0.0
2025-06-11 19:00:00,121.88,121.88,121.59,121.79,534.0,13,0.0
2025-06-12 10:00:00,121.77,121.96,121.59,121.8,449.0,13,0.0
2025-06-12 11:00:00,121.82,121.91,121.29,121.31,275.0,13,0.0
2025-06-12 12:00:00,121.31,121.89,121.31,121.81,300.0,13,0.0
2025-06-12 13:00:00,121.81,122.89,121.72,122.41,1108.0,13,0.0
2025-06-12 14:00:00,122.39,122.48,121.87,122.32,932.0,13,0.0
2025-06-12 15:00:00,122.32,122.49,121.74,121.88,644.0,13,0.0
2025-06-12 16:00:00,121.88,121.94,121.61,121.75,590.0,13,0.0
2025-06-12 17:00:00,121.76,122.16,121.7,121.86,414.0,13,0.0
2025-06-12 18:00:00,121.87,122.05,121.61,121.78,454.0,13,0.0
2025-06-12 19:00:00,121.79,121.9,121.48,121.49,340.0,13,0.0
2025-06-13 10:00:00,120.57,120.73,120.42,120.64,115.0,13,0.0
2025-06-13 11:00:00,120.68,120.9,120.61,120.85,304.0,13,0.0
2025-06-13 12:00:00,120.85,120.85,120.48,120.5,164.0,13,0.0
2025-06-13 13:00:00,120.52,121.29,120.33,120.5,1052.0,13,0.0
2025-06-13 14:00:00,120.59,121.25,120.11,121.05,1119.0,13,0.0
2025-06-13 15:00:00,121.05,121.75,120.81,121.74,789.0,13,0.0
2025-06-13 16:00:00,121.74,121.98,121.52,121.61,531.0,13,0.0
2025-06-13 17:00:00,121.61,121.72,121.26,121.68,498.0,13,0.0
2025-06-13 18:00:00,121.68,121.85,121.2,121.46,675.0,13,0.0
2025-06-13 19:00:00,121.43,121.51,121.07,121.18,548.0,13,0.0
2025-06-16 10:00:00,121.39,121.39,121.21,121.3,79.0,13,0.0
2025-06-16 11:00:00,121.34,121.66,121.23,121.65,81.0,13,0.0
2025-06-16 12:00:00,121.63,121.66,121.56,121.56,60.0,13,0.0
2025-06-16 13:00:00,121.56,122.54,121.16,122.14,1173.0,13,0.0
2025-06-16 14:00:00,122.18,122.37,121.47,121.52,912.0,13,0.0
2025-06-16 15:00:00,121.52,122.2,121.44,121.81,749.0,13,0.0
2025-06-16 16:00:00,121.81,121.95,121.68,121.85,387.0,13,0.0
2025-06-16 17:00:00,121.85,122.31,121.85,122.27,402.0,13,0.0
2025-06-16 18:00:00,122.28,122.49,122.18,122.35,484.0,13,0.0
2025-06-16 19:00:00,122.35,122.41,122.17,122.28,484.0,13,0.0
2025-06-17 10:00:00,121.68,121.68,121.68,121.68,9.0,13,0.0
2025-06-17 11:00:00,121.68,122.01,121.61,121.92,76.0,13,0.0
2025-06-17 12:00:00,121.97,122.04,121.69,121.76,145.0,13,0.0
2025-06-17 13:00:00,121.76,123.13,121.68,122.7,1040.0,13,0.0
2025-06-17 14:00:00,122.72,122.83,122.12,122.15,644.0,13,0.0
2025-06-17 15:00:00,122.15,123.06,122.15,122.85,568.0,13,0.0
2025-06-17 16:00:00,122.84,122.98,122.51,122.56,525.0,13,0.0
2025-06-17 17:00:00,122.55,122.79,121.66,121.72,603.0,13,0.0
2025-06-17 18:00:00,121.72,122.15,121.59,122.13,574.0,13,0.0
2025-06-17 19:00:00,122.13,122.51,122.07,122.34,446.0,13,0.0
2025-06-18 10:00:00,122.59,122.68,122.4,122.46,179.0,13,0.0
2025-06-18 11:00:00,122.52,122.61,122.37,122.55,256.0,13,0.0
2025-06-18 12:00:00,122.55,122.8,122.45,122.76,137.0,13,0.0
2025-06-18 13:00:00,122.75,124.05,122.6,122.6,1505.0,13,0.0
2025-06-18 14:00:00,122.61,123.19,122.17,123.04,1144.0,13,0.0
2025-06-18 15:00:00,123.05,123.34,122.9,123.2,792.0,13,0.0
2025-06-18 16:00:00,123.2,123.26,122.6,122.64,701.0,13,0.0
2025-06-18 17:00:00,122.64,122.78,122.38,122.58,563.0,13,0.0
2025-06-18 18:00:00,122.59,122.98,122.07,122.22,1004.0,13,0.0
2025-06-18 19:00:00,122.22,122.51,122.0,122.39,697.0,13,0.0
2025-06-20 10:00:00,122.26,122.39,122.13,122.35,84.0,13,0.0
2025-06-20 11:00:00,122.31,122.77,122.07,122.62,270.0,13,0.0
2025-06-20 12:00:00,122.67,122.86,122.59,122.83,106.0,13,0.0
2025-06-20 13:00:00,122.83,124.75,122.62,123.6,1851.0,13,0.0
2025-06-20 14:00:00,123.59,123.98,122.42,122.71,1551.0,13,0.0
2025-06-20 15:00:00,122.7,122.98,122.4,122.51,1003.0,13,0.0
2025-06-20 16:00:00,122.52,123.46,122.41,123.34,785.0,13,0.0
2025-06-20 17:00:00,123.37,123.67,122.62,122.72,872.0,13,0.0
2025-06-20 18:00:00,122.72,123.33,122.69,122.78,730.0,13,0.0
2025-06-20 19:00:00,122.76,123.15,122.72,122.96,571.0,13,0.0
2025-06-23 10:00:00,123.08,123.28,122.9,122.95,208.0,13,0.0
2025-06-23 11:00:00,123.0,123.02,122.59,122.9,198.0,13,0.0
2025-06-23 12:00:00,122.92,123.39,122.75,123.38,187.0,13,0.0
2025-06-23 13:00:00,123.37,123.87,121.49,123.45,1414.0,13,0.0
2025-06-23 14:00:00,123.48,124.73,123.21,124.28,1406.0,13,0.0
2025-06-23 15:00:00,124.28,124.95,123.89,123.98,823.0,13,0.0
2025-06-23 16:00:00,123.98,124.19,123.11,123.99,910.0,13,0.0
2025-06-23 17:00:00,123.98,124.83,123.86,124.68,709.0,13,0.0
2025-06-23 18:00:00,124.68,124.89,124.62,124.83,492.0,13,0.0
2025-06-23 19:00:00,124.83,125.3,124.76,125.28,566.0,13,0.0
2025-06-24 10:00:00,125.64,125.84,125.49,125.75,118.0,13,0.0
2025-06-24 11:00:00,125.71,125.85,125.65,125.8,302.0,13,0.0
2025-06-24 12:00:00,125.8,126.04,125.73,126.04,223.0,13,0.0
2025-06-24 13:00:00,126.04,126.96,125.47,126.88,1502.0,13,0.0
2025-06-24 14:00:00,126.88,127.51,126.86,127.24,1234.0,13,0.0
2025-06-24 15:00:00,127.24,127.93,127.23,127.71,914.0,13,0.0
2025-06-24 16:00:00,127.7,127.71,127.41,127.57,506.0,13,0.0
2025-06-24 17:00:00,127.57,127.85,127.41,127.81,472.0,13,0.0
2025-06-24 18:00:00,127.81,128.0,127.71,127.99,557.0,13,0.0
2025-06-24 19:00:00,128.0,128.17,127.68,127.76,564.0,13,0.0
2025-06-25 10:00:00,128.01,128.08,127.78,127.99,68.0,13,0.0
2025-06-25 11:00:00,127.98,128.1,127.86,128.1,74.0,13,0.0
2025-06-25 12:00:00,128.09,128.35,128.04,128.13,106.0,13,0.0
2025-06-25 13:00:00,128.16,129.68,127.98,129.47,1621.0,13,0.0
2025-06-25 14:00:00,129.48,129.57,128.53,128.56,1111.0,13,0.0
2025-06-25 15:00:00,128.57,128.59,128.06,128.18,714.0,13,0.0
2025-06-25 16:00:00,128.18,128.24,127.81,128.06,624.0,13,0.0
2025-06-25 17:00:00,128.05,128.31,127.96,128.14,565.0,13,0.0
2025-06-25 18:00:00,128.13,128.14,127.59,127.67,510.0,13,0.0
2025-06-25 19:00:00,127.67,127.73,127.37,127.5,463.0,13,0.0
2025-06-26 10:00:00,128.01,128.05,127.98,128.02,17.0,13,0.0
2025-06-26 11:00:00,127.99,128.1,127.96,128.02,32.0,13,0.0
2025-06-26 12:00:00,127.99,128.18,127.81,127.97,216.0,13,0.0
2025-06-26 13:00:00,128.01,129.2,127.85,129.2,1128.0,13,0.0
2025-06-26 14:00:00,129.19,129.46,128.9,129.14,1003.0,13,0.0
2025-06-26 15:00:00,129.14,130.01,129.04,129.71,893.0,13,0.0
2025-06-26 16:00:00,129.72,129.72,129.27,129.61,619.0,13,0.0
2025-06-26 17:00:00,129.62,130.08,129.56,129.97,596.0,13,0.0
2025-06-26 18:00:00,129.98,130.45,129.81,130.27,724.0,13,0.0
2025-06-26 19:00:00,130.27,130.57,130.24,130.52,548.0,13,0.0
2025-06-27 10:00:00,131.05,131.13,130.98,131.06,50.0,13,0.0
2025-06-27 11:00:00,131.11,131.39,131.02,131.31,146.0,13,0.0
2025-06-27 12:00:00,131.33,131.34,130.98,131.02,217.0,13,0.0
2025-06-27 13:00:00,131.02,131.18,130.08,131.18,1177.0,13,0.0
2025-06-27 14:00:00,131.21,132.19,131.21,132.0,1258.0,13,0.0
2025-06-27 15:00:00,132.01,133.04,131.93,132.81,1086.0,13,0.0
2025-06-27 16:00:00,132.81,132.84,131.87,132.16,880.0,13,0.0
2025-06-27 17:00:00,132.16,132.26,131.71,132.24,764.0,13,0.0
2025-06-27 18:00:00,132.24,132.48,131.51,131.72,940.0,13,0.0
2025-06-27 19:00:00,131.7,132.1,131.58,131.99,605.0,13,0.0
2025-06-30 10:00:00,132.67,132.8,132.56,132.8,58.0,13,0.0
2025-06-30 11:00:00,132.76,132.98,132.73,132.77,211.0,13,0.0
2025-06-30 12:00:00,132.75,132.9,132.71,132.74,244.0,13,0.0
2025-06-30 13:00:00,132.72,133.8,132.5,133.27,1136.0,13,0.0
2025-06-30 14:00:00,133.26,133.47,132.57,132.8,1115.0,13,0.0
2025-06-30 15:00:00,132.8,132.82,132.08,132.79,879.0,13,0.0
2025-06-30 16:00:00,132.79,133.43,132.79,133.27,641.0,13,0.0
2025-06-30 17:00:00,133.27,133.64,133.23,133.42,572.0,13,0.0
2025-06-30 18:00:00,133.42,134.0,133.41,133.98,712.0,13,0.0
2025-06-30 19:00:00,133.98,134.04,133.5,133.61,580.0,13,0.0
2025-07-01 10:00:00,133.88,134.03,133.81,133.98,91.0,13,0.0
2025-07-01 11:00:00,134.04,134.05,133.69,133.72,120.0,13,0.0
2025-07-01 12:00:00,133.76,133.77,133.35,133.61,166.0,13,0.0
2025-07-01 13:00:00,133.65,134.11,132.72,133.25,1336.0,13,0.0
2025-07-01 14:00:00,133.23,133.44,130.67,130.94,1627.0,13,0.0
2025-07-01 15:00:00,130.94,130.94,128.23,128.38,2457.0,13,0.0
2025-07-01 16:00:00,128.37,130.02,128.22,129.75,1661.0,13,0.0
2025-07-01 17:00:00,129.76,130.37,129.47,129.86,1069.0,13,0.0
2025-07-01 18:00:00,129.86,130.2,129.3,129.35,964.0,13,0.0
2025-07-01 19:00:00,129.35,129.62,129.1,129.28,831.0,13,0.0
2025-07-02 10:00:00,130.49,130.67,130.27,130.34,91.0,13,0.0
2025-07-02 11:00:00,130.32,130.37,129.97,130.02,234.0,13,0.0
2025-07-02 12:00:00,130.01,130.18,129.64,129.74,231.0,13,0.0
2025-07-02 13:00:00,129.73,130.04,128.51,128.97,1525.0,13,0.0
2025-07-02 14:00:00,128.97,129.4,128.56,128.84,1267.0,13,0.0
2025-07-02 15:00:00,128.86,129.03,127.26,128.02,1439.0,13,0.0
2025-07-02 16:00:00,128.03,128.36,127.81,127.96,965.0,13,0.0
2025-07-02 17:00:00,127.96,128.24,127.11,127.93,921.0,13,0.0
2025-07-02 18:00:00,127.92,128.04,127.57,128.02,709.0,13,0.0
2025-07-02 19:00:00,128.03,128.47,127.89,128.32,609.0,13,0.0
2025-07-03 10:00:00,128.71,128.73,128.63,128.7,48.0,13,0.0
2025-07-03 11:00:00,128.7,128.82,128.66,128.73,75.0,13,0.0
2025-07-03 12:00:00,128.71,129.21,128.53,128.91,288.0,13,0.0
2025-07-03 13:00:00,128.91,129.37,127.93,128.77,1195.0,13,0.0
2025-07-03 14:00:00,128.77,129.81,128.77,129.33,1251.0,13,0.0
2025-07-03 15:00:00,129.33,129.96,129.24,129.78,905.0,13,0.0
2025-07-03 16:00:00,129.77,130.15,129.19,129.71,1142.0,13,0.0
2025-07-07 10:00:00,128.98,129.22,128.98,129.06,86.0,13,0.0
2025-07-07 11:00:00,129.08,129.36,129.06,129.27,194.0,13,0.0
2025-07-07 12:00:00,129.29,129.35,129.0,129.01,115.0,13,0.0
2025-07-07 13:00:00,129.0,129.5,127.9,128.79,1347.0,13,0.0
2025-07-07 14:00:00,128.79,128.85,127.55,128.17,1301.0,13,0.0
2025-07-07 15:00:00,128.14,128.81,128.13,128.74,640.0,13,0.0
2025-07-07 16:00:00,128.74,128.98,128.48,128.96,725.0,13,0.0
2025-07-07 17:00:00,128.96,129.09,128.75,128.86,527.0,13,0.0
2025-07-07 18:00:00,128.83,128.94,128.56,128.93,512.0,13,0.0
2025-07-07 19:00:00,128.93,129.0,128.78,128.92,422.0,13,0.0
2025-07-08 10:00:00,128.75,128.97,128.75,128.91,262.0,13,0.0
2025-07-08 11:00:00,128.93,129.2,128.85,129.11,102.0,13,0.0
2025-07-08 12:00:00,129.12,129.23,129.07,129.13,107.0,13,0.0
2025-07-08 13:00:00,129.13,129.23,127.5,127.5,1376.0,13,0.0
2025-07-08 14:00:00,127.51,128.1,126.28,126.4,1786.0,13,0.0
2025-07-08 15:00:00,126.39,127.36,125.96,127.36,1393.0,13,0.0
2025-07-08 16:00:00,127.36,127.66,127.06,127.61,651.0,13,0.0
2025-07-08 17:00:00,127.63,127.87,127.47,127.85,513.0,13,0.0
2025-07-08 18:00:00,127.85,127.86,127.0,127.12,620.0,13,0.0
2025-07-08 19:00:00,127.12,127.19,126.55,126.57,783.0,13,0.0
2025-07-09 10:00:00,127.03,127.08,127.01,127.04,48.0,13,0.0
2025-07-09 11:00:00,127.06,127.17,127.01,127.17,89.0,13,0.0
2025-07-09 12:00:00,127.15,127.28,127.01,127.05,65.0,13,0.0
2025-07-09 13:00:00,127.04,127.93,126.56,127.29,1205.0,13,0.0
2025-07-09 14:00:00,127.32,128.12,127.29,127.85,1323.0,13,0.0
2025-07-09 15:00:00,127.82,128.37,127.67,127.7,800.0,13,0.0
2025-07-09 16:00:00,127.7,128.15,127.52,127.91,522.0,13,0.0
2025-07-09 17:00:00,127.91,127.91,127.41,127.59,462.0,13,0.0
2025-07-09 18:00:00,127.59,128.11,127.59,128.08,463.0,13,0.0
2025-07-09 19:00:00,128.08,128.5,128.03,128.44,504.0,13,0.0
2025-07-10 10:00:00,128.54,128.58,128.42,128.52,53.0,13,0.0
2025-07-10 11:00:00,128.51,128.68,128.43,128.67,78.0,13,0.0
2025-07-10 12:00:00,128.67,128.71,128.48,128.48,37.0,13,0.0
2025-07-10 13:00:00,128.48,128.86,127.38,127.39,1319.0,13,0.0
2025-07-10 14:00:00,127.35,127.37,124.68,125.56,2835.0,13,0.0
2025-07-10 15:00:00,125.56,126.51,124.57,126.5,1654.0,13,0.0
2025-07-10 16:00:00,126.51,126.52,125.24,125.47,1103.0,13,0.0
2025-07-10 17:00:00,125.48,125.58,124.88,125.02,1029.0,13,0.0
2025-07-10 18:00:00,125.02,125.54,124.98,125.27,841.0,13,0.0
2025-07-10 19:00:00,125.26,125.47,125.12,125.31,758.0,13,0.0
2025-07-11 10:00:00,124.55,125.03,124.48,124.91,147.0,13,0.0
2025-07-11 11:00:00,125.02,125.29,124.98,125.2,138.0,13,0.0
2025-07-11 12:00:00,125.2,125.63,125.12,125.48,198.0,13,0.0
2025-07-11 13:00:00,125.53,125.98,123.55,124.84,1689.0,13,0.0
2025-07-11 14:00:00,124.83,125.51,124.42,124.59,1432.0,13,0.0
2025-07-11 15:00:00,124.58,124.62,123.66,123.84,1139.0,13,0.0
2025-07-11 16:00:00,123.83,124.06,123.37,123.45,974.0,13,0.0
2025-07-11 17:00:00,123.45,123.93,123.07,123.83,875.0,13,0.0
2025-07-11 18:00:00,123.83,124.44,123.82,124.25,847.0,13,0.0
2025-07-11 19:00:00,124.25,124.41,124.07,124.25,676.0,13,0.0
2025-07-14 10:00:00,124.4,124.47,124.29,124.41,139.0,13,0.0
2025-07-14 11:00:00,124.37,124.59,124.13,124.4,252.0,13,0.0
2025-07-14 12:00:00,124.4,125.2,124.28,124.88,322.0,13,0.0
2025-07-14 13:00:00,124.86,125.87,123.94,125.81,1785.0,13,0.0
2025-07-14 14:00:00,125.81,126.56,125.62,126.39,1473.0,13,0.0
2025-07-14 15:00:00,126.4,126.88,126.16,126.51,1123.0,13,0.0
2025-07-14 16:00:00,126.51,126.7,126.06,126.43,686.0,13,0.0
2025-07-14 17:00:00,126.43,126.95,126.4,126.89,521.0,13,0.0
2025-07-14 18:00:00,126.89,126.89,126.55,126.58,441.0,13,0.0
2025-07-14 19:00:00,126.58,126.7,126.17,126.19,627.0,13,0.0
2025-07-15 10:00:00,126.42,126.43,126.29,126.41,91.0,13,0.0
2025-07-15 11:00:00,126.39,126.47,126.28,126.33,81.0,13,0.0
2025-07-15 12:00:00,126.31,126.38,126.08,126.32,218.0,13,0.0
2025-07-15 13:00:00,126.33,127.06,124.29,126.03,2021.0,13,0.0
2025-07-15 14:00:00,126.02,126.47,125.81,126.19,1110.0,13,0.0
2025-07-15 15:00:00,126.19,126.36,125.73,126.06,684.0,13,0.0
2025-07-15 16:00:00,126.03,126.08,125.41,125.48,759.0,13,0.0
2025-07-15 17:00:00,125.46,125.96,125.46,125.8,590.0,13,0.0
2025-07-15 18:00:00,125.8,125.99,125.45,125.49,661.0,13,0.0
2025-07-15 19:00:00,125.46,126.12,125.4,126.1,505.0,13,0.0
2025-07-16 10:00:00,125.95,126.1,125.95,126.09,36.0,13,0.0
2025-07-16 11:00:00,126.1,126.1,125.88,125.89,394.0,13,0.0
2025-07-16 12:00:00,126.04,126.17,125.9,126.05,270.0,13,0.0
2025-07-16 13:00:00,126.06,127.01,125.04,125.27,1315.0,13,0.0
2025-07-16 14:00:00,125.26,126.39,125.22,125.99,1328.0,13,0.0
2025-07-16 15:00:00,125.99,126.55,125.73,126.1,1232.0,13,0.0
2025-07-16 16:00:00,126.09,126.47,125.91,126.12,633.0,13,0.0
2025-07-16 17:00:00,126.12,126.19,125.29,125.7,738.0,13,0.0
2025-07-16 18:00:00,125.7,126.02,125.59,125.95,611.0,13,0.0
2025-07-16 19:00:00,125.95,126.05,125.38,125.68,550.0,13,0.0
2025-07-17 10:00:00,125.61,125.78,125.53,125.76,72.0,13,0.0
2025-07-17 11:00:00,125.74,126.2,125.58,125.78,297.0,13,0.0
2025-07-17 12:00:00,125.78,125.84,125.58,125.63,215.0,13,0.0
2025-07-17 13:00:00,125.63,126.08,124.44,125.69,1959.0,13,0.0
2025-07-17 14:00:00,125.72,125.99,125.29,125.58,1636.0,13,0.0
2025-07-17 15:00:00,125.57,126.08,125.46,125.64,1131.0,13,0.0
2025-07-17 16:00:00,125.64,126.56,125.49,126.22,1144.0,13,0.0
2025-07-17 17:00:00,126.22,126.85,126.03,126.83,1129.0,13,0.0
2025-07-17 18:00:00,126.83,127.28,126.74,127.08,1330.0,13,0.0
2025-07-17 19:00:00,127.08,127.45,126.91,127.13,1166.0,13,0.0
2025-07-18 10:00:00,125.34,125.38,125.01,125.26,244.0,13,0.0
2025-07-18 11:00:00,125.26,125.37,124.25,124.41,759.0,13,0.0
2025-07-18 12:00:00,124.41,124.42,123.52,124.23,1059.0,13,0.0
2025-07-18 13:00:00,124.23,124.76,120.83,120.96,5862.0,13,0.0
2025-07-18 14:00:00,121.0,121.6,120.05,120.8,3244.0,13,0.0
2025-07-18 15:00:00,120.83,121.82,120.42,121.54,1679.0,13,0.0
2025-07-18 16:00:00,121.53,121.57,120.51,120.55,1314.0,13,0.0
2025-07-18 17:00:00,120.56,121.52,120.56,120.99,1208.0,13,0.0
2025-07-18 18:00:00,121.0,121.67,120.77,120.82,1218.0,13,0.0
2025-07-18 19:00:00,120.84,120.99,120.41,120.64,1104.0,13,0.0
2025-07-21 10:00:00,121.21,121.24,121.07,121.14,56.0,13,0.0
2025-07-21 11:00:00,121.09,121.16,120.9,120.98,255.0,13,0.0
2025-07-21 12:00:00,121.02,121.29,120.96,121.06,237.0,13,0.0
2025-07-21 13:00:00,121.05,121.62,119.8,120.84,2298.0,13,0.0
2025-07-21 14:00:00,120.85,122.14,120.64,121.43,1819.0,13,0.0
2025-07-21 15:00:00,121.42,122.31,121.38,122.11,1239.0,13,0.0
2025-07-21 16:00:00,122.11,122.57,122.02,122.36,949.0,13,0.0
2025-07-21 17:00:00,122.36,123.31,122.34,123.21,1002.0,13,0.0
2025-07-21 18:00:00,123.2,123.63,122.87,123.01,903.0,13,0.0
2025-07-21 19:00:00,123.02,123.63,123.01,123.55,857.0,13,0.0
2025-07-22 10:00:00,122.75,122.75,122.69,122.69,15.0,13,0.0
2025-07-22 11:00:00,122.73,122.87,122.72,122.85,121.0,13,0.0
2025-07-22 12:00:00,122.85,123.03,122.85,123.03,106.0,13,0.0
2025-07-22 13:00:00,123.01,123.13,121.01,121.25,1841.0,13,0.0
2025-07-22 14:00:00,121.24,121.79,120.93,121.3,1679.0,13,0.0
2025-07-22 15:00:00,121.31,121.31,120.29,120.39,1089.0,13,0.0
2025-07-22 16:00:00,120.4,120.68,119.71,119.83,1180.0,13,0.0
2025-07-22 17:00:00,119.83,120.19,119.69,119.99,964.0,13,0.0
2025-07-22 18:00:00,120.01,120.1,119.49,119.5,849.0,13,0.0
2025-07-22 19:00:00,119.5,119.56,119.09,119.12,906.0,13,0.0
2025-07-23 10:00:00,119.41,119.47,119.26,119.4,152.0,13,0.0
2025-07-23 11:00:00,119.41,119.41,119.18,119.34,135.0,13,0.0
2025-07-23 12:00:00,119.31,119.4,119.29,119.3,103.0,13,0.0
2025-07-23 13:00:00,119.3,119.58,117.89,118.5,1590.0,13,0.0
2025-07-23 14:00:00,118.5,118.54,117.36,117.79,1579.0,13,0.0
2025-07-23 15:00:00,117.79,118.01,117.39,117.95,1047.0,13,0.0
2025-07-23 16:00:00,117.93,117.93,117.51,117.76,953.0,13,0.0
2025-07-23 17:00:00,117.76,117.87,117.4,117.62,848.0,13,0.0
2025-07-23 18:00:00,117.63,118.0,117.57,117.99,859.0,13,0.0
2025-07-23 19:00:00,117.99,118.04,117.39,117.59,831.0,13,0.0
2025-07-24 10:00:00,117.52,117.58,117.46,117.56,58.0,13,0.0
2025-07-24 11:00:00,117.53,117.79,117.52,117.79,120.0,13,0.0
2025-07-24 12:00:00,117.77,117.77,117.67,117.75,208.0,13,0.0
2025-07-24 13:00:00,117.73,118.24,116.43,116.43,1585.0,13,0.0
2025-07-24 14:00:00,116.41,117.07,116.22,116.88,1469.0,13,0.0
2025-07-24 15:00:00,116.87,117.05,116.33,116.5,802.0,13,0.0
2025-07-24 16:00:00,116.5,116.91,116.34,116.87,643.0,13,0.0
2025-07-24 17:00:00,116.87,117.05,116.49,116.6,556.0,13,0.0
2025-07-24 18:00:00,116.61,117.85,116.61,117.71,857.0,13,0.0
2025-07-24 19:00:00,117.71,118.26,117.7,118.11,645.0,13,0.0
2025-07-25 10:00:00,118.27,118.41,118.0,118.34,113.0,13,0.0
2025-07-25 11:00:00,118.35,118.36,118.06,118.14,415.0,13,0.0
2025-07-25 12:00:00,118.14,118.15,118.03,118.05,107.0,13,0.0
2025-07-25 13:00:00,118.01,118.05,117.45,117.73,1060.0,13,0.0
2025-07-25 14:00:00,117.69,118.61,117.69,118.37,1232.0,13,0.0
2025-07-25 15:00:00,118.37,118.48,118.04,118.31,697.0,13,0.0
2025-07-25 16:00:00,118.31,118.66,118.16,118.52,693.0,13,0.0
2025-07-25 17:00:00,118.53,118.53,118.03,118.31,675.0,13,0.0
2025-07-25 18:00:00,118.31,118.33,117.97,118.13,538.0,13,0.0
2025-07-25 19:00:00,118.13,118.15,117.85,117.98,522.0,13,0.0
2025-07-28 10:00:00,118.34,118.38,118.28,118.32,60.0,13,0.0
2025-07-28 11:00:00,118.32,118.35,118.11,118.24,199.0,13,0.0
2025-07-28 12:00:00,118.25,118.27,118.12,118.13,99.0,13,0.0
2025-07-28 13:00:00,118.15,119.51,117.75,119.22,1351.0,13,0.0
2025-07-28 14:00:00,119.22,119.68,118.3,118.48,1213.0,13,0.0
2025-07-28 15:00:00,118.49,118.56,117.92,118.31,781.0,13,0.0
2025-07-28 16:00:00,118.31,118.41,117.81,117.89,573.0,13,0.0
2025-07-28 17:00:00,117.89,117.93,117.36,117.42,698.0,13,0.0
2025-07-28 18:00:00,117.42,117.43,117.01,117.22,676.0,13,0.0
2025-07-28 19:00:00,117.23,117.24,116.83,116.88,670.0,13,0.0
2025-07-29 10:00:00,117.43,117.81,117.16,117.63,219.0,13,0.0
2025-07-29 11:00:00,117.67,117.76,117.53,117.61,176.0,13,0.0
2025-07-29 12:00:00,117.61,117.76,117.59,117.6,118.0,13,0.0
2025-07-29 13:00:00,117.62,117.86,116.67,116.69,1230.0,13,0.0
2025-07-29 14:00:00,116.69,116.96,116.27,116.89,1067.0,13,0.0
2025-07-29 15:00:00,116.89,117.3,116.61,117.1,853.0,13,0.0
2025-07-29 16:00:00,117.11,117.25,116.84,117.17,494.0,13,0.0
2025-07-29 17:00:00,117.15,117.48,116.99,117.43,506.0,13,0.0
2025-07-29 18:00:00,117.44,117.48,117.01,117.02,574.0,13,0.0
