DateTime,Open,High,Low,Close,Tick_Volume,Spread,Real_Volume
2025-08-18 14:00:00,182.11,182.88,180.89,181.35,4478.0,11,0.0
2025-08-18 15:00:00,181.34,181.66,180.99,181.36,2730.0,11,0.0
2025-08-18 16:00:00,181.36,181.85,180.9,180.94,1941.0,11,0.0
2025-08-18 17:00:00,180.94,181.63,180.91,181.41,1486.0,11,0.0
2025-08-18 18:00:00,181.4,182.34,181.3,182.19,1339.0,11,0.0
2025-08-18 19:00:00,182.19,182.55,182.02,182.13,1120.0,11,0.0
2025-08-19 10:00:00,182.34,182.36,182.02,182.17,327.0,45,0.0
2025-08-19 11:00:00,182.17,182.32,182.0,182.28,492.0,45,0.0
2025-08-19 12:00:00,182.28,182.31,181.93,181.97,534.0,45,0.0
2025-08-19 13:00:00,181.97,182.45,179.56,180.62,4123.0,11,0.0
2025-08-19 14:00:00,180.63,181.04,177.25,178.0,6707.0,11,0.0
2025-08-19 15:00:00,178.02,178.72,177.64,178.16,4217.0,11,0.0
2025-08-19 16:00:00,178.14,178.35,176.16,176.38,3940.0,11,0.0
2025-08-19 17:00:00,176.39,177.17,175.71,177.07,3473.0,11,0.0
2025-08-19 18:00:00,177.08,177.11,175.99,176.31,2674.0,11,0.0
2025-08-19 19:00:00,176.33,176.46,175.61,176.16,1858.0,11,0.0
2025-08-20 10:00:00,176.19,176.24,175.48,175.68,429.0,45,0.0
2025-08-20 11:00:00,175.68,175.94,174.8,175.01,752.0,45,0.0
2025-08-20 12:00:00,175.01,175.96,174.97,175.78,828.0,28,0.0
2025-08-20 13:00:00,175.76,175.8,170.08,170.48,7341.0,11,0.0
2025-08-20 14:00:00,170.46,171.74,168.76,169.5,13170.0,11,0.0
2025-08-20 15:00:00,169.48,173.03,169.35,171.88,6018.0,11,0.0
2025-08-20 16:00:00,171.9,174.04,171.75,172.85,4128.0,11,0.0
2025-08-20 17:00:00,172.85,174.36,172.74,173.52,3341.0,11,0.0
2025-08-20 18:00:00,173.52,173.77,172.52,173.34,3598.0,11,0.0
2025-08-20 19:00:00,173.35,174.9,173.35,174.54,2084.0,11,0.0
2025-08-21 10:00:00,176.29,176.64,176.06,176.34,524.0,45,0.0
2025-08-21 11:00:00,176.34,176.51,175.51,175.53,781.0,45,0.0
2025-08-21 12:00:00,175.51,175.57,173.84,174.12,1035.0,45,0.0
2025-08-21 13:00:00,174.1,176.75,173.6,174.33,5655.0,11,0.0
2025-08-21 14:00:00,174.31,176.43,173.93,175.76,5913.0,11,0.0
2025-08-21 15:00:00,175.78,176.0,174.43,174.7,3777.0,11,0.0
2025-08-21 16:00:00,174.7,174.92,173.98,174.11,2996.0,11,0.0
2025-08-21 17:00:00,174.12,175.02,173.76,174.98,2782.0,11,0.0
2025-08-21 18:00:00,174.96,175.13,174.22,174.69,2110.0,11,0.0
2025-08-21 19:00:00,174.62,175.03,174.48,174.61,1582.0,11,0.0
2025-08-22 10:00:00,172.6,173.05,172.59,172.79,434.0,45,0.0
2025-08-22 11:00:00,172.72,173.14,172.61,172.74,589.0,45,0.0
2025-08-22 12:00:00,172.75,172.81,172.0,172.16,779.0,45,0.0
2025-08-22 13:00:00,172.16,174.99,171.0,173.73,3743.0,11,0.0
2025-08-22 14:00:00,173.75,177.78,173.75,177.36,11171.0,11,0.0
2025-08-22 15:00:00,177.36,178.53,177.23,177.74,3704.0,11,0.0
2025-08-22 16:00:00,177.76,177.97,176.83,177.16,2605.0,11,0.0
2025-08-22 17:00:00,177.15,178.36,177.15,177.99,1949.0,11,0.0
2025-08-22 18:00:00,178.0,178.41,177.7,177.83,1615.0,11,0.0
2025-08-22 19:00:00,177.85,178.06,177.59,177.79,1272.0,11,0.0
2025-08-25 10:00:00,178.14,178.16,177.41,177.43,426.0,45,0.0
2025-08-25 11:00:00,177.44,178.07,177.02,178.06,625.0,45,0.0
2025-08-25 12:00:00,178.07,178.07,177.2,177.39,687.0,45,0.0
2025-08-25 13:00:00,177.4,178.38,176.36,178.38,4179.0,11,0.0
2025-08-25 14:00:00,178.39,179.86,178.2,179.82,5115.0,11,0.0
2025-08-25 15:00:00,179.82,181.62,179.82,181.52,3088.0,11,0.0
2025-08-25 16:00:00,181.52,181.85,180.88,180.97,2132.0,11,0.0
2025-08-25 17:00:00,180.97,181.33,180.57,181.22,1959.0,11,0.0
2025-08-25 18:00:00,181.24,181.5,181.03,181.35,1492.0,11,0.0
2025-08-25 19:00:00,181.36,181.6,180.83,180.88,1184.0,11,0.0
2025-08-26 10:00:00,180.04,180.64,180.01,180.38,565.0,45,0.0
2025-08-26 11:00:00,180.38,180.56,180.05,180.47,645.0,45,0.0
2025-08-26 12:00:00,180.47,180.63,180.16,180.46,646.0,28,0.0
2025-08-26 13:00:00,180.46,180.99,178.76,179.53,3750.0,11,0.0
2025-08-26 14:00:00,179.51,181.69,179.49,181.48,4110.0,11,0.0
2025-08-26 15:00:00,181.48,181.51,180.73,181.23,2575.0,11,0.0
2025-08-26 16:00:00,181.23,181.89,181.19,181.47,1658.0,11,0.0
2025-08-26 17:00:00,181.47,181.64,180.84,181.26,1541.0,11,0.0
2025-08-26 18:00:00,181.25,182.2,181.25,182.13,1365.0,11,0.0
2025-08-26 19:00:00,182.12,182.24,181.7,181.8,1146.0,11,0.0
2025-08-27 10:00:00,182.38,182.97,182.38,182.69,477.0,45,0.0
2025-08-27 11:00:00,182.64,182.92,182.52,182.87,593.0,28,0.0
2025-08-27 12:00:00,182.87,182.9,182.19,182.19,703.0,28,0.0
2025-08-27 13:00:00,182.19,182.46,179.06,180.14,4774.0,11,0.0
2025-08-27 14:00:00,180.12,182.38,179.96,181.98,3673.0,11,0.0
2025-08-27 15:00:00,181.98,182.17,181.48,181.91,2207.0,11,0.0
2025-08-27 16:00:00,181.91,182.13,181.06,181.83,1900.0,11,0.0
2025-08-27 17:00:00,181.82,181.96,181.58,181.95,1293.0,11,0.0
2025-08-27 18:00:00,181.95,182.43,181.82,181.86,1194.0,11,0.0
2025-08-27 19:00:00,181.86,181.89,180.88,181.46,1468.0,11,0.0
2025-08-28 10:00:00,177.58,178.44,177.58,178.08,661.0,45,0.0
2025-08-28 11:00:00,178.09,179.24,177.87,179.23,962.0,45,0.0
2025-08-28 12:00:00,179.23,181.7,178.61,180.93,1851.0,28,0.0
2025-08-28 13:00:00,180.94,184.19,176.36,177.29,9661.0,11,0.0
2025-08-28 14:00:00,177.27,180.28,176.89,179.81,10454.0,11,0.0
2025-08-28 15:00:00,179.78,180.54,178.49,178.6,4777.0,11,0.0
2025-08-28 16:00:00,178.58,179.9,178.34,179.36,2665.0,11,0.0
2025-08-28 17:00:00,179.36,180.29,178.64,179.93,2315.0,11,0.0
2025-08-28 18:00:00,179.93,181.48,179.82,181.08,2155.0,11,0.0
2025-08-28 19:00:00,181.08,181.25,179.92,180.62,1936.0,11,0.0
2025-08-29 10:00:00,177.77,178.03,177.29,177.8,542.0,45,0.0
2025-08-29 11:00:00,177.89,178.31,177.71,178.01,655.0,45,0.0
2025-08-29 12:00:00,178.02,178.53,177.81,178.16,838.0,45,0.0
2025-08-29 13:00:00,178.17,178.41,173.71,174.71,6263.0,11,0.0
2025-08-29 14:00:00,174.73,175.41,173.33,173.61,8449.0,11,0.0
2025-08-29 15:00:00,173.59,175.07,173.46,173.7,4148.0,11,0.0
2025-08-29 16:00:00,173.72,174.71,173.68,174.4,2399.0,11,0.0
2025-08-29 17:00:00,174.38,174.38,173.09,174.02,2702.0,11,0.0
2025-08-29 18:00:00,174.01,174.18,173.44,174.17,2064.0,11,0.0
2025-08-29 19:00:00,174.16,174.39,173.77,174.33,1360.0,11,0.0
2025-09-02 10:00:00,171.44,171.7,171.01,171.18,630.0,45,0.0
2025-09-02 11:00:00,171.19,171.55,169.69,170.03,1278.0,28,0.0
2025-09-02 12:00:00,170.03,170.04,168.36,169.74,1526.0,28,0.0
2025-09-02 13:00:00,169.76,172.31,168.44,171.59,5507.0,11,0.0
2025-09-02 14:00:00,171.61,171.93,168.67,169.47,7950.0,11,0.0
2025-09-02 15:00:00,169.45,169.7,167.3,167.78,4957.0,11,0.0
2025-09-02 16:00:00,167.76,168.97,167.18,168.95,3464.0,11,0.0
2025-09-02 17:00:00,168.94,169.56,168.26,169.16,2642.0,11,0.0
2025-09-02 18:00:00,169.14,169.98,168.93,169.56,2343.0,11,0.0
2025-09-02 19:00:00,169.56,170.8,169.51,170.53,1752.0,11,0.0
2025-09-03 10:00:00,171.5,171.84,171.12,171.56,551.0,45,0.0
2025-09-03 11:00:00,171.56,171.72,171.13,171.24,707.0,45,0.0
2025-09-03 12:00:00,171.3,171.66,171.1,171.31,785.0,45,0.0
2025-09-03 13:00:00,171.33,171.41,169.39,171.06,4323.0,11,0.0
2025-09-03 14:00:00,171.08,172.34,170.22,171.86,4953.0,11,0.0
2025-09-03 15:00:00,171.84,171.92,170.29,171.08,3275.0,11,0.0
2025-09-03 16:00:00,171.08,171.73,170.53,170.86,2535.0,11,0.0
2025-09-03 17:00:00,170.84,171.36,169.98,170.12,2299.0,11,0.0
2025-09-03 18:00:00,170.13,170.13,168.83,169.3,2822.0,11,0.0
2025-09-03 19:00:00,169.28,169.71,169.1,169.57,1513.0,11,0.0
2025-09-04 10:00:00,171.45,171.49,171.15,171.15,333.0,67,0.0
2025-09-04 11:00:00,171.06,171.19,170.12,170.99,742.0,45,0.0
2025-09-04 12:00:00,170.99,171.23,170.56,170.64,612.0,45,0.0
2025-09-04 13:00:00,170.59,171.69,169.46,170.0,3647.0,11,0.0
2025-09-04 14:00:00,169.98,171.24,169.37,170.79,4853.0,11,0.0
2025-09-04 15:00:00,170.77,171.01,170.03,170.53,2767.0,11,0.0
2025-09-04 16:00:00,170.51,171.11,170.34,170.45,2068.0,11,0.0
2025-09-04 17:00:00,170.45,170.8,170.3,170.57,1559.0,11,0.0
2025-09-04 18:00:00,170.56,170.84,170.35,170.78,1176.0,11,0.0
2025-09-04 19:00:00,170.8,171.07,170.62,170.93,1053.0,11,0.0
2025-09-05 10:00:00,170.54,170.64,169.72,170.06,574.0,45,0.0
2025-09-05 11:00:00,170.03,170.09,169.55,169.55,706.0,28,0.0
2025-09-05 12:00:00,169.56,170.0,168.09,168.5,1607.0,28,0.0
2025-09-05 13:00:00,168.46,169.53,166.2,167.6,6581.0,11,0.0
2025-09-05 14:00:00,167.58,167.58,164.18,164.52,11086.0,11,0.0
2025-09-05 15:00:00,164.5,166.86,164.02,166.34,5529.0,11,0.0
2025-09-05 16:00:00,166.34,167.08,165.96,166.82,3992.0,11,0.0
2025-09-05 17:00:00,166.81,166.9,165.82,166.07,2966.0,11,0.0
2025-09-05 18:00:00,166.07,166.85,165.89,166.28,1996.0,11,0.0
2025-09-05 19:00:00,166.26,167.13,166.08,166.67,1646.0,11,0.0
2025-09-08 10:00:00,167.5,168.03,167.39,167.56,487.0,45,0.0
2025-09-08 11:00:00,167.55,167.81,167.39,167.39,552.0,28,0.0
2025-09-08 12:00:00,167.41,167.64,167.02,167.41,742.0,28,0.0
2025-09-08 13:00:00,167.42,170.9,166.79,170.21,4393.0,11,0.0
2025-09-08 14:00:00,170.23,170.47,169.15,169.83,4932.0,11,0.0
2025-09-08 15:00:00,169.81,170.17,169.2,169.91,2582.0,11,0.0
2025-09-08 16:00:00,169.91,170.18,169.45,169.91,2260.0,11,0.0
2025-09-08 17:00:00,169.91,170.1,169.49,169.74,1742.0,11,0.0
2025-09-08 18:00:00,169.74,169.98,169.17,169.21,1467.0,11,0.0
2025-09-08 19:00:00,169.2,169.74,168.9,169.43,1452.0,11,0.0
2025-09-09 10:00:00,169.29,169.59,169.19,169.31,329.0,45,0.0
2025-09-09 11:00:00,169.29,169.29,168.24,168.8,659.0,45,0.0
2025-09-09 12:00:00,168.79,168.96,168.44,168.83,604.0,45,0.0
2025-09-09 13:00:00,168.83,169.48,167.9,168.31,3150.0,11,0.0
2025-09-09 14:00:00,168.34,168.67,166.69,167.35,4470.0,11,0.0
2025-09-09 15:00:00,167.33,168.3,167.17,168.03,2775.0,11,0.0
2025-09-09 16:00:00,168.04,168.87,167.99,168.2,1933.0,11,0.0
2025-09-09 17:00:00,168.21,168.4,167.79,168.04,1733.0,11,0.0
2025-09-09 18:00:00,168.03,168.99,167.91,168.98,1490.0,11,0.0
2025-09-09 19:00:00,168.98,170.4,168.97,169.99,1507.0,11,0.0
2025-09-10 10:00:00,173.6,174.47,173.48,174.26,476.0,67,0.0
2025-09-10 11:00:00,174.26,175.42,174.11,175.29,830.0,45,0.0
2025-09-10 12:00:00,175.29,176.48,175.28,176.34,1174.0,28,0.0
2025-09-10 13:00:00,176.35,178.89,175.26,177.14,5473.0,11,0.0
2025-09-10 14:00:00,177.12,179.13,176.76,178.82,5361.0,11,0.0
2025-09-10 15:00:00,178.84,179.23,177.65,177.8,3446.0,11,0.0
2025-09-10 16:00:00,177.8,178.02,177.32,177.63,2345.0,11,0.0
2025-09-10 17:00:00,177.63,178.25,177.36,177.61,2213.0,11,0.0
2025-09-10 18:00:00,177.6,177.64,176.09,176.57,2614.0,11,0.0
2025-09-10 19:00:00,176.58,177.09,175.92,177.06,2019.0,11,0.0
2025-09-11 10:00:00,177.44,178.44,177.41,178.18,504.0,45,0.0
2025-09-11 11:00:00,178.18,178.31,177.91,178.11,538.0,45,0.0
2025-09-11 12:00:00,178.11,178.72,177.66,178.72,1141.0,28,0.0
2025-09-11 13:00:00,178.71,180.01,177.56,177.78,4104.0,11,0.0
2025-09-11 14:00:00,177.8,178.22,176.87,177.78,4191.0,11,0.0
2025-09-11 15:00:00,177.78,178.47,177.11,177.92,3262.0,11,0.0
2025-09-11 16:00:00,177.93,178.03,176.97,177.24,1836.0,11,0.0
2025-09-11 17:00:00,177.25,177.46,176.43,177.07,1942.0,11,0.0
2025-09-11 18:00:00,177.07,177.68,176.87,177.45,1714.0,11,0.0
2025-09-11 19:00:00,177.44,177.47,176.85,176.88,1194.0,11,0.0
2025-09-12 10:00:00,177.22,177.33,176.91,177.04,352.0,45,0.0
2025-09-12 11:00:00,177.02,177.59,177.02,177.59,553.0,45,0.0
2025-09-12 12:00:00,177.59,177.59,177.07,177.38,556.0,45,0.0
2025-09-12 13:00:00,177.38,178.2,176.31,177.49,3305.0,11,0.0
2025-09-12 14:00:00,177.38,178.53,177.0,178.24,3706.0,11,0.0
2025-09-12 15:00:00,178.22,178.5,177.28,177.59,2410.0,11,0.0
2025-09-12 16:00:00,177.58,178.16,177.41,177.85,1732.0,11,0.0
2025-09-12 17:00:00,177.86,177.96,177.45,177.76,1285.0,11,0.0
2025-09-12 18:00:00,177.77,177.87,177.38,177.75,1233.0,11,0.0
2025-09-12 19:00:00,177.74,177.84,177.35,177.51,990.0,11,0.0
2025-09-15 10:00:00,173.11,174.15,172.61,173.9,889.0,45,0.0
2025-09-15 11:00:00,173.92,175.07,173.76,174.85,986.0,45,0.0
2025-09-15 12:00:00,174.85,175.68,174.31,175.63,1031.0,45,0.0
2025-09-15 13:00:00,175.64,176.34,174.34,175.8,3487.0,11,0.0
2025-09-15 14:00:00,175.82,176.08,174.53,175.25,3532.0,11,0.0
2025-09-15 15:00:00,175.25,178.04,175.03,177.78,3173.0,11,0.0
2025-09-15 16:00:00,177.8,178.22,177.01,177.63,2248.0,11,0.0
2025-09-15 17:00:00,177.63,177.66,177.1,177.55,1536.0,11,0.0
2025-09-15 18:00:00,177.55,177.82,176.92,177.06,1480.0,11,0.0
2025-09-15 19:00:00,177.06,177.23,176.87,177.01,1096.0,11,0.0
2025-09-16 10:00:00,176.95,177.15,176.85,177.0,331.0,45,0.0
2025-09-16 11:00:00,177.0,177.23,176.97,177.2,472.0,45,0.0
2025-09-16 12:00:00,177.21,177.23,176.96,177.01,452.0,28,0.0
2025-09-16 13:00:00,177.02,177.26,175.61,176.07,3018.0,11,0.0
2025-09-16 14:00:00,176.05,176.78,176.05,176.47,3399.0,11,0.0
2025-09-16 15:00:00,176.47,176.49,175.2,175.26,2087.0,11,0.0
2025-09-16 16:00:00,175.26,175.31,174.77,174.91,1887.0,11,0.0
2025-09-16 17:00:00,174.91,175.34,174.72,174.91,1456.0,11,0.0
2025-09-16 18:00:00,174.91,175.07,174.61,174.91,1259.0,11,0.0
2025-09-16 19:00:00,174.92,175.16,174.33,174.42,1041.0,11,0.0
2025-09-17 10:00:00,172.96,173.09,171.52,172.03,878.0,45,0.0
2025-09-17 11:00:00,172.1,172.72,171.95,172.51,833.0,45,0.0
2025-09-17 12:00:00,172.53,173.44,172.34,173.03,754.0,45,0.0
2025-09-17 13:00:00,173.03,173.05,170.06,170.79,4007.0,11,0.0
2025-09-17 14:00:00,170.81,170.94,169.62,170.04,4238.0,11,0.0
2025-09-17 15:00:00,170.04,170.72,169.35,169.51,2335.0,11,0.0
2025-09-17 16:00:00,169.51,169.91,169.22,169.84,1950.0,11,0.0
2025-09-17 17:00:00,169.84,171.1,169.78,171.05,1757.0,11,0.0
2025-09-17 18:00:00,171.06,171.53,168.36,169.66,10159.0,11,0.0
2025-09-17 19:00:00,169.65,171.33,169.56,170.58,4706.0,11,0.0
2025-09-18 10:00:00,173.93,174.3,173.69,174.1,679.0,45,0.0
2025-09-18 11:00:00,174.1,175.92,173.83,175.27,1577.0,45,0.0
2025-09-18 12:00:00,175.27,175.46,174.32,174.48,1113.0,45,0.0
2025-09-18 13:00:00,174.44,175.16,172.9,173.48,4514.0,11,0.0
2025-09-18 14:00:00,173.45,176.18,173.45,175.22,4347.0,11,0.0
2025-09-18 15:00:00,175.2,176.52,175.2,175.96,2895.0,11,0.0
2025-09-18 16:00:00,175.94,176.64,175.76,176.53,2043.0,11,0.0
2025-09-18 17:00:00,176.53,176.86,176.05,176.23,1942.0,11,0.0
2025-09-18 18:00:00,176.21,177.03,175.95,176.8,1757.0,11,0.0
2025-09-18 19:00:00,176.82,177.03,176.24,176.64,1493.0,11,0.0
2025-09-19 10:00:00,175.23,175.83,175.16,175.57,370.0,45,0.0
2025-09-19 11:00:00,175.62,175.67,175.34,175.48,545.0,45,0.0
2025-09-19 12:00:00,175.49,175.93,175.32,175.41,616.0,45,0.0
2025-09-19 13:00:00,175.41,176.94,174.98,176.54,3287.0,11,0.0
2025-09-19 14:00:00,176.56,178.02,176.47,177.1,4102.0,11,0.0
2025-09-19 15:00:00,177.1,177.22,175.76,176.33,3137.0,11,0.0
2025-09-19 16:00:00,176.32,176.41,175.66,175.74,1998.0,11,0.0
2025-09-19 17:00:00,175.73,176.17,175.51,175.73,1497.0,11,0.0
2025-09-19 18:00:00,175.73,176.15,175.5,176.05,1359.0,11,0.0
2025-09-19 19:00:00,176.05,176.42,175.84,176.03,1154.0,11,0.0
2025-09-22 10:00:00,174.43,175.11,174.31,174.98,414.0,45,0.0
2025-09-22 11:00:00,175.0,175.46,175.0,175.31,548.0,45,0.0
2025-09-22 12:00:00,175.31,175.76,175.05,175.58,531.0,45,0.0
2025-09-22 13:00:00,175.58,176.01,174.66,175.4,2623.0,11,0.0
2025-09-22 14:00:00,175.42,176.02,174.93,175.7,2629.0,11,0.0
2025-09-22 15:00:00,175.69,175.93,175.22,175.45,1783.0,11,0.0
2025-09-22 16:00:00,175.45,184.49,175.44,183.78,14129.0,11,0.0
2025-09-22 17:00:00,183.8,184.0,182.29,183.02,4905.0,11,0.0
2025-09-22 18:00:00,183.02,183.29,182.45,183.27,2658.0,11,0.0
2025-09-22 19:00:00,183.27,183.89,182.59,182.9,1829.0,11,0.0
2025-09-23 10:00:00,182.22,182.34,181.87,181.99,502.0,45,0.0
2025-09-23 11:00:00,181.99,182.03,181.17,181.8,834.0,45,0.0
2025-09-23 12:00:00,181.8,182.15,181.43,181.76,821.0,45,0.0
2025-09-23 13:00:00,181.75,182.14,179.31,179.5,4956.0,11,0.0
2025-09-23 14:00:00,179.48,180.75,179.11,179.79,5191.0,11,0.0
2025-09-23 15:00:00,179.81,180.48,179.62,179.91,2578.0,11,0.0
2025-09-23 16:00:00,179.91,180.08,178.8,179.14,2547.0,11,0.0
2025-09-23 17:00:00,179.14,179.29,177.25,178.2,4264.0,11,0.0
2025-09-23 18:00:00,178.22,178.33,177.4,178.09,2988.0,11,0.0
2025-09-23 19:00:00,178.1,178.6,178.0,178.6,1689.0,11,0.0
2025-09-24 10:00:00,179.31,179.71,179.23,179.37,485.0,45,0.0
2025-09-24 11:00:00,179.29,179.64,178.89,179.05,681.0,45,0.0
2025-09-24 12:00:00,179.03,179.26,178.34,178.98,675.0,45,0.0
2025-09-24 13:00:00,178.98,179.55,177.56,178.28,3677.0,11,0.0
2025-09-24 14:00:00,178.26,179.04,177.93,178.01,4137.0,11,0.0
2025-09-24 15:00:00,177.99,178.45,176.13,176.2,3143.0,11,0.0
2025-09-24 16:00:00,176.22,176.44,175.34,176.32,4001.0,11,0.0
2025-09-24 17:00:00,176.31,177.28,176.29,176.86,2367.0,11,0.0
2025-09-24 18:00:00,176.86,177.28,176.43,177.1,1980.0,11,0.0
2025-09-24 19:00:00,177.1,177.28,176.68,176.68,1282.0,11,0.0
2025-09-25 10:00:00,175.91,176.05,175.4,175.78,593.0,45,0.0
2025-09-25 11:00:00,175.84,175.93,174.67,174.79,982.0,45,0.0
2025-09-25 12:00:00,174.79,175.35,174.31,174.46,1193.0,45,0.0
2025-09-25 13:00:00,174.45,175.54,173.09,174.89,4909.0,11,0.0
2025-09-25 14:00:00,174.91,178.25,174.91,177.79,5710.0,11,0.0
2025-09-25 15:00:00,177.81,179.9,177.18,179.87,4221.0,11,0.0
2025-09-25 16:00:00,179.88,180.19,178.42,178.57,3496.0,11,0.0
2025-09-25 17:00:00,178.56,178.66,176.24,176.33,3546.0,11,0.0
2025-09-25 18:00:00,176.33,177.69,175.49,177.24,3718.0,11,0.0
2025-09-25 19:00:00,177.22,177.36,176.71,177.12,1874.0,11,0.0
2025-09-26 10:00:00,176.0,176.1,175.39,175.8,421.0,45,0.0
2025-09-26 11:00:00,175.81,177.9,175.71,177.64,816.0,45,0.0
2025-09-26 12:00:00,177.64,178.62,177.38,178.06,1076.0,45,0.0
2025-09-26 13:00:00,178.06,178.37,176.45,176.97,3855.0,11,0.0
2025-09-26 14:00:00,176.95,177.41,174.89,175.79,6859.0,11,0.0
2025-09-26 15:00:00,175.77,176.73,175.74,175.86,4007.0,11,0.0
2025-09-26 16:00:00,175.85,177.39,175.74,177.27,3017.0,11,0.0
2025-09-26 17:00:00,177.26,177.51,176.9,177.3,2175.0,11,0.0
2025-09-26 18:00:00,177.3,177.85,177.17,177.32,2004.0,11,0.0
2025-09-26 19:00:00,177.34,177.77,177.13,177.58,1457.0,11,0.0
2025-09-29 10:00:00,178.83,179.32,178.68,179.07,545.0,45,0.0
2025-09-29 11:00:00,179.06,179.98,178.99,179.76,755.0,45,0.0
2025-09-29 12:00:00,179.76,179.93,179.56,179.92,686.0,28,0.0
2025-09-29 13:00:00,179.92,183.92,179.37,183.03,4731.0,11,0.0
2025-09-29 14:00:00,183.05,183.81,182.49,183.57,5033.0,11,0.0
2025-09-29 15:00:00,183.55,183.7,181.75,182.06,3958.0,11,0.0
2025-09-29 16:00:00,182.07,182.25,181.4,181.66,2560.0,11,0.0
2025-09-29 17:00:00,181.67,182.15,181.23,182.11,2209.0,11,0.0
2025-09-29 18:00:00,182.11,182.21,181.43,181.66,1650.0,11,0.0
2025-09-29 19:00:00,181.66,181.68,180.63,181.25,1663.0,11,0.0
2025-09-30 10:00:00,181.37,182.42,181.31,182.06,541.0,45,0.0
2025-09-30 11:00:00,182.06,182.26,181.82,181.83,589.0,45,0.0
2025-09-30 12:00:00,181.85,182.62,181.58,182.55,665.0,45,0.0
2025-09-30 13:00:00,182.55,183.51,181.29,183.51,4136.0,11,0.0
2025-09-30 14:00:00,183.49,187.16,183.3,186.8,9892.0,11,0.0
2025-09-30 15:00:00,186.78,187.28,185.55,186.61,4946.0,11,0.0
2025-09-30 16:00:00,186.59,187.06,185.85,186.11,3177.0,11,0.0
2025-09-30 17:00:00,186.13,186.22,185.19,185.89,2974.0,11,0.0
2025-09-30 18:00:00,185.89,186.4,185.67,185.93,2194.0,11,0.0
2025-09-30 19:00:00,185.93,185.96,184.98,185.32,1934.0,11,0.0
2025-10-01 10:00:00,185.2,185.34,184.9,184.94,493.0,45,0.0
2025-10-01 11:00:00,184.97,185.54,184.9,185.32,662.0,45,0.0
2025-10-01 12:00:00,185.33,185.33,184.59,184.69,888.0,45,0.0
2025-10-01 13:00:00,184.68,185.82,183.85,184.14,5092.0,11,0.0
2025-10-01 14:00:00,184.12,187.81,183.98,187.15,6221.0,11,0.0
2025-10-01 15:00:00,187.14,187.79,186.37,187.21,3539.0,11,0.0
2025-10-01 16:00:00,187.21,187.46,186.43,187.04,2150.0,11,0.0
2025-10-01 17:00:00,187.03,188.08,186.97,187.47,2449.0,11,0.0
2025-10-01 18:00:00,187.47,187.84,187.26,187.35,2023.0,11,0.0
2025-10-01 19:00:00,187.36,187.55,186.31,186.73,1696.0,11,0.0
2025-10-02 10:00:00,188.92,189.69,188.92,189.33,671.0,45,0.0
2025-10-02 11:00:00,189.33,189.66,188.91,189.6,609.0,45,0.0
2025-10-02 12:00:00,189.58,189.99,189.38,189.66,605.0,45,0.0
2025-10-02 13:00:00,189.66,190.86,188.21,189.21,4535.0,11,0.0
2025-10-02 14:00:00,189.23,190.38,188.93,189.21,5865.0,11,0.0
2025-10-02 15:00:00,189.23,189.93,188.85,189.57,3716.0,11,0.0
2025-10-02 16:00:00,189.57,189.57,188.73,189.38,2390.0,11,0.0
2025-10-02 17:00:00,189.37,189.37,188.7,188.7,1695.0,11,0.0
2025-10-02 18:00:00,188.71,189.16,188.56,188.85,1589.0,11,0.0
2025-10-02 19:00:00,188.86,189.25,188.75,188.96,1116.0,11,0.0
2025-10-03 10:00:00,189.61,189.73,189.38,189.43,437.0,45,0.0
2025-10-03 11:00:00,189.35,189.55,189.18,189.3,580.0,45,0.0
2025-10-03 12:00:00,189.29,189.57,188.99,189.19,563.0,45,0.0
2025-10-03 13:00:00,189.19,190.29,188.66,188.85,2858.0,11,0.0
2025-10-03 14:00:00,188.83,189.51,188.32,189.29,4170.0,11,0.0
2025-10-03 15:00:00,189.27,189.74,188.67,188.95,2842.0,11,0.0
2025-10-03 16:00:00,188.95,188.95,187.55,187.92,2209.0,11,0.0
2025-10-03 17:00:00,187.9,187.9,185.32,186.33,4611.0,11,0.0
2025-10-03 18:00:00,186.35,187.68,185.62,187.6,3672.0,11,0.0
2025-10-03 19:00:00,187.6,187.77,187.05,187.58,1720.0,11,0.0
2025-10-06 10:00:00,188.65,189.75,185.37,185.91,988.0,45,0.0
2025-10-06 11:00:00,185.91,186.04,182.64,184.81,1955.0,45,0.0
2025-10-06 12:00:00,184.85,186.65,184.21,184.3,1631.0,45,0.0
2025-10-06 13:00:00,184.3,187.15,183.13,186.24,5708.0,11,0.0
2025-10-06 14:00:00,186.24,186.47,184.15,184.74,5989.0,11,0.0
2025-10-06 15:00:00,184.73,187.02,184.59,186.77,3359.0,11,0.0
2025-10-06 16:00:00,186.79,187.17,186.22,186.29,2516.0,11,0.0
2025-10-06 17:00:00,186.29,186.4,185.42,185.72,1978.0,11,0.0
2025-10-06 18:00:00,185.73,186.04,185.34,185.8,1888.0,11,0.0
2025-10-06 19:00:00,185.79,185.98,185.52,185.73,1321.0,11,0.0
2025-10-07 10:00:00,186.21,186.27,185.72,185.85,507.0,45,0.0
2025-10-07 11:00:00,185.86,186.15,185.68,186.05,511.0,45,0.0
2025-10-07 12:00:00,186.05,186.49,185.93,186.45,609.0,45,0.0
2025-10-07 13:00:00,186.45,188.88,186.01,188.77,3660.0,11,0.0
2025-10-07 14:00:00,188.8,188.99,187.52,187.77,4876.0,11,0.0
2025-10-07 15:00:00,187.78,187.81,184.36,185.41,10162.0,11,0.0
2025-10-07 16:00:00,185.43,186.35,185.02,185.69,4014.0,11,0.0
2025-10-07 17:00:00,185.69,186.13,185.27,185.29,2543.0,11,0.0
2025-10-07 18:00:00,185.31,185.98,185.11,185.57,2086.0,11,0.0
2025-10-07 19:00:00,185.55,185.74,185.38,185.53,1420.0,11,0.0
2025-10-08 10:00:00,185.88,186.23,185.63,186.13,493.0,45,0.0
2025-10-08 11:00:00,186.07,186.16,185.64,186.05,551.0,45,0.0
2025-10-08 12:00:00,186.04,186.49,185.55,186.09,795.0,45,0.0
2025-10-08 13:00:00,186.09,189.03,185.96,188.6,4053.0,11,0.0
2025-10-08 14:00:00,188.61,189.35,188.18,188.58,4421.0,11,0.0
2025-10-08 15:00:00,188.56,188.82,187.56,187.86,2812.0,11,0.0
2025-10-08 16:00:00,187.86,188.43,187.64,188.2,2038.0,11,0.0
2025-10-08 17:00:00,188.2,188.83,187.72,188.54,1865.0,11,0.0
2025-10-08 18:00:00,188.55,188.75,187.93,188.27,1770.0,11,0.0
2025-10-08 19:00:00,188.29,188.69,188.2,188.29,1132.0,11,0.0
2025-10-09 10:00:00,190.36,191.8,190.33,191.13,879.0,45,0.0
2025-10-09 11:00:00,191.06,192.26,190.8,192.09,1033.0,45,0.0
2025-10-09 12:00:00,192.09,192.76,191.93,192.62,908.0,28,0.0
2025-10-09 13:00:00,192.61,195.24,190.86,194.33,7807.0,11,0.0
2025-10-09 14:00:00,194.35,194.52,192.14,194.02,7026.0,11,0.0
2025-10-09 15:00:00,194.04,194.65,193.32,194.12,4354.0,11,0.0
2025-10-09 16:00:00,194.14,194.52,192.69,192.69,3459.0,11,0.0
2025-10-09 17:00:00,192.67,193.22,192.22,192.96,3372.0,11,0.0
2025-10-09 18:00:00,192.97,193.1,192.08,192.51,3244.0,11,0.0
2025-10-09 19:00:00,192.5,193.46,192.4,192.52,2219.0,11,0.0
2025-10-10 10:00:00,192.72,193.37,192.66,193.13,595.0,45,0.0
2025-10-10 11:00:00,193.13,193.7,193.07,193.67,537.0,45,0.0
2025-10-10 12:00:00,193.66,193.77,193.17,193.24,675.0,45,0.0
2025-10-10 13:00:00,193.21,194.23,192.04,194.03,3702.0,11,0.0
2025-10-10 14:00:00,194.05,195.54,193.49,194.11,7624.0,11,0.0
2025-10-10 15:00:00,194.12,194.14,186.33,189.47,41576.0,11,0.0
2025-10-10 16:00:00,189.45,189.79,187.34,187.47,11749.0,11,0.0
2025-10-10 17:00:00,187.45,188.4,186.59,187.64,7649.0,11,0.0
2025-10-10 18:00:00,187.66,188.23,186.58,186.93,5353.0,11,0.0
2025-10-10 19:00:00,186.9,187.5,184.37,184.97,4823.0,11,0.0
2025-10-13 10:00:00,189.11,189.41,188.72,188.77,655.0,45,0.0
2025-10-13 11:00:00,188.7,188.75,187.17,188.01,1301.0,45,0.0
2025-10-13 12:00:00,188.01,189.02,187.66,188.51,1090.0,45,0.0
2025-10-13 13:00:00,188.51,189.58,186.49,189.54,5679.0,11,0.0
2025-10-13 14:00:00,189.52,190.04,185.91,186.2,7062.0,11,0.0
2025-10-13 15:00:00,186.21,188.72,186.13,188.27,4172.0,11,0.0
2025-10-13 16:00:00,188.26,189.17,187.96,189.12,2986.0,11,0.0
2025-10-13 17:00:00,189.13,189.37,188.12,188.5,2378.0,11,0.0
2025-10-13 18:00:00,188.48,188.51,187.2,187.57,2209.0,11,0.0
2025-10-13 19:00:00,187.59,188.13,187.33,187.74,1577.0,11,0.0
2025-10-14 10:00:00,184.52,184.52,183.25,184.22,1032.0,45,0.0
2025-10-14 11:00:00,184.23,185.24,183.12,185.14,961.0,45,0.0
2025-10-14 12:00:00,185.14,185.42,184.25,185.12,1234.0,45,0.0
2025-10-14 13:00:00,185.1,185.44,179.52,181.1,6450.0,11,0.0
2025-10-14 14:00:00,181.08,182.64,180.7,181.26,6146.0,11,0.0
2025-10-14 15:00:00,181.28,183.1,181.15,182.58,4582.0,11,0.0
2025-10-14 16:00:00,182.58,184.14,182.02,183.11,3444.0,11,0.0
2025-10-14 17:00:00,183.09,183.56,181.75,181.77,3100.0,11,0.0
2025-10-14 18:00:00,181.79,182.31,181.47,181.97,2374.0,11,0.0
2025-10-14 19:00:00,181.98,182.2,180.23,180.32,2741.0,11,0.0
2025-10-15 10:00:00,184.43,184.45,183.9,184.09,575.0,45,0.0
2025-10-15 11:00:00,184.01,184.05,183.39,183.84,837.0,45,0.0
2025-10-15 12:00:00,183.84,184.84,183.84,184.8,995.0,28,0.0
2025-10-15 13:00:00,184.79,185.33,180.96,182.09,4291.0,11,0.0
2025-10-15 14:00:00,182.11,182.95,181.45,182.72,4837.0,11,0.0
2025-10-15 15:00:00,182.7,183.15,179.82,180.47,4524.0,11,0.0
2025-10-15 16:00:00,180.47,180.95,179.86,179.93,3742.0,11,0.0
2025-10-15 17:00:00,179.94,179.96,177.24,179.49,6342.0,11,0.0
2025-10-15 18:00:00,179.47,180.62,178.94,180.5,3242.0,11,0.0
2025-10-15 19:00:00,180.49,180.51,179.45,179.94,2020.0,11,0.0
2025-10-16 10:00:00,181.67,182.14,181.62,181.85,612.0,45,0.0
2025-10-16 11:00:00,181.83,182.08,181.63,182.05,607.0,28,0.0
2025-10-16 12:00:00,182.04,182.45,181.48,182.27,915.0,28,0.0
2025-10-16 13:00:00,182.25,182.52,181.05,181.64,3458.0,11,0.0
2025-10-16 14:00:00,181.62,183.22,181.43,182.42,5285.0,11,0.0
2025-10-16 15:00:00,182.44,182.86,181.5,181.81,4899.0,11,0.0
2025-10-16 16:00:00,181.83,182.12,179.72,181.43,6779.0,11,0.0
2025-10-16 17:00:00,181.41,182.46,180.6,182.05,5358.0,11,0.0
2025-10-16 18:00:00,182.03,182.12,179.78,181.41,5163.0,11,0.0
2025-10-16 19:00:00,181.43,181.55,180.21,180.94,3227.0,11,0.0
2025-10-17 10:00:00,177.03,178.18,177.03,178.14,998.0,45,0.0
2025-10-17 11:00:00,178.11,179.74,177.85,179.72,1458.0,45,0.0
2025-10-17 12:00:00,179.7,180.62,179.53,179.7,1329.0,45,0.0
2025-10-17 13:00:00,179.71,182.36,179.31,181.73,4554.0,11,0.0
2025-10-17 14:00:00,181.75,183.48,181.03,181.21,7109.0,11,0.0
2025-10-17 15:00:00,181.19,182.25,179.98,182.0,5647.0,11,0.0
2025-10-17 16:00:00,182.02,182.91,182.01,182.38,3818.0,11,0.0
2025-10-17 17:00:00,182.39,182.94,181.88,182.8,3679.0,11,0.0
2025-10-17 18:00:00,182.8,183.8,182.72,183.42,2599.0,11,0.0
2025-10-17 19:00:00,183.42,184.04,183.11,183.14,1760.0,11,0.0
2025-10-20 10:00:00,183.57,184.02,182.95,183.06,671.0,45,0.0
2025-10-20 11:00:00,183.06,183.57,182.34,182.53,796.0,45,0.0
2025-10-20 12:00:00,182.51,183.03,182.38,182.58,802.0,45,0.0
2025-10-20 13:00:00,182.58,183.18,181.53,182.88,3232.0,11,0.0
2025-10-20 14:00:00,182.91,185.14,182.26,183.85,4305.0,11,0.0
2025-10-20 15:00:00,183.86,183.96,182.98,183.57,3316.0,11,0.0
2025-10-20 16:00:00,183.58,184.07,183.24,184.02,2314.0,11,0.0
2025-10-20 17:00:00,184.01,184.18,183.45,183.51,1550.0,11,0.0
2025-10-20 18:00:00,183.5,183.73,183.34,183.4,1472.0,11,0.0
2025-10-20 19:00:00,183.39,183.45,182.55,182.76,1170.0,11,0.0
2025-10-21 10:00:00,181.9,182.29,181.89,182.28,349.0,45,0.0
2025-10-21 11:00:00,182.27,182.77,182.27,182.73,590.0,45,0.0
2025-10-21 12:00:00,182.73,183.12,182.59,182.85,549.0,28,0.0
2025-10-21 13:00:00,182.83,182.93,180.61,180.9,3058.0,11,0.0
2025-10-21 14:00:00,180.93,181.35,179.75,181.27,3849.0,11,0.0
2025-10-21 15:00:00,181.26,182.24,181.08,182.12,2661.0,11,0.0
2025-10-21 16:00:00,182.13,182.6,181.31,181.36,2139.0,11,0.0
2025-10-21 17:00:00,181.37,181.63,181.01,181.59,2375.0,11,0.0
2025-10-21 18:00:00,181.58,181.6,180.88,181.22,1587.0,11,0.0
2025-10-21 19:00:00,181.22,181.41,180.97,181.16,986.0,11,0.0
2025-10-22 10:00:00,181.5,181.67,181.32,181.35,397.0,45,0.0
2025-10-22 11:00:00,181.38,181.46,180.74,180.82,672.0,45,0.0
2025-10-22 12:00:00,180.83,181.19,180.82,180.9,538.0,45,0.0
2025-10-22 13:00:00,180.9,183.38,180.08,182.63,3101.0,11,0.0
2025-10-22 14:00:00,182.61,183.04,179.28,180.63,7578.0,11,0.0
2025-10-22 15:00:00,180.64,180.67,177.87,179.42,6028.0,11,0.0
2025-10-22 16:00:00,179.44,179.89,177.76,178.73,7287.0,11,0.0
2025-10-22 17:00:00,178.71,178.92,176.71,177.5,4832.0,11,0.0
2025-10-22 18:00:00,177.46,178.84,176.89,178.82,4393.0,11,0.0
2025-10-22 19:00:00,178.8,180.07,178.59,179.78,2390.0,11,0.0
2025-10-23 10:00:00,180.23,180.33,179.9,180.1,401.0,45,0.0
2025-10-23 11:00:00,180.1,180.1,179.37,179.44,686.0,45,0.0
2025-10-23 12:00:00,179.44,179.68,179.01,179.67,724.0,45,0.0
2025-10-23 13:00:00,179.66,181.54,178.75,181.28,3394.0,11,0.0
2025-10-23 14:00:00,181.3,182.26,180.57,182.25,4534.0,11,0.0
2025-10-23 15:00:00,182.24,182.41,181.31,182.06,3108.0,11,0.0
2025-10-23 16:00:00,182.06,182.22,181.62,181.96,1879.0,11,0.0
2025-10-23 17:00:00,181.96,182.62,181.53,182.47,2265.0,11,0.0
2025-10-23 18:00:00,182.49,182.96,182.21,182.88,1584.0,11,0.0
2025-10-23 19:00:00,182.88,182.97,182.31,182.32,1229.0,11,0.0
2025-10-24 10:00:00,182.92,183.2,182.76,182.79,457.0,45,0.0
2025-10-24 11:00:00,182.77,183.16,182.77,182.99,474.0,28,0.0
2025-10-24 12:00:00,182.99,184.13,182.84,183.75,1031.0,45,0.0
2025-10-24 13:00:00,183.76,185.97,183.3,185.51,3678.0,11,0.0
2025-10-24 14:00:00,185.49,185.59,184.23,184.79,4548.0,11,0.0
2025-10-24 15:00:00,184.8,185.53,184.48,185.28,2586.0,11,0.0
2025-10-24 16:00:00,185.26,185.36,184.87,185.12,1808.0,11,0.0
2025-10-24 17:00:00,185.1,185.59,184.84,185.43,1417.0,11,0.0
2025-10-24 18:00:00,185.43,185.74,184.96,185.73,1415.0,11,0.0
2025-10-24 19:00:00,185.75,187.41,185.75,186.73,1657.0,11,0.0
2025-10-27 10:00:00,190.66,190.92,190.3,190.57,670.0,45,0.0
2025-10-27 11:00:00,190.57,190.73,190.38,190.41,769.0,45,0.0
2025-10-27 12:00:00,190.41,190.52,190.08,190.25,691.0,28,0.0
2025-10-27 13:00:00,190.25,191.19,189.58,191.0,3430.0,11,0.0
2025-10-27 14:00:00,191.0,191.05,188.39,190.25,5691.0,11,0.0
2025-10-27 15:00:00,190.27,191.41,190.18,190.81,2831.0,11,0.0
2025-10-27 16:00:00,190.83,191.43,190.73,191.43,1689.0,11,0.0
2025-10-27 17:00:00,191.42,191.72,190.95,191.04,1846.0,11,0.0
2025-10-27 18:00:00,191.04,191.18,190.22,190.71,1547.0,11,0.0
2025-10-27 19:00:00,190.71,190.93,190.23,190.77,1332.0,11,0.0
2025-10-28 10:00:00,191.11,191.34,191.07,191.1,416.0,45,0.0
2025-10-28 11:00:00,191.17,192.45,191.08,192.4,729.0,45,0.0
2025-10-28 12:00:00,192.4,193.11,192.15,192.9,857.0,45,0.0
2025-10-28 13:00:00,192.9,195.3,192.45,193.78,4244.0,11,0.0
2025-10-28 14:00:00,193.79,193.9,192.16,193.13,4665.0,11,0.0
2025-10-28 15:00:00,193.07,193.28,191.86,193.25,3478.0,11,0.0
2025-10-28 16:00:00,193.27,195.5,193.27,193.81,4210.0,11,0.0
2025-10-28 17:00:00,193.82,198.41,193.22,197.99,12555.0,11,0.0
2025-10-28 18:00:00,197.99,199.94,197.43,199.93,5287.0,11,0.0
2025-10-28 19:00:00,199.93,203.08,199.55,201.52,6197.0,11,0.0
2025-10-29 10:00:00,206.93,208.64,206.85,207.54,1187.0,45,0.0
2025-10-29 11:00:00,207.47,209.15,207.19,207.81,1308.0,45,0.0
2025-10-29 12:00:00,207.8,208.04,207.34,207.88,1239.0,45,0.0
2025-10-29 13:00:00,207.85,211.94,206.89,211.91,8589.0,11,0.0
2025-10-29 14:00:00,211.93,212.09,208.53,208.85,10082.0,11,0.0
2025-10-29 15:00:00,208.86,209.11,206.32,207.43,7181.0,11,0.0
2025-10-29 16:00:00,207.45,207.45,205.0,206.86,7237.0,11,0.0
2025-10-29 17:00:00,206.88,207.96,206.18,207.29,4061.0,11,0.0
2025-10-29 18:00:00,207.31,207.57,204.73,206.53,13875.0,11,0.0
2025-10-29 19:00:00,206.55,207.99,205.37,206.68,7225.0,11,0.0
2025-10-30 10:00:00,205.2,205.99,204.77,205.7,750.0,45,0.0
2025-10-30 11:00:00,205.71,207.15,205.71,206.49,904.0,45,0.0
2025-10-30 12:00:00,206.48,206.54,202.55,202.95,1700.0,45,0.0
2025-10-30 13:00:00,202.98,205.77,201.23,203.9,8458.0,11,0.0
2025-10-30 14:00:00,204.01,204.63,201.38,202.86,11330.0,11,0.0
2025-10-30 15:00:00,202.88,203.78,202.0,202.5,5678.0,11,0.0
2025-10-30 16:00:00,202.5,203.77,202.36,203.52,3785.0,11,0.0
2025-10-30 17:00:00,203.51,204.38,202.39,204.12,3238.0,11,0.0
2025-10-30 18:00:00,204.11,204.21,203.31,203.45,3308.0,11,0.0
2025-10-30 19:00:00,203.43,203.56,201.84,202.18,3260.0,11,0.0
2025-10-31 10:00:00,206.84,207.16,206.41,206.51,776.0,45,0.0
2025-10-31 11:00:00,206.52,207.02,206.01,206.9,819.0,45,0.0
2025-10-31 12:00:00,206.88,207.26,206.51,206.55,1051.0,45,0.0
2025-10-31 13:00:00,206.55,207.73,205.06,205.17,5074.0,11,0.0
2025-10-31 14:00:00,205.2,206.55,204.57,206.42,6703.0,11,0.0
2025-10-31 15:00:00,206.4,206.54,203.72,203.72,4715.0,11,0.0
2025-10-31 16:00:00,203.7,204.31,202.51,202.7,5477.0,11,0.0
2025-10-31 17:00:00,202.7,203.88,202.03,203.21,5097.0,11,0.0
2025-10-31 18:00:00,203.19,204.32,203.19,203.71,3295.0,11,0.0
2025-10-31 19:00:00,203.69,204.7,203.3,204.09,2446.0,11,0.0
2025-11-03 11:00:00,205.3,206.0,204.99,205.54,689.0,45,0.0
2025-11-03 12:00:00,205.48,206.65,205.41,206.18,836.0,45,0.0
2025-11-03 13:00:00,206.17,206.75,205.68,206.64,1001.0,45,0.0
2025-11-03 14:00:00,206.66,209.21,206.66,207.58,4642.0,11,0.0
2025-11-03 15:00:00,207.61,208.38,206.75,208.02,6132.0,11,0.0
2025-11-03 16:00:00,208.02,209.44,207.66,209.11,3771.0,11,0.0
2025-11-03 17:00:00,209.13,210.49,208.73,210.4,3309.0,11,0.0
2025-11-03 18:00:00,210.4,211.26,209.28,209.36,3082.0,11,0.0
2025-11-03 19:00:00,209.34,209.47,206.88,208.18,5183.0,11,0.0
2025-11-03 20:00:00,208.2,208.37,206.29,207.22,2414.0,11,0.0
2025-11-04 11:00:00,202.32,203.09,202.12,202.96,768.0,45,0.0
2025-11-04 12:00:00,202.97,203.32,202.06,202.61,1045.0,45,0.0
2025-11-04 13:00:00,202.61,203.01,201.61,202.19,1372.0,45,0.0
2025-11-04 14:00:00,202.19,203.9,200.72,203.76,5485.0,11,0.0
2025-11-04 15:00:00,203.78,203.78,201.1,201.58,7102.0,11,0.0
2025-11-04 16:00:00,201.56,202.24,200.87,201.44,5230.0,11,0.0
2025-11-04 17:00:00,201.42,201.49,199.75,200.57,4884.0,11,0.0
2025-11-04 18:00:00,200.54,200.78,199.16,200.33,4294.0,11,0.0
2025-11-04 19:00:00,200.31,200.69,198.53,199.0,4500.0,11,0.0
2025-11-04 20:00:00,199.02,199.96,198.86,199.89,2990.0,11,0.0
2025-11-05 11:00:00,195.52,196.34,195.2,196.23,773.0,45,0.0
2025-11-05 12:00:00,196.23,197.74,195.79,197.43,885.0,45,0.0
2025-11-05 13:00:00,197.46,199.73,197.2,199.48,1085.0,45,0.0
2025-11-05 14:00:00,199.43,200.27,196.81,199.91,4856.0,11,0.0
2025-11-05 15:00:00,199.94,202.73,199.31,202.49,7688.0,11,0.0
2025-11-05 16:00:00,202.52,202.85,201.27,201.97,4932.0,11,0.0
2025-11-05 17:00:00,201.99,202.02,200.93,201.13,2759.0,11,0.0
2025-11-05 18:00:00,201.12,202.21,200.64,201.64,2090.0,11,0.0
2025-11-05 19:00:00,201.62,201.64,200.82,201.28,1942.0,11,0.0
2025-11-05 20:00:00,201.26,201.41,198.1,198.1,2905.0,11,0.0
2025-11-06 11:00:00,197.68,198.11,197.62,197.83,631.0,45,0.0
2025-11-06 12:00:00,197.81,198.29,197.62,197.69,761.0,45,0.0
2025-11-06 13:00:00,197.69,197.78,196.5,196.5,1102.0,45,0.0
2025-11-06 14:00:00,196.5,197.37,193.11,193.58,6914.0,11,0.0
2025-11-06 15:00:00,193.55,193.67,189.41,190.26,15435.0,11,0.0
2025-11-06 16:00:00,190.28,191.38,187.9,188.95,12738.0,11,0.0
2025-11-06 17:00:00,188.99,189.69,186.34,189.13,9431.0,11,0.0
2025-11-06 18:00:00,189.11,189.91,187.8,188.7,6305.0,11,0.0
2025-11-06 19:00:00,188.72,190.63,188.45,190.34,5987.0,11,0.0
2025-11-06 20:00:00,190.32,190.44,188.04,188.27,4032.0,11,0.0
2025-11-07 11:00:00,186.79,186.79,185.12,186.52,1211.0,45,0.0
2025-11-07 12:00:00,186.52,186.75,184.84,185.45,1065.0,45,0.0
2025-11-07 13:00:00,185.43,185.87,184.36,184.71,1273.0,45,0.0
2025-11-07 14:00:00,184.7,185.46,181.91,182.94,8981.0,11,0.0
2025-11-07 15:00:00,182.95,183.6,180.44,180.45,13399.0,11,0.0
2025-11-07 16:00:00,180.51,180.91,178.87,180.19,10020.0,11,0.0
2025-11-07 17:00:00,180.21,182.88,179.93,182.83,6517.0,11,0.0
2025-11-07 18:00:00,182.83,185.09,182.54,184.43,5682.0,11,0.0
2025-11-07 19:00:00,184.41,187.08,184.11,187.05,6419.0,11,0.0
2025-11-07 20:00:00,187.03,187.41,185.59,187.34,5225.0,11,0.0
2025-11-10 11:00:00,194.06,194.22,193.54,193.9,693.0,45,0.0
2025-11-10 12:00:00,193.9,194.08,193.55,193.78,672.0,45,0.0
2025-11-10 13:00:00,193.78,194.59,193.48,194.2,783.0,45,0.0
2025-11-10 14:00:00,194.2,195.54,193.86,194.97,5416.0,11,0.0
2025-11-10 15:00:00,194.94,197.61,194.45,194.55,7897.0,11,0.0
2025-11-10 16:00:00,194.57,195.23,193.74,195.0,7244.0,11,0.0
2025-11-10 17:00:00,194.98,196.86,194.9,196.52,3967.0,11,0.0
2025-11-10 18:00:00,196.52,197.83,196.52,196.93,2793.0,11,0.0
2025-11-10 19:00:00,196.91,198.26,196.55,198.14,2789.0,11,0.0
2025-11-10 20:00:00,198.13,199.59,197.91,199.56,2534.0,11,0.0
2025-11-11 11:00:00,195.42,196.0,195.23,195.98,649.0,45,0.0
2025-11-11 12:00:00,196.0,196.16,194.47,195.01,931.0,45,0.0
2025-11-11 13:00:00,195.01,195.58,194.79,195.17,1018.0,45,0.0
2025-11-11 14:00:00,195.17,195.67,192.52,193.5,6270.0,11,0.0
2025-11-11 15:00:00,193.49,193.81,191.52,192.22,8630.0,11,0.0
2025-11-11 16:00:00,192.23,193.22,191.26,191.39,5208.0,11,0.0
2025-11-11 17:00:00,191.39,193.74,191.39,193.33,3925.0,11,0.0
2025-11-11 18:00:00,193.32,194.57,193.04,194.41,4840.0,11,0.0
2025-11-11 19:00:00,194.39,194.4,193.51,193.81,3132.0,11,0.0
2025-11-11 20:00:00,193.82,194.27,193.72,193.95,2015.0,11,0.0
2025-11-12 11:00:00,195.59,195.8,194.6,194.74,624.0,45,0.0
2025-11-12 12:00:00,194.84,196.12,194.59,195.91,802.0,45,0.0
2025-11-12 13:00:00,195.92,196.11,195.34,195.5,886.0,45,0.0
2025-11-12 14:00:00,195.51,195.69,191.61,192.65,5584.0,11,0.0
2025-11-12 15:00:00,192.63,193.92,191.6,192.38,8600.0,11,0.0
2025-11-12 16:00:00,192.42,193.5,191.43,191.99,6269.0,11,0.0
2025-11-12 17:00:00,192.01,193.05,191.66,192.48,4465.0,11,0.0
2025-11-12 18:00:00,192.5,193.21,192.18,192.29,3545.0,11,0.0
2025-11-12 19:00:00,192.3,192.59,191.72,191.97,3009.0,11,0.0
2025-11-12 20:00:00,191.93,192.89,191.08,192.72,2642.0,11,0.0
2025-11-13 11:00:00,192.55,192.89,192.07,192.29,635.0,45,0.0
2025-11-13 12:00:00,192.36,192.57,191.94,192.18,598.0,45,0.0
2025-11-13 13:00:00,192.16,192.36,190.8,190.8,891.0,45,0.0
2025-11-13 14:00:00,190.8,191.19,186.9,188.16,7046.0,11,0.0
2025-11-13 15:00:00,188.19,189.85,185.75,186.54,10759.0,11,0.0
2025-11-13 16:00:00,186.49,186.96,185.3,185.63,8909.0,11,0.0
2025-11-13 17:00:00,185.6,187.17,185.51,185.6,6579.0,11,0.0
2025-11-13 18:00:00,185.62,186.08,183.79,184.71,7044.0,11,0.0
2025-11-13 19:00:00,184.74,186.43,183.93,185.57,6975.0,11,0.0
2025-11-13 20:00:00,185.55,186.94,185.12,186.78,4755.0,11,0.0
2025-11-14 11:00:00,183.99,184.22,181.85,182.64,1293.0,45,0.0
2025-11-14 12:00:00,182.65,182.65,180.15,180.63,1840.0,45,0.0
2025-11-14 13:00:00,180.63,181.54,180.39,181.09,1578.0,45,0.0
2025-11-14 14:00:00,181.09,187.76,180.36,186.91,10277.0,11,0.0
2025-11-14 15:00:00,186.94,189.46,185.44,188.52,12584.0,11,0.0
2025-11-14 16:00:00,188.55,190.62,187.51,189.97,7159.0,11,0.0
2025-11-14 17:00:00,189.95,190.33,188.79,189.35,5233.0,11,0.0
2025-11-14 18:00:00,189.36,189.75,188.35,189.44,5765.0,11,0.0
2025-11-14 19:00:00,189.43,190.94,188.52,190.66,4897.0,11,0.0
2025-11-14 20:00:00,190.68,190.89,189.45,189.64,3422.0,11,0.0
2025-11-17 11:00:00,189.02,189.63,188.45,189.15,891.0,45,0.0
2025-11-17 12:00:00,189.15,189.37,187.48,187.88,1122.0,45,0.0
2025-11-17 13:00:00,187.87,187.89,186.35,187.48,1349.0,45,0.0
2025-11-17 14:00:00,187.44,188.94,184.75,188.06,6015.0,11,0.0
2025-11-17 15:00:00,188.05,188.42,186.1,187.16,10547.0,11,0.0
2025-11-17 16:00:00,187.17,188.23,185.68,188.17,7026.0,11,0.0
2025-11-17 17:00:00,188.15,188.19,186.46,186.49,5033.0,11,0.0
2025-11-17 18:00:00,186.51,187.49,185.54,185.76,4759.0,11,0.0
2025-11-17 19:00:00,185.76,185.9,184.38,184.65,6219.0,11,0.0
2025-11-17 20:00:00,184.63,185.23,184.27,185.08,4463.0,11,0.0
2025-11-18 11:00:00,184.83,184.98,183.53,184.78,920.0,45,0.0
2025-11-18 12:00:00,184.85,185.04,183.79,184.21,1123.0,45,0.0
2025-11-18 13:00:00,184.22,184.82,183.69,183.77,1088.0,45,0.0
2025-11-18 14:00:00,183.76,184.13,180.08,180.36,10048.0,11,0.0
2025-11-18 15:00:00,180.34,182.61,179.6,181.04,18031.0,11,0.0
2025-11-18 16:00:00,181.03,183.58,180.12,183.08,10553.0,11,0.0
2025-11-18 17:00:00,183.09,184.55,181.36,184.23,8041.0,11,0.0
2025-11-18 18:00:00,184.25,184.44,183.08,183.43,6900.0,11,0.0
2025-11-18 19:00:00,183.41,184.57,182.97,183.94,6324.0,11,0.0
2025-11-18 20:00:00,183.96,184.16,182.16,182.31,4728.0,11,0.0
2025-11-19 11:00:00,182.61,183.55,182.4,183.05,888.0,45,0.0
2025-11-19 12:00:00,183.12,184.59,182.93,183.96,1070.0,45,0.0
2025-11-19 13:00:00,183.97,184.58,183.7,184.45,1377.0,45,0.0
2025-11-19 14:00:00,184.42,187.63,183.07,187.53,6265.0,11,0.0
2025-11-19 15:00:00,187.55,187.81,185.45,185.8,9281.0,11,0.0
2025-11-19 16:00:00,185.75,186.41,184.55,185.09,8300.0,11,0.0
2025-11-19 17:00:00,185.09,185.15,182.79,184.76,8018.0,11,0.0
2025-11-19 18:00:00,184.74,185.79,184.07,185.35,6123.0,11,0.0
2025-11-19 19:00:00,185.37,186.05,184.31,185.38,6042.0,11,0.0
2025-11-19 20:00:00,185.36,187.28,185.31,186.69,4327.0,11,0.0
2025-11-20 11:00:00,195.82,195.87,194.52,195.51,993.0,45,0.0
2025-11-20 12:00:00,195.51,195.78,194.9,195.65,1152.0,45,0.0
2025-11-20 13:00:00,195.62,196.92,195.05,195.79,2037.0,45,0.0
2025-11-20 14:00:00,195.8,196.44,192.08,195.22,12924.0,11,0.0
2025-11-20 15:00:00,195.2,195.52,191.96,192.29,12433.0,11,0.0
2025-11-20 16:00:00,192.29,192.31,184.36,185.2,24375.0,11,0.0
2025-11-20 17:00:00,185.18,186.8,181.73,183.66,30771.0,11,0.0
2025-11-20 18:00:00,183.65,185.83,181.46,182.14,15526.0,11,0.0
2025-11-20 19:00:00,182.13,183.69,180.91,183.56,11980.0,11,0.0
2025-11-20 20:00:00,183.54,183.62,180.49,180.84,8069.0,11,0.0
2025-11-21 11:00:00,177.24,178.53,176.66,177.22,1375.0,45,0.0
2025-11-21 12:00:00,177.28,180.76,175.9,180.04,2093.0,45,0.0
2025-11-21 13:00:00,180.02,182.57,179.61,181.8,2047.0,45,0.0
2025-11-21 14:00:00,181.77,182.33,176.53,178.53,12413.0,11,0.0
2025-11-21 15:00:00,178.63,179.8,172.89,175.22,30998.0,11,0.0
2025-11-21 16:00:00,175.2,181.21,174.62,181.07,18816.0,11,0.0
2025-11-21 17:00:00,181.09,181.9,179.66,180.7,10794.0,11,0.0
2025-11-21 18:00:00,180.72,184.22,178.55,182.83,14699.0,11,0.0
2025-11-21 19:00:00,182.8,184.49,180.68,181.16,11708.0,11,0.0
2025-11-21 20:00:00,181.14,181.92,179.66,179.86,6465.0,11,0.0
2025-11-24 11:00:00,179.47,179.51,178.81,179.47,688.0,45,0.0
2025-11-24 12:00:00,179.48,180.05,179.31,179.76,918.0,45,0.0
2025-11-24 13:00:00,179.76,180.06,179.28,179.34,1004.0,45,0.0
2025-11-24 14:00:00,179.34,180.72,176.44,178.06,11718.0,11,0.0
2025-11-24 15:00:00,178.04,179.88,177.63,178.6,12691.0,11,0.0
2025-11-24 16:00:00,178.6,183.06,178.55,182.11,6910.0,11,0.0
2025-11-24 17:00:00,182.12,183.31,181.93,182.41,4583.0,11,0.0
2025-11-24 18:00:00,182.43,182.78,181.23,182.05,3526.0,11,0.0
2025-11-24 19:00:00,182.03,182.5,181.03,181.47,3364.0,11,0.0
2025-11-24 20:00:00,181.49,182.41,181.16,181.39,2426.0,11,0.0
2025-11-25 11:00:00,174.91,176.05,174.24,175.26,1341.0,45,0.0
2025-11-25 12:00:00,175.26,176.59,174.98,175.23,1464.0,45,0.0
2025-11-25 13:00:00,175.24,175.51,173.47,173.78,1715.0,28,0.0
2025-11-25 14:00:00,173.81,174.96,170.35,172.27,8396.0,11,0.0
2025-11-25 15:00:00,172.26,173.01,169.51,172.51,14377.0,11,0.0
2025-11-25 16:00:00,172.49,175.23,171.89,174.66,7000.0,11,0.0
2025-11-25 17:00:00,174.68,176.42,174.33,175.18,4819.0,11,0.0
2025-11-25 18:00:00,175.19,176.78,175.14,175.99,3439.0,11,0.0
2025-11-25 19:00:00,175.97,176.17,173.58,175.11,3829.0,11,0.0
2025-11-25 20:00:00,175.12,177.55,175.12,177.3,3307.0,11,0.0
2025-11-26 11:00:00,176.69,177.13,176.34,176.64,708.0,45,0.0
2025-11-26 12:00:00,176.57,177.08,175.23,176.88,1128.0,45,0.0
2025-11-26 13:00:00,176.88,181.49,176.74,181.13,1652.0,45,0.0
2025-11-26 14:00:00,181.16,182.67,178.37,178.67,6793.0,11,0.0
2025-11-26 15:00:00,178.61,180.7,178.2,180.62,8069.0,11,0.0
2025-11-26 16:00:00,180.61,181.68,179.92,180.81,3692.0,11,0.0
2025-11-26 17:00:00,180.83,181.44,180.07,180.95,3419.0,11,0.0
2025-11-26 18:00:00,180.96,181.18,179.74,180.42,3463.0,11,0.0
2025-11-26 19:00:00,180.44,180.72,179.88,180.16,2536.0,11,0.0
2025-11-26 20:00:00,180.17,180.69,180.06,180.17,1899.0,11,0.0
2025-11-28 11:00:00,180.45,180.55,180.12,180.36,362.0,45,0.0
2025-11-28 12:00:00,180.35,180.77,180.35,180.7,438.0,45,0.0
2025-11-28 13:00:00,180.7,180.72,179.41,179.69,693.0,45,0.0
2025-11-28 14:00:00,179.69,179.77,176.92,177.94,3828.0,11,0.0
2025-11-28 15:00:00,177.92,178.18,176.88,177.9,4444.0,11,0.0
2025-11-28 16:00:00,177.91,177.95,176.5,176.9,2686.0,11,0.0
2025-11-28 17:00:00,176.88,177.28,176.47,176.92,2399.0,11,0.0
2025-12-01 11:00:00,175.3,175.37,174.72,174.95,571.0,45,0.0
2025-12-01 12:00:00,174.95,175.25,173.01,173.16,1179.0,45,0.0
2025-12-01 13:00:00,173.17,175.01,173.17,174.75,1168.0,45,0.0
2025-12-01 14:00:00,174.75,178.62,173.47,178.07,5591.0,11,0.0
2025-12-01 15:00:00,178.11,179.93,177.53,179.36,7436.0,11,0.0
2025-12-01 16:00:00,179.36,179.79,178.35,179.56,4019.0,11,0.0
2025-12-01 17:00:00,179.57,180.24,179.28,179.33,2966.0,11,0.0
2025-12-01 18:00:00,179.35,179.92,179.12,179.88,2353.0,11,0.0
2025-12-01 19:00:00,179.86,179.89,178.57,178.85,2742.0,11,0.0
2025-12-01 20:00:00,178.83,179.78,178.75,179.68,1829.0,11,0.0
2025-12-02 11:00:00,180.52,181.35,180.3,181.0,535.0,45,0.0
2025-12-02 12:00:00,181.02,181.31,180.84,181.09,635.0,45,0.0
2025-12-02 13:00:00,181.11,182.13,180.84,182.11,733.0,28,0.0
2025-12-02 14:00:00,182.11,185.59,181.38,184.71,5309.0,11,0.0
2025-12-02 15:00:00,184.69,185.5,182.9,183.63,6604.0,11,0.0
2025-12-02 16:00:00,183.65,183.82,179.95,181.32,10199.0,11,0.0
2025-12-02 17:00:00,181.3,182.32,181.11,181.13,3314.0,11,0.0
2025-12-02 18:00:00,181.11,182.01,180.98,181.15,3154.0,11,0.0
2025-12-02 19:00:00,181.15,181.71,180.7,181.52,2638.0,11,0.0
2025-12-02 20:00:00,181.54,181.71,180.95,181.26,1737.0,11,0.0
2025-12-03 11:00:00,181.77,182.44,181.77,182.28,405.0,45,0.0
2025-12-03 12:00:00,182.21,183.58,182.2,183.41,697.0,45,0.0
2025-12-03 13:00:00,183.42,184.23,183.08,183.08,933.0,45,0.0
2025-12-03 14:00:00,183.06,183.21,178.94,179.94,7611.0,11,0.0
2025-12-03 15:00:00,179.95,182.35,179.78,180.86,8807.0,11,0.0
2025-12-03 16:00:00,180.88,181.34,179.77,179.93,4145.0,11,0.0
2025-12-03 17:00:00,179.93,180.68,179.85,180.61,2913.0,11,0.0
2025-12-03 18:00:00,180.59,181.16,180.37,180.52,2342.0,11,0.0
2025-12-03 19:00:00,180.5,181.21,180.49,180.58,1915.0,11,0.0
2025-12-03 20:00:00,180.59,180.8,179.44,179.67,1623.0,11,0.0
2025-12-04 11:00:00,179.96,180.28,179.89,180.18,451.0,45,0.0
2025-12-04 12:00:00,180.19,180.28,179.91,180.12,449.0,45,0.0
2025-12-04 13:00:00,180.12,180.25,179.83,180.22,687.0,45,0.0
2025-12-04 14:00:00,180.23,183.04,179.75,180.65,5657.0,11,0.0
2025-12-04 15:00:00,180.62,182.96,180.02,181.68,6645.0,11,0.0
2025-12-04 16:00:00,181.69,184.2,181.09,184.19,4348.0,11,0.0
2025-12-04 17:00:00,184.17,184.45,183.22,183.43,3155.0,11,0.0
2025-12-04 18:00:00,183.43,183.73,183.0,183.41,2255.0,11,0.0
2025-12-04 19:00:00,183.4,183.43,181.95,182.8,3812.0,11,0.0
2025-12-04 20:00:00,182.79,182.86,182.23,182.54,1988.0,11,0.0
2025-12-05 11:00:00,183.96,184.24,183.88,184.21,356.0,67,0.0
2025-12-05 12:00:00,184.21,184.35,183.68,184.05,502.0,45,0.0
2025-12-05 13:00:00,184.05,184.15,182.92,183.14,769.0,45,0.0
2025-12-05 14:00:00,183.14,184.4,180.86,181.9,5154.0,11,0.0
2025-12-05 15:00:00,181.93,183.28,181.52,181.93,5347.0,11,0.0
2025-12-05 16:00:00,181.91,182.45,181.45,182.04,4497.0,11,0.0
2025-12-05 17:00:00,182.02,182.27,181.47,182.2,2727.0,11,0.0
2025-12-05 18:00:00,182.19,182.43,181.62,181.8,2052.0,11,0.0
2025-12-05 19:00:00,181.82,181.86,181.1,181.8,1973.0,11,0.0
2025-12-05 20:00:00,181.78,182.02,181.63,181.69,1333.0,11,0.0
2025-12-08 11:00:00,182.67,182.73,182.4,182.59,349.0,45,0.0
2025-12-08 12:00:00,182.6,182.72,182.44,182.63,429.0,45,0.0
2025-12-08 13:00:00,182.63,182.91,182.07,182.21,681.0,45,0.0
2025-12-08 14:00:00,182.23,185.45,182.02,183.27,5351.0,11,0.0
2025-12-08 15:00:00,183.3,184.48,182.35,183.59,5694.0,11,0.0
2025-12-08 16:00:00,183.58,183.76,183.08,183.52,3519.0,11,0.0
2025-12-08 17:00:00,183.5,186.42,182.85,185.78,5223.0,11,0.0
2025-12-08 18:00:00,185.79,187.93,184.18,184.38,9482.0,11,0.0
2025-12-08 19:00:00,184.36,185.02,183.68,184.32,3460.0,11,0.0
2025-12-08 20:00:00,184.34,184.92,184.18,184.5,2098.0,11,0.0
2025-12-09 11:00:00,185.89,186.57,184.54,186.41,1193.0,45,0.0
2025-12-09 12:00:00,186.41,187.41,186.41,187.09,936.0,45,0.0
2025-12-09 13:00:00,187.06,187.14,185.63,186.32,985.0,45,0.0
2025-12-09 14:00:00,186.31,186.44,183.1,184.02,4785.0,11,0.0
2025-12-09 15:00:00,184.0,185.24,183.92,185.14,4683.0,11,0.0
2025-12-09 16:00:00,185.14,185.66,184.23,184.58,2803.0,11,0.0
2025-12-09 17:00:00,184.56,185.11,184.46,185.03,2072.0,11,0.0
2025-12-09 18:00:00,185.03,185.06,184.43,184.71,1872.0,11,0.0
2025-12-09 19:00:00,184.71,184.74,184.06,184.17,1752.0,11,0.0
2025-12-09 20:00:00,184.17,184.47,183.97,184.42,1213.0,11,0.0
2025-12-10 11:00:00,184.41,185.58,184.14,185.22,737.0,45,0.0
2025-12-10 12:00:00,185.2,185.44,184.76,185.24,591.0,45,0.0
2025-12-10 13:00:00,185.24,185.48,185.05,185.08,573.0,28,0.0
2025-12-10 14:00:00,185.08,185.27,183.44,184.26,3688.0,11,0.0
2025-12-10 15:00:00,184.24,184.42,182.56,182.71,4322.0,11,0.0
2025-12-10 16:00:00,182.73,182.9,181.99,182.55,2977.0,11,0.0
2025-12-10 17:00:00,182.53,183.37,182.33,183.18,1990.0,11,0.0
2025-12-10 18:00:00,183.16,183.21,182.32,182.76,2089.0,11,0.0
2025-12-10 19:00:00,182.76,184.55,182.45,184.5,8746.0,11,0.0
2025-12-10 20:00:00,184.52,184.63,183.45,183.51,3026.0,11,0.0
2025-12-11 11:00:00,180.47,180.53,180.08,180.41,417.0,67,0.0
2025-12-11 12:00:00,180.42,181.3,180.39,181.14,698.0,45,0.0
2025-12-11 13:00:00,181.15,181.3,180.48,180.71,757.0,28,0.0
2025-12-11 14:00:00,180.71,181.01,176.76,176.8,5659.0,11,0.0
2025-12-11 15:00:00,176.77,178.62,176.57,177.43,6495.0,11,0.0
2025-12-11 16:00:00,177.41,177.94,176.88,177.57,3876.0,11,0.0
2025-12-11 17:00:00,177.55,179.08,177.17,178.71,3171.0,11,0.0
2025-12-11 18:00:00,178.69,180.08,178.64,179.8,3004.0,11,0.0
2025-12-11 19:00:00,179.78,181.26,179.66,180.41,2596.0,11,0.0
2025-12-11 20:00:00,180.41,180.7,179.93,180.25,1915.0,11,0.0
2025-12-12 11:00:00,179.47,180.5,179.4,180.31,523.0,45,0.0
2025-12-12 12:00:00,180.32,182.84,180.02,182.01,865.0,45,0.0
2025-12-12 13:00:00,182.01,182.87,181.2,181.73,991.0,28,0.0
2025-12-12 14:00:00,181.73,182.65,180.35,181.09,4644.0,11,0.0
2025-12-12 15:00:00,181.08,181.09,177.05,177.19,9449.0,11,0.0
2025-12-12 16:00:00,177.17,178.23,175.16,175.8,13115.0,11,0.0
2025-12-12 17:00:00,175.78,177.53,175.56,176.81,4347.0,11,0.0
2025-12-12 18:00:00,176.83,178.12,176.35,176.85,4365.0,11,0.0
2025-12-12 19:00:00,176.86,176.95,175.99,176.24,3108.0,11,0.0
2025-12-12 20:00:00,176.26,176.62,175.3,175.48,2296.0,11,0.0
2025-12-15 11:00:00,176.55,177.01,176.39,176.65,433.0,45,0.0
2025-12-15 12:00:00,176.64,177.13,176.39,177.12,702.0,28,0.0
2025-12-15 13:00:00,177.11,177.27,176.75,177.1,660.0,28,0.0
2025-12-15 14:00:00,177.1,178.04,175.62,177.19,5510.0,11,0.0
2025-12-15 15:00:00,177.16,178.26,174.99,176.97,7676.0,11,0.0
2025-12-15 16:00:00,176.98,178.34,176.8,177.79,4755.0,11,0.0
2025-12-15 17:00:00,177.77,178.01,176.97,177.26,3468.0,11,0.0
2025-12-15 18:00:00,177.26,177.52,176.64,177.4,3093.0,11,0.0
2025-12-15 19:00:00,177.41,177.61,176.23,176.87,2743.0,11,0.0
2025-12-15 20:00:00,176.87,176.87,175.86,176.32,2254.0,11,0.0
2025-12-16 11:00:00,175.27,176.05,175.11,175.93,426.0,45,0.0
2025-12-16 12:00:00,175.94,176.84,175.79,176.58,573.0,28,0.0
2025-12-16 13:00:00,176.53,177.56,176.23,176.49,978.0,45,0.0
2025-12-16 14:00:00,176.45,177.29,174.79,177.24,5532.0,11,0.0
2025-12-16 15:00:00,177.26,177.43,175.46,176.8,7866.0,11,0.0
2025-12-16 16:00:00,176.82,177.24,175.65,176.94,4686.0,11,0.0
2025-12-16 17:00:00,176.94,177.03,176.18,176.27,3261.0,11,0.0
2025-12-16 18:00:00,176.25,177.62,176.06,177.42,3346.0,11,0.0
2025-12-16 19:00:00,177.4,177.42,175.96,176.72,3275.0,11,0.0
2025-12-16 20:00:00,176.7,178.01,176.67,177.78,1968.0,11,0.0
2025-12-17 11:00:00,178.1,178.1,177.54,177.68,437.0,45,0.0
2025-12-17 12:00:00,177.68,178.12,177.56,178.02,463.0,45,0.0
2025-12-17 13:00:00,178.01,178.01,176.11,177.15,1045.0,45,0.0
2025-12-17 14:00:00,177.15,177.39,173.33,174.54,5569.0,11,0.0
2025-12-17 15:00:00,174.56,174.57,171.06,171.48,8194.0,11,0.0
2025-12-17 16:00:00,171.46,172.13,170.26,171.02,6801.0,11,0.0
2025-12-17 17:00:00,171.04,172.37,170.33,172.02,4336.0,11,0.0
2025-12-17 18:00:00,172.04,172.75,171.28,171.63,3694.0,11,0.0
2025-12-17 19:00:00,171.61,171.75,170.61,171.52,3170.0,11,0.0
2025-12-17 20:00:00,171.54,171.76,170.95,171.66,2217.0,11,0.0
2025-12-18 11:00:00,172.81,173.3,172.65,172.94,494.0,45,0.0
2025-12-18 12:00:00,172.94,172.99,172.54,172.57,619.0,45,0.0
2025-12-18 13:00:00,172.56,174.2,172.38,173.49,1130.0,45,0.0
2025-12-18 14:00:00,173.48,174.65,171.77,173.79,4829.0,11,0.0
2025-12-18 15:00:00,173.81,176.09,172.68,175.35,5995.0,11,0.0
2025-12-18 16:00:00,175.34,175.97,174.76,175.63,3623.0,11,0.0
2025-12-18 17:00:00,175.63,175.67,173.69,175.23,4117.0,11,0.0
2025-12-18 18:00:00,175.23,175.32,174.66,174.85,2575.0,11,0.0
2025-12-18 19:00:00,174.85,174.99,173.71,173.85,3144.0,11,0.0
2025-12-18 20:00:00,173.87,174.83,173.61,174.73,2159.0,11,0.0
2025-12-19 11:00:00,176.02,176.89,175.84,176.28,491.0,45,0.0
2025-12-19 12:00:00,176.21,176.59,175.37,175.49,569.0,45,0.0
2025-12-19 13:00:00,175.5,175.91,175.36,175.69,565.0,45,0.0
2025-12-19 14:00:00,175.68,180.33,175.4,180.21,4678.0,11,0.0
2025-12-19 15:00:00,180.2,180.64,178.19,178.78,5253.0,11,0.0
2025-12-19 16:00:00,178.8,180.19,178.51,179.68,3044.0,11,0.0
2025-12-19 17:00:00,179.68,181.01,179.68,180.51,2612.0,11,0.0
2025-12-19 18:00:00,180.5,180.68,179.39,179.64,1925.0,11,0.0
2025-12-19 19:00:00,179.64,180.92,179.64,180.24,1965.0,11,0.0
2025-12-19 20:00:00,180.22,180.9,180.06,180.17,1742.0,11,0.0
2025-12-22 11:00:00,182.92,183.42,182.89,182.91,596.0,45,0.0
2025-12-22 12:00:00,182.83,184.37,182.61,184.26,867.0,28,0.0
2025-12-22 13:00:00,184.25,184.27,183.81,184.1,729.0,28,0.0
2025-12-22 14:00:00,184.1,184.15,182.14,183.78,4056.0,11,0.0
2025-12-22 15:00:00,183.8,184.1,182.61,183.65,4386.0,11,0.0
2025-12-22 16:00:00,183.67,183.74,182.96,183.12,2229.0,11,0.0
2025-12-22 17:00:00,183.14,183.36,182.74,183.13,1539.0,11,0.0
2025-12-22 18:00:00,183.12,183.39,182.95,183.11,1336.0,11,0.0
2025-12-22 19:00:00,183.12,183.52,182.94,183.35,1289.0,11,0.0
2025-12-22 20:00:00,183.35,183.47,183.15,183.37,1006.0,11,0.0
2025-12-23 11:00:00,182.95,183.03,182.75,182.88,289.0,45,0.0
2025-12-23 12:00:00,182.9,183.1,182.57,182.77,465.0,28,0.0
2025-12-23 13:00:00,182.79,182.81,181.65,181.94,689.0,28,0.0
2025-12-23 14:00:00,181.95,184.85,181.72,184.22,3339.0,11,0.0
2025-12-23 15:00:00,184.2,186.58,183.45,186.44,4173.0,11,0.0
2025-12-23 16:00:00,186.43,188.28,186.2,188.26,3054.0,11,0.0
2025-12-23 17:00:00,188.24,188.56,187.73,187.99,2123.0,11,0.0
2025-12-23 18:00:00,188.01,188.58,187.85,188.56,1578.0,11,0.0
2025-12-23 19:00:00,188.56,188.73,188.32,188.54,1410.0,11,0.0
2025-12-23 20:00:00,188.55,189.14,188.49,188.96,945.0,11,0.0
2025-12-24 11:00:00,188.03,188.21,187.92,188.19,332.0,45,0.0
2025-12-24 12:00:00,188.19,188.57,188.13,188.39,427.0,45,0.0
2025-12-24 13:00:00,188.39,188.54,188.22,188.46,492.0,45,0.0
2025-12-24 14:00:00,188.47,188.65,187.23,187.74,2679.0,11,0.0
2025-12-24 15:00:00,187.73,188.23,186.54,187.31,2668.0,11,0.0
2025-12-24 16:00:00,187.31,188.42,187.21,188.23,1768.0,11,0.0
2025-12-24 17:00:00,188.23,188.59,187.9,188.54,1616.0,11,0.0
2025-12-26 11:00:00,189.54,189.61,189.28,189.45,336.0,45,0.0
2025-12-26 12:00:00,189.46,189.55,189.29,189.42,403.0,45,0.0
2025-12-26 13:00:00,189.42,190.34,189.41,190.04,637.0,28,0.0
2025-12-26 14:00:00,190.04,192.22,189.34,191.16,3715.0,11,0.0
2025-12-26 15:00:00,191.14,192.13,190.11,191.88,4231.0,11,0.0
2025-12-26 16:00:00,191.86,192.05,190.77,190.9,2077.0,11,0.0
2025-12-26 17:00:00,190.9,191.14,190.41,191.05,1604.0,11,0.0
2025-12-26 18:00:00,191.05,192.48,190.97,192.48,1472.0,11,0.0
2025-12-26 19:00:00,192.47,192.63,191.78,191.9,1482.0,11,0.0
2025-12-26 20:00:00,191.89,191.91,191.29,191.53,1061.0,11,0.0
2025-12-29 11:00:00,187.75,188.22,187.4,188.22,465.0,45,0.0
2025-12-29 12:00:00,188.25,188.37,187.84,187.94,547.0,28,0.0
2025-12-29 13:00:00,187.93,188.21,187.4,187.74,803.0,28,0.0
2025-12-29 14:00:00,187.74,188.6,185.73,186.59,4815.0,11,0.0
2025-12-29 15:00:00,186.59,187.68,185.98,186.88,3849.0,11,0.0
2025-12-29 16:00:00,186.88,187.52,186.44,187.27,2320.0,11,0.0
2025-12-29 17:00:00,187.26,187.51,186.75,187.47,1582.0,11,0.0
2025-12-29 18:00:00,187.46,187.78,187.08,187.19,1461.0,11,0.0
2025-12-29 19:00:00,187.18,188.04,187.0,187.9,1531.0,11,0.0
2025-12-29 20:00:00,187.91,188.04,187.52,187.8,1082.0,11,0.0
2025-12-30 11:00:00,187.82,188.16,187.75,188.1,248.0,45,0.0
2025-12-30 12:00:00,188.12,188.47,188.05,188.31,357.0,45,0.0
2025-12-30 13:00:00,188.31,188.38,188.09,188.27,401.0,28,0.0
2025-12-30 14:00:00,188.27,188.71,187.04,187.49,2801.0,11,0.0
2025-12-30 15:00:00,187.47,187.89,186.88,187.82,2937.0,11,0.0
2025-12-30 16:00:00,187.8,188.44,187.66,187.95,1835.0,11,0.0
2025-12-30 17:00:00,187.94,188.07,187.65,188.01,1292.0,11,0.0
2025-12-30 18:00:00,188.01,188.26,187.76,188.2,1213.0,11,0.0
2025-12-30 19:00:00,188.2,188.29,187.63,187.86,1025.0,11,0.0
2025-12-30 20:00:00,187.84,187.88,187.36,187.6,862.0,11,0.0
2025-12-31 11:00:00,187.06,187.65,187.05,187.48,385.0,45,0.0
2025-12-31 12:00:00,187.47,188.08,187.41,188.03,463.0,45,0.0
2025-12-31 13:00:00,188.03,189.52,187.83,189.43,814.0,45,0.0
2025-12-31 14:00:00,189.42,190.32,188.03,188.56,3197.0,11,0.0
2025-12-31 15:00:00,188.54,189.09,188.11,188.24,3150.0,11,0.0
2025-12-31 16:00:00,188.24,189.01,188.16,188.96,1949.0,11,0.0
2025-12-31 17:00:00,188.96,189.21,188.45,188.65,1472.0,11,0.0
2025-12-31 18:00:00,188.66,188.99,188.59,188.63,1315.0,11,0.0
2025-12-31 19:00:00,188.63,188.79,187.31,187.74,1819.0,11,0.0
2025-12-31 20:00:00,187.74,187.76,187.03,187.37,1579.0,11,0.0
2026-01-02 11:00:00,189.52,189.69,189.48,189.5,231.0,67,0.0
2026-01-02 12:00:00,189.5,189.5,188.92,188.92,562.0,45,0.0
2026-01-02 13:00:00,188.92,189.11,188.84,188.87,567.0,28,0.0
2026-01-02 14:00:00,188.87,192.84,188.53,191.7,4682.0,11,0.0
2026-01-02 15:00:00,191.68,192.18,188.77,188.92,6939.0,11,0.0
2026-01-02 16:00:00,188.9,190.0,188.24,189.28,5994.0,11,0.0
2026-01-02 17:00:00,189.28,189.88,189.02,189.41,3058.0,11,0.0
2026-01-02 18:00:00,189.39,189.71,188.21,188.53,2364.0,11,0.0
2026-01-02 19:00:00,188.54,189.56,188.46,188.62,2936.0,11,0.0
2026-01-02 20:00:00,188.61,189.19,188.49,188.66,1795.0,11,0.0
2026-01-05 11:00:00,190.76,190.97,190.55,190.8,420.0,45,0.0
2026-01-05 12:00:00,190.73,191.61,190.73,191.39,652.0,45,0.0
2026-01-05 13:00:00,191.39,191.76,191.02,191.55,757.0,45,0.0
2026-01-05 14:00:00,191.57,193.38,189.36,190.08,5992.0,11,0.0
2026-01-05 15:00:00,190.07,190.39,189.21,190.2,5157.0,11,0.0
2026-01-05 16:00:00,190.2,190.83,189.23,189.25,2706.0,11,0.0
2026-01-05 17:00:00,189.25,189.26,187.01,187.85,4300.0,11,0.0
2026-01-05 18:00:00,187.85,188.18,186.95,187.39,2536.0,11,0.0
2026-01-05 19:00:00,187.39,187.41,186.11,186.68,2807.0,11,0.0
2026-01-05 20:00:00,186.69,187.83,186.46,187.75,1642.0,11,0.0
2026-01-06 11:00:00,189.0,189.14,188.74,188.96,431.0,45,0.0
2026-01-06 12:00:00,188.96,189.24,188.79,189.19,599.0,45,0.0
2026-01-06 13:00:00,189.19,189.57,189.12,189.51,785.0,45,0.0
2026-01-06 14:00:00,189.49,192.12,188.95,191.85,5183.0,11,0.0
2026-01-06 15:00:00,191.87,192.03,188.84,189.06,6341.0,11,0.0
2026-01-06 16:00:00,189.04,189.97,187.6,189.44,6633.0,11,0.0
2026-01-06 17:00:00,189.42,189.65,188.47,188.65,3181.0,11,0.0
2026-01-06 18:00:00,188.65,188.71,187.25,188.18,2515.0,11,0.0
2026-01-06 19:00:00,188.17,188.22,187.46,187.64,1867.0,11,0.0
2026-01-06 20:00:00,187.66,187.87,186.77,187.17,1636.0,11,0.0
2026-01-07 11:00:00,187.07,187.76,187.07,187.65,335.0,45,0.0
2026-01-07 12:00:00,187.65,188.29,187.63,187.99,444.0,45,0.0
2026-01-07 13:00:00,187.99,188.13,187.51,187.78,670.0,45,0.0
2026-01-07 14:00:00,187.79,190.14,186.35,190.01,4558.0,11,0.0
2026-01-07 15:00:00,190.03,191.31,188.44,189.56,11105.0,11,0.0
2026-01-07 16:00:00,189.56,190.27,189.13,190.12,3549.0,11,0.0
2026-01-07 17:00:00,190.1,190.51,189.63,189.88,2234.0,11,0.0
2026-01-07 18:00:00,189.87,190.1,189.32,189.72,1941.0,11,0.0
2026-01-07 19:00:00,189.72,189.94,189.13,189.19,2115.0,11,0.0
2026-01-07 20:00:00,189.21,189.36,188.7,188.89,1729.0,11,0.0
2026-01-08 11:00:00,189.4,190.04,189.17,189.73,363.0,45,0.0
2026-01-08 12:00:00,189.73,189.81,189.29,189.44,413.0,45,0.0
2026-01-08 13:00:00,189.43,189.74,189.34,189.56,569.0,45,0.0
2026-01-08 14:00:00,189.56,189.58,184.96,184.99,5896.0,11,0.0
2026-01-08 15:00:00,185.0,186.88,184.61,185.42,7981.0,11,0.0
2026-01-08 16:00:00,185.42,185.7,184.39,184.76,4553.0,11,0.0
2026-01-08 17:00:00,184.75,184.82,183.78,184.43,3074.0,11,0.0
2026-01-08 18:00:00,184.43,184.83,184.04,184.13,2369.0,11,0.0
2026-01-08 19:00:00,184.12,184.95,183.66,184.58,2182.0,11,0.0
2026-01-08 20:00:00,184.59,185.28,184.48,184.91,1670.0,11,0.0
2026-01-09 11:00:00,185.36,186.77,185.1,185.54,519.0,45,0.0
2026-01-09 12:00:00,185.54,185.6,185.24,185.57,478.0,45,0.0
2026-01-09 13:00:00,185.59,185.9,185.2,185.79,742.0,45,0.0
2026-01-09 14:00:00,185.8,186.01,183.47,184.72,5379.0,11,0.0
2026-01-09 15:00:00,184.74,185.53,183.69,184.82,6713.0,11,0.0
2026-01-09 16:00:00,184.84,185.64,184.8,185.3,2863.0,11,0.0
2026-01-09 17:00:00,185.28,185.44,184.59,185.0,1858.0,11,0.0
2026-01-09 18:00:00,184.99,185.36,184.72,185.3,1673.0,11,0.0
2026-01-09 19:00:00,185.3,186.29,185.2,185.48,1805.0,11,0.0
2026-01-09 20:00:00,185.51,186.01,185.1,185.28,1290.0,11,0.0
2025-08-14 16:00:00,181.9,181.99,180.92,181.95,2685.0,11,0.0
2025-08-14 17:00:00,181.96,182.14,181.54,181.97,1673.0,11,0.0
2025-08-14 18:00:00,181.95,181.99,181.37,181.91,1632.0,11,0.0
2025-08-14 19:00:00,181.9,182.04,181.64,181.88,1212.0,11,0.0
2025-08-15 10:00:00,181.32,181.6,181.23,181.47,270.0,45,0.0
2025-08-15 11:00:00,181.49,181.86,181.37,181.77,421.0,45,0.0
2025-08-15 12:00:00,181.77,182.02,181.46,181.91,645.0,45,0.0
2025-08-15 13:00:00,181.87,181.98,178.0,178.97,4286.0,11,0.0
2025-08-15 14:00:00,178.99,180.51,178.61,178.91,5531.0,11,0.0
2025-08-15 15:00:00,178.9,179.69,178.36,179.3,3071.0,11,0.0
2025-08-15 16:00:00,179.28,179.6,178.78,179.5,2228.0,11,0.0
2025-08-15 17:00:00,179.49,180.24,179.24,180.13,1643.0,11,0.0
2025-08-15 18:00:00,180.11,180.25,179.62,179.81,1679.0,11,0.0
2025-08-15 19:00:00,179.79,180.1,179.43,180.05,1276.0,11,0.0
2025-08-18 10:00:00,179.18,179.92,179.17,179.81,445.0,45,0.0
2025-08-18 11:00:00,179.78,179.88,179.42,179.7,592.0,45,0.0
2025-08-18 12:00:00,179.67,179.96,179.52,179.93,552.0,45,0.0
2025-08-18 13:00:00,179.94,182.71,179.87,182.07,3616.0,11,0.0
2025-08-11 14:00:00,182.5,183.62,181.44,182.83,3887.0,11,0.0
2025-08-11 15:00:00,182.84,183.75,182.32,183.42,3539.0,11,0.0
2025-08-11 16:00:00,183.42,183.78,182.81,182.82,2270.0,11,0.0
2025-08-11 17:00:00,182.8,183.41,182.8,182.99,1858.0,11,0.0
2025-08-11 18:00:00,183.01,183.12,182.39,182.95,1821.0,11,0.0
2025-08-11 19:00:00,182.95,182.99,181.94,182.41,1488.0,11,0.0
2025-08-12 10:00:00,181.23,182.6,181.17,181.83,636.0,45,0.0
2025-08-12 11:00:00,181.84,181.9,181.43,181.84,568.0,45,0.0
2025-08-12 12:00:00,181.84,183.63,181.79,183.1,1352.0,45,0.0
2025-08-12 13:00:00,183.18,183.39,179.82,179.99,4712.0,11,0.0
2025-08-12 14:00:00,180.01,181.54,179.42,181.49,5497.0,11,0.0
2025-08-12 15:00:00,181.5,182.68,181.36,182.35,2789.0,11,0.0
2025-08-12 16:00:00,182.34,182.43,181.71,182.37,1770.0,11,0.0
2025-08-12 17:00:00,182.37,182.79,182.12,182.76,1418.0,11,0.0
2025-08-12 18:00:00,182.77,183.27,182.71,182.89,1409.0,11,0.0
2025-08-12 19:00:00,182.89,183.16,182.38,182.48,1092.0,11,0.0
2025-08-13 10:00:00,182.73,182.75,181.53,181.75,655.0,45,0.0
2025-08-13 11:00:00,181.75,182.97,181.75,182.74,741.0,45,0.0
2025-08-13 12:00:00,182.75,183.04,182.65,182.67,696.0,28,0.0
2025-08-13 13:00:00,182.67,183.82,181.96,182.56,2891.0,11,0.0
2025-08-13 14:00:00,182.58,182.64,180.83,181.48,4706.0,11,0.0
2025-08-13 15:00:00,181.49,181.58,179.31,180.38,4174.0,11,0.0
2025-08-13 16:00:00,180.39,180.7,179.35,179.76,2518.0,11,0.0
2025-08-13 17:00:00,179.75,181.27,179.72,181.24,2208.0,11,0.0
2025-08-13 18:00:00,181.24,181.86,181.02,181.8,1730.0,11,0.0
2025-08-13 19:00:00,181.81,181.85,180.58,180.72,1381.0,11,0.0
2025-08-14 10:00:00,181.09,181.27,180.95,181.25,297.0,45,0.0
2025-08-14 11:00:00,181.25,181.84,181.09,181.73,505.0,45,0.0
2025-08-14 12:00:00,181.73,181.81,179.84,179.97,1315.0,45,0.0
2025-08-14 13:00:00,179.97,182.31,179.29,181.9,3808.0,11,0.0
2025-08-14 14:00:00,181.92,182.95,181.67,182.2,4265.0,11,0.0
2025-08-14 15:00:00,182.2,182.37,180.98,181.89,3280.0,11,0.0
2025-08-08 14:00:00,182.05,182.59,181.48,182.33,3535.0,11,0.0
2025-08-08 15:00:00,182.34,183.24,182.21,183.1,2949.0,11,0.0
2025-08-08 16:00:00,183.09,183.22,182.1,182.2,1938.0,11,0.0
2025-08-08 17:00:00,182.2,182.55,181.56,182.47,1908.0,11,0.0
2025-08-08 18:00:00,182.48,183.0,182.31,182.83,1466.0,11,0.0
2025-08-08 19:00:00,182.81,182.88,182.2,182.24,1078.0,11,0.0
2025-08-11 10:00:00,180.55,181.14,180.45,180.89,501.0,45,0.0
2025-08-11 11:00:00,180.88,182.01,180.88,182.0,732.0,45,0.0
2025-08-11 12:00:00,181.99,182.26,181.3,181.44,906.0,45,0.0
2025-08-11 13:00:00,181.45,182.96,180.04,182.47,3594.0,11,0.0
2025-08-07 15:00:00,181.61,182.23,181.1,181.62,3967.0,11,0.0
2025-08-07 16:00:00,181.61,181.7,179.74,180.39,3654.0,11,0.0
2025-08-07 17:00:00,180.38,180.84,179.25,179.9,4036.0,11,0.0
2025-08-07 18:00:00,179.88,180.18,178.75,180.02,3127.0,11,0.0
2025-08-07 19:00:00,180.03,180.17,179.12,179.8,2170.0,11,0.0
2025-08-08 10:00:00,181.8,181.9,181.47,181.55,330.0,67,0.0
2025-08-08 11:00:00,181.55,181.95,181.52,181.88,467.0,44,0.0
2025-08-08 12:00:00,181.88,181.89,181.21,181.52,666.0,44,0.0
2025-08-08 13:00:00,181.52,182.71,180.2,182.05,2628.0,11,0.0
2025-08-07 14:00:00,183.35,183.82,181.34,181.64,5217.0,11,0.0
2025-08-06 19:00:00,179.01,179.84,178.98,179.63,1586.0,11,0.0
2025-08-07 10:00:00,181.0,181.46,180.97,181.36,657.0,44,0.0
2025-08-07 11:00:00,181.39,181.91,181.31,181.59,772.0,44,0.0
2025-08-07 12:00:00,181.59,181.76,181.35,181.52,813.0,44,0.0
2025-08-07 13:00:00,181.52,183.69,181.08,183.34,3947.0,11,0.0
2025-08-06 14:00:00,178.47,179.37,176.75,177.78,4959.0,11,0.0
2025-08-06 15:00:00,177.79,179.08,177.25,178.97,2959.0,11,0.0
2025-08-06 16:00:00,178.98,179.32,177.6,177.88,2561.0,11,0.0
2025-08-06 17:00:00,177.87,178.61,177.87,178.49,1913.0,11,0.0
2025-08-06 18:00:00,178.49,179.41,178.48,179.03,1739.0,11,0.0
2025-07-31 17:00:00,180.6,180.75,177.21,177.54,3933.0,11,0.0
2025-07-31 18:00:00,177.52,178.12,175.9,177.58,4536.0,11,0.0
2025-07-31 19:00:00,177.6,178.12,177.16,177.96,2664.0,11,0.0
2025-08-01 10:00:00,173.57,173.59,172.88,173.3,791.0,44,0.0
2025-08-01 11:00:00,173.31,174.77,173.14,174.76,1140.0,44,0.0
2025-08-01 12:00:00,174.77,175.23,173.48,173.76,1500.0,44,0.0
2025-08-01 13:00:00,173.76,174.04,170.85,172.13,6002.0,11,0.0
2025-08-01 14:00:00,172.09,175.94,171.36,174.86,8552.0,11,0.0
2025-08-01 15:00:00,174.88,176.28,174.29,176.25,4604.0,11,0.0
2025-08-01 16:00:00,176.23,176.48,173.98,174.11,3675.0,11,0.0
2025-08-01 17:00:00,174.09,174.36,172.61,172.98,4377.0,11,0.0
2025-08-01 18:00:00,173.0,174.09,171.74,172.9,3918.0,11,0.0
2025-08-01 19:00:00,172.88,173.86,172.77,173.78,2848.0,11,0.0
2025-08-04 10:00:00,175.24,175.9,175.19,175.59,569.0,44,0.0
2025-08-04 11:00:00,175.46,175.59,174.92,175.05,804.0,44,0.0
2025-08-04 12:00:00,175.09,175.41,175.06,175.4,678.0,44,0.0
2025-08-04 13:00:00,175.4,177.21,174.32,177.01,3362.0,11,0.0
2025-08-04 14:00:00,177.05,178.04,176.56,177.58,4041.0,11,0.0
2025-08-04 15:00:00,177.55,178.49,176.88,178.42,2923.0,11,0.0
2025-08-04 16:00:00,178.43,179.04,178.32,178.79,1730.0,11,0.0
2025-08-04 17:00:00,178.78,179.41,178.64,179.37,1577.0,11,0.0
2025-08-04 18:00:00,179.36,179.75,178.89,178.97,1796.0,11,0.0
2025-08-04 19:00:00,178.96,179.6,178.89,179.37,1271.0,11,0.0
2025-08-05 10:00:00,180.37,180.76,180.34,180.63,454.0,44,0.0
2025-08-05 11:00:00,180.66,181.24,180.59,180.91,711.0,44,0.0
2025-08-05 12:00:00,180.96,181.1,180.12,180.3,955.0,44,0.0
2025-08-05 13:00:00,180.3,180.45,178.39,179.89,3536.0,11,0.0
2025-08-05 14:00:00,179.87,179.88,175.86,177.29,6099.0,11,0.0
2025-08-05 15:00:00,177.27,177.9,176.17,177.03,4702.0,11,0.0
2025-08-05 16:00:00,177.02,178.2,176.96,177.46,2970.0,11,0.0
2025-08-05 17:00:00,177.45,179.0,176.97,178.86,2384.0,11,0.0
2025-08-05 18:00:00,178.84,179.05,177.6,178.15,3075.0,11,0.0
2025-08-05 19:00:00,178.13,178.91,177.97,178.5,1843.0,11,0.0
2025-08-06 10:00:00,176.63,176.72,175.43,175.97,829.0,44,0.0
2025-08-06 11:00:00,175.99,176.96,175.62,176.62,882.0,44,0.0
2025-08-06 12:00:00,176.63,176.92,176.22,176.71,896.0,44,0.0
2025-08-06 13:00:00,176.69,178.76,175.97,178.45,3740.0,11,0.0
2025-07-31 16:00:00,180.52,181.43,180.44,180.6,2199.0,11,0.0
2025-07-31 15:00:00,179.73,180.57,178.63,180.54,4060.0,11,0.0
2025-07-30 19:00:00,178.07,179.24,177.52,178.62,4388.0,11,0.0
2025-07-31 10:00:00,181.65,182.64,181.46,182.35,638.0,44,0.0
2025-07-31 11:00:00,182.45,183.52,182.12,182.88,948.0,44,0.0
2025-07-31 12:00:00,182.85,183.63,182.68,183.1,1052.0,44,0.0
2025-07-31 13:00:00,183.1,183.1,180.35,181.85,4571.0,11,0.0
2025-07-31 14:00:00,181.87,182.19,179.41,179.75,5310.0,11,0.0
2025-07-30 15:00:00,178.81,179.06,178.09,178.81,2483.0,11,0.0
2025-07-30 16:00:00,178.8,179.25,178.6,179.15,1751.0,11,0.0
2025-07-30 17:00:00,179.15,179.34,178.84,179.16,1431.0,11,0.0
2025-07-30 18:00:00,179.17,179.83,177.84,178.08,4019.0,11,0.0
2021-10-27 17:00:00,24.82,24.91,24.82,24.88,422.0,1,0.0
2021-10-28 10:00:00,24.64,24.73,24.62,24.72,106.0,4,0.0
2021-10-28 11:00:00,24.71,24.78,24.69,24.75,176.0,3,0.0
2021-10-28 12:00:00,24.75,24.75,24.6,24.65,291.0,3,0.0
2021-10-28 13:00:00,24.65,24.89,24.52,24.58,2711.0,1,0.0
2021-10-28 14:00:00,24.58,24.84,24.54,24.72,3702.0,1,0.0
2021-10-28 15:00:00,24.72,24.79,24.6,24.63,2389.0,1,0.0
2021-10-28 16:00:00,24.63,24.74,24.59,24.63,2040.0,1,0.0
2021-10-28 17:00:00,24.64,24.81,24.63,24.75,1804.0,1,0.0
2021-10-28 18:00:00,24.75,24.83,24.72,24.74,1730.0,1,0.0
2021-10-28 19:00:00,24.73,24.86,24.71,24.82,1584.0,1,0.0
2021-10-29 10:00:00,25.07,25.08,24.92,24.99,172.0,4,0.0
2021-10-29 11:00:00,24.99,25.04,24.94,25.02,210.0,4,0.0
2021-10-29 12:00:00,25.02,25.08,24.97,25.01,222.0,4,0.0
2021-10-29 13:00:00,25.01,25.44,24.98,25.39,3215.0,1,0.0
2021-10-29 14:00:00,25.39,25.49,25.15,25.21,3217.0,1,0.0
2021-10-29 15:00:00,25.21,25.46,25.2,25.44,2111.0,1,0.0
2021-10-29 16:00:00,25.44,25.56,25.43,25.55,2021.0,1,0.0
2021-10-29 17:00:00,25.55,25.65,25.51,25.62,1998.0,1,0.0
2021-10-29 18:00:00,25.62,25.7,25.47,25.58,2119.0,1,0.0
2021-10-29 19:00:00,25.58,25.58,25.44,25.51,1776.0,1,0.0
2021-11-01 10:00:00,25.81,25.84,25.78,25.79,133.0,6,0.0
2021-11-01 11:00:00,25.8,25.86,25.79,25.82,287.0,4,0.0
2021-11-01 12:00:00,25.82,25.82,25.63,25.69,298.0,4,0.0
2021-11-01 13:00:00,25.69,25.74,25.22,25.49,2760.0,1,0.0
2021-11-01 14:00:00,25.49,25.77,25.34,25.55,4109.0,1,0.0
2021-11-01 15:00:00,25.55,25.88,25.54,25.86,2429.0,1,0.0
2021-11-01 16:00:00,25.87,25.88,25.76,25.83,1958.0,1,0.0
2021-11-01 17:00:00,25.83,25.84,25.67,25.72,2344.0,1,0.0
2021-11-01 18:00:00,25.72,25.74,25.59,25.61,1983.0,1,0.0
2021-11-01 19:00:00,25.62,25.76,25.57,25.73,1544.0,1,0.0
2021-11-02 10:00:00,25.78,25.86,25.77,25.85,121.0,2,0.0
2021-11-02 11:00:00,25.85,25.85,25.67,25.74,221.0,3,0.0
2021-11-02 12:00:00,25.74,25.79,25.74,25.78,156.0,3,0.0
2021-11-02 13:00:00,25.78,26.23,25.76,26.19,2531.0,1,0.0
2021-11-02 14:00:00,26.19,26.26,25.89,26.21,3596.0,1,0.0
2021-11-02 15:00:00,26.21,26.67,26.21,26.47,3404.0,1,0.0
2021-11-02 16:00:00,26.46,26.59,26.38,26.56,2406.0,1,0.0
2021-11-02 17:00:00,26.56,26.57,26.38,26.41,1958.0,1,0.0
2021-11-02 18:00:00,26.41,26.41,26.18,26.38,2242.0,1,0.0
2021-11-02 19:00:00,26.38,26.51,26.34,26.51,1382.0,1,0.0
2021-11-03 10:00:00,26.73,26.73,26.61,26.65,151.0,4,0.0
2021-11-03 11:00:00,26.65,26.68,26.62,26.68,159.0,4,0.0
2021-11-03 12:00:00,26.67,26.7,26.61,26.68,255.0,3,0.0
2021-11-03 13:00:00,26.68,26.76,26.37,26.57,2392.0,2,0.0
2021-11-03 14:00:00,26.57,26.57,26.23,26.37,2577.0,1,0.0
2021-11-03 15:00:00,26.37,26.51,26.3,26.49,2257.0,1,0.0
2021-11-03 16:00:00,26.49,26.49,26.36,26.43,1671.0,1,0.0
2021-11-03 17:00:00,26.43,26.47,26.26,26.27,1279.0,1,0.0
2021-11-03 18:00:00,26.26,26.61,26.25,26.56,2480.0,1,0.0
2021-11-03 19:00:00,26.56,26.64,26.53,26.6,1692.0,1,0.0
2021-11-04 10:00:00,27.11,27.15,27.08,27.13,189.0,6,0.0
2021-11-04 11:00:00,27.12,27.12,27.06,27.11,219.0,4,0.0
2021-11-04 12:00:00,27.1,27.35,27.1,27.22,580.0,4,0.0
2021-11-04 13:00:00,27.22,28.05,27.11,28.03,3455.0,1,0.0
2021-11-04 14:00:00,28.02,28.81,28.0,28.66,4627.0,1,0.0
2021-11-04 15:00:00,28.66,29.46,28.54,29.41,4360.0,2,0.0
2021-11-04 16:00:00,29.41,29.91,29.28,29.65,5147.0,2,0.0
2021-11-04 17:00:00,29.64,30.38,29.55,30.29,4647.0,2,0.0
2021-11-04 18:00:00,30.28,31.35,30.19,30.31,7222.0,2,0.0
2021-11-04 19:00:00,30.31,30.46,29.53,29.59,6602.0,2,0.0
2021-11-05 10:00:00,30.89,31.07,30.7,30.76,705.0,4,0.0
2021-11-05 11:00:00,30.74,30.77,30.33,30.59,869.0,4,0.0
2021-11-05 12:00:00,30.6,30.78,29.99,30.22,1298.0,4,0.0
2021-11-05 13:00:00,30.22,31.22,30.03,30.45,6467.0,2,0.0
2021-11-05 14:00:00,30.45,31.13,30.31,30.77,6624.0,2,0.0
2021-11-05 15:00:00,30.77,31.31,30.75,31.2,4014.0,2,0.0
2021-11-05 16:00:00,31.2,31.33,30.05,30.37,4490.0,2,0.0
2021-11-05 17:00:00,30.37,30.37,29.65,30.15,5015.0,2,0.0
2021-11-05 18:00:00,30.15,30.44,29.99,30.21,3323.0,2,0.0
2021-11-05 19:00:00,30.21,30.22,29.82,29.85,2296.0,2,0.0
2021-11-08 11:00:00,30.44,30.49,30.36,30.48,288.0,3,0.0
2021-11-08 12:00:00,30.47,30.48,30.16,30.19,580.0,3,0.0
2021-11-08 13:00:00,30.2,30.4,30.02,30.14,679.0,4,0.0
2021-11-08 14:00:00,30.13,30.88,29.9,30.19,5147.0,2,0.0
2021-11-08 15:00:00,30.19,30.78,30.0,30.72,5834.0,2,0.0
2021-11-08 16:00:00,30.72,31.01,30.54,30.77,5420.0,2,0.0
2021-11-08 17:00:00,30.77,30.86,30.44,30.78,3549.0,2,0.0
2021-11-08 18:00:00,30.79,31.02,30.73,30.88,2636.0,2,0.0
2021-11-08 19:00:00,30.88,30.91,30.75,30.83,1861.0,2,0.0
2021-11-08 20:00:00,30.83,30.84,30.65,30.69,1447.0,2,0.0
2021-11-09 11:00:00,32.05,32.41,31.97,32.17,575.0,6,0.0
2021-11-09 12:00:00,32.16,32.72,31.99,32.29,1225.0,4,0.0
2021-11-09 13:00:00,32.28,32.65,32.14,32.31,931.0,4,0.0
2021-11-09 14:00:00,32.32,32.58,30.88,30.92,5891.0,2,0.0
2021-11-09 15:00:00,30.91,31.53,30.89,31.07,6585.0,2,0.0
2021-11-09 16:00:00,31.07,31.61,31.04,31.16,3990.0,2,0.0
2021-11-09 17:00:00,31.16,31.17,30.16,30.38,5314.0,2,0.0
2021-11-09 18:00:00,30.39,30.54,29.96,30.17,4078.0,2,0.0
2021-11-09 19:00:00,30.18,30.65,30.13,30.51,3378.0,2,0.0
2021-11-09 20:00:00,30.51,30.73,30.31,30.67,2547.0,2,0.0
2021-11-10 11:00:00,30.09,30.24,29.92,29.96,475.0,4,0.0
2021-11-10 12:00:00,29.97,29.99,29.28,29.29,1145.0,4,0.0
2021-11-10 13:00:00,29.3,29.64,29.11,29.34,1486.0,4,0.0
2021-11-10 14:00:00,29.34,30.28,28.76,30.24,6143.0,2,0.0
2021-11-10 15:00:00,30.24,30.83,30.07,30.08,5787.0,2,0.0
2021-11-10 16:00:00,30.09,30.29,29.83,30.12,3781.0,2,0.0
2021-11-10 17:00:00,30.12,30.15,29.85,30.02,2665.0,2,0.0
2021-11-10 18:00:00,30.02,30.05,29.5,29.54,3261.0,2,0.0
2021-11-10 19:00:00,29.54,29.72,29.1,29.36,4291.0,2,0.0
2021-11-10 20:00:00,29.37,29.68,29.31,29.43,2543.0,2,0.0
2021-11-11 11:00:00,30.09,30.15,30.07,30.11,196.0,6,0.0
2021-11-11 12:00:00,30.09,30.32,30.06,30.31,372.0,4,0.0
2021-11-11 13:00:00,30.33,30.46,30.16,30.43,572.0,4,0.0
2021-11-11 14:00:00,30.44,30.48,29.85,30.08,3598.0,2,0.0
2021-11-11 15:00:00,30.09,30.27,29.77,30.15,3312.0,2,0.0
2021-11-11 16:00:00,30.16,30.19,30.02,30.06,1635.0,2,0.0
2021-11-11 17:00:00,30.07,30.16,29.91,30.1,1537.0,2,0.0
2021-11-11 18:00:00,30.1,30.49,30.06,30.45,1537.0,2,0.0
2021-11-11 19:00:00,30.46,30.58,30.33,30.36,1806.0,2,0.0
2021-11-11 20:00:00,30.35,30.45,30.19,30.44,1512.0,2,0.0
2021-11-12 11:00:00,30.69,30.74,29.88,30.06,863.0,4,0.0
2021-11-12 12:00:00,30.07,30.23,29.91,29.97,841.0,4,0.0
2021-11-12 13:00:00,29.98,30.17,29.91,30.14,633.0,4,0.0
2021-11-12 14:00:00,30.14,30.21,29.63,29.74,3346.0,2,0.0
2021-11-12 15:00:00,29.74,30.22,29.66,30.2,3311.0,2,0.0
2021-11-12 16:00:00,30.2,30.67,30.17,30.61,2767.0,2,0.0
2021-11-12 17:00:00,30.61,30.63,30.2,30.32,2402.0,2,0.0
2021-11-12 18:00:00,30.32,30.47,30.22,30.33,1617.0,2,0.0
2021-11-12 19:00:00,30.33,30.46,30.26,30.36,1395.0,2,0.0
2021-11-12 20:00:00,30.36,30.47,30.34,30.38,1124.0,1,0.0
2021-11-15 11:00:00,30.47,30.62,30.47,30.56,449.0,3,0.0
2021-11-15 12:00:00,30.55,30.56,30.17,30.43,674.0,4,0.0
2021-11-15 13:00:00,30.42,30.61,30.4,30.57,512.0,4,0.0
2021-11-15 14:00:00,30.57,30.68,29.98,30.09,3269.0,2,0.0
2021-11-15 15:00:00,30.09,30.22,29.8,29.89,3235.0,2,0.0
2021-11-15 16:00:00,29.89,29.97,29.52,29.6,2529.0,2,0.0
2021-11-15 17:00:00,29.59,29.65,29.24,29.52,2634.0,2,0.0
2021-11-15 18:00:00,29.52,29.76,29.49,29.61,2031.0,2,0.0
2021-11-15 19:00:00,29.6,29.97,29.59,29.92,1847.0,2,0.0
2021-11-15 20:00:00,29.91,30.02,29.87,30.0,1491.0,2,0.0
2021-11-16 11:00:00,29.64,29.81,29.64,29.81,219.0,4,0.0
2021-11-16 12:00:00,29.8,29.84,29.62,29.65,408.0,4,0.0
2021-11-16 13:00:00,29.66,29.85,29.61,29.76,526.0,4,0.0
2021-11-16 14:00:00,29.75,30.21,29.57,29.87,3258.0,2,0.0
2021-11-16 15:00:00,29.87,30.23,29.85,30.18,3244.0,2,0.0
2021-11-16 16:00:00,30.18,30.38,30.17,30.24,2303.0,2,0.0
2021-11-16 17:00:00,30.24,30.24,29.81,29.9,1657.0,2,0.0
2021-11-16 18:00:00,29.9,29.96,29.8,29.94,1411.0,2,0.0
2021-11-16 19:00:00,29.94,30.18,29.93,30.09,1611.0,2,0.0
2021-11-16 20:00:00,30.09,30.13,29.98,30.09,1187.0,2,0.0
2021-11-17 11:00:00,30.31,30.4,30.29,30.31,182.0,4,0.0
2021-11-17 12:00:00,30.32,30.47,30.32,30.41,303.0,4,0.0
2021-11-17 13:00:00,30.42,30.42,30.25,30.38,335.0,4,0.0
2021-11-17 14:00:00,30.38,30.52,29.64,29.77,3202.0,2,0.0
2021-11-17 15:00:00,29.77,29.86,29.6,29.83,2802.0,1,0.0
2021-11-17 16:00:00,29.83,30.11,29.83,30.01,2140.0,2,0.0
2021-11-17 17:00:00,30.01,30.02,29.23,29.27,3254.0,1,0.0
2021-11-17 18:00:00,29.28,29.68,29.23,29.67,2055.0,2,0.0
2021-11-17 19:00:00,29.67,29.67,29.39,29.43,1835.0,2,0.0
2021-11-17 20:00:00,29.43,29.43,28.79,28.93,2005.0,1,0.0
2021-11-18 11:00:00,31.2,31.43,31.09,31.4,460.0,6,0.0
2021-11-18 12:00:00,31.4,31.96,31.17,31.63,1201.0,4,0.0
2021-11-18 13:00:00,31.63,32.07,31.54,32.02,1579.0,4,0.0
2021-11-18 14:00:00,32.01,32.74,31.5,32.57,8092.0,2,0.0
2021-11-18 15:00:00,32.58,32.6,31.59,31.92,6509.0,2,0.0
2021-11-18 16:00:00,31.92,32.4,31.74,32.14,4805.0,2,0.0
2021-11-18 17:00:00,32.14,32.44,31.67,31.76,4394.0,2,0.0
2021-11-18 18:00:00,31.75,31.84,31.32,31.47,3713.0,2,0.0
2021-11-18 19:00:00,31.46,31.83,31.33,31.72,3341.0,2,0.0
2021-11-18 20:00:00,31.72,31.96,31.63,31.78,2414.0,2,0.0
2021-11-19 11:00:00,32.33,32.34,32.05,32.24,380.0,6,0.0
2021-11-19 12:00:00,32.23,32.26,32.01,32.06,349.0,4,0.0
2021-11-19 13:00:00,32.07,32.27,31.91,32.24,552.0,4,0.0
2021-11-19 14:00:00,32.23,32.73,31.95,32.58,4378.0,2,0.0
2021-11-19 15:00:00,32.58,32.77,32.38,32.49,4737.0,2,0.0
2021-11-19 16:00:00,32.48,32.91,32.25,32.83,3450.0,2,0.0
2021-11-19 17:00:00,32.83,32.99,32.72,32.84,2743.0,2,0.0
2021-11-19 18:00:00,32.84,32.96,32.58,32.88,2877.0,2,0.0
2021-11-19 19:00:00,32.88,32.97,32.8,32.87,2593.0,2,0.0
2021-11-19 20:00:00,32.87,33.07,32.84,32.93,2239.0,2,0.0
2021-11-22 11:00:00,33.41,33.5,33.4,33.45,290.0,6,0.0
2021-11-22 12:00:00,33.44,33.81,33.42,33.68,503.0,4,0.0
2021-11-22 13:00:00,33.68,33.77,33.56,33.77,584.0,3,0.0
2021-11-22 14:00:00,33.77,34.53,33.33,34.11,4780.0,2,0.0
2021-11-22 15:00:00,34.11,34.6,34.03,34.28,4858.0,2,0.0
2021-11-22 16:00:00,34.27,34.36,32.29,32.6,6704.0,2,0.0
2021-11-22 17:00:00,32.61,33.08,32.14,32.77,4358.0,2,0.0
2021-11-22 18:00:00,32.76,33.02,32.55,32.55,3300.0,2,0.0
2021-11-22 19:00:00,32.56,32.77,32.45,32.48,2962.0,2,0.0
2021-11-22 20:00:00,32.48,32.83,32.3,32.31,2679.0,2,0.0
2021-11-23 11:00:00,31.42,31.67,31.28,31.61,388.0,6,0.0
2021-11-23 12:00:00,31.62,31.9,31.61,31.7,529.0,6,0.0
2021-11-23 13:00:00,31.72,32.17,31.7,32.02,763.0,4,0.0
2021-11-23 14:00:00,32.02,32.34,31.09,32.19,4336.0,3,0.0
2021-11-23 15:00:00,32.19,32.23,31.0,31.03,5658.0,2,0.0
2021-11-23 16:00:00,31.04,31.62,30.9,31.21,4896.0,2,0.0
2021-11-23 17:00:00,31.21,31.45,31.07,31.21,3511.0,2,0.0
2021-11-23 18:00:00,31.21,31.31,30.87,31.09,3741.0,2,0.0
2021-11-23 19:00:00,31.09,31.56,30.94,31.53,3650.0,2,0.0
2021-11-23 20:00:00,31.52,31.75,31.43,31.6,2919.0,2,0.0
2021-11-24 11:00:00,31.45,31.78,31.45,31.7,398.0,4,0.0
2021-11-24 12:00:00,31.69,31.76,31.55,31.59,471.0,4,0.0
2021-11-24 13:00:00,31.59,31.67,31.27,31.32,733.0,4,0.0
2021-11-24 14:00:00,31.33,31.55,30.92,31.45,3896.0,3,0.0
2021-11-24 15:00:00,31.43,32.15,31.31,32.11,5338.0,2,0.0
2021-11-24 16:00:00,32.12,32.54,31.93,32.47,3869.0,2,0.0
2021-11-24 17:00:00,32.47,32.58,32.29,32.44,2734.0,2,0.0
2021-11-24 18:00:00,32.43,32.65,32.34,32.41,2240.0,2,0.0
2021-11-24 19:00:00,32.41,32.56,32.2,32.51,2937.0,2,0.0
2021-11-24 20:00:00,32.51,32.68,32.5,32.65,1908.0,2,0.0
2021-11-26 11:00:00,31.86,32.1,31.83,32.08,485.0,6,0.0
2021-11-26 12:00:00,32.08,32.15,31.86,31.99,742.0,4,0.0
2021-11-26 13:00:00,31.99,32.06,31.84,31.94,618.0,4,0.0
2021-11-26 14:00:00,31.94,32.69,31.93,32.26,4431.0,2,0.0
2021-11-26 15:00:00,32.25,32.32,31.67,31.78,5309.0,2,0.0
2021-11-26 16:00:00,31.77,31.77,31.34,31.54,3770.0,2,0.0
2021-11-26 17:00:00,31.55,31.88,31.5,31.76,2662.0,2,0.0
2021-11-29 11:00:00,32.26,32.33,32.02,32.12,406.0,3,0.0
2021-11-29 12:00:00,32.11,32.13,31.9,32.03,404.0,4,0.0
2021-11-29 13:00:00,32.03,32.2,31.97,32.16,455.0,4,0.0
2021-11-29 14:00:00,32.17,32.73,32.03,32.44,3837.0,2,0.0
2021-11-29 15:00:00,32.45,32.59,32.07,32.4,5046.0,2,0.0
2021-11-29 16:00:00,32.4,32.89,32.33,32.85,3075.0,2,0.0
2021-11-29 17:00:00,32.85,33.13,32.83,32.86,3124.0,2,0.0
2021-11-29 18:00:00,32.86,33.02,32.75,33.02,2311.0,2,0.0
2021-11-29 19:00:00,33.02,33.07,32.88,33.0,2070.0,2,0.0
2021-11-29 20:00:00,33.0,33.2,32.97,33.18,2031.0,2,0.0
2021-11-30 11:00:00,33.02,33.1,32.94,33.01,282.0,4,0.0
2021-11-30 12:00:00,33.02,33.27,33.02,33.16,496.0,4,0.0
2021-11-30 13:00:00,33.15,33.26,33.03,33.25,479.0,4,0.0
2021-11-30 14:00:00,33.26,33.43,32.79,33.17,4124.0,2,0.0
2021-11-30 15:00:00,33.17,33.33,32.17,32.18,6076.0,2,0.0
2021-11-30 16:00:00,32.18,32.42,31.88,32.13,5871.0,2,0.0
2021-11-30 17:00:00,32.13,32.39,31.86,32.14,4427.0,2,0.0
2021-11-30 18:00:00,32.15,32.58,32.01,32.57,3593.0,2,0.0
2021-11-30 19:00:00,32.56,32.61,32.15,32.24,3786.0,2,0.0
2021-11-30 20:00:00,32.24,32.43,32.16,32.41,2551.0,2,0.0
2021-12-01 11:00:00,33.31,33.36,33.22,33.36,214.0,6,0.0
2021-12-01 12:00:00,33.35,33.35,33.19,33.21,393.0,4,0.0
2021-12-01 13:00:00,33.22,33.25,33.13,33.21,370.0,4,0.0
2021-12-01 14:00:00,33.19,33.27,32.62,33.12,3274.0,2,0.0
2021-12-01 15:00:00,33.12,33.23,32.65,33.08,4697.0,2,0.0
2021-12-01 16:00:00,33.08,33.28,32.73,32.82,3362.0,2,0.0
2021-12-01 17:00:00,32.81,33.03,32.4,32.42,3140.0,2,0.0
2021-12-01 18:00:00,32.41,32.58,32.04,32.34,4327.0,2,0.0
2021-12-01 19:00:00,32.34,32.43,31.99,32.15,3877.0,2,0.0
2021-12-01 20:00:00,32.16,32.2,31.44,31.94,4214.0,2,0.0
2021-12-02 11:00:00,31.65,31.67,31.55,31.6,399.0,4,0.0
2021-12-02 12:00:00,31.61,31.69,31.07,31.31,1047.0,4,0.0
2021-12-02 13:00:00,31.3,31.46,31.01,31.18,893.0,4,0.0
2021-12-02 14:00:00,31.18,32.2,31.02,32.08,4006.0,3,0.0
2021-12-02 15:00:00,32.07,32.26,31.4,31.87,6339.0,3,0.0
2021-12-02 16:00:00,31.89,32.2,31.69,32.16,4483.0,2,0.0
2021-12-02 17:00:00,32.16,32.46,32.1,32.23,3718.0,2,0.0
2021-12-02 18:00:00,32.24,32.29,31.9,32.26,3624.0,2,0.0
2021-12-02 19:00:00,32.26,32.32,32.07,32.23,3241.0,2,0.0
2021-12-02 20:00:00,32.24,32.37,31.84,32.25,2928.0,2,0.0
2021-12-03 11:00:00,31.85,31.96,31.83,31.95,137.0,6,0.0
2021-12-03 12:00:00,31.94,31.99,31.82,31.87,411.0,4,0.0
2021-12-03 13:00:00,31.88,32.4,31.83,32.12,1180.0,4,0.0
2021-12-03 14:00:00,32.12,32.16,31.14,31.16,4240.0,2,0.0
2021-12-03 15:00:00,31.16,31.28,30.2,30.62,8527.0,2,0.0
2021-12-03 16:00:00,30.62,30.7,30.17,30.24,6360.0,2,0.0
2021-12-03 17:00:00,30.24,30.68,30.13,30.43,4729.0,2,0.0
2021-12-03 18:00:00,30.42,30.61,30.22,30.27,3853.0,2,0.0
2021-12-03 19:00:00,30.27,30.52,30.2,30.25,4398.0,2,0.0
2021-12-03 20:00:00,30.24,30.58,30.14,30.37,3271.0,2,0.0
2021-12-06 11:00:00,29.23,29.67,29.23,29.67,680.0,6,0.0
2021-12-06 12:00:00,29.68,29.7,29.3,29.39,947.0,4,0.0
2021-12-06 13:00:00,29.4,29.94,29.26,29.83,960.0,4,0.0
2021-12-06 14:00:00,29.83,30.04,28.07,28.77,6468.0,2,0.0
2021-12-06 15:00:00,28.78,29.3,28.04,29.12,8376.0,2,0.0
2021-12-06 16:00:00,29.12,29.45,28.86,29.24,5075.0,2,0.0
2021-12-06 17:00:00,29.24,29.41,29.06,29.37,3333.0,2,0.0
2021-12-06 18:00:00,29.38,29.98,29.32,29.88,3536.0,2,0.0
2021-12-06 19:00:00,29.88,30.12,29.79,29.98,3433.0,2,0.0
2021-12-06 20:00:00,29.97,30.23,29.9,30.08,2696.0,2,0.0
2021-12-07 11:00:00,31.16,31.16,30.96,30.99,327.0,6,0.0
2021-12-07 12:00:00,30.98,31.1,30.77,31.1,574.0,4,0.0
2021-12-07 13:00:00,31.09,31.2,30.96,31.0,643.0,4,0.0
2021-12-07 14:00:00,31.01,31.14,30.65,30.94,4228.0,2,0.0
2021-12-07 15:00:00,30.95,31.83,30.92,31.53,5423.0,2,0.0
2021-12-07 16:00:00,31.54,31.88,31.53,31.77,3457.0,2,0.0
2021-12-07 17:00:00,31.77,32.15,31.76,32.09,2528.0,2,0.0
2021-12-07 18:00:00,32.09,32.24,31.96,32.23,2316.0,2,0.0
2021-12-07 19:00:00,32.23,32.31,31.95,32.07,2602.0,2,0.0
2021-12-07 20:00:00,32.07,32.2,32.03,32.18,2149.0,2,0.0
2021-12-08 11:00:00,32.05,32.34,31.98,31.98,646.0,3,0.0
2021-12-08 12:00:00,31.99,32.15,31.96,32.15,631.0,4,0.0
2021-12-08 13:00:00,32.14,32.22,31.9,31.94,534.0,4,0.0
2021-12-08 14:00:00,31.95,32.27,31.63,31.74,4311.0,2,0.0
2021-12-08 15:00:00,31.74,32.04,31.57,31.87,4645.0,2,0.0
2021-12-08 16:00:00,31.86,32.2,31.8,32.07,2916.0,2,0.0
2021-12-08 17:00:00,32.06,32.08,31.76,31.78,2212.0,2,0.0
2021-12-08 18:00:00,31.79,32.05,31.74,31.98,1823.0,2,0.0
2021-12-08 19:00:00,31.98,32.06,31.42,31.8,2446.0,2,0.0
2021-12-08 20:00:00,31.8,32.0,31.63,31.63,1751.0,2,0.0
2021-12-09 11:00:00,31.57,31.59,31.49,31.53,243.0,3,0.0
2021-12-09 12:00:00,31.54,31.66,31.53,31.65,207.0,4,0.0
2021-12-09 13:00:00,31.64,31.65,31.47,31.57,291.0,4,0.0
2021-12-09 14:00:00,31.58,32.19,31.5,31.68,3062.0,2,0.0
2021-12-09 15:00:00,31.69,31.76,31.28,31.39,4501.0,2,0.0
2021-12-09 16:00:00,31.39,31.66,31.3,31.44,2650.0,2,0.0
2021-12-09 17:00:00,31.44,31.5,31.14,31.28,2291.0,2,0.0
2021-12-09 18:00:00,31.28,31.35,30.87,30.95,2671.0,2,0.0
2021-12-09 19:00:00,30.94,31.0,30.42,30.8,3142.0,1,0.0
2021-12-09 20:00:00,30.81,30.98,30.48,30.72,2835.0,2,0.0
2021-12-10 11:00:00,30.66,30.77,30.65,30.72,211.0,3,0.0
2021-12-10 12:00:00,30.73,30.86,30.68,30.84,341.0,4,0.0
2021-12-10 13:00:00,30.84,31.26,30.78,31.14,909.0,4,0.0
2021-12-10 14:00:00,31.14,31.31,30.24,30.38,3858.0,2,0.0
2021-12-10 15:00:00,30.39,30.85,30.18,30.4,4914.0,2,0.0
2021-12-10 16:00:00,30.39,30.41,29.93,30.26,4422.0,2,0.0
2021-12-10 17:00:00,30.26,30.38,30.06,30.16,2698.0,2,0.0
2021-12-10 18:00:00,30.16,30.28,29.86,29.99,2405.0,2,0.0
2021-12-10 19:00:00,29.99,30.09,29.91,29.98,2166.0,2,0.0
2021-12-10 20:00:00,29.98,30.22,29.93,30.06,1645.0,2,0.0
2021-12-13 11:00:00,30.69,30.7,30.56,30.58,208.0,6,0.0
2021-12-13 12:00:00,30.57,30.57,30.43,30.47,333.0,6,0.0
2021-12-13 13:00:00,30.48,30.56,30.36,30.39,462.0,4,0.0
2021-12-13 14:00:00,30.37,30.38,29.72,29.85,4149.0,2,0.0
2021-12-13 15:00:00,29.86,29.96,29.41,29.48,5295.0,2,0.0
2021-12-13 16:00:00,29.47,29.49,28.8,28.91,4194.0,2,0.0
2021-12-13 17:00:00,28.9,29.33,28.85,29.04,3116.0,2,0.0
2021-12-13 18:00:00,29.03,29.23,28.94,28.98,2681.0,2,0.0
2021-12-13 19:00:00,28.98,29.02,28.8,28.88,2465.0,2,0.0
2021-12-13 20:00:00,28.88,28.97,28.4,28.47,2430.0,2,0.0
2021-12-14 11:00:00,27.9,27.92,27.8,27.87,460.0,6,0.0
2021-12-14 12:00:00,27.88,28.07,27.84,27.87,683.0,4,0.0
2021-12-14 13:00:00,27.86,27.95,27.27,27.41,1383.0,2,0.0
2021-12-14 14:00:00,27.4,28.41,27.21,28.16,6677.0,2,0.0
2021-12-14 15:00:00,28.15,28.65,27.77,27.89,6931.0,2,0.0
2021-12-14 16:00:00,27.89,28.12,27.57,27.71,4504.0,2,0.0
2021-12-14 17:00:00,27.7,27.74,27.43,27.63,3037.0,2,0.0
2021-12-14 18:00:00,27.62,27.86,27.6,27.67,2573.0,2,0.0
2021-12-14 19:00:00,27.67,28.18,27.65,28.05,3266.0,2,0.0
2021-12-14 20:00:00,28.06,28.49,28.04,28.29,2672.0,2,0.0
2021-12-15 11:00:00,28.2,28.26,28.09,28.2,185.0,4,0.0
2021-12-15 12:00:00,28.2,28.36,28.15,28.27,377.0,4,0.0
2021-12-15 13:00:00,28.27,28.47,28.16,28.23,507.0,4,0.0
2021-12-15 14:00:00,28.23,28.98,28.04,28.38,3766.0,2,0.0
2021-12-15 15:00:00,28.39,28.99,28.15,28.66,5235.0,2,0.0
2021-12-15 16:00:00,28.66,28.83,28.05,28.4,4371.0,2,0.0
2021-12-15 17:00:00,28.4,28.45,28.08,28.28,2791.0,2,0.0
2021-12-15 18:00:00,28.28,28.54,28.24,28.45,2127.0,2,0.0
2021-12-15 19:00:00,28.45,29.31,27.84,29.16,7726.0,2,0.0
2021-12-15 20:00:00,29.17,30.27,29.16,29.97,5033.0,2,0.0
2021-12-16 11:00:00,31.11,31.23,31.04,31.11,431.0,6,0.0
2021-12-16 12:00:00,31.1,31.14,31.01,31.04,600.0,4,0.0
2021-12-16 13:00:00,31.05,31.13,30.9,31.02,750.0,4,0.0
2021-12-16 14:00:00,31.02,31.23,29.7,29.75,6213.0,2,0.0
2021-12-16 15:00:00,29.76,29.84,29.07,29.17,7040.0,2,0.0
2021-12-16 16:00:00,29.18,29.24,28.52,28.56,5754.0,2,0.0
2021-12-16 17:00:00,28.56,28.68,28.36,28.55,4189.0,2,0.0
2021-12-16 18:00:00,28.55,28.86,28.51,28.51,3498.0,2,0.0
2021-12-16 19:00:00,28.51,28.65,28.09,28.28,4466.0,2,0.0
2021-12-16 20:00:00,28.28,28.63,28.15,28.41,3767.0,2,0.0
2021-12-17 11:00:00,27.82,27.96,27.79,27.95,352.0,6,0.0
2021-12-17 12:00:00,27.93,27.96,27.63,27.71,708.0,4,0.0
2021-12-17 13:00:00,27.71,28.01,27.71,28.01,662.0,4,0.0
2021-12-17 14:00:00,28.01,28.73,27.8,28.5,5629.0,2,0.0
2021-12-17 15:00:00,28.49,28.91,28.0,28.71,7337.0,2,0.0
2021-12-17 16:00:00,28.7,28.87,28.14,28.37,4570.0,2,0.0
2021-12-17 17:00:00,28.37,28.49,27.99,28.12,3752.0,2,0.0
2021-12-17 18:00:00,28.11,28.32,28.03,28.31,3094.0,2,0.0
2021-12-17 19:00:00,28.31,28.42,28.16,28.23,2934.0,2,0.0
2021-12-17 20:00:00,28.24,28.35,28.01,28.1,2615.0,2,0.0
2021-12-20 11:00:00,26.98,27.14,26.93,27.09,414.0,6,0.0
2021-12-20 12:00:00,27.1,27.21,26.98,27.0,628.0,4,0.0
2021-12-20 13:00:00,27.0,27.06,26.86,26.99,759.0,3,0.0
2021-12-20 14:00:00,27.0,27.92,26.99,27.85,4898.0,2,0.0
2021-12-20 15:00:00,27.84,28.13,27.51,27.57,5999.0,2,0.0
2021-12-20 16:00:00,27.57,27.64,27.21,27.47,3930.0,2,0.0
2021-12-20 17:00:00,27.47,27.57,27.17,27.2,2889.0,2,0.0
2021-12-20 18:00:00,27.19,27.53,27.14,27.43,2930.0,2,0.0
2021-12-20 19:00:00,27.43,27.63,27.32,27.49,2818.0,2,0.0
2021-12-20 20:00:00,27.49,27.92,27.49,27.64,2503.0,2,0.0
2021-12-21 11:00:00,28.37,28.51,28.36,28.46,250.0,6,0.0
2021-12-21 12:00:00,28.45,28.55,28.41,28.53,342.0,6,0.0
2021-12-21 13:00:00,28.52,28.62,28.48,28.55,524.0,4,0.0
2021-12-21 14:00:00,28.55,28.6,27.91,27.92,3956.0,2,0.0
2021-12-21 15:00:00,27.93,28.04,27.4,27.7,5053.0,2,0.0
2021-12-21 16:00:00,27.7,28.16,27.65,28.09,3072.0,2,0.0
2021-12-21 17:00:00,28.09,28.55,27.98,28.51,3170.0,2,0.0
2021-12-21 18:00:00,28.51,28.86,28.38,28.8,2617.0,2,0.0
2021-12-21 19:00:00,28.81,29.06,28.73,28.97,2852.0,2,0.0
2021-12-21 20:00:00,28.96,29.03,28.78,28.85,2187.0,1,0.0
2021-12-22 11:00:00,28.94,29.0,28.9,28.99,266.0,4,0.0
2021-12-22 12:00:00,28.98,29.18,28.98,29.03,547.0,4,0.0
2021-12-22 13:00:00,29.02,29.06,28.72,28.82,632.0,4,0.0
2021-12-22 14:00:00,28.82,29.21,28.52,28.92,4180.0,2,0.0
2021-12-22 15:00:00,28.92,29.14,28.64,29.08,4480.0,2,0.0
2021-12-22 16:00:00,29.08,29.54,28.9,29.44,3291.0,2,0.0
2021-12-22 17:00:00,29.45,29.5,29.13,29.29,2599.0,2,0.0
2021-12-22 18:00:00,29.29,29.34,28.92,29.06,2408.0,2,0.0
2021-12-22 19:00:00,29.06,29.32,28.92,29.28,2304.0,2,0.0
2021-12-22 20:00:00,29.28,29.36,29.13,29.26,1632.0,2,0.0
2021-12-23 11:00:00,29.58,29.65,29.58,29.63,199.0,6,0.0
2021-12-23 12:00:00,29.63,29.78,29.6,29.72,516.0,4,0.0
2021-12-23 13:00:00,29.72,29.76,29.57,29.61,472.0,4,0.0
2021-12-23 14:00:00,29.61,29.9,29.43,29.58,4953.0,2,0.0
2021-12-23 15:00:00,29.58,29.72,29.46,29.69,4290.0,2,0.0
2021-12-23 16:00:00,29.68,30.05,29.68,29.96,3623.0,2,0.0
2021-12-23 17:00:00,29.96,29.97,29.63,29.7,2858.0,2,0.0
2021-12-23 18:00:00,29.7,29.81,29.65,29.78,2143.0,1,0.0
2021-12-23 19:00:00,29.78,29.81,29.59,29.71,2271.0,1,0.0
2021-12-23 20:00:00,29.71,29.79,29.62,29.76,2551.0,1,0.0
2021-12-27 11:00:00,29.63,29.67,29.61,29.64,197.0,4,0.0
2021-12-27 12:00:00,29.64,29.76,29.62,29.75,418.0,4,0.0
2021-12-27 13:00:00,29.74,29.77,29.7,29.76,385.0,3,0.0
2021-12-27 14:00:00,29.76,30.49,29.61,30.48,3475.0,2,0.0
2021-12-27 15:00:00,30.49,30.97,30.43,30.75,4818.0,2,0.0
2021-12-27 16:00:00,30.75,30.85,30.62,30.83,3249.0,2,0.0
2021-12-27 17:00:00,30.83,30.94,30.77,30.83,2410.0,2,0.0
2021-12-27 18:00:00,30.83,30.91,30.75,30.9,2118.0,2,0.0
2021-12-27 19:00:00,30.9,31.07,30.84,30.88,3142.0,2,0.0
2021-12-27 20:00:00,30.88,30.9,30.73,30.89,2731.0,2,0.0
2021-12-28 11:00:00,31.37,31.38,31.26,31.29,308.0,6,0.0
2021-12-28 12:00:00,31.3,31.43,31.2,31.38,562.0,4,0.0
2021-12-28 13:00:00,31.38,31.39,31.24,31.25,560.0,4,0.0
2021-12-28 14:00:00,31.25,31.35,30.43,30.86,4412.0,2,0.0
2021-12-28 15:00:00,30.86,30.88,30.24,30.49,5168.0,2,0.0
2021-12-28 16:00:00,30.5,30.62,30.08,30.33,4135.0,2,0.0
2021-12-28 17:00:00,30.34,30.38,30.01,30.16,3462.0,2,0.0
2021-12-28 18:00:00,30.16,30.22,30.01,30.21,2964.0,2,0.0
2021-12-28 19:00:00,30.22,30.5,30.11,30.43,3196.0,2,0.0
2021-12-29 11:00:00,30.51,30.51,30.4,30.43,221.0,4,0.0
2021-12-29 12:00:00,30.42,30.43,30.19,30.21,494.0,4,0.0
2021-12-29 13:00:00,30.21,30.23,30.05,30.15,566.0,4,0.0
2021-12-29 14:00:00,30.14,30.52,29.76,29.86,3613.0,3,0.0
2021-12-29 15:00:00,29.87,29.88,29.36,29.73,5002.0,2,0.0
2021-12-29 16:00:00,29.73,29.92,29.64,29.68,3378.0,2,0.0
2021-12-29 17:00:00,29.69,29.78,29.62,29.74,2374.0,2,0.0
2021-12-29 18:00:00,29.74,29.9,29.71,29.87,2285.0,2,0.0
2021-12-29 19:00:00,29.86,30.07,29.84,30.05,2395.0,2,0.0
2021-12-30 11:00:00,30.04,30.13,30.03,30.1,284.0,2,0.0
2021-12-30 12:00:00,30.1,30.12,29.99,29.99,308.0,4,0.0
2021-12-30 13:00:00,29.99,29.99,29.75,29.83,523.0,4,0.0
2021-12-30 14:00:00,29.83,30.11,29.58,30.08,3031.0,2,0.0
2021-12-30 15:00:00,30.08,30.44,30.08,30.26,3989.0,2,0.0
2021-12-30 16:00:00,30.26,30.36,30.18,30.28,2863.0,2,0.0
2021-12-30 17:00:00,30.28,30.36,30.13,30.18,2259.0,2,0.0
2021-12-30 18:00:00,30.18,30.2,29.98,30.02,2020.0,2,0.0
2021-12-30 19:00:00,30.02,30.05,29.89,29.93,2231.0,2,0.0
2021-12-30 20:00:00,29.94,29.94,29.7,29.7,1943.0,2,0.0
2021-12-31 11:00:00,29.46,29.52,29.4,29.46,168.0,6,0.0
2021-12-31 12:00:00,29.44,29.65,29.42,29.63,319.0,4,0.0
2021-12-31 13:00:00,29.63,29.78,29.59,29.73,395.0,4,0.0
2021-12-31 14:00:00,29.74,30.01,29.55,29.71,2705.0,2,0.0
2021-12-31 15:00:00,29.72,29.78,29.43,29.53,3520.0,2,0.0
2021-12-31 16:00:00,29.54,29.74,29.42,29.65,2652.0,2,0.0
2021-12-31 17:00:00,29.65,29.68,29.46,29.53,2052.0,2,0.0
2021-12-31 18:00:00,29.53,29.59,29.46,29.5,1910.0,2,0.0
2021-12-31 19:00:00,29.5,29.52,29.33,29.4,2210.0,1,0.0
2022-01-03 11:00:00,29.91,29.96,29.89,29.91,319.0,6,0.0
2022-01-03 12:00:00,29.9,29.91,29.81,29.86,421.0,4,0.0
2022-01-03 13:00:00,29.86,29.95,29.69,29.69,525.0,4,0.0
2022-01-03 14:00:00,29.69,30.69,29.66,30.08,5269.0,2,0.0
2022-01-03 15:00:00,30.09,30.56,30.07,30.5,5363.0,2,0.0
2022-01-03 16:00:00,30.5,30.64,30.15,30.17,4233.0,2,0.0
2022-01-03 17:00:00,30.16,30.3,30.05,30.19,2695.0,2,0.0
2022-01-03 18:00:00,30.19,30.27,29.91,29.95,2743.0,1,0.0
2022-01-03 19:00:00,29.95,30.24,29.92,30.11,2493.0,1,0.0
2022-01-03 20:00:00,30.11,30.2,29.98,30.03,2141.0,2,0.0
2022-01-04 11:00:00,30.39,30.46,30.39,30.43,274.0,6,0.0
2022-01-04 12:00:00,30.42,30.43,30.3,30.36,443.0,4,0.0
2022-01-04 13:00:00,30.36,30.4,30.29,30.32,412.0,4,0.0
2022-01-04 14:00:00,30.32,30.47,29.67,29.72,3838.0,2,0.0
2022-01-04 15:00:00,29.71,29.74,28.62,28.62,7459.0,2,0.0
2022-01-04 16:00:00,28.63,28.85,28.34,28.69,6246.0,2,0.0
2022-01-04 17:00:00,28.68,28.84,28.5,28.51,3678.0,2,0.0
2022-01-04 18:00:00,28.51,28.71,28.46,28.51,3634.0,2,0.0
2022-01-04 19:00:00,28.51,28.88,28.5,28.83,3452.0,2,0.0
2022-01-04 20:00:00,28.83,29.25,28.83,29.22,2824.0,1,0.0
2022-01-05 11:00:00,28.95,28.95,28.83,28.94,296.0,4,0.0
2022-01-05 12:00:00,28.94,29.0,28.89,28.92,450.0,4,0.0
2022-01-05 13:00:00,28.92,29.04,28.79,29.01,601.0,4,0.0
2022-01-05 14:00:00,29.01,29.3,28.57,29.25,3800.0,3,0.0
2022-01-05 15:00:00,29.25,29.4,28.54,28.77,5365.0,2,0.0
2022-01-05 16:00:00,28.77,28.83,28.43,28.5,3801.0,2,0.0
2022-01-05 17:00:00,28.5,28.54,28.17,28.19,3496.0,2,0.0
2022-01-05 18:00:00,28.19,28.43,28.1,28.37,3347.0,2,0.0
2022-01-05 19:00:00,28.37,28.56,27.84,27.93,6393.0,2,0.0
2022-01-05 20:00:00,27.93,27.93,27.53,27.76,4748.0,2,0.0
2022-01-06 11:00:00,27.65,27.73,27.49,27.53,603.0,4,0.0
2022-01-06 12:00:00,27.55,27.67,27.46,27.62,806.0,4,0.0
2022-01-06 13:00:00,27.62,27.77,27.56,27.68,765.0,4,0.0
2022-01-06 14:00:00,27.68,28.19,27.49,27.59,4650.0,2,0.0
2022-01-06 15:00:00,27.59,28.3,27.06,28.2,7313.0,2,0.0
2022-01-06 16:00:00,28.2,28.38,27.84,28.14,4660.0,2,0.0
2022-01-06 17:00:00,28.14,28.18,27.91,27.95,3832.0,2,0.0
2022-01-06 18:00:00,27.96,28.06,27.75,28.03,3363.0,2,0.0
2022-01-06 19:00:00,28.03,28.38,27.9,28.29,3817.0,2,0.0
2022-01-06 20:00:00,28.3,28.42,28.13,28.18,3214.0,2,0.0
2022-01-07 11:00:00,28.29,28.43,28.25,28.36,422.0,4,0.0
2022-01-07 12:00:00,28.36,28.51,28.32,28.33,552.0,4,0.0
2022-01-07 13:00:00,28.33,28.49,27.99,28.06,1901.0,4,0.0
2022-01-07 14:00:00,28.06,28.39,27.78,28.15,5523.0,2,0.0
2022-01-07 15:00:00,28.15,28.16,27.05,27.18,7970.0,2,0.0
2022-01-07 16:00:00,27.18,27.63,27.16,27.48,5709.0,2,0.0
2022-01-07 17:00:00,27.48,27.59,27.29,27.52,3901.0,2,0.0
2022-01-07 18:00:00,27.53,27.56,27.36,27.41,3366.0,2,0.0
2022-01-07 19:00:00,27.41,27.55,27.25,27.49,3439.0,2,0.0
2022-01-07 20:00:00,27.49,27.54,27.3,27.32,2752.0,2,0.0
2022-01-10 11:00:00,27.04,27.04,26.86,26.89,488.0,4,0.0
2022-01-10 12:00:00,26.89,26.98,26.54,26.55,857.0,4,0.0
2022-01-10 13:00:00,26.55,26.61,26.46,26.53,831.0,4,0.0
2022-01-10 14:00:00,26.54,26.67,25.77,25.94,7746.0,2,0.0
2022-01-10 15:00:00,25.93,26.06,25.64,25.88,8670.0,2,0.0
2022-01-10 16:00:00,25.87,26.31,25.76,26.18,5784.0,2,0.0
2022-01-10 17:00:00,26.18,26.21,25.79,26.13,4448.0,2,0.0
2022-01-10 18:00:00,26.13,26.81,26.07,26.64,5466.0,2,0.0
2022-01-10 19:00:00,26.65,27.0,26.63,26.78,5063.0,2,0.0
2022-01-10 20:00:00,26.78,27.05,26.57,27.0,4320.0,2,0.0
2022-01-11 11:00:00,27.58,27.59,27.48,27.52,288.0,6,0.0
2022-01-11 12:00:00,27.53,27.62,27.5,27.54,523.0,4,0.0
2022-01-11 13:00:00,27.54,27.59,27.32,27.32,727.0,4,0.0
2022-01-11 14:00:00,27.32,27.37,26.83,27.12,6897.0,2,0.0
2022-01-11 15:00:00,27.12,27.55,26.95,27.12,8734.0,2,0.0
2022-01-11 16:00:00,27.12,27.98,27.12,27.91,6842.0,2,0.0
2022-01-11 17:00:00,27.9,27.97,27.55,27.58,4229.0,2,0.0
2022-01-11 18:00:00,27.59,27.72,27.45,27.7,3489.0,2,0.0
2022-01-11 19:00:00,27.69,27.84,27.54,27.72,3313.0,2,0.0
2022-01-11 20:00:00,27.72,27.89,27.6,27.7,2728.0,2,0.0
2022-01-12 11:00:00,27.93,27.95,27.89,27.89,318.0,4,0.0
2022-01-12 12:00:00,27.89,27.94,27.79,27.83,496.0,4,0.0
2022-01-12 13:00:00,27.84,28.21,27.77,28.18,1375.0,3,0.0
2022-01-12 14:00:00,28.18,28.44,27.98,28.26,7146.0,2,0.0
2022-01-12 15:00:00,28.26,28.58,27.87,27.93,7438.0,2,0.0
2022-01-12 16:00:00,27.93,28.07,27.6,28.01,6077.0,2,0.0
2022-01-12 17:00:00,28.01,28.2,27.82,28.14,4040.0,2,0.0
2022-01-12 18:00:00,28.14,28.15,27.95,27.99,3867.0,2,0.0
2022-01-12 19:00:00,27.99,28.07,27.89,28.01,3736.0,2,0.0
2022-01-12 20:00:00,28.01,28.04,27.86,27.98,2996.0,2,0.0
2022-01-13 11:00:00,28.19,28.21,28.11,28.11,239.0,4,0.0
2022-01-13 12:00:00,28.12,28.27,28.11,28.25,448.0,4,0.0
2022-01-13 13:00:00,28.26,28.32,28.15,28.28,724.0,4,0.0
2022-01-13 14:00:00,28.28,28.46,27.94,28.0,5611.0,2,0.0
2022-01-13 15:00:00,28.0,28.04,26.98,27.11,8412.0,2,0.0
2022-01-13 16:00:00,27.12,27.34,27.01,27.18,6332.0,2,0.0
2022-01-13 17:00:00,27.18,27.18,26.61,26.82,6685.0,2,0.0
2022-01-13 18:00:00,26.82,26.99,26.75,26.94,5393.0,2,0.0
2022-01-13 19:00:00,26.94,27.06,26.68,26.9,4819.0,2,0.0
2022-01-13 20:00:00,26.9,26.9,26.64,26.7,4074.0,2,0.0
2022-01-14 11:00:00,26.63,26.68,26.46,26.51,432.0,3,0.0
2022-01-14 12:00:00,26.52,26.54,26.13,26.14,790.0,3,0.0
2022-01-14 13:00:00,26.14,26.34,26.09,26.17,1120.0,4,0.0
2022-01-14 14:00:00,26.17,27.16,26.13,27.08,7376.0,2,0.0
2022-01-14 15:00:00,27.08,27.18,26.61,26.88,8359.0,2,0.0
2022-01-14 16:00:00,26.88,27.04,26.63,26.95,6041.0,2,0.0
2022-01-14 17:00:00,26.95,26.96,26.47,26.51,4255.0,2,0.0
2022-01-14 18:00:00,26.51,26.79,26.36,26.75,4222.0,2,0.0
2022-01-14 19:00:00,26.75,26.8,26.57,26.58,4214.0,2,0.0
2022-01-14 20:00:00,26.58,26.88,26.58,26.85,3209.0,2,0.0
2022-01-18 11:00:00,26.2,26.25,26.15,26.23,313.0,6,0.0
2022-01-18 12:00:00,26.22,26.43,26.22,26.43,612.0,4,0.0
2022-01-18 13:00:00,26.43,26.51,26.25,26.49,854.0,4,0.0
2022-01-18 14:00:00,26.49,26.61,25.97,26.28,6944.0,2,0.0
2022-01-18 15:00:00,26.27,26.63,26.09,26.15,6898.0,2,0.0
2022-01-18 16:00:00,26.16,26.5,26.04,26.39,4424.0,2,0.0
2022-01-18 17:00:00,26.39,26.45,26.03,26.04,3709.0,2,0.0
2022-01-18 18:00:00,26.04,26.12,25.9,26.03,4051.0,1,0.0
2022-01-18 19:00:00,26.03,26.21,25.93,26.14,3609.0,1,0.0
2022-01-18 20:00:00,26.14,26.15,25.77,25.81,3461.0,1,0.0
2022-01-19 11:00:00,26.01,26.03,25.9,26.01,324.0,4,0.0
2022-01-19 12:00:00,26.0,26.02,25.94,26.01,448.0,4,0.0
2022-01-19 13:00:00,26.01,26.15,26.01,26.15,632.0,3,0.0
2022-01-19 14:00:00,26.15,26.53,26.01,26.48,5508.0,2,0.0
2022-01-19 15:00:00,26.49,26.49,25.41,25.65,7923.0,2,0.0
2022-01-19 16:00:00,25.65,25.8,25.06,25.32,7287.0,2,0.0
2022-01-19 17:00:00,25.32,25.89,25.32,25.81,4942.0,1,0.0
2022-01-19 18:00:00,25.81,25.82,25.47,25.59,4119.0,2,0.0
2022-01-19 19:00:00,25.59,25.63,25.29,25.43,4285.0,2,0.0
2022-01-19 20:00:00,25.43,25.51,25.16,25.29,3335.0,1,0.0
2022-01-20 11:00:00,25.34,25.43,25.3,25.34,340.0,2,0.0
2022-01-20 12:00:00,25.33,25.36,25.19,25.27,551.0,4,0.0
2022-01-20 13:00:00,25.27,25.4,25.23,25.34,668.0,3,0.0
2022-01-20 14:00:00,25.34,25.47,25.06,25.31,5582.0,2,0.0
2022-01-20 15:00:00,25.31,25.52,25.03,25.41,6027.0,2,0.0
2022-01-20 16:00:00,25.41,25.57,25.2,25.3,3889.0,2,0.0
2022-01-20 17:00:00,25.3,25.44,25.24,25.31,3408.0,1,0.0
2022-01-20 18:00:00,25.3,25.34,25.16,25.18,3557.0,1,0.0
2022-01-20 19:00:00,25.18,25.35,24.88,24.93,4902.0,1,0.0
2022-01-20 20:00:00,24.93,25.01,24.21,24.27,5627.0,1,0.0
2022-01-21 11:00:00,23.83,23.83,23.58,23.74,537.0,4,0.0
2022-01-21 12:00:00,23.74,23.74,23.53,23.56,792.0,4,0.0
2022-01-21 13:00:00,23.56,23.74,23.49,23.71,1127.0,3,0.0
2022-01-21 14:00:00,23.71,24.09,23.39,23.6,8821.0,2,0.0
2022-01-21 15:00:00,23.59,24.24,23.26,24.13,13608.0,2,0.0
2022-01-21 16:00:00,24.13,24.81,23.95,24.08,10530.0,2,0.0
2022-01-21 17:00:00,24.07,24.31,23.76,24.0,8001.0,2,0.0
2022-01-21 18:00:00,23.99,24.17,23.79,23.93,6577.0,2,0.0
2022-01-21 19:00:00,23.93,24.03,23.54,23.56,6204.0,2,0.0
2022-01-21 20:00:00,23.56,23.74,23.26,23.6,6780.0,2,0.0
2022-01-24 11:00:00,22.74,22.95,22.74,22.89,751.0,4,0.0
2022-01-24 12:00:00,22.88,22.94,22.5,22.55,1097.0,4,0.0
2022-01-24 13:00:00,22.54,22.55,22.11,22.25,2214.0,3,0.0
2022-01-24 14:00:00,22.24,22.9,21.87,21.87,12683.0,2,0.0
2022-01-24 15:00:00,21.87,22.22,21.49,21.98,16806.0,2,0.0
2022-01-24 16:00:00,21.98,21.98,21.33,21.57,11147.0,2,0.0
2022-01-24 17:00:00,21.57,21.67,20.89,21.55,10436.0,1,0.0
2022-01-24 18:00:00,21.55,22.29,21.49,22.29,8178.0,2,0.0
2022-01-24 19:00:00,22.29,22.56,21.95,22.5,7757.0,2,0.0
2022-01-24 20:00:00,22.51,23.21,22.35,22.88,7168.0,2,0.0
2022-01-25 11:00:00,22.63,22.78,22.52,22.66,607.0,4,0.0
2022-01-25 12:00:00,22.66,22.7,22.36,22.46,1148.0,4,0.0
2022-01-25 13:00:00,22.46,22.52,22.29,22.49,1166.0,4,0.0
2022-01-25 14:00:00,22.48,22.79,22.11,22.38,11411.0,2,0.0
2022-01-25 15:00:00,22.38,22.87,22.07,22.49,12348.0,1,0.0
2022-01-25 16:00:00,22.48,22.65,22.08,22.15,8366.0,1,0.0
2022-01-25 17:00:00,22.15,22.38,21.99,22.15,7277.0,1,0.0
2022-01-25 18:00:00,22.16,22.68,22.03,22.66,6556.0,1,0.0
2022-01-25 19:00:00,22.66,22.93,22.46,22.88,6154.0,1,0.0
2022-01-25 20:00:00,22.88,22.88,22.31,22.49,6294.0,1,0.0
2022-01-26 11:00:00,23.21,23.27,23.09,23.11,449.0,6,0.0
2022-01-26 12:00:00,23.1,23.13,22.92,23.03,837.0,4,0.0
2022-01-26 13:00:00,23.05,23.34,23.0,23.3,955.0,4,0.0
2022-01-26 14:00:00,23.3,23.51,22.79,23.19,6418.0,2,0.0
2022-01-26 15:00:00,23.2,23.64,23.05,23.17,8217.0,1,0.0
2022-01-26 16:00:00,23.17,23.32,22.96,23.22,5852.0,2,0.0
2022-01-26 17:00:00,23.22,23.81,23.18,23.76,7754.0,1,0.0
2022-01-26 18:00:00,23.76,23.77,23.53,23.58,4857.0,1,0.0
2022-01-26 19:00:00,23.58,24.04,22.91,23.08,16891.0,2,0.0
2022-01-26 20:00:00,23.08,23.08,22.3,22.82,10122.0,2,0.0
2022-01-27 11:00:00,22.88,23.15,22.87,23.15,883.0,4,0.0
2022-01-27 12:00:00,23.15,23.16,23.0,23.12,773.0,4,0.0
2022-01-27 13:00:00,23.12,23.37,23.04,23.37,1034.0,4,0.0
2022-01-27 14:00:00,23.36,23.98,23.02,23.12,8226.0,2,0.0
2022-01-27 15:00:00,23.13,23.19,22.3,22.58,10003.0,1,0.0
2022-01-27 16:00:00,22.57,22.72,22.26,22.4,7857.0,1,0.0
2022-01-27 17:00:00,22.4,22.46,21.95,22.22,7206.0,1,0.0
2022-01-27 18:00:00,22.22,22.3,21.67,22.04,8956.0,1,0.0
2022-01-27 19:00:00,22.04,22.27,21.82,22.08,7156.0,2,0.0
2022-01-27 20:00:00,22.08,22.22,21.75,21.99,6426.0,1,0.0
2022-01-28 11:00:00,21.93,21.99,21.59,21.84,626.0,4,0.0
2022-01-28 12:00:00,21.85,21.92,21.46,21.51,889.0,4,0.0
2022-01-28 13:00:00,21.5,22.06,21.45,21.96,1482.0,4,0.0
2022-01-28 14:00:00,21.96,22.22,21.31,21.46,7247.0,2,0.0
2022-01-28 15:00:00,21.47,22.31,21.29,22.3,9595.0,2,0.0
2022-01-28 16:00:00,22.3,22.57,22.09,22.46,7473.0,2,0.0
2022-01-28 17:00:00,22.46,22.48,22.12,22.16,5361.0,2,0.0
2022-01-28 18:00:00,22.16,22.38,22.06,22.08,5473.0,2,0.0
2022-01-28 19:00:00,22.08,22.2,21.58,22.06,6131.0,2,0.0
2022-01-28 20:00:00,22.06,22.59,21.98,22.56,5194.0,1,0.0
2022-01-31 11:00:00,23.17,23.2,23.07,23.13,458.0,6,0.0
2022-01-31 12:00:00,23.13,23.17,22.83,23.01,738.0,4,0.0
2022-01-31 13:00:00,23.01,23.25,22.89,23.19,854.0,4,0.0
2022-01-31 14:00:00,23.21,23.68,23.04,23.62,6863.0,2,0.0
2022-01-31 15:00:00,23.63,23.89,23.6,23.82,7151.0,1,0.0
2022-01-31 16:00:00,23.82,24.01,23.66,23.97,6254.0,1,0.0
2022-01-31 17:00:00,23.97,24.05,23.79,24.0,7782.0,1,0.0
2022-01-31 18:00:00,24.0,24.07,23.82,23.96,5584.0,1,0.0
2022-01-31 19:00:00,23.96,24.24,23.92,24.18,6294.0,1,0.0
2022-01-31 20:00:00,24.18,24.26,23.86,24.17,6759.0,1,0.0
2022-02-01 11:00:00,24.83,24.88,24.72,24.75,426.0,6,0.0
2022-02-01 12:00:00,24.75,25.16,24.74,25.11,788.0,4,0.0
2022-02-01 13:00:00,25.11,25.31,25.1,25.27,882.0,3,0.0
2022-02-01 14:00:00,25.27,25.32,24.13,24.4,9599.0,2,0.0
2022-02-01 15:00:00,24.4,24.42,23.89,24.27,9512.0,2,0.0
2022-02-01 16:00:00,24.26,24.59,24.23,24.52,5794.0,2,0.0
2022-02-01 17:00:00,24.52,24.54,24.17,24.39,4397.0,2,0.0
2022-02-01 18:00:00,24.39,24.42,24.13,24.19,3527.0,2,0.0
2022-02-01 19:00:00,24.2,24.27,23.98,24.22,4214.0,1,0.0
2022-02-01 20:00:00,24.21,24.55,24.18,24.51,3905.0,1,0.0
2022-02-02 11:00:00,25.88,25.92,25.78,25.91,420.0,6,0.0
2022-02-02 12:00:00,25.9,26.02,25.84,26.01,691.0,4,0.0
2022-02-02 13:00:00,26.0,26.05,25.87,25.93,839.0,3,0.0
2022-02-02 14:00:00,25.93,25.95,24.93,25.29,9834.0,2,0.0
2022-02-02 15:00:00,25.3,25.8,25.11,25.18,9157.0,2,0.0
2022-02-02 16:00:00,25.18,25.23,24.55,24.78,6783.0,2,0.0
2022-02-02 17:00:00,24.78,25.12,24.68,25.11,4627.0,2,0.0
2022-02-02 18:00:00,25.11,25.15,24.88,24.92,4505.0,1,0.0
2022-02-02 19:00:00,24.92,25.23,24.81,25.12,4537.0,2,0.0
2022-02-02 20:00:00,25.13,25.32,25.04,25.14,4201.0,2,0.0
2022-02-03 11:00:00,24.3,24.35,24.19,24.34,350.0,6,0.0
2022-02-03 12:00:00,24.33,24.6,24.24,24.56,501.0,4,0.0
2022-02-03 13:00:00,24.56,24.62,24.34,24.35,739.0,4,0.0
2022-02-03 14:00:00,24.35,24.82,24.24,24.54,7026.0,2,0.0
2022-02-03 15:00:00,24.53,25.07,24.36,24.83,8078.0,2,0.0
2022-02-03 16:00:00,24.83,24.97,24.41,24.41,5310.0,2,0.0
2022-02-03 17:00:00,24.41,24.48,24.15,24.35,5139.0,2,0.0
2022-02-03 18:00:00,24.35,24.56,24.25,24.37,4093.0,2,0.0
2022-02-03 19:00:00,24.37,24.54,24.18,24.38,4166.0,2,0.0
2022-02-03 20:00:00,24.37,24.53,24.05,24.16,4263.0,1,0.0
2022-02-04 11:00:00,24.31,24.35,23.99,24.06,768.0,4,0.0
2022-02-04 12:00:00,24.07,24.28,24.03,24.25,669.0,4,0.0
2022-02-04 13:00:00,24.25,24.28,23.76,23.76,1501.0,4,0.0
2022-02-04 14:00:00,23.76,24.24,23.58,24.17,6378.0,2,0.0
2022-02-04 15:00:00,24.16,24.49,23.98,24.0,8203.0,2,0.0
2022-02-04 16:00:00,24.0,24.24,23.67,24.12,5521.0,1,0.0
2022-02-04 17:00:00,24.12,24.16,23.95,24.12,4882.0,1,0.0
2022-02-04 18:00:00,24.13,24.44,24.13,24.41,4141.0,1,0.0
2022-02-04 19:00:00,24.41,24.54,24.2,24.49,4239.0,1,0.0
2022-02-04 20:00:00,24.49,24.63,24.4,24.43,5473.0,1,0.0
2022-02-07 11:00:00,24.25,24.31,24.21,24.3,277.0,4,0.0
2022-02-07 12:00:00,24.3,24.54,24.27,24.47,531.0,4,0.0
2022-02-07 13:00:00,24.47,24.58,24.45,24.5,741.0,3,0.0
2022-02-07 14:00:00,24.5,24.85,24.2,24.79,5372.0,2,0.0
2022-02-07 15:00:00,24.79,24.88,24.44,24.81,6499.0,2,0.0
2022-02-07 16:00:00,24.82,24.92,24.44,24.63,4868.0,1,0.0
2022-02-07 17:00:00,24.63,24.79,24.55,24.73,4196.0,1,0.0
2022-02-07 18:00:00,24.73,25.05,24.69,24.93,4397.0,1,0.0
2022-02-07 19:00:00,24.93,25.13,24.83,25.02,4599.0,1,0.0
2022-02-07 20:00:00,25.02,25.17,24.69,24.76,3831.0,1,0.0
2022-02-08 11:00:00,24.39,24.42,24.18,24.25,665.0,4,0.0
2022-02-08 12:00:00,24.25,24.36,24.21,24.31,520.0,4,0.0
2022-02-08 13:00:00,24.31,24.51,24.31,24.43,565.0,4,0.0
2022-02-08 14:00:00,24.42,24.81,24.29,24.31,5914.0,2,0.0
2022-02-08 15:00:00,24.31,24.58,23.97,24.49,6475.0,1,0.0
2022-02-08 16:00:00,24.49,25.02,24.47,24.88,5259.0,1,0.0
2022-02-08 17:00:00,24.88,25.08,24.75,24.96,4806.0,1,0.0
2022-02-08 18:00:00,24.96,24.96,24.73,24.8,4611.0,1,0.0
2022-02-08 19:00:00,24.8,24.93,24.61,24.83,4721.0,1,0.0
2022-02-08 20:00:00,24.83,25.09,24.73,25.05,4705.0,1,0.0
2022-02-09 11:00:00,25.6,25.64,25.54,25.61,310.0,6,0.0
2022-02-09 12:00:00,25.61,25.77,25.58,25.75,573.0,4,0.0
2022-02-09 13:00:00,25.75,25.8,25.7,25.7,385.0,4,0.0
2022-02-09 14:00:00,25.71,25.72,25.35,25.43,5724.0,2,0.0
2022-02-09 15:00:00,25.44,26.06,25.39,26.05,12719.0,1,0.0
2022-02-09 16:00:00,26.05,26.37,26.04,26.15,11470.0,1,0.0
2022-02-09 17:00:00,26.15,26.58,26.11,26.55,9832.0,1,0.0
2022-02-09 18:00:00,26.55,26.59,26.37,26.45,6610.0,1,0.0
2022-02-09 19:00:00,26.45,26.63,26.44,26.49,6216.0,1,0.0
2022-02-09 20:00:00,26.49,26.68,26.37,26.65,6883.0,1,0.0
2022-02-10 11:00:00,26.6,26.62,26.51,26.52,248.0,3,0.0
2022-02-10 12:00:00,26.52,26.66,26.52,26.61,443.0,3,0.0
2022-02-10 13:00:00,26.61,26.64,25.89,25.99,1727.0,3,0.0
2022-02-10 14:00:00,25.99,26.51,25.83,26.39,7770.0,2,0.0
2022-02-10 15:00:00,26.39,26.91,26.34,26.52,8340.0,1,0.0
2022-02-10 16:00:00,26.52,26.75,26.3,26.74,6330.0,2,0.0
2022-02-10 17:00:00,26.74,26.83,26.3,26.55,5444.0,1,0.0
2022-02-10 18:00:00,26.54,26.66,25.96,26.34,5830.0,2,0.0
2022-02-10 19:00:00,26.34,26.34,25.99,26.02,5436.0,2,0.0
2022-02-10 20:00:00,26.02,26.1,25.65,25.79,4782.0,1,0.0
2022-02-11 11:00:00,25.62,25.62,25.51,25.55,269.0,4,0.0
2022-02-11 12:00:00,25.55,25.93,25.52,25.91,650.0,4,0.0
2022-02-11 13:00:00,25.91,26.1,25.86,26.07,603.0,4,0.0
2022-02-11 14:00:00,26.07,26.14,25.3,25.33,6474.0,2,0.0
2022-02-11 15:00:00,25.33,25.62,25.04,25.05,8733.0,1,0.0
2022-02-11 16:00:00,25.04,25.24,24.74,24.87,6670.0,1,0.0
2022-02-11 17:00:00,24.87,25.01,24.66,24.7,5186.0,1,0.0
2022-02-11 18:00:00,24.7,24.88,24.3,24.32,7445.0,1,0.0
2022-02-11 19:00:00,24.32,24.45,23.77,23.92,8285.0,2,0.0
2022-02-11 20:00:00,23.92,24.15,23.78,23.86,5013.0,1,0.0
2022-02-14 11:00:00,23.29,23.52,23.21,23.43,550.0,4,0.0
2022-02-14 12:00:00,23.43,23.99,23.26,23.89,1356.0,4,0.0
2022-02-14 13:00:00,23.89,24.05,23.65,23.78,1200.0,4,0.0
2022-02-14 14:00:00,23.78,24.71,23.75,24.57,7390.0,1,0.0
2022-02-14 15:00:00,24.56,24.66,24.18,24.56,8253.0,1,0.0
2022-02-14 16:00:00,24.57,24.86,24.5,24.72,5785.0,1,0.0
2022-02-14 17:00:00,24.72,24.85,24.58,24.61,4123.0,1,0.0
2022-02-14 18:00:00,24.61,24.63,23.86,23.86,4990.0,2,0.0
2022-02-14 19:00:00,23.86,24.3,23.77,24.23,7095.0,2,0.0
2022-02-14 20:00:00,24.23,24.36,24.02,24.26,4984.0,2,0.0
2022-02-15 11:00:00,25.19,25.34,25.18,25.25,438.0,6,0.0
2022-02-15 12:00:00,25.25,25.26,25.1,25.19,569.0,4,0.0
2022-02-15 13:00:00,25.19,25.2,24.94,24.96,1066.0,4,0.0
2022-02-15 14:00:00,24.95,25.55,24.78,25.53,6046.0,2,0.0
2022-02-15 15:00:00,25.54,26.07,25.53,25.97,7500.0,2,0.0
2022-02-15 16:00:00,25.97,26.37,25.92,26.32,6035.0,1,0.0
2022-02-15 17:00:00,26.32,26.36,25.83,26.01,6202.0,1,0.0
2022-02-15 18:00:00,26.01,26.32,25.99,26.29,5936.0,1,0.0
2022-02-15 19:00:00,26.29,26.44,26.14,26.43,7155.0,1,0.0
2022-02-15 20:00:00,26.43,26.54,26.27,26.48,9500.0,1,0.0
2022-02-16 11:00:00,26.54,26.58,26.47,26.55,345.0,2,0.0
2022-02-16 12:00:00,26.55,26.67,26.5,26.54,740.0,3,0.0
2022-02-16 13:00:00,26.54,26.62,26.4,26.4,821.0,4,0.0
2022-02-16 14:00:00,26.41,26.44,25.55,25.77,7208.0,1,0.0
2022-02-16 15:00:00,25.76,26.36,25.67,26.26,9174.0,1,0.0
2022-02-16 16:00:00,26.26,26.29,26.05,26.09,9667.0,1,0.0
2022-02-16 17:00:00,26.09,26.11,25.69,25.7,8454.0,1,0.0
2022-02-16 18:00:00,25.7,25.89,25.59,25.85,8556.0,1,0.0
2022-02-16 19:00:00,25.84,26.41,25.73,26.32,10955.0,1,0.0
2022-02-16 20:00:00,26.32,26.58,26.31,26.46,10066.0,1,0.0
2022-02-17 11:00:00,25.63,25.65,25.49,25.51,401.0,6,0.0
2022-02-17 12:00:00,25.51,26.05,25.51,26.02,1203.0,4,0.0
2022-02-17 13:00:00,26.02,26.2,25.7,25.73,1688.0,4,0.0
2022-02-17 14:00:00,25.72,25.89,24.44,24.67,9826.0,1,0.0
2022-02-17 15:00:00,24.67,24.82,24.16,24.56,11572.0,2,0.0
2022-02-17 16:00:00,24.56,24.98,24.46,24.63,7056.0,2,0.0
2022-02-17 17:00:00,24.64,24.79,24.5,24.71,4450.0,2,0.0
2022-02-17 18:00:00,24.71,24.71,24.44,24.51,4324.0,1,0.0
2022-02-17 19:00:00,24.5,24.67,24.42,24.54,9465.0,1,0.0
2022-02-17 20:00:00,24.54,24.64,24.41,24.49,10670.0,1,0.0
2022-02-18 11:00:00,24.77,24.79,24.71,24.74,284.0,4,0.0
2022-02-18 12:00:00,24.74,24.75,24.61,24.7,484.0,4,0.0
2022-02-18 13:00:00,24.7,24.74,24.35,24.49,993.0,4,0.0
2022-02-18 14:00:00,24.49,24.97,24.03,24.32,7622.0,2,0.0
2022-02-18 15:00:00,24.32,24.36,23.28,23.43,9212.0,1,0.0
2022-02-18 16:00:00,23.43,23.61,23.16,23.42,8300.0,1,0.0
2022-02-18 17:00:00,23.42,23.8,23.34,23.38,5895.0,1,0.0
2022-02-18 18:00:00,23.38,23.61,23.09,23.5,9338.0,1,0.0
2022-02-18 19:00:00,23.5,24.05,23.5,24.02,9407.0,1,0.0
2022-02-18 20:00:00,24.02,24.16,23.55,23.71,5536.0,1,0.0
2022-02-22 11:00:00,23.11,23.19,22.93,23.12,663.0,4,0.0
2022-02-22 12:00:00,23.12,23.21,22.87,23.08,971.0,4,0.0
2022-02-22 13:00:00,23.08,23.3,23.04,23.1,915.0,4,0.0
2022-02-22 14:00:00,23.1,23.89,22.97,23.6,7434.0,2,0.0
2022-02-22 15:00:00,23.6,24.05,23.42,23.44,8192.0,2,0.0
2022-02-22 16:00:00,23.44,23.54,23.08,23.16,6586.0,1,0.0
2022-02-22 17:00:00,23.16,23.33,23.06,23.21,7687.0,1,0.0
2022-02-22 18:00:00,23.22,23.38,23.14,23.23,6093.0,1,0.0
2022-02-22 19:00:00,23.23,23.74,22.99,23.61,11226.0,1,0.0
2022-02-22 20:00:00,23.61,23.87,23.46,23.52,6625.0,1,0.0
2022-02-23 11:00:00,23.76,23.78,23.61,23.62,413.0,4,0.0
2022-02-23 12:00:00,23.63,23.81,23.62,23.8,485.0,4,0.0
2022-02-23 13:00:00,23.79,23.84,23.66,23.81,397.0,4,0.0
2022-02-23 14:00:00,23.82,24.14,23.47,23.51,10703.0,1,0.0
2022-02-23 15:00:00,23.5,23.51,23.15,23.28,7144.0,1,0.0
2022-02-23 16:00:00,23.28,23.33,23.02,23.27,6386.0,1,0.0
2022-02-23 17:00:00,23.27,23.49,23.06,23.12,5068.0,1,0.0
2022-02-23 18:00:00,23.12,23.12,22.73,22.82,6614.0,1,0.0
2022-02-23 19:00:00,22.82,22.91,22.53,22.62,16393.0,1,0.0
2022-02-23 20:00:00,22.62,22.66,22.32,22.37,9548.0,1,0.0
2022-02-24 11:00:00,21.23,21.32,21.02,21.24,1049.0,4,0.0
2022-02-24 12:00:00,21.23,21.28,20.59,20.76,1599.0,4,0.0
2022-02-24 13:00:00,20.76,21.01,20.62,20.91,1524.0,4,0.0
2022-02-24 14:00:00,20.91,22.1,20.83,22.04,11052.0,2,0.0
2022-02-24 15:00:00,22.03,22.55,21.71,22.39,12293.0,1,0.0
2022-02-24 16:00:00,22.4,22.59,22.16,22.48,8068.0,1,0.0
2022-02-24 17:00:00,22.48,22.51,22.1,22.24,5978.0,1,0.0
2022-02-24 18:00:00,22.24,22.86,22.2,22.68,7204.0,1,0.0
2022-02-24 19:00:00,22.67,23.17,22.51,23.11,7148.0,2,0.0
2022-02-24 20:00:00,23.11,23.67,23.06,23.55,6058.0,1,0.0
2022-02-25 11:00:00,23.51,23.6,23.33,23.52,740.0,2,0.0
2022-02-25 12:00:00,23.5,23.92,23.4,23.82,706.0,4,0.0
2022-02-25 13:00:00,23.82,24.15,23.75,23.94,876.0,4,0.0
2022-02-25 14:00:00,23.94,24.09,23.45,23.51,8784.0,1,0.0
2022-02-25 15:00:00,23.51,24.07,23.37,23.97,8584.0,1,0.0
2022-02-25 16:00:00,23.97,24.21,23.83,24.13,5773.0,1,0.0
2022-02-25 17:00:00,24.13,24.18,23.71,23.87,5135.0,1,0.0
2022-02-25 18:00:00,23.87,24.01,23.57,23.76,5512.0,1,0.0
2022-02-25 19:00:00,23.76,23.9,23.49,23.8,6551.0,1,0.0
2022-02-25 20:00:00,23.8,24.04,23.73,24.01,4740.0,1,0.0
2022-02-28 11:00:00,23.62,23.69,23.55,23.6,352.0,6,0.0
2022-02-28 12:00:00,23.61,23.9,23.61,23.76,625.0,4,0.0
2022-02-28 13:00:00,23.77,23.85,23.69,23.71,486.0,4,0.0
2022-02-28 14:00:00,23.71,24.25,23.7,24.23,6946.0,2,0.0
2022-02-28 15:00:00,24.23,24.56,23.96,24.47,7009.0,2,0.0
2022-02-28 16:00:00,24.47,24.63,24.34,24.59,5196.0,1,0.0
2022-02-28 17:00:00,24.59,24.65,23.86,24.0,5011.0,1,0.0
2022-02-28 18:00:00,24.0,24.21,23.92,24.12,4674.0,1,0.0
2022-02-28 19:00:00,24.11,24.11,23.7,23.95,5338.0,1,0.0
2022-02-28 20:00:00,23.95,24.11,23.86,24.02,4436.0,1,0.0
2022-03-01 11:00:00,24.14,24.17,24.01,24.01,251.0,4,0.0
2022-03-01 12:00:00,24.03,24.19,24.02,24.12,529.0,4,0.0
2022-03-01 13:00:00,24.13,24.3,24.12,24.24,436.0,4,0.0
2022-03-01 14:00:00,24.26,24.36,24.01,24.19,4545.0,2,0.0
2022-03-01 15:00:00,24.19,24.36,23.8,23.83,7376.0,2,0.0
2022-03-01 16:00:00,23.83,24.01,23.46,23.48,5797.0,1,0.0
2022-03-01 17:00:00,23.48,23.58,23.35,23.46,5133.0,1,0.0
2022-03-01 18:00:00,23.45,23.52,23.12,23.24,5146.0,1,0.0
2022-03-01 19:00:00,23.24,23.46,23.15,23.32,5306.0,1,0.0
2022-03-01 20:00:00,23.32,23.66,23.24,23.25,4451.0,1,0.0
2022-03-02 11:00:00,23.72,23.81,23.7,23.75,320.0,6,0.0
2022-03-02 12:00:00,23.75,23.79,23.66,23.7,381.0,4,0.0
2022-03-02 13:00:00,23.7,23.7,23.55,23.59,406.0,4,0.0
2022-03-02 14:00:00,23.6,24.01,23.54,23.8,4892.0,2,0.0
2022-03-02 15:00:00,23.8,23.94,23.41,23.68,7989.0,1,0.0
2022-03-02 16:00:00,23.68,24.14,23.62,24.0,6225.0,2,0.0
2022-03-02 17:00:00,24.0,24.18,23.95,24.09,4214.0,1,0.0
2022-03-02 18:00:00,24.1,24.31,24.09,24.21,3683.0,1,0.0
2022-03-02 19:00:00,24.21,24.37,24.16,24.26,3731.0,1,0.0
2022-03-02 20:00:00,24.26,24.4,24.25,24.28,3326.0,1,0.0
2022-03-03 11:00:00,23.99,24.09,23.97,24.0,190.0,4,0.0
2022-03-03 12:00:00,24.0,24.1,23.99,24.06,262.0,4,0.0
2022-03-03 13:00:00,24.07,24.32,24.06,24.27,398.0,4,0.0
2022-03-03 14:00:00,24.26,24.51,23.9,24.05,4851.0,2,0.0
2022-03-03 15:00:00,24.06,24.3,23.53,23.53,6120.0,2,0.0
2022-03-03 16:00:00,23.53,23.99,23.46,23.93,4827.0,1,0.0
2022-03-03 17:00:00,23.93,24.17,23.73,23.9,5575.0,2,0.0
2022-03-03 18:00:00,23.9,24.1,23.77,23.8,4122.0,1,0.0
2022-03-03 19:00:00,23.8,23.92,23.65,23.69,3916.0,1,0.0
2022-03-03 20:00:00,23.69,23.69,23.52,23.56,3941.0,1,0.0
2022-03-04 11:00:00,23.31,23.37,23.25,23.34,693.0,4,0.0
2022-03-04 12:00:00,23.34,23.37,23.03,23.18,854.0,4,0.0
2022-03-04 13:00:00,23.17,23.42,23.15,23.22,838.0,4,0.0
2022-03-04 14:00:00,23.22,23.67,23.16,23.49,5170.0,2,0.0
2022-03-04 15:00:00,23.49,23.55,22.84,22.85,6570.0,1,0.0
2022-03-04 16:00:00,22.86,23.04,22.6,22.89,5520.0,1,0.0
2022-03-04 17:00:00,22.89,23.05,22.68,22.93,5038.0,1,0.0
2022-03-04 18:00:00,22.93,23.1,22.68,22.7,4352.0,1,0.0
2022-03-04 19:00:00,22.7,22.72,22.48,22.49,4645.0,1,0.0
2022-03-04 20:00:00,22.49,22.71,22.48,22.64,4146.0,1,0.0
2022-03-07 11:00:00,22.22,22.51,22.19,22.46,484.0,4,0.0
2022-03-07 12:00:00,22.46,22.7,22.41,22.57,701.0,4,0.0
2022-03-07 13:00:00,22.57,22.6,22.34,22.51,658.0,4,0.0
2022-03-07 14:00:00,22.51,23.02,22.3,22.3,6223.0,2,0.0
2022-03-07 15:00:00,22.3,22.39,21.7,21.84,7087.0,1,0.0
2022-03-07 16:00:00,21.83,22.2,21.76,21.95,5790.0,1,0.0
2022-03-07 17:00:00,21.95,22.09,21.81,21.9,4992.0,1,0.0
2022-03-07 18:00:00,21.9,22.07,21.8,21.89,5441.0,1,0.0
2022-03-07 19:00:00,21.89,21.96,21.6,21.65,6283.0,1,0.0
2022-03-07 20:00:00,21.65,21.68,21.41,21.51,7295.0,1,0.0
2022-03-08 11:00:00,21.32,21.35,21.26,21.34,268.0,4,0.0
2022-03-08 12:00:00,21.32,21.48,21.23,21.27,577.0,4,0.0
2022-03-08 13:00:00,21.27,21.3,21.05,21.19,830.0,4,0.0
2022-03-08 14:00:00,21.19,21.48,20.94,21.07,8265.0,1,0.0
2022-03-08 15:00:00,21.07,21.59,20.64,21.59,9927.0,1,0.0
2022-03-08 16:00:00,21.59,21.71,21.02,21.31,6527.0,2,0.0
2022-03-08 17:00:00,21.3,22.22,21.27,22.12,7586.0,2,0.0
2022-03-08 18:00:00,22.12,22.36,21.72,21.73,5108.0,2,0.0
2022-03-08 19:00:00,21.73,22.04,21.55,21.86,5386.0,2,0.0
2022-03-08 20:00:00,21.86,22.1,21.59,21.59,4611.0,2,0.0
2022-03-09 11:00:00,22.27,22.41,22.21,22.24,364.0,6,0.0
2022-03-09 12:00:00,22.26,22.31,22.19,22.31,458.0,4,0.0
2022-03-09 13:00:00,22.3,22.42,22.3,22.31,559.0,4,0.0
2022-03-09 14:00:00,22.31,22.63,22.24,22.56,7900.0,2,0.0
2022-03-09 15:00:00,22.57,22.98,22.56,22.72,6961.0,2,0.0
2022-03-09 16:00:00,22.72,22.74,22.48,22.73,5068.0,1,0.0
2022-03-09 17:00:00,22.73,23.03,22.67,22.95,4676.0,1,0.0
2022-03-09 18:00:00,22.95,23.08,22.81,22.97,3752.0,1,0.0
2022-03-09 19:00:00,22.97,23.12,22.91,23.09,3876.0,1,0.0
2022-03-09 20:00:00,23.09,23.21,23.06,23.1,3868.0,1,0.0
2022-03-10 11:00:00,22.48,22.55,22.37,22.4,380.0,6,0.0
2022-03-10 12:00:00,22.4,22.51,22.4,22.42,630.0,4,0.0
2022-03-10 13:00:00,22.43,22.61,22.32,22.36,900.0,4,0.0
2022-03-10 14:00:00,22.36,22.67,22.14,22.41,6132.0,2,0.0
2022-03-10 15:00:00,22.41,22.52,21.98,22.02,6314.0,1,0.0
2022-03-10 16:00:00,22.02,22.13,21.88,22.13,5769.0,1,0.0
2022-03-10 17:00:00,22.13,22.23,22.0,22.04,5665.0,1,0.0
2022-03-10 18:00:00,22.04,22.38,22.02,22.36,4668.0,1,0.0
2022-03-10 19:00:00,22.36,22.74,22.32,22.67,5109.0,1,0.0
2022-03-10 20:00:00,22.68,22.72,22.53,22.64,3503.0,1,0.0
2022-03-11 11:00:00,22.98,23.42,22.87,23.25,981.0,4,0.0
2022-03-11 12:00:00,23.25,23.33,23.12,23.16,650.0,4,0.0
2022-03-11 13:00:00,23.18,23.28,23.05,23.18,683.0,4,0.0
2022-03-11 14:00:00,23.18,23.22,22.69,22.75,5216.0,1,0.0
2022-03-11 15:00:00,22.74,22.83,22.54,22.7,5582.0,1,0.0
2022-03-11 16:00:00,22.71,22.71,22.17,22.4,5026.0,1,0.0
2022-03-11 17:00:00,22.4,22.52,22.26,22.47,4110.0,1,0.0
2022-03-11 18:00:00,22.47,22.65,22.42,22.44,5408.0,1,0.0
2022-03-11 19:00:00,22.43,22.6,22.41,22.42,5093.0,1,0.0
2022-03-11 20:00:00,22.42,22.47,22.18,22.2,7021.0,1,0.0
2022-03-14 10:00:00,22.31,22.33,22.18,22.27,483.0,4,0.0
2022-03-14 11:00:00,22.27,22.27,21.75,21.83,1089.0,4,0.0
2022-03-14 12:00:00,21.82,22.07,21.77,21.97,768.0,4,0.0
2022-03-14 13:00:00,21.94,22.01,21.58,21.86,5435.0,2,0.0
2022-03-14 14:00:00,21.85,22.25,21.74,22.2,7112.0,1,0.0
2022-03-14 15:00:00,22.2,22.22,21.6,21.68,7359.0,1,0.0
2022-03-14 16:00:00,21.67,21.69,21.36,21.39,7372.0,1,0.0
2022-03-14 17:00:00,21.39,21.44,21.22,21.31,7121.0,1,0.0
2022-03-14 18:00:00,21.31,21.39,21.15,21.36,6426.0,1,0.0
2022-03-14 19:00:00,21.37,21.49,21.23,21.37,5983.0,1,0.0
2022-03-15 10:00:00,21.12,21.43,21.12,21.41,429.0,4,0.0
2022-03-15 11:00:00,21.41,21.51,21.26,21.35,769.0,4,0.0
2022-03-15 12:00:00,21.36,21.52,21.33,21.51,490.0,3,0.0
2022-03-15 13:00:00,21.51,21.84,21.31,21.75,5379.0,1,0.0
2022-03-15 14:00:00,21.75,22.58,21.73,22.45,7694.0,1,0.0
2022-03-15 15:00:00,22.45,22.8,22.41,22.54,7110.0,1,0.0
2022-03-15 16:00:00,22.53,22.82,22.45,22.73,6403.0,1,0.0
2022-03-15 17:00:00,22.73,22.83,22.62,22.78,6189.0,1,0.0
2022-03-15 18:00:00,22.78,22.86,22.55,22.84,6563.0,1,0.0
2022-03-15 19:00:00,22.84,23.03,22.79,22.96,5945.0,1,0.0
2022-03-16 10:00:00,23.52,23.57,23.48,23.54,356.0,6,0.0
2022-03-16 11:00:00,23.54,23.66,23.47,23.63,432.0,4,0.0
2022-03-16 12:00:00,23.63,23.75,23.54,23.56,606.0,4,0.0
2022-03-16 13:00:00,23.56,23.76,23.17,23.7,6045.0,1,0.0
2022-03-16 14:00:00,23.71,24.58,23.71,24.23,8450.0,1,0.0
2022-03-16 15:00:00,24.23,24.34,24.11,24.28,5893.0,1,0.0
2022-03-16 16:00:00,24.28,24.42,23.85,23.91,6359.0,1,0.0
2022-03-16 17:00:00,23.91,23.97,23.45,23.97,7473.0,1,0.0
2022-03-16 18:00:00,23.96,24.25,23.2,24.03,10619.0,2,0.0
2022-03-16 19:00:00,24.04,24.32,23.94,24.25,5236.0,1,0.0
2022-03-17 10:00:00,24.28,24.3,24.12,24.26,532.0,3,0.0
2022-03-17 11:00:00,24.26,24.31,24.19,24.26,437.0,4,0.0
2022-03-17 12:00:00,24.26,24.34,24.21,24.25,463.0,4,0.0
2022-03-17 13:00:00,24.25,24.74,23.9,24.73,5635.0,2,0.0
2022-03-17 14:00:00,24.73,24.76,24.0,24.18,6306.0,2,0.0
2022-03-17 15:00:00,24.18,24.46,24.01,24.27,4870.0,1,0.0
2022-03-17 16:00:00,24.27,24.37,24.16,24.29,4503.0,1,0.0
2022-03-17 17:00:00,24.29,24.62,24.17,24.53,5382.0,1,0.0
2022-03-17 18:00:00,24.54,24.6,24.4,24.54,5047.0,1,0.0
2022-03-17 19:00:00,24.54,24.83,24.47,24.82,5060.0,1,0.0
2022-03-18 10:00:00,24.5,24.54,24.47,24.5,338.0,4,0.0
2022-03-18 11:00:00,24.49,24.5,24.41,24.46,374.0,4,0.0
2022-03-18 12:00:00,24.46,24.5,24.4,24.44,417.0,4,0.0
2022-03-18 13:00:00,24.44,25.88,24.4,25.88,6769.0,1,0.0
2022-03-18 14:00:00,25.88,26.25,25.66,26.09,7852.0,2,0.0
2022-03-18 15:00:00,26.09,26.24,25.94,25.99,5461.0,2,0.0
2022-03-18 16:00:00,25.99,26.15,25.89,26.11,3986.0,2,0.0
2022-03-18 17:00:00,26.11,26.27,26.02,26.13,3383.0,1,0.0
2022-03-18 18:00:00,26.13,26.24,26.03,26.21,3492.0,2,0.0
2022-03-18 19:00:00,26.21,26.56,26.19,26.38,3468.0,1,0.0
2022-03-21 10:00:00,26.38,26.48,26.34,26.41,439.0,2,0.0
2022-03-21 11:00:00,26.41,26.79,26.41,26.6,788.0,4,0.0
2022-03-21 12:00:00,26.6,26.63,26.54,26.56,496.0,4,0.0
2022-03-21 13:00:00,26.55,26.95,26.14,26.28,6842.0,2,0.0
2022-03-21 14:00:00,26.29,26.64,25.96,26.57,6923.0,2,0.0
2022-03-21 15:00:00,26.57,27.14,26.39,27.07,5336.0,2,0.0
2022-03-21 16:00:00,27.08,27.11,26.16,26.19,6501.0,2,0.0
2022-03-21 17:00:00,26.2,26.42,26.04,26.42,5256.0,2,0.0
2022-03-21 18:00:00,26.41,26.69,26.25,26.37,4912.0,2,0.0
2022-03-21 19:00:00,26.36,26.74,26.34,26.56,3883.0,2,0.0
2022-03-22 10:00:00,26.85,26.85,26.75,26.8,237.0,6,0.0
2022-03-22 11:00:00,26.8,26.81,26.65,26.7,376.0,4,0.0
2022-03-22 12:00:00,26.7,26.86,26.69,26.84,640.0,4,0.0
2022-03-22 13:00:00,26.85,26.92,26.42,26.66,6240.0,2,0.0
2022-03-22 14:00:00,26.66,27.18,26.66,27.07,6374.0,2,0.0
2022-03-22 15:00:00,27.08,27.23,26.85,26.85,4761.0,2,0.0
2022-03-22 16:00:00,26.85,26.94,26.6,26.76,4547.0,2,0.0
2022-03-22 17:00:00,26.76,26.92,26.7,26.86,3888.0,2,0.0
2022-03-22 18:00:00,26.86,26.98,26.07,26.56,7039.0,2,0.0
2022-03-22 19:00:00,26.55,26.65,26.35,26.49,3787.0,1,0.0
2022-03-23 10:00:00,26.37,26.38,26.26,26.32,286.0,4,0.0
2022-03-23 11:00:00,26.32,26.33,26.1,26.13,447.0,4,0.0
2022-03-23 12:00:00,26.13,26.17,26.06,26.11,530.0,3,0.0
2022-03-23 13:00:00,26.1,26.15,25.63,25.67,6835.0,2,0.0
2022-03-23 14:00:00,25.67,26.27,25.57,26.18,7354.0,2,0.0
2022-03-23 15:00:00,26.18,26.6,26.18,26.54,5035.0,2,0.0
2022-03-23 16:00:00,26.54,26.6,26.2,26.44,4677.0,2,0.0
2022-03-23 17:00:00,26.44,26.47,25.79,25.93,4733.0,2,0.0
2022-03-23 18:00:00,25.93,26.05,25.71,25.88,4182.0,1,0.0
2022-03-23 19:00:00,25.88,25.96,25.68,25.88,3237.0,1,0.0
2022-03-24 10:00:00,26.03,26.03,25.92,25.98,303.0,4,0.0
2022-03-24 11:00:00,25.97,26.1,25.96,26.05,639.0,4,0.0
2022-03-24 12:00:00,26.06,26.16,25.97,26.07,565.0,4,0.0
2022-03-24 13:00:00,26.07,26.58,25.9,26.4,6199.0,2,0.0
2022-03-24 14:00:00,26.4,27.22,26.37,27.08,8728.0,2,0.0
2022-03-24 15:00:00,27.09,28.01,27.02,27.77,7881.0,1,0.0
2022-03-24 16:00:00,27.76,27.97,27.56,27.88,5920.0,2,0.0
2022-03-24 17:00:00,27.88,28.31,27.77,28.16,5057.0,1,0.0
2022-03-24 18:00:00,28.16,28.27,27.84,27.99,4874.0,2,0.0
2022-03-24 19:00:00,27.99,28.16,27.84,28.0,4937.0,1,0.0
2022-03-25 10:00:00,28.05,28.22,28.04,28.2,436.0,3,0.0
2022-03-25 11:00:00,28.19,28.21,28.06,28.15,502.0,4,0.0
2022-03-25 12:00:00,28.15,28.27,28.14,28.19,581.0,4,0.0
2022-03-25 13:00:00,28.19,28.34,27.7,27.81,8224.0,2,0.0
2022-03-25 14:00:00,27.81,28.04,27.59,27.81,8267.0,2,0.0
2022-03-25 15:00:00,27.82,27.85,27.36,27.45,6469.0,2,0.0
2022-03-25 16:00:00,27.44,27.67,27.26,27.57,5308.0,1,0.0
2022-03-25 17:00:00,27.56,27.73,27.47,27.73,4058.0,1,0.0
2022-03-25 18:00:00,27.73,27.9,27.69,27.82,4521.0,1,0.0
2022-03-25 19:00:00,27.82,27.83,27.37,27.51,4322.0,1,0.0
2022-03-28 10:00:00,27.47,27.64,27.46,27.62,475.0,2,0.0
2022-03-28 11:00:00,27.61,27.95,27.6,27.94,586.0,4,0.0
2022-03-28 12:00:00,27.93,27.94,27.76,27.8,610.0,3,0.0
2022-03-28 13:00:00,27.8,28.2,27.63,28.12,5547.0,2,0.0
2022-03-28 14:00:00,28.12,28.13,27.53,27.83,7308.0,2,0.0
2022-03-28 15:00:00,27.83,27.91,27.35,27.39,5593.0,1,0.0
2022-03-28 16:00:00,27.4,27.58,27.2,27.53,4283.0,2,0.0
2022-03-28 17:00:00,27.54,27.84,27.52,27.74,3704.0,2,0.0
2022-03-28 18:00:00,27.74,27.97,27.67,27.97,3770.0,1,0.0
2022-03-28 19:00:00,27.97,28.24,27.89,28.19,3486.0,1,0.0
2022-03-29 10:00:00,28.39,28.41,28.28,28.33,319.0,4,0.0
2022-03-29 11:00:00,28.32,28.81,28.3,28.75,781.0,4,0.0
2022-03-29 12:00:00,28.75,29.11,28.72,28.98,1215.0,4,0.0
2022-03-29 13:00:00,28.98,29.07,28.13,28.44,8090.0,2,0.0
2022-03-29 14:00:00,28.44,28.59,27.98,28.51,8639.0,2,0.0
2022-03-29 15:00:00,28.52,28.54,28.12,28.31,5027.0,2,0.0
2022-03-29 16:00:00,28.31,28.39,28.1,28.29,3778.0,2,0.0
2022-03-29 17:00:00,28.29,28.5,28.15,28.49,3584.0,2,0.0
2022-03-29 18:00:00,28.49,28.57,28.32,28.56,3115.0,2,0.0
2022-03-29 19:00:00,28.56,28.75,28.48,28.71,3134.0,1,0.0
2022-03-30 10:00:00,28.31,28.33,28.24,28.31,336.0,4,0.0
2022-03-30 11:00:00,28.31,28.45,28.31,28.42,338.0,4,0.0
2022-03-30 12:00:00,28.42,28.43,28.2,28.32,872.0,4,0.0
2022-03-30 13:00:00,28.33,28.44,27.95,28.12,6093.0,2,0.0
2022-03-30 14:00:00,28.13,28.48,27.95,28.07,6633.0,2,0.0
2022-03-30 15:00:00,28.07,28.13,27.79,28.0,4654.0,1,0.0
2022-03-30 16:00:00,28.0,28.28,27.92,28.22,3358.0,1,0.0
2022-03-30 17:00:00,28.22,28.24,27.88,27.89,3313.0,2,0.0
2022-03-30 18:00:00,27.89,27.99,27.71,27.74,3587.0,2,0.0
2022-03-30 19:00:00,27.74,27.8,27.5,27.61,3659.0,1,0.0
2022-03-31 10:00:00,28.05,28.08,27.88,27.89,427.0,6,0.0
2022-03-31 11:00:00,27.89,27.92,27.75,27.82,418.0,4,0.0
2022-03-31 12:00:00,27.82,27.89,27.71,27.79,488.0,4,0.0
2022-03-31 13:00:00,27.8,27.86,27.36,27.75,6071.0,2,0.0
2022-03-31 14:00:00,27.75,28.24,27.52,28.1,7767.0,1,0.0
2022-03-31 15:00:00,28.09,28.22,27.93,28.0,4997.0,1,0.0
2022-03-31 16:00:00,28.0,28.02,27.6,27.64,4555.0,1,0.0
2022-03-31 17:00:00,27.64,27.75,27.46,27.72,4322.0,1,0.0
2022-03-31 18:00:00,27.72,27.9,27.62,27.85,4344.0,1,0.0
2022-03-31 19:00:00,27.86,27.98,27.56,27.57,4260.0,1,0.0
2022-04-01 10:00:00,27.61,27.64,27.49,27.49,423.0,2,0.0
2022-04-01 11:00:00,27.49,27.56,27.44,27.54,328.0,3,0.0
2022-04-01 12:00:00,27.54,27.58,27.39,27.4,683.0,3,0.0
2022-04-01 13:00:00,27.4,27.48,26.62,26.81,5813.0,1,0.0
2022-04-01 14:00:00,26.8,27.0,26.57,26.93,7049.0,2,0.0
2022-04-01 15:00:00,26.92,27.02,26.5,26.52,5319.0,1,0.0
2022-04-01 16:00:00,26.52,26.64,26.37,26.38,4610.0,1,0.0
2022-04-01 17:00:00,26.38,26.51,26.26,26.34,4570.0,1,0.0
2022-04-01 18:00:00,26.34,26.59,26.28,26.5,4465.0,1,0.0
2022-04-01 19:00:00,26.5,26.64,26.29,26.33,4592.0,1,0.0
2022-04-04 10:00:00,26.95,27.04,26.93,26.94,227.0,6,0.0
2022-04-04 11:00:00,26.94,26.94,26.75,26.81,377.0,6,0.0
2022-04-04 12:00:00,26.81,26.82,26.66,26.67,365.0,4,0.0
2022-04-04 13:00:00,26.67,27.32,26.6,27.3,5078.0,2,0.0
2022-04-04 14:00:00,27.3,27.46,27.01,27.13,6641.0,1,0.0
2022-04-04 15:00:00,27.13,27.55,27.11,27.4,4490.0,1,0.0
2022-04-04 16:00:00,27.39,27.46,27.3,27.32,3417.0,1,0.0
2022-04-04 17:00:00,27.31,27.38,27.16,27.34,4407.0,1,0.0
2022-04-04 18:00:00,27.34,27.34,27.07,27.27,4917.0,1,0.0
2022-04-04 19:00:00,27.27,27.45,27.21,27.35,4494.0,1,0.0
2022-04-05 10:00:00,27.39,27.39,27.21,27.31,401.0,2,0.0
2022-04-05 11:00:00,27.31,27.31,27.23,27.29,294.0,3,0.0
2022-04-05 12:00:00,27.29,27.32,27.2,27.21,307.0,3,0.0
2022-04-05 13:00:00,27.21,27.3,26.77,26.8,5215.0,2,0.0
2022-04-05 14:00:00,26.8,26.83,26.27,26.33,6690.0,1,0.0
2022-04-05 15:00:00,26.34,26.46,26.2,26.25,4773.0,1,0.0
2022-04-05 16:00:00,26.25,26.39,26.05,26.22,6336.0,1,0.0
2022-04-05 17:00:00,26.22,26.36,25.89,26.06,5644.0,1,0.0
2022-04-05 18:00:00,26.06,26.26,25.97,26.1,4722.0,1,0.0
2022-04-05 19:00:00,26.1,26.12,25.82,25.88,5817.0,1,0.0
2022-04-06 10:00:00,25.6,25.62,25.11,25.14,654.0,4,0.0
2022-04-06 11:00:00,25.16,25.23,24.86,24.89,1124.0,4,0.0
2022-04-06 12:00:00,24.89,24.94,24.73,24.85,1376.0,4,0.0
2022-04-06 13:00:00,24.85,25.29,24.7,24.7,8430.0,1,0.0
2022-04-06 14:00:00,24.7,24.77,24.38,24.49,8123.0,1,0.0
2022-04-06 15:00:00,24.48,24.59,24.23,24.3,8524.0,1,0.0
2022-04-06 16:00:00,24.3,24.34,24.0,24.07,7725.0,1,0.0
2022-04-06 17:00:00,24.07,24.62,24.01,24.35,7208.0,1,0.0
2022-04-06 18:00:00,24.35,24.81,24.02,24.71,13310.0,1,0.0
2022-04-06 19:00:00,24.71,24.98,24.32,24.52,8217.0,1,0.0
2022-04-07 10:00:00,24.73,24.8,24.61,24.63,382.0,4,0.0
2022-04-07 11:00:00,24.63,24.71,24.52,24.61,1011.0,4,0.0
2022-04-07 12:00:00,24.61,24.62,24.35,24.36,750.0,4,0.0
2022-04-07 13:00:00,24.37,24.66,24.13,24.55,6259.0,2,0.0
2022-04-07 14:00:00,24.55,24.71,24.11,24.22,7812.0,1,0.0
2022-04-07 15:00:00,24.21,24.34,23.74,23.8,6860.0,1,0.0
2022-04-07 16:00:00,23.8,23.94,23.48,23.64,7843.0,1,0.0
2022-04-07 17:00:00,23.64,24.07,23.62,24.05,5423.0,1,0.0
2022-04-07 18:00:00,24.05,24.32,23.93,24.29,5690.0,1,0.0
2022-04-07 19:00:00,24.28,24.55,24.27,24.47,5555.0,1,0.0
2022-04-08 10:00:00,24.32,24.35,24.22,24.34,459.0,4,0.0
2022-04-08 11:00:00,24.34,24.37,24.27,24.32,373.0,4,0.0
2022-04-08 12:00:00,24.33,24.35,24.07,24.09,647.0,3,0.0
2022-04-08 13:00:00,24.09,24.09,23.22,23.23,7044.0,1,0.0
2022-04-08 14:00:00,23.23,23.5,23.11,23.5,8528.0,1,0.0
2022-04-08 15:00:00,23.5,23.59,23.19,23.35,7623.0,1,0.0
2022-04-08 16:00:00,23.35,23.52,23.29,23.51,6718.0,1,0.0
2022-04-08 17:00:00,23.51,23.51,23.16,23.23,6283.0,1,0.0
2022-04-08 18:00:00,23.22,23.32,23.06,23.2,7286.0,1,0.0
2022-04-08 19:00:00,23.2,23.32,23.1,23.19,6773.0,1,0.0
2022-04-11 10:00:00,22.58,22.58,22.45,22.58,541.0,4,0.0
2022-04-11 11:00:00,22.59,22.6,22.19,22.2,976.0,4,0.0
2022-04-11 12:00:00,22.2,22.27,22.08,22.2,1255.0,3,0.0
2022-04-11 13:00:00,22.2,22.27,21.87,21.98,7905.0,1,0.0
2022-04-11 14:00:00,21.97,22.31,21.79,21.87,10092.0,1,0.0
2022-04-11 15:00:00,21.87,21.96,21.78,21.81,8297.0,1,0.0
2022-04-11 16:00:00,21.81,21.89,21.66,21.86,7501.0,1,0.0
2022-04-11 17:00:00,21.86,22.03,21.79,21.87,7674.0,1,0.0
2022-04-11 18:00:00,21.87,22.13,21.8,22.05,7201.0,1,0.0
2022-04-11 19:00:00,22.05,22.13,21.84,21.86,5743.0,1,0.0
2022-04-12 10:00:00,22.15,22.16,21.99,22.01,420.0,4,0.0
2022-04-12 11:00:00,22.0,22.08,21.9,22.07,565.0,4,0.0
2022-04-12 12:00:00,22.07,22.77,22.04,22.72,1735.0,3,0.0
2022-04-12 13:00:00,22.72,22.74,21.9,22.56,8831.0,1,0.0
2022-04-12 14:00:00,22.56,22.71,21.72,21.8,10445.0,1,0.0
2022-04-12 15:00:00,21.79,22.07,21.66,21.9,8905.0,1,0.0
2022-04-12 16:00:00,21.9,21.94,21.69,21.84,7903.0,1,0.0
2022-04-12 17:00:00,21.84,21.89,21.5,21.54,7841.0,1,0.0
2022-04-12 18:00:00,21.54,21.66,21.31,21.44,11278.0,1,0.0
2022-04-12 19:00:00,21.43,21.49,21.28,21.41,6801.0,1,0.0
2022-04-13 10:00:00,21.63,21.8,21.63,21.79,304.0,4,0.0
2022-04-13 11:00:00,21.79,21.86,21.68,21.69,669.0,3,0.0
2022-04-13 12:00:00,21.69,21.73,21.46,21.55,1317.0,3,0.0
2022-04-13 13:00:00,21.54,22.11,21.45,21.71,6750.0,1,0.0
2022-04-13 14:00:00,21.71,22.22,21.68,22.01,7237.0,1,0.0
2022-04-13 15:00:00,22.01,22.29,22.01,22.16,7091.0,1,0.0
2022-04-13 16:00:00,22.16,22.16,22.01,22.13,5192.0,1,0.0
2022-04-13 17:00:00,22.13,22.16,21.88,21.96,5305.0,1,0.0
2022-04-13 18:00:00,21.96,22.24,21.94,22.18,4968.0,1,0.0
2022-04-13 19:00:00,22.19,22.37,22.12,22.37,4676.0,1,0.0
2022-04-14 10:00:00,22.44,22.47,22.25,22.29,547.0,3,0.0
2022-04-14 11:00:00,22.3,22.37,22.22,22.25,796.0,3,0.0
2022-04-14 12:00:00,22.25,22.4,22.22,22.36,523.0,4,0.0
2022-04-14 13:00:00,22.36,22.77,21.98,22.01,7049.0,1,0.0
2022-04-14 14:00:00,22.02,22.09,21.55,21.65,8607.0,1,0.0
2022-04-14 15:00:00,21.65,21.84,21.59,21.68,6394.0,1,0.0
2022-04-14 16:00:00,21.68,21.71,21.52,21.66,5744.0,1,0.0
2022-04-14 17:00:00,21.66,21.69,21.55,21.67,6407.0,1,0.0
2022-04-14 18:00:00,21.66,21.76,21.4,21.42,6636.0,1,0.0
2022-04-14 19:00:00,21.42,21.53,21.29,21.35,5259.0,1,0.0
2022-04-18 10:00:00,21.08,21.17,21.08,21.13,237.0,4,0.0
2022-04-18 11:00:00,21.14,21.22,21.14,21.15,352.0,4,0.0
2022-04-18 12:00:00,21.15,21.17,21.04,21.14,567.0,4,0.0
2022-04-18 13:00:00,21.13,21.55,21.08,21.26,7301.0,1,0.0
2022-04-18 14:00:00,21.25,21.89,21.16,21.69,9304.0,1,0.0
2022-04-18 15:00:00,21.69,21.79,21.39,21.54,6792.0,1,0.0
2022-04-18 16:00:00,21.54,21.54,21.25,21.43,5785.0,1,0.0
2022-04-18 17:00:00,21.43,22.01,21.36,21.94,7146.0,1,0.0
2022-04-18 18:00:00,21.94,22.08,21.83,21.85,7262.0,1,0.0
2022-04-18 19:00:00,21.85,21.88,21.61,21.67,5167.0,1,0.0
2022-04-19 10:00:00,21.71,21.81,21.68,21.8,307.0,2,0.0
2022-04-19 11:00:00,21.8,21.9,21.75,21.88,571.0,3,0.0
2022-04-19 12:00:00,21.87,21.92,21.79,21.86,703.0,3,0.0
2022-04-19 13:00:00,21.85,21.87,21.31,21.75,6933.0,1,0.0
2022-04-19 14:00:00,21.75,22.33,21.72,22.26,9973.0,1,0.0
2022-04-19 15:00:00,22.26,22.37,22.14,22.26,6987.0,1,0.0
2022-04-19 16:00:00,22.26,22.26,22.06,22.14,4719.0,1,0.0
2022-04-19 17:00:00,22.14,22.17,22.02,22.12,4829.0,1,0.0
2022-04-19 18:00:00,22.12,22.13,21.91,22.12,6016.0,1,0.0
2022-04-19 19:00:00,22.12,22.25,22.01,22.14,4518.0,1,0.0
2022-04-20 10:00:00,22.34,22.39,22.28,22.33,369.0,4,0.0
2022-04-20 11:00:00,22.33,22.48,22.26,22.47,564.0,3,0.0
2022-04-20 12:00:00,22.47,22.54,22.41,22.53,633.0,3,0.0
2022-04-20 13:00:00,22.53,22.66,21.79,21.79,5930.0,1,0.0
2022-04-20 14:00:00,21.78,21.89,21.47,21.79,9171.0,1,0.0
2022-04-20 15:00:00,21.8,21.81,21.32,21.35,6873.0,1,0.0
2022-04-20 16:00:00,21.35,21.51,21.2,21.43,7650.0,1,0.0
2022-04-20 17:00:00,21.42,21.64,21.42,21.55,6156.0,1,0.0
2022-04-20 18:00:00,21.55,21.6,21.28,21.34,5438.0,1,0.0
2022-04-20 19:00:00,21.34,21.53,21.33,21.5,5233.0,1,0.0
2022-04-21 10:00:00,21.68,21.8,21.65,21.74,381.0,4,0.0
2022-04-21 11:00:00,21.74,21.77,21.69,21.73,604.0,3,0.0
2022-04-21 12:00:00,21.73,21.79,21.61,21.78,678.0,2,0.0
2022-04-21 13:00:00,21.78,22.38,21.64,21.77,5956.0,1,0.0
2022-04-21 14:00:00,21.77,21.83,21.29,21.38,8267.0,1,0.0
2022-04-21 15:00:00,21.38,21.49,20.96,21.0,7476.0,1,0.0
2022-04-21 16:00:00,21.01,21.08,20.6,20.7,9299.0,1,0.0
2022-04-21 17:00:00,20.7,20.82,20.36,20.4,10634.0,1,0.0
2022-04-21 18:00:00,20.4,20.45,20.05,20.32,9512.0,1,0.0
2022-04-21 19:00:00,20.32,20.32,20.03,20.13,7465.0,1,0.0
2022-04-22 10:00:00,20.14,20.17,20.08,20.15,461.0,2,0.0
2022-04-22 11:00:00,20.15,20.33,20.14,20.3,717.0,2,0.0
2022-04-22 12:00:00,20.29,20.33,20.16,20.21,855.0,3,0.0
2022-04-22 13:00:00,20.21,20.46,19.73,20.16,9213.0,1,0.0
2022-04-22 14:00:00,20.16,20.44,19.86,20.06,11935.0,1,0.0
2022-04-22 15:00:00,20.06,20.33,19.87,19.88,10341.0,1,0.0
2022-04-22 16:00:00,19.88,19.92,19.73,19.75,7008.0,1,0.0
2022-04-22 17:00:00,19.75,19.83,19.62,19.63,7449.0,1,0.0
2022-04-22 18:00:00,19.63,19.79,19.51,19.55,8641.0,1,0.0
2022-04-22 19:00:00,19.56,19.8,19.5,19.65,9403.0,1,0.0
2022-04-25 10:00:00,19.3,19.35,19.25,19.3,427.0,4,0.0
2022-04-25 11:00:00,19.3,19.3,19.0,19.14,1364.0,3,0.0
2022-04-25 12:00:00,19.14,19.27,19.02,19.27,1182.0,3,0.0
2022-04-25 13:00:00,19.27,19.64,19.09,19.23,7019.0,1,0.0
2022-04-25 14:00:00,19.23,19.84,19.14,19.46,13611.0,1,0.0
2022-04-25 15:00:00,19.46,19.6,19.25,19.27,10936.0,1,0.0
2022-04-25 16:00:00,19.27,19.62,19.2,19.37,9885.0,1,0.0
2022-04-25 17:00:00,19.38,19.58,19.31,19.45,9158.0,1,0.0
2022-04-25 18:00:00,19.45,19.75,19.37,19.59,9061.0,1,0.0
2022-04-25 19:00:00,19.59,19.8,19.39,19.77,7242.0,1,0.0
2022-04-26 10:00:00,19.87,19.92,19.83,19.84,468.0,2,0.0
2022-04-26 11:00:00,19.84,19.88,19.79,19.85,446.0,2,0.0
2022-04-26 12:00:00,19.85,19.87,19.73,19.79,648.0,2,0.0
2022-04-26 13:00:00,19.81,19.81,19.05,19.13,6541.0,1,0.0
2022-04-26 14:00:00,19.12,19.12,18.79,18.85,12855.0,1,0.0
2022-04-26 15:00:00,18.85,18.93,18.67,18.82,9018.0,1,0.0
2022-04-26 16:00:00,18.82,19.23,18.82,19.21,8275.0,1,0.0
2022-04-26 17:00:00,19.21,19.22,18.92,18.99,7059.0,1,0.0
2022-04-26 18:00:00,18.99,19.21,18.93,19.14,8039.0,1,0.0
2022-04-26 19:00:00,19.14,19.18,18.82,18.9,6474.0,1,0.0
2022-04-27 10:00:00,18.91,18.98,18.83,18.9,536.0,1,0.0
2022-04-27 11:00:00,18.91,18.91,18.6,18.63,942.0,3,0.0
2022-04-27 12:00:00,18.64,18.81,18.54,18.63,1124.0,3,0.0
2022-04-27 13:00:00,18.63,19.16,18.51,18.95,7281.0,1,0.0
2022-04-27 14:00:00,18.96,19.11,18.29,18.45,15170.0,1,0.0
2022-04-27 15:00:00,18.45,18.76,18.45,18.56,12268.0,1,0.0
2022-04-27 16:00:00,18.57,18.9,18.47,18.84,9646.0,1,0.0
2022-04-27 17:00:00,18.83,18.86,18.5,18.65,10647.0,1,0.0
2022-04-27 18:00:00,18.65,18.75,18.45,18.49,8231.0,1,0.0
2022-04-27 19:00:00,18.49,18.52,18.34,18.42,7338.0,1,0.0
2022-04-28 10:00:00,18.99,19.04,18.94,19.02,366.0,6,0.0
2022-04-28 11:00:00,19.02,19.06,18.92,18.93,676.0,3,0.0
2022-04-28 12:00:00,18.93,18.98,18.79,18.84,993.0,3,0.0
2022-04-28 13:00:00,18.84,19.3,18.76,18.87,7445.0,2,0.0
2022-04-28 14:00:00,18.87,18.94,18.48,18.65,10731.0,1,0.0
2022-04-28 15:00:00,18.65,19.1,18.62,18.86,9409.0,1,0.0
2022-04-28 16:00:00,18.86,19.54,18.77,19.46,8702.0,1,0.0
2022-04-28 17:00:00,19.46,19.84,19.46,19.83,9149.0,1,0.0
2022-04-28 18:00:00,19.83,19.95,19.68,19.86,6517.0,1,0.0
2022-04-28 19:00:00,19.86,20.03,19.76,19.77,6447.0,1,0.0
2022-04-29 10:00:00,19.45,19.49,19.34,19.38,697.0,3,0.0
2022-04-29 11:00:00,19.38,19.41,19.28,19.33,975.0,3,0.0
2022-04-29 12:00:00,19.33,19.47,19.31,19.36,910.0,3,0.0
2022-04-29 13:00:00,19.36,20.12,19.25,20.08,8160.0,1,0.0
2022-04-29 14:00:00,20.07,20.1,19.28,19.43,13763.0,1,0.0
2022-04-29 15:00:00,19.43,19.56,19.27,19.33,10357.0,1,0.0
2022-04-29 16:00:00,19.34,19.35,18.98,19.0,7095.0,1,0.0
2022-04-29 17:00:00,19.0,19.23,18.98,19.05,7203.0,1,0.0
2022-04-29 18:00:00,19.05,19.07,18.69,18.79,8005.0,1,0.0
2022-04-29 19:00:00,18.79,18.81,18.63,18.65,8384.0,1,0.0
2022-05-02 10:00:00,18.63,18.69,18.55,18.6,485.0,1,0.0
2022-05-02 11:00:00,18.6,18.63,18.29,18.33,927.0,3,0.0
2022-05-02 12:00:00,18.33,18.43,18.31,18.37,992.0,3,0.0
2022-05-02 13:00:00,18.38,19.11,18.38,18.95,8600.0,1,0.0
2022-05-02 14:00:00,18.95,19.17,18.61,18.83,14492.0,1,0.0
2022-05-02 15:00:00,18.83,19.02,18.73,19.01,12363.0,1,0.0
2022-05-02 16:00:00,19.0,19.21,18.83,18.86,10634.0,1,0.0
2022-05-02 17:00:00,18.86,18.91,18.56,18.73,8686.0,1,0.0
2022-05-02 18:00:00,18.73,19.02,18.6,18.9,10324.0,1,0.0
2022-05-02 19:00:00,18.89,19.39,18.86,19.26,9906.0,1,0.0
2022-05-03 10:00:00,19.55,19.55,19.36,19.39,531.0,4,0.0
2022-05-03 11:00:00,19.39,19.49,19.35,19.49,803.0,3,0.0
2022-05-03 12:00:00,19.49,19.6,19.44,19.53,666.0,2,0.0
2022-05-03 13:00:00,19.53,19.59,19.12,19.56,5854.0,2,0.0
2022-05-03 14:00:00,19.56,19.81,19.28,19.37,7276.0,1,0.0
2022-05-03 15:00:00,19.37,19.58,19.27,19.49,5420.0,1,0.0
2022-05-03 16:00:00,19.49,19.58,19.3,19.49,8935.0,1,0.0
2022-05-03 17:00:00,19.49,19.81,19.48,19.72,7835.0,1,0.0
2022-05-03 18:00:00,19.72,19.73,19.3,19.64,10096.0,1,0.0
2022-05-03 19:00:00,19.64,19.73,19.44,19.5,9142.0,1,0.0
2022-05-04 10:00:00,19.93,19.95,19.9,19.92,241.0,4,0.0
2022-05-04 11:00:00,19.92,19.99,19.9,19.97,430.0,3,0.0
2022-05-04 12:00:00,19.97,20.03,19.88,19.9,514.0,3,0.0
2022-05-04 13:00:00,19.9,19.98,19.19,19.21,8367.0,1,0.0
2022-05-04 14:00:00,19.21,19.25,18.89,18.99,11490.0,1,0.0
2022-05-04 15:00:00,18.99,19.0,18.75,18.92,8265.0,1,0.0
2022-05-04 16:00:00,18.92,19.3,18.87,19.23,8081.0,1,0.0
2022-05-04 17:00:00,19.23,19.38,19.15,19.29,7434.0,1,0.0
2022-05-04 18:00:00,19.3,19.88,18.85,19.84,18132.0,1,0.0
2022-05-04 19:00:00,19.85,20.39,19.82,20.28,10157.0,1,0.0
2022-05-05 10:00:00,19.99,20.1,19.99,20.05,412.0,4,0.0
2022-05-05 11:00:00,20.05,20.12,20.02,20.05,952.0,3,0.0
2022-05-05 12:00:00,20.05,20.12,19.95,19.97,675.0,3,0.0
2022-05-05 13:00:00,19.97,19.97,19.35,19.37,7888.0,1,0.0
2022-05-05 14:00:00,19.37,19.39,18.84,19.01,13229.0,1,0.0
2022-05-05 15:00:00,19.01,19.02,18.65,18.68,10363.0,1,0.0
2022-05-05 16:00:00,18.69,19.08,18.6,18.98,11422.0,1,0.0
2022-05-05 17:00:00,18.97,19.21,18.67,18.67,10820.0,1,0.0
2022-05-05 18:00:00,18.67,18.87,18.6,18.81,10181.0,1,0.0
2022-05-05 19:00:00,18.81,18.83,18.5,18.67,8690.0,1,0.0
2022-05-06 10:00:00,18.73,18.75,18.63,18.68,809.0,2,0.0
2022-05-06 11:00:00,18.68,18.68,18.55,18.61,959.0,3,0.0
2022-05-06 12:00:00,18.61,18.9,18.58,18.58,1356.0,3,0.0
2022-05-06 13:00:00,18.58,18.79,17.98,18.29,7386.0,2,0.0
2022-05-06 14:00:00,18.29,19.19,18.26,19.16,11318.0,1,0.0
2022-05-06 15:00:00,19.15,19.51,18.73,18.78,15737.0,1,0.0
2022-05-06 16:00:00,18.78,19.18,18.71,19.17,12956.0,1,0.0
2022-05-06 17:00:00,19.17,19.19,18.7,18.72,10822.0,1,0.0
2022-05-06 18:00:00,18.72,18.77,18.51,18.54,10366.0,1,0.0
2022-05-06 19:00:00,18.53,18.67,18.39,18.61,8237.0,1,0.0
2022-05-09 10:00:00,18.16,18.16,18.03,18.08,836.0,3,0.0
2022-05-09 11:00:00,18.08,18.13,17.86,17.97,1397.0,2,0.0
2022-05-09 12:00:00,17.96,18.16,17.93,18.07,1135.0,2,0.0
2022-05-09 13:00:00,18.07,18.24,17.86,18.04,9028.0,1,0.0
2022-05-09 14:00:00,18.05,18.09,17.39,17.43,14797.0,1,0.0
2022-05-09 15:00:00,17.42,17.54,17.21,17.45,11191.0,1,0.0
2022-05-09 16:00:00,17.45,17.67,17.28,17.3,9973.0,1,0.0
2022-05-09 17:00:00,17.3,17.34,17.02,17.09,8836.0,1,0.0
2022-05-09 18:00:00,17.09,17.17,16.92,17.13,8381.0,1,0.0
2022-05-09 19:00:00,17.13,17.26,16.92,16.94,8079.0,1,0.0
2022-05-10 10:00:00,17.34,17.4,17.28,17.3,460.0,4,0.0
2022-05-10 11:00:00,17.3,17.32,17.14,17.24,697.0,3,0.0
2022-05-10 12:00:00,17.23,17.54,17.23,17.53,949.0,2,0.0
2022-05-10 13:00:00,17.52,17.76,17.11,17.68,9798.0,1,0.0
2022-05-10 14:00:00,17.68,18.19,17.31,17.33,16821.0,1,0.0
2022-05-10 15:00:00,17.33,17.46,17.02,17.34,13994.0,1,0.0
2022-05-10 16:00:00,17.34,17.52,17.22,17.29,12602.0,1,0.0
2022-05-10 17:00:00,17.29,17.93,17.26,17.93,11423.0,1,0.0
2022-05-10 18:00:00,17.93,18.07,17.72,17.9,12628.0,1,0.0
2022-05-10 19:00:00,17.9,18.02,17.62,17.62,8660.0,1,0.0
2022-05-11 10:00:00,17.91,18.02,17.85,17.96,540.0,4,0.0
2022-05-11 11:00:00,17.96,17.99,17.88,17.91,829.0,2,0.0
2022-05-11 12:00:00,17.91,17.97,17.02,17.08,2114.0,3,0.0
2022-05-11 13:00:00,17.08,17.74,16.94,17.4,7642.0,2,0.0
2022-05-11 14:00:00,17.4,17.75,17.16,17.47,15581.0,1,0.0
2022-05-11 15:00:00,17.48,17.52,17.01,17.3,13741.0,1,0.0
2022-05-11 16:00:00,17.3,17.44,16.99,17.06,9982.0,1,0.0
2022-05-11 17:00:00,17.06,17.13,16.82,16.83,11166.0,1,0.0
2022-05-11 18:00:00,16.83,17.1,16.77,16.81,12618.0,1,0.0
2022-05-11 19:00:00,16.8,16.83,16.63,16.69,8437.0,1,0.0
2022-05-12 10:00:00,16.3,16.39,16.27,16.33,525.0,4,0.0
2022-05-12 11:00:00,16.34,16.44,16.19,16.22,907.0,2,0.0
2022-05-12 12:00:00,16.22,16.27,16.1,16.2,1165.0,2,0.0
2022-05-12 13:00:00,16.2,16.32,15.65,15.93,12939.0,1,0.0
2022-05-12 14:00:00,15.92,16.71,15.74,16.67,20739.0,1,0.0
2022-05-12 15:00:00,16.67,16.78,15.93,15.93,13375.0,1,0.0
2022-05-12 16:00:00,15.93,16.32,15.78,16.14,12643.0,1,0.0
2022-05-12 17:00:00,16.13,16.21,15.65,15.69,10345.0,1,0.0
2022-05-12 18:00:00,15.69,15.78,15.56,15.63,10561.0,1,0.0
2022-05-12 19:00:00,15.63,16.02,15.61,15.89,11095.0,1,0.0
2022-05-13 10:00:00,16.63,16.7,16.6,16.68,347.0,6,0.0
2022-05-13 11:00:00,16.68,16.83,16.63,16.81,593.0,3,0.0
2022-05-13 12:00:00,16.81,16.84,16.73,16.8,681.0,3,0.0
2022-05-13 13:00:00,16.8,17.4,16.59,17.21,11140.0,1,0.0
2022-05-13 14:00:00,17.21,17.55,17.15,17.47,12002.0,1,0.0
2022-05-13 15:00:00,17.47,17.71,17.4,17.69,8637.0,1,0.0
2022-05-13 16:00:00,17.69,17.92,17.57,17.78,7493.0,1,0.0
2022-05-13 17:00:00,17.78,17.82,17.58,17.61,7371.0,1,0.0
2022-05-13 18:00:00,17.61,17.72,17.35,17.7,9010.0,1,0.0
2022-05-13 19:00:00,17.7,17.85,17.64,17.71,6614.0,1,0.0
2022-05-16 10:00:00,17.52,17.6,17.51,17.56,688.0,2,0.0
2022-05-16 11:00:00,17.57,17.65,17.53,17.58,892.0,2,0.0
2022-05-16 12:00:00,17.58,17.71,17.54,17.57,831.0,2,0.0
2022-05-16 13:00:00,17.59,17.68,17.1,17.53,6783.0,1,0.0
2022-05-16 14:00:00,17.53,17.78,17.26,17.26,9007.0,1,0.0
2022-05-16 15:00:00,17.26,17.54,17.19,17.5,7798.0,1,0.0
2022-05-16 16:00:00,17.5,17.58,17.27,17.3,5985.0,1,0.0
2022-05-16 17:00:00,17.3,17.6,17.25,17.52,5598.0,1,0.0
2022-05-16 18:00:00,17.52,17.68,17.45,17.58,5830.0,1,0.0
2022-05-16 19:00:00,17.58,17.61,17.23,17.25,4525.0,1,0.0
2022-05-17 10:00:00,17.84,17.85,17.75,17.76,377.0,6,0.0
2022-05-17 11:00:00,17.76,17.85,17.72,17.82,753.0,2,0.0
2022-05-17 12:00:00,17.82,17.92,17.76,17.91,1079.0,2,0.0
2022-05-17 13:00:00,17.91,18.36,17.88,17.93,8189.0,1,0.0
2022-05-17 14:00:00,17.93,18.07,17.63,17.77,9972.0,1,0.0
2022-05-17 15:00:00,17.77,18.15,17.7,18.13,7117.0,1,0.0
2022-05-17 16:00:00,18.13,18.14,17.9,17.92,6232.0,1,0.0
2022-05-17 17:00:00,17.92,18.04,17.85,18.01,4939.0,1,0.0
2022-05-17 18:00:00,18.01,18.15,17.69,18.04,9758.0,1,0.0
2022-05-17 19:00:00,18.04,18.23,18.04,18.12,5532.0,1,0.0
2022-05-18 10:00:00,18.06,18.07,18.0,18.03,293.0,2,0.0
2022-05-18 11:00:00,18.03,18.07,17.87,17.87,866.0,2,0.0
2022-05-18 12:00:00,17.87,17.92,17.72,17.73,594.0,2,0.0
2022-05-18 13:00:00,17.74,17.97,17.56,17.83,5640.0,1,0.0
2022-05-18 14:00:00,17.83,18.11,17.82,18.02,9332.0,1,0.0
2022-05-18 15:00:00,18.02,18.02,17.3,17.34,4864.0,1,0.0
2022-05-18 16:00:00,17.34,17.37,17.12,17.34,5880.0,1,0.0
2022-05-18 17:00:00,17.34,17.34,16.94,16.99,5902.0,1,0.0
2022-05-18 18:00:00,16.99,17.07,16.86,16.9,7103.0,1,0.0
2022-05-18 19:00:00,16.9,17.09,16.86,16.98,5254.0,1,0.0
2022-05-19 10:00:00,16.44,16.65,16.44,16.6,741.0,3,0.0
2022-05-19 11:00:00,16.6,16.72,16.52,16.68,1230.0,2,0.0
2022-05-19 12:00:00,16.69,16.72,16.59,16.67,1036.0,2,0.0
2022-05-19 13:00:00,16.68,17.4,16.68,17.05,9163.0,1,0.0
2022-05-19 14:00:00,17.04,17.49,17.02,17.43,12406.0,1,0.0
2022-05-19 15:00:00,17.43,17.68,17.31,17.61,9644.0,1,0.0
2022-05-19 16:00:00,17.62,17.64,17.21,17.32,7306.0,1,0.0
2022-05-19 17:00:00,17.32,17.45,17.13,17.42,9022.0,1,0.0
2022-05-19 18:00:00,17.42,17.52,17.27,17.47,8962.0,1,0.0
2022-05-19 19:00:00,17.47,17.54,17.15,17.29,6681.0,1,0.0
2022-05-20 10:00:00,17.59,17.67,17.51,17.54,814.0,3,0.0
2022-05-20 11:00:00,17.56,17.62,17.52,17.57,907.0,2,0.0
2022-05-20 12:00:00,17.57,17.57,17.43,17.47,483.0,2,0.0
2022-05-20 13:00:00,17.46,17.54,16.78,16.91,9107.0,1,0.0
2022-05-20 14:00:00,16.91,16.93,16.42,16.44,11119.0,1,0.0
2022-05-20 15:00:00,16.45,16.51,16.17,16.25,8397.0,1,0.0
2022-05-20 16:00:00,16.24,16.27,15.76,15.88,8011.0,1,0.0
2022-05-20 17:00:00,15.88,16.12,15.75,16.07,7629.0,1,0.0
2022-05-20 18:00:00,16.07,16.14,15.85,16.03,8318.0,1,0.0
2022-05-20 19:00:00,16.03,16.56,15.96,16.46,6945.0,1,0.0
2022-05-23 10:00:00,16.74,16.88,16.73,16.87,614.0,3,0.0
2022-05-23 11:00:00,16.86,16.86,16.52,16.58,1014.0,2,0.0
2022-05-23 12:00:00,16.59,16.66,16.24,16.35,1109.0,3,0.0
2022-05-23 13:00:00,16.36,16.82,16.18,16.45,10493.0,1,0.0
2022-05-23 14:00:00,16.45,16.62,16.25,16.43,15527.0,1,0.0
2022-05-23 15:00:00,16.43,16.81,16.38,16.71,9306.0,1,0.0
2022-05-23 16:00:00,16.71,16.9,16.61,16.68,8573.0,1,0.0
2022-05-23 17:00:00,16.68,16.77,16.53,16.74,7210.0,1,0.0
2022-05-23 18:00:00,16.74,16.9,16.68,16.8,8442.0,1,0.0
2022-05-23 19:00:00,16.8,16.88,16.7,16.77,6384.0,1,0.0
2022-05-24 10:00:00,16.63,16.66,16.58,16.65,1025.0,2,0.0
2022-05-24 11:00:00,16.65,16.77,16.63,16.68,1214.0,2,0.0
2022-05-24 12:00:00,16.68,16.7,16.61,16.67,919.0,2,0.0
2022-05-24 13:00:00,16.67,16.67,15.91,15.92,7488.0,1,0.0
2022-05-24 14:00:00,15.92,16.18,15.78,16.03,11377.0,1,0.0
2022-05-24 15:00:00,16.03,16.24,15.95,16.17,9760.0,1,0.0
2022-05-24 16:00:00,16.17,16.44,16.12,16.2,9477.0,1,0.0
2022-05-24 17:00:00,16.19,16.29,16.06,16.22,8638.0,1,0.0
2022-05-24 18:00:00,16.22,16.33,15.97,16.03,9872.0,1,0.0
2022-05-24 19:00:00,16.03,16.3,15.97,16.17,7820.0,1,0.0
2022-05-25 10:00:00,16.17,16.19,16.08,16.11,1045.0,1,0.0
2022-05-25 11:00:00,16.11,16.17,15.9,15.96,1165.0,2,0.0
2022-05-25 12:00:00,15.96,16.06,15.9,15.97,775.0,2,0.0
2022-05-25 13:00:00,15.97,16.69,15.94,16.42,9702.0,1,0.0
2022-05-25 14:00:00,16.42,16.75,16.32,16.53,10776.0,1,0.0
2022-05-25 15:00:00,16.53,16.69,16.42,16.65,7241.0,1,0.0
2022-05-25 16:00:00,16.65,16.78,16.57,16.69,6400.0,1,0.0
2022-05-25 17:00:00,16.68,16.77,16.58,16.72,5171.0,1,0.0
2022-05-25 18:00:00,16.72,16.96,16.52,16.92,11424.0,1,0.0
2022-05-25 19:00:00,16.93,17.1,16.82,16.86,5948.0,1,0.0
2022-05-26 10:00:00,16.0,16.15,16.0,16.07,502.0,4,0.0
2022-05-26 11:00:00,16.07,16.35,15.91,16.34,1675.0,2,0.0
2022-05-26 12:00:00,16.34,16.37,16.16,16.34,1582.0,2,0.0
2022-05-26 13:00:00,16.34,17.18,16.0,17.09,12281.0,1,0.0
2022-05-26 14:00:00,17.09,17.53,16.88,17.49,12441.0,1,0.0
2022-05-26 15:00:00,17.49,17.72,17.48,17.71,8911.0,1,0.0
2022-05-26 16:00:00,17.71,17.99,17.65,17.94,6962.0,1,0.0
2022-05-26 17:00:00,17.94,18.09,17.83,17.95,6317.0,1,0.0
2022-05-26 18:00:00,17.95,18.02,17.9,18.0,5966.0,1,0.0
2022-05-26 19:00:00,18.0,18.01,17.74,17.9,5618.0,1,0.0
2022-05-27 10:00:00,18.05,18.05,17.91,17.96,479.0,3,0.0
2022-05-27 11:00:00,17.96,18.01,17.79,17.81,850.0,2,0.0
2022-05-27 12:00:00,17.8,18.17,17.8,18.1,1174.0,2,0.0
2022-05-27 13:00:00,18.11,18.58,18.07,18.3,10234.0,1,0.0
2022-05-27 14:00:00,18.3,18.67,18.27,18.43,12983.0,1,0.0
2022-05-27 15:00:00,18.43,18.58,18.36,18.54,7012.0,1,0.0
2022-05-27 16:00:00,18.55,18.61,18.46,18.58,5093.0,1,0.0
2022-05-27 17:00:00,18.58,18.64,18.52,18.62,4922.0,1,0.0
2022-05-27 18:00:00,18.63,18.76,18.55,18.73,4822.0,1,0.0
2022-05-27 19:00:00,18.73,18.87,18.72,18.78,3980.0,1,0.0
2022-05-31 10:00:00,18.73,18.82,18.67,18.78,546.0,2,0.0
2022-05-31 11:00:00,18.78,18.87,18.75,18.83,752.0,2,0.0
2022-05-31 12:00:00,18.83,18.88,18.66,18.7,610.0,2,0.0
2022-05-31 13:00:00,18.7,19.15,18.34,18.56,8642.0,1,0.0
2022-05-31 14:00:00,18.56,18.98,18.35,18.82,13279.0,1,0.0
2022-05-31 15:00:00,18.81,19.01,18.62,18.94,9634.0,1,0.0
2022-05-31 16:00:00,18.94,19.07,18.77,18.96,7203.0,1,0.0
2022-05-31 17:00:00,18.96,18.98,18.76,18.92,7667.0,1,0.0
2022-05-31 18:00:00,18.92,18.94,18.48,18.55,8326.0,1,0.0
2022-05-31 19:00:00,18.55,18.83,18.49,18.67,6814.0,1,0.0
2022-06-01 10:00:00,18.53,18.55,18.47,18.55,447.0,2,0.0
2022-06-01 11:00:00,18.55,18.65,18.54,18.65,984.0,2,0.0
2022-06-01 12:00:00,18.65,18.74,18.63,18.64,686.0,3,0.0
2022-06-01 13:00:00,18.64,19.04,18.62,18.97,8804.0,1,0.0
2022-06-01 14:00:00,18.98,19.01,18.45,18.75,12972.0,1,0.0
2022-06-01 15:00:00,18.75,18.76,18.32,18.33,9865.0,1,0.0
2022-06-01 16:00:00,18.33,18.37,18.11,18.34,8124.0,1,0.0
2022-06-01 17:00:00,18.34,18.43,18.27,18.34,7826.0,1,0.0
2022-06-01 18:00:00,18.34,18.56,18.32,18.42,8634.0,1,0.0
2022-06-01 19:00:00,18.42,18.55,18.35,18.49,6726.0,1,0.0
2022-06-02 10:00:00,18.48,18.55,18.43,18.53,670.0,1,0.0
2022-06-02 11:00:00,18.52,18.53,18.45,18.51,523.0,2,0.0
2022-06-02 12:00:00,18.51,18.52,18.39,18.39,664.0,2,0.0
2022-06-02 13:00:00,18.39,18.81,18.16,18.74,9903.0,1,0.0
2022-06-02 14:00:00,18.74,19.13,18.68,18.97,14870.0,1,0.0
2022-06-02 15:00:00,18.97,19.5,18.95,19.31,9373.0,1,0.0
2022-06-02 16:00:00,19.31,19.54,19.3,19.49,6529.0,1,0.0
2022-06-02 17:00:00,19.49,19.59,19.41,19.54,6291.0,1,0.0
2022-06-02 18:00:00,19.54,19.61,19.36,19.37,5216.0,1,0.0
2022-06-02 19:00:00,19.37,19.52,19.36,19.47,5200.0,1,0.0
2022-06-03 10:00:00,19.41,19.45,19.26,19.29,728.0,2,0.0
2022-06-03 11:00:00,19.29,19.34,19.22,19.23,707.0,2,0.0
2022-06-03 12:00:00,19.24,19.34,19.06,19.16,1180.0,2,0.0
2022-06-03 13:00:00,19.17,19.26,18.92,19.2,8950.0,1,0.0
2022-06-03 14:00:00,19.21,19.32,18.76,18.76,12977.0,1,0.0
2022-06-03 15:00:00,18.77,18.78,18.51,18.72,8216.0,1,0.0
2022-06-03 16:00:00,18.72,18.93,18.66,18.92,7525.0,1,0.0
2022-06-03 17:00:00,18.92,18.99,18.7,18.71,6899.0,1,0.0
2022-06-03 18:00:00,18.71,18.87,18.67,18.8,6055.0,1,0.0
2022-06-03 19:00:00,18.8,18.82,18.65,18.69,5585.0,1,0.0
2022-06-06 10:00:00,19.15,19.17,19.12,19.17,268.0,1,0.0
2022-06-06 11:00:00,19.17,19.17,19.05,19.11,498.0,2,0.0
2022-06-06 12:00:00,19.11,19.18,19.09,19.12,665.0,2,0.0
2022-06-06 13:00:00,19.12,19.32,18.85,19.09,6606.0,1,0.0
2022-06-06 14:00:00,19.1,19.26,19.07,19.11,9512.0,1,0.0
2022-06-06 15:00:00,19.12,19.14,18.76,18.88,8602.0,1,0.0
2022-06-06 16:00:00,18.88,18.89,18.56,18.8,7859.0,1,0.0
2022-06-06 17:00:00,18.8,19.0,18.68,18.99,6769.0,1,0.0
2022-06-06 18:00:00,18.99,19.01,18.68,18.76,7359.0,1,0.0
2022-06-06 19:00:00,18.76,18.8,18.64,18.78,6111.0,1,0.0
2022-06-07 10:00:00,18.64,18.64,18.47,18.49,589.0,3,0.0
2022-06-07 11:00:00,18.5,18.56,18.4,18.5,950.0,3,0.0
2022-06-07 12:00:00,18.5,18.51,18.41,18.42,641.0,3,0.0
2022-06-07 13:00:00,18.42,18.74,18.19,18.56,6417.0,1,0.0
2022-06-07 14:00:00,18.56,18.92,18.45,18.82,8108.0,1,0.0
2022-06-07 15:00:00,18.82,18.85,18.54,18.68,6706.0,1,0.0
2022-06-07 16:00:00,18.68,18.75,18.59,18.75,5489.0,1,0.0
2022-06-07 17:00:00,18.75,18.85,18.71,18.77,4798.0,1,0.0
2022-06-07 18:00:00,18.77,18.88,18.71,18.75,4843.0,1,0.0
2022-06-07 19:00:00,18.75,18.91,18.74,18.87,3129.0,1,0.0
2022-06-08 10:00:00,18.9,18.9,18.8,18.87,623.0,1,0.0
2022-06-08 11:00:00,18.87,19.01,18.84,18.96,515.0,2,0.0
2022-06-08 12:00:00,18.96,18.99,18.81,18.87,750.0,2,0.0
2022-06-08 13:00:00,18.86,19.17,18.65,19.14,5832.0,1,0.0
2022-06-08 14:00:00,19.14,19.17,18.89,18.98,9081.0,1,0.0
2022-06-08 15:00:00,18.99,18.99,18.8,18.8,6268.0,1,0.0
2022-06-08 16:00:00,18.8,18.85,18.53,18.66,6588.0,1,0.0
2022-06-08 17:00:00,18.66,18.73,18.58,18.72,5947.0,1,0.0
2022-06-08 18:00:00,18.72,18.78,18.59,18.63,5615.0,1,0.0
2022-06-08 19:00:00,18.63,18.71,18.54,18.65,3906.0,1,0.0
2022-06-09 10:00:00,18.74,18.84,18.67,18.78,745.0,1,0.0
2022-06-09 11:00:00,18.78,18.79,18.66,18.68,769.0,2,0.0
2022-06-09 12:00:00,18.68,18.68,18.47,18.5,900.0,3,0.0
2022-06-09 13:00:00,18.49,18.82,18.42,18.79,6903.0,1,0.0
2022-06-09 14:00:00,18.79,18.93,18.6,18.7,10088.0,1,0.0
2022-06-09 15:00:00,18.69,18.71,18.51,18.64,8179.0,1,0.0
2022-06-09 16:00:00,18.65,18.68,18.55,18.66,6512.0,1,0.0
2022-06-09 17:00:00,18.66,18.7,18.42,18.53,4923.0,1,0.0
2022-06-09 18:00:00,18.53,18.56,18.33,18.33,4770.0,1,0.0
2022-06-09 19:00:00,18.33,18.34,18.14,18.15,4541.0,1,0.0
2022-06-10 10:00:00,18.08,18.09,18.01,18.01,518.0,2,0.0
2022-06-10 11:00:00,18.02,18.09,18.01,18.06,603.0,2,0.0
2022-06-10 12:00:00,18.06,18.08,17.26,17.36,1971.0,2,0.0
2022-06-10 13:00:00,17.36,17.69,17.25,17.38,9026.0,1,0.0
2022-06-10 14:00:00,17.37,17.37,17.0,17.01,11601.0,1,0.0
2022-06-10 15:00:00,17.01,17.09,16.87,17.06,7769.0,1,0.0
2022-06-10 16:00:00,17.06,17.11,16.97,17.05,6039.0,1,0.0
2022-06-10 17:00:00,17.05,17.25,17.02,17.14,5687.0,1,0.0
2022-06-10 18:00:00,17.14,17.2,17.05,17.17,5701.0,1,0.0
2022-06-10 19:00:00,17.17,17.23,17.05,17.07,5415.0,1,0.0
2022-06-13 10:00:00,16.18,16.28,16.15,16.25,529.0,4,0.0
2022-06-13 11:00:00,16.26,16.28,15.97,16.0,835.0,2,0.0
2022-06-13 12:00:00,16.0,16.14,15.99,16.05,1061.0,2,0.0
2022-06-13 13:00:00,16.05,16.3,15.93,15.98,8350.0,1,0.0
2022-06-13 14:00:00,15.98,16.13,15.7,15.76,10700.0,1,0.0
2022-06-13 15:00:00,15.76,15.92,15.66,15.86,9432.0,1,0.0
2022-06-13 16:00:00,15.86,16.15,15.82,15.9,10404.0,1,0.0
2022-06-13 17:00:00,15.9,16.01,15.85,15.99,6394.0,1,0.0
2022-06-13 18:00:00,15.99,16.0,15.78,15.78,7217.0,1,0.0
2022-06-13 19:00:00,15.78,15.89,15.64,15.67,7735.0,1,0.0
2022-06-14 10:00:00,15.83,15.86,15.72,15.84,1066.0,3,0.0
2022-06-14 11:00:00,15.84,15.84,15.68,15.69,1120.0,2,0.0
2022-06-14 12:00:00,15.71,15.87,15.68,15.81,1116.0,3,0.0
2022-06-14 13:00:00,15.81,15.91,15.41,15.76,8138.0,1,0.0
2022-06-14 14:00:00,15.76,15.82,15.5,15.71,10965.0,1,0.0
2022-06-14 15:00:00,15.71,15.93,15.63,15.9,9570.0,1,0.0
2022-06-14 16:00:00,15.9,15.9,15.71,15.79,7097.0,1,0.0
2022-06-14 17:00:00,15.79,16.06,15.77,15.81,6478.0,1,0.0
2022-06-14 18:00:00,15.82,15.89,15.75,15.76,5578.0,1,0.0
2022-06-14 19:00:00,15.76,15.9,15.59,15.81,4757.0,1,0.0
2022-06-15 10:00:00,15.92,15.94,15.9,15.93,514.0,2,0.0
2022-06-15 11:00:00,15.93,16.05,15.91,16.04,903.0,2,0.0
2022-06-15 12:00:00,16.04,16.11,15.95,16.07,975.0,2,0.0
2022-06-15 13:00:00,16.07,16.34,16.01,16.14,6880.0,1,0.0
2022-06-15 14:00:00,16.14,16.38,16.05,16.2,8515.0,1,0.0
2022-06-15 15:00:00,16.21,16.3,16.14,16.27,6318.0,1,0.0
2022-06-15 16:00:00,16.27,16.33,16.17,16.19,4634.0,1,0.0
2022-06-15 17:00:00,16.19,16.41,16.17,16.38,4326.0,1,0.0
2022-06-15 18:00:00,16.38,16.8,15.92,16.45,12755.0,1,0.0
2022-06-15 19:00:00,16.45,16.86,16.39,16.57,8183.0,1,0.0
2022-06-16 10:00:00,15.88,15.96,15.85,15.87,448.0,4,0.0
2022-06-16 11:00:00,15.88,15.98,15.88,15.94,1029.0,2,0.0
2022-06-16 12:00:00,15.93,16.13,15.93,16.01,1125.0,2,0.0
2022-06-16 13:00:00,16.01,16.06,15.59,15.62,8099.0,1,0.0
2022-06-16 14:00:00,15.62,15.72,15.47,15.47,9518.0,1,0.0
2022-06-16 15:00:00,15.47,15.72,15.47,15.56,7690.0,1,0.0
2022-06-16 16:00:00,15.56,15.65,15.45,15.63,6887.0,1,0.0
2022-06-16 17:00:00,15.63,15.68,15.46,15.46,7970.0,1,0.0
2022-06-16 18:00:00,15.46,15.53,15.4,15.45,5444.0,1,0.0
2022-06-16 19:00:00,15.46,15.64,15.45,15.5,5938.0,1,0.0
2022-06-17 10:00:00,15.8,15.84,15.78,15.81,270.0,4,0.0
2022-06-17 11:00:00,15.81,15.86,15.79,15.82,464.0,2,0.0
2022-06-17 12:00:00,15.82,15.87,15.77,15.78,693.0,2,0.0
2022-06-17 13:00:00,15.77,15.99,15.6,15.88,7091.0,1,0.0
2022-06-17 14:00:00,15.89,15.89,15.32,15.54,10124.0,1,0.0
2022-06-17 15:00:00,15.54,15.78,15.47,15.65,7858.0,1,0.0
2022-06-17 16:00:00,15.66,15.87,15.6,15.81,6979.0,1,0.0
2022-06-17 17:00:00,15.81,15.97,15.78,15.85,6443.0,1,0.0
2022-06-17 18:00:00,15.86,15.93,15.8,15.82,5665.0,1,0.0
2022-06-17 19:00:00,15.82,15.87,15.68,15.76,5122.0,1,0.0
2022-06-21 10:00:00,16.31,16.36,16.3,16.35,213.0,6,0.0
2022-06-21 11:00:00,16.35,16.37,16.29,16.31,436.0,3,0.0
2022-06-21 12:00:00,16.32,16.43,16.31,16.37,636.0,3,0.0
2022-06-21 13:00:00,16.37,16.91,16.37,16.9,8233.0,1,0.0
2022-06-21 14:00:00,16.91,17.0,16.82,16.92,8895.0,1,0.0
2022-06-21 15:00:00,16.92,17.0,16.74,16.74,5814.0,1,0.0
2022-06-21 16:00:00,16.74,16.89,16.69,16.89,5294.0,1,0.0
2022-06-21 17:00:00,16.89,16.92,16.77,16.78,4483.0,1,0.0
2022-06-21 18:00:00,16.78,16.78,16.65,16.71,5100.0,1,0.0
2022-06-21 19:00:00,16.71,16.73,16.57,16.6,3147.0,1,0.0
2022-06-22 10:00:00,16.1,16.13,16.04,16.11,262.0,4,0.0
2022-06-22 11:00:00,16.11,16.19,16.1,16.15,605.0,2,0.0
2022-06-22 12:00:00,16.16,16.18,16.07,16.17,892.0,2,0.0
2022-06-22 13:00:00,16.16,16.54,16.12,16.46,8194.0,1,0.0
2022-06-22 14:00:00,16.45,16.65,16.38,16.49,9665.0,1,0.0
2022-06-22 15:00:00,16.49,16.59,16.31,16.33,7740.0,1,0.0
2022-06-22 16:00:00,16.33,16.46,16.26,16.45,6438.0,1,0.0
2022-06-22 17:00:00,16.45,16.52,16.39,16.49,4490.0,1,0.0
2022-06-22 18:00:00,16.49,16.66,16.47,16.54,5058.0,1,0.0
2022-06-22 19:00:00,16.54,16.58,16.35,16.38,4765.0,1,0.0
2022-06-23 10:00:00,16.54,16.63,16.5,16.6,695.0,3,0.0
2022-06-23 11:00:00,16.6,16.62,16.53,16.56,685.0,2,0.0
2022-06-23 12:00:00,16.56,16.57,16.45,16.51,684.0,2,0.0
2022-06-23 13:00:00,16.51,16.58,15.95,16.18,9411.0,1,0.0
2022-06-23 14:00:00,16.19,16.42,16.05,16.35,11719.0,1,0.0
2022-06-23 15:00:00,16.34,16.37,16.16,16.16,7596.0,1,0.0
2022-06-23 16:00:00,16.16,16.17,15.94,15.98,6642.0,1,0.0
2022-06-23 17:00:00,15.98,16.0,15.85,15.98,6799.0,1,0.0
2022-06-23 18:00:00,15.98,16.06,15.94,16.03,5238.0,1,0.0
2022-06-23 19:00:00,16.03,16.26,16.0,16.22,3768.0,1,0.0
2022-06-24 10:00:00,16.46,16.49,16.45,16.46,201.0,4,0.0
2022-06-24 11:00:00,16.46,16.47,16.4,16.41,400.0,3,0.0
2022-06-24 12:00:00,16.42,16.46,16.4,16.42,449.0,2,0.0
2022-06-24 13:00:00,16.42,16.7,16.31,16.59,6925.0,1,0.0
2022-06-24 14:00:00,16.59,17.06,16.59,16.96,11747.0,1,0.0
2022-06-24 15:00:00,16.96,17.02,16.76,16.83,6079.0,1,0.0
2022-06-24 16:00:00,16.83,16.91,16.82,16.9,4313.0,1,0.0
2022-06-24 17:00:00,16.9,16.93,16.8,16.82,3640.0,1,0.0
2022-06-24 18:00:00,16.82,16.95,16.8,16.94,2788.0,1,0.0
2022-06-24 19:00:00,16.94,16.94,16.86,16.91,2257.0,1,0.0
2022-06-27 10:00:00,17.35,17.36,17.26,17.31,371.0,4,0.0
2022-06-27 11:00:00,17.31,17.4,17.3,17.32,431.0,3,0.0
2022-06-27 12:00:00,17.32,17.35,17.19,17.23,691.0,2,0.0
2022-06-27 13:00:00,17.23,17.35,16.62,16.8,8000.0,1,0.0
2022-06-27 14:00:00,16.8,17.1,16.67,17.07,9625.0,1,0.0
2022-06-27 15:00:00,17.07,17.15,16.97,17.02,6759.0,1,0.0
2022-06-27 16:00:00,17.02,17.04,16.88,17.0,5835.0,1,0.0
2022-06-27 17:00:00,17.0,17.03,16.87,16.88,5379.0,1,0.0
2022-06-27 18:00:00,16.88,17.02,16.86,16.95,5062.0,1,0.0
2022-06-27 19:00:00,16.95,16.97,16.84,16.91,4549.0,1,0.0
2022-06-28 10:00:00,16.94,16.98,16.93,16.97,342.0,1,0.0
2022-06-28 11:00:00,16.96,16.98,16.94,16.96,616.0,2,0.0
2022-06-28 12:00:00,16.96,16.97,16.85,16.88,695.0,2,0.0
2022-06-28 13:00:00,16.89,17.2,16.78,16.89,8088.0,1,0.0
2022-06-28 14:00:00,16.89,16.93,16.42,16.49,11209.0,1,0.0
2022-06-28 15:00:00,16.49,16.52,16.09,16.12,7484.0,1,0.0
2022-06-28 16:00:00,16.12,16.23,16.05,16.18,6985.0,1,0.0
2022-06-28 17:00:00,16.18,16.18,16.02,16.09,6185.0,1,0.0
2022-06-28 18:00:00,16.09,16.16,15.96,16.02,4721.0,1,0.0
2022-06-28 19:00:00,16.02,16.06,15.94,16.02,4151.0,1,0.0
2022-06-29 10:00:00,15.83,15.86,15.82,15.86,511.0,2,0.0
2022-06-29 11:00:00,15.86,15.93,15.81,15.92,553.0,2,0.0
2022-06-29 12:00:00,15.92,15.99,15.82,15.86,686.0,2,0.0
2022-06-29 13:00:00,15.86,15.91,15.17,15.44,12091.0,1,0.0
2022-06-29 14:00:00,15.44,15.61,15.25,15.43,15212.0,1,0.0
2022-06-29 15:00:00,15.43,15.57,15.34,15.49,8337.0,1,0.0
2022-06-29 16:00:00,15.49,15.5,15.29,15.41,6398.0,1,0.0
2022-06-29 17:00:00,15.41,15.47,15.33,15.44,5075.0,1,0.0
2022-06-29 18:00:00,15.44,15.49,15.33,15.39,4510.0,1,0.0
2022-06-29 19:00:00,15.39,15.51,15.37,15.48,4402.0,1,0.0
2022-06-30 10:00:00,15.19,15.23,15.14,15.17,236.0,4,0.0
2022-06-30 11:00:00,15.17,15.21,15.13,15.17,353.0,3,0.0
2022-06-30 12:00:00,15.17,15.39,15.15,15.27,861.0,2,0.0
2022-06-30 13:00:00,15.26,15.43,14.96,15.02,10090.0,1,0.0
2022-06-30 14:00:00,15.02,15.09,14.86,15.08,11578.0,1,0.0
2022-06-30 15:00:00,15.08,15.46,15.05,15.42,8527.0,1,0.0
2022-06-30 16:00:00,15.42,15.56,15.26,15.42,6942.0,1,0.0
2022-06-30 17:00:00,15.43,15.46,15.24,15.36,6153.0,1,0.0
2022-06-30 18:00:00,15.36,15.36,15.21,15.22,6976.0,1,0.0
2022-06-30 19:00:00,15.21,15.34,15.07,15.23,6203.0,1,0.0
2022-07-01 10:00:00,14.98,14.99,14.86,14.87,473.0,3,0.0
2022-07-01 11:00:00,14.87,14.96,14.87,14.88,724.0,2,0.0
2022-07-01 12:00:00,14.88,14.92,14.81,14.86,699.0,2,0.0
2022-07-01 13:00:00,14.86,15.06,14.59,14.84,11461.0,1,0.0
2022-07-01 14:00:00,14.84,14.97,14.51,14.65,14169.0,1,0.0
2022-07-01 15:00:00,14.65,14.76,14.53,14.56,8924.0,1,0.0
2022-07-01 16:00:00,14.56,14.64,14.46,14.46,6942.0,1,0.0
2022-07-01 17:00:00,14.46,14.54,14.41,14.5,6488.0,1,0.0
2022-07-01 18:00:00,14.51,14.63,14.39,14.6,4923.0,1,0.0
2022-07-01 19:00:00,14.6,14.61,14.48,14.52,3179.0,1,0.0
2022-07-05 10:00:00,14.34,14.38,14.32,14.33,233.0,4,0.0
2022-07-05 11:00:00,14.33,14.36,14.2,14.21,431.0,2,0.0
2022-07-05 12:00:00,14.21,14.21,14.12,14.14,697.0,2,0.0
2022-07-05 13:00:00,14.14,14.34,14.05,14.26,12095.0,1,0.0
2022-07-05 14:00:00,14.26,14.88,14.16,14.61,14947.0,1,0.0
2022-07-05 15:00:00,14.61,14.64,14.46,14.59,9168.0,1,0.0
2022-07-05 16:00:00,14.6,14.74,14.53,14.6,7216.0,1,0.0
2022-07-05 17:00:00,14.6,14.94,14.6,14.82,8086.0,1,0.0
2022-07-05 18:00:00,14.82,14.94,14.75,14.86,6513.0,1,0.0
2022-07-05 19:00:00,14.85,14.93,14.77,14.9,5433.0,1,0.0
2022-07-06 10:00:00,14.95,14.97,14.9,14.91,708.0,2,0.0
2022-07-06 11:00:00,14.92,14.93,14.83,14.86,525.0,2,0.0
2022-07-06 12:00:00,14.86,14.98,14.82,14.95,747.0,2,0.0
2022-07-06 13:00:00,14.95,15.16,14.84,15.03,11511.0,1,0.0
2022-07-06 14:00:00,15.03,15.22,14.79,15.21,12460.0,1,0.0
2022-07-06 15:00:00,15.21,15.23,14.92,14.99,7564.0,1,0.0
2022-07-06 16:00:00,14.99,15.09,14.96,15.07,4681.0,1,0.0
2022-07-06 17:00:00,15.08,15.15,15.07,15.12,3240.0,1,0.0
2022-07-06 18:00:00,15.12,15.29,14.97,15.29,11679.0,1,0.0
2022-07-06 19:00:00,15.29,15.31,15.18,15.18,4407.0,1,0.0
2022-07-07 10:00:00,15.34,15.36,15.32,15.35,221.0,4,0.0
2022-07-07 11:00:00,15.35,15.38,15.32,15.37,468.0,2,0.0
2022-07-07 12:00:00,15.37,15.44,15.33,15.41,542.0,2,0.0
2022-07-07 13:00:00,15.41,15.66,15.39,15.57,7101.0,1,0.0
2022-07-07 14:00:00,15.57,15.66,15.45,15.62,7238.0,1,0.0
2022-07-07 15:00:00,15.62,15.75,15.57,15.75,4175.0,1,0.0
2022-07-07 16:00:00,15.75,15.82,15.71,15.79,3257.0,1,0.0
2022-07-07 17:00:00,15.79,15.88,15.76,15.87,2571.0,1,0.0
2022-07-07 18:00:00,15.87,15.94,15.83,15.89,2536.0,1,0.0
2022-07-07 19:00:00,15.89,15.91,15.83,15.84,2046.0,1,0.0
2022-07-08 10:00:00,15.65,15.74,15.65,15.66,551.0,3,0.0
2022-07-08 11:00:00,15.66,15.73,15.64,15.72,525.0,2,0.0
2022-07-08 12:00:00,15.72,15.77,15.48,15.51,1004.0,2,0.0
2022-07-08 13:00:00,15.5,15.69,15.37,15.45,8958.0,1,0.0
2022-07-08 14:00:00,15.44,15.77,15.38,15.77,8170.0,1,0.0
2022-07-08 15:00:00,15.77,16.03,15.77,15.88,4901.0,1,0.0
2022-07-08 16:00:00,15.88,15.88,15.56,15.6,5281.0,1,0.0
2022-07-08 17:00:00,15.6,15.82,15.54,15.74,4134.0,1,0.0
2022-07-08 18:00:00,15.73,15.92,15.69,15.86,3514.0,1,0.0
2022-07-08 19:00:00,15.86,15.86,15.76,15.84,3443.0,1,0.0
2022-07-11 10:00:00,15.54,15.59,15.52,15.53,242.0,4,0.0
2022-07-11 11:00:00,15.53,15.57,15.52,15.55,479.0,2,0.0
2022-07-11 12:00:00,15.55,15.58,15.53,15.58,343.0,2,0.0
2022-07-11 13:00:00,15.58,15.62,15.04,15.15,7532.0,1,0.0
2022-07-11 14:00:00,15.14,15.3,15.05,15.17,7613.0,1,0.0
2022-07-11 15:00:00,15.17,15.28,15.13,15.18,4574.0,1,0.0
2022-07-11 16:00:00,15.18,15.27,15.14,15.23,3172.0,1,0.0
2022-07-11 17:00:00,15.23,15.37,15.23,15.32,3073.0,1,0.0
2022-07-11 18:00:00,15.32,15.33,15.14,15.15,3120.0,1,0.0
2022-07-11 19:00:00,15.15,15.19,15.08,15.15,2621.0,1,0.0
2022-07-12 10:00:00,14.89,14.99,14.89,14.96,492.0,2,0.0
2022-07-12 11:00:00,14.96,15.12,14.96,15.08,713.0,2,0.0
2022-07-12 12:00:00,15.08,15.2,15.05,15.17,591.0,2,0.0
2022-07-12 13:00:00,15.17,15.42,15.02,15.02,8801.0,1,0.0
2022-07-12 14:00:00,15.02,15.15,14.87,15.1,9187.0,1,0.0
2022-07-12 15:00:00,15.1,15.33,15.06,15.31,5133.0,1,0.0
2022-07-12 16:00:00,15.31,15.35,15.2,15.23,3790.0,1,0.0
2022-07-12 17:00:00,15.23,15.3,15.14,15.24,3495.0,1,0.0
2022-07-12 18:00:00,15.24,15.28,15.14,15.15,2955.0,1,0.0
2022-07-12 19:00:00,15.15,15.15,14.98,15.01,3168.0,1,0.0
2022-07-13 10:00:00,15.17,15.18,15.1,15.14,582.0,2,0.0
2022-07-13 11:00:00,15.13,15.16,15.1,15.15,342.0,2,0.0
2022-07-13 12:00:00,15.15,15.27,14.56,14.71,2006.0,2,0.0
2022-07-13 13:00:00,14.7,14.95,14.46,14.91,11936.0,1,0.0
2022-07-13 14:00:00,14.91,15.37,14.77,15.27,11711.0,1,0.0
2022-07-13 15:00:00,15.28,15.36,15.06,15.16,6002.0,1,0.0
2022-07-13 16:00:00,15.16,15.28,15.12,15.28,5037.0,1,0.0
2022-07-13 17:00:00,15.28,15.34,15.19,15.32,4171.0,1,0.0
2022-07-13 18:00:00,15.32,15.32,15.15,15.29,5094.0,1,0.0
2022-07-13 19:00:00,15.29,15.3,15.14,15.17,3541.0,1,0.0
2022-07-14 10:00:00,15.1,15.15,15.07,15.13,1040.0,2,0.0
2022-07-14 11:00:00,15.12,15.15,15.05,15.06,1232.0,2,0.0
2022-07-14 12:00:00,15.07,15.2,15.02,15.17,1038.0,3,0.0
2022-07-14 13:00:00,15.17,15.18,14.85,14.95,9974.0,1,0.0
2022-07-14 14:00:00,14.95,14.96,14.73,14.84,7640.0,1,0.0
2022-07-14 15:00:00,14.84,15.09,14.84,15.08,6110.0,1,0.0
2022-07-14 16:00:00,15.08,15.1,14.95,15.0,3913.0,1,0.0
2022-07-14 17:00:00,15.0,15.34,14.98,15.3,4279.0,1,0.0
2022-07-14 18:00:00,15.3,15.47,15.24,15.39,4057.0,1,0.0
2022-07-14 19:00:00,15.39,15.43,15.3,15.37,3105.0,1,0.0
2022-07-15 10:00:00,15.45,15.49,15.44,15.48,263.0,2,0.0
2022-07-15 11:00:00,15.48,15.57,15.47,15.48,667.0,2,0.0
2022-07-15 12:00:00,15.5,15.63,15.41,15.6,1190.0,2,0.0
2022-07-15 13:00:00,15.61,15.74,15.44,15.55,7915.0,1,0.0
2022-07-15 14:00:00,15.55,15.7,15.47,15.58,9276.0,1,0.0
2022-07-15 15:00:00,15.58,15.66,15.56,15.56,4174.0,1,0.0
2022-07-15 16:00:00,15.56,15.57,15.48,15.56,3098.0,1,0.0
2022-07-15 17:00:00,15.56,15.63,15.51,15.63,2302.0,1,0.0
2022-07-15 18:00:00,15.63,15.66,15.57,15.64,2540.0,1,0.0
2022-07-15 19:00:00,15.64,15.72,15.62,15.66,2142.0,1,0.0
2022-07-18 10:00:00,16.19,16.19,16.16,16.16,230.0,1,0.0
2022-07-18 11:00:00,16.16,16.23,16.16,16.22,360.0,1,0.0
2022-07-18 12:00:00,16.22,16.35,16.18,16.32,828.0,1,0.0
2022-07-18 13:00:00,16.31,16.71,16.22,16.61,9052.0,1,0.0
2022-07-18 14:00:00,16.61,16.65,16.37,16.52,7484.0,1,0.0
2022-07-18 15:00:00,16.52,16.83,16.51,16.81,4440.0,1,0.0
2022-07-18 16:00:00,16.82,16.89,16.65,16.67,3457.0,1,0.0
2022-07-18 17:00:00,16.66,16.7,16.2,16.21,4406.0,1,0.0
2022-07-18 18:00:00,16.21,16.31,16.06,16.08,4997.0,1,0.0
2022-07-18 19:00:00,16.08,16.22,16.04,16.05,3442.0,1,0.0
2022-07-19 10:00:00,16.22,16.3,16.2,16.27,338.0,3,0.0
2022-07-19 11:00:00,16.26,16.29,16.25,16.28,442.0,2,0.0
2022-07-19 12:00:00,16.28,16.41,16.28,16.4,576.0,2,0.0
2022-07-19 13:00:00,16.4,16.56,16.17,16.37,7999.0,1,0.0
2022-07-19 14:00:00,16.38,16.57,16.22,16.56,6617.0,1,0.0
2022-07-19 15:00:00,16.56,16.74,16.53,16.69,3834.0,1,0.0
2022-07-19 16:00:00,16.69,16.82,16.61,16.82,3275.0,1,0.0
2022-07-19 17:00:00,16.81,17.06,16.81,17.02,3734.0,1,0.0
2022-07-19 18:00:00,17.02,17.11,16.84,16.92,4656.0,1,0.0
2022-07-19 19:00:00,16.92,17.0,16.85,16.98,3120.0,1,0.0
2022-07-20 10:00:00,17.16,17.16,17.0,17.06,637.0,3,0.0
2022-07-20 11:00:00,17.07,17.07,17.01,17.03,859.0,2,0.0
2022-07-20 12:00:00,17.03,17.09,16.94,16.95,898.0,2,0.0
2022-07-20 13:00:00,16.95,17.2,16.8,17.06,7428.0,1,0.0
2022-07-20 14:00:00,17.06,17.89,17.01,17.8,8421.0,1,0.0
2022-07-20 15:00:00,17.8,17.83,17.63,17.76,5706.0,1,0.0
2022-07-20 16:00:00,17.75,17.84,17.46,17.65,4909.0,1,0.0
2022-07-20 17:00:00,17.65,17.66,17.43,17.54,6215.0,1,0.0
2022-07-20 18:00:00,17.54,17.76,17.54,17.73,4813.0,1,0.0
2022-07-20 19:00:00,17.73,17.93,17.71,17.87,3645.0,1,0.0
2022-07-21 10:00:00,17.7,17.8,17.7,17.72,433.0,3,0.0
2022-07-21 11:00:00,17.72,17.76,17.7,17.75,792.0,2,0.0
2022-07-21 12:00:00,17.75,18.01,17.71,17.96,1236.0,2,0.0
2022-07-21 13:00:00,17.96,17.98,17.65,17.88,11634.0,1,0.0
2022-07-21 14:00:00,17.88,18.02,17.54,17.88,10771.0,1,0.0
2022-07-21 15:00:00,17.88,17.99,17.74,17.97,6032.0,1,0.0
2022-07-21 16:00:00,17.97,18.14,17.95,18.04,4763.0,1,0.0
2022-07-21 17:00:00,18.05,18.05,17.85,17.93,4867.0,1,0.0
2022-07-21 18:00:00,17.94,17.99,17.87,17.93,4123.0,1,0.0
2022-07-21 19:00:00,17.93,17.99,17.87,17.97,3347.0,1,0.0
2022-07-22 10:00:00,17.73,17.81,17.72,17.79,303.0,3,0.0
2022-07-22 11:00:00,17.79,17.91,17.76,17.91,449.0,2,0.0
2022-07-22 12:00:00,17.91,17.94,17.83,17.85,558.0,2,0.0
2022-07-22 13:00:00,17.85,17.95,17.51,17.51,8857.0,1,0.0
2022-07-22 14:00:00,17.51,17.69,17.35,17.63,8288.0,1,0.0
2022-07-22 15:00:00,17.63,17.65,17.21,17.37,5899.0,1,0.0
2022-07-22 16:00:00,17.37,17.42,17.24,17.25,5037.0,1,0.0
2022-07-22 17:00:00,17.25,17.26,17.13,17.23,4270.0,1,0.0
2022-07-22 18:00:00,17.23,17.28,17.14,17.25,4144.0,1,0.0
2022-07-22 19:00:00,17.25,17.31,17.19,17.22,3275.0,1,0.0
2022-07-25 10:00:00,17.43,17.43,17.32,17.36,344.0,3,0.0
2022-07-25 11:00:00,17.36,17.37,17.26,17.28,535.0,2,0.0
2022-07-25 12:00:00,17.28,17.29,17.09,17.15,607.0,2,0.0
2022-07-25 13:00:00,17.16,17.19,16.74,16.95,8567.0,1,0.0
2022-07-25 14:00:00,16.96,16.98,16.64,16.79,9145.0,1,0.0
2022-07-25 15:00:00,16.78,16.89,16.66,16.86,5108.0,1,0.0
2022-07-25 16:00:00,16.86,16.99,16.79,16.93,3944.0,1,0.0
2022-07-25 17:00:00,16.93,16.97,16.79,16.79,3361.0,1,0.0
2022-07-25 18:00:00,16.79,16.92,16.76,16.85,3665.0,1,0.0
2022-07-25 19:00:00,16.85,16.88,16.76,16.88,3370.0,1,0.0
2022-07-26 10:00:00,16.96,16.96,16.86,16.91,188.0,3,0.0
2022-07-26 11:00:00,16.91,16.91,16.86,16.88,274.0,3,0.0
2022-07-26 12:00:00,16.88,16.93,16.8,16.86,282.0,2,0.0
2022-07-26 13:00:00,16.86,16.91,16.67,16.82,7049.0,1,0.0
2022-07-26 14:00:00,16.81,16.91,16.64,16.76,6119.0,1,0.0
2022-07-26 15:00:00,16.76,16.78,16.51,16.51,4043.0,1,0.0
2022-07-26 16:00:00,16.51,16.65,16.5,16.64,3490.0,1,0.0
2022-07-26 17:00:00,16.63,16.69,16.59,16.61,2976.0,1,0.0
2022-07-26 18:00:00,16.61,16.69,16.5,16.56,3187.0,1,0.0
2022-07-26 19:00:00,16.56,16.56,16.47,16.51,2606.0,1,0.0
2022-07-27 10:00:00,16.94,16.96,16.89,16.96,258.0,4,0.0
2022-07-27 11:00:00,16.96,16.96,16.81,16.87,434.0,3,0.0
2022-07-27 12:00:00,16.87,16.97,16.86,16.93,328.0,3,0.0
2022-07-27 13:00:00,16.93,17.39,16.91,17.3,6595.0,1,0.0
2022-07-27 14:00:00,17.3,17.52,17.28,17.45,6595.0,1,0.0
2022-07-27 15:00:00,17.45,17.49,17.28,17.32,3983.0,1,0.0
2022-07-27 16:00:00,17.32,17.39,17.26,17.29,3270.0,1,0.0
2022-07-27 17:00:00,17.3,17.4,17.25,17.37,3370.0,1,0.0
2022-07-27 18:00:00,17.37,17.77,17.31,17.69,10976.0,1,0.0
2022-07-27 19:00:00,17.69,17.93,17.64,17.87,5390.0,1,0.0
2022-07-28 10:00:00,17.61,17.64,17.58,17.6,309.0,4,0.0
2022-07-28 11:00:00,17.6,17.72,17.6,17.68,435.0,2,0.0
2022-07-28 12:00:00,17.67,17.94,17.54,17.78,1203.0,2,0.0
2022-07-28 13:00:00,17.78,18.13,17.68,17.76,9033.0,1,0.0
2022-07-28 14:00:00,17.76,17.86,17.44,17.71,8726.0,1,0.0
2022-07-28 15:00:00,17.71,17.95,17.69,17.88,5581.0,1,0.0
2022-07-28 16:00:00,17.88,17.91,17.76,17.76,4029.0,1,0.0
2022-07-28 17:00:00,17.76,17.97,17.71,17.94,3655.0,1,0.0
2022-07-28 18:00:00,17.94,17.98,17.86,17.98,3350.0,1,0.0
2022-07-28 19:00:00,17.98,18.08,17.96,17.99,2797.0,1,0.0
2022-07-29 10:00:00,17.95,17.95,17.9,17.93,293.0,2,0.0
2022-07-29 11:00:00,17.93,17.96,17.9,17.91,564.0,2,0.0
2022-07-29 12:00:00,17.92,17.94,17.83,17.87,600.0,2,0.0
2022-07-29 13:00:00,17.87,18.06,17.69,17.92,7555.0,1,0.0
2022-07-29 14:00:00,17.92,18.05,17.81,17.86,7170.0,1,0.0
2022-07-29 15:00:00,17.87,17.93,17.73,17.86,4840.0,1,0.0
2022-07-29 16:00:00,17.86,18.01,17.81,18.0,3551.0,1,0.0
2022-07-29 17:00:00,18.0,18.24,17.98,18.13,3965.0,1,0.0
2022-07-29 18:00:00,18.13,18.2,18.1,18.12,3288.0,1,0.0
2022-07-29 19:00:00,18.12,18.18,18.09,18.17,2546.0,1,0.0
2022-08-01 10:00:00,18.13,18.16,18.13,18.14,143.0,2,0.0
2022-08-01 11:00:00,18.14,18.25,18.14,18.21,551.0,2,0.0
2022-08-01 12:00:00,18.21,18.21,18.05,18.06,721.0,2,0.0
2022-08-01 13:00:00,18.06,18.48,17.99,18.37,7855.0,1,0.0
2022-08-01 14:00:00,18.36,18.84,18.33,18.79,8855.0,1,0.0
2022-08-01 15:00:00,18.79,18.83,18.51,18.63,5631.0,1,0.0
2022-08-01 16:00:00,18.63,18.66,18.48,18.52,4981.0,1,0.0
2022-08-01 17:00:00,18.52,18.52,18.24,18.31,5209.0,1,0.0
2022-08-01 18:00:00,18.31,18.57,18.27,18.55,4904.0,1,0.0
2022-08-01 19:00:00,18.55,18.59,18.35,18.39,3558.0,1,0.0
2022-08-02 10:00:00,18.11,18.11,18.05,18.09,264.0,4,0.0
2022-08-02 11:00:00,18.09,18.21,18.09,18.19,474.0,2,0.0
2022-08-02 12:00:00,18.19,18.21,18.12,18.18,697.0,2,0.0
2022-08-02 13:00:00,18.18,18.49,18.08,18.35,7938.0,1,0.0
2022-08-02 14:00:00,18.35,18.57,18.12,18.5,10041.0,1,0.0
2022-08-02 15:00:00,18.5,18.58,18.35,18.54,5804.0,1,0.0
2022-08-02 16:00:00,18.54,18.93,18.53,18.84,5323.0,1,0.0
2022-08-02 17:00:00,18.84,18.84,18.47,18.54,6617.0,1,0.0
2022-08-02 18:00:00,18.54,18.74,18.48,18.59,5764.0,1,0.0
2022-08-02 19:00:00,18.59,18.66,18.51,18.58,3899.0,1,0.0
2022-08-03 10:00:00,18.24,18.24,18.21,18.24,167.0,6,0.0
2022-08-03 11:00:00,18.24,18.3,18.22,18.25,351.0,4,0.0
2022-08-03 12:00:00,18.25,18.36,18.24,18.31,640.0,3,0.0
2022-08-03 13:00:00,18.31,18.53,18.13,18.49,7768.0,1,0.0
2022-08-03 14:00:00,18.48,18.69,18.34,18.48,8581.0,1,0.0
2022-08-03 15:00:00,18.49,18.61,18.41,18.58,4713.0,1,0.0
2022-08-03 16:00:00,18.58,18.73,18.5,18.7,3498.0,1,0.0
2022-08-03 17:00:00,18.7,18.8,18.68,18.75,3408.0,1,0.0
2022-08-03 18:00:00,18.75,18.86,18.72,18.81,3507.0,1,0.0
2022-08-03 19:00:00,18.81,18.91,18.77,18.91,2744.0,1,0.0
2022-08-04 10:00:00,18.93,19.08,18.93,19.03,809.0,2,0.0
2022-08-04 11:00:00,19.02,19.03,18.88,18.88,603.0,2,0.0
2022-08-04 12:00:00,18.88,18.93,18.87,18.92,547.0,2,0.0
2022-08-04 13:00:00,18.93,19.16,18.76,19.07,9148.0,1,0.0
2022-08-04 14:00:00,19.07,19.21,18.76,18.92,9389.0,1,0.0
2022-08-04 15:00:00,18.92,19.05,18.8,19.03,5612.0,1,0.0
2022-08-04 16:00:00,19.03,19.16,18.95,19.0,4340.0,1,0.0
2022-08-04 17:00:00,19.0,19.2,19.0,19.16,3503.0,1,0.0
2022-08-04 18:00:00,19.16,19.22,19.07,19.19,3264.0,1,0.0
2022-08-04 19:00:00,19.19,19.27,19.14,19.14,2581.0,1,0.0
2022-08-05 10:00:00,19.1,19.11,19.07,19.08,284.0,2,0.0
2022-08-05 11:00:00,19.08,19.18,19.07,19.17,535.0,2,0.0
2022-08-05 12:00:00,19.17,19.18,18.71,18.76,1204.0,2,0.0
2022-08-05 13:00:00,18.75,19.0,18.72,18.86,8955.0,1,0.0
2022-08-05 14:00:00,18.86,19.22,18.81,19.04,7935.0,1,0.0
2022-08-05 15:00:00,19.04,19.05,18.66,18.76,5871.0,1,0.0
2022-08-05 16:00:00,18.76,18.95,18.74,18.93,4340.0,1,0.0
2022-08-05 17:00:00,18.93,19.07,18.87,18.92,3800.0,1,0.0
2022-08-05 18:00:00,18.92,18.97,18.84,18.9,3861.0,1,0.0
2022-08-05 19:00:00,18.9,18.96,18.85,18.93,3049.0,1,0.0
2022-08-08 10:00:00,19.02,19.12,19.02,19.1,219.0,2,0.0
2022-08-08 11:00:00,19.1,19.12,19.04,19.1,562.0,2,0.0
2022-08-08 12:00:00,19.1,19.12,19.0,19.05,577.0,2,0.0
2022-08-08 13:00:00,19.05,19.05,17.36,18.04,15607.0,1,0.0
2022-08-08 14:00:00,18.04,18.2,17.62,17.64,11200.0,1,0.0
2022-08-08 15:00:00,17.65,17.77,17.24,17.44,8803.0,1,0.0
2022-08-08 16:00:00,17.44,17.55,17.28,17.46,8834.0,1,0.0
2022-08-08 17:00:00,17.46,17.59,17.44,17.51,5675.0,1,0.0
2022-08-08 18:00:00,17.51,17.51,17.34,17.41,4697.0,1,0.0
2022-08-08 19:00:00,17.41,17.84,17.4,17.77,5150.0,1,0.0
2022-08-09 10:00:00,17.37,17.37,17.13,17.17,644.0,4,0.0
2022-08-09 11:00:00,17.17,17.36,17.17,17.31,736.0,2,0.0
2022-08-09 12:00:00,17.32,17.37,17.26,17.31,843.0,2,0.0
2022-08-09 13:00:00,17.31,17.44,17.07,17.09,8796.0,1,0.0
2022-08-09 14:00:00,17.09,17.19,17.03,17.13,7221.0,1,0.0
2022-08-09 15:00:00,17.13,17.15,16.84,16.85,5071.0,1,0.0
2022-08-09 16:00:00,16.85,16.88,16.72,16.81,4817.0,1,0.0
2022-08-09 17:00:00,16.81,17.03,16.81,17.02,3973.0,1,0.0
2022-08-09 18:00:00,17.02,17.12,16.95,17.07,4267.0,1,0.0
2022-08-09 19:00:00,17.07,17.17,17.06,17.09,2853.0,1,0.0
2022-08-10 10:00:00,17.11,17.12,17.04,17.08,479.0,1,0.0
2022-08-10 11:00:00,17.08,17.08,17.03,17.07,301.0,2,0.0
2022-08-10 12:00:00,17.07,17.73,17.07,17.66,2285.0,2,0.0
2022-08-10 13:00:00,17.66,17.72,17.39,17.51,7884.0,1,0.0
2022-08-10 14:00:00,17.51,17.63,17.31,17.61,6962.0,1,0.0
2022-08-10 15:00:00,17.62,17.97,17.62,17.95,4987.0,1,0.0
2022-08-10 16:00:00,17.95,18.02,17.77,17.81,3955.0,1,0.0
2022-08-10 17:00:00,17.81,17.98,17.75,17.96,3038.0,1,0.0
2022-08-10 18:00:00,17.96,18.08,17.92,18.0,3131.0,1,0.0
2022-08-10 19:00:00,18.0,18.11,17.96,18.06,2521.0,1,0.0
2022-08-11 10:00:00,18.08,18.08,18.02,18.05,248.0,1,0.0
2022-08-11 11:00:00,18.04,18.1,18.03,18.09,317.0,2,0.0
2022-08-11 12:00:00,18.1,18.31,18.09,18.24,961.0,2,0.0
2022-08-11 13:00:00,18.24,18.47,18.01,18.44,5949.0,1,0.0
2022-08-11 14:00:00,18.45,18.7,18.42,18.48,6647.0,1,0.0
2022-08-11 15:00:00,18.48,18.5,18.13,18.22,6155.0,1,0.0
2022-08-11 16:00:00,18.22,18.27,18.09,18.2,4038.0,1,0.0
2022-08-11 17:00:00,18.2,18.25,18.09,18.13,3568.0,1,0.0
2022-08-11 18:00:00,18.13,18.14,17.95,18.01,3989.0,1,0.0
2022-08-11 19:00:00,18.01,18.02,17.9,17.92,3220.0,1,0.0
2022-08-12 10:00:00,18.1,18.11,18.03,18.05,290.0,4,0.0
2022-08-12 11:00:00,18.05,18.06,17.99,18.05,288.0,1,0.0
2022-08-12 12:00:00,18.05,18.09,18.01,18.06,237.0,1,0.0
2022-08-12 13:00:00,18.06,18.34,17.95,18.33,7530.0,1,0.0
2022-08-12 14:00:00,18.33,18.56,18.21,18.45,8945.0,1,0.0
2022-08-12 15:00:00,18.45,18.52,18.38,18.38,4376.0,1,0.0
2022-08-12 16:00:00,18.38,18.53,18.37,18.48,3058.0,1,0.0
2022-08-12 17:00:00,18.48,18.56,18.48,18.53,2701.0,1,0.0
2022-08-12 18:00:00,18.53,18.64,18.52,18.63,2312.0,1,0.0
2022-08-12 19:00:00,18.63,18.68,18.59,18.63,2109.0,1,0.0
2022-08-15 10:00:00,18.53,18.61,18.53,18.6,418.0,2,0.0
2022-08-15 11:00:00,18.61,18.67,18.6,18.6,308.0,2,0.0
2022-08-15 12:00:00,18.61,18.65,18.58,18.6,508.0,2,0.0
2022-08-15 13:00:00,18.6,19.05,18.58,18.94,6621.0,1,0.0
2022-08-15 14:00:00,18.93,18.94,18.62,18.66,6056.0,1,0.0
2022-08-15 15:00:00,18.66,18.91,18.61,18.86,3977.0,1,0.0
2022-08-15 16:00:00,18.86,18.9,18.76,18.86,3183.0,1,0.0
2022-08-15 17:00:00,18.87,18.92,18.82,18.87,2742.0,1,0.0
2022-08-15 18:00:00,18.87,18.9,18.76,18.89,2765.0,1,0.0
2022-08-15 19:00:00,18.89,19.04,18.88,19.02,1924.0,1,0.0
2022-08-16 10:00:00,18.93,18.96,18.92,18.94,99.0,3,0.0
2022-08-16 11:00:00,18.95,19.08,18.95,19.03,473.0,2,0.0
2022-08-16 12:00:00,19.03,19.04,18.91,18.95,629.0,2,0.0
2022-08-16 13:00:00,18.95,19.0,18.62,18.83,6840.0,1,0.0
2022-08-16 14:00:00,18.82,18.83,18.5,18.65,6784.0,1,0.0
2022-08-16 15:00:00,18.65,18.92,18.61,18.91,4057.0,1,0.0
2022-08-16 16:00:00,18.91,18.97,18.83,18.91,3135.0,1,0.0
2022-08-16 17:00:00,18.91,19.11,18.89,19.03,2808.0,1,0.0
2022-08-16 18:00:00,19.03,19.14,18.71,18.84,4326.0,1,0.0
2022-08-16 19:00:00,18.84,18.9,18.78,18.86,3384.0,1,0.0
2022-08-17 10:00:00,18.69,18.7,18.56,18.58,289.0,4,0.0
2022-08-17 11:00:00,18.58,18.64,18.5,18.57,721.0,3,0.0
2022-08-17 12:00:00,18.57,18.61,18.47,18.52,800.0,2,0.0
2022-08-17 13:00:00,18.51,18.68,18.37,18.47,6969.0,1,0.0
2022-08-17 14:00:00,18.47,18.52,18.19,18.21,6548.0,1,0.0
2022-08-17 15:00:00,18.21,18.33,18.15,18.19,4470.0,1,0.0
2022-08-17 16:00:00,18.2,18.3,18.14,18.25,3391.0,1,0.0
2022-08-17 17:00:00,18.25,18.32,18.19,18.25,3257.0,1,0.0
2022-08-17 18:00:00,18.25,18.57,18.22,18.46,7914.0,1,0.0
2022-08-17 19:00:00,18.45,18.52,18.3,18.38,3968.0,1,0.0
2022-08-18 10:00:00,18.31,18.32,18.25,18.28,286.0,2,0.0
2022-08-18 11:00:00,18.28,18.32,18.23,18.31,346.0,2,0.0
2022-08-18 12:00:00,18.31,18.38,18.27,18.31,579.0,2,0.0
2022-08-18 13:00:00,18.3,18.52,18.18,18.44,6351.0,1,0.0
2022-08-18 14:00:00,18.43,18.73,18.34,18.7,6779.0,1,0.0
2022-08-18 15:00:00,18.7,18.86,18.61,18.79,4979.0,1,0.0
2022-08-18 16:00:00,18.8,18.84,18.61,18.68,3703.0,1,0.0
2022-08-18 17:00:00,18.67,18.83,18.62,18.78,3454.0,1,0.0
2022-08-18 18:00:00,18.78,18.79,18.68,18.74,2914.0,1,0.0
2022-08-18 19:00:00,18.74,18.81,18.71,18.77,2338.0,1,0.0
2022-08-19 10:00:00,18.39,18.4,18.33,18.38,231.0,4,0.0
2022-08-19 11:00:00,18.38,18.43,18.35,18.42,336.0,4,0.0
2022-08-19 12:00:00,18.42,18.45,18.37,18.41,463.0,3,0.0
2022-08-19 13:00:00,18.41,18.52,18.09,18.1,6085.0,1,0.0
2022-08-19 14:00:00,18.1,18.17,17.92,17.92,5825.0,1,0.0
2022-08-19 15:00:00,17.92,18.01,17.88,17.93,3776.0,1,0.0
2022-08-19 16:00:00,17.93,17.99,17.89,17.94,2672.0,1,0.0
2022-08-19 17:00:00,17.94,17.98,17.77,17.88,2673.0,1,0.0
2022-08-19 18:00:00,17.88,17.91,17.83,17.85,2732.0,1,0.0
2022-08-19 19:00:00,17.85,17.94,17.82,17.89,2244.0,1,0.0
2022-08-22 10:00:00,17.34,17.37,17.3,17.34,191.0,6,0.0
2022-08-22 11:00:00,17.34,17.43,17.34,17.42,280.0,4,0.0
2022-08-22 12:00:00,17.41,17.45,17.39,17.4,272.0,4,0.0
2022-08-22 13:00:00,17.4,17.55,17.25,17.42,7037.0,1,0.0
2022-08-22 14:00:00,17.42,17.42,17.17,17.18,5586.0,1,0.0
2022-08-22 15:00:00,17.18,17.31,17.15,17.3,3250.0,1,0.0
2022-08-22 16:00:00,17.3,17.33,17.2,17.22,2721.0,1,0.0
2022-08-22 17:00:00,17.22,17.23,17.07,17.1,2480.0,1,0.0
2022-08-22 18:00:00,17.1,17.11,17.03,17.08,2520.0,1,0.0
2022-08-22 19:00:00,17.08,17.11,16.98,16.98,1988.0,1,0.0
2022-08-23 10:00:00,17.1,17.1,17.02,17.06,244.0,3,0.0
2022-08-23 11:00:00,17.06,17.08,17.02,17.07,238.0,2,0.0
2022-08-23 12:00:00,17.06,17.07,16.97,16.97,392.0,2,0.0
2022-08-23 13:00:00,16.98,17.35,16.93,17.27,6581.0,1,0.0
2022-08-23 14:00:00,17.27,17.46,17.17,17.19,6832.0,1,0.0
2022-08-23 15:00:00,17.19,17.33,17.14,17.23,4678.0,1,0.0
2022-08-23 16:00:00,17.23,17.28,17.16,17.27,3303.0,1,0.0
2022-08-23 17:00:00,17.27,17.29,17.16,17.22,3119.0,1,0.0
2022-08-23 18:00:00,17.22,17.3,17.19,17.24,2908.0,1,0.0
2022-08-23 19:00:00,17.24,17.28,17.19,17.21,2123.0,1,0.0
2022-08-24 10:00:00,17.16,17.16,17.12,17.12,270.0,1,0.0
2022-08-24 11:00:00,17.12,17.18,17.1,17.16,349.0,2,0.0
2022-08-24 12:00:00,17.16,17.19,17.13,17.15,513.0,2,0.0
2022-08-24 13:00:00,17.14,17.15,16.89,17.01,6490.0,1,0.0
2022-08-24 14:00:00,17.01,17.19,16.91,17.15,5774.0,1,0.0
2022-08-24 15:00:00,17.15,17.39,17.13,17.35,3974.0,1,0.0
2022-08-24 16:00:00,17.35,17.4,17.24,17.25,2835.0,1,0.0
2022-08-24 17:00:00,17.25,17.28,17.12,17.18,2447.0,1,0.0
2022-08-24 18:00:00,17.18,17.24,17.14,17.2,2506.0,1,0.0
2022-08-24 19:00:00,17.2,17.34,17.17,17.34,2146.0,1,0.0
2022-08-25 10:00:00,16.51,16.65,16.5,16.62,335.0,6,0.0
2022-08-25 11:00:00,16.61,16.62,16.56,16.62,443.0,4,0.0
2022-08-25 12:00:00,16.61,16.81,16.61,16.8,1222.0,2,0.0
2022-08-25 13:00:00,16.8,17.25,16.77,17.2,10555.0,1,0.0
2022-08-25 14:00:00,17.21,17.83,17.15,17.65,10509.0,1,0.0
2022-08-25 15:00:00,17.66,17.81,17.52,17.66,6123.0,1,0.0
2022-08-25 16:00:00,17.66,17.73,17.52,17.72,4551.0,1,0.0
2022-08-25 17:00:00,17.72,17.86,17.66,17.77,3879.0,1,0.0
2022-08-25 18:00:00,17.77,17.77,17.63,17.72,3160.0,1,0.0
2022-08-25 19:00:00,17.73,17.83,17.68,17.82,2269.0,1,0.0
2022-08-26 10:00:00,17.76,17.78,17.75,17.76,148.0,2,0.0
2022-08-26 11:00:00,17.76,17.87,17.76,17.85,347.0,2,0.0
2022-08-26 12:00:00,17.84,17.93,17.8,17.92,687.0,2,0.0
2022-08-26 13:00:00,17.92,18.03,17.49,17.69,7677.0,1,0.0
2022-08-26 14:00:00,17.69,17.91,17.0,17.05,16257.0,1,0.0
2022-08-26 15:00:00,17.05,17.06,16.78,16.81,8228.0,1,0.0
2022-08-26 16:00:00,16.81,16.81,16.6,16.66,4289.0,1,0.0
2022-08-26 17:00:00,16.66,16.69,16.48,16.51,3377.0,1,0.0
2022-08-26 18:00:00,16.51,16.54,16.4,16.46,3025.0,1,0.0
2022-08-26 19:00:00,16.46,16.52,16.27,16.28,2483.0,1,0.0
2022-08-29 10:00:00,16.02,16.04,15.98,16.0,254.0,4,0.0
2022-08-29 11:00:00,15.99,16.02,15.9,15.95,479.0,2,0.0
2022-08-29 12:00:00,15.95,16.0,15.9,15.96,661.0,2,0.0
2022-08-29 13:00:00,15.96,16.33,15.94,16.12,7496.0,1,0.0
2022-08-29 14:00:00,16.12,16.15,15.84,15.85,7736.0,1,0.0
2022-08-29 15:00:00,15.84,15.95,15.76,15.84,5196.0,1,0.0
2022-08-29 16:00:00,15.83,15.94,15.76,15.88,4113.0,1,0.0
2022-08-29 17:00:00,15.88,16.03,15.85,15.99,3810.0,1,0.0
2022-08-29 18:00:00,15.99,16.01,15.83,15.89,3604.0,1,0.0
2022-08-29 19:00:00,15.89,15.98,15.85,15.92,2988.0,1,0.0
2022-08-30 10:00:00,16.09,16.15,16.06,16.09,341.0,4,0.0
2022-08-30 11:00:00,16.09,16.09,15.98,16.0,465.0,2,0.0
2022-08-30 12:00:00,16.01,16.03,15.95,15.99,699.0,2,0.0
2022-08-30 13:00:00,15.99,16.02,15.67,15.71,6295.0,1,0.0
2022-08-30 14:00:00,15.71,15.77,15.31,15.46,6778.0,1,0.0
2022-08-30 15:00:00,15.46,15.52,15.37,15.44,6100.0,1,0.0
2022-08-30 16:00:00,15.44,15.54,15.28,15.32,4044.0,1,0.0
2022-08-30 17:00:00,15.32,15.34,15.17,15.29,3356.0,1,0.0
2022-08-30 18:00:00,15.29,15.36,15.25,15.33,3774.0,1,0.0
2022-08-30 19:00:00,15.33,15.46,15.33,15.41,3557.0,1,0.0
2022-08-31 10:00:00,15.47,15.65,15.47,15.6,469.0,2,0.0
2022-08-31 11:00:00,15.6,15.61,15.54,15.56,457.0,2,0.0
2022-08-31 12:00:00,15.55,15.62,15.21,15.32,1382.0,2,0.0
2022-08-31 13:00:00,15.31,15.53,15.18,15.3,6960.0,1,0.0
2022-08-31 14:00:00,15.3,15.41,15.01,15.02,8471.0,1,0.0
2022-08-31 15:00:00,15.02,15.18,14.97,15.15,5156.0,1,0.0
2022-08-31 16:00:00,15.15,15.21,15.02,15.03,3391.0,1,0.0
2022-08-31 17:00:00,15.03,15.08,14.95,15.02,3032.0,1,0.0
2022-08-31 18:00:00,15.02,15.09,14.98,15.02,3341.0,1,0.0
2022-08-31 19:00:00,15.02,15.25,15.0,15.25,3175.0,1,0.0
2022-09-01 10:00:00,14.25,14.25,14.2,14.24,324.0,6,0.0
2022-09-01 11:00:00,14.24,14.53,14.18,14.4,1320.0,2,0.0
2022-09-01 12:00:00,14.4,14.51,14.38,14.43,1358.0,1,0.0
2022-09-01 13:00:00,14.43,14.43,13.85,13.9,9037.0,1,0.0
2022-09-01 14:00:00,13.9,13.95,13.5,13.51,8441.0,1,0.0
2022-09-01 15:00:00,13.5,13.52,13.27,13.37,7747.0,1,0.0
2022-09-01 16:00:00,13.37,13.43,13.26,13.37,4524.0,1,0.0
2022-09-01 17:00:00,13.37,13.54,13.36,13.43,3821.0,1,0.0
2022-09-01 18:00:00,13.43,13.82,13.42,13.78,5291.0,1,0.0
2022-09-01 19:00:00,13.77,13.93,13.72,13.76,3895.0,1,0.0
2022-09-02 10:00:00,13.9,13.91,13.78,13.85,310.0,3,0.0
2022-09-02 11:00:00,13.85,13.91,13.79,13.86,454.0,2,0.0
2022-09-02 12:00:00,13.86,14.11,13.84,14.02,1563.0,2,0.0
2022-09-02 13:00:00,14.02,14.16,13.68,13.75,7391.0,1,0.0
2022-09-02 14:00:00,13.75,14.14,13.63,13.99,8063.0,1,0.0
2022-09-02 15:00:00,13.99,14.04,13.89,13.99,5189.0,1,0.0
2022-09-02 16:00:00,13.99,14.0,13.7,13.79,5982.0,1,0.0
2022-09-02 17:00:00,13.79,13.79,13.63,13.65,5415.0,1,0.0
2022-09-02 18:00:00,13.64,13.78,13.64,13.68,4499.0,1,0.0
2022-09-02 19:00:00,13.67,13.78,13.58,13.59,3595.0,1,0.0
2022-09-06 10:00:00,13.77,13.82,13.77,13.78,244.0,4,0.0
2022-09-06 11:00:00,13.79,13.79,13.69,13.72,407.0,2,0.0
2022-09-06 12:00:00,13.72,13.75,13.71,13.72,410.0,2,0.0
2022-09-06 13:00:00,13.73,13.75,13.5,13.57,5780.0,1,0.0
2022-09-06 14:00:00,13.56,13.66,13.34,13.64,7475.0,1,0.0
2022-09-06 15:00:00,13.65,13.77,13.57,13.72,6176.0,1,0.0
2022-09-06 16:00:00,13.72,13.73,13.54,13.59,4463.0,1,0.0
2022-09-06 17:00:00,13.59,13.59,13.45,13.48,4254.0,1,0.0
2022-09-06 18:00:00,13.48,13.58,13.47,13.51,4491.0,1,0.0
2022-09-06 19:00:00,13.51,13.57,13.47,13.51,3595.0,1,0.0
2022-09-07 10:00:00,13.5,13.51,13.48,13.48,241.0,1,0.0
2022-09-07 11:00:00,13.49,13.49,13.4,13.45,541.0,1,0.0
2022-09-07 12:00:00,13.45,13.5,13.41,13.49,463.0,2,0.0
2022-09-07 13:00:00,13.49,13.69,13.39,13.44,5857.0,1,0.0
2022-09-07 14:00:00,13.44,13.51,13.34,13.43,6244.0,1,0.0
2022-09-07 15:00:00,13.43,13.62,13.39,13.59,3780.0,1,0.0
2022-09-07 16:00:00,13.59,13.6,13.44,13.53,3392.0,1,0.0
2022-09-07 17:00:00,13.53,13.66,13.52,13.61,3043.0,1,0.0
2022-09-07 18:00:00,13.61,13.77,13.6,13.76,3046.0,1,0.0
2022-09-07 19:00:00,13.76,13.83,13.73,13.77,2332.0,1,0.0
2022-09-08 10:00:00,13.72,13.76,13.71,13.76,141.0,2,0.0
2022-09-08 11:00:00,13.75,13.77,13.72,13.75,340.0,2,0.0
2022-09-08 12:00:00,13.75,13.75,13.6,13.62,544.0,2,0.0
2022-09-08 13:00:00,13.62,13.78,13.37,13.7,6807.0,1,0.0
2022-09-08 14:00:00,13.7,13.88,13.57,13.86,7451.0,1,0.0
2022-09-08 15:00:00,13.87,14.0,13.84,13.87,4303.0,1,0.0
2022-09-08 16:00:00,13.87,13.89,13.61,13.77,5676.0,1,0.0
2022-09-08 17:00:00,13.77,13.92,13.69,13.82,4384.0,1,0.0
2022-09-08 18:00:00,13.82,13.87,13.77,13.82,4205.0,1,0.0
2022-09-08 19:00:00,13.82,13.9,13.78,13.85,2936.0,1,0.0
2022-09-09 10:00:00,14.16,14.2,14.13,14.19,215.0,4,0.0
2022-09-09 11:00:00,14.19,14.19,14.15,14.18,264.0,4,0.0
2022-09-09 12:00:00,14.18,14.28,14.17,14.25,437.0,2,0.0
2022-09-09 13:00:00,14.25,14.33,14.12,14.32,6011.0,1,0.0
2022-09-09 14:00:00,14.32,14.39,14.22,14.34,5461.0,1,0.0
2022-09-09 15:00:00,14.34,14.44,14.27,14.4,3842.0,1,0.0
2022-09-09 16:00:00,14.4,14.43,14.31,14.41,3555.0,1,0.0
2022-09-09 17:00:00,14.42,14.47,14.38,14.41,2397.0,1,0.0
2022-09-09 18:00:00,14.41,14.41,14.31,14.35,2588.0,1,0.0
2022-09-09 19:00:00,14.35,14.42,14.33,14.42,1880.0,1,0.0
2022-09-12 10:00:00,14.46,14.49,14.45,14.47,244.0,2,0.0
2022-09-12 11:00:00,14.47,14.5,14.44,14.49,260.0,2,0.0
2022-09-12 12:00:00,14.48,14.49,14.42,14.45,400.0,2,0.0
2022-09-12 13:00:00,14.45,14.48,14.28,14.45,4364.0,1,0.0
2022-09-12 14:00:00,14.45,14.54,14.33,14.33,4787.0,1,0.0
2022-09-12 15:00:00,14.34,14.38,14.21,14.24,3534.0,1,0.0
2022-09-12 16:00:00,14.24,14.33,14.19,14.33,3212.0,1,0.0
2022-09-12 17:00:00,14.33,14.42,14.3,14.41,2640.0,1,0.0
2022-09-12 18:00:00,14.41,14.42,14.27,14.37,2765.0,1,0.0
2022-09-12 19:00:00,14.37,14.5,14.35,14.5,1977.0,1,0.0
2022-09-13 10:00:00,14.57,14.61,14.56,14.6,192.0,2,0.0
2022-09-13 11:00:00,14.6,14.64,14.58,14.63,366.0,2,0.0
2022-09-13 12:00:00,14.63,14.71,13.81,13.83,2029.0,2,0.0
2022-09-13 13:00:00,13.82,13.92,13.69,13.71,8646.0,1,0.0
2022-09-13 14:00:00,13.71,13.77,13.44,13.48,8270.0,1,0.0
2022-09-13 15:00:00,13.48,13.5,13.38,13.44,4403.0,1,0.0
2022-09-13 16:00:00,13.44,13.49,13.4,13.41,2960.0,1,0.0
2022-09-13 17:00:00,13.41,13.5,13.39,13.42,3107.0,1,0.0
2022-09-13 18:00:00,13.42,13.46,13.3,13.31,2619.0,1,0.0
2022-09-13 19:00:00,13.31,13.32,13.12,13.14,2396.0,1,0.0
2022-09-14 10:00:00,13.23,13.26,13.19,13.22,486.0,2,0.0
2022-09-14 11:00:00,13.22,13.23,13.07,13.09,503.0,2,0.0
2022-09-14 12:00:00,13.08,13.23,13.08,13.21,957.0,2,0.0
2022-09-14 13:00:00,13.21,13.28,12.91,13.08,6523.0,1,0.0
2022-09-14 14:00:00,13.08,13.18,12.91,13.12,7927.0,1,0.0
2022-09-14 15:00:00,13.12,13.19,13.05,13.1,4934.0,1,0.0
2022-09-14 16:00:00,13.1,13.23,13.02,13.17,3619.0,1,0.0
2022-09-14 17:00:00,13.17,13.22,13.05,13.06,3377.0,1,0.0
2022-09-14 18:00:00,13.06,13.08,12.99,13.0,3899.0,1,0.0
2022-09-14 19:00:00,13.0,13.04,12.94,13.03,3017.0,1,0.0
2022-09-15 10:00:00,13.19,13.19,13.05,13.07,317.0,3,0.0
2022-09-15 11:00:00,13.08,13.13,13.05,13.07,491.0,2,0.0
2022-09-15 12:00:00,13.07,13.11,13.03,13.08,709.0,2,0.0
2022-09-15 13:00:00,13.08,13.22,12.96,13.18,5263.0,1,0.0
2022-09-15 14:00:00,13.18,13.23,12.81,12.81,6226.0,1,0.0
2022-09-15 15:00:00,12.81,13.01,12.79,12.95,4464.0,1,0.0
2022-09-15 16:00:00,12.95,13.04,12.92,13.04,3654.0,1,0.0
2022-09-15 17:00:00,13.04,13.19,13.02,13.06,3575.0,1,0.0
2022-09-15 18:00:00,13.06,13.06,12.95,12.96,3264.0,1,0.0
2022-09-15 19:00:00,12.96,12.98,12.82,12.9,2790.0,1,0.0
2022-09-16 10:00:00,12.68,12.73,12.67,12.73,195.0,4,0.0
2022-09-16 11:00:00,12.73,12.73,12.69,12.72,218.0,3,0.0
2022-09-16 12:00:00,12.72,12.73,12.67,12.68,449.0,2,0.0
2022-09-16 13:00:00,12.69,12.82,12.61,12.73,5815.0,1,0.0
2022-09-16 14:00:00,12.73,13.11,12.72,12.89,8761.0,1,0.0
2022-09-16 15:00:00,12.89,12.95,12.8,12.94,4896.0,1,0.0
2022-09-16 16:00:00,12.95,12.98,12.8,12.98,3589.0,1,0.0
2022-09-16 17:00:00,12.98,13.01,12.89,12.93,3343.0,1,0.0
2022-09-16 18:00:00,12.93,13.12,12.93,13.08,3645.0,1,0.0
2022-09-16 19:00:00,13.08,13.16,13.01,13.11,3772.0,1,0.0
2022-09-19 10:00:00,13.01,13.02,12.97,13.02,260.0,2,0.0
2022-09-19 11:00:00,13.02,13.04,12.96,12.97,768.0,2,0.0
2022-09-19 12:00:00,12.97,13.09,12.96,13.07,563.0,2,0.0
2022-09-19 13:00:00,13.07,13.33,13.0,13.28,6470.0,1,0.0
2022-09-19 14:00:00,13.28,13.46,13.18,13.4,7047.0,1,0.0
2022-09-19 15:00:00,13.4,13.41,13.17,13.17,5076.0,1,0.0
2022-09-19 16:00:00,13.17,13.3,13.14,13.28,4227.0,1,0.0
2022-09-19 17:00:00,13.28,13.29,13.2,13.26,3117.0,1,0.0
2022-09-19 18:00:00,13.26,13.32,13.22,13.28,3126.0,1,0.0
2022-09-19 19:00:00,13.28,13.39,13.28,13.37,2849.0,1,0.0
2022-09-20 10:00:00,13.24,13.28,13.24,13.27,302.0,2,0.0
2022-09-20 11:00:00,13.27,13.31,13.26,13.27,528.0,2,0.0
2022-09-20 12:00:00,13.27,13.28,13.22,13.26,643.0,2,0.0
2022-09-20 13:00:00,13.27,13.32,13.16,13.25,5082.0,1,0.0
2022-09-20 14:00:00,13.24,13.42,13.22,13.4,5856.0,1,0.0
2022-09-20 15:00:00,13.4,13.48,13.34,13.46,3824.0,1,0.0
2022-09-20 16:00:00,13.46,13.47,13.26,13.31,2984.0,1,0.0
2022-09-20 17:00:00,13.31,13.32,13.05,13.07,3438.0,1,0.0
2022-09-20 18:00:00,13.07,13.22,13.06,13.18,3713.0,1,0.0
2022-09-20 19:00:00,13.18,13.25,13.16,13.23,2684.0,1,0.0
2022-09-21 10:00:00,13.17,13.18,13.12,13.17,307.0,2,0.0
2022-09-21 11:00:00,13.17,13.21,13.15,13.2,278.0,1,0.0
2022-09-21 12:00:00,13.2,13.31,13.2,13.27,544.0,1,0.0
2022-09-21 13:00:00,13.27,13.34,13.11,13.33,4515.0,1,0.0
2022-09-21 14:00:00,13.33,13.44,13.32,13.38,5148.0,1,0.0
2022-09-21 15:00:00,13.39,13.53,13.37,13.5,3248.0,1,0.0
2022-09-21 16:00:00,13.5,13.6,13.49,13.53,2560.0,1,0.0
2022-09-21 17:00:00,13.53,13.68,13.48,13.67,2314.0,1,0.0
2022-09-21 18:00:00,13.67,14.02,13.18,13.91,21137.0,1,0.0
2022-09-21 19:00:00,13.91,13.96,13.34,13.36,8613.0,1,0.0
2022-09-22 10:00:00,13.2,13.29,13.19,13.29,246.0,3,0.0
2022-09-22 11:00:00,13.29,13.31,13.13,13.21,445.0,2,0.0
2022-09-22 12:00:00,13.22,13.3,13.17,13.23,603.0,2,0.0
2022-09-22 13:00:00,13.23,13.24,12.7,12.76,5618.0,1,0.0
2022-09-22 14:00:00,12.76,12.85,12.56,12.57,7642.0,1,0.0
2022-09-22 15:00:00,12.57,12.66,12.52,12.59,4698.0,1,0.0
2022-09-22 16:00:00,12.59,12.67,12.54,12.63,3974.0,1,0.0
2022-09-22 17:00:00,12.63,12.63,12.54,12.6,3180.0,1,0.0
2022-09-22 18:00:00,12.6,12.62,12.42,12.52,3541.0,1,0.0
2022-09-22 19:00:00,12.52,12.7,12.52,12.65,3942.0,1,0.0
2022-09-23 10:00:00,12.33,12.33,12.26,12.27,332.0,4,0.0
2022-09-23 11:00:00,12.27,12.31,12.19,12.24,783.0,2,0.0
2022-09-23 12:00:00,12.24,12.28,12.22,12.26,688.0,2,0.0
2022-09-23 13:00:00,12.26,12.61,12.24,12.33,6425.0,1,0.0
2022-09-23 14:00:00,12.33,12.53,12.27,12.45,7366.0,1,0.0
2022-09-23 15:00:00,12.44,12.53,12.34,12.4,4752.0,1,0.0
2022-09-23 16:00:00,12.4,12.41,12.27,12.39,3439.0,1,0.0
2022-09-23 17:00:00,12.39,12.41,12.31,12.35,3320.0,1,0.0
2022-09-23 18:00:00,12.35,12.38,12.25,12.28,3714.0,1,0.0
2022-09-23 19:00:00,12.28,12.57,12.27,12.56,4101.0,1,0.0
2022-09-26 10:00:00,12.41,12.46,12.34,12.43,904.0,3,0.0
2022-09-26 11:00:00,12.43,12.45,12.38,12.44,892.0,2,0.0
2022-09-26 12:00:00,12.44,12.53,12.39,12.52,563.0,2,0.0
2022-09-26 13:00:00,12.53,12.6,12.4,12.57,5325.0,1,0.0
2022-09-26 14:00:00,12.57,12.65,12.4,12.43,6340.0,1,0.0
2022-09-26 15:00:00,12.43,12.44,12.3,12.41,5307.0,1,0.0
2022-09-26 16:00:00,12.41,12.41,12.26,12.33,3945.0,1,0.0
2022-09-26 17:00:00,12.33,12.35,12.23,12.25,3943.0,1,0.0
2022-09-26 18:00:00,12.24,12.41,12.24,12.39,4493.0,1,0.0
2022-09-26 19:00:00,12.39,12.44,12.27,12.29,4305.0,1,0.0
2022-09-27 10:00:00,12.37,12.42,12.37,12.4,384.0,2,0.0
2022-09-27 11:00:00,12.4,12.47,12.38,12.45,546.0,2,0.0
2022-09-27 12:00:00,12.44,12.52,12.44,12.48,669.0,1,0.0
2022-09-27 13:00:00,12.48,12.73,12.45,12.6,5271.0,1,0.0
2022-09-27 14:00:00,12.6,12.69,12.48,12.68,7411.0,1,0.0
2022-09-27 15:00:00,12.68,12.7,12.46,12.47,4900.0,1,0.0
2022-09-27 16:00:00,12.47,12.47,12.25,12.35,4548.0,1,0.0
2022-09-27 17:00:00,12.35,12.37,12.27,12.33,4273.0,1,0.0
2022-09-27 18:00:00,12.32,12.46,12.3,12.42,3769.0,1,0.0
2022-09-27 19:00:00,12.42,12.46,12.35,12.4,3300.0,1,0.0
2022-09-28 10:00:00,12.11,12.27,12.1,12.22,1546.0,2,0.0
2022-09-28 11:00:00,12.22,12.26,12.17,12.22,737.0,2,0.0
2022-09-28 12:00:00,12.22,12.4,12.22,12.36,1078.0,2,0.0
2022-09-28 13:00:00,12.36,12.65,12.31,12.58,6810.0,1,0.0
2022-09-28 14:00:00,12.58,12.7,12.48,12.63,7224.0,1,0.0
2022-09-28 15:00:00,12.63,12.74,12.6,12.73,4701.0,1,0.0
2022-09-28 16:00:00,12.73,12.74,12.51,12.55,3068.0,1,0.0
2022-09-28 17:00:00,12.55,12.63,12.53,12.58,3269.0,1,0.0
2022-09-28 18:00:00,12.58,12.68,12.56,12.66,2682.0,1,0.0
2022-09-28 19:00:00,12.66,12.78,12.65,12.77,2105.0,1,0.0
2022-09-29 10:00:00,12.53,12.56,12.47,12.55,603.0,2,0.0
2022-09-29 11:00:00,12.55,12.61,12.55,12.56,897.0,2,0.0
2022-09-29 12:00:00,12.56,12.58,12.44,12.46,1526.0,2,0.0
2022-09-29 13:00:00,12.45,12.49,12.23,12.24,4559.0,1,0.0
2022-09-29 14:00:00,12.24,12.25,12.06,12.16,5933.0,1,0.0
2022-09-29 15:00:00,12.16,12.24,12.12,12.22,4677.0,1,0.0
2022-09-29 16:00:00,12.22,12.27,12.1,12.12,3217.0,1,0.0
2022-09-29 17:00:00,12.12,12.12,12.0,12.0,2809.0,1,0.0
2022-09-29 18:00:00,12.0,12.05,11.94,12.01,3144.0,1,0.0
2022-09-29 19:00:00,12.01,12.21,12.01,12.19,3097.0,1,0.0
2022-09-30 10:00:00,12.27,12.28,12.23,12.23,340.0,2,0.0
2022-09-30 11:00:00,12.24,12.25,12.15,12.17,707.0,2,0.0
2022-09-30 12:00:00,12.17,12.23,12.0,12.1,988.0,2,0.0
2022-09-30 13:00:00,12.1,12.43,12.0,12.35,6043.0,1,0.0
2022-09-30 14:00:00,12.35,12.58,12.31,12.57,7055.0,1,0.0
2022-09-30 15:00:00,12.58,12.63,12.46,12.48,4581.0,1,0.0
2022-09-30 16:00:00,12.48,12.48,12.38,12.41,3582.0,1,0.0
2022-09-30 17:00:00,12.41,12.43,12.27,12.28,3129.0,1,0.0
2022-09-30 18:00:00,12.28,12.34,12.21,12.23,3241.0,1,0.0
2022-09-30 19:00:00,12.23,12.31,12.21,12.25,2994.0,1,0.0
2022-10-03 10:00:00,12.06,12.11,12.05,12.1,236.0,3,0.0
2022-10-03 11:00:00,12.1,12.2,12.09,12.2,429.0,2,0.0
2022-10-03 12:00:00,12.2,12.28,12.18,12.26,473.0,2,0.0
2022-10-03 13:00:00,12.26,12.37,12.1,12.25,5129.0,1,0.0
2022-10-03 14:00:00,12.26,12.51,12.26,12.46,6382.0,1,0.0
2022-10-03 15:00:00,12.46,12.58,12.4,12.43,3750.0,1,0.0
2022-10-03 16:00:00,12.43,12.53,12.4,12.44,3303.0,1,0.0
2022-10-03 17:00:00,12.44,12.57,12.43,12.54,2600.0,1,0.0
2022-10-03 18:00:00,12.54,12.65,12.52,12.63,2997.0,1,0.0
2022-10-03 19:00:00,12.62,12.67,12.56,12.58,1915.0,1,0.0
2022-10-04 10:00:00,12.84,12.91,12.83,12.87,360.0,4,0.0
2022-10-04 11:00:00,12.86,12.88,12.84,12.87,423.0,2,0.0
2022-10-04 12:00:00,12.87,12.88,12.8,12.86,474.0,2,0.0
2022-10-04 13:00:00,12.85,13.01,12.8,12.93,4985.0,1,0.0
2022-10-04 14:00:00,12.93,13.21,12.93,13.21,5365.0,1,0.0
2022-10-04 15:00:00,13.2,13.21,13.11,13.2,3606.0,1,0.0
2022-10-04 16:00:00,13.2,13.2,13.02,13.03,3498.0,1,0.0
2022-10-04 17:00:00,13.03,13.08,12.91,13.06,3235.0,1,0.0
2022-10-04 18:00:00,13.06,13.15,13.01,13.15,2912.0,1,0.0
2022-10-04 19:00:00,13.15,13.18,13.07,13.11,2955.0,1,0.0
2022-10-05 10:00:00,13.0,13.07,13.0,13.05,726.0,2,0.0
2022-10-05 11:00:00,13.05,13.06,13.01,13.02,347.0,2,0.0
2022-10-05 12:00:00,13.02,13.04,12.93,12.95,473.0,2,0.0
2022-10-05 13:00:00,12.94,12.98,12.71,12.8,4998.0,1,0.0
2022-10-05 14:00:00,12.79,12.8,12.62,12.67,5945.0,1,0.0
2022-10-05 15:00:00,12.66,12.88,12.66,12.88,3510.0,1,0.0
2022-10-05 16:00:00,12.88,13.05,12.82,13.01,3387.0,1,0.0
2022-10-05 17:00:00,13.01,13.16,13.0,13.05,2933.0,1,0.0
2022-10-05 18:00:00,13.05,13.2,13.04,13.19,3183.0,1,0.0
2022-10-05 19:00:00,13.2,13.32,13.2,13.27,2625.0,1,0.0
2022-10-06 10:00:00,13.01,13.03,12.99,13.0,181.0,4,0.0
2022-10-06 11:00:00,13.0,13.1,13.0,13.09,284.0,3,0.0
2022-10-06 12:00:00,13.09,13.24,13.04,13.19,623.0,2,0.0
2022-10-06 13:00:00,13.19,13.65,13.15,13.48,6022.0,1,0.0
2022-10-06 14:00:00,13.48,13.49,13.14,13.44,8408.0,1,0.0
2022-10-06 15:00:00,13.44,13.46,13.24,13.25,5540.0,1,0.0
2022-10-06 16:00:00,13.25,13.32,13.17,13.28,3965.0,1,0.0
2022-10-06 17:00:00,13.28,13.35,13.24,13.32,3206.0,1,0.0
2022-10-06 18:00:00,13.32,13.32,13.11,13.16,3460.0,1,0.0
2022-10-06 19:00:00,13.16,13.2,13.11,13.17,3065.0,1,0.0
2022-10-07 10:00:00,12.71,12.72,12.68,12.72,330.0,4,0.0
2022-10-07 11:00:00,12.72,12.75,12.71,12.74,280.0,3,0.0
2022-10-07 12:00:00,12.74,12.75,12.37,12.54,1515.0,2,0.0
2022-10-07 13:00:00,12.54,12.66,12.45,12.48,7117.0,1,0.0
2022-10-07 14:00:00,12.48,12.6,12.42,12.42,6687.0,1,0.0
2022-10-07 15:00:00,12.42,12.47,12.23,12.29,4272.0,1,0.0
2022-10-07 16:00:00,12.29,12.33,12.17,12.25,3154.0,1,0.0
2022-10-07 17:00:00,12.25,12.28,12.18,12.19,2808.0,1,0.0
2022-10-07 18:00:00,12.19,12.19,12.09,12.12,2889.0,1,0.0
2022-10-07 19:00:00,12.12,12.19,12.02,12.07,2420.0,1,0.0
2022-10-10 10:00:00,11.95,11.95,11.91,11.92,229.0,2,0.0
2022-10-10 11:00:00,11.92,11.98,11.92,11.97,423.0,2,0.0
2022-10-10 12:00:00,11.97,12.06,11.94,12.06,473.0,2,0.0
2022-10-10 13:00:00,12.06,12.12,11.63,11.64,5786.0,1,0.0
2022-10-10 14:00:00,11.64,11.71,11.41,11.46,7476.0,1,0.0
2022-10-10 15:00:00,11.46,11.69,11.44,11.66,4404.0,1,0.0
2022-10-10 16:00:00,11.66,11.66,11.49,11.51,3102.0,1,0.0
2022-10-10 17:00:00,11.51,11.8,11.44,11.75,4076.0,1,0.0
2022-10-10 18:00:00,11.75,11.77,11.63,11.69,4088.0,1,0.0
2022-10-10 19:00:00,11.69,11.8,11.66,11.73,3713.0,1,0.0
2022-10-11 10:00:00,11.47,11.48,11.44,11.47,428.0,3,0.0
2022-10-11 11:00:00,11.47,11.56,11.47,11.55,587.0,2,0.0
2022-10-11 12:00:00,11.54,11.62,11.53,11.57,529.0,2,0.0
2022-10-11 13:00:00,11.56,11.68,11.37,11.37,5798.0,1,0.0
2022-10-11 14:00:00,11.37,11.53,11.28,11.34,6913.0,1,0.0
2022-10-11 15:00:00,11.34,11.76,11.34,11.68,5545.0,1,0.0
2022-10-11 16:00:00,11.68,11.84,11.58,11.76,4291.0,1,0.0
2022-10-11 17:00:00,11.76,11.83,11.65,11.74,3899.0,1,0.0
2022-10-11 18:00:00,11.74,11.76,11.48,11.5,4513.0,1,0.0
2022-10-11 19:00:00,11.5,11.56,11.41,11.54,4629.0,1,0.0
2022-10-12 10:00:00,11.71,11.74,11.68,11.7,451.0,2,0.0
2022-10-12 11:00:00,11.7,11.74,11.69,11.71,738.0,1,0.0
2022-10-12 12:00:00,11.71,11.73,11.55,11.64,980.0,1,0.0
2022-10-12 13:00:00,11.64,11.73,11.47,11.55,5447.0,1,0.0
2022-10-12 14:00:00,11.55,11.58,11.34,11.36,6045.0,1,0.0
2022-10-12 15:00:00,11.36,11.61,11.35,11.59,4395.0,1,0.0
2022-10-12 16:00:00,11.59,11.6,11.45,11.56,3295.0,1,0.0
2022-10-12 17:00:00,11.56,11.58,11.49,11.5,2589.0,1,0.0
2022-10-12 18:00:00,11.51,11.63,11.48,11.53,5609.0,1,0.0
2022-10-12 19:00:00,11.52,11.59,11.48,11.54,2501.0,1,0.0
2022-10-13 10:00:00,11.46,11.49,11.45,11.47,321.0,2,0.0
2022-10-13 11:00:00,11.47,11.53,11.45,11.49,610.0,1,0.0
2022-10-13 12:00:00,11.49,11.64,10.94,11.01,2056.0,2,0.0
2022-10-13 13:00:00,11.01,11.15,10.81,11.09,8178.0,1,0.0
2022-10-13 14:00:00,11.09,11.43,11.04,11.35,10150.0,1,0.0
2022-10-13 15:00:00,11.35,12.07,11.32,11.88,12077.0,1,0.0
2022-10-13 16:00:00,11.88,11.94,11.69,11.81,6297.0,1,0.0
2022-10-13 17:00:00,11.81,12.05,11.8,11.94,4770.0,1,0.0
2022-10-13 18:00:00,11.94,11.99,11.83,11.98,4508.0,1,0.0
2022-10-13 19:00:00,11.98,12.03,11.89,11.95,3563.0,1,0.0
2022-10-14 10:00:00,11.86,11.97,11.85,11.95,738.0,2,0.0
2022-10-14 11:00:00,11.95,12.0,11.86,11.87,834.0,2,0.0
2022-10-14 12:00:00,11.87,12.18,11.87,12.12,842.0,2,0.0
2022-10-14 13:00:00,12.12,12.15,11.55,11.57,8936.0,1,0.0
2022-10-14 14:00:00,11.57,11.61,11.29,11.43,11464.0,1,0.0
2022-10-14 15:00:00,11.43,11.57,11.31,11.33,6034.0,1,0.0
2022-10-14 16:00:00,11.33,11.42,11.26,11.31,4760.0,1,0.0
2022-10-14 17:00:00,11.31,11.4,11.29,11.39,3400.0,1,0.0
2022-10-14 18:00:00,11.38,11.4,11.28,11.4,3437.0,1,0.0
2022-10-14 19:00:00,11.4,11.44,11.3,11.32,3037.0,1,0.0
2022-10-17 10:00:00,11.36,11.41,11.35,11.4,446.0,2,0.0
2022-10-17 11:00:00,11.4,11.4,11.35,11.37,582.0,1,0.0
2022-10-17 12:00:00,11.37,11.44,11.32,11.43,757.0,1,0.0
2022-10-17 13:00:00,11.43,11.88,11.42,11.74,6651.0,1,0.0
2022-10-17 14:00:00,11.74,11.86,11.6,11.61,6634.0,1,0.0
2022-10-17 15:00:00,11.61,11.93,11.6,11.86,4509.0,1,0.0
2022-10-17 16:00:00,11.86,11.88,11.79,11.85,3298.0,1,0.0
2022-10-17 17:00:00,11.85,11.93,11.82,11.89,2910.0,1,0.0
2022-10-17 18:00:00,11.89,11.93,11.85,11.89,2763.0,1,0.0
2022-10-17 19:00:00,11.89,11.94,11.82,11.91,2680.0,1,0.0
2022-10-18 10:00:00,12.12,12.17,12.11,12.14,514.0,2,0.0
2022-10-18 11:00:00,12.13,12.21,12.13,12.18,504.0,2,0.0
2022-10-18 12:00:00,12.18,12.31,12.18,12.29,704.0,2,0.0
2022-10-18 13:00:00,12.29,12.48,12.02,12.1,6821.0,1,0.0
2022-10-18 14:00:00,12.1,12.19,11.85,11.87,6363.0,1,0.0
2022-10-18 15:00:00,11.87,11.89,11.61,11.8,5102.0,1,0.0
2022-10-18 16:00:00,11.8,11.97,11.72,11.85,4112.0,1,0.0
2022-10-18 17:00:00,11.85,12.02,11.79,12.01,3765.0,1,0.0
2022-10-18 18:00:00,12.01,12.06,11.76,11.88,4648.0,1,0.0
2022-10-18 19:00:00,11.88,12.01,11.8,11.98,3646.0,1,0.0
2022-10-19 10:00:00,12.01,12.01,11.88,11.91,833.0,1,0.0
2022-10-19 11:00:00,11.92,11.96,11.79,11.87,1051.0,2,0.0
2022-10-19 12:00:00,11.86,11.89,11.76,11.81,777.0,2,0.0
2022-10-19 13:00:00,11.8,12.06,11.77,11.88,5773.0,1,0.0
2022-10-19 14:00:00,11.88,12.34,11.83,12.1,6374.0,1,0.0
2022-10-19 15:00:00,12.1,12.21,12.04,12.16,4619.0,1,0.0
2022-10-19 16:00:00,12.16,12.17,11.96,12.0,3416.0,1,0.0
2022-10-19 17:00:00,12.0,12.01,11.88,11.99,3593.0,1,0.0
2022-10-19 18:00:00,11.99,12.11,11.97,11.99,3000.0,1,0.0
2022-10-19 19:00:00,11.99,12.02,11.93,11.98,2663.0,1,0.0
2022-10-20 10:00:00,11.95,12.08,11.94,12.05,1069.0,1,0.0
2022-10-20 11:00:00,12.05,12.08,12.02,12.07,862.0,1,0.0
2022-10-20 12:00:00,12.07,12.2,12.01,12.03,1281.0,2,0.0
2022-10-20 13:00:00,12.04,12.57,12.02,12.56,6957.0,1,0.0
2022-10-20 14:00:00,12.56,12.76,12.53,12.74,6750.0,1,0.0
2022-10-20 15:00:00,12.74,12.75,12.52,12.61,4539.0,1,0.0
2022-10-20 16:00:00,12.61,12.62,12.33,12.38,4301.0,1,0.0
2022-10-20 17:00:00,12.38,12.43,12.23,12.25,4088.0,1,0.0
2022-10-20 18:00:00,12.25,12.27,12.13,12.2,3600.0,1,0.0
2022-10-20 19:00:00,12.2,12.27,12.12,12.19,2824.0,1,0.0
2022-10-21 10:00:00,12.04,12.06,12.0,12.05,249.0,3,0.0
2022-10-21 11:00:00,12.05,12.07,12.01,12.02,1070.0,1,0.0
2022-10-21 12:00:00,12.02,12.02,11.89,11.92,898.0,2,0.0
2022-10-21 13:00:00,11.92,12.24,11.88,12.22,9019.0,1,0.0
2022-10-21 14:00:00,12.22,12.44,12.06,12.08,8497.0,1,0.0
2022-10-21 15:00:00,12.08,12.28,11.98,12.26,6460.0,1,0.0
2022-10-21 16:00:00,12.27,12.39,12.25,12.28,5395.0,1,0.0
2022-10-21 17:00:00,12.28,12.44,12.27,12.44,3190.0,1,0.0
2022-10-21 18:00:00,12.44,12.48,12.36,12.4,3127.0,1,0.0
2022-10-21 19:00:00,12.4,12.49,12.38,12.47,2211.0,1,0.0
2022-10-24 10:00:00,12.43,12.5,12.41,12.49,762.0,2,0.0
2022-10-24 11:00:00,12.49,12.58,12.48,12.56,562.0,2,0.0
2022-10-24 12:00:00,12.57,12.58,12.47,12.51,636.0,2,0.0
2022-10-24 13:00:00,12.51,12.55,12.22,12.26,8087.0,1,0.0
2022-10-24 14:00:00,12.26,12.34,12.06,12.33,8374.0,1,0.0
2022-10-24 15:00:00,12.33,12.52,12.29,12.5,5254.0,1,0.0
2022-10-24 16:00:00,12.5,12.55,12.44,12.5,3432.0,1,0.0
2022-10-24 17:00:00,12.5,12.56,12.42,12.52,2978.0,1,0.0
2022-10-24 18:00:00,12.52,12.68,12.52,12.61,3093.0,1,0.0
2022-10-24 19:00:00,12.6,12.7,12.6,12.63,2232.0,1,0.0
2022-10-25 10:00:00,12.57,12.6,12.56,12.6,300.0,1,0.0
2022-10-25 11:00:00,12.6,12.62,12.57,12.58,399.0,1,0.0
2022-10-25 12:00:00,12.58,12.59,12.55,12.58,314.0,1,0.0
2022-10-25 13:00:00,12.58,13.06,12.57,13.06,5910.0,1,0.0
2022-10-25 14:00:00,13.05,13.16,12.97,13.06,6160.0,1,0.0
2022-10-25 15:00:00,13.06,13.27,13.04,13.19,3387.0,1,0.0
2022-10-25 16:00:00,13.19,13.27,13.15,13.2,2697.0,1,0.0
2022-10-25 17:00:00,13.2,13.24,13.13,13.15,3493.0,1,0.0
2022-10-25 18:00:00,13.15,13.28,13.14,13.23,2292.0,1,0.0
2022-10-25 19:00:00,13.23,13.29,13.21,13.23,2076.0,1,0.0
2022-10-26 10:00:00,12.91,12.96,12.9,12.94,352.0,4,0.0
2022-10-26 11:00:00,12.94,12.98,12.86,12.93,795.0,2,0.0
2022-10-26 12:00:00,12.93,12.93,12.85,12.9,582.0,2,0.0
2022-10-26 13:00:00,12.9,13.12,12.71,13.06,7504.0,1,0.0
2022-10-26 14:00:00,13.07,13.3,12.96,13.19,7892.0,1,0.0
2022-10-26 15:00:00,13.19,13.38,13.19,13.29,4252.0,1,0.0
2022-10-26 16:00:00,13.29,13.33,13.08,13.09,3852.0,1,0.0
2022-10-26 17:00:00,13.09,13.09,12.86,13.01,4488.0,1,0.0
2022-10-26 18:00:00,13.0,13.05,12.92,13.0,3290.0,1,0.0
2022-10-26 19:00:00,13.0,13.0,12.88,12.95,2770.0,1,0.0
2022-10-27 10:00:00,13.27,13.3,13.22,13.24,323.0,4,0.0
2022-10-27 11:00:00,13.24,13.41,13.24,13.41,549.0,2,0.0
2022-10-27 12:00:00,13.41,13.61,13.38,13.58,1136.0,2,0.0
2022-10-27 13:00:00,13.59,13.83,13.12,13.19,9816.0,1,0.0
2022-10-27 14:00:00,13.19,13.66,13.13,13.42,9149.0,1,0.0
2022-10-27 15:00:00,13.42,13.51,13.22,13.22,5853.0,1,0.0
2022-10-27 16:00:00,13.22,13.29,13.16,13.25,3870.0,1,0.0
2022-10-27 17:00:00,13.25,13.37,13.21,13.28,3708.0,1,0.0
2022-10-27 18:00:00,13.28,13.31,13.2,13.23,2690.0,1,0.0
2022-10-27 19:00:00,13.22,13.3,13.19,13.25,2729.0,1,0.0
2022-10-28 10:00:00,12.96,12.99,12.95,12.98,257.0,4,0.0
2022-10-28 11:00:00,12.97,13.06,12.95,13.04,596.0,2,0.0
2022-10-28 12:00:00,13.03,13.21,12.98,13.07,1017.0,2,0.0
2022-10-28 13:00:00,13.06,13.54,13.01,13.43,7927.0,1,0.0
2022-10-28 14:00:00,13.43,13.51,13.11,13.44,9286.0,1,0.0
2022-10-28 15:00:00,13.45,13.69,13.44,13.61,4301.0,1,0.0
2022-10-28 16:00:00,13.61,13.79,13.6,13.73,3366.0,1,0.0
2022-10-28 17:00:00,13.73,13.76,13.64,13.69,2556.0,1,0.0
2022-10-28 18:00:00,13.69,13.72,13.65,13.71,2606.0,1,0.0
2022-10-28 19:00:00,13.71,13.76,13.68,13.76,1907.0,1,0.0
2022-10-31 10:00:00,13.7,13.73,13.69,13.7,530.0,1,0.0
2022-10-31 11:00:00,13.71,13.81,13.71,13.79,762.0,2,0.0
2022-10-31 12:00:00,13.79,13.81,13.69,13.73,435.0,2,0.0
2022-10-31 13:00:00,13.73,13.83,13.43,13.51,7095.0,1,0.0
2022-10-31 14:00:00,13.51,13.6,13.29,13.36,7007.0,1,0.0
2022-10-31 15:00:00,13.36,13.58,13.32,13.51,4947.0,1,0.0
2022-10-31 16:00:00,13.51,13.58,13.4,13.48,4201.0,1,0.0
2022-10-31 17:00:00,13.48,13.64,13.45,13.58,3410.0,1,0.0
2022-10-31 18:00:00,13.58,13.62,13.52,13.55,3324.0,1,0.0
2022-10-31 19:00:00,13.55,13.56,13.47,13.54,2538.0,1,0.0
2022-11-01 10:00:00,13.72,13.74,13.71,13.74,136.0,4,0.0
2022-11-01 11:00:00,13.73,13.75,13.7,13.75,448.0,2,0.0
2022-11-01 12:00:00,13.75,13.85,13.73,13.81,513.0,2,0.0
2022-11-01 13:00:00,13.81,13.92,13.7,13.76,7356.0,1,0.0
2022-11-01 14:00:00,13.76,13.78,13.52,13.6,8130.0,1,0.0
2022-11-01 15:00:00,13.6,13.77,13.58,13.76,5192.0,1,0.0
2022-11-01 16:00:00,13.76,13.85,13.65,13.68,4374.0,1,0.0
2022-11-01 17:00:00,13.68,13.73,13.59,13.63,2970.0,1,0.0
2022-11-01 18:00:00,13.63,13.71,13.61,13.69,2633.0,1,0.0
2022-11-01 19:00:00,13.68,13.7,13.58,13.6,2104.0,1,0.0
2022-11-02 10:00:00,13.72,13.73,13.65,13.67,361.0,2,0.0
2022-11-02 11:00:00,13.68,13.77,13.68,13.76,648.0,2,0.0
2022-11-02 12:00:00,13.75,13.77,13.7,13.72,574.0,2,0.0
2022-11-02 13:00:00,13.72,14.15,13.68,14.0,7869.0,1,0.0
2022-11-02 14:00:00,14.0,14.06,13.79,13.95,6665.0,1,0.0
2022-11-02 15:00:00,13.95,13.99,13.81,13.84,4028.0,1,0.0
2022-11-02 16:00:00,13.85,13.9,13.71,13.78,2808.0,1,0.0
2022-11-02 17:00:00,13.78,13.83,13.7,13.82,2399.0,1,0.0
2022-11-02 18:00:00,13.82,14.2,13.58,13.67,20977.0,1,0.0
2022-11-02 19:00:00,13.67,13.87,13.29,13.35,7760.0,1,0.0
2022-11-03 10:00:00,13.13,13.15,13.06,13.09,346.0,4,0.0
2022-11-03 11:00:00,13.09,13.11,12.97,13.02,935.0,2,0.0
2022-11-03 12:00:00,13.02,13.06,12.88,12.92,1112.0,2,0.0
2022-11-03 13:00:00,12.92,13.2,12.9,13.02,7236.0,1,0.0
2022-11-03 14:00:00,13.02,13.72,12.97,13.67,9700.0,1,0.0
2022-11-03 15:00:00,13.67,13.78,13.41,13.5,5902.0,1,0.0
2022-11-03 16:00:00,13.5,13.59,13.42,13.57,4750.0,1,0.0
2022-11-03 17:00:00,13.57,13.59,13.42,13.42,3275.0,1,0.0
2022-11-03 18:00:00,13.42,13.54,13.41,13.52,3112.0,1,0.0
2022-11-03 19:00:00,13.52,13.61,13.48,13.51,2495.0,1,0.0
2022-11-04 10:00:00,13.58,13.67,13.58,13.66,627.0,2,0.0
2022-11-04 11:00:00,13.65,13.66,13.6,13.63,972.0,2,0.0
2022-11-04 12:00:00,13.63,13.87,13.46,13.86,1656.0,2,0.0
2022-11-04 13:00:00,13.85,14.05,13.69,13.96,8813.0,1,0.0
2022-11-04 14:00:00,13.96,14.22,13.86,14.09,10228.0,1,0.0
2022-11-04 15:00:00,14.09,14.14,13.8,13.81,7089.0,1,0.0
2022-11-04 16:00:00,13.81,13.99,13.75,13.83,6337.0,1,0.0
2022-11-04 17:00:00,13.83,13.92,13.72,13.73,5362.0,1,0.0
2022-11-04 18:00:00,13.72,14.03,13.7,14.01,4694.0,1,0.0
2022-11-04 19:00:00,14.01,14.14,13.98,14.1,3758.0,1,0.0
2022-11-07 11:00:00,14.24,14.28,14.22,14.23,335.0,2,0.0
2022-11-07 12:00:00,14.23,14.27,14.21,14.23,478.0,2,0.0
2022-11-07 13:00:00,14.23,14.24,14.15,14.19,671.0,2,0.0
2022-11-07 14:00:00,14.19,14.29,13.95,14.05,6725.0,1,0.0
2022-11-07 15:00:00,14.06,14.26,14.03,14.14,7120.0,1,0.0
2022-11-07 16:00:00,14.14,14.21,14.03,14.07,5086.0,1,0.0
2022-11-07 17:00:00,14.07,14.17,14.05,14.12,3631.0,1,0.0
2022-11-07 18:00:00,14.12,14.17,14.07,14.11,2665.0,1,0.0
2022-11-07 19:00:00,14.11,14.34,14.11,14.26,2793.0,1,0.0
2022-11-07 20:00:00,14.27,14.41,14.26,14.33,2229.0,1,0.0
2022-11-08 11:00:00,14.49,14.69,14.49,14.65,389.0,3,0.0
2022-11-08 12:00:00,14.64,14.74,14.63,14.73,689.0,2,0.0
2022-11-08 13:00:00,14.73,14.82,14.69,14.78,813.0,2,0.0
2022-11-08 14:00:00,14.78,14.89,14.51,14.64,8408.0,1,0.0
2022-11-08 15:00:00,14.64,14.67,14.44,14.62,7731.0,1,0.0
2022-11-08 16:00:00,14.62,14.86,14.6,14.75,4200.0,1,0.0
2022-11-08 17:00:00,14.75,14.79,14.68,14.73,3385.0,1,0.0
2022-11-08 18:00:00,14.73,14.77,14.41,14.45,4902.0,1,0.0
2022-11-08 19:00:00,14.44,14.5,14.21,14.45,6151.0,1,0.0
2022-11-08 20:00:00,14.45,14.69,14.43,14.61,3979.0,1,0.0
2022-11-09 11:00:00,14.47,14.52,14.33,14.34,666.0,2,0.0
2022-11-09 12:00:00,14.35,14.41,14.28,14.37,954.0,2,0.0
2022-11-09 13:00:00,14.37,14.41,14.1,14.13,912.0,2,0.0
2022-11-09 14:00:00,14.12,14.2,13.88,14.04,6351.0,1,0.0
2022-11-09 15:00:00,14.04,14.11,13.82,13.92,7273.0,1,0.0
2022-11-09 16:00:00,13.92,14.02,13.89,13.94,4476.0,1,0.0
2022-11-09 17:00:00,13.94,13.98,13.84,13.96,3306.0,1,0.0
2022-11-09 18:00:00,13.97,14.01,13.76,13.81,4085.0,1,0.0
2022-11-09 19:00:00,13.81,13.9,13.77,13.8,3334.0,1,0.0
2022-11-09 20:00:00,13.8,13.88,13.77,13.79,2733.0,1,0.0
2022-11-10 11:00:00,13.67,13.67,13.63,13.63,182.0,3,0.0
2022-11-10 12:00:00,13.64,13.64,13.51,13.53,548.0,2,0.0
2022-11-10 13:00:00,13.53,14.64,13.5,14.53,1995.0,2,0.0
2022-11-10 14:00:00,14.53,14.99,14.52,14.97,9989.0,1,0.0
2022-11-10 15:00:00,14.98,15.03,14.83,15.02,9210.0,1,0.0
2022-11-10 16:00:00,15.02,15.3,14.98,15.29,4855.0,1,0.0
2022-11-10 17:00:00,15.29,15.31,15.18,15.24,4524.0,1,0.0
2022-11-10 18:00:00,15.24,15.51,15.23,15.48,4363.0,1,0.0
2022-11-10 19:00:00,15.48,15.54,15.43,15.52,3317.0,1,0.0
2022-11-10 20:00:00,15.52,15.7,15.47,15.66,2370.0,1,0.0
2022-11-11 11:00:00,15.9,16.02,15.87,15.92,423.0,4,0.0
2022-11-11 12:00:00,15.91,15.98,15.86,15.96,716.0,2,0.0
2022-11-11 13:00:00,15.96,16.03,15.95,15.99,709.0,2,0.0
2022-11-11 14:00:00,16.0,16.05,15.48,15.85,9423.0,1,0.0
2022-11-11 15:00:00,15.85,16.12,15.72,16.04,10451.0,1,0.0
2022-11-11 16:00:00,16.04,16.12,15.76,16.02,7016.0,1,0.0
2022-11-11 17:00:00,16.01,16.09,15.93,16.07,4885.0,1,0.0
2022-11-11 18:00:00,16.07,16.3,16.07,16.19,4050.0,1,0.0
2022-11-11 19:00:00,16.19,16.38,16.14,16.35,4737.0,1,0.0
2022-11-11 20:00:00,16.36,16.36,16.11,16.28,4423.0,1,0.0
2022-11-14 11:00:00,16.14,16.21,16.11,16.18,292.0,3,0.0
2022-11-14 12:00:00,16.19,16.3,16.17,16.28,463.0,2,0.0
2022-11-14 13:00:00,16.28,16.28,16.22,16.22,429.0,2,0.0
2022-11-14 14:00:00,16.22,16.44,15.92,16.08,7333.0,1,0.0
2022-11-14 15:00:00,16.08,16.38,16.08,16.3,7403.0,1,0.0
2022-11-14 16:00:00,16.3,16.48,16.16,16.37,5759.0,1,0.0
2022-11-14 17:00:00,16.37,16.45,16.28,16.36,4097.0,1,0.0
2022-11-14 18:00:00,16.36,16.48,16.33,16.45,3227.0,1,0.0
2022-11-14 19:00:00,16.45,16.52,16.43,16.49,3868.0,1,0.0
2022-11-14 20:00:00,16.49,16.53,16.29,16.3,3303.0,1,0.0
2022-11-15 11:00:00,16.55,16.57,16.52,16.56,161.0,4,0.0
2022-11-15 12:00:00,16.56,16.65,16.54,16.62,543.0,2,0.0
2022-11-15 13:00:00,16.62,17.02,16.61,17.01,1485.0,2,0.0
2022-11-15 14:00:00,17.0,17.01,16.67,16.88,8306.0,1,0.0
2022-11-15 15:00:00,16.89,16.99,16.6,16.64,7848.0,1,0.0
2022-11-15 16:00:00,16.64,16.82,16.6,16.79,5627.0,1,0.0
2022-11-15 17:00:00,16.79,16.91,16.71,16.88,4568.0,1,0.0
2022-11-15 18:00:00,16.88,16.9,16.38,16.55,8741.0,1,0.0
2022-11-15 19:00:00,16.56,16.8,16.41,16.69,8917.0,1,0.0
2022-11-15 20:00:00,16.69,16.74,16.62,16.72,3968.0,1,0.0
2022-11-16 11:00:00,16.52,16.52,16.44,16.48,574.0,3,0.0
2022-11-16 12:00:00,16.48,16.51,16.41,16.51,517.0,2,0.0
2022-11-16 13:00:00,16.5,16.54,16.24,16.27,1033.0,2,0.0
2022-11-16 14:00:00,16.27,16.35,16.0,16.12,8485.0,1,0.0
2022-11-16 15:00:00,16.12,16.19,15.9,15.92,6456.0,1,0.0
2022-11-16 16:00:00,15.92,16.27,15.91,16.13,4494.0,1,0.0
2022-11-16 17:00:00,16.13,16.27,16.05,16.17,3834.0,1,0.0
2022-11-16 18:00:00,16.18,16.22,16.07,16.09,3135.0,1,0.0
2022-11-16 19:00:00,16.09,16.19,16.05,16.09,3144.0,1,0.0
2022-11-16 20:00:00,16.09,16.1,15.87,15.98,3086.0,1,0.0
2022-11-17 11:00:00,16.13,16.19,16.04,16.13,948.0,3,0.0
2022-11-17 12:00:00,16.13,16.21,15.92,15.96,1493.0,3,0.0
2022-11-17 13:00:00,15.96,16.05,15.62,15.63,2090.0,2,0.0
2022-11-17 14:00:00,15.63,16.13,15.57,15.91,8923.0,1,0.0
2022-11-17 15:00:00,15.9,16.26,15.84,15.97,8193.0,1,0.0
2022-11-17 16:00:00,15.97,16.04,15.77,15.93,5655.0,1,0.0
2022-11-17 17:00:00,15.93,15.96,15.74,15.93,4342.0,1,0.0
2022-11-17 18:00:00,15.94,15.97,15.7,15.77,3497.0,1,0.0
2022-11-17 19:00:00,15.77,15.8,15.62,15.67,3504.0,1,0.0
2022-11-17 20:00:00,15.67,15.71,15.53,15.64,2733.0,1,0.0
2022-11-18 11:00:00,15.91,15.93,15.89,15.92,428.0,3,0.0
2022-11-18 12:00:00,15.92,15.98,15.86,15.92,699.0,3,0.0
2022-11-18 13:00:00,15.92,15.97,15.89,15.93,606.0,2,0.0
2022-11-18 14:00:00,15.93,15.99,15.61,15.63,7671.0,1,0.0
2022-11-18 15:00:00,15.63,15.63,15.3,15.34,6601.0,1,0.0
2022-11-18 16:00:00,15.33,15.46,15.3,15.36,4175.0,1,0.0
2022-11-18 17:00:00,15.36,15.37,15.12,15.15,3619.0,1,0.0
2022-11-18 18:00:00,15.15,15.31,15.15,15.22,3193.0,1,0.0
2022-11-18 19:00:00,15.22,15.31,15.2,15.29,2851.0,1,0.0
2022-11-18 20:00:00,15.29,15.44,15.29,15.43,2521.0,1,0.0
2022-11-21 11:00:00,15.23,15.24,15.21,15.21,132.0,4,0.0
2022-11-21 12:00:00,15.22,15.23,15.16,15.17,330.0,3,0.0
2022-11-21 13:00:00,15.17,15.3,15.17,15.28,537.0,2,0.0
2022-11-21 14:00:00,15.29,15.41,15.03,15.3,5593.0,1,0.0
2022-11-21 15:00:00,15.29,15.33,15.16,15.3,5381.0,1,0.0
2022-11-21 16:00:00,15.3,15.47,15.29,15.34,4481.0,1,0.0
2022-11-21 17:00:00,15.34,15.38,15.19,15.2,3163.0,1,0.0
2022-11-21 18:00:00,15.2,15.36,15.19,15.31,2996.0,1,0.0
2022-11-21 19:00:00,15.31,15.34,15.26,15.3,2312.0,1,0.0
2022-11-21 20:00:00,15.3,15.38,15.3,15.3,2200.0,1,0.0
2022-11-22 11:00:00,15.33,15.33,15.25,15.26,716.0,1,0.0
2022-11-22 12:00:00,15.28,15.34,15.26,15.32,597.0,2,0.0
2022-11-22 13:00:00,15.32,15.4,15.32,15.39,500.0,2,0.0
2022-11-22 14:00:00,15.39,15.46,15.11,15.37,4671.0,1,0.0
2022-11-22 15:00:00,15.37,15.8,15.35,15.78,5933.0,1,0.0
2022-11-22 16:00:00,15.78,15.9,15.7,15.85,4067.0,1,0.0
2022-11-22 17:00:00,15.84,15.91,15.75,15.75,3277.0,1,0.0
2022-11-22 18:00:00,15.76,15.88,15.72,15.87,2444.0,1,0.0
2022-11-22 19:00:00,15.88,15.92,15.83,15.89,2509.0,1,0.0
2022-11-22 20:00:00,15.88,15.99,15.88,15.99,1644.0,1,0.0
2022-11-23 11:00:00,16.14,16.17,16.13,16.17,232.0,4,0.0
2022-11-23 12:00:00,16.17,16.23,16.15,16.21,754.0,2,0.0
2022-11-23 13:00:00,16.21,16.21,16.05,16.1,435.0,2,0.0
2022-11-23 14:00:00,16.09,16.35,16.04,16.33,5264.0,1,0.0
2022-11-23 15:00:00,16.34,16.44,16.25,16.42,5002.0,1,0.0
2022-11-23 16:00:00,16.42,16.5,16.23,16.26,3976.0,1,0.0
2022-11-23 17:00:00,16.26,16.32,16.11,16.15,2983.0,1,0.0
2022-11-23 18:00:00,16.15,16.29,16.12,16.29,2064.0,1,0.0
2022-11-23 19:00:00,16.29,16.46,16.2,16.44,5415.0,1,0.0
2022-11-23 20:00:00,16.44,16.52,16.42,16.45,2255.0,1,0.0
2022-11-25 11:00:00,16.51,16.55,16.5,16.51,240.0,2,0.0
2022-11-25 12:00:00,16.51,16.54,16.43,16.43,379.0,2,0.0
2022-11-25 13:00:00,16.43,16.47,16.4,16.43,450.0,2,0.0
2022-11-25 14:00:00,16.43,16.43,16.17,16.4,5778.0,1,0.0
2022-11-25 15:00:00,16.4,16.48,16.32,16.35,4034.0,1,0.0
2022-11-25 16:00:00,16.35,16.42,16.28,16.36,2541.0,1,0.0
2022-11-25 17:00:00,16.36,16.37,16.26,16.27,2332.0,1,0.0
2022-11-28 11:00:00,16.03,16.07,16.01,16.06,244.0,4,0.0
2022-11-28 12:00:00,16.06,16.11,16.04,16.1,562.0,2,0.0
2022-11-28 13:00:00,16.1,16.1,16.01,16.06,616.0,2,0.0
2022-11-28 14:00:00,16.06,16.35,15.99,16.3,5379.0,1,0.0
2022-11-28 15:00:00,16.29,16.33,16.03,16.04,4322.0,1,0.0
2022-11-28 16:00:00,16.03,16.11,16.03,16.1,2835.0,1,0.0
2022-11-28 17:00:00,16.1,16.14,16.0,16.01,3257.0,1,0.0
2022-11-28 18:00:00,16.01,16.06,15.95,15.95,2146.0,1,0.0
2022-11-28 19:00:00,15.95,15.97,15.87,15.9,2050.0,1,0.0
2022-11-28 20:00:00,15.89,15.91,15.72,15.78,1713.0,1,0.0
2022-11-29 11:00:00,15.95,16.01,15.92,16.0,350.0,3,0.0
2022-11-29 12:00:00,15.99,16.0,15.9,15.95,822.0,2,0.0
2022-11-29 13:00:00,15.95,15.97,15.9,15.92,558.0,2,0.0
2022-11-29 14:00:00,15.92,15.99,15.68,15.75,4513.0,1,0.0
2022-11-29 15:00:00,15.75,15.92,15.74,15.77,4970.0,1,0.0
2022-11-29 16:00:00,15.77,15.78,15.51,15.69,4217.0,1,0.0
2022-11-29 17:00:00,15.69,15.72,15.63,15.68,2572.0,1,0.0
2022-11-29 18:00:00,15.68,15.71,15.57,15.67,2367.0,1,0.0
2022-11-29 19:00:00,15.67,15.74,15.61,15.65,2426.0,1,0.0
2022-11-29 20:00:00,15.65,15.69,15.59,15.65,2018.0,1,0.0
2022-11-30 11:00:00,15.72,15.72,15.71,15.72,85.0,3,0.0
2022-11-30 12:00:00,15.71,15.71,15.68,15.69,134.0,2,0.0
2022-11-30 13:00:00,15.69,15.71,15.53,15.55,570.0,2,0.0
2022-11-30 14:00:00,15.55,15.97,15.54,15.68,5235.0,1,0.0
2022-11-30 15:00:00,15.69,15.83,15.59,15.75,4487.0,1,0.0
2022-11-30 16:00:00,15.75,15.92,15.74,15.87,3655.0,1,0.0
2022-11-30 17:00:00,15.87,15.9,15.66,15.75,2620.0,1,0.0
2022-11-30 18:00:00,15.75,16.19,15.73,16.17,6481.0,1,0.0
2022-11-30 19:00:00,16.17,16.55,16.17,16.45,7663.0,1,0.0
2022-11-30 20:00:00,16.45,16.76,16.42,16.73,3395.0,1,0.0
2022-12-01 11:00:00,16.81,16.87,16.8,16.86,212.0,3,0.0
2022-12-01 12:00:00,16.86,17.03,16.86,17.0,432.0,2,0.0
2022-12-01 13:00:00,17.0,17.15,16.98,17.03,988.0,2,0.0
2022-12-01 14:00:00,17.02,17.21,16.84,17.15,5180.0,1,0.0
2022-12-01 15:00:00,17.16,17.2,16.63,17.07,7151.0,1,0.0
2022-12-01 16:00:00,17.07,17.1,16.91,17.05,4972.0,1,0.0
2022-12-01 17:00:00,17.05,17.15,16.94,17.11,4570.0,1,0.0
2022-12-01 18:00:00,17.1,17.23,17.08,17.19,4596.0,1,0.0
2022-12-01 19:00:00,17.19,17.23,17.1,17.21,3948.0,1,0.0
2022-12-01 20:00:00,17.21,17.26,17.18,17.23,2772.0,1,0.0
2022-12-02 11:00:00,17.03,17.05,17.0,17.01,143.0,4,0.0
2022-12-02 12:00:00,17.01,17.06,17.0,17.05,222.0,3,0.0
2022-12-02 13:00:00,17.05,17.12,16.43,16.58,1587.0,2,0.0
2022-12-02 14:00:00,16.57,16.8,16.44,16.54,8212.0,1,0.0
2022-12-02 15:00:00,16.54,16.7,16.49,16.58,11813.0,1,0.0
2022-12-02 16:00:00,16.58,16.77,16.53,16.68,3801.0,1,0.0
2022-12-02 17:00:00,16.68,16.74,16.59,16.6,2937.0,1,0.0
2022-12-02 18:00:00,16.6,16.69,16.54,16.68,3629.0,1,0.0
2022-12-02 19:00:00,16.68,16.82,16.63,16.81,3284.0,1,0.0
2022-12-02 20:00:00,16.81,16.93,16.74,16.76,3753.0,1,0.0
2022-12-05 11:00:00,16.77,16.83,16.77,16.82,288.0,1,0.0
2022-12-05 12:00:00,16.82,16.85,16.75,16.77,695.0,2,0.0
2022-12-05 13:00:00,16.78,16.79,16.7,16.72,381.0,2,0.0
2022-12-05 14:00:00,16.72,16.84,16.62,16.81,4534.0,1,0.0
2022-12-05 15:00:00,16.81,16.87,16.66,16.86,7796.0,1,0.0
2022-12-05 16:00:00,16.86,16.99,16.75,16.78,4400.0,1,0.0
2022-12-05 17:00:00,16.78,16.83,16.66,16.68,3576.0,1,0.0
2022-12-05 18:00:00,16.68,16.81,16.61,16.61,3431.0,1,0.0
2022-12-05 19:00:00,16.61,16.67,16.47,16.57,3573.0,1,0.0
2022-12-05 20:00:00,16.57,16.63,16.51,16.56,2770.0,1,0.0
2022-12-06 11:00:00,16.61,16.62,16.57,16.61,360.0,2,0.0
2022-12-06 12:00:00,16.62,16.68,16.61,16.66,911.0,2,0.0
2022-12-06 13:00:00,16.66,16.66,16.58,16.63,593.0,2,0.0
2022-12-06 14:00:00,16.62,16.64,16.19,16.2,4003.0,1,0.0
2022-12-06 15:00:00,16.19,16.25,15.94,16.02,7210.0,1,0.0
2022-12-06 16:00:00,16.02,16.15,15.98,16.05,5878.0,1,0.0
2022-12-06 17:00:00,16.05,16.13,15.97,16.06,4841.0,1,0.0
2022-12-06 18:00:00,16.06,16.1,15.99,16.08,3785.0,1,0.0
2022-12-06 19:00:00,16.08,16.08,15.84,15.9,3924.0,1,0.0
2022-12-06 20:00:00,15.91,15.98,15.82,15.92,3176.0,1,0.0
2022-12-07 11:00:00,15.86,15.88,15.82,15.83,763.0,2,0.0
2022-12-07 12:00:00,15.83,15.86,15.6,15.67,804.0,2,0.0
2022-12-07 13:00:00,15.67,15.87,15.66,15.84,840.0,2,0.0
2022-12-07 14:00:00,15.84,16.15,15.67,15.87,5881.0,1,0.0
2022-12-07 15:00:00,15.87,16.07,15.76,16.04,8528.0,1,0.0
2022-12-07 16:00:00,16.04,16.16,15.81,15.96,6288.0,1,0.0
2022-12-07 17:00:00,15.96,15.99,15.86,15.99,4679.0,1,0.0
2022-12-07 18:00:00,15.99,16.13,15.97,16.03,4524.0,1,0.0
2022-12-07 19:00:00,16.03,16.14,15.98,16.07,4131.0,1,0.0
2022-12-07 20:00:00,16.07,16.18,16.02,16.11,3167.0,1,0.0
2022-12-08 11:00:00,16.13,16.16,16.12,16.15,318.0,1,0.0
2022-12-08 12:00:00,16.14,16.22,16.12,16.2,450.0,2,0.0
2022-12-08 13:00:00,16.2,16.27,16.19,16.25,515.0,2,0.0
2022-12-08 14:00:00,16.25,16.32,15.96,16.29,7413.0,1,0.0
2022-12-08 15:00:00,16.3,16.88,16.27,16.75,8994.0,1,0.0
2022-12-08 16:00:00,16.75,16.82,16.62,16.78,5157.0,1,0.0
2022-12-08 17:00:00,16.78,16.83,16.69,16.83,4105.0,1,0.0
2022-12-08 18:00:00,16.83,16.94,16.8,16.9,3669.0,1,0.0
2022-12-08 19:00:00,16.9,17.05,16.8,17.02,4351.0,1,0.0
2022-12-08 20:00:00,17.02,17.17,16.96,17.16,2801.0,1,0.0
2022-12-09 11:00:00,17.24,17.26,17.2,17.24,217.0,2,0.0
2022-12-09 12:00:00,17.23,17.3,17.2,17.28,387.0,2,0.0
2022-12-09 13:00:00,17.28,17.29,16.9,17.09,924.0,2,0.0
2022-12-09 14:00:00,17.08,17.44,16.99,17.2,8310.0,1,0.0
2022-12-09 15:00:00,17.2,17.49,17.1,17.49,8743.0,1,0.0
2022-12-09 16:00:00,17.49,17.58,17.38,17.5,5447.0,1,0.0
2022-12-09 17:00:00,17.5,17.53,17.38,17.39,3855.0,1,0.0
2022-12-09 18:00:00,17.38,17.38,17.21,17.3,3972.0,1,0.0
2022-12-09 19:00:00,17.3,17.35,17.22,17.32,3152.0,1,0.0
2022-12-09 20:00:00,17.32,17.34,17.1,17.11,2922.0,1,0.0
2022-12-12 13:00:00,17.14,17.14,17.05,17.09,339.0,2,0.0
2022-12-12 14:00:00,17.09,17.12,16.79,17.1,5839.0,1,0.0
2022-12-12 15:00:00,17.1,17.26,16.99,17.08,7358.0,1,0.0
2022-12-12 16:00:00,17.08,17.2,17.05,17.16,4189.0,1,0.0
2022-12-12 17:00:00,17.16,17.25,17.12,17.15,4094.0,1,0.0
2022-12-12 18:00:00,17.15,17.24,17.06,17.2,4775.0,1,0.0
2022-12-12 19:00:00,17.2,17.37,17.13,17.33,3534.0,1,0.0
2022-12-12 20:00:00,17.33,17.46,17.32,17.38,3251.0,1,0.0
2022-12-13 11:00:00,17.7,17.71,17.68,17.7,155.0,6,0.0
2022-12-13 12:00:00,17.7,17.9,17.68,17.82,520.0,4,0.0
2022-12-13 13:00:00,17.82,18.85,17.81,18.59,2698.0,3,0.0
2022-12-13 14:00:00,18.59,18.78,18.3,18.62,10187.0,1,0.0
2022-12-13 15:00:00,18.62,18.63,18.06,18.24,18976.0,1,0.0
2022-12-13 16:00:00,18.24,18.33,17.96,18.06,11451.0,1,0.0
2022-12-13 17:00:00,18.06,18.1,17.71,17.84,11825.0,1,0.0
2022-12-13 18:00:00,17.84,18.11,17.8,17.95,7634.0,1,0.0
2022-12-13 19:00:00,17.95,18.14,17.91,17.97,6613.0,1,0.0
2022-12-13 20:00:00,17.96,18.1,17.84,18.05,5512.0,1,0.0
2022-12-14 11:00:00,18.06,18.07,18.01,18.04,224.0,1,0.0
2022-12-14 12:00:00,18.04,18.11,18.03,18.05,482.0,2,0.0
2022-12-14 13:00:00,18.05,18.06,17.95,17.98,460.0,2,0.0
2022-12-14 14:00:00,17.99,18.17,17.85,18.09,6988.0,1,0.0
2022-12-14 15:00:00,18.09,18.25,18.01,18.05,7995.0,1,0.0
2022-12-14 16:00:00,18.05,18.07,17.95,18.03,5486.0,1,0.0
2022-12-14 17:00:00,18.02,18.03,17.89,17.9,5006.0,1,0.0
2022-12-14 18:00:00,17.9,18.14,17.9,18.11,5110.0,1,0.0
2022-12-14 19:00:00,18.1,18.12,17.42,17.56,22270.0,1,0.0
2022-12-14 20:00:00,17.56,18.0,17.51,17.65,13693.0,1,0.0
2022-12-15 11:00:00,17.23,17.29,17.22,17.28,249.0,6,0.0
2022-12-15 12:00:00,17.29,17.36,17.27,17.31,681.0,1,0.0
2022-12-15 13:00:00,17.31,17.35,17.15,17.22,913.0,1,0.0
2022-12-15 14:00:00,17.21,17.31,16.84,16.88,6836.0,1,0.0
2022-12-15 15:00:00,16.88,16.91,16.73,16.81,9820.0,1,0.0
2022-12-15 16:00:00,16.8,16.89,16.7,16.83,6613.0,1,0.0
2022-12-15 17:00:00,16.83,16.97,16.76,16.79,5262.0,1,0.0
2022-12-15 18:00:00,16.79,16.82,16.73,16.8,4335.0,1,0.0
2022-12-15 19:00:00,16.8,17.07,16.79,17.05,4972.0,1,0.0
2022-12-15 20:00:00,17.05,17.11,16.93,16.94,4064.0,1,0.0
2022-12-16 11:00:00,16.61,16.73,16.6,16.67,436.0,4,0.0
2022-12-16 12:00:00,16.68,16.8,16.68,16.78,587.0,3,0.0
2022-12-16 13:00:00,16.78,16.78,16.65,16.75,350.0,3,0.0
2022-12-16 14:00:00,16.74,17.04,16.64,16.89,8333.0,1,0.0
2022-12-16 15:00:00,16.89,16.89,16.41,16.58,8517.0,1,0.0
2022-12-16 16:00:00,16.59,16.66,16.5,16.52,6826.0,1,0.0
2022-12-16 17:00:00,16.52,16.61,16.47,16.49,4552.0,1,0.0
2022-12-16 18:00:00,16.48,16.57,16.45,16.56,3403.0,1,0.0
2022-12-16 19:00:00,16.56,16.65,16.52,16.63,3549.0,1,0.0
2022-12-16 20:00:00,16.63,16.73,16.58,16.69,3916.0,1,0.0
2022-12-19 11:00:00,16.61,16.63,16.56,16.59,614.0,1,0.0
2022-12-19 12:00:00,16.6,16.67,16.56,16.63,630.0,2,0.0
2022-12-19 13:00:00,16.63,16.68,16.57,16.59,478.0,2,0.0
2022-12-19 14:00:00,16.59,16.63,16.17,16.26,6300.0,1,0.0
2022-12-19 15:00:00,16.26,16.37,16.17,16.29,7824.0,1,0.0
2022-12-19 16:00:00,16.29,16.42,16.17,16.2,5053.0,1,0.0
2022-12-19 17:00:00,16.2,16.46,16.2,16.41,3994.0,1,0.0
2022-12-19 18:00:00,16.41,16.42,16.29,16.3,3598.0,1,0.0
2022-12-19 19:00:00,16.29,16.32,16.2,16.25,4026.0,1,0.0
2022-12-19 20:00:00,16.25,16.25,16.14,16.15,3072.0,1,0.0
2022-12-20 11:00:00,16.19,16.23,16.17,16.18,656.0,2,0.0
2022-12-20 12:00:00,16.18,16.22,16.13,16.14,583.0,2,0.0
2022-12-20 13:00:00,16.14,16.14,16.07,16.1,469.0,2,0.0
2022-12-20 14:00:00,16.1,16.28,15.85,16.26,9460.0,1,0.0
2022-12-20 15:00:00,16.26,16.3,16.09,16.2,9405.0,1,0.0
2022-12-20 16:00:00,16.2,16.27,15.96,16.13,7906.0,1,0.0
2022-12-20 17:00:00,16.13,16.19,15.99,16.1,4800.0,1,0.0
2022-12-20 18:00:00,16.1,16.15,15.97,16.11,4159.0,1,0.0
2022-12-20 19:00:00,16.11,16.2,16.09,16.13,4332.0,1,0.0
2022-12-20 20:00:00,16.13,16.17,16.1,16.13,3020.0,1,0.0
2022-12-21 11:00:00,16.12,16.16,16.12,16.15,381.0,1,0.0
2022-12-21 12:00:00,16.15,16.16,16.07,16.15,616.0,1,0.0
2022-12-21 13:00:00,16.15,16.22,16.15,16.2,485.0,2,0.0
2022-12-21 14:00:00,16.21,16.5,16.07,16.33,6354.0,1,0.0
2022-12-21 15:00:00,16.33,16.54,16.31,16.52,6665.0,1,0.0
2022-12-21 16:00:00,16.52,16.59,16.39,16.46,4019.0,1,0.0
2022-12-21 17:00:00,16.46,16.54,16.43,16.52,3359.0,1,0.0
2022-12-21 18:00:00,16.52,16.56,16.5,16.54,2710.0,1,0.0
2022-12-21 19:00:00,16.54,16.62,16.53,16.56,2874.0,1,0.0
2022-12-21 20:00:00,16.55,16.56,16.44,16.51,2405.0,1,0.0
2022-12-22 11:00:00,16.38,16.41,16.35,16.39,408.0,3,0.0
2022-12-22 12:00:00,16.39,16.41,16.23,16.26,767.0,2,0.0
2022-12-22 13:00:00,16.26,16.28,16.09,16.11,810.0,2,0.0
2022-12-22 14:00:00,16.12,16.14,15.64,15.71,6148.0,1,0.0
2022-12-22 15:00:00,15.71,15.73,15.35,15.38,7141.0,1,0.0
2022-12-22 16:00:00,15.38,15.41,15.05,15.08,4545.0,1,0.0
2022-12-22 17:00:00,15.08,15.13,14.91,15.06,3903.0,1,0.0
2022-12-22 18:00:00,15.06,15.06,14.88,14.99,3784.0,1,0.0
2022-12-22 19:00:00,14.99,15.15,14.98,15.14,3861.0,1,0.0
2022-12-22 20:00:00,15.14,15.41,15.11,15.31,3846.0,1,0.0
2022-12-23 11:00:00,15.35,15.39,15.29,15.31,698.0,1,0.0
2022-12-23 12:00:00,15.31,15.36,15.28,15.32,817.0,2,0.0
2022-12-23 13:00:00,15.32,15.42,15.09,15.24,1514.0,2,0.0
2022-12-23 14:00:00,15.25,15.29,14.88,14.98,8509.0,1,0.0
2022-12-23 15:00:00,14.98,15.33,14.91,15.07,9094.0,1,0.0
2022-12-23 16:00:00,15.07,15.21,15.0,15.15,5046.0,1,0.0
2022-12-23 17:00:00,15.15,15.23,15.11,15.16,3689.0,1,0.0
2022-12-23 18:00:00,15.16,15.19,15.08,15.1,3150.0,1,0.0
2022-12-23 19:00:00,15.1,15.16,15.07,15.15,2565.0,1,0.0
2022-12-23 20:00:00,15.15,15.19,15.1,15.14,2171.0,1,0.0
2022-12-27 11:00:00,15.31,15.36,15.26,15.29,282.0,4,0.0
2022-12-27 12:00:00,15.29,15.3,15.1,15.13,654.0,2,0.0
2022-12-27 13:00:00,15.13,15.17,15.02,15.06,707.0,2,0.0
2022-12-27 14:00:00,15.06,15.1,14.46,14.57,6259.0,1,0.0
2022-12-27 15:00:00,14.57,14.81,14.52,14.58,6432.0,1,0.0
2022-12-27 16:00:00,14.58,14.59,14.41,14.42,4057.0,1,0.0
2022-12-27 17:00:00,14.41,14.49,14.29,14.32,3217.0,1,0.0
2022-12-27 18:00:00,14.32,14.39,14.23,14.25,2724.0,1,0.0
2022-12-27 19:00:00,14.26,14.28,14.13,14.14,2628.0,1,0.0
2022-12-27 20:00:00,14.14,14.2,14.05,14.18,2388.0,1,0.0
2022-12-28 11:00:00,13.99,14.12,13.99,14.1,466.0,3,0.0
2022-12-28 12:00:00,14.09,14.13,14.02,14.11,490.0,2,0.0
2022-12-28 13:00:00,14.12,14.12,13.96,14.0,526.0,2,0.0
2022-12-28 14:00:00,14.0,14.26,13.88,14.09,7676.0,1,0.0
2022-12-28 15:00:00,14.09,14.21,13.94,13.94,6376.0,1,0.0
2022-12-28 16:00:00,13.94,14.06,13.88,14.0,4011.0,1,0.0
2022-12-28 17:00:00,14.0,14.16,13.96,14.15,3044.0,1,0.0
2022-12-28 18:00:00,14.15,14.18,14.08,14.13,2634.0,1,0.0
2022-12-28 19:00:00,14.13,14.15,13.99,14.04,2501.0,1,0.0
2022-12-28 20:00:00,14.04,14.07,13.96,14.01,2033.0,1,0.0
2022-12-29 11:00:00,14.2,14.22,14.17,14.18,161.0,4,0.0
2022-12-29 12:00:00,14.18,14.2,14.16,14.19,301.0,2,0.0
2022-12-29 13:00:00,14.18,14.47,14.18,14.4,780.0,2,0.0
2022-12-29 14:00:00,14.39,14.52,14.23,14.46,6085.0,1,0.0
2022-12-29 15:00:00,14.47,14.54,14.36,14.53,4703.0,1,0.0
2022-12-29 16:00:00,14.54,14.67,14.48,14.63,2982.0,1,0.0
2022-12-29 17:00:00,14.63,14.65,14.52,14.64,2488.0,1,0.0
2022-12-29 18:00:00,14.64,14.64,14.53,14.58,2790.0,1,0.0
2022-12-29 19:00:00,14.58,14.6,14.5,14.52,2357.0,1,0.0
2022-12-29 20:00:00,14.52,14.67,14.51,14.63,1957.0,1,0.0
2022-12-30 11:00:00,14.51,14.52,14.46,14.47,274.0,2,0.0
2022-12-30 12:00:00,14.48,14.5,14.35,14.37,736.0,2,0.0
2022-12-30 13:00:00,14.37,14.42,14.29,14.34,268.0,4,0.0
2022-12-30 14:00:00,14.33,14.45,14.23,14.43,6449.0,1,0.0
2022-12-30 15:00:00,14.43,14.48,14.33,14.39,5013.0,1,0.0
2022-12-30 16:00:00,14.39,14.47,14.33,14.46,3273.0,1,0.0
2022-12-30 17:00:00,14.46,14.51,14.42,14.49,2488.0,1,0.0
2022-12-30 18:00:00,14.49,14.49,14.36,14.41,2754.0,1,0.0
2022-12-30 19:00:00,14.41,14.42,14.36,14.4,2069.0,1,0.0
2022-12-30 20:00:00,14.4,14.53,14.4,14.52,2085.0,1,0.0
2023-01-03 11:00:00,14.9,14.95,14.76,14.78,489.0,4,0.0
2023-01-03 12:00:00,14.78,14.86,14.69,14.82,877.0,2,0.0
2023-01-03 13:00:00,14.82,14.86,14.75,14.82,1319.0,2,0.0
2023-01-03 14:00:00,14.82,14.99,14.53,14.54,7658.0,1,0.0
2023-01-03 15:00:00,14.54,14.55,14.1,14.33,7653.0,1,0.0
2023-01-03 16:00:00,14.33,14.35,14.09,14.13,5715.0,1,0.0
2023-01-03 17:00:00,14.14,14.25,14.12,14.19,3668.0,1,0.0
2023-01-03 18:00:00,14.19,14.28,14.16,14.26,3439.0,1,0.0
2023-01-03 19:00:00,14.26,14.36,14.16,14.31,3971.0,1,0.0
2023-01-03 20:00:00,14.31,14.4,14.27,14.32,3163.0,1,0.0
2023-01-04 11:00:00,14.46,14.54,14.46,14.5,469.0,2,0.0
2023-01-04 12:00:00,14.5,14.52,14.47,14.49,717.0,2,0.0
2023-01-04 13:00:00,14.49,14.63,14.49,14.57,764.0,1,0.0
2023-01-04 14:00:00,14.58,14.81,14.45,14.53,6576.0,1,0.0
2023-01-04 15:00:00,14.52,14.61,14.24,14.4,7053.0,1,0.0
2023-01-04 16:00:00,14.4,14.77,14.36,14.66,4426.0,1,0.0
2023-01-04 17:00:00,14.66,14.76,14.6,14.64,2914.0,1,0.0
2023-01-04 18:00:00,14.64,14.81,14.62,14.75,2877.0,1,0.0
2023-01-04 19:00:00,14.75,14.85,14.53,14.77,9049.0,1,0.0
2023-01-04 20:00:00,14.77,14.82,14.57,14.6,3859.0,1,0.0
2023-01-05 11:00:00,14.73,14.82,14.73,14.79,337.0,3,0.0
2023-01-05 12:00:00,14.79,14.87,14.78,14.8,722.0,2,0.0
2023-01-05 13:00:00,14.8,14.82,14.46,14.47,1312.0,2,0.0
2023-01-05 14:00:00,14.47,14.56,14.26,14.32,5838.0,1,0.0
2023-01-05 15:00:00,14.32,14.44,14.18,14.19,6658.0,1,0.0
2023-01-05 16:00:00,14.19,14.3,14.14,14.2,3858.0,1,0.0
2023-01-05 17:00:00,14.2,14.34,14.19,14.25,3617.0,1,0.0
2023-01-05 18:00:00,14.25,14.47,14.23,14.35,4607.0,1,0.0
2023-01-05 19:00:00,14.35,14.44,14.31,14.38,3436.0,1,0.0
2023-01-05 20:00:00,14.38,14.39,14.26,14.27,2219.0,1,0.0
2023-01-06 11:00:00,14.18,14.18,14.15,14.17,832.0,2,0.0
2023-01-06 12:00:00,14.17,14.21,14.13,14.2,522.0,2,0.0
2023-01-06 13:00:00,14.2,14.53,14.12,14.45,1273.0,2,0.0
2023-01-06 14:00:00,14.46,14.48,14.03,14.09,7869.0,1,0.0
2023-01-06 15:00:00,14.09,14.57,14.09,14.54,7536.0,1,0.0
2023-01-06 16:00:00,14.54,14.76,14.48,14.7,3677.0,1,0.0
2023-01-06 17:00:00,14.7,14.72,14.63,14.66,2939.0,1,0.0
2023-01-06 18:00:00,14.66,14.81,14.65,14.79,2281.0,1,0.0
2023-01-06 19:00:00,14.79,14.96,14.79,14.94,2432.0,1,0.0
2023-01-06 20:00:00,14.94,15.0,14.92,14.95,1857.0,1,0.0
2023-01-09 11:00:00,15.08,15.1,15.04,15.07,236.0,3,0.0
2023-01-09 12:00:00,15.07,15.12,15.06,15.11,404.0,2,0.0
2023-01-09 13:00:00,15.11,15.22,15.05,15.2,668.0,2,0.0
2023-01-09 14:00:00,15.19,15.77,15.14,15.71,8672.0,1,0.0
2023-01-09 15:00:00,15.71,15.98,15.71,15.89,8305.0,1,0.0
2023-01-09 16:00:00,15.89,16.05,15.87,15.98,4512.0,1,0.0
2023-01-09 17:00:00,15.98,16.01,15.91,16.0,3899.0,1,0.0
2023-01-09 18:00:00,16.0,16.03,15.78,15.84,3945.0,1,0.0
2023-01-09 19:00:00,15.84,15.98,15.79,15.81,4357.0,1,0.0
2023-01-09 20:00:00,15.81,15.83,15.7,15.72,3783.0,1,0.0
2023-01-10 11:00:00,15.71,15.72,15.6,15.61,426.0,1,0.0
2023-01-10 12:00:00,15.61,15.64,15.4,15.47,570.0,3,0.0
2023-01-10 13:00:00,15.47,15.5,15.41,15.46,628.0,3,0.0
2023-01-10 14:00:00,15.46,15.9,15.44,15.71,9078.0,1,0.0
2023-01-10 15:00:00,15.71,15.96,15.56,15.77,10371.0,1,0.0
2023-01-10 16:00:00,15.76,15.77,15.63,15.7,5699.0,1,0.0
2023-01-10 17:00:00,15.71,15.74,15.63,15.67,3665.0,1,0.0
2023-01-10 18:00:00,15.67,15.73,15.61,15.73,2954.0,1,0.0
2023-01-10 19:00:00,15.73,15.86,15.72,15.85,3127.0,1,0.0
2023-01-10 20:00:00,15.85,15.86,15.75,15.83,2585.0,1,0.0
2023-01-11 11:00:00,15.94,15.98,15.94,15.96,139.0,4,0.0
2023-01-11 12:00:00,15.96,15.97,15.82,15.86,602.0,3,0.0
2023-01-11 13:00:00,15.86,15.88,15.81,15.84,419.0,2,0.0
2023-01-11 14:00:00,15.84,15.89,15.56,15.71,8119.0,1,0.0
2023-01-11 15:00:00,15.71,15.87,15.61,15.62,6496.0,1,0.0
2023-01-11 16:00:00,15.62,15.77,15.61,15.75,3504.0,1,0.0
2023-01-11 17:00:00,15.75,15.89,15.74,15.8,3115.0,1,0.0
2023-01-11 18:00:00,15.81,15.9,15.8,15.84,3034.0,1,0.0
2023-01-11 19:00:00,15.84,15.91,15.82,15.86,2342.0,1,0.0
2023-01-11 20:00:00,15.86,15.94,15.84,15.89,1700.0,1,0.0
2023-01-12 11:00:00,16.05,16.11,16.05,16.06,332.0,3,0.0
2023-01-12 12:00:00,16.07,16.25,16.06,16.25,612.0,2,0.0
2023-01-12 13:00:00,16.24,16.3,15.59,16.25,2328.0,2,0.0
2023-01-12 14:00:00,16.25,16.32,15.49,15.64,9334.0,1,0.0
2023-01-12 15:00:00,15.65,16.12,15.64,15.93,11568.0,1,0.0
2023-01-12 16:00:00,15.93,16.1,15.81,16.09,7298.0,1,0.0
2023-01-12 17:00:00,16.09,16.48,16.09,16.44,5046.0,1,0.0
2023-01-12 18:00:00,16.43,16.58,16.29,16.58,5429.0,1,0.0
2023-01-12 19:00:00,16.58,16.63,16.5,16.55,4938.0,1,0.0
2023-01-12 20:00:00,16.55,16.56,16.41,16.45,3131.0,1,0.0
2023-01-13 11:00:00,16.43,16.43,16.33,16.34,649.0,1,0.0
2023-01-13 12:00:00,16.35,16.43,16.21,16.21,874.0,2,0.0
2023-01-13 13:00:00,16.22,16.26,16.15,16.18,697.0,3,0.0
2023-01-13 14:00:00,16.18,16.6,16.15,16.46,8075.0,1,0.0
2023-01-13 15:00:00,16.46,16.81,16.44,16.76,9076.0,1,0.0
2023-01-13 16:00:00,16.76,16.78,16.49,16.56,5550.0,1,0.0
2023-01-13 17:00:00,16.56,16.71,16.55,16.66,3624.0,1,0.0
2023-01-13 18:00:00,16.66,16.78,16.58,16.76,3191.0,1,0.0
2023-01-13 19:00:00,16.76,16.86,16.72,16.78,3276.0,1,0.0
2023-01-13 20:00:00,16.78,16.9,16.78,16.86,2072.0,1,0.0
2023-01-17 11:00:00,16.84,16.84,16.8,16.83,537.0,1,0.0
2023-01-17 12:00:00,16.84,16.91,16.83,16.85,575.0,1,0.0
2023-01-17 13:00:00,16.85,16.89,16.81,16.84,622.0,2,0.0
2023-01-17 14:00:00,16.85,17.43,16.84,17.34,7371.0,1,0.0
2023-01-17 15:00:00,17.35,17.68,17.35,17.48,7531.0,1,0.0
2023-01-17 16:00:00,17.47,17.55,17.28,17.52,4648.0,1,0.0
2023-01-17 17:00:00,17.52,17.59,17.46,17.56,3112.0,1,0.0
2023-01-17 18:00:00,17.56,17.69,17.54,17.68,2728.0,1,0.0
2023-01-17 19:00:00,17.68,17.7,17.58,17.67,2956.0,1,0.0
2023-01-17 20:00:00,17.67,17.72,17.64,17.69,1804.0,1,0.0
2023-01-18 11:00:00,17.75,17.77,17.71,17.73,147.0,3,0.0
2023-01-18 12:00:00,17.73,17.76,17.62,17.69,358.0,2,0.0
2023-01-18 13:00:00,17.68,17.73,17.56,17.68,855.0,2,0.0
2023-01-18 14:00:00,17.69,17.83,17.49,17.72,7194.0,1,0.0
2023-01-18 15:00:00,17.72,17.87,17.41,17.51,8147.0,1,0.0
2023-01-18 16:00:00,17.51,17.52,17.28,17.46,5762.0,1,0.0
2023-01-18 17:00:00,17.45,17.52,17.37,17.4,4271.0,1,0.0
2023-01-18 18:00:00,17.4,17.48,17.31,17.44,3820.0,1,0.0
2023-01-18 19:00:00,17.44,17.52,17.37,17.49,3240.0,1,0.0
2023-01-18 20:00:00,17.49,17.51,17.42,17.45,2696.0,1,0.0
2023-01-19 11:00:00,17.13,17.14,16.91,17.02,465.0,4,0.0
2023-01-19 12:00:00,17.0,17.02,16.92,16.95,381.0,2,0.0
2023-01-19 13:00:00,16.95,16.98,16.89,16.96,609.0,2,0.0
2023-01-19 14:00:00,16.97,17.19,16.76,17.05,6594.0,1,0.0
2023-01-19 15:00:00,17.05,17.18,16.86,16.94,6644.0,1,0.0
2023-01-19 16:00:00,16.94,16.99,16.73,16.81,4714.0,1,0.0
2023-01-19 17:00:00,16.81,16.96,16.8,16.85,3797.0,1,0.0
2023-01-19 18:00:00,16.85,16.97,16.83,16.94,3983.0,1,0.0
2023-01-19 19:00:00,16.94,17.05,16.89,16.96,3660.0,1,0.0
2023-01-19 20:00:00,16.96,17.0,16.85,16.86,2212.0,1,0.0
2023-01-20 11:00:00,16.9,16.9,16.85,16.87,511.0,1,0.0
2023-01-20 12:00:00,16.87,16.98,16.86,16.95,356.0,2,0.0
2023-01-20 13:00:00,16.96,16.97,16.93,16.95,392.0,2,0.0
2023-01-20 14:00:00,16.95,17.06,16.84,16.97,6262.0,1,0.0
2023-01-20 15:00:00,16.97,17.09,16.82,16.91,5146.0,1,0.0
2023-01-20 16:00:00,16.92,17.37,16.91,17.32,4430.0,1,0.0
2023-01-20 17:00:00,17.32,17.59,17.32,17.47,3995.0,1,0.0
2023-01-20 18:00:00,17.47,17.64,17.42,17.63,3745.0,1,0.0
2023-01-20 19:00:00,17.63,17.77,17.61,17.77,2972.0,1,0.0
2023-01-20 20:00:00,17.77,17.83,17.73,17.79,2414.0,1,0.0
2023-01-23 11:00:00,18.01,18.09,18.0,18.05,269.0,4,0.0
2023-01-23 12:00:00,18.05,18.15,18.02,18.07,546.0,3,0.0
2023-01-23 13:00:00,18.07,18.12,18.05,18.06,575.0,2,0.0
2023-01-23 14:00:00,18.06,18.53,17.81,18.5,9725.0,1,0.0
2023-01-23 15:00:00,18.5,18.87,18.48,18.8,8482.0,1,0.0
2023-01-23 16:00:00,18.81,18.99,18.79,18.97,5551.0,1,0.0
2023-01-23 17:00:00,18.97,18.99,18.87,18.98,3545.0,1,0.0
2023-01-23 18:00:00,18.98,19.24,18.96,19.18,3501.0,1,0.0
2023-01-23 19:00:00,19.18,19.22,18.92,19.02,4937.0,1,0.0
2023-01-23 20:00:00,19.02,19.14,18.9,19.06,3903.0,1,0.0
2023-01-24 11:00:00,18.97,18.97,18.9,18.91,362.0,3,0.0
2023-01-24 12:00:00,18.92,18.98,18.91,18.95,612.0,2,0.0
2023-01-24 13:00:00,18.95,18.95,18.8,18.81,734.0,2,0.0
2023-01-24 14:00:00,18.81,19.49,18.76,19.14,9114.0,1,0.0
2023-01-24 15:00:00,19.14,19.29,18.93,19.23,9073.0,1,0.0
2023-01-24 16:00:00,19.23,19.29,19.13,19.25,4897.0,1,0.0
2023-01-24 17:00:00,19.25,19.27,19.04,19.05,4008.0,1,0.0
2023-01-24 18:00:00,19.04,19.15,18.96,19.11,3765.0,1,0.0
2023-01-24 19:00:00,19.12,19.23,19.06,19.21,3293.0,1,0.0
2023-01-24 20:00:00,19.21,19.24,19.06,19.09,2706.0,1,0.0
2023-01-25 11:00:00,18.92,18.97,18.91,18.93,232.0,4,0.0
2023-01-25 12:00:00,18.93,18.99,18.92,18.98,395.0,2,0.0
2023-01-25 13:00:00,18.97,18.98,18.85,18.88,524.0,2,0.0
2023-01-25 14:00:00,18.87,19.16,18.8,18.86,5260.0,1,0.0
2023-01-25 15:00:00,18.86,18.93,18.58,18.8,7256.0,1,0.0
2023-01-25 16:00:00,18.8,18.98,18.75,18.9,4744.0,1,0.0
2023-01-25 17:00:00,18.9,18.96,18.83,18.89,3232.0,1,0.0
2023-01-25 18:00:00,18.89,19.14,18.89,19.11,3480.0,1,0.0
2023-01-25 19:00:00,19.11,19.31,19.08,19.26,3721.0,1,0.0
2023-01-25 20:00:00,19.27,19.36,19.23,19.27,2778.0,1,0.0
2023-01-26 11:00:00,19.61,19.64,19.58,19.6,282.0,4,0.0
2023-01-26 12:00:00,19.6,19.69,19.59,19.66,410.0,3,0.0
2023-01-26 13:00:00,19.66,19.67,19.51,19.64,724.0,3,0.0
2023-01-26 14:00:00,19.65,20.15,19.41,19.58,6708.0,1,0.0
2023-01-26 15:00:00,19.58,19.69,19.3,19.35,5990.0,1,0.0
2023-01-26 16:00:00,19.35,19.47,19.27,19.45,4689.0,1,0.0
2023-01-26 17:00:00,19.45,19.73,19.43,19.66,4573.0,1,0.0
2023-01-26 18:00:00,19.66,19.69,19.51,19.66,3331.0,1,0.0
2023-01-26 19:00:00,19.66,19.77,19.63,19.76,2956.0,1,0.0
2023-01-26 20:00:00,19.75,19.76,19.61,19.67,2430.0,1,0.0
2023-01-27 11:00:00,19.38,19.4,19.36,19.37,151.0,6,0.0
2023-01-27 12:00:00,19.37,19.51,19.36,19.37,648.0,3,0.0
2023-01-27 13:00:00,19.37,19.54,19.36,19.48,659.0,3,0.0
2023-01-27 14:00:00,19.48,19.97,19.4,19.89,6292.0,1,0.0
2023-01-27 15:00:00,19.89,20.22,19.86,19.99,8471.0,1,0.0
2023-01-27 16:00:00,19.99,20.19,19.88,20.08,5408.0,1,0.0
2023-01-27 17:00:00,20.08,20.35,20.07,20.35,4155.0,1,0.0
2023-01-27 18:00:00,20.35,20.59,20.3,20.53,3779.0,1,0.0
2023-01-27 19:00:00,20.53,20.62,20.47,20.5,3461.0,1,0.0
2023-01-27 20:00:00,20.5,20.54,20.39,20.48,2839.0,1,0.0
2023-01-30 11:00:00,19.85,19.86,19.78,19.78,283.0,6,0.0
2023-01-30 12:00:00,19.78,20.01,19.78,19.99,377.0,4,0.0
2023-01-30 13:00:00,19.99,20.03,19.9,19.94,567.0,3,0.0
2023-01-30 14:00:00,19.95,20.13,19.81,19.92,9686.0,1,0.0
2023-01-30 15:00:00,19.92,19.97,19.42,19.6,10545.0,1,0.0
2023-01-30 16:00:00,19.59,19.71,19.51,19.63,6666.0,1,0.0
2023-01-30 17:00:00,19.63,19.67,19.39,19.44,5392.0,1,0.0
2023-01-30 18:00:00,19.44,19.57,19.35,19.41,4165.0,1,0.0
2023-01-30 19:00:00,19.41,19.45,19.36,19.4,3743.0,1,0.0
2023-01-30 20:00:00,19.4,19.44,19.21,19.25,3008.0,1,0.0
2023-01-31 11:00:00,18.81,18.85,18.73,18.84,303.0,4,0.0
2023-01-31 12:00:00,18.84,18.94,18.82,18.92,371.0,4,0.0
2023-01-31 13:00:00,18.92,19.13,18.91,19.08,1023.0,3,0.0
2023-01-31 14:00:00,19.09,19.43,19.03,19.04,7005.0,1,0.0
2023-01-31 15:00:00,19.05,19.62,18.95,19.61,9739.0,1,0.0
2023-01-31 16:00:00,19.62,19.68,19.33,19.4,5663.0,1,0.0
2023-01-31 17:00:00,19.4,19.51,19.35,19.51,3686.0,1,0.0
2023-01-31 18:00:00,19.51,19.58,19.4,19.49,3196.0,1,0.0
2023-01-31 19:00:00,19.49,19.53,19.44,19.48,2763.0,1,0.0
2023-01-31 20:00:00,19.48,19.51,19.36,19.44,2320.0,1,0.0
2023-02-01 11:00:00,19.42,19.5,19.42,19.48,291.0,2,0.0
2023-02-01 12:00:00,19.48,19.63,19.47,19.55,697.0,2,0.0
2023-02-01 13:00:00,19.54,19.54,19.4,19.46,688.0,3,0.0
2023-02-01 14:00:00,19.46,20.06,19.46,20.02,8517.0,1,0.0
2023-02-01 15:00:00,20.02,20.22,19.9,19.94,9317.0,1,0.0
2023-02-01 16:00:00,19.93,20.17,19.86,20.06,5325.0,1,0.0
2023-02-01 17:00:00,20.06,20.13,19.97,20.12,4438.0,1,0.0
2023-02-01 18:00:00,20.12,20.29,20.08,20.13,4111.0,1,0.0
2023-02-01 19:00:00,20.12,20.85,19.95,20.73,18071.0,1,0.0
2023-02-01 20:00:00,20.73,21.19,20.72,21.05,7929.0,1,0.0
2023-02-02 11:00:00,20.71,20.79,20.66,20.72,284.0,4,0.0
2023-02-02 12:00:00,20.72,20.87,20.64,20.86,616.0,3,0.0
2023-02-02 13:00:00,20.86,21.02,20.85,20.98,913.0,2,0.0
2023-02-02 14:00:00,20.98,21.52,20.91,21.24,10998.0,1,0.0
2023-02-02 15:00:00,21.25,21.52,21.11,21.35,11494.0,1,0.0
2023-02-02 16:00:00,21.35,21.44,21.2,21.25,7164.0,1,0.0
2023-02-02 17:00:00,21.25,21.74,21.19,21.68,6395.0,1,0.0
2023-02-02 18:00:00,21.68,21.94,21.62,21.93,4858.0,1,0.0
2023-02-02 19:00:00,21.94,21.94,21.31,21.32,8625.0,1,0.0
2023-02-02 20:00:00,21.32,21.58,21.23,21.52,7120.0,1,0.0
2023-02-03 11:00:00,21.18,21.27,21.14,21.26,303.0,4,0.0
2023-02-03 12:00:00,21.27,21.46,21.26,21.46,538.0,3,0.0
2023-02-03 13:00:00,21.45,21.55,21.08,21.15,1401.0,3,0.0
2023-02-03 14:00:00,21.14,21.59,20.78,21.51,7101.0,1,0.0
2023-02-03 15:00:00,21.51,21.74,21.31,21.49,7831.0,1,0.0
2023-02-03 16:00:00,21.49,21.68,21.44,21.46,6348.0,1,0.0
2023-02-03 17:00:00,21.45,21.64,21.36,21.38,5302.0,1,0.0
2023-02-03 18:00:00,21.38,21.4,21.08,21.24,7069.0,0,0.0
2023-02-03 19:00:00,21.23,21.25,21.07,21.12,6504.0,0,0.0
2023-02-03 20:00:00,21.12,21.16,21.0,21.03,4239.0,0,0.0
2023-02-06 11:00:00,20.64,20.67,20.61,20.67,210.0,2,0.0
2023-02-06 12:00:00,20.68,20.9,20.64,20.82,423.0,2,0.0
2023-02-06 13:00:00,20.81,20.87,20.7,20.76,398.0,4,0.0
2023-02-06 14:00:00,20.75,21.4,20.72,21.26,2968.0,2,0.0
2023-02-06 15:00:00,21.26,21.42,20.96,21.23,4799.0,2,0.0
2023-02-06 16:00:00,21.23,21.56,21.17,21.33,3406.0,2,0.0
2023-02-06 17:00:00,21.33,21.41,21.18,21.21,2885.0,1,0.0
2023-02-06 18:00:00,21.21,21.21,21.04,21.15,2867.0,1,0.0
2023-02-06 19:00:00,21.15,21.31,21.02,21.24,2729.0,1,0.0
2023-02-06 20:00:00,21.24,21.24,20.99,21.07,2108.0,1,0.0
2023-02-07 11:00:00,21.39,21.44,21.36,21.4,253.0,2,0.0
2023-02-07 12:00:00,21.4,21.47,21.37,21.42,484.0,3,0.0
2023-02-07 13:00:00,21.42,21.43,21.2,21.29,747.0,3,0.0
2023-02-07 14:00:00,21.3,21.43,21.14,21.31,5307.0,1,0.0
2023-02-07 15:00:00,21.31,21.41,21.19,21.37,7430.0,1,0.0
2023-02-07 16:00:00,21.38,21.7,21.38,21.66,6818.0,1,0.0
2023-02-07 17:00:00,21.66,22.17,21.48,22.06,10853.0,1,0.0
2023-02-07 18:00:00,22.06,22.11,21.27,21.43,9935.0,1,0.0
2023-02-07 19:00:00,21.43,21.98,21.42,21.91,9713.0,1,0.0
2023-02-07 20:00:00,21.92,22.14,21.79,22.11,5378.0,1,0.0
2023-02-08 11:00:00,22.38,22.38,22.32,22.37,231.0,4,0.0
2023-02-08 12:00:00,22.37,22.5,22.34,22.38,589.0,4,0.0
2023-02-08 13:00:00,22.38,22.38,22.21,22.34,823.0,3,0.0
2023-02-08 14:00:00,22.34,22.86,22.27,22.62,7004.0,1,0.0
2023-02-08 15:00:00,22.61,22.69,22.17,22.2,10212.0,1,0.0
2023-02-08 16:00:00,22.2,22.38,22.12,22.35,7997.0,1,0.0
2023-02-08 17:00:00,22.35,22.56,22.23,22.5,6572.0,1,0.0
2023-02-08 18:00:00,22.5,22.56,22.35,22.39,6253.0,1,0.0
2023-02-08 19:00:00,22.39,22.42,22.15,22.22,5382.0,1,0.0
2023-02-08 20:00:00,22.22,22.28,22.01,22.28,4706.0,1,0.0
2023-02-09 11:00:00,22.65,22.66,22.55,22.59,255.0,6,0.0
2023-02-09 12:00:00,22.59,22.6,22.49,22.52,466.0,4,0.0
2023-02-09 13:00:00,22.51,22.63,22.49,22.61,557.0,3,0.0
2023-02-09 14:00:00,22.62,22.91,22.59,22.71,5453.0,1,0.0
2023-02-09 15:00:00,22.71,22.99,22.67,22.99,8845.0,1,0.0
2023-02-09 16:00:00,22.99,23.02,22.79,22.92,8238.0,1,0.0
2023-02-09 17:00:00,22.92,22.97,22.49,22.62,5863.0,1,0.0
2023-02-09 18:00:00,22.62,22.71,22.53,22.64,6190.0,1,0.0
2023-02-09 19:00:00,22.63,22.69,22.33,22.43,5426.0,1,0.0
2023-02-09 20:00:00,22.43,22.44,22.12,22.24,4518.0,1,0.0
2023-02-10 11:00:00,21.72,21.72,21.61,21.68,402.0,4,0.0
2023-02-10 12:00:00,21.68,21.86,21.66,21.73,615.0,4,0.0
2023-02-10 13:00:00,21.73,21.93,21.71,21.87,729.0,3,0.0
2023-02-10 14:00:00,21.87,22.07,21.51,21.63,6943.0,1,0.0
2023-02-10 15:00:00,21.63,21.72,21.28,21.33,12483.0,1,0.0
2023-02-10 16:00:00,21.32,21.4,21.0,21.02,8176.0,1,0.0
2023-02-10 17:00:00,21.01,21.13,20.81,21.13,7077.0,1,0.0
2023-02-10 18:00:00,21.13,21.36,21.02,21.03,5942.0,1,0.0
2023-02-10 19:00:00,21.03,21.15,20.95,21.13,5319.0,1,0.0
2023-02-10 20:00:00,21.13,21.21,21.1,21.14,4062.0,1,0.0
2023-02-13 11:00:00,21.5,21.54,21.45,21.47,253.0,6,0.0
2023-02-13 12:00:00,21.47,21.58,21.46,21.53,313.0,4,0.0
2023-02-13 13:00:00,21.53,21.55,21.35,21.36,574.0,3,0.0
2023-02-13 14:00:00,21.36,21.62,20.96,21.61,7712.0,1,0.0
2023-02-13 15:00:00,21.61,21.73,21.29,21.63,9358.0,1,0.0
2023-02-13 16:00:00,21.63,21.97,21.63,21.9,6668.0,1,0.0
2023-02-13 17:00:00,21.9,21.96,21.82,21.88,4735.0,1,0.0
2023-02-13 18:00:00,21.88,22.04,21.83,21.89,4479.0,1,0.0
2023-02-13 19:00:00,21.89,21.92,21.66,21.81,4999.0,1,0.0
2023-02-13 20:00:00,21.81,21.87,21.73,21.73,3804.0,1,0.0
2023-02-14 11:00:00,22.15,22.17,22.08,22.08,251.0,4,0.0
2023-02-14 12:00:00,22.08,22.08,21.89,21.93,514.0,4,0.0
2023-02-14 13:00:00,21.93,22.17,21.48,21.76,2754.0,3,0.0
2023-02-14 14:00:00,21.76,22.67,21.36,22.58,9466.0,1,0.0
2023-02-14 15:00:00,22.57,22.81,22.17,22.37,14216.0,1,0.0
2023-02-14 16:00:00,22.37,22.66,22.28,22.46,11785.0,1,0.0
2023-02-14 17:00:00,22.46,22.67,22.43,22.62,7306.0,1,0.0
2023-02-14 18:00:00,22.62,22.9,22.62,22.84,8052.0,1,0.0
2023-02-14 19:00:00,22.84,22.99,22.7,22.91,6920.0,1,0.0
2023-02-14 20:00:00,22.91,22.97,22.79,22.97,5309.0,1,0.0
2023-02-15 11:00:00,22.69,22.72,22.64,22.7,301.0,4,0.0
2023-02-15 12:00:00,22.7,22.9,22.7,22.81,785.0,3,0.0
2023-02-15 13:00:00,22.81,22.82,22.69,22.73,942.0,3,0.0
2023-02-15 14:00:00,22.73,22.84,22.22,22.29,8345.0,1,0.0
2023-02-15 15:00:00,22.29,22.48,22.1,22.25,11278.0,1,0.0
2023-02-15 16:00:00,22.25,22.67,22.24,22.55,6691.0,1,0.0
2023-02-15 17:00:00,22.56,22.62,22.46,22.59,6046.0,1,0.0
2023-02-15 18:00:00,22.59,22.66,22.49,22.64,3926.0,1,0.0
2023-02-15 19:00:00,22.64,22.79,22.63,22.64,4180.0,1,0.0
2023-02-15 20:00:00,22.65,22.7,22.55,22.66,3775.0,1,0.0
2023-02-16 11:00:00,22.4,22.49,22.4,22.46,336.0,4,0.0
2023-02-16 12:00:00,22.46,22.6,22.46,22.5,468.0,4,0.0
2023-02-16 13:00:00,22.5,22.5,22.13,22.18,1108.0,3,0.0
2023-02-16 14:00:00,22.18,22.36,22.01,22.22,6756.0,1,0.0
2023-02-16 15:00:00,22.22,22.42,21.98,22.28,8309.0,1,0.0
2023-02-16 16:00:00,22.28,22.39,22.16,22.31,7106.0,1,0.0
2023-02-16 17:00:00,22.31,22.51,22.21,22.4,5686.0,1,0.0
2023-02-16 18:00:00,22.4,22.53,22.34,22.51,4984.0,1,0.0
2023-02-16 19:00:00,22.51,22.55,22.38,22.42,4116.0,1,0.0
2023-02-16 20:00:00,22.42,22.43,21.92,22.02,5466.0,1,0.0
2023-02-17 11:00:00,21.58,21.62,21.53,21.61,385.0,4,0.0
2023-02-17 12:00:00,21.62,21.67,21.55,21.66,473.0,4,0.0
2023-02-17 13:00:00,21.66,21.73,21.63,21.7,518.0,3,0.0
2023-02-17 14:00:00,21.7,21.82,21.36,21.51,8516.0,1,0.0
2023-02-17 15:00:00,21.51,21.63,21.16,21.16,10844.0,1,0.0
2023-02-17 16:00:00,21.16,21.29,21.07,21.17,6648.0,1,0.0
2023-02-17 17:00:00,21.17,21.31,20.97,21.08,5166.0,1,0.0
2023-02-17 18:00:00,21.07,21.2,21.04,21.18,4562.0,1,0.0
2023-02-17 19:00:00,21.19,21.5,21.18,21.49,5167.0,1,0.0
2023-02-17 20:00:00,21.49,21.52,21.34,21.4,4687.0,1,0.0
2023-02-21 11:00:00,21.04,21.13,21.02,21.1,207.0,6,0.0
2023-02-21 12:00:00,21.11,21.14,21.04,21.1,412.0,4,0.0
2023-02-21 13:00:00,21.09,21.11,20.99,20.99,388.0,3,0.0
2023-02-21 14:00:00,20.99,21.48,20.93,21.18,6589.0,1,0.0
2023-02-21 15:00:00,21.18,21.22,20.94,21.07,8171.0,1,0.0
2023-02-21 16:00:00,21.07,21.12,20.88,20.89,5294.0,1,0.0
2023-02-21 17:00:00,20.89,21.05,20.84,21.03,4986.0,1,0.0
2023-02-21 18:00:00,21.04,21.05,20.87,20.89,3546.0,1,0.0
2023-02-21 19:00:00,20.89,20.92,20.72,20.74,4146.0,1,0.0
2023-02-21 20:00:00,20.74,20.83,20.63,20.7,3320.0,1,0.0
2023-02-22 11:00:00,20.57,20.58,20.49,20.52,222.0,4,0.0
2023-02-22 12:00:00,20.52,20.83,20.52,20.79,628.0,3,0.0
2023-02-22 13:00:00,20.8,20.81,20.71,20.79,489.0,3,0.0
2023-02-22 14:00:00,20.8,21.09,20.57,20.82,7154.0,1,0.0
2023-02-22 15:00:00,20.82,20.82,20.42,20.61,8105.0,1,0.0
2023-02-22 16:00:00,20.62,20.82,20.59,20.76,5700.0,1,0.0
2023-02-22 17:00:00,20.76,20.94,20.71,20.91,4410.0,1,0.0
2023-02-22 18:00:00,20.91,20.98,20.81,20.87,4382.0,1,0.0
2023-02-22 19:00:00,20.87,21.03,20.65,20.66,10069.0,1,0.0
2023-02-22 20:00:00,20.66,20.79,20.62,20.63,4629.0,1,0.0
2023-02-23 11:00:00,22.38,22.49,22.38,22.48,334.0,6,0.0
2023-02-23 12:00:00,22.48,22.95,22.48,22.87,1508.0,2,0.0
2023-02-23 13:00:00,22.88,23.41,22.82,23.36,2980.0,2,0.0
2023-02-23 14:00:00,23.36,23.82,23.02,23.71,13859.0,1,0.0
2023-02-23 15:00:00,23.71,23.88,23.48,23.54,11201.0,1,0.0
2023-02-23 16:00:00,23.54,23.63,23.15,23.27,7939.0,1,0.0
2023-02-23 17:00:00,23.27,23.53,23.26,23.41,6961.0,1,0.0
2023-02-23 18:00:00,23.42,23.73,23.28,23.67,6201.0,1,0.0
2023-02-23 19:00:00,23.67,23.79,23.57,23.65,7321.0,1,0.0
2023-02-23 20:00:00,23.66,23.76,23.58,23.75,5200.0,1,0.0
2023-02-24 11:00:00,23.39,23.41,23.32,23.39,259.0,4,0.0
2023-02-24 12:00:00,23.4,23.52,23.4,23.47,557.0,3,0.0
2023-02-24 13:00:00,23.47,23.51,23.26,23.39,1611.0,2,0.0
2023-02-24 14:00:00,23.38,23.46,22.98,23.1,9101.0,1,0.0
2023-02-24 15:00:00,23.09,23.16,22.94,23.04,10558.0,1,0.0
2023-02-24 16:00:00,23.04,23.41,22.95,23.36,7472.0,1,0.0
2023-02-24 17:00:00,23.36,23.41,23.09,23.13,6193.0,1,0.0
2023-02-24 18:00:00,23.13,23.24,23.06,23.22,5108.0,1,0.0
2023-02-24 19:00:00,23.22,23.37,23.15,23.36,4925.0,1,0.0
2023-02-24 20:00:00,23.36,23.42,23.18,23.23,4393.0,1,0.0
2023-02-27 11:00:00,23.43,23.52,23.43,23.49,192.0,4,0.0
2023-02-27 12:00:00,23.49,23.58,23.45,23.54,435.0,4,0.0
2023-02-27 13:00:00,23.54,23.7,23.49,23.66,689.0,3,0.0
2023-02-27 14:00:00,23.66,23.87,23.58,23.8,7564.0,1,0.0
2023-02-27 15:00:00,23.8,23.83,23.44,23.54,9622.0,1,0.0
2023-02-27 16:00:00,23.54,23.7,23.54,23.63,5919.0,1,0.0
2023-02-27 17:00:00,23.63,23.66,23.48,23.64,4778.0,1,0.0
2023-02-27 18:00:00,23.64,23.81,23.62,23.78,4399.0,1,0.0
2023-02-27 19:00:00,23.78,23.8,23.56,23.62,4199.0,1,0.0
2023-02-27 20:00:00,23.62,23.63,23.47,23.5,4051.0,1,0.0
2023-02-28 11:00:00,23.5,23.62,23.5,23.57,302.0,1,0.0
2023-02-28 12:00:00,23.57,23.67,23.55,23.63,443.0,2,0.0
2023-02-28 13:00:00,23.62,23.63,23.37,23.46,721.0,2,0.0
2023-02-28 14:00:00,23.47,23.58,23.31,23.46,6108.0,1,0.0
2023-02-28 15:00:00,23.46,23.55,23.29,23.42,7812.0,1,0.0
2023-02-28 16:00:00,23.42,23.54,23.42,23.54,4894.0,1,0.0
2023-02-28 17:00:00,23.54,23.74,23.52,23.7,4447.0,1,0.0
2023-02-28 18:00:00,23.7,23.82,23.69,23.77,4095.0,1,0.0
2023-02-28 19:00:00,23.77,23.8,23.55,23.57,4259.0,1,0.0
2023-02-28 20:00:00,23.57,23.58,23.32,23.33,3936.0,1,0.0
2023-03-01 11:00:00,22.97,22.99,22.92,22.93,242.0,6,0.0
2023-03-01 12:00:00,22.93,23.13,22.93,23.06,611.0,4,0.0
2023-03-01 13:00:00,23.06,23.16,23.0,23.08,899.0,3,0.0
2023-03-01 14:00:00,23.09,23.26,22.97,22.98,7362.0,1,0.0
2023-03-01 15:00:00,22.99,23.04,22.61,22.71,11268.0,1,0.0
2023-03-01 16:00:00,22.71,22.77,22.5,22.72,7045.0,1,0.0
2023-03-01 17:00:00,22.72,22.83,22.66,22.75,5312.0,1,0.0
2023-03-01 18:00:00,22.76,22.76,22.61,22.71,4045.0,1,0.0
2023-03-01 19:00:00,22.71,22.77,22.64,22.68,4086.0,1,0.0
2023-03-01 20:00:00,22.68,22.81,22.67,22.78,3776.0,1,0.0
2023-03-02 11:00:00,22.4,22.49,22.39,22.43,219.0,6,0.0
2023-03-02 12:00:00,22.44,22.55,22.43,22.44,442.0,4,0.0
2023-03-02 13:00:00,22.43,22.47,22.28,22.34,711.0,3,0.0
2023-03-02 14:00:00,22.34,22.77,22.33,22.69,8131.0,1,0.0
2023-03-02 15:00:00,22.7,22.82,22.58,22.74,8992.0,1,0.0
2023-03-02 16:00:00,22.74,22.78,22.64,22.69,5160.0,1,0.0
2023-03-02 17:00:00,22.69,22.84,22.69,22.82,3955.0,1,0.0
2023-03-02 18:00:00,22.82,23.09,22.74,23.08,5466.0,1,0.0
2023-03-02 19:00:00,23.08,23.25,23.08,23.2,5893.0,1,0.0
2023-03-02 20:00:00,23.2,23.37,23.17,23.33,3732.0,1,0.0
2023-03-03 11:00:00,23.36,23.37,23.34,23.36,228.0,2,0.0
2023-03-03 12:00:00,23.36,23.45,23.34,23.34,456.0,2,0.0
2023-03-03 13:00:00,23.35,23.39,23.26,23.36,481.0,3,0.0
2023-03-03 14:00:00,23.36,23.48,23.22,23.32,6702.0,1,0.0
2023-03-03 15:00:00,23.32,23.4,23.12,23.25,8137.0,1,0.0
2023-03-03 16:00:00,23.25,23.29,23.13,23.25,4762.0,1,0.0
2023-03-03 17:00:00,23.25,23.54,23.24,23.53,3730.0,1,0.0
2023-03-03 18:00:00,23.53,23.62,23.48,23.61,3775.0,1,0.0
2023-03-03 19:00:00,23.62,23.81,23.61,23.8,3782.0,1,0.0
2023-03-03 20:00:00,23.81,23.86,23.77,23.77,2868.0,1,0.0
2023-03-06 11:00:00,23.78,23.81,23.69,23.72,464.0,2,0.0
2023-03-06 12:00:00,23.73,23.81,23.73,23.8,405.0,3,0.0
2023-03-06 13:00:00,23.8,23.96,23.79,23.91,674.0,3,0.0
2023-03-06 14:00:00,23.91,23.99,23.69,23.81,7155.0,1,0.0
2023-03-06 15:00:00,23.82,24.24,23.67,24.18,8977.0,1,0.0
2023-03-06 16:00:00,24.18,24.2,23.92,24.02,5341.0,1,0.0
2023-03-06 17:00:00,24.02,24.04,23.77,23.8,5029.0,1,0.0
2023-03-06 18:00:00,23.79,23.84,23.64,23.68,4628.0,1,0.0
2023-03-06 19:00:00,23.69,23.75,23.64,23.68,4252.0,1,0.0
2023-03-06 20:00:00,23.68,23.72,23.49,23.52,3727.0,1,0.0
2023-03-07 11:00:00,23.61,23.63,23.58,23.59,256.0,3,0.0
2023-03-07 12:00:00,23.59,23.65,23.59,23.61,260.0,3,0.0
2023-03-07 13:00:00,23.61,23.67,23.61,23.64,311.0,3,0.0
2023-03-07 14:00:00,23.64,23.84,23.52,23.73,5789.0,1,0.0
2023-03-07 15:00:00,23.73,23.94,23.33,23.63,13108.0,1,0.0
2023-03-07 16:00:00,23.63,24.09,23.61,23.95,9339.0,1,0.0
2023-03-07 17:00:00,23.95,24.12,23.86,24.01,7973.0,1,0.0
2023-03-07 18:00:00,24.01,24.02,23.5,23.54,5762.0,1,0.0
2023-03-07 19:00:00,23.54,23.57,23.32,23.35,4642.0,1,0.0
2023-03-07 20:00:00,23.35,23.47,23.31,23.39,3748.0,1,0.0
2023-03-08 11:00:00,23.36,23.42,23.35,23.39,171.0,1,0.0
2023-03-08 12:00:00,23.39,23.41,23.26,23.31,401.0,2,0.0
2023-03-08 13:00:00,23.32,23.43,23.25,23.36,577.0,3,0.0
2023-03-08 14:00:00,23.36,23.81,23.36,23.74,4504.0,1,0.0
2023-03-08 15:00:00,23.74,24.01,23.55,23.82,8401.0,1,0.0
2023-03-08 16:00:00,23.82,23.99,23.68,23.99,5514.0,1,0.0
2023-03-08 17:00:00,23.99,24.03,23.78,23.9,4264.0,1,0.0
2023-03-08 18:00:00,23.9,23.92,23.77,23.82,4228.0,1,0.0
2023-03-08 19:00:00,23.82,24.02,23.81,23.97,3845.0,1,0.0
2023-03-08 20:00:00,23.97,24.11,23.87,24.1,2949.0,1,0.0
2023-03-09 11:00:00,23.92,23.96,23.89,23.91,257.0,4,0.0
2023-03-09 12:00:00,23.91,24.01,23.91,23.97,375.0,4,0.0
2023-03-09 13:00:00,23.97,24.24,23.96,24.24,882.0,4,0.0
2023-03-09 14:00:00,24.24,24.38,24.06,24.36,7547.0,1,0.0
2023-03-09 15:00:00,24.36,24.45,24.07,24.13,7889.0,1,0.0
2023-03-09 16:00:00,24.13,24.23,24.08,24.1,5283.0,1,0.0
2023-03-09 17:00:00,24.11,24.14,23.87,23.97,5037.0,1,0.0
2023-03-09 18:00:00,23.98,24.04,23.66,23.7,5477.0,1,0.0
2023-03-09 19:00:00,23.7,23.78,23.56,23.68,5830.0,1,0.0
2023-03-09 20:00:00,23.68,23.7,23.38,23.5,5646.0,1,0.0
2023-03-10 11:00:00,23.36,23.47,23.32,23.45,315.0,4,0.0
2023-03-10 12:00:00,23.45,23.47,23.39,23.43,321.0,3,0.0
2023-03-10 13:00:00,23.43,23.71,23.25,23.57,1743.0,4,0.0
2023-03-10 14:00:00,23.58,23.62,22.72,23.0,6962.0,1,0.0
2023-03-10 15:00:00,23.01,23.35,22.87,23.34,7935.0,1,0.0
2023-03-10 16:00:00,23.33,23.62,23.23,23.26,6696.0,1,0.0
2023-03-10 17:00:00,23.26,23.38,23.07,23.07,6298.0,1,0.0
2023-03-10 18:00:00,23.08,23.16,22.8,22.87,5942.0,1,0.0
2023-03-10 19:00:00,22.87,23.1,22.87,23.0,8439.0,1,0.0
2023-03-10 20:00:00,23.0,23.1,22.88,22.91,6248.0,1,0.0
2023-03-13 10:00:00,23.01,23.11,22.84,23.06,739.0,4,0.0
2023-03-13 11:00:00,23.06,23.23,23.05,23.12,826.0,4,0.0
2023-03-13 12:00:00,23.12,23.16,22.35,22.59,1525.0,4,0.0
2023-03-13 13:00:00,22.59,22.95,22.3,22.79,7786.0,1,0.0
2023-03-13 14:00:00,22.79,23.0,22.6,22.91,9034.0,1,0.0
2023-03-13 15:00:00,22.91,23.21,22.84,23.16,8266.0,1,0.0
2023-03-13 16:00:00,23.16,23.27,22.88,22.9,8448.0,1,0.0
2023-03-13 17:00:00,22.9,23.07,22.79,23.01,7065.0,1,0.0
2023-03-13 18:00:00,23.01,23.27,23.0,23.17,7156.0,1,0.0
2023-03-13 19:00:00,23.17,23.29,22.99,23.11,5856.0,1,0.0
2023-03-14 11:00:00,23.05,23.26,23.05,23.2,467.0,3,0.0
2023-03-14 12:00:00,23.21,23.5,22.79,23.34,1507.0,3,0.0
2023-03-14 13:00:00,23.35,23.9,23.29,23.8,5755.0,2,0.0
2023-03-14 14:00:00,23.8,24.1,23.74,23.95,6876.0,1,0.0
2023-03-14 15:00:00,23.95,24.21,23.94,24.15,5278.0,1,0.0
2023-03-14 16:00:00,24.15,24.21,24.06,24.14,4744.0,1,0.0
2023-03-14 17:00:00,24.14,24.17,23.84,23.86,6280.0,1,0.0
2023-03-14 18:00:00,23.86,23.92,23.71,23.77,5737.0,1,0.0
2023-03-14 19:00:00,23.77,23.82,23.59,23.78,5230.0,1,0.0
2023-03-15 10:00:00,23.96,23.97,23.5,23.53,891.0,4,0.0
2023-03-15 11:00:00,23.54,23.73,23.54,23.7,709.0,4,0.0
2023-03-15 12:00:00,23.7,23.84,23.61,23.78,1177.0,4,0.0
2023-03-15 13:00:00,23.79,23.89,23.51,23.56,6344.0,1,0.0
2023-03-15 14:00:00,23.56,23.64,23.36,23.54,7950.0,1,0.0
2023-03-15 15:00:00,23.54,23.83,23.48,23.61,7391.0,1,0.0
2023-03-15 16:00:00,23.62,23.68,23.42,23.53,6624.0,1,0.0
2023-03-15 17:00:00,23.53,23.89,23.48,23.83,7556.0,1,0.0
2023-03-15 18:00:00,23.83,24.23,23.74,24.18,8211.0,1,0.0
2023-03-15 19:00:00,24.18,24.28,23.95,24.05,7286.0,1,0.0
2023-03-16 10:00:00,24.21,24.27,24.17,24.25,285.0,4,0.0
2023-03-16 11:00:00,24.25,24.32,24.24,24.28,283.0,3,0.0
2023-03-16 12:00:00,24.28,24.36,24.19,24.24,521.0,3,0.0
2023-03-16 13:00:00,24.24,24.31,23.89,24.3,4558.0,1,0.0
2023-03-16 14:00:00,24.3,24.74,24.23,24.65,5697.0,1,0.0
2023-03-16 15:00:00,24.65,25.2,24.6,25.16,5726.0,1,0.0
2023-03-16 16:00:00,25.16,25.21,25.0,25.12,2876.0,1,0.0
2023-03-16 17:00:00,25.2,25.24,25.11,25.17,1792.0,1,0.0
2023-03-16 18:00:00,25.17,25.34,25.11,25.26,4575.0,1,0.0
2023-03-16 19:00:00,25.27,25.45,25.23,25.45,3545.0,1,0.0
2023-03-17 10:00:00,25.87,25.92,25.86,25.89,342.0,6,0.0
2023-03-17 11:00:00,25.89,26.12,25.89,25.97,732.0,4,0.0
2023-03-17 12:00:00,25.97,25.97,25.79,25.87,770.0,3,0.0
2023-03-17 13:00:00,25.88,26.34,25.83,26.12,5680.0,1,0.0
2023-03-17 14:00:00,26.12,26.39,25.75,25.97,7456.0,1,0.0
2023-03-17 15:00:00,25.97,26.01,25.66,25.85,6235.0,1,0.0
2023-03-17 16:00:00,25.85,26.05,25.71,25.77,5519.0,1,0.0
2023-03-17 17:00:00,25.77,26.01,25.73,25.95,5335.0,1,0.0
2023-03-17 18:00:00,25.95,26.02,25.75,25.88,5956.0,1,0.0
2023-03-17 19:00:00,25.88,26.1,25.85,26.07,5488.0,1,0.0
2023-03-20 10:00:00,25.84,25.92,25.79,25.81,456.0,4,0.0
2023-03-20 11:00:00,25.8,25.82,25.64,25.68,474.0,4,0.0
2023-03-20 12:00:00,25.69,25.81,25.61,25.78,653.0,4,0.0
2023-03-20 13:00:00,25.78,25.78,25.13,25.26,5228.0,2,0.0
2023-03-20 14:00:00,25.26,25.65,25.23,25.62,5871.0,1,0.0
2023-03-20 15:00:00,25.62,25.84,25.54,25.54,6132.0,1,0.0
2023-03-20 16:00:00,25.54,25.81,25.5,25.77,5803.0,1,0.0
2023-03-20 17:00:00,25.77,26.02,25.73,25.99,5047.0,1,0.0
2023-03-20 18:00:00,25.99,26.01,25.78,25.89,5574.0,1,0.0
2023-03-20 19:00:00,25.89,25.95,25.78,25.91,4222.0,1,0.0
2023-03-21 10:00:00,26.0,26.06,25.96,25.98,319.0,3,0.0
2023-03-21 11:00:00,25.98,26.23,25.98,26.2,573.0,3,0.0
2023-03-21 12:00:00,26.2,26.33,26.16,26.24,710.0,3,0.0
2023-03-21 13:00:00,26.23,26.3,26.03,26.29,4000.0,2,0.0
2023-03-21 14:00:00,26.29,26.34,25.79,25.89,5763.0,1,0.0
2023-03-21 15:00:00,25.89,26.03,25.38,25.56,5376.0,1,0.0
2023-03-21 16:00:00,25.55,25.94,25.55,25.9,4723.0,1,0.0
2023-03-21 17:00:00,25.9,26.23,25.81,26.09,4526.0,1,0.0
2023-03-21 18:00:00,26.09,26.3,26.03,26.26,5000.0,1,0.0
2023-03-21 19:00:00,26.26,26.39,26.22,26.37,4472.0,1,0.0
2023-03-22 10:00:00,26.13,26.32,26.11,26.31,306.0,4,0.0
2023-03-22 11:00:00,26.31,26.41,26.25,26.26,504.0,4,0.0
2023-03-22 12:00:00,26.27,26.32,26.24,26.3,425.0,3,0.0
2023-03-22 13:00:00,26.3,26.91,26.23,26.88,4469.0,2,0.0
2023-03-22 14:00:00,26.87,27.07,26.83,26.9,6403.0,1,0.0
2023-03-22 15:00:00,26.9,27.18,26.87,27.1,6302.0,1,0.0
2023-03-22 16:00:00,27.1,27.13,26.89,26.94,5146.0,1,0.0
2023-03-22 17:00:00,26.94,27.09,26.85,27.06,4010.0,1,0.0
2023-03-22 18:00:00,27.07,27.58,27.02,27.19,10271.0,1,0.0
2023-03-22 19:00:00,27.19,27.38,26.93,26.95,7817.0,1,0.0
2023-03-23 10:00:00,27.03,27.04,26.9,26.97,326.0,4,0.0
2023-03-23 11:00:00,26.97,27.07,26.95,27.01,586.0,3,0.0
2023-03-23 12:00:00,27.01,27.12,26.92,27.06,775.0,4,0.0
2023-03-23 13:00:00,27.07,27.38,27.0,27.32,4383.0,2,0.0
2023-03-23 14:00:00,27.32,27.44,27.14,27.3,4687.0,1,0.0
2023-03-23 15:00:00,27.3,27.49,27.3,27.32,5885.0,1,0.0
2023-03-23 16:00:00,27.32,27.44,27.24,27.3,5178.0,1,0.0
2023-03-23 17:00:00,27.3,27.4,27.04,27.05,6226.0,1,0.0
2023-03-23 18:00:00,27.05,27.13,26.69,26.97,8018.0,1,0.0
2023-03-23 19:00:00,26.97,27.13,26.78,27.05,6660.0,1,0.0
2023-03-24 10:00:00,26.95,27.06,26.89,27.01,538.0,3,0.0
2023-03-24 11:00:00,27.01,27.05,26.9,26.94,497.0,4,0.0
2023-03-24 12:00:00,26.93,27.03,26.82,27.0,638.0,4,0.0
2023-03-24 13:00:00,27.0,27.16,26.63,26.81,4805.0,2,0.0
2023-03-24 14:00:00,26.81,26.87,26.49,26.52,5523.0,1,0.0
2023-03-24 15:00:00,26.51,26.72,26.35,26.68,7185.0,1,0.0
2023-03-24 16:00:00,26.68,26.75,26.41,26.53,5416.0,1,0.0
2023-03-24 17:00:00,26.53,26.59,26.45,26.49,5311.0,1,0.0
2023-03-24 18:00:00,26.5,26.67,26.46,26.63,5181.0,1,0.0
2023-03-24 19:00:00,26.63,26.77,26.55,26.74,4442.0,1,0.0
2023-03-27 10:00:00,26.87,26.92,26.85,26.89,323.0,4,0.0
2023-03-27 11:00:00,26.89,27.02,26.88,26.95,417.0,4,0.0
2023-03-27 12:00:00,26.95,26.96,26.83,26.85,599.0,3,0.0
2023-03-27 13:00:00,26.86,26.96,26.62,26.83,3999.0,1,0.0
2023-03-27 14:00:00,26.83,26.98,26.7,26.71,4616.0,1,0.0
2023-03-27 15:00:00,26.71,26.74,26.36,26.41,5762.0,1,0.0
2023-03-27 16:00:00,26.41,26.55,26.37,26.53,5294.0,1,0.0
2023-03-27 17:00:00,26.53,26.69,26.48,26.59,4622.0,1,0.0
2023-03-27 18:00:00,26.59,26.7,26.52,26.66,3940.0,1,0.0
2023-03-27 19:00:00,26.66,26.7,26.46,26.51,3532.0,1,0.0
2023-03-28 10:00:00,26.33,26.42,26.31,26.35,175.0,4,0.0
2023-03-28 11:00:00,26.36,26.55,26.36,26.47,322.0,4,0.0
2023-03-28 12:00:00,26.47,26.52,26.37,26.41,434.0,3,0.0
2023-03-28 13:00:00,26.41,26.49,25.89,25.92,3669.0,2,0.0
2023-03-28 14:00:00,25.92,26.16,25.84,26.02,5053.0,1,0.0
2023-03-28 15:00:00,26.02,26.31,26.02,26.25,4625.0,1,0.0
2023-03-28 16:00:00,26.26,26.29,26.09,26.19,3959.0,1,0.0
2023-03-28 17:00:00,26.19,26.25,26.12,26.17,3548.0,1,0.0
2023-03-28 18:00:00,26.17,26.27,26.17,26.2,3257.0,1,0.0
2023-03-28 19:00:00,26.2,26.31,26.19,26.29,2976.0,1,0.0
2023-03-29 10:00:00,26.78,26.82,26.74,26.75,309.0,2,0.0
2023-03-29 11:00:00,26.75,26.78,26.7,26.75,329.0,3,0.0
2023-03-29 12:00:00,26.76,26.77,26.65,26.7,489.0,3,0.0
2023-03-29 13:00:00,26.7,27.06,26.7,27.02,3892.0,2,0.0
2023-03-29 14:00:00,27.02,27.03,26.59,26.7,5257.0,1,0.0
2023-03-29 15:00:00,26.7,26.94,26.7,26.92,4185.0,1,0.0
2023-03-29 16:00:00,26.92,26.94,26.75,26.77,3542.0,1,0.0
2023-03-29 17:00:00,26.77,26.94,26.76,26.83,3574.0,1,0.0
2023-03-29 18:00:00,26.84,26.94,26.75,26.93,3422.0,1,0.0
2023-03-29 19:00:00,26.94,27.03,26.9,27.0,3262.0,1,0.0
2023-03-30 10:00:00,27.11,27.17,27.09,27.16,200.0,4,0.0
2023-03-30 11:00:00,27.15,27.21,27.12,27.2,391.0,3,0.0
2023-03-30 12:00:00,27.2,27.3,27.18,27.25,674.0,3,0.0
2023-03-30 13:00:00,27.25,27.3,27.1,27.27,4020.0,1,0.0
2023-03-30 14:00:00,27.28,27.47,27.15,27.43,5827.0,1,0.0
2023-03-30 15:00:00,27.42,27.49,27.29,27.36,4997.0,1,0.0
2023-03-30 16:00:00,27.37,27.37,27.25,27.32,4568.0,1,0.0
2023-03-30 17:00:00,27.32,27.37,27.16,27.23,4317.0,1,0.0
2023-03-30 18:00:00,27.23,27.36,27.19,27.35,3669.0,1,0.0
2023-03-30 19:00:00,27.34,27.44,27.31,27.43,2534.0,1,0.0
2023-03-31 10:00:00,27.19,27.22,27.14,27.17,342.0,4,0.0
2023-03-31 11:00:00,27.19,27.24,27.16,27.22,558.0,4,0.0
2023-03-31 12:00:00,27.22,27.36,27.12,27.18,1284.0,3,0.0
2023-03-31 13:00:00,27.18,27.53,27.09,27.5,3962.0,1,0.0
2023-03-31 14:00:00,27.51,27.58,27.35,27.44,5686.0,1,0.0
2023-03-31 15:00:00,27.44,27.59,27.33,27.57,4331.0,1,0.0
2023-03-31 16:00:00,27.57,27.83,27.53,27.72,4012.0,1,0.0
2023-03-31 17:00:00,27.72,27.82,27.66,27.73,3256.0,1,0.0
2023-03-31 18:00:00,27.73,27.78,27.6,27.63,3187.0,1,0.0
2023-03-31 19:00:00,27.63,27.73,27.6,27.65,3300.0,1,0.0
2023-04-03 10:00:00,27.56,27.57,27.51,27.52,149.0,4,0.0
2023-04-03 11:00:00,27.52,27.64,27.52,27.56,366.0,4,0.0
2023-04-03 12:00:00,27.56,27.58,27.44,27.53,657.0,3,0.0
2023-04-03 13:00:00,27.53,27.79,27.44,27.58,3638.0,2,0.0
2023-04-03 14:00:00,27.59,27.99,27.58,27.61,6657.0,1,0.0
2023-04-03 15:00:00,27.62,27.65,27.41,27.52,5428.0,1,0.0
2023-04-03 16:00:00,27.52,27.62,27.37,27.38,3972.0,1,0.0
2023-04-03 17:00:00,27.38,27.5,27.33,27.49,3696.0,1,0.0
2023-04-03 18:00:00,27.49,27.72,27.45,27.71,3301.0,1,0.0
2023-04-03 19:00:00,27.72,27.92,27.69,27.91,3130.0,1,0.0
2023-04-04 10:00:00,28.06,28.1,28.04,28.04,230.0,4,0.0
2023-04-04 11:00:00,28.04,28.12,28.03,28.08,343.0,3,0.0
2023-04-04 12:00:00,28.08,28.1,27.98,28.02,478.0,3,0.0
2023-04-04 13:00:00,28.02,28.03,27.48,27.64,3854.0,1,0.0
2023-04-04 14:00:00,27.64,27.8,27.56,27.75,6146.0,1,0.0
2023-04-04 15:00:00,27.75,27.75,27.5,27.67,5692.0,1,0.0
2023-04-04 16:00:00,27.67,27.74,27.53,27.69,4462.0,1,0.0
2023-04-04 17:00:00,27.69,27.73,27.6,27.69,3694.0,1,0.0
2023-04-04 18:00:00,27.69,27.74,27.45,27.47,3754.0,1,0.0
2023-04-04 19:00:00,27.47,27.53,27.36,27.36,3506.0,1,0.0
2023-04-05 10:00:00,27.08,27.08,27.0,27.03,277.0,4,0.0
2023-04-05 11:00:00,27.03,27.07,26.84,26.88,771.0,3,0.0
2023-04-05 12:00:00,26.88,26.99,26.86,26.93,1261.0,3,0.0
2023-04-05 13:00:00,26.94,26.99,26.62,26.76,4943.0,1,0.0
2023-04-05 14:00:00,26.77,26.84,26.43,26.46,7617.0,1,0.0
2023-04-05 15:00:00,26.46,26.71,26.39,26.66,5959.0,1,0.0
2023-04-05 16:00:00,26.67,26.68,26.45,26.51,4538.0,1,0.0
2023-04-05 17:00:00,26.51,26.66,26.45,26.62,4281.0,1,0.0
2023-04-05 18:00:00,26.62,26.8,26.61,26.75,4292.0,1,0.0
2023-04-05 19:00:00,26.74,26.83,26.59,26.83,3736.0,1,0.0
2023-04-06 10:00:00,26.48,26.67,26.46,26.65,473.0,4,0.0
2023-04-06 11:00:00,26.65,26.77,26.64,26.76,481.0,4,0.0
2023-04-06 12:00:00,26.76,26.77,26.57,26.65,718.0,4,0.0
2023-04-06 13:00:00,26.65,26.67,26.42,26.63,3885.0,1,0.0
2023-04-06 14:00:00,26.63,26.87,26.61,26.75,6579.0,1,0.0
2023-04-06 15:00:00,26.75,27.05,26.75,27.01,5020.0,1,0.0
2023-04-06 16:00:00,27.01,27.06,26.8,26.81,4165.0,1,0.0
2023-04-06 17:00:00,26.81,27.0,26.78,26.98,3472.0,1,0.0
2023-04-06 18:00:00,26.98,27.08,26.93,26.97,3431.0,1,0.0
2023-04-06 19:00:00,26.97,27.07,26.92,27.05,2643.0,1,0.0
2023-04-10 10:00:00,26.97,26.99,26.93,26.95,80.0,3,0.0
2023-04-10 11:00:00,26.95,26.99,26.79,26.86,238.0,3,0.0
2023-04-10 12:00:00,26.86,26.86,26.63,26.66,520.0,4,0.0
2023-04-10 13:00:00,26.66,26.89,26.66,26.83,3516.0,2,0.0
2023-04-10 14:00:00,26.83,27.25,26.78,27.16,6822.0,1,0.0
2023-04-10 15:00:00,27.16,27.43,27.15,27.38,5192.0,1,0.0
2023-04-10 16:00:00,27.37,27.55,27.26,27.49,4841.0,1,0.0
2023-04-10 17:00:00,27.49,27.58,27.4,27.45,4162.0,1,0.0
2023-04-10 18:00:00,27.45,27.58,27.42,27.57,3677.0,1,0.0
2023-04-10 19:00:00,27.57,27.62,27.52,27.54,2937.0,1,0.0
2023-04-11 10:00:00,27.73,27.74,27.66,27.69,227.0,4,0.0
2023-04-11 11:00:00,27.69,27.71,27.51,27.59,454.0,4,0.0
2023-04-11 12:00:00,27.59,27.67,27.57,27.6,426.0,3,0.0
2023-04-11 13:00:00,27.6,27.77,27.25,27.4,3832.0,2,0.0
2023-04-11 14:00:00,27.41,27.51,27.15,27.17,5010.0,1,0.0
2023-04-11 15:00:00,27.17,27.32,27.12,27.27,5131.0,1,0.0
2023-04-11 16:00:00,27.27,27.42,27.2,27.31,4045.0,1,0.0
2023-04-11 17:00:00,27.31,27.43,27.21,27.4,3452.0,1,0.0
2023-04-11 18:00:00,27.4,27.42,27.3,27.35,2950.0,1,0.0
2023-04-11 19:00:00,27.35,27.38,27.21,27.22,2822.0,1,0.0
2023-04-12 10:00:00,27.08,27.11,27.01,27.02,362.0,3,0.0
2023-04-12 11:00:00,27.02,27.15,27.01,27.12,196.0,4,0.0
2023-04-12 12:00:00,27.12,27.5,27.09,27.38,1227.0,3,0.0
2023-04-12 13:00:00,27.38,27.46,26.65,26.71,4828.0,2,0.0
2023-04-12 14:00:00,26.71,26.93,26.56,26.61,5593.0,1,0.0
2023-04-12 15:00:00,26.6,26.93,26.51,26.88,5848.0,1,0.0
2023-04-12 16:00:00,26.89,26.99,26.88,26.94,4555.0,1,0.0
2023-04-12 17:00:00,26.94,27.01,26.81,26.85,4034.0,1,0.0
2023-04-12 18:00:00,26.85,26.9,26.61,26.64,5109.0,1,0.0
2023-04-12 19:00:00,26.64,26.64,26.44,26.53,4783.0,1,0.0
2023-04-13 10:00:00,26.42,26.42,26.32,26.36,255.0,4,0.0
2023-04-13 11:00:00,26.37,26.46,26.37,26.42,345.0,4,0.0
2023-04-13 12:00:00,26.42,26.6,26.37,26.53,883.0,3,0.0
2023-04-13 13:00:00,26.53,26.8,26.32,26.53,3764.0,1,0.0
2023-04-13 14:00:00,26.53,26.79,26.45,26.65,4526.0,1,0.0
2023-04-13 15:00:00,26.65,26.77,26.55,26.74,4813.0,1,0.0
2023-04-13 16:00:00,26.74,26.88,26.7,26.72,3815.0,1,0.0
2023-04-13 17:00:00,26.72,26.86,26.68,26.83,3267.0,1,0.0
2023-04-13 18:00:00,26.83,26.85,26.73,26.74,3215.0,1,0.0
2023-04-13 19:00:00,26.74,26.77,26.59,26.6,2543.0,1,0.0
2023-04-14 10:00:00,26.48,26.55,26.31,26.38,540.0,4,0.0
2023-04-14 11:00:00,26.38,26.44,26.31,26.38,943.0,4,0.0
2023-04-14 12:00:00,26.38,26.53,26.33,26.44,862.0,4,0.0
2023-04-14 13:00:00,26.45,26.88,26.26,26.82,3319.0,1,0.0
2023-04-14 14:00:00,26.82,26.86,26.39,26.57,4600.0,1,0.0
2023-04-14 15:00:00,26.57,26.73,26.49,26.52,4779.0,1,0.0
2023-04-14 16:00:00,26.52,26.55,26.31,26.38,4265.0,1,0.0
2023-04-14 17:00:00,26.38,26.55,26.22,26.49,4070.0,1,0.0
2023-04-14 18:00:00,26.49,26.69,26.45,26.67,4125.0,1,0.0
2023-04-14 19:00:00,26.67,26.74,26.52,26.73,3378.0,1,0.0
2023-04-17 10:00:00,26.5,26.6,26.5,26.59,156.0,4,0.0
2023-04-17 11:00:00,26.6,26.64,26.53,26.58,329.0,4,0.0
2023-04-17 12:00:00,26.58,26.64,26.54,26.57,430.0,4,0.0
2023-04-17 13:00:00,26.58,26.78,26.43,26.71,3324.0,2,0.0
2023-04-17 14:00:00,26.71,26.92,26.62,26.78,5043.0,1,0.0
2023-04-17 15:00:00,26.78,26.82,26.56,26.58,4488.0,1,0.0
2023-04-17 16:00:00,26.58,26.59,26.49,26.59,3685.0,1,0.0
2023-04-17 17:00:00,26.59,26.67,26.55,26.59,3109.0,1,0.0
2023-04-17 18:00:00,26.59,26.79,26.57,26.77,3157.0,1,0.0
2023-04-17 19:00:00,26.77,26.92,26.76,26.91,2505.0,1,0.0
2023-04-18 10:00:00,27.55,27.56,27.5,27.54,218.0,6,0.0
2023-04-18 11:00:00,27.54,27.67,27.48,27.62,619.0,4,0.0
2023-04-18 12:00:00,27.61,27.76,27.58,27.74,785.0,2,0.0
2023-04-18 13:00:00,27.74,28.1,27.23,27.78,6618.0,1,0.0
2023-04-18 14:00:00,27.78,27.92,27.61,27.87,5000.0,1,0.0
2023-04-18 15:00:00,27.87,27.95,27.73,27.81,5115.0,1,0.0
2023-04-18 16:00:00,27.81,27.94,27.74,27.84,4124.0,1,0.0
2023-04-18 17:00:00,27.84,27.91,27.67,27.69,3527.0,1,0.0
2023-04-18 18:00:00,27.68,27.7,27.35,27.44,4289.0,1,0.0
2023-04-18 19:00:00,27.44,27.61,27.43,27.6,2745.0,1,0.0
2023-04-19 10:00:00,27.3,27.41,27.29,27.4,223.0,6,0.0
2023-04-19 11:00:00,27.4,27.45,27.36,27.4,444.0,4,0.0
2023-04-19 12:00:00,27.41,27.42,27.3,27.33,471.0,3,0.0
2023-04-19 13:00:00,27.34,27.72,27.23,27.56,3970.0,2,0.0
2023-04-19 14:00:00,27.56,27.77,27.53,27.68,4283.0,1,0.0
2023-04-19 15:00:00,27.68,27.78,27.64,27.71,3815.0,1,0.0
2023-04-19 16:00:00,27.71,27.85,27.66,27.8,3148.0,1,0.0
2023-04-19 17:00:00,27.8,27.88,27.79,27.83,2992.0,1,0.0
2023-04-19 18:00:00,27.83,27.88,27.72,27.83,3049.0,1,0.0
2023-04-19 19:00:00,27.83,27.96,27.76,27.95,2580.0,1,0.0
2023-04-20 10:00:00,27.56,27.61,27.52,27.59,238.0,4,0.0
2023-04-20 11:00:00,27.59,27.74,27.59,27.67,660.0,4,0.0
2023-04-20 12:00:00,27.67,27.78,27.65,27.75,751.0,3,0.0
2023-04-20 13:00:00,27.75,27.92,27.62,27.87,2875.0,2,0.0
2023-04-20 14:00:00,27.86,28.02,27.7,27.72,3949.0,1,0.0
2023-04-20 15:00:00,27.72,27.72,27.49,27.65,4077.0,1,0.0
2023-04-20 16:00:00,27.65,27.68,27.45,27.67,3806.0,1,0.0
2023-04-20 17:00:00,27.67,27.76,27.61,27.65,3090.0,1,0.0
2023-04-20 18:00:00,27.65,27.67,27.28,27.39,4499.0,1,0.0
2023-04-20 19:00:00,27.4,27.4,27.02,27.03,3790.0,1,0.0
2023-04-21 10:00:00,26.97,26.98,26.85,26.87,362.0,2,0.0
2023-04-21 11:00:00,26.87,26.98,26.87,26.95,426.0,3,0.0
2023-04-21 12:00:00,26.94,27.04,26.91,27.04,444.0,3,0.0
2023-04-21 13:00:00,27.04,27.11,26.75,26.75,3630.0,2,0.0
2023-04-21 14:00:00,26.75,27.09,26.71,26.94,4633.0,1,0.0
2023-04-21 15:00:00,26.94,27.13,26.92,27.06,3979.0,1,0.0
2023-04-21 16:00:00,27.06,27.11,26.98,27.05,3160.0,1,0.0
2023-04-21 17:00:00,27.05,27.14,26.86,27.04,3597.0,1,0.0
2023-04-21 18:00:00,27.05,27.09,26.95,26.99,2807.0,1,0.0
2023-04-21 19:00:00,26.99,27.04,26.92,27.01,2272.0,1,0.0
2023-04-24 10:00:00,26.97,27.03,26.95,27.01,210.0,2,0.0
2023-04-24 11:00:00,27.01,27.12,27.0,27.05,395.0,3,0.0
2023-04-24 12:00:00,27.05,27.09,27.0,27.03,251.0,4,0.0
2023-04-24 13:00:00,27.03,27.35,26.97,27.21,2654.0,2,0.0
2023-04-24 14:00:00,27.22,27.22,26.84,26.87,4166.0,1,0.0
2023-04-24 15:00:00,26.87,26.91,26.67,26.72,3939.0,1,0.0
2023-04-24 16:00:00,26.71,26.95,26.71,26.92,2794.0,1,0.0
2023-04-24 17:00:00,26.93,27.0,26.89,26.98,2581.0,1,0.0
2023-04-24 18:00:00,26.98,27.12,26.97,27.08,3200.0,1,0.0
2023-04-24 19:00:00,27.08,27.09,26.99,27.02,2321.0,1,0.0
2023-04-25 10:00:00,26.83,26.86,26.81,26.84,138.0,4,0.0
2023-04-25 11:00:00,26.83,26.96,26.83,26.91,359.0,4,0.0
2023-04-25 12:00:00,26.91,27.02,26.91,27.01,325.0,4,0.0
2023-04-25 13:00:00,27.01,27.23,26.79,26.8,3280.0,2,0.0
2023-04-25 14:00:00,26.8,26.91,26.54,26.66,3304.0,1,0.0
2023-04-25 15:00:00,26.66,26.71,26.48,26.49,3065.0,1,0.0
2023-04-25 16:00:00,26.49,26.49,26.31,26.45,3296.0,1,0.0
2023-04-25 17:00:00,26.45,26.52,26.36,26.43,2880.0,1,0.0
2023-04-25 18:00:00,26.43,26.52,26.35,26.37,2803.0,1,0.0
2023-04-25 19:00:00,26.37,26.48,26.32,26.34,2495.0,1,0.0
2023-04-26 10:00:00,26.81,26.83,26.7,26.72,484.0,4,0.0
2023-04-26 11:00:00,26.72,26.89,26.7,26.82,500.0,4,0.0
2023-04-26 12:00:00,26.82,26.92,26.8,26.92,537.0,4,0.0
2023-04-26 13:00:00,26.91,27.09,26.7,27.01,3884.0,2,0.0
2023-04-26 14:00:00,27.01,27.17,26.86,27.03,3943.0,2,0.0
2023-04-26 15:00:00,27.03,27.3,27.02,27.25,4015.0,1,0.0
2023-04-26 16:00:00,27.25,27.32,27.11,27.14,3731.0,1,0.0
2023-04-26 17:00:00,27.14,27.26,27.07,27.19,3766.0,1,0.0
2023-04-26 18:00:00,27.19,27.2,26.94,26.96,3719.0,1,0.0
2023-04-26 19:00:00,26.96,27.02,26.86,26.92,3375.0,1,0.0
2023-04-27 10:00:00,27.31,27.31,27.27,27.29,135.0,6,0.0
2023-04-27 11:00:00,27.28,27.3,27.23,27.28,161.0,6,0.0
2023-04-27 12:00:00,27.28,27.36,27.2,27.29,508.0,4,0.0
2023-04-27 13:00:00,27.29,27.48,26.66,26.68,3689.0,2,0.0
2023-04-27 14:00:00,26.69,26.89,26.63,26.79,3956.0,1,0.0
2023-04-27 15:00:00,26.8,26.97,26.71,26.8,3619.0,1,0.0
2023-04-27 16:00:00,26.8,27.01,26.73,26.99,3384.0,1,0.0
2023-04-27 17:00:00,26.99,27.14,26.97,27.11,2873.0,1,0.0
2023-04-27 18:00:00,27.11,27.16,27.04,27.14,3067.0,1,0.0
2023-04-27 19:00:00,27.13,27.2,27.12,27.17,2603.0,1,0.0
2023-04-28 10:00:00,27.05,27.1,27.02,27.08,266.0,4,0.0
2023-04-28 11:00:00,27.09,27.53,27.09,27.31,556.0,4,0.0
2023-04-28 12:00:00,27.3,27.33,27.19,27.26,567.0,4,0.0
2023-04-28 13:00:00,27.26,27.35,27.07,27.19,3173.0,2,0.0
2023-04-28 14:00:00,27.19,27.51,27.12,27.31,3404.0,2,0.0
2023-04-28 15:00:00,27.31,27.47,27.24,27.47,2905.0,1,0.0
2023-04-28 16:00:00,27.47,27.57,27.36,27.56,2997.0,1,0.0
2023-04-28 17:00:00,27.56,27.59,27.49,27.53,2838.0,1,0.0
2023-04-28 18:00:00,27.53,27.59,27.51,27.57,2899.0,1,0.0
2023-04-28 19:00:00,27.57,27.69,27.57,27.67,2517.0,1,0.0
2023-05-01 10:00:00,27.73,27.76,27.71,27.74,68.0,4,0.0
2023-05-01 11:00:00,27.75,27.88,27.74,27.83,229.0,4,0.0
2023-05-01 12:00:00,27.82,27.88,27.8,27.85,346.0,4,0.0
2023-05-01 13:00:00,27.84,28.24,27.77,28.22,3288.0,2,0.0
2023-05-01 14:00:00,28.23,28.63,28.1,28.63,4011.0,1,0.0
2023-05-01 15:00:00,28.63,28.67,28.42,28.63,4055.0,1,0.0
2023-05-01 16:00:00,28.63,28.77,28.58,28.77,3726.0,1,0.0
2023-05-01 17:00:00,28.77,28.93,28.75,28.92,4004.0,1,0.0
2023-05-01 18:00:00,28.92,29.05,28.75,28.93,4217.0,1,0.0
2023-05-01 19:00:00,28.93,28.99,28.82,28.9,3219.0,1,0.0
2023-05-02 10:00:00,28.77,28.79,28.75,28.77,124.0,4,0.0
2023-05-02 11:00:00,28.77,28.77,28.69,28.73,251.0,3,0.0
2023-05-02 12:00:00,28.73,28.74,28.62,28.64,360.0,3,0.0
2023-05-02 13:00:00,28.64,28.82,28.43,28.51,3899.0,2,0.0
2023-05-02 14:00:00,28.51,28.6,28.17,28.19,4457.0,2,0.0
2023-05-02 15:00:00,28.19,28.33,28.17,28.23,3544.0,1,0.0
2023-05-02 16:00:00,28.23,28.3,28.08,28.26,3095.0,1,0.0
2023-05-02 17:00:00,28.26,28.43,28.22,28.39,3157.0,1,0.0
2023-05-02 18:00:00,28.39,28.4,28.21,28.35,3414.0,1,0.0
2023-05-02 19:00:00,28.35,28.38,28.14,28.16,2960.0,1,0.0
2023-05-03 10:00:00,27.88,27.9,27.8,27.85,196.0,4,0.0
2023-05-03 11:00:00,27.86,28.07,27.84,28.05,402.0,4,0.0
2023-05-03 12:00:00,28.04,28.07,27.95,27.98,451.0,4,0.0
2023-05-03 13:00:00,27.98,28.05,27.47,27.67,3831.0,2,0.0
2023-05-03 14:00:00,27.68,28.02,27.66,27.9,4047.0,2,0.0
2023-05-03 15:00:00,27.89,27.91,27.7,27.88,3088.0,1,0.0
2023-05-03 16:00:00,27.88,27.93,27.83,27.92,2904.0,1,0.0
2023-05-03 17:00:00,27.93,28.04,27.82,28.01,2916.0,1,0.0
2023-05-03 18:00:00,28.01,28.36,27.89,28.17,6025.0,2,0.0
2023-05-03 19:00:00,28.17,28.28,27.78,27.87,4271.0,2,0.0
2023-05-04 10:00:00,27.71,27.72,27.67,27.7,327.0,4,0.0
2023-05-04 11:00:00,27.71,27.72,27.64,27.7,328.0,4,0.0
2023-05-04 12:00:00,27.71,27.71,27.63,27.63,310.0,4,0.0
2023-05-04 13:00:00,27.63,27.78,27.48,27.72,3153.0,2,0.0
2023-05-04 14:00:00,27.72,27.85,27.38,27.54,4520.0,2,0.0
2023-05-04 15:00:00,27.54,27.7,27.53,27.65,3323.0,1,0.0
2023-05-04 16:00:00,27.65,27.71,27.5,27.71,3389.0,1,0.0
2023-05-04 17:00:00,27.71,27.83,27.24,27.64,6149.0,1,0.0
2023-05-04 18:00:00,27.64,27.65,27.37,27.46,3221.0,1,0.0
2023-05-04 19:00:00,27.46,27.63,27.44,27.58,3216.0,1,0.0
2023-05-05 10:00:00,27.63,27.71,27.62,27.69,172.0,3,0.0
2023-05-05 11:00:00,27.68,27.75,27.68,27.7,257.0,3,0.0
2023-05-05 12:00:00,27.7,27.82,27.64,27.77,543.0,3,0.0
2023-05-05 13:00:00,27.8,28.11,27.72,28.08,3026.0,2,0.0
2023-05-05 14:00:00,28.08,28.49,28.04,28.38,4616.0,1,0.0
2023-05-05 15:00:00,28.39,28.45,28.32,28.37,4337.0,1,0.0
2023-05-05 16:00:00,28.37,28.42,28.3,28.41,3514.0,1,0.0
2023-05-05 17:00:00,28.41,28.61,28.39,28.6,2984.0,1,0.0
2023-05-05 18:00:00,28.6,28.74,28.56,28.72,3089.0,1,0.0
2023-05-05 19:00:00,28.72,28.75,28.62,28.65,2452.0,1,0.0
2023-05-08 10:00:00,28.53,28.56,28.52,28.53,134.0,4,0.0
2023-05-08 11:00:00,28.53,28.61,28.53,28.57,193.0,4,0.0
2023-05-08 12:00:00,28.57,28.59,28.49,28.51,325.0,3,0.0
2023-05-08 13:00:00,28.51,28.6,28.34,28.47,2772.0,2,0.0
2023-05-08 14:00:00,28.47,28.69,28.37,28.65,3498.0,1,0.0
2023-05-08 15:00:00,28.65,28.93,28.63,28.92,3678.0,1,0.0
2023-05-08 16:00:00,28.92,28.98,28.83,28.97,3593.0,1,0.0
2023-05-08 17:00:00,28.97,29.05,28.88,28.98,3177.0,1,0.0
2023-05-08 18:00:00,28.98,29.19,28.81,29.18,3744.0,1,0.0
2023-05-08 19:00:00,29.18,29.21,29.13,29.18,2340.0,1,0.0
2023-05-09 10:00:00,28.9,28.91,28.89,28.91,86.0,6,0.0
2023-05-09 11:00:00,28.91,28.92,28.89,28.91,168.0,4,0.0
2023-05-09 12:00:00,28.91,28.97,28.81,28.89,490.0,4,0.0
2023-05-09 13:00:00,28.88,28.96,28.56,28.7,3338.0,2,0.0
2023-05-09 14:00:00,28.71,28.75,28.49,28.58,3626.0,1,0.0
2023-05-09 15:00:00,28.59,28.63,28.46,28.49,3083.0,1,0.0
2023-05-09 16:00:00,28.49,28.69,28.45,28.63,3234.0,1,0.0
2023-05-09 17:00:00,28.63,28.68,28.56,28.68,2870.0,1,0.0
2023-05-09 18:00:00,28.68,28.76,28.65,28.7,2933.0,1,0.0
2023-05-09 19:00:00,28.7,28.73,28.54,28.57,2649.0,1,0.0
2023-05-10 10:00:00,28.5,28.52,28.48,28.51,74.0,3,0.0
2023-05-10 11:00:00,28.51,28.61,28.51,28.56,228.0,3,0.0
2023-05-10 12:00:00,28.55,28.97,28.54,28.95,1016.0,3,0.0
2023-05-10 13:00:00,28.95,29.1,28.68,28.88,4222.0,2,0.0
2023-05-10 14:00:00,28.89,29.09,28.68,28.77,4488.0,2,0.0
2023-05-10 15:00:00,28.78,29.01,28.76,28.91,3625.0,1,0.0
2023-05-10 16:00:00,28.92,28.95,28.76,28.8,2932.0,1,0.0
2023-05-10 17:00:00,28.8,28.8,28.46,28.6,3283.0,1,0.0
2023-05-10 18:00:00,28.59,28.89,28.57,28.84,3375.0,1,0.0
2023-05-10 19:00:00,28.84,29.02,28.78,29.0,2735.0,1,0.0
2023-05-11 10:00:00,29.04,29.05,28.98,29.02,201.0,3,0.0
2023-05-11 11:00:00,29.03,29.04,28.92,28.95,307.0,3,0.0
2023-05-11 12:00:00,28.95,29.04,28.94,28.96,556.0,3,0.0
2023-05-11 13:00:00,28.95,28.98,28.51,28.53,3050.0,2,0.0
2023-05-11 14:00:00,28.53,28.61,28.24,28.4,4271.0,1,0.0
2023-05-11 15:00:00,28.4,28.67,28.37,28.65,4586.0,1,0.0
2023-05-11 16:00:00,28.65,28.71,28.57,28.62,3874.0,1,0.0
2023-05-11 17:00:00,28.62,28.65,28.41,28.52,4302.0,1,0.0
2023-05-11 18:00:00,28.53,28.62,28.49,28.6,3764.0,1,0.0
2023-05-11 19:00:00,28.6,28.63,28.5,28.54,2655.0,1,0.0
2023-05-12 10:00:00,28.47,28.51,28.35,28.47,291.0,3,0.0
2023-05-12 11:00:00,28.49,28.56,28.47,28.51,224.0,4,0.0
2023-05-12 12:00:00,28.51,28.6,28.46,28.53,386.0,4,0.0
2023-05-12 13:00:00,28.52,28.77,28.48,28.57,2852.0,2,0.0
2023-05-12 14:00:00,28.57,28.6,28.24,28.29,4176.0,1,0.0
2023-05-12 15:00:00,28.29,28.38,28.19,28.34,4097.0,1,0.0
2023-05-12 16:00:00,28.34,28.34,28.04,28.15,4433.0,1,0.0
2023-05-12 17:00:00,28.15,28.31,28.12,28.15,3818.0,1,0.0
2023-05-12 18:00:00,28.15,28.21,28.11,28.2,3471.0,1,0.0
2023-05-12 19:00:00,28.2,28.28,28.19,28.28,2412.0,1,0.0
2023-05-15 10:00:00,28.4,28.4,28.36,28.39,105.0,4,0.0
2023-05-15 11:00:00,28.38,28.41,28.35,28.41,179.0,4,0.0
2023-05-15 12:00:00,28.41,28.45,28.39,28.41,300.0,4,0.0
2023-05-15 13:00:00,28.41,28.51,28.25,28.25,2633.0,2,0.0
2023-05-15 14:00:00,28.25,28.42,28.15,28.35,3528.0,1,0.0
2023-05-15 15:00:00,28.35,28.74,28.34,28.73,4154.0,1,0.0
2023-05-15 16:00:00,28.73,28.83,28.67,28.81,3302.0,1,0.0
2023-05-15 17:00:00,28.81,28.87,28.74,28.82,3553.0,1,0.0
2023-05-15 18:00:00,28.82,28.92,28.8,28.87,3039.0,1,0.0
2023-05-15 19:00:00,28.87,28.91,28.82,28.88,2201.0,1,0.0
2023-05-16 10:00:00,28.88,28.91,28.84,28.9,153.0,1,0.0
2023-05-16 11:00:00,28.9,28.93,28.88,28.89,148.0,3,0.0
2023-05-16 12:00:00,28.89,28.91,28.8,28.8,296.0,3,0.0
2023-05-16 13:00:00,28.8,29.29,28.8,29.27,2858.0,2,0.0
2023-05-16 14:00:00,29.27,29.35,29.07,29.29,3613.0,1,0.0
2023-05-16 15:00:00,29.29,29.62,29.29,29.61,3997.0,1,0.0
2023-05-16 16:00:00,29.61,29.81,29.56,29.81,3337.0,1,0.0
2023-05-16 17:00:00,29.81,29.86,29.53,29.55,3934.0,1,0.0
2023-05-16 18:00:00,29.55,29.65,29.46,29.52,3061.0,1,0.0
2023-05-16 19:00:00,29.52,29.52,29.3,29.3,2698.0,1,0.0
2023-05-17 10:00:00,29.35,29.56,29.33,29.51,453.0,3,0.0
2023-05-17 11:00:00,29.46,29.7,29.44,29.57,545.0,4,0.0
2023-05-17 12:00:00,29.57,29.61,29.52,29.57,446.0,4,0.0
2023-05-17 13:00:00,29.56,29.63,29.42,29.54,2993.0,2,0.0
2023-05-17 14:00:00,29.53,29.84,29.51,29.77,3278.0,2,0.0
2023-05-17 15:00:00,29.77,29.81,29.62,29.78,2760.0,1,0.0
2023-05-17 16:00:00,29.79,29.92,29.71,29.88,2849.0,1,0.0
2023-05-17 17:00:00,29.89,30.07,29.87,30.05,2936.0,1,0.0
2023-05-17 18:00:00,30.05,30.09,29.95,30.0,3245.0,1,0.0
2023-05-17 19:00:00,30.0,30.14,29.96,30.09,2437.0,1,0.0
2023-05-18 10:00:00,30.36,30.62,30.36,30.53,403.0,4,0.0
2023-05-18 11:00:00,30.53,30.6,30.51,30.54,352.0,4,0.0
2023-05-18 12:00:00,30.54,30.56,30.4,30.43,658.0,3,0.0
2023-05-18 13:00:00,30.41,30.82,30.31,30.79,4235.0,2,0.0
2023-05-18 14:00:00,30.79,31.13,30.75,31.12,4454.0,1,0.0
2023-05-18 15:00:00,31.12,31.81,31.11,31.62,4724.0,1,0.0
2023-05-18 16:00:00,31.62,31.65,31.24,31.48,3945.0,2,0.0
2023-05-18 17:00:00,31.49,31.68,31.24,31.26,3380.0,2,0.0
2023-05-18 18:00:00,31.26,31.67,31.25,31.67,3959.0,1,0.0
2023-05-18 19:00:00,31.67,31.82,31.55,31.59,3775.0,1,0.0
2023-05-19 10:00:00,31.78,31.81,31.47,31.51,606.0,4,0.0
2023-05-19 11:00:00,31.52,31.65,31.49,31.56,627.0,4,0.0
2023-05-19 12:00:00,31.56,31.61,31.44,31.6,553.0,4,0.0
2023-05-19 13:00:00,31.6,31.61,31.06,31.24,4094.0,2,0.0
2023-05-19 14:00:00,31.24,31.29,30.91,30.98,4222.0,2,0.0
2023-05-19 15:00:00,30.98,31.34,30.95,31.26,4056.0,2,0.0
2023-05-19 16:00:00,31.25,31.49,31.16,31.32,2897.0,1,0.0
2023-05-19 17:00:00,31.33,31.35,31.21,31.22,2254.0,2,0.0
2023-05-19 18:00:00,31.22,31.3,31.11,31.29,2266.0,2,0.0
2023-05-19 19:00:00,31.29,31.33,31.23,31.3,1764.0,1,0.0
2023-05-22 10:00:00,30.72,30.9,30.71,30.88,292.0,6,0.0
2023-05-22 11:00:00,30.89,31.04,30.87,31.02,542.0,4,0.0
2023-05-22 12:00:00,31.03,31.12,30.95,31.01,651.0,4,0.0
2023-05-22 13:00:00,31.01,31.35,30.68,31.28,4258.0,2,0.0
2023-05-22 14:00:00,31.27,31.51,31.07,31.36,4438.0,2,0.0
2023-05-22 15:00:00,31.37,31.39,31.18,31.24,2644.0,2,0.0
2023-05-22 16:00:00,31.24,31.35,31.15,31.23,2226.0,2,0.0
2023-05-22 17:00:00,31.23,31.39,31.17,31.32,2125.0,2,0.0
2023-05-22 18:00:00,31.32,31.4,31.27,31.32,1900.0,2,0.0
2023-05-22 19:00:00,31.32,31.34,31.11,31.13,2078.0,1,0.0
2023-05-23 10:00:00,30.99,31.08,30.99,31.05,138.0,4,0.0
2023-05-23 11:00:00,31.05,31.13,31.04,31.06,379.0,4,0.0
2023-05-23 12:00:00,31.07,31.33,31.07,31.19,642.0,4,0.0
2023-05-23 13:00:00,31.18,31.27,30.93,31.17,3654.0,2,0.0
2023-05-23 14:00:00,31.18,31.24,30.94,30.99,3202.0,2,0.0
2023-05-23 15:00:00,30.99,31.06,30.71,30.86,3347.0,1,0.0
2023-05-23 16:00:00,30.86,30.9,30.69,30.77,2602.0,2,0.0
2023-05-23 17:00:00,30.77,30.91,30.71,30.78,2427.0,2,0.0
2023-05-23 18:00:00,30.78,30.88,30.62,30.72,2383.0,2,0.0
2023-05-23 19:00:00,30.72,30.84,30.66,30.8,2069.0,2,0.0
2023-05-24 10:00:00,30.41,30.45,30.35,30.4,329.0,4,0.0
2023-05-24 11:00:00,30.4,30.42,30.25,30.3,611.0,4,0.0
2023-05-24 12:00:00,30.32,30.36,30.22,30.24,578.0,3,0.0
2023-05-24 13:00:00,30.24,30.3,30.02,30.17,4261.0,2,0.0
2023-05-24 14:00:00,30.17,30.22,29.8,29.86,3973.0,2,0.0
2023-05-24 15:00:00,29.85,30.06,29.8,29.97,3252.0,1,0.0
2023-05-24 16:00:00,29.97,30.11,29.91,29.99,2520.0,1,0.0
2023-05-24 17:00:00,30.0,30.06,29.89,30.05,2437.0,1,0.0
2023-05-24 18:00:00,30.05,30.21,29.99,30.04,2650.0,1,0.0
2023-05-24 19:00:00,30.03,30.59,29.98,30.34,3206.0,1,0.0
2023-05-25 10:00:00,38.4,39.05,38.33,38.91,1486.0,4,0.0
2023-05-25 11:00:00,38.91,39.38,38.63,39.36,2952.0,4,0.0
2023-05-25 12:00:00,39.35,39.92,39.23,39.45,4460.0,3,0.0
2023-05-25 13:00:00,39.46,39.71,36.63,37.93,20072.0,2,0.0
2023-05-25 14:00:00,37.93,38.49,37.76,38.16,10172.0,2,0.0
2023-05-25 15:00:00,38.16,39.47,38.03,38.52,8785.0,2,0.0
2023-05-25 16:00:00,38.53,38.78,38.19,38.71,5356.0,2,0.0
2023-05-25 17:00:00,38.71,38.88,38.43,38.49,4194.0,2,0.0
2023-05-25 18:00:00,38.48,38.58,38.09,38.2,4832.0,2,0.0
2023-05-25 19:00:00,38.2,38.54,37.99,38.11,4007.0,2,0.0
2023-05-26 10:00:00,37.88,38.17,37.88,38.16,452.0,4,0.0
2023-05-26 11:00:00,38.15,38.32,38.1,38.15,763.0,4,0.0
2023-05-26 12:00:00,38.16,38.22,37.88,38.04,1156.0,4,0.0
2023-05-26 13:00:00,38.04,38.19,37.54,37.99,5961.0,2,0.0
2023-05-26 14:00:00,37.99,38.74,37.89,38.54,5367.0,2,0.0
2023-05-26 15:00:00,38.54,38.73,38.15,38.64,4630.0,2,0.0
2023-05-26 16:00:00,38.64,39.0,38.49,38.81,3820.0,2,0.0
2023-05-26 17:00:00,38.81,38.89,38.62,38.88,2904.0,2,0.0
2023-05-26 18:00:00,38.88,38.98,38.74,38.84,2945.0,2,0.0
2023-05-26 19:00:00,38.84,39.15,38.81,38.93,2940.0,2,0.0
2023-05-30 10:00:00,40.21,40.35,40.15,40.2,612.0,6,0.0
2023-05-30 11:00:00,40.22,40.71,40.11,40.68,1277.0,4,0.0
2023-05-30 12:00:00,40.67,40.91,40.55,40.63,2083.0,4,0.0
2023-05-30 13:00:00,40.63,41.91,40.25,40.92,7338.0,3,0.0
2023-05-30 14:00:00,40.92,41.35,40.63,40.84,6078.0,3,0.0
2023-05-30 15:00:00,40.84,41.36,40.82,41.19,4897.0,3,0.0
2023-05-30 16:00:00,41.19,41.2,40.09,40.46,5303.0,3,0.0
2023-05-30 17:00:00,40.46,40.56,39.96,39.99,4287.0,3,0.0
2023-05-30 18:00:00,39.99,40.33,39.94,40.25,3417.0,3,0.0
2023-05-30 19:00:00,40.25,40.3,39.94,40.05,2763.0,2,0.0
2023-05-31 10:00:00,39.56,39.56,39.34,39.41,426.0,6,0.0
2023-05-31 11:00:00,39.41,39.62,39.35,39.38,726.0,4,0.0
2023-05-31 12:00:00,39.38,39.46,39.31,39.33,766.0,4,0.0
2023-05-31 13:00:00,39.33,40.26,39.32,39.61,5113.0,3,0.0
2023-05-31 14:00:00,39.61,39.72,38.9,39.16,5882.0,3,0.0
2023-05-31 15:00:00,39.16,39.17,38.49,38.67,4595.0,2,0.0
2023-05-31 16:00:00,38.67,38.72,38.04,38.18,4384.0,2,0.0
2023-05-31 17:00:00,38.18,38.78,38.09,38.76,3718.0,2,0.0
2023-05-31 18:00:00,38.76,38.76,38.41,38.45,3066.0,2,0.0
2023-05-31 19:00:00,38.46,38.48,38.17,38.43,2847.0,2,0.0
2023-06-01 10:00:00,38.37,38.52,38.25,38.26,530.0,4,0.0
2023-06-01 11:00:00,38.27,38.32,38.09,38.13,565.0,4,0.0
2023-06-01 12:00:00,38.14,38.24,38.01,38.19,1008.0,4,0.0
2023-06-01 13:00:00,38.19,39.18,38.16,39.14,6634.0,2,0.0
2023-06-01 14:00:00,39.13,39.27,38.52,39.06,6889.0,2,0.0
2023-06-01 15:00:00,39.06,39.47,39.03,39.41,4736.0,2,0.0
2023-06-01 16:00:00,39.41,39.62,39.35,39.61,3798.0,2,0.0
2023-06-01 17:00:00,39.62,39.92,39.57,39.85,3716.0,2,0.0
2023-06-01 18:00:00,39.85,40.03,39.73,39.88,3492.0,2,0.0
2023-06-01 19:00:00,39.88,39.97,39.46,39.6,3252.0,2,0.0
2023-06-02 10:00:00,40.4,40.41,40.22,40.24,284.0,6,0.0
2023-06-02 11:00:00,40.25,40.46,40.24,40.4,498.0,4,0.0
2023-06-02 12:00:00,40.4,40.41,40.01,40.05,1317.0,4,0.0
2023-06-02 13:00:00,40.05,40.48,39.15,39.26,6207.0,2,0.0
2023-06-02 14:00:00,39.27,39.85,39.16,39.81,5946.0,2,0.0
2023-06-02 15:00:00,39.82,39.9,39.5,39.6,4138.0,2,0.0
2023-06-02 16:00:00,39.6,39.66,39.35,39.36,3101.0,2,0.0
2023-06-02 17:00:00,39.36,39.52,39.28,39.34,2856.0,2,0.0
2023-06-02 18:00:00,39.34,39.35,39.05,39.23,3271.0,2,0.0
2023-06-02 19:00:00,39.23,39.4,39.19,39.28,2449.0,2,0.0
2023-06-05 10:00:00,38.65,38.75,38.63,38.73,296.0,6,0.0
2023-06-05 11:00:00,38.73,39.02,38.73,38.88,495.0,4,0.0
2023-06-05 12:00:00,38.88,38.92,38.75,38.8,439.0,4,0.0
2023-06-05 13:00:00,38.81,39.55,38.8,38.92,3846.0,2,0.0
2023-06-05 14:00:00,38.94,39.26,38.81,39.22,5175.0,2,0.0
2023-06-05 15:00:00,39.23,39.4,39.14,39.15,3425.0,2,0.0
2023-06-05 16:00:00,39.15,39.28,39.0,39.21,2690.0,2,0.0
2023-06-05 17:00:00,39.21,39.28,38.84,38.95,2703.0,2,0.0
2023-06-05 18:00:00,38.95,39.07,38.7,39.05,3518.0,2,0.0
2023-06-05 19:00:00,39.05,39.3,38.89,39.29,2832.0,2,0.0
2023-06-06 10:00:00,38.93,39.02,38.92,39.01,100.0,6,0.0
2023-06-06 11:00:00,39.01,39.05,38.94,39.01,247.0,4,0.0
2023-06-06 12:00:00,39.01,39.09,38.91,38.95,320.0,4,0.0
2023-06-06 13:00:00,38.95,39.14,38.63,39.02,3759.0,3,0.0
2023-06-06 14:00:00,39.02,39.04,38.76,38.95,4237.0,2,0.0
2023-06-06 15:00:00,38.95,39.07,38.77,38.84,3673.0,2,0.0
2023-06-06 16:00:00,38.84,38.91,38.14,38.16,3965.0,2,0.0
2023-06-06 17:00:00,38.16,38.63,38.14,38.48,3668.0,2,0.0
2023-06-06 18:00:00,38.48,38.67,38.39,38.66,2736.0,2,0.0
2023-06-06 19:00:00,38.66,38.86,38.56,38.63,2443.0,2,0.0
2023-06-07 10:00:00,38.5,38.65,38.5,38.62,216.0,4,0.0
2023-06-07 11:00:00,38.62,38.99,38.62,38.95,562.0,4,0.0
2023-06-07 12:00:00,38.95,38.95,38.7,38.81,632.0,4,0.0
2023-06-07 13:00:00,38.81,39.49,38.75,39.2,4378.0,2,0.0
2023-06-07 14:00:00,39.2,39.4,38.36,38.46,6161.0,2,0.0
2023-06-07 15:00:00,38.46,38.74,38.39,38.41,4689.0,2,0.0
2023-06-07 16:00:00,38.41,38.63,38.17,38.2,4301.0,2,0.0
2023-06-07 17:00:00,38.21,38.31,38.05,38.11,3957.0,2,0.0
2023-06-07 18:00:00,38.1,38.31,37.83,37.97,3707.0,2,0.0
2023-06-07 19:00:00,37.97,38.04,37.5,37.52,3661.0,2,0.0
2023-06-08 10:00:00,37.78,37.89,37.75,37.77,240.0,6,0.0
2023-06-08 11:00:00,37.78,37.78,37.64,37.68,381.0,4,0.0
2023-06-08 12:00:00,37.67,37.73,37.5,37.73,866.0,4,0.0
2023-06-08 13:00:00,37.74,38.34,37.49,38.24,5481.0,2,0.0
2023-06-08 14:00:00,38.24,38.36,37.95,38.32,5435.0,2,0.0
2023-06-08 15:00:00,38.33,38.77,38.31,38.68,4023.0,2,0.0
2023-06-08 16:00:00,38.68,38.85,38.53,38.63,3422.0,2,0.0
2023-06-08 17:00:00,38.63,38.71,38.27,38.41,3208.0,2,0.0
2023-06-08 18:00:00,38.42,38.7,38.36,38.68,2908.0,2,0.0
2023-06-08 19:00:00,38.68,38.74,38.38,38.49,2573.0,2,0.0
2023-06-09 10:00:00,38.9,38.96,38.86,38.92,269.0,4,0.0
2023-06-09 11:00:00,38.91,39.0,38.84,38.9,405.0,4,0.0
2023-06-09 12:00:00,38.91,39.02,38.86,38.95,598.0,4,0.0
2023-06-09 13:00:00,38.95,39.6,38.9,39.49,5028.0,2,0.0
2023-06-09 14:00:00,39.5,39.7,39.06,39.19,5881.0,2,0.0
2023-06-09 15:00:00,39.19,39.44,38.82,38.82,4794.0,2,0.0
2023-06-09 16:00:00,38.82,38.93,38.58,38.93,4211.0,2,0.0
2023-06-09 17:00:00,38.94,39.17,38.91,39.09,3176.0,2,0.0
2023-06-09 18:00:00,39.09,39.14,38.78,38.85,3187.0,2,0.0
2023-06-09 19:00:00,38.85,38.88,38.62,38.62,2478.0,2,0.0
2023-06-12 10:00:00,39.14,39.14,39.05,39.11,215.0,6,0.0
2023-06-12 11:00:00,39.1,39.17,39.06,39.15,300.0,6,0.0
2023-06-12 12:00:00,39.16,39.19,39.07,39.16,485.0,4,0.0
2023-06-12 13:00:00,39.17,39.31,38.67,38.78,4232.0,2,0.0
2023-06-12 14:00:00,38.79,39.09,38.61,38.68,5684.0,2,0.0
2023-06-12 15:00:00,38.68,39.07,38.62,38.89,3953.0,2,0.0
2023-06-12 16:00:00,38.89,38.97,38.7,38.89,3176.0,2,0.0
2023-06-12 17:00:00,38.89,38.97,38.83,38.89,2566.0,2,0.0
2023-06-12 18:00:00,38.89,38.98,38.78,38.96,2573.0,2,0.0
2023-06-12 19:00:00,38.96,39.52,38.89,39.34,2978.0,2,0.0
2023-06-13 10:00:00,39.84,39.87,39.75,39.8,302.0,4,0.0
2023-06-13 11:00:00,39.8,39.82,39.65,39.7,354.0,4,0.0
2023-06-13 12:00:00,39.71,40.17,39.58,40.15,1761.0,4,0.0
2023-06-13 13:00:00,40.15,40.48,39.75,39.96,6020.0,2,0.0
2023-06-13 14:00:00,39.97,40.32,39.74,40.28,6097.0,2,0.0
2023-06-13 15:00:00,40.28,40.89,40.2,40.63,5793.0,2,0.0
2023-06-13 16:00:00,40.63,40.77,40.48,40.74,4259.0,2,0.0
2023-06-13 17:00:00,40.74,40.89,40.52,40.76,4244.0,2,0.0
2023-06-13 18:00:00,40.76,40.98,40.12,40.91,5611.0,2,0.0
2023-06-13 19:00:00,40.91,41.09,40.77,41.01,4135.0,2,0.0
2023-06-14 10:00:00,41.3,41.33,41.12,41.18,276.0,6,0.0
2023-06-14 11:00:00,41.18,41.27,40.91,40.97,684.0,4,0.0
2023-06-14 12:00:00,40.96,41.06,40.72,40.76,888.0,4,0.0
2023-06-14 13:00:00,40.76,41.48,40.47,41.34,5654.0,3,0.0
2023-06-14 14:00:00,41.35,41.96,41.16,41.84,5794.0,2,0.0
2023-06-14 15:00:00,41.84,42.26,41.75,41.8,5687.0,2,0.0
2023-06-14 16:00:00,41.8,42.01,41.66,41.93,3915.0,2,0.0
2023-06-14 17:00:00,41.92,41.98,41.72,41.85,3371.0,2,0.0
2023-06-14 18:00:00,41.85,42.42,41.36,42.28,7809.0,2,0.0
2023-06-14 19:00:00,42.29,42.71,42.18,42.52,5143.0,2,0.0
2023-06-15 10:00:00,42.37,42.39,42.05,42.25,758.0,4,0.0
2023-06-15 11:00:00,42.26,42.44,42.19,42.35,781.0,4,0.0
2023-06-15 12:00:00,42.35,42.52,42.2,42.44,1215.0,4,0.0
2023-06-15 13:00:00,42.44,42.88,42.18,42.2,6104.0,2,0.0
2023-06-15 14:00:00,42.2,42.92,42.14,42.79,6174.0,2,0.0
2023-06-15 15:00:00,42.78,43.06,42.66,42.87,4650.0,2,0.0
2023-06-15 16:00:00,42.87,43.01,42.71,42.93,3974.0,2,0.0
2023-06-15 17:00:00,42.94,43.18,42.78,43.14,3814.0,2,0.0
2023-06-15 18:00:00,43.15,43.28,42.9,43.22,4162.0,2,0.0
2023-06-15 19:00:00,43.22,43.26,42.67,42.72,3926.0,2,0.0
2023-06-16 10:00:00,43.15,43.37,43.15,43.32,483.0,6,0.0
2023-06-16 11:00:00,43.32,43.32,43.23,43.26,472.0,4,0.0
2023-06-16 12:00:00,43.26,43.33,43.16,43.33,564.0,4,0.0
2023-06-16 13:00:00,43.33,43.63,42.83,43.3,4330.0,3,0.0
2023-06-16 14:00:00,43.31,43.63,43.2,43.43,4964.0,2,0.0
2023-06-16 15:00:00,43.43,43.57,43.03,43.42,3590.0,3,0.0
2023-06-16 16:00:00,43.42,43.71,43.35,43.46,2939.0,2,0.0
2023-06-16 17:00:00,43.46,43.58,43.41,43.46,2341.0,3,0.0
2023-06-16 18:00:00,43.46,43.47,43.1,43.1,2596.0,2,0.0
2023-06-16 19:00:00,43.11,43.13,42.9,42.95,2601.0,2,0.0
2023-06-20 10:00:00,42.33,42.7,42.33,42.62,440.0,6,0.0
2023-06-20 11:00:00,42.63,42.88,42.63,42.81,624.0,4,0.0
2023-06-20 12:00:00,42.81,42.92,42.77,42.86,574.0,4,0.0
2023-06-20 13:00:00,42.87,43.39,42.81,42.97,4059.0,2,0.0
2023-06-20 14:00:00,42.98,43.22,42.66,42.7,4552.0,3,0.0
2023-06-20 15:00:00,42.7,43.17,42.67,42.98,3184.0,2,0.0
2023-06-20 16:00:00,42.98,43.43,42.88,43.33,2919.0,2,0.0
2023-06-20 17:00:00,43.33,43.59,43.3,43.37,2730.0,2,0.0
2023-06-20 18:00:00,43.37,43.57,43.32,43.56,2561.0,2,0.0
2023-06-20 19:00:00,43.56,43.85,43.43,43.84,2638.0,2,0.0
2023-06-21 10:00:00,43.77,43.8,43.65,43.65,179.0,4,0.0
2023-06-21 11:00:00,43.65,43.75,43.57,43.58,410.0,4,0.0
2023-06-21 12:00:00,43.58,43.59,43.4,43.45,710.0,4,0.0
2023-06-21 13:00:00,43.45,43.6,42.61,42.62,4561.0,3,0.0
2023-06-21 14:00:00,42.61,42.78,42.13,42.21,6414.0,2,0.0
2023-06-21 15:00:00,42.21,42.81,42.07,42.37,4899.0,2,0.0
2023-06-21 16:00:00,42.38,42.97,42.37,42.78,4027.0,2,0.0
2023-06-21 17:00:00,42.77,43.02,42.62,43.0,3570.0,2,0.0
2023-06-21 18:00:00,43.01,43.4,42.89,43.36,3829.0,2,0.0
2023-06-21 19:00:00,43.36,43.45,43.03,43.14,3307.0,2,0.0
2023-06-22 10:00:00,42.7,42.7,42.37,42.51,436.0,6,0.0
2023-06-22 11:00:00,42.5,42.56,42.45,42.5,622.0,4,0.0
2023-06-22 12:00:00,42.51,42.7,42.46,42.52,881.0,4,0.0
2023-06-22 13:00:00,42.52,42.98,42.18,42.87,5326.0,3,0.0
2023-06-22 14:00:00,42.87,43.31,42.7,42.86,5478.0,2,0.0
2023-06-22 15:00:00,42.86,43.41,42.85,43.37,4389.0,2,0.0
2023-06-22 16:00:00,43.37,43.37,43.04,43.12,3566.0,2,0.0
2023-06-22 17:00:00,43.12,43.16,42.83,43.15,3390.0,2,0.0
2023-06-22 18:00:00,43.15,43.18,42.86,43.06,3197.0,2,0.0
2023-06-22 19:00:00,43.06,43.1,42.65,42.84,2880.0,2,0.0
2023-06-23 10:00:00,42.65,42.66,42.57,42.63,302.0,4,0.0
2023-06-23 11:00:00,42.63,42.75,42.63,42.67,249.0,4,0.0
2023-06-23 12:00:00,42.67,42.68,42.43,42.48,587.0,4,0.0
2023-06-23 13:00:00,42.48,42.76,42.01,42.14,4395.0,3,0.0
2023-06-23 14:00:00,42.13,42.54,42.12,42.34,4748.0,2,0.0
2023-06-23 15:00:00,42.35,42.47,42.13,42.25,3901.0,2,0.0
2023-06-23 16:00:00,42.25,42.67,42.25,42.58,3348.0,2,0.0
2023-06-23 17:00:00,42.59,42.8,42.51,42.66,2877.0,2,0.0
2023-06-23 18:00:00,42.65,42.7,42.35,42.36,3262.0,2,0.0
2023-06-23 19:00:00,42.35,42.47,42.24,42.34,2893.0,2,0.0
2023-06-26 10:00:00,42.06,42.1,42.01,42.08,204.0,4,0.0
2023-06-26 11:00:00,42.09,42.42,42.03,42.41,614.0,4,0.0
2023-06-26 12:00:00,42.4,42.46,42.28,42.44,494.0,4,0.0
2023-06-26 13:00:00,42.44,42.74,42.28,42.72,3410.0,2,0.0
2023-06-26 14:00:00,42.72,42.75,41.77,41.85,5548.0,2,0.0
2023-06-26 15:00:00,41.85,41.87,41.07,41.2,5843.0,2,0.0
2023-06-26 16:00:00,41.2,41.21,40.09,40.47,6824.0,2,0.0
2023-06-26 17:00:00,40.48,40.69,40.43,40.54,4648.0,2,0.0
2023-06-26 18:00:00,40.55,40.92,40.51,40.84,4044.0,2,0.0
2023-06-26 19:00:00,40.84,41.13,40.82,40.86,3304.0,2,0.0
2023-06-27 10:00:00,41.01,41.04,40.89,40.96,724.0,3,0.0
2023-06-27 11:00:00,40.96,40.96,40.84,40.9,1161.0,3,0.0
2023-06-27 12:00:00,40.91,40.95,40.76,40.81,1193.0,3,0.0
2023-06-27 13:00:00,40.81,41.28,40.76,40.99,6983.0,2,0.0
2023-06-27 14:00:00,40.98,41.11,40.44,40.6,10631.0,2,0.0
2023-06-27 15:00:00,40.6,41.18,40.46,41.17,9288.0,2,0.0
2023-06-27 16:00:00,41.17,41.52,41.16,41.39,8194.0,2,0.0
2023-06-27 17:00:00,41.39,41.68,41.3,41.67,7341.0,2,0.0
2023-06-27 18:00:00,41.67,41.77,41.47,41.52,7070.0,2,0.0
2023-06-27 19:00:00,41.53,41.91,41.53,41.91,5673.0,2,0.0
2023-06-28 10:00:00,40.19,40.37,40.05,40.35,1670.0,5,0.0
2023-06-28 11:00:00,40.34,40.71,40.33,40.45,2796.0,3,0.0
2023-06-28 12:00:00,40.44,40.6,40.25,40.47,3297.0,3,0.0
2023-06-28 13:00:00,40.48,41.19,40.37,40.98,12186.0,2,0.0
2023-06-28 14:00:00,40.98,41.73,40.73,41.52,12194.0,2,0.0
2023-06-28 15:00:00,41.52,41.65,41.28,41.57,9381.0,2,0.0
2023-06-28 16:00:00,41.56,41.83,40.81,41.02,11813.0,2,0.0
2023-06-28 17:00:00,41.02,41.31,40.95,41.23,8541.0,2,0.0
2023-06-28 18:00:00,41.23,41.49,41.21,41.37,7456.0,2,0.0
2023-06-28 19:00:00,41.38,41.39,40.96,41.15,6851.0,2,0.0
2023-06-29 10:00:00,41.48,41.62,41.48,41.53,519.0,5,0.0
2023-06-29 11:00:00,41.55,41.61,41.47,41.51,601.0,5,0.0
2023-06-29 12:00:00,41.51,41.56,41.45,41.51,1492.0,3,0.0
2023-06-29 13:00:00,41.5,41.58,41.04,41.11,9030.0,2,0.0
2023-06-29 14:00:00,41.11,41.3,40.7,40.99,11459.0,2,0.0
2023-06-29 15:00:00,40.98,41.3,40.92,41.2,8234.0,2,0.0
2023-06-29 16:00:00,41.2,41.28,40.88,40.91,7477.0,2,0.0
2023-06-29 17:00:00,40.91,40.98,40.7,40.72,7112.0,2,0.0
2023-06-29 18:00:00,40.72,40.82,40.59,40.79,7055.0,2,0.0
2023-06-29 19:00:00,40.79,40.87,40.63,40.71,5279.0,2,0.0
2023-06-30 10:00:00,41.11,41.2,41.09,41.18,405.0,5,0.0
2023-06-30 11:00:00,41.17,41.21,41.1,41.11,414.0,5,0.0
2023-06-30 12:00:00,41.1,41.41,41.08,41.3,1727.0,3,0.0
2023-06-30 13:00:00,41.3,42.18,41.3,42.02,9944.0,2,0.0
2023-06-30 14:00:00,42.02,42.54,41.97,42.31,10817.0,2,0.0
2023-06-30 15:00:00,42.32,42.39,42.0,42.24,8635.0,2,0.0
2023-06-30 16:00:00,42.24,42.37,42.08,42.36,6639.0,2,0.0
2023-06-30 17:00:00,42.36,42.47,42.28,42.46,6021.0,2,0.0
2023-06-30 18:00:00,42.46,42.47,42.29,42.37,6254.0,2,0.0
2023-06-30 19:00:00,42.37,42.51,42.26,42.44,5294.0,2,0.0
2023-07-03 10:00:00,42.7,42.72,42.53,42.66,558.0,4,0.0
2023-07-03 11:00:00,42.65,42.65,42.41,42.46,449.0,4,0.0
2023-07-03 12:00:00,42.46,42.55,42.36,42.53,408.0,4,0.0
2023-07-03 13:00:00,42.53,42.89,42.41,42.47,3968.0,2,0.0
2023-07-03 14:00:00,42.48,42.81,42.32,42.61,4529.0,2,0.0
2023-07-03 15:00:00,42.61,42.65,42.23,42.39,3553.0,2,0.0
2023-07-03 16:00:00,42.38,42.43,42.2,42.36,3118.0,2,0.0
2023-07-05 10:00:00,41.88,42.1,41.84,42.06,434.0,6,0.0
2023-07-05 11:00:00,42.07,42.13,41.99,42.0,575.0,4,0.0
2023-07-05 12:00:00,42.0,42.1,41.95,42.1,363.0,4,0.0
2023-07-05 13:00:00,42.07,42.84,42.03,42.72,3825.0,2,0.0
2023-07-05 14:00:00,42.72,43.16,42.65,42.93,4420.0,2,0.0
2023-07-05 15:00:00,42.93,42.93,42.48,42.56,4088.0,2,0.0
2023-07-05 16:00:00,42.56,42.79,42.48,42.66,3226.0,2,0.0
2023-07-05 17:00:00,42.66,42.8,42.59,42.72,2355.0,2,0.0
2023-07-05 18:00:00,42.72,42.79,42.45,42.61,3140.0,2,0.0
2023-07-05 19:00:00,42.61,42.66,42.47,42.49,2104.0,2,0.0
2023-07-06 10:00:00,42.14,42.15,42.01,42.06,348.0,4,0.0
2023-07-06 11:00:00,42.06,42.35,42.06,42.32,394.0,4,0.0
2023-07-06 12:00:00,42.32,42.33,41.89,41.92,1334.0,4,0.0
2023-07-06 13:00:00,41.93,42.01,41.34,41.51,4833.0,2,0.0
2023-07-06 14:00:00,41.52,41.79,41.39,41.51,4190.0,2,0.0
2023-07-06 15:00:00,41.52,41.78,41.45,41.64,2893.0,2,0.0
2023-07-06 16:00:00,41.64,41.87,41.61,41.85,2477.0,2,0.0
2023-07-06 17:00:00,41.85,42.0,41.73,42.0,2520.0,2,0.0
2023-07-06 18:00:00,42.0,42.17,41.93,42.13,2592.0,2,0.0
2023-07-06 19:00:00,42.13,42.14,41.87,41.93,2151.0,2,0.0
2023-07-07 10:00:00,41.87,41.91,41.86,41.88,90.0,3,0.0
2023-07-07 11:00:00,41.91,41.96,41.87,41.9,210.0,4,0.0
2023-07-07 12:00:00,41.9,42.56,41.86,42.21,1088.0,4,0.0
2023-07-07 13:00:00,42.2,42.66,42.03,42.63,3491.0,3,0.0
2023-07-07 14:00:00,42.63,42.93,42.52,42.72,4027.0,2,0.0
2023-07-07 15:00:00,42.71,42.98,42.68,42.97,2690.0,2,0.0
2023-07-07 16:00:00,42.97,43.05,42.86,42.99,2417.0,2,0.0
2023-07-07 17:00:00,43.0,43.19,42.97,43.11,2176.0,2,0.0
2023-07-07 18:00:00,43.11,43.2,43.01,43.06,2069.0,2,0.0
2023-07-07 19:00:00,43.05,43.05,42.6,42.61,2221.0,2,0.0
2023-07-10 10:00:00,42.28,42.29,42.17,42.26,262.0,6,0.0
2023-07-10 11:00:00,42.26,42.84,42.26,42.79,971.0,4,0.0
2023-07-10 12:00:00,42.79,42.85,42.61,42.71,647.0,4,0.0
2023-07-10 13:00:00,42.71,42.79,41.8,41.98,3928.0,3,0.0
2023-07-10 14:00:00,41.98,42.48,41.94,42.1,3723.0,2,0.0
2023-07-10 15:00:00,42.1,42.18,41.78,41.89,3143.0,2,0.0
2023-07-10 16:00:00,41.89,42.09,41.64,42.07,2970.0,2,0.0
2023-07-10 17:00:00,42.07,42.13,41.95,42.01,2283.0,2,0.0
2023-07-10 18:00:00,42.01,42.21,41.9,42.17,2541.0,2,0.0
2023-07-10 19:00:00,42.17,42.18,42.02,42.04,1969.0,2,0.0
2023-07-11 10:00:00,42.46,42.53,42.42,42.45,282.0,6,0.0
2023-07-11 11:00:00,42.43,42.54,42.43,42.48,379.0,4,0.0
2023-07-11 12:00:00,42.48,42.56,42.23,42.36,689.0,4,0.0
2023-07-11 13:00:00,42.38,42.72,42.2,42.36,3473.0,3,0.0
2023-07-11 14:00:00,42.36,42.74,42.06,42.55,3692.0,2,0.0
2023-07-11 15:00:00,42.55,42.65,42.18,42.38,2962.0,2,0.0
2023-07-11 16:00:00,42.39,42.42,42.21,42.31,2354.0,2,0.0
2023-07-11 17:00:00,42.3,42.35,42.13,42.3,2240.0,2,0.0
2023-07-11 18:00:00,42.3,42.31,42.08,42.26,2213.0,2,0.0
2023-07-11 19:00:00,42.26,42.32,42.16,42.3,1730.0,2,0.0
2023-07-12 10:00:00,42.61,42.61,42.55,42.56,124.0,6,0.0
2023-07-12 11:00:00,42.56,42.59,42.51,42.56,280.0,4,0.0
2023-07-12 12:00:00,42.55,43.02,42.53,42.98,1240.0,4,0.0
2023-07-12 13:00:00,42.98,43.67,42.77,43.61,3754.0,3,0.0
2023-07-12 14:00:00,43.61,43.92,43.52,43.58,4131.0,3,0.0
2023-07-12 15:00:00,43.58,43.71,43.2,43.27,3486.0,2,0.0
2023-07-12 16:00:00,43.27,43.55,43.25,43.49,2690.0,2,0.0
2023-07-12 17:00:00,43.49,43.81,43.35,43.73,2407.0,2,0.0
2023-07-12 18:00:00,43.74,43.92,43.63,43.8,2654.0,2,0.0
2023-07-12 19:00:00,43.8,43.87,43.61,43.82,2248.0,2,0.0
2023-07-13 10:00:00,44.42,44.46,44.4,44.44,175.0,6,0.0
2023-07-13 11:00:00,44.44,44.46,44.25,44.35,507.0,4,0.0
2023-07-13 12:00:00,44.35,44.43,44.28,44.41,828.0,4,0.0
2023-07-13 13:00:00,44.41,44.98,44.35,44.8,3796.0,3,0.0
2023-07-13 14:00:00,44.8,44.91,44.56,44.77,3461.0,3,0.0
2023-07-13 15:00:00,44.77,44.89,44.63,44.75,2450.0,2,0.0
2023-07-13 16:00:00,44.75,44.93,44.69,44.89,2010.0,2,0.0
2023-07-13 17:00:00,44.89,45.11,44.83,45.09,2307.0,2,0.0
2023-07-13 18:00:00,45.09,45.48,45.05,45.47,2504.0,2,0.0
2023-07-13 19:00:00,45.47,45.99,45.47,45.98,2564.0,2,0.0
2023-07-14 10:00:00,46.16,46.31,46.15,46.25,333.0,4,0.0
2023-07-14 11:00:00,46.25,46.77,46.25,46.69,845.0,4,0.0
2023-07-14 12:00:00,46.69,46.77,46.51,46.52,1076.0,4,0.0
2023-07-14 13:00:00,46.52,47.56,46.48,47.38,4213.0,3,0.0
2023-07-14 14:00:00,47.38,48.02,47.2,47.2,5689.0,3,0.0
2023-07-14 15:00:00,47.2,47.47,46.89,47.32,4098.0,3,0.0
2023-07-14 16:00:00,47.32,47.32,46.48,46.56,3776.0,3,0.0
2023-07-14 17:00:00,46.57,46.57,46.15,46.2,4233.0,3,0.0
2023-07-14 18:00:00,46.2,46.4,45.44,45.45,4189.0,3,0.0
2023-07-14 19:00:00,45.44,45.49,45.05,45.32,3622.0,3,0.0
2023-07-17 10:00:00,45.64,45.78,45.59,45.75,300.0,6,0.0
2023-07-17 11:00:00,45.74,45.76,45.56,45.62,541.0,4,0.0
2023-07-17 12:00:00,45.62,45.88,45.59,45.88,736.0,4,0.0
2023-07-17 13:00:00,45.88,46.48,45.25,45.49,4519.0,3,0.0
2023-07-17 14:00:00,45.5,46.11,45.46,45.64,4534.0,3,0.0
2023-07-17 15:00:00,45.64,45.85,45.39,45.59,3473.0,3,0.0
2023-07-17 16:00:00,45.59,45.6,45.3,45.54,2777.0,3,0.0
2023-07-17 17:00:00,45.54,46.07,45.47,45.99,2652.0,3,0.0
2023-07-17 18:00:00,45.99,46.2,45.78,46.14,2556.0,2,0.0
2023-07-17 19:00:00,46.15,46.47,46.13,46.4,2386.0,3,0.0
2023-07-18 10:00:00,46.68,46.7,46.63,46.67,193.0,6,0.0
2023-07-18 11:00:00,46.67,46.95,46.67,46.86,749.0,4,0.0
2023-07-18 12:00:00,46.85,46.91,46.66,46.7,925.0,4,0.0
2023-07-18 13:00:00,46.7,46.77,45.72,46.14,3876.0,3,0.0
2023-07-18 14:00:00,46.13,46.25,45.84,45.97,3774.0,3,0.0
2023-07-18 15:00:00,45.97,46.91,45.9,46.8,4173.0,3,0.0
2023-07-18 16:00:00,46.81,47.52,46.75,47.27,4186.0,3,0.0
2023-07-18 17:00:00,47.27,47.62,47.23,47.54,2809.0,3,0.0
2023-07-18 18:00:00,47.54,47.83,47.35,47.83,2665.0,2,0.0
2023-07-18 19:00:00,47.83,47.87,47.48,47.48,2436.0,3,0.0
2023-07-19 10:00:00,47.62,47.63,47.52,47.62,293.0,4,0.0
2023-07-19 11:00:00,47.63,47.63,47.34,47.51,542.0,4,0.0
2023-07-19 12:00:00,47.51,47.67,47.29,47.52,751.0,4,0.0
2023-07-19 13:00:00,47.52,47.54,46.91,47.12,3666.0,3,0.0
2023-07-19 14:00:00,47.12,47.51,46.9,47.27,4055.0,3,0.0
2023-07-19 15:00:00,47.27,47.63,47.21,47.31,2959.0,3,0.0
2023-07-19 16:00:00,47.31,47.8,46.91,47.08,4319.0,3,0.0
2023-07-19 17:00:00,47.08,47.12,46.81,46.99,2885.0,2,0.0
2023-07-19 18:00:00,46.99,47.03,46.73,46.82,2604.0,2,0.0
2023-07-19 19:00:00,46.82,47.06,46.81,46.92,2122.0,2,0.0
2023-07-20 10:00:00,46.59,46.82,46.58,46.63,357.0,6,0.0
2023-07-20 11:00:00,46.63,46.69,46.45,46.69,626.0,4,0.0
2023-07-20 12:00:00,46.69,46.7,46.49,46.56,751.0,4,0.0
2023-07-20 13:00:00,46.55,47.06,46.24,46.75,4446.0,3,0.0
2023-07-20 14:00:00,46.75,46.77,45.29,45.91,5236.0,3,0.0
2023-07-20 15:00:00,45.91,46.37,45.91,46.21,3255.0,3,0.0
2023-07-20 16:00:00,46.2,46.43,45.83,45.97,2970.0,3,0.0
2023-07-20 17:00:00,45.96,46.1,45.88,45.94,2276.0,3,0.0
2023-07-20 18:00:00,45.94,45.94,45.41,45.45,2607.0,2,0.0
2023-07-20 19:00:00,45.45,45.71,45.05,45.63,3000.0,2,0.0
2023-07-21 10:00:00,45.57,45.8,45.56,45.76,322.0,4,0.0
2023-07-21 11:00:00,45.75,45.84,45.69,45.75,535.0,4,0.0
2023-07-21 12:00:00,45.76,45.95,45.74,45.86,634.0,4,0.0
2023-07-21 13:00:00,45.86,46.0,44.91,44.94,3436.0,3,0.0
2023-07-21 14:00:00,44.94,45.24,44.59,44.66,3956.0,2,0.0
2023-07-21 15:00:00,44.66,44.93,44.57,44.68,2972.0,3,0.0
2023-07-21 16:00:00,44.68,44.89,44.44,44.61,2690.0,3,0.0
2023-07-21 17:00:00,44.61,45.4,44.6,45.34,2846.0,3,0.0
2023-07-21 18:00:00,45.34,45.39,44.64,44.66,2986.0,3,0.0
2023-07-21 19:00:00,44.65,44.68,44.24,44.42,3049.0,2,0.0
2023-07-24 10:00:00,44.78,44.86,44.71,44.84,288.0,6,0.0
2023-07-24 11:00:00,44.85,44.88,44.65,44.7,400.0,4,0.0
2023-07-24 12:00:00,44.71,44.72,44.58,44.63,385.0,4,0.0
2023-07-24 13:00:00,44.63,44.85,44.03,44.31,3653.0,3,0.0
2023-07-24 14:00:00,44.3,44.76,44.21,44.62,4192.0,3,0.0
2023-07-24 15:00:00,44.62,45.09,44.51,44.91,3432.0,3,0.0
2023-07-24 16:00:00,44.9,45.01,44.52,44.54,3120.0,2,0.0
2023-07-24 17:00:00,44.54,44.85,44.46,44.83,2710.0,2,0.0
2023-07-24 18:00:00,44.83,44.91,44.53,44.72,2419.0,2,0.0
2023-07-24 19:00:00,44.72,44.73,44.36,44.48,2287.0,2,0.0
2023-07-25 10:00:00,45.12,45.12,44.94,45.0,278.0,6,0.0
2023-07-25 11:00:00,45.0,45.01,44.91,45.0,321.0,6,0.0
2023-07-25 12:00:00,44.98,45.09,44.94,45.02,485.0,4,0.0
2023-07-25 13:00:00,45.02,45.98,44.91,45.98,3279.0,3,0.0
2023-07-25 14:00:00,45.98,46.09,45.51,45.65,4254.0,3,0.0
2023-07-25 15:00:00,45.65,46.03,45.64,45.92,2662.0,3,0.0
2023-07-25 16:00:00,45.93,45.98,45.76,45.9,2215.0,2,0.0
2023-07-25 17:00:00,45.9,45.95,45.63,45.69,1768.0,2,0.0
2023-07-25 18:00:00,45.69,46.17,45.66,45.83,2249.0,2,0.0
2023-07-25 19:00:00,45.84,46.01,45.77,45.79,2192.0,2,0.0
2023-07-26 10:00:00,45.9,45.91,45.7,45.71,231.0,4,0.0
2023-07-26 11:00:00,45.72,45.9,45.72,45.84,517.0,4,0.0
2023-07-26 12:00:00,45.83,45.89,45.75,45.76,509.0,4,0.0
2023-07-26 13:00:00,45.76,46.06,45.14,45.49,3667.0,3,0.0
2023-07-26 14:00:00,45.49,45.61,44.76,44.81,3619.0,3,0.0
2023-07-26 15:00:00,44.81,45.21,44.62,45.04,3112.0,3,0.0
2023-07-26 16:00:00,45.04,45.15,44.81,44.92,2130.0,2,0.0
2023-07-26 17:00:00,44.92,45.29,44.91,45.21,2123.0,3,0.0
2023-07-26 18:00:00,45.21,45.87,45.14,45.64,4515.0,3,0.0
2023-07-26 19:00:00,45.64,45.73,45.14,45.64,3509.0,2,0.0
2023-07-27 10:00:00,46.45,46.54,46.42,46.46,261.0,6,0.0
2023-07-27 11:00:00,46.46,46.46,46.18,46.43,607.0,4,0.0
2023-07-27 12:00:00,46.43,46.51,46.34,46.39,806.0,4,0.0
2023-07-27 13:00:00,46.39,46.93,46.36,46.77,3318.0,3,0.0
2023-07-27 14:00:00,46.77,46.96,46.35,46.58,4315.0,3,0.0
2023-07-27 15:00:00,46.59,46.95,46.59,46.74,3193.0,3,0.0
2023-07-27 16:00:00,46.74,47.38,46.74,47.25,3173.0,2,0.0
2023-07-27 17:00:00,47.25,47.31,46.83,47.03,3547.0,3,0.0
2023-07-27 18:00:00,47.03,47.11,46.03,46.07,4392.0,3,0.0
2023-07-27 19:00:00,46.06,46.44,45.83,45.84,3307.0,3,0.0
2023-07-28 10:00:00,46.54,46.56,46.49,46.52,197.0,6,0.0
2023-07-28 11:00:00,46.51,46.75,46.45,46.58,676.0,4,0.0
2023-07-28 12:00:00,46.56,46.7,46.55,46.59,791.0,4,0.0
2023-07-28 13:00:00,46.59,46.72,46.37,46.48,3114.0,3,0.0
2023-07-28 14:00:00,46.49,46.9,46.49,46.73,4022.0,3,0.0
2023-07-28 15:00:00,46.74,47.01,46.59,46.91,2902.0,2,0.0
2023-07-28 16:00:00,46.9,46.95,46.71,46.76,2520.0,2,0.0
2023-07-28 17:00:00,46.76,46.76,46.4,46.7,2655.0,2,0.0
2023-07-28 18:00:00,46.69,46.75,46.45,46.6,2568.0,2,0.0
2023-07-28 19:00:00,46.59,46.78,46.52,46.71,2037.0,2,0.0
2023-07-31 10:00:00,46.56,46.59,46.5,46.58,233.0,4,0.0
2023-07-31 11:00:00,46.59,46.84,46.58,46.84,355.0,4,0.0
2023-07-31 12:00:00,46.83,46.92,46.75,46.89,460.0,4,0.0
2023-07-31 13:00:00,46.89,47.11,46.53,46.66,3324.0,3,0.0
2023-07-31 14:00:00,46.67,46.95,46.59,46.79,3323.0,2,0.0
2023-07-31 15:00:00,46.79,46.91,46.59,46.67,2745.0,2,0.0
2023-07-31 16:00:00,46.68,46.79,46.54,46.58,2217.0,2,0.0
2023-07-31 17:00:00,46.58,46.85,46.5,46.77,2123.0,2,0.0
2023-07-31 18:00:00,46.77,46.85,46.62,46.8,2171.0,2,0.0
2023-07-31 19:00:00,46.8,46.8,46.61,46.66,1834.0,2,0.0
2023-08-01 10:00:00,46.56,46.62,46.54,46.61,125.0,4,0.0
2023-08-01 11:00:00,46.61,46.66,46.45,46.45,420.0,4,0.0
2023-08-01 12:00:00,46.45,46.51,46.34,46.39,550.0,4,0.0
2023-08-01 13:00:00,46.39,46.5,46.04,46.09,3328.0,3,0.0
2023-08-01 14:00:00,46.09,46.88,46.02,46.81,4110.0,3,0.0
2023-08-01 15:00:00,46.82,46.87,46.54,46.6,2844.0,2,0.0
2023-08-01 16:00:00,46.6,46.66,46.46,46.66,2029.0,2,0.0
2023-08-01 17:00:00,46.66,46.78,46.59,46.68,1975.0,2,0.0
2023-08-01 18:00:00,46.68,46.7,46.55,46.62,1931.0,2,0.0
2023-08-01 19:00:00,46.62,46.69,46.49,46.51,1594.0,2,0.0
2023-08-02 10:00:00,45.62,45.8,45.48,45.74,461.0,6,0.0
2023-08-02 11:00:00,45.74,46.01,45.74,45.8,747.0,4,0.0
2023-08-02 12:00:00,45.81,45.88,45.68,45.79,772.0,4,0.0
2023-08-02 13:00:00,45.76,45.9,45.1,45.26,4300.0,3,0.0
2023-08-02 14:00:00,45.27,45.28,44.75,44.79,4381.0,2,0.0
2023-08-02 15:00:00,44.79,44.8,44.0,44.0,4167.0,2,0.0
2023-08-02 16:00:00,44.0,44.0,43.38,43.96,5853.0,2,0.0
2023-08-02 17:00:00,43.96,44.32,43.94,44.05,3655.0,2,0.0
2023-08-02 18:00:00,44.05,44.44,44.04,44.41,3223.0,2,0.0
2023-08-02 19:00:00,44.41,44.46,44.0,44.31,2428.0,2,0.0
2023-08-03 10:00:00,44.12,44.24,43.96,43.98,414.0,4,0.0
2023-08-03 11:00:00,43.99,44.11,43.7,43.84,962.0,4,0.0
2023-08-03 12:00:00,43.85,43.85,43.66,43.75,976.0,4,0.0
2023-08-03 13:00:00,43.75,44.91,43.62,44.76,4865.0,2,0.0
2023-08-03 14:00:00,44.77,44.97,44.29,44.84,5470.0,2,0.0
2023-08-03 15:00:00,44.85,45.1,44.71,44.8,4018.0,2,0.0
2023-08-03 16:00:00,44.81,44.98,44.66,44.94,2665.0,2,0.0
2023-08-03 17:00:00,44.94,45.01,44.59,44.62,2603.0,2,0.0
2023-08-03 18:00:00,44.61,44.68,44.46,44.63,3135.0,2,0.0
2023-08-03 19:00:00,44.63,44.63,44.36,44.48,2464.0,2,0.0
2023-08-04 10:00:00,45.07,45.07,44.91,44.93,328.0,6,0.0
2023-08-04 11:00:00,44.93,44.94,44.7,44.77,688.0,4,0.0
2023-08-04 12:00:00,44.77,44.92,44.5,44.82,1353.0,4,0.0
2023-08-04 13:00:00,44.82,45.63,44.72,44.72,4764.0,2,0.0
2023-08-04 14:00:00,44.72,45.13,44.39,45.03,4657.0,3,0.0
2023-08-04 15:00:00,45.03,45.31,45.0,45.21,2955.0,3,0.0
2023-08-04 16:00:00,45.21,45.55,45.11,45.5,2768.0,2,0.0
2023-08-04 17:00:00,45.5,45.52,45.1,45.16,2721.0,2,0.0
2023-08-04 18:00:00,45.16,45.17,44.54,44.58,3993.0,2,0.0
2023-08-04 19:00:00,44.58,44.81,44.54,44.58,2539.0,2,0.0
2023-08-07 10:00:00,45.1,45.12,44.98,45.04,285.0,6,0.0
2023-08-07 11:00:00,45.03,45.04,44.85,45.0,447.0,4,0.0
2023-08-07 12:00:00,45.0,45.14,44.87,45.11,599.0,4,0.0
2023-08-07 13:00:00,45.11,45.44,45.0,45.27,3617.0,3,0.0
2023-08-07 14:00:00,45.27,45.52,45.02,45.22,4020.0,3,0.0
2023-08-07 15:00:00,45.22,45.28,44.83,45.21,3320.0,2,0.0
2023-08-07 16:00:00,45.21,45.28,44.77,44.88,2720.0,2,0.0
2023-08-07 17:00:00,44.88,44.91,44.56,44.82,2588.0,3,0.0
2023-08-07 18:00:00,44.82,44.93,44.69,44.9,2189.0,2,0.0
2023-08-07 19:00:00,44.9,45.16,44.9,45.11,1733.0,2,0.0
2023-08-08 10:00:00,44.89,44.93,44.84,44.9,566.0,4,0.0
2023-08-08 11:00:00,44.89,44.95,44.81,44.91,642.0,4,0.0
2023-08-08 12:00:00,44.91,45.15,44.83,45.03,596.0,4,0.0
2023-08-08 13:00:00,45.02,45.21,44.55,44.64,3006.0,3,0.0
2023-08-08 14:00:00,44.64,44.88,44.57,44.63,4195.0,3,0.0
2023-08-08 15:00:00,44.62,45.12,44.04,44.32,4940.0,3,0.0
2023-08-08 16:00:00,44.32,44.58,44.25,44.35,2963.0,2,0.0
2023-08-08 17:00:00,44.36,44.64,44.29,44.6,2751.0,2,0.0
2023-08-08 18:00:00,44.6,44.74,44.46,44.66,2616.0,2,0.0
2023-08-08 19:00:00,44.66,44.7,44.44,44.62,1911.0,2,0.0
2023-08-09 10:00:00,44.51,44.56,44.41,44.51,404.0,4,0.0
2023-08-09 11:00:00,44.51,44.71,44.51,44.71,298.0,4,0.0
2023-08-09 12:00:00,44.71,44.72,44.39,44.44,550.0,4,0.0
2023-08-09 13:00:00,44.44,44.51,43.25,43.47,4295.0,3,0.0
2023-08-09 14:00:00,43.48,43.59,42.41,42.43,4984.0,3,0.0
2023-08-09 15:00:00,42.42,42.73,42.13,42.68,5009.0,2,0.0
2023-08-09 16:00:00,42.68,43.0,42.67,42.72,3579.0,2,0.0
2023-08-09 17:00:00,42.72,43.18,42.7,43.05,2887.0,2,0.0
2023-08-09 18:00:00,43.05,43.36,42.94,42.99,2511.0,2,0.0
2023-08-09 19:00:00,42.99,43.03,42.71,42.76,2342.0,2,0.0
2023-08-10 10:00:00,42.79,42.79,42.02,42.55,810.0,4,0.0
2023-08-10 11:00:00,42.55,42.64,42.24,42.24,468.0,4,0.0
2023-08-10 12:00:00,42.24,42.78,42.15,42.25,1756.0,4,0.0
2023-08-10 13:00:00,42.24,43.37,41.83,43.35,4766.0,3,0.0
2023-08-10 14:00:00,43.35,43.55,42.62,42.62,5233.0,3,0.0
2023-08-10 15:00:00,42.62,42.72,42.11,42.24,3992.0,3,0.0
2023-08-10 16:00:00,42.23,42.57,42.12,42.26,3656.0,2,0.0
2023-08-10 17:00:00,42.26,42.38,41.96,42.07,2927.0,3,0.0
2023-08-10 18:00:00,42.07,42.61,42.07,42.6,3234.0,3,0.0
2023-08-10 19:00:00,42.6,42.61,42.36,42.4,2392.0,3,0.0
2023-08-11 10:00:00,41.95,42.01,41.87,41.99,243.0,6,0.0
2023-08-11 11:00:00,42.0,42.17,42.0,42.06,540.0,4,0.0
2023-08-11 12:00:00,42.06,42.1,41.66,41.75,1429.0,4,0.0
2023-08-11 13:00:00,41.74,41.99,41.42,41.54,3263.0,3,0.0
2023-08-11 14:00:00,41.56,41.82,41.33,41.4,3974.0,3,0.0
2023-08-11 15:00:00,41.4,41.47,40.63,40.91,4607.0,2,0.0
2023-08-11 16:00:00,40.91,41.17,40.76,40.89,3034.0,2,0.0
2023-08-11 17:00:00,40.89,41.1,40.87,41.02,2489.0,3,0.0
2023-08-11 18:00:00,41.02,41.17,40.93,41.0,2693.0,2,0.0
2023-08-11 19:00:00,41.0,41.07,40.88,41.01,2106.0,2,0.0
2023-08-14 10:00:00,40.87,40.97,40.87,40.9,204.0,4,0.0
2023-08-14 11:00:00,40.9,40.91,40.79,40.91,346.0,4,0.0
2023-08-14 12:00:00,40.91,40.92,40.54,40.66,744.0,4,0.0
2023-08-14 13:00:00,40.65,41.62,40.3,41.62,5899.0,2,0.0
2023-08-14 14:00:00,41.61,42.82,41.53,42.68,6049.0,3,0.0
2023-08-14 15:00:00,42.68,43.2,42.43,43.02,4292.0,3,0.0
2023-08-14 16:00:00,43.02,43.2,42.85,43.13,3384.0,3,0.0
2023-08-14 17:00:00,43.13,43.58,43.1,43.46,3242.0,3,0.0
2023-08-14 18:00:00,43.46,43.61,43.2,43.36,3502.0,3,0.0
2023-08-14 19:00:00,43.35,43.65,43.32,43.59,2352.0,2,0.0
2023-08-15 10:00:00,44.21,44.25,44.03,44.14,586.0,6,0.0
2023-08-15 11:00:00,44.14,44.55,44.12,44.29,1024.0,4,0.0
2023-08-15 12:00:00,44.29,44.77,44.24,44.52,2195.0,4,0.0
2023-08-15 13:00:00,44.52,45.24,43.94,44.01,7460.0,3,0.0
2023-08-15 14:00:00,44.0,44.24,43.7,44.1,5338.0,3,0.0
2023-08-15 15:00:00,44.1,44.72,44.1,44.72,4255.0,3,0.0
2023-08-15 16:00:00,44.72,44.8,44.31,44.49,3940.0,3,0.0
2023-08-15 17:00:00,44.49,44.62,44.22,44.46,3633.0,3,0.0
2023-08-15 18:00:00,44.46,44.65,44.42,44.58,2907.0,2,0.0
2023-08-15 19:00:00,44.58,44.68,43.95,43.98,2969.0,2,0.0
2023-08-16 10:00:00,44.27,44.35,44.23,44.33,222.0,6,0.0
2023-08-16 11:00:00,44.34,44.34,44.01,44.22,800.0,4,0.0
2023-08-16 12:00:00,44.22,44.32,44.15,44.26,867.0,4,0.0
2023-08-16 13:00:00,44.27,44.65,44.0,44.09,4093.0,3,0.0
2023-08-16 14:00:00,44.09,44.4,43.79,44.17,4340.0,3,0.0
2023-08-16 15:00:00,44.16,44.31,43.76,43.81,3400.0,3,0.0
2023-08-16 16:00:00,43.8,43.95,43.4,43.67,3601.0,3,0.0
2023-08-16 17:00:00,43.67,44.06,43.55,43.87,2823.0,2,0.0
2023-08-16 18:00:00,43.87,44.16,43.62,43.9,3768.0,3,0.0
2023-08-16 19:00:00,43.89,43.89,43.5,43.62,2899.0,3,0.0
2023-08-17 10:00:00,43.86,43.9,43.75,43.78,360.0,4,0.0
2023-08-17 11:00:00,43.77,43.86,43.7,43.82,627.0,4,0.0
2023-08-17 12:00:00,43.81,43.96,43.75,43.96,651.0,4,0.0
2023-08-17 13:00:00,43.96,44.03,43.46,43.77,3510.0,3,0.0
2023-08-17 14:00:00,43.77,43.86,43.27,43.45,4501.0,3,0.0
2023-08-17 15:00:00,43.46,43.56,43.27,43.42,3649.0,3,0.0
2023-08-17 16:00:00,43.42,43.83,43.33,43.78,3155.0,2,0.0
2023-08-17 17:00:00,43.78,43.81,43.45,43.64,2838.0,2,0.0
2023-08-17 18:00:00,43.64,43.69,43.37,43.39,3242.0,3,0.0
2023-08-17 19:00:00,43.38,43.43,42.99,43.03,3207.0,2,0.0
2023-08-18 10:00:00,42.91,43.01,42.85,42.87,343.0,4,0.0
2023-08-18 11:00:00,42.86,42.89,42.58,42.78,795.0,4,0.0
2023-08-18 12:00:00,42.76,42.81,42.56,42.64,934.0,4,0.0
2023-08-18 13:00:00,42.64,42.82,41.82,41.86,5050.0,3,0.0
2023-08-18 14:00:00,41.86,42.3,41.65,42.19,5551.0,3,0.0
2023-08-18 15:00:00,42.2,42.83,42.19,42.76,4149.0,2,0.0
2023-08-18 16:00:00,42.76,43.12,42.71,42.99,3535.0,2,0.0
2023-08-18 17:00:00,42.99,43.17,42.78,43.03,3077.0,2,0.0
2023-08-18 18:00:00,43.04,43.5,42.99,43.31,3230.0,2,0.0
2023-08-18 19:00:00,43.31,43.41,43.13,43.39,2450.0,2,0.0
2023-08-21 10:00:00,44.21,44.25,44.09,44.13,344.0,6,0.0
2023-08-21 11:00:00,44.12,44.41,44.03,44.39,671.0,4,0.0
2023-08-21 12:00:00,44.39,44.5,44.3,44.37,736.0,4,0.0
2023-08-21 13:00:00,44.37,45.38,44.21,45.29,4474.0,3,0.0
2023-08-21 14:00:00,45.3,45.57,45.05,45.16,4765.0,3,0.0
2023-08-21 15:00:00,45.16,45.35,44.86,45.26,3992.0,3,0.0
2023-08-21 16:00:00,45.26,45.77,45.24,45.76,3298.0,2,0.0
2023-08-21 17:00:00,45.76,46.16,45.7,46.01,3682.0,2,0.0
2023-08-21 18:00:00,46.02,46.45,46.0,46.43,3604.0,2,0.0
2023-08-21 19:00:00,46.43,46.88,46.43,46.83,3248.0,2,0.0
2023-08-22 10:00:00,47.85,47.85,47.6,47.64,509.0,6,0.0
2023-08-22 11:00:00,47.62,47.85,47.61,47.75,890.0,4,0.0
2023-08-22 12:00:00,47.74,48.18,47.69,48.08,1380.0,4,0.0
2023-08-22 13:00:00,48.08,48.3,46.2,46.26,7339.0,4,0.0
2023-08-22 14:00:00,46.26,46.97,45.67,46.52,5645.0,3,0.0
2023-08-22 15:00:00,46.51,46.56,45.59,45.72,3827.0,3,0.0
2023-08-22 16:00:00,45.71,45.93,45.32,45.76,4267.0,3,0.0
2023-08-22 17:00:00,45.76,45.81,45.41,45.74,3522.0,3,0.0
2023-08-22 18:00:00,45.74,45.97,45.44,45.82,3468.0,3,0.0
2023-08-22 19:00:00,45.81,45.99,45.43,45.55,2774.0,3,0.0
2023-08-23 10:00:00,46.39,46.41,46.01,46.09,586.0,6,0.0
2023-08-23 11:00:00,46.09,46.11,45.65,45.93,1041.0,4,0.0
2023-08-23 12:00:00,45.93,46.01,45.82,45.88,998.0,4,0.0
2023-08-23 13:00:00,45.89,46.29,45.19,45.96,5175.0,3,0.0
2023-08-23 14:00:00,45.97,46.74,45.78,46.68,4966.0,3,0.0
2023-08-23 15:00:00,46.68,46.88,46.43,46.85,3727.0,2,0.0
2023-08-23 16:00:00,46.85,46.89,46.53,46.55,2790.0,3,0.0
2023-08-23 17:00:00,46.55,47.04,46.46,46.97,2618.0,2,0.0
2023-08-23 18:00:00,46.97,47.02,46.62,46.86,2827.0,3,0.0
2023-08-23 19:00:00,46.86,47.18,46.72,47.07,2603.0,3,0.0
2023-08-24 10:00:00,50.81,50.92,50.63,50.86,878.0,6,0.0
2023-08-24 11:00:00,50.86,51.19,50.65,50.85,1394.0,4,0.0
2023-08-24 12:00:00,50.84,50.84,49.94,50.16,2680.0,4,0.0
2023-08-24 13:00:00,50.16,50.73,48.06,48.32,18283.0,3,0.0
2023-08-24 14:00:00,48.33,49.01,47.7,47.8,9951.0,4,0.0
2023-08-24 15:00:00,47.8,48.11,47.46,47.89,7032.0,2,0.0
2023-08-24 16:00:00,47.89,48.93,47.85,48.51,5060.0,3,0.0
2023-08-24 17:00:00,48.51,48.75,48.17,48.44,4341.0,3,0.0
2023-08-24 18:00:00,48.44,48.68,47.81,48.05,4560.0,3,0.0
2023-08-24 19:00:00,48.05,48.09,47.18,47.27,4218.0,3,0.0
2023-08-25 10:00:00,47.28,47.43,47.28,47.35,522.0,4,0.0
2023-08-25 11:00:00,47.35,47.4,46.92,47.02,1108.0,4,0.0
2023-08-25 12:00:00,47.01,47.15,46.87,46.99,1075.0,4,0.0
2023-08-25 13:00:00,46.99,47.43,46.23,47.01,6663.0,4,0.0
2023-08-25 14:00:00,47.0,47.78,45.24,45.3,7520.0,3,0.0
2023-08-25 15:00:00,45.29,46.05,45.02,45.13,6944.0,3,0.0
2023-08-25 16:00:00,45.12,45.72,45.06,45.42,5526.0,3,0.0
2023-08-25 17:00:00,45.42,45.65,45.21,45.37,4525.0,3,0.0
2023-08-25 18:00:00,45.36,46.21,45.3,46.19,4671.0,3,0.0
2023-08-25 19:00:00,46.19,46.35,45.93,46.13,3697.0,2,0.0
2023-08-28 10:00:00,46.36,46.39,46.27,46.29,248.0,4,0.0
2023-08-28 11:00:00,46.29,46.29,45.89,45.97,918.0,4,0.0
2023-08-28 12:00:00,45.97,46.24,45.92,46.16,901.0,4,0.0
2023-08-28 13:00:00,46.16,46.48,44.88,45.35,8021.0,3,0.0
2023-08-28 14:00:00,45.36,45.88,45.26,45.56,6058.0,3,0.0
2023-08-28 15:00:00,45.56,46.0,45.48,45.73,4980.0,2,0.0
2023-08-28 16:00:00,45.73,46.34,45.69,46.33,3953.0,3,0.0
2023-08-28 17:00:00,46.33,46.95,46.33,46.48,4985.0,3,0.0
2023-08-28 18:00:00,46.47,46.86,46.43,46.81,4109.0,3,0.0
2023-08-28 19:00:00,46.82,46.86,46.45,46.85,2948.0,3,0.0
2023-08-29 10:00:00,46.81,46.83,46.66,46.69,415.0,3,0.0
2023-08-29 11:00:00,46.69,46.7,46.51,46.52,571.0,4,0.0
2023-08-29 12:00:00,46.53,46.61,46.36,46.5,651.0,4,0.0
2023-08-29 13:00:00,46.5,47.37,46.38,47.36,4146.0,3,0.0
2023-08-29 14:00:00,47.37,48.52,47.37,48.21,5570.0,3,0.0
2023-08-29 15:00:00,48.22,48.7,48.13,48.58,3722.0,2,0.0
2023-08-29 16:00:00,48.58,49.06,48.45,48.81,3549.0,3,0.0
2023-08-29 17:00:00,48.81,49.03,48.71,48.89,3008.0,3,0.0
2023-08-29 18:00:00,48.89,49.04,48.8,48.9,2760.0,3,0.0
2023-08-29 19:00:00,48.9,48.97,48.63,48.75,2041.0,3,0.0
2023-08-30 10:00:00,48.38,48.6,48.38,48.59,280.0,6,0.0
2023-08-30 11:00:00,48.58,49.15,48.57,49.06,942.0,4,0.0
2023-08-30 12:00:00,49.05,49.31,48.95,49.14,1511.0,4,0.0
2023-08-30 13:00:00,49.13,49.47,48.41,48.92,5855.0,4,0.0
2023-08-30 14:00:00,48.94,49.6,48.62,49.55,5192.0,3,0.0
2023-08-30 15:00:00,49.55,49.74,49.34,49.5,3963.0,3,0.0
2023-08-30 16:00:00,49.5,49.83,49.47,49.71,3393.0,3,0.0
2023-08-30 17:00:00,49.71,49.91,49.51,49.61,3306.0,3,0.0
2023-08-30 18:00:00,49.62,49.66,49.07,49.49,3942.0,3,0.0
2023-08-30 19:00:00,49.49,49.56,48.93,49.12,2863.0,3,0.0
2023-08-31 10:00:00,49.13,49.21,49.12,49.21,149.0,4,0.0
2023-08-31 11:00:00,49.2,49.43,49.2,49.36,597.0,4,0.0
2023-08-31 12:00:00,49.36,49.55,49.3,49.37,874.0,4,0.0
2023-08-31 13:00:00,49.37,49.71,49.18,49.69,3759.0,4,0.0
2023-08-31 14:00:00,49.69,49.71,49.27,49.47,3073.0,4,0.0
2023-08-31 15:00:00,49.48,49.65,49.39,49.63,2352.0,3,0.0
2023-08-31 16:00:00,49.63,49.63,48.95,49.14,2865.0,3,0.0
2023-08-31 17:00:00,49.14,49.42,49.1,49.27,2295.0,3,0.0
2023-08-31 18:00:00,49.27,49.5,49.26,49.45,2171.0,3,0.0
2023-08-31 19:00:00,49.45,49.69,49.45,49.68,1801.0,3,0.0
2023-09-01 10:00:00,49.22,49.27,49.2,49.22,166.0,6,0.0
2023-09-01 11:00:00,49.23,49.51,49.22,49.44,597.0,4,0.0
2023-09-01 12:00:00,49.43,49.75,49.39,49.72,1083.0,4,0.0
2023-09-01 13:00:00,49.73,49.86,48.47,48.9,4258.0,3,0.0
2023-09-01 14:00:00,48.9,48.99,48.3,48.32,4212.0,4,0.0
2023-09-01 15:00:00,48.32,48.59,48.13,48.26,3135.0,3,0.0
2023-09-01 16:00:00,48.26,48.78,48.22,48.74,2586.0,3,0.0
2023-09-01 17:00:00,48.74,48.78,48.49,48.64,2377.0,3,0.0
2023-09-01 18:00:00,48.64,48.7,48.34,48.6,2320.0,3,0.0
2023-09-01 19:00:00,48.6,48.65,48.42,48.43,1902.0,3,0.0
2023-09-05 10:00:00,48.14,48.19,48.1,48.14,276.0,4,0.0
2023-09-05 11:00:00,48.14,48.18,48.02,48.12,446.0,4,0.0
2023-09-05 12:00:00,48.12,48.23,48.0,48.18,619.0,4,0.0
2023-09-05 13:00:00,48.2,48.76,47.85,48.21,4102.0,4,0.0
2023-09-05 14:00:00,48.21,48.56,47.96,48.41,3855.0,3,0.0
2023-09-05 15:00:00,48.41,48.65,48.09,48.25,2929.0,3,0.0
2023-09-05 16:00:00,48.25,48.52,48.21,48.42,2571.0,3,0.0
2023-09-05 17:00:00,48.42,48.55,48.3,48.46,1990.0,3,0.0
2023-09-05 18:00:00,48.46,48.75,48.45,48.72,2080.0,3,0.0
2023-09-05 19:00:00,48.72,48.83,48.54,48.83,1780.0,3,0.0
2023-09-06 10:00:00,48.33,48.44,48.31,48.44,105.0,6,0.0
2023-09-06 11:00:00,48.44,48.59,48.41,48.53,459.0,6,0.0
2023-09-06 12:00:00,48.52,48.55,48.34,48.36,384.0,4,0.0
2023-09-06 13:00:00,48.36,48.53,47.7,47.7,3584.0,4,0.0
2023-09-06 14:00:00,47.68,47.69,46.82,46.9,5216.0,3,0.0
2023-09-06 15:00:00,46.89,47.03,46.64,46.81,3548.0,3,0.0
2023-09-06 16:00:00,46.81,46.86,46.57,46.73,3111.0,3,0.0
2023-09-06 17:00:00,46.73,47.18,46.67,47.07,2943.0,3,0.0
2023-09-06 18:00:00,47.07,47.12,46.92,46.98,2325.0,3,0.0
2023-09-06 19:00:00,46.98,47.06,46.84,47.02,2016.0,3,0.0
2023-09-07 10:00:00,46.1,46.15,45.92,45.96,421.0,6,0.0
2023-09-07 11:00:00,45.97,46.23,45.97,46.09,668.0,4,0.0
2023-09-07 12:00:00,46.09,46.09,45.64,45.72,1400.0,4,0.0
2023-09-07 13:00:00,45.72,46.01,45.14,45.62,5612.0,4,0.0
2023-09-07 14:00:00,45.62,45.96,45.36,45.72,3616.0,3,0.0
2023-09-07 15:00:00,45.73,45.88,45.53,45.58,2887.0,3,0.0
2023-09-07 16:00:00,45.58,45.87,45.56,45.63,2677.0,3,0.0
2023-09-07 17:00:00,45.63,45.86,45.55,45.84,2295.0,3,0.0
2023-09-07 18:00:00,45.84,46.26,45.8,46.24,2634.0,3,0.0
2023-09-07 19:00:00,46.24,46.33,46.05,46.21,2002.0,2,0.0
2023-09-08 10:00:00,45.89,46.05,45.87,46.05,175.0,6,0.0
2023-09-08 11:00:00,46.03,46.14,45.83,45.91,599.0,4,0.0
2023-09-08 12:00:00,45.91,46.18,45.88,46.09,638.0,4,0.0
2023-09-08 13:00:00,46.08,46.58,45.81,46.19,3959.0,3,0.0
2023-09-08 14:00:00,46.2,46.34,45.3,45.3,4633.0,3,0.0
2023-09-08 15:00:00,45.3,45.87,45.27,45.8,3820.0,3,0.0
2023-09-08 16:00:00,45.81,46.03,45.66,45.75,3281.0,3,0.0
2023-09-08 17:00:00,45.75,45.78,45.46,45.51,3054.0,3,0.0
2023-09-08 18:00:00,45.51,45.67,45.32,45.41,3325.0,3,0.0
2023-09-08 19:00:00,45.41,45.59,45.37,45.42,2206.0,3,0.0
2023-09-11 10:00:00,45.82,45.85,45.74,45.84,250.0,6,0.0
2023-09-11 11:00:00,45.84,46.12,45.8,46.06,589.0,4,0.0
2023-09-11 12:00:00,46.05,46.29,46.0,46.28,669.0,4,0.0
2023-09-11 13:00:00,46.28,46.28,44.49,44.57,4801.0,4,0.0
2023-09-11 14:00:00,44.57,44.96,44.3,44.6,4277.0,3,0.0
2023-09-11 15:00:00,44.6,44.82,44.51,44.58,2866.0,3,0.0
2023-09-11 16:00:00,44.58,44.76,44.45,44.73,2625.0,3,0.0
2023-09-11 17:00:00,44.73,45.14,44.72,45.12,2495.0,3,0.0
2023-09-11 18:00:00,45.12,45.13,44.9,45.03,2095.0,3,0.0
2023-09-11 19:00:00,45.03,45.32,44.97,45.11,1849.0,2,0.0
2023-09-12 10:00:00,44.9,45.0,44.9,44.94,131.0,4,0.0
2023-09-12 11:00:00,44.95,44.97,44.82,44.84,509.0,4,0.0
2023-09-12 12:00:00,44.84,44.95,44.81,44.84,399.0,4,0.0
2023-09-12 13:00:00,44.83,45.53,44.52,45.44,3522.0,4,0.0
2023-09-12 14:00:00,45.44,45.64,44.95,45.05,3420.0,3,0.0
2023-09-12 15:00:00,45.05,45.47,44.92,45.37,2504.0,3,0.0
2023-09-12 16:00:00,45.37,45.45,45.25,45.32,2038.0,3,0.0
2023-09-12 17:00:00,45.32,45.43,45.09,45.19,2288.0,3,0.0
2023-09-12 18:00:00,45.19,45.33,45.03,45.06,2265.0,3,0.0
2023-09-12 19:00:00,45.06,45.1,44.81,44.91,1863.0,3,0.0
2023-09-13 10:00:00,44.82,44.82,44.74,44.8,156.0,4,0.0
2023-09-13 11:00:00,44.8,44.86,44.74,44.84,298.0,4,0.0
2023-09-13 12:00:00,44.84,44.84,44.33,44.66,1657.0,4,0.0
2023-09-13 13:00:00,44.66,45.53,44.5,45.24,4044.0,4,0.0
2023-09-13 14:00:00,45.24,45.43,44.82,45.15,3080.0,3,0.0
2023-09-13 15:00:00,45.16,45.79,45.16,45.69,3108.0,3,0.0
2023-09-13 16:00:00,45.69,45.85,45.46,45.73,2367.0,3,0.0
2023-09-13 17:00:00,45.73,45.91,45.65,45.8,2408.0,3,0.0
2023-09-13 18:00:00,45.8,45.83,45.32,45.42,2341.0,3,0.0
2023-09-13 19:00:00,45.41,45.52,45.18,45.41,2099.0,3,0.0
2023-09-14 10:00:00,45.92,45.99,45.92,45.95,193.0,6,0.0
2023-09-14 11:00:00,45.95,46.07,45.93,45.99,464.0,4,0.0
2023-09-14 12:00:00,45.99,46.03,45.74,45.89,939.0,4,0.0
2023-09-14 13:00:00,45.87,45.95,45.37,45.66,3597.0,4,0.0
2023-09-14 14:00:00,45.67,45.82,45.3,45.65,3178.0,3,0.0
2023-09-14 15:00:00,45.65,45.87,45.55,45.68,2438.0,3,0.0
2023-09-14 16:00:00,45.69,45.79,45.41,45.55,2221.0,3,0.0
2023-09-14 17:00:00,45.55,45.57,45.2,45.2,1971.0,3,0.0
2023-09-14 18:00:00,45.2,45.44,45.12,45.41,2064.0,3,0.0
2023-09-14 19:00:00,45.42,45.58,45.36,45.51,1567.0,3,0.0
2023-09-15 10:00:00,45.43,45.48,45.42,45.46,182.0,4,0.0
2023-09-15 11:00:00,45.45,45.56,45.45,45.51,435.0,4,0.0
2023-09-15 12:00:00,45.51,45.52,45.34,45.35,395.0,4,0.0
2023-09-15 13:00:00,45.35,45.57,44.79,44.91,3134.0,3,0.0
2023-09-15 14:00:00,44.91,45.0,44.25,44.25,3312.0,3,0.0
2023-09-15 15:00:00,44.24,44.42,44.06,44.16,3085.0,3,0.0
2023-09-15 16:00:00,44.16,44.47,44.16,44.43,2248.0,3,0.0
2023-09-15 17:00:00,44.43,44.44,43.91,44.02,2332.0,2,0.0
2023-09-15 18:00:00,44.02,44.06,43.8,43.9,2236.0,2,0.0
2023-09-15 19:00:00,43.9,44.14,43.81,43.95,2011.0,2,0.0
2023-09-18 10:00:00,43.78,43.78,43.36,43.47,522.0,4,0.0
2023-09-18 11:00:00,43.46,43.56,42.97,42.99,1028.0,4,0.0
2023-09-18 12:00:00,42.99,43.07,42.88,42.92,978.0,4,0.0
2023-09-18 13:00:00,42.91,43.53,42.29,43.3,4700.0,3,0.0
2023-09-18 14:00:00,43.29,43.84,43.17,43.81,3741.0,3,0.0
2023-09-18 15:00:00,43.81,43.93,43.5,43.84,2647.0,3,0.0
2023-09-18 16:00:00,43.85,44.22,43.74,43.91,2403.0,3,0.0
2023-09-18 17:00:00,43.91,44.14,43.78,44.03,2220.0,3,0.0
2023-09-18 18:00:00,44.03,44.18,43.73,43.78,2112.0,3,0.0
2023-09-18 19:00:00,43.77,43.9,43.68,43.84,1663.0,2,0.0
2023-09-19 10:00:00,43.91,44.03,43.91,44.03,134.0,4,0.0
2023-09-19 11:00:00,44.03,44.3,44.03,44.16,437.0,4,0.0
2023-09-19 12:00:00,44.15,44.16,43.97,44.03,584.0,4,0.0
2023-09-19 13:00:00,44.0,44.03,43.31,43.44,4187.0,4,0.0
2023-09-19 14:00:00,43.44,43.73,43.08,43.15,3747.0,3,0.0
2023-09-19 15:00:00,43.15,43.35,43.11,43.22,2833.0,3,0.0
2023-09-19 16:00:00,43.22,43.32,42.99,43.31,2364.0,3,0.0
2023-09-19 17:00:00,43.31,43.66,43.28,43.6,2233.0,2,0.0
2023-09-19 18:00:00,43.6,43.77,43.44,43.47,2309.0,2,0.0
2023-09-19 19:00:00,43.46,43.58,43.37,43.57,1771.0,2,0.0
2023-09-20 10:00:00,43.2,43.22,43.1,43.14,174.0,6,0.0
2023-09-20 11:00:00,43.15,43.46,43.14,43.39,511.0,4,0.0
2023-09-20 12:00:00,43.37,43.67,43.25,43.65,700.0,4,0.0
2023-09-20 13:00:00,43.66,43.88,43.28,43.74,3002.0,4,0.0
2023-09-20 14:00:00,43.74,43.74,43.37,43.4,2774.0,3,0.0
2023-09-20 15:00:00,43.41,43.53,43.25,43.53,2404.0,3,0.0
2023-09-20 16:00:00,43.53,43.58,43.46,43.48,1725.0,3,0.0
2023-09-20 17:00:00,43.48,43.49,43.1,43.23,2070.0,3,0.0
2023-09-20 18:00:00,43.19,43.36,42.9,43.05,3908.0,3,0.0
2023-09-20 19:00:00,43.05,43.13,42.42,42.43,2786.0,3,0.0
2023-09-21 10:00:00,41.55,41.63,41.5,41.61,331.0,6,0.0
2023-09-21 11:00:00,41.61,41.66,41.19,41.3,811.0,4,0.0
2023-09-21 12:00:00,41.32,41.43,41.13,41.22,1281.0,4,0.0
2023-09-21 13:00:00,41.22,42.06,41.18,41.33,4733.0,3,0.0
2023-09-21 14:00:00,41.34,41.8,41.26,41.59,4072.0,3,0.0
2023-09-21 15:00:00,41.59,41.71,41.33,41.37,2935.0,3,0.0
2023-09-21 16:00:00,41.36,41.53,41.29,41.34,2553.0,2,0.0
2023-09-21 17:00:00,41.34,41.65,41.31,41.46,2602.0,3,0.0
2023-09-21 18:00:00,41.46,41.47,41.23,41.23,2446.0,2,0.0
2023-09-21 19:00:00,41.23,41.28,40.98,41.17,2608.0,2,0.0
2023-09-22 10:00:00,41.54,41.54,41.42,41.44,234.0,6,0.0
2023-09-22 11:00:00,41.45,41.45,41.31,41.35,410.0,4,0.0
2023-09-22 12:00:00,41.36,41.61,41.36,41.59,915.0,4,0.0
2023-09-22 13:00:00,41.59,41.89,41.33,41.65,3111.0,3,0.0
2023-09-22 14:00:00,41.66,42.01,41.22,41.95,3654.0,2,0.0
2023-09-22 15:00:00,41.96,42.1,41.82,41.84,2910.0,2,0.0
2023-09-22 16:00:00,41.84,41.98,41.79,41.88,2115.0,2,0.0
2023-09-22 17:00:00,41.88,41.88,41.49,41.49,2367.0,2,0.0
2023-09-22 18:00:00,41.49,41.59,41.29,41.54,2442.0,2,0.0
2023-09-22 19:00:00,41.54,41.96,41.52,41.71,2157.0,2,0.0
2023-09-25 10:00:00,41.5,41.57,41.43,41.49,230.0,4,0.0
2023-09-25 11:00:00,41.5,41.55,41.21,41.23,611.0,4,0.0
2023-09-25 12:00:00,41.22,41.44,41.12,41.31,785.0,4,0.0
2023-09-25 13:00:00,41.31,42.43,41.17,42.17,4360.0,3,0.0
2023-09-25 14:00:00,42.17,42.51,41.86,41.87,3654.0,4,0.0
2023-09-25 15:00:00,41.87,42.43,41.87,42.21,2674.0,3,0.0
2023-09-25 16:00:00,42.21,42.45,42.01,42.07,2509.0,3,0.0
2023-09-25 17:00:00,42.07,42.29,41.96,42.08,2290.0,3,0.0
2023-09-25 18:00:00,42.08,42.15,41.89,41.92,2347.0,3,0.0
2023-09-25 19:00:00,41.92,41.99,41.75,41.88,2012.0,2,0.0
2023-09-26 10:00:00,41.94,42.05,41.93,42.05,197.0,4,0.0
2023-09-26 11:00:00,42.05,42.22,41.97,42.21,364.0,4,0.0
2023-09-26 12:00:00,42.22,42.43,42.09,42.11,767.0,4,0.0
2023-09-26 13:00:00,42.1,42.17,41.65,41.82,3588.0,4,0.0
2023-09-26 14:00:00,41.82,42.8,41.79,42.46,4280.0,3,0.0
2023-09-26 15:00:00,42.46,42.57,42.03,42.07,3208.0,3,0.0
2023-09-26 16:00:00,42.07,42.37,42.01,42.25,2309.0,3,0.0
2023-09-26 17:00:00,42.25,42.34,41.98,42.21,2410.0,3,0.0
2023-09-26 18:00:00,42.21,42.36,42.01,42.09,2288.0,2,0.0
2023-09-26 19:00:00,42.09,42.09,41.75,41.87,2218.0,2,0.0
2023-09-27 10:00:00,42.01,42.06,41.92,42.06,202.0,4,0.0
2023-09-27 11:00:00,42.05,42.18,42.01,42.16,507.0,4,0.0
2023-09-27 12:00:00,42.17,42.27,42.08,42.24,555.0,4,0.0
2023-09-27 13:00:00,42.22,42.63,42.19,42.36,3491.0,4,0.0
2023-09-27 14:00:00,42.36,42.41,41.87,41.95,3230.0,3,0.0
2023-09-27 15:00:00,41.95,42.26,41.76,41.79,3058.0,3,0.0
2023-09-27 16:00:00,41.78,41.9,41.62,41.71,2847.0,3,0.0
2023-09-27 17:00:00,41.71,41.93,41.64,41.82,2774.0,3,0.0
2023-09-27 18:00:00,41.82,42.52,41.73,42.46,3304.0,3,0.0
2023-09-27 19:00:00,42.46,42.86,42.36,42.41,3415.0,3,0.0
2023-09-28 10:00:00,42.37,42.38,42.29,42.35,200.0,4,0.0
2023-09-28 11:00:00,42.35,42.38,42.28,42.36,315.0,4,0.0
2023-09-28 12:00:00,42.36,42.67,42.36,42.44,1125.0,4,0.0
2023-09-28 13:00:00,42.43,42.87,42.1,42.75,3940.0,4,0.0
2023-09-28 14:00:00,42.76,43.01,42.37,42.8,3888.0,3,0.0
2023-09-28 15:00:00,42.8,43.44,42.63,43.37,3199.0,2,0.0
2023-09-28 16:00:00,43.37,43.42,43.1,43.17,2729.0,3,0.0
2023-09-28 17:00:00,43.17,43.31,42.96,43.14,2795.0,3,0.0
2023-09-28 18:00:00,43.14,43.27,42.78,43.03,3133.0,3,0.0
2023-09-28 19:00:00,43.02,43.3,42.94,43.07,2382.0,2,0.0
2023-09-29 10:00:00,43.61,43.61,43.5,43.56,190.0,6,0.0
2023-09-29 11:00:00,43.56,43.63,43.47,43.54,369.0,4,0.0
2023-09-29 12:00:00,43.54,43.79,43.51,43.77,929.0,4,0.0
2023-09-29 13:00:00,43.78,44.11,43.63,43.95,3881.0,3,0.0
2023-09-29 14:00:00,43.96,44.09,43.71,43.88,3615.0,3,0.0
2023-09-29 15:00:00,43.88,43.98,43.62,43.72,3217.0,3,0.0
2023-09-29 16:00:00,43.72,43.79,43.53,43.56,2747.0,3,0.0
2023-09-29 17:00:00,43.56,43.59,43.3,43.3,2899.0,2,0.0
2023-09-29 18:00:00,43.3,43.64,43.3,43.64,2761.0,3,0.0
2023-09-29 19:00:00,43.64,43.68,43.44,43.45,2448.0,3,0.0
2023-10-02 10:00:00,44.06,44.1,44.0,44.04,244.0,6,0.0
2023-10-02 11:00:00,44.04,44.06,43.9,43.95,601.0,4,0.0
2023-10-02 12:00:00,43.95,44.03,43.85,43.89,961.0,4,0.0
2023-10-02 13:00:00,43.87,44.66,43.74,44.55,4019.0,3,0.0
2023-10-02 14:00:00,44.54,45.01,44.52,44.78,4034.0,3,0.0
2023-10-02 15:00:00,44.79,45.16,44.61,44.7,3258.0,3,0.0
2023-10-02 16:00:00,44.7,44.83,44.54,44.59,2590.0,3,0.0
2023-10-02 17:00:00,44.58,44.84,44.47,44.72,2304.0,3,0.0
2023-10-02 18:00:00,44.72,44.72,44.25,44.46,2817.0,3,0.0
2023-10-02 19:00:00,44.45,44.58,44.28,44.5,2114.0,3,0.0
2023-10-03 10:00:00,44.96,45.08,44.93,44.99,194.0,6,0.0
2023-10-03 11:00:00,44.98,44.99,44.76,44.91,801.0,4,0.0
2023-10-03 12:00:00,44.91,44.91,44.58,44.62,1224.0,4,0.0
2023-10-03 13:00:00,44.61,45.11,44.56,44.99,3525.0,4,0.0
2023-10-03 14:00:00,44.98,44.99,43.67,43.71,4268.0,3,0.0
2023-10-03 15:00:00,43.7,43.92,43.59,43.67,3274.0,3,0.0
2023-10-03 16:00:00,43.67,44.09,43.63,43.89,2583.0,3,0.0
2023-10-03 17:00:00,43.89,44.01,43.5,43.55,2578.0,3,0.0
2023-10-03 18:00:00,43.55,43.66,43.39,43.57,2594.0,3,0.0
2023-10-03 19:00:00,43.57,43.69,43.24,43.46,2279.0,2,0.0
2023-10-04 10:00:00,43.39,43.48,43.3,43.32,250.0,4,0.0
2023-10-04 11:00:00,43.33,43.67,43.33,43.61,692.0,4,0.0
2023-10-04 12:00:00,43.61,43.91,43.56,43.72,1437.0,4,0.0
2023-10-04 13:00:00,43.72,44.01,43.54,43.83,3514.0,3,0.0
2023-10-04 14:00:00,43.81,43.86,43.28,43.59,4396.0,2,0.0
2023-10-04 15:00:00,43.59,44.12,43.53,44.07,3357.0,2,0.0
2023-10-04 16:00:00,44.07,44.08,43.68,43.93,2711.0,2,0.0
2023-10-04 17:00:00,43.93,43.95,43.51,43.53,2493.0,2,0.0
2023-10-04 18:00:00,43.53,43.78,43.45,43.73,2567.0,2,0.0
2023-10-04 19:00:00,43.73,44.04,43.66,43.95,2086.0,2,0.0
2023-10-05 10:00:00,43.96,44.15,43.96,44.15,246.0,4,0.0
2023-10-05 11:00:00,44.15,44.35,44.1,44.35,644.0,4,0.0
2023-10-05 12:00:00,44.34,44.41,44.03,44.07,1053.0,4,0.0
2023-10-05 13:00:00,44.09,44.47,43.9,44.22,4305.0,3,0.0
2023-10-05 14:00:00,44.22,44.51,43.88,44.14,4965.0,3,0.0
2023-10-05 15:00:00,44.14,44.45,44.08,44.31,3671.0,2,0.0
2023-10-05 16:00:00,44.31,44.58,44.29,44.52,3157.0,2,0.0
2023-10-05 17:00:00,44.53,44.7,44.3,44.7,3159.0,2,0.0
2023-10-05 18:00:00,44.7,44.89,44.68,44.85,3229.0,2,0.0
2023-10-05 19:00:00,44.85,44.87,44.62,44.79,2457.0,2,0.0
2023-10-06 10:00:00,44.83,44.9,44.82,44.82,184.0,4,0.0
2023-10-06 11:00:00,44.82,44.86,44.67,44.7,634.0,4,0.0
2023-10-06 12:00:00,44.69,44.7,43.92,44.05,2278.0,4,0.0
2023-10-06 13:00:00,44.04,44.5,43.98,44.22,5147.0,3,0.0
2023-10-06 14:00:00,44.22,45.03,44.07,44.87,4910.0,2,0.0
2023-10-06 15:00:00,44.88,45.46,44.82,45.46,3717.0,2,0.0
2023-10-06 16:00:00,45.47,45.61,45.4,45.53,3194.0,2,0.0
2023-10-06 17:00:00,45.53,45.63,45.42,45.5,2681.0,2,0.0
2023-10-06 18:00:00,45.51,45.64,45.44,45.59,2525.0,2,0.0
2023-10-06 19:00:00,45.59,45.77,45.53,45.71,2145.0,2,0.0
2023-10-09 10:00:00,44.58,44.69,44.57,44.65,342.0,6,0.0
2023-10-09 11:00:00,44.65,44.94,44.65,44.94,857.0,4,0.0
2023-10-09 12:00:00,44.94,44.95,44.75,44.83,1051.0,4,0.0
2023-10-09 13:00:00,44.83,45.02,44.45,44.78,5588.0,3,0.0
2023-10-09 14:00:00,44.78,44.85,44.41,44.47,4159.0,2,0.0
2023-10-09 15:00:00,44.47,44.65,44.36,44.62,3226.0,2,0.0
2023-10-09 16:00:00,44.62,44.85,44.58,44.85,2714.0,2,0.0
2023-10-09 17:00:00,44.85,45.46,44.81,45.46,3235.0,2,0.0
2023-10-09 18:00:00,45.46,45.59,45.28,45.5,3276.0,2,0.0
2023-10-09 19:00:00,45.5,45.53,45.31,45.38,2628.0,2,0.0
2023-10-10 10:00:00,45.39,45.46,45.38,45.39,155.0,3,0.0
2023-10-10 11:00:00,45.4,45.45,45.24,45.25,390.0,4,0.0
2023-10-10 12:00:00,45.26,45.29,45.19,45.27,424.0,4,0.0
2023-10-10 13:00:00,45.27,45.56,45.08,45.55,3802.0,3,0.0
2023-10-10 14:00:00,45.56,45.83,45.32,45.81,3936.0,2,0.0
2023-10-10 15:00:00,45.81,46.23,45.8,46.16,3354.0,2,0.0
2023-10-10 16:00:00,46.15,46.25,46.01,46.19,2626.0,2,0.0
2023-10-10 17:00:00,46.19,46.19,45.75,45.93,3348.0,2,0.0
2023-10-10 18:00:00,45.92,46.04,45.8,45.98,2796.0,2,0.0
2023-10-10 19:00:00,45.98,46.04,45.88,45.92,2271.0,2,0.0
2023-10-11 10:00:00,46.06,46.1,46.05,46.06,143.0,4,0.0
2023-10-11 11:00:00,46.06,46.27,46.04,46.16,578.0,4,0.0
2023-10-11 12:00:00,46.15,46.26,46.02,46.21,819.0,4,0.0
2023-10-11 13:00:00,46.21,46.54,46.1,46.23,3932.0,3,0.0
2023-10-11 14:00:00,46.24,46.64,46.15,46.61,4306.0,2,0.0
2023-10-11 15:00:00,46.61,46.71,46.21,46.4,3277.0,2,0.0
2023-10-11 16:00:00,46.41,46.42,46.14,46.31,2800.0,2,0.0
2023-10-11 17:00:00,46.31,46.34,46.04,46.23,2705.0,2,0.0
2023-10-11 18:00:00,46.23,46.52,46.23,46.48,3084.0,2,0.0
2023-10-11 19:00:00,46.48,46.69,46.4,46.63,2483.0,2,0.0
2023-10-12 10:00:00,46.95,47.02,46.85,46.87,280.0,6,0.0
2023-10-12 11:00:00,46.87,46.9,46.74,46.78,474.0,4,0.0
2023-10-12 12:00:00,46.77,46.89,46.64,46.84,1280.0,4,0.0
2023-10-12 13:00:00,46.86,47.16,46.65,47.15,4395.0,3,0.0
2023-10-12 14:00:00,47.15,47.59,47.05,47.26,4433.0,2,0.0
2023-10-12 15:00:00,47.26,47.45,47.14,47.38,3709.0,2,0.0
2023-10-12 16:00:00,47.38,47.55,47.27,47.44,4949.0,2,0.0
2023-10-12 17:00:00,47.45,47.48,46.69,46.74,4718.0,2,0.0
2023-10-12 18:00:00,46.73,46.89,46.32,46.74,3809.0,2,0.0
2023-10-12 19:00:00,46.75,47.03,46.74,46.9,2616.0,2,0.0
2023-10-13 10:00:00,46.4,46.63,46.33,46.6,334.0,6,0.0
2023-10-13 11:00:00,46.59,46.74,46.57,46.66,631.0,4,0.0
2023-10-13 12:00:00,46.66,46.95,46.65,46.91,768.0,4,0.0
2023-10-13 13:00:00,46.91,47.09,46.53,46.86,6457.0,2,0.0
2023-10-13 14:00:00,46.83,46.92,46.4,46.43,9268.0,2,0.0
2023-10-13 15:00:00,46.43,46.47,45.95,46.05,7560.0,2,0.0
2023-10-13 16:00:00,46.05,46.19,45.87,46.02,5469.0,2,0.0
2023-10-13 17:00:00,46.02,46.04,45.4,45.54,6342.0,2,0.0
2023-10-13 18:00:00,45.53,45.64,45.27,45.56,6348.0,2,0.0
2023-10-13 19:00:00,45.56,45.74,45.41,45.45,5670.0,2,0.0
2023-10-16 10:00:00,44.91,44.99,44.87,44.97,201.0,6,0.0
2023-10-16 11:00:00,44.97,45.05,44.7,45.04,860.0,4,0.0
2023-10-16 12:00:00,45.03,45.16,44.85,45.12,954.0,4,0.0
2023-10-16 13:00:00,45.13,45.83,44.9,45.54,5836.0,3,0.0
2023-10-16 14:00:00,45.55,46.11,45.48,45.95,5251.0,2,0.0
2023-10-16 15:00:00,45.95,46.21,45.81,45.82,3121.0,2,0.0
2023-10-16 16:00:00,45.82,45.94,45.73,45.88,2562.0,2,0.0
2023-10-16 17:00:00,45.88,46.05,45.5,45.84,3121.0,2,0.0
2023-10-16 18:00:00,45.84,45.99,45.73,45.99,2485.0,2,0.0
2023-10-16 19:00:00,45.99,46.17,45.92,46.13,2346.0,2,0.0
2023-10-17 10:00:00,45.93,45.95,45.71,45.79,596.0,4,0.0
2023-10-17 11:00:00,45.79,45.86,45.43,45.71,732.0,4,0.0
2023-10-17 12:00:00,45.71,45.71,44.12,44.4,3131.0,4,0.0
2023-10-17 13:00:00,44.4,44.61,42.48,43.0,12192.0,3,0.0
2023-10-17 14:00:00,42.99,44.23,42.95,43.97,7056.0,3,0.0
2023-10-17 15:00:00,43.96,44.48,43.78,44.41,4762.0,3,0.0
2023-10-17 16:00:00,44.41,44.74,44.33,44.41,3729.0,2,0.0
2023-10-17 17:00:00,44.41,44.44,43.65,43.69,3949.0,2,0.0
2023-10-17 18:00:00,43.69,44.1,43.66,43.75,3874.0,2,0.0
2023-10-17 19:00:00,43.75,43.96,43.64,43.82,3361.0,2,0.0
2023-10-18 10:00:00,43.29,43.29,43.14,43.22,406.0,6,0.0
2023-10-18 11:00:00,43.23,43.41,43.11,43.11,650.0,4,0.0
2023-10-18 12:00:00,43.12,43.2,42.99,43.03,1042.0,4,0.0
2023-10-18 13:00:00,43.03,43.2,42.32,42.72,8313.0,3,0.0
2023-10-18 14:00:00,42.72,42.92,42.29,42.32,6764.0,2,0.0
2023-10-18 15:00:00,42.33,42.56,42.18,42.32,4545.0,2,0.0
2023-10-18 16:00:00,42.31,42.69,42.11,42.14,4422.0,2,0.0
2023-10-18 17:00:00,42.13,42.48,42.03,42.32,4558.0,2,0.0
2023-10-18 18:00:00,42.32,42.39,42.0,42.04,4104.0,2,0.0
2023-10-18 19:00:00,42.03,42.09,41.88,41.93,3469.0,2,0.0
2023-10-19 10:00:00,42.2,42.67,42.2,42.58,765.0,4,0.0
2023-10-19 11:00:00,42.57,42.57,42.32,42.55,674.0,4,0.0
2023-10-19 12:00:00,42.54,42.79,42.5,42.72,1050.0,4,0.0
2023-10-19 13:00:00,42.73,43.01,42.23,42.73,5892.0,2,0.0
2023-10-19 14:00:00,42.74,43.28,42.55,42.83,5613.0,3,0.0
2023-10-19 15:00:00,42.83,43.02,42.53,42.83,3911.0,2,0.0
2023-10-19 16:00:00,42.83,43.14,42.4,42.63,6205.0,3,0.0
2023-10-19 17:00:00,42.63,42.85,42.34,42.47,4380.0,2,0.0
2023-10-19 18:00:00,42.46,42.53,41.88,42.02,4423.0,2,0.0
2023-10-19 19:00:00,42.02,42.29,41.98,42.0,3483.0,2,0.0
2023-10-20 10:00:00,42.05,42.08,41.91,42.03,618.0,4,0.0
2023-10-20 11:00:00,42.01,42.1,41.9,42.07,581.0,4,0.0
2023-10-20 12:00:00,42.07,42.07,41.62,41.66,883.0,4,0.0
2023-10-20 13:00:00,41.64,42.45,41.64,42.24,6134.0,2,0.0
2023-10-20 14:00:00,42.24,42.4,41.08,41.1,5647.0,2,0.0
2023-10-20 15:00:00,41.09,41.48,41.07,41.37,4565.0,2,0.0
2023-10-20 16:00:00,41.37,41.63,41.19,41.63,3661.0,2,0.0
2023-10-20 17:00:00,41.63,41.86,41.47,41.74,4107.0,2,0.0
2023-10-20 18:00:00,41.75,41.78,41.41,41.54,3853.0,2,0.0
2023-10-20 19:00:00,41.55,41.62,41.42,41.47,2791.0,2,0.0
2023-10-23 10:00:00,40.84,41.03,40.79,41.02,329.0,4,0.0
2023-10-23 11:00:00,41.03,41.11,40.93,41.05,445.0,4,0.0
2023-10-23 12:00:00,41.06,41.39,40.97,41.2,795.0,4,0.0
2023-10-23 13:00:00,41.2,41.94,40.94,41.91,5674.0,2,0.0
2023-10-23 14:00:00,41.92,42.54,41.72,42.37,5360.0,2,0.0
2023-10-23 15:00:00,42.38,42.75,42.21,42.75,4016.0,2,0.0
2023-10-23 16:00:00,42.75,42.98,42.62,42.98,3769.0,2,0.0
2023-10-23 17:00:00,42.99,42.99,42.71,42.83,3413.0,2,0.0
2023-10-23 18:00:00,42.83,42.95,42.74,42.91,3614.0,2,0.0
2023-10-23 19:00:00,42.92,43.23,42.8,42.97,3925.0,2,0.0
2023-10-24 10:00:00,43.55,43.65,43.5,43.58,323.0,6,0.0
2023-10-24 11:00:00,43.58,43.78,43.55,43.7,510.0,4,0.0
2023-10-24 12:00:00,43.69,43.69,43.51,43.55,675.0,4,0.0
2023-10-24 13:00:00,43.55,43.56,42.69,43.3,6294.0,3,0.0
2023-10-24 14:00:00,43.3,43.3,42.75,43.03,5059.0,2,0.0
2023-10-24 15:00:00,43.02,43.2,42.87,43.19,3298.0,2,0.0
2023-10-24 16:00:00,43.2,43.21,42.71,42.86,3044.0,2,0.0
2023-10-24 17:00:00,42.85,43.16,42.84,43.1,2868.0,2,0.0
2023-10-24 18:00:00,43.1,43.36,43.05,43.33,2848.0,2,0.0
2023-10-24 19:00:00,43.33,43.66,43.31,43.64,2640.0,2,0.0
2023-10-25 10:00:00,43.4,43.46,43.34,43.43,202.0,4,0.0
2023-10-25 11:00:00,43.44,43.56,43.4,43.41,365.0,4,0.0
2023-10-25 12:00:00,43.41,43.46,43.25,43.25,617.0,4,0.0
2023-10-25 13:00:00,43.26,43.61,42.86,43.19,4499.0,2,0.0
2023-10-25 14:00:00,43.18,43.46,42.94,43.0,5278.0,2,0.0
2023-10-25 15:00:00,43.0,43.16,42.51,42.54,4712.0,2,0.0
2023-10-25 16:00:00,42.54,42.63,42.21,42.33,4104.0,2,0.0
2023-10-25 17:00:00,42.32,42.37,41.7,41.98,4489.0,2,0.0
2023-10-25 18:00:00,41.98,42.14,41.65,41.74,4081.0,2,0.0
2023-10-25 19:00:00,41.74,41.93,41.55,41.74,3484.0,2,0.0
2023-10-26 10:00:00,41.06,41.15,41.03,41.09,295.0,6,0.0
2023-10-26 11:00:00,41.09,41.11,40.74,40.89,828.0,4,0.0
2023-10-26 12:00:00,40.9,41.42,40.86,41.4,1425.0,4,0.0
2023-10-26 13:00:00,41.41,42.23,41.0,41.17,6890.0,2,0.0
2023-10-26 14:00:00,41.18,41.32,40.67,41.13,7455.0,2,0.0
2023-10-26 15:00:00,41.13,41.14,40.25,40.6,6356.0,2,0.0
2023-10-26 16:00:00,40.61,40.65,40.0,40.05,5642.0,2,0.0
2023-10-26 17:00:00,40.05,40.43,39.87,40.42,5597.0,2,0.0
2023-10-26 18:00:00,40.43,40.91,40.29,40.91,5033.0,2,0.0
2023-10-26 19:00:00,40.9,40.97,40.33,40.33,3858.0,2,0.0
2023-10-27 10:00:00,40.98,41.05,40.92,40.92,225.0,6,0.0
2023-10-27 11:00:00,40.92,40.95,40.76,40.81,605.0,4,0.0
2023-10-27 12:00:00,40.81,41.13,40.78,41.06,1107.0,4,0.0
2023-10-27 13:00:00,41.06,41.17,40.58,40.75,5186.0,2,0.0
2023-10-27 14:00:00,40.77,40.91,40.41,40.56,5710.0,2,0.0
2023-10-27 15:00:00,40.57,41.02,40.49,40.88,4470.0,2,0.0
2023-10-27 16:00:00,40.88,40.94,40.59,40.61,3540.0,2,0.0
2023-10-27 17:00:00,40.61,40.63,40.16,40.21,4187.0,2,0.0
2023-10-27 18:00:00,40.21,40.39,40.01,40.18,4433.0,2,0.0
2023-10-27 19:00:00,40.18,40.39,40.15,40.27,3472.0,2,0.0
2023-10-30 10:00:00,41.07,41.07,40.9,41.02,214.0,6,0.0
2023-10-30 11:00:00,41.02,41.06,40.93,41.05,337.0,6,0.0
2023-10-30 12:00:00,41.04,41.04,40.87,40.94,452.0,4,0.0
2023-10-30 13:00:00,40.93,41.75,40.77,41.53,5317.0,2,0.0
2023-10-30 14:00:00,41.54,41.58,40.63,40.81,6005.0,2,0.0
2023-10-30 15:00:00,40.82,41.06,40.61,41.05,4269.0,2,0.0
2023-10-30 16:00:00,41.05,41.07,40.47,40.57,4294.0,2,0.0
2023-10-30 17:00:00,40.57,41.2,40.49,41.18,4157.0,2,0.0
2023-10-30 18:00:00,41.18,41.36,40.95,41.31,3880.0,2,0.0
2023-10-30 19:00:00,41.31,41.49,41.22,41.26,3313.0,2,0.0
2023-10-31 10:00:00,40.91,40.92,40.81,40.9,286.0,4,0.0
2023-10-31 11:00:00,40.9,41.08,40.87,40.91,487.0,4,0.0
2023-10-31 12:00:00,40.91,40.91,40.4,40.44,1030.0,4,0.0
2023-10-31 13:00:00,40.44,40.57,39.22,39.65,6792.0,3,0.0
2023-10-31 14:00:00,39.64,40.28,39.5,40.24,7180.0,2,0.0
2023-10-31 15:00:00,40.25,40.34,40.02,40.24,5148.0,2,0.0
2023-10-31 16:00:00,40.23,40.38,40.04,40.35,4207.0,2,0.0
2023-10-31 17:00:00,40.35,40.64,40.2,40.62,3733.0,2,0.0
2023-10-31 18:00:00,40.62,40.67,40.41,40.66,3477.0,2,0.0
2023-10-31 19:00:00,40.66,40.87,40.63,40.67,3242.0,2,0.0
2023-11-01 10:00:00,40.48,40.55,40.41,40.51,249.0,4,0.0
2023-11-01 11:00:00,40.51,40.53,40.4,40.45,393.0,4,0.0
2023-11-01 12:00:00,40.45,40.87,40.45,40.69,810.0,4,0.0
2023-11-01 13:00:00,40.68,41.56,40.58,41.23,4544.0,2,0.0
2023-11-01 14:00:00,41.27,41.94,41.07,41.93,5201.0,2,0.0
2023-11-01 15:00:00,41.93,42.03,41.71,41.88,4012.0,2,0.0
2023-11-01 16:00:00,41.88,41.92,41.56,41.66,3404.0,2,0.0
2023-11-01 17:00:00,41.66,41.76,41.57,41.72,3012.0,2,0.0
2023-11-01 18:00:00,41.72,41.96,41.4,41.81,5706.0,2,0.0
2023-11-01 19:00:00,41.81,42.31,41.8,42.24,4236.0,2,0.0
2023-11-02 10:00:00,43.15,43.2,43.07,43.09,346.0,6,0.0
2023-11-02 11:00:00,43.09,43.23,43.01,43.21,532.0,4,0.0
2023-11-02 12:00:00,43.21,43.44,43.11,43.41,1114.0,4,0.0
2023-11-02 13:00:00,43.42,43.57,43.0,43.2,4984.0,3,0.0
2023-11-02 14:00:00,43.21,43.43,42.89,43.3,5022.0,2,0.0
2023-11-02 15:00:00,43.31,43.39,43.06,43.13,3580.0,2,0.0
2023-11-02 16:00:00,43.13,43.32,43.06,43.24,3225.0,2,0.0
2023-11-02 17:00:00,43.24,43.39,43.2,43.39,2594.0,2,0.0
2023-11-02 18:00:00,43.39,43.7,43.23,43.67,2915.0,2,0.0
2023-11-02 19:00:00,43.67,43.87,43.55,43.58,2754.0,2,0.0
2023-11-03 10:00:00,43.26,43.35,43.25,43.35,133.0,6,0.0
2023-11-03 11:00:00,43.35,43.69,43.21,43.68,499.0,4,0.0
2023-11-03 12:00:00,43.67,44.16,43.55,44.05,1381.0,4,0.0
2023-11-03 13:00:00,44.05,44.33,43.72,44.17,4726.0,3,0.0
2023-11-03 14:00:00,44.19,44.43,43.89,44.43,5257.0,2,0.0
2023-11-03 15:00:00,44.43,44.69,44.31,44.61,3821.0,2,0.0
2023-11-03 16:00:00,44.62,44.85,44.54,44.79,3032.0,2,0.0
2023-11-03 17:00:00,44.79,45.03,44.65,44.98,2885.0,2,0.0
2023-11-03 18:00:00,44.98,45.23,44.9,45.22,3068.0,2,0.0
2023-11-03 19:00:00,45.22,45.3,45.03,45.13,2729.0,2,0.0
2023-11-06 13:00:00,45.47,45.47,45.2,45.21,638.0,4,0.0
2023-11-06 14:00:00,45.21,45.92,45.18,45.66,4465.0,3,0.0
2023-11-06 15:00:00,45.67,45.73,45.31,45.6,4358.0,3,0.0
2023-11-06 16:00:00,45.6,45.74,45.51,45.59,2869.0,3,0.0
2023-11-06 17:00:00,45.59,45.6,45.16,45.32,2623.0,2,0.0
2023-11-06 18:00:00,45.33,45.33,44.89,45.26,3588.0,2,0.0
2023-11-06 19:00:00,45.26,45.62,45.15,45.62,3291.0,2,0.0
2023-11-06 20:00:00,45.62,45.73,45.48,45.62,2717.0,2,0.0
2023-11-07 11:00:00,45.42,45.42,45.29,45.33,196.0,4,0.0
2023-11-07 12:00:00,45.34,45.53,45.33,45.51,580.0,4,0.0
2023-11-07 13:00:00,45.51,45.67,45.49,45.66,542.0,4,0.0
2023-11-07 14:00:00,45.65,45.95,45.15,45.51,4018.0,3,0.0
2023-11-07 15:00:00,45.51,46.2,45.41,46.1,4429.0,2,0.0
2023-11-07 16:00:00,46.1,46.16,45.87,45.97,3270.0,3,0.0
2023-11-07 17:00:00,45.97,46.05,45.78,46.0,2924.0,2,0.0
2023-11-07 18:00:00,46.0,46.15,45.96,46.1,2398.0,2,0.0
2023-11-07 19:00:00,46.09,46.2,45.96,46.01,2291.0,2,0.0
2023-11-07 20:00:00,46.01,46.11,45.86,46.09,2112.0,2,0.0
2023-11-08 11:00:00,46.11,46.11,46.06,46.1,270.0,2,0.0
2023-11-08 12:00:00,46.1,46.1,46.02,46.07,282.0,4,0.0
2023-11-08 13:00:00,46.07,46.12,46.01,46.08,296.0,4,0.0
2023-11-08 14:00:00,46.09,46.59,45.96,46.45,3605.0,3,0.0
2023-11-08 15:00:00,46.45,46.5,46.07,46.25,4342.0,2,0.0
2023-11-08 16:00:00,46.25,46.55,46.24,46.42,3414.0,2,0.0
2023-11-08 17:00:00,46.43,46.44,46.14,46.39,3124.0,2,0.0
2023-11-08 18:00:00,46.39,46.73,46.35,46.7,3239.0,2,0.0
2023-11-08 19:00:00,46.7,46.85,46.54,46.55,2924.0,2,0.0
2023-11-08 20:00:00,46.56,46.64,46.44,46.61,2347.0,2,0.0
2023-11-09 11:00:00,46.79,46.8,46.59,46.72,434.0,4,0.0
2023-11-09 12:00:00,46.71,47.22,46.68,47.15,762.0,4,0.0
2023-11-09 13:00:00,47.15,47.53,47.14,47.47,1589.0,4,0.0
2023-11-09 14:00:00,47.47,47.83,47.17,47.81,4493.0,3,0.0
2023-11-09 15:00:00,47.82,47.85,47.41,47.7,4899.0,3,0.0
2023-11-09 16:00:00,47.69,48.22,47.67,48.16,3441.0,2,0.0
2023-11-09 17:00:00,48.15,48.21,47.77,48.07,3154.0,2,0.0
2023-11-09 18:00:00,48.08,48.08,47.48,47.72,4126.0,2,0.0
2023-11-09 19:00:00,47.72,47.72,46.85,46.91,4940.0,2,0.0
2023-11-09 20:00:00,46.91,47.08,46.74,46.81,3082.0,2,0.0
2023-11-10 11:00:00,46.68,46.72,46.61,46.68,423.0,4,0.0
2023-11-10 12:00:00,46.69,47.24,46.69,47.22,703.0,4,0.0
2023-11-10 13:00:00,47.21,47.37,47.15,47.35,902.0,4,0.0
2023-11-10 14:00:00,47.36,47.91,47.27,47.77,4670.0,3,0.0
2023-11-10 15:00:00,47.75,47.86,47.41,47.86,5227.0,2,0.0
2023-11-10 16:00:00,47.85,48.0,47.7,47.81,3457.0,2,0.0
2023-11-10 17:00:00,47.81,48.21,47.8,48.12,2979.0,2,0.0
2023-11-10 18:00:00,48.13,48.26,48.0,48.16,2798.0,2,0.0
2023-11-10 19:00:00,48.16,48.46,48.11,48.34,2906.0,2,0.0
2023-11-10 20:00:00,48.33,48.43,48.23,48.37,2406.0,2,0.0
2023-11-13 11:00:00,48.54,48.62,48.45,48.6,388.0,4,0.0
2023-11-13 12:00:00,48.59,48.77,48.58,48.66,629.0,4,0.0
2023-11-13 13:00:00,48.66,48.75,48.43,48.43,895.0,4,0.0
2023-11-13 14:00:00,48.43,48.62,48.08,48.37,4465.0,3,0.0
2023-11-13 15:00:00,48.37,48.98,48.36,48.67,5036.0,3,0.0
2023-11-13 16:00:00,48.67,49.03,48.67,48.82,3447.0,3,0.0
2023-11-13 17:00:00,48.82,48.86,48.66,48.82,2692.0,3,0.0
2023-11-13 18:00:00,48.82,48.98,48.68,48.84,2467.0,2,0.0
2023-11-13 19:00:00,48.84,49.04,48.81,48.93,2460.0,2,0.0
2023-11-13 20:00:00,48.93,49.1,48.81,48.87,2464.0,2,0.0
2023-11-14 11:00:00,48.93,48.99,48.89,48.99,190.0,4,0.0
2023-11-14 12:00:00,48.99,48.99,48.85,48.96,481.0,4,0.0
2023-11-14 13:00:00,48.97,49.84,48.81,49.76,2055.0,4,0.0
2023-11-14 14:00:00,49.75,49.81,49.26,49.39,5626.0,2,0.0
2023-11-14 15:00:00,49.39,49.65,49.04,49.48,5062.0,3,0.0
2023-11-14 16:00:00,49.48,49.7,49.3,49.32,3214.0,2,0.0
2023-11-14 17:00:00,49.32,49.66,49.28,49.63,2813.0,3,0.0
2023-11-14 18:00:00,49.63,49.68,49.42,49.49,2450.0,3,0.0
2023-11-14 19:00:00,49.49,49.7,49.33,49.65,2553.0,2,0.0
2023-11-14 20:00:00,49.65,49.82,49.62,49.74,2118.0,2,0.0
2023-11-15 11:00:00,49.98,50.0,49.93,49.99,163.0,6,0.0
2023-11-15 12:00:00,49.98,50.1,49.96,50.02,486.0,4,0.0
2023-11-15 13:00:00,50.02,50.17,49.86,49.96,1273.0,4,0.0
2023-11-15 14:00:00,49.96,49.97,48.64,48.85,4524.0,3,0.0
2023-11-15 15:00:00,48.85,49.42,48.82,49.12,5443.0,3,0.0
2023-11-15 16:00:00,49.12,49.31,48.81,48.84,4095.0,2,0.0
2023-11-15 17:00:00,48.84,48.89,48.52,48.72,3986.0,3,0.0
2023-11-15 18:00:00,48.71,48.82,48.19,48.79,3525.0,2,0.0
2023-11-15 19:00:00,48.79,48.99,48.65,48.81,2939.0,2,0.0
2023-11-15 20:00:00,48.81,48.92,48.66,48.75,2367.0,2,0.0
2023-11-16 11:00:00,48.47,48.51,48.38,48.49,220.0,6,0.0
2023-11-16 12:00:00,48.49,48.57,48.27,48.42,669.0,4,0.0
2023-11-16 13:00:00,48.41,48.61,48.29,48.59,1243.0,4,0.0
2023-11-16 14:00:00,48.59,48.86,48.32,48.53,3798.0,3,0.0
2023-11-16 15:00:00,48.54,49.08,48.51,48.67,4714.0,3,0.0
2023-11-16 16:00:00,48.68,48.95,48.62,48.91,3220.0,3,0.0
2023-11-16 17:00:00,48.91,49.28,48.87,49.13,2802.0,3,0.0
2023-11-16 18:00:00,49.13,49.2,48.92,48.96,2640.0,3,0.0
2023-11-16 19:00:00,48.96,49.24,48.9,49.16,2547.0,2,0.0
2023-11-16 20:00:00,49.16,49.41,49.12,49.4,2117.0,2,0.0
2023-11-17 11:00:00,49.65,49.66,49.55,49.61,209.0,6,0.0
2023-11-17 12:00:00,49.61,49.69,49.58,49.67,324.0,4,0.0
2023-11-17 13:00:00,49.67,49.71,49.32,49.4,826.0,4,0.0
2023-11-17 14:00:00,49.4,49.7,49.13,49.46,3754.0,3,0.0
2023-11-17 15:00:00,49.46,49.5,49.1,49.26,4351.0,3,0.0
2023-11-17 16:00:00,49.26,49.34,49.0,49.34,3333.0,3,0.0
2023-11-17 17:00:00,49.34,49.49,49.23,49.38,2430.0,2,0.0
2023-11-17 18:00:00,49.38,49.62,49.34,49.46,2790.0,2,0.0
2023-11-17 19:00:00,49.45,49.57,49.34,49.41,2320.0,2,0.0
2023-11-17 20:00:00,49.42,49.46,49.15,49.18,2170.0,2,0.0
2023-11-20 11:00:00,49.5,49.6,49.47,49.54,276.0,6,0.0
2023-11-20 12:00:00,49.56,49.65,49.51,49.64,623.0,4,0.0
2023-11-20 13:00:00,49.63,49.69,49.56,49.57,736.0,4,0.0
2023-11-20 14:00:00,49.59,49.62,49.17,49.52,4122.0,3,0.0
2023-11-20 15:00:00,49.53,49.94,49.5,49.74,4757.0,3,0.0
2023-11-20 16:00:00,49.75,49.86,49.6,49.81,2969.0,3,0.0
2023-11-20 17:00:00,49.81,49.87,49.72,49.72,2446.0,2,0.0
2023-11-20 18:00:00,49.72,50.1,49.71,50.06,2784.0,2,0.0
2023-11-20 19:00:00,50.06,50.48,50.06,50.46,3109.0,2,0.0
2023-11-20 20:00:00,50.45,50.53,50.36,50.39,2234.0,2,0.0
2023-11-21 11:00:00,50.52,50.52,50.37,50.39,369.0,4,0.0
2023-11-21 12:00:00,50.4,50.46,50.2,50.29,634.0,4,0.0
2023-11-21 13:00:00,50.29,50.29,50.0,50.0,1069.0,4,0.0
2023-11-21 14:00:00,50.01,50.49,49.87,49.99,3424.0,3,0.0
2023-11-21 15:00:00,49.99,50.06,49.21,49.76,4575.0,3,0.0
2023-11-21 16:00:00,49.75,49.82,49.48,49.61,3252.0,3,0.0
2023-11-21 17:00:00,49.61,49.78,49.47,49.67,2547.0,3,0.0
2023-11-21 18:00:00,49.67,49.94,49.59,49.93,2264.0,3,0.0
2023-11-21 19:00:00,49.93,50.1,49.86,50.01,2791.0,3,0.0
2023-11-21 20:00:00,50.01,50.08,49.82,49.85,1901.0,2,0.0
2023-11-22 11:00:00,49.83,50.67,49.71,50.52,1210.0,4,0.0
2023-11-22 12:00:00,50.51,50.51,49.79,49.83,1986.0,4,0.0
2023-11-22 13:00:00,49.83,50.27,49.78,50.17,2670.0,4,0.0
2023-11-22 14:00:00,50.17,50.31,48.07,48.63,7742.0,3,0.0
2023-11-22 15:00:00,48.63,48.65,47.75,48.23,7483.0,2,0.0
2023-11-22 16:00:00,48.23,48.48,48.08,48.35,4647.0,3,0.0
2023-11-22 17:00:00,48.34,48.92,48.33,48.67,4175.0,3,0.0
2023-11-22 18:00:00,48.67,49.3,48.67,49.29,3699.0,3,0.0
2023-11-22 19:00:00,49.29,49.43,48.53,48.87,4396.0,3,0.0
2023-11-22 20:00:00,48.87,48.94,48.62,48.73,2860.0,3,0.0
2023-11-24 11:00:00,47.68,47.91,47.61,47.91,443.0,6,0.0
2023-11-24 12:00:00,47.92,47.96,47.73,47.92,723.0,4,0.0
2023-11-24 13:00:00,47.92,48.52,47.82,48.41,1615.0,4,0.0
2023-11-24 14:00:00,48.4,48.9,48.08,48.3,4305.0,3,0.0
2023-11-24 15:00:00,48.31,48.39,47.94,48.22,3760.0,3,0.0
2023-11-24 16:00:00,48.22,48.25,48.05,48.06,2388.0,2,0.0
2023-11-24 17:00:00,48.06,48.07,47.74,47.75,2942.0,2,0.0
2023-11-27 11:00:00,47.61,47.69,47.55,47.57,199.0,4,0.0
2023-11-27 12:00:00,47.57,47.85,47.57,47.8,581.0,4,0.0
2023-11-27 13:00:00,47.79,47.93,47.71,47.73,687.0,4,0.0
2023-11-27 14:00:00,47.72,48.24,47.58,48.11,3456.0,3,0.0
2023-11-27 15:00:00,48.12,48.3,48.04,48.1,3564.0,3,0.0
2023-11-27 16:00:00,48.1,48.13,47.86,48.08,2628.0,2,0.0
2023-11-27 17:00:00,48.09,48.36,48.04,48.36,2226.0,2,0.0
2023-11-27 18:00:00,48.36,48.52,48.31,48.32,2330.0,2,0.0
2023-11-27 19:00:00,48.32,48.43,48.17,48.26,2352.0,2,0.0
2023-11-27 20:00:00,48.27,48.41,48.23,48.35,1912.0,2,0.0
2023-11-28 11:00:00,48.23,48.27,48.21,48.21,139.0,4,0.0
2023-11-28 12:00:00,48.21,48.4,48.21,48.21,385.0,4,0.0
2023-11-28 13:00:00,48.22,48.32,48.15,48.32,546.0,4,0.0
2023-11-28 14:00:00,48.32,48.34,47.65,47.76,3285.0,3,0.0
2023-11-28 15:00:00,47.76,47.86,47.47,47.68,3870.0,2,0.0
2023-11-28 16:00:00,47.68,48.14,47.6,48.04,3051.0,2,0.0
2023-11-28 17:00:00,48.04,48.16,47.81,47.88,2474.0,2,0.0
2023-11-28 18:00:00,47.88,47.89,47.6,47.7,2852.0,2,0.0
2023-11-28 19:00:00,47.7,47.72,47.53,47.7,2655.0,2,0.0
2023-11-28 20:00:00,47.7,47.7,47.52,47.61,2003.0,2,0.0
2023-11-29 11:00:00,48.23,48.36,48.21,48.33,220.0,6,0.0
2023-11-29 12:00:00,48.32,48.32,48.14,48.2,410.0,6,0.0
2023-11-29 13:00:00,48.2,48.35,48.18,48.33,701.0,4,0.0
2023-11-29 14:00:00,48.33,48.74,48.12,48.61,4218.0,3,0.0
2023-11-29 15:00:00,48.62,48.66,48.15,48.5,4684.0,2,0.0
2023-11-29 16:00:00,48.5,48.51,47.85,48.07,4261.0,2,0.0
2023-11-29 17:00:00,48.07,48.25,47.95,48.18,3122.0,2,0.0
2023-11-29 18:00:00,48.17,48.25,48.02,48.21,2721.0,2,0.0
2023-11-29 19:00:00,48.21,48.27,48.03,48.26,2845.0,2,0.0
2023-11-29 20:00:00,48.26,48.29,48.06,48.13,2279.0,2,0.0
2023-11-30 11:00:00,48.32,48.32,48.24,48.24,109.0,6,0.0
2023-11-30 12:00:00,48.23,48.34,48.22,48.27,303.0,4,0.0
2023-11-30 13:00:00,48.27,48.33,48.17,48.19,874.0,4,0.0
2023-11-30 14:00:00,48.18,48.2,47.57,47.73,3349.0,3,0.0
2023-11-30 15:00:00,47.73,47.74,46.78,46.98,4789.0,3,0.0
2023-11-30 16:00:00,46.98,47.1,46.57,46.58,3565.0,2,0.0
2023-11-30 17:00:00,46.57,46.87,46.54,46.84,2881.0,2,0.0
2023-11-30 18:00:00,46.84,46.84,46.41,46.59,2675.0,2,0.0
2023-11-30 19:00:00,46.6,46.82,46.54,46.8,2503.0,2,0.0
2023-11-30 20:00:00,46.8,46.82,46.53,46.58,2304.0,2,0.0
2023-12-01 11:00:00,46.88,46.93,46.86,46.87,175.0,6,0.0
2023-12-01 12:00:00,46.86,46.86,46.42,46.44,564.0,4,0.0
2023-12-01 13:00:00,46.44,46.67,46.43,46.52,836.0,4,0.0
2023-12-01 14:00:00,46.53,46.98,46.18,46.58,5419.0,3,0.0
2023-12-01 15:00:00,46.6,46.76,46.21,46.53,5392.0,2,0.0
2023-12-01 16:00:00,46.53,47.06,46.4,46.99,4561.0,2,0.0
2023-12-01 17:00:00,46.99,47.18,46.78,47.09,3503.0,2,0.0
2023-12-01 18:00:00,47.09,47.12,46.74,46.8,3086.0,2,0.0
2023-12-01 19:00:00,46.8,46.85,46.67,46.81,3186.0,2,0.0
2023-12-01 20:00:00,46.81,46.82,46.68,46.7,2343.0,2,0.0
2023-12-04 11:00:00,46.46,46.48,46.22,46.31,295.0,4,0.0
2023-12-04 12:00:00,46.31,46.41,46.25,46.38,460.0,4,0.0
2023-12-04 13:00:00,46.38,46.38,46.13,46.14,727.0,4,0.0
2023-12-04 14:00:00,46.14,46.14,45.25,45.61,5909.0,2,0.0
2023-12-04 15:00:00,45.61,45.91,45.0,45.1,5598.0,2,0.0
2023-12-04 16:00:00,45.1,45.48,45.06,45.45,3877.0,2,0.0
2023-12-04 17:00:00,45.45,45.69,45.4,45.59,3327.0,2,0.0
2023-12-04 18:00:00,45.59,45.63,45.25,45.25,3005.0,2,0.0
2023-12-04 19:00:00,45.25,45.32,45.11,45.23,2936.0,2,0.0
2023-12-04 20:00:00,45.22,45.44,45.12,45.43,2799.0,2,0.0
2023-12-05 11:00:00,45.03,45.05,44.99,45.04,231.0,6,0.0
2023-12-05 12:00:00,45.03,45.14,44.99,45.07,535.0,4,0.0
2023-12-05 13:00:00,45.07,45.3,45.06,45.2,719.0,4,0.0
2023-12-05 14:00:00,45.19,46.11,45.19,46.08,5260.0,3,0.0
2023-12-05 15:00:00,46.07,46.57,46.07,46.46,5266.0,2,0.0
2023-12-05 16:00:00,46.46,46.49,45.74,45.88,4351.0,2,0.0
2023-12-05 17:00:00,45.89,46.17,45.89,46.1,3673.0,2,0.0
2023-12-05 18:00:00,46.1,46.26,46.01,46.24,3126.0,2,0.0
2023-12-05 19:00:00,46.24,46.41,46.13,46.39,3061.0,2,0.0
2023-12-05 20:00:00,46.4,46.46,46.31,46.33,2205.0,2,0.0
2023-12-06 11:00:00,47.17,47.2,46.98,47.06,326.0,6,0.0
2023-12-06 12:00:00,47.05,47.09,46.84,46.95,527.0,4,0.0
2023-12-06 13:00:00,46.95,47.21,46.92,47.19,1161.0,4,0.0
2023-12-06 14:00:00,47.19,47.35,46.6,46.64,5116.0,3,0.0
2023-12-06 15:00:00,46.64,46.81,46.35,46.52,3997.0,2,0.0
2023-12-06 16:00:00,46.52,46.55,46.21,46.41,3320.0,2,0.0
2023-12-06 17:00:00,46.41,46.46,46.05,46.07,2977.0,2,0.0
2023-12-06 18:00:00,46.07,46.13,45.71,45.98,3100.0,2,0.0
2023-12-06 19:00:00,45.98,46.0,45.76,45.78,2740.0,2,0.0
2023-12-06 20:00:00,45.78,45.82,45.57,45.72,2506.0,2,0.0
2023-12-07 11:00:00,45.56,45.66,45.54,45.63,255.0,4,0.0
2023-12-07 12:00:00,45.63,45.69,45.49,45.68,416.0,4,0.0
2023-12-07 13:00:00,45.68,45.77,45.63,45.71,623.0,4,0.0
2023-12-07 14:00:00,45.71,46.23,45.59,45.71,3799.0,3,0.0
2023-12-07 15:00:00,45.7,46.42,45.68,46.3,4035.0,2,0.0
2023-12-07 16:00:00,46.3,46.34,46.01,46.24,2961.0,2,0.0
2023-12-07 17:00:00,46.25,46.43,46.19,46.38,2414.0,2,0.0
2023-12-07 18:00:00,46.38,46.5,46.27,46.42,2597.0,2,0.0
2023-12-07 19:00:00,46.42,46.52,46.35,46.42,3166.0,2,0.0
2023-12-07 20:00:00,46.42,46.49,46.39,46.48,1864.0,2,0.0
2023-12-08 11:00:00,46.83,46.84,46.6,46.66,167.0,6,0.0
2023-12-08 12:00:00,46.68,46.74,46.56,46.57,287.0,4,0.0
2023-12-08 13:00:00,46.58,46.76,46.19,46.53,1425.0,4,0.0
2023-12-08 14:00:00,46.53,47.26,46.43,47.1,4579.0,3,0.0
2023-12-08 15:00:00,47.13,47.73,47.13,47.71,4948.0,2,0.0
2023-12-08 16:00:00,47.71,47.73,47.33,47.41,3649.0,2,0.0
2023-12-08 17:00:00,47.4,47.57,47.16,47.57,3183.0,2,0.0
2023-12-08 18:00:00,47.57,47.62,47.47,47.54,2525.0,2,0.0
2023-12-08 19:00:00,47.55,47.69,47.52,47.64,2372.0,2,0.0
2023-12-08 20:00:00,47.64,47.64,47.41,47.47,2182.0,2,0.0
2023-12-11 11:00:00,47.28,47.29,47.17,47.29,205.0,4,0.0
2023-12-11 12:00:00,47.29,47.59,47.29,47.53,539.0,4,0.0
2023-12-11 13:00:00,47.53,47.8,47.43,47.7,855.0,4,0.0
2023-12-11 14:00:00,47.7,47.75,46.62,46.88,4860.0,3,0.0
2023-12-11 15:00:00,46.88,46.9,46.17,46.29,5318.0,2,0.0
2023-12-11 16:00:00,46.29,46.36,45.82,45.92,4092.0,2,0.0
2023-12-11 17:00:00,45.92,46.36,45.87,46.22,2944.0,2,0.0
2023-12-11 18:00:00,46.22,46.88,46.19,46.74,3092.0,2,0.0
2023-12-11 19:00:00,46.74,46.95,46.56,46.69,2764.0,2,0.0
2023-12-11 20:00:00,46.69,46.73,46.48,46.51,2191.0,2,0.0
2023-12-12 11:00:00,46.77,46.8,46.76,46.78,142.0,6,0.0
2023-12-12 12:00:00,46.77,46.8,46.74,46.79,291.0,4,0.0
2023-12-12 13:00:00,46.79,46.84,46.14,46.17,1860.0,4,0.0
2023-12-12 14:00:00,46.17,47.4,45.92,47.31,4957.0,3,0.0
2023-12-12 15:00:00,47.31,47.35,46.8,47.16,3673.0,3,0.0
2023-12-12 16:00:00,47.17,47.29,46.99,47.01,2638.0,3,0.0
2023-12-12 17:00:00,47.01,47.02,46.82,46.96,1984.0,3,0.0
2023-12-12 18:00:00,46.95,47.16,46.9,47.15,1915.0,3,0.0
2023-12-12 19:00:00,47.15,47.45,47.09,47.42,2049.0,2,0.0
2023-12-12 20:00:00,47.42,47.54,47.36,47.5,1700.0,2,0.0
2023-12-13 11:00:00,47.44,47.56,47.44,47.49,229.0,3,0.0
2023-12-13 12:00:00,47.5,47.6,47.49,47.52,319.0,4,0.0
2023-12-13 13:00:00,47.52,47.54,47.41,47.51,778.0,4,0.0
2023-12-13 14:00:00,47.51,48.35,47.43,48.33,3584.0,3,0.0
2023-12-13 15:00:00,48.33,48.57,48.12,48.17,3274.0,3,0.0
2023-12-13 16:00:00,48.17,48.34,48.1,48.13,2467.0,3,0.0
2023-12-13 17:00:00,48.13,48.15,47.79,47.88,2159.0,3,0.0
2023-12-13 18:00:00,47.87,48.04,47.8,47.98,1708.0,3,0.0
2023-12-13 19:00:00,47.99,48.52,47.99,48.34,3875.0,3,0.0
2023-12-13 20:00:00,48.35,48.46,47.76,48.06,3033.0,3,0.0
2023-12-14 11:00:00,48.5,48.5,48.39,48.4,186.0,6,0.0
2023-12-14 12:00:00,48.4,48.52,48.4,48.42,354.0,4,0.0
2023-12-14 13:00:00,48.42,48.44,48.27,48.42,790.0,4,0.0
2023-12-14 14:00:00,48.41,48.64,48.06,48.3,3855.0,3,0.0
2023-12-14 15:00:00,48.3,48.39,47.88,48.3,4744.0,3,0.0
2023-12-14 16:00:00,48.3,48.46,48.04,48.21,2947.0,3,0.0
2023-12-14 17:00:00,48.21,48.23,47.84,47.84,2510.0,2,0.0
2023-12-14 18:00:00,47.84,47.84,47.41,47.67,3558.0,3,0.0
2023-12-14 19:00:00,47.67,48.19,47.67,48.18,2630.0,2,0.0
2023-12-14 20:00:00,48.18,48.21,48.02,48.18,2019.0,2,0.0
2023-12-15 11:00:00,48.14,48.21,48.09,48.17,217.0,3,0.0
2023-12-15 12:00:00,48.18,48.26,48.1,48.12,394.0,4,0.0
2023-12-15 13:00:00,48.12,48.35,48.12,48.32,885.0,4,0.0
2023-12-15 14:00:00,48.32,49.06,48.08,48.95,4531.0,3,0.0
2023-12-15 15:00:00,48.96,49.39,48.89,49.21,3989.0,3,0.0
2023-12-15 16:00:00,49.22,49.24,48.98,49.07,2853.0,2,0.0
2023-12-15 17:00:00,49.07,49.13,48.86,48.9,2690.0,2,0.0
2023-12-15 18:00:00,48.9,49.28,48.85,48.94,2739.0,2,0.0
2023-12-15 19:00:00,48.93,49.09,48.92,48.98,2576.0,2,0.0
2023-12-15 20:00:00,48.98,49.07,48.9,48.98,2266.0,2,0.0
2023-12-18 11:00:00,49.0,49.03,48.89,48.93,197.0,4,0.0
2023-12-18 12:00:00,48.93,49.13,48.93,49.13,410.0,4,0.0
2023-12-18 13:00:00,49.12,49.23,49.03,49.21,642.0,4,0.0
2023-12-18 14:00:00,49.22,49.58,49.14,49.57,3950.0,3,0.0
2023-12-18 15:00:00,49.57,49.99,49.51,49.68,4027.0,3,0.0
2023-12-18 16:00:00,49.68,49.98,49.63,49.75,2671.0,3,0.0
2023-12-18 17:00:00,49.75,49.93,49.75,49.86,2063.0,3,0.0
2023-12-18 18:00:00,49.86,50.09,49.8,50.08,2254.0,2,0.0
2023-12-18 19:00:00,50.07,50.33,50.07,50.21,2838.0,2,0.0
2023-12-18 20:00:00,50.21,50.42,50.16,50.24,2088.0,2,0.0
2023-12-19 11:00:00,50.19,50.2,49.25,49.29,774.0,4,0.0
2023-12-19 12:00:00,49.3,49.65,49.3,49.52,1077.0,4,0.0
2023-12-19 13:00:00,49.51,49.51,49.19,49.29,1648.0,4,0.0
2023-12-19 14:00:00,49.29,49.67,48.88,49.23,5323.0,3,0.0
2023-12-19 15:00:00,49.24,49.59,48.92,49.27,4283.0,2,0.0
2023-12-19 16:00:00,49.27,49.36,48.99,49.14,3317.0,3,0.0
2023-12-19 17:00:00,49.14,49.38,49.05,49.28,2237.0,3,0.0
2023-12-19 18:00:00,49.28,49.35,49.07,49.19,2236.0,3,0.0
2023-12-19 19:00:00,49.19,49.54,49.16,49.51,2174.0,3,0.0
2023-12-19 20:00:00,49.51,49.57,49.41,49.5,1726.0,3,0.0
2023-12-20 11:00:00,49.1,49.14,49.09,49.14,146.0,6,0.0
2023-12-20 12:00:00,49.16,49.35,49.13,49.25,387.0,4,0.0
2023-12-20 13:00:00,49.26,49.4,49.25,49.35,442.0,4,0.0
2023-12-20 14:00:00,49.35,49.98,49.27,49.72,3222.0,3,0.0
2023-12-20 15:00:00,49.71,49.98,49.66,49.81,3321.0,3,0.0
2023-12-20 16:00:00,49.81,49.92,49.73,49.77,2194.0,3,0.0
2023-12-20 17:00:00,49.77,49.83,49.6,49.81,1815.0,3,0.0
2023-12-20 18:00:00,49.81,49.85,49.67,49.72,1818.0,2,0.0
2023-12-20 19:00:00,49.72,49.74,48.49,48.51,3630.0,2,0.0
2023-12-20 20:00:00,48.51,48.62,48.24,48.46,4584.0,3,0.0
2023-12-21 11:00:00,48.61,48.68,48.57,48.6,215.0,4,0.0
2023-12-21 12:00:00,48.59,48.77,48.56,48.72,478.0,4,0.0
2023-12-21 13:00:00,48.72,48.91,48.66,48.82,927.0,4,0.0
2023-12-21 14:00:00,48.82,49.07,48.61,48.72,3652.0,3,0.0
2023-12-21 15:00:00,48.71,48.89,48.49,48.62,4246.0,3,0.0
2023-12-21 16:00:00,48.62,48.92,48.59,48.76,2762.0,3,0.0
2023-12-21 17:00:00,48.76,48.77,48.53,48.58,2652.0,2,0.0
2023-12-21 18:00:00,48.57,48.66,48.41,48.5,2707.0,2,0.0
2023-12-21 19:00:00,48.5,48.71,48.46,48.62,2196.0,2,0.0
2023-12-21 20:00:00,48.62,48.95,48.58,48.89,1980.0,2,0.0
2023-12-22 11:00:00,48.8,48.83,48.77,48.82,101.0,4,0.0
2023-12-22 12:00:00,48.83,49.09,48.82,49.02,402.0,4,0.0
2023-12-22 13:00:00,49.02,49.25,48.94,49.25,904.0,4,0.0
2023-12-22 14:00:00,49.24,49.37,48.99,49.08,2993.0,3,0.0
2023-12-22 15:00:00,49.09,49.3,48.99,49.09,3103.0,2,0.0
2023-12-22 16:00:00,49.09,49.09,48.91,49.02,2329.0,3,0.0
2023-12-22 17:00:00,49.02,49.13,48.84,48.99,2097.0,2,0.0
2023-12-22 18:00:00,48.99,49.07,48.95,48.98,1708.0,2,0.0
2023-12-22 19:00:00,48.98,48.99,48.46,48.81,3322.0,2,0.0
2023-12-22 20:00:00,48.81,48.83,48.66,48.67,1904.0,2,0.0
2023-12-26 11:00:00,48.81,48.81,48.7,48.77,148.0,4,0.0
2023-12-26 12:00:00,48.77,48.96,48.77,48.96,306.0,4,0.0
2023-12-26 13:00:00,48.95,48.96,48.85,48.87,366.0,4,0.0
2023-12-26 14:00:00,48.87,49.58,48.87,49.42,2532.0,3,0.0
2023-12-26 15:00:00,49.42,49.53,49.19,49.24,2506.0,2,0.0
2023-12-26 16:00:00,49.24,49.47,49.2,49.44,1911.0,2,0.0
2023-12-26 17:00:00,49.44,49.46,49.26,49.34,1809.0,2,0.0
2023-12-26 18:00:00,49.34,49.38,49.3,49.3,1408.0,2,0.0
2023-12-26 19:00:00,49.3,49.42,49.3,49.42,1685.0,2,0.0
2023-12-26 20:00:00,49.42,49.48,49.37,49.39,1620.0,2,0.0
2023-12-27 11:00:00,49.34,49.37,49.33,49.36,122.0,4,0.0
2023-12-27 12:00:00,49.36,49.43,49.36,49.42,216.0,4,0.0
2023-12-27 13:00:00,49.43,49.52,49.42,49.49,326.0,4,0.0
2023-12-27 14:00:00,49.49,49.65,49.3,49.36,2192.0,3,0.0
2023-12-27 15:00:00,49.36,49.37,49.08,49.23,2637.0,3,0.0
2023-12-27 16:00:00,49.23,49.45,49.19,49.38,2007.0,2,0.0
2023-12-27 17:00:00,49.38,49.44,49.34,49.36,1534.0,2,0.0
2023-12-27 18:00:00,49.36,49.5,49.35,49.45,1656.0,2,0.0
2023-12-27 19:00:00,49.45,49.45,49.27,49.38,1900.0,2,0.0
2023-12-27 20:00:00,49.38,49.4,49.33,49.35,1500.0,2,0.0
2023-12-28 11:00:00,49.55,49.57,49.54,49.56,79.0,6,0.0
2023-12-28 12:00:00,49.55,49.57,49.53,49.57,129.0,4,0.0
2023-12-28 13:00:00,49.57,49.72,49.57,49.62,377.0,4,0.0
2023-12-28 14:00:00,49.61,49.75,49.41,49.52,2483.0,3,0.0
2023-12-28 15:00:00,49.51,49.84,49.41,49.74,2613.0,2,0.0
2023-12-28 16:00:00,49.74,49.77,49.56,49.6,2051.0,3,0.0
2023-12-28 17:00:00,49.6,49.87,49.6,49.77,1755.0,2,0.0
2023-12-28 18:00:00,49.76,49.78,49.63,49.67,1653.0,2,0.0
2023-12-28 19:00:00,49.67,49.71,49.52,49.55,1542.0,2,0.0
2023-12-28 20:00:00,49.55,49.7,49.46,49.69,1798.0,2,0.0
2023-12-29 11:00:00,49.61,49.67,49.61,49.65,101.0,4,0.0
2023-12-29 12:00:00,49.65,49.72,49.65,49.68,333.0,4,0.0
2023-12-29 13:00:00,49.68,49.73,49.65,49.67,312.0,4,0.0
2023-12-29 14:00:00,49.67,49.98,49.67,49.82,2212.0,3,0.0
2023-12-29 15:00:00,49.82,49.89,49.21,49.25,3215.0,3,0.0
2023-12-29 16:00:00,49.25,49.3,48.75,49.04,3609.0,2,0.0
2023-12-29 17:00:00,49.04,49.14,48.95,49.13,2173.0,2,0.0
2023-12-29 18:00:00,49.13,49.78,49.12,49.75,2741.0,2,0.0
2023-12-29 19:00:00,49.75,49.94,49.74,49.86,2742.0,2,0.0
2023-12-29 20:00:00,49.86,49.87,49.67,49.67,2275.0,2,0.0
2024-01-02 11:00:00,49.35,49.35,48.8,48.97,507.0,4,0.0
2024-01-02 12:00:00,48.97,49.06,48.84,48.89,560.0,4,0.0
2024-01-02 13:00:00,48.89,49.58,48.85,49.3,1328.0,4,0.0
2024-01-02 14:00:00,49.28,49.36,47.58,47.87,3966.0,3,0.0
2024-01-02 15:00:00,47.87,47.95,47.59,47.71,3906.0,3,0.0
2024-01-02 16:00:00,47.72,48.25,47.71,48.22,2698.0,2,0.0
2024-01-02 17:00:00,48.22,48.33,48.03,48.08,2342.0,3,0.0
2024-01-02 18:00:00,48.08,48.22,47.87,48.16,2263.0,2,0.0
2024-01-02 19:00:00,48.16,48.22,48.0,48.02,2121.0,2,0.0
2024-01-02 20:00:00,48.03,48.06,47.77,47.85,2539.0,2,0.0
2024-01-03 11:00:00,47.58,47.61,47.45,47.5,211.0,6,0.0
2024-01-03 12:00:00,47.51,47.62,47.25,47.35,694.0,4,0.0
2024-01-03 13:00:00,47.35,47.57,47.35,47.45,744.0,4,0.0
2024-01-03 14:00:00,47.45,48.16,47.31,47.79,3843.0,3,0.0
2024-01-03 15:00:00,47.78,47.99,47.32,47.63,3958.0,3,0.0
2024-01-03 16:00:00,47.63,47.91,47.63,47.73,2536.0,3,0.0
2024-01-03 17:00:00,47.73,47.86,47.65,47.82,1820.0,2,0.0
2024-01-03 18:00:00,47.82,47.86,47.51,47.58,1905.0,3,0.0
2024-01-03 19:00:00,47.59,47.79,47.44,47.68,2852.0,3,0.0
2024-01-03 20:00:00,47.68,47.74,47.53,47.55,2610.0,2,0.0
2024-01-04 11:00:00,47.87,47.92,47.7,47.73,181.0,6,0.0
2024-01-04 12:00:00,47.74,47.76,47.55,47.69,384.0,4,0.0
2024-01-04 13:00:00,47.7,47.73,47.56,47.69,760.0,4,0.0
2024-01-04 14:00:00,47.68,48.04,47.57,47.63,3224.0,3,0.0
2024-01-04 15:00:00,47.63,48.12,47.5,48.03,3731.0,2,0.0
2024-01-04 16:00:00,48.03,48.48,48.03,48.3,3203.0,2,0.0
2024-01-04 17:00:00,48.3,48.34,48.05,48.2,2559.0,2,0.0
2024-01-04 18:00:00,48.2,48.38,48.16,48.3,2381.0,2,0.0
2024-01-04 19:00:00,48.3,48.35,48.08,48.21,2469.0,2,0.0
2024-01-04 20:00:00,48.22,48.34,48.12,48.18,2543.0,2,0.0
2024-01-05 11:00:00,47.8,47.81,47.73,47.81,131.0,6,0.0
2024-01-05 12:00:00,47.81,47.99,47.81,47.96,260.0,6,0.0
2024-01-05 13:00:00,47.95,48.25,47.85,48.22,1172.0,4,0.0
2024-01-05 14:00:00,48.22,48.72,48.22,48.51,2992.0,3,0.0
2024-01-05 15:00:00,48.51,49.26,48.51,49.23,3543.0,3,0.0
2024-01-05 16:00:00,49.24,49.53,49.2,49.24,3072.0,3,0.0
2024-01-05 17:00:00,49.24,49.24,48.98,49.22,2598.0,3,0.0
2024-01-05 18:00:00,49.22,49.33,49.0,49.21,2366.0,2,0.0
2024-01-05 19:00:00,49.22,49.27,48.9,48.95,2269.0,2,0.0
2024-01-05 20:00:00,48.96,48.98,48.78,48.93,2297.0,2,0.0
2024-01-08 11:00:00,48.82,49.15,48.82,49.12,279.0,4,0.0
2024-01-08 12:00:00,49.12,49.46,49.1,49.45,621.0,4,0.0
2024-01-08 13:00:00,49.45,49.63,49.37,49.63,722.0,4,0.0
2024-01-08 14:00:00,49.63,51.22,49.47,51.06,3844.0,3,0.0
2024-01-08 15:00:00,51.06,51.55,50.89,51.4,3878.0,3,0.0
2024-01-08 16:00:00,51.4,51.53,51.05,51.37,3249.0,3,0.0
2024-01-08 17:00:00,51.37,51.42,51.09,51.41,2205.0,3,0.0
2024-01-08 18:00:00,51.41,51.65,51.35,51.62,2290.0,3,0.0
2024-01-08 19:00:00,51.61,51.8,51.56,51.68,2343.0,3,0.0
2024-01-08 20:00:00,51.67,51.98,51.6,51.98,2245.0,2,0.0
2024-01-09 11:00:00,52.32,52.33,52.19,52.22,359.0,6,0.0
2024-01-09 12:00:00,52.22,52.8,52.22,52.8,942.0,4,0.0
2024-01-09 13:00:00,52.79,52.79,52.37,52.38,1184.0,4,0.0
2024-01-09 14:00:00,52.38,52.52,51.67,52.28,4795.0,3,0.0
2024-01-09 15:00:00,52.28,52.6,52.08,52.37,4279.0,3,0.0
2024-01-09 16:00:00,52.37,53.41,52.35,53.31,3738.0,3,0.0
2024-01-09 17:00:00,53.31,53.78,53.24,53.77,3802.0,3,0.0
2024-01-09 18:00:00,53.78,54.05,53.72,53.98,3938.0,3,0.0
2024-01-09 19:00:00,53.98,54.31,53.84,53.96,3541.0,3,0.0
2024-01-09 20:00:00,53.96,54.0,53.21,53.3,3420.0,3,0.0
2024-01-10 11:00:00,53.69,53.74,53.4,53.56,363.0,6,0.0
2024-01-10 12:00:00,53.58,53.91,53.56,53.65,704.0,4,0.0
2024-01-10 13:00:00,53.64,53.67,53.46,53.5,700.0,4,0.0
2024-01-10 14:00:00,53.5,54.16,53.37,53.96,4793.0,4,0.0
2024-01-10 15:00:00,53.96,54.58,53.72,54.55,4055.0,3,0.0
2024-01-10 16:00:00,54.54,54.58,54.12,54.17,2915.0,3,0.0
2024-01-10 17:00:00,54.17,54.45,53.97,54.3,2602.0,3,0.0
2024-01-10 18:00:00,54.3,54.39,54.13,54.29,2243.0,3,0.0
2024-01-10 19:00:00,54.29,54.46,54.03,54.33,2662.0,3,0.0
2024-01-10 20:00:00,54.33,54.34,54.06,54.1,2515.0,3,0.0
2024-01-11 11:00:00,54.89,54.95,54.88,54.94,327.0,6,0.0
2024-01-11 12:00:00,54.93,55.11,54.85,55.05,642.0,4,0.0
2024-01-11 13:00:00,55.05,55.14,54.64,54.65,2088.0,4,0.0
2024-01-11 14:00:00,54.66,55.32,54.49,54.83,4866.0,3,0.0
2024-01-11 15:00:00,54.84,54.84,53.87,54.19,4859.0,3,0.0
2024-01-11 16:00:00,54.19,54.26,53.55,53.87,4120.0,3,0.0
2024-01-11 17:00:00,53.87,54.7,53.86,54.62,3626.0,3,0.0
2024-01-11 18:00:00,54.61,55.09,54.57,55.01,3768.0,3,0.0
2024-01-11 19:00:00,55.01,55.18,54.77,55.12,3251.0,3,0.0
2024-01-11 20:00:00,55.13,55.13,54.59,54.68,3249.0,3,0.0
2024-01-12 11:00:00,54.49,54.5,54.21,54.36,356.0,4,0.0
2024-01-12 12:00:00,54.36,54.48,54.35,54.38,500.0,4,0.0
2024-01-12 13:00:00,54.38,54.72,54.25,54.63,1017.0,4,0.0
2024-01-12 14:00:00,54.63,54.94,54.35,54.71,3484.0,3,0.0
2024-01-12 15:00:00,54.71,54.88,54.32,54.45,4129.0,3,0.0
2024-01-12 16:00:00,54.45,54.79,54.41,54.54,2814.0,3,0.0
2024-01-12 17:00:00,54.54,54.69,54.51,54.61,2144.0,3,0.0
2024-01-12 18:00:00,54.61,54.81,54.58,54.76,1748.0,3,0.0
2024-01-12 19:00:00,54.77,54.9,54.6,54.68,2093.0,3,0.0
2024-01-12 20:00:00,54.68,54.69,54.53,54.66,1901.0,3,0.0
2024-01-16 11:00:00,54.5,54.66,54.46,54.62,240.0,4,0.0
2024-01-16 12:00:00,54.62,54.87,54.62,54.87,615.0,4,0.0
2024-01-16 13:00:00,54.87,55.12,54.82,55.03,910.0,4,0.0
2024-01-16 14:00:00,55.02,55.77,54.83,55.7,3778.0,4,0.0
2024-01-16 15:00:00,55.71,56.67,55.53,56.53,3997.0,3,0.0
2024-01-16 16:00:00,56.54,56.81,56.19,56.43,3794.0,3,0.0
2024-01-16 17:00:00,56.42,56.45,56.04,56.1,2834.0,3,0.0
2024-01-16 18:00:00,56.1,56.39,56.05,56.17,2689.0,3,0.0
2024-01-16 19:00:00,56.17,56.34,56.02,56.26,2432.0,3,0.0
2024-01-16 20:00:00,56.26,56.32,56.02,56.14,2226.0,3,0.0
2024-01-17 11:00:00,56.5,56.64,56.44,56.58,381.0,6,0.0
2024-01-17 12:00:00,56.58,56.76,56.58,56.66,619.0,4,0.0
2024-01-17 13:00:00,56.64,56.69,56.09,56.22,1537.0,4,0.0
2024-01-17 14:00:00,56.21,56.45,54.92,54.97,5215.0,4,0.0
2024-01-17 15:00:00,54.96,55.62,54.73,55.62,4411.0,3,0.0
2024-01-17 16:00:00,55.62,56.0,55.6,55.7,3351.0,3,0.0
2024-01-17 17:00:00,55.7,55.81,55.5,55.75,2961.0,3,0.0
2024-01-17 18:00:00,55.75,55.83,55.53,55.76,2867.0,3,0.0
2024-01-17 19:00:00,55.76,56.26,55.75,56.1,3126.0,3,0.0
2024-01-17 20:00:00,56.1,56.11,55.68,55.95,2804.0,3,0.0
2024-01-18 11:00:00,56.94,57.12,56.93,57.06,560.0,6,0.0
2024-01-18 12:00:00,57.05,57.35,56.86,57.27,923.0,4,0.0
2024-01-18 13:00:00,57.27,57.46,57.2,57.3,1423.0,4,0.0
2024-01-18 14:00:00,57.3,57.5,56.88,57.11,4632.0,4,0.0
2024-01-18 15:00:00,57.11,57.58,56.9,57.41,3624.0,3,0.0
2024-01-18 16:00:00,57.41,57.58,57.21,57.49,2821.0,3,0.0
2024-01-18 17:00:00,57.5,57.5,56.81,56.93,2820.0,3,0.0
2024-01-18 18:00:00,56.93,56.95,56.1,56.74,3356.0,3,0.0
2024-01-18 19:00:00,56.75,57.02,56.74,56.88,2621.0,3,0.0
2024-01-18 20:00:00,56.88,57.0,56.74,56.96,2217.0,3,0.0
2024-01-19 11:00:00,58.18,58.3,58.01,58.1,563.0,6,0.0
2024-01-19 12:00:00,58.09,58.15,57.92,58.12,634.0,6,0.0
2024-01-19 13:00:00,58.12,58.14,57.88,57.91,874.0,4,0.0
2024-01-19 14:00:00,57.91,58.02,57.22,57.62,5124.0,4,0.0
2024-01-19 15:00:00,57.62,58.07,57.39,58.02,3676.0,3,0.0
2024-01-19 16:00:00,58.02,58.49,57.94,58.48,2953.0,3,0.0
2024-01-19 17:00:00,58.49,58.92,58.38,58.81,3242.0,3,0.0
2024-01-19 18:00:00,58.82,59.17,58.74,58.93,2598.0,3,0.0
2024-01-19 19:00:00,58.93,59.11,58.83,59.08,2568.0,3,0.0
2024-01-19 20:00:00,59.08,59.29,58.97,59.21,2322.0,3,0.0
2024-01-22 11:00:00,59.89,60.01,59.72,59.78,493.0,6,0.0
2024-01-22 12:00:00,59.77,60.19,59.77,60.13,1020.0,4,0.0
2024-01-22 13:00:00,60.12,60.13,59.93,60.06,1070.0,4,0.0
2024-01-22 14:00:00,60.05,60.3,59.57,59.95,6613.0,4,0.0
2024-01-22 15:00:00,59.94,59.97,59.06,59.4,5167.0,4,0.0
2024-01-22 16:00:00,59.4,60.03,59.35,59.95,3157.0,4,0.0
2024-01-22 17:00:00,59.95,59.97,59.56,59.86,2328.0,4,0.0
2024-01-22 18:00:00,59.86,59.99,59.69,59.97,2243.0,3,0.0
2024-01-22 19:00:00,59.97,60.09,59.81,59.91,2276.0,3,0.0
2024-01-22 20:00:00,59.91,59.98,59.81,59.81,1823.0,3,0.0
2024-01-23 11:00:00,59.53,59.76,59.53,59.74,274.0,6,0.0
2024-01-23 12:00:00,59.74,59.82,59.55,59.67,394.0,4,0.0
2024-01-23 13:00:00,59.68,59.84,59.66,59.69,575.0,4,0.0
2024-01-23 14:00:00,59.68,59.72,58.58,59.47,4299.0,4,0.0
2024-01-23 15:00:00,59.48,59.61,59.22,59.47,3367.0,4,0.0
2024-01-23 16:00:00,59.47,59.71,59.36,59.6,2381.0,4,0.0
2024-01-23 17:00:00,59.6,59.64,59.42,59.62,1597.0,3,0.0
2024-01-23 18:00:00,59.62,59.65,59.41,59.48,1496.0,4,0.0
2024-01-23 19:00:00,59.48,59.56,59.28,59.52,1743.0,3,0.0
2024-01-23 20:00:00,59.53,59.75,59.53,59.73,1539.0,3,0.0
2024-01-24 11:00:00,60.54,60.56,60.42,60.46,280.0,6,0.0
2024-01-24 12:00:00,60.46,60.51,60.36,60.4,533.0,6,0.0
2024-01-24 13:00:00,60.4,60.46,60.24,60.25,683.0,4,0.0
2024-01-24 14:00:00,60.26,61.28,59.93,61.24,3960.0,4,0.0
2024-01-24 15:00:00,61.25,61.98,61.04,61.8,4732.0,4,0.0
2024-01-24 16:00:00,61.81,61.91,61.39,61.87,2892.0,4,0.0
2024-01-24 17:00:00,61.87,62.81,61.78,62.67,2945.0,4,0.0
2024-01-24 18:00:00,62.67,62.81,62.24,62.46,3589.0,4,0.0
2024-01-24 19:00:00,62.46,62.52,61.64,61.91,3576.0,4,0.0
2024-01-24 20:00:00,61.92,62.0,61.16,61.59,2891.0,4,0.0
2024-01-25 11:00:00,62.13,62.21,62.06,62.18,438.0,6,0.0
2024-01-25 12:00:00,62.18,62.41,62.01,62.23,774.0,4,0.0
2024-01-25 13:00:00,62.23,62.5,62.17,62.37,1366.0,4,0.0
2024-01-25 14:00:00,62.38,62.61,61.85,61.92,4758.0,4,0.0
2024-01-25 15:00:00,61.92,62.69,61.88,62.49,4834.0,4,0.0
2024-01-25 16:00:00,62.49,62.54,62.21,62.3,2974.0,4,0.0
2024-01-25 17:00:00,62.3,62.39,61.56,61.82,3807.0,4,0.0
2024-01-25 18:00:00,61.82,61.89,61.22,61.23,3467.0,4,0.0
2024-01-25 19:00:00,61.23,61.75,60.84,61.75,3749.0,4,0.0
2024-01-25 20:00:00,61.74,61.8,61.47,61.49,2145.0,3,0.0
2024-01-26 11:00:00,60.83,60.99,60.73,60.94,442.0,6,0.0
2024-01-26 12:00:00,60.93,61.26,60.89,61.09,922.0,4,0.0
2024-01-26 13:00:00,61.08,61.47,61.02,61.36,1543.0,4,0.0
2024-01-26 14:00:00,61.36,61.36,60.56,61.03,5757.0,4,0.0
2024-01-26 15:00:00,61.02,61.75,60.72,61.68,4386.0,3,0.0
2024-01-26 16:00:00,61.67,61.72,61.11,61.37,3092.0,3,0.0
2024-01-26 17:00:00,61.37,61.55,60.83,61.04,2822.0,3,0.0
2024-01-26 18:00:00,61.04,61.17,60.73,60.92,2655.0,3,0.0
2024-01-26 19:00:00,60.92,61.38,60.89,61.3,2567.0,3,0.0
2024-01-26 20:00:00,61.3,61.32,60.99,61.02,1994.0,3,0.0
2024-01-29 11:00:00,61.56,61.57,61.46,61.52,239.0,4,0.0
2024-01-29 12:00:00,61.51,61.51,61.29,61.44,640.0,4,0.0
2024-01-29 13:00:00,61.44,61.46,61.34,61.37,515.0,4,0.0
2024-01-29 14:00:00,61.37,61.69,60.9,61.68,3417.0,4,0.0
2024-01-29 15:00:00,61.68,61.84,61.4,61.5,3097.0,4,0.0
2024-01-29 16:00:00,61.5,61.52,61.28,61.4,2229.0,3,0.0
2024-01-29 17:00:00,61.41,61.68,61.41,61.59,1868.0,3,0.0
2024-01-29 18:00:00,61.59,61.79,61.46,61.71,1696.0,3,0.0
2024-01-29 19:00:00,61.72,61.98,61.69,61.94,2027.0,3,0.0
2024-01-29 20:00:00,61.94,62.43,61.94,62.38,2037.0,3,0.0
2024-01-30 11:00:00,62.99,63.03,62.95,63.01,247.0,6,0.0
2024-01-30 12:00:00,63.01,63.26,63.01,63.15,651.0,6,0.0
2024-01-30 13:00:00,63.16,63.2,62.74,62.77,1194.0,4,0.0
2024-01-30 14:00:00,62.77,63.27,62.53,62.87,5675.0,4,0.0
2024-01-30 15:00:00,62.86,63.37,62.54,63.03,4516.0,4,0.0
2024-01-30 16:00:00,63.03,63.24,62.97,63.18,2913.0,4,0.0
2024-01-30 17:00:00,63.18,63.47,62.59,62.66,3291.0,4,0.0
2024-01-30 18:00:00,62.66,62.82,62.25,62.48,3148.0,4,0.0
2024-01-30 19:00:00,62.48,62.86,62.27,62.8,2491.0,4,0.0
2024-01-30 20:00:00,62.8,63.0,62.69,62.82,1980.0,3,0.0
2024-01-31 11:00:00,60.93,61.29,60.83,61.22,568.0,6,0.0
2024-01-31 12:00:00,61.23,61.84,61.2,61.77,1030.0,4,0.0
2024-01-31 13:00:00,61.77,61.87,61.38,61.4,1645.0,4,0.0
2024-01-31 14:00:00,61.4,62.04,61.28,61.65,5988.0,4,0.0
2024-01-31 15:00:00,61.65,61.78,60.68,60.92,5064.0,4,0.0
2024-01-31 16:00:00,60.92,61.65,60.9,61.58,3161.0,3,0.0
2024-01-31 17:00:00,61.59,61.78,61.35,61.48,2644.0,3,0.0
2024-01-31 18:00:00,61.49,61.69,61.3,61.49,2532.0,3,0.0
2024-01-31 19:00:00,61.49,62.24,61.12,61.91,6752.0,4,0.0
2024-01-31 20:00:00,61.91,61.98,61.24,61.45,5096.0,4,0.0
2024-02-01 11:00:00,62.26,62.31,62.13,62.16,275.0,6,0.0
2024-02-01 12:00:00,62.14,62.27,62.08,62.21,475.0,6,0.0
2024-02-01 13:00:00,62.21,62.26,62.03,62.16,789.0,4,0.0
2024-02-01 14:00:00,62.17,62.21,61.72,61.86,3414.0,4,0.0
2024-02-01 15:00:00,61.84,62.46,61.64,61.95,3582.0,4,0.0
2024-02-01 16:00:00,61.95,62.21,61.75,62.13,2851.0,3,0.0
2024-02-01 17:00:00,62.13,62.64,62.12,62.52,2630.0,3,0.0
2024-02-01 18:00:00,62.52,62.82,62.35,62.74,2499.0,3,0.0
2024-02-01 19:00:00,62.74,62.98,62.7,62.92,2257.0,3,0.0
2024-02-01 20:00:00,62.93,63.18,62.92,63.04,1878.0,3,0.0
2024-02-02 11:00:00,63.95,64.03,63.86,63.95,318.0,6,0.0
2024-02-02 12:00:00,63.95,64.32,63.95,64.23,745.0,4,0.0
2024-02-02 13:00:00,64.24,64.31,63.78,63.82,1788.0,4,0.0
2024-02-02 14:00:00,63.82,65.41,63.68,65.16,4920.0,4,0.0
2024-02-02 15:00:00,65.18,65.38,64.76,65.14,4421.0,3,0.0
2024-02-02 16:00:00,65.15,66.07,65.05,65.95,3230.0,3,0.0
2024-02-02 17:00:00,65.95,66.58,65.86,66.27,3438.0,4,0.0
2024-02-02 18:00:00,66.27,66.4,65.81,66.1,2936.0,4,0.0
2024-02-02 19:00:00,66.1,66.3,65.92,66.06,2504.0,4,0.0
2024-02-02 20:00:00,66.06,66.19,65.93,66.04,1923.0,3,0.0
2024-02-05 11:00:00,67.72,67.93,67.53,67.56,797.0,6,0.0
2024-02-05 12:00:00,67.54,68.67,67.49,68.41,2008.0,4,0.0
2024-02-05 13:00:00,68.41,68.45,68.09,68.17,1809.0,4,0.0
2024-02-05 14:00:00,68.18,69.47,67.69,69.31,8659.0,4,0.0
2024-02-05 15:00:00,69.27,69.32,67.19,67.98,7939.0,4,0.0
2024-02-05 16:00:00,67.98,68.76,67.82,68.76,3846.0,4,0.0
2024-02-05 17:00:00,68.75,69.15,68.7,68.71,3463.0,4,0.0
2024-02-05 18:00:00,68.71,68.97,68.5,68.84,2936.0,4,0.0
2024-02-05 19:00:00,68.84,69.33,68.66,69.09,2923.0,4,0.0
2024-02-05 20:00:00,69.08,69.08,68.11,68.95,2962.0,4,0.0
2024-02-06 11:00:00,70.21,70.28,68.35,69.29,1915.0,6,0.0
2024-02-06 12:00:00,69.31,69.9,69.31,69.72,2005.0,4,0.0
2024-02-06 13:00:00,69.71,70.3,69.56,70.04,2421.0,4,0.0
2024-02-06 14:00:00,70.04,70.1,68.09,68.29,10250.0,4,0.0
2024-02-06 15:00:00,68.28,68.36,67.38,67.86,7494.0,4,0.0
2024-02-06 16:00:00,67.86,68.01,67.1,67.24,4740.0,4,0.0
2024-02-06 17:00:00,67.23,67.26,66.29,66.54,6074.0,4,0.0
2024-02-06 18:00:00,66.54,67.59,66.51,67.59,4100.0,4,0.0
2024-02-06 19:00:00,67.59,68.03,67.05,67.97,4641.0,4,0.0
2024-02-06 20:00:00,67.97,68.44,67.8,67.98,3284.0,4,0.0
2024-02-07 11:00:00,68.21,68.34,68.12,68.14,354.0,6,0.0
2024-02-07 12:00:00,68.13,68.13,67.57,67.9,1215.0,4,0.0
2024-02-07 13:00:00,67.9,68.18,67.87,68.06,1189.0,4,0.0
2024-02-07 14:00:00,68.06,69.11,67.58,68.77,6959.0,4,0.0
2024-02-07 15:00:00,68.76,69.47,68.45,68.84,6235.0,4,0.0
2024-02-07 16:00:00,68.83,69.32,68.61,69.22,3982.0,4,0.0
2024-02-07 17:00:00,69.22,69.37,68.9,69.3,3090.0,4,0.0
2024-02-07 18:00:00,69.31,69.54,69.08,69.5,3061.0,4,0.0
2024-02-07 19:00:00,69.5,69.8,69.26,69.79,2698.0,4,0.0
2024-02-07 20:00:00,69.78,70.18,69.7,70.13,2659.0,4,0.0
2024-02-08 11:00:00,69.99,69.99,69.41,69.59,850.0,6,0.0
2024-02-08 12:00:00,69.61,69.92,69.6,69.64,861.0,6,0.0
2024-02-08 13:00:00,69.65,69.93,69.64,69.7,1065.0,4,0.0
2024-02-08 14:00:00,69.7,70.77,69.44,70.24,6783.0,4,0.0
2024-02-08 15:00:00,70.23,70.59,69.63,70.45,5261.0,4,0.0
2024-02-08 16:00:00,70.45,70.57,70.28,70.3,2999.0,4,0.0
2024-02-08 17:00:00,70.3,70.41,69.96,70.0,2753.0,4,0.0
2024-02-08 18:00:00,70.01,70.63,69.99,70.37,2680.0,4,0.0
2024-02-08 19:00:00,70.37,70.45,69.69,69.99,2842.0,4,0.0
2024-02-08 20:00:00,69.99,70.02,69.81,69.88,1683.0,4,0.0
2024-02-09 11:00:00,70.01,70.01,69.84,69.95,361.0,4,0.0
2024-02-09 12:00:00,69.93,70.46,69.81,70.24,1217.0,4,0.0
2024-02-09 13:00:00,70.24,70.47,70.11,70.42,1502.0,4,0.0
2024-02-09 14:00:00,70.42,70.9,70.21,70.71,4504.0,4,0.0
2024-02-09 15:00:00,70.72,71.56,70.59,71.52,3821.0,4,0.0
2024-02-09 16:00:00,71.51,71.8,71.26,71.54,2766.0,4,0.0
2024-02-09 17:00:00,71.54,71.76,71.44,71.7,1930.0,4,0.0
2024-02-09 18:00:00,71.71,72.03,71.66,71.96,2206.0,4,0.0
2024-02-09 19:00:00,71.96,71.98,71.69,71.94,2001.0,4,0.0
2024-02-09 20:00:00,71.94,72.07,71.76,72.02,1706.0,4,0.0
2024-02-12 11:00:00,72.74,72.78,72.7,72.74,456.0,6,0.0
2024-02-12 12:00:00,72.75,72.81,72.47,72.7,1005.0,4,0.0
2024-02-12 13:00:00,72.7,72.83,72.51,72.54,1015.0,4,0.0
2024-02-12 14:00:00,72.54,73.47,72.13,72.71,5963.0,4,0.0
2024-02-12 15:00:00,72.71,74.07,72.4,74.07,4836.0,4,0.0
2024-02-12 16:00:00,74.07,74.58,73.58,73.9,5008.0,4,0.0
2024-02-12 17:00:00,73.92,74.03,73.31,73.64,3815.0,4,0.0
2024-02-12 18:00:00,73.64,73.66,71.85,72.32,5951.0,4,0.0
2024-02-12 19:00:00,72.31,72.53,71.25,72.07,6053.0,4,0.0
2024-02-12 20:00:00,72.07,72.74,72.04,72.4,2743.0,4,0.0
2024-02-13 11:00:00,71.46,71.63,71.19,71.61,779.0,6,0.0
2024-02-13 12:00:00,71.6,72.26,71.41,72.24,1208.0,4,0.0
2024-02-13 13:00:00,72.24,72.28,70.71,70.8,3714.0,4,0.0
2024-02-13 14:00:00,70.8,71.53,69.6,71.0,10274.0,4,0.0
2024-02-13 15:00:00,70.99,73.27,70.79,72.65,10019.0,4,0.0
2024-02-13 16:00:00,72.65,73.42,72.56,72.57,6430.0,4,0.0
2024-02-13 17:00:00,72.57,72.79,71.88,72.0,4299.0,4,0.0
2024-02-13 18:00:00,71.99,72.42,71.82,72.35,3667.0,4,0.0
2024-02-13 19:00:00,72.36,72.43,71.75,71.9,4036.0,4,0.0
2024-02-13 20:00:00,71.91,71.97,71.35,71.88,3263.0,4,0.0
2024-02-14 11:00:00,73.25,73.3,72.95,73.09,662.0,6,0.0
2024-02-14 12:00:00,73.1,73.36,73.07,73.11,770.0,4,0.0
2024-02-14 13:00:00,73.11,73.27,73.07,73.24,976.0,4,0.0
2024-02-14 14:00:00,73.24,74.02,73.0,74.01,5858.0,4,0.0
2024-02-14 15:00:00,74.02,74.21,73.04,73.06,5374.0,4,0.0
2024-02-14 16:00:00,73.05,73.05,71.93,72.5,6286.0,4,0.0
2024-02-14 17:00:00,72.49,73.05,72.18,72.84,3426.0,4,0.0
2024-02-14 18:00:00,72.84,73.15,72.45,72.96,3115.0,4,0.0
2024-02-14 19:00:00,72.96,73.22,72.64,73.18,2926.0,4,0.0
2024-02-14 20:00:00,73.18,73.57,73.02,73.47,2163.0,4,0.0
2024-02-15 11:00:00,74.04,74.16,73.74,73.95,611.0,6,0.0
2024-02-15 12:00:00,73.94,74.05,73.62,73.7,853.0,4,0.0
2024-02-15 13:00:00,73.7,73.86,73.58,73.72,1202.0,4,0.0
2024-02-15 14:00:00,73.71,73.94,72.39,72.51,6014.0,4,0.0
2024-02-15 15:00:00,72.51,73.47,72.51,73.32,5112.0,4,0.0
2024-02-15 16:00:00,73.31,73.34,72.68,73.01,3899.0,4,0.0
2024-02-15 17:00:00,73.01,73.35,72.7,73.05,2560.0,4,0.0
2024-02-15 18:00:00,73.04,73.35,72.85,73.01,2909.0,4,0.0
2024-02-15 19:00:00,73.0,73.26,72.88,73.0,2707.0,4,0.0
2024-02-15 20:00:00,73.01,73.04,72.65,72.8,2218.0,4,0.0
2024-02-16 11:00:00,73.81,73.95,73.76,73.79,441.0,6,0.0
2024-02-16 12:00:00,73.78,73.81,73.6,73.77,710.0,6,0.0
2024-02-16 13:00:00,73.76,74.2,73.66,74.09,1923.0,4,0.0
2024-02-16 14:00:00,74.09,74.37,72.71,72.97,7228.0,4,0.0
2024-02-16 15:00:00,72.96,73.46,72.49,73.25,6461.0,4,0.0
2024-02-16 16:00:00,73.25,74.11,73.22,73.86,3593.0,4,0.0
2024-02-16 17:00:00,73.85,73.97,73.68,73.79,2583.0,4,0.0
2024-02-16 18:00:00,73.79,73.79,73.03,73.74,3222.0,4,0.0
2024-02-16 19:00:00,73.75,74.07,73.18,73.38,3434.0,4,0.0
2024-02-16 20:00:00,73.39,73.43,72.85,72.89,2495.0,4,0.0
2024-02-20 11:00:00,70.8,71.37,70.74,71.33,993.0,6,0.0
2024-02-20 12:00:00,71.33,72.07,71.33,71.88,1443.0,4,0.0
2024-02-20 13:00:00,71.88,72.16,71.56,71.67,1896.0,4,0.0
2024-02-20 14:00:00,71.68,71.94,68.19,69.1,11711.0,4,0.0
2024-02-20 15:00:00,69.1,69.33,67.91,68.92,12498.0,4,0.0
2024-02-20 16:00:00,68.93,69.24,67.99,68.08,6737.0,4,0.0
2024-02-20 17:00:00,68.09,68.44,67.72,68.16,5352.0,4,0.0
2024-02-20 18:00:00,68.16,68.75,67.88,68.71,3928.0,4,0.0
2024-02-20 19:00:00,68.72,69.4,68.31,69.12,4892.0,4,0.0
2024-02-20 20:00:00,69.13,69.58,68.93,69.07,3934.0,4,0.0
2024-02-21 11:00:00,68.4,68.46,68.14,68.42,590.0,6,0.0
2024-02-21 12:00:00,68.41,68.42,67.91,68.22,1327.0,4,0.0
2024-02-21 13:00:00,68.22,68.3,67.98,68.25,1439.0,4,0.0
2024-02-21 14:00:00,68.25,68.86,67.59,68.14,7099.0,4,0.0
2024-02-21 15:00:00,68.15,68.41,67.76,67.97,5040.0,4,0.0
2024-02-21 16:00:00,67.97,68.31,67.78,67.95,3233.0,4,0.0
2024-02-21 17:00:00,67.96,68.0,66.61,67.35,5599.0,4,0.0
2024-02-21 18:00:00,67.35,67.36,66.86,67.02,3737.0,4,0.0
2024-02-21 19:00:00,67.01,67.47,66.66,66.76,4866.0,4,0.0
2024-02-21 20:00:00,66.76,67.56,66.24,67.5,4109.0,4,0.0
2024-02-22 11:00:00,76.84,77.35,76.45,77.19,1606.0,6,0.0
2024-02-22 12:00:00,77.18,77.18,75.61,76.19,2632.0,6,0.0
2024-02-22 13:00:00,76.21,76.46,75.21,75.29,3233.0,6,0.0
2024-02-22 14:00:00,75.29,77.85,74.2,77.07,18187.0,4,0.0
2024-02-22 15:00:00,77.09,78.06,76.81,77.7,10882.0,4,0.0
2024-02-22 16:00:00,77.71,78.12,77.44,77.59,5758.0,4,0.0
2024-02-22 17:00:00,77.59,77.76,77.26,77.52,4253.0,4,0.0
2024-02-22 18:00:00,77.51,77.82,77.05,77.76,3910.0,4,0.0
2024-02-22 19:00:00,77.75,77.97,77.48,77.84,4139.0,4,0.0
2024-02-22 20:00:00,77.84,78.54,77.77,78.24,3841.0,4,0.0
2024-02-23 11:00:00,79.95,80.05,79.45,79.85,999.0,6,0.0
2024-02-23 12:00:00,79.87,80.12,79.4,80.04,1368.0,6,0.0
2024-02-23 13:00:00,80.05,80.43,79.99,80.17,2001.0,6,0.0
2024-02-23 14:00:00,80.17,82.36,80.17,80.67,10976.0,4,0.0
2024-02-23 15:00:00,80.66,81.22,78.59,78.65,13233.0,4,0.0
2024-02-23 16:00:00,78.66,80.03,77.55,80.0,12929.0,4,0.0
2024-02-23 17:00:00,80.01,80.42,79.14,80.09,6889.0,4,0.0
2024-02-23 18:00:00,80.09,80.26,79.6,79.82,4413.0,4,0.0
2024-02-23 19:00:00,79.82,80.01,79.55,79.79,4206.0,4,0.0
2024-02-23 20:00:00,79.79,79.85,78.64,79.13,4547.0,4,0.0
2024-02-26 11:00:00,79.73,79.75,79.54,79.59,514.0,6,0.0
2024-02-26 12:00:00,79.58,79.73,79.29,79.45,1051.0,6,0.0
2024-02-26 13:00:00,79.46,79.78,79.32,79.74,1259.0,6,0.0
2024-02-26 14:00:00,79.74,80.59,78.49,79.08,8039.0,4,0.0
2024-02-26 15:00:00,79.08,80.09,78.79,79.74,6823.0,4,0.0
2024-02-26 16:00:00,79.75,80.26,79.44,79.79,4515.0,4,0.0
2024-02-26 17:00:00,79.79,80.22,79.59,80.05,3374.0,4,0.0
2024-02-26 18:00:00,80.05,80.24,79.39,79.53,3453.0,4,0.0
2024-02-26 19:00:00,79.53,79.67,79.11,79.21,3714.0,4,0.0
2024-02-26 20:00:00,79.21,79.36,78.78,79.16,3357.0,4,0.0
2024-02-27 11:00:00,79.31,79.32,79.21,79.24,359.0,6,0.0
2024-02-27 12:00:00,79.25,79.48,79.13,79.21,802.0,6,0.0
2024-02-27 13:00:00,79.23,79.29,78.68,78.98,1474.0,6,0.0
2024-02-27 14:00:00,78.98,79.39,77.14,78.3,7598.0,4,0.0
2024-02-27 15:00:00,78.3,79.02,78.19,78.91,6616.0,4,0.0
2024-02-27 16:00:00,78.91,79.18,78.53,79.08,3489.0,4,0.0
2024-02-27 17:00:00,79.08,79.28,78.73,78.84,3607.0,4,0.0
2024-02-27 18:00:00,78.83,79.45,78.7,79.14,3293.0,4,0.0
2024-02-27 19:00:00,79.15,79.26,78.94,79.04,2672.0,4,0.0
2024-02-27 20:00:00,79.04,79.14,78.82,78.97,1974.0,4,0.0
2024-02-28 11:00:00,77.71,77.94,77.61,77.81,518.0,6,0.0
2024-02-28 12:00:00,77.83,78.36,77.69,77.77,1161.0,6,0.0
2024-02-28 13:00:00,77.77,77.87,77.62,77.76,1051.0,6,0.0
2024-02-28 14:00:00,77.76,78.07,77.21,77.5,5613.0,4,0.0
2024-02-28 15:00:00,77.49,77.66,77.11,77.57,5055.0,4,0.0
2024-02-28 16:00:00,77.56,78.91,77.56,78.66,3904.0,4,0.0
2024-02-28 17:00:00,78.65,78.65,78.12,78.36,3004.0,4,0.0
2024-02-28 18:00:00,78.36,78.52,78.09,78.35,2589.0,4,0.0
2024-02-28 19:00:00,78.35,78.46,77.91,78.14,2570.0,4,0.0
2024-02-28 20:00:00,78.14,78.3,77.98,78.02,1838.0,4,0.0
2024-02-29 11:00:00,77.44,77.73,77.44,77.57,427.0,6,0.0
2024-02-29 12:00:00,77.55,78.14,77.43,77.92,744.0,6,0.0
2024-02-29 13:00:00,77.92,78.88,77.74,78.66,2307.0,6,0.0
2024-02-29 14:00:00,78.66,79.87,78.66,79.45,5793.0,4,0.0
2024-02-29 15:00:00,79.46,79.76,79.11,79.33,4952.0,4,0.0
2024-02-29 16:00:00,79.32,79.35,78.34,78.97,4591.0,4,0.0
2024-02-29 17:00:00,78.96,79.22,78.83,79.07,3137.0,4,0.0
2024-02-29 18:00:00,79.08,79.37,79.02,79.19,2248.0,4,0.0
2024-02-29 19:00:00,79.19,79.49,79.14,79.38,2412.0,4,0.0
2024-02-29 20:00:00,79.39,79.68,79.17,79.64,1789.0,4,0.0
2024-03-01 11:00:00,79.66,79.96,79.64,79.89,430.0,6,0.0
2024-03-01 12:00:00,79.88,79.96,79.68,79.88,723.0,6,0.0
2024-03-01 13:00:00,79.88,80.1,79.85,80.02,1248.0,6,0.0
2024-03-01 14:00:00,80.04,80.51,79.42,80.36,7015.0,4,0.0
2024-03-01 15:00:00,80.38,81.25,80.14,81.25,6506.0,4,0.0
2024-03-01 16:00:00,81.25,82.03,81.2,81.78,5581.0,4,0.0
2024-03-01 17:00:00,81.78,81.91,81.42,81.8,3490.0,4,0.0
2024-03-01 18:00:00,81.8,82.16,81.64,82.14,3033.0,4,0.0
2024-03-01 19:00:00,82.14,82.23,81.9,82.1,3341.0,4,0.0
2024-03-01 20:00:00,82.1,82.11,81.75,81.95,2545.0,4,0.0
2024-03-04 11:00:00,83.29,83.42,83.16,83.39,508.0,6,0.0
2024-03-04 12:00:00,83.38,84.12,83.37,84.03,1287.0,6,0.0
2024-03-04 13:00:00,84.03,84.36,83.95,84.19,1297.0,6,0.0
2024-03-04 14:00:00,84.19,85.34,83.69,84.45,7118.0,4,0.0
2024-03-04 15:00:00,84.44,85.51,84.2,85.32,5569.0,4,0.0
2024-03-04 16:00:00,85.33,85.47,84.9,85.31,3662.0,4,0.0
2024-03-04 17:00:00,85.31,86.66,85.23,86.56,4003.0,4,0.0
2024-03-04 18:00:00,86.55,87.01,86.26,86.92,4043.0,4,0.0
2024-03-04 19:00:00,86.92,87.67,86.7,87.2,4510.0,4,0.0
2024-03-04 20:00:00,87.2,87.25,85.88,85.91,4162.0,4,0.0
2024-03-05 11:00:00,84.65,84.92,84.39,84.9,674.0,6,0.0
2024-03-05 12:00:00,84.9,86.35,84.8,86.01,2158.0,6,0.0
2024-03-05 13:00:00,86.01,86.57,85.55,85.59,1822.0,6,0.0
2024-03-05 14:00:00,85.59,86.05,84.38,85.28,6180.0,6,0.0
2024-03-05 15:00:00,85.29,85.71,83.41,84.4,6214.0,4,0.0
2024-03-05 16:00:00,84.4,84.83,84.13,84.75,4388.0,4,0.0
2024-03-05 17:00:00,84.75,85.38,84.66,85.3,3437.0,4,0.0
2024-03-05 18:00:00,85.29,85.31,84.45,84.64,3468.0,4,0.0
2024-03-05 19:00:00,84.64,85.15,84.47,84.92,3398.0,4,0.0
2024-03-05 20:00:00,84.92,85.18,84.64,85.15,2899.0,4,0.0
2024-03-06 11:00:00,86.91,87.14,86.86,86.88,660.0,6,0.0
2024-03-06 12:00:00,86.87,87.43,86.73,87.34,1260.0,6,0.0
2024-03-06 13:00:00,87.33,87.53,87.08,87.53,1413.0,6,0.0
2024-03-06 14:00:00,87.53,88.93,87.39,87.9,6554.0,4,0.0
2024-03-06 15:00:00,87.9,88.64,87.02,88.25,5495.0,4,0.0
2024-03-06 16:00:00,88.26,88.75,87.86,88.42,4187.0,4,0.0
2024-03-06 17:00:00,88.42,88.96,88.42,88.75,3263.0,4,0.0
2024-03-06 18:00:00,88.75,89.7,88.43,89.05,4924.0,4,0.0
2024-03-06 19:00:00,89.04,89.45,88.46,88.63,4231.0,4,0.0
2024-03-06 20:00:00,88.63,88.87,87.63,88.14,3678.0,4,0.0
2024-03-07 11:00:00,90.3,90.44,90.15,90.28,949.0,6,0.0
2024-03-07 12:00:00,90.27,90.34,90.03,90.16,1205.0,6,0.0
2024-03-07 13:00:00,90.16,90.58,90.01,90.3,1652.0,6,0.0
2024-03-07 14:00:00,90.29,90.96,89.59,90.44,7218.0,4,0.0
2024-03-07 15:00:00,90.43,91.96,90.42,91.69,5548.0,4,0.0
2024-03-07 16:00:00,91.69,92.24,91.54,91.8,3983.0,4,0.0
2024-03-07 17:00:00,91.79,92.07,91.3,91.86,3385.0,4,0.0
2024-03-07 18:00:00,91.86,91.96,91.72,91.91,2408.0,4,0.0
2024-03-07 19:00:00,91.9,92.48,91.72,91.99,3754.0,4,0.0
2024-03-07 20:00:00,91.97,92.48,91.64,92.32,2954.0,4,0.0
2024-03-08 11:00:00,95.45,95.64,95.25,95.27,897.0,6,0.0
2024-03-08 12:00:00,95.26,95.44,94.13,94.29,1947.0,6,0.0
2024-03-08 13:00:00,94.3,95.54,94.28,95.3,4265.0,6,0.0
2024-03-08 14:00:00,95.3,95.86,94.6,95.68,8349.0,6,0.0
2024-03-08 15:00:00,95.69,97.36,95.0,95.4,9097.0,4,0.0
2024-03-08 16:00:00,95.39,95.42,88.07,89.23,29064.0,6,0.0
2024-03-08 17:00:00,89.24,90.03,87.07,87.46,12139.0,6,0.0
2024-03-08 18:00:00,87.46,88.63,86.48,87.45,9859.0,4,0.0
2024-03-08 19:00:00,87.45,89.33,87.34,88.56,6763.0,4,0.0
2024-03-08 20:00:00,88.55,89.05,87.78,88.25,4830.0,6,0.0
2024-03-11 10:00:00,88.6,88.92,88.6,88.82,115.0,6,0.0
2024-03-11 11:00:00,88.81,88.82,86.13,86.29,3393.0,6,0.0
2024-03-11 12:00:00,86.32,87.37,85.89,86.52,4163.0,6,0.0
2024-03-11 13:00:00,86.52,87.84,84.19,85.56,20492.0,6,0.0
2024-03-11 14:00:00,85.55,88.76,85.14,88.25,10208.0,4,0.0
2024-03-11 15:00:00,88.25,88.45,86.48,87.41,6511.0,4,0.0
2024-03-11 16:00:00,87.42,87.47,86.53,87.2,4558.0,4,0.0
2024-03-11 17:00:00,87.19,87.24,85.69,86.23,4482.0,4,0.0
2024-03-11 18:00:00,86.23,86.85,85.85,86.4,4812.0,4,0.0
2024-03-11 19:00:00,86.4,86.4,85.19,85.86,4136.0,4,0.0
2024-03-12 10:00:00,87.14,87.46,87.08,87.19,582.0,6,0.0
2024-03-12 11:00:00,87.19,87.26,86.55,86.94,1397.0,6,0.0
2024-03-12 12:00:00,86.94,88.16,86.24,87.62,4190.0,6,0.0
2024-03-12 13:00:00,87.64,88.17,86.15,87.69,9091.0,6,0.0
2024-03-12 14:00:00,87.69,90.5,87.44,89.95,7515.0,4,0.0
2024-03-12 15:00:00,89.96,91.16,89.8,90.81,6273.0,4,0.0
2024-03-12 16:00:00,90.81,90.84,89.44,89.49,5185.0,4,0.0
2024-03-12 17:00:00,89.48,90.32,89.02,89.93,4833.0,4,0.0
2024-03-12 18:00:00,89.94,90.62,89.89,90.43,4265.0,4,0.0
2024-03-12 19:00:00,90.43,90.92,90.18,90.89,3121.0,4,0.0
2024-03-13 10:00:00,92.82,92.82,92.15,92.59,1112.0,6,0.0
2024-03-13 11:00:00,92.6,93.14,92.6,92.79,1772.0,6,0.0
2024-03-13 12:00:00,92.8,92.84,90.45,90.95,4567.0,6,0.0
2024-03-13 13:00:00,90.95,91.44,88.48,88.91,14195.0,6,0.0
2024-03-13 14:00:00,88.93,90.01,88.43,89.37,8441.0,4,0.0
2024-03-13 15:00:00,89.4,89.84,88.6,89.31,5257.0,4,0.0
2024-03-13 16:00:00,89.3,89.38,88.73,89.3,4062.0,4,0.0
2024-03-13 17:00:00,89.31,90.71,89.31,90.31,4845.0,4,0.0
2024-03-13 18:00:00,90.31,90.84,89.81,90.49,3983.0,4,0.0
2024-03-13 19:00:00,90.48,91.47,90.3,90.74,4523.0,4,0.0
2024-03-14 10:00:00,90.49,90.6,89.8,90.02,891.0,6,0.0
2024-03-14 11:00:00,90.06,90.61,89.01,89.36,2178.0,6,0.0
2024-03-14 12:00:00,89.39,89.73,88.89,89.37,2805.0,6,0.0
2024-03-14 13:00:00,89.38,90.58,87.53,88.06,8221.0,6,0.0
2024-03-14 14:00:00,88.04,88.93,87.46,88.26,6201.0,4,0.0
2024-03-14 15:00:00,88.27,88.58,87.51,87.69,4585.0,4,0.0
2024-03-14 16:00:00,87.69,87.97,86.58,87.39,4858.0,4,0.0
2024-03-14 17:00:00,87.37,88.26,86.8,88.2,4442.0,4,0.0
2024-03-14 18:00:00,88.2,88.58,87.7,87.91,4159.0,4,0.0
2024-03-14 19:00:00,87.91,88.13,86.91,87.7,4172.0,4,0.0
2024-03-15 10:00:00,88.24,89.06,88.18,88.63,970.0,6,0.0
2024-03-15 11:00:00,88.65,88.74,88.06,88.18,1403.0,6,0.0
2024-03-15 12:00:00,88.19,88.22,87.15,87.53,2291.0,6,0.0
2024-03-15 13:00:00,87.53,88.28,86.24,87.69,8152.0,6,0.0
2024-03-15 14:00:00,87.7,89.51,86.97,88.84,7089.0,4,0.0
2024-03-15 15:00:00,88.85,89.29,88.61,88.95,4316.0,4,0.0
2024-03-15 16:00:00,88.94,89.17,88.4,88.72,4339.0,4,0.0
2024-03-15 17:00:00,88.72,89.05,88.58,88.97,3582.0,4,0.0
2024-03-15 18:00:00,88.97,89.52,88.96,89.11,4199.0,4,0.0
2024-03-15 19:00:00,89.1,89.22,87.82,88.02,4142.0,4,0.0
2024-03-18 11:00:00,91.24,91.36,90.0,90.33,1163.0,6,0.0
2024-03-18 12:00:00,90.31,90.44,89.99,90.29,1745.0,6,0.0
2024-03-18 13:00:00,90.28,92.36,90.08,90.78,8777.0,6,0.0
2024-03-18 14:00:00,90.8,91.52,89.84,90.12,6975.0,6,0.0
2024-03-18 15:00:00,90.14,90.21,87.99,88.14,7314.0,6,0.0
2024-03-18 16:00:00,88.14,88.83,87.21,87.4,5172.0,4,0.0
2024-03-18 17:00:00,87.4,88.62,87.07,88.33,4815.0,4,0.0
2024-03-18 18:00:00,88.33,89.02,87.94,88.62,4509.0,4,0.0
2024-03-18 19:00:00,88.62,88.96,88.34,88.47,3232.0,4,0.0
2024-03-19 10:00:00,87.92,88.19,87.42,87.7,759.0,6,0.0
2024-03-19 11:00:00,87.7,87.7,86.54,86.89,1833.0,6,0.0
2024-03-19 12:00:00,86.91,86.98,85.77,86.23,3291.0,6,0.0
2024-03-19 13:00:00,86.23,87.74,84.99,85.66,10622.0,6,0.0
2024-03-19 14:00:00,85.65,87.1,85.31,86.4,7285.0,6,0.0
2024-03-19 15:00:00,86.41,87.3,86.32,86.77,4418.0,4,0.0
2024-03-19 16:00:00,86.76,89.68,86.73,88.92,5998.0,4,0.0
2024-03-19 17:00:00,88.92,89.77,88.52,89.65,4970.0,4,0.0
2024-03-19 18:00:00,89.66,90.49,89.24,89.66,4791.0,4,0.0
2024-03-19 19:00:00,89.66,89.83,88.1,88.56,4242.0,4,0.0
2024-03-20 10:00:00,89.26,89.33,89.0,89.06,491.0,6,0.0
2024-03-20 11:00:00,89.09,89.69,88.84,89.59,1085.0,6,0.0
2024-03-20 12:00:00,89.61,89.84,89.02,89.16,1656.0,6,0.0
2024-03-20 13:00:00,89.16,90.36,88.24,88.65,6411.0,6,0.0
2024-03-20 14:00:00,88.67,89.54,88.52,88.71,3967.0,4,0.0
2024-03-20 15:00:00,88.72,89.06,88.41,88.57,3384.0,4,0.0
2024-03-20 16:00:00,88.57,88.63,88.2,88.62,3091.0,4,0.0
2024-03-20 17:00:00,88.62,88.75,88.38,88.71,2635.0,4,0.0
2024-03-20 18:00:00,88.72,90.16,88.72,89.76,7498.0,4,0.0
2024-03-20 19:00:00,89.77,90.27,89.69,89.96,3693.0,4,0.0
2024-03-21 10:00:00,91.41,91.47,91.35,91.45,136.0,6,0.0
2024-03-21 11:00:00,91.44,92.27,91.41,92.03,1247.0,6,0.0
2024-03-21 12:00:00,92.01,92.37,92.0,92.28,1406.0,6,0.0
2024-03-21 13:00:00,92.28,92.59,90.4,90.94,7660.0,6,0.0
2024-03-21 14:00:00,90.94,91.73,90.66,91.39,4766.0,4,0.0
2024-03-21 15:00:00,91.39,92.47,91.31,92.1,4392.0,4,0.0
2024-03-21 16:00:00,92.1,92.59,91.85,92.27,3799.0,4,0.0
2024-03-21 17:00:00,92.27,92.37,91.56,91.67,3813.0,4,0.0
2024-03-21 18:00:00,91.66,91.75,90.81,91.07,4200.0,4,0.0
2024-03-21 19:00:00,91.07,91.64,90.95,91.56,2773.0,4,0.0
2024-03-22 10:00:00,91.61,91.65,91.6,91.61,20.0,6,0.0
2024-03-22 11:00:00,91.61,91.72,90.79,90.91,1017.0,6,0.0
2024-03-22 12:00:00,90.91,91.22,90.78,91.15,1128.0,6,0.0
2024-03-22 13:00:00,91.15,92.17,90.82,91.98,5038.0,4,0.0
2024-03-22 14:00:00,91.99,93.1,91.99,92.78,5949.0,4,0.0
2024-03-22 15:00:00,92.79,94.17,92.74,94.12,6230.0,4,0.0
2024-03-22 16:00:00,94.12,94.67,93.91,94.36,6014.0,4,0.0
2024-03-22 17:00:00,94.37,94.75,94.17,94.65,3875.0,4,0.0
2024-03-22 18:00:00,94.66,94.66,93.77,94.06,4301.0,4,0.0
2024-03-22 19:00:00,94.06,94.06,93.43,93.83,3332.0,4,0.0
2024-03-25 10:00:00,95.05,95.1,94.39,94.52,651.0,6,0.0
2024-03-25 11:00:00,94.53,94.53,93.07,93.82,1970.0,6,0.0
2024-03-25 12:00:00,93.83,94.54,93.81,94.1,1640.0,6,0.0
2024-03-25 13:00:00,94.09,95.8,93.49,95.52,6715.0,4,0.0
2024-03-25 14:00:00,95.52,96.71,95.34,95.88,5231.0,4,0.0
2024-03-25 15:00:00,95.88,96.41,95.12,95.2,3792.0,6,0.0
2024-03-25 16:00:00,95.2,95.52,94.65,95.36,3551.0,4,0.0
2024-03-25 17:00:00,95.36,96.04,94.97,96.03,3015.0,4,0.0
2024-03-25 18:00:00,96.03,96.25,95.76,96.19,2844.0,4,0.0
2024-03-25 19:00:00,96.19,96.21,95.21,95.7,3022.0,4,0.0
2024-03-26 10:00:00,95.77,95.84,95.64,95.73,358.0,6,0.0
2024-03-26 11:00:00,95.74,96.18,95.73,95.95,840.0,6,0.0
2024-03-26 12:00:00,95.95,95.96,95.65,95.84,940.0,6,0.0
2024-03-26 13:00:00,95.83,96.34,94.99,95.55,4476.0,6,0.0
2024-03-26 14:00:00,95.55,95.7,94.03,94.6,4715.0,4,0.0
2024-03-26 15:00:00,94.62,95.0,94.23,94.44,3229.0,4,0.0
2024-03-26 16:00:00,94.44,94.62,93.88,94.19,3235.0,4,0.0
2024-03-26 17:00:00,94.2,94.96,94.05,94.84,2780.0,4,0.0
2024-03-26 18:00:00,94.84,95.23,94.67,94.75,2918.0,4,0.0
2024-03-26 19:00:00,94.75,94.82,93.41,93.41,3171.0,4,0.0
2024-03-27 10:00:00,93.25,93.46,93.25,93.37,302.0,6,0.0
2024-03-27 11:00:00,93.37,93.37,92.9,92.9,806.0,6,0.0
2024-03-27 12:00:00,92.89,93.05,92.76,93.03,1062.0,6,0.0
2024-03-27 13:00:00,93.03,93.19,90.1,90.16,6569.0,6,0.0
2024-03-27 14:00:00,90.18,90.44,89.13,90.04,7492.0,6,0.0
2024-03-27 15:00:00,90.04,90.19,89.31,89.78,3891.0,4,0.0
2024-03-27 16:00:00,89.77,90.41,89.72,90.2,3245.0,4,0.0
2024-03-27 17:00:00,90.21,90.67,89.93,90.55,3048.0,4,0.0
2024-03-27 18:00:00,90.55,90.56,89.5,89.75,3368.0,4,0.0
2024-03-27 19:00:00,89.74,90.25,89.12,90.1,3223.0,4,0.0
2024-03-28 10:00:00,89.8,89.86,89.6,89.68,343.0,6,0.0
2024-03-28 11:00:00,89.68,90.2,89.68,89.9,604.0,6,0.0
2024-03-28 12:00:00,89.91,90.11,89.46,89.6,1306.0,6,0.0
2024-03-28 13:00:00,89.6,91.26,89.19,90.61,5079.0,4,0.0
2024-03-28 14:00:00,90.66,91.07,90.0,90.61,4347.0,4,0.0
2024-03-28 15:00:00,90.6,90.93,90.28,90.78,3278.0,4,0.0
2024-03-28 16:00:00,90.78,90.78,90.4,90.63,3046.0,4,0.0
2024-03-28 17:00:00,90.62,90.72,90.34,90.37,2599.0,4,0.0
2024-03-28 18:00:00,90.37,90.59,90.17,90.52,2953.0,4,0.0
2024-03-28 19:00:00,90.52,90.78,90.22,90.27,2305.0,4,0.0
2024-04-01 10:00:00,91.21,91.25,91.13,91.13,206.0,6,0.0
2024-04-01 11:00:00,91.13,91.13,90.36,90.55,799.0,6,0.0
2024-04-01 12:00:00,90.56,90.62,90.36,90.49,846.0,6,0.0
2024-04-01 13:00:00,90.49,92.19,90.0,91.65,5500.0,6,0.0
2024-04-01 14:00:00,91.62,91.87,90.51,90.69,5128.0,4,0.0
2024-04-01 15:00:00,90.69,90.81,89.28,89.34,4227.0,6,0.0
2024-04-01 16:00:00,89.35,90.16,89.18,89.94,3312.0,4,0.0
2024-04-01 17:00:00,89.94,90.05,89.48,89.91,2781.0,4,0.0
2024-04-01 18:00:00,89.91,90.44,89.77,90.23,2765.0,4,0.0
2024-04-01 19:00:00,90.22,90.38,89.65,89.86,2433.0,4,0.0
2024-04-02 10:00:00,89.73,89.81,89.49,89.69,457.0,6,0.0
2024-04-02 11:00:00,89.7,89.82,89.39,89.5,707.0,6,0.0
2024-04-02 12:00:00,89.5,89.62,88.81,88.95,1301.0,6,0.0
2024-04-02 13:00:00,88.95,88.95,87.72,88.36,6210.0,6,0.0
2024-04-02 14:00:00,88.38,88.52,87.61,88.3,4412.0,4,0.0
2024-04-02 15:00:00,88.3,89.58,88.24,89.04,4141.0,4,0.0
2024-04-02 16:00:00,89.04,89.76,88.91,89.67,2971.0,4,0.0
2024-04-02 17:00:00,89.68,90.05,89.31,89.36,2960.0,4,0.0
2024-04-02 18:00:00,89.36,89.73,89.21,89.37,2461.0,4,0.0
2024-04-02 19:00:00,89.36,89.65,89.22,89.59,2105.0,4,0.0
2024-04-03 10:00:00,88.44,88.54,88.32,88.52,509.0,6,0.0
2024-04-03 11:00:00,88.51,89.21,88.5,89.15,952.0,6,0.0
2024-04-03 12:00:00,89.15,89.21,88.44,88.53,1087.0,6,0.0
2024-04-03 13:00:00,88.52,89.31,88.29,88.86,3785.0,4,0.0
2024-04-03 14:00:00,88.91,90.34,88.91,90.09,4359.0,4,0.0
2024-04-03 15:00:00,90.08,90.32,89.5,89.55,2934.0,4,0.0
2024-04-03 16:00:00,89.54,89.95,89.12,89.77,3437.0,4,0.0
2024-04-03 17:00:00,89.77,90.09,89.67,89.88,2449.0,4,0.0
2024-04-03 18:00:00,89.87,90.05,89.46,89.53,2134.0,4,0.0
2024-04-03 19:00:00,89.53,89.61,88.88,89.11,2612.0,4,0.0
2024-04-04 10:00:00,89.78,89.82,89.66,89.8,292.0,6,0.0
2024-04-04 11:00:00,89.81,90.11,89.68,90.02,963.0,6,0.0
2024-04-04 12:00:00,90.01,90.53,89.85,90.45,1410.0,6,0.0
2024-04-04 13:00:00,90.45,90.6,89.31,89.67,4027.0,4,0.0
2024-04-04 14:00:00,89.68,89.93,89.41,89.75,3169.0,4,0.0
2024-04-04 15:00:00,89.75,89.77,89.21,89.25,2471.0,4,0.0
2024-04-04 16:00:00,89.26,89.7,89.24,89.62,2087.0,4,0.0
2024-04-04 17:00:00,89.62,89.66,89.19,89.24,1982.0,4,0.0
2024-04-04 18:00:00,89.24,89.24,87.29,87.44,5204.0,4,0.0
2024-04-04 19:00:00,87.41,87.41,86.14,86.21,4430.0,4,0.0
2024-04-05 10:00:00,86.56,86.59,86.21,86.39,520.0,6,0.0
2024-04-05 11:00:00,86.39,86.56,86.28,86.44,669.0,6,0.0
2024-04-05 12:00:00,86.45,87.02,85.83,86.66,2347.0,6,0.0
2024-04-05 13:00:00,86.65,87.63,85.92,87.37,5297.0,6,0.0
2024-04-05 14:00:00,87.38,87.73,86.6,87.73,4310.0,4,0.0
2024-04-05 15:00:00,87.74,88.27,87.23,88.2,4114.0,4,0.0
2024-04-05 16:00:00,88.2,88.45,87.93,88.31,3304.0,4,0.0
2024-04-05 17:00:00,88.32,88.39,87.56,87.59,2918.0,4,0.0
2024-04-05 18:00:00,87.59,88.11,87.29,87.61,4026.0,4,0.0
2024-04-05 19:00:00,87.61,87.93,87.56,87.67,2171.0,4,0.0
2024-04-08 10:00:00,87.93,88.28,87.88,88.23,381.0,6,0.0
2024-04-08 11:00:00,88.22,88.48,88.18,88.34,712.0,6,0.0
2024-04-08 12:00:00,88.34,88.76,88.3,88.71,896.0,6,0.0
2024-04-08 13:00:00,88.71,88.93,86.8,87.31,4887.0,4,0.0
2024-04-08 14:00:00,87.3,88.1,87.06,87.79,3747.0,4,0.0
2024-04-08 15:00:00,87.79,87.84,87.22,87.39,2861.0,4,0.0
2024-04-08 16:00:00,87.39,87.39,86.72,87.35,3040.0,4,0.0
2024-04-08 17:00:00,87.35,87.4,86.88,87.14,2272.0,4,0.0
2024-04-08 18:00:00,87.15,87.34,87.01,87.34,1943.0,4,0.0
2024-04-08 19:00:00,87.34,87.44,87.09,87.12,1643.0,4,0.0
2024-04-09 10:00:00,87.1,87.11,86.42,86.7,659.0,6,0.0
2024-04-09 11:00:00,86.72,87.05,86.6,86.83,681.0,6,0.0
2024-04-09 12:00:00,86.83,87.3,86.81,87.21,729.0,6,0.0
2024-04-09 13:00:00,87.22,87.6,86.2,86.25,3822.0,6,0.0
2024-04-09 14:00:00,86.25,86.35,83.01,83.71,7973.0,4,0.0
2024-04-09 15:00:00,83.69,84.73,83.49,84.67,5385.0,4,0.0
2024-04-09 16:00:00,84.66,84.97,84.37,84.45,3674.0,4,0.0
2024-04-09 17:00:00,84.45,84.97,84.36,84.72,3076.0,4,0.0
2024-04-09 18:00:00,84.72,84.83,84.26,84.5,2924.0,4,0.0
2024-04-09 19:00:00,84.5,85.16,84.12,84.73,2987.0,4,0.0
2024-04-10 10:00:00,84.63,84.63,83.99,84.53,678.0,6,0.0
2024-04-10 11:00:00,84.51,84.94,84.4,84.79,837.0,6,0.0
2024-04-10 12:00:00,84.8,85.33,83.45,84.02,3322.0,6,0.0
2024-04-10 13:00:00,84.02,87.16,83.43,86.72,6698.0,6,0.0
2024-04-10 14:00:00,86.71,87.37,86.12,86.59,5146.0,4,0.0
2024-04-10 15:00:00,86.58,86.96,86.25,86.64,3468.0,4,0.0
2024-04-10 16:00:00,86.64,86.89,86.39,86.78,2758.0,4,0.0
2024-04-10 17:00:00,86.78,87.0,86.31,86.75,3696.0,4,0.0
2024-04-10 18:00:00,86.75,86.96,86.49,86.56,3419.0,4,0.0
2024-04-10 19:00:00,86.56,87.12,86.35,87.05,2748.0,4,0.0
2024-04-11 10:00:00,86.77,86.9,86.59,86.75,425.0,6,0.0
2024-04-11 11:00:00,86.74,86.8,86.53,86.6,689.0,6,0.0
2024-04-11 12:00:00,86.6,87.86,86.42,87.31,2240.0,6,0.0
2024-04-11 13:00:00,87.3,88.45,86.92,88.02,5262.0,4,0.0
2024-04-11 14:00:00,88.03,88.84,87.3,88.6,4662.0,4,0.0
2024-04-11 15:00:00,88.6,89.03,88.52,89.03,3456.0,4,0.0
2024-04-11 16:00:00,89.04,89.7,88.89,89.42,3168.0,4,0.0
2024-04-11 17:00:00,89.42,89.85,89.34,89.77,3041.0,4,0.0
2024-04-11 18:00:00,89.76,90.21,89.65,89.92,2880.0,4,0.0
2024-04-11 19:00:00,89.92,90.44,89.75,90.34,2047.0,4,0.0
2024-04-12 10:00:00,90.2,90.2,89.53,89.9,777.0,6,0.0
2024-04-12 11:00:00,89.9,90.43,89.85,90.35,1074.0,6,0.0
2024-04-12 12:00:00,90.33,90.54,89.71,89.76,1378.0,6,0.0
2024-04-12 13:00:00,89.79,90.1,88.83,89.43,4958.0,4,0.0
2024-04-12 14:00:00,89.39,89.75,88.28,88.3,5008.0,4,0.0
2024-04-12 15:00:00,88.31,89.52,88.29,89.34,3654.0,4,0.0
2024-04-12 16:00:00,89.35,89.36,88.38,88.72,3682.0,4,0.0
2024-04-12 17:00:00,88.71,88.97,88.3,88.53,3399.0,4,0.0
2024-04-12 18:00:00,88.53,88.61,87.52,87.61,3794.0,4,0.0
2024-04-12 19:00:00,87.61,88.3,87.52,88.24,2955.0,4,0.0
2024-04-15 10:00:00,89.02,89.39,89.02,89.16,608.0,6,0.0
2024-04-15 11:00:00,89.15,89.18,88.75,88.89,1174.0,6,0.0
2024-04-15 12:00:00,88.9,88.95,88.58,88.95,1242.0,6,0.0
2024-04-15 13:00:00,88.95,90.4,88.23,90.12,4935.0,4,0.0
2024-04-15 14:00:00,90.13,90.59,88.63,88.73,4807.0,4,0.0
2024-04-15 15:00:00,88.74,89.06,88.29,88.97,3530.0,4,0.0
2024-04-15 16:00:00,88.96,89.16,87.58,88.04,3226.0,4,0.0
2024-04-15 17:00:00,88.04,88.3,86.33,86.93,4227.0,4,0.0
2024-04-15 18:00:00,86.92,87.24,86.46,86.8,3547.0,4,0.0
2024-04-15 19:00:00,86.81,86.81,85.93,86.38,3122.0,4,0.0
2024-04-16 10:00:00,85.32,85.86,84.9,85.78,1073.0,6,0.0
2024-04-16 11:00:00,85.78,86.79,85.74,86.48,1316.0,6,0.0
2024-04-16 12:00:00,86.47,86.74,86.25,86.65,1404.0,6,0.0
2024-04-16 13:00:00,86.66,87.6,86.07,87.46,4808.0,4,0.0
2024-04-16 14:00:00,87.45,87.87,86.59,86.95,4588.0,4,0.0
2024-04-16 15:00:00,86.95,87.52,86.73,86.92,3105.0,4,0.0
2024-04-16 16:00:00,86.92,87.53,86.69,87.43,3079.0,4,0.0
2024-04-16 17:00:00,87.43,87.75,86.8,87.38,3930.0,4,0.0
2024-04-16 18:00:00,87.37,88.07,87.22,87.9,3711.0,4,0.0
2024-04-16 19:00:00,87.91,88.06,87.45,87.68,2791.0,4,0.0
2024-04-17 10:00:00,87.83,87.91,87.61,87.62,424.0,6,0.0
2024-04-17 11:00:00,87.64,88.4,87.64,88.08,1009.0,6,0.0
2024-04-17 12:00:00,88.07,88.26,87.9,88.09,1045.0,6,0.0
2024-04-17 13:00:00,88.09,88.74,86.73,87.18,4871.0,6,0.0
2024-04-17 14:00:00,87.2,87.22,85.54,85.82,5026.0,4,0.0
2024-04-17 15:00:00,85.81,86.49,85.57,85.9,4084.0,4,0.0
2024-04-17 16:00:00,85.9,85.9,84.33,84.75,4807.0,4,0.0
2024-04-17 17:00:00,84.75,85.45,84.62,85.36,4104.0,4,0.0
2024-04-17 18:00:00,85.36,85.76,84.76,84.86,4208.0,4,0.0
2024-04-17 19:00:00,84.85,84.9,83.94,84.37,3653.0,4,0.0
2024-04-18 10:00:00,84.53,84.85,84.32,84.65,663.0,6,0.0
2024-04-18 11:00:00,84.7,85.45,84.67,85.28,1181.0,6,0.0
2024-04-18 12:00:00,85.27,85.27,84.76,84.9,1579.0,6,0.0
2024-04-18 13:00:00,84.91,85.13,82.39,84.21,6112.0,6,0.0
2024-04-18 14:00:00,84.2,85.63,83.82,85.33,4807.0,4,0.0
2024-04-18 15:00:00,85.32,86.0,85.04,85.77,3966.0,4,0.0
2024-04-18 16:00:00,85.77,86.16,85.04,85.1,3606.0,4,0.0
2024-04-18 17:00:00,85.09,85.21,84.08,84.56,4087.0,4,0.0
2024-04-18 18:00:00,84.56,84.82,84.21,84.36,3372.0,4,0.0
2024-04-18 19:00:00,84.36,85.13,84.36,85.11,2751.0,4,0.0
2024-04-19 10:00:00,83.89,84.13,83.8,84.03,689.0,6,0.0
2024-04-19 11:00:00,84.03,85.03,83.77,85.03,1298.0,6,0.0
2024-04-19 12:00:00,85.03,85.03,84.5,84.54,1232.0,6,0.0
2024-04-19 13:00:00,84.54,84.63,83.02,83.87,7160.0,4,0.0
2024-04-19 14:00:00,83.86,83.98,81.26,82.33,7395.0,4,0.0
2024-04-19 15:00:00,82.33,82.52,81.26,81.33,4982.0,4,0.0
2024-04-19 16:00:00,81.32,81.55,80.19,81.05,6166.0,4,0.0
2024-04-19 17:00:00,81.04,81.39,79.34,79.54,5810.0,4,0.0
2024-04-19 18:00:00,79.53,79.64,76.66,77.11,9419.0,4,0.0
2024-04-19 19:00:00,77.09,77.56,75.87,75.9,6228.0,4,0.0
2024-04-22 10:00:00,78.3,78.44,77.7,77.72,1112.0,6,0.0
2024-04-22 11:00:00,77.71,77.79,76.87,77.05,1850.0,6,0.0
2024-04-22 12:00:00,77.07,77.24,76.52,77.11,1978.0,6,0.0
2024-04-22 13:00:00,77.12,79.6,77.08,78.62,8003.0,4,0.0
2024-04-22 14:00:00,78.61,79.05,76.38,77.59,8119.0,4,0.0
2024-04-22 15:00:00,77.6,78.59,76.91,78.59,5150.0,4,0.0
2024-04-22 16:00:00,78.59,78.87,78.14,78.65,4318.0,4,0.0
2024-04-22 17:00:00,78.65,79.66,78.48,79.43,4416.0,4,0.0
2024-04-22 18:00:00,79.44,80.03,79.1,79.8,4375.0,4,0.0
2024-04-22 19:00:00,79.8,79.92,78.86,79.42,3559.0,4,0.0
2024-04-23 10:00:00,80.48,80.82,80.41,80.6,692.0,6,0.0
2024-04-23 11:00:00,80.59,80.84,80.4,80.77,1148.0,6,0.0
2024-04-23 12:00:00,80.77,80.79,80.31,80.54,1313.0,6,0.0
2024-04-23 13:00:00,80.55,81.35,80.25,81.03,4843.0,6,0.0
2024-04-23 14:00:00,81.05,82.72,80.76,82.34,5948.0,4,0.0
2024-04-23 15:00:00,82.35,82.67,81.83,81.92,4016.0,4,0.0
2024-04-23 16:00:00,81.93,82.46,81.45,81.76,3132.0,4,0.0
2024-04-23 17:00:00,81.76,82.47,81.5,82.47,3033.0,4,0.0
2024-04-23 18:00:00,82.45,82.67,82.15,82.36,2630.0,4,0.0
2024-04-23 19:00:00,82.36,82.73,82.04,82.42,2315.0,4,0.0
2024-04-24 10:00:00,83.78,84.19,83.78,84.13,610.0,6,0.0
2024-04-24 11:00:00,84.14,84.34,83.96,83.96,1018.0,6,0.0
2024-04-24 12:00:00,83.96,84.06,83.68,83.7,1115.0,6,0.0
2024-04-24 13:00:00,83.7,84.04,82.2,82.63,5555.0,6,0.0
2024-04-24 14:00:00,82.61,83.4,82.45,82.8,4656.0,4,0.0
2024-04-24 15:00:00,82.8,82.83,80.74,80.82,5050.0,4,0.0
2024-04-24 16:00:00,80.81,81.31,80.06,81.29,4773.0,4,0.0
2024-04-24 17:00:00,81.28,81.85,80.81,80.98,4161.0,4,0.0
2024-04-24 18:00:00,80.98,81.02,79.21,79.21,4961.0,4,0.0
2024-04-24 19:00:00,79.2,80.22,79.17,79.58,3510.0,4,0.0
2024-04-25 10:00:00,80.2,80.41,79.94,80.07,809.0,6,0.0
2024-04-25 11:00:00,80.07,80.3,79.69,80.19,1292.0,6,0.0
2024-04-25 12:00:00,80.18,80.18,78.35,78.46,2767.0,6,0.0
2024-04-25 13:00:00,78.49,81.39,77.64,80.97,7625.0,6,0.0
2024-04-25 14:00:00,80.96,82.39,80.5,81.6,5939.0,4,0.0
2024-04-25 15:00:00,81.59,82.07,81.0,81.59,3559.0,4,0.0
2024-04-25 16:00:00,81.58,82.38,81.41,82.23,3078.0,4,0.0
2024-04-25 17:00:00,82.23,83.17,82.16,82.83,3474.0,4,0.0
2024-04-25 18:00:00,82.84,83.09,82.31,82.85,3548.0,4,0.0
2024-04-25 19:00:00,82.85,83.29,82.55,82.57,2831.0,4,0.0
2024-04-26 10:00:00,83.63,83.93,83.49,83.68,512.0,6,0.0
2024-04-26 11:00:00,83.69,84.28,83.69,84.17,1096.0,6,0.0
2024-04-26 12:00:00,84.16,84.55,83.64,83.96,2891.0,6,0.0
2024-04-26 13:00:00,83.99,85.64,83.37,85.57,6616.0,4,0.0
2024-04-26 14:00:00,85.58,86.95,85.28,86.69,7599.0,4,0.0
2024-04-26 15:00:00,86.69,87.38,86.45,86.52,5106.0,4,0.0
2024-04-26 16:00:00,86.52,87.61,86.23,87.57,4112.0,4,0.0
2024-04-26 17:00:00,87.57,88.3,87.37,87.5,4267.0,4,0.0
2024-04-26 18:00:00,87.51,87.72,86.87,87.55,4451.0,4,0.0
2024-04-26 19:00:00,87.54,87.82,87.24,87.27,2999.0,4,0.0
2024-04-29 10:00:00,87.41,87.56,86.99,87.34,966.0,6,0.0
2024-04-29 11:00:00,87.35,88.11,87.32,87.85,1464.0,6,0.0
2024-04-29 12:00:00,87.85,88.32,87.55,87.62,1447.0,6,0.0
2024-04-29 13:00:00,87.61,87.76,85.26,86.63,6943.0,6,0.0
2024-04-29 14:00:00,86.64,87.62,86.38,86.65,5185.0,4,0.0
2024-04-29 15:00:00,86.65,87.26,86.45,86.64,3741.0,4,0.0
2024-04-29 16:00:00,86.64,87.31,86.58,87.07,2959.0,4,0.0
2024-04-29 17:00:00,87.06,87.96,86.86,87.45,3262.0,4,0.0
2024-04-29 18:00:00,87.44,87.75,87.14,87.46,2908.0,4,0.0
2024-04-29 19:00:00,87.46,87.46,86.51,87.27,2721.0,4,0.0
2024-04-30 10:00:00,87.16,87.45,86.93,87.45,565.0,6,0.0
2024-04-30 11:00:00,87.44,87.8,87.4,87.44,869.0,6,0.0
2024-04-30 12:00:00,87.45,87.54,86.81,86.88,1226.0,6,0.0
2024-04-30 13:00:00,86.89,88.57,86.66,88.49,4766.0,6,0.0
2024-04-30 14:00:00,88.51,88.78,87.35,87.94,4515.0,4,0.0
2024-04-30 15:00:00,87.94,88.15,86.68,87.12,3472.0,4,0.0
2024-04-30 16:00:00,87.12,87.49,86.57,86.82,2997.0,4,0.0
2024-04-30 17:00:00,86.82,87.08,86.28,86.97,2822.0,4,0.0
2024-04-30 18:00:00,86.96,87.15,86.63,86.77,2842.0,4,0.0
2024-04-30 19:00:00,86.76,87.37,86.65,87.12,2536.0,4,0.0
2024-05-01 10:00:00,84.41,84.66,84.26,84.65,358.0,6,0.0
2024-05-01 11:00:00,84.67,85.14,84.59,84.73,710.0,6,0.0
2024-05-01 12:00:00,84.7,85.42,84.67,85.07,1115.0,6,0.0
2024-05-01 13:00:00,85.07,85.5,84.14,84.47,5157.0,6,0.0
2024-05-01 14:00:00,84.49,84.58,83.0,83.85,5521.0,6,0.0
2024-05-01 15:00:00,83.87,83.99,81.5,81.5,4673.0,4,0.0
2024-05-01 16:00:00,81.5,82.31,81.27,81.77,3936.0,4,0.0
2024-05-01 17:00:00,81.76,83.04,81.42,82.31,3751.0,4,0.0
2024-05-01 18:00:00,82.33,85.42,82.16,85.34,8008.0,6,0.0
2024-05-01 19:00:00,85.36,85.96,83.34,83.77,6162.0,6,0.0
2024-05-02 10:00:00,84.43,84.53,84.33,84.35,422.0,6,0.0
2024-05-02 11:00:00,84.36,84.85,84.31,84.34,1125.0,6,0.0
2024-05-02 12:00:00,84.35,84.55,84.01,84.04,1039.0,6,0.0
2024-05-02 13:00:00,84.04,85.61,83.99,84.2,5245.0,6,0.0
2024-05-02 14:00:00,84.2,84.7,83.18,84.65,5465.0,4,0.0
2024-05-02 15:00:00,84.64,85.14,84.45,85.02,3543.0,4,0.0
2024-05-02 16:00:00,85.03,85.05,84.21,84.7,2952.0,4,0.0
2024-05-02 17:00:00,84.72,85.57,84.72,85.36,3214.0,4,0.0
2024-05-02 18:00:00,85.37,85.74,85.2,85.61,3031.0,4,0.0
2024-05-02 19:00:00,85.61,86.21,85.46,85.96,2998.0,4,0.0
2024-05-03 10:00:00,86.33,86.36,86.24,86.29,223.0,6,0.0
2024-05-03 11:00:00,86.3,86.49,86.04,86.05,764.0,6,0.0
2024-05-03 12:00:00,86.05,87.63,85.89,87.43,2274.0,6,0.0
2024-05-03 13:00:00,87.45,88.83,87.04,88.66,4848.0,4,0.0
2024-05-03 14:00:00,88.65,88.89,87.27,87.89,5206.0,4,0.0
2024-05-03 15:00:00,87.9,88.53,87.51,88.41,3532.0,4,0.0
2024-05-03 16:00:00,88.42,88.76,88.3,88.56,3157.0,4,0.0
2024-05-03 17:00:00,88.57,89.09,88.52,88.7,2997.0,4,0.0
2024-05-03 18:00:00,88.7,89.25,88.7,88.82,2792.0,4,0.0
2024-05-03 19:00:00,88.81,88.93,88.59,88.79,2121.0,4,0.0
2024-05-06 10:00:00,89.37,89.41,89.28,89.31,276.0,6,0.0
2024-05-06 11:00:00,89.31,89.34,89.15,89.21,695.0,6,0.0
2024-05-06 12:00:00,89.2,89.41,89.2,89.25,668.0,6,0.0
2024-05-06 13:00:00,89.25,91.55,88.93,91.54,4533.0,4,0.0
2024-05-06 14:00:00,91.55,91.64,90.81,91.14,4529.0,4,0.0
2024-05-06 15:00:00,91.15,91.94,91.05,91.77,3454.0,4,0.0
2024-05-06 16:00:00,91.77,91.96,91.45,91.95,2698.0,4,0.0
2024-05-06 17:00:00,91.95,91.97,91.55,91.71,2214.0,4,0.0
2024-05-06 18:00:00,91.72,92.17,91.68,92.1,2361.0,4,0.0
2024-05-06 19:00:00,92.1,92.16,91.66,91.81,2154.0,4,0.0
2024-05-07 10:00:00,90.67,91.0,90.33,90.92,880.0,6,0.0
2024-05-07 11:00:00,90.95,91.38,90.88,91.1,1175.0,6,0.0
2024-05-07 12:00:00,91.1,91.44,91.01,91.21,1078.0,6,0.0
2024-05-07 13:00:00,91.21,91.72,89.2,89.63,5714.0,6,0.0
2024-05-07 14:00:00,89.65,90.53,88.99,90.53,5050.0,4,0.0
2024-05-07 15:00:00,90.54,91.05,90.23,91.03,3500.0,4,0.0
2024-05-07 16:00:00,91.04,91.5,91.04,91.28,3176.0,4,0.0
2024-05-07 17:00:00,91.28,91.69,90.42,90.53,3130.0,4,0.0
2024-05-07 18:00:00,90.53,90.61,89.71,90.35,3389.0,4,0.0
2024-05-07 19:00:00,90.36,90.63,90.11,90.35,2215.0,4,0.0
2024-05-08 10:00:00,90.28,90.43,90.23,90.38,240.0,6,0.0
2024-05-08 11:00:00,90.37,90.39,89.86,89.93,723.0,6,0.0
2024-05-08 12:00:00,89.94,90.01,89.34,89.46,1246.0,6,0.0
2024-05-08 13:00:00,89.45,90.92,89.38,90.83,3921.0,6,0.0
2024-05-08 14:00:00,90.85,91.15,90.28,90.63,3922.0,4,0.0
2024-05-08 15:00:00,90.64,90.85,89.54,89.64,3558.0,4,0.0
2024-05-08 16:00:00,89.64,90.33,89.62,90.21,2799.0,4,0.0
2024-05-08 17:00:00,90.2,90.48,89.85,90.25,2393.0,4,0.0
2024-05-08 18:00:00,90.25,90.54,90.13,90.22,2171.0,4,0.0
2024-05-08 19:00:00,90.22,90.52,90.04,90.41,1806.0,4,0.0
2024-05-09 10:00:00,89.9,89.95,89.84,89.9,130.0,6,0.0
2024-05-09 11:00:00,89.91,90.13,89.74,90.04,482.0,6,0.0
2024-05-09 12:00:00,90.03,90.63,89.99,90.53,1354.0,6,0.0
2024-05-09 13:00:00,90.53,91.03,88.34,89.07,5638.0,4,0.0
2024-05-09 14:00:00,89.07,89.36,88.22,89.04,5035.0,4,0.0
2024-05-09 15:00:00,89.04,89.66,88.68,88.78,3547.0,4,0.0
2024-05-09 16:00:00,88.79,89.41,88.68,89.33,2587.0,4,0.0
2024-05-09 17:00:00,89.33,89.47,88.74,88.9,2868.0,4,0.0
2024-05-09 18:00:00,88.89,89.1,88.7,88.96,2506.0,4,0.0
2024-05-09 19:00:00,88.98,89.21,88.49,88.6,2382.0,4,0.0
2024-05-10 10:00:00,90.01,90.03,89.84,89.94,308.0,6,0.0
2024-05-10 11:00:00,89.92,89.94,89.7,89.91,516.0,6,0.0
2024-05-10 12:00:00,89.9,90.11,89.72,89.84,1045.0,6,0.0
2024-05-10 13:00:00,89.85,91.37,89.8,90.8,4897.0,4,0.0
2024-05-10 14:00:00,90.78,90.87,89.35,89.77,5179.0,4,0.0
2024-05-10 15:00:00,89.77,90.17,89.22,89.59,3667.0,4,0.0
2024-05-10 16:00:00,89.58,89.99,89.31,89.87,2697.0,4,0.0
2024-05-10 17:00:00,89.87,89.99,89.64,89.97,2371.0,4,0.0
2024-05-10 18:00:00,89.97,90.09,89.68,89.88,2189.0,4,0.0
2024-05-10 19:00:00,89.87,89.87,89.56,89.67,1736.0,4,0.0
2024-05-13 10:00:00,90.49,90.68,90.39,90.58,383.0,6,0.0
2024-05-13 11:00:00,90.61,90.7,90.41,90.64,549.0,6,0.0
2024-05-13 12:00:00,90.63,90.78,90.49,90.71,815.0,6,0.0
2024-05-13 13:00:00,90.71,90.83,88.52,89.54,5493.0,6,0.0
2024-05-13 14:00:00,89.53,90.3,89.17,90.04,4140.0,4,0.0
2024-05-13 15:00:00,90.04,90.58,89.8,90.56,3212.0,4,0.0
2024-05-13 16:00:00,90.56,90.98,90.45,90.6,2907.0,4,0.0
2024-05-13 17:00:00,90.6,90.61,89.86,90.33,2780.0,4,0.0
2024-05-13 18:00:00,90.33,90.35,90.09,90.22,2009.0,4,0.0
2024-05-13 19:00:00,90.22,90.4,90.13,90.32,1422.0,4,0.0
2024-05-14 10:00:00,90.1,90.15,89.71,89.94,480.0,6,0.0
2024-05-14 11:00:00,89.96,90.1,89.88,89.95,468.0,6,0.0
2024-05-14 12:00:00,89.96,90.13,89.45,89.75,1434.0,6,0.0
2024-05-14 13:00:00,89.74,90.22,88.94,89.7,3948.0,4,0.0
2024-05-14 14:00:00,89.71,90.91,89.44,90.47,4184.0,4,0.0
2024-05-14 15:00:00,90.47,91.25,90.4,90.88,3137.0,4,0.0
2024-05-14 16:00:00,90.87,90.91,90.5,90.79,2297.0,4,0.0
2024-05-14 17:00:00,90.79,90.9,90.6,90.8,2117.0,4,0.0
2024-05-14 18:00:00,90.8,91.63,90.8,91.54,2852.0,4,0.0
2024-05-14 19:00:00,91.54,91.61,91.27,91.44,1772.0,4,0.0
2024-05-15 10:00:00,91.12,91.15,90.95,91.02,254.0,6,0.0
2024-05-15 11:00:00,91.03,91.39,91.03,91.29,541.0,6,0.0
2024-05-15 12:00:00,91.3,92.6,91.13,92.41,2769.0,6,0.0
2024-05-15 13:00:00,92.42,93.18,91.61,92.74,6157.0,6,0.0
2024-05-15 14:00:00,92.76,93.95,92.72,93.95,4729.0,4,0.0
2024-05-15 15:00:00,93.96,94.46,93.82,94.34,4249.0,4,0.0
2024-05-15 16:00:00,94.34,94.66,94.18,94.49,3138.0,4,0.0
2024-05-15 17:00:00,94.49,94.58,94.04,94.53,2864.0,4,0.0
2024-05-15 18:00:00,94.53,94.82,94.43,94.68,2452.0,4,0.0
2024-05-15 19:00:00,94.67,94.82,94.34,94.81,2327.0,4,0.0
2024-05-16 10:00:00,94.99,95.15,94.95,95.12,313.0,6,0.0
2024-05-16 11:00:00,95.14,95.36,95.0,95.29,695.0,6,0.0
2024-05-16 12:00:00,95.29,95.29,94.89,94.93,1135.0,6,0.0
2024-05-16 13:00:00,94.93,95.78,94.39,95.42,5125.0,6,0.0
2024-05-16 14:00:00,95.42,95.43,94.42,95.34,4004.0,4,0.0
2024-05-16 15:00:00,95.35,95.59,95.18,95.28,2916.0,4,0.0
2024-05-16 16:00:00,95.28,95.28,94.65,94.96,2728.0,4,0.0
2024-05-16 17:00:00,94.96,95.02,94.11,94.54,2823.0,4,0.0
2024-05-16 18:00:00,94.54,94.81,94.25,94.8,2567.0,4,0.0
2024-05-16 19:00:00,94.8,95.14,94.5,94.62,2301.0,4,0.0
2024-05-17 10:00:00,94.08,94.08,93.7,93.86,428.0,6,0.0
2024-05-17 11:00:00,93.87,94.19,93.87,94.03,467.0,6,0.0
2024-05-17 12:00:00,94.05,94.85,94.03,94.8,1075.0,6,0.0
2024-05-17 13:00:00,94.8,94.8,93.35,93.71,4311.0,6,0.0
2024-05-17 14:00:00,93.72,94.09,92.88,93.85,4026.0,4,0.0
2024-05-17 15:00:00,93.85,93.86,93.09,93.43,2993.0,4,0.0
2024-05-17 16:00:00,93.43,93.51,93.03,93.31,2279.0,4,0.0
2024-05-17 17:00:00,93.31,93.43,93.01,93.04,2083.0,4,0.0
2024-05-17 18:00:00,93.04,93.05,91.79,92.5,4093.0,4,0.0
2024-05-17 19:00:00,92.5,92.8,92.47,92.55,2187.0,4,0.0
2024-05-20 10:00:00,93.87,93.87,93.66,93.75,449.0,6,0.0
2024-05-20 11:00:00,93.74,93.81,93.5,93.77,706.0,6,0.0
2024-05-20 12:00:00,93.78,93.78,93.51,93.67,1011.0,6,0.0
2024-05-20 13:00:00,93.69,95.06,93.43,94.95,4406.0,4,0.0
2024-05-20 14:00:00,94.94,95.18,94.4,94.62,3299.0,4,0.0
2024-05-20 15:00:00,94.62,94.63,94.02,94.17,3007.0,4,0.0
2024-05-20 16:00:00,94.17,95.13,94.16,95.03,2401.0,4,0.0
2024-05-20 17:00:00,95.03,95.12,94.63,94.73,2312.0,4,0.0
2024-05-20 18:00:00,94.73,95.17,94.53,94.97,2322.0,4,0.0
2024-05-20 19:00:00,94.97,95.17,94.77,94.82,1840.0,4,0.0
2024-05-21 10:00:00,95.09,95.23,95.02,95.18,314.0,6,0.0
2024-05-21 11:00:00,95.19,95.47,95.17,95.32,736.0,6,0.0
2024-05-21 12:00:00,95.32,95.33,94.72,94.77,1080.0,6,0.0
2024-05-21 13:00:00,94.76,94.8,93.15,93.55,7094.0,4,0.0
2024-05-21 14:00:00,93.57,94.79,93.29,94.78,3769.0,4,0.0
2024-05-21 15:00:00,94.77,94.97,94.58,94.67,2688.0,4,0.0
2024-05-21 16:00:00,94.67,95.26,94.63,94.7,2453.0,4,0.0
2024-05-21 17:00:00,94.7,94.94,94.56,94.92,2084.0,4,0.0
2024-05-21 18:00:00,94.93,95.02,94.59,94.67,1908.0,4,0.0
2024-05-21 19:00:00,94.67,95.33,94.67,95.11,1855.0,4,0.0
2024-05-22 10:00:00,94.84,95.04,94.8,95.0,350.0,6,0.0
2024-05-22 11:00:00,95.01,95.48,94.97,95.3,776.0,6,0.0
2024-05-22 12:00:00,95.29,95.88,95.27,95.78,1039.0,6,0.0
2024-05-22 13:00:00,95.78,95.98,94.06,94.73,5248.0,4,0.0
2024-05-22 14:00:00,94.74,95.14,94.3,94.79,3777.0,4,0.0
2024-05-22 15:00:00,94.79,95.01,94.43,94.69,2566.0,4,0.0
2024-05-22 16:00:00,94.7,95.15,94.61,94.86,2565.0,4,0.0
2024-05-22 17:00:00,94.86,94.99,93.63,94.01,3684.0,4,0.0
2024-05-22 18:00:00,94.01,94.35,93.23,93.94,5037.0,4,0.0
2024-05-22 19:00:00,93.94,94.75,93.47,94.54,3408.0,4,0.0
2024-05-23 10:00:00,101.18,101.66,101.04,101.48,863.0,6,0.0
2024-05-23 11:00:00,101.47,102.1,101.31,101.51,2239.0,6,0.0
2024-05-23 12:00:00,101.53,101.87,101.24,101.45,2306.0,6,0.0
2024-05-23 13:00:00,101.46,104.21,101.12,102.71,12974.0,6,0.0
2024-05-23 14:00:00,102.73,104.69,102.65,103.54,6925.0,6,0.0
2024-05-23 15:00:00,103.54,105.14,103.5,104.65,4552.0,4,0.0
2024-05-23 16:00:00,104.65,105.47,104.41,105.35,3695.0,4,0.0
2024-05-23 17:00:00,105.34,106.28,104.63,104.72,4353.0,4,0.0
2024-05-23 18:00:00,104.72,104.82,102.88,103.37,6683.0,6,0.0
2024-05-23 19:00:00,103.36,103.88,102.0,103.71,5561.0,6,0.0
2024-05-24 10:00:00,103.94,104.41,103.93,104.33,600.0,6,0.0
2024-05-24 11:00:00,104.32,105.26,104.2,105.05,1580.0,6,0.0
2024-05-24 12:00:00,105.05,105.08,104.53,104.71,1330.0,6,0.0
2024-05-24 13:00:00,104.72,104.96,102.98,104.3,6748.0,6,0.0
2024-05-24 14:00:00,104.33,104.82,103.49,104.7,4405.0,6,0.0
2024-05-24 15:00:00,104.7,104.97,104.04,104.36,3102.0,4,0.0
2024-05-24 16:00:00,104.37,104.97,104.16,104.73,2670.0,4,0.0
2024-05-24 17:00:00,104.73,105.33,104.5,105.19,2619.0,4,0.0
2024-05-24 18:00:00,105.18,105.76,105.13,105.38,3004.0,4,0.0
2024-05-24 19:00:00,105.38,106.14,105.1,105.84,2664.0,4,0.0
2024-05-28 10:00:00,109.27,109.27,108.54,108.54,842.0,6,0.0
2024-05-28 11:00:00,108.53,109.71,108.52,109.53,1634.0,6,0.0
2024-05-28 12:00:00,109.53,109.71,109.51,109.64,1385.0,6,0.0
2024-05-28 13:00:00,109.63,112.11,109.45,111.63,9382.0,6,0.0
2024-05-28 14:00:00,111.63,112.36,110.86,112.11,5329.0,6,0.0
2024-05-28 15:00:00,112.12,112.55,111.53,112.51,3976.0,4,0.0
2024-05-28 16:00:00,112.51,114.03,112.44,113.84,3896.0,4,0.0
2024-05-28 17:00:00,113.84,114.89,113.29,113.29,4933.0,4,0.0
2024-05-28 18:00:00,113.28,114.01,112.37,113.45,4984.0,6,0.0
2024-05-28 19:00:00,113.45,114.4,113.27,113.42,3687.0,6,0.0
2024-05-29 10:00:00,113.51,113.94,113.35,113.37,1142.0,6,0.0
2024-05-29 11:00:00,113.37,114.9,113.37,114.78,1837.0,6,0.0
2024-05-29 12:00:00,114.78,114.81,113.49,113.81,2383.0,6,0.0
2024-05-29 13:00:00,113.81,113.81,110.9,112.45,9390.0,4,0.0
2024-05-29 14:00:00,112.46,114.82,111.98,114.36,7190.0,6,0.0
2024-05-29 15:00:00,114.35,114.43,113.29,113.82,3942.0,6,0.0
2024-05-29 16:00:00,113.82,114.9,113.56,114.72,3360.0,6,0.0
2024-05-29 17:00:00,114.72,115.11,114.1,114.8,3718.0,6,0.0
2024-05-29 18:00:00,114.8,115.45,114.6,114.87,4007.0,6,0.0
2024-05-29 19:00:00,114.87,115.31,114.63,114.92,2205.0,4,0.0
2024-05-30 10:00:00,113.7,114.15,113.39,114.13,706.0,6,0.0
2024-05-30 11:00:00,114.12,114.44,113.82,114.23,902.0,6,0.0
2024-05-30 12:00:00,114.22,114.39,113.99,114.24,1437.0,6,0.0
2024-05-30 13:00:00,114.24,115.76,114.0,115.16,6200.0,6,0.0
2024-05-30 14:00:00,115.18,115.41,112.73,113.31,6823.0,6,0.0
2024-05-30 15:00:00,113.3,113.88,112.54,113.41,4424.0,6,0.0
2024-05-30 16:00:00,113.42,114.18,113.4,113.58,2562.0,6,0.0
2024-05-30 17:00:00,113.58,114.14,113.38,113.8,2319.0,6,0.0
2024-05-30 18:00:00,113.76,113.95,112.92,113.03,2545.0,6,0.0
2024-05-30 19:00:00,113.03,113.14,110.89,111.0,5525.0,6,0.0
2024-05-31 10:00:00,111.08,111.1,110.48,110.64,963.0,6,0.0
2024-05-31 11:00:00,110.63,111.71,110.33,111.6,1675.0,6,0.0
2024-05-31 12:00:00,111.58,113.34,111.54,112.99,3189.0,6,0.0
2024-05-31 13:00:00,112.98,113.16,110.74,111.71,6368.0,6,0.0
2024-05-31 14:00:00,111.71,111.9,108.27,109.56,8526.0,6,0.0
2024-05-31 15:00:00,109.56,109.77,108.4,108.71,5421.0,6,0.0
2024-05-31 16:00:00,108.71,109.14,106.93,107.95,5815.0,6,0.0
2024-05-31 17:00:00,107.93,108.99,107.87,108.23,3315.0,6,0.0
2024-05-31 18:00:00,108.23,108.91,107.91,108.34,2727.0,6,0.0
2024-05-31 19:00:00,108.33,109.92,108.1,109.84,2755.0,4,0.0
2024-06-03 10:00:00,112.86,112.86,112.44,112.51,651.0,6,0.0
2024-06-03 11:00:00,112.53,113.01,111.99,112.89,1336.0,6,0.0
2024-06-03 12:00:00,112.89,113.5,112.83,113.11,1667.0,6,0.0
2024-06-03 13:00:00,113.1,114.34,113.02,113.4,6809.0,6,0.0
2024-06-03 14:00:00,113.49,114.12,112.04,112.57,6803.0,6,0.0
2024-06-03 15:00:00,112.55,114.11,111.98,113.93,4573.0,6,0.0
2024-06-03 16:00:00,113.93,114.08,112.7,113.11,4721.0,6,0.0
2024-06-03 17:00:00,113.08,114.05,112.48,113.62,3486.0,6,0.0
2024-06-03 18:00:00,113.62,113.95,113.33,113.63,2695.0,6,0.0
2024-06-03 19:00:00,113.62,114.62,113.59,114.14,2644.0,6,0.0
2024-06-04 10:00:00,114.11,114.48,114.02,114.37,711.0,6,0.0
2024-06-04 11:00:00,114.38,115.0,114.38,114.84,1341.0,6,0.0
2024-06-04 12:00:00,114.83,115.04,114.65,114.7,1185.0,6,0.0
2024-06-04 13:00:00,114.7,116.07,114.18,114.63,6556.0,6,0.0
2024-06-04 14:00:00,114.64,115.24,114.09,114.49,5420.0,6,0.0
2024-06-04 15:00:00,114.49,114.72,114.02,114.33,3809.0,6,0.0
2024-06-04 16:00:00,114.34,115.47,114.19,115.38,2695.0,6,0.0
2024-06-04 17:00:00,115.38,115.4,114.66,114.88,2585.0,6,0.0
2024-06-04 18:00:00,114.87,116.56,114.83,116.24,3196.0,6,0.0
2024-06-04 19:00:00,116.24,116.26,115.51,116.13,3056.0,6,0.0
2024-06-05 10:00:00,118.27,118.29,117.89,117.93,802.0,6,0.0
2024-06-05 11:00:00,117.92,118.19,117.38,118.02,1350.0,6,0.0
2024-06-05 12:00:00,118.03,118.06,117.69,118.05,1217.0,6,0.0
2024-06-05 13:00:00,118.05,119.33,117.44,119.31,5449.0,6,0.0
2024-06-05 14:00:00,119.26,119.9,118.96,119.82,4768.0,6,0.0
2024-06-05 15:00:00,119.82,119.96,119.56,119.89,2737.0,4,0.0
2024-06-05 16:00:00,119.87,120.45,119.68,120.45,2458.0,4,0.0
2024-06-05 17:00:00,120.45,121.4,120.4,121.38,3488.0,4,0.0
2024-06-05 18:00:00,121.38,121.8,120.94,121.79,3050.0,6,0.0
2024-06-05 19:00:00,121.78,122.32,121.59,121.87,2718.0,6,0.0
2024-06-06 10:00:00,123.34,123.96,123.3,123.79,850.0,6,0.0
2024-06-06 11:00:00,123.88,124.89,123.71,124.51,1765.0,6,0.0
2024-06-06 12:00:00,124.5,124.88,123.62,124.15,2654.0,6,0.0
2024-06-06 13:00:00,124.16,125.55,118.39,118.46,14397.0,6,0.0
2024-06-06 14:00:00,118.44,122.34,118.39,121.21,13932.0,6,0.0
2024-06-06 15:00:00,121.19,121.74,120.01,120.3,7118.0,6,0.0
2024-06-06 16:00:00,120.26,120.79,118.55,118.64,6342.0,6,0.0
2024-06-06 17:00:00,118.64,120.32,118.32,119.8,4302.0,6,0.0
2024-06-06 18:00:00,119.79,120.43,119.14,120.12,3591.0,6,0.0
2024-06-06 19:00:00,120.12,120.49,119.54,120.2,2908.0,6,0.0
2024-06-07 10:00:00,121.27,121.29,120.79,120.83,478.0,6,0.0
2024-06-07 11:00:00,120.85,120.93,120.2,120.71,1203.0,6,0.0
2024-06-07 12:00:00,120.72,120.85,117.68,118.87,4451.0,6,0.0
2024-06-07 13:00:00,118.85,119.79,118.0,119.06,8522.0,6,0.0
2024-06-07 14:00:00,119.06,119.44,118.62,119.19,5587.0,6,0.0
2024-06-07 15:00:00,119.17,119.32,118.69,119.27,3036.0,6,0.0
2024-06-07 16:00:00,119.28,121.24,119.11,121.24,3874.0,6,0.0
2024-06-07 17:00:00,121.25,121.64,120.81,121.03,3801.0,6,0.0
2024-06-07 18:00:00,121.0,121.0,119.41,120.61,5066.0,6,0.0
2024-06-07 19:00:00,120.61,121.22,120.02,121.19,3851.0,6,0.0
2024-06-10 10:00:00,120.2,120.59,120.07,120.42,518.0,60,0.0
2024-06-10 11:00:00,120.42,120.57,119.85,120.22,826.0,60,0.0
2024-06-10 12:00:00,120.21,120.33,119.54,119.69,1029.0,25,0.0
2024-06-10 13:00:00,119.69,120.91,116.88,118.11,7739.0,10,0.0
2024-06-10 14:00:00,118.08,121.63,117.73,121.59,8567.0,10,0.0
2024-06-10 15:00:00,121.61,122.58,121.26,121.76,4632.0,10,0.0
2024-06-10 16:00:00,121.76,122.94,121.48,122.85,2690.0,10,0.0
2024-06-10 17:00:00,122.85,122.85,121.68,122.41,2766.0,10,0.0
2024-06-10 18:00:00,122.42,122.48,120.39,120.83,4479.0,10,0.0
2024-06-10 19:00:00,120.83,122.31,120.69,121.84,2498.0,10,0.0
2024-06-11 10:00:00,121.27,121.58,120.99,121.56,330.0,40,0.0
2024-06-11 11:00:00,121.56,121.58,120.82,121.16,649.0,40,0.0
2024-06-11 12:00:00,121.17,121.38,120.95,121.35,543.0,25,0.0
2024-06-11 13:00:00,121.34,122.7,120.73,121.37,5334.0,10,0.0
2024-06-11 14:00:00,121.33,122.21,119.96,121.25,6232.0,10,0.0
2024-06-11 15:00:00,121.23,121.33,118.71,119.2,6261.0,10,0.0
2024-06-11 16:00:00,119.19,120.67,119.1,120.41,3186.0,10,0.0
2024-06-11 17:00:00,120.42,120.89,119.78,120.76,2515.0,10,0.0
2024-06-11 18:00:00,120.77,121.23,120.23,120.94,2149.0,10,0.0
2024-06-11 19:00:00,120.94,120.98,120.22,120.62,1799.0,10,0.0
2024-06-12 10:00:00,120.94,121.04,120.9,120.99,217.0,40,0.0
2024-06-12 11:00:00,120.99,121.42,120.99,121.38,374.0,25,0.0
2024-06-12 12:00:00,121.37,123.39,121.11,122.93,1090.0,25,0.0
2024-06-12 13:00:00,122.95,124.75,122.4,124.43,3468.0,10,0.0
2024-06-12 14:00:00,124.45,126.83,124.19,125.63,4857.0,10,0.0
2024-06-12 15:00:00,125.65,125.88,124.73,125.46,2767.0,10,0.0
2024-06-12 16:00:00,125.46,126.21,125.32,125.88,1753.0,10,0.0
2024-06-12 17:00:00,125.89,126.2,125.27,125.55,1662.0,10,0.0
2024-06-12 18:00:00,125.53,126.01,124.51,125.32,5564.0,10,0.0
2024-06-12 19:00:00,125.3,126.1,124.13,124.5,3748.0,10,0.0
2024-06-13 10:00:00,127.3,127.61,127.3,127.37,389.0,60,0.0
2024-06-13 11:00:00,127.35,127.76,127.29,127.62,528.0,40,0.0
2024-06-13 12:00:00,127.6,128.96,127.6,128.57,1027.0,25,0.0
2024-06-13 13:00:00,128.57,129.6,128.06,129.12,4562.0,10,0.0
2024-06-13 14:00:00,129.1,129.54,127.37,127.59,6146.0,10,0.0
2024-06-13 15:00:00,127.6,128.99,127.56,128.74,3095.0,10,0.0
2024-06-13 16:00:00,128.75,128.82,127.14,127.62,3537.0,10,0.0
2024-06-13 17:00:00,127.58,128.8,127.53,128.57,2104.0,10,0.0
2024-06-13 18:00:00,128.57,129.54,128.35,129.38,2038.0,10,0.0
2024-06-13 19:00:00,129.34,129.66,128.86,129.21,1751.0,10,0.0
2024-06-14 10:00:00,130.16,130.19,129.41,129.77,814.0,40,0.0
2024-06-14 11:00:00,129.77,129.77,128.43,129.36,1121.0,40,0.0
2024-06-14 12:00:00,129.37,130.18,128.91,129.94,1072.0,40,0.0
2024-06-14 13:00:00,129.93,131.08,128.23,130.82,3825.0,10,0.0
2024-06-14 14:00:00,130.77,132.78,130.58,131.94,6808.0,10,0.0
2024-06-14 15:00:00,131.94,131.97,129.16,130.55,4079.0,10,0.0
2024-06-14 16:00:00,130.53,131.36,130.42,131.09,2974.0,10,0.0
2024-06-14 17:00:00,131.09,132.53,130.89,131.75,2848.0,10,0.0
2024-06-14 18:00:00,131.74,132.12,131.36,131.87,2708.0,10,0.0
2024-06-14 19:00:00,131.86,132.04,131.58,131.62,1590.0,10,0.0
2024-06-17 10:00:00,132.39,132.4,131.99,132.12,450.0,40,0.0
2024-06-17 11:00:00,132.12,133.26,131.92,133.01,713.0,40,0.0
2024-06-17 12:00:00,133.01,133.57,132.74,133.18,952.0,25,0.0
2024-06-17 13:00:00,133.18,133.66,130.69,132.4,5755.0,10,0.0
2024-06-17 14:00:00,132.42,132.53,129.56,130.37,6556.0,10,0.0
2024-06-17 15:00:00,130.38,131.39,130.38,130.88,3099.0,10,0.0
2024-06-17 16:00:00,130.88,132.4,130.58,131.59,2653.0,10,0.0
2024-06-17 17:00:00,131.61,132.34,131.61,132.11,2124.0,10,0.0
2024-06-17 18:00:00,132.11,132.52,131.83,132.41,2421.0,10,0.0
2024-06-17 19:00:00,132.39,132.44,131.94,132.14,1498.0,10,0.0
2024-06-18 10:00:00,130.91,131.61,130.71,131.28,444.0,40,0.0
2024-06-18 11:00:00,131.25,132.05,131.25,131.74,737.0,40,0.0
2024-06-18 12:00:00,131.75,131.84,130.95,131.23,669.0,25,0.0
2024-06-18 13:00:00,131.23,133.29,130.62,133.12,3777.0,10,0.0
2024-06-18 14:00:00,133.15,133.66,132.66,133.13,3856.0,10,0.0
2024-06-18 15:00:00,133.14,134.74,132.65,134.54,3064.0,10,0.0
2024-06-18 16:00:00,134.53,134.93,133.98,134.91,2132.0,10,0.0
2024-06-18 17:00:00,134.89,136.19,134.87,135.7,2437.0,10,0.0
2024-06-18 18:00:00,135.68,136.28,135.04,136.07,2842.0,10,0.0
2024-06-18 19:00:00,136.06,136.06,135.16,135.17,1925.0,10,0.0
2024-06-20 10:00:00,139.09,139.29,138.28,139.05,755.0,40,0.0
2024-06-20 11:00:00,138.96,140.3,138.88,139.81,1108.0,25,0.0
2024-06-20 12:00:00,139.84,140.71,139.52,140.44,1317.0,25,0.0
2024-06-20 13:00:00,140.44,140.7,138.47,139.94,5746.0,10,0.0
2024-06-20 14:00:00,139.95,140.17,136.12,138.95,10163.0,10,0.0
2024-06-20 15:00:00,138.97,139.47,137.32,137.36,4295.0,10,0.0
2024-06-20 16:00:00,137.35,137.4,131.48,133.43,14210.0,10,0.0
2024-06-20 17:00:00,133.42,133.42,129.48,131.93,12046.0,10,0.0
2024-06-20 18:00:00,131.94,133.25,131.06,131.07,5616.0,10,0.0
2024-06-20 19:00:00,131.07,132.15,129.78,132.11,5382.0,10,0.0
2024-06-21 10:00:00,128.45,129.36,128.08,128.86,827.0,40,0.0
2024-06-21 11:00:00,128.93,129.16,127.65,127.74,1007.0,25,0.0
2024-06-21 12:00:00,127.83,128.78,127.6,127.79,1319.0,25,0.0
2024-06-21 13:00:00,127.79,128.65,124.27,126.58,11036.0,10,0.0
2024-06-21 14:00:00,126.59,127.55,125.09,127.54,8696.0,10,0.0
2024-06-21 15:00:00,127.55,130.05,127.18,130.02,5780.0,10,0.0
2024-06-21 16:00:00,130.03,130.57,127.27,127.43,4972.0,10,0.0
2024-06-21 17:00:00,127.42,127.89,125.98,126.12,4677.0,10,0.0
2024-06-21 18:00:00,126.12,126.81,126.07,126.52,3492.0,10,0.0
2024-06-21 19:00:00,126.54,127.13,126.22,126.44,2752.0,10,0.0
2024-06-24 10:00:00,122.96,124.03,122.75,123.72,1007.0,40,0.0
2024-06-24 11:00:00,123.75,124.44,123.58,123.72,1071.0,40,0.0
2024-06-24 12:00:00,123.72,124.38,123.45,123.46,1066.0,25,0.0
2024-06-24 13:00:00,123.47,124.32,121.44,122.52,7648.0,10,0.0
2024-06-24 14:00:00,122.54,123.84,118.26,120.34,12060.0,10,0.0
2024-06-24 15:00:00,120.36,120.88,118.78,120.88,6576.0,10,0.0
2024-06-24 16:00:00,120.88,121.25,119.74,119.83,4560.0,10,0.0
2024-06-24 17:00:00,119.83,120.28,118.97,119.57,4114.0,10,0.0
2024-06-24 18:00:00,119.57,119.72,118.31,119.63,4391.0,10,0.0
2024-06-24 19:00:00,119.62,120.84,119.48,119.7,3744.0,10,0.0
2024-06-25 10:00:00,121.81,121.99,120.43,120.56,1261.0,40,0.0
2024-06-25 11:00:00,120.54,121.24,119.97,120.58,1173.0,40,0.0
2024-06-25 12:00:00,120.57,121.75,120.29,121.62,1156.0,25,0.0
2024-06-25 13:00:00,121.61,122.36,119.26,121.76,5375.0,10,0.0
2024-06-25 14:00:00,121.8,122.56,120.78,121.89,5940.0,10,0.0
2024-06-25 15:00:00,121.9,125.31,121.9,125.3,4812.0,10,0.0
2024-06-25 16:00:00,125.3,125.53,123.47,123.81,4121.0,10,0.0
2024-06-25 17:00:00,123.79,125.12,123.0,124.91,3538.0,10,0.0
2024-06-25 18:00:00,124.9,125.25,124.29,125.06,2569.0,10,0.0
2024-06-25 19:00:00,125.04,126.43,124.74,125.85,2385.0,10,0.0
2024-06-26 10:00:00,128.44,128.72,128.2,128.2,606.0,40,0.0
2024-06-26 11:00:00,128.27,129.22,128.19,129.11,877.0,25,0.0
2024-06-26 12:00:00,129.12,129.13,126.14,126.25,1394.0,25,0.0
2024-06-26 13:00:00,126.23,127.32,124.06,126.72,4680.0,10,0.0
2024-06-26 14:00:00,126.7,128.06,123.91,123.95,6837.0,10,0.0
2024-06-26 15:00:00,123.97,124.65,122.56,124.41,5643.0,10,0.0
2024-06-26 16:00:00,124.41,124.93,123.08,123.47,4182.0,10,0.0
2024-06-26 17:00:00,123.45,124.17,123.31,124.0,3296.0,10,0.0
2024-06-26 18:00:00,123.99,123.99,122.85,122.91,2894.0,10,0.0
2024-06-26 19:00:00,122.91,124.87,122.83,124.82,2572.0,10,0.0
2024-06-27 10:00:00,124.43,124.76,124.33,124.49,401.0,40,0.0
2024-06-27 11:00:00,124.53,124.53,123.74,123.83,633.0,40,0.0
2024-06-27 12:00:00,123.84,125.29,123.71,125.22,954.0,25,0.0
2024-06-27 13:00:00,125.22,126.26,123.71,124.39,4817.0,10,0.0
2024-06-27 14:00:00,124.36,125.41,123.42,124.17,5389.0,10,0.0
2024-06-27 15:00:00,124.16,124.24,122.9,123.4,4248.0,10,0.0
2024-06-27 16:00:00,123.41,124.68,123.16,124.28,2805.0,10,0.0
2024-06-27 17:00:00,124.26,125.02,124.05,124.52,2151.0,10,0.0
2024-06-27 18:00:00,124.53,124.91,124.14,124.72,2137.0,10,0.0
2024-06-27 19:00:00,124.74,124.76,123.52,123.61,1967.0,10,0.0
2024-06-28 10:00:00,124.37,124.61,124.28,124.57,278.0,40,0.0
2024-06-28 11:00:00,124.53,124.95,124.46,124.84,528.0,40,0.0
2024-06-28 12:00:00,124.84,125.28,124.35,124.41,892.0,25,0.0
2024-06-28 13:00:00,124.39,126.14,123.31,126.11,3433.0,10,0.0
2024-06-28 14:00:00,126.15,127.65,125.5,125.96,5894.0,10,0.0
2024-06-28 15:00:00,125.95,126.43,125.09,126.06,4163.0,10,0.0
2024-06-28 16:00:00,126.07,126.1,122.85,123.6,5028.0,10,0.0
2024-06-28 17:00:00,123.59,124.44,123.15,124.16,3102.0,10,0.0
2024-06-28 18:00:00,124.14,124.54,123.79,124.19,2601.0,10,0.0
2024-06-28 19:00:00,124.21,124.35,122.72,123.99,3029.0,10,0.0
2024-07-01 10:00:00,121.03,121.58,120.76,121.52,726.0,40,0.0
2024-07-01 11:00:00,121.62,122.41,121.53,122.01,946.0,25,0.0
2024-07-01 12:00:00,122.02,123.75,122.0,123.44,959.0,25,0.0
2024-07-01 13:00:00,123.45,123.56,118.8,120.53,6361.0,10,0.0
2024-07-01 14:00:00,120.6,122.71,119.56,121.95,8713.0,10,0.0
2024-07-01 15:00:00,121.95,124.19,121.59,123.75,4922.0,10,0.0
2024-07-01 16:00:00,123.74,124.78,123.55,123.76,3940.0,10,0.0
2024-07-01 17:00:00,123.74,123.87,122.82,123.38,3284.0,10,0.0
2024-07-01 18:00:00,123.39,124.44,123.1,124.09,3032.0,10,0.0
2024-07-01 19:00:00,124.08,124.66,123.73,123.87,1977.0,10,0.0
2024-07-02 10:00:00,122.48,123.17,122.36,123.0,379.0,40,0.0
2024-07-02 11:00:00,123.0,123.14,122.26,122.56,660.0,40,0.0
2024-07-02 12:00:00,122.56,122.97,122.32,122.33,599.0,40,0.0
2024-07-02 13:00:00,122.32,123.35,120.84,122.54,4637.0,10,0.0
2024-07-02 14:00:00,122.57,122.61,121.06,121.69,5312.0,10,0.0
2024-07-02 15:00:00,121.69,122.36,121.24,121.64,2945.0,10,0.0
2024-07-02 16:00:00,121.64,123.01,121.52,122.88,2441.0,10,0.0
2024-07-02 17:00:00,122.86,123.3,122.28,122.78,2193.0,10,0.0
2024-07-02 18:00:00,122.78,122.89,122.31,122.56,1713.0,10,0.0
2024-07-02 19:00:00,122.56,122.69,121.74,122.07,1402.0,10,0.0
2024-07-03 10:00:00,120.79,120.96,120.23,120.94,546.0,40,0.0
2024-07-03 11:00:00,120.94,121.78,120.86,121.62,676.0,25,0.0
2024-07-03 12:00:00,121.6,121.78,121.24,121.68,685.0,25,0.0
2024-07-03 13:00:00,121.68,122.7,121.35,122.19,3258.0,10,0.0
2024-07-03 14:00:00,122.27,125.69,121.32,125.31,4932.0,10,0.0
2024-07-03 15:00:00,125.32,127.44,124.43,126.96,4474.0,10,0.0
2024-07-03 16:00:00,126.96,128.21,126.33,128.2,3988.0,10,0.0
2024-07-05 10:00:00,127.42,128.24,127.39,127.84,575.0,40,0.0
2024-07-05 11:00:00,127.92,128.4,127.53,128.19,638.0,40,0.0
2024-07-05 12:00:00,128.18,128.37,126.82,127.08,989.0,25,0.0
2024-07-05 13:00:00,127.07,128.7,125.64,127.26,5489.0,10,0.0
2024-07-05 14:00:00,127.27,127.56,126.15,126.58,4557.0,10,0.0
2024-07-05 15:00:00,126.58,127.27,126.18,127.19,2846.0,10,0.0
2024-07-05 16:00:00,127.2,128.41,127.1,127.25,2772.0,10,0.0
2024-07-05 17:00:00,127.25,127.67,126.83,127.61,2120.0,10,0.0
2024-07-05 18:00:00,127.63,127.68,126.65,127.05,1914.0,10,0.0
2024-07-05 19:00:00,127.05,127.18,126.67,127.02,1167.0,10,0.0
2024-07-08 10:00:00,124.81,125.57,124.8,125.36,483.0,60,0.0
2024-07-08 11:00:00,125.26,126.86,125.24,126.56,822.0,25,0.0
2024-07-08 12:00:00,126.55,126.85,126.34,126.79,572.0,25,0.0
2024-07-08 13:00:00,126.77,130.71,126.76,130.45,3908.0,10,0.0
2024-07-08 14:00:00,130.47,130.51,127.1,127.54,6518.0,10,0.0
2024-07-08 15:00:00,127.55,129.13,127.34,129.08,3327.0,10,0.0
2024-07-08 16:00:00,129.07,129.08,127.61,128.04,2778.0,10,0.0
2024-07-08 17:00:00,128.04,129.11,127.94,128.93,1988.0,10,0.0
2024-07-08 18:00:00,128.9,129.14,128.19,128.65,2123.0,10,0.0
2024-07-08 19:00:00,128.64,128.66,127.64,128.01,1620.0,10,0.0
2024-07-09 10:00:00,129.22,129.55,129.1,129.53,428.0,40,0.0
2024-07-09 11:00:00,129.55,130.24,129.45,129.91,780.0,25,0.0
2024-07-09 12:00:00,129.92,130.16,129.79,130.04,582.0,25,0.0
2024-07-09 13:00:00,130.04,132.73,130.04,132.4,3707.0,10,0.0
2024-07-09 14:00:00,132.39,133.76,131.79,132.12,5915.0,10,0.0
2024-07-09 15:00:00,132.14,132.44,130.85,131.37,3933.0,10,0.0
2024-07-09 16:00:00,131.37,131.63,128.62,130.15,3626.0,10,0.0
2024-07-09 17:00:00,130.14,130.49,129.37,130.16,3110.0,10,0.0
2024-07-09 18:00:00,130.14,131.09,129.89,131.05,2337.0,10,0.0
2024-07-09 19:00:00,131.07,131.32,130.47,131.07,1727.0,10,0.0
2024-07-10 10:00:00,132.39,132.65,132.3,132.62,307.0,60,0.0
2024-07-10 11:00:00,132.57,133.46,131.97,133.23,750.0,25,0.0
2024-07-10 12:00:00,133.24,134.22,133.16,133.79,937.0,25,0.0
2024-07-10 13:00:00,133.79,134.03,132.33,133.17,4057.0,10,0.0
2024-07-10 14:00:00,133.19,134.71,132.63,133.99,5138.0,10,0.0
2024-07-10 15:00:00,133.97,134.43,133.35,134.32,3231.0,10,0.0
2024-07-10 16:00:00,134.32,135.02,134.09,134.86,2372.0,10,0.0
2024-07-10 17:00:00,134.85,134.88,134.06,134.53,2301.0,10,0.0
2024-07-10 18:00:00,134.54,134.63,133.78,134.31,1858.0,10,0.0
2024-07-10 19:00:00,134.28,134.76,134.06,134.59,1575.0,10,0.0
2024-07-11 10:00:00,135.68,135.7,135.37,135.38,327.0,60,0.0
2024-07-11 11:00:00,135.37,135.75,135.07,135.23,606.0,40,0.0
2024-07-11 12:00:00,135.2,137.09,133.84,136.06,1601.0,25,0.0
2024-07-11 13:00:00,136.08,136.29,133.07,134.16,5856.0,10,0.0
2024-07-11 14:00:00,134.14,134.21,129.65,129.65,9724.0,10,0.0
2024-07-11 15:00:00,129.63,130.66,127.56,128.33,8266.0,10,0.0
2024-07-11 16:00:00,128.31,130.29,128.08,128.15,5164.0,10,0.0
2024-07-11 17:00:00,128.17,128.89,127.37,127.4,4589.0,10,0.0
2024-07-11 18:00:00,127.42,129.38,127.02,129.17,3482.0,10,0.0
2024-07-11 19:00:00,129.17,129.67,128.04,128.28,3256.0,10,0.0
2024-07-12 10:00:00,128.18,128.44,127.18,127.43,674.0,25,0.0
2024-07-12 11:00:00,127.36,127.95,126.56,127.9,881.0,40,0.0
2024-07-12 12:00:00,127.82,128.21,127.13,127.18,1109.0,40,0.0
2024-07-12 13:00:00,127.18,129.98,126.72,129.86,5229.0,10,0.0
2024-07-12 14:00:00,129.9,130.99,128.47,130.79,5784.0,10,0.0
2024-07-12 15:00:00,130.77,130.97,129.67,129.73,3237.0,10,0.0
2024-07-12 16:00:00,129.73,130.49,129.3,130.39,2974.0,10,0.0
2024-07-12 17:00:00,130.37,131.27,130.21,131.02,2153.0,10,0.0
2024-07-12 18:00:00,131.03,131.86,130.79,131.83,2034.0,10,0.0
2024-07-12 19:00:00,131.82,131.82,129.67,129.84,2045.0,10,0.0
2024-07-15 10:00:00,129.97,130.1,129.77,129.93,326.0,40,0.0
2024-07-15 11:00:00,129.91,131.0,129.91,130.69,792.0,40,0.0
2024-07-15 12:00:00,130.69,131.32,130.56,130.71,660.0,25,0.0
2024-07-15 13:00:00,130.75,131.24,128.01,128.71,4900.0,10,0.0
2024-07-15 14:00:00,128.72,130.14,128.59,129.77,5125.0,10,0.0
2024-07-15 15:00:00,129.79,130.64,128.4,128.88,3693.0,10,0.0
2024-07-15 16:00:00,128.87,129.05,127.23,128.66,4420.0,10,0.0
2024-07-15 17:00:00,128.68,128.69,127.46,127.7,3503.0,10,0.0
2024-07-15 18:00:00,127.71,128.32,127.34,128.02,2832.0,10,0.0
2024-07-15 19:00:00,128.0,128.44,127.77,127.82,2194.0,10,0.0
2024-07-16 10:00:00,127.92,128.21,127.86,128.13,346.0,25,0.0
2024-07-16 11:00:00,128.13,128.64,128.1,128.36,458.0,25,0.0
2024-07-16 12:00:00,128.36,128.7,128.17,128.56,507.0,25,0.0
2024-07-16 13:00:00,128.57,128.98,125.71,126.06,4357.0,10,0.0
2024-07-16 14:00:00,126.08,126.58,124.54,125.8,6702.0,10,0.0
2024-07-16 15:00:00,125.82,126.89,125.7,126.61,3337.0,10,0.0
2024-07-16 16:00:00,126.63,126.81,125.14,125.91,3223.0,10,0.0
2024-07-16 17:00:00,125.87,126.28,125.49,125.84,2234.0,10,0.0
2024-07-16 18:00:00,125.82,126.51,125.24,126.32,2276.0,10,0.0
2024-07-16 19:00:00,126.31,126.39,125.48,125.72,1826.0,10,0.0
2024-07-17 10:00:00,122.02,122.08,121.38,121.71,643.0,40,0.0
2024-07-17 11:00:00,121.72,122.15,120.39,121.05,1288.0,25,0.0
2024-07-17 12:00:00,121.05,121.95,120.88,121.07,1255.0,25,0.0
2024-07-17 13:00:00,121.07,121.72,119.81,119.84,5770.0,10,0.0
2024-07-17 14:00:00,119.86,120.27,118.07,119.5,8402.0,10,0.0
2024-07-17 15:00:00,119.5,119.94,118.56,119.14,4586.0,10,0.0
2024-07-17 16:00:00,119.14,119.23,116.68,117.99,4838.0,10,0.0
2024-07-17 17:00:00,117.98,118.96,117.67,117.98,3573.0,10,0.0
2024-07-17 18:00:00,117.99,118.75,117.55,117.98,3514.0,10,0.0
2024-07-17 19:00:00,117.97,119.04,117.96,118.45,2956.0,10,0.0
2024-07-18 10:00:00,120.45,120.87,119.13,120.59,1095.0,40,0.0
2024-07-18 11:00:00,120.57,120.75,120.04,120.31,1015.0,40,0.0
2024-07-18 12:00:00,120.3,121.44,120.24,121.43,1081.0,25,0.0
2024-07-18 13:00:00,121.43,122.24,118.79,120.35,5186.0,10,0.0
2024-07-18 14:00:00,120.33,121.38,117.54,118.83,7600.0,10,0.0
2024-07-18 15:00:00,118.83,119.05,116.52,118.0,7343.0,10,0.0
2024-07-18 16:00:00,117.98,120.67,117.7,120.67,4833.0,10,0.0
2024-07-18 17:00:00,120.65,121.32,119.61,119.8,4312.0,10,0.0
2024-07-18 18:00:00,119.82,120.75,119.46,120.27,3952.0,10,0.0
2024-07-18 19:00:00,120.26,121.04,118.92,120.66,4170.0,10,0.0
2024-07-19 10:00:00,119.81,120.52,119.81,120.39,509.0,40,0.0
2024-07-19 11:00:00,120.38,121.25,120.08,120.81,733.0,40,0.0
2024-07-19 12:00:00,120.84,121.13,120.39,120.84,679.0,40,0.0
2024-07-19 13:00:00,120.84,121.54,118.9,120.33,4359.0,10,0.0
2024-07-19 14:00:00,120.32,120.69,118.54,119.72,6041.0,10,0.0
2024-07-19 15:00:00,119.74,120.2,118.72,119.75,4287.0,10,0.0
2024-07-19 16:00:00,119.73,119.91,118.13,118.78,3374.0,10,0.0
2024-07-19 17:00:00,118.77,118.88,117.34,118.15,3319.0,10,0.0
2024-07-19 18:00:00,118.12,118.46,117.66,118.19,3000.0,10,0.0
2024-07-19 19:00:00,118.18,118.79,117.76,117.99,2620.0,10,0.0
2024-07-22 10:00:00,120.1,120.38,119.96,120.14,538.0,40,0.0
2024-07-22 11:00:00,120.12,120.34,119.64,120.3,667.0,25,0.0
2024-07-22 12:00:00,120.3,120.5,120.18,120.37,505.0,25,0.0
2024-07-22 13:00:00,120.37,123.23,119.77,122.42,4549.0,10,0.0
2024-07-22 14:00:00,122.42,123.11,121.13,122.01,5749.0,10,0.0
2024-07-22 15:00:00,122.03,122.6,120.31,121.19,5162.0,10,0.0
2024-07-22 16:00:00,121.17,122.68,120.85,122.44,2870.0,10,0.0
2024-07-22 17:00:00,122.46,123.17,122.27,123.01,2554.0,10,0.0
2024-07-22 18:00:00,123.01,124.01,123.0,123.39,2507.0,10,0.0
2024-07-22 19:00:00,123.42,123.56,122.58,123.41,2455.0,10,0.0
2024-07-23 10:00:00,122.41,122.85,122.31,122.55,309.0,40,0.0
2024-07-23 11:00:00,122.55,123.7,122.52,123.25,720.0,25,0.0
2024-07-23 12:00:00,123.25,123.4,122.35,122.91,778.0,25,0.0
2024-07-23 13:00:00,122.89,124.62,122.34,124.1,3832.0,10,0.0
2024-07-23 14:00:00,124.13,124.27,122.86,123.26,4993.0,10,0.0
2024-07-23 15:00:00,123.24,124.37,122.97,123.39,2910.0,10,0.0
2024-07-23 16:00:00,123.37,123.82,122.46,122.82,2723.0,10,0.0
2024-07-23 17:00:00,122.82,123.07,122.39,122.87,2394.0,10,0.0
2024-07-23 18:00:00,122.85,122.95,122.06,122.48,1762.0,10,0.0
2024-07-23 19:00:00,122.47,123.0,122.41,122.72,1538.0,10,0.0
2024-07-24 10:00:00,120.04,120.51,120.02,120.44,390.0,40,0.0
2024-07-24 11:00:00,120.46,120.63,119.93,120.45,598.0,40,0.0
2024-07-24 12:00:00,120.45,120.45,118.72,119.36,1003.0,25,0.0
2024-07-24 13:00:00,119.36,119.8,117.36,118.65,4723.0,10,0.0
2024-07-24 14:00:00,118.64,119.37,117.52,118.06,5769.0,10,0.0
2024-07-24 15:00:00,118.04,118.22,116.76,116.82,3128.0,10,0.0
2024-07-24 16:00:00,116.81,116.82,115.52,116.34,4237.0,10,0.0
2024-07-24 17:00:00,116.33,117.26,116.09,116.31,2726.0,10,0.0
2024-07-24 18:00:00,116.33,116.41,114.36,114.86,3490.0,10,0.0
2024-07-24 19:00:00,114.84,115.68,113.83,115.0,3277.0,10,0.0
2024-07-25 10:00:00,112.47,113.59,112.16,113.41,901.0,40,0.0
2024-07-25 11:00:00,113.48,113.68,112.57,112.65,1046.0,40,0.0
2024-07-25 12:00:00,112.63,113.7,111.94,113.63,1422.0,25,0.0
2024-07-25 13:00:00,113.63,114.6,108.86,109.74,9141.0,10,0.0
2024-07-25 14:00:00,109.73,115.69,106.28,115.43,20567.0,10,0.0
2024-07-25 15:00:00,115.41,115.6,112.89,114.79,9782.0,10,0.0
2024-07-25 16:00:00,114.77,116.51,113.82,116.0,6364.0,10,0.0
2024-07-25 17:00:00,115.98,116.56,114.33,115.58,5270.0,10,0.0
2024-07-25 18:00:00,115.59,115.73,113.51,113.9,5264.0,10,0.0
2024-07-25 19:00:00,113.88,115.19,113.55,113.88,4067.0,10,0.0
2024-07-26 10:00:00,114.54,114.73,114.24,114.29,479.0,40,0.0
2024-07-26 11:00:00,114.29,115.38,114.09,115.37,787.0,25,0.0
2024-07-26 12:00:00,115.38,116.06,114.94,115.67,1154.0,25,0.0
2024-07-26 13:00:00,115.67,116.12,113.46,114.64,5071.0,10,0.0
2024-07-26 14:00:00,114.59,115.05,111.97,113.21,8006.0,10,0.0
2024-07-26 15:00:00,113.19,113.71,112.41,112.95,4293.0,10,0.0
2024-07-26 16:00:00,112.95,114.49,112.77,114.14,3546.0,10,0.0
2024-07-26 17:00:00,114.13,114.43,112.62,113.34,3838.0,10,0.0
2024-07-26 18:00:00,113.32,113.69,112.47,112.66,3574.0,10,0.0
2024-07-26 19:00:00,112.66,112.88,111.54,112.84,3349.0,10,0.0
2024-07-29 10:00:00,113.75,113.84,113.47,113.67,436.0,40,0.0
2024-07-29 11:00:00,113.66,113.86,113.02,113.18,675.0,40,0.0
2024-07-29 12:00:00,113.17,114.01,113.0,113.82,780.0,25,0.0
2024-07-29 13:00:00,113.83,116.23,113.13,115.27,4914.0,10,0.0
2024-07-29 14:00:00,115.26,115.83,112.79,112.86,6047.0,10,0.0
2024-07-29 15:00:00,112.84,113.31,111.39,112.96,4882.0,10,0.0
2024-07-29 16:00:00,112.98,113.65,112.69,113.07,3532.0,10,0.0
2024-07-29 17:00:00,113.05,113.35,111.91,112.18,3119.0,10,0.0
2024-07-29 18:00:00,112.18,112.18,111.26,111.86,3065.0,10,0.0
2024-07-29 19:00:00,111.88,112.23,111.71,111.83,2140.0,10,0.0
2024-07-30 10:00:00,110.66,111.07,110.47,111.0,334.0,40,0.0
2024-07-30 11:00:00,111.0,111.77,110.87,111.49,632.0,25,0.0
2024-07-30 12:00:00,111.49,111.86,111.11,111.42,554.0,25,0.0
2024-07-30 13:00:00,111.44,111.88,108.08,108.08,5094.0,10,0.0
2024-07-30 14:00:00,108.13,109.1,106.29,106.68,7358.0,10,0.0
2024-07-30 15:00:00,106.66,106.81,103.87,104.48,7953.0,10,0.0
2024-07-30 16:00:00,104.5,105.27,102.5,102.56,5662.0,10,0.0
2024-07-30 17:00:00,102.57,106.03,102.57,105.27,5581.0,10,0.0
2024-07-30 18:00:00,105.29,106.42,104.82,105.17,4241.0,10,0.0
2024-07-30 19:00:00,105.16,105.2,103.54,103.91,3399.0,10,0.0
2024-07-31 10:00:00,108.72,110.16,108.71,110.12,911.0,40,0.0
2024-07-31 11:00:00,110.12,111.05,109.61,110.74,1271.0,25,0.0
2024-07-31 12:00:00,110.77,110.97,110.33,110.81,1276.0,25,0.0
2024-07-31 13:00:00,110.8,114.81,110.78,114.37,7226.0,10,0.0
2024-07-31 14:00:00,114.4,115.71,113.78,114.72,9719.0,10,0.0
2024-07-31 15:00:00,114.7,116.4,114.4,115.57,4961.0,10,0.0
2024-07-31 16:00:00,115.55,116.39,114.71,114.9,4028.0,10,0.0
2024-07-31 17:00:00,114.91,115.97,114.21,114.83,4385.0,10,0.0
2024-07-31 18:00:00,114.85,118.27,114.38,117.85,6920.0,10,0.0
2024-07-31 19:00:00,117.85,117.88,115.88,117.42,6428.0,10,0.0
2024-08-01 10:00:00,117.77,118.52,117.44,118.49,769.0,40,0.0
2024-08-01 11:00:00,118.51,120.59,118.51,119.71,1321.0,40,0.0
2024-08-01 12:00:00,119.71,120.26,118.81,118.95,1249.0,25,0.0
2024-08-01 13:00:00,118.94,120.09,116.57,118.85,6545.0,10,0.0
2024-08-01 14:00:00,118.82,119.2,113.49,113.95,10967.0,10,0.0
2024-08-01 15:00:00,113.93,114.74,111.84,112.59,7963.0,10,0.0
2024-08-01 16:00:00,112.6,113.79,110.68,111.2,6224.0,10,0.0
2024-08-01 17:00:00,111.19,111.47,107.37,109.68,8910.0,10,0.0
2024-08-01 18:00:00,109.67,109.91,106.78,107.02,7173.0,10,0.0
2024-08-01 19:00:00,107.01,108.86,106.96,107.84,5882.0,10,0.0
2024-08-02 10:00:00,105.07,106.48,104.16,105.87,1287.0,40,0.0
2024-08-02 11:00:00,105.86,105.92,103.6,104.12,1666.0,25,0.0
2024-08-02 12:00:00,104.07,105.27,101.27,103.82,2381.0,25,0.0
2024-08-02 13:00:00,103.81,107.43,102.59,104.0,12176.0,10,0.0
2024-08-02 14:00:00,104.01,105.31,101.32,103.79,17931.0,10,0.0
2024-08-02 15:00:00,103.8,108.65,103.36,107.76,12330.0,10,0.0
2024-08-02 16:00:00,107.77,107.92,105.16,105.34,10509.0,10,0.0
2024-08-02 17:00:00,105.36,106.43,104.52,105.63,7282.0,10,0.0
2024-08-02 18:00:00,105.64,106.39,104.68,105.15,6130.0,10,0.0
2024-08-02 19:00:00,105.17,106.54,105.17,106.37,4956.0,10,0.0
2024-08-05 10:00:00,97.29,97.47,96.34,97.43,1411.0,25,0.0
2024-08-05 11:00:00,97.46,98.04,92.47,93.23,2786.0,25,0.0
2024-08-05 12:00:00,93.16,93.88,91.33,93.02,2822.0,18,0.0
2024-08-05 13:00:00,93.03,100.24,90.54,99.39,20280.0,10,0.0
2024-08-05 14:00:00,99.52,102.3,97.19,99.55,27545.0,10,0.0
2024-08-05 15:00:00,99.53,102.13,99.05,100.85,13966.0,10,0.0
2024-08-05 16:00:00,100.83,103.33,100.0,100.12,9751.0,10,0.0
2024-08-05 17:00:00,100.14,102.04,100.02,100.95,7817.0,10,0.0
2024-08-05 18:00:00,100.94,101.07,99.19,99.34,6373.0,10,0.0
2024-08-05 19:00:00,99.34,100.57,98.51,99.25,5294.0,10,0.0
2024-08-06 10:00:00,101.23,102.76,100.87,102.48,1044.0,40,0.0
2024-08-06 11:00:00,102.5,104.22,102.43,103.29,1491.0,25,0.0
2024-08-06 12:00:00,103.29,103.51,101.65,102.18,1409.0,25,0.0
2024-08-06 13:00:00,102.15,104.71,100.52,103.39,9134.0,10,0.0
2024-08-06 14:00:00,103.37,106.3,102.89,105.24,11684.0,10,0.0
2024-08-06 15:00:00,105.23,105.57,103.83,105.23,7872.0,10,0.0
2024-08-06 16:00:00,105.21,107.38,104.96,107.1,4903.0,10,0.0
2024-08-06 17:00:00,107.12,107.35,106.09,106.7,4865.0,10,0.0
2024-08-06 18:00:00,106.7,107.64,106.48,106.71,3874.0,10,0.0
2024-08-06 19:00:00,106.71,106.74,105.31,106.08,5117.0,10,0.0
2024-08-07 10:00:00,105.55,105.91,105.08,105.73,665.0,40,0.0
2024-08-07 11:00:00,105.7,106.94,105.64,106.08,1256.0,25,0.0
2024-08-07 12:00:00,106.1,106.96,106.01,106.74,1102.0,25,0.0
2024-08-07 13:00:00,106.75,108.63,105.69,106.39,7900.0,10,0.0
2024-08-07 14:00:00,106.41,107.0,104.25,105.39,9148.0,10,0.0
2024-08-07 15:00:00,105.41,106.11,103.47,104.11,5662.0,10,0.0
2024-08-07 16:00:00,104.13,104.25,102.53,102.93,5149.0,10,0.0
2024-08-07 17:00:00,102.91,103.18,100.71,100.99,5681.0,10,0.0
2024-08-07 18:00:00,100.97,101.35,99.22,99.71,7187.0,10,0.0
2024-08-07 19:00:00,99.69,101.34,99.67,100.05,5146.0,10,0.0
2024-08-08 10:00:00,98.48,98.97,98.06,98.35,683.0,40,0.0
2024-08-08 11:00:00,98.33,99.18,98.03,98.86,969.0,25,0.0
2024-08-08 12:00:00,98.86,101.54,97.16,100.46,2230.0,25,0.0
2024-08-08 13:00:00,100.43,102.06,97.48,100.2,8552.0,10,0.0
2024-08-08 14:00:00,100.17,102.93,99.91,102.39,9943.0,10,0.0
2024-08-08 15:00:00,102.41,103.47,101.48,103.05,6103.0,10,0.0
2024-08-08 16:00:00,103.03,104.08,102.74,103.53,4819.0,10,0.0
2024-08-08 17:00:00,103.54,105.33,102.89,104.96,4404.0,10,0.0
2024-08-08 18:00:00,104.94,105.43,104.57,104.94,3935.0,10,0.0
2024-08-08 19:00:00,104.91,105.03,103.63,104.98,4361.0,10,0.0
2024-08-09 10:00:00,106.87,106.93,105.97,106.6,789.0,40,0.0
2024-08-09 11:00:00,106.67,107.2,105.32,106.56,1450.0,25,0.0
2024-08-09 12:00:00,106.58,106.58,104.02,105.23,1438.0,25,0.0
2024-08-09 13:00:00,105.22,106.49,103.73,103.78,6520.0,10,0.0
2024-08-09 14:00:00,103.79,105.98,103.39,104.85,7900.0,10,0.0
2024-08-09 15:00:00,104.87,105.62,103.81,103.92,4528.0,10,0.0
2024-08-09 16:00:00,103.93,104.54,103.69,104.35,3270.0,10,0.0
2024-08-09 17:00:00,104.35,105.77,104.27,105.19,3324.0,10,0.0
2024-08-09 18:00:00,105.18,105.39,104.52,104.73,3274.0,10,0.0
2024-08-09 19:00:00,104.72,104.98,104.25,104.78,2293.0,10,0.0
2024-08-12 10:00:00,105.27,105.42,105.08,105.27,328.0,40,0.0
2024-08-12 11:00:00,105.27,105.63,105.05,105.52,614.0,25,0.0
2024-08-12 12:00:00,105.45,106.32,105.4,105.89,776.0,25,0.0
2024-08-12 13:00:00,105.89,108.4,105.83,107.09,5280.0,10,0.0
2024-08-12 14:00:00,107.1,111.01,106.99,109.4,6825.0,10,0.0
2024-08-12 15:00:00,109.41,110.62,108.12,109.29,5669.0,10,0.0
2024-08-12 16:00:00,109.31,110.32,108.77,109.23,4004.0,10,0.0
2024-08-12 17:00:00,109.22,110.2,108.97,109.54,3666.0,10,0.0
2024-08-12 18:00:00,109.55,110.1,109.33,110.0,2845.0,10,0.0
2024-08-12 19:00:00,110.02,110.02,108.82,109.07,2287.0,10,0.0
2024-08-13 10:00:00,110.38,110.42,109.63,109.69,623.0,40,0.0
2024-08-13 11:00:00,109.71,110.87,109.37,110.87,848.0,25,0.0
2024-08-13 12:00:00,110.86,113.18,110.77,113.04,1491.0,25,0.0
2024-08-13 13:00:00,113.05,113.89,111.53,113.72,5196.0,10,0.0
2024-08-13 14:00:00,113.74,114.69,113.27,114.51,5317.0,10,0.0
2024-08-13 15:00:00,114.52,114.93,113.89,113.94,2897.0,10,0.0
2024-08-13 16:00:00,113.94,115.06,113.81,115.05,2419.0,10,0.0
2024-08-13 17:00:00,115.06,115.67,114.4,115.21,2833.0,10,0.0
2024-08-13 18:00:00,115.21,116.12,115.06,115.95,2209.0,10,0.0
2024-08-13 19:00:00,115.95,115.96,115.1,115.8,2186.0,10,0.0
2024-08-14 10:00:00,117.42,118.01,117.42,117.6,799.0,40,0.0
2024-08-14 11:00:00,117.57,118.12,117.53,118.12,840.0,25,0.0
2024-08-14 12:00:00,118.11,118.78,116.44,118.03,1739.0,25,0.0
2024-08-14 13:00:00,118.03,119.27,114.03,114.94,7944.0,10,0.0
2024-08-14 14:00:00,114.96,117.13,114.46,116.99,8888.0,10,0.0
2024-08-14 15:00:00,116.98,118.37,116.57,118.3,3552.0,10,0.0
2024-08-14 16:00:00,118.3,118.4,116.19,116.64,4080.0,10,0.0
2024-08-14 17:00:00,116.65,117.53,116.48,116.74,3147.0,10,0.0
2024-08-14 18:00:00,116.74,117.43,116.51,117.42,2501.0,10,0.0
2024-08-14 19:00:00,117.42,117.62,116.71,117.1,2143.0,10,0.0
2024-08-15 10:00:00,117.42,117.62,116.98,116.98,428.0,40,0.0
2024-08-15 11:00:00,116.97,117.64,116.77,117.03,716.0,40,0.0
2024-08-15 12:00:00,117.04,119.4,116.91,118.9,1179.0,25,0.0
2024-08-15 13:00:00,118.92,120.49,117.39,120.49,4560.0,10,0.0
2024-08-15 14:00:00,120.49,121.92,119.62,121.5,5047.0,10,0.0
2024-08-15 15:00:00,121.49,122.43,121.39,121.87,2856.0,10,0.0
2024-08-15 16:00:00,121.85,122.43,121.73,122.05,2350.0,10,0.0
2024-08-15 17:00:00,122.05,122.89,121.79,122.88,2001.0,10,0.0
2024-08-15 18:00:00,122.88,123.18,122.38,122.83,2211.0,10,0.0
2024-08-15 19:00:00,122.81,122.82,122.06,122.38,1664.0,10,0.0
2024-08-16 10:00:00,123.29,123.31,123.01,123.28,478.0,40,0.0
2024-08-16 11:00:00,123.27,123.45,122.81,122.86,662.0,25,0.0
2024-08-16 12:00:00,122.86,122.92,120.29,121.27,1520.0,25,0.0
2024-08-16 13:00:00,121.27,123.83,120.89,122.8,5186.0,10,0.0
2024-08-16 14:00:00,122.78,124.94,122.29,122.9,5955.0,10,0.0
2024-08-16 15:00:00,122.92,123.59,122.46,123.44,3768.0,10,0.0
2024-08-16 16:00:00,123.42,124.51,123.14,124.39,2228.0,10,0.0
2024-08-16 17:00:00,124.38,124.69,124.1,124.46,2058.0,10,0.0
2024-08-16 18:00:00,124.46,124.64,124.0,124.52,1898.0,10,0.0
2024-08-16 19:00:00,124.53,124.55,123.9,124.13,1463.0,10,0.0
2024-08-19 10:00:00,123.47,124.04,123.25,123.42,569.0,25,0.0
2024-08-19 11:00:00,123.43,124.58,123.43,124.58,638.0,25,0.0
2024-08-19 12:00:00,124.59,125.11,124.38,124.51,877.0,25,0.0
2024-08-19 13:00:00,124.51,125.61,123.33,124.85,4116.0,10,0.0
2024-08-19 14:00:00,124.86,125.8,123.77,125.65,4975.0,10,0.0
2024-08-19 15:00:00,125.66,127.59,125.57,127.02,2781.0,10,0.0
2024-08-19 16:00:00,127.02,127.42,126.42,127.3,2443.0,10,0.0
2024-08-19 17:00:00,127.28,128.64,127.25,128.51,1887.0,10,0.0
2024-08-19 18:00:00,128.51,129.23,128.51,128.78,2271.0,10,0.0
2024-08-19 19:00:00,128.78,129.11,128.53,128.96,1545.0,10,0.0
2024-08-20 10:00:00,129.09,129.16,128.92,128.94,352.0,40,0.0
2024-08-20 11:00:00,128.95,129.7,128.95,129.43,612.0,25,0.0
2024-08-20 12:00:00,129.42,129.62,128.96,129.14,630.0,25,0.0
2024-08-20 13:00:00,129.14,129.82,128.06,129.47,4270.0,10,0.0
2024-08-20 14:00:00,129.45,129.52,125.85,126.91,8206.0,10,0.0
2024-08-20 15:00:00,126.91,128.34,126.41,128.32,3881.0,10,0.0
2024-08-20 16:00:00,128.32,128.32,126.78,126.85,2865.0,10,0.0
2024-08-20 17:00:00,126.86,127.69,126.51,127.39,2518.0,10,0.0
2024-08-20 18:00:00,127.39,128.5,127.21,128.05,2241.0,10,0.0
2024-08-20 19:00:00,128.04,128.17,127.32,127.43,1819.0,10,0.0
2024-08-21 10:00:00,125.98,126.6,125.98,126.6,309.0,40,0.0
2024-08-21 11:00:00,126.6,127.44,126.37,127.07,732.0,40,0.0
2024-08-21 12:00:00,127.05,127.75,126.95,127.23,637.0,25,0.0
2024-08-21 13:00:00,127.23,128.51,126.74,127.93,3603.0,10,0.0
2024-08-21 14:00:00,127.95,129.28,127.17,127.75,6712.0,10,0.0
2024-08-21 15:00:00,127.75,128.35,127.37,127.51,3633.0,10,0.0
2024-08-21 16:00:00,127.52,128.0,126.61,127.95,2710.0,10,0.0
2024-08-21 17:00:00,127.96,128.27,127.61,128.23,1851.0,10,0.0
2024-08-21 18:00:00,128.23,129.29,128.15,128.24,3340.0,10,0.0
2024-08-21 19:00:00,128.22,128.35,127.62,127.9,2195.0,10,0.0
2024-08-22 10:00:00,128.39,129.18,128.38,129.16,377.0,40,0.0
2024-08-22 11:00:00,129.16,130.63,129.07,129.88,1015.0,40,0.0
2024-08-22 12:00:00,129.86,130.08,129.24,129.67,992.0,25,0.0
2024-08-22 13:00:00,129.67,130.66,129.21,129.85,4360.0,10,0.0
2024-08-22 14:00:00,129.87,129.92,127.87,128.31,5650.0,10,0.0
2024-08-22 15:00:00,128.3,128.96,124.39,125.56,6142.0,10,0.0
2024-08-22 16:00:00,125.56,126.84,125.23,125.67,4796.0,10,0.0
2024-08-22 17:00:00,125.66,126.31,123.75,124.33,4640.0,10,0.0
2024-08-22 18:00:00,124.34,125.09,123.79,124.07,3704.0,10,0.0
2024-08-22 19:00:00,124.08,124.93,123.06,123.18,3319.0,10,0.0
2024-08-23 10:00:00,124.86,125.26,124.84,125.12,383.0,60,0.0
2024-08-23 11:00:00,125.11,125.41,124.97,125.22,580.0,40,0.0
2024-08-23 12:00:00,125.2,125.34,124.79,125.11,591.0,25,0.0
2024-08-23 13:00:00,125.12,127.48,125.1,127.33,3706.0,10,0.0
2024-08-23 14:00:00,127.35,129.54,126.47,127.92,11201.0,10,0.0
2024-08-23 15:00:00,127.91,129.12,127.26,128.08,6629.0,10,0.0
2024-08-23 16:00:00,128.1,128.2,126.59,127.32,4955.0,10,0.0
2024-08-23 17:00:00,127.3,128.38,127.12,128.11,3053.0,10,0.0
2024-08-23 18:00:00,128.12,128.74,128.05,128.25,2335.0,10,0.0
2024-08-23 19:00:00,128.24,128.84,127.83,128.47,2012.0,10,0.0
2024-08-26 10:00:00,130.22,130.62,130.22,130.36,479.0,39,0.0
2024-08-26 11:00:00,130.34,130.52,129.33,129.7,901.0,39,0.0
2024-08-26 12:00:00,129.69,129.92,128.9,129.35,820.0,24,0.0
2024-08-26 13:00:00,129.34,131.21,128.55,128.65,4162.0,9,0.0
2024-08-26 14:00:00,128.69,128.82,124.34,126.64,8300.0,9,0.0
2024-08-26 15:00:00,126.65,127.39,126.08,126.4,4260.0,9,0.0
2024-08-26 16:00:00,126.4,127.48,125.88,126.93,3336.0,9,0.0
2024-08-26 17:00:00,126.93,126.95,125.71,125.97,3162.0,9,0.0
2024-08-26 18:00:00,125.98,126.93,125.5,126.93,2897.0,9,0.0
2024-08-26 19:00:00,126.93,126.93,126.09,126.11,1925.0,9,0.0
2024-08-27 10:00:00,126.83,126.83,126.21,126.35,501.0,39,0.0
2024-08-27 11:00:00,126.36,126.64,125.92,126.19,673.0,39,0.0
2024-08-27 12:00:00,126.19,126.19,124.57,124.86,1019.0,24,0.0
2024-08-27 13:00:00,124.86,127.53,123.84,126.78,6255.0,9,0.0
2024-08-27 14:00:00,126.8,128.43,126.0,128.42,7459.0,9,0.0
2024-08-27 15:00:00,128.42,128.92,127.29,127.97,3984.0,9,0.0
2024-08-27 16:00:00,127.97,128.43,127.49,128.15,2766.0,9,0.0
2024-08-27 17:00:00,128.13,129.13,128.12,128.96,2004.0,9,0.0
2024-08-27 18:00:00,128.94,129.11,128.09,128.55,2353.0,9,0.0
2024-08-27 19:00:00,128.56,128.61,128.18,128.51,1544.0,9,0.0
2024-08-28 10:00:00,128.71,128.83,128.35,128.74,375.0,39,0.0
2024-08-28 11:00:00,128.72,128.79,128.11,128.23,773.0,25,0.0
2024-08-28 12:00:00,128.21,128.53,128.13,128.47,696.0,24,0.0
2024-08-28 13:00:00,128.45,128.49,126.03,126.8,5443.0,9,0.0
2024-08-28 14:00:00,126.82,127.51,125.06,125.06,6866.0,9,0.0
2024-08-28 15:00:00,125.04,125.59,122.61,125.46,7435.0,9,0.0
2024-08-28 16:00:00,125.44,125.96,124.65,125.84,4260.0,9,0.0
2024-08-28 17:00:00,125.82,125.95,123.85,124.02,3494.0,9,0.0
2024-08-28 18:00:00,124.03,125.9,123.91,125.83,3382.0,9,0.0
2024-08-28 19:00:00,125.8,126.46,125.48,126.24,3169.0,9,0.0
2024-08-29 10:00:00,123.11,123.43,121.51,121.54,1278.0,39,0.0
2024-08-29 11:00:00,121.45,121.94,119.82,121.08,1705.0,39,0.0
2024-08-29 12:00:00,121.07,121.58,120.31,121.12,1472.0,39,0.0
2024-08-29 13:00:00,121.09,124.28,119.54,123.05,9776.0,9,0.0
2024-08-29 14:00:00,123.07,123.62,119.19,122.16,14167.0,9,0.0
2024-08-29 15:00:00,122.14,122.49,120.7,121.07,5552.0,9,0.0
2024-08-29 16:00:00,121.07,121.78,120.25,120.6,3280.0,9,0.0
2024-08-29 17:00:00,120.59,121.1,120.19,120.94,3462.0,9,0.0
2024-08-29 18:00:00,120.94,120.94,116.7,117.72,8534.0,9,0.0
2024-08-29 19:00:00,117.74,119.0,117.27,118.76,5615.0,9,0.0
2024-08-30 10:00:00,119.44,119.45,118.85,119.23,482.0,39,0.0
2024-08-30 11:00:00,119.19,119.33,118.34,118.42,757.0,39,0.0
2024-08-30 12:00:00,118.43,119.13,118.21,118.42,1096.0,24,0.0
2024-08-30 13:00:00,118.41,121.1,118.34,120.89,4952.0,9,0.0
2024-08-30 14:00:00,120.91,121.69,118.24,118.43,7462.0,9,0.0
2024-08-30 15:00:00,118.41,118.9,117.18,118.2,4864.0,9,0.0
2024-08-30 16:00:00,118.18,118.83,117.69,118.43,3543.0,9,0.0
2024-08-30 17:00:00,118.41,118.66,117.98,118.12,2504.0,9,0.0
2024-08-30 18:00:00,118.12,119.18,117.94,118.98,2254.0,9,0.0
2024-08-30 19:00:00,118.96,119.08,118.27,118.56,1883.0,9,0.0
2024-09-03 10:00:00,116.3,117.05,116.15,116.99,653.0,42,0.0
2024-09-03 11:00:00,117.0,117.17,116.32,116.75,996.0,42,0.0
2024-09-03 12:00:00,116.74,117.0,116.39,116.45,882.0,26,0.0
2024-09-03 13:00:00,116.45,116.56,111.97,112.86,7258.0,10,0.0
2024-09-03 14:00:00,112.79,113.46,109.56,109.71,10175.0,10,0.0
2024-09-03 15:00:00,109.74,111.6,109.36,110.31,5005.0,10,0.0
2024-09-03 16:00:00,110.32,110.77,109.76,110.13,3458.0,10,0.0
2024-09-03 17:00:00,110.12,110.67,109.52,109.53,2797.0,10,0.0
2024-09-03 18:00:00,109.54,109.58,107.97,108.77,3795.0,10,0.0
2024-09-03 19:00:00,108.75,109.14,107.62,108.01,2718.0,10,0.0
2024-09-04 10:00:00,106.82,106.89,105.92,106.08,722.0,42,0.0
2024-09-04 11:00:00,106.07,106.21,105.35,105.9,1050.0,26,0.0
2024-09-04 12:00:00,105.88,106.62,105.55,106.6,1006.0,26,0.0
2024-09-04 13:00:00,106.6,107.83,104.07,106.87,7455.0,10,0.0
2024-09-04 14:00:00,106.89,109.73,105.47,109.62,10473.0,10,0.0
2024-09-04 15:00:00,109.61,109.93,107.47,107.85,4206.0,10,0.0
2024-09-04 16:00:00,107.86,109.13,107.56,108.88,2981.0,10,0.0
2024-09-04 17:00:00,108.87,109.46,108.63,108.66,2641.0,10,0.0
2024-09-04 18:00:00,108.68,108.72,106.07,106.14,3552.0,10,0.0
2024-09-04 19:00:00,106.16,106.38,105.35,105.99,2338.0,10,0.0
2024-09-05 10:00:00,106.48,106.73,106.24,106.44,434.0,26,0.0
2024-09-05 11:00:00,106.44,106.86,105.98,106.07,737.0,26,0.0
2024-09-05 12:00:00,106.08,106.14,103.97,105.14,1508.0,26,0.0
2024-09-05 13:00:00,105.14,108.93,104.56,108.8,6655.0,10,0.0
2024-09-05 14:00:00,108.85,109.59,107.6,107.62,7956.0,10,0.0
2024-09-05 15:00:00,107.65,107.77,106.02,106.28,5019.0,10,0.0
2024-09-05 16:00:00,106.28,107.65,106.23,106.87,3219.0,10,0.0
2024-09-05 17:00:00,106.89,107.54,106.25,107.51,2761.0,10,0.0
2024-09-05 18:00:00,107.52,107.68,106.72,107.17,2585.0,10,0.0
2024-09-05 19:00:00,107.17,107.34,106.52,106.68,2176.0,10,0.0
2024-09-06 10:00:00,104.91,105.38,104.66,105.19,446.0,42,0.0
2024-09-06 11:00:00,105.26,105.75,104.87,105.59,699.0,26,0.0
2024-09-06 12:00:00,105.59,108.09,105.08,107.88,1857.0,26,0.0
2024-09-06 13:00:00,107.88,108.59,104.07,104.11,8405.0,10,0.0
2024-09-06 14:00:00,104.1,105.27,101.91,102.58,10696.0,10,0.0
2024-09-06 15:00:00,102.56,103.68,101.34,101.62,8019.0,10,0.0
2024-09-06 16:00:00,101.6,102.54,100.9,101.96,4151.0,10,0.0
2024-09-06 17:00:00,101.95,103.21,101.81,102.33,3032.0,10,0.0
2024-09-06 18:00:00,102.33,102.89,101.73,102.74,2578.0,10,0.0
2024-09-06 19:00:00,102.73,103.61,102.7,103.04,2400.0,10,0.0
2024-09-09 10:00:00,103.75,103.76,102.58,103.08,645.0,44,0.0
2024-09-09 11:00:00,103.07,103.99,103.07,103.81,757.0,28,0.0
2024-09-09 12:00:00,103.82,103.93,103.44,103.93,749.0,28,0.0
2024-09-09 13:00:00,103.92,106.45,103.65,106.07,4824.0,11,0.0
2024-09-09 14:00:00,106.09,106.24,103.64,103.79,5676.0,11,0.0
2024-09-09 15:00:00,103.77,105.33,103.72,105.33,3272.0,11,0.0
2024-09-09 16:00:00,105.33,105.91,105.0,105.72,2365.0,11,0.0
2024-09-09 17:00:00,105.73,106.14,104.93,105.23,2475.0,11,0.0
2024-09-09 18:00:00,105.21,105.45,104.64,105.32,2504.0,11,0.0
2024-09-09 19:00:00,105.32,105.88,104.95,105.73,1874.0,11,0.0
2024-09-10 10:00:00,105.96,106.33,105.72,106.12,449.0,28,0.0
2024-09-10 11:00:00,106.12,107.04,106.05,106.88,749.0,28,0.0
2024-09-10 12:00:00,106.88,107.79,106.82,107.75,1004.0,28,0.0
2024-09-10 13:00:00,107.75,109.28,106.48,106.94,5455.0,11,0.0
2024-09-10 14:00:00,106.97,107.73,105.92,106.81,6878.0,11,0.0
2024-09-10 15:00:00,106.8,107.37,105.2,105.24,3554.0,11,0.0
2024-09-10 16:00:00,105.22,106.18,104.89,105.76,3027.0,11,0.0
2024-09-10 17:00:00,105.74,106.66,105.71,106.49,2326.0,11,0.0
2024-09-10 18:00:00,106.51,107.51,106.51,107.08,2164.0,11,0.0
2024-09-10 19:00:00,107.06,107.8,106.99,107.47,1588.0,11,0.0
2024-09-11 10:00:00,107.52,107.65,107.36,107.56,320.0,28,0.0
2024-09-11 11:00:00,107.56,108.22,107.43,108.14,647.0,28,0.0
2024-09-11 12:00:00,108.14,109.25,107.23,109.13,1574.0,28,0.0
2024-09-11 13:00:00,109.12,111.87,109.01,110.18,6043.0,11,0.0
2024-09-11 14:00:00,110.2,110.4,107.37,108.51,9147.0,11,0.0
2024-09-11 15:00:00,108.49,111.2,108.14,111.13,4552.0,11,0.0
2024-09-11 16:00:00,111.11,112.81,110.98,112.02,4575.0,11,0.0
2024-09-11 17:00:00,112.03,114.34,112.0,114.23,3845.0,11,0.0
2024-09-11 18:00:00,114.23,115.44,114.16,115.06,3608.0,11,0.0
2024-09-11 19:00:00,115.04,116.41,114.72,115.91,2512.0,11,0.0
2024-09-12 10:00:00,117.56,117.75,117.2,117.36,588.0,44,0.0
2024-09-12 11:00:00,117.36,118.14,116.82,117.95,1090.0,28,0.0
2024-09-12 12:00:00,117.95,118.05,116.57,116.57,1481.0,28,0.0
2024-09-12 13:00:00,116.59,118.18,115.25,118.18,6987.0,11,0.0
2024-09-12 14:00:00,118.2,120.17,117.74,118.58,9014.0,11,0.0
2024-09-12 15:00:00,118.56,119.72,117.72,118.09,5381.0,11,0.0
2024-09-12 16:00:00,118.08,119.37,118.05,119.37,3220.0,11,0.0
2024-09-12 17:00:00,119.37,120.73,119.06,120.59,2630.0,11,0.0
2024-09-12 18:00:00,120.59,120.67,119.05,120.27,3281.0,11,0.0
2024-09-12 19:00:00,120.27,120.43,119.42,119.56,2328.0,11,0.0
2024-09-13 10:00:00,119.02,119.05,118.63,119.01,532.0,44,0.0
2024-09-13 11:00:00,119.0,119.38,118.89,119.09,744.0,28,0.0
2024-09-13 12:00:00,119.1,119.3,118.8,118.88,773.0,28,0.0
2024-09-13 13:00:00,118.88,119.87,118.24,118.63,4590.0,11,0.0
2024-09-13 14:00:00,118.62,119.62,117.55,119.34,7393.0,11,0.0
2024-09-13 15:00:00,119.34,119.73,118.78,118.85,3111.0,11,0.0
2024-09-13 16:00:00,118.85,119.24,118.25,119.21,2733.0,11,0.0
2024-09-13 17:00:00,119.22,119.27,118.7,118.75,1796.0,11,0.0
2024-09-13 18:00:00,118.74,118.95,118.33,118.81,2424.0,11,0.0
2024-09-13 19:00:00,118.79,119.08,118.58,118.76,1431.0,11,0.0
2024-09-16 10:00:00,118.03,118.1,117.46,117.73,597.0,44,0.0
2024-09-16 11:00:00,117.73,117.79,116.6,117.04,1015.0,28,0.0
2024-09-16 12:00:00,117.06,117.33,116.61,116.82,906.0,28,0.0
2024-09-16 13:00:00,116.8,117.33,114.26,116.73,6528.0,11,0.0
2024-09-16 14:00:00,116.71,118.12,115.99,116.5,6227.0,11,0.0
2024-09-16 15:00:00,116.48,116.97,115.73,116.13,3323.0,11,0.0
2024-09-16 16:00:00,116.15,116.39,115.66,116.2,2707.0,11,0.0
2024-09-16 17:00:00,116.21,117.02,116.06,116.84,2044.0,11,0.0
2024-09-16 18:00:00,116.83,116.83,116.04,116.29,1920.0,11,0.0
2024-09-16 19:00:00,116.31,116.68,116.15,116.61,1461.0,11,0.0
2024-09-17 10:00:00,117.31,117.59,117.16,117.26,408.0,44,0.0
2024-09-17 11:00:00,117.24,117.75,117.16,117.6,594.0,28,0.0
2024-09-17 12:00:00,117.6,118.19,117.5,118.13,844.0,28,0.0
2024-09-17 13:00:00,118.13,118.64,116.5,117.25,4059.0,11,0.0
2024-09-17 14:00:00,117.28,118.21,116.96,117.45,4520.0,11,0.0
2024-09-17 15:00:00,117.47,117.69,116.87,117.27,2408.0,11,0.0
2024-09-17 16:00:00,117.27,117.46,115.63,115.97,3512.0,11,0.0
2024-09-17 17:00:00,115.95,116.33,114.78,115.46,3284.0,11,0.0
2024-09-17 18:00:00,115.46,115.64,114.8,115.07,2328.0,11,0.0
2024-09-17 19:00:00,115.05,115.59,114.98,115.0,1671.0,11,0.0
2024-09-18 10:00:00,115.21,115.71,115.03,115.66,497.0,28,0.0
2024-09-18 11:00:00,115.66,115.73,115.34,115.44,584.0,44,0.0
2024-09-18 12:00:00,115.44,115.63,114.83,115.6,683.0,28,0.0
2024-09-18 13:00:00,115.55,116.25,114.53,115.88,3137.0,11,0.0
2024-09-18 14:00:00,115.86,115.88,114.65,115.11,3298.0,11,0.0
2024-09-18 15:00:00,115.12,115.32,113.63,113.85,2193.0,11,0.0
2024-09-18 16:00:00,113.85,115.27,113.73,115.19,1747.0,11,0.0
2024-09-18 17:00:00,115.2,115.28,114.58,114.97,1972.0,11,0.0
2024-09-18 18:00:00,114.95,117.64,114.6,115.83,14321.0,11,0.0
2024-09-18 19:00:00,115.81,115.84,113.47,114.17,9652.0,11,0.0
2024-09-19 10:00:00,116.74,116.94,116.46,116.76,563.0,44,0.0
2024-09-19 11:00:00,116.76,117.11,116.57,117.03,716.0,28,0.0
2024-09-19 12:00:00,116.99,117.1,116.69,116.85,731.0,28,0.0
2024-09-19 13:00:00,116.85,119.12,116.63,118.36,4259.0,11,0.0
2024-09-19 14:00:00,118.34,119.41,117.91,118.52,4847.0,11,0.0
2024-09-19 15:00:00,118.54,119.6,118.46,118.82,2554.0,11,0.0
2024-09-19 16:00:00,118.81,119.43,118.76,119.43,2158.0,11,0.0
2024-09-19 17:00:00,119.43,119.61,118.99,119.22,1743.0,11,0.0
2024-09-19 18:00:00,119.23,119.33,118.14,118.5,2171.0,11,0.0
2024-09-19 19:00:00,118.48,118.57,117.57,118.33,2191.0,11,0.0
2024-09-20 10:00:00,116.52,116.85,116.43,116.56,423.0,44,0.0
2024-09-20 11:00:00,116.56,116.91,116.52,116.88,522.0,28,0.0
2024-09-20 12:00:00,116.87,117.62,116.51,117.34,889.0,28,0.0
2024-09-20 13:00:00,117.34,118.49,116.68,117.53,3793.0,11,0.0
2024-09-20 14:00:00,117.55,117.88,116.13,116.46,4189.0,11,0.0
2024-09-20 15:00:00,116.44,116.57,115.36,116.24,2982.0,11,0.0
2024-09-20 16:00:00,116.24,116.76,116.01,116.22,1957.0,11,0.0
2024-09-20 17:00:00,116.22,116.5,115.9,115.94,1625.0,11,0.0
2024-09-20 18:00:00,115.95,116.09,115.45,116.02,2090.0,11,0.0
2024-09-20 19:00:00,116.02,116.83,115.86,116.57,1615.0,11,0.0
2024-09-23 10:00:00,116.12,116.23,115.94,116.03,344.0,44,0.0
2024-09-23 11:00:00,116.06,116.19,115.6,116.0,604.0,28,0.0
2024-09-23 12:00:00,115.98,116.33,115.88,116.12,578.0,28,0.0
2024-09-23 13:00:00,116.12,116.87,115.41,116.22,3400.0,11,0.0
2024-09-23 14:00:00,116.2,116.75,114.82,115.55,4337.0,11,0.0
2024-09-23 15:00:00,115.55,116.29,115.05,116.15,2477.0,11,0.0
2024-09-23 16:00:00,116.17,116.22,115.27,115.54,2108.0,11,0.0
2024-09-23 17:00:00,115.53,115.92,115.23,115.87,1576.0,11,0.0
2024-09-23 18:00:00,115.87,116.2,115.68,116.16,1250.0,11,0.0
2024-09-23 19:00:00,116.14,116.54,115.97,116.23,948.0,11,0.0
2024-09-24 10:00:00,116.45,116.79,116.42,116.48,336.0,44,0.0
2024-09-24 11:00:00,116.46,116.55,115.87,116.25,721.0,28,0.0
2024-09-24 12:00:00,116.26,116.35,115.97,116.21,589.0,28,0.0
2024-09-24 13:00:00,116.22,117.5,116.12,117.14,2651.0,11,0.0
2024-09-24 14:00:00,117.15,117.15,115.33,116.05,4066.0,11,0.0
2024-09-24 15:00:00,116.05,121.18,115.89,120.38,4330.0,11,0.0
2024-09-24 16:00:00,120.38,121.56,120.33,120.81,3786.0,11,0.0
2024-09-24 17:00:00,120.81,121.74,120.68,121.26,2137.0,11,0.0
2024-09-24 18:00:00,121.28,121.49,120.98,121.21,1632.0,11,0.0
2024-09-24 19:00:00,121.19,121.21,120.05,120.83,1426.0,11,0.0
2024-09-25 10:00:00,119.88,120.3,119.88,120.26,496.0,44,0.0
2024-09-25 11:00:00,120.28,121.2,120.23,121.19,750.0,28,0.0
2024-09-25 12:00:00,121.19,121.88,121.03,121.81,849.0,20,0.0
2024-09-25 13:00:00,121.81,124.13,121.48,124.1,3480.0,11,0.0
2024-09-25 14:00:00,124.12,124.87,123.91,124.53,3849.0,11,0.0
2024-09-25 15:00:00,124.53,124.81,123.07,123.52,2857.0,11,0.0
2024-09-25 16:00:00,123.53,123.83,123.01,123.15,2352.0,11,0.0
2024-09-25 17:00:00,123.15,123.33,122.57,123.17,2389.0,11,0.0
2024-09-25 18:00:00,123.15,123.54,122.83,123.41,1804.0,11,0.0
2024-09-25 19:00:00,123.41,123.49,123.16,123.28,1223.0,11,0.0
2024-09-26 10:00:00,125.23,125.6,125.08,125.6,633.0,44,0.0
2024-09-26 11:00:00,125.59,126.6,125.38,126.2,1027.0,28,0.0
2024-09-26 12:00:00,126.2,126.6,125.83,126.48,1047.0,28,0.0
2024-09-26 13:00:00,126.48,127.56,125.74,126.83,3771.0,11,0.0
2024-09-26 14:00:00,126.81,126.94,122.59,122.9,6152.0,11,0.0
2024-09-26 15:00:00,122.9,124.42,122.11,124.42,4965.0,11,0.0
2024-09-26 16:00:00,124.4,124.42,122.91,123.17,3356.0,11,0.0
2024-09-26 17:00:00,123.16,123.32,121.74,123.14,2885.0,11,0.0
2024-09-26 18:00:00,123.14,124.07,123.14,123.81,2032.0,11,0.0
2024-09-26 19:00:00,123.8,124.39,123.48,123.86,1523.0,11,0.0
2024-09-27 10:00:00,122.29,122.47,122.01,122.44,437.0,44,0.0
2024-09-27 11:00:00,122.45,123.25,122.41,123.24,689.0,44,0.0
2024-09-27 12:00:00,123.25,124.35,123.16,124.08,1078.0,20,0.0
2024-09-27 13:00:00,124.08,124.1,122.17,122.7,3834.0,11,0.0
2024-09-27 14:00:00,122.72,122.91,120.3,121.1,6081.0,11,0.0
2024-09-27 15:00:00,121.08,121.12,119.77,120.56,3434.0,11,0.0
2024-09-27 16:00:00,120.54,121.13,120.22,120.71,2309.0,11,0.0
2024-09-27 17:00:00,120.71,121.03,120.07,120.73,1868.0,11,0.0
2024-09-27 18:00:00,120.73,120.89,119.21,120.14,3275.0,11,0.0
2024-09-27 19:00:00,120.14,120.76,119.89,120.75,1648.0,11,0.0
2024-09-30 10:00:00,118.85,119.08,118.51,119.04,463.0,44,0.0
2024-09-30 11:00:00,119.04,119.12,117.59,117.94,907.0,28,0.0
2024-09-30 12:00:00,117.94,118.25,117.59,118.09,909.0,28,0.0
2024-09-30 13:00:00,118.1,121.2,117.93,120.12,3897.0,11,0.0
2024-09-30 14:00:00,120.14,120.24,119.14,119.85,4252.0,11,0.0
2024-09-30 15:00:00,119.83,121.04,119.7,120.64,2682.0,11,0.0
2024-09-30 16:00:00,120.63,121.04,120.3,120.45,2074.0,11,0.0
2024-09-30 17:00:00,120.46,120.55,119.82,120.39,1853.0,11,0.0
2024-09-30 18:00:00,120.39,120.63,119.14,120.13,3028.0,11,0.0
2024-09-30 19:00:00,120.11,120.3,119.76,120.01,1565.0,11,0.0
2024-10-01 10:00:00,121.24,121.84,121.24,121.8,456.0,44,0.0
2024-10-01 11:00:00,121.79,122.04,121.44,121.68,707.0,44,0.0
2024-10-01 12:00:00,121.69,122.03,121.63,121.95,493.0,28,0.0
2024-10-01 13:00:00,121.95,122.31,119.65,120.13,4935.0,11,0.0
2024-10-01 14:00:00,120.15,120.61,117.1,118.21,7768.0,11,0.0
2024-10-01 15:00:00,118.21,118.27,116.15,116.99,4367.0,11,0.0
2024-10-01 16:00:00,116.97,118.03,116.33,116.94,3542.0,11,0.0
2024-10-01 17:00:00,116.92,117.29,115.75,117.28,3442.0,11,0.0
2024-10-01 18:00:00,117.26,118.0,117.19,117.69,2714.0,11,0.0
2024-10-01 19:00:00,117.67,117.9,116.68,116.84,1771.0,11,0.0
2024-10-02 10:00:00,115.11,115.64,114.4,115.54,597.0,44,0.0
2024-10-02 11:00:00,115.55,116.77,115.43,116.18,882.0,28,0.0
2024-10-02 12:00:00,116.18,117.7,115.95,117.3,1042.0,28,0.0
2024-10-02 13:00:00,117.32,117.69,115.09,116.96,4631.0,11,0.0
2024-10-02 14:00:00,117.01,118.68,117.0,117.95,5222.0,11,0.0
2024-10-02 15:00:00,117.96,119.22,117.9,118.83,2717.0,11,0.0
2024-10-02 16:00:00,118.84,119.06,117.89,117.9,2086.0,11,0.0
2024-10-02 17:00:00,117.88,118.53,117.71,118.51,2034.0,11,0.0
2024-10-02 18:00:00,118.5,118.83,118.3,118.72,1710.0,11,0.0
2024-10-02 19:00:00,118.71,119.24,118.56,119.23,1194.0,11,0.0
2024-10-03 10:00:00,119.56,120.23,119.42,120.22,549.0,44,0.0
2024-10-03 11:00:00,120.23,120.58,120.23,120.45,696.0,28,0.0
2024-10-03 12:00:00,120.45,121.32,120.35,120.75,1091.0,28,0.0
2024-10-03 13:00:00,120.75,123.62,120.21,123.29,4318.0,11,0.0
2024-10-03 14:00:00,123.34,124.29,121.74,122.31,7557.0,11,0.0
2024-10-03 15:00:00,122.28,123.27,121.92,123.02,3348.0,11,0.0
2024-10-03 16:00:00,123.02,123.11,121.69,121.9,2736.0,11,0.0
2024-10-03 17:00:00,121.88,122.93,121.42,122.9,2685.0,11,0.0
2024-10-03 18:00:00,122.89,123.14,122.41,122.49,1725.0,11,0.0
2024-10-03 19:00:00,122.47,122.54,122.06,122.32,1484.0,11,0.0
2024-10-04 10:00:00,122.76,123.06,122.64,122.75,415.0,44,0.0
2024-10-04 11:00:00,122.77,123.72,122.75,123.42,665.0,28,0.0
2024-10-04 12:00:00,123.42,125.01,123.08,124.85,1123.0,20,0.0
2024-10-04 13:00:00,124.89,124.93,122.55,122.92,3853.0,11,0.0
2024-10-04 14:00:00,122.9,123.64,121.86,123.63,5514.0,11,0.0
2024-10-04 15:00:00,123.63,124.23,123.21,124.23,2943.0,11,0.0
2024-10-04 16:00:00,124.21,124.43,123.65,124.22,1875.0,11,0.0
2024-10-04 17:00:00,124.21,124.43,123.72,123.92,1917.0,11,0.0
2024-10-04 18:00:00,123.93,124.64,123.86,124.56,1537.0,11,0.0
2024-10-04 19:00:00,124.54,124.64,124.25,124.58,792.0,11,0.0
2024-10-07 10:00:00,123.19,123.47,122.99,123.45,350.0,44,0.0
2024-10-07 11:00:00,123.45,124.41,123.45,124.24,600.0,28,0.0
2024-10-07 12:00:00,124.24,124.97,124.22,124.23,796.0,28,0.0
2024-10-07 13:00:00,124.23,127.68,124.14,125.86,4699.0,11,0.0
2024-10-07 14:00:00,125.87,128.02,125.31,127.65,4913.0,11,0.0
2024-10-07 15:00:00,127.64,129.57,127.15,129.11,3064.0,11,0.0
2024-10-07 16:00:00,129.13,129.57,128.5,128.93,2650.0,11,0.0
2024-10-07 17:00:00,128.92,130.49,128.88,130.48,1826.0,11,0.0
2024-10-07 18:00:00,130.48,130.57,127.9,128.01,3794.0,11,0.0
2024-10-07 19:00:00,127.99,128.79,127.51,127.91,2546.0,11,0.0
2024-10-08 10:00:00,129.53,129.89,129.4,129.72,610.0,44,0.0
2024-10-08 11:00:00,129.72,130.33,129.51,129.83,853.0,28,0.0
2024-10-08 12:00:00,129.82,130.12,129.54,129.8,737.0,28,0.0
2024-10-08 13:00:00,129.8,130.89,129.31,130.56,4539.0,11,0.0
2024-10-08 14:00:00,130.55,132.74,130.55,132.65,4883.0,11,0.0
2024-10-08 15:00:00,132.66,132.86,131.5,132.21,2801.0,11,0.0
2024-10-08 16:00:00,132.19,132.63,131.57,132.23,2101.0,11,0.0
2024-10-08 17:00:00,132.22,132.44,131.65,132.43,2187.0,11,0.0
2024-10-08 18:00:00,132.42,132.94,132.13,132.92,1290.0,11,0.0
2024-10-08 19:00:00,132.92,133.42,132.53,133.17,986.0,11,0.0
2024-10-09 10:00:00,134.13,134.35,133.98,134.3,491.0,44,0.0
2024-10-09 11:00:00,134.24,134.64,133.42,133.57,767.0,28,0.0
2024-10-09 12:00:00,133.56,134.43,133.52,134.07,867.0,28,0.0
2024-10-09 13:00:00,134.07,134.53,131.34,132.32,5030.0,11,0.0
2024-10-09 14:00:00,132.33,133.93,132.32,133.16,4744.0,11,0.0
2024-10-09 15:00:00,133.18,133.73,132.49,132.67,2844.0,11,0.0
2024-10-09 16:00:00,132.67,132.71,131.43,132.12,2962.0,11,0.0
2024-10-09 17:00:00,132.14,132.2,131.43,131.77,2205.0,11,0.0
2024-10-09 18:00:00,131.78,132.63,131.53,132.28,2219.0,11,0.0
2024-10-09 19:00:00,132.29,132.78,132.1,132.43,1487.0,11,0.0
2024-10-10 10:00:00,131.76,132.02,131.7,131.81,397.0,44,0.0
2024-10-10 11:00:00,131.81,132.6,131.77,132.52,547.0,28,0.0
2024-10-10 12:00:00,132.53,132.81,130.62,131.34,1255.0,28,0.0
2024-10-10 13:00:00,131.31,133.26,130.8,132.77,5215.0,11,0.0
2024-10-10 14:00:00,132.77,134.71,132.58,134.26,5012.0,11,0.0
2024-10-10 15:00:00,134.25,134.88,133.78,134.85,2769.0,11,0.0
2024-10-10 16:00:00,134.83,134.93,133.91,134.4,2588.0,11,0.0
2024-10-10 17:00:00,134.41,134.92,134.05,134.56,2195.0,11,0.0
2024-10-10 18:00:00,134.56,134.64,133.48,134.04,2102.0,11,0.0
2024-10-10 19:00:00,134.02,134.69,133.67,134.38,1593.0,11,0.0
2024-10-11 10:00:00,134.25,134.61,134.2,134.47,331.0,28,0.0
2024-10-11 11:00:00,134.46,134.76,134.35,134.55,478.0,44,0.0
2024-10-11 12:00:00,134.55,134.76,133.95,134.15,782.0,44,0.0
2024-10-11 13:00:00,134.17,134.94,133.53,134.47,3085.0,11,0.0
2024-10-11 14:00:00,134.48,135.72,134.14,134.68,4004.0,11,0.0
2024-10-11 15:00:00,134.67,135.27,134.59,134.98,2311.0,11,0.0
2024-10-11 16:00:00,134.98,135.19,134.62,134.94,1542.0,11,0.0
2024-10-11 17:00:00,134.95,134.97,134.68,134.81,1137.0,11,0.0
2024-10-11 18:00:00,134.79,135.09,134.52,134.77,1079.0,11,0.0
2024-10-11 19:00:00,134.75,134.91,134.7,134.79,805.0,11,0.0
2024-10-14 10:00:00,135.21,136.08,135.21,135.73,527.0,44,0.0
2024-10-14 11:00:00,135.65,136.22,135.51,136.09,558.0,28,0.0
2024-10-14 12:00:00,136.09,136.39,135.8,136.34,570.0,20,0.0
2024-10-14 13:00:00,136.34,139.32,136.09,139.32,3536.0,11,0.0
2024-10-14 14:00:00,139.33,139.54,138.37,138.37,4388.0,11,0.0
2024-10-14 15:00:00,138.39,138.62,137.39,137.66,3057.0,11,0.0
2024-10-14 16:00:00,137.64,138.56,137.58,138.23,1706.0,11,0.0
2024-10-14 17:00:00,138.24,138.86,138.22,138.63,1160.0,11,0.0
2024-10-14 18:00:00,138.64,138.99,138.41,138.47,1202.0,11,0.0
2024-10-14 19:00:00,138.48,138.84,138.36,138.8,1054.0,11,0.0
2024-10-15 10:00:00,135.99,136.26,135.58,136.18,580.0,44,0.0
2024-10-15 11:00:00,136.19,137.24,136.19,136.75,851.0,28,0.0
2024-10-15 12:00:00,136.75,137.14,136.43,136.75,803.0,28,0.0
2024-10-15 13:00:00,136.75,138.46,135.31,135.44,3999.0,11,0.0
2024-10-15 14:00:00,135.46,136.12,128.68,131.99,14512.0,11,0.0
2024-10-15 15:00:00,132.01,132.76,130.48,130.52,6396.0,11,0.0
2024-10-15 16:00:00,130.54,131.64,129.96,131.35,3484.0,11,0.0
2024-10-15 17:00:00,131.33,131.61,130.78,131.3,2483.0,11,0.0
2024-10-15 18:00:00,131.3,132.19,131.22,131.37,1787.0,11,0.0
2024-10-15 19:00:00,131.39,131.42,130.59,130.93,2418.0,11,0.0
2024-10-16 10:00:00,132.44,132.61,132.1,132.31,478.0,28,0.0
2024-10-16 11:00:00,132.33,132.57,131.85,132.3,765.0,44,0.0
2024-10-16 12:00:00,132.3,132.63,132.07,132.59,668.0,28,0.0
2024-10-16 13:00:00,132.59,133.98,131.54,132.05,4784.0,11,0.0
2024-10-16 14:00:00,132.02,134.71,131.64,132.94,5520.0,11,0.0
2024-10-16 15:00:00,132.96,134.24,132.87,133.8,3003.0,11,0.0
2024-10-16 16:00:00,133.78,134.9,133.69,134.85,2126.0,11,0.0
2024-10-16 17:00:00,134.85,136.19,134.65,136.1,2197.0,11,0.0
2024-10-16 18:00:00,136.1,136.56,135.63,136.39,1927.0,11,0.0
2024-10-16 19:00:00,136.4,136.45,135.31,135.43,1461.0,11,0.0
2024-10-17 10:00:00,138.58,139.99,138.57,139.85,743.0,44,0.0
2024-10-17 11:00:00,139.78,139.87,139.39,139.81,802.0,28,0.0
2024-10-17 12:00:00,139.8,139.9,139.52,139.8,785.0,28,0.0
2024-10-17 13:00:00,139.8,140.82,137.53,138.8,5342.0,11,0.0
2024-10-17 14:00:00,138.82,139.69,137.33,139.06,7822.0,11,0.0
2024-10-17 15:00:00,139.07,140.06,138.56,140.05,3118.0,11,0.0
2024-10-17 16:00:00,140.07,140.2,138.85,138.93,2571.0,11,0.0
2024-10-17 17:00:00,138.94,139.86,138.85,139.46,1720.0,11,0.0
2024-10-17 18:00:00,139.45,139.52,138.06,138.87,2812.0,11,0.0
2024-10-17 19:00:00,138.86,138.91,137.38,137.8,1911.0,11,0.0
2024-10-18 10:00:00,138.04,138.22,137.83,137.96,430.0,44,0.0
2024-10-18 11:00:00,137.95,138.26,137.54,137.99,776.0,44,0.0
2024-10-18 12:00:00,138.0,138.6,137.82,138.54,656.0,28,0.0
2024-10-18 13:00:00,138.55,138.8,137.17,137.93,3640.0,11,0.0
2024-10-18 14:00:00,137.97,138.43,137.4,137.48,3816.0,11,0.0
2024-10-18 15:00:00,137.48,138.04,137.43,137.81,1830.0,11,0.0
2024-10-18 16:00:00,137.81,138.36,137.23,138.18,1687.0,11,0.0
2024-10-18 17:00:00,138.17,138.61,138.1,138.24,1551.0,11,0.0
2024-10-18 18:00:00,138.22,138.34,137.88,137.98,1242.0,11,0.0
2024-10-18 19:00:00,137.98,138.14,137.82,137.94,891.0,11,0.0
2024-10-21 10:00:00,138.04,138.53,137.72,137.83,529.0,44,0.0
2024-10-21 11:00:00,137.84,137.95,136.59,136.87,1036.0,44,0.0
2024-10-21 12:00:00,136.87,137.56,136.8,137.43,758.0,28,0.0
2024-10-21 13:00:00,137.43,141.42,137.43,141.12,3194.0,11,0.0
2024-10-21 14:00:00,141.13,141.73,139.9,140.78,4268.0,11,0.0
2024-10-21 15:00:00,140.77,141.29,139.95,141.23,3102.0,11,0.0
2024-10-21 16:00:00,141.21,141.48,140.64,141.2,1888.0,11,0.0
2024-10-21 17:00:00,141.2,142.38,141.14,142.24,1541.0,11,0.0
2024-10-21 18:00:00,142.25,142.4,141.74,142.01,1762.0,11,0.0
2024-10-21 19:00:00,142.01,142.55,141.76,142.29,1218.0,11,0.0
2024-10-22 10:00:00,142.83,143.09,142.71,142.97,558.0,44,0.0
2024-10-22 11:00:00,142.99,143.97,142.94,143.86,780.0,28,0.0
2024-10-22 12:00:00,143.86,144.23,143.04,143.39,964.0,28,0.0
2024-10-22 13:00:00,143.39,144.12,141.59,143.26,3726.0,11,0.0
2024-10-22 14:00:00,143.31,144.36,142.29,143.2,4354.0,11,0.0
2024-10-22 15:00:00,143.2,143.64,142.76,143.21,2347.0,11,0.0
2024-10-22 16:00:00,143.21,143.23,141.91,142.77,2176.0,11,0.0
2024-10-22 17:00:00,142.75,143.9,142.67,143.77,1799.0,11,0.0
2024-10-22 18:00:00,143.77,143.99,143.07,143.25,1776.0,11,0.0
2024-10-22 19:00:00,143.23,143.76,143.16,143.73,1112.0,11,0.0
2024-10-23 10:00:00,142.59,142.8,141.8,142.05,648.0,44,0.0
2024-10-23 11:00:00,142.1,142.56,142.07,142.37,634.0,44,0.0
2024-10-23 12:00:00,142.37,142.67,141.99,142.42,709.0,28,0.0
2024-10-23 13:00:00,142.41,142.42,140.26,140.78,3563.0,11,0.0
2024-10-23 14:00:00,140.79,141.35,138.22,140.68,6014.0,11,0.0
2024-10-23 15:00:00,140.69,141.18,139.58,140.61,3346.0,11,0.0
2024-10-23 16:00:00,140.61,140.63,138.99,139.14,2759.0,11,0.0
2024-10-23 17:00:00,139.12,139.14,137.41,137.81,3681.0,11,0.0
2024-10-23 18:00:00,137.8,139.18,137.59,139.03,2859.0,11,0.0
2024-10-23 19:00:00,139.03,139.39,138.33,139.37,1848.0,11,0.0
2024-10-24 10:00:00,140.67,141.08,140.63,140.67,458.0,44,0.0
2024-10-24 11:00:00,140.69,141.16,140.69,141.16,544.0,44,0.0
2024-10-24 12:00:00,141.16,141.5,140.15,140.36,834.0,44,0.0
2024-10-24 13:00:00,140.36,141.2,139.54,140.36,3784.0,11,0.0
2024-10-24 14:00:00,140.38,140.91,138.43,139.26,4841.0,11,0.0
2024-10-24 15:00:00,139.28,139.89,138.74,139.51,2816.0,11,0.0
2024-10-24 16:00:00,139.49,139.77,138.78,139.47,2337.0,11,0.0
2024-10-24 17:00:00,139.47,140.0,139.09,139.35,1789.0,11,0.0
2024-10-24 18:00:00,139.36,140.07,139.22,139.91,1711.0,11,0.0
2024-10-24 19:00:00,139.9,140.77,139.65,140.42,1368.0,11,0.0
2024-10-25 10:00:00,140.54,140.81,140.51,140.61,315.0,28,0.0
2024-10-25 11:00:00,140.59,140.93,140.42,140.88,466.0,28,0.0
2024-10-25 12:00:00,140.87,141.1,140.66,140.87,559.0,28,0.0
2024-10-25 13:00:00,140.87,143.21,140.61,142.67,2797.0,11,0.0
2024-10-25 14:00:00,142.7,143.72,142.4,143.35,4035.0,11,0.0
2024-10-25 15:00:00,143.37,144.07,143.26,143.67,2559.0,11,0.0
2024-10-25 16:00:00,143.65,143.73,143.14,143.24,1638.0,11,0.0
2024-10-25 17:00:00,143.25,143.44,141.39,141.66,2817.0,11,0.0
2024-10-25 18:00:00,141.66,142.24,140.9,141.96,3054.0,11,0.0
2024-10-25 19:00:00,141.95,142.13,141.67,142.01,1480.0,11,0.0
2024-10-28 10:00:00,142.86,143.01,142.63,142.66,459.0,44,0.0
2024-10-28 11:00:00,142.67,143.06,142.53,143.05,514.0,28,0.0
2024-10-28 12:00:00,143.04,143.06,142.59,142.88,663.0,28,0.0
2024-10-28 13:00:00,142.89,143.06,140.84,141.26,3617.0,11,0.0
2024-10-28 14:00:00,141.25,142.01,140.88,141.28,3436.0,11,0.0
2024-10-28 15:00:00,141.28,141.39,140.0,140.26,2561.0,11,0.0
2024-10-28 16:00:00,140.27,140.71,140.14,140.5,1719.0,11,0.0
2024-10-28 17:00:00,140.48,141.36,140.37,141.32,1608.0,11,0.0
2024-10-28 18:00:00,141.33,141.43,140.68,140.94,1467.0,11,0.0
2024-10-28 19:00:00,140.89,141.24,140.81,141.17,1060.0,11,0.0
2024-10-29 10:00:00,139.42,140.02,139.33,139.94,365.0,44,0.0
2024-10-29 11:00:00,139.91,140.11,139.66,139.8,640.0,44,0.0
2024-10-29 12:00:00,139.8,139.91,139.55,139.56,591.0,44,0.0
2024-10-29 13:00:00,139.56,140.66,138.86,140.42,3017.0,11,0.0
2024-10-29 14:00:00,140.42,140.99,139.87,140.86,4031.0,11,0.0
2024-10-29 15:00:00,140.86,141.79,140.32,141.64,2432.0,11,0.0
2024-10-29 16:00:00,141.63,141.93,141.14,141.34,2227.0,11,0.0
2024-10-29 17:00:00,141.33,141.79,141.26,141.31,1796.0,11,0.0
2024-10-29 18:00:00,141.32,141.91,141.2,141.68,1137.0,11,0.0
2024-10-29 19:00:00,141.68,142.2,141.67,141.88,898.0,11,0.0
2024-10-30 10:00:00,139.79,140.14,139.7,140.08,358.0,44,0.0
2024-10-30 11:00:00,140.09,140.84,140.06,140.07,751.0,44,0.0
2024-10-30 12:00:00,140.11,140.29,139.37,139.68,1016.0,28,0.0
2024-10-30 13:00:00,139.67,139.67,136.77,139.02,4194.0,11,0.0
2024-10-30 14:00:00,138.99,139.85,138.78,139.07,4126.0,11,0.0
2024-10-30 15:00:00,139.06,140.12,138.96,139.78,2543.0,11,0.0
2024-10-30 16:00:00,139.77,140.25,139.31,139.98,1918.0,11,0.0
2024-10-30 17:00:00,139.99,140.18,138.92,139.39,2146.0,11,0.0
2024-10-30 18:00:00,139.39,140.22,139.33,139.81,1821.0,11,0.0
2024-10-30 19:00:00,139.8,139.8,139.09,139.61,1623.0,11,0.0
2024-10-31 10:00:00,136.95,137.2,136.72,137.13,472.0,44,0.0
2024-10-31 11:00:00,137.14,138.1,136.87,137.97,816.0,44,0.0
2024-10-31 12:00:00,138.0,138.16,137.26,137.37,914.0,44,0.0
2024-10-31 13:00:00,137.36,137.56,132.65,132.94,5258.0,11,0.0
2024-10-31 14:00:00,132.79,134.67,132.32,133.26,6199.0,11,0.0
2024-10-31 15:00:00,133.24,133.9,132.25,133.09,3348.0,11,0.0
2024-10-31 16:00:00,133.1,133.65,132.75,133.27,2333.0,11,0.0
2024-10-31 17:00:00,133.27,133.78,132.74,132.91,1842.0,11,0.0
2024-10-31 18:00:00,132.91,133.03,132.06,132.68,2250.0,11,0.0
2024-10-31 19:00:00,132.7,134.23,132.68,134.1,1881.0,11,0.0
2024-11-01 10:00:00,134.91,135.51,134.89,135.14,489.0,44,0.0
2024-11-01 11:00:00,135.15,135.15,134.39,134.7,760.0,44,0.0
2024-11-01 12:00:00,134.69,135.25,133.82,134.07,1052.0,44,0.0
2024-11-01 13:00:00,134.05,136.51,133.84,136.12,3646.0,11,0.0
2024-11-01 14:00:00,136.13,137.25,135.42,136.6,4503.0,11,0.0
2024-11-01 15:00:00,136.54,137.07,135.86,136.46,2658.0,11,0.0
2024-11-01 16:00:00,136.45,136.74,135.58,135.74,2220.0,11,0.0
2024-11-01 17:00:00,135.76,136.34,135.27,135.32,2416.0,11,0.0
2024-11-01 18:00:00,135.31,135.78,134.91,135.52,2145.0,11,0.0
2024-11-01 19:00:00,135.51,136.02,135.3,135.78,1534.0,11,0.0
2024-11-04 11:00:00,138.18,138.19,137.68,138.1,548.0,44,0.0
2024-11-04 12:00:00,138.1,138.52,137.15,137.61,951.0,44,0.0
2024-11-04 13:00:00,137.63,138.02,137.1,137.66,995.0,28,0.0
2024-11-04 14:00:00,137.66,137.94,135.48,137.3,4252.0,11,0.0
2024-11-04 15:00:00,137.28,137.87,136.48,137.67,4799.0,11,0.0
2024-11-04 16:00:00,137.69,138.9,137.5,137.77,3041.0,11,0.0
2024-11-04 17:00:00,137.76,138.02,136.98,137.72,2404.0,11,0.0
2024-11-04 18:00:00,137.72,138.23,137.27,138.06,2237.0,11,0.0
2024-11-04 19:00:00,138.07,138.33,137.67,137.72,1589.0,11,0.0
2024-11-04 20:00:00,137.73,137.79,136.78,136.86,1597.0,11,0.0
2024-11-05 11:00:00,137.0,137.43,136.9,136.99,365.0,28,0.0
2024-11-05 12:00:00,137.0,137.04,136.44,136.74,668.0,44,0.0
2024-11-05 13:00:00,136.67,137.02,136.67,136.69,541.0,28,0.0
2024-11-05 14:00:00,136.68,138.86,136.55,138.74,2978.0,11,0.0
2024-11-05 15:00:00,138.76,139.41,138.59,139.03,3845.0,11,0.0
2024-11-05 16:00:00,139.02,140.31,138.83,140.31,1946.0,11,0.0
2024-11-05 17:00:00,140.31,140.31,139.3,139.6,1754.0,11,0.0
2024-11-05 18:00:00,139.62,139.91,139.03,139.22,1812.0,11,0.0
2024-11-05 19:00:00,139.22,139.93,139.22,139.38,1532.0,11,0.0
2024-11-05 20:00:00,139.37,139.85,139.14,139.25,1386.0,11,0.0
2024-11-06 11:00:00,141.89,141.93,139.96,140.02,846.0,44,0.0
2024-11-06 12:00:00,140.02,141.26,140.02,141.0,1044.0,28,0.0
2024-11-06 13:00:00,140.97,142.0,140.87,141.96,865.0,28,0.0
2024-11-06 14:00:00,141.96,144.54,141.55,142.8,5616.0,11,0.0
2024-11-06 15:00:00,142.89,144.24,142.87,143.83,5467.0,11,0.0
2024-11-06 16:00:00,143.82,144.39,143.45,144.37,2650.0,11,0.0
2024-11-06 17:00:00,144.33,145.43,144.25,145.42,2146.0,11,0.0
2024-11-06 18:00:00,145.42,146.27,145.35,145.86,2429.0,11,0.0
2024-11-06 19:00:00,145.88,146.4,145.37,146.35,1744.0,11,0.0
2024-11-06 20:00:00,146.33,146.44,145.77,146.08,1504.0,11,0.0
2024-11-07 11:00:00,144.63,145.16,144.28,145.09,494.0,44,0.0
2024-11-07 12:00:00,145.08,145.6,145.06,145.58,610.0,28,0.0
2024-11-07 13:00:00,145.58,145.96,145.47,145.91,648.0,28,0.0
2024-11-07 14:00:00,145.91,148.14,145.86,148.09,2840.0,11,0.0
2024-11-07 15:00:00,148.08,148.69,147.71,147.93,3769.0,11,0.0
2024-11-07 16:00:00,147.93,148.24,147.24,148.18,2170.0,11,0.0
2024-11-07 17:00:00,148.18,148.18,147.67,148.17,1586.0,11,0.0
2024-11-07 18:00:00,148.18,148.19,147.4,147.97,1619.0,11,0.0
2024-11-07 19:00:00,147.97,148.43,147.51,148.41,2513.0,11,0.0
2024-11-07 20:00:00,148.42,148.42,148.01,148.25,1522.0,11,0.0
2024-11-08 11:00:00,147.0,147.99,146.6,147.92,965.0,44,0.0
2024-11-08 12:00:00,147.94,149.04,147.85,148.95,776.0,28,0.0
2024-11-08 13:00:00,148.91,149.17,148.28,148.36,974.0,28,0.0
2024-11-08 14:00:00,148.38,149.65,147.91,148.4,3314.0,11,0.0
2024-11-08 15:00:00,148.38,148.65,146.22,147.24,5053.0,11,0.0
2024-11-08 16:00:00,147.22,147.91,146.3,147.59,2593.0,11,0.0
2024-11-08 17:00:00,147.58,147.8,147.07,147.29,1911.0,11,0.0
2024-11-08 18:00:00,147.29,147.67,147.17,147.5,1401.0,11,0.0
2024-11-08 19:00:00,147.48,147.5,146.8,146.96,1305.0,11,0.0
2024-11-08 20:00:00,146.98,147.39,146.82,147.09,1281.0,11,0.0
2024-11-11 11:00:00,146.63,147.18,146.46,147.15,536.0,44,0.0
2024-11-11 12:00:00,147.11,148.7,147.11,148.43,811.0,28,0.0
2024-11-11 13:00:00,148.41,148.61,147.7,148.25,829.0,28,0.0
2024-11-11 14:00:00,148.25,148.6,143.84,143.91,5516.0,11,0.0
2024-11-11 15:00:00,143.96,146.42,143.52,146.16,5675.0,11,0.0
2024-11-11 16:00:00,146.15,146.2,145.05,145.28,2962.0,11,0.0
2024-11-11 17:00:00,145.26,145.53,144.64,145.27,2475.0,11,0.0
2024-11-11 18:00:00,145.24,145.24,144.42,144.83,2089.0,11,0.0
2024-11-11 19:00:00,144.83,145.23,144.58,145.0,1430.0,11,0.0
2024-11-11 20:00:00,145.0,145.84,144.92,145.32,1262.0,11,0.0
2024-11-12 11:00:00,143.58,144.46,143.55,144.37,836.0,44,0.0
2024-11-12 12:00:00,144.38,145.82,144.1,145.47,956.0,28,0.0
2024-11-12 13:00:00,145.42,146.68,145.28,146.63,1036.0,28,0.0
2024-11-12 14:00:00,146.62,148.16,145.82,147.84,3875.0,11,0.0
2024-11-12 15:00:00,147.86,149.55,147.57,148.25,5289.0,11,0.0
2024-11-12 16:00:00,148.25,149.31,147.88,148.54,3128.0,11,0.0
2024-11-12 17:00:00,148.52,148.61,146.78,146.87,3033.0,11,0.0
2024-11-12 18:00:00,146.86,148.36,146.54,148.06,2650.0,11,0.0
2024-11-12 19:00:00,148.04,148.69,147.65,148.45,1943.0,11,0.0
2024-11-12 20:00:00,148.45,148.52,147.5,148.39,1616.0,11,0.0
2024-11-13 11:00:00,148.35,148.76,148.07,148.24,585.0,28,0.0
2024-11-13 12:00:00,148.25,148.51,147.79,147.87,646.0,44,0.0
2024-11-13 13:00:00,147.88,149.25,147.73,148.62,1017.0,28,0.0
2024-11-13 14:00:00,148.62,149.52,147.51,147.97,3632.0,11,0.0
2024-11-13 15:00:00,147.95,148.04,146.5,147.11,5086.0,11,0.0
2024-11-13 16:00:00,147.13,147.42,145.86,146.73,3139.0,11,0.0
2024-11-13 17:00:00,146.71,147.23,146.36,147.13,2397.0,11,0.0
2024-11-13 18:00:00,147.14,147.78,146.83,147.67,1974.0,11,0.0
2024-11-13 19:00:00,147.68,147.7,146.46,146.77,2508.0,11,0.0
2024-11-13 20:00:00,146.75,147.14,146.25,146.83,1885.0,11,0.0
2024-11-14 11:00:00,147.17,147.26,147.04,147.2,385.0,44,0.0
2024-11-14 12:00:00,147.19,147.51,146.91,147.33,665.0,44,0.0
2024-11-14 13:00:00,147.33,147.49,146.71,146.84,748.0,28,0.0
2024-11-14 14:00:00,146.85,147.57,145.52,147.56,3953.0,11,0.0
2024-11-14 15:00:00,147.54,148.8,147.28,148.31,5043.0,11,0.0
2024-11-14 16:00:00,148.31,148.93,148.27,148.38,2608.0,11,0.0
2024-11-14 17:00:00,148.39,148.62,147.23,147.63,2828.0,11,0.0
2024-11-14 18:00:00,147.63,147.74,146.48,146.56,2175.0,11,0.0
2024-11-14 19:00:00,146.54,147.16,146.42,146.84,2082.0,11,0.0
2024-11-14 20:00:00,146.82,146.82,145.71,145.98,2659.0,11,0.0
2024-11-15 11:00:00,145.78,146.37,145.62,146.16,461.0,28,0.0
2024-11-15 12:00:00,146.09,146.26,145.64,145.85,592.0,44,0.0
2024-11-15 13:00:00,145.85,145.85,144.82,145.13,825.0,28,0.0
2024-11-15 14:00:00,145.13,145.39,143.16,143.77,3941.0,11,0.0
2024-11-15 15:00:00,143.8,144.25,141.76,143.13,6292.0,11,0.0
2024-11-15 16:00:00,143.12,143.47,141.25,141.36,3274.0,11,0.0
2024-11-15 17:00:00,141.38,142.13,140.79,141.69,3446.0,11,0.0
2024-11-15 18:00:00,141.67,141.73,140.31,140.51,2984.0,11,0.0
2024-11-15 19:00:00,140.53,141.49,140.04,141.26,2680.0,11,0.0
2024-11-15 20:00:00,141.25,142.27,141.23,141.55,2161.0,11,0.0
2024-11-18 11:00:00,138.88,139.25,138.21,138.77,913.0,44,0.0
2024-11-18 12:00:00,138.9,139.48,137.98,138.35,1260.0,28,0.0
2024-11-18 13:00:00,138.35,138.87,136.92,138.64,1353.0,28,0.0
2024-11-18 14:00:00,138.64,139.83,137.11,138.09,4927.0,11,0.0
2024-11-18 15:00:00,138.11,140.5,137.98,140.17,4827.0,11,0.0
2024-11-18 16:00:00,140.18,141.22,139.68,139.95,2733.0,11,0.0
2024-11-18 17:00:00,139.96,140.01,138.83,139.44,2432.0,11,0.0
2024-11-18 18:00:00,139.42,140.33,139.3,140.3,2140.0,11,0.0
2024-11-18 19:00:00,140.29,140.34,139.41,140.16,1886.0,11,0.0
2024-11-18 20:00:00,140.15,141.48,140.11,140.58,1762.0,11,0.0
2024-11-19 11:00:00,141.26,141.84,141.05,141.51,645.0,44,0.0
2024-11-19 12:00:00,141.43,142.35,141.36,142.04,936.0,28,0.0
2024-11-19 13:00:00,142.04,142.21,139.79,140.02,1167.0,28,0.0
2024-11-19 14:00:00,140.02,143.48,139.92,142.27,4205.0,11,0.0
2024-11-19 15:00:00,142.25,144.34,141.66,144.24,4488.0,11,0.0
2024-11-19 16:00:00,144.25,144.49,143.32,143.33,2677.0,11,0.0
2024-11-19 17:00:00,143.35,143.91,143.1,143.9,2019.0,11,0.0
2024-11-19 18:00:00,143.9,145.46,143.77,145.36,1859.0,11,0.0
2024-11-19 19:00:00,145.36,146.86,145.28,146.48,2566.0,11,0.0
2024-11-19 20:00:00,146.5,146.91,146.23,146.82,1707.0,11,0.0
2024-11-20 11:00:00,147.07,147.29,146.84,147.25,595.0,44,0.0
2024-11-20 12:00:00,147.25,147.85,147.11,147.75,822.0,28,0.0
2024-11-20 13:00:00,147.77,147.81,147.41,147.58,761.0,28,0.0
2024-11-20 14:00:00,147.55,147.58,144.11,144.12,4115.0,11,0.0
2024-11-20 15:00:00,144.14,145.96,142.68,145.81,6280.0,11,0.0
2024-11-20 16:00:00,145.76,146.52,144.15,145.66,4730.0,11,0.0
2024-11-20 17:00:00,145.64,145.88,144.45,144.78,3250.0,11,0.0
2024-11-20 18:00:00,144.77,145.05,144.04,144.35,2588.0,11,0.0
2024-11-20 19:00:00,144.33,144.51,143.2,144.24,2878.0,11,0.0
2024-11-20 20:00:00,144.22,145.87,143.83,145.32,2391.0,11,0.0
2024-11-21 11:00:00,141.48,143.43,141.43,143.42,1064.0,44,0.0
2024-11-21 12:00:00,143.27,144.75,143.1,144.21,1312.0,44,0.0
2024-11-21 13:00:00,144.2,149.15,144.04,147.68,1993.0,44,0.0
2024-11-21 14:00:00,147.7,152.69,144.3,145.63,11464.0,11,0.0
2024-11-21 15:00:00,145.62,145.88,140.66,144.3,16426.0,11,0.0
2024-11-21 16:00:00,144.33,145.39,142.85,143.56,7353.0,11,0.0
2024-11-21 17:00:00,143.54,144.75,143.11,144.02,4579.0,11,0.0
2024-11-21 18:00:00,144.03,147.44,143.82,147.29,4275.0,11,0.0
2024-11-21 19:00:00,147.29,147.93,145.84,147.71,4412.0,11,0.0
2024-11-21 20:00:00,147.68,148.49,147.29,147.43,2820.0,11,0.0
2024-11-22 11:00:00,145.3,145.75,145.3,145.54,571.0,44,0.0
2024-11-22 12:00:00,145.54,146.03,145.48,145.76,712.0,44,0.0
2024-11-22 13:00:00,145.77,146.25,145.45,145.48,901.0,44,0.0
2024-11-22 14:00:00,145.48,146.99,143.54,144.8,6285.0,11,0.0
2024-11-22 15:00:00,144.75,144.79,142.42,143.61,6834.0,11,0.0
2024-11-22 16:00:00,143.59,143.76,141.51,142.14,3929.0,11,0.0
2024-11-22 17:00:00,142.13,142.23,141.6,142.02,2315.0,11,0.0
2024-11-22 18:00:00,142.02,142.27,141.75,141.89,1824.0,11,0.0
2024-11-22 19:00:00,141.89,142.16,141.05,142.03,2223.0,11,0.0
2024-11-22 20:00:00,142.01,142.09,141.43,141.54,1996.0,11,0.0
2024-11-25 11:00:00,141.94,142.02,141.66,141.85,557.0,44,0.0
2024-11-25 12:00:00,141.85,142.05,140.93,140.93,738.0,28,0.0
2024-11-25 13:00:00,140.94,142.03,140.87,141.76,944.0,28,0.0
2024-11-25 14:00:00,141.76,142.02,136.6,137.67,8354.0,11,0.0
2024-11-25 15:00:00,137.65,138.26,136.17,137.34,9961.0,11,0.0
2024-11-25 16:00:00,137.35,138.6,136.93,137.5,3912.0,11,0.0
2024-11-25 17:00:00,137.49,137.56,136.4,137.42,3143.0,11,0.0
2024-11-25 18:00:00,137.42,137.83,136.33,136.53,2319.0,11,0.0
2024-11-25 19:00:00,136.53,137.36,136.25,136.74,2036.0,11,0.0
2024-11-25 20:00:00,136.74,137.09,136.3,136.48,1655.0,11,0.0
2024-11-26 11:00:00,136.51,137.06,136.29,136.74,521.0,28,0.0
2024-11-26 12:00:00,136.76,137.56,136.49,137.24,868.0,28,0.0
2024-11-26 13:00:00,137.21,138.39,137.1,137.84,953.0,28,0.0
2024-11-26 14:00:00,137.85,139.15,136.57,137.1,5247.0,11,0.0
2024-11-26 15:00:00,137.13,137.62,136.12,136.15,5245.0,11,0.0
2024-11-26 16:00:00,136.13,137.07,136.13,136.93,3011.0,11,0.0
2024-11-26 17:00:00,136.91,137.03,136.42,136.94,1791.0,11,0.0
2024-11-26 18:00:00,136.92,136.96,136.33,136.76,1663.0,11,0.0
2024-11-26 19:00:00,136.74,136.79,135.62,136.24,2248.0,11,0.0
2024-11-26 20:00:00,136.22,136.83,136.15,136.81,1236.0,11,0.0
2024-11-27 11:00:00,135.12,135.42,134.95,135.34,508.0,44,0.0
2024-11-27 12:00:00,135.41,135.44,134.8,135.03,779.0,28,0.0
2024-11-27 13:00:00,135.08,135.3,134.87,134.93,696.0,28,0.0
2024-11-27 14:00:00,134.95,135.12,133.3,133.95,4041.0,11,0.0
2024-11-27 15:00:00,133.93,133.96,131.97,132.66,5268.0,11,0.0
2024-11-27 16:00:00,132.64,133.02,131.95,132.26,2938.0,11,0.0
2024-11-27 17:00:00,132.24,133.02,131.88,132.99,2002.0,11,0.0
2024-11-27 18:00:00,132.99,134.37,132.79,134.15,1736.0,11,0.0
2024-11-27 19:00:00,134.17,134.54,133.94,134.29,1764.0,11,0.0
2024-11-27 20:00:00,134.29,135.1,134.13,134.47,1599.0,11,0.0
2024-11-29 11:00:00,137.25,137.44,136.99,136.99,408.0,67,0.0
2024-11-29 12:00:00,136.95,137.21,136.39,136.81,700.0,28,0.0
2024-11-29 13:00:00,136.78,136.84,136.11,136.48,794.0,28,0.0
2024-11-29 14:00:00,136.49,138.42,135.93,138.41,3030.0,11,0.0
2024-11-29 15:00:00,138.43,139.29,137.95,138.32,4100.0,11,0.0
2024-11-29 16:00:00,138.34,138.96,138.09,138.84,2019.0,11,0.0
2024-11-29 17:00:00,138.85,139.02,138.19,138.22,2105.0,11,0.0
2024-12-02 11:00:00,136.21,136.74,136.0,136.65,541.0,44,0.0
2024-12-02 12:00:00,136.66,137.59,136.6,137.25,732.0,28,0.0
2024-12-02 13:00:00,137.25,137.94,137.25,137.61,845.0,28,0.0
2024-12-02 14:00:00,137.61,140.37,137.61,139.78,3532.0,11,0.0
2024-12-02 15:00:00,139.8,140.3,138.25,138.47,3891.0,11,0.0
2024-12-02 16:00:00,138.47,139.48,138.47,139.21,2135.0,11,0.0
2024-12-02 17:00:00,139.19,139.58,138.71,138.71,1616.0,11,0.0
2024-12-02 18:00:00,138.7,138.83,137.9,138.54,1722.0,11,0.0
2024-12-02 19:00:00,138.53,138.53,137.77,138.51,1440.0,11,0.0
2024-12-02 20:00:00,138.5,138.83,138.29,138.42,1166.0,11,0.0
2024-12-03 11:00:00,138.21,138.45,138.11,138.37,444.0,28,0.0
2024-12-03 12:00:00,138.38,138.78,138.17,138.69,691.0,28,0.0
2024-12-03 13:00:00,138.69,138.99,138.55,138.55,475.0,20,0.0
2024-12-03 14:00:00,138.55,140.47,137.59,139.43,3707.0,11,0.0
2024-12-03 15:00:00,139.43,139.47,138.06,138.71,4124.0,11,0.0
2024-12-03 16:00:00,138.69,139.38,138.52,138.63,2547.0,11,0.0
2024-12-03 17:00:00,138.63,139.1,138.45,139.05,1586.0,11,0.0
2024-12-03 18:00:00,139.04,139.38,138.87,139.17,1340.0,11,0.0
2024-12-03 19:00:00,139.15,139.8,139.01,139.77,1234.0,11,0.0
2024-12-03 20:00:00,139.75,140.22,139.68,139.91,1094.0,11,0.0
2024-12-04 11:00:00,141.05,141.44,140.97,141.31,403.0,44,0.0
2024-12-04 12:00:00,141.23,141.79,141.16,141.64,664.0,28,0.0
2024-12-04 13:00:00,141.64,141.93,141.57,141.92,614.0,20,0.0
2024-12-04 14:00:00,141.91,142.48,140.34,140.57,3265.0,11,0.0
2024-12-04 15:00:00,140.55,142.32,140.24,141.94,3916.0,11,0.0
2024-12-04 16:00:00,141.93,143.6,141.81,143.55,2199.0,11,0.0
2024-12-04 17:00:00,143.55,144.53,143.53,144.28,2302.0,11,0.0
2024-12-04 18:00:00,144.28,144.56,143.71,144.24,1856.0,11,0.0
2024-12-04 19:00:00,144.22,145.72,144.18,145.48,1937.0,11,0.0
2024-12-04 20:00:00,145.47,145.61,145.03,145.23,1553.0,11,0.0
2024-12-05 11:00:00,144.5,145.09,144.43,144.86,474.0,44,0.0
2024-12-05 12:00:00,144.82,145.26,144.69,145.17,593.0,28,0.0
2024-12-05 13:00:00,145.17,145.17,144.48,144.76,775.0,28,0.0
2024-12-05 14:00:00,144.77,146.0,144.05,144.63,3243.0,11,0.0
2024-12-05 15:00:00,144.65,145.39,143.91,145.28,3715.0,11,0.0
2024-12-05 16:00:00,145.28,146.48,145.2,146.01,2568.0,11,0.0
2024-12-05 17:00:00,146.02,146.29,145.71,145.89,1908.0,11,0.0
2024-12-05 18:00:00,145.89,145.94,144.26,144.46,2270.0,11,0.0
2024-12-05 19:00:00,144.46,145.19,144.3,145.14,1808.0,11,0.0
2024-12-05 20:00:00,145.12,145.44,144.83,144.92,1430.0,11,0.0
2024-12-06 11:00:00,144.4,144.56,144.29,144.48,318.0,44,0.0
2024-12-06 12:00:00,144.48,144.67,144.3,144.35,437.0,44,0.0
2024-12-06 13:00:00,144.36,144.75,144.03,144.4,841.0,28,0.0
2024-12-06 14:00:00,144.41,145.53,144.04,145.44,2743.0,11,0.0
2024-12-06 15:00:00,145.42,145.63,143.41,143.68,3333.0,11,0.0
2024-12-06 16:00:00,143.69,143.75,141.27,141.96,4022.0,11,0.0
2024-12-06 17:00:00,141.96,143.17,141.9,142.37,2430.0,11,0.0
2024-12-06 18:00:00,142.37,142.85,142.25,142.56,1593.0,11,0.0
2024-12-06 19:00:00,142.56,142.65,142.13,142.22,1301.0,11,0.0
2024-12-06 20:00:00,142.22,142.44,141.83,141.99,1198.0,11,0.0
2024-12-09 11:00:00,140.64,140.92,138.61,139.52,1066.0,44,0.0
2024-12-09 12:00:00,139.6,139.96,139.21,139.8,947.0,28,0.0
2024-12-09 13:00:00,139.72,139.84,138.8,139.36,862.0,28,0.0
2024-12-09 14:00:00,139.37,139.88,137.28,139.64,3477.0,11,0.0
2024-12-09 15:00:00,139.61,139.87,137.55,137.78,4331.0,11,0.0
2024-12-09 16:00:00,137.78,138.43,137.09,138.29,2940.0,11,0.0
2024-12-09 17:00:00,138.28,139.66,138.18,139.3,1934.0,11,0.0
2024-12-09 18:00:00,139.29,139.79,139.01,139.05,1800.0,11,0.0
2024-12-09 19:00:00,139.06,139.1,138.0,138.39,1681.0,11,0.0
2024-12-09 20:00:00,138.37,138.58,138.09,138.47,1378.0,11,0.0
2024-12-10 11:00:00,137.35,138.11,137.35,137.88,477.0,44,0.0
2024-12-10 12:00:00,137.88,138.6,137.76,138.36,665.0,44,0.0
2024-12-10 13:00:00,138.36,138.99,138.29,138.53,746.0,28,0.0
2024-12-10 14:00:00,138.54,141.74,138.38,140.87,4189.0,11,0.0
2024-12-10 15:00:00,140.84,141.22,138.05,138.09,4516.0,11,0.0
2024-12-10 16:00:00,138.09,138.22,136.14,136.92,3684.0,11,0.0
2024-12-10 17:00:00,136.92,136.93,135.72,136.42,2338.0,11,0.0
2024-12-10 18:00:00,136.4,136.59,135.62,135.65,1887.0,11,0.0
2024-12-10 19:00:00,135.65,136.09,134.64,134.65,2147.0,11,0.0
2024-12-10 20:00:00,134.65,134.99,133.75,134.74,2288.0,11,0.0
2024-12-11 11:00:00,136.27,136.54,136.26,136.39,430.0,44,0.0
2024-12-11 12:00:00,136.32,136.37,136.04,136.09,528.0,28,0.0
2024-12-11 13:00:00,136.08,137.38,135.94,137.35,958.0,28,0.0
2024-12-11 14:00:00,137.35,137.99,135.08,137.68,3866.0,11,0.0
2024-12-11 15:00:00,137.69,137.74,135.39,135.87,4397.0,11,0.0
2024-12-11 16:00:00,135.87,138.28,135.82,138.28,2640.0,11,0.0
2024-12-11 17:00:00,138.27,138.98,138.02,138.81,2432.0,11,0.0
2024-12-11 18:00:00,138.79,139.71,138.58,139.69,1919.0,11,0.0
2024-12-11 19:00:00,139.69,140.07,139.23,139.71,1843.0,11,0.0
2024-12-11 20:00:00,139.72,140.1,139.32,139.73,1437.0,11,0.0
2024-12-12 11:00:00,138.77,138.95,138.41,138.73,539.0,44,0.0
2024-12-12 12:00:00,138.78,138.78,138.25,138.42,529.0,28,0.0
2024-12-12 13:00:00,138.42,138.83,137.23,137.5,939.0,28,0.0
2024-12-12 14:00:00,137.51,137.84,135.77,136.86,3302.0,11,0.0
2024-12-12 15:00:00,136.85,137.47,135.76,137.02,4351.0,11,0.0
2024-12-12 16:00:00,137.01,137.33,136.04,136.19,2301.0,11,0.0
2024-12-12 17:00:00,136.18,137.94,136.1,137.85,2157.0,11,0.0
2024-12-12 18:00:00,137.83,138.35,137.27,137.42,2269.0,11,0.0
2024-12-12 19:00:00,137.44,138.06,137.33,138.0,1913.0,11,0.0
2024-12-12 20:00:00,137.98,137.98,137.22,137.45,1473.0,11,0.0
2024-12-13 11:00:00,138.48,138.58,138.14,138.34,350.0,44,0.0
2024-12-13 12:00:00,138.34,139.2,138.34,139.19,612.0,28,0.0
2024-12-13 13:00:00,139.19,139.83,139.08,139.71,852.0,28,0.0
2024-12-13 14:00:00,139.73,139.73,137.43,138.81,3670.0,11,0.0
2024-12-13 15:00:00,138.83,139.04,134.0,134.08,5599.0,11,0.0
2024-12-13 16:00:00,134.1,134.21,132.5,133.47,6910.0,11,0.0
2024-12-13 17:00:00,133.47,134.09,132.8,133.47,2871.0,11,0.0
2024-12-13 18:00:00,133.47,134.56,133.45,134.26,1916.0,11,0.0
2024-12-13 19:00:00,134.26,134.85,133.6,133.65,1961.0,11,0.0
2024-12-13 20:00:00,133.66,134.17,133.63,133.68,1633.0,11,0.0
2024-12-16 11:00:00,133.24,133.54,133.15,133.49,424.0,44,0.0
2024-12-16 12:00:00,133.5,133.68,133.21,133.45,616.0,28,0.0
2024-12-16 13:00:00,133.45,134.65,133.44,134.6,656.0,28,0.0
2024-12-16 14:00:00,134.63,134.75,130.32,132.46,6235.0,11,0.0
2024-12-16 15:00:00,132.48,132.78,130.37,131.49,6310.0,11,0.0
2024-12-16 16:00:00,131.48,132.1,130.64,131.33,3291.0,11,0.0
2024-12-16 17:00:00,131.33,131.5,130.4,131.41,2254.0,11,0.0
2024-12-16 18:00:00,131.41,131.98,130.67,131.06,1904.0,11,0.0
2024-12-16 19:00:00,131.07,132.72,131.0,131.85,2516.0,11,0.0
2024-12-16 20:00:00,131.87,132.67,131.86,132.14,1766.0,11,0.0
2024-12-17 11:00:00,129.43,130.06,129.2,129.83,644.0,44,0.0
2024-12-17 12:00:00,129.89,130.03,129.34,129.57,786.0,28,0.0
2024-12-17 13:00:00,129.58,129.74,129.14,129.44,820.0,28,0.0
2024-12-17 14:00:00,129.37,129.56,127.1,127.39,5435.0,11,0.0
2024-12-17 15:00:00,127.42,129.24,126.82,128.85,6048.0,11,0.0
2024-12-17 16:00:00,128.83,130.56,128.23,129.71,3553.0,11,0.0
2024-12-17 17:00:00,129.71,131.53,129.46,130.86,3145.0,11,0.0
2024-12-17 18:00:00,130.86,131.13,129.21,129.69,2656.0,11,0.0
2024-12-17 19:00:00,129.69,130.14,129.37,129.8,1942.0,11,0.0
2024-12-17 20:00:00,129.78,129.94,128.77,129.82,1815.0,11,0.0
2024-12-18 11:00:00,133.97,133.99,133.09,133.3,679.0,44,0.0
2024-12-18 12:00:00,133.27,134.29,132.9,134.15,825.0,44,0.0
2024-12-18 13:00:00,134.09,134.26,132.87,133.47,1001.0,44,0.0
2024-12-18 14:00:00,133.47,135.71,132.7,134.8,4246.0,11,0.0
2024-12-18 15:00:00,134.82,136.12,134.19,135.9,4645.0,11,0.0
2024-12-18 16:00:00,135.92,136.63,134.61,135.1,3247.0,11,0.0
2024-12-18 17:00:00,135.1,135.8,134.78,135.67,2179.0,11,0.0
2024-12-18 18:00:00,135.67,136.36,135.45,135.58,1798.0,11,0.0
2024-12-18 19:00:00,135.59,135.63,132.33,132.63,7581.0,11,0.0
2024-12-18 20:00:00,132.65,132.84,128.25,128.85,9132.0,11,0.0
2024-12-19 11:00:00,130.97,131.47,130.74,131.15,595.0,44,0.0
2024-12-19 12:00:00,131.15,132.47,131.15,132.24,1065.0,44,0.0
2024-12-19 13:00:00,132.23,132.3,131.1,131.67,1193.0,44,0.0
2024-12-19 14:00:00,131.66,132.01,129.7,130.88,5481.0,11,0.0
2024-12-19 15:00:00,130.86,131.99,129.51,131.56,7799.0,11,0.0
2024-12-19 16:00:00,131.54,133.97,130.75,133.0,5171.0,11,0.0
2024-12-19 17:00:00,133.0,133.11,131.41,132.34,4065.0,11,0.0
2024-12-19 18:00:00,132.32,132.88,131.47,132.83,3562.0,11,0.0
2024-12-19 19:00:00,132.84,132.84,131.27,131.5,3227.0,11,0.0
2024-12-19 20:00:00,131.51,132.03,130.54,131.15,2933.0,11,0.0
2024-12-20 11:00:00,127.32,127.57,126.13,126.96,964.0,44,0.0
2024-12-20 12:00:00,126.97,127.39,126.39,127.39,1135.0,28,0.0
2024-12-20 13:00:00,127.36,130.48,127.24,129.84,1489.0,28,0.0
2024-12-20 14:00:00,129.84,129.96,128.18,129.63,4649.0,11,0.0
2024-12-20 15:00:00,129.66,133.47,129.58,132.9,6638.0,11,0.0
2024-12-20 16:00:00,132.92,134.73,132.76,134.3,4137.0,11,0.0
2024-12-20 17:00:00,134.32,135.22,133.93,134.38,3132.0,11,0.0
2024-12-20 18:00:00,134.4,134.53,133.5,134.04,3081.0,11,0.0
2024-12-20 19:00:00,134.02,134.95,133.89,134.34,2443.0,11,0.0
2024-12-20 20:00:00,134.37,134.42,132.86,133.08,2311.0,11,0.0
2024-12-23 11:00:00,135.32,135.36,134.25,135.25,742.0,44,0.0
2024-12-23 12:00:00,135.25,136.45,135.16,136.45,792.0,44,0.0
2024-12-23 13:00:00,136.44,136.73,135.21,135.62,979.0,44,0.0
2024-12-23 14:00:00,135.63,137.67,135.5,137.25,4315.0,11,0.0
2024-12-23 15:00:00,137.22,137.31,135.08,136.5,5593.0,11,0.0
2024-12-23 16:00:00,136.48,138.31,136.46,138.31,2756.0,11,0.0
2024-12-23 17:00:00,138.31,138.43,137.71,138.41,2626.0,11,0.0
2024-12-23 18:00:00,138.42,139.07,138.3,139.01,2266.0,11,0.0
2024-12-23 19:00:00,139.0,139.64,138.77,138.9,1898.0,11,0.0
2024-12-23 20:00:00,138.89,139.41,138.29,139.24,1998.0,11,0.0
2024-12-24 11:00:00,139.41,139.5,139.01,139.15,396.0,44,0.0
2024-12-24 12:00:00,139.15,140.27,139.15,140.11,677.0,44,0.0
2024-12-24 13:00:00,140.08,140.33,139.93,140.04,587.0,44,0.0
2024-12-24 14:00:00,140.04,141.74,139.19,141.61,3534.0,11,0.0
2024-12-24 15:00:00,141.59,141.84,140.22,141.15,3717.0,11,0.0
2024-12-24 16:00:00,141.15,141.34,140.41,140.44,2138.0,11,0.0
2024-12-24 17:00:00,140.46,140.94,138.59,140.19,3051.0,11,0.0
2024-12-26 11:00:00,138.49,138.95,138.2,138.71,468.0,44,0.0
2024-12-26 12:00:00,138.73,139.37,138.72,139.05,645.0,44,0.0
2024-12-26 13:00:00,139.05,139.26,138.67,139.06,652.0,28,0.0
2024-12-26 14:00:00,139.06,140.7,138.37,138.97,3203.0,11,0.0
2024-12-26 15:00:00,138.95,139.47,137.68,139.45,3840.0,11,0.0
2024-12-26 16:00:00,139.43,139.6,138.98,139.56,2061.0,11,0.0
2024-12-26 17:00:00,139.56,140.38,139.3,139.83,2167.0,11,0.0
2024-12-26 18:00:00,139.83,140.34,139.71,140.09,1972.0,11,0.0
2024-12-26 19:00:00,140.08,140.21,139.8,140.14,1531.0,11,0.0
2024-12-26 20:00:00,140.12,140.23,139.86,140.14,1091.0,11,0.0
2024-12-27 11:00:00,138.91,139.08,138.78,139.07,223.0,44,0.0
2024-12-27 12:00:00,139.07,139.41,139.04,139.16,470.0,44,0.0
2024-12-27 13:00:00,139.15,139.16,138.62,138.89,452.0,44,0.0
2024-12-27 14:00:00,138.89,138.96,136.15,136.43,3434.0,11,0.0
2024-12-27 15:00:00,136.47,136.59,134.66,135.91,6689.0,11,0.0
2024-12-27 16:00:00,135.88,136.87,135.52,135.98,3494.0,11,0.0
2024-12-27 17:00:00,135.96,136.18,135.14,135.99,2860.0,11,0.0
2024-12-27 18:00:00,135.98,136.71,135.8,136.62,2348.0,11,0.0
2024-12-27 19:00:00,136.61,136.9,136.11,136.84,2101.0,11,0.0
2024-12-27 20:00:00,136.81,136.93,136.27,136.3,1822.0,11,0.0
2024-12-30 11:00:00,135.94,136.16,135.79,135.98,296.0,44,0.0
2024-12-30 12:00:00,135.98,136.53,134.82,135.1,844.0,44,0.0
2024-12-30 13:00:00,135.1,135.15,133.7,134.03,1002.0,44,0.0
2024-12-30 14:00:00,134.02,138.13,133.9,136.84,4821.0,11,0.0
2024-12-30 15:00:00,136.83,138.61,136.28,138.13,6622.0,11,0.0
2024-12-30 16:00:00,138.12,138.34,137.22,138.25,2926.0,11,0.0
2024-12-30 17:00:00,138.24,139.93,138.18,139.81,2737.0,11,0.0
2024-12-30 18:00:00,139.79,140.2,139.11,139.43,2844.0,11,0.0
2024-12-30 19:00:00,139.43,139.53,138.79,139.32,2302.0,11,0.0
2024-12-30 20:00:00,139.32,139.41,138.23,138.48,1942.0,11,0.0
2024-12-31 11:00:00,138.35,138.44,137.98,138.22,297.0,28,0.0
2024-12-31 12:00:00,138.22,138.52,137.99,138.13,550.0,44,0.0
2024-12-31 13:00:00,138.19,138.43,137.8,138.3,486.0,44,0.0
2024-12-31 14:00:00,138.31,138.51,136.11,136.91,3680.0,11,0.0
2024-12-31 15:00:00,136.9,137.73,135.63,136.53,5105.0,11,0.0
2024-12-31 16:00:00,136.54,136.6,134.87,135.67,3518.0,11,0.0
2024-12-31 17:00:00,135.66,136.13,134.2,135.26,2910.0,11,0.0
2024-12-31 18:00:00,135.23,135.66,133.99,134.24,3036.0,11,0.0
2024-12-31 19:00:00,134.25,134.79,133.78,134.79,2716.0,11,0.0
2024-12-31 20:00:00,134.78,135.56,134.48,134.9,2544.0,11,0.0
2025-01-02 11:00:00,135.58,136.6,135.34,136.42,492.0,44,0.0
2025-01-02 12:00:00,136.42,136.5,136.01,136.31,728.0,44,0.0
2025-01-02 13:00:00,136.32,136.45,135.2,136.01,877.0,28,0.0
2025-01-02 14:00:00,136.01,137.69,134.57,137.2,5427.0,11,0.0
2025-01-02 15:00:00,137.22,138.3,136.36,137.32,8226.0,11,0.0
2025-01-02 16:00:00,137.34,138.74,136.59,138.61,4678.0,11,0.0
2025-01-02 17:00:00,138.63,138.81,135.12,136.12,5540.0,11,0.0
2025-01-02 18:00:00,136.14,136.35,135.23,136.05,4517.0,11,0.0
2025-01-02 19:00:00,136.04,137.65,135.88,136.86,3623.0,11,0.0
2025-01-02 20:00:00,136.84,138.12,136.84,137.47,2846.0,11,0.0
2025-01-03 11:00:00,138.84,139.22,138.72,139.09,270.0,67,0.0
2025-01-03 12:00:00,138.59,139.05,138.53,139.05,211.0,44,0.0
2025-01-03 13:00:00,139.05,139.51,138.88,139.14,665.0,28,0.0
2025-01-03 14:00:00,139.13,143.9,139.07,143.88,4607.0,11,0.0
2025-01-03 15:00:00,143.86,144.15,142.46,143.13,7278.0,11,0.0
2025-01-03 16:00:00,143.14,143.95,142.7,143.82,3117.0,11,0.0
2025-01-03 17:00:00,143.82,144.62,143.56,144.57,2002.0,11,0.0
2025-01-03 18:00:00,144.55,144.84,143.87,144.02,1881.0,11,0.0
2025-01-03 19:00:00,143.99,144.66,143.77,144.36,2140.0,11,0.0
2025-01-03 20:00:00,144.33,144.44,143.99,144.32,1629.0,11,0.0
2025-01-06 11:00:00,146.85,147.42,146.76,147.11,685.0,44,0.0
2025-01-06 12:00:00,147.04,148.51,146.86,148.1,1124.0,28,0.0
2025-01-06 13:00:00,148.1,148.51,147.79,148.43,1010.0,28,0.0
2025-01-06 14:00:00,148.44,150.25,147.64,149.81,5598.0,11,0.0
2025-01-06 15:00:00,149.79,151.93,149.62,151.49,5530.0,11,0.0
2025-01-06 16:00:00,151.51,152.09,150.99,151.03,2928.0,11,0.0
2025-01-06 17:00:00,151.03,151.51,150.84,151.4,2723.0,11,0.0
2025-01-06 18:00:00,151.39,151.78,150.41,150.44,3230.0,11,0.0
2025-01-06 19:00:00,150.46,150.76,149.61,149.7,3255.0,11,0.0
2025-01-06 20:00:00,149.67,150.77,149.32,149.72,2254.0,11,0.0
2025-01-07 11:00:00,151.91,152.34,151.63,152.15,844.0,44,0.0
2025-01-07 12:00:00,152.08,153.49,151.85,152.89,1194.0,28,0.0
2025-01-07 13:00:00,152.97,153.01,152.11,152.83,1006.0,28,0.0
2025-01-07 14:00:00,152.83,153.58,145.56,146.23,8586.0,11,0.0
2025-01-07 15:00:00,146.21,146.42,140.4,142.64,22862.0,11,0.0
2025-01-07 16:00:00,142.66,143.05,140.96,141.6,9977.0,11,0.0
2025-01-07 17:00:00,141.63,142.22,141.07,142.21,4068.0,11,0.0
2025-01-07 18:00:00,142.21,143.39,141.87,141.97,3295.0,11,0.0
2025-01-07 19:00:00,141.99,142.47,141.03,141.19,2814.0,11,0.0
2025-01-07 20:00:00,141.21,141.51,139.96,140.63,3140.0,11,0.0
2025-01-08 11:00:00,142.4,142.4,140.8,141.47,1098.0,44,0.0
2025-01-08 12:00:00,141.51,141.66,139.83,140.33,1407.0,44,0.0
2025-01-08 13:00:00,140.34,142.05,140.33,141.9,1383.0,44,0.0
2025-01-08 14:00:00,141.9,143.25,140.55,143.03,6754.0,11,0.0
2025-01-08 15:00:00,143.0,143.89,139.38,140.49,11129.0,11,0.0
2025-01-08 16:00:00,140.47,140.85,139.39,140.33,4530.0,11,0.0
2025-01-08 17:00:00,140.33,140.36,137.84,139.38,4160.0,11,0.0
2025-01-08 18:00:00,139.4,140.79,139.35,139.97,3673.0,11,0.0
2025-01-08 19:00:00,139.99,140.95,139.52,140.09,4211.0,11,0.0
2025-01-08 20:00:00,140.11,140.24,139.66,139.95,1962.0,11,0.0
2025-01-10 11:00:00,138.48,139.35,138.24,138.85,638.0,44,0.0
2025-01-10 12:00:00,138.83,138.83,137.31,137.84,943.0,28,0.0
2025-01-10 13:00:00,137.84,137.92,135.12,136.23,1513.0,28,0.0
2025-01-10 14:00:00,136.22,137.49,134.57,135.34,6212.0,11,0.0
2025-01-10 15:00:00,135.35,137.34,134.17,135.56,7286.0,11,0.0
2025-01-10 16:00:00,135.59,136.06,134.96,135.02,4381.0,11,0.0
2025-01-10 17:00:00,135.04,136.68,134.99,136.6,3154.0,11,0.0
2025-01-10 18:00:00,136.6,137.04,136.23,137.01,2843.0,11,0.0
2025-01-10 19:00:00,137.02,137.02,135.73,136.17,2940.0,11,0.0
2025-01-10 20:00:00,136.15,136.4,135.37,135.74,2224.0,11,0.0
2025-01-13 11:00:00,131.37,131.72,131.14,131.48,676.0,44,0.0
2025-01-13 12:00:00,131.48,132.3,130.8,131.91,1265.0,28,0.0
2025-01-13 13:00:00,131.91,131.91,131.01,131.25,1055.0,28,0.0
2025-01-13 14:00:00,131.24,132.55,128.92,132.1,8171.0,11,0.0
2025-01-13 15:00:00,132.08,133.05,130.57,131.82,6508.0,11,0.0
2025-01-13 16:00:00,131.85,132.57,131.23,131.56,3508.0,11,0.0
2025-01-13 17:00:00,131.54,132.77,131.1,132.45,2869.0,11,0.0
2025-01-13 18:00:00,132.45,132.85,131.96,132.09,2325.0,11,0.0
2025-01-13 19:00:00,132.08,132.47,131.52,132.41,2271.0,11,0.0
2025-01-13 20:00:00,132.41,132.58,132.05,132.36,1742.0,11,0.0
2025-01-14 11:00:00,135.54,135.54,134.78,135.15,538.0,44,0.0
2025-01-14 12:00:00,135.15,135.52,134.05,134.87,1035.0,44,0.0
2025-01-14 13:00:00,134.82,136.48,134.24,135.63,1323.0,44,0.0
2025-01-14 14:00:00,135.65,136.12,133.3,133.45,4667.0,11,0.0
2025-01-14 15:00:00,133.47,134.49,130.79,130.82,6152.0,11,0.0
2025-01-14 16:00:00,130.84,131.53,130.28,130.5,4546.0,11,0.0
2025-01-14 17:00:00,130.49,131.18,130.4,130.96,2489.0,11,0.0
2025-01-14 18:00:00,130.94,132.26,130.78,132.11,2350.0,11,0.0
2025-01-14 19:00:00,132.11,132.29,130.37,130.43,2162.0,11,0.0
2025-01-14 20:00:00,130.42,130.97,130.0,130.7,3050.0,11,0.0
2025-01-15 11:00:00,131.12,131.85,131.07,131.55,377.0,44,0.0
2025-01-15 12:00:00,131.55,132.06,131.54,131.96,643.0,28,0.0
2025-01-15 13:00:00,131.96,134.49,131.88,133.37,1353.0,28,0.0
2025-01-15 14:00:00,133.37,133.96,131.17,133.54,3865.0,11,0.0
2025-01-15 15:00:00,133.56,135.52,133.53,134.75,4213.0,11,0.0
2025-01-15 16:00:00,134.77,135.39,133.44,133.83,3396.0,11,0.0
2025-01-15 17:00:00,133.82,135.41,133.72,135.02,2336.0,11,0.0
2025-01-15 18:00:00,135.02,135.67,135.02,135.46,1911.0,11,0.0
2025-01-15 19:00:00,135.44,135.94,135.21,135.7,1665.0,11,0.0
2025-01-15 20:00:00,135.71,136.36,135.4,136.15,1281.0,11,0.0
2025-01-16 11:00:00,138.13,138.62,138.12,138.36,474.0,44,0.0
2025-01-16 12:00:00,138.34,138.34,137.16,137.62,958.0,44,0.0
2025-01-16 13:00:00,137.62,138.25,137.44,138.01,832.0,28,0.0
2025-01-16 14:00:00,138.01,138.64,136.41,137.05,4700.0,11,0.0
2025-01-16 15:00:00,137.04,137.67,136.04,136.79,5790.0,11,0.0
2025-01-16 16:00:00,136.77,137.22,134.06,135.11,4333.0,11,0.0
2025-01-16 17:00:00,135.09,135.61,134.79,134.96,2384.0,11,0.0
2025-01-16 18:00:00,134.95,135.18,133.49,134.39,2667.0,11,0.0
2025-01-16 19:00:00,134.38,135.8,134.24,135.68,2354.0,11,0.0
2025-01-16 20:00:00,135.68,135.76,134.78,135.1,1545.0,11,0.0
2025-01-17 11:00:00,135.02,135.2,134.61,134.71,348.0,28,0.0
2025-01-17 12:00:00,134.69,134.74,134.33,134.6,590.0,44,0.0
2025-01-17 13:00:00,134.6,135.45,134.54,135.39,699.0,28,0.0
2025-01-17 14:00:00,135.38,137.13,135.33,136.64,3950.0,11,0.0
2025-01-17 15:00:00,136.62,138.02,136.18,138.02,4775.0,11,0.0
2025-01-17 16:00:00,138.0,138.17,137.31,137.92,2319.0,11,0.0
2025-01-17 17:00:00,137.93,138.03,137.59,137.71,1423.0,11,0.0
2025-01-17 18:00:00,137.7,138.44,137.53,137.75,1521.0,11,0.0
2025-01-17 19:00:00,137.75,138.1,137.42,137.8,1390.0,11,0.0
2025-01-17 20:00:00,137.78,137.89,137.27,137.75,1386.0,11,0.0
2025-01-21 11:00:00,138.44,138.69,138.43,138.58,367.0,44,0.0
2025-01-21 12:00:00,138.55,138.55,137.92,138.28,648.0,28,0.0
2025-01-21 13:00:00,138.29,139.04,138.2,138.83,706.0,28,0.0
2025-01-21 14:00:00,138.84,140.16,137.69,139.0,4827.0,11,0.0
2025-01-21 15:00:00,139.02,139.07,137.04,138.85,5365.0,11,0.0
2025-01-21 16:00:00,138.83,139.43,138.29,139.2,2537.0,11,0.0
2025-01-21 17:00:00,139.19,140.88,138.79,140.85,2373.0,11,0.0
2025-01-21 18:00:00,140.87,141.76,140.63,141.2,2849.0,11,0.0
2025-01-21 19:00:00,141.19,141.66,140.72,141.25,2051.0,11,0.0
2025-01-21 20:00:00,141.23,141.65,141.11,141.17,1361.0,11,0.0
2025-01-22 11:00:00,144.14,144.55,144.13,144.36,553.0,44,0.0
2025-01-22 12:00:00,144.36,145.23,144.35,145.16,755.0,28,0.0
2025-01-22 13:00:00,145.16,145.84,144.79,145.18,882.0,28,0.0
2025-01-22 14:00:00,145.2,147.36,143.49,146.14,5305.0,11,0.0
2025-01-22 15:00:00,146.12,147.12,145.68,145.74,5137.0,11,0.0
2025-01-22 16:00:00,145.74,146.62,145.41,146.52,2622.0,11,0.0
2025-01-22 17:00:00,146.54,146.93,146.38,146.92,1808.0,11,0.0
2025-01-22 18:00:00,146.92,147.64,146.33,147.36,1772.0,11,0.0
2025-01-22 19:00:00,147.35,147.71,147.08,147.7,1331.0,11,0.0
2025-01-22 20:00:00,147.7,147.73,146.85,146.9,1396.0,11,0.0
2025-01-23 11:00:00,143.81,144.36,143.8,144.3,460.0,67,0.0
2025-01-23 12:00:00,144.41,144.63,143.61,144.15,793.0,44,0.0
2025-01-23 13:00:00,144.13,144.68,143.9,144.46,784.0,44,0.0
2025-01-23 14:00:00,144.47,145.65,143.6,145.3,3461.0,11,0.0
2025-01-23 15:00:00,145.28,146.22,144.71,145.92,3388.0,11,0.0
2025-01-23 16:00:00,145.92,146.25,145.27,145.77,2548.0,11,0.0
2025-01-23 17:00:00,145.77,145.79,144.94,145.37,1715.0,11,0.0
2025-01-23 18:00:00,145.37,146.29,145.37,146.21,1466.0,11,0.0
2025-01-23 19:00:00,146.19,146.8,146.04,146.24,1545.0,11,0.0
2025-01-23 20:00:00,146.22,146.56,145.95,146.11,1395.0,11,0.0
2025-01-24 11:00:00,146.59,146.66,145.32,145.88,678.0,44,0.0
2025-01-24 12:00:00,145.81,146.53,145.8,146.39,734.0,44,0.0
2025-01-24 13:00:00,146.38,146.67,145.74,145.96,646.0,44,0.0
2025-01-24 14:00:00,145.96,148.87,145.81,147.82,4885.0,11,0.0
2025-01-24 15:00:00,147.8,148.14,144.98,145.1,5889.0,11,0.0
2025-01-24 16:00:00,145.07,145.62,144.19,144.3,2952.0,11,0.0
2025-01-24 17:00:00,144.28,144.71,142.87,143.15,2881.0,11,0.0
2025-01-24 18:00:00,143.14,143.63,142.25,142.25,2998.0,11,0.0
2025-01-24 19:00:00,142.24,142.79,141.89,142.31,2686.0,11,0.0
2025-01-24 20:00:00,142.29,142.64,141.83,142.16,1607.0,11,0.0
2025-01-27 11:00:00,124.15,127.53,123.29,124.72,3319.0,44,0.0
2025-01-27 12:00:00,124.71,126.75,124.55,125.96,2714.0,28,0.0
2025-01-27 13:00:00,125.95,127.49,125.38,127.01,2248.0,28,0.0
2025-01-27 14:00:00,127.0,128.16,123.43,126.82,9828.0,11,0.0
2025-01-27 15:00:00,126.83,126.92,122.78,122.94,9126.0,11,0.0
2025-01-27 16:00:00,122.93,123.22,117.22,120.18,13652.0,11,0.0
2025-01-27 17:00:00,120.2,121.69,118.44,118.45,7345.0,11,0.0
2025-01-27 18:00:00,118.47,119.89,117.75,117.77,5053.0,11,0.0
2025-01-27 19:00:00,117.78,119.42,116.65,117.85,5913.0,11,0.0
2025-01-27 20:00:00,117.86,118.69,117.0,118.31,3799.0,11,0.0
2025-01-28 11:00:00,124.07,124.65,122.86,122.95,1223.0,44,0.0
2025-01-28 12:00:00,123.02,123.2,120.43,121.09,1992.0,28,0.0
2025-01-28 13:00:00,121.15,122.59,120.85,121.69,1599.0,20,0.0
2025-01-28 14:00:00,121.68,122.49,116.2,119.7,9771.0,11,0.0
2025-01-28 15:00:00,119.68,121.85,118.74,120.64,8590.0,11,0.0
2025-01-28 16:00:00,120.66,123.42,120.28,123.39,5880.0,11,0.0
2025-01-28 17:00:00,123.37,126.56,123.15,125.74,6277.0,11,0.0
2025-01-28 18:00:00,125.75,126.86,125.4,126.6,3709.0,11,0.0
2025-01-28 19:00:00,126.6,127.81,126.08,127.42,3111.0,11,0.0
2025-01-28 20:00:00,127.41,127.71,126.6,127.65,2388.0,11,0.0
2025-01-29 11:00:00,128.28,128.46,127.34,128.11,865.0,44,0.0
2025-01-29 12:00:00,128.08,128.19,126.95,127.25,1072.0,28,0.0
2025-01-29 13:00:00,127.26,127.51,125.41,125.98,1477.0,28,0.0
2025-01-29 14:00:00,125.98,126.65,124.45,125.22,6630.0,11,0.0
2025-01-29 15:00:00,125.2,126.0,121.68,122.62,8343.0,11,0.0
2025-01-29 16:00:00,122.63,123.31,121.84,122.11,5116.0,11,0.0
2025-01-29 17:00:00,122.12,123.38,122.05,122.9,3662.0,11,0.0
2025-01-29 18:00:00,122.92,122.94,120.01,120.89,8528.0,11,0.0
2025-01-29 19:00:00,120.87,122.74,120.26,122.05,8599.0,11,0.0
2025-01-29 20:00:00,122.03,123.28,121.47,122.36,5770.0,11,0.0
2025-01-30 11:00:00,122.13,123.01,121.8,122.65,903.0,44,0.0
2025-01-30 12:00:00,122.7,123.26,122.41,122.84,991.0,28,0.0
2025-01-30 13:00:00,122.84,123.83,122.07,123.2,1329.0,28,0.0
2025-01-30 14:00:00,123.23,123.91,121.21,122.12,4930.0,11,0.0
2025-01-30 15:00:00,122.08,122.24,118.47,118.51,8692.0,11,0.0
2025-01-30 16:00:00,118.53,120.82,118.05,120.53,5115.0,11,0.0
2025-01-30 17:00:00,120.51,120.51,119.06,119.95,3450.0,11,0.0
2025-01-30 18:00:00,119.95,120.16,119.21,120.07,2935.0,11,0.0
2025-01-30 19:00:00,120.09,122.42,119.95,122.21,3868.0,11,0.0
2025-01-30 20:00:00,122.22,123.54,121.82,122.58,4332.0,11,0.0
2025-01-31 11:00:00,122.82,123.23,122.65,122.94,579.0,28,0.0
2025-01-31 12:00:00,122.93,122.97,122.38,122.81,685.0,28,0.0
2025-01-31 13:00:00,122.8,124.69,122.17,124.31,1210.0,28,0.0
2025-01-31 14:00:00,124.32,125.08,123.09,124.93,4860.0,11,0.0
2025-01-31 15:00:00,124.93,127.06,124.93,126.75,5924.0,11,0.0
2025-01-31 16:00:00,126.73,127.79,124.79,125.36,4587.0,11,0.0
2025-01-31 17:00:00,125.36,125.89,124.01,125.82,3822.0,11,0.0
2025-01-31 18:00:00,125.82,125.82,123.24,123.74,5211.0,11,0.0
2025-01-31 19:00:00,123.76,123.94,121.2,121.82,5983.0,11,0.0
2025-01-31 20:00:00,121.81,121.81,119.17,119.17,4562.0,11,0.0
2025-02-03 11:00:00,116.95,117.39,116.17,116.67,987.0,44,0.0
2025-02-03 12:00:00,116.66,116.85,114.65,114.84,1661.0,28,0.0
2025-02-03 13:00:00,114.85,115.59,114.75,115.42,1236.0,20,0.0
2025-02-03 14:00:00,115.42,115.91,112.91,114.65,8322.0,11,0.0
2025-02-03 15:00:00,114.63,117.93,113.56,117.81,15345.0,11,0.0
2025-02-03 16:00:00,117.78,117.92,115.88,115.89,6611.0,11,0.0
2025-02-03 17:00:00,115.91,116.7,115.45,116.24,5116.0,11,0.0
2025-02-03 18:00:00,116.22,117.02,115.5,116.9,4226.0,11,0.0
2025-02-03 19:00:00,116.88,118.51,116.88,117.75,3438.0,11,0.0
2025-02-03 20:00:00,117.77,118.07,116.93,117.12,2699.0,11,0.0
2025-02-04 11:00:00,117.33,117.4,116.74,116.78,560.0,28,0.0
2025-02-04 12:00:00,116.83,117.24,116.71,116.97,781.0,28,0.0
2025-02-04 13:00:00,116.97,117.15,116.35,116.45,821.0,28,0.0
2025-02-04 14:00:00,116.45,119.81,116.05,119.3,4167.0,11,0.0
2025-02-04 15:00:00,119.31,121.14,119.23,119.48,5685.0,11,0.0
2025-02-04 16:00:00,119.5,120.18,119.01,119.01,2728.0,11,0.0
2025-02-04 17:00:00,119.03,119.06,117.8,118.78,3116.0,11,0.0
2025-02-04 18:00:00,118.77,119.75,118.14,119.32,2092.0,11,0.0
2025-02-04 19:00:00,119.31,119.54,118.3,118.59,2073.0,11,0.0
2025-02-04 20:00:00,118.59,118.9,118.29,118.81,1748.0,11,0.0
2025-02-05 11:00:00,118.49,119.06,118.47,118.84,457.0,44,0.0
2025-02-05 12:00:00,118.86,120.04,118.55,119.78,833.0,20,0.0
2025-02-05 13:00:00,119.82,120.48,119.28,120.34,1097.0,28,0.0
2025-02-05 14:00:00,120.34,122.52,120.29,122.5,4627.0,11,0.0
2025-02-05 15:00:00,122.52,123.33,121.74,122.67,6483.0,11,0.0
2025-02-05 16:00:00,122.65,124.28,122.53,123.99,3444.0,11,0.0
2025-02-05 17:00:00,123.99,124.58,123.42,123.81,2680.0,11,0.0
2025-02-05 18:00:00,123.83,124.17,122.28,123.05,2608.0,11,0.0
2025-02-05 19:00:00,123.05,124.03,123.01,124.03,2097.0,11,0.0
2025-02-05 20:00:00,124.04,124.43,123.49,123.69,1426.0,11,0.0
2025-02-06 11:00:00,125.5,125.83,125.29,125.4,619.0,44,0.0
2025-02-06 12:00:00,125.42,126.19,125.09,126.12,844.0,28,0.0
2025-02-06 13:00:00,126.12,127.07,125.88,126.96,1052.0,28,0.0
2025-02-06 14:00:00,126.96,127.31,125.09,125.94,4491.0,11,0.0
2025-02-06 15:00:00,125.92,127.04,125.52,126.45,4990.0,11,0.0
2025-02-06 16:00:00,126.46,128.18,126.21,127.74,2837.0,11,0.0
2025-02-06 17:00:00,127.77,128.03,127.18,127.73,2678.0,11,0.0
2025-02-06 18:00:00,127.74,128.34,127.64,128.23,1919.0,11,0.0
2025-02-06 19:00:00,128.22,128.38,126.62,127.58,2457.0,11,0.0
2025-02-06 20:00:00,127.57,128.31,127.31,128.13,1504.0,11,0.0
2025-02-07 11:00:00,127.53,128.1,127.27,128.09,455.0,44,0.0
2025-02-07 12:00:00,128.09,128.84,127.92,128.7,793.0,28,0.0
2025-02-07 13:00:00,128.7,128.85,127.65,128.83,1095.0,28,0.0
2025-02-07 14:00:00,128.82,130.31,128.58,129.6,3660.0,11,0.0
2025-02-07 15:00:00,129.52,129.83,127.76,129.32,8722.0,11,0.0
2025-02-07 16:00:00,129.34,129.42,127.55,128.17,5763.0,11,0.0
2025-02-07 17:00:00,128.19,128.93,127.58,128.86,4368.0,11,0.0
2025-02-07 18:00:00,128.85,129.59,128.25,128.34,2717.0,11,0.0
2025-02-07 19:00:00,128.33,128.67,127.85,128.59,2268.0,11,0.0
2025-02-07 20:00:00,128.57,129.44,128.14,129.35,1880.0,11,0.0
2025-02-10 11:00:00,129.74,129.74,128.07,129.29,1121.0,44,0.0
2025-02-10 12:00:00,129.29,129.85,129.07,129.56,696.0,28,0.0
2025-02-10 13:00:00,129.6,130.41,129.54,130.36,717.0,28,0.0
2025-02-10 14:00:00,130.36,134.42,129.75,133.85,5041.0,11,0.0
2025-02-10 15:00:00,133.86,134.78,133.46,133.92,4337.0,11,0.0
2025-02-10 16:00:00,133.91,134.17,132.94,133.44,2511.0,11,0.0
2025-02-10 17:00:00,133.45,134.43,133.22,134.26,1696.0,11,0.0
2025-02-10 18:00:00,134.26,134.63,134.06,134.3,1248.0,11,0.0
2025-02-10 19:00:00,134.29,134.59,134.09,134.36,1149.0,11,0.0
2025-02-10 20:00:00,134.35,134.93,134.06,134.18,1165.0,11,0.0
2025-02-11 11:00:00,131.47,132.27,131.43,132.24,455.0,44,0.0
2025-02-11 12:00:00,132.26,133.04,132.19,132.8,836.0,28,0.0
2025-02-11 13:00:00,132.8,133.02,131.68,131.83,807.0,28,0.0
2025-02-11 14:00:00,131.83,134.42,131.7,133.4,3545.0,11,0.0
2025-02-11 15:00:00,133.38,134.15,132.86,133.78,3910.0,11,0.0
2025-02-11 16:00:00,133.8,134.32,132.72,132.8,2249.0,11,0.0
2025-02-11 17:00:00,132.78,132.8,130.98,132.36,3515.0,11,0.0
2025-02-11 18:00:00,132.34,133.84,131.96,133.26,1972.0,11,0.0
2025-02-11 19:00:00,133.24,133.63,132.87,133.53,1663.0,11,0.0
2025-02-11 20:00:00,133.55,133.68,132.37,132.79,1421.0,11,0.0
2025-02-12 11:00:00,133.18,133.3,132.81,133.05,356.0,44,0.0
2025-02-12 12:00:00,133.05,133.27,132.8,133.25,518.0,28,0.0
2025-02-12 13:00:00,133.24,133.63,130.32,130.66,1377.0,28,0.0
2025-02-12 14:00:00,130.67,132.18,128.99,131.89,4004.0,11,0.0
2025-02-12 15:00:00,131.91,131.93,130.31,131.34,5132.0,11,0.0
2025-02-12 16:00:00,131.32,131.65,130.31,131.61,2984.0,11,0.0
2025-02-12 17:00:00,131.58,131.94,130.85,131.33,2565.0,11,0.0
2025-02-12 18:00:00,131.32,131.38,130.57,130.77,1860.0,11,0.0
2025-02-12 19:00:00,130.77,131.13,130.14,130.94,1807.0,11,0.0
2025-02-12 20:00:00,130.92,131.64,130.84,131.05,1225.0,11,0.0
2025-02-13 11:00:00,130.84,130.84,130.21,130.4,406.0,28,0.0
2025-02-13 12:00:00,130.4,130.87,130.4,130.72,587.0,44,0.0
2025-02-13 13:00:00,130.7,131.63,130.32,131.25,1013.0,28,0.0
2025-02-13 14:00:00,131.26,134.03,130.99,133.91,3899.0,11,0.0
2025-02-13 15:00:00,133.88,136.44,133.53,136.08,4858.0,11,0.0
2025-02-13 16:00:00,136.07,136.13,134.58,134.86,3363.0,11,0.0
2025-02-13 17:00:00,134.85,135.51,134.67,135.29,1753.0,11,0.0
2025-02-13 18:00:00,135.3,135.39,133.38,134.94,4000.0,11,0.0
2025-02-13 19:00:00,134.94,135.48,134.7,135.26,1790.0,11,0.0
2025-02-13 20:00:00,135.24,135.47,134.78,134.96,1169.0,11,0.0
2025-02-14 11:00:00,135.43,135.47,134.42,134.75,543.0,44,0.0
2025-02-14 12:00:00,134.81,135.37,134.73,135.14,678.0,44,0.0
2025-02-14 13:00:00,135.14,136.1,135.03,135.99,657.0,28,0.0
2025-02-14 14:00:00,135.99,137.34,135.47,136.65,3990.0,11,0.0
2025-02-14 15:00:00,136.63,138.25,135.84,137.73,4349.0,11,0.0
2025-02-14 16:00:00,137.75,137.89,135.96,136.45,2780.0,11,0.0
2025-02-14 17:00:00,136.45,137.4,136.25,137.31,1900.0,11,0.0
2025-02-14 18:00:00,137.33,137.68,137.04,137.36,1738.0,11,0.0
2025-02-14 19:00:00,137.35,138.21,137.31,138.14,1582.0,11,0.0
2025-02-14 20:00:00,138.12,138.93,137.96,138.61,1257.0,11,0.0
2025-02-18 11:00:00,139.71,139.84,139.61,139.71,365.0,44,0.0
2025-02-18 12:00:00,139.71,141.3,139.67,141.01,963.0,28,0.0
2025-02-18 13:00:00,141.01,141.62,140.82,141.52,835.0,28,0.0
2025-02-18 14:00:00,141.52,143.29,140.71,141.23,4789.0,11,0.0
2025-02-18 15:00:00,141.26,141.53,138.93,140.03,5679.0,11,0.0
2025-02-18 16:00:00,140.0,141.16,139.82,140.22,3193.0,11,0.0
2025-02-18 17:00:00,140.2,140.49,139.8,140.2,1916.0,11,0.0
2025-02-18 18:00:00,140.18,140.64,139.64,139.95,1890.0,11,0.0
2025-02-18 19:00:00,139.94,140.18,139.05,139.98,2100.0,11,0.0
2025-02-18 20:00:00,139.98,140.03,138.67,138.8,1526.0,11,0.0
2025-02-19 11:00:00,139.71,139.92,139.41,139.8,446.0,44,0.0
2025-02-19 12:00:00,139.8,140.06,139.64,139.72,701.0,28,0.0
2025-02-19 13:00:00,139.71,139.88,139.22,139.43,743.0,28,0.0
2025-02-19 14:00:00,139.43,139.85,138.06,138.22,3796.0,11,0.0
2025-02-19 15:00:00,138.24,140.35,137.17,139.78,5060.0,11,0.0
2025-02-19 16:00:00,139.78,140.43,139.44,139.86,2627.0,11,0.0
2025-02-19 17:00:00,139.86,141.3,139.51,141.16,2017.0,11,0.0
2025-02-19 18:00:00,141.17,141.19,140.07,140.16,2023.0,11,0.0
2025-02-19 19:00:00,140.18,140.78,140.15,140.63,1718.0,11,0.0
2025-02-19 20:00:00,140.6,140.73,138.89,139.08,2212.0,11,0.0
2025-02-20 11:00:00,138.98,139.5,138.59,139.22,472.0,44,0.0
2025-02-20 12:00:00,139.15,139.52,138.88,139.36,623.0,44,0.0
2025-02-20 13:00:00,139.4,140.03,139.1,139.88,523.0,44,0.0
2025-02-20 14:00:00,139.88,140.66,137.03,137.09,4404.0,11,0.0
2025-02-20 15:00:00,137.1,139.01,136.74,137.18,6445.0,11,0.0
2025-02-20 16:00:00,137.2,138.9,137.11,138.68,3425.0,11,0.0
2025-02-20 17:00:00,138.66,139.91,138.62,139.12,2489.0,11,0.0
2025-02-20 18:00:00,139.12,139.78,139.03,139.54,1837.0,11,0.0
2025-02-20 19:00:00,139.52,140.16,139.32,140.1,1570.0,11,0.0
2025-02-20 20:00:00,140.1,140.26,139.57,139.99,1394.0,11,0.0
2025-02-21 11:00:00,139.8,139.83,139.24,139.56,343.0,28,0.0
2025-02-21 12:00:00,139.56,140.1,139.54,140.1,580.0,28,0.0
2025-02-21 13:00:00,140.1,140.73,139.97,140.34,593.0,28,0.0
2025-02-21 14:00:00,140.34,141.3,139.2,139.93,4419.0,11,0.0
2025-02-21 15:00:00,139.92,140.53,138.7,139.41,5749.0,11,0.0
2025-02-21 16:00:00,139.43,139.64,138.51,139.21,3649.0,11,0.0
2025-02-21 17:00:00,139.19,139.73,137.57,137.69,3335.0,11,0.0
2025-02-21 18:00:00,137.68,138.01,136.02,137.13,4891.0,11,0.0
2025-02-21 19:00:00,137.13,137.25,134.56,135.04,5151.0,11,0.0
2025-02-21 20:00:00,135.06,135.53,133.99,134.54,3244.0,11,0.0
2025-02-24 11:00:00,135.29,136.02,135.19,135.91,519.0,44,0.0
2025-02-24 12:00:00,135.95,136.15,135.33,136.11,873.0,28,0.0
2025-02-24 13:00:00,136.12,137.04,136.08,136.94,952.0,28,0.0
2025-02-24 14:00:00,136.93,138.52,134.52,134.63,6803.0,11,0.0
2025-02-24 15:00:00,134.66,135.41,130.57,131.96,13767.0,11,0.0
2025-02-24 16:00:00,131.98,134.81,131.64,134.18,6181.0,11,0.0
2025-02-24 17:00:00,134.18,134.93,133.94,134.39,3808.0,11,0.0
2025-02-24 18:00:00,134.4,134.83,133.89,134.02,2827.0,11,0.0
2025-02-24 19:00:00,134.0,134.22,132.42,132.56,3288.0,11,0.0
2025-02-24 20:00:00,132.58,133.01,131.65,131.89,3026.0,11,0.0
2025-02-25 11:00:00,127.76,129.21,127.69,129.01,860.0,44,0.0
2025-02-25 12:00:00,129.01,130.31,128.72,130.28,986.0,28,0.0
2025-02-25 13:00:00,130.29,131.73,129.86,130.32,1302.0,44,0.0
2025-02-25 14:00:00,130.32,130.37,125.91,127.5,8582.0,11,0.0
2025-02-25 15:00:00,127.52,127.58,124.42,126.49,15075.0,11,0.0
2025-02-25 16:00:00,126.51,128.1,125.38,127.82,7341.0,11,0.0
2025-02-25 17:00:00,127.8,129.53,127.14,129.18,4603.0,11,0.0
2025-02-25 18:00:00,129.2,129.82,127.77,128.01,4279.0,11,0.0
2025-02-25 19:00:00,127.99,128.38,126.99,127.79,4598.0,11,0.0
2025-02-25 20:00:00,127.77,129.31,127.63,127.85,3975.0,11,0.0
2025-02-26 11:00:00,129.6,129.63,128.83,129.32,614.0,44,0.0
2025-02-26 12:00:00,129.27,129.85,128.8,129.72,1022.0,28,0.0
2025-02-26 13:00:00,129.73,130.29,129.23,129.65,971.0,28,0.0
2025-02-26 14:00:00,129.65,131.55,128.93,130.79,6077.0,11,0.0
2025-02-26 15:00:00,130.81,132.11,129.67,132.04,7578.0,11,0.0
2025-02-26 16:00:00,132.06,133.66,131.85,132.03,5470.0,11,0.0
2025-02-26 17:00:00,132.06,132.7,131.44,131.62,4569.0,11,0.0
2025-02-26 18:00:00,131.59,131.78,128.98,129.38,5491.0,11,0.0
2025-02-26 19:00:00,129.36,130.3,128.44,129.13,5484.0,11,0.0
2025-02-26 20:00:00,129.15,131.8,128.9,131.7,4334.0,11,0.0
2025-02-27 11:00:00,132.22,132.82,131.83,132.46,793.0,44,0.0
2025-02-27 12:00:00,132.39,135.26,132.3,135.05,1515.0,28,0.0
2025-02-27 13:00:00,135.05,135.12,132.91,133.61,1554.0,28,0.0
2025-02-27 14:00:00,133.61,135.11,126.31,126.68,16254.0,11,0.0
2025-02-27 15:00:00,126.66,128.92,125.22,125.95,21838.0,11,0.0
2025-02-27 16:00:00,125.97,128.0,125.45,125.9,8641.0,11,0.0
2025-02-27 17:00:00,125.92,127.23,125.59,127.0,5901.0,11,0.0
2025-02-27 18:00:00,127.02,128.38,125.99,126.04,5948.0,11,0.0
2025-02-27 19:00:00,126.06,126.14,122.58,124.14,9872.0,11,0.0
2025-02-27 20:00:00,124.15,124.37,121.19,121.31,7578.0,11,0.0
2025-02-28 11:00:00,121.15,121.44,120.78,120.88,763.0,28,0.0
2025-02-28 12:00:00,120.86,121.0,117.53,118.63,1742.0,28,0.0
2025-02-28 13:00:00,118.62,118.77,116.54,117.67,1995.0,28,0.0
2025-02-28 14:00:00,117.66,119.49,116.29,118.32,11180.0,11,0.0
2025-02-28 15:00:00,118.3,123.63,117.94,122.93,14794.0,11,0.0
2025-02-28 16:00:00,122.9,123.56,121.1,121.72,7259.0,11,0.0
2025-02-28 17:00:00,121.71,122.43,118.87,118.91,6133.0,11,0.0
2025-02-28 18:00:00,118.93,121.15,118.79,119.69,8366.0,11,0.0
2025-02-28 19:00:00,119.67,121.64,119.62,121.56,5008.0,11,0.0
2025-02-28 20:00:00,121.54,122.42,121.11,122.27,4220.0,11,0.0
2025-03-03 11:00:00,123.04,123.94,122.85,123.71,735.0,28,0.0
2025-03-03 12:00:00,123.71,124.71,123.57,124.02,1015.0,28,0.0
2025-03-03 13:00:00,124.01,124.31,123.59,123.76,873.0,28,0.0
2025-03-03 14:00:00,123.76,124.05,118.6,119.05,8323.0,11,0.0
2025-03-03 15:00:00,119.02,119.96,118.26,118.55,11784.0,11,0.0
2025-03-03 16:00:00,118.55,120.13,118.55,118.97,6042.0,11,0.0
2025-03-03 17:00:00,118.95,118.97,116.41,116.74,4900.0,11,0.0
2025-03-03 18:00:00,116.72,116.94,114.47,116.51,9586.0,11,0.0
2025-03-03 19:00:00,116.49,117.56,114.97,115.06,7714.0,11,0.0
2025-03-03 20:00:00,115.08,115.1,112.25,112.81,9208.0,11,0.0
2025-03-04 11:00:00,113.18,114.29,113.09,113.96,978.0,44,0.0
2025-03-04 12:00:00,113.89,113.93,110.31,110.47,2023.0,20,0.0
2025-03-04 13:00:00,110.43,110.83,108.72,109.78,2186.0,20,0.0
2025-03-04 14:00:00,109.72,115.01,109.36,112.85,11667.0,11,0.0
2025-03-04 15:00:00,112.8,113.24,110.06,112.31,16827.0,11,0.0
2025-03-04 16:00:00,112.29,115.12,110.85,114.33,9651.0,11,0.0
2025-03-04 17:00:00,114.35,116.53,113.81,115.51,8176.0,11,0.0
2025-03-04 18:00:00,115.52,117.52,115.19,117.22,5861.0,11,0.0
2025-03-04 19:00:00,117.2,118.18,116.99,118.07,4899.0,11,0.0
2025-03-04 20:00:00,118.06,119.25,116.59,117.28,5397.0,11,0.0
2025-03-05 11:00:00,117.68,118.07,116.88,117.35,813.0,28,0.0
2025-03-05 12:00:00,117.52,117.86,117.17,117.57,1123.0,28,0.0
2025-03-05 13:00:00,117.55,117.69,116.47,116.53,1417.0,28,0.0
2025-03-05 14:00:00,116.51,117.74,114.6,115.07,9165.0,11,0.0
2025-03-05 15:00:00,115.16,116.94,114.67,115.86,15242.0,11,0.0
2025-03-05 16:00:00,115.83,116.34,114.46,115.83,8073.0,11,0.0
2025-03-05 17:00:00,115.81,117.83,115.4,117.67,6656.0,11,0.0
2025-03-05 18:00:00,117.65,117.84,115.77,117.3,7834.0,11,0.0
2025-03-05 19:00:00,117.28,118.16,116.68,117.45,5705.0,11,0.0
2025-03-05 20:00:00,117.45,118.22,116.71,117.9,4624.0,11,0.0
2025-03-06 11:00:00,114.6,114.97,114.25,114.58,679.0,44,0.0
2025-03-06 12:00:00,114.67,114.8,113.29,113.54,1213.0,28,0.0
2025-03-06 13:00:00,113.53,113.74,112.78,113.1,1346.0,28,0.0
2025-03-06 14:00:00,113.09,114.29,112.21,113.52,7441.0,11,0.0
2025-03-06 15:00:00,113.51,115.28,113.25,114.18,8537.0,11,0.0
2025-03-06 16:00:00,114.23,114.94,112.67,112.71,6709.0,11,0.0
2025-03-06 17:00:00,112.7,112.98,110.91,111.5,6473.0,11,0.0
2025-03-06 18:00:00,111.5,111.94,110.4,111.49,5469.0,11,0.0
2025-03-06 19:00:00,111.49,112.15,110.17,110.8,6136.0,11,0.0
2025-03-06 20:00:00,110.8,111.8,110.46,110.59,5373.0,11,0.0
2025-03-07 11:00:00,111.74,112.35,111.61,111.95,448.0,44,0.0
2025-03-07 12:00:00,111.95,111.95,110.59,111.16,959.0,28,0.0
2025-03-07 13:00:00,111.16,112.44,111.04,111.39,1448.0,28,0.0
2025-03-07 14:00:00,111.43,113.42,110.66,112.47,7941.0,11,0.0
2025-03-07 15:00:00,112.45,112.91,109.47,111.19,13575.0,11,0.0
2025-03-07 16:00:00,111.17,111.19,107.52,107.87,8515.0,11,0.0
2025-03-07 17:00:00,107.9,110.93,107.69,109.44,7278.0,11,0.0
2025-03-07 18:00:00,109.47,111.38,109.43,111.22,7569.0,11,0.0
2025-03-07 19:00:00,111.24,112.55,110.47,111.85,5747.0,11,0.0
2025-03-07 20:00:00,111.83,112.86,110.99,111.88,4386.0,11,0.0
2025-03-10 10:00:00,109.94,110.05,109.36,109.66,629.0,44,0.0
2025-03-10 11:00:00,109.66,110.63,109.66,110.07,1044.0,44,0.0
2025-03-10 12:00:00,110.08,110.08,109.4,109.58,1050.0,28,0.0
2025-03-10 13:00:00,109.58,111.79,108.93,110.03,7583.0,11,0.0
2025-03-10 14:00:00,110.01,110.01,106.13,106.16,12014.0,11,0.0
2025-03-10 15:00:00,106.18,108.85,106.18,107.13,7509.0,11,0.0
2025-03-10 16:00:00,107.11,108.79,106.8,107.55,5922.0,11,0.0
2025-03-10 17:00:00,107.56,107.65,106.26,106.73,5693.0,11,0.0
2025-03-10 18:00:00,106.71,107.25,105.8,105.9,5098.0,11,0.0
2025-03-10 19:00:00,105.86,107.84,105.41,106.59,5701.0,11,0.0
2025-03-11 10:00:00,108.33,108.33,107.43,107.67,905.0,28,0.0
2025-03-11 11:00:00,107.62,107.62,106.47,107.56,1080.0,28,0.0
2025-03-11 12:00:00,107.56,107.7,106.45,106.72,1073.0,28,0.0
2025-03-11 13:00:00,106.72,110.93,106.09,109.43,8138.0,11,0.0
2025-03-11 14:00:00,109.41,110.54,104.74,106.36,16989.0,11,0.0
2025-03-11 15:00:00,106.38,110.53,106.04,108.97,10178.0,11,0.0
2025-03-11 16:00:00,108.95,109.34,107.98,108.15,7406.0,11,0.0
2025-03-11 17:00:00,108.16,109.21,107.41,108.92,6126.0,11,0.0
2025-03-11 18:00:00,108.94,112.17,108.79,111.69,8166.0,11,0.0
2025-03-11 19:00:00,111.72,111.88,110.09,110.55,7327.0,11,0.0
2025-03-12 10:00:00,110.31,110.69,109.91,110.44,622.0,44,0.0
2025-03-12 11:00:00,110.45,111.6,110.42,111.2,1021.0,28,0.0
2025-03-12 12:00:00,111.19,113.77,110.8,113.51,1937.0,28,0.0
2025-03-12 13:00:00,113.51,116.69,113.07,115.33,8710.0,11,0.0
2025-03-12 14:00:00,115.3,116.14,113.36,114.08,10944.0,11,0.0
2025-03-12 15:00:00,114.07,115.47,112.83,115.38,6865.0,11,0.0
2025-03-12 16:00:00,115.36,116.54,114.85,115.8,5423.0,11,0.0
2025-03-12 17:00:00,115.84,116.2,114.26,114.42,4593.0,11,0.0
2025-03-12 18:00:00,114.43,115.98,114.28,115.74,3963.0,11,0.0
2025-03-12 19:00:00,115.72,115.92,115.03,115.22,3014.0,11,0.0
2025-03-13 10:00:00,116.15,117.04,115.87,116.25,925.0,28,0.0
2025-03-13 11:00:00,116.25,116.61,115.05,115.71,1142.0,28,0.0
2025-03-13 12:00:00,115.66,116.2,115.27,116.19,1235.0,44,0.0
2025-03-13 13:00:00,116.2,116.9,113.92,114.36,6224.0,11,0.0
2025-03-13 14:00:00,114.35,117.7,113.75,116.42,9140.0,11,0.0
2025-03-13 15:00:00,116.46,116.99,115.37,115.65,6591.0,11,0.0
2025-03-13 16:00:00,115.67,116.74,115.08,115.46,5234.0,11,0.0
2025-03-13 17:00:00,115.44,115.92,114.4,115.41,4298.0,11,0.0
2025-03-13 18:00:00,115.37,117.51,115.35,117.24,4048.0,11,0.0
2025-03-13 19:00:00,117.22,117.67,115.2,115.6,3599.0,11,0.0
2025-03-14 10:00:00,117.53,117.69,117.09,117.45,595.0,44,0.0
2025-03-14 11:00:00,117.38,118.37,117.29,118.24,887.0,20,0.0
2025-03-14 12:00:00,118.24,119.07,118.14,118.85,1027.0,20,0.0
2025-03-14 13:00:00,118.85,120.5,118.03,119.67,4079.0,11,0.0
2025-03-14 14:00:00,119.68,120.61,118.91,120.21,5810.0,11,0.0
2025-03-14 15:00:00,120.19,121.82,120.17,120.86,3136.0,11,0.0
2025-03-14 16:00:00,120.86,121.23,120.31,120.82,2608.0,11,0.0
2025-03-14 17:00:00,120.75,121.02,120.23,120.37,2592.0,11,0.0
2025-03-14 18:00:00,120.37,120.8,120.06,120.54,2229.0,11,0.0
2025-03-14 19:00:00,120.52,121.0,120.36,120.81,1640.0,11,0.0
2025-03-17 10:00:00,122.5,122.61,122.19,122.35,558.0,28,0.0
2025-03-17 11:00:00,122.35,123.59,122.26,123.34,960.0,20,0.0
2025-03-17 12:00:00,123.36,123.48,122.66,122.97,1207.0,28,0.0
2025-03-17 13:00:00,122.97,123.3,120.0,121.06,4829.0,11,0.0
2025-03-17 14:00:00,121.0,121.23,119.04,119.28,6626.0,11,0.0
2025-03-17 15:00:00,119.38,119.8,118.83,119.25,3782.0,11,0.0
2025-03-17 16:00:00,119.25,119.53,117.98,118.6,3153.0,11,0.0
2025-03-17 17:00:00,118.6,119.58,118.3,119.15,2703.0,11,0.0
2025-03-17 18:00:00,119.14,121.02,119.07,120.64,2736.0,11,0.0
2025-03-17 19:00:00,120.62,120.8,119.79,119.9,2176.0,11,0.0
2025-03-18 10:00:00,119.42,119.78,118.98,119.72,730.0,28,0.0
2025-03-18 11:00:00,119.72,119.79,118.63,119.15,884.0,28,0.0
2025-03-18 12:00:00,119.14,119.31,118.32,118.33,845.0,28,0.0
2025-03-18 13:00:00,118.33,118.38,114.81,115.03,5532.0,11,0.0
2025-03-18 14:00:00,115.01,116.36,114.48,116.21,6349.0,11,0.0
2025-03-18 15:00:00,116.24,117.03,115.43,116.37,3846.0,11,0.0
2025-03-18 16:00:00,116.37,118.66,116.28,118.34,3113.0,11,0.0
2025-03-18 17:00:00,118.31,118.95,116.48,116.83,5655.0,11,0.0
2025-03-18 18:00:00,116.83,117.52,115.7,116.99,4500.0,11,0.0
2025-03-18 19:00:00,116.96,117.23,115.33,115.39,2819.0,11,0.0
2025-03-19 10:00:00,116.69,116.97,116.33,116.42,741.0,44,0.0
2025-03-19 11:00:00,116.43,116.82,115.99,116.53,805.0,28,0.0
2025-03-19 12:00:00,116.51,116.91,116.31,116.7,760.0,28,0.0
2025-03-19 13:00:00,116.68,117.97,115.64,116.83,4460.0,11,0.0
2025-03-19 14:00:00,116.85,117.93,116.3,116.36,5078.0,11,0.0
2025-03-19 15:00:00,116.34,117.66,116.24,117.5,2713.0,11,0.0
2025-03-19 16:00:00,117.48,118.07,116.97,117.95,3348.0,11,0.0
2025-03-19 17:00:00,117.93,118.18,117.23,117.81,2568.0,11,0.0
2025-03-19 18:00:00,117.79,119.52,117.59,119.51,5282.0,11,0.0
2025-03-19 19:00:00,119.49,120.38,117.87,118.99,3896.0,11,0.0
2025-03-20 10:00:00,117.62,117.64,115.83,116.82,1415.0,44,0.0
2025-03-20 11:00:00,116.82,117.16,116.15,116.99,1062.0,28,0.0
2025-03-20 12:00:00,117.04,117.54,116.73,116.91,989.0,44,0.0
2025-03-20 13:00:00,116.91,119.32,116.21,118.36,3817.0,11,0.0
2025-03-20 14:00:00,118.34,119.52,118.11,119.04,4290.0,11,0.0
2025-03-20 15:00:00,119.06,120.13,118.86,119.37,3174.0,11,0.0
2025-03-20 16:00:00,119.33,119.74,117.81,118.02,3461.0,11,0.0
2025-03-20 17:00:00,118.0,118.64,117.79,118.27,2723.0,11,0.0
2025-03-20 18:00:00,118.28,119.01,117.69,117.96,2798.0,11,0.0
2025-03-20 19:00:00,117.96,118.61,117.9,118.5,1895.0,11,0.0
2025-03-21 10:00:00,116.85,117.34,116.81,117.19,528.0,44,0.0
2025-03-21 11:00:00,117.2,117.94,117.09,117.59,697.0,28,0.0
2025-03-21 12:00:00,117.61,117.82,116.93,116.95,784.0,28,0.0
2025-03-21 13:00:00,116.96,117.51,115.33,116.02,4224.0,11,0.0
2025-03-21 14:00:00,116.05,117.03,115.48,116.73,4576.0,11,0.0
2025-03-21 15:00:00,116.75,116.98,116.17,116.65,2797.0,11,0.0
2025-03-21 16:00:00,116.64,117.93,116.39,117.92,3009.0,11,0.0
2025-03-21 17:00:00,117.9,117.9,116.77,117.22,2229.0,11,0.0
2025-03-21 18:00:00,117.21,117.49,116.93,117.13,1819.0,11,0.0
2025-03-21 19:00:00,117.15,117.15,116.54,116.6,1576.0,11,0.0
2025-03-24 10:00:00,118.67,119.18,118.67,119.08,441.0,44,0.0
2025-03-24 11:00:00,119.08,119.99,119.07,119.74,791.0,20,0.0
2025-03-24 12:00:00,119.74,120.03,119.42,119.88,733.0,28,0.0
2025-03-24 13:00:00,119.9,120.91,119.53,119.97,3324.0,11,0.0
2025-03-24 14:00:00,120.0,121.88,119.3,121.66,3778.0,11,0.0
2025-03-24 15:00:00,121.66,122.16,121.3,121.64,2499.0,11,0.0
2025-03-24 16:00:00,121.63,122.16,121.57,121.85,1983.0,11,0.0
2025-03-24 17:00:00,121.85,121.94,121.33,121.79,1675.0,11,0.0
2025-03-24 18:00:00,121.81,121.97,121.51,121.85,1474.0,11,0.0
2025-03-24 19:00:00,121.86,122.02,121.39,121.7,978.0,11,0.0
2025-03-25 10:00:00,120.28,120.89,119.99,120.64,493.0,44,0.0
2025-03-25 11:00:00,120.63,120.98,120.07,120.43,796.0,28,0.0
2025-03-25 12:00:00,120.41,120.71,120.08,120.44,737.0,28,0.0
2025-03-25 13:00:00,120.44,120.94,118.87,119.43,3526.0,11,0.0
2025-03-25 14:00:00,119.45,120.29,119.1,119.88,3050.0,11,0.0
2025-03-25 15:00:00,119.87,120.8,119.85,120.41,2017.0,11,0.0
2025-03-25 16:00:00,120.42,121.07,120.38,120.84,1614.0,11,0.0
2025-03-25 17:00:00,120.85,121.06,120.12,120.57,1545.0,11,0.0
2025-03-25 18:00:00,120.55,120.95,120.39,120.76,1453.0,11,0.0
2025-03-25 19:00:00,120.77,121.23,120.6,120.74,1294.0,11,0.0
2025-03-26 10:00:00,119.04,119.46,118.84,119.35,455.0,44,0.0
2025-03-26 11:00:00,119.36,119.46,118.58,118.85,800.0,28,0.0
2025-03-26 12:00:00,118.85,118.85,118.37,118.58,832.0,28,0.0
2025-03-26 13:00:00,118.58,118.74,115.77,116.27,3950.0,11,0.0
2025-03-26 14:00:00,116.25,116.71,114.4,115.32,4326.0,11,0.0
2025-03-26 15:00:00,115.3,115.58,113.88,114.03,2576.0,11,0.0
2025-03-26 16:00:00,114.02,114.21,113.34,113.48,2843.0,11,0.0
2025-03-26 17:00:00,113.5,113.8,112.67,112.89,2639.0,11,0.0
2025-03-26 18:00:00,112.91,113.73,112.72,112.79,1939.0,11,0.0
2025-03-26 19:00:00,112.78,113.64,112.78,113.58,1752.0,11,0.0
2025-03-27 10:00:00,112.64,112.9,112.05,112.05,532.0,44,0.0
2025-03-27 11:00:00,112.05,112.2,111.44,111.84,876.0,28,0.0
2025-03-27 12:00:00,111.82,111.95,111.42,111.7,972.0,20,0.0
2025-03-27 13:00:00,111.7,113.22,110.51,112.73,4628.0,11,0.0
2025-03-27 14:00:00,112.71,114.39,112.02,114.01,4883.0,11,0.0
2025-03-27 15:00:00,114.03,114.26,112.06,112.15,3232.0,11,0.0
2025-03-27 16:00:00,112.17,112.99,111.7,111.74,2643.0,11,0.0
2025-03-27 17:00:00,111.76,112.36,111.47,111.85,2289.0,11,0.0
2025-03-27 18:00:00,111.84,112.81,111.78,112.16,2320.0,11,0.0
2025-03-27 19:00:00,112.16,112.9,112.02,112.09,1725.0,11,0.0
2025-03-28 10:00:00,111.05,112.14,111.01,111.83,550.0,44,0.0
2025-03-28 11:00:00,111.83,111.99,111.43,111.69,640.0,28,0.0
2025-03-28 12:00:00,111.67,112.05,110.99,111.08,909.0,28,0.0
2025-03-28 13:00:00,111.04,112.8,110.72,111.51,4044.0,11,0.0
2025-03-28 14:00:00,111.43,111.78,109.02,109.64,5627.0,11,0.0
2025-03-28 15:00:00,109.65,110.12,109.23,109.33,3047.0,11,0.0
2025-03-28 16:00:00,109.33,110.08,109.04,109.46,2583.0,11,0.0
2025-03-28 17:00:00,109.43,109.93,109.19,109.84,2443.0,11,0.0
2025-03-28 18:00:00,109.82,110.36,109.65,110.33,1988.0,11,0.0
2025-03-28 19:00:00,110.32,110.56,109.38,109.51,1763.0,11,0.0
2025-03-31 10:00:00,105.54,105.76,104.96,105.55,712.0,44,0.0
2025-03-31 11:00:00,105.54,105.77,104.57,104.87,1244.0,28,0.0
2025-03-31 12:00:00,104.87,106.06,104.67,105.74,1190.0,20,0.0
2025-03-31 13:00:00,105.74,105.97,103.62,104.77,4801.0,11,0.0
2025-03-31 14:00:00,104.74,105.93,103.75,104.64,5530.0,11,0.0
2025-03-31 15:00:00,104.66,105.61,104.31,105.13,3459.0,11,0.0
2025-03-31 16:00:00,105.12,106.18,104.72,105.32,2485.0,11,0.0
2025-03-31 17:00:00,105.3,106.1,105.26,105.58,2280.0,11,0.0
2025-03-31 18:00:00,105.58,108.08,105.56,107.13,3014.0,11,0.0
2025-03-31 19:00:00,107.11,107.94,107.08,107.62,2338.0,11,0.0
2025-04-01 10:00:00,109.25,109.32,107.94,108.77,989.0,44,0.0
2025-04-01 11:00:00,108.7,108.71,108.02,108.19,1053.0,44,0.0
2025-04-01 12:00:00,108.1,108.68,108.05,108.53,781.0,28,0.0
2025-04-01 13:00:00,108.53,108.94,106.77,107.47,3909.0,11,0.0
2025-04-01 14:00:00,107.45,108.43,106.42,108.29,5363.0,11,0.0
2025-04-01 15:00:00,108.27,109.43,108.19,109.3,3273.0,11,0.0
2025-04-01 16:00:00,109.31,109.86,108.4,108.97,3030.0,11,0.0
2025-04-01 17:00:00,108.99,109.26,108.46,108.52,2278.0,11,0.0
2025-04-01 18:00:00,108.54,108.59,107.36,108.1,2793.0,11,0.0
2025-04-01 19:00:00,108.1,109.35,108.0,109.28,1734.0,11,0.0
2025-04-02 10:00:00,109.17,109.2,108.02,108.4,756.0,20,0.0
2025-04-02 11:00:00,108.4,108.49,107.61,107.62,769.0,44,0.0
2025-04-02 12:00:00,107.57,108.2,107.29,107.77,1022.0,28,0.0
2025-04-02 13:00:00,107.77,109.52,106.7,108.78,3745.0,11,0.0
2025-04-02 14:00:00,108.76,109.66,108.08,109.32,4447.0,11,0.0
2025-04-02 15:00:00,109.3,110.43,108.81,109.88,3338.0,11,0.0
2025-04-02 16:00:00,109.88,111.49,109.75,111.19,2514.0,11,0.0
2025-04-02 17:00:00,111.19,111.92,110.05,110.28,2603.0,11,0.0
2025-04-02 18:00:00,110.26,110.51,108.93,108.93,3118.0,11,0.0
2025-04-02 19:00:00,108.95,110.21,108.8,110.05,2472.0,11,0.0
2025-04-03 10:00:00,105.48,105.65,104.29,104.91,1227.0,44,0.0
2025-04-03 11:00:00,104.92,104.99,103.77,104.04,1314.0,28,0.0
2025-04-03 12:00:00,103.95,104.58,103.32,103.56,1549.0,28,0.0
2025-04-03 13:00:00,103.55,105.5,103.14,105.06,5993.0,11,0.0
2025-04-03 14:00:00,105.02,105.56,102.46,102.72,7693.0,11,0.0
2025-04-03 15:00:00,102.7,103.76,101.96,103.09,5717.0,11,0.0
2025-04-03 16:00:00,103.08,104.14,102.8,102.97,4192.0,11,0.0
2025-04-03 17:00:00,102.97,103.48,102.67,102.67,3305.0,11,0.0
2025-04-03 18:00:00,102.67,104.04,102.25,103.69,3211.0,11,0.0
2025-04-03 19:00:00,103.67,103.92,102.4,102.85,3117.0,11,0.0
2025-04-04 10:00:00,101.65,101.92,96.63,97.55,2648.0,44,0.0
2025-04-04 11:00:00,97.62,98.31,95.16,97.23,2606.0,28,0.0
2025-04-04 12:00:00,97.13,98.5,96.7,98.35,2520.0,44,0.0
2025-04-04 13:00:00,98.41,99.83,96.18,97.58,10112.0,11,0.0
2025-04-04 14:00:00,97.56,97.79,92.06,94.14,14093.0,11,0.0
2025-04-04 15:00:00,94.12,96.49,93.59,94.58,16225.0,11,0.0
2025-04-04 16:00:00,94.61,95.67,93.19,94.03,7660.0,11,0.0
2025-04-04 17:00:00,94.02,95.68,93.34,95.67,6382.0,11,0.0
2025-04-04 18:00:00,95.69,96.07,93.21,93.88,6046.0,11,0.0
2025-04-04 19:00:00,93.86,96.32,93.65,95.93,5790.0,11,0.0
2025-04-07 10:00:00,89.54,93.33,89.23,91.18,2380.0,44,0.0
2025-04-07 11:00:00,91.17,91.43,88.59,89.3,2465.0,28,0.0
2025-04-07 12:00:00,89.34,90.5,87.88,90.05,2671.0,20,0.0
2025-04-07 13:00:00,90.01,94.23,86.58,93.85,11738.0,11,0.0
2025-04-07 14:00:00,93.78,101.69,91.98,96.88,56831.0,11,0.0
2025-04-07 15:00:00,96.92,98.21,93.6,95.69,31230.0,11,0.0
2025-04-07 16:00:00,95.67,96.71,94.52,95.1,13681.0,11,0.0
2025-04-07 17:00:00,95.1,99.43,94.99,99.34,18837.0,11,0.0
2025-04-07 18:00:00,99.36,99.62,96.8,97.12,14573.0,11,0.0
2025-04-07 19:00:00,97.15,98.3,96.38,97.0,10208.0,11,0.0
2025-04-08 10:00:00,99.71,100.13,99.31,99.75,1087.0,28,0.0
2025-04-08 11:00:00,99.82,101.97,99.76,101.79,1727.0,20,0.0
2025-04-08 12:00:00,101.76,102.19,101.29,102.02,1757.0,20,0.0
2025-04-08 13:00:00,102.02,105.03,101.95,104.51,8257.0,11,0.0
2025-04-08 14:00:00,104.44,105.79,103.24,103.27,8310.0,11,0.0
2025-04-08 15:00:00,103.26,104.18,101.32,102.62,7282.0,11,0.0
2025-04-08 16:00:00,102.62,102.65,99.33,99.55,9650.0,11,0.0
2025-04-08 17:00:00,99.54,100.93,98.53,100.27,10652.0,11,0.0
2025-04-08 18:00:00,100.25,100.93,98.26,98.4,8583.0,11,0.0
2025-04-08 19:00:00,98.39,98.6,94.73,94.89,7946.0,11,0.0
2025-04-09 10:00:00,98.29,98.92,97.16,98.05,1577.0,44,0.0
2025-04-09 11:00:00,97.94,98.02,94.39,95.52,2820.0,44,0.0
2025-04-09 12:00:00,95.51,98.31,95.3,97.68,2139.0,44,0.0
2025-04-09 13:00:00,97.61,100.31,97.6,99.73,9796.0,11,0.0
2025-04-09 14:00:00,99.71,101.13,97.79,97.8,12985.0,11,0.0
2025-04-09 15:00:00,97.83,99.79,97.7,98.51,8156.0,11,0.0
2025-04-09 16:00:00,98.54,101.24,98.07,100.6,6637.0,11,0.0
2025-04-09 17:00:00,100.61,110.34,100.27,110.04,39086.0,11,0.0
2025-04-09 18:00:00,110.08,112.93,109.52,111.02,27112.0,11,0.0
2025-04-09 19:00:00,111.0,114.37,110.32,114.14,11079.0,11,0.0
2025-04-10 10:00:00,110.11,111.37,110.09,110.53,1293.0,44,0.0
2025-04-10 11:00:00,110.53,110.91,110.06,110.72,1238.0,28,0.0
2025-04-10 12:00:00,110.7,111.12,109.44,109.98,2026.0,28,0.0
2025-04-10 13:00:00,109.98,110.52,107.38,107.43,8349.0,11,0.0
2025-04-10 14:00:00,107.45,110.79,106.9,109.36,10411.0,11,0.0
2025-04-10 15:00:00,109.38,109.9,105.53,105.91,7138.0,11,0.0
2025-04-10 16:00:00,105.9,107.08,102.97,106.97,15702.0,11,0.0
2025-04-10 17:00:00,106.95,108.3,104.66,107.42,12837.0,11,0.0
2025-04-10 18:00:00,107.41,108.87,106.06,107.97,10829.0,11,0.0
2025-04-10 19:00:00,107.99,108.69,105.51,105.69,8378.0,11,0.0
2025-04-11 10:00:00,108.68,108.94,108.04,108.65,1425.0,44,0.0
2025-04-11 11:00:00,108.67,108.91,107.85,108.62,1397.0,28,0.0
2025-04-11 12:00:00,108.63,109.38,108.47,108.56,1624.0,28,0.0
2025-04-11 13:00:00,108.6,110.63,107.62,110.3,6713.0,11,0.0
2025-04-11 14:00:00,110.32,110.52,107.43,108.4,12900.0,11,0.0
2025-04-11 15:00:00,108.38,109.6,107.81,109.4,8013.0,11,0.0
2025-04-11 16:00:00,109.42,111.0,109.04,110.38,4749.0,11,0.0
2025-04-11 17:00:00,110.4,111.42,109.25,110.93,6312.0,11,0.0
2025-04-11 18:00:00,110.94,111.04,109.53,109.68,4924.0,11,0.0
2025-04-11 19:00:00,109.7,110.5,109.66,110.47,2761.0,11,0.0
2025-04-14 10:00:00,112.73,113.12,112.57,113.08,739.0,28,0.0
2025-04-14 11:00:00,113.09,114.74,113.06,114.11,1369.0,20,0.0
2025-04-14 12:00:00,114.05,114.72,113.96,114.47,1100.0,20,0.0
2025-04-14 13:00:00,114.48,115.26,111.33,111.62,5267.0,11,0.0
2025-04-14 14:00:00,111.71,112.93,111.68,112.13,2934.0,11,0.0
2025-04-14 15:00:00,112.14,112.53,109.15,109.59,4709.0,11,0.0
2025-04-14 16:00:00,109.57,111.06,109.02,110.07,5605.0,11,0.0
2025-04-14 17:00:00,110.1,111.11,109.73,110.57,5141.0,11,0.0
2025-04-14 18:00:00,110.55,111.6,110.52,111.12,2905.0,11,0.0
2025-04-14 19:00:00,111.11,111.81,110.99,111.53,2251.0,11,0.0
2025-04-15 10:00:00,110.69,110.84,110.27,110.63,550.0,44,0.0
2025-04-15 11:00:00,110.63,110.83,110.12,110.61,1057.0,28,0.0
2025-04-15 12:00:00,110.61,110.7,109.7,110.29,990.0,28,0.0
2025-04-15 13:00:00,110.3,112.64,110.03,111.69,3656.0,11,0.0
2025-04-15 14:00:00,111.68,112.24,110.45,111.54,5909.0,11,0.0
2025-04-15 15:00:00,111.55,112.72,111.48,112.66,3013.0,11,0.0
2025-04-15 16:00:00,112.65,113.55,112.24,112.42,2436.0,11,0.0
2025-04-15 17:00:00,112.38,112.75,111.68,112.44,2789.0,11,0.0
2025-04-15 18:00:00,112.44,112.66,111.73,112.57,2518.0,11,0.0
2025-04-15 19:00:00,112.54,112.59,111.95,112.2,1480.0,11,0.0
2025-04-16 10:00:00,105.32,105.7,105.21,105.66,798.0,28,0.0
2025-04-16 11:00:00,105.62,105.62,104.46,104.78,1305.0,28,0.0
2025-04-16 12:00:00,104.78,105.09,104.27,104.53,1302.0,20,0.0
2025-04-16 13:00:00,104.53,106.72,103.99,105.16,5078.0,11,0.0
2025-04-16 14:00:00,105.15,105.69,104.01,104.3,4259.0,11,0.0
2025-04-16 15:00:00,104.32,105.38,103.75,104.35,2918.0,11,0.0
2025-04-16 16:00:00,104.36,104.41,103.51,103.58,2495.0,11,0.0
2025-04-16 17:00:00,103.6,103.93,101.87,101.95,4242.0,11,0.0
2025-04-16 18:00:00,101.96,102.68,100.4,100.99,4450.0,11,0.0
2025-04-16 19:00:00,100.99,102.48,100.62,102.13,2119.0,11,0.0
2025-04-17 10:00:00,105.28,105.41,104.42,104.56,874.0,28,0.0
2025-04-17 11:00:00,104.56,104.75,104.07,104.73,945.0,20,0.0
2025-04-17 12:00:00,104.71,105.24,104.59,104.67,1130.0,28,0.0
2025-04-17 13:00:00,104.65,104.66,101.98,102.85,3913.0,11,0.0
2025-04-17 14:00:00,102.83,103.01,100.07,100.09,5047.0,11,0.0
2025-04-17 15:00:00,100.09,101.26,100.0,100.21,3333.0,11,0.0
2025-04-17 16:00:00,100.23,101.65,100.12,101.5,4120.0,11,0.0
2025-04-17 17:00:00,101.5,101.77,100.74,101.43,2534.0,11,0.0
2025-04-17 18:00:00,101.43,102.43,101.38,101.38,2641.0,11,0.0
2025-04-17 19:00:00,101.4,101.76,100.97,101.25,2095.0,11,0.0
2025-04-21 10:00:00,98.74,98.84,97.48,98.36,974.0,20,0.0
2025-04-21 11:00:00,98.4,99.16,97.54,97.79,1298.0,20,0.0
2025-04-21 12:00:00,97.74,98.36,97.56,98.14,949.0,20,0.0
2025-04-21 13:00:00,98.14,99.26,96.76,96.8,3706.0,11,0.0
2025-04-21 14:00:00,96.78,96.98,95.52,96.3,3939.0,11,0.0
2025-04-21 15:00:00,96.32,96.5,95.69,95.79,2337.0,11,0.0
2025-04-21 16:00:00,95.78,96.33,95.63,95.66,1767.0,11,0.0
2025-04-21 17:00:00,95.67,95.79,95.0,95.11,1915.0,11,0.0
2025-04-21 18:00:00,95.12,95.75,94.99,95.25,1623.0,11,0.0
2025-04-21 19:00:00,95.23,96.17,95.15,96.12,1565.0,11,0.0
2025-04-22 10:00:00,97.73,98.01,97.67,97.99,574.0,28,0.0
2025-04-22 11:00:00,97.94,97.99,97.51,97.61,761.0,20,0.0
2025-04-22 12:00:00,97.63,98.27,97.58,98.27,724.0,20,0.0
2025-04-22 13:00:00,98.26,99.2,97.29,98.88,3165.0,11,0.0
2025-04-22 14:00:00,98.9,99.31,98.3,98.59,2840.0,11,0.0
2025-04-22 15:00:00,98.6,99.38,98.25,98.83,2548.0,11,0.0
2025-04-22 16:00:00,98.83,99.75,98.83,99.11,2606.0,11,0.0
2025-04-22 17:00:00,99.12,99.54,97.51,97.71,3995.0,11,0.0
2025-04-22 18:00:00,97.71,98.77,97.66,98.63,1953.0,11,0.0
2025-04-22 19:00:00,98.65,98.76,97.23,98.04,1951.0,11,0.0
2025-04-23 10:00:00,103.47,104.38,103.45,104.2,767.0,28,0.0
2025-04-23 11:00:00,104.19,104.56,103.88,103.88,1117.0,20,0.0
2025-04-23 12:00:00,103.9,104.52,103.8,104.41,1077.0,20,0.0
2025-04-23 13:00:00,104.41,104.64,102.57,103.34,5574.0,11,0.0
2025-04-23 14:00:00,103.36,104.68,102.54,103.81,5951.0,11,0.0
2025-04-23 15:00:00,103.83,104.23,102.58,103.21,4702.0,11,0.0
2025-04-23 16:00:00,103.21,104.13,102.6,104.0,3110.0,11,0.0
2025-04-23 17:00:00,103.98,104.27,103.44,104.03,2740.0,11,0.0
2025-04-23 18:00:00,104.03,104.09,103.22,103.45,2533.0,11,0.0
2025-04-23 19:00:00,103.44,103.61,101.97,102.18,2485.0,11,0.0
2025-04-24 10:00:00,101.78,102.83,101.57,102.61,947.0,28,0.0
2025-04-24 11:00:00,102.62,102.64,102.11,102.55,962.0,28,0.0
2025-04-24 12:00:00,102.55,103.48,102.53,103.48,1069.0,20,0.0
2025-04-24 13:00:00,103.47,105.09,102.98,104.89,2864.0,11,0.0
2025-04-24 14:00:00,104.86,105.53,104.4,104.8,3379.0,11,0.0
2025-04-24 15:00:00,104.8,105.93,104.71,105.24,2335.0,11,0.0
2025-04-24 16:00:00,105.26,106.21,104.99,106.1,2159.0,11,0.0
2025-04-24 17:00:00,106.1,106.4,105.81,106.21,1841.0,11,0.0
2025-04-24 18:00:00,106.2,106.44,106.05,106.11,1477.0,11,0.0
2025-04-24 19:00:00,106.11,106.16,105.46,106.01,1411.0,11,0.0
2025-04-25 10:00:00,107.01,107.23,105.78,105.98,1131.0,28,0.0
2025-04-25 11:00:00,105.99,106.94,105.94,106.39,1120.0,28,0.0
2025-04-25 12:00:00,106.35,106.74,106.13,106.31,1093.0,28,0.0
2025-04-25 13:00:00,106.31,107.59,105.62,106.81,3166.0,11,0.0
2025-04-25 14:00:00,106.89,108.44,106.75,108.04,4261.0,11,0.0
2025-04-25 15:00:00,108.04,109.26,107.84,108.97,2485.0,11,0.0
2025-04-25 16:00:00,108.98,110.91,108.44,110.91,2330.0,11,0.0
2025-04-25 17:00:00,110.92,111.86,109.78,110.31,3603.0,11,0.0
2025-04-25 18:00:00,110.31,111.38,110.1,111.04,2311.0,11,0.0
2025-04-25 19:00:00,111.04,111.13,110.17,110.45,1625.0,11,0.0
2025-04-28 10:00:00,109.57,109.87,109.13,109.4,691.0,28,0.0
2025-04-28 11:00:00,109.39,109.51,108.99,109.12,758.0,28,0.0
2025-04-28 12:00:00,109.12,109.74,109.0,109.66,806.0,20,0.0
2025-04-28 13:00:00,109.66,110.2,108.01,108.4,3586.0,11,0.0
2025-04-28 14:00:00,108.4,108.85,107.68,107.75,3953.0,11,0.0
2025-04-28 15:00:00,107.77,107.92,106.33,107.21,3002.0,11,0.0
2025-04-28 16:00:00,107.22,107.28,106.49,106.66,2307.0,11,0.0
2025-04-28 17:00:00,106.64,106.98,105.97,106.93,2022.0,11,0.0
2025-04-28 18:00:00,106.91,107.54,106.65,107.41,1652.0,11,0.0
2025-04-28 19:00:00,107.45,108.47,107.36,108.21,1423.0,11,0.0
2025-04-29 10:00:00,108.5,108.53,107.35,107.84,636.0,44,0.0
2025-04-29 11:00:00,107.84,108.04,107.65,107.99,651.0,28,0.0
2025-04-29 12:00:00,107.98,108.35,107.68,107.95,780.0,28,0.0
2025-04-29 13:00:00,107.95,109.16,107.23,108.71,3346.0,11,0.0
2025-04-29 14:00:00,108.71,109.65,108.24,108.8,3827.0,11,0.0
2025-04-29 15:00:00,108.79,109.18,108.39,108.88,2429.0,11,0.0
2025-04-29 16:00:00,108.87,109.21,108.17,108.32,2028.0,11,0.0
2025-04-29 17:00:00,108.32,109.62,108.23,109.38,1765.0,11,0.0
2025-04-29 18:00:00,109.35,110.07,109.26,109.51,2068.0,11,0.0
2025-04-29 19:00:00,109.51,109.79,108.73,108.83,2532.0,11,0.0
2025-04-30 10:00:00,106.97,107.0,106.43,106.62,500.0,44,0.0
2025-04-30 11:00:00,106.63,106.66,106.17,106.58,724.0,20,0.0
2025-04-30 12:00:00,106.56,106.64,104.47,104.85,1538.0,20,0.0
2025-04-30 13:00:00,104.84,105.47,103.87,104.6,4150.0,11,0.0
2025-04-30 14:00:00,104.62,106.38,104.52,105.95,4183.0,11,0.0
2025-04-30 15:00:00,105.91,106.84,105.91,106.57,2982.0,11,0.0
2025-04-30 16:00:00,106.57,106.84,105.7,106.3,2505.0,11,0.0
2025-04-30 17:00:00,106.31,107.21,105.59,107.01,2099.0,11,0.0
2025-04-30 18:00:00,107.03,107.78,106.81,107.34,3437.0,11,0.0
2025-04-30 19:00:00,107.34,107.61,107.05,107.51,1696.0,11,0.0
2025-05-01 10:00:00,113.19,113.65,113.08,113.49,631.0,44,0.0
2025-05-01 11:00:00,113.48,114.34,113.4,114.08,1032.0,28,0.0
2025-05-01 12:00:00,114.07,114.17,113.29,113.51,1120.0,28,0.0
2025-05-01 13:00:00,113.5,114.0,111.99,112.73,3759.0,11,0.0
2025-05-01 14:00:00,112.75,113.62,112.31,113.47,3583.0,11,0.0
2025-05-01 15:00:00,113.47,114.88,113.0,113.21,3198.0,11,0.0
2025-05-01 16:00:00,113.19,113.84,112.82,113.07,2574.0,11,0.0
2025-05-01 17:00:00,113.07,113.81,112.85,113.26,1866.0,11,0.0
2025-05-01 18:00:00,113.26,113.86,113.18,113.2,1795.0,11,0.0
2025-05-01 19:00:00,113.22,113.22,112.26,112.3,1525.0,11,0.0
2025-05-02 10:00:00,112.57,112.72,112.46,112.56,421.0,44,0.0
2025-05-02 11:00:00,112.56,112.74,112.35,112.53,605.0,28,0.0
2025-05-02 12:00:00,112.52,114.09,112.42,113.92,1059.0,20,0.0
2025-05-02 13:00:00,113.92,115.24,113.56,113.88,3770.0,11,0.0
2025-05-02 14:00:00,113.86,114.39,113.32,114.38,3507.0,11,0.0
2025-05-02 15:00:00,114.38,114.79,114.24,114.7,2329.0,11,0.0
2025-05-02 16:00:00,114.71,115.18,114.36,114.37,2401.0,11,0.0
2025-05-02 17:00:00,114.37,114.7,113.9,114.4,1678.0,11,0.0
2025-05-02 18:00:00,114.4,114.96,114.28,114.45,1571.0,11,0.0
2025-05-02 19:00:00,114.43,114.49,114.08,114.21,1321.0,11,0.0
2025-05-05 10:00:00,112.62,112.77,112.44,112.75,396.0,44,0.0
2025-05-05 11:00:00,112.76,113.07,112.62,112.77,518.0,28,0.0
2025-05-05 12:00:00,112.72,113.04,112.67,112.85,562.0,28,0.0
2025-05-05 13:00:00,112.85,114.31,112.59,113.7,2543.0,11,0.0
2025-05-05 14:00:00,113.77,114.14,112.62,113.51,3301.0,11,0.0
2025-05-05 15:00:00,113.49,114.06,113.35,113.51,1924.0,11,0.0
2025-05-05 16:00:00,113.51,114.0,113.51,113.97,1346.0,11,0.0
2025-05-05 17:00:00,113.96,114.3,113.82,114.21,1393.0,11,0.0
2025-05-05 18:00:00,114.21,114.6,114.08,114.13,1059.0,11,0.0
2025-05-05 19:00:00,114.12,114.56,114.0,114.23,1191.0,11,0.0
2025-05-06 10:00:00,112.16,112.43,112.1,112.41,370.0,44,0.0
2025-05-06 11:00:00,112.41,112.51,111.89,112.13,679.0,28,0.0
2025-05-06 12:00:00,112.11,112.27,111.94,112.17,621.0,28,0.0
2025-05-06 13:00:00,112.16,112.17,110.77,111.04,2537.0,11,0.0
2025-05-06 14:00:00,111.06,113.18,110.87,112.68,3245.0,11,0.0
2025-05-06 15:00:00,112.66,113.1,112.51,112.68,1901.0,11,0.0
2025-05-06 16:00:00,112.66,113.72,112.55,112.57,2747.0,11,0.0
2025-05-06 17:00:00,112.59,113.06,112.56,112.82,1979.0,11,0.0
2025-05-06 18:00:00,112.84,114.06,112.83,114.0,1673.0,11,0.0
2025-05-06 19:00:00,114.0,114.63,113.73,114.62,1335.0,11,0.0
2025-05-07 10:00:00,113.53,113.9,113.42,113.75,432.0,44,0.0
2025-05-07 11:00:00,113.75,114.2,113.71,113.98,584.0,28,0.0
2025-05-07 12:00:00,113.96,114.0,113.39,113.64,763.0,28,0.0
2025-05-07 13:00:00,113.64,113.64,112.52,113.21,2674.0,11,0.0
2025-05-07 14:00:00,113.2,113.61,112.9,113.12,2625.0,11,0.0
2025-05-07 15:00:00,113.14,114.16,112.9,113.96,2305.0,11,0.0
2025-05-07 16:00:00,113.95,114.04,113.45,113.87,1663.0,11,0.0
2025-05-07 17:00:00,113.85,114.08,113.11,113.28,1845.0,11,0.0
2025-05-07 18:00:00,113.28,113.77,112.24,113.71,4370.0,11,0.0
2025-05-07 19:00:00,113.7,117.49,113.1,116.89,5210.0,11,0.0
2025-05-08 10:00:00,118.92,119.02,118.59,118.88,624.0,28,0.0
2025-05-08 11:00:00,118.87,119.07,118.37,118.59,705.0,28,0.0
2025-05-08 12:00:00,118.58,119.04,118.16,118.58,996.0,28,0.0
2025-05-08 13:00:00,118.57,118.85,116.44,117.38,3012.0,11,0.0
2025-05-08 14:00:00,117.39,117.58,115.8,116.09,4168.0,11,0.0
2025-05-08 15:00:00,116.06,118.31,115.95,117.93,3771.0,11,0.0
2025-05-08 16:00:00,117.91,118.38,117.68,118.12,2119.0,11,0.0
2025-05-08 17:00:00,118.12,118.15,117.48,117.82,1676.0,11,0.0
2025-05-08 18:00:00,117.83,118.32,117.77,117.96,1561.0,11,0.0
2025-05-08 19:00:00,117.95,118.62,117.78,117.78,1577.0,11,0.0
2025-05-09 10:00:00,117.9,118.05,117.82,117.84,286.0,28,0.0
2025-05-09 11:00:00,117.88,117.94,117.0,117.31,890.0,28,0.0
2025-05-09 12:00:00,117.31,117.79,117.18,117.62,618.0,28,0.0
2025-05-09 13:00:00,117.62,118.12,117.0,117.7,2083.0,11,0.0
2025-05-09 14:00:00,117.68,117.81,115.17,116.22,3583.0,11,0.0
2025-05-09 15:00:00,116.22,116.71,115.96,116.66,2502.0,11,0.0
2025-05-09 16:00:00,116.67,116.7,115.93,116.29,1839.0,11,0.0
2025-05-09 17:00:00,116.3,116.74,116.07,116.72,1899.0,11,0.0
2025-05-09 18:00:00,116.7,116.86,116.46,116.56,1375.0,11,0.0
2025-05-09 19:00:00,116.56,116.74,116.38,116.68,1172.0,11,0.0
2025-05-12 10:00:00,121.98,122.58,121.75,122.31,1012.0,28,0.0
2025-05-12 11:00:00,122.28,122.44,121.64,121.76,1090.0,20,0.0
2025-05-12 12:00:00,121.76,121.94,121.4,121.82,869.0,20,0.0
2025-05-12 13:00:00,121.83,122.7,120.63,121.34,3336.0,11,0.0
2025-05-12 14:00:00,121.36,121.63,120.23,120.82,3705.0,11,0.0
2025-05-12 15:00:00,120.84,121.82,120.67,121.67,2375.0,11,0.0
2025-05-12 16:00:00,121.67,122.67,121.6,122.5,1712.0,11,0.0
2025-05-12 17:00:00,122.51,122.87,122.28,122.76,1353.0,11,0.0
2025-05-12 18:00:00,122.78,122.88,122.45,122.55,1197.0,11,0.0
2025-05-12 19:00:00,122.54,122.93,122.02,122.26,1090.0,11,0.0
2025-05-13 10:00:00,122.22,123.12,121.99,122.92,788.0,28,0.0
2025-05-13 11:00:00,122.92,123.88,122.88,123.83,813.0,20,0.0
2025-05-13 12:00:00,123.82,124.79,123.55,124.7,1146.0,28,0.0
2025-05-13 13:00:00,124.71,127.82,124.35,127.66,3202.0,11,0.0
2025-05-13 14:00:00,127.67,130.76,127.41,130.59,4872.0,11,0.0
2025-05-13 15:00:00,130.57,130.58,129.42,129.85,3627.0,11,0.0
2025-05-13 16:00:00,129.87,130.93,129.27,130.59,2293.0,11,0.0
2025-05-13 17:00:00,130.6,131.16,130.18,130.19,1962.0,11,0.0
2025-05-13 18:00:00,130.19,130.44,129.67,130.41,2165.0,11,0.0
2025-05-13 19:00:00,130.42,130.61,129.85,130.26,1377.0,11,0.0
2025-05-14 10:00:00,131.83,132.31,131.57,132.28,673.0,28,0.0
2025-05-14 11:00:00,132.27,134.11,132.04,133.61,1328.0,28,0.0
2025-05-14 12:00:00,133.59,133.95,133.25,133.39,1041.0,28,0.0
2025-05-14 13:00:00,133.39,134.7,131.89,132.61,4586.0,11,0.0
2025-05-14 14:00:00,132.64,133.71,131.63,133.46,4906.0,11,0.0
2025-05-14 15:00:00,133.48,134.54,132.96,134.46,2901.0,11,0.0
2025-05-14 16:00:00,134.44,135.38,134.32,134.66,2465.0,11,0.0
2025-05-14 17:00:00,134.66,135.09,133.92,134.94,2315.0,11,0.0
2025-05-14 18:00:00,134.94,135.26,134.38,135.04,1856.0,11,0.0
2025-05-14 19:00:00,135.05,135.24,134.35,134.46,1626.0,11,0.0
2025-05-15 10:00:00,132.6,133.32,132.23,132.97,771.0,28,0.0
2025-05-15 11:00:00,133.01,134.5,132.95,134.05,1087.0,28,0.0
2025-05-15 12:00:00,134.07,134.73,133.6,134.06,1121.0,28,0.0
2025-05-15 13:00:00,134.1,134.53,132.62,133.52,3279.0,11,0.0
2025-05-15 14:00:00,133.54,134.13,132.7,133.51,4091.0,11,0.0
2025-05-15 15:00:00,133.49,134.61,133.38,134.48,2393.0,11,0.0
2025-05-15 16:00:00,134.49,136.19,134.48,135.72,2131.0,11,0.0
2025-05-15 17:00:00,135.73,136.24,135.68,135.87,1865.0,11,0.0
2025-05-15 18:00:00,135.86,135.9,134.53,134.56,2491.0,11,0.0
2025-05-15 19:00:00,134.58,134.96,133.53,134.13,2303.0,11,0.0
2025-05-16 10:00:00,135.37,135.74,135.06,135.7,489.0,44,0.0
2025-05-16 11:00:00,135.63,136.29,135.41,136.29,711.0,20,0.0
2025-05-16 12:00:00,136.29,136.74,135.98,136.17,970.0,20,0.0
2025-05-16 13:00:00,136.17,136.43,134.98,135.47,2634.0,11,0.0
2025-05-16 14:00:00,135.5,136.06,133.42,134.27,3917.0,11,0.0
2025-05-16 15:00:00,134.29,135.27,134.27,134.61,2399.0,11,0.0
2025-05-16 16:00:00,134.61,135.1,134.49,134.58,1725.0,11,0.0
2025-05-16 17:00:00,134.56,136.19,134.39,135.49,1934.0,11,0.0
2025-05-16 18:00:00,135.5,135.5,134.91,135.06,1589.0,11,0.0
2025-05-16 19:00:00,135.06,135.58,134.83,134.86,1201.0,11,0.0
2025-05-19 10:00:00,130.59,131.93,130.3,131.27,857.0,28,0.0
2025-05-19 11:00:00,131.27,131.71,130.76,131.51,994.0,28,0.0
2025-05-19 12:00:00,131.51,132.06,131.27,131.9,1068.0,28,0.0
2025-05-19 13:00:00,131.9,134.85,131.27,134.03,3687.0,11,0.0
2025-05-19 14:00:00,134.01,135.81,133.88,134.6,3997.0,11,0.0
2025-05-19 15:00:00,134.61,135.66,134.26,135.03,2375.0,11,0.0
2025-05-19 16:00:00,135.04,135.27,134.65,135.04,1790.0,11,0.0
2025-05-19 17:00:00,135.03,135.64,134.96,135.37,1836.0,11,0.0
2025-05-19 18:00:00,135.37,135.5,134.9,135.23,1657.0,11,0.0
2025-05-19 19:00:00,135.24,135.41,134.95,135.1,1302.0,11,0.0
2025-05-20 10:00:00,134.91,135.19,134.82,135.13,427.0,28,0.0
2025-05-20 11:00:00,135.18,135.27,134.77,134.88,584.0,28,0.0
2025-05-20 12:00:00,134.88,135.0,134.48,134.54,631.0,28,0.0
2025-05-20 13:00:00,134.54,134.63,132.7,133.03,2851.0,11,0.0
2025-05-20 14:00:00,133.01,133.86,132.57,133.59,3202.0,11,0.0
2025-05-20 15:00:00,133.57,134.2,133.25,134.09,1942.0,11,0.0
2025-05-20 16:00:00,134.08,134.37,133.68,134.1,1464.0,11,0.0
2025-05-20 17:00:00,134.1,134.38,133.77,133.95,1410.0,11,0.0
2025-05-20 18:00:00,133.93,134.18,133.33,133.58,2057.0,11,0.0
2025-05-20 19:00:00,133.57,134.22,132.98,133.87,1480.0,11,0.0
2025-05-21 10:00:00,132.68,133.15,132.43,133.14,601.0,28,0.0
2025-05-21 11:00:00,133.13,133.28,132.9,133.14,579.0,28,0.0
2025-05-21 12:00:00,133.14,133.47,133.08,133.18,644.0,28,0.0
2025-05-21 13:00:00,133.18,134.84,132.79,134.3,2567.0,11,0.0
2025-05-21 14:00:00,134.32,134.8,133.69,134.8,3680.0,11,0.0
2025-05-21 15:00:00,134.79,137.01,134.65,136.7,2598.0,11,0.0
2025-05-21 16:00:00,136.68,137.34,136.65,136.87,2013.0,11,0.0
2025-05-21 17:00:00,136.9,137.01,132.67,133.33,7617.0,11,0.0
2025-05-21 18:00:00,133.31,133.46,132.25,132.47,4719.0,11,0.0
2025-05-21 19:00:00,132.49,132.69,130.54,132.0,3626.0,11,0.0
2025-05-22 10:00:00,132.46,132.5,131.99,132.06,465.0,44,0.0
2025-05-22 11:00:00,132.13,132.73,131.5,131.6,967.0,28,0.0
2025-05-22 12:00:00,131.58,132.34,130.89,132.33,1220.0,28,0.0
2025-05-22 13:00:00,132.35,133.56,131.51,133.42,4047.0,11,0.0
2025-05-22 14:00:00,133.4,133.89,132.48,133.08,4953.0,11,0.0
2025-05-22 15:00:00,133.1,133.44,132.55,133.36,3323.0,11,0.0
2025-05-22 16:00:00,133.38,133.79,132.97,133.12,2682.0,11,0.0
2025-05-22 17:00:00,133.13,133.65,133.02,133.4,2301.0,11,0.0
2025-05-22 18:00:00,133.4,134.14,133.06,133.86,1973.0,11,0.0
2025-05-22 19:00:00,133.88,134.19,133.22,133.27,1547.0,11,0.0
2025-05-23 10:00:00,132.66,132.86,132.56,132.86,382.0,44,0.0
2025-05-23 11:00:00,132.85,133.01,130.11,130.2,1330.0,28,0.0
2025-05-23 12:00:00,130.16,130.16,127.58,129.09,2027.0,28,0.0
2025-05-23 13:00:00,129.09,130.89,128.76,130.25,4394.0,11,0.0
2025-05-23 14:00:00,130.29,131.32,130.19,131.14,4632.0,11,0.0
2025-05-23 15:00:00,131.16,131.42,130.14,130.64,3266.0,11,0.0
2025-05-23 16:00:00,130.66,131.22,130.57,131.01,2638.0,11,0.0
2025-05-23 17:00:00,131.0,132.04,130.88,131.84,2418.0,11,0.0
2025-05-23 18:00:00,131.84,132.61,131.53,131.81,3267.0,11,0.0
2025-05-23 19:00:00,131.81,132.08,131.25,131.86,1877.0,11,0.0
2025-05-27 10:00:00,134.48,134.64,134.39,134.52,475.0,44,0.0
2025-05-27 11:00:00,134.53,134.56,134.07,134.45,666.0,20,0.0
2025-05-27 12:00:00,134.45,134.55,134.23,134.48,588.0,20,0.0
2025-05-27 13:00:00,134.48,134.85,133.21,134.4,2619.0,11,0.0
2025-05-27 14:00:00,134.38,135.5,134.36,135.17,2681.0,11,0.0
2025-05-27 15:00:00,135.19,135.34,134.79,135.0,1752.0,11,0.0
2025-05-27 16:00:00,135.01,135.6,134.97,135.15,1409.0,11,0.0
2025-05-27 17:00:00,135.15,135.59,135.15,135.46,1209.0,11,0.0
2025-05-27 18:00:00,135.45,135.57,134.98,135.33,1305.0,11,0.0
2025-05-27 19:00:00,135.3,135.31,134.67,134.99,1278.0,11,0.0
2025-05-28 10:00:00,135.41,136.33,135.41,136.28,682.0,28,0.0
2025-05-28 11:00:00,136.28,136.45,135.98,136.44,750.0,28,0.0
2025-05-28 12:00:00,136.43,136.66,136.12,136.28,706.0,20,0.0
2025-05-28 13:00:00,136.28,136.32,135.01,135.01,2488.0,11,0.0
2025-05-28 14:00:00,135.03,135.42,134.75,134.94,2452.0,11,0.0
2025-05-28 15:00:00,134.93,135.85,134.93,135.47,1574.0,11,0.0
2025-05-28 16:00:00,135.47,136.05,135.47,135.71,1370.0,11,0.0
2025-05-28 17:00:00,135.7,136.62,135.7,136.61,1312.0,11,0.0
2025-05-28 18:00:00,136.61,137.19,136.28,136.85,1967.0,11,0.0
2025-05-28 19:00:00,136.83,137.13,135.42,135.49,2184.0,11,0.0
2025-05-29 10:00:00,143.11,143.35,142.43,142.68,1194.0,28,0.0
2025-05-29 11:00:00,142.67,143.1,141.65,141.97,1425.0,28,0.0
2025-05-29 12:00:00,141.94,142.31,141.39,141.88,1503.0,28,0.0
2025-05-29 13:00:00,141.88,143.32,140.78,141.52,7433.0,11,0.0
2025-05-29 14:00:00,141.49,141.82,139.23,141.72,7803.0,11,0.0
2025-05-29 15:00:00,141.73,141.87,140.28,140.48,3739.0,11,0.0
2025-05-29 16:00:00,140.46,140.97,140.0,140.4,3560.0,11,0.0
2025-05-29 17:00:00,140.38,140.54,138.26,138.72,3472.0,11,0.0
2025-05-29 18:00:00,138.74,139.41,137.86,138.95,3280.0,11,0.0
2025-05-29 19:00:00,138.95,139.3,138.37,138.64,2454.0,11,0.0
2025-05-30 10:00:00,137.87,138.58,137.86,138.57,518.0,44,0.0
2025-05-30 11:00:00,138.57,139.09,138.34,138.72,722.0,28,0.0
2025-05-30 12:00:00,138.71,139.07,137.8,138.12,1385.0,28,0.0
2025-05-30 13:00:00,138.15,139.42,135.74,136.1,4129.0,11,0.0
2025-05-30 14:00:00,136.24,137.38,135.97,136.4,3935.0,11,0.0
2025-05-30 15:00:00,136.43,136.54,134.69,135.31,3220.0,11,0.0
2025-05-30 16:00:00,135.33,135.35,132.87,133.68,4610.0,11,0.0
2025-05-30 17:00:00,133.64,134.83,133.54,133.87,3016.0,11,0.0
2025-05-30 18:00:00,133.87,135.03,133.73,134.46,2663.0,11,0.0
2025-05-30 19:00:00,134.44,135.5,134.4,135.01,1971.0,11,0.0
2025-06-02 10:00:00,133.58,134.45,133.34,134.12,533.0,44,0.0
2025-06-02 11:00:00,134.12,134.38,133.94,134.02,708.0,28,0.0
2025-06-02 12:00:00,134.04,134.83,134.0,134.8,739.0,28,0.0
2025-06-02 13:00:00,134.82,137.6,134.66,136.28,3707.0,11,0.0
2025-06-02 14:00:00,136.2,137.1,135.81,136.36,4841.0,11,0.0
2025-06-02 15:00:00,136.38,137.37,136.13,137.23,2466.0,11,0.0
2025-06-02 16:00:00,137.23,137.58,137.01,137.36,2000.0,11,0.0
2025-06-02 17:00:00,137.38,137.75,137.29,137.53,1819.0,11,0.0
2025-06-02 18:00:00,137.51,138.06,137.08,137.89,1623.0,11,0.0
2025-06-02 19:00:00,137.88,137.91,137.27,137.31,1065.0,11,0.0
2025-06-03 10:00:00,136.9,137.62,136.73,137.62,457.0,28,0.0
2025-06-03 11:00:00,137.59,138.15,137.44,137.95,647.0,28,0.0
2025-06-03 12:00:00,137.96,138.06,137.64,138.06,652.0,28,0.0
2025-06-03 13:00:00,138.06,140.38,137.84,140.27,2603.0,11,0.0
2025-06-03 14:00:00,140.29,141.91,140.29,141.88,3884.0,11,0.0
2025-06-03 15:00:00,141.88,141.94,141.03,141.41,2200.0,11,0.0
2025-06-03 16:00:00,141.41,141.8,141.27,141.68,1383.0,11,0.0
2025-06-03 17:00:00,141.68,141.71,141.04,141.05,1367.0,11,0.0
2025-06-03 18:00:00,141.06,141.38,140.22,141.37,1869.0,11,0.0
2025-06-03 19:00:00,141.38,141.46,141.06,141.09,1042.0,11,0.0
2025-06-04 10:00:00,142.13,142.23,141.88,142.15,475.0,44,0.0
2025-06-04 11:00:00,142.15,142.45,141.84,142.36,528.0,20,0.0
2025-06-04 12:00:00,142.35,142.45,141.61,141.99,948.0,20,0.0
2025-06-04 13:00:00,142.0,142.24,140.73,141.1,2665.0,11,0.0
2025-06-04 14:00:00,141.05,141.32,139.5,141.3,4076.0,11,0.0
2025-06-04 15:00:00,141.31,141.49,140.87,140.9,2093.0,11,0.0
2025-06-04 16:00:00,140.88,140.99,140.3,140.53,1719.0,11,0.0
2025-06-04 17:00:00,140.54,141.12,140.49,140.99,1290.0,11,0.0
2025-06-04 18:00:00,140.99,141.72,140.99,141.39,1371.0,11,0.0
2025-06-04 19:00:00,141.37,141.83,141.37,141.71,1213.0,11,0.0
2025-06-05 10:00:00,141.64,141.81,141.13,141.43,398.0,28,0.0
2025-06-05 11:00:00,141.42,141.45,140.89,141.13,642.0,28,0.0
2025-06-05 12:00:00,141.11,141.94,140.82,141.47,923.0,28,0.0
2025-06-05 13:00:00,141.46,143.05,140.68,140.9,3074.0,11,0.0
2025-06-05 14:00:00,140.91,142.54,140.77,142.48,3994.0,11,0.0
2025-06-05 15:00:00,142.47,143.94,142.32,143.69,2628.0,11,0.0
2025-06-05 16:00:00,143.71,143.71,140.93,141.13,3018.0,11,0.0
2025-06-05 17:00:00,141.11,141.82,140.73,140.93,2391.0,11,0.0
2025-06-05 18:00:00,140.93,141.06,139.75,140.56,3115.0,11,0.0
2025-06-05 19:00:00,140.58,140.64,138.79,140.14,3579.0,11,0.0
2025-06-06 10:00:00,140.55,140.61,140.13,140.19,380.0,44,0.0
2025-06-06 11:00:00,140.22,140.46,140.02,140.29,620.0,44,0.0
2025-06-06 12:00:00,140.28,141.81,140.28,141.7,915.0,28,0.0
2025-06-06 13:00:00,141.7,143.2,141.68,142.3,2953.0,11,0.0
2025-06-06 14:00:00,142.32,142.53,141.47,142.34,3255.0,11,0.0
2025-06-06 15:00:00,142.32,142.73,141.51,142.06,2591.0,11,0.0
2025-06-06 16:00:00,142.06,142.81,141.49,141.82,1883.0,11,0.0
2025-06-06 17:00:00,141.82,142.43,141.7,142.39,1450.0,11,0.0
2025-06-06 18:00:00,142.39,142.8,142.17,142.19,1556.0,11,0.0
2025-06-06 19:00:00,142.18,142.28,141.68,141.87,1190.0,11,0.0
2025-06-09 10:00:00,142.17,142.21,141.91,142.01,394.0,44,0.0
2025-06-09 11:00:00,142.01,142.65,142.0,142.57,538.0,28,0.0
2025-06-09 12:00:00,142.58,143.42,142.48,143.13,707.0,20,0.0
2025-06-09 13:00:00,143.13,144.55,142.77,143.55,2856.0,11,0.0
2025-06-09 14:00:00,143.57,144.93,143.36,144.18,3278.0,11,0.0
2025-06-09 15:00:00,144.2,144.55,142.35,142.78,3011.0,11,0.0
2025-06-09 16:00:00,142.78,142.99,141.89,142.64,2170.0,11,0.0
2025-06-09 17:00:00,142.63,142.98,141.92,142.24,1688.0,11,0.0
2025-06-09 18:00:00,142.23,142.97,142.11,142.77,1289.0,11,0.0
2025-06-09 19:00:00,142.76,142.9,142.38,142.4,955.0,11,0.0
2025-06-10 10:00:00,142.71,143.06,142.62,142.86,407.0,44,0.0
2025-06-10 11:00:00,142.84,143.18,142.62,143.11,538.0,28,0.0
2025-06-10 12:00:00,143.09,143.35,143.01,143.2,425.0,20,0.0
2025-06-10 13:00:00,143.2,143.26,141.67,142.35,2576.0,11,0.0
2025-06-10 14:00:00,142.33,143.06,142.11,142.38,3234.0,11,0.0
2025-06-10 15:00:00,142.36,143.07,141.48,142.69,2836.0,11,0.0
2025-06-10 16:00:00,142.67,143.22,142.66,143.15,1478.0,11,0.0
2025-06-10 17:00:00,143.15,143.16,142.42,142.51,1450.0,11,0.0
2025-06-10 18:00:00,142.49,143.98,142.07,143.86,1788.0,11,0.0
2025-06-10 19:00:00,143.88,144.23,143.28,143.36,1700.0,11,0.0
2025-06-11 10:00:00,143.61,143.72,143.51,143.64,355.0,44,0.0
2025-06-11 11:00:00,143.64,144.13,143.5,144.04,575.0,28,0.0
2025-06-11 12:00:00,144.04,145.05,143.51,144.96,1339.0,28,0.0
2025-06-11 13:00:00,144.96,145.08,142.98,143.7,2662.0,11,0.0
2025-06-11 14:00:00,143.72,144.63,143.49,144.27,2882.0,11,0.0
2025-06-11 15:00:00,144.26,144.43,143.21,143.71,2576.0,11,0.0
2025-06-11 16:00:00,143.73,143.87,142.72,143.35,2310.0,11,0.0
2025-06-11 17:00:00,143.35,143.79,142.93,142.99,1790.0,11,0.0
2025-06-11 18:00:00,142.99,143.12,141.98,142.25,3725.0,11,0.0
2025-06-11 19:00:00,142.25,142.75,141.83,142.68,2143.0,11,0.0
2025-06-12 10:00:00,141.18,141.38,140.69,141.04,612.0,44,0.0
2025-06-12 11:00:00,141.06,141.16,140.25,140.33,874.0,28,0.0
2025-06-12 12:00:00,140.34,141.56,140.34,141.55,874.0,28,0.0
2025-06-12 13:00:00,141.55,143.87,141.26,143.22,2756.0,11,0.0
2025-06-12 14:00:00,143.24,144.93,143.12,144.65,3119.0,11,0.0
2025-06-12 15:00:00,144.66,144.94,144.06,144.2,2635.0,11,0.0
2025-06-12 16:00:00,144.22,144.54,143.93,144.13,2083.0,11,0.0
2025-06-12 17:00:00,144.14,144.61,143.99,144.43,1564.0,11,0.0
2025-06-12 18:00:00,144.43,144.78,144.2,144.57,1527.0,11,0.0
2025-06-12 19:00:00,144.55,144.84,144.51,144.57,943.0,11,0.0
2025-06-13 10:00:00,141.96,142.22,141.58,142.22,585.0,44,0.0
2025-06-13 11:00:00,142.21,143.01,142.06,142.98,870.0,28,0.0
2025-06-13 12:00:00,142.98,143.33,142.65,142.75,845.0,28,0.0
2025-06-13 13:00:00,142.76,143.42,142.02,142.87,2739.0,11,0.0
2025-06-13 14:00:00,142.85,143.3,141.02,142.26,3909.0,11,0.0
2025-06-13 15:00:00,142.28,143.26,142.12,143.01,2161.0,11,0.0
2025-06-13 16:00:00,143.02,143.31,142.82,143.2,1762.0,11,0.0
2025-06-13 17:00:00,143.18,143.28,142.32,142.68,2127.0,11,0.0
2025-06-13 18:00:00,142.68,142.79,140.81,141.72,3118.0,11,0.0
2025-06-13 19:00:00,141.72,142.02,141.39,141.53,2152.0,11,0.0
2025-06-16 10:00:00,142.53,143.06,142.48,143.06,338.0,44,0.0
2025-06-16 11:00:00,142.94,143.15,142.78,143.15,459.0,28,0.0
2025-06-16 12:00:00,143.15,143.43,143.04,143.25,476.0,20,0.0
2025-06-16 13:00:00,143.25,144.7,142.81,144.68,2312.0,11,0.0
2025-06-16 14:00:00,144.68,144.83,143.97,144.69,2897.0,11,0.0
2025-06-16 15:00:00,144.69,146.11,144.67,145.44,2944.0,11,0.0
2025-06-16 16:00:00,145.44,146.0,145.43,145.6,1659.0,11,0.0
2025-06-16 17:00:00,145.61,145.74,144.98,145.14,1766.0,11,0.0
2025-06-16 18:00:00,145.16,145.29,144.81,144.95,1382.0,11,0.0
2025-06-16 19:00:00,144.94,145.04,144.48,144.62,1326.0,11,0.0
2025-06-17 10:00:00,144.53,144.64,143.59,144.16,568.0,28,0.0
2025-06-17 11:00:00,144.16,144.77,144.03,144.65,671.0,28,0.0
2025-06-17 12:00:00,144.65,145.29,144.49,144.69,801.0,28,0.0
2025-06-17 13:00:00,144.71,145.05,143.97,144.69,2552.0,11,0.0
2025-06-17 14:00:00,144.71,144.97,144.19,144.32,2643.0,11,0.0
2025-06-17 15:00:00,144.32,144.89,144.17,144.68,1807.0,11,0.0
2025-06-17 16:00:00,144.69,145.1,144.35,144.45,1806.0,11,0.0
2025-06-17 17:00:00,144.44,145.07,144.14,144.29,2377.0,11,0.0
2025-06-17 18:00:00,144.28,144.6,143.73,144.33,2450.0,11,0.0
2025-06-17 19:00:00,144.33,144.38,143.96,144.27,1292.0,11,0.0
2025-06-18 10:00:00,144.5,144.55,143.94,144.05,431.0,44,0.0
2025-06-18 11:00:00,144.04,144.61,143.9,144.3,598.0,28,0.0
2025-06-18 12:00:00,144.3,144.54,144.21,144.31,452.0,28,0.0
2025-06-18 13:00:00,144.33,144.58,143.0,144.45,2061.0,11,0.0
2025-06-18 14:00:00,144.47,145.56,144.28,145.04,2554.0,11,0.0
2025-06-18 15:00:00,145.03,145.41,144.69,145.09,1689.0,11,0.0
2025-06-18 16:00:00,145.09,145.54,144.84,145.38,1534.0,11,0.0
2025-06-18 17:00:00,145.37,145.54,144.7,145.14,1450.0,11,0.0
2025-06-18 18:00:00,145.17,145.44,144.01,144.22,3273.0,11,0.0
2025-06-18 19:00:00,144.19,144.94,143.87,144.94,2380.0,11,0.0
2025-06-20 10:00:00,144.72,144.82,144.57,144.7,370.0,28,0.0
2025-06-20 11:00:00,144.66,145.16,144.63,144.86,473.0,20,0.0
2025-06-20 12:00:00,144.89,145.44,144.89,145.41,685.0,28,0.0
2025-06-20 13:00:00,145.42,146.07,144.83,145.61,2738.0,11,0.0
2025-06-20 14:00:00,145.59,145.69,142.66,143.09,4281.0,11,0.0
2025-06-20 15:00:00,143.07,144.41,142.61,143.75,2946.0,11,0.0
2025-06-20 16:00:00,143.75,144.28,143.74,144.09,1946.0,11,0.0
2025-06-20 17:00:00,144.07,144.24,143.18,143.81,1985.0,11,0.0
2025-06-20 18:00:00,143.79,144.26,143.55,143.62,1493.0,11,0.0
2025-06-20 19:00:00,143.62,143.92,143.52,143.64,1373.0,11,0.0
2025-06-23 10:00:00,142.79,143.12,142.45,142.67,524.0,44,0.0
2025-06-23 11:00:00,142.68,142.88,141.96,142.3,792.0,28,0.0
2025-06-23 12:00:00,142.3,142.74,142.06,142.67,625.0,28,0.0
2025-06-23 13:00:00,142.67,143.79,141.89,143.53,2662.0,11,0.0
2025-06-23 14:00:00,143.55,144.24,143.49,143.74,2660.0,11,0.0
2025-06-23 15:00:00,143.76,144.18,143.52,143.74,1927.0,11,0.0
2025-06-23 16:00:00,143.74,143.84,141.98,143.15,3606.0,11,0.0
2025-06-23 17:00:00,143.17,144.66,143.0,144.26,2806.0,11,0.0
2025-06-23 18:00:00,144.25,144.46,143.84,143.98,1577.0,11,0.0
2025-06-23 19:00:00,143.99,144.33,143.61,143.69,1043.0,11,0.0
2025-06-24 10:00:00,145.39,145.5,145.21,145.45,431.0,44,0.0
2025-06-24 11:00:00,145.45,145.54,145.02,145.35,605.0,28,0.0
2025-06-24 12:00:00,145.37,145.4,145.17,145.28,568.0,28,0.0
2025-06-24 13:00:00,145.28,147.84,145.17,147.06,2863.0,11,0.0
2025-06-24 14:00:00,147.04,147.37,146.0,147.01,3234.0,11,0.0
2025-06-24 15:00:00,147.01,147.22,146.5,146.61,1789.0,11,0.0
2025-06-24 16:00:00,146.63,147.37,146.6,147.05,1238.0,11,0.0
2025-06-24 17:00:00,147.05,147.53,146.97,147.4,1175.0,11,0.0
2025-06-24 18:00:00,147.4,147.54,147.12,147.34,908.0,11,0.0
2025-06-24 19:00:00,147.34,147.48,147.14,147.27,672.0,11,0.0
2025-06-25 10:00:00,147.54,148.5,147.34,148.47,568.0,44,0.0
2025-06-25 11:00:00,148.43,149.41,148.16,149.31,729.0,28,0.0
2025-06-25 12:00:00,149.29,149.49,149.0,149.47,609.0,28,0.0
2025-06-25 13:00:00,149.46,151.81,148.91,151.31,3902.0,11,0.0
2025-06-25 14:00:00,151.31,152.94,150.87,152.76,4092.0,11,0.0
2025-06-25 15:00:00,152.77,152.79,151.43,151.47,3081.0,11,0.0
2025-06-25 16:00:00,151.45,152.82,151.34,152.8,1997.0,11,0.0
2025-06-25 17:00:00,152.81,153.89,152.64,153.54,2587.0,11,0.0
2025-06-25 18:00:00,153.55,153.94,153.3,153.66,2024.0,11,0.0
2025-06-25 19:00:00,153.64,154.38,153.28,153.82,1798.0,11,0.0
2025-06-26 10:00:00,155.64,155.95,155.48,155.68,500.0,44,0.0
2025-06-26 11:00:00,155.75,156.66,155.36,156.66,820.0,28,0.0
2025-06-26 12:00:00,156.66,156.85,155.93,156.12,917.0,28,0.0
2025-06-26 13:00:00,156.12,156.22,153.99,155.73,3472.0,11,0.0
2025-06-26 14:00:00,155.75,156.65,155.18,155.44,4101.0,11,0.0
2025-06-26 15:00:00,155.44,155.99,154.74,155.32,2388.0,11,0.0
2025-06-26 16:00:00,155.3,155.67,155.07,155.43,1582.0,11,0.0
2025-06-26 17:00:00,155.42,156.13,155.26,155.89,1411.0,11,0.0
2025-06-26 18:00:00,155.88,156.43,155.61,155.78,1405.0,11,0.0
2025-06-26 19:00:00,155.78,155.89,155.11,155.26,1043.0,11,0.0
2025-06-27 10:00:00,155.65,155.67,155.45,155.6,357.0,44,0.0
2025-06-27 11:00:00,155.6,156.25,155.55,156.24,572.0,28,0.0
2025-06-27 12:00:00,156.24,156.32,155.46,155.68,710.0,28,0.0
2025-06-27 13:00:00,155.73,156.73,155.21,156.08,2680.0,11,0.0
2025-06-27 14:00:00,156.1,157.6,156.0,157.1,3828.0,11,0.0
2025-06-27 15:00:00,157.12,158.65,156.75,158.16,2733.0,11,0.0
2025-06-27 16:00:00,158.18,158.29,156.91,157.32,2414.0,11,0.0
2025-06-27 17:00:00,157.3,157.74,156.46,156.99,2556.0,11,0.0
2025-06-27 18:00:00,156.99,157.29,155.41,155.57,3441.0,11,0.0
2025-06-27 19:00:00,155.56,157.36,155.49,157.35,1865.0,11,0.0
2025-06-30 10:00:00,158.48,158.77,158.44,158.48,387.0,44,0.0
2025-06-30 11:00:00,158.41,158.62,158.17,158.22,588.0,28,0.0
2025-06-30 12:00:00,158.2,158.44,158.13,158.26,468.0,28,0.0
2025-06-30 13:00:00,158.26,158.74,155.92,156.57,3396.0,11,0.0
2025-06-30 14:00:00,156.56,157.44,156.48,157.36,3056.0,11,0.0
2025-06-30 15:00:00,157.38,158.2,156.71,158.02,2057.0,11,0.0
2025-06-30 16:00:00,158.0,158.05,157.52,157.94,1603.0,11,0.0
2025-06-30 17:00:00,157.94,158.11,157.54,157.78,1534.0,11,0.0
2025-06-30 18:00:00,157.77,157.97,156.79,157.69,1777.0,11,0.0
2025-06-30 19:00:00,157.68,158.18,157.62,158.04,1138.0,11,0.0
2025-07-01 10:00:00,156.54,156.7,156.38,156.49,343.0,44,0.0
2025-07-01 11:00:00,156.49,156.74,156.29,156.46,498.0,28,0.0
2025-07-01 12:00:00,156.46,156.63,155.58,156.2,883.0,28,0.0
2025-07-01 13:00:00,156.2,156.96,155.71,155.99,2510.0,11,0.0
2025-07-01 14:00:00,155.96,156.24,152.79,153.07,5028.0,11,0.0
2025-07-01 15:00:00,153.05,153.41,151.45,152.75,4508.0,11,0.0
2025-07-01 16:00:00,152.77,154.72,152.32,154.31,2728.0,11,0.0
2025-07-01 17:00:00,154.31,154.92,153.95,154.49,2326.0,11,0.0
2025-07-01 18:00:00,154.5,154.66,153.43,153.53,1744.0,11,0.0
2025-07-01 19:00:00,153.51,153.77,152.86,153.44,2051.0,11,0.0
2025-07-02 10:00:00,152.9,152.97,151.98,152.25,498.0,44,0.0
2025-07-02 11:00:00,152.36,152.41,151.88,152.07,685.0,44,0.0
2025-07-02 12:00:00,152.07,152.07,150.97,151.3,1060.0,28,0.0
2025-07-02 13:00:00,151.3,155.15,151.28,154.27,3616.0,11,0.0
2025-07-02 14:00:00,154.28,157.38,154.24,157.05,3923.0,11,0.0
2025-07-02 15:00:00,157.05,157.54,156.02,156.6,2892.0,11,0.0
2025-07-02 16:00:00,156.62,157.51,156.49,157.18,2177.0,11,0.0
2025-07-02 17:00:00,157.16,157.41,156.86,157.11,1567.0,11,0.0
2025-07-02 18:00:00,157.11,157.13,156.61,156.63,1553.0,11,0.0
2025-07-02 19:00:00,156.64,157.13,156.46,157.07,1285.0,11,0.0
2025-07-03 10:00:00,156.57,156.89,156.36,156.81,467.0,44,0.0
2025-07-03 11:00:00,156.88,157.03,156.72,156.96,490.0,44,0.0
2025-07-03 12:00:00,156.94,158.05,156.84,157.82,984.0,28,0.0
2025-07-03 13:00:00,157.8,158.79,157.72,158.74,2806.0,11,0.0
2025-07-03 14:00:00,158.76,160.91,158.71,159.67,4386.0,11,0.0
2025-07-03 15:00:00,159.68,159.91,159.13,159.33,2502.0,11,0.0
2025-07-03 16:00:00,159.35,159.64,158.53,159.29,2255.0,11,0.0
2025-07-07 10:00:00,158.0,158.34,157.89,157.97,475.0,44,0.0
2025-07-07 11:00:00,157.98,158.21,157.68,158.13,485.0,28,0.0
2025-07-07 12:00:00,158.14,158.17,157.53,157.64,642.0,28,0.0
2025-07-07 13:00:00,157.64,159.24,157.58,158.45,2776.0,11,0.0
2025-07-07 14:00:00,158.43,158.78,157.29,157.64,3259.0,11,0.0
2025-07-07 15:00:00,157.62,158.28,157.46,158.19,2447.0,11,0.0
2025-07-07 16:00:00,158.17,158.63,157.65,158.13,3059.0,11,0.0
2025-07-07 17:00:00,158.11,158.7,158.09,158.23,2056.0,11,0.0
2025-07-07 18:00:00,158.23,158.57,157.69,158.38,1965.0,11,0.0
2025-07-07 19:00:00,158.36,158.48,158.09,158.17,1149.0,11,0.0
2025-07-08 10:00:00,159.12,159.53,158.98,159.37,359.0,44,0.0
2025-07-08 11:00:00,159.33,159.39,159.16,159.19,511.0,44,0.0
2025-07-08 12:00:00,159.17,159.34,159.02,159.18,470.0,28,0.0
2025-07-08 13:00:00,159.18,159.5,158.34,158.76,2351.0,11,0.0
2025-07-08 14:00:00,158.78,159.48,158.54,159.08,3047.0,11,0.0
2025-07-08 15:00:00,159.09,159.23,158.79,159.09,1847.0,11,0.0
2025-07-08 16:00:00,159.08,159.81,159.04,159.5,1878.0,11,0.0
2025-07-08 17:00:00,159.52,159.98,159.26,159.9,1467.0,11,0.0
2025-07-08 18:00:00,159.86,160.16,159.21,159.62,1538.0,11,0.0
2025-07-08 19:00:00,159.62,160.01,159.31,159.75,1059.0,11,0.0
2025-07-09 10:00:00,159.94,160.09,159.8,159.92,411.0,44,0.0
2025-07-09 11:00:00,159.93,160.58,159.93,160.54,429.0,28,0.0
2025-07-09 12:00:00,160.54,160.97,160.41,160.73,547.0,28,0.0
2025-07-09 13:00:00,160.64,164.35,160.64,164.14,3237.0,11,0.0
2025-07-09 14:00:00,164.12,164.26,162.39,163.06,4429.0,11,0.0
2025-07-09 15:00:00,163.04,163.39,162.77,163.17,2342.0,11,0.0
2025-07-09 16:00:00,163.18,163.32,162.85,163.06,1565.0,11,0.0
2025-07-09 17:00:00,163.05,163.23,162.44,162.64,2148.0,11,0.0
2025-07-09 18:00:00,162.64,162.98,162.46,162.82,1383.0,11,0.0
2025-07-09 19:00:00,162.82,163.15,162.66,162.71,1027.0,11,0.0
2025-07-10 10:00:00,163.4,163.84,163.4,163.68,467.0,44,0.0
2025-07-10 11:00:00,163.65,164.35,163.6,164.25,493.0,28,0.0
2025-07-10 12:00:00,164.23,164.42,164.11,164.19,557.0,28,0.0
2025-07-10 13:00:00,164.2,164.56,162.25,162.86,2609.0,11,0.0
2025-07-10 14:00:00,162.87,162.93,161.85,162.41,4037.0,11,0.0
2025-07-10 15:00:00,162.38,163.19,161.57,162.97,2463.0,11,0.0
2025-07-10 16:00:00,162.96,163.48,162.52,163.18,1630.0,11,0.0
2025-07-10 17:00:00,163.16,164.12,163.15,163.98,1449.0,11,0.0
2025-07-10 18:00:00,163.98,164.43,163.59,163.71,1542.0,11,0.0
2025-07-10 19:00:00,163.7,164.26,163.67,164.11,1194.0,11,0.0
2025-07-11 10:00:00,162.36,162.69,162.27,162.66,387.0,44,0.0
2025-07-11 11:00:00,162.72,163.17,162.7,163.11,527.0,28,0.0
2025-07-11 12:00:00,163.11,163.2,162.78,162.95,534.0,28,0.0
2025-07-11 13:00:00,162.94,166.54,162.79,166.11,3197.0,11,0.0
2025-07-11 14:00:00,166.08,167.82,165.67,166.96,4164.0,11,0.0
2025-07-11 15:00:00,166.94,167.06,166.06,166.26,2908.0,11,0.0
2025-07-11 16:00:00,166.26,166.63,165.88,166.21,2037.0,11,0.0
2025-07-11 17:00:00,166.21,166.48,165.6,166.06,1572.0,11,0.0
2025-07-11 18:00:00,166.05,166.11,165.3,165.33,1566.0,11,0.0
2025-07-11 19:00:00,165.34,165.38,164.79,164.95,1531.0,11,0.0
2025-07-14 10:00:00,165.57,165.7,164.66,164.74,592.0,44,0.0
2025-07-14 11:00:00,164.75,165.08,164.62,164.66,597.0,44,0.0
2025-07-14 12:00:00,164.64,165.49,164.33,165.19,672.0,44,0.0
2025-07-14 13:00:00,165.19,165.6,161.97,163.09,3533.0,11,0.0
2025-07-14 14:00:00,163.11,164.25,163.05,164.22,3184.0,11,0.0
2025-07-14 15:00:00,164.23,165.22,164.17,165.09,2773.0,11,0.0
2025-07-14 16:00:00,165.09,165.12,164.52,164.96,1536.0,11,0.0
2025-07-14 17:00:00,164.98,165.3,164.74,164.77,1142.0,11,0.0
2025-07-14 18:00:00,164.77,165.01,164.45,164.85,1067.0,11,0.0
2025-07-14 19:00:00,164.85,164.88,163.96,164.33,1024.0,11,0.0
2025-07-15 10:00:00,172.16,172.17,171.34,171.55,890.0,44,0.0
2025-07-15 11:00:00,171.55,171.65,170.71,171.3,971.0,28,0.0
2025-07-15 12:00:00,171.3,172.17,170.82,172.07,1124.0,28,0.0
2025-07-15 13:00:00,172.08,172.11,169.15,169.54,6403.0,11,0.0
2025-07-15 14:00:00,169.57,172.34,169.42,170.95,5626.0,11,0.0
2025-07-15 15:00:00,170.97,171.49,170.63,171.2,3284.0,11,0.0
2025-07-15 16:00:00,171.2,171.54,170.32,170.6,2140.0,11,0.0
2025-07-15 17:00:00,170.58,170.94,170.21,170.87,2244.0,11,0.0
2025-07-15 18:00:00,170.89,171.05,170.19,170.23,1888.0,11,0.0
2025-07-15 19:00:00,170.21,170.59,169.88,170.55,1470.0,11,0.0
2025-07-16 10:00:00,169.39,170.23,169.22,170.13,546.0,44,0.0
2025-07-16 11:00:00,170.12,170.66,170.0,170.62,638.0,44,0.0
2025-07-16 12:00:00,170.62,171.26,170.51,171.03,850.0,28,0.0
2025-07-16 13:00:00,171.03,171.5,169.88,170.15,3120.0,11,0.0
2025-07-16 14:00:00,170.13,170.57,169.24,169.75,4153.0,11,0.0
2025-07-16 15:00:00,169.76,170.59,168.85,170.24,5688.0,11,0.0
2025-07-16 16:00:00,170.23,171.13,170.05,171.05,2536.0,11,0.0
2025-07-16 17:00:00,171.05,171.36,170.57,170.74,1578.0,11,0.0
2025-07-16 18:00:00,170.74,171.09,170.59,170.99,1297.0,11,0.0
2025-07-16 19:00:00,170.97,171.38,170.62,171.18,984.0,11,0.0
2025-07-17 10:00:00,172.42,172.65,172.21,172.21,467.0,44,0.0
2025-07-17 11:00:00,172.21,172.42,171.95,172.38,609.0,28,0.0
2025-07-17 12:00:00,172.38,172.57,172.24,172.54,714.0,28,0.0
2025-07-17 13:00:00,172.54,173.38,170.65,173.09,2971.0,11,0.0
2025-07-17 14:00:00,173.11,173.58,172.48,172.76,3644.0,11,0.0
2025-07-17 15:00:00,172.74,173.49,172.72,173.32,2021.0,11,0.0
2025-07-17 16:00:00,173.32,174.09,173.22,173.55,2042.0,11,0.0
2025-07-17 17:00:00,173.55,173.92,173.03,173.26,1614.0,11,0.0
2025-07-17 18:00:00,173.28,173.63,173.05,173.41,1385.0,11,0.0
2025-07-17 19:00:00,173.42,173.57,173.11,173.17,1018.0,11,0.0
2025-07-18 10:00:00,173.6,173.71,173.43,173.57,332.0,44,0.0
2025-07-18 11:00:00,173.58,173.79,173.42,173.63,407.0,28,0.0
2025-07-18 12:00:00,173.64,173.72,173.37,173.44,408.0,28,0.0
2025-07-18 13:00:00,173.44,174.03,173.06,173.35,2588.0,11,0.0
2025-07-18 14:00:00,173.48,173.53,171.75,171.79,3916.0,11,0.0
2025-07-18 15:00:00,171.77,172.52,171.22,172.44,2300.0,11,0.0
2025-07-18 16:00:00,172.43,172.5,171.76,172.15,1780.0,11,0.0
2025-07-18 17:00:00,172.14,172.68,171.95,172.34,1449.0,11,0.0
2025-07-18 18:00:00,172.35,172.43,171.93,171.93,1126.0,11,0.0
2025-07-18 19:00:00,171.94,172.21,171.77,171.96,882.0,11,0.0
2025-07-21 10:00:00,172.41,172.87,172.28,172.62,381.0,44,0.0
2025-07-21 11:00:00,172.59,172.68,172.18,172.25,440.0,44,0.0
2025-07-21 12:00:00,172.24,172.61,172.18,172.27,538.0,44,0.0
2025-07-21 13:00:00,172.26,173.14,171.47,172.38,2384.0,11,0.0
2025-07-21 14:00:00,172.38,173.11,172.04,172.84,2592.0,11,0.0
2025-07-21 15:00:00,172.85,172.97,172.18,172.3,1433.0,11,0.0
2025-07-21 16:00:00,172.3,172.43,171.41,172.29,1525.0,11,0.0
2025-07-21 17:00:00,172.29,172.7,172.15,172.59,932.0,11,0.0
2025-07-21 18:00:00,172.59,172.75,172.13,172.24,956.0,11,0.0
2025-07-21 19:00:00,172.24,172.3,171.66,171.7,1100.0,11,0.0
2025-07-22 10:00:00,169.22,169.8,169.19,169.75,538.0,44,0.0
2025-07-22 11:00:00,169.76,170.26,169.58,170.13,667.0,44,0.0
2025-07-22 12:00:00,170.12,170.74,170.04,170.6,710.0,44,0.0
2025-07-22 13:00:00,170.58,171.08,164.54,165.57,6396.0,11,0.0
2025-07-22 14:00:00,165.54,167.8,165.33,167.7,5775.0,11,0.0
2025-07-22 15:00:00,167.72,168.57,167.58,168.1,2830.0,11,0.0
2025-07-22 16:00:00,168.12,168.38,167.3,167.7,2344.0,11,0.0
2025-07-22 17:00:00,167.68,168.36,167.68,168.07,1536.0,11,0.0
2025-07-22 18:00:00,168.06,168.1,167.32,168.04,1499.0,11,0.0
2025-07-22 19:00:00,167.99,168.08,167.49,167.56,994.0,11,0.0
2025-07-23 10:00:00,168.1,168.65,168.04,168.22,479.0,44,0.0
2025-07-23 11:00:00,168.26,168.76,167.88,168.68,711.0,44,0.0
2025-07-23 12:00:00,168.69,169.06,168.61,168.67,829.0,28,0.0
2025-07-23 13:00:00,168.67,170.32,168.18,168.3,3362.0,11,0.0
2025-07-23 14:00:00,168.28,169.36,167.92,169.31,3854.0,11,0.0
2025-07-23 15:00:00,169.32,169.82,168.91,169.5,2662.0,11,0.0
2025-07-23 16:00:00,169.41,169.5,168.48,169.06,2130.0,11,0.0
2025-07-23 17:00:00,169.08,169.75,168.79,169.69,1525.0,11,0.0
2025-07-23 18:00:00,169.71,171.2,169.71,170.76,2127.0,11,0.0
2025-07-23 19:00:00,170.77,171.0,170.28,170.32,1255.0,11,0.0
2025-07-24 10:00:00,172.39,172.5,172.28,172.39,302.0,67,0.0
2025-07-24 11:00:00,172.39,172.74,171.86,172.45,531.0,44,0.0
2025-07-24 12:00:00,172.4,172.55,171.81,172.12,748.0,44,0.0
2025-07-24 13:00:00,172.12,173.29,171.5,172.27,2737.0,11,0.0
2025-07-24 14:00:00,172.25,172.92,171.26,172.83,3319.0,11,0.0
2025-07-24 15:00:00,172.85,173.14,172.36,172.69,2159.0,11,0.0
2025-07-24 16:00:00,172.67,173.27,172.36,173.12,1777.0,11,0.0
2025-07-24 17:00:00,173.1,173.62,172.99,173.2,1359.0,11,0.0
2025-07-24 18:00:00,173.2,173.77,173.17,173.56,1431.0,11,0.0
2025-07-24 19:00:00,173.55,173.7,173.37,173.44,882.0,11,0.0
2025-07-25 10:00:00,173.18,173.28,173.07,173.2,278.0,44,0.0
2025-07-25 11:00:00,173.19,173.25,172.91,172.96,403.0,44,0.0
2025-07-25 12:00:00,172.97,173.09,172.73,172.94,438.0,28,0.0
2025-07-25 13:00:00,172.94,174.48,172.76,174.23,2379.0,11,0.0
2025-07-25 14:00:00,174.25,174.66,173.74,173.99,2767.0,11,0.0
2025-07-25 15:00:00,174.0,174.12,173.59,173.96,1705.0,11,0.0
2025-07-25 16:00:00,173.95,174.45,173.93,174.14,1200.0,11,0.0
2025-07-25 17:00:00,174.14,174.14,173.26,173.38,1089.0,11,0.0
2025-07-25 18:00:00,173.38,173.84,172.97,173.58,1274.0,11,0.0
2025-07-25 19:00:00,173.59,174.0,173.58,173.61,825.0,11,0.0
2025-07-28 10:00:00,174.28,174.45,174.16,174.25,375.0,44,0.0
2025-07-28 11:00:00,174.24,174.5,174.14,174.34,446.0,28,0.0
2025-07-28 12:00:00,174.34,174.56,174.28,174.49,398.0,28,0.0
2025-07-28 13:00:00,174.49,175.39,173.78,175.39,2577.0,11,0.0
2025-07-28 14:00:00,175.37,175.5,174.52,174.95,2814.0,11,0.0
2025-07-28 15:00:00,174.95,175.13,174.21,174.9,1783.0,11,0.0
2025-07-28 16:00:00,174.91,175.08,174.63,174.83,1153.0,11,0.0
2025-07-28 17:00:00,174.84,175.63,174.79,175.46,1186.0,11,0.0
2025-07-28 18:00:00,175.44,175.86,175.16,175.79,1103.0,11,0.0
2025-07-28 19:00:00,175.78,176.21,175.7,175.94,938.0,11,0.0
2025-07-29 10:00:00,179.15,179.35,178.78,179.09,559.0,44,0.0
2025-07-29 11:00:00,179.09,179.29,178.69,178.95,720.0,44,0.0
2025-07-29 12:00:00,178.96,179.21,178.66,178.86,726.0,28,0.0
2025-07-29 13:00:00,178.86,179.31,177.46,179.27,2750.0,11,0.0
2025-07-29 14:00:00,179.26,179.28,177.13,177.43,3550.0,11,0.0
2025-07-29 15:00:00,177.41,177.61,175.12,176.45,4015.0,11,0.0
2025-07-29 16:00:00,176.46,176.67,175.78,176.42,2464.0,11,0.0
2025-07-29 17:00:00,176.42,176.6,175.75,176.29,1714.0,11,0.0
2025-07-29 18:00:00,176.29,176.56,175.93,176.06,1408.0,11,0.0
2025-07-29 19:00:00,176.05,176.44,175.4,175.73,1363.0,11,0.0
2025-07-30 10:00:00,176.15,176.34,175.04,175.88,435.0,44,0.0
2025-07-30 11:00:00,175.82,176.65,175.82,176.48,626.0,44,0.0
2025-07-30 12:00:00,176.47,176.65,176.12,176.6,678.0,44,0.0
2025-07-30 13:00:00,176.6,178.06,175.85,177.59,2759.0,11,0.0
2025-07-30 14:00:00,177.61,179.22,177.57,178.82,3129.0,11,0.0
